Edge Name,partner1,partner2
Tcea1_B4<==>Hk2_T7,Tcea1_B4,Hk2_T7
Pcmtd1_B4<==>Hnrnpdl_M3,Pcmtd1_B4,Hnrnpdl_M3
Pcmtd1_B4<==>Asah1_M0,Pcmtd1_B4,Asah1_M0
Pcmtd1_B4<==>Sypl_B4,Pcmtd1_B4,Sypl_B4
Tram1_B3<==>Rpl37a_M2,Tram1_B3,Rpl37a_M2
Tram1_B3<==>Sec61b_B3,Tram1_B3,Sec61b_B3
Tram1_B3<==>Rpl29_B3,Tram1_B3,Rpl29_B3
Tram1_B3<==>Rps15_B3,Tram1_B3,Rps15_B3
Tram1_B3<==>Rtn4_M3,Tram1_B3,Rtn4_M3
Tram1_B3<==>Ift20_B3,Tram1_B3,Ift20_B3
Tram1_B3<==>Prkar1a_M3,Tram1_B3,Prkar1a_M3
Tram1_B3<==>Calm1_B1,Tram1_B3,Calm1_B1
Tram1_B3<==>Hsp90aa1_B0,Tram1_B3,Hsp90aa1_B0
Tram1_B3<==>Eif5_B3,Tram1_B3,Eif5_B3
Rpl7_M3<==>Rpl7a_M3,Rpl7_M3,Rpl7a_M3
Rpl7_M3<==>B2m_M2,Rpl7_M3,B2m_M2
Rpl7_M3<==>Rps6_M3,Rpl7_M3,Rps6_M3
Rpl7_M3<==>Rpl11_B1,Rpl7_M3,Rpl11_B1
Rpl7_M3<==>Rpl11_M3,Rpl7_M3,Rpl11_M3
Rpl7_M3<==>Rbpj_M0,Rpl7_M3,Rbpj_M0
Rpl7_M3<==>Foxp1_B2,Rpl7_M3,Foxp1_B2
Rpl7_M3<==>Rpl32_M3,Rpl7_M3,Rpl32_M3
Rpl7_M3<==>Rps5_M3,Rpl7_M3,Rps5_M3
Rpl7_M3<==>Rps11_M3,Rpl7_M3,Rps11_M3
Rpl7_M3<==>Rpl13a_M3,Rpl7_M3,Rpl13a_M3
Rpl7_M3<==>Rpl27a_M3,Rpl7_M3,Rpl27a_M3
Rpl7_M3<==>Rpl13_M0,Rpl7_M3,Rpl13_M0
Rpl7_M3<==>Rpl13_M3,Rpl7_M3,Rpl13_M3
Rpl7_M3<==>Eef1a1_M3,Rpl7_M3,Eef1a1_M3
Rpl7_M3<==>Rpl26_M3,Rpl7_M3,Rpl26_M3
Rpl7_M3<==>Hnrnpa0_M5,Rpl7_M3,Hnrnpa0_M5
Rpl7_M3<==>Rps18_M3,Rpl7_M3,Rps18_M3
Rpl7_M3<==>Cox7a2l_M3,Rpl7_M3,Cox7a2l_M3
Rpl7_M3<==>Rps14_M3,Rpl7_M3,Rps14_M3
Rpl7_M3<==>Rps4x_M3,Rpl7_M3,Rps4x_M3
Rpl7_M4<==>Snx5_M4,Rpl7_M4,Snx5_M4
Rpl7_M4<==>Gng5_M2,Rpl7_M4,Gng5_M2
Rpl7_M4<==>Rpl9_M4,Rpl7_M4,Rpl9_M4
Rpl7_M4<==>Alox5ap_M4,Rpl7_M4,Alox5ap_M4
Rpl7_M4<==>Rps13_M4,Rpl7_M4,Rps13_M4
Rpl7_M4<==>Vdac3_M4,Rpl7_M4,Vdac3_M4
Rpl7_M4<==>Eef1a1_M1,Rpl7_M4,Eef1a1_M1
Rpl7_M4<==>Lrg1_M2,Rpl7_M4,Lrg1_M2
Rpl7_M4<==>Avpi1_T4,Rpl7_M4,Avpi1_T4
Rpl7_T1<==>Rps9_T1,Rpl7_T1,Rps9_T1
Rpl7_T1<==>Rpl18_T2,Rpl7_T1,Rpl18_T2
Rpl7_T2<==>Gas5_M3,Rpl7_T2,Gas5_M3
Rpl7_T2<==>Ighv8-8_B3,Rpl7_T2,Ighv8-8_B3
Rpl7_T5<==>Canx_M3,Rpl7_T5,Canx_M3
Rpl7_T5<==>Rps2_B4,Rpl7_T5,Rps2_B4
Eloc_M3<==>Olfm1_M4,Eloc_M3,Olfm1_M4
Eloc_M3<==>Tmsb10_M0,Eloc_M3,Tmsb10_M0
Eloc_M3<==>Ptms_M3,Eloc_M3,Ptms_M3
Eloc_M3<==>Ddx6_M1,Eloc_M3,Ddx6_M1
Eloc_M3<==>Vmp1_M5,Eloc_M3,Vmp1_M5
Eloc_M3<==>Psmb8_B3,Eloc_M3,Psmb8_B3
Tram2_B3<==>Canx_B3,Tram2_B3,Canx_B3
Tram2_B3<==>Ms4a4c_M0,Tram2_B3,Ms4a4c_M0
Ptpn18_B1<==>Mrpl33_M3,Ptpn18_B1,Mrpl33_M3
Ptpn18_B1<==>Arpc4_B4,Ptpn18_B1,Arpc4_B4
Ptpn18_B1<==>Eif4g2_T1,Ptpn18_B1,Eif4g2_T1
Ptpn18_B5<==>Ctsd_M5,Ptpn18_B5,Ctsd_M5
Ptpn18_B5<==>Ndufa13_B1,Ptpn18_B5,Ndufa13_B1
Ptpn18_B5<==>Gnai2_M3,Ptpn18_B5,Gnai2_M3
Ptpn18_B5<==>Tmsb4x_T6,Ptpn18_B5,Tmsb4x_T6
Ptpn18_M0<==>Ctsc_M1,Ptpn18_M0,Ctsc_M1
Ptpn18_M0<==>Actg1_T4,Ptpn18_M0,Actg1_T4
Ptpn18_M0<==>Hsp90aa1_T1,Ptpn18_M0,Hsp90aa1_T1
Ptpn18_M0<==>Ighd_B2,Ptpn18_M0,Ighd_B2
Ptpn18_M0<==>Gpr183_M3,Ptpn18_M0,Gpr183_M3
Ptpn18_M1<==>Il1r2_M3,Ptpn18_M1,Il1r2_M3
Ptpn18_M1<==>Anp32b_M3,Ptpn18_M1,Anp32b_M3
Ptpn18_M1<==>Arhgdib_T4,Ptpn18_M1,Arhgdib_T4
Ptpn18_M1<==>Pdcd5_M3,Ptpn18_M1,Pdcd5_M3
Ptpn18_M1<==>Ifi30_B1,Ptpn18_M1,Ifi30_B1
Ptpn18_M1<==>Gnai2_M0,Ptpn18_M1,Gnai2_M0
Ptpn18_M1<==>Havcr2_M3,Ptpn18_M1,Havcr2_M3
Ptpn18_M1<==>Rnase6_M4,Ptpn18_M1,Rnase6_M4
Ptpn18_M1<==>H2-DMa_M0,Ptpn18_M1,H2-DMa_M0
Ptpn18_M1<==>AW112010_M0,Ptpn18_M1,AW112010_M0
Ptpn18_M1<==>Ndufb11_M1,Ptpn18_M1,Ndufb11_M1
Ptpn18_M3<==>Stat1_M1,Ptpn18_M3,Stat1_M1
Ptpn18_M3<==>Sdf4_T2,Ptpn18_M3,Sdf4_T2
Ptpn18_M3<==>Etfb_T5,Ptpn18_M3,Etfb_T5
Ptpn18_M3<==>Psme2_M1,Ptpn18_M3,Psme2_M1
Ptpn18_M4<==>Pfn1_T3,Ptpn18_M4,Pfn1_T3
Ptpn18_M4<==>Ckb_T4,Ptpn18_M4,Ckb_T4
Ptpn18_M4<==>Csf2rb_M4,Ptpn18_M4,Csf2rb_M4
Ptpn18_M4<==>Nars_M4,Ptpn18_M4,Nars_M4
Ptpn18_T1<==>Ptpn18_T2,Ptpn18_T1,Ptpn18_T2
Ptpn18_T1<==>Creg1_M1,Ptpn18_T1,Creg1_M1
Ptpn18_T1<==>Pxn_M1,Ptpn18_T1,Pxn_M1
Ptpn18_T1<==>Igkv15-103_B3,Ptpn18_T1,Igkv15-103_B3
Ptpn18_T1<==>Plbd1_M1,Ptpn18_T1,Plbd1_M1
Ptpn18_T1<==>Vasp_M3,Ptpn18_T1,Vasp_M3
Ptpn18_T1<==>Pld4_M4,Ptpn18_T1,Pld4_M4
Ptpn18_T1<==>Cfl1_T4,Ptpn18_T1,Cfl1_T4
Ptpn18_T1<==>Cox8a_T4,Ptpn18_T1,Cox8a_T4
Ptpn18_T2<==>Tle5_M3,Ptpn18_T2,Tle5_M3
Ptpn18_T3<==>Igkv15-103_B1,Ptpn18_T3,Igkv15-103_B1
Ptpn18_T3<==>Igkv5-39_B3,Ptpn18_T3,Igkv5-39_B3
Ptpn18_T4<==>Sp110_M4,Ptpn18_T4,Sp110_M4
Ptpn18_T4<==>Scand1_B1,Ptpn18_T4,Scand1_B1
Ptpn18_T4<==>Scand1_M0,Ptpn18_T4,Scand1_M0
Ptpn18_T4<==>Rpl22l1_T4,Ptpn18_T4,Rpl22l1_T4
Ptpn18_T4<==>Rps3a1_M0,Ptpn18_T4,Rps3a1_M0
Ptpn18_T4<==>Sh3bgrl3_T4,Ptpn18_T4,Sh3bgrl3_T4
Ptpn18_T4<==>Igkv5-48_B1,Ptpn18_T4,Igkv5-48_B1
Ptpn18_T4<==>Saraf_T5,Ptpn18_T4,Saraf_T5
Ptpn18_T4<==>Irf8_B4,Ptpn18_T4,Irf8_B4
Ptpn18_T4<==>Rplp1_B2,Ptpn18_T4,Rplp1_B2
Ptpn18_T4<==>Rpl29_M0,Ptpn18_T4,Rpl29_M0
Ptpn18_T4<==>Srsf1_B4,Ptpn18_T4,Srsf1_B4
Ptpn18_T4<==>Btf3_T4,Ptpn18_T4,Btf3_T4
Ptpn18_T4<==>Selenok_T2,Ptpn18_T4,Selenok_T2
Ptpn18_T4<==>Eif3h_B1,Ptpn18_T4,Eif3h_B1
Ptpn18_T4<==>Tspo_T4,Ptpn18_T4,Tspo_T4
Ptpn18_T4<==>Rps2_B2,Ptpn18_T4,Rps2_B2
Ptpn18_T4<==>Rps2_M4,Ptpn18_T4,Rps2_M4
Ptpn18_T4<==>Atp5a1_M0,Ptpn18_T4,Atp5a1_M0
Ptpn18_T4<==>Rpl10_B1,Ptpn18_T4,Rpl10_B1
Ptpn18_T5<==>Ptpn1_M3,Ptpn18_T5,Ptpn1_M3
Ptpn18_T5<==>Ndufc2_M0,Ptpn18_T5,Ndufc2_M0
Ptpn18_T5<==>Tubb5_B4,Ptpn18_T5,Tubb5_B4
Ptpn18_T5<==>H2-T23_M7,Ptpn18_T5,H2-T23_M7
Neurl3_B0<==>Rpl6_T2,Neurl3_B0,Rpl6_T2
Neurl3_B0<==>Emb_T5,Neurl3_B0,Emb_T5
Neurl3_M3<==>Ramp3_T7,Neurl3_M3,Ramp3_T7
Neurl3_M3<==>Foxn3_M3,Neurl3_M3,Foxn3_M3
Neurl3_M3<==>Rps2_B3,Neurl3_M3,Rps2_B3
Neurl3_M5<==>H2-D1_M1,Neurl3_M5,H2-D1_M1
Cox5b_M0<==>Psma7_M0,Cox5b_M0,Psma7_M0
Cox5b_M0<==>Rps3a1_M0,Cox5b_M0,Rps3a1_M0
Cox5b_M0<==>Fis1_M0,Cox5b_M0,Fis1_M0
Cox5b_M0<==>Rhoa_M0,Cox5b_M0,Rhoa_M0
Cox5b_M0<==>Tpt1_B5,Cox5b_M0,Tpt1_B5
Cox5b_M0<==>Cox8a_M0,Cox5b_M0,Cox8a_M0
Cox5b_M0<==>Msn_M0,Cox5b_M0,Msn_M0
Cox5b_M1<==>Etv3_M1,Cox5b_M1,Etv3_M1
Cox5b_M1<==>S100a11_M1,Cox5b_M1,S100a11_M1
Cox5b_M1<==>Sri_M1,Cox5b_M1,Sri_M1
Cox5b_M1<==>Cltc_M1,Cox5b_M1,Cltc_M1
Cox5b_M1<==>Msrb1_M1,Cox5b_M1,Msrb1_M1
Cox5b_M1<==>Ostf1_M1,Cox5b_M1,Ostf1_M1
Cox5b_M1<==>mt-Nd2_T2,Cox5b_M1,mt-Nd2_T2
Cox5b_M3<==>Il1r2_M3,Cox5b_M3,Il1r2_M3
Cox5b_M3<==>Psmb2_M3,Cox5b_M3,Psmb2_M3
Cox5b_M3<==>Gnb2_M3,Cox5b_M3,Gnb2_M3
Cox5b_M3<==>Ifi30_B1,Cox5b_M3,Ifi30_B1
Cox5b_M3<==>Pfn1_T2,Cox5b_M3,Pfn1_T2
Cox5b_M3<==>Pfn1_T3,Cox5b_M3,Pfn1_T3
Cox5b_M3<==>Selenop_T4,Cox5b_M3,Selenop_T4
Cox5b_M3<==>Azin1_B3,Cox5b_M3,Azin1_B3
Cox5b_M3<==>Zbtb20_B1,Cox5b_M3,Zbtb20_B1
Cox5b_M4<==>Vim_M1,Cox5b_M4,Vim_M1
Cox5b_M4<==>Rgs10_T6,Cox5b_M4,Rgs10_T6
Cox5b_M4<==>Selenok_T7,Cox5b_M4,Selenok_T7
Cox5b_M4<==>Ly6e_M4,Cox5b_M4,Ly6e_M4
Cox5b_T4<==>Scand1_B1,Cox5b_T4,Scand1_B1
Cox5b_T4<==>Rps3a1_M0,Cox5b_T4,Rps3a1_M0
Cox5b_T4<==>Chchd2_M3,Cox5b_T4,Chchd2_M3
Cox5b_T4<==>Gapdh_M0,Cox5b_T4,Gapdh_M0
Cox5b_T4<==>Bst2_B3,Cox5b_T4,Bst2_B3
Cox5b_T4<==>Rplp1_B2,Cox5b_T4,Rplp1_B2
Cox5b_T4<==>Gnai2_M0,Cox5b_T4,Gnai2_M0
Cox5b_T4<==>Pfn1_M0,Cox5b_T4,Pfn1_M0
Cox5b_T4<==>Igha_M0,Cox5b_T4,Igha_M0
Tmem131_M4<==>Cytip_M4,Tmem131_M4,Cytip_M4
Tmem131_M4<==>Bcl2a1d_M3,Tmem131_M4,Bcl2a1d_M3
Tmem131_M4<==>Csf2rb_M4,Tmem131_M4,Csf2rb_M4
Tmem131_M4<==>Runx1_M4,Tmem131_M4,Runx1_M4
Tmem131_M4<==>Satb1_M5,Tmem131_M4,Satb1_M5
Tmem131_M5<==>Rpl12_B0,Tmem131_M5,Rpl12_B0
Tmem131_M5<==>Itgb1_M5,Tmem131_M5,Itgb1_M5
Tmem131_M5<==>Ighv2-9-1_B3,Tmem131_M5,Ighv2-9-1_B3
Tmem131_M5<==>Psme1_B4,Tmem131_M5,Psme1_B4
Tmem131_M5<==>Rpl17_T5,Tmem131_M5,Rpl17_T5
Coa5_M4<==>Igkv1-117_B3,Coa5_M4,Igkv1-117_B3
Coa5_M4<==>Tnfrsf17_B3,Coa5_M4,Tnfrsf17_B3
Eif5b_B5<==>Hspa5_M1,Eif5b_B5,Hspa5_M1
Eif5b_B5<==>Eif2s2_T1,Eif5b_B5,Eif2s2_T1
Eif5b_B5<==>Selplg_M4,Eif5b_B5,Selplg_M4
Eif5b_B5<==>Pomp_B4,Eif5b_B5,Pomp_B4
Eif5b_B5<==>Ubfd1_M4,Eif5b_B5,Ubfd1_M4
Eif5b_B5<==>Cd3g_T4,Eif5b_B5,Cd3g_T4
Eif5b_B5<==>Ddx21_B1,Eif5b_B5,Ddx21_B1
Eif5b_B5<==>Slfn1_M2,Eif5b_B5,Slfn1_M2
Eif5b_B5<==>Ifrd1_O10,Eif5b_B5,Ifrd1_O10
Eif5b_B5<==>Ighv9-3_B1,Eif5b_B5,Ighv9-3_B1
Eif5b_B5<==>Ighv1-74_B2,Eif5b_B5,Ighv1-74_B2
Eif5b_B5<==>Cox7c_B5,Eif5b_B5,Cox7c_B5
Eif5b_B5<==>Ago2_M3,Eif5b_B5,Ago2_M3
Eif5b_B5<==>Slc15a3_M3,Eif5b_B5,Slc15a3_M3
Rpl31_M1<==>Tbc1d15_M4,Rpl31_M1,Tbc1d15_M4
Rpl31_M1<==>mt-Nd4l_T7,Rpl31_M1,mt-Nd4l_T7
Rpl31_M3<==>A530032D15Rik_B1,Rpl31_M3,A530032D15Rik_B1
Rpl31_M3<==>Ebf1_B2,Rpl31_M3,Ebf1_B2
Rpl31_M3<==>Sh3bgrl_M3,Rpl31_M3,Sh3bgrl_M3
Rpl31_T1<==>Set_B1,Rpl31_T1,Set_B1
Rpl31_T1<==>Set_B3,Rpl31_T1,Set_B3
Rpl31_T1<==>Rpl35_T2,Rpl31_T1,Rpl35_T2
Rpl31_T1<==>Rps27_T2,Rpl31_T1,Rps27_T2
Rpl31_T1<==>Mcl1_T1,Rpl31_T1,Mcl1_T1
Rpl31_T1<==>Rsbn1l_T3,Rpl31_T1,Rsbn1l_T3
Rpl31_T1<==>Pomp_B4,Rpl31_T1,Pomp_B4
Rpl31_T1<==>Gimap4_T1,Rpl31_T1,Gimap4_T1
Rpl31_T1<==>Aebp2_T2,Rpl31_T1,Aebp2_T2
Rpl31_T1<==>Rps13_M7,Rpl31_T1,Rps13_M7
Rpl31_T1<==>Tpm4_T5,Rpl31_T1,Tpm4_T5
Rpl31_T1<==>Map1lc3b_T2,Rpl31_T1,Map1lc3b_T2
Rpl31_T1<==>Rab8b_T3,Rpl31_T1,Rab8b_T3
Rpl31_T1<==>Snrpf_T1,Rpl31_T1,Snrpf_T1
Rpl31_T1<==>Pafah1b1_T2,Rpl31_T1,Pafah1b1_T2
Rpl31_T1<==>Id2_M3,Rpl31_T1,Id2_M3
Rpl31_T1<==>Rps29_T1,Rpl31_T1,Rps29_T1
Rpl31_T1<==>Ighg1_B2,Rpl31_T1,Ighg1_B2
Rpl31_T1<==>Rpl37_T2,Rpl31_T1,Rpl37_T2
Rpl31_T1<==>mt-Cytb_B2,Rpl31_T1,mt-Cytb_B2
Rpl31_T2<==>Stat4_M3,Rpl31_T2,Stat4_M3
Rpl31_T2<==>Cytip_B3,Rpl31_T2,Cytip_B3
Rpl31_T2<==>Ppig_M0,Rpl31_T2,Ppig_M0
Rpl31_T2<==>Serf2_B2,Rpl31_T2,Serf2_B2
Rpl31_T2<==>Bcl2l11_B3,Rpl31_T2,Bcl2l11_B3
Rpl31_T2<==>Ptp4a2_B3,Rpl31_T2,Ptp4a2_B3
Rpl31_T2<==>Gimap4_T0,Rpl31_T2,Gimap4_T0
Rpl31_T2<==>Tpm4_T3,Rpl31_T2,Tpm4_T3
Rpl31_T2<==>Ets1_T2,Rpl31_T2,Ets1_T2
Rpl31_T2<==>Hsp90b1_B1,Rpl31_T2,Hsp90b1_B1
Rpl31_T2<==>Tbc1d15_B3,Rpl31_T2,Tbc1d15_B3
Rpl31_T2<==>Ppp2ca_M3,Rpl31_T2,Ppp2ca_M3
Rpl31_T2<==>Stat3_T5,Rpl31_T2,Stat3_T5
Rpl31_T2<==>Prkar1a_T4,Rpl31_T2,Prkar1a_T4
Rpl31_T2<==>Rap2a_M3,Rpl31_T2,Rap2a_M3
Rpl31_T2<==>Csf2rb2_M1,Rpl31_T2,Csf2rb2_M1
Rpl31_T2<==>Tnrc6b_B3,Rpl31_T2,Tnrc6b_B3
Rpl31_T2<==>Iglv1_B0,Rpl31_T2,Iglv1_B0
Rpl31_T2<==>Rpl10a_M3,Rpl31_T2,Rpl10a_M3
Rpl31_T2<==>Satb1_T3,Rpl31_T2,Satb1_T3
Rpl31_T2<==>Myl12b_T5,Rpl31_T2,Myl12b_T5
Rpl31_T2<==>Zfp36l2_M3,Rpl31_T2,Zfp36l2_M3
Rpl31_T2<==>Rock1_B3,Rpl31_T2,Rock1_B3
Rpl31_T2<==>Ehd1_M3,Rpl31_T2,Ehd1_M3
Rpl31_T3<==>Stat4_M3,Rpl31_T3,Stat4_M3
Rpl31_T3<==>Ncl_T2,Rpl31_T3,Ncl_T2
Rpl31_T3<==>Set_B1,Rpl31_T3,Set_B1
Rpl31_T3<==>B2m_M0,Rpl31_T3,B2m_M0
Rpl31_T3<==>Bcl2l11_B3,Rpl31_T3,Bcl2l11_B3
Rpl31_T3<==>Eif2s2_B3,Rpl31_T3,Eif2s2_B3
Rpl31_T3<==>Pmepa1_M5,Rpl31_T3,Pmepa1_M5
Rpl31_T3<==>Ndufb5_M1,Rpl31_T3,Ndufb5_M1
Rpl31_T3<==>Cd53_T1,Rpl31_T3,Cd53_T1
Rpl31_T3<==>Sars_B3,Rpl31_T3,Sars_B3
Rpl31_T3<==>Nfkb1_M1,Rpl31_T3,Nfkb1_M1
Rpl31_T3<==>Sh3glb1_B3,Rpl31_T3,Sh3glb1_B3
Rpl31_T3<==>Abca1_M1,Rpl31_T3,Abca1_M1
Rpl31_T3<==>Uqcrh_T4,Rpl31_T3,Uqcrh_T4
Rpl31_T3<==>Igkc_M0,Rpl31_T3,Igkc_M0
Rpl31_T3<==>Ctsc_M4,Rpl31_T3,Ctsc_M4
Rpl31_T3<==>Tpm4_T5,Rpl31_T3,Tpm4_T5
Rpl31_T3<==>Rpl13_B1,Rpl31_T3,Rpl13_B1
Rpl31_T3<==>Rps25_T3,Rpl31_T3,Rps25_T3
Rpl31_T3<==>Rab8b_M1,Rpl31_T3,Rab8b_M1
Rpl31_T3<==>Rab8b_T3,Rpl31_T3,Rab8b_T3
Rpl31_T3<==>Rps27l_B1,Rpl31_T3,Rps27l_B1
Rpl31_T3<==>Slc25a3_B1,Rpl31_T3,Slc25a3_B1
Rpl31_T3<==>Ywhae_B1,Rpl31_T3,Ywhae_B1
Rpl31_T3<==>Prkar1a_T4,Rpl31_T3,Prkar1a_T4
Rpl31_T3<==>Id2_M3,Rpl31_T3,Id2_M3
Rpl31_T3<==>Nfkbia_T2,Rpl31_T3,Nfkbia_T2
Rpl31_T3<==>Ighg1_B2,Rpl31_T3,Ighg1_B2
Rpl31_T3<==>Ighv2-3_B3,Rpl31_T3,Ighv2-3_B3
Rpl31_T3<==>Sema4d_M3,Rpl31_T3,Sema4d_M3
Rpl31_T3<==>Appl1_M4,Rpl31_T3,Appl1_M4
Rpl31_T3<==>Ywhaz_B3,Rpl31_T3,Ywhaz_B3
Rpl31_T3<==>Ywhaz_M3,Rpl31_T3,Ywhaz_M3
Rpl31_T3<==>Eef1d_M3,Rpl31_T3,Eef1d_M3
Rpl31_T3<==>Rpl3_M3,Rpl31_T3,Rpl3_M3
Rpl31_T3<==>Psmb8_T1,Rpl31_T3,Psmb8_T1
Rpl31_T3<==>Mbd2_T2,Rpl31_T3,Mbd2_T2
Rpl31_T3<==>Tmsb4x_T2,Rpl31_T3,Tmsb4x_T2
Rpl31_T3<==>mt-Atp6_B0,Rpl31_T3,mt-Atp6_B0
Rpl31_T3<==>mt-Co3_B2,Rpl31_T3,mt-Co3_B2
Rpl31_T5<==>Cd44_M4,Rpl31_T5,Cd44_M4
Rpl31_T5<==>Rilpl2_B3,Rpl31_T5,Rilpl2_B3
Rpl31_T5<==>H2-D1_O10,Rpl31_T5,H2-D1_O10
Rpl31_T5<==>Hsp90ab1_T1,Rpl31_T5,Hsp90ab1_T1
Rnf149_M3<==>Zeb2_O4,Rnf149_M3,Zeb2_O4
Rnf149_M3<==>Furin_T4,Rnf149_M3,Furin_T4
Rnf149_M5<==>Cycs_M4,Rnf149_M5,Cycs_M4
Rnf149_M5<==>Cd3d_M5,Rnf149_M5,Cd3d_M5
Rnf149_M5<==>Cd3e_T3,Rnf149_M5,Cd3e_T3
Rnf149_M5<==>Itgb2_M5,Rnf149_M5,Itgb2_M5
Rnf149_M5<==>Clptm1l_B3,Rnf149_M5,Clptm1l_B3
Rnf149_M5<==>Psmb8_T3,Rnf149_M5,Psmb8_T3
Rnf149_M5<==>Fermt3_M5,Rnf149_M5,Fermt3_M5
Map4k4_M1<==>Gimap4_T2,Map4k4_M1,Gimap4_T2
Map4k4_M1<==>Pcbp1_M1,Map4k4_M1,Pcbp1_M1
Map4k4_M1<==>Ifi27l2a_T2,Map4k4_M1,Ifi27l2a_T2
Map4k4_M1<==>Basp1_M7,Map4k4_M1,Basp1_M7
Map4k4_M1<==>Ly6a_B1,Map4k4_M1,Ly6a_B1
Map4k4_M1<==>Uhrf2_T5,Map4k4_M1,Uhrf2_T5
Map4k4_M3<==>Nfe2l2_M3,Map4k4_M3,Nfe2l2_M3
Map4k4_M3<==>Trbc1_B6_0,Map4k4_M3,Trbc1_B6_0
Map4k4_M3<==>Clec2d_T1,Map4k4_M3,Clec2d_T1
Map4k4_M3<==>Ubfd1_M4,Map4k4_M3,Ubfd1_M4
Map4k4_M3<==>Lpcat2_M3,Map4k4_M3,Lpcat2_M3
Map4k4_M3<==>Irf8_M3,Map4k4_M3,Irf8_M3
Map4k4_M3<==>BC018473_M2,Map4k4_M3,BC018473_M2
Map4k4_M3<==>Cox7c_B5,Map4k4_M3,Cox7c_B5
Map4k4_M3<==>Csnk1a1_M3,Map4k4_M3,Csnk1a1_M3
Map4k4_M4<==>Spi1_M4,Map4k4_M4,Spi1_M4
Map4k4_M4<==>Bcl2l11_B3,Map4k4_M4,Bcl2l11_B3
Map4k4_M4<==>Etv3_M1,Map4k4_M4,Etv3_M1
Map4k4_M4<==>Runx3_B1,Map4k4_M4,Runx3_B1
Map4k4_M4<==>Gimap4_T0,Map4k4_M4,Gimap4_T0
Map4k4_M4<==>Gimap7_T3,Map4k4_M4,Gimap7_T3
Map4k4_M4<==>Igkc_B2,Map4k4_M4,Igkc_B2
Map4k4_M4<==>Derl3_B3,Map4k4_M4,Derl3_B3
Map4k4_M4<==>Pfn1_T4,Map4k4_M4,Pfn1_T4
Map4k4_M4<==>Gna13_T7,Map4k4_M4,Gna13_T7
Map4k4_M4<==>Gdi2_B3,Map4k4_M4,Gdi2_B3
Map4k4_M4<==>Rap2a_M3,Map4k4_M4,Rap2a_M3
Map4k4_M4<==>Dusp1_M3,Map4k4_M4,Dusp1_M3
Map4k4_M4<==>Fermt3_T5,Map4k4_M4,Fermt3_T5
Il1r2_M2<==>Tpr_B3,Il1r2_M2,Tpr_B3
Il1r2_M2<==>Gnas_M3,Il1r2_M2,Gnas_M3
Il1r2_M2<==>Srrm1_M0,Il1r2_M2,Srrm1_M0
Il1r2_M2<==>Hmgb1_T1,Il1r2_M2,Hmgb1_T1
Il1r2_M2<==>Hcst_T4,Il1r2_M2,Hcst_T4
Il1r2_M2<==>Fermt3_M4,Il1r2_M2,Fermt3_M4
Il1r2_M2<==>Ighv1-83_B3,Il1r2_M2,Ighv1-83_B3
Il1r2_M3<==>Ergic3_B3,Il1r2_M3,Ergic3_B3
Il1r2_M3<==>Eif4e_M3,Il1r2_M3,Eif4e_M3
Il1r2_M3<==>Anp32b_M3,Il1r2_M3,Anp32b_M3
Il1r2_M3<==>Psmb2_M3,Il1r2_M3,Psmb2_M3
Il1r2_M3<==>Coro1a_T4,Il1r2_M3,Coro1a_T4
Il1r2_M3<==>Ifi30_B1,Il1r2_M3,Ifi30_B1
Il1r2_M3<==>Rab8b_M3,Il1r2_M3,Rab8b_M3
Il1r2_M3<==>Txnrd1_M3,Il1r2_M3,Txnrd1_M3
Il1r2_M3<==>Rel_M3,Il1r2_M3,Rel_M3
Il1r2_M3<==>Havcr2_M3,Il1r2_M3,Havcr2_M3
Il1r2_M3<==>Sqstm1_M3,Il1r2_M3,Sqstm1_M3
Il1r2_M3<==>Tnfaip2_M3,Il1r2_M3,Tnfaip2_M3
Il1r2_M3<==>Gpr137b_M3,Il1r2_M3,Gpr137b_M3
Il1r2_M3<==>Appl1_M3,Il1r2_M3,Appl1_M3
Il1r2_M3<==>Atp5g2_M3,Il1r2_M3,Atp5g2_M3
Il1r2_M3<==>Zbtb20_B1,Il1r2_M3,Zbtb20_B1
Il1r2_M3<==>Zfp36l2_M3,Il1r2_M3,Zfp36l2_M3
Il1r2_M3<==>AW112010_M0,Il1r2_M3,AW112010_M0
Il1r2_M3<==>Jak2_M3,Il1r2_M3,Jak2_M3
Il1r2_M5<==>Psmb4_M3,Il1r2_M5,Psmb4_M3
Il1r2_M5<==>Snx3_M3,Il1r2_M5,Snx3_M3
Il1r2_M5<==>Fermt3_M3,Il1r2_M5,Fermt3_M3
Il1r1_T4<==>Erp29_M1,Il1r1_T4,Erp29_M1
Il1r1_T4<==>Aup1_B3,Il1r1_T4,Aup1_B3
Il1r1_T4<==>Fosb_M1,Il1r1_T4,Fosb_M1
Il1r1_T4<==>Srsf7_M3,Il1r1_T4,Srsf7_M3
Il18r1_B6_0<==>Rpl6_M3,Il18r1_B6_0,Rpl6_M3
Il18r1_B6_0<==>Igkv4-70_B3,Il18r1_B6_0,Igkv4-70_B3
Il18r1_B6_0<==>Rpl38_M3,Il18r1_B6_0,Rpl38_M3
Il18r1_B6_0<==>Ighv5-9_B7,Il18r1_B6_0,Ighv5-9_B7
Il18r1_B6_0<==>Rpl37_M3,Il18r1_B6_0,Rpl37_M3
Il18r1_B6_0<==>Rpl39_M3,Il18r1_B6_0,Rpl39_M3
Il18r1_M5<==>Gimap3_T2,Il18r1_M5,Gimap3_T2
Il18r1_M5<==>Lat_M5,Il18r1_M5,Lat_M5
Il18r1_M5<==>Hexa_M4,Il18r1_M5,Hexa_M4
Il18r1_M5<==>Rpl23_M4,Il18r1_M5,Rpl23_M4
Il18r1_T0<==>Pdcd1_T4,Il18r1_T0,Pdcd1_T4
Il18r1_T0<==>Actr3_M3,Il18r1_T0,Actr3_M3
Il18r1_T0<==>Nfe2l2_M3,Il18r1_T0,Nfe2l2_M3
Il18r1_T0<==>Tnfrsf4_T2,Il18r1_T0,Tnfrsf4_T2
Il18r1_T0<==>Gimap3_T3,Il18r1_T0,Gimap3_T3
Il18r1_T0<==>Atp6v0d1_M1,Il18r1_T0,Atp6v0d1_M1
Il18r1_T0<==>Rab8b_M5,Il18r1_T0,Rab8b_M5
Il18r1_T0<==>Cstb_M3,Il18r1_T0,Cstb_M3
Il18r1_T0<==>Snf8_M4,Il18r1_T0,Snf8_M4
Il18r1_T0<==>Pbrm1_B4,Il18r1_T0,Pbrm1_B4
Il18r1_T0<==>Slc38a1_M4,Il18r1_T0,Slc38a1_M4
Il18r1_T4<==>Gnb2_M3,Il18r1_T4,Gnb2_M3
Il18r1_T4<==>Nfkbid_B5,Il18r1_T4,Nfkbid_B5
Il18r1_T4<==>Ifitm3_O7,Il18r1_T4,Ifitm3_O7
Il18r1_T4<==>Bcl2a1d_M3,Il18r1_T4,Bcl2a1d_M3
Il18r1_T4<==>Cd300c2_M3,Il18r1_T4,Cd300c2_M3
Il18r1_T4<==>H2-D1_O7,Il18r1_T4,H2-D1_O7
Il18rap_T0<==>Ttc39b_T0,Il18rap_T0,Ttc39b_T0
Il18rap_T0<==>Sesn3_T0,Il18rap_T0,Sesn3_T0
Il18rap_T0<==>Cnn2_T5,Il18rap_T0,Cnn2_T5
Il18rap_T0<==>Trim25_M4,Il18rap_T0,Trim25_M4
Il18rap_T0<==>Ankrd12_T2,Il18rap_T0,Ankrd12_T2
Cavin2_O10<==>Eif2s2_M4,Cavin2_O10,Eif2s2_M4
Cavin2_O10<==>Rab2a_T4,Cavin2_O10,Rab2a_T4
Cavin2_O10<==>Furin_T5,Cavin2_O10,Furin_T5
Stat4_M3<==>Actr3_M3,Stat4_M3,Actr3_M3
Stat4_M3<==>Snrpe_B1,Stat4_M3,Snrpe_B1
Stat4_M3<==>Ivns1abp_M5,Stat4_M3,Ivns1abp_M5
Stat4_M3<==>Fnbp1_M5,Stat4_M3,Fnbp1_M5
Stat4_M3<==>Bcl2l11_B3,Stat4_M3,Bcl2l11_B3
Stat4_M3<==>Sec62_B1,Stat4_M3,Sec62_B1
Stat4_M3<==>Lmna_O10,Stat4_M3,Lmna_O10
Stat4_M3<==>Stxbp3_M3,Stat4_M3,Stxbp3_M3
Stat4_M3<==>Nfkb1_M1,Stat4_M3,Nfkb1_M1
Stat4_M3<==>Eif4e_M3,Stat4_M3,Eif4e_M3
Stat4_M3<==>Abca1_M1,Stat4_M3,Abca1_M1
Stat4_M3<==>Sfpq_M1,Stat4_M3,Sfpq_M1
Stat4_M3<==>Rpl11_B1,Stat4_M3,Rpl11_B1
Stat4_M3<==>Actb_T3,Stat4_M3,Actb_T3
Stat4_M3<==>Hmgb1_T1,Stat4_M3,Hmgb1_T1
Stat4_M3<==>Igkc_B2,Stat4_M3,Igkc_B2
Stat4_M3<==>Pcbp1_M1,Stat4_M3,Pcbp1_M1
Stat4_M3<==>Clec2d_M3,Stat4_M3,Clec2d_M3
Stat4_M3<==>Sema7a_M3,Stat4_M3,Sema7a_M3
Stat4_M3<==>Rab8b_M3,Stat4_M3,Rab8b_M3
Stat4_M3<==>Slc25a3_T1,Stat4_M3,Slc25a3_T1
Stat4_M3<==>Tbc1d15_B3,Stat4_M3,Tbc1d15_B3
Stat4_M3<==>Cxcl16_M3,Stat4_M3,Cxcl16_M3
Stat4_M3<==>Nme2_M3,Stat4_M3,Nme2_M3
Stat4_M3<==>Eif1_T7,Stat4_M3,Eif1_T7
Stat4_M3<==>BC018473_M2,Stat4_M3,BC018473_M2
Stat4_M3<==>Ighg1_B2,Stat4_M3,Ighg1_B2
Stat4_M3<==>Gpr137b_M3,Stat4_M3,Gpr137b_M3
Stat4_M3<==>Serpinb6b_M3,Stat4_M3,Serpinb6b_M3
Stat4_M3<==>Serpinb9_M3,Stat4_M3,Serpinb9_M3
Stat4_M3<==>Rap2a_M3,Stat4_M3,Rap2a_M3
Stat4_M3<==>Ywhaz_B3,Stat4_M3,Ywhaz_B3
Stat4_M3<==>Azin1_B3,Stat4_M3,Azin1_B3
Stat4_M3<==>Tnrc6b_B3,Stat4_M3,Tnrc6b_B3
Stat4_M3<==>Slc38a2_B3,Stat4_M3,Slc38a2_B3
Stat4_M3<==>Satb1_T3,Stat4_M3,Satb1_T3
Stat4_M3<==>Cebpz_B1,Stat4_M3,Cebpz_B1
Stat4_M3<==>mt-Atp6_B0,Stat4_M3,mt-Atp6_B0
Stat1_B2<==>B2m_B2,Stat1_B2,B2m_B2
Stat1_B2<==>Ufm1_M4,Stat1_B2,Ufm1_M4
Stat1_B2<==>Hmgb1_B4,Stat1_B2,Hmgb1_B4
Stat1_B2<==>Rps27l_B1,Stat1_B2,Rps27l_B1
Stat1_B2<==>Atp1b3_M3,Stat1_B2,Atp1b3_M3
Stat1_B2<==>Rps27a_M5,Stat1_B2,Rps27a_M5
Stat1_B2<==>Snf8_T5,Stat1_B2,Snf8_T5
Stat1_B2<==>Igha_T2,Stat1_B2,Igha_T2
Stat1_B2<==>Sub1_B2,Stat1_B2,Sub1_B2
Stat1_B2<==>Iglv3_B0,Stat1_B2,Iglv3_B0
Stat1_B2<==>H2-K1_T4,Stat1_B2,H2-K1_T4
Stat1_B2<==>Rps4x_M3,Stat1_B2,Rps4x_M3
Stat1_B2<==>Ighv14-1_B3,Stat1_B2,Ighv14-1_B3
Stat1_M0<==>Stat1_M1,Stat1_M0,Stat1_M1
Stat1_M0<==>Ptma_B3,Stat1_M0,Ptma_B3
Stat1_M0<==>Mbnl1_T3,Stat1_M0,Mbnl1_T3
Stat1_M0<==>Cd38_M0,Stat1_M0,Cd38_M0
Stat1_M0<==>Tmem176a_T7,Stat1_M0,Tmem176a_T7
Stat1_M0<==>Abracl_T4,Stat1_M0,Abracl_T4
Stat1_M0<==>Calhm6_M0,Stat1_M0,Calhm6_M0
Stat1_M0<==>Jpt1_M3,Stat1_M0,Jpt1_M3
Stat1_M0<==>Psme1_B1,Stat1_M0,Psme1_B1
Stat1_M0<==>H2-Q7_B2,Stat1_M0,H2-Q7_B2
Stat1_M1<==>Gngt2_M1,Stat1_M1,Gngt2_M1
Stat1_M1<==>Crip1_B3,Stat1_M1,Crip1_B3
Stat1_M1<==>Iglv3_B3,Stat1_M1,Iglv3_B3
Stat1_M3<==>Pnrc1_T5,Stat1_M3,Pnrc1_T5
Stat1_M3<==>Dynll1_M5,Stat1_M3,Dynll1_M5
Stat1_M3<==>Socs3_M0,Stat1_M3,Socs3_M0
Stat1_M4<==>Gatm_M0,Stat1_M4,Gatm_M0
Stat1_M4<==>Igkv6-25_B1,Stat1_M4,Igkv6-25_B1
Stat1_M4<==>Tspo_M4,Stat1_M4,Tspo_M4
Stat1_M4<==>H2-K1_O10,Stat1_M4,H2-K1_O10
Stat1_M4<==>Sfr1_B3,Stat1_M4,Sfr1_B3
Stat1_M5<==>C5ar1_M2,Stat1_M5,C5ar1_M2
Stat1_M5<==>Napsa_M4,Stat1_M5,Napsa_M4
Stat1_M5<==>Itgb2_M5,Stat1_M5,Itgb2_M5
Stat1_M5<==>Rtcb_M4,Stat1_M5,Rtcb_M4
Stat1_M5<==>Ppp1r12a_T0,Stat1_M5,Ppp1r12a_T0
Stat1_M5<==>Slfn1_M2,Stat1_M5,Slfn1_M2
Stat1_M5<==>Psme1_T2,Stat1_M5,Psme1_T2
Stat1_M5<==>Ly6a_M7,Stat1_M5,Ly6a_M7
Stat1_M5<==>Ly6a_T4,Stat1_M5,Ly6a_T4
Stat1_M5<==>App_M0,Stat1_M5,App_M0
Stat1_M5<==>H2-DMb2_M3,Stat1_M5,H2-DMb2_M3
Stat1_M5<==>H2-Q7_T4,Stat1_M5,H2-Q7_T4
Stat1_M5<==>Tomm6_M0,Stat1_M5,Tomm6_M0
Stat1_M5<==>Gm8369_T0,Stat1_M5,Gm8369_T0
Stat1_M5<==>Il2rg_M5,Stat1_M5,Il2rg_M5
Stat1_T2<==>Rbpj_T4,Stat1_T2,Rbpj_T4
Stat1_T2<==>Gimap3_T2,Stat1_T2,Gimap3_T2
Stat1_T2<==>Tgfb1_T5,Stat1_T2,Tgfb1_T5
Stat1_T2<==>Sept7_B5,Stat1_T2,Sept7_B5
Stat1_T2<==>Nfkbia_O10,Stat1_T2,Nfkbia_O10
Stat1_T2<==>Klf6_M3,Stat1_T2,Klf6_M3
Stat1_T2<==>Ltb_T1,Stat1_T2,Ltb_T1
Stat1_T2<==>Calm2_B1,Stat1_T2,Calm2_B1
Stat1_T2<==>Crem_T3,Stat1_T2,Crem_T3
Stat1_T5<==>Igkv15-103_B1,Stat1_T5,Igkv15-103_B1
Gls_M3<==>Ighv3-1_B3,Gls_M3,Ighv3-1_B3
Gls_M3<==>Sept3_M4,Gls_M3,Sept3_M4
Gls_M3<==>Malat1_B1,Gls_M3,Malat1_B1
Gls_M3<==>Lamp2_B3,Gls_M3,Lamp2_B3
Nab1_T5<==>Tpr_M0,Nab1_T5,Tpr_M0
Nab1_T5<==>Sdc4_T7,Nab1_T5,Sdc4_T7
Stk17b_B2<==>Fosb_B3,Stk17b_B2,Fosb_B3
Stk17b_B2<==>Ets1_B5,Stk17b_B2,Ets1_B5
Stk17b_B2<==>Txnrd1_M3,Stk17b_B2,Txnrd1_M3
Stk17b_B2<==>Ppp2ca_M3,Stk17b_B2,Ppp2ca_M3
Stk17b_B2<==>Irf1_M4,Stk17b_B2,Irf1_M4
Stk17b_B2<==>Zfp36l1_T2,Stk17b_B2,Zfp36l1_T2
Stk17b_B2<==>Calm1_B2,Stk17b_B2,Calm1_B2
Stk17b_B2<==>Cd83_B1,Stk17b_B2,Cd83_B1
Stk17b_B2<==>Csf2rb_M4,Stk17b_B2,Csf2rb_M4
Stk17b_B2<==>Il2rb_T4,Stk17b_B2,Il2rb_T4
Stk17b_B2<==>Tspo_M5,Stk17b_B2,Tspo_M5
Stk17b_B2<==>Atp5g2_M3,Stk17b_B2,Atp5g2_M3
Stk17b_B2<==>Cdkn1a_O10,Stk17b_B2,Cdkn1a_O10
Stk17b_B2<==>Crem_B6_0,Stk17b_B2,Crem_B6_0
Stk17b_B2<==>AW112010_T1,Stk17b_B2,AW112010_T1
Stk17b_B2<==>P2ry10_T4,Stk17b_B2,P2ry10_T4
Stk17b_B5<==>Mat2a_B5,Stk17b_B5,Mat2a_B5
Stk17b_B5<==>Snrpf_B5,Stk17b_B5,Snrpf_B5
Stk17b_T1<==>Rps3a1_T4,Stk17b_T1,Rps3a1_T4
Stk17b_T1<==>Junb_T1,Stk17b_T1,Junb_T1
Stk17b_T1<==>Ighv9-4_B3,Stk17b_T1,Ighv9-4_B3
Stk17b_T1<==>Gm26917_B7,Stk17b_T1,Gm26917_B7
Stk17b_T2<==>Tagln2_M3,Stk17b_T2,Tagln2_M3
Stk17b_T2<==>Skap2_M0,Stk17b_T2,Skap2_M0
Stk17b_T2<==>Rpl23_M3,Stk17b_T2,Rpl23_M3
Stk17b_T2<==>Myof_M0,Stk17b_T2,Myof_M0
Stk17b_T2<==>Ddx3x_M1,Stk17b_T2,Ddx3x_M1
Stk17b_T2<==>Ighv1-80_B2,Stk17b_T2,Ighv1-80_B2
Stk17b_T3<==>Zfp36l2_T5,Stk17b_T3,Zfp36l2_T5
Stk17b_T4<==>Fam107b_T4,Stk17b_T4,Fam107b_T4
Stk17b_T4<==>Gpcpd1_M4,Stk17b_T4,Gpcpd1_M4
Stk17b_T4<==>Rps3a1_T4,Stk17b_T4,Rps3a1_T4
Stk17b_T4<==>Mcl1_T3,Stk17b_T4,Mcl1_T3
Stk17b_T4<==>Prdx1_M5,Stk17b_T4,Prdx1_M5
Stk17b_T4<==>Rnf19b_M5,Stk17b_T4,Rnf19b_M5
Stk17b_T4<==>Igkv16-104_B1,Stk17b_T4,Igkv16-104_B1
Stk17b_T4<==>Capns1_M0,Stk17b_T4,Capns1_M0
Stk17b_T4<==>Fxyd5_M5,Stk17b_T4,Fxyd5_M5
Stk17b_T4<==>Furin_T4,Stk17b_T4,Furin_T4
Stk17b_T4<==>Eif3c_M0,Stk17b_T4,Eif3c_M0
Stk17b_T4<==>Nsd3_T5,Stk17b_T4,Nsd3_T5
Stk17b_T4<==>Asah1_M5,Stk17b_T4,Asah1_M5
Stk17b_T4<==>Jund_T4,Stk17b_T4,Jund_T4
Stk17b_T4<==>D8Ertd738e_M3,Stk17b_T4,D8Ertd738e_M3
Stk17b_T4<==>Dennd4a_T4,Stk17b_T4,Dennd4a_T4
Stk17b_T4<==>Bcl2a1b_T4,Stk17b_T4,Bcl2a1b_T4
Stk17b_T4<==>Atp2b1_M2,Stk17b_T4,Atp2b1_M2
Stk17b_T4<==>Actr2_M0,Stk17b_T4,Actr2_M0
Stk17b_T4<==>Itk_T3,Stk17b_T4,Itk_T3
Stk17b_T4<==>Spag9_M2,Stk17b_T4,Spag9_M2
Stk17b_T4<==>Ctsb_M5,Stk17b_T4,Ctsb_M5
Stk17b_T4<==>Rpl30_T4,Stk17b_T4,Rpl30_T4
Stk17b_T4<==>Cox6c_T4,Stk17b_T4,Cox6c_T4
Stk17b_T4<==>Tapbp_M0,Stk17b_T4,Tapbp_M0
Stk17b_T4<==>H2-Aa_M3,Stk17b_T4,H2-Aa_M3
Stk17b_T4<==>H2-Eb1_M3,Stk17b_T4,H2-Eb1_M3
Stk17b_T4<==>Ppp1ca_M0,Stk17b_T4,Ppp1ca_M0
Stk17b_T4<==>Myof_M0,Stk17b_T4,Myof_M0
Stk17b_T4<==>Got1_M5,Stk17b_T4,Got1_M5
Stk17b_T5<==>Rpl22l1_T4,Stk17b_T5,Rpl22l1_T4
Stk17b_T5<==>Foxp1_M3,Stk17b_T5,Foxp1_M3
Stk17b_T5<==>Spcs1_M1,Stk17b_T5,Spcs1_M1
Stk17b_T5<==>Iglv1_B5,Stk17b_T5,Iglv1_B5
Sf3b1_B1<==>Clic1_B1,Sf3b1_B1,Clic1_B1
Sf3b1_B4<==>Hspa5_O10,Sf3b1_B4,Hspa5_O10
Sf3b1_B4<==>Eif2ak3_B3,Sf3b1_B4,Eif2ak3_B3
Sf3b1_B4<==>Ndufa13_B1,Sf3b1_B4,Ndufa13_B1
Sf3b1_B4<==>Cstb_M3,Sf3b1_B4,Cstb_M3
Sf3b1_B4<==>Eif1_B3,Sf3b1_B4,Eif1_B3
Sf3b1_B4<==>Rpl24_M3,Sf3b1_B4,Rpl24_M3
Sf3b1_B4<==>Ighv7-3_B2,Sf3b1_B4,Ighv7-3_B2
Sf3b1_M2<==>Capza2_M0,Sf3b1_M2,Capza2_M0
Sf3b1_M2<==>Mrpl52_M0,Sf3b1_M2,Mrpl52_M0
Sf3b1_M2<==>Zfand5_M0,Sf3b1_M2,Zfand5_M0
Sf3b1_M2<==>Rps4x_T5,Sf3b1_M2,Rps4x_T5
Sf3b1_M3<==>Tubb4b_B3,Sf3b1_M3,Tubb4b_B3
Sf3b1_M3<==>Sdc4_B3,Sf3b1_M3,Sdc4_B3
Sf3b1_M3<==>Cyba_B3,Sf3b1_M3,Cyba_B3
Sf3b1_M3<==>Eef1a1_B2,Sf3b1_M3,Eef1a1_B2
Sf3b1_M3<==>Bsg_M3,Sf3b1_M3,Bsg_M3
Sf3b1_M3<==>Clint1_T1,Sf3b1_M3,Clint1_T1
Sf3b1_M3<==>2410006H16Rik_M3,Sf3b1_M3,2410006H16Rik_M3
Sf3b1_M3<==>Ift20_B3,Sf3b1_M3,Ift20_B3
Sf3b1_T2<==>Sh3bgrl3_M1,Sf3b1_T2,Sh3bgrl3_M1
Sf3b1_T2<==>Pon3_B3,Sf3b1_T2,Pon3_B3
Sf3b1_T2<==>Cxcl16_M3,Sf3b1_T2,Cxcl16_M3
Sf3b1_T2<==>Atp6v0c_M4,Sf3b1_T2,Atp6v0c_M4
Sf3b1_T2<==>Fkbp2_B3,Sf3b1_T2,Fkbp2_B3
Hspd1_M3<==>Hint3_M4,Hspd1_M3,Hint3_M4
Hspd1_M3<==>Ranbp1_M3,Hspd1_M3,Ranbp1_M3
Hspe1_B5<==>Mcl1_B1,Hspe1_B5,Mcl1_B1
Hspe1_B5<==>Rab1a_M3,Hspe1_B5,Rab1a_M3
Hspe1_B5<==>Csf2rb2_M1,Hspe1_B5,Csf2rb2_M1
Hspe1_M3<==>Skap2_M1,Hspe1_M3,Skap2_M1
Hspe1_M3<==>Emb_T5,Hspe1_M3,Emb_T5
Bzw1_B5<==>Mat2a_M3,Bzw1_B5,Mat2a_M3
Bzw1_B5<==>Spty2d1_M1,Bzw1_B5,Spty2d1_M1
Bzw1_M1<==>Igha_B4,Bzw1_M1,Igha_B4
Bzw1_M1<==>Fyb_T1,Bzw1_M1,Fyb_T1
Bzw1_M5<==>Hspa5_M3,Bzw1_M5,Hspa5_M3
Bzw1_M5<==>S100a10_B3,Bzw1_M5,S100a10_B3
Bzw1_M5<==>Tnfrsf1b_T2,Bzw1_M5,Tnfrsf1b_T2
Bzw1_M5<==>Gimap3_T3,Bzw1_M5,Gimap3_T3
Bzw1_M5<==>Igkv12-44_B5,Bzw1_M5,Igkv12-44_B5
Bzw1_M5<==>Cnbp_T3,Bzw1_M5,Cnbp_T3
Bzw1_M5<==>Eef1a1_M0,Bzw1_M5,Eef1a1_M0
Bzw1_M5<==>Rap1b_M3,Bzw1_M5,Rap1b_M3
Bzw1_M5<==>Ramp3_T7,Bzw1_M5,Ramp3_T7
Bzw1_M5<==>Nfkbia_O10,Bzw1_M5,Nfkbia_O10
Bzw1_M5<==>Tnfsf11_T7,Bzw1_M5,Tnfsf11_T7
Bzw1_M5<==>Tnrc6b_B3,Bzw1_M5,Tnrc6b_B3
Bzw1_T4<==>Ncl_T2,Bzw1_T4,Ncl_T2
Bzw1_T4<==>Ighg1_B7,Bzw1_T4,Ighg1_B7
Clk1_B1<==>Mef2c_B4,Clk1_B1,Mef2c_B4
Clk1_B5<==>Rps3a1_B2,Clk1_B5,Rps3a1_B2
Clk1_B5<==>Rps3a1_T0,Clk1_B5,Rps3a1_T0
Clk1_B5<==>Dennd4a_B1,Clk1_B5,Dennd4a_B1
Clk1_B5<==>Grn_M5,Clk1_B5,Grn_M5
Clk1_M3<==>Psmb2_M1,Clk1_M3,Psmb2_M1
Clk1_M3<==>Igkv6-17_B2,Clk1_M3,Igkv6-17_B2
Clk1_M3<==>Spcs2_B3,Clk1_M3,Spcs2_B3
Clk1_T1<==>Zc3h15_T2,Clk1_T1,Zc3h15_T2
Clk1_T1<==>Psmb10_M1,Clk1_T1,Psmb10_M1
Clk1_T1<==>Rpl14_M0,Clk1_T1,Rpl14_M0
Clk1_T2<==>Foxp1_B4,Clk1_T2,Foxp1_B4
Clk1_T2<==>Emilin2_M1,Clk1_T2,Emilin2_M1
Ndufb3_M3<==>Rgs2_M5,Ndufb3_M3,Rgs2_M5
Ndufb3_M3<==>Ddx3x_M1,Ndufb3_M3,Ddx3x_M1
Ndufb3_T5<==>Rac1_M0,Ndufb3_T5,Rac1_M0
Ndufb3_T5<==>Tomm6_M0,Ndufb3_T5,Tomm6_M0
Ndufb3_T5<==>Ppp1ca_M0,Ndufb3_T5,Ppp1ca_M0
Ndufb3_T5<==>Cox8a_B1,Ndufb3_T5,Cox8a_B1
Ndufb3_T5<==>Ostf1_M0,Ndufb3_T5,Ostf1_M0
Cflar_M3<==>Ube2d3_T2,Cflar_M3,Ube2d3_T2
Sumo1_M3<==>Igkv10-94_B3,Sumo1_M3,Igkv10-94_B3
Sumo1_M3<==>Timm23_M3,Sumo1_M3,Timm23_M3
Sumo1_M3<==>Paip2_T1,Sumo1_M3,Paip2_T1
Nop58_B5<==>Sec62_B1,Nop58_B5,Sec62_B1
Nop58_B5<==>Edem1_B3,Nop58_B5,Edem1_B3
Nop58_B5<==>Cd164_M3,Nop58_B5,Cd164_M3
Cd28_B3<==>Rhoh_B4,Cd28_B3,Rhoh_B4
Cd28_B6_0<==>Irf1_M4,Cd28_B6_0,Irf1_M4
Cd28_B6_0<==>Trac_B6_0,Cd28_B6_0,Trac_B6_0
Cd28_B6_0<==>H2-K1_B5,Cd28_B6_0,H2-K1_B5
Cd28_B6_0<==>H2-Eb1_M7,Cd28_B6_0,H2-Eb1_M7
Cd28_B6_0<==>Crem_M3,Cd28_B6_0,Crem_M3
Cd28_T2<==>S100a10_B1,Cd28_T2,S100a10_B1
Ctla4_B6_0<==>Mafb_M0,Ctla4_B6_0,Mafb_M0
Ctla4_B6_0<==>Hnrnpab_M1,Ctla4_B6_0,Hnrnpab_M1
Ctla4_B6_0<==>Pla2g7_M3,Ctla4_B6_0,Pla2g7_M3
Ctla4_T1<==>A530032D15Rik_B1,Ctla4_T1,A530032D15Rik_B1
Ctla4_T1<==>Prkar1a_T2,Ctla4_T1,Prkar1a_T2
Ctla4_T2<==>Rps24_O7,Ctla4_T2,Rps24_O7
Icos_M5<==>Hnrnpc_M5,Icos_M5,Hnrnpc_M5
Icos_M5<==>Eif3h_M3,Icos_M5,Eif3h_M3
Icos_M5<==>H2-Q7_T1,Icos_M5,H2-Q7_T1
Icos_M5<==>Cox7a2l_M0,Icos_M5,Cox7a2l_M0
Icos_T1<==>Rac1_T1,Icos_T1,Rac1_T1
Icos_T2<==>Pafah1b1_T3,Icos_T2,Pafah1b1_T3
Icos_T2<==>Crip1_T2,Icos_T2,Crip1_T2
Icos_T4<==>Prrc2c_M0,Icos_T4,Prrc2c_M0
Icos_T4<==>Tnfsf8_T0,Icos_T4,Tnfsf8_T0
Icos_T5<==>Clic4_M4,Icos_T5,Clic4_M4
Eef1b2_B1<==>Rsbn1l_T2,Eef1b2_B1,Rsbn1l_T2
Eef1b2_B1<==>Eef1a1_B1,Eef1b2_B1,Eef1a1_B1
Eef1b2_B1<==>Rps15_T2,Eef1b2_B1,Rps15_T2
Eef1b2_B1<==>Rpl23a_B1,Eef1b2_B1,Rpl23a_B1
Eef1b2_B1<==>Metrnl_O7,Eef1b2_B1,Metrnl_O7
Eef1b2_B1<==>Igha_M3,Eef1b2_B1,Igha_M3
Eef1b2_B1<==>Igha_M5,Eef1b2_B1,Igha_M5
Eef1b2_B1<==>Nedd8_M0,Eef1b2_B1,Nedd8_M0
Eef1b2_B1<==>Eif3h_B1,Eef1b2_B1,Eif3h_B1
Eef1b2_B1<==>Txndc11_B3,Eef1b2_B1,Txndc11_B3
Eef1b2_B3<==>Rpl5_B3,Eef1b2_B3,Rpl5_B3
Eef1b2_B3<==>Rps15_M3,Eef1b2_B3,Rps15_M3
Eef1b2_M1<==>Rpl3_M1,Eef1b2_M1,Rpl3_M1
Eef1b2_M1<==>Fth1_M1,Eef1b2_M1,Fth1_M1
Eef1b2_M1<==>Msn_M0,Eef1b2_M1,Msn_M0
Eef1b2_M3<==>Gng5_M2,Eef1b2_M3,Gng5_M2
Eef1b2_M3<==>Rpl18_M3,Eef1b2_M3,Rpl18_M3
Eef1b2_M3<==>Rpl18a_M3,Eef1b2_M3,Rpl18a_M3
Eef1b2_M3<==>Rpl13_M3,Eef1b2_M3,Rpl13_M3
Eef1b2_M3<==>Rpl4_M3,Eef1b2_M3,Rpl4_M3
Eef1b2_M3<==>Rpl14_M3,Eef1b2_M3,Rpl14_M3
Eef1b2_M3<==>Atp2b1_M3,Eef1b2_M3,Atp2b1_M3
Eef1b2_M3<==>Rack1_M3,Eef1b2_M3,Rack1_M3
Eef1b2_M3<==>Grn_M5,Eef1b2_M3,Grn_M5
Eef1b2_M3<==>Ahnak_T4,Eef1b2_M3,Ahnak_T4
Eef1b2_T1<==>Mbnl1_B4,Eef1b2_T1,Mbnl1_B4
Eef1b2_T1<==>Nktr_T1,Eef1b2_T1,Nktr_T1
Eef1b2_T2<==>Top1_M3,Eef1b2_T2,Top1_M3
Eef1b2_T2<==>Rps6_T2,Eef1b2_T2,Rps6_T2
Eef1b2_T2<==>Cd52_B0,Eef1b2_T2,Cd52_B0
Eef1b2_T2<==>Sema3c_O7,Eef1b2_T2,Sema3c_O7
Eef1b2_T2<==>Rpl5_B1,Eef1b2_T2,Rpl5_B1
Eef1b2_T2<==>Rpl19_M1,Eef1b2_T2,Rpl19_M1
Eef1b2_T2<==>Cox17_M3,Eef1b2_T2,Cox17_M3
Eef1b2_T2<==>Prdx5_M1,Eef1b2_T2,Prdx5_M1
Eef1b2_T2<==>P2ry10_M4,Eef1b2_T2,P2ry10_M4
Eef1b2_T5<==>Rps6_T5,Eef1b2_T5,Rps6_T5
Eef1b2_T5<==>Rpl18_T2,Eef1b2_T5,Rpl18_T2
Eef1b2_T5<==>Rps3_T5,Eef1b2_T5,Rps3_T5
Eef1b2_T5<==>Sfrp1_O4,Eef1b2_T5,Sfrp1_O4
Eef1b2_T5<==>Eef1a1_T5,Eef1b2_T5,Eef1a1_T5
Eef1b2_T5<==>Rpsa_T5,Eef1b2_T5,Rpsa_T5
Eef1b2_T5<==>Rack1_T5,Eef1b2_T5,Rack1_T5
Eef1b2_T5<==>Rpl23_T5,Eef1b2_T5,Rpl23_T5
Eef1b2_T5<==>Rpl8_T5,Eef1b2_T5,Rpl8_T5
Eef1b2_T5<==>Rpl10a_T5,Eef1b2_T5,Rpl10a_T5
Eef1b2_T5<==>Rps18_T5,Eef1b2_T5,Rps18_T5
Eef1b2_T5<==>Zfand5_M0,Eef1b2_T5,Zfand5_M0
Eef1b2_T5<==>mt-Nd3_M3,Eef1b2_T5,mt-Nd3_M3
Eef1b2_T6<==>Arpc2_M4,Eef1b2_T6,Arpc2_M4
Eef1b2_T6<==>Selenoh_B4,Eef1b2_T6,Selenoh_B4
Eef1b2_T6<==>Ctsa_M0,Eef1b2_T6,Ctsa_M0
Eef1b2_T6<==>Gnas_T4,Eef1b2_T6,Gnas_T4
Eef1b2_T6<==>Grn_M0,Eef1b2_T6,Grn_M0
Ikzf2_T2<==>Traf1_T2,Ikzf2_T2,Traf1_T2
Ikzf2_T2<==>Cebpb_M5,Ikzf2_T2,Cebpb_M5
Ikzf2_T2<==>Snrpg_T2,Ikzf2_T2,Snrpg_T2
Ikzf2_T2<==>Irs2_T7,Ikzf2_T2,Irs2_T7
Ikzf2_T2<==>Ppp1r12a_T4,Ikzf2_T2,Ppp1r12a_T4
Ikzf2_T2<==>Rel_T2,Ikzf2_T2,Rel_T2
Ikzf2_T2<==>Eif1_T2,Ikzf2_T2,Eif1_T2
Ikzf2_T2<==>Txndc15_M4,Ikzf2_T2,Txndc15_M4
Ikzf2_T2<==>Rnase6_M7,Ikzf2_T2,Rnase6_M7
Ikzf2_T2<==>Sub1_T3,Ikzf2_T2,Sub1_T3
Ikzf2_T2<==>Clic1_T4,Ikzf2_T2,Clic1_T4
Ikzf2_T2<==>Rpl36_T2,Ikzf2_T2,Rpl36_T2
Rpl37a_B5<==>Rpl37a_T2,Rpl37a_B5,Rpl37a_T2
Rpl37a_B5<==>Eif2s2_T1,Rpl37a_B5,Eif2s2_T1
Rpl37a_B5<==>Rps21_T2,Rpl37a_B5,Rps21_T2
Rpl37a_B5<==>Dpm3_B3,Rpl37a_B5,Dpm3_B3
Rpl37a_B5<==>Rps27_B3,Rpl37a_B5,Rps27_B3
Rpl37a_B5<==>Rps27_M3,Rpl37a_B5,Rps27_M3
Rpl37a_B5<==>Rps27_T1,Rpl37a_B5,Rps27_T1
Rpl37a_B5<==>Rps27_T2,Rpl37a_B5,Rps27_T2
Rpl37a_B5<==>Rpl6_B2,Rpl37a_B5,Rpl6_B2
Rpl37a_B5<==>Vps37b_T5,Rpl37a_B5,Vps37b_T5
Rpl37a_B5<==>Serbp1_T5,Rpl37a_B5,Serbp1_T5
Rpl37a_B5<==>Rps13_M5,Rpl37a_B5,Rps13_M5
Rpl37a_B5<==>Rps29_T1,Rpl37a_B5,Rps29_T1
Rpl37a_B5<==>Rps29_T2,Rpl37a_B5,Rps29_T2
Rpl37a_B5<==>Ndufb1-ps_M3,Rpl37a_B5,Ndufb1-ps_M3
Rpl37a_B5<==>Ndufb1-ps_T2,Rpl37a_B5,Ndufb1-ps_T2
Rpl37a_B5<==>Ndufb1-ps_T3,Rpl37a_B5,Ndufb1-ps_T3
Rpl37a_B5<==>Ighj4_B3,Rpl37a_B5,Ighj4_B3
Rpl37a_B5<==>Lgals3_M1,Rpl37a_B5,Lgals3_M1
Rpl37a_B5<==>Hnrnpc_M0,Rpl37a_B5,Hnrnpc_M0
Rpl37a_B5<==>Rpl37_T1,Rpl37a_B5,Rpl37_T1
Rpl37a_B5<==>Ly6e_M0,Rpl37a_B5,Ly6e_M0
Rpl37a_B5<==>Rps28_T2,Rpl37a_B5,Rps28_T2
Rpl37a_B5<==>Fau_T2,Rpl37a_B5,Fau_T2
Rpl37a_B5<==>Rpl39_B2,Rpl37a_B5,Rpl39_B2
Rpl37a_B5<==>Rpl39_B5,Rpl37a_B5,Rpl39_B5
Rpl37a_B5<==>mt-Atp8_B3,Rpl37a_B5,mt-Atp8_B3
Rpl37a_B5<==>mt-Atp6_T5,Rpl37a_B5,mt-Atp6_T5
Rpl37a_M2<==>Nme2_B3,Rpl37a_M2,Nme2_B3
Rpl37a_M2<==>Nedd8_M3,Rpl37a_M2,Nedd8_M3
Rpl37a_M3<==>Rpl37a_T2,Rpl37a_M3,Rpl37a_T2
Rpl37a_M3<==>Rpl35_B1,Rpl37a_M3,Rpl35_B1
Rpl37a_M3<==>Rpl35_T5,Rpl37a_M3,Rpl35_T5
Rpl37a_M3<==>Rps21_T2,Rpl37a_M3,Rps21_T2
Rpl37a_M3<==>Rps27_B1,Rpl37a_M3,Rps27_B1
Rpl37a_M3<==>Rps27_B3,Rpl37a_M3,Rps27_B3
Rpl37a_M3<==>Rps27_M3,Rpl37a_M3,Rps27_M3
Rpl37a_M3<==>Rps27_T1,Rpl37a_M3,Rps27_T1
Rpl37a_M3<==>Rps27_T2,Rpl37a_M3,Rps27_T2
Rpl37a_M3<==>S100a6_M1,Rpl37a_M3,S100a6_M1
Rpl37a_M3<==>Rpl6_B1,Rpl37a_M3,Rpl6_B1
Rpl37a_M3<==>Rpl6_B2,Rpl37a_M3,Rpl6_B2
Rpl37a_M3<==>Igkv4-70_B3,Rpl37a_M3,Igkv4-70_B3
Rpl37a_M3<==>Edem1_B3,Rpl37a_M3,Edem1_B3
Rpl37a_M3<==>Taldo1_M0,Rpl37a_M3,Taldo1_M0
Rpl37a_M3<==>Ctsh_M3,Rpl37a_M3,Ctsh_M3
Rpl37a_M3<==>Rpl41_M3,Rpl37a_M3,Rpl41_M3
Rpl37a_M3<==>Rps26_M3,Rpl37a_M3,Rps26_M3
Rpl37a_M3<==>Rel_M5,Rpl37a_M3,Rel_M5
Rpl37a_M3<==>Rps29_T1,Rpl37a_M3,Rps29_T1
Rpl37a_M3<==>Rps29_T2,Rpl37a_M3,Rps29_T2
Rpl37a_M3<==>Rps29_T6_2,Rpl37a_M3,Rps29_T6_2
Rpl37a_M3<==>Hif1a_T0,Rpl37a_M3,Hif1a_T0
Rpl37a_M3<==>Ndufb1-ps_T2,Rpl37a_M3,Ndufb1-ps_T2
Rpl37a_M3<==>Rpl37_M3,Rpl37a_M3,Rpl37_M3
Rpl37a_M3<==>Rpl37_T1,Rpl37a_M3,Rpl37_T1
Rpl37a_M3<==>Cox17_M0,Rpl37a_M3,Cox17_M0
Rpl37a_M3<==>Rps28_T2,Rpl37a_M3,Rps28_T2
Rpl37a_M3<==>Rpl36_M3,Rpl37a_M3,Rpl36_M3
Rpl37a_M3<==>Calm2_T3,Rpl37a_M3,Calm2_T3
Rpl37a_M3<==>Malat1_T2,Rpl37a_M3,Malat1_T2
Rpl37a_M3<==>Malat1_T3,Rpl37a_M3,Malat1_T3
Rpl37a_M3<==>Malat1_T5,Rpl37a_M3,Malat1_T5
Rpl37a_M3<==>Fau_T2,Rpl37a_M3,Fau_T2
Rpl37a_M3<==>Rbm3_B1,Rpl37a_M3,Rbm3_B1
Rpl37a_M3<==>Rpl39_B1,Rpl37a_M3,Rpl39_B1
Rpl37a_M3<==>Rpl39_B2,Rpl37a_M3,Rpl39_B2
Rpl37a_M3<==>mt-Co2_T6,Rpl37a_M3,mt-Co2_T6
Rpl37a_M3<==>mt-Atp6_T5,Rpl37a_M3,mt-Atp6_T5
Rpl37a_T2<==>Ncl_T3,Rpl37a_T2,Ncl_T3
Rpl37a_T2<==>Rpl35_B1,Rpl37a_T2,Rpl35_B1
Rpl37a_T2<==>Rpl35_T1,Rpl37a_T2,Rpl35_T1
Rpl37a_T2<==>Rpl35_T5,Rpl37a_T2,Rpl35_T5
Rpl37a_T2<==>Rps21_M3,Rpl37a_T2,Rps21_M3
Rpl37a_T2<==>Rps21_T2,Rpl37a_T2,Rps21_T2
Rpl37a_T2<==>Skil_M0,Rpl37a_T2,Skil_M0
Rpl37a_T2<==>Rps27_B1,Rpl37a_T2,Rps27_B1
Rpl37a_T2<==>Rps27_B3,Rpl37a_T2,Rps27_B3
Rpl37a_T2<==>Rps27_M3,Rpl37a_T2,Rps27_M3
Rpl37a_T2<==>Rps27_T1,Rpl37a_T2,Rps27_T1
Rpl37a_T2<==>Rps27_T2,Rpl37a_T2,Rps27_T2
Rpl37a_T2<==>S100a6_M1,Rpl37a_T2,S100a6_M1
Rpl37a_T2<==>Rpl34_T2,Rpl37a_T2,Rpl34_T2
Rpl37a_T2<==>Selplg_M4,Rpl37a_T2,Selplg_M4
Rpl37a_T2<==>Rpl6_B2,Rpl37a_T2,Rpl6_B2
Rpl37a_T2<==>Igkv4-70_B3,Rpl37a_T2,Igkv4-70_B3
Rpl37a_T2<==>Taldo1_M3,Rpl37a_T2,Taldo1_M3
Rpl37a_T2<==>Rpl41_M3,Rpl37a_T2,Rpl41_M3
Rpl37a_T2<==>Rps7_B1,Rpl37a_T2,Rps7_B1
Rpl37a_T2<==>Rps29_T1,Rpl37a_T2,Rps29_T1
Rpl37a_T2<==>Rps29_T2,Rpl37a_T2,Rps29_T2
Rpl37a_T2<==>Rps29_T6_2,Rpl37a_T2,Rps29_T6_2
Rpl37a_T2<==>Ndufb1-ps_T2,Rpl37a_T2,Ndufb1-ps_T2
Rpl37a_T2<==>Ighv3-1_B2,Rpl37a_T2,Ighv3-1_B2
Rpl37a_T2<==>Hist1h2ap_T5,Rpl37a_T2,Hist1h2ap_T5
Rpl37a_T2<==>Itm2b_M1,Rpl37a_T2,Itm2b_M1
Rpl37a_T2<==>Rpl37_T1,Rpl37a_T2,Rpl37_T1
Rpl37a_T2<==>Rpl37_T2,Rpl37a_T2,Rpl37_T2
Rpl37a_T2<==>Rpl37_T5,Rpl37a_T2,Rpl37_T5
Rpl37a_T2<==>Ly6e_M0,Rpl37a_T2,Ly6e_M0
Rpl37a_T2<==>Rps28_M3,Rpl37a_T2,Rps28_M3
Rpl37a_T2<==>Rps28_T1,Rpl37a_T2,Rps28_T1
Rpl37a_T2<==>Rps28_T2,Rpl37a_T2,Rps28_T2
Rpl37a_T2<==>Malat1_T2,Rpl37a_T2,Malat1_T2
Rpl37a_T2<==>Malat1_T3,Rpl37a_T2,Malat1_T3
Rpl37a_T2<==>Fau_T2,Rpl37a_T2,Fau_T2
Rpl37a_T2<==>Fth1_B1,Rpl37a_T2,Fth1_B1
Rpl37a_T2<==>Ms4a7_M1,Rpl37a_T2,Ms4a7_M1
Rpl37a_T2<==>Atp5md_T1,Rpl37a_T2,Atp5md_T1
Rpl37a_T2<==>Rpl39_B1,Rpl37a_T2,Rpl39_B1
Rpl37a_T2<==>Rpl39_B2,Rpl37a_T2,Rpl39_B2
Rpl37a_T2<==>Rpl39_B5,Rpl37a_T2,Rpl39_B5
Rpl37a_T2<==>Rpl36a_T5,Rpl37a_T2,Rpl36a_T5
Rpl37a_T2<==>mt-Co2_T5,Rpl37a_T2,mt-Co2_T5
Rpl37a_T2<==>mt-Co2_T6,Rpl37a_T2,mt-Co2_T6
Rpl37a_T2<==>mt-Atp8_B3,Rpl37a_T2,mt-Atp8_B3
Rpl37a_T2<==>mt-Atp6_T0,Rpl37a_T2,mt-Atp6_T0
Rpl37a_T2<==>mt-Atp6_T2,Rpl37a_T2,mt-Atp6_T2
Rpl37a_T2<==>mt-Atp6_T3,Rpl37a_T2,mt-Atp6_T3
Rpl37a_T2<==>mt-Atp6_T4,Rpl37a_T2,mt-Atp6_T4
Rpl37a_T2<==>mt-Atp6_T5,Rpl37a_T2,mt-Atp6_T5
Rpl37a_T2<==>mt-Cytb_T2,Rpl37a_T2,mt-Cytb_T2
Cxcr2_M2<==>Cebpb_M1,Cxcr2_M2,Cebpb_M1
Cxcr2_M2<==>Srsf7_T1,Cxcr2_M2,Srsf7_T1
Arpc2_B1<==>Mmp14_M1,Arpc2_B1,Mmp14_M1
Arpc2_B1<==>Rcbtb2_M1,Arpc2_B1,Rcbtb2_M1
Arpc2_M0<==>Ppig_M0,Arpc2_M0,Ppig_M0
Arpc2_M0<==>Itgb2_M0,Arpc2_M0,Itgb2_M0
Arpc2_M0<==>Ier3_M0,Arpc2_M0,Ier3_M0
Arpc2_M0<==>Cd14_M0,Arpc2_M0,Cd14_M0
Arpc2_M2<==>Bcr_O10,Arpc2_M2,Bcr_O10
Arpc2_M2<==>Rpl35a_M2,Arpc2_M2,Rpl35a_M2
Arpc2_M3<==>Rac1_M3,Arpc2_M3,Rac1_M3
Arpc2_M3<==>Tpi1_T5,Arpc2_M3,Tpi1_T5
Arpc2_M3<==>Myh9_T4,Arpc2_M3,Myh9_T4
Arpc2_M4<==>Selenoh_B4,Arpc2_M4,Selenoh_B4
Arpc2_M4<==>Psma5_M4,Arpc2_M4,Psma5_M4
Arpc2_M4<==>Tmem50a_M0,Arpc2_M4,Tmem50a_M0
Arpc2_M4<==>Luc7l2_B5,Arpc2_M4,Luc7l2_B5
Arpc2_M4<==>Actg1_B4,Arpc2_M4,Actg1_B4
Arpc2_M4<==>Hsp90aa1_T5,Arpc2_M4,Hsp90aa1_T5
Arpc2_M4<==>Atp5g2_T4,Arpc2_M4,Atp5g2_T4
Arpc2_T2<==>Rpl13a_T2,Arpc2_T2,Rpl13a_T2
Arpc2_T2<==>H2-DMb1_M5,Arpc2_T2,H2-DMb1_M5
Arpc2_T5<==>Ier5_B3,Arpc2_T5,Ier5_B3
Arpc2_T5<==>Ppia_B5,Arpc2_T5,Ppia_B5
Arpc2_T5<==>Clint1_T2,Arpc2_T5,Clint1_T2
Slc11a1_M1<==>Sec62_T2,Slc11a1_M1,Sec62_T2
Slc11a1_M1<==>Etv3_M1,Slc11a1_M1,Etv3_M1
Slc11a1_M1<==>Cd53_T1,Slc11a1_M1,Cd53_T1
Slc11a1_M1<==>Eif4e_M1,Slc11a1_M1,Eif4e_M1
Slc11a1_M1<==>Lyn_B1,Slc11a1_M1,Lyn_B1
Slc11a1_M1<==>Lyn_M4,Slc11a1_M1,Lyn_M4
Slc11a1_M1<==>Abca1_M1,Slc11a1_M1,Abca1_M1
Slc11a1_M1<==>Rpl11_B5,Slc11a1_M1,Rpl11_B5
Slc11a1_M1<==>Clec2d_M3,Slc11a1_M1,Clec2d_M3
Slc11a1_M1<==>Rpl13_B1,Slc11a1_M1,Rpl13_B1
Slc11a1_M1<==>Hspa8_T0,Slc11a1_M1,Hspa8_T0
Slc11a1_M1<==>Ddx6_M1,Slc11a1_M1,Ddx6_M1
Slc11a1_M1<==>Rab8b_M4,Slc11a1_M1,Rab8b_M4
Slc11a1_M1<==>Rab8b_T0,Slc11a1_M1,Rab8b_T0
Slc11a1_M1<==>Snrpf_B5,Slc11a1_M1,Snrpf_B5
Slc11a1_M1<==>Sqstm1_M1,Slc11a1_M1,Sqstm1_M1
Slc11a1_M1<==>Cltc_M1,Slc11a1_M1,Cltc_M1
Slc11a1_M1<==>Rpl37_T2,Slc11a1_M1,Rpl37_T2
Slc11a1_M1<==>Runx1_M4,Slc11a1_M1,Runx1_M4
Slc11a1_M1<==>H2-Aa_M1,Slc11a1_M1,H2-Aa_M1
Slc11a1_M1<==>Cd14_M1,Slc11a1_M1,Cd14_M1
Slc11a1_M1<==>mt-Co3_T2,Slc11a1_M1,mt-Co3_T2
Dock10_M3<==>Rgs2_M5,Dock10_M3,Rgs2_M5
Dock10_M3<==>Emb_T4,Dock10_M3,Emb_T4
Dock10_M3<==>Mrpl57_T5,Dock10_M3,Mrpl57_T5
Dock10_M3<==>Crem_T4,Dock10_M3,Crem_T4
Trip12_M1<==>Srsf11_B1,Trip12_M1,Srsf11_B1
Trip12_M1<==>Irf8_M1,Trip12_M1,Irf8_M1
Trip12_M1<==>Cd164_T1,Trip12_M1,Cd164_T1
Trip12_M1<==>Rpl36al_M4,Trip12_M1,Rpl36al_M4
Trip12_M3<==>Ubxn4_M5,Trip12_M3,Ubxn4_M5
Trip12_M3<==>S100a11_M3,Trip12_M3,S100a11_M3
Trip12_M3<==>Lrp8_M7,Trip12_M3,Lrp8_M7
A530032D15Rik_B1<==>Rilpl2_B1,A530032D15Rik_B1,Rilpl2_B1
A530032D15Rik_B1<==>Bcl2a1b_T4,A530032D15Rik_B1,Bcl2a1b_T4
A530032D15Rik_B1<==>Psmb8_M4,A530032D15Rik_B1,Psmb8_M4
Sp110_M4<==>Selenoh_B4,Sp110_M4,Selenoh_B4
Sp110_M4<==>Clta_B1,Sp110_M4,Clta_B1
Sp110_M4<==>Luc7l2_B5,Sp110_M4,Luc7l2_B5
Sp110_M4<==>Ucp2_M0,Sp110_M4,Ucp2_M0
Sp110_M4<==>Coro1a_T3,Sp110_M4,Coro1a_T3
Sp110_M4<==>Gnai2_B1,Sp110_M4,Gnai2_B1
Sp110_M4<==>Hnrnpa0_M3,Sp110_M4,Hnrnpa0_M3
Sp110_M4<==>Btf3_T4,Sp110_M4,Btf3_T4
Sp110_M4<==>Rbx1_B4,Sp110_M4,Rbx1_B4
Sp110_M4<==>Rps2_B2,Sp110_M4,Rps2_B2
Sp110_M4<==>H2-K1_M0,Sp110_M4,H2-K1_M0
Sp110_M4<==>Cox8a_T2,Sp110_M4,Cox8a_T2
Sp110_M4<==>mt-Co3_M0,Sp110_M4,mt-Co3_M0
Sp140_B1<==>Atp5g3_M0,Sp140_B1,Atp5g3_M0
Sp140_B1<==>Rilpl2_B1,Sp140_B1,Rilpl2_B1
Sp140_B1<==>Jund_B5,Sp140_B1,Jund_B5
Sp140_B1<==>Cwc15_M3,Sp140_B1,Cwc15_M3
Sp140_B1<==>Bcl2a1b_T4,Sp140_B1,Bcl2a1b_T4
Sp140_B1<==>Sumo2_M0,Sp140_B1,Sumo2_M0
Sp140_B1<==>H2-T23_M3,Sp140_B1,H2-T23_M3
Sp140_B2<==>P4hb_M1,Sp140_B2,P4hb_M1
Sp140_B2<==>Igha_B3,Sp140_B2,Igha_B3
Sp140_B2<==>Timm23_T4,Sp140_B2,Timm23_T4
Sp140_B2<==>Sub1_B2,Sp140_B2,Sub1_B2
Sp140_B2<==>Nfkbie_M0,Sp140_B2,Nfkbie_M0
Sp140_B2<==>Myl12b_T5,Sp140_B2,Myl12b_T5
Sp140_B4<==>Krtcap2_T5,Sp140_B4,Krtcap2_T5
Sp140_B4<==>Gimap3_M5,Sp140_B4,Gimap3_M5
Sp140_B4<==>Cycs_T5,Sp140_B4,Cycs_T5
Sp140_B4<==>Arl6ip1_T3,Sp140_B4,Arl6ip1_T3
Sp140_B4<==>Cyba_M5,Sp140_B4,Cyba_M5
Sp140_B4<==>Rel_B4,Sp140_B4,Rel_B4
Sp140_B4<==>Prr13_T1,Sp140_B4,Prr13_T1
Sp140_B5<==>Edf1_M3,Sp140_B5,Edf1_M3
Sp140_B5<==>Fgl2_M0,Sp140_B5,Fgl2_M0
Sp140_B5<==>Rilpl2_B1,Sp140_B5,Rilpl2_B1
Sp140_B5<==>Maf_T2,Sp140_B5,Maf_T2
Sp140_B5<==>Rab8b_M5,Sp140_B5,Rab8b_M5
Sp140_B5<==>Tnfsf11_T7,Sp140_B5,Tnfsf11_T7
Sp140_B5<==>H2-Q7_B1,Sp140_B5,H2-Q7_B1
Sp140_B5<==>Gm42418_M2,Sp140_B5,Gm42418_M2
Sp140_B5<==>Eef1g_M3,Sp140_B5,Eef1g_M3
Sp140_M5<==>Rpl34_T2,Sp140_M5,Rpl34_T2
Sp140_M5<==>Rpl6_T2,Sp140_M5,Rpl6_T2
Sp140_M5<==>Arpc1b_M5,Sp140_M5,Arpc1b_M5
Itm2c_M1<==>Fth1_B1,Itm2c_M1,Fth1_B1
Itm2c_M3<==>Cenpf_T5,Itm2c_M3,Cenpf_T5
Itm2c_M3<==>Gng5_T3,Itm2c_M3,Gng5_T3
Itm2c_M3<==>Fgl2_M0,Itm2c_M3,Fgl2_M0
Itm2c_M3<==>Tmem176b_M1,Itm2c_M3,Tmem176b_M1
Itm2c_M3<==>Ldha_M0,Itm2c_M3,Ldha_M0
Itm2c_M3<==>Rplp2_T6_2,Itm2c_M3,Rplp2_T6_2
Itm2c_M3<==>Higd1a_T5,Itm2c_M3,Higd1a_T5
Itm2c_M3<==>Ddx24_T1,Itm2c_M3,Ddx24_T1
Itm2c_M3<==>H2-Ab1_B1,Itm2c_M3,H2-Ab1_B1
Ncl_B0<==>Ier5_M0,Ncl_B0,Ier5_M0
Ncl_B0<==>Rpl34_B3,Ncl_B0,Rpl34_B3
Ncl_B0<==>Tpm4_B1,Ncl_B0,Tpm4_B1
Ncl_B0<==>Ift20_B3,Ncl_B0,Ift20_B3
Ncl_B0<==>Hsp90aa1_B0,Ncl_B0,Hsp90aa1_B0
Ncl_B0<==>Hsp90ab1_B3,Ncl_B0,Hsp90ab1_B3
Ncl_B1<==>Ppig_B1,Ncl_B1,Ppig_B1
Ncl_B1<==>Ppig_M3,Ncl_B1,Ppig_M3
Ncl_B1<==>Atp1a1_M3,Ncl_B1,Atp1a1_M3
Ncl_B1<==>Rps6_T5,Ncl_B1,Rps6_T5
Ncl_B1<==>Pde4b_M1,Ncl_B1,Pde4b_M1
Ncl_B1<==>Ost4_B1,Ncl_B1,Ost4_B1
Ncl_B1<==>Jchain_B4,Ncl_B1,Jchain_B4
Ncl_B1<==>Rps9_T5,Ncl_B1,Rps9_T5
Ncl_B1<==>Vasp_M0,Ncl_B1,Vasp_M0
Ncl_B1<==>Sept7_T4,Ncl_B1,Sept7_T4
Ncl_B1<==>Ubb_B1,Ncl_B1,Ubb_B1
Ncl_B1<==>Ndufb1-ps_T4,Ncl_B1,Ndufb1-ps_T4
Ncl_B1<==>Ighg2c_B4,Ncl_B1,Ighg2c_B4
Ncl_B1<==>Ywhaz_T1,Ncl_B1,Ywhaz_T1
Ncl_B1<==>Eif3e_M3,Ncl_B1,Eif3e_M3
Ncl_B1<==>Atf4_O7,Ncl_B1,Atf4_O7
Ncl_B1<==>Ier3_M1,Ncl_B1,Ier3_M1
Ncl_B1<==>Rpl36_M3,Ncl_B1,Rpl36_M3
Ncl_B1<==>Crem_B1,Ncl_B1,Crem_B1
Ncl_B1<==>Fem1c_M3,Ncl_B1,Fem1c_M3
Ncl_B1<==>Atp5md_T1,Ncl_B1,Atp5md_T1
Ncl_B1<==>Rps4x_B2,Ncl_B1,Rps4x_B2
Ncl_B1<==>mt-Co2_B2,Ncl_B1,mt-Co2_B2
Ncl_B1<==>mt-Nd3_B0,Ncl_B1,mt-Nd3_B0
Ncl_B1<==>mt-Nd3_T4,Ncl_B1,mt-Nd3_T4
Ncl_B1<==>mt-Cytb_B2,Ncl_B1,mt-Cytb_B2
Ncl_B3<==>Hnrnpa3_B3,Ncl_B3,Hnrnpa3_B3
Ncl_B3<==>Cd44_B3,Ncl_B3,Cd44_B3
Ncl_B3<==>Gnas_B3,Ncl_B3,Gnas_B3
Ncl_B3<==>Kmt2e_B3,Ncl_B3,Kmt2e_B3
Ncl_B3<==>Ighg1_B5,Ncl_B3,Ighg1_B5
Ncl_B3<==>Ly6a_T4,Ncl_B3,Ly6a_T4
Ncl_B3<==>Iglv3_B3,Ncl_B3,Iglv3_B3
Ncl_B3<==>H2-K1_O10,Ncl_B3,H2-K1_O10
Ncl_B3<==>Cybb_M3,Ncl_B3,Cybb_M3
Ncl_B5<==>Tpm4_T1,Ncl_B5,Tpm4_T1
Ncl_B5<==>Got2_M4,Ncl_B5,Got2_M4
Ncl_B5<==>Myl12b_T2,Ncl_B5,Myl12b_T2
Ncl_M5<==>Tnfaip6_O7,Ncl_M5,Tnfaip6_O7
Ncl_M5<==>Hnrnpa3_T4,Ncl_M5,Hnrnpa3_T4
Ncl_M5<==>Selenow_T3,Ncl_M5,Selenow_T3
Ncl_M5<==>Ighg1_B2,Ncl_M5,Ighg1_B2
Ncl_M5<==>Kif5b_M1,Ncl_M5,Kif5b_M1
Ncl_M5<==>Tmem258_T4,Ncl_M5,Tmem258_T4
Ncl_O7<==>Tubb4b_B3,Ncl_O7,Tubb4b_B3
Ncl_O7<==>Srp14_M3,Ncl_O7,Srp14_M3
Ncl_O7<==>Rpl22l1_B3,Ncl_O7,Rpl22l1_B3
Ncl_O7<==>Manf_B3,Ncl_O7,Manf_B3
Ncl_O7<==>Bsg_M3,Ncl_O7,Bsg_M3
Ncl_O7<==>Klf6_M0,Ncl_O7,Klf6_M0
Ncl_O7<==>Ptprcap_B1,Ncl_O7,Ptprcap_B1
Ncl_T0<==>Vps4b_M3,Ncl_T0,Vps4b_M3
Ncl_T0<==>Snrpg_M5,Ncl_T0,Snrpg_M5
Ncl_T0<==>Atp6v1e1_M0,Ncl_T0,Atp6v1e1_M0
Ncl_T0<==>Nfkbia_M4,Ncl_T0,Nfkbia_M4
Ncl_T0<==>Calm2_T3,Ncl_T0,Calm2_T3
Ncl_T0<==>Xist_B1,Ncl_T0,Xist_B1
Ncl_T1<==>Sparcl1_O7,Ncl_T1,Sparcl1_O7
Ncl_T1<==>Gfpt2_O7,Ncl_T1,Gfpt2_O7
Ncl_T1<==>Crip1_M0,Ncl_T1,Crip1_M0
Ncl_T1<==>Igfbp6_O7,Ncl_T1,Igfbp6_O7
Ncl_T1<==>mt-Nd5_B2,Ncl_T1,mt-Nd5_B2
Ncl_T2<==>Ptp4a2_T1,Ncl_T2,Ptp4a2_T1
Ncl_T2<==>Pole4_T5,Ncl_T2,Pole4_T5
Ncl_T2<==>Snrpg_B3,Ncl_T2,Snrpg_B3
Ncl_T3<==>Ramp1_T4,Ncl_T3,Ramp1_T4
Ncl_T3<==>Rpl35_T2,Ncl_T3,Rpl35_T2
Ncl_T3<==>Hnrnpa3_T3,Ncl_T3,Hnrnpa3_T3
Ncl_T3<==>Rps21_T2,Ncl_T3,Rps21_T2
Ncl_T3<==>Rps27_T1,Ncl_T3,Rps27_T1
Ncl_T3<==>Runx3_T5,Ncl_T3,Runx3_T5
Ncl_T3<==>Xbp1_M4,Ncl_T3,Xbp1_M4
Ncl_T3<==>Rps29_T1,Ncl_T3,Rps29_T1
Ncl_T3<==>Rps29_T2,Ncl_T3,Rps29_T2
Ncl_T3<==>Ywhaz_T3,Ncl_T3,Ywhaz_T3
Ncl_T3<==>Atp6v0c_B3,Ncl_T3,Atp6v0c_B3
Ncl_T3<==>Rps28_T1,Ncl_T3,Rps28_T1
Ncl_T3<==>Atp5md_B1,Ncl_T3,Atp5md_B1
Ncl_T3<==>Atp5md_T2,Ncl_T3,Atp5md_T2
Ncl_T3<==>Rpl36a_T5,Ncl_T3,Rpl36a_T5
Ptma_B3<==>Gas5_B3,Ptma_B3,Gas5_B3
Ptma_B3<==>Hnrnpa3_B3,Ptma_B3,Hnrnpa3_B3
Ptma_B3<==>Cd44_B3,Ptma_B3,Cd44_B3
Ptma_B3<==>Dnajb6_B3,Ptma_B3,Dnajb6_B3
Ptma_B3<==>Rsrc2_B3,Ptma_B3,Rsrc2_B3
Ptma_B3<==>Serbp1_B3,Ptma_B3,Serbp1_B3
Ptma_B3<==>Bax_T5,Ptma_B3,Bax_T5
Ptma_B3<==>Selenos_B3,Ptma_B3,Selenos_B3
Ptma_B3<==>Sqstm1_B3,Ptma_B3,Sqstm1_B3
Ptma_B3<==>Eif5a_B4,Ptma_B3,Eif5a_B4
Ptma_B3<==>Ctla2a_T0,Ptma_B3,Ctla2a_T0
Ptma_B3<==>Psme2_M1,Ptma_B3,Psme2_M1
Ptma_B3<==>Itm2b_M1,Ptma_B3,Itm2b_M1
Ptma_B3<==>Elf1_B3,Ptma_B3,Elf1_B3
Ptma_B3<==>Jak2_T2,Ptma_B3,Jak2_T2
Ptma_B5<==>Ube2d3_B1,Ptma_B5,Ube2d3_B1
Ptma_B5<==>Igkv6-25_B1,Ptma_B5,Igkv6-25_B1
Ptma_B5<==>Nfkbia_B3,Ptma_B5,Nfkbia_B3
Ptma_B5<==>Cebpz_B1,Ptma_B5,Cebpz_B1
Ptma_B6_0<==>Ptpn1_M1,Ptma_B6_0,Ptpn1_M1
Ptma_M3<==>Ncf1_B5,Ptma_M3,Ncf1_B5
Ptma_M3<==>Ftl1_M3,Ptma_M3,Ftl1_M3
Ptma_M3<==>Sema7a_M3,Ptma_M3,Sema7a_M3
Ptma_M3<==>Tbc1d15_B3,Ptma_M3,Tbc1d15_B3
Ptma_M3<==>Cxcl16_M3,Ptma_M3,Cxcl16_M3
Ptma_M3<==>Pfn1_T3,Ptma_M3,Pfn1_T3
Ptma_M3<==>Ighv5-6_B5,Ptma_M3,Ighv5-6_B5
Ptma_M3<==>Serpinb6b_M3,Ptma_M3,Serpinb6b_M3
Ptma_M3<==>Serpinb9_M3,Ptma_M3,Serpinb9_M3
Ptma_M3<==>Sec11c_M3,Ptma_M3,Sec11c_M3
Ptma_M5<==>Ssb_M5,Ptma_M5,Ssb_M5
Ptma_M5<==>Stat3_T3,Ptma_M5,Stat3_T3
Ptma_T1<==>Rpl27_M3,Ptma_T1,Rpl27_M3
Arl4c_M1<==>Edf1_M0,Arl4c_M1,Edf1_M0
Arl4c_M1<==>Ndufb7_T4,Arl4c_M1,Ndufb7_T4
Arl4c_M1<==>Actr2_M4,Arl4c_M1,Actr2_M4
Arl4c_M1<==>Pafah1b1_T3,Arl4c_M1,Pafah1b1_T3
Arl4c_M1<==>Ywhaz_M3,Arl4c_M1,Ywhaz_M3
Arl4c_M3<==>Cytip_T3,Arl4c_M3,Cytip_T3
Arl4c_M3<==>Gatm_M1,Arl4c_M3,Gatm_M1
Arl4c_M3<==>Coro1a_T5,Arl4c_M3,Coro1a_T5
Arl4c_M3<==>Ddx6_M5,Arl4c_M3,Ddx6_M5
Arl4c_M3<==>Myl12b_T2,Arl4c_M3,Myl12b_T2
Arl4c_M3<==>Slc15a3_M3,Arl4c_M3,Slc15a3_M3
Arl4c_M5<==>Cox7a2_M5,Arl4c_M5,Cox7a2_M5
Arl4c_M5<==>Grb2_M5,Arl4c_M5,Grb2_M5
Col6a3_O7<==>Gas5_T3,Col6a3_O7,Gas5_T3
Col6a3_O7<==>Capg_M0,Col6a3_O7,Capg_M0
Lrrfip1_M3<==>Selplg_T3,Lrrfip1_M3,Selplg_T3
Lrrfip1_M3<==>Dynll1_M5,Lrrfip1_M3,Dynll1_M5
Lrrfip1_M3<==>Tax1bp1_M3,Lrrfip1_M3,Tax1bp1_M3
Lrrfip1_M3<==>Atp5j_M0,Lrrfip1_M3,Atp5j_M0
Lrrfip1_M3<==>Cd274_B3,Lrrfip1_M3,Cd274_B3
Ramp1_T4<==>Etv3_M1,Ramp1_T4,Etv3_M1
Ramp1_T4<==>Rps27_T6_2,Ramp1_T4,Rps27_T6_2
Ramp1_T4<==>Cd53_B3,Ramp1_T4,Cd53_B3
Ramp1_T4<==>Sh3bgrl3_M1,Ramp1_T4,Sh3bgrl3_M1
Ramp1_T4<==>Erp29_M3,Ramp1_T4,Erp29_M3
Ramp1_T4<==>Fosb_B3,Ramp1_T4,Fosb_B3
Ramp1_T4<==>Eif3f_M1,Ramp1_T4,Eif3f_M1
Ramp1_T4<==>Rpl18a_M1,Ramp1_T4,Rpl18a_M1
Ramp1_T4<==>Ets1_M5,Ramp1_T4,Ets1_M5
Ramp1_T4<==>Cox5a_M0,Ramp1_T4,Cox5a_M0
Ramp1_T4<==>Ppp1r12a_T4,Ramp1_T4,Ppp1r12a_T4
Ramp1_T4<==>Mgl2_M1,Ramp1_T4,Mgl2_M1
Ramp1_T4<==>Sub1_T3,Ramp1_T4,Sub1_T3
Ramp1_T4<==>Pabpc1_M3,Ramp1_T4,Pabpc1_M3
Ramp1_T4<==>Eef1d_M1,Ramp1_T4,Eef1d_M1
Ramp1_T4<==>Csf2rb_M4,Ramp1_T4,Csf2rb_M4
Ramp1_T4<==>Rpl35a_T6_2,Ramp1_T4,Rpl35a_T6_2
Ramp1_T4<==>Runx1_M4,Ramp1_T4,Runx1_M4
Ramp1_T4<==>Crem_M4,Ramp1_T4,Crem_M4
Ramp1_T4<==>Fkbp2_B3,Ramp1_T4,Fkbp2_B3
Ramp1_T4<==>Ms4a6b_T5,Ramp1_T4,Ms4a6b_T5
Cops9_M0<==>Rpl36_M3,Cops9_M0,Rpl36_M3
Cops9_M0<==>Rpl36_T1,Cops9_M0,Rpl36_T1
Cops9_M0<==>Rpl17_T4,Cops9_M0,Rpl17_T4
Cops9_M3<==>S100a6_T4,Cops9_M3,S100a6_T4
Cops9_M3<==>H2-K1_B3,Cops9_M3,H2-K1_B3
Cops9_M3<==>Shtn1_M4,Cops9_M3,Shtn1_M4
Hdlbp_B3<==>Itgb2_M5,Hdlbp_B3,Itgb2_M5
Hdlbp_B3<==>Rpl36al_B3,Hdlbp_B3,Rpl36al_B3
Hdlbp_B3<==>Eif3h_B5,Hdlbp_B3,Eif3h_B5
Hdlbp_M1<==>H2-K1_T4,Hdlbp_M1,H2-K1_T4
Hdlbp_M1<==>mt-Nd1_B2,Hdlbp_M1,mt-Nd1_B2
Hdlbp_T5<==>Tmem189_M3,Hdlbp_T5,Tmem189_M3
Hdlbp_T5<==>Cdc42_B3,Hdlbp_T5,Cdc42_B3
Hdlbp_T5<==>Clec4d_M2,Hdlbp_T5,Clec4d_M2
Pdcd1_T4<==>Btg2_T7,Pdcd1_T4,Btg2_T7
Pdcd1_T4<==>Lpgat1_M7,Pdcd1_T4,Lpgat1_M7
Pdcd1_T4<==>Rpl22l1_M3,Pdcd1_T4,Rpl22l1_M3
Pdcd1_T4<==>Mier1_T4,Pdcd1_T4,Mier1_T4
Pdcd1_T4<==>Nrd1_B3,Pdcd1_T4,Nrd1_B3
Pdcd1_T4<==>Tnfrsf4_T2,Pdcd1_T4,Tnfrsf4_T2
Pdcd1_T4<==>Akap13_T4,Pdcd1_T4,Akap13_T4
Pdcd1_T4<==>Ubfd1_M4,Pdcd1_T4,Ubfd1_M4
Pdcd1_T4<==>Irf8_M1,Pdcd1_T4,Irf8_M1
Pdcd1_T4<==>Ddx6_M5,Pdcd1_T4,Ddx6_M5
Pdcd1_T4<==>Hif1a_T4,Pdcd1_T4,Hif1a_T4
Pdcd1_T4<==>Crip1_T4,Pdcd1_T4,Crip1_T4
Pdcd1_T4<==>Stk24_T4,Pdcd1_T4,Stk24_T4
Pdcd1_T4<==>Slc38a1_M5,Pdcd1_T4,Slc38a1_M5
Pdcd1_T4<==>H2-Q7_M5,Pdcd1_T4,H2-Q7_M5
Pdcd1_T4<==>Satb1_T5,Pdcd1_T4,Satb1_T5
Pdcd1_T4<==>Ndfip1_T4,Pdcd1_T4,Ndfip1_T4
Pdcd1_T4<==>Mbd2_T4,Pdcd1_T4,Mbd2_T4
Pdcd1_T4<==>Jak2_M5,Pdcd1_T4,Jak2_M5
Pdcd1_T4<==>Mxi1_T5,Pdcd1_T4,Mxi1_T5
Pdcd1_T4<==>Rbbp7_M4,Pdcd1_T4,Rbbp7_M4
Fam174a_M5<==>Psme1_B2,Fam174a_M5,Psme1_B2
Fam174a_M5<==>Cfl1_B1,Fam174a_M5,Cfl1_B1
Fam174a_M5<==>Ahnak_T4,Fam174a_M5,Ahnak_T4
Vps4b_M3<==>Set_T2,Vps4b_M3,Set_T2
Vps4b_M3<==>Rps27l_M4,Vps4b_M3,Rps27l_M4
Vps4b_M3<==>Nfkbia_M4,Vps4b_M3,Nfkbia_M4
Vps4b_M3<==>Appl1_M3,Vps4b_M3,Appl1_M3
Vps4b_M3<==>Xist_B1,Vps4b_M3,Xist_B1
Dbi_B4<==>Selenoh_B4,Dbi_B4,Selenoh_B4
Dbi_B4<==>Atp13a2_M0,Dbi_B4,Atp13a2_M0
Dbi_M0<==>Selplg_T3,Dbi_M0,Selplg_T3
Dbi_M0<==>Arhgdib_M0,Dbi_M0,Arhgdib_M0
Dbi_M0<==>Hmgb2_T2,Dbi_M0,Hmgb2_T2
Dbi_M0<==>Snrpf_B5,Dbi_M0,Snrpf_B5
Dbi_M0<==>Ppia_B2,Dbi_M0,Ppia_B2
Dbi_M0<==>Lgals3_M1,Dbi_M0,Lgals3_M1
Dbi_T5<==>Clta_T3,Dbi_T5,Clta_T3
Actr3_B1<==>Ptgs2_M0,Actr3_B1,Ptgs2_M0
Actr3_B1<==>S100a11_B1,Actr3_B1,S100a11_B1
Actr3_B1<==>Ighm_B3,Actr3_B1,Ighm_B3
Actr3_M0<==>Igkv17-127_B3,Actr3_M0,Igkv17-127_B3
Actr3_M3<==>S100a10_B3,Actr3_M3,S100a10_B3
Actr3_M3<==>Eif4e_M3,Actr3_M3,Eif4e_M3
Actr3_M3<==>Ncf1_B5,Actr3_M3,Ncf1_B5
Actr3_M3<==>Isy1_T4,Actr3_M3,Isy1_T4
Actr3_M3<==>Wnk1_T3,Actr3_M3,Wnk1_T3
Actr3_M3<==>Hspa8_M0,Actr3_M3,Hspa8_M0
Actr3_M3<==>Gadd45b_M3,Actr3_M3,Gadd45b_M3
Actr3_M3<==>Cxcl16_M3,Actr3_M3,Cxcl16_M3
Actr3_M3<==>Nme2_M3,Actr3_M3,Nme2_M3
Actr3_M3<==>Stat3_T3,Actr3_M3,Stat3_T3
Actr3_M3<==>Atp5g2_M3,Actr3_M3,Atp5g2_M3
Actr3_M3<==>Cox17_M0,Actr3_M3,Cox17_M0
Actr3_M3<==>Crem_M4,Actr3_M3,Crem_M4
Actr3_M3<==>Crem_T3,Actr3_M3,Crem_T3
Actr3_M3<==>Slc15a3_M3,Actr3_M3,Slc15a3_M3
Actr3_T2<==>Pnrc1_T1,Actr3_T2,Pnrc1_T1
Actr3_T2<==>Snrpd2_T3,Actr3_T2,Snrpd2_T3
Actr3_T2<==>Eef1a1_B3,Actr3_T2,Eef1a1_B3
Actr3_T2<==>Nktr_B4,Actr3_T2,Nktr_B4
Actr3_T3<==>Ighv1-50_B3,Actr3_T3,Ighv1-50_B3
Actr3_T4<==>Rps15_T2,Actr3_T4,Rps15_T2
Ubxn4_B3<==>Myl6_B3,Ubxn4_B3,Myl6_B3
Ubxn4_B3<==>Canx_B3,Ubxn4_B3,Canx_B3
Ubxn4_M4<==>Tomm7_M5,Ubxn4_M4,Tomm7_M5
Ubxn4_M4<==>Hnrnpc_M0,Ubxn4_M4,Hnrnpc_M0
Ubxn4_M5<==>Soat1_M1,Ubxn4_M5,Soat1_M1
Ubxn4_M5<==>B2m_O10,Ubxn4_M5,B2m_O10
Ubxn4_M5<==>Fam110a_T7,Ubxn4_M5,Fam110a_T7
Ubxn4_M5<==>Slpi_B3,Ubxn4_M5,Slpi_B3
Ubxn4_M5<==>Ube2c_T5,Ubxn4_M5,Ube2c_T5
Ubxn4_M5<==>Axl_M1,Ubxn4_M5,Axl_M1
Ubxn4_M5<==>Derl3_B3,Ubxn4_M5,Derl3_B3
Ubxn4_M5<==>Atox1_M5,Ubxn4_M5,Atox1_M5
Cxcr4_B1<==>Rnf130_M3,Cxcr4_B1,Rnf130_M3
Cxcr4_B1<==>Ube2b_T7,Cxcr4_B1,Ube2b_T7
Cxcr4_B1<==>Pfn1_T5,Cxcr4_B1,Pfn1_T5
Cxcr4_B4<==>Ighv1-42_B3,Cxcr4_B4,Ighv1-42_B3
Cxcr4_B4<==>Rpl10_B4,Cxcr4_B4,Rpl10_B4
Cxcr4_M1<==>Iglv3_B4,Cxcr4_M1,Iglv3_B4
Cxcr4_M1<==>Pla2g7_M1,Cxcr4_M1,Pla2g7_M1
Cxcr4_M3<==>Srrm1_M0,Cxcr4_M3,Srrm1_M0
Cxcr4_M3<==>Napsa_M3,Cxcr4_M3,Napsa_M3
Cxcr4_M3<==>Ubald2_T3,Cxcr4_M3,Ubald2_T3
Cxcr4_M5<==>Atp5c1_M3,Cxcr4_M5,Atp5c1_M3
Cxcr4_M5<==>Rps3a1_B2,Cxcr4_M5,Rps3a1_B2
Cxcr4_M5<==>Rps3a1_T1,Cxcr4_M5,Rps3a1_T1
Cxcr4_M5<==>Ctss_B5,Cxcr4_M5,Ctss_B5
Cxcr4_M5<==>Rabac1_T4,Cxcr4_M5,Rabac1_T4
Cxcr4_M5<==>Fnip1_M3,Cxcr4_M5,Fnip1_M3
Cxcr4_M5<==>Ahr_M5,Cxcr4_M5,Ahr_M5
Cxcr4_M5<==>Ctsb_M5,Cxcr4_M5,Ctsb_M5
Cxcr4_M5<==>Cd14_M2,Cxcr4_M5,Cd14_M2
Mapkapk2_M0<==>Cd53_T2,Mapkapk2_M0,Cd53_T2
Mapkapk2_M0<==>Ptp4a2_T3,Mapkapk2_M0,Ptp4a2_T3
Mapkapk2_M0<==>St3gal5_M4,Mapkapk2_M0,St3gal5_M4
Mapkapk2_M0<==>Sec61g_T2,Mapkapk2_M0,Sec61g_T2
Mapkapk2_M0<==>Id2_M0,Mapkapk2_M0,Id2_M0
Mapkapk2_M0<==>Hnrnpk_B3,Mapkapk2_M0,Hnrnpk_B3
Mapkapk2_M0<==>Cd274_M0,Mapkapk2_M0,Cd274_M0
Mapkapk2_M1<==>Hnrnpk_M1,Mapkapk2_M1,Hnrnpk_M1
Mapkapk2_M3<==>Sh3bgrl3_T4,Mapkapk2_M3,Sh3bgrl3_T4
Mapkapk2_M3<==>Rilpl2_B1,Mapkapk2_M3,Rilpl2_B1
Mapkapk2_M3<==>Stk24_T5,Mapkapk2_M3,Stk24_T5
Mapkapk2_M3<==>Psmb1_T4,Mapkapk2_M3,Psmb1_T4
Nucks1_B1<==>Scp2_M3,Nucks1_B1,Scp2_M3
Nucks1_B1<==>Igkv3-4_B2,Nucks1_B1,Igkv3-4_B2
Nucks1_B1<==>Map1lc3b_T1,Nucks1_B1,Map1lc3b_T1
Nucks1_B1<==>Man1a_B1,Nucks1_B1,Man1a_B1
Nucks1_B1<==>Slc25a3_T2,Nucks1_B1,Slc25a3_T2
Nucks1_B1<==>Gna13_T2,Nucks1_B1,Gna13_T2
Nucks1_B1<==>Ywhaz_T3,Nucks1_B1,Ywhaz_T3
Nucks1_B1<==>Morf4l2_M5,Nucks1_B1,Morf4l2_M5
Nucks1_B4<==>H3f3a_B1,Nucks1_B4,H3f3a_B1
Nucks1_B4<==>Selenoh_B4,Nucks1_B4,Selenoh_B4
Nucks1_B4<==>B2m_B6_0,Nucks1_B4,B2m_B6_0
Nucks1_B4<==>Mapre1_B4,Nucks1_B4,Mapre1_B4
Nucks1_B4<==>Cd53_T1,Nucks1_B4,Cd53_T1
Nucks1_B4<==>Cd52_T5,Nucks1_B4,Cd52_T5
Nucks1_B4<==>Trib1_M4,Nucks1_B4,Trib1_M4
Nucks1_B4<==>Tuba1b_B4,Nucks1_B4,Tuba1b_B4
Nucks1_B4<==>Brd4_M3,Nucks1_B4,Brd4_M3
Snrpe_B1<==>Snrpe_B2,Snrpe_B1,Snrpe_B2
Snrpe_B1<==>Cd44_T4,Snrpe_B1,Cd44_T4
Snrpe_B1<==>Ctsz_B1,Snrpe_B1,Ctsz_B1
Snrpe_B1<==>Nfkb1_M1,Snrpe_B1,Nfkb1_M1
Snrpe_B1<==>Tnfrsf1b_T2,Snrpe_B1,Tnfrsf1b_T2
Snrpe_B1<==>Tmed5_M1,Snrpe_B1,Tmed5_M1
Snrpe_B1<==>Cox6a1_M3,Snrpe_B1,Cox6a1_M3
Snrpe_B1<==>Pxn_M1,Snrpe_B1,Pxn_M1
Snrpe_B1<==>Pcbp1_M1,Snrpe_B1,Pcbp1_M1
Snrpe_B1<==>Coro1a_B1,Snrpe_B1,Coro1a_B1
Snrpe_B1<==>Rps25_T3,Snrpe_B1,Rps25_T3
Snrpe_B1<==>Rab8b_M1,Snrpe_B1,Rab8b_M1
Snrpe_B1<==>Rps15_T1,Snrpe_B1,Rps15_T1
Snrpe_B1<==>Eif1_T7,Snrpe_B1,Eif1_T7
Snrpe_B1<==>Cyth1_M3,Snrpe_B1,Cyth1_M3
Snrpe_B1<==>Sf3b6_B1,Snrpe_B1,Sf3b6_B1
Snrpe_B1<==>Id2_M3,Snrpe_B1,Id2_M3
Snrpe_B1<==>Crip1_T4,Snrpe_B1,Crip1_T4
Snrpe_B1<==>Ighg1_B2,Snrpe_B1,Ighg1_B2
Snrpe_B1<==>Ighg1_B3,Snrpe_B1,Ighg1_B3
Snrpe_B1<==>Hnrnpa0_M1,Snrpe_B1,Hnrnpa0_M1
Snrpe_B1<==>Reep5_T2,Snrpe_B1,Reep5_T2
Snrpe_B1<==>Paip2_T2,Snrpe_B1,Paip2_T2
Snrpe_B1<==>Ndufa2_B1,Snrpe_B1,Ndufa2_B1
Snrpe_B1<==>Rpl36a_T2,Snrpe_B1,Rpl36a_T2
Snrpe_B2<==>Snrpb_M3,Snrpe_B2,Snrpb_M3
Snrpe_B2<==>Atp1a1_M1,Snrpe_B2,Atp1a1_M1
Snrpe_B2<==>Selplg_T3,Snrpe_B2,Selplg_T3
Snrpe_B2<==>Chchd2_B5,Snrpe_B2,Chchd2_B5
Snrpe_B2<==>Irs2_T7,Snrpe_B2,Irs2_T7
Snrpe_B2<==>Sec61g_T0,Snrpe_B2,Sec61g_T0
Snrpe_B2<==>Nme1_B5,Snrpe_B2,Nme1_B5
Snrpe_B2<==>Srsf2_B5,Snrpe_B2,Srsf2_B5
Snrpe_B2<==>Sf3b6_B1,Snrpe_B2,Sf3b6_B1
Snrpe_B2<==>Ighg1_B2,Snrpe_B2,Ighg1_B2
Snrpe_B2<==>Gpr141b_M4,Snrpe_B2,Gpr141b_M4
Snrpe_B2<==>Ninj1_M3,Snrpe_B2,Ninj1_M3
Snrpe_B2<==>Hnrnpa0_M1,Snrpe_B2,Hnrnpa0_M1
Snrpe_B2<==>Mrpl52_B1,Snrpe_B2,Mrpl52_B1
Snrpe_B2<==>Ywhaz_B4,Snrpe_B2,Ywhaz_B4
Snrpe_B2<==>Ifngr2_M3,Snrpe_B2,Ifngr2_M3
Snrpe_B2<==>H2-D1_B5,Snrpe_B2,H2-D1_B5
Snrpe_B2<==>Ptprcap_B1,Snrpe_B2,Ptprcap_B1
Snrpe_B2<==>Got1_T2,Snrpe_B2,Got1_T2
Snrpe_B2<==>mt-Co2_B2,Snrpe_B2,mt-Co2_B2
Snrpe_B2<==>mt-Atp6_B2,Snrpe_B2,mt-Atp6_B2
Snrpe_B2<==>mt-Co3_B2,Snrpe_B2,mt-Co3_B2
Snrpe_B5<==>Prdx6_T3,Snrpe_B5,Prdx6_T3
Snrpe_B5<==>Lmnb1_B1,Snrpe_B5,Lmnb1_B1
Snrpe_M3<==>Ran_M3,Snrpe_M3,Ran_M3
Snrpe_M3<==>Cox7a2_T4,Snrpe_M3,Cox7a2_T4
Snrpe_M3<==>Cd86_M3,Snrpe_M3,Cd86_M3
Snrpe_M3<==>H2-T23_M0,Snrpe_M3,H2-T23_M0
Snrpe_T1<==>Ighg1_B4,Snrpe_T1,Ighg1_B4
Btg2_B1<==>Map1lc3b_T3,Btg2_B1,Map1lc3b_T3
Btg2_B1<==>Rab8b_M4,Btg2_B1,Rab8b_M4
Btg2_B1<==>Hnrnpk_T2,Btg2_B1,Hnrnpk_T2
Btg2_T4<==>Rpl32_B2,Btg2_T4,Rpl32_B2
Btg2_T4<==>Eif3k_B5,Btg2_T4,Eif3k_B5
Btg2_T4<==>Napsa_M3,Btg2_T4,Napsa_M3
Btg2_T4<==>Psme2_M4,Btg2_T4,Psme2_M4
Btg2_T4<==>Rps18_B2,Btg2_T4,Rps18_B2
Btg2_T5<==>Srrm1_M0,Btg2_T5,Srrm1_M0
Btg2_T7<==>Tomm20_B3,Btg2_T7,Tomm20_B3
Btg2_T7<==>Ets1_T4,Btg2_T7,Ets1_T4
Btg2_T7<==>Stat3_T5,Btg2_T7,Stat3_T5
Btg2_T7<==>Syngr2_M3,Btg2_T7,Syngr2_M3
Chil1_M0<==>Slpi_M0,Chil1_M0,Slpi_M0
Chil1_M0<==>Vasp_M0,Chil1_M0,Vasp_M0
Chil1_M0<==>Acsl1_M0,Chil1_M0,Acsl1_M0
Chil1_M0<==>Glipr1_B3,Chil1_M0,Glipr1_B3
Chil1_M0<==>Ly6i_M0,Chil1_M0,Ly6i_M0
Chil1_M0<==>Cfb_M0,Chil1_M0,Cfb_M0
Chil1_M0<==>Prdx5_M0,Chil1_M0,Prdx5_M0
Chil1_M0<==>Fth1_M0,Chil1_M0,Fth1_M0
Chil1_M0<==>Pgk1_M0,Chil1_M0,Pgk1_M0
Adipor1_M5<==>Cd302_M0,Adipor1_M5,Cd302_M0
Adipor1_M5<==>Alox5ap_M5,Adipor1_M5,Alox5ap_M5
Adipor1_M5<==>H2afj_T2,Adipor1_M5,H2afj_T2
Adipor1_M5<==>Emp3_M3,Adipor1_M5,Emp3_M3
Adipor1_M5<==>Cd3g_M5,Adipor1_M5,Cd3g_M5
Cacna1s_B3<==>Tagln2_M5,Cacna1s_B3,Tagln2_M5
Cacna1s_B3<==>Traf1_T0,Cacna1s_B3,Traf1_T0
Cacna1s_B3<==>Ctss_B1,Cacna1s_B3,Ctss_B1
Cacna1s_B3<==>Rab7_M0,Cacna1s_B3,Rab7_M0
Cacna1s_B3<==>Hspa8_B5,Cacna1s_B3,Hspa8_B5
Cacna1s_B3<==>Manf_M0,Cacna1s_B3,Manf_M0
Cacna1s_B3<==>Slit3_O7,Cacna1s_B3,Slit3_O7
Cacna1s_B3<==>Ddx5_T4,Cacna1s_B3,Ddx5_T4
Cacna1s_B3<==>Odc1_B1,Cacna1s_B3,Odc1_B1
Cacna1s_B3<==>Id2_T2,Cacna1s_B3,Id2_T2
Cacna1s_B3<==>Basp1_B3,Cacna1s_B3,Basp1_B3
Cacna1s_B3<==>Psmb8_T2,Cacna1s_B3,Psmb8_T2
Cacna1s_B3<==>Rpl17_T2,Cacna1s_B3,Rpl17_T2
Ptprc_B5<==>Eif1_T4,Ptprc_B5,Eif1_T4
Ptprc_B5<==>Iglc3_B2,Ptprc_B5,Iglc3_B2
Ptprc_B5<==>Rps18_M5,Ptprc_B5,Rps18_M5
Ptprc_M3<==>Sfpq_M1,Ptprc_M3,Sfpq_M1
Ptprc_M3<==>Mat2a_B5,Ptprc_M3,Mat2a_B5
Ptprc_M3<==>Isy1_T4,Ptprc_M3,Isy1_T4
Ptprc_M3<==>Irf8_M3,Ptprc_M3,Irf8_M3
Ptprc_M3<==>Slc38a2_B3,Ptprc_M3,Slc38a2_B3
Ptprc_M3<==>Dusp1_M3,Ptprc_M3,Dusp1_M3
Ptprc_M3<==>Gm42418_B4,Ptprc_M3,Gm42418_B4
Ptprc_M3<==>Snrpd1_B5,Ptprc_M3,Snrpd1_B5
Ptprc_M4<==>Ctsz_M1,Ptprc_M4,Ctsz_M1
Ptprc_M4<==>Eif5_T4,Ptprc_M4,Eif5_T4
Ptprc_M4<==>Cd2ap_M4,Ptprc_M4,Cd2ap_M4
Ptprc_M5<==>Atp1a1_M5,Ptprc_M5,Atp1a1_M5
Ptprc_M5<==>Thy1_M5,Ptprc_M5,Thy1_M5
Ptprc_M5<==>Cox7a2_M3,Ptprc_M5,Cox7a2_M3
Ptprc_M5<==>Actr2_M0,Ptprc_M5,Actr2_M0
Ptprc_M5<==>Fkbp3_T5,Ptprc_M5,Fkbp3_T5
Ptprc_M5<==>Ndufa6_M3,Ptprc_M5,Ndufa6_M3
Ptprc_M5<==>Rgs13_B4,Ptprc_M5,Rgs13_B4
Ptprc_T0<==>Klf6_M0,Ptprc_T0,Klf6_M0
Ptprc_T1<==>Sec61g_T4,Ptprc_T1,Sec61g_T4
Ptprc_T1<==>Ighv8-5_B3,Ptprc_T1,Ighv8-5_B3
Ptprc_T1<==>Sub1_T1,Ptprc_T1,Sub1_T1
Ptprc_T1<==>Nrip1_M4,Ptprc_T1,Nrip1_M4
Ptprc_T1<==>Atp5md_T1,Ptprc_T1,Atp5md_T1
Ptprc_T3<==>Csf2rb_M4,Ptprc_T3,Csf2rb_M4
Ptprc_T5<==>Mbnl1_T5,Ptprc_T5,Mbnl1_T5
Ptprc_T5<==>Cyth4_M1,Ptprc_T5,Cyth4_M1
Dennd1b_M4<==>Rpl35a_M5,Dennd1b_M4,Rpl35a_M5
Rgs2_M5<==>Gatm_M3,Rgs2_M5,Gatm_M3
Rgs2_M5<==>S100a4_M3,Rgs2_M5,S100a4_M3
Rgs2_M5<==>Bhlhe40_T5,Rgs2_M5,Bhlhe40_T5
Rgs2_M5<==>Btg1_T0,Rgs2_M5,Btg1_T0
Rgs2_T7<==>Pa2g4_T5,Rgs2_T7,Pa2g4_T5
Rgs1_M1<==>Fcer1g_M0,Rgs1_M1,Fcer1g_M0
Rgs1_M1<==>Rps6_T1,Rgs1_M1,Rps6_T1
Rgs1_M1<==>Blvrb_M0,Rgs1_M1,Blvrb_M0
Rgs1_M3<==>Ighd_B2,Rgs1_M3,Ighd_B2
Rgs1_M5<==>Ergic3_B3,Rgs1_M5,Ergic3_B3
Rgs1_M5<==>Il7r_T2,Rgs1_M5,Il7r_T2
Rgs1_M5<==>Plaat3_M5,Rgs1_M5,Plaat3_M5
Rgs1_T4<==>Top1_M4,Rgs1_T4,Top1_M4
Rgs1_T4<==>Tnfaip8_M3,Rgs1_T4,Tnfaip8_M3
Rgs1_T5<==>Prrc2c_M0,Rgs1_T5,Prrc2c_M0
Rgs1_T5<==>Tgm2_M0,Rgs1_T5,Tgm2_M0
Rgs1_T5<==>Gabarapl2_M3,Rgs1_T5,Gabarapl2_M3
Rgs1_T5<==>Actg1_B3,Rgs1_T5,Actg1_B3
Rgs1_T5<==>Cdkn1a_M0,Rgs1_T5,Cdkn1a_M0
Ptgs2_M0<==>Il1b_M0,Ptgs2_M0,Il1b_M0
Ptgs2_M0<==>Bcl2a1a_M0,Ptgs2_M0,Bcl2a1a_M0
Ptgs2_M3<==>Stk24_T4,Ptgs2_M3,Stk24_T4
Ptgs2_M5<==>Tnfrsf1b_M1,Ptgs2_M5,Tnfrsf1b_M1
Ptgs2_M5<==>Eif3c_B3,Ptgs2_M5,Eif3c_B3
Tpr_B3<==>Ezr_M4,Tpr_B3,Ezr_M4
Tpr_B3<==>Eif1a_M0,Tpr_B3,Eif1a_M0
Tpr_B5<==>S100a6_T5,Tpr_B5,S100a6_T5
Tpr_B5<==>Atp6v1f_B5,Tpr_B5,Atp6v1f_B5
Tpr_B5<==>Txnrd1_T5,Tpr_B5,Txnrd1_T5
Tpr_B5<==>Nudt4_M2,Tpr_B5,Nudt4_M2
Tpr_M0<==>Hmgb1_M1,Tpr_M0,Hmgb1_M1
Tpr_M0<==>Igkv1-117_B0,Tpr_M0,Igkv1-117_B0
Tpr_M0<==>Ets1_T3,Tpr_M0,Ets1_T3
Tpr_M0<==>Ppp2ca_T5,Tpr_M0,Ppp2ca_T5
Tpr_M1<==>Ighm_B7,Tpr_M1,Ighm_B7
Tpr_M1<==>Fyb_M0,Tpr_M1,Fyb_M0
Tpr_M3<==>Rpl6_T1,Tpr_M3,Rpl6_T1
Tpr_M3<==>H2-D1_B4,Tpr_M3,H2-D1_B4
Tpr_M3<==>Fermt3_T5,Tpr_M3,Fermt3_T5
Tpr_M3<==>Ms4a6b_T5,Tpr_M3,Ms4a6b_T5
Tpr_T1<==>Prrc2c_T2,Tpr_T1,Prrc2c_T2
Tpr_T1<==>Tpm3_B1,Tpr_T1,Tpm3_B1
Tpr_T1<==>Chchd2_T3,Tpr_T1,Chchd2_T3
Tpr_T1<==>Pou2f2_B1,Tpr_T1,Pou2f2_B1
Tpr_T1<==>Rps12_M5,Tpr_T1,Rps12_M5
Tpr_T1<==>Tnfaip2_M5,Tpr_T1,Tnfaip2_M5
Tpr_T1<==>Ostf1_T7,Tpr_T1,Ostf1_T7
Tpr_T2<==>Cytip_B3,Tpr_T2,Cytip_B3
Tpr_T2<==>Cox4i1_B1,Tpr_T2,Cox4i1_B1
Tpr_T2<==>Grb2_B3,Tpr_T2,Grb2_B3
Ivns1abp_M5<==>H2afz_B1,Ivns1abp_M5,H2afz_B1
Ivns1abp_M5<==>Eif4e_M3,Ivns1abp_M5,Eif4e_M3
Ivns1abp_M5<==>Fosb_B3,Ivns1abp_M5,Fosb_B3
Ivns1abp_M5<==>Rab8b_M3,Ivns1abp_M5,Rab8b_M3
Ivns1abp_M5<==>Sub1_B2,Ivns1abp_M5,Sub1_B2
Ivns1abp_T5<==>Lgmn_M3,Ivns1abp_T5,Lgmn_M3
Rgl1_M1<==>P2ry6_M1,Rgl1_M1,P2ry6_M1
Arpc5_T1<==>Hnrnpa3_M1,Arpc5_T1,Hnrnpa3_M1
Arpc5_T1<==>Itprid2_M3,Arpc5_T1,Itprid2_M3
Arpc5_T1<==>Stxbp3_M3,Arpc5_T1,Stxbp3_M3
Arpc5_T1<==>Chchd2_T3,Arpc5_T1,Chchd2_T3
Arpc5_T1<==>Clec2d_T1,Arpc5_T1,Clec2d_T1
Arpc5_T1<==>Ubfd1_M4,Arpc5_T1,Ubfd1_M4
Arpc5_T1<==>Rab8b_M3,Arpc5_T1,Rab8b_M3
Arpc5_T1<==>Rab8b_M5,Arpc5_T1,Rab8b_M5
Arpc5_T1<==>Rab8b_T0,Arpc5_T1,Rab8b_T0
Arpc5_T1<==>Gpx1_M3,Arpc5_T1,Gpx1_M3
Arpc5_T1<==>Rab1a_M3,Arpc5_T1,Rab1a_M3
Arpc5_T1<==>Prkar1a_T2,Arpc5_T1,Prkar1a_T2
Arpc5_T1<==>Ago2_M3,Arpc5_T1,Ago2_M3
Arpc5_T1<==>Gm42418_T1,Arpc5_T1,Gm42418_T1
Ncf2_M1<==>Ppig_M1,Ncf2_M1,Ppig_M1
Ncf2_M1<==>Uqcrb_B1,Ncf2_M1,Uqcrb_B1
Ncf2_M1<==>Rbx1_B4,Ncf2_M1,Rbx1_B4
Ncf2_M1<==>mt-Co3_B5,Ncf2_M1,mt-Co3_B5
Ier5_B3<==>4930523C07Rik_B5,Ier5_B3,4930523C07Rik_B5
Ier5_B3<==>Dapp1_M4,Ier5_B3,Dapp1_M4
Ier5_B3<==>Irf5_M3,Ier5_B3,Irf5_M3
Ier5_B3<==>Igkc_B0,Ier5_B3,Igkc_B0
Ier5_B3<==>Plekho2_M3,Ier5_B3,Plekho2_M3
Ier5_B3<==>Ppia_B5,Ier5_B3,Ppia_B5
Ier5_B3<==>Ckb_M4,Ier5_B3,Ckb_M4
Ier5_B3<==>Myc_B5,Ier5_B3,Myc_B5
Ier5_B3<==>Cox8a_M5,Ier5_B3,Cox8a_M5
Tor1aip1_M5<==>Hmgn2_B4,Tor1aip1_M5,Hmgn2_B4
Soat1_M1<==>Ncf1_B5,Soat1_M1,Ncf1_B5
Soat1_M1<==>Eif1_T7,Soat1_M1,Eif1_T7
Soat1_M3<==>Tpt1_B3,Soat1_M3,Tpt1_B3
Ralgps2_B2<==>Serinc1_M3,Ralgps2_B2,Serinc1_M3
Ralgps2_B2<==>BC018473_M2,Ralgps2_B2,BC018473_M2
Ralgps2_B2<==>Ighv5-6_B5,Ralgps2_B2,Ighv5-6_B5
Ralgps2_B2<==>H2-DMb1_M3,Ralgps2_B2,H2-DMb1_M3
4930523C07Rik_B3<==>Gas5_B3,4930523C07Rik_B3,Gas5_B3
4930523C07Rik_B3<==>Prkar1a_T3,4930523C07Rik_B3,Prkar1a_T3
4930523C07Rik_B3<==>Cd47_B3,4930523C07Rik_B3,Cd47_B3
4930523C07Rik_B5<==>Gimap6_T5,4930523C07Rik_B5,Gimap6_T5
4930523C07Rik_B5<==>Rps13_M5,4930523C07Rik_B5,Rps13_M5
4930523C07Rik_B5<==>Jund_T0,4930523C07Rik_B5,Jund_T0
4930523C07Rik_B5<==>Dennd4a_T4,4930523C07Rik_B5,Dennd4a_T4
4930523C07Rik_B5<==>Rora_T3,4930523C07Rik_B5,Rora_T3
4930523C07Rik_B5<==>Cited2_B3,4930523C07Rik_B5,Cited2_B3
4930523C07Rik_B5<==>Actr2_M0,4930523C07Rik_B5,Actr2_M0
4930523C07Rik_B5<==>Npc2_M3,4930523C07Rik_B5,Npc2_M3
4930523C07Rik_B5<==>Cox8a_M3,4930523C07Rik_B5,Cox8a_M3
Cacybp_M4<==>Cd302_M0,Cacybp_M4,Cd302_M0
Cacybp_M4<==>Ptpn1_B1,Cacybp_M4,Ptpn1_B1
Cacybp_M4<==>Sh3bgrl3_T4,Cacybp_M4,Sh3bgrl3_T4
Cacybp_M4<==>H2afj_T2,Cacybp_M4,H2afj_T2
Cacybp_M4<==>Ndufa13_M0,Cacybp_M4,Ndufa13_M0
Gas5_B3<==>Rbm39_B3,Gas5_B3,Rbm39_B3
Gas5_B3<==>Selenos_B3,Gas5_B3,Selenos_B3
Gas5_B3<==>Morf4l1_B3,Gas5_B3,Morf4l1_B3
Gas5_B3<==>Sqstm1_B3,Gas5_B3,Sqstm1_B3
Gas5_B3<==>Cltc_M1,Gas5_B3,Cltc_M1
Gas5_B3<==>Nedd8_B3,Gas5_B3,Nedd8_B3
Gas5_B3<==>Smim3_M4,Gas5_B3,Smim3_M4
Gas5_B3<==>Jak2_T2,Gas5_B3,Jak2_T2
Gas5_B3<==>mt-Atp6_B0,Gas5_B3,mt-Atp6_B0
Gas5_M3<==>Rpl9_B1,Gas5_M3,Rpl9_B1
Gas5_M3<==>Rps3_T2,Gas5_M3,Rps3_T2
Gas5_M3<==>mt-Nd3_B0,Gas5_M3,mt-Nd3_B0
Gas5_M4<==>Alox5ap_M4,Gas5_M4,Alox5ap_M4
Gas5_M4<==>Rpl30_M4,Gas5_M4,Rpl30_M4
Gas5_T1<==>Serf2_M2,Gas5_T1,Serf2_M2
Gas5_T1<==>mt-Nd4_B4,Gas5_T1,mt-Nd4_B4
Gas5_T3<==>Rplp2_T1,Gas5_T3,Rplp2_T1
Prdx6_B1<==>Sec61b_M5,Prdx6_B1,Sec61b_M5
Prdx6_B1<==>Prdx1_M0,Prdx6_B1,Prdx1_M0
Prdx6_B1<==>Rpl9_T6_2,Prdx6_B1,Rpl9_T6_2
Prdx6_B1<==>Rpl6_M1,Prdx6_B1,Rpl6_M1
Prdx6_B1<==>Tm2d2_M4,Prdx6_B1,Tm2d2_M4
Prdx6_B1<==>Eef1a1_B4,Prdx6_B1,Eef1a1_B4
Prdx6_B1<==>Eif1_T4,Prdx6_B1,Eif1_T4
Prdx6_B1<==>H2-Ab1_B1,Prdx6_B1,H2-Ab1_B1
Prdx6_B1<==>Malt1_M1,Prdx6_B1,Malt1_M1
Prdx6_M3<==>Gatm_M3,Prdx6_M3,Gatm_M3
Prdx6_M3<==>S100a6_M3,Prdx6_M3,S100a6_M3
Prdx6_M3<==>Igkv15-103_B1,Prdx6_M3,Igkv15-103_B1
Prdx6_T1<==>Ndufa4_T1,Prdx6_T1,Ndufa4_T1
Prdx6_T1<==>Rps13_B0,Prdx6_T1,Rps13_B0
Prdx6_T1<==>Ifngr1_T1,Prdx6_T1,Ifngr1_T1
Prdx6_T1<==>Hist1h2ap_T5,Prdx6_T1,Hist1h2ap_T5
Prdx6_T1<==>Slc38a1_B5,Prdx6_T1,Slc38a1_B5
Prdx6_T3<==>Fcer1g_M5,Prdx6_T3,Fcer1g_M5
Prdx6_T3<==>Gpr171_M4,Prdx6_T3,Gpr171_M4
Prdx6_T3<==>Jak1_T4,Prdx6_T3,Jak1_T4
Prdx6_T3<==>Rps8_T3,Prdx6_T3,Rps8_T3
Prdx6_T3<==>Nfkbia_T4,Prdx6_T3,Nfkbia_T4
Prdx6_T3<==>Vdac2_M3,Prdx6_T3,Vdac2_M3
Prdx6_T4<==>Cd44_M2,Prdx6_T4,Cd44_M2
Prdx6_T4<==>Ighv9-3_B0,Prdx6_T4,Ighv9-3_B0
Prdx6_T5<==>Tpm3_M3,Prdx6_T5,Tpm3_M3
Prdx6_T5<==>Rpl6_B5,Prdx6_T5,Rpl6_B5
Prdx6_T5<==>Tpm4_T4,Prdx6_T5,Tpm4_T4
Prdx6_T5<==>Rpl10a_T4,Prdx6_T5,Rpl10a_T4
Prrc2c_M0<==>Bhlhe40_T5,Prrc2c_M0,Bhlhe40_T5
Prrc2c_M0<==>Hcls1_M1,Prrc2c_M0,Hcls1_M1
Prrc2c_T2<==>Mcl1_B1,Prrc2c_T2,Mcl1_B1
Prrc2c_T2<==>Ptp4a2_T1,Prrc2c_T2,Ptp4a2_T1
Prrc2c_T2<==>Runx3_B1,Prrc2c_T2,Runx3_B1
Prrc2c_T2<==>BC005537_M3,Prrc2c_T2,BC005537_M3
Prrc2c_T2<==>Iglv1_B0,Prrc2c_T2,Iglv1_B0
Prrc2c_T2<==>Jak2_T1,Prrc2c_T2,Jak2_T1
Prrc2c_T4<==>Marcksl1_M1,Prrc2c_T4,Marcksl1_M1
Prrc2c_T4<==>Spcs2_T4,Prrc2c_T4,Spcs2_T4
Sell_M2<==>Ppp1r15a_M3,Sell_M2,Ppp1r15a_M3
Sell_M2<==>Cox8a_M2,Sell_M2,Cox8a_M2
Sell_T6_2<==>Cytip_B3,Sell_T6_2,Cytip_B3
Sell_T6_2<==>Bcl2l11_B3,Sell_T6_2,Bcl2l11_B3
Sell_T6_2<==>Eif6_M3,Sell_T6_2,Eif6_M3
Sell_T6_2<==>Sfpq_M1,Sell_T6_2,Sfpq_M1
Sell_T6_2<==>Runx3_B1,Sell_T6_2,Runx3_B1
Sell_T6_2<==>Igkc_B2,Sell_T6_2,Igkc_B2
Sell_T6_2<==>Hnrnpf_M1,Sell_T6_2,Hnrnpf_M1
Sell_T6_2<==>Palld_T7,Sell_T6_2,Palld_T7
Sell_T6_2<==>Derl3_B3,Sell_T6_2,Derl3_B3
Sell_T6_2<==>Calm1_B2,Sell_T6_2,Calm1_B2
Sell_T6_2<==>Igha_B2,Sell_T6_2,Igha_B2
Sell_T6_2<==>Dnase1l3_M4,Sell_T6_2,Dnase1l3_M4
Sell_T6_2<==>Timm23_T4,Sell_T6_2,Timm23_T4
Sell_T6_2<==>Rap2a_M3,Sell_T6_2,Rap2a_M3
Sell_T6_2<==>Slc38a2_B3,Sell_T6_2,Slc38a2_B3
Sell_T6_2<==>Smagp_B4,Sell_T6_2,Smagp_B4
Sell_T6_2<==>Crem_B5,Sell_T6_2,Crem_B5
Sell_T6_2<==>Gramd3_M5,Sell_T6_2,Gramd3_M5
Sell_T6_3<==>Psma7_M4,Sell_T6_3,Psma7_M4
Sell_T6_3<==>Rps14_M4,Sell_T6_3,Rps14_M4
Atp1b1_M7<==>Ifi30_M1,Atp1b1_M7,Ifi30_M1
Dpt_O7<==>Gsn_O7,Dpt_O7,Gsn_O7
Dpt_O7<==>Ugdh_O7,Dpt_O7,Ugdh_O7
Dpt_O7<==>Sfrp1_O7,Dpt_O7,Sfrp1_O7
Dpt_O7<==>Slit3_O7,Dpt_O7,Slit3_O7
Dpt_O7<==>Cavin1_O7,Dpt_O7,Cavin1_O7
Dpt_O7<==>Pdia6_O7,Dpt_O7,Pdia6_O7
Dpt_O7<==>Scara5_O7,Dpt_O7,Scara5_O7
Dpt_O7<==>Vasn_O7,Dpt_O7,Vasn_O7
Dpt_O7<==>Has1_O7,Dpt_O7,Has1_O7
Dpt_O7<==>C3_O7,Dpt_O7,C3_O7
Creg1_M1<==>Igkv6-20_B1,Creg1_M1,Igkv6-20_B1
Creg1_M1<==>Rnasek_M1,Creg1_M1,Rnasek_M1
Creg1_M3<==>Pdia3_O10,Creg1_M3,Pdia3_O10
Creg1_M3<==>Ighv1-5_B3,Creg1_M3,Ighv1-5_B3
Creg1_M5<==>Ndufb9_M0,Creg1_M5,Ndufb9_M0
Creg1_M5<==>Ly6c2_B3,Creg1_M5,Ly6c2_B3
Creg1_M5<==>Pgk1_M0,Creg1_M5,Pgk1_M0
Uap1_O7<==>Tnfaip6_O7,Uap1_O7,Tnfaip6_O7
Uap1_O7<==>Rbpj_M0,Uap1_O7,Rbpj_M0
Uap1_O7<==>Ugdh_O7,Uap1_O7,Ugdh_O7
Uap1_O7<==>Sparcl1_O7,Uap1_O7,Sparcl1_O7
Uap1_O7<==>Snrpg_M5,Uap1_O7,Snrpg_M5
Uap1_O7<==>Mt1_M0,Uap1_O7,Mt1_M0
Uap1_O7<==>Dennd4a_M5,Uap1_O7,Dennd4a_M5
Uap1_O7<==>Plekho2_M0,Uap1_O7,Plekho2_M0
Uap1_O7<==>Gfpt2_O7,Uap1_O7,Gfpt2_O7
Uap1_O7<==>Serpinf1_O7,Uap1_O7,Serpinf1_O7
Uap1_O7<==>Ccl7_O7,Uap1_O7,Ccl7_O7
Uap1_O7<==>Ddx5_T4,Uap1_O7,Ddx5_T4
Uap1_O7<==>Pdia6_O7,Uap1_O7,Pdia6_O7
Uap1_O7<==>Crip1_M0,Uap1_O7,Crip1_M0
Uap1_O7<==>Scara5_O7,Uap1_O7,Scara5_O7
Uap1_O7<==>Rbx1_B4,Uap1_O7,Rbx1_B4
Uap1_O7<==>Igfbp6_O7,Uap1_O7,Igfbp6_O7
Uap1_O7<==>Vasn_O7,Uap1_O7,Vasn_O7
Uap1_O7<==>Cox17_T4,Uap1_O7,Cox17_T4
Uap1_O7<==>Pi16_O7,Uap1_O7,Pi16_O7
Uap1_O7<==>Zfand5_M0,Uap1_O7,Zfand5_M0
Uap1_O7<==>mt-Nd3_B3,Uap1_O7,mt-Nd3_B3
Atf6_B3<==>Fcgr2b_M0,Atf6_B3,Fcgr2b_M0
Atf6_B3<==>Acbd3_B3,Atf6_B3,Acbd3_B3
Atf6_B3<==>H3f3a_B3,Atf6_B3,H3f3a_B3
Atf6_B3<==>March7_T5,Atf6_B3,March7_T5
Atf6_B3<==>Cd44_B3,Atf6_B3,Cd44_B3
Atf6_B3<==>Rab2a_B3,Atf6_B3,Rab2a_B3
Atf6_B3<==>Ptp4a2_B3,Atf6_B3,Ptp4a2_B3
Atf6_B3<==>Stmn1_B4,Atf6_B3,Stmn1_B4
Atf6_B3<==>Cdc42_B3,Atf6_B3,Cdc42_B3
Atf6_B3<==>Arpc1b_B3,Atf6_B3,Arpc1b_B3
Atf6_B3<==>Chd2_T2,Atf6_B3,Chd2_T2
Atf6_B3<==>Hint1_B3,Atf6_B3,Hint1_B3
Atf6_B3<==>Nme2_B3,Atf6_B3,Nme2_B3
Atf6_B3<==>Sub1_B3,Atf6_B3,Sub1_B3
Atf6_B3<==>Cd47_B3,Atf6_B3,Cd47_B3
Fcrla_B2<==>Traf1_T0,Fcrla_B2,Traf1_T0
Fcrla_B2<==>Cytip_T2,Fcrla_B2,Cytip_T2
Fcrla_B2<==>Rbms1_M0,Fcrla_B2,Rbms1_M0
Fcrla_B2<==>B2m_O10,Fcrla_B2,B2m_O10
Fcrla_B2<==>Snrpb_T5,Fcrla_B2,Snrpb_T5
Fcrla_B2<==>Tpd52_M3,Fcrla_B2,Tpd52_M3
Fcrla_B2<==>Ybx1_B1,Fcrla_B2,Ybx1_B1
Fcrla_B2<==>Arpc1b_B2,Fcrla_B2,Arpc1b_B2
Fcrla_B2<==>Ftl1_M4,Fcrla_B2,Ftl1_M4
Fcrla_B2<==>Atp6v0d1_M1,Fcrla_B2,Atp6v0d1_M1
Fcrla_B2<==>Gpbp1_M3,Fcrla_B2,Gpbp1_M3
Fcrla_B2<==>Rpl3_M3,Fcrla_B2,Rpl3_M3
Fcrla_B2<==>Gm42418_T5,Fcrla_B2,Gm42418_T5
Fcgr2b_M0<==>H2afz_B3,Fcgr2b_M0,H2afz_B3
Fcgr2b_M0<==>Arpc1b_B3,Fcgr2b_M0,Arpc1b_B3
Fcgr2b_M0<==>Capza2_M1,Fcgr2b_M0,Capza2_M1
Fcgr2b_M0<==>Chd2_T2,Fcgr2b_M0,Chd2_T2
Fcgr2b_M0<==>Hint1_B3,Fcgr2b_M0,Hint1_B3
Fcgr3_M0<==>B2m_M5,Fcgr3_M0,B2m_M5
Fcgr3_M0<==>Il1b_M3,Fcgr3_M0,Il1b_M3
Fcgr3_M0<==>Ergic3_B3,Fcgr3_M0,Ergic3_B3
Fcgr3_M0<==>Rps3a1_T6,Fcgr3_M0,Rps3a1_T6
Fcgr3_M0<==>Clta_M3,Fcgr3_M0,Clta_M3
Fcgr3_M0<==>Ran_M0,Fcgr3_M0,Ran_M0
Fcgr3_M0<==>Igkv10-96_B4,Fcgr3_M0,Igkv10-96_B4
Fcgr3_M0<==>Arhgdib_T4,Fcgr3_M0,Arhgdib_T4
Fcgr3_M0<==>Cox6b1_T4,Fcgr3_M0,Cox6b1_T4
Fcgr3_M0<==>Ndufc2_M0,Fcgr3_M0,Ndufc2_M0
Fcgr3_M0<==>Lat_T4,Fcgr3_M0,Lat_T4
Fcgr3_M0<==>Cox7a2_M3,Fcgr3_M0,Cox7a2_M3
Fcgr3_M0<==>Tmem14c_M0,Fcgr3_M0,Tmem14c_M0
Fcgr3_M0<==>Psme1_M3,Fcgr3_M0,Psme1_M3
Fcgr3_M0<==>Rbx1_M3,Fcgr3_M0,Rbx1_M3
Fcgr3_M0<==>Atp5g2_B5,Fcgr3_M0,Atp5g2_B5
Fcgr3_M0<==>H2-Aa_M3,Fcgr3_M0,H2-Aa_M3
Fcgr3_M0<==>H2-D1_T4,Fcgr3_M0,H2-D1_T4
Fcgr3_M0<==>H2-Q7_T4,Fcgr3_M0,H2-Q7_T4
Fcgr3_M1<==>Mcl1_M3,Fcgr3_M1,Mcl1_M3
Fcgr3_M1<==>Dnaja1_B1,Fcgr3_M1,Dnaja1_B1
Fcgr3_M1<==>Rps19_T3,Fcgr3_M1,Rps19_T3
Fcgr3_M1<==>Cd37_B1,Fcgr3_M1,Cd37_B1
Fcgr3_M1<==>Fyb_M0,Fcgr3_M1,Fyb_M0
Fcgr3_M1<==>Ranbp1_M3,Fcgr3_M1,Ranbp1_M3
Fcgr3_M1<==>Cldnd1_T2,Fcgr3_M1,Cldnd1_T2
Fcer1g_M0<==>Rps20_T1,Fcer1g_M0,Rps20_T1
Fcer1g_M0<==>Sri_M0,Fcer1g_M0,Sri_M0
Fcer1g_M0<==>Irf8_M0,Fcer1g_M0,Irf8_M0
Fcer1g_M0<==>Prr29_T7,Fcer1g_M0,Prr29_T7
Fcer1g_M0<==>Sumo2_M3,Fcer1g_M0,Sumo2_M3
Fcer1g_M0<==>Selenok_M0,Fcer1g_M0,Selenok_M0
Fcer1g_M0<==>mt-Nd4_T4,Fcer1g_M0,mt-Nd4_T4
Fcer1g_M1<==>Kit_M3,Fcer1g_M1,Kit_M3
Fcer1g_M1<==>Hexa_M0,Fcer1g_M1,Hexa_M0
Fcer1g_M1<==>Manf_M1,Fcer1g_M1,Manf_M1
Fcer1g_M1<==>Socs3_M1,Fcer1g_M1,Socs3_M1
Fcer1g_M1<==>Fyb_M1,Fcer1g_M1,Fyb_M1
Fcer1g_M3<==>Rps13_T3,Fcer1g_M3,Rps13_T3
Fcer1g_M5<==>Sirpa_M5,Fcer1g_M5,Sirpa_M5
Fcer1g_M5<==>Jak1_T4,Fcer1g_M5,Jak1_T4
Fcer1g_M5<==>Alox5ap_M0,Fcer1g_M5,Alox5ap_M0
Fcer1g_M5<==>Cox6b1_M0,Fcer1g_M5,Cox6b1_M0
Fcer1g_M5<==>Saa3_M0,Fcer1g_M5,Saa3_M0
Fcer1g_M5<==>Aldoa_M0,Fcer1g_M5,Aldoa_M0
Fcer1g_M5<==>Igkv5-39_B4,Fcer1g_M5,Igkv5-39_B4
Cd48_M4<==>Rab7_M1,Cd48_M4,Rab7_M1
Cd48_M4<==>Foxp1_B4,Cd48_M4,Foxp1_B4
Cd48_M4<==>Ndufa12_M4,Cd48_M4,Ndufa12_M4
Cd48_M4<==>Myl12a_T1,Cd48_M4,Myl12a_T1
Cd48_M4<==>mt-Nd4_B1,Cd48_M4,mt-Nd4_B1
Cd48_T5<==>Ctsz_M3,Cd48_T5,Ctsz_M3
Cd48_T5<==>Psma7_T5,Cd48_T5,Psma7_T5
Cd48_T5<==>Actb_M0,Cd48_T5,Actb_M0
Cd48_T5<==>Ctsc_M3,Cd48_T5,Ctsc_M3
Cd48_T5<==>Atp5l_B1,Cd48_T5,Atp5l_B1
Cd48_T5<==>Calm1_B0,Cd48_T5,Calm1_B0
Cd48_T5<==>Ly6a_O10,Cd48_T5,Ly6a_O10
Tagln2_M1<==>Cd44_M4,Tagln2_M1,Cd44_M4
Tagln2_M1<==>H2-Q7_O10,Tagln2_M1,H2-Q7_O10
Tagln2_M3<==>Rps19_M5,Tagln2_M3,Rps19_M5
Tagln2_M3<==>Fermt3_M5,Tagln2_M3,Fermt3_M5
Tagln2_M5<==>Traf1_T0,Tagln2_M5,Traf1_T0
Tagln2_M5<==>Tomm7_M5,Tagln2_M5,Tomm7_M5
Tagln2_M5<==>Pclaf_T5,Tagln2_M5,Pclaf_T5
Tagln2_M5<==>Cyth1_B1,Tagln2_M5,Cyth1_B1
Tagln2_O7<==>Actb_T0,Tagln2_O7,Actb_T0
Tagln2_O7<==>Il12rb2_T0,Tagln2_O7,Il12rb2_T0
Tagln2_O7<==>Ifngr1_T3,Tagln2_O7,Ifngr1_T3
Tagln2_O7<==>Eldr_M7,Tagln2_O7,Eldr_M7
Ifi207_M0<==>C1qc_M1,Ifi207_M0,C1qc_M1
Ifi207_M0<==>Ighg2c_B1,Ifi207_M0,Ighg2c_B1
Ifi207_M0<==>Basp1_M7,Ifi207_M0,Basp1_M7
Ifi207_M0<==>Eif1a_M0,Ifi207_M0,Eif1a_M0
Ifi205_M4<==>Rbms1_M0,Ifi205_M4,Rbms1_M0
Ifi205_M4<==>Rps3a1_B2,Ifi205_M4,Rps3a1_B2
Ifi205_M4<==>Mcl1_M2,Ifi205_M4,Mcl1_M2
Ifi205_M4<==>Chchd2_M0,Ifi205_M4,Chchd2_M0
Ifi205_M4<==>Psmd8_M0,Ifi205_M4,Psmd8_M0
Ifi205_M4<==>Mif_M5,Ifi205_M4,Mif_M5
Ifi205_M4<==>Dazap2_M0,Ifi205_M4,Dazap2_M0
Ifi205_M4<==>Hnrnpa1_T4,Ifi205_M4,Hnrnpa1_T4
Ifi205_M4<==>Cd274_M0,Ifi205_M4,Cd274_M0
Ifi205_M4<==>Pgk1_M0,Ifi205_M4,Pgk1_M0
Kmo_M7<==>Khdrbs1_T2,Kmo_M7,Khdrbs1_T2
Kmo_M7<==>Bax_M4,Kmo_M7,Bax_M4
Kmo_M7<==>Tpm4_T3,Kmo_M7,Tpm4_T3
Kmo_M7<==>Rps27l_M4,Kmo_M7,Rps27l_M4
Kmo_M7<==>Nfkbia_M4,Kmo_M7,Nfkbia_M4
Kmo_M7<==>Gpbp1_M3,Kmo_M7,Gpbp1_M3
Kmo_M7<==>Ets2_M0,Kmo_M7,Ets2_M0
Hnrnpu_M0<==>Hspa5_M4,Hnrnpu_M0,Hspa5_M4
Hnrnpu_M0<==>Serf2_B2,Hnrnpu_M0,Serf2_B2
Hnrnpu_M0<==>Ndufa4_T2,Hnrnpu_M0,Ndufa4_T2
Hnrnpu_M0<==>Wnk1_T1,Hnrnpu_M0,Wnk1_T1
Hnrnpu_M0<==>Tpm4_T3,Hnrnpu_M0,Tpm4_T3
Hnrnpu_M0<==>Cstb_M0,Hnrnpu_M0,Cstb_M0
Hnrnpu_M0<==>Pitpna_M0,Hnrnpu_M0,Pitpna_M0
Hnrnpu_M0<==>Nfkbia_M4,Hnrnpu_M0,Nfkbia_M4
Hnrnpu_M0<==>Calm1_B5,Hnrnpu_M0,Calm1_B5
Hnrnpu_M0<==>Ighv3-1_B3,Hnrnpu_M0,Ighv3-1_B3
Hnrnpu_M0<==>Timm23_M3,Hnrnpu_M0,Timm23_M3
Hnrnpu_M0<==>Gpr183_M5,Hnrnpu_M0,Gpr183_M5
Hnrnpu_M0<==>Iglc1_B2,Hnrnpu_M0,Iglc1_B2
Hnrnpu_M0<==>Atp6v0e_M3,Hnrnpu_M0,Atp6v0e_M3
Hnrnpu_M0<==>H2-Ab1_B1,Hnrnpu_M0,H2-Ab1_B1
Hnrnpu_T2<==>Spty2d1_B3,Hnrnpu_T2,Spty2d1_B3
Hnrnpu_T2<==>Rps17_T1,Hnrnpu_T2,Rps17_T1
Hnrnpu_T2<==>Saraf_T3,Hnrnpu_T2,Saraf_T3
Hnrnpu_T2<==>Il7r_T4,Hnrnpu_T2,Il7r_T4
Hnrnpu_T4<==>Srp72_B3,Hnrnpu_T4,Srp72_B3
Hnrnpu_T4<==>Sod2_M3,Hnrnpu_T4,Sod2_M3
Acbd3_B3<==>H3f3a_B3,Acbd3_B3,H3f3a_B3
Acbd3_B3<==>March7_T5,Acbd3_B3,March7_T5
Acbd3_B3<==>S100a6_T4,Acbd3_B3,S100a6_T4
Acbd3_B3<==>Igkv10-94_B3,Acbd3_B3,Igkv10-94_B3
Acbd3_B3<==>Ranbp1_M3,Acbd3_B3,Ranbp1_M3
Acbd3_B3<==>H2-Eb1_B3,Acbd3_B3,H2-Eb1_B3
Acbd3_M4<==>Atp6v1g1_T0,Acbd3_M4,Atp6v1g1_T0
Acbd3_M4<==>Ccr2_M0,Acbd3_M4,Ccr2_M0
Acbd3_M4<==>Ighv7-3_B1,Acbd3_M4,Ighv7-3_B1
H3f3a_B0<==>Tpd52_M3,H3f3a_B0,Tpd52_M3
H3f3a_B0<==>Hnrnpf_M3,H3f3a_B0,Hnrnpf_M3
H3f3a_B0<==>Gm42418_B5,H3f3a_B0,Gm42418_B5
H3f3a_B0<==>Zeb1_T4,H3f3a_B0,Zeb1_T4
H3f3a_B1<==>Gnas_B5,H3f3a_B1,Gnas_B5
H3f3a_B1<==>Cd52_T5,H3f3a_B1,Cd52_T5
H3f3a_B1<==>Hmgb2_T2,H3f3a_B1,Hmgb2_T2
H3f3a_B1<==>Ddx5_T4,H3f3a_B1,Ddx5_T4
H3f3a_B1<==>Ighg1_B0,H3f3a_B1,Ighg1_B0
H3f3a_B1<==>Selenok_T1,H3f3a_B1,Selenok_T1
H3f3a_B1<==>Iglc2_B7,H3f3a_B1,Iglc2_B7
H3f3a_B1<==>Tmsb4x_B3,H3f3a_B1,Tmsb4x_B3
H3f3a_B3<==>March7_T5,H3f3a_B3,March7_T5
H3f3a_B3<==>Tpm3_B3,H3f3a_B3,Tpm3_B3
H3f3a_B3<==>S100a6_M3,H3f3a_B3,S100a6_M3
H3f3a_B3<==>Sec61b_B3,H3f3a_B3,Sec61b_B3
H3f3a_B3<==>Hint1_B3,H3f3a_B3,Hint1_B3
H3f3a_B3<==>Ighg2b_B4,H3f3a_B3,Ighg2b_B4
H3f3a_B3<==>Timm23_B4,H3f3a_B3,Timm23_B4
H3f3a_B3<==>Nedd8_B3,H3f3a_B3,Nedd8_B3
H3f3a_B3<==>Pfdn5_B4,H3f3a_B3,Pfdn5_B4
H3f3a_B3<==>Cd47_B3,H3f3a_B3,Cd47_B3
H3f3a_B3<==>Vapa_B3,H3f3a_B3,Vapa_B3
H3f3a_B5<==>Eif2s2_T1,H3f3a_B5,Eif2s2_T1
H3f3a_B5<==>Rps27a_T4,H3f3a_B5,Rps27a_T4
H3f3a_M3<==>Mt1_M3,H3f3a_M3,Mt1_M3
H3f3a_M3<==>Npc2_M0,H3f3a_M3,Npc2_M0
H3f3a_M3<==>H2-Aa_M0,H3f3a_M3,H2-Aa_M0
H3f3a_M3<==>H2-Q7_O10,H3f3a_M3,H2-Q7_O10
H3f3a_T5<==>Rrbp1_M3,H3f3a_T5,Rrbp1_M3
H3f3a_T5<==>Ppp1r16b_B5,H3f3a_T5,Ppp1r16b_B5
H3f3a_T5<==>Arhgdib_M5,H3f3a_T5,Arhgdib_M5
H3f3a_T5<==>Hcls1_M1,H3f3a_T5,Hcls1_M1
H3f3a_T5<==>Ostf1_T1,H3f3a_T5,Ostf1_T1
H3f3a_T5<==>Tmsb4x_M3,H3f3a_T5,Tmsb4x_M3
Lefty1_M7<==>Hspa5_M4,Lefty1_M7,Hspa5_M4
Lefty1_M7<==>Eif3m_B1,Lefty1_M7,Eif3m_B1
Lefty1_M7<==>Gm8797_B3,Lefty1_M7,Gm8797_B3
Lefty1_M7<==>Eif4e_M4,Lefty1_M7,Eif4e_M4
Lefty1_M7<==>Rpl11_M3,Lefty1_M7,Rpl11_M3
Lefty1_M7<==>Gimap4_T0,Lefty1_M7,Gimap4_T0
Lefty1_M7<==>Rpl32_M3,Lefty1_M7,Rpl32_M3
Lefty1_M7<==>Aebp2_M5,Lefty1_M7,Aebp2_M5
Lefty1_M7<==>Rpl28_M3,Lefty1_M7,Rpl28_M3
Lefty1_M7<==>Rps5_M3,Lefty1_M7,Rps5_M3
Lefty1_M7<==>Rps16_M3,Lefty1_M7,Rps16_M3
Lefty1_M7<==>Eif4g2_B3,Lefty1_M7,Eif4g2_B3
Lefty1_M7<==>Ndufa13_B1,Lefty1_M7,Ndufa13_B1
Lefty1_M7<==>Smarca5_B1,Lefty1_M7,Smarca5_B1
Lefty1_M7<==>Cd3d_T2,Lefty1_M7,Cd3d_T2
Lefty1_M7<==>Anp32a_T4,Lefty1_M7,Anp32a_T4
Lefty1_M7<==>Rps27l_B1,Lefty1_M7,Rps27l_B1
Lefty1_M7<==>Rpsa_M3,Lefty1_M7,Rpsa_M3
Lefty1_M7<==>Rps12_M3,Lefty1_M7,Rps12_M3
Lefty1_M7<==>Man1a_B3,Lefty1_M7,Man1a_B3
Lefty1_M7<==>Pttg1ip_M4,Lefty1_M7,Pttg1ip_M4
Lefty1_M7<==>Rps27a_M3,Lefty1_M7,Rps27a_M3
Lefty1_M7<==>Pitpna_M0,Lefty1_M7,Pitpna_M0
Lefty1_M7<==>Prkar1a_B3,Lefty1_M7,Prkar1a_B3
Lefty1_M7<==>Ighg1_B5,Lefty1_M7,Ighg1_B5
Lefty1_M7<==>Ighv2-3_B3,Lefty1_M7,Ighv2-3_B3
Lefty1_M7<==>Rpl24_M3,Lefty1_M7,Rpl24_M3
Lefty1_M7<==>Atp6v0e_M3,Lefty1_M7,Atp6v0e_M3
Lefty1_M7<==>Rps18_M3,Lefty1_M7,Rps18_M3
Lefty1_M7<==>H2-Ob_B1,Lefty1_M7,H2-Ob_B1
Lefty1_M7<==>Satb1_B0,Lefty1_M7,Satb1_B0
Lefty1_M7<==>Vapa_M0,Lefty1_M7,Vapa_M0
Lefty1_M7<==>Myl12b_T5,Lefty1_M7,Myl12b_T5
Lefty1_M7<==>Atp6ap2_M3,Lefty1_M7,Atp6ap2_M3
Lefty1_M7<==>Rps4x_M3,Lefty1_M7,Rps4x_M3
Wdr26_M3<==>Tgm2_M5,Wdr26_M3,Tgm2_M5
Wdr26_M3<==>Cd9_M4,Wdr26_M3,Cd9_M4
Srp9_T4<==>Sri_M0,Srp9_T4,Sri_M0
Srp9_T4<==>Psma4_M3,Srp9_T4,Psma4_M3
Srp9_T4<==>Rpl24_B1,Srp9_T4,Rpl24_B1
Degs1_B3<==>Sh3bgrl3_M5,Degs1_B3,Sh3bgrl3_M5
Degs1_B3<==>Rps12_T2,Degs1_B3,Rps12_T2
Degs1_B3<==>Ighv1-80_B3,Degs1_B3,Ighv1-80_B3
Dusp10_T6<==>H2afz_O10,Dusp10_T6,H2afz_O10
Dusp10_T6<==>H2afz_T1,Dusp10_T6,H2afz_T1
Dusp10_T6<==>H2afz_T2,Dusp10_T6,H2afz_T2
Dusp10_T6<==>Appl1_M4,Dusp10_T6,Appl1_M4
Dusp10_T6<==>Crem_T5,Dusp10_T6,Crem_T5
Dusp10_T6<==>Kif5b_M1,Dusp10_T6,Kif5b_M1
Dusp10_T6<==>mt-Nd4_B2,Dusp10_T6,mt-Nd4_B2
Marc2_B3<==>Vps37b_T3,Marc2_B3,Vps37b_T3
Cenpf_T5<==>Ppia_B3,Cenpf_T5,Ppia_B3
Cenpf_T5<==>Tgif1_M1,Cenpf_T5,Tgif1_M1
Lpgat1_M7<==>Cd163l1_T4,Lpgat1_M7,Cd163l1_T4
Lpgat1_M7<==>Irf8_B5,Lpgat1_M7,Irf8_B5
Lpgat1_M7<==>Cyfip2_M4,Lpgat1_M7,Cyfip2_M4
Lpgat1_M7<==>Mbd2_T4,Lpgat1_M7,Mbd2_T4
Fam107b_B3<==>Kmt2e_B3,Fam107b_B3,Kmt2e_B3
Fam107b_B3<==>Atp5l_M3,Fam107b_B3,Atp5l_M3
Fam107b_B3<==>Cct2_T5,Fam107b_B3,Cct2_T5
Fam107b_T2<==>Srp14_T4,Fam107b_T2,Srp14_T4
Fam107b_T2<==>Map2k3_M1,Fam107b_T2,Map2k3_M1
Fam107b_T4<==>Ptp4a2_M0,Fam107b_T4,Ptp4a2_M0
Fam107b_T4<==>Isg15_M2,Fam107b_T4,Isg15_M2
Fam107b_T4<==>Igkv3-1_B7,Fam107b_T4,Igkv3-1_B7
Fam107b_T4<==>Rpl28_B2,Fam107b_T4,Rpl28_B2
Fam107b_T4<==>Ctsc_M5,Fam107b_T4,Ctsc_M5
Fam107b_T4<==>Dennd4a_T4,Fam107b_T4,Dennd4a_T4
Fam107b_T4<==>Atp2b1_M3,Fam107b_T4,Atp2b1_M3
Fam107b_T4<==>Npc2_M3,Fam107b_T4,Npc2_M3
Fam107b_T4<==>BC005537_M0,Fam107b_T4,BC005537_M0
Fam107b_T4<==>App_M0,Fam107b_T4,App_M0
Fam107b_T4<==>H2-K1_M5,Fam107b_T4,H2-K1_M5
Celf2_B1<==>Dynll1_T3,Celf2_B1,Dynll1_T3
Celf2_B1<==>Pcbp1_B5,Celf2_B1,Pcbp1_B5
Celf2_B1<==>Jund_T2,Celf2_B1,Jund_T2
Celf2_B1<==>Limd2_T5,Celf2_B1,Limd2_T5
Celf2_B1<==>Ighv2-9-1_B3,Celf2_B1,Ighv2-9-1_B3
Atp5c1_B4<==>Pbrm1_B4,Atp5c1_B4,Pbrm1_B4
Atp5c1_B4<==>Lrg1_M2,Atp5c1_B4,Lrg1_M2
Atp5c1_M0<==>Vim_T4,Atp5c1_M0,Vim_T4
Atp5c1_M0<==>Eif4e_M3,Atp5c1_M0,Eif4e_M3
Atp5c1_M0<==>Anp32b_M0,Atp5c1_M0,Anp32b_M0
Atp5c1_M0<==>Alox5ap_M0,Atp5c1_M0,Alox5ap_M0
Atp5c1_M0<==>Rps11_B1,Atp5c1_M0,Rps11_B1
Atp5c1_M0<==>Eif3f_M0,Atp5c1_M0,Eif3f_M0
Atp5c1_M0<==>Rps13_M0,Atp5c1_M0,Rps13_M0
Atp5c1_M0<==>Hspa8_M0,Atp5c1_M0,Hspa8_M0
Atp5c1_M0<==>Lcp1_T3,Atp5c1_M0,Lcp1_T3
Atp5c1_M0<==>Eif3h_M0,Atp5c1_M0,Eif3h_M0
Atp5c1_M0<==>Cct8_M3,Atp5c1_M0,Cct8_M3
Atp5c1_M0<==>Ifngr2_M4,Atp5c1_M0,Ifngr2_M4
Atp5c1_M0<==>H2-T23_M1,Atp5c1_M0,H2-T23_M1
Atp5c1_M0<==>Rpl17_B1,Atp5c1_M0,Rpl17_B1
Atp5c1_M0<==>AW112010_M0,Atp5c1_M0,AW112010_M0
Atp5c1_M0<==>Ms4a7_M1,Atp5c1_M0,Ms4a7_M1
Atp5c1_M0<==>P2ry10_T5,Atp5c1_M0,P2ry10_T5
Atp5c1_M1<==>Igkv14-111_B0,Atp5c1_M1,Igkv14-111_B0
Atp5c1_M1<==>Cd68_M5,Atp5c1_M1,Cd68_M5
Atp5c1_M1<==>Gna13_M7,Atp5c1_M1,Gna13_M7
Atp5c1_M1<==>F2r_T4,Atp5c1_M1,F2r_T4
Atp5c1_M1<==>Igkv5-39_B4,Atp5c1_M1,Igkv5-39_B4
Atp5c1_M3<==>Itprid2_M4,Atp5c1_M3,Itprid2_M4
Atp5c1_M3<==>Itgav_T2,Atp5c1_M3,Itgav_T2
Atp5c1_M3<==>Nusap1_T5,Atp5c1_M3,Nusap1_T5
Atp5c1_M3<==>Rpl6_T1,Atp5c1_M3,Rpl6_T1
Atp5c1_M3<==>Rpl13a_M3,Atp5c1_M3,Rpl13a_M3
Atp5c1_M3<==>Rac2_T5,Atp5c1_M3,Rac2_T5
Atp5c1_M4<==>Cytip_M3,Atp5c1_M4,Cytip_M3
Atp5c1_M4<==>Bcl2l11_B3,Atp5c1_M4,Bcl2l11_B3
Atp5c1_M4<==>Rsrc2_M3,Atp5c1_M4,Rsrc2_M3
Atp5c1_M4<==>Timm10b_M4,Atp5c1_M4,Timm10b_M4
Atp5c1_M4<==>Pycard_B3,Atp5c1_M4,Pycard_B3
Atp5c1_M4<==>Nme2_M3,Atp5c1_M4,Nme2_M3
Atp5c1_M4<==>Serpinb6b_M4,Atp5c1_M4,Serpinb6b_M4
Atp5c1_T5<==>Psmb1_T5,Atp5c1_T5,Psmb1_T5
Vim_M1<==>Eef1a1_M1,Vim_M1,Eef1a1_M1
Vim_M4<==>Alox5ap_M4,Vim_M4,Alox5ap_M4
Vim_M4<==>Kras_T1,Vim_M4,Kras_T1
Vim_M4<==>Spty2d1_B3,Vim_M4,Spty2d1_B3
Vim_M4<==>BC005537_T5,Vim_M4,BC005537_T5
Vim_M4<==>Il7r_T4,Vim_M4,Il7r_T4
Vim_T4<==>Coro1a_T4,Vim_T4,Coro1a_T4
Vim_T4<==>Sdc1_B3,Vim_T4,Sdc1_B3
Abi1_M3<==>Igkv2-109_B3,Abi1_M3,Igkv2-109_B3
Abi1_M3<==>Rpl23a_T4,Abi1_M3,Rpl23a_T4
Il1rn_M0<==>Eif4e_M0,Il1rn_M0,Eif4e_M0
Il1rn_M0<==>Marcksl1_M0,Il1rn_M0,Marcksl1_M0
Il1rn_M0<==>Igkv10-94_B2,Il1rn_M0,Igkv10-94_B2
Il1rn_M0<==>Glrx3_T5,Il1rn_M0,Glrx3_T5
Il1rn_M0<==>Dcun1d5_T5,Il1rn_M0,Dcun1d5_T5
Il1rn_M0<==>Txnrd1_M0,Il1rn_M0,Txnrd1_M0
Il1rn_M0<==>Cltc_M1,Il1rn_M0,Cltc_M1
Il1rn_M0<==>Syk_M0,Il1rn_M0,Syk_M0
Il1rn_M0<==>Ywhaz_M0,Il1rn_M0,Ywhaz_M0
Il1rn_M0<==>Cd14_M0,Il1rn_M0,Cd14_M0
Il1rn_M5<==>Ybx1_M5,Il1rn_M5,Ybx1_M5
Il1rn_M5<==>Atp6v1e1_M5,Il1rn_M5,Atp6v1e1_M5
Il1rn_M5<==>Arhgdib_M0,Il1rn_M5,Arhgdib_M0
Il1rn_M5<==>Axl_M1,Il1rn_M5,Axl_M1
Il1rn_M5<==>Myl6_M5,Il1rn_M5,Myl6_M5
Il1rn_M5<==>Ly6a_T5,Il1rn_M5,Ly6a_T5
Il1rn_M5<==>Tomm6_M0,Il1rn_M5,Tomm6_M0
Il1rn_M5<==>Cd14_M5,Il1rn_M5,Cd14_M5
Tubb4b_B3<==>Srp14_M3,Tubb4b_B3,Srp14_M3
Tubb4b_B3<==>Pdia3_B3,Tubb4b_B3,Pdia3_B3
Tubb4b_B3<==>Emp3_M0,Tubb4b_B3,Emp3_M0
Tubb4b_B3<==>Eif4g2_B3,Tubb4b_B3,Eif4g2_B3
Tubb4b_B3<==>Smarca5_B1,Tubb4b_B3,Smarca5_B1
Tubb4b_B3<==>Rps27l_B1,Tubb4b_B3,Rps27l_B1
Tubb4b_B3<==>Arpp19_M3,Tubb4b_B3,Arpp19_M3
Tubb4b_B3<==>Cmc1_T5,Tubb4b_B3,Cmc1_T5
Tubb4b_B3<==>Rpsa_M3,Tubb4b_B3,Rpsa_M3
Tubb4b_B3<==>Rtn4_M3,Tubb4b_B3,Rtn4_M3
Tubb4b_B3<==>Ift20_B3,Tubb4b_B3,Ift20_B3
Tubb4b_B3<==>Prkar1a_M3,Tubb4b_B3,Prkar1a_M3
Tubb4b_B3<==>Ndufs6_M3,Tubb4b_B3,Ndufs6_M3
Tubb4b_B3<==>Vapa_M0,Tubb4b_B3,Vapa_M0
Tubb4b_B3<==>Ptprcap_B1,Tubb4b_B3,Ptprcap_B1
Edf1_B3<==>Ptms_M3,Edf1_B3,Ptms_M3
Edf1_B3<==>Pld4_M4,Edf1_B3,Pld4_M4
Edf1_M0<==>Ppp1cc_T0,Edf1_M0,Ppp1cc_T0
Edf1_M0<==>Dcun1d5_T5,Edf1_M0,Dcun1d5_T5
Edf1_M0<==>Gna13_M4,Edf1_M0,Gna13_M4
Edf1_M0<==>Hif1a_T5,Edf1_M0,Hif1a_T5
Edf1_M0<==>Calm1_B1,Edf1_M0,Calm1_B1
Edf1_M0<==>Appl1_M4,Edf1_M0,Appl1_M4
Edf1_M0<==>Clic1_M1,Edf1_M0,Clic1_M1
Edf1_M3<==>Rpl12_M3,Edf1_M3,Rpl12_M3
Edf1_M3<==>Ran_M0,Edf1_M3,Ran_M0
Edf1_M3<==>Pomp_M3,Edf1_M3,Pomp_M3
Edf1_M3<==>Tax1bp1_M3,Edf1_M3,Tax1bp1_M3
Edf1_M3<==>Ldha_M0,Edf1_M3,Ldha_M0
Edf1_M3<==>Ighv4-1_B3,Edf1_M3,Ighv4-1_B3
Edf1_M3<==>Selenok_M2,Edf1_M3,Selenok_M2
Edf1_M3<==>Srsf3_B2,Edf1_M3,Srsf3_B2
Edf1_M3<==>H2-DMb2_B1,Edf1_M3,H2-DMb2_B1
Edf1_M3<==>H2-D1_M3,Edf1_M3,H2-D1_M3
Edf1_M3<==>H2-Q7_T2,Edf1_M3,H2-Q7_T2
Edf1_M3<==>Gm42418_M2,Edf1_M3,Gm42418_M2
Rpl7a_B1<==>Rps15_T2,Rpl7a_B1,Rps15_T2
Rpl7a_B1<==>Rpl23a_B1,Rpl7a_B1,Rpl23a_B1
Rpl7a_B1<==>Rpl23a_T4,Rpl7a_B1,Rpl23a_T4
Rpl7a_B1<==>Cd300c2_M4,Rpl7a_B1,Cd300c2_M4
Rpl7a_B1<==>Tpt1_T4,Rpl7a_B1,Tpt1_T4
Rpl7a_M3<==>Atp1a1_M3,Rpl7a_M3,Atp1a1_M3
Rpl7a_M3<==>Rpl11_M3,Rpl7a_M3,Rpl11_M3
Rpl7a_M3<==>Tmed5_M0,Rpl7a_M3,Tmed5_M0
Rpl7a_M3<==>Rpl32_M3,Rpl7a_M3,Rpl32_M3
Rpl7a_M3<==>Rps5_M3,Rpl7a_M3,Rps5_M3
Rpl7a_M3<==>Rps11_M3,Rpl7a_M3,Rps11_M3
Rpl7a_M3<==>Rpl27a_M3,Rpl7a_M3,Rpl27a_M3
Rpl7a_M3<==>Rpl18a_M3,Rpl7a_M3,Rpl18a_M3
Rpl7a_M3<==>Smarca5_B1,Rpl7a_M3,Smarca5_B1
Rpl7a_M3<==>Rps27a_M3,Rpl7a_M3,Rps27a_M3
Rpl7a_M3<==>Rpl26_M3,Rpl7a_M3,Rpl26_M3
Rpl7a_M3<==>Rpl27_M3,Rpl7a_M3,Rpl27_M3
Rpl7a_M3<==>Rps7_M3,Rpl7a_M3,Rps7_M3
Rpl7a_M3<==>Ighv1-74_B3,Rpl7a_M3,Ighv1-74_B3
Rpl7a_M3<==>Rpl15_M3,Rpl7a_M3,Rpl15_M3
Rpl7a_M3<==>Ywhaz_B2,Rpl7a_M3,Ywhaz_B2
Rpl7a_M3<==>Rps18_M3,Rpl7a_M3,Rps18_M3
Rpl7a_M3<==>Rpl17_M3,Rpl7a_M3,Rpl17_M3
Rpl7a_T2<==>Rpl9_T2,Rpl7a_T2,Rpl9_T2
Rpl7a_T2<==>Rplp0_B1,Rpl7a_T2,Rplp0_B1
Rpl7a_T2<==>Rps19_T2,Rpl7a_T2,Rps19_T2
Rpl7a_T2<==>2410006H16Rik_B1,Rpl7a_T2,2410006H16Rik_B1
Rpl7a_T2<==>Rpl26_T2,Rpl7a_T2,Rpl26_T2
Rpl7a_T2<==>Rps14_T2,Rpl7a_T2,Rps14_T2
Rpl7a_T2<==>Rpl17_T2,Rpl7a_T2,Rpl17_T2
Rpl7a_T2<==>Ddx3x_M3,Rpl7a_T2,Ddx3x_M3
Rpl7a_T5<==>Casp3_T5,Rpl7a_T5,Casp3_T5
Rpl7a_T5<==>Rpl14_T5,Rpl7a_T5,Rpl14_T5
Surf4_B3<==>Hint1_B3,Surf4_B3,Hint1_B3
Surf4_B3<==>Nme2_B3,Surf4_B3,Nme2_B3
Surf4_B3<==>Npc2_B3,Surf4_B3,Npc2_B3
Surf4_B3<==>Ighv9-1_B3,Surf4_B3,Ighv9-1_B3
Surf4_B3<==>Rpl10a_T2,Surf4_B3,Rpl10a_T2
Surf4_B3<==>Psmb8_B3,Surf4_B3,Psmb8_B3
Surf4_B3<==>H2-Q7_M0,Surf4_B3,H2-Q7_M0
Olfm1_M4<==>Micos10_M0,Olfm1_M4,Micos10_M0
Olfm1_M4<==>Fgl2_M0,Olfm1_M4,Fgl2_M0
Olfm1_M4<==>Rpl5_M3,Olfm1_M4,Rpl5_M3
Olfm1_M4<==>Alox5ap_M4,Olfm1_M4,Alox5ap_M4
Olfm1_M4<==>Luc7l2_M0,Olfm1_M4,Luc7l2_M0
Olfm1_M4<==>Rabac1_B1,Olfm1_M4,Rabac1_B1
Olfm1_M4<==>Aprt_M3,Olfm1_M4,Aprt_M3
Olfm1_M4<==>Bcl2a1b_T3,Olfm1_M4,Bcl2a1b_T3
Olfm1_M4<==>Cd300c2_M0,Olfm1_M4,Cd300c2_M0
Olfm1_M4<==>Psmb9_B4,Olfm1_M4,Psmb9_B4
Olfm1_M4<==>Unc93b1_M4,Olfm1_M4,Unc93b1_M4
Olfm1_M4<==>Cox8a_T4,Olfm1_M4,Cox8a_T4
Olfm1_M4<==>Got1_M5,Olfm1_M4,Got1_M5
Set_B1<==>B4galt5_M3,Set_B1,B4galt5_M3
Set_B1<==>Pmepa1_M5,Set_B1,Pmepa1_M5
Set_B1<==>Eif4e_M1,Set_B1,Eif4e_M1
Set_B1<==>Gng5_T1,Set_B1,Gng5_T1
Set_B1<==>Chchd2_B5,Set_B1,Chchd2_B5
Set_B1<==>Hmgb1_T1,Set_B1,Hmgb1_T1
Set_B1<==>Mob1a_M5,Set_B1,Mob1a_M5
Set_B1<==>Fosb_B3,Set_B1,Fosb_B3
Set_B1<==>Tpm4_T1,Set_B1,Tpm4_T1
Set_B1<==>Tpm4_T5,Set_B1,Tpm4_T5
Set_B1<==>Map1lc3b_T3,Set_B1,Map1lc3b_T3
Set_B1<==>Rpl13_B1,Set_B1,Rpl13_B1
Set_B1<==>Rpl13_B5,Set_B1,Rpl13_B5
Set_B1<==>Rab8b_T3,Set_B1,Rab8b_T3
Set_B1<==>Rps27l_M4,Set_B1,Rps27l_M4
Set_B1<==>Bcl2a1d_M3,Set_B1,Bcl2a1d_M3
Set_B1<==>Slc25a3_T1,Set_B1,Slc25a3_T1
Set_B1<==>Snrpf_B1,Set_B1,Snrpf_B1
Set_B1<==>Snrpf_B5,Set_B1,Snrpf_B5
Set_B1<==>Xbp1_M4,Set_B1,Xbp1_M4
Set_B1<==>Ube2b_T1,Set_B1,Ube2b_T1
Set_B1<==>Sumo2_T5,Set_B1,Sumo2_T5
Set_B1<==>Nfkbia_B3,Set_B1,Nfkbia_B3
Set_B1<==>Calm1_B2,Set_B1,Calm1_B2
Set_B1<==>Ighg2c_B2,Set_B1,Ighg2c_B2
Set_B1<==>Gpr183_M5,Set_B1,Gpr183_M5
Set_B1<==>Eef1d_M1,Set_B1,Eef1d_M1
Set_B1<==>Atp5g2_M3,Set_B1,Atp5g2_M3
Set_B1<==>Cebpz_B1,Set_B1,Cebpz_B1
Set_B1<==>Kif5b_M1,Set_B1,Kif5b_M1
Set_B1<==>Cd14_M1,Set_B1,Cd14_M1
Set_B1<==>Eif1a_M3,Set_B1,Eif1a_M3
Set_B1<==>Malt1_B2,Set_B1,Malt1_B2
Set_B1<==>Rps4x_B2,Set_B1,Rps4x_B2
Set_B1<==>mt-Atp6_B2,Set_B1,mt-Atp6_B2
Set_B3<==>Dpm3_B3,Set_B3,Dpm3_B3
Set_B3<==>Tmsb10_B3,Set_B3,Tmsb10_B3
Set_B3<==>Calr_T2,Set_B3,Calr_T2
Set_B5<==>Serf2_T4,Set_B5,Serf2_T4
Set_B5<==>Bcl2l11_B3,Set_B5,Bcl2l11_B3
Set_B5<==>S100a11_B1,Set_B5,S100a11_B1
Set_B5<==>H2afz_T3,Set_B5,H2afz_T3
Set_B5<==>Eif4e_M1,Set_B5,Eif4e_M1
Set_B5<==>Tnfsf8_T0,Set_B5,Tnfsf8_T0
Set_B5<==>Mat2a_B5,Set_B5,Mat2a_B5
Set_B5<==>Cd9_M3,Set_B5,Cd9_M3
Set_B5<==>Aebp2_M4,Set_B5,Aebp2_M4
Set_B5<==>Gadd45b_M3,Set_B5,Gadd45b_M3
Set_B5<==>Prkar1a_T4,Set_B5,Prkar1a_T4
Set_B5<==>Sf3b6_B1,Set_B5,Sf3b6_B1
Set_B5<==>Calm1_B2,Set_B5,Calm1_B2
Set_B5<==>Cd83_B1,Set_B5,Cd83_B1
Set_B5<==>Ninj1_M3,Set_B5,Ninj1_M3
Set_B5<==>Appl1_M3,Set_B5,Appl1_M3
Set_B5<==>Mycbp2_B1,Set_B5,Mycbp2_B1
Set_B5<==>Slc38a2_B3,Set_B5,Slc38a2_B3
Set_B5<==>Atp5g2_M3,Set_B5,Atp5g2_M3
Set_B5<==>Cebpz_B1,Set_B5,Cebpz_B1
Set_B5<==>Crem_T3,Set_B5,Crem_T3
Set_B5<==>Jak2_T1,Set_B5,Jak2_T1
Set_M3<==>Smap2_T4,Set_M3,Smap2_T4
Set_M3<==>Capza2_M3,Set_M3,Capza2_M3
Set_M3<==>Gadd45b_M3,Set_M3,Gadd45b_M3
Set_M3<==>Npm1_M3,Set_M3,Npm1_M3
Set_M3<==>Atp5g1_M3,Set_M3,Atp5g1_M3
Set_M4<==>Lamp1_M3,Set_M4,Lamp1_M3
Set_T2<==>Rps11_M7,Set_T2,Rps11_M7
Set_T2<==>Rplp2_T6_2,Set_T2,Rplp2_T6_2
Set_T2<==>Hnrnpc_M0,Set_T2,Hnrnpc_M0
Set_T5<==>Rinl_T0,Set_T5,Rinl_T0
Set_T5<==>Snrpd1_T5,Set_T5,Snrpd1_T5
Fnbp1_M3<==>Saraf_T1,Fnbp1_M3,Saraf_T1
Fnbp1_M5<==>Igkc_M3,Fnbp1_M5,Igkc_M3
Fnbp1_M5<==>Clec2d_M3,Fnbp1_M5,Clec2d_M3
Fnbp1_M5<==>Ywhaz_T3,Fnbp1_M5,Ywhaz_T3
Fnbp1_M5<==>Slc3a2_M3,Fnbp1_M5,Slc3a2_M3
Fnbp1_M5<==>mt-Co2_T2,Fnbp1_M5,mt-Co2_T2
Fnbp1_M5<==>mt-Atp6_B0,Fnbp1_M5,mt-Atp6_B0
Rpl12_B0<==>Fosb_M1,Rpl12_B0,Fosb_M1
Rpl12_B0<==>Prss23_O7,Rpl12_B0,Prss23_O7
Rpl12_B0<==>Sub1_B0,Rpl12_B0,Sub1_B0
Rpl12_B0<==>Rpl30_B4,Rpl12_B0,Rpl30_B4
Rpl12_B0<==>Rbm3_B4,Rpl12_B0,Rbm3_B4
Rpl12_M3<==>Gpcpd1_M4,Rpl12_M3,Gpcpd1_M4
Rpl12_M3<==>Fgl2_M0,Rpl12_M3,Fgl2_M0
Rpl12_M3<==>Rpl5_M3,Rpl12_M3,Rpl5_M3
Rpl12_M3<==>Tmed5_M0,Rpl12_M3,Tmed5_M0
Rpl12_M3<==>Rps15a_M3,Rpl12_M3,Rps15a_M3
Rpl12_M3<==>Hspa8_B5,Rpl12_M3,Hspa8_B5
Rpl12_M3<==>Rps25_M3,Rpl12_M3,Rps25_M3
Rpl12_M3<==>Rpl14_M3,Rpl12_M3,Rpl14_M3
Rpl12_M3<==>Cstb_M5,Rpl12_M3,Cstb_M5
Rpl12_M3<==>Actr2_M0,Rpl12_M3,Actr2_M0
Rpl12_M3<==>Rpl23_M3,Rpl12_M3,Rpl23_M3
Rpl12_M3<==>Ifrd1_M2,Rpl12_M3,Ifrd1_M2
Rpl12_M3<==>Rps23_M3,Rpl12_M3,Rps23_M3
Rpl12_M3<==>Psme1_B5,Rpl12_M3,Psme1_B5
Rpl12_M3<==>Fyb_M5,Rpl12_M3,Fyb_M5
Rpl12_M3<==>Rps10_M3,Rpl12_M3,Rps10_M3
Rpl12_M3<==>Rps14_M3,Rpl12_M3,Rps14_M3
Rpl12_M5<==>Gimap6_B1,Rpl12_M5,Gimap6_B1
Rpl12_T1<==>Gsn_O7,Rpl12_T1,Gsn_O7
Rpl12_T1<==>Ndufa4_T1,Rpl12_T1,Ndufa4_T1
Rpl12_T1<==>Rps9_T1,Rpl12_T1,Rps9_T1
Rpl12_T1<==>Rpl28_B1,Rpl12_T1,Rpl28_B1
Rpl12_T1<==>Rpl13a_B1,Rpl12_T1,Rpl13a_B1
Rpl12_T1<==>Ucp2_T1,Rpl12_T1,Ucp2_T1
Rpl12_T1<==>Jund_T2,Rpl12_T1,Jund_T2
Rpl12_T1<==>Rpl19_T2,Rpl12_T1,Rpl19_T2
Rpl12_T1<==>Pdia6_O7,Rpl12_T1,Pdia6_O7
Rpl12_T1<==>Sub1_T1,Rpl12_T1,Sub1_T1
Rpl12_T1<==>Col14a1_O7,Rpl12_T1,Col14a1_O7
Rpl12_T1<==>Igfbp6_O7,Rpl12_T1,Igfbp6_O7
Rpl12_T1<==>Fndc1_O7,Rpl12_T1,Fndc1_O7
Rpl12_T1<==>Pi16_O7,Rpl12_T1,Pi16_O7
Rpl12_T1<==>Rpl17_T1,Rpl12_T1,Rpl17_T1
Rpl12_T1<==>Rps4x_B1,Rpl12_T1,Rps4x_B1
Rpl12_T2<==>Slit3_O7,Rpl12_T2,Slit3_O7
Rpl12_T2<==>Rack1_B1,Rpl12_T2,Rack1_B1
Rpl12_T2<==>Rpl19_T2,Rpl12_T2,Rpl19_T2
Rpl12_T2<==>Ighv2-9-1_B3,Rpl12_T2,Ighv2-9-1_B3
Rpl12_T2<==>Rpl17_T1,Rpl12_T2,Rpl17_T1
Rpl12_T2<==>mt-Nd4l_T4,Rpl12_T2,mt-Nd4l_T4
Rpl12_T5<==>Capg_B1,Rpl12_T5,Capg_B1
Rpl12_T5<==>Prss23_O7,Rpl12_T5,Prss23_O7
Rpl12_T5<==>Rnh1_M1,Rpl12_T5,Rnh1_M1
Rpl12_T5<==>Hexa_M3,Rpl12_T5,Hexa_M3
Rpl12_T5<==>Rpl14_B2,Rpl12_T5,Rpl14_B2
Rpl12_T5<==>Rps7_T5,Rpl12_T5,Rps7_T5
Rpl12_T5<==>Ighj4_B3,Rpl12_T5,Ighj4_B3
Rpl12_T5<==>H2-Q7_T3,Rpl12_T5,H2-Q7_T3
Rpl12_T5<==>Rps14_T5,Rpl12_T5,Rps14_T5
Rpl12_T6_2<==>Jpt1_B3,Rpl12_T6_2,Jpt1_B3
Rpl12_T6_2<==>Gm42418_M4,Rpl12_T6_2,Gm42418_M4
Hspa5_B3<==>Txn1_B3,Hspa5_B3,Txn1_B3
Hspa5_B3<==>Srp72_B3,Hspa5_B3,Srp72_B3
Hspa5_B3<==>Rac1_M0,Hspa5_B3,Rac1_M0
Hspa5_B3<==>Calr_B3,Hspa5_B3,Calr_B3
Hspa5_B3<==>Manf_B3,Hspa5_B3,Manf_B3
Hspa5_B3<==>Rhoa_B3,Hspa5_B3,Rhoa_B3
Hspa5_B3<==>Myl6_B3,Hspa5_B3,Myl6_B3
Hspa5_B3<==>Pdia6_B3,Hspa5_B3,Pdia6_B3
Hspa5_B3<==>Dnajb9_B3,Hspa5_B3,Dnajb9_B3
Hspa5_B3<==>Btf3_B3,Hspa5_B3,Btf3_B3
Hspa5_B3<==>Selenok_T3,Hspa5_B3,Selenok_T3
Hspa5_B4<==>Ubb_B3,Hspa5_B4,Ubb_B3
Hspa5_B4<==>Timm23_B4,Hspa5_B4,Timm23_B4
Hspa5_M1<==>Ctsa_M1,Hspa5_M1,Ctsa_M1
Hspa5_M1<==>B4galt5_M1,Hspa5_M1,B4galt5_M1
Hspa5_M1<==>Lmna_O10,Hspa5_M1,Lmna_O10
Hspa5_M1<==>Ubap2l_M3,Hspa5_M1,Ubap2l_M3
Hspa5_M1<==>Ptp4a2_T1,Hspa5_M1,Ptp4a2_T1
Hspa5_M1<==>Hnrnpa2b1_B1,Hspa5_M1,Hnrnpa2b1_B1
Hspa5_M1<==>Cdkn1b_T4,Hspa5_M1,Cdkn1b_T4
Hspa5_M1<==>Eif4g2_B3,Hspa5_M1,Eif4g2_B3
Hspa5_M1<==>Pttg1ip_M4,Hspa5_M1,Pttg1ip_M4
Hspa5_M1<==>Sqstm1_M3,Hspa5_M1,Sqstm1_M3
Hspa5_M1<==>Kdm6b_M1,Hspa5_M1,Kdm6b_M1
Hspa5_M1<==>Eif5_O10,Hspa5_M1,Eif5_O10
Hspa5_M1<==>Ighv1-53_B3,Hspa5_M1,Ighv1-53_B3
Hspa5_M1<==>Rpl3_M3,Hspa5_M1,Rpl3_M3
Hspa5_M1<==>Morf4l2_M5,Hspa5_M1,Morf4l2_M5
Hspa5_M1<==>mt-Atp6_B0,Hspa5_M1,mt-Atp6_B0
Hspa5_M2<==>S100a11_T2,Hspa5_M2,S100a11_T2
Hspa5_M3<==>Serf2_T4,Hspa5_M3,Serf2_T4
Hspa5_M3<==>Lyn_M4,Hspa5_M3,Lyn_M4
Hspa5_M3<==>Ptp4a2_B3,Hspa5_M3,Ptp4a2_B3
Hspa5_M3<==>Tnfrsf18_T2,Hspa5_M3,Tnfrsf18_T2
Hspa5_M3<==>Pycard_B3,Hspa5_M3,Pycard_B3
Hspa5_M3<==>Ifngr1_T3,Hspa5_M3,Ifngr1_T3
Hspa5_M3<==>Cstb_M3,Hspa5_M3,Cstb_M3
Hspa5_M3<==>Odc1_B3,Hspa5_M3,Odc1_B3
Hspa5_M3<==>Ninj1_M3,Hspa5_M3,Ninj1_M3
Hspa5_M3<==>Slc38a1_M4,Hspa5_M3,Slc38a1_M4
Hspa5_M3<==>Vasn_O7,Hspa5_M3,Vasn_O7
Hspa5_M3<==>Srsf3_B1,Hspa5_M3,Srsf3_B1
Hspa5_M3<==>Crem_T3,Hspa5_M3,Crem_T3
Hspa5_M4<==>Hnrnpf_B5,Hspa5_M4,Hnrnpf_B5
Hspa5_M4<==>Rpl28_M3,Hspa5_M4,Rpl28_M3
Hspa5_M4<==>Ndufa13_B1,Hspa5_M4,Ndufa13_B1
Hspa5_M4<==>Calr_T2,Hspa5_M4,Calr_T2
Hspa5_M4<==>Rpsa_M3,Hspa5_M4,Rpsa_M3
Hspa5_M4<==>Man1a_B3,Hspa5_M4,Man1a_B3
Hspa5_M4<==>Pitpna_M0,Hspa5_M4,Pitpna_M0
Hspa5_M4<==>Ddx5_T4,Hspa5_M4,Ddx5_T4
Hspa5_M4<==>Sumo2_B5,Hspa5_M4,Sumo2_B5
Hspa5_M4<==>Rpl15_M3,Hspa5_M4,Rpl15_M3
Hspa5_M4<==>Dad1_M4,Hspa5_M4,Dad1_M4
Hspa5_M4<==>Rpl24_M3,Hspa5_M4,Rpl24_M3
Hspa5_M4<==>Atp6v0e_M3,Hspa5_M4,Atp6v0e_M3
Hspa5_M4<==>H2-Ob_B1,Hspa5_M4,H2-Ob_B1
Hspa5_M4<==>H2-Ab1_B1,Hspa5_M4,H2-Ab1_B1
Hspa5_M4<==>Ostf1_B1,Hspa5_M4,Ostf1_B1
Hspa5_O10<==>Bcl2l11_B3,Hspa5_O10,Bcl2l11_B3
Hspa5_O10<==>Eif2s2_B3,Hspa5_O10,Eif2s2_B3
Hspa5_O10<==>S100a10_B3,Hspa5_O10,S100a10_B3
Hspa5_O10<==>Eif4e_M3,Hspa5_O10,Eif4e_M3
Hspa5_O10<==>Gng5_B3,Hspa5_O10,Gng5_B3
Hspa5_O10<==>Prdx1_T5,Hspa5_O10,Prdx1_T5
Hspa5_O10<==>Ptp4a2_B3,Hspa5_O10,Ptp4a2_B3
Hspa5_O10<==>Chchd2_T5,Hspa5_O10,Chchd2_T5
Hspa5_O10<==>Zyx_M4,Hspa5_O10,Zyx_M4
Hspa5_O10<==>Eif2ak3_B3,Hspa5_O10,Eif2ak3_B3
Hspa5_O10<==>Cd9_M3,Hspa5_O10,Cd9_M3
Hspa5_O10<==>Eif4g2_B3,Hspa5_O10,Eif4g2_B3
Hspa5_O10<==>Ikbkb_M3,Hspa5_O10,Ikbkb_M3
Hspa5_O10<==>Map1lc3b_T3,Hspa5_O10,Map1lc3b_T3
Hspa5_O10<==>Serinc1_M3,Hspa5_O10,Serinc1_M3
Hspa5_O10<==>Pkib_M3,Hspa5_O10,Pkib_M3
Hspa5_O10<==>Pttg1ip_M4,Hspa5_O10,Pttg1ip_M4
Hspa5_O10<==>Tbc1d15_B3,Hspa5_O10,Tbc1d15_B3
Hspa5_O10<==>Nme2_M3,Hspa5_O10,Nme2_M3
Hspa5_O10<==>Eif1_T2,Hspa5_O10,Eif1_T2
Hspa5_O10<==>Ifrd1_B3,Hspa5_O10,Ifrd1_B3
Hspa5_O10<==>Nfkbia_O10,Hspa5_O10,Nfkbia_O10
Hspa5_O10<==>Ighv2-3_B3,Hspa5_O10,Ighv2-3_B3
Hspa5_O10<==>Appl1_M3,Hspa5_O10,Appl1_M3
Hspa5_O10<==>Lcp1_T3,Hspa5_O10,Lcp1_T3
Hspa5_O10<==>Azin1_B3,Hspa5_O10,Azin1_B3
Hspa5_O10<==>Atf4_B3,Hspa5_O10,Atf4_B3
Hspa5_O10<==>Slc38a2_B3,Hspa5_O10,Slc38a2_B3
Hspa5_O10<==>Cldnd1_T5,Hspa5_O10,Cldnd1_T5
Hspa5_O10<==>D16Ertd472e_B3,Hspa5_O10,D16Ertd472e_B3
Hspa5_O10<==>Srsf3_B5,Hspa5_O10,Srsf3_B5
Hspa5_O10<==>H2-D1_M1,Hspa5_O10,H2-D1_M1
Hspa5_O10<==>Crem_T3,Hspa5_O10,Crem_T3
Hspa5_O10<==>Ehd1_M3,Hspa5_O10,Ehd1_M3
Hspa5_O10<==>Usp9x_M4,Hspa5_O10,Usp9x_M4
Hspa5_O10<==>Rps4x_B0,Hspa5_O10,Rps4x_B0
Hspa5_T2<==>Nlrp3_M0,Hspa5_T2,Nlrp3_M0
Hspa5_T2<==>Timm23_T5,Hspa5_T2,Timm23_T5
Traf1_M3<==>Vgll4_T4,Traf1_M3,Vgll4_T4
Traf1_M3<==>Tmem123_M3,Traf1_M3,Tmem123_M3
Traf1_M3<==>Anapc13_B3,Traf1_M3,Anapc13_B3
Traf1_M3<==>Gns_M1,Traf1_M3,Gns_M1
Traf1_M3<==>Vmp1_B3,Traf1_M3,Vmp1_B3
Traf1_M3<==>Eif1_T7,Traf1_M3,Eif1_T7
Traf1_M3<==>Tbc1d4_M3,Traf1_M3,Tbc1d4_M3
Traf1_M3<==>Eef1d_M3,Traf1_M3,Eef1d_M3
Traf1_M3<==>Csf2rb2_M3,Traf1_M3,Csf2rb2_M3
Traf1_T0<==>Rps20_M1,Traf1_T0,Rps20_M1
Traf1_T0<==>Gnb1_M0,Traf1_T0,Gnb1_M0
Traf1_T0<==>Rps23_M1,Traf1_T0,Rps23_M1
Traf1_T0<==>Rpl3_B1,Traf1_T0,Rpl3_B1
Traf1_T1<==>Tpm3_M4,Traf1_T1,Tpm3_M4
Traf1_T1<==>Tpm3_M5,Traf1_T1,Tpm3_M5
Traf1_T1<==>Srsf9_M3,Traf1_T1,Srsf9_M3
Traf1_T1<==>Rab7_M3,Traf1_T1,Rab7_M3
Traf1_T1<==>Cd3d_T2,Traf1_T1,Cd3d_T2
Traf1_T1<==>Rps12_M5,Traf1_T1,Rps12_M5
Traf1_T1<==>Tle5_T3,Traf1_T1,Tle5_T3
Traf1_T1<==>Rack1_M3,Traf1_T1,Rack1_M3
Traf1_T1<==>Kdm6b_T4,Traf1_T1,Kdm6b_T4
Traf1_T1<==>Rpl23_M3,Traf1_T1,Rpl23_M3
Traf1_T1<==>Hsp90aa1_B3,Traf1_T1,Hsp90aa1_B3
Traf1_T1<==>Fyb_M5,Traf1_T1,Fyb_M5
Traf1_T1<==>Gm26917_B7,Traf1_T1,Gm26917_B7
Traf1_T1<==>Epcam_B3,Traf1_T1,Epcam_B3
Traf1_T1<==>Rps4x_M3,Traf1_T1,Rps4x_M3
Traf1_T2<==>S100a11_M1,Traf1_T2,S100a11_M1
Traf1_T2<==>Stmn1_T5,Traf1_T2,Stmn1_T5
Traf1_T2<==>Cdc42_B3,Traf1_T2,Cdc42_B3
Traf1_T2<==>Cd9_M3,Traf1_T2,Cd9_M3
Traf1_T2<==>Rps26_T5,Traf1_T2,Rps26_T5
Traf1_T2<==>Cltc_M1,Traf1_T2,Cltc_M1
Traf1_T2<==>Rpl10a_M0,Traf1_T2,Rpl10a_M0
Traf1_T2<==>Calm2_B1,Traf1_T2,Calm2_B1
Traf1_T2<==>Ssr4_O7,Traf1_T2,Ssr4_O7
Gsn_M5<==>Gapdh_M2,Gsn_M5,Gapdh_M2
Gsn_M5<==>Emb_T6,Gsn_M5,Emb_T6
Gsn_O7<==>Lmna_B3,Gsn_O7,Lmna_B3
Gsn_O7<==>Ube2d3_M3,Gsn_O7,Ube2d3_M3
Gsn_O7<==>Ptp4a2_O7,Gsn_O7,Ptp4a2_O7
Gsn_O7<==>Uqcrc2_M4,Gsn_O7,Uqcrc2_M4
Gsn_O7<==>Jund_T2,Gsn_O7,Jund_T2
Gsn_O7<==>Cavin1_O7,Gsn_O7,Cavin1_O7
Gsn_O7<==>Ighv1-34_B3,Gsn_O7,Ighv1-34_B3
Gsn_O7<==>Ighv8-11_B3,Gsn_O7,Ighv8-11_B3
Gsn_O7<==>Atf4_O7,Gsn_O7,Atf4_O7
Gsn_O7<==>Igfbp6_O7,Gsn_O7,Igfbp6_O7
Gsn_O7<==>Pi16_O7,Gsn_O7,Pi16_O7
Gsn_O7<==>Rpl17_T1,Gsn_O7,Rpl17_T1
Gsn_O7<==>Hnrnph2_M3,Gsn_O7,Hnrnph2_M3
Ggta1_M1<==>Bhlhe40_T5,Ggta1_M1,Bhlhe40_T5
Ggta1_M1<==>Pdcd5_M3,Ggta1_M1,Pdcd5_M3
Ggta1_M1<==>Cd164_T4,Ggta1_M1,Cd164_T4
Ggta1_M1<==>Ccr7_M3,Ggta1_M1,Ccr7_M3
Ggta1_M1<==>Ehd1_M1,Ggta1_M1,Ehd1_M1
Ggta1_M3<==>Pkib_M3,Ggta1_M3,Pkib_M3
Ggta1_M3<==>Irf1_M4,Ggta1_M3,Irf1_M4
Ggta1_M3<==>Ighv8-8_B3,Ggta1_M3,Ighv8-8_B3
Ggta1_M3<==>Hnrnpm_M1,Ggta1_M3,Hnrnpm_M1
Ggta1_M3<==>Dusp5_M5,Ggta1_M3,Dusp5_M5
Rpl35_B1<==>Rpl35_T5,Rpl35_B1,Rpl35_T5
Rpl35_B1<==>Ndufs3_B3,Rpl35_B1,Ndufs3_B3
Rpl35_B1<==>Eif2s2_T1,Rpl35_B1,Eif2s2_T1
Rpl35_B1<==>Rps21_T2,Rpl35_B1,Rps21_T2
Rpl35_B1<==>Sec62_T2,Rpl35_B1,Sec62_T2
Rpl35_B1<==>Rps27_B1,Rpl35_B1,Rps27_B1
Rpl35_B1<==>Rps27_B3,Rpl35_B1,Rps27_B3
Rpl35_B1<==>Rps27_M3,Rpl35_B1,Rps27_M3
Rpl35_B1<==>Rps27_T1,Rpl35_B1,Rps27_T1
Rpl35_B1<==>Rps27_T2,Rpl35_B1,Rps27_T2
Rpl35_B1<==>Rps20_B5,Rpl35_B1,Rps20_B5
Rpl35_B1<==>Cdc42_T2,Rpl35_B1,Cdc42_T2
Rpl35_B1<==>Dnajb6_T1,Rpl35_B1,Dnajb6_T1
Rpl35_B1<==>Rpl6_B2,Rpl35_B1,Rpl6_B2
Rpl35_B1<==>Hmgb1_T1,Rpl35_B1,Hmgb1_T1
Rpl35_B1<==>Igkv4-70_B3,Rpl35_B1,Igkv4-70_B3
Rpl35_B1<==>Tmsb10_B3,Rpl35_B1,Tmsb10_B3
Rpl35_B1<==>Taldo1_M0,Rpl35_B1,Taldo1_M0
Rpl35_B1<==>Fli1_M4,Rpl35_B1,Fli1_M4
Rpl35_B1<==>Ets1_M5,Rpl35_B1,Ets1_M5
Rpl35_B1<==>Cd3e_T2,Rpl35_B1,Cd3e_T2
Rpl35_B1<==>Rab8b_T4,Rpl35_B1,Rab8b_T4
Rpl35_B1<==>Ctsh_M3,Rpl35_B1,Ctsh_M3
Rpl35_B1<==>Rpl41_M3,Rpl35_B1,Rpl41_M3
Rpl35_B1<==>Rel_M1,Rpl35_B1,Rel_M1
Rpl35_B1<==>Rpl38_M3,Rpl35_B1,Rpl38_M3
Rpl35_B1<==>Rps29_T1,Rpl35_B1,Rps29_T1
Rpl35_B1<==>Rps29_T2,Rpl35_B1,Rps29_T2
Rpl35_B1<==>Rps29_T6_2,Rpl35_B1,Rps29_T6_2
Rpl35_B1<==>Rps29_T7,Rpl35_B1,Rps29_T7
Rpl35_B1<==>Hif1a_B4,Rpl35_B1,Hif1a_B4
Rpl35_B1<==>Hif1a_T0,Rpl35_B1,Hif1a_T0
Rpl35_B1<==>Ndufb1-ps_M3,Rpl35_B1,Ndufb1-ps_M3
Rpl35_B1<==>Ndufb1-ps_T2,Rpl35_B1,Ndufb1-ps_T2
Rpl35_B1<==>Lgmn_M1,Rpl35_B1,Lgmn_M1
Rpl35_B1<==>Atp5mpl_B3,Rpl35_B1,Atp5mpl_B3
Rpl35_B1<==>Rpl37_T1,Rpl35_B1,Rpl37_T1
Rpl35_B1<==>Rpl37_T2,Rpl35_B1,Rpl37_T2
Rpl35_B1<==>Rpl37_T5,Rpl35_B1,Rpl37_T5
Rpl35_B1<==>Iglv3_B5,Rpl35_B1,Iglv3_B5
Rpl35_B1<==>Msrb1_M1,Rpl35_B1,Msrb1_M1
Rpl35_B1<==>Rps28_M3,Rpl35_B1,Rps28_M3
Rpl35_B1<==>Rps28_T1,Rpl35_B1,Rps28_T1
Rpl35_B1<==>Rps28_T2,Rpl35_B1,Rps28_T2
Rpl35_B1<==>Rpl17_B5,Rpl35_B1,Rpl17_B5
Rpl35_B1<==>Malat1_T3,Rpl35_B1,Malat1_T3
Rpl35_B1<==>Malat1_T5,Rpl35_B1,Malat1_T5
Rpl35_B1<==>Atp5md_B1,Rpl35_B1,Atp5md_B1
Rpl35_B1<==>Atp5md_T1,Rpl35_B1,Atp5md_T1
Rpl35_B1<==>Atp5md_T2,Rpl35_B1,Atp5md_T2
Rpl35_B1<==>Rpl39_B1,Rpl35_B1,Rpl39_B1
Rpl35_B1<==>Rpl39_B2,Rpl35_B1,Rpl39_B2
Rpl35_B1<==>mt-Co2_T2,Rpl35_B1,mt-Co2_T2
Rpl35_B1<==>mt-Co2_T6,Rpl35_B1,mt-Co2_T6
Rpl35_B1<==>mt-Atp6_B3,Rpl35_B1,mt-Atp6_B3
Rpl35_B1<==>mt-Atp6_T4,Rpl35_B1,mt-Atp6_T4
Rpl35_B1<==>mt-Atp6_T5,Rpl35_B1,mt-Atp6_T5
Rpl35_B1<==>mt-Co3_T5,Rpl35_B1,mt-Co3_T5
Rpl35_B1<==>mt-Cytb_T2,Rpl35_B1,mt-Cytb_T2
Rpl35_M3<==>Rps21_M3,Rpl35_M3,Rps21_M3
Rpl35_M3<==>Psmb2_B4,Rpl35_M3,Psmb2_B4
Rpl35_M3<==>Hnrnpdl_B4,Rpl35_M3,Hnrnpdl_B4
Rpl35_M3<==>Rplp0_T5,Rpl35_M3,Rplp0_T5
Rpl35_M3<==>Rpl6_M3,Rpl35_M3,Rpl6_M3
Rpl35_M3<==>Chchd2_T4,Rpl35_M3,Chchd2_T4
Rpl35_M3<==>Fis1_T4,Rpl35_M3,Fis1_T4
Rpl35_M3<==>Polr1d_T4,Rpl35_M3,Polr1d_T4
Rpl35_M3<==>Igkv4-70_B3,Rpl35_M3,Igkv4-70_B3
Rpl35_M3<==>Selenow_T4,Rpl35_M3,Selenow_T4
Rpl35_M3<==>Rps11_B2,Rpl35_M3,Rps11_B2
Rpl35_M3<==>Rplp2_M3,Rpl35_M3,Rplp2_M3
Rpl35_M3<==>Ifi30_B5,Rpl35_M3,Ifi30_B5
Rpl35_M3<==>Pkm_M3,Rpl35_M3,Pkm_M3
Rpl35_M3<==>Rplp1_B5,Rpl35_M3,Rplp1_B5
Rpl35_M3<==>Rpl38_M3,Rpl35_M3,Rpl38_M3
Rpl35_M3<==>Psma6_T5,Rpl35_M3,Psma6_T5
Rpl35_M3<==>Npc2_B3,Rpl35_M3,Npc2_B3
Rpl35_M3<==>Igha_M0,Rpl35_M3,Igha_M0
Rpl35_M3<==>Ighv14-2_B3,Rpl35_M3,Ighv14-2_B3
Rpl35_M3<==>Gm10076_M3,Rpl35_M3,Gm10076_M3
Rpl35_M3<==>Rpl37_M3,Rpl35_M3,Rpl37_M3
Rpl35_M3<==>Tomm6_T4,Rpl35_M3,Tomm6_T4
Rpl35_M3<==>Myl12a_M3,Rpl35_M3,Myl12a_M3
Rpl35_M3<==>Rpl39_M3,Rpl35_M3,Rpl39_M3
Rpl35_M3<==>Rpl10_T2,Rpl35_M3,Rpl10_T2
Rpl35_M3<==>Rpl36a_M3,Rpl35_M3,Rpl36a_M3
Rpl35_M3<==>mt-Nd4l_T1,Rpl35_M3,mt-Nd4l_T1
Rpl35_T1<==>Rpl35_T5,Rpl35_T1,Rpl35_T5
Rpl35_T1<==>Eif2s2_B5,Rpl35_T1,Eif2s2_B5
Rpl35_T1<==>Eif2s2_T1,Rpl35_T1,Eif2s2_T1
Rpl35_T1<==>Rps21_M3,Rpl35_T1,Rps21_M3
Rpl35_T1<==>Rps21_T2,Rpl35_T1,Rps21_T2
Rpl35_T1<==>Rps27_B2,Rpl35_T1,Rps27_B2
Rpl35_T1<==>Rps27_B3,Rpl35_T1,Rps27_B3
Rpl35_T1<==>Rps27_T2,Rpl35_T1,Rps27_T2
Rpl35_T1<==>S100a6_M1,Rpl35_T1,S100a6_M1
Rpl35_T1<==>Psmd4_M4,Rpl35_T1,Psmd4_M4
Rpl35_T1<==>Rpl34_T2,Rpl35_T1,Rpl34_T2
Rpl35_T1<==>Rpl6_B2,Rpl35_T1,Rpl6_B2
Rpl35_T1<==>Rpl6_T5,Rpl35_T1,Rpl6_T5
Rpl35_T1<==>Igkv4-70_B3,Rpl35_T1,Igkv4-70_B3
Rpl35_T1<==>Gmfg_M5,Rpl35_T1,Gmfg_M5
Rpl35_T1<==>Spcs2_T4,Rpl35_T1,Spcs2_T4
Rpl35_T1<==>Coro1a_M3,Rpl35_T1,Coro1a_M3
Rpl35_T1<==>Rab8b_T4,Rpl35_T1,Rab8b_T4
Rpl35_T1<==>Rpl41_M3,Rpl35_T1,Rpl41_M3
Rpl35_T1<==>Rps7_B1,Rpl35_T1,Rps7_B1
Rpl35_T1<==>Rps29_T1,Rpl35_T1,Rps29_T1
Rpl35_T1<==>Rps29_T6_2,Rpl35_T1,Rps29_T6_2
Rpl35_T1<==>Ndufb1-ps_M3,Rpl35_T1,Ndufb1-ps_M3
Rpl35_T1<==>Ndufb1-ps_T2,Rpl35_T1,Ndufb1-ps_T2
Rpl35_T1<==>Hist1h2ap_T5,Rpl35_T1,Hist1h2ap_T5
Rpl35_T1<==>Rpl37_M3,Rpl35_T1,Rpl37_M3
Rpl35_T1<==>Rpl37_T1,Rpl35_T1,Rpl37_T1
Rpl35_T1<==>Cct5_M1,Rpl35_T1,Cct5_M1
Rpl35_T1<==>Iglv3_B5,Rpl35_T1,Iglv3_B5
Rpl35_T1<==>Rps28_M3,Rpl35_T1,Rps28_M3
Rpl35_T1<==>Rps28_T1,Rpl35_T1,Rps28_T1
Rpl35_T1<==>Rps28_T2,Rpl35_T1,Rps28_T2
Rpl35_T1<==>Gm42418_M4,Rpl35_T1,Gm42418_M4
Rpl35_T1<==>Atp5md_B1,Rpl35_T1,Atp5md_B1
Rpl35_T1<==>Atp5md_T1,Rpl35_T1,Atp5md_T1
Rpl35_T1<==>Atp5md_T2,Rpl35_T1,Atp5md_T2
Rpl35_T1<==>Rpl39_B2,Rpl35_T1,Rpl39_B2
Rpl35_T1<==>Xist_T2,Rpl35_T1,Xist_T2
Rpl35_T1<==>Rpl36a_T5,Rpl35_T1,Rpl36a_T5
Rpl35_T1<==>mt-Co2_B3,Rpl35_T1,mt-Co2_B3
Rpl35_T1<==>mt-Atp8_B1,Rpl35_T1,mt-Atp8_B1
Rpl35_T1<==>mt-Co3_B3,Rpl35_T1,mt-Co3_B3
Rpl35_T1<==>mt-Nd4_T2,Rpl35_T1,mt-Nd4_T2
Rpl35_T1<==>mt-Cytb_B3,Rpl35_T1,mt-Cytb_B3
Rpl35_T2<==>Cytip_T3,Rpl35_T2,Cytip_T3
Rpl35_T2<==>Atp6v1g1_T0,Rpl35_T2,Atp6v1g1_T0
Rpl35_T2<==>Sec61g_T2,Rpl35_T2,Sec61g_T2
Rpl35_T2<==>Rpl35a_T6_2,Rpl35_T2,Rpl35a_T6_2
Rpl35_T2<==>Srsf7_T2,Rpl35_T2,Srsf7_T2
Rpl35_T2<==>Got1_M3,Rpl35_T2,Got1_M3
Rpl35_T3<==>Rpl35_T5,Rpl35_T3,Rpl35_T5
Rpl35_T3<==>Sec62_B1,Rpl35_T3,Sec62_B1
Rpl35_T3<==>Rps27_B2,Rpl35_T3,Rps27_B2
Rpl35_T3<==>Rpl34_T2,Rpl35_T3,Rpl34_T2
Rpl35_T3<==>C1qc_M1,Rpl35_T3,C1qc_M1
Rpl35_T3<==>Rpl6_B2,Rpl35_T3,Rpl6_B2
Rpl35_T3<==>Akap13_M3,Rpl35_T3,Akap13_M3
Rpl35_T3<==>Rab8b_T5,Rpl35_T3,Rab8b_T5
Rpl35_T3<==>Rps29_T1,Rpl35_T3,Rps29_T1
Rpl35_T3<==>Sel1l_B3,Rpl35_T3,Sel1l_B3
Rpl35_T3<==>Samsn1_T7,Rpl35_T3,Samsn1_T7
Rpl35_T3<==>Fau_T2,Rpl35_T3,Fau_T2
Rpl35_T3<==>Xist_T2,Rpl35_T3,Xist_T2
Rpl35_T3<==>Rpl36a_T5,Rpl35_T3,Rpl36a_T5
Rpl35_T5<==>Rps21_T2,Rpl35_T5,Rps21_T2
Rpl35_T5<==>Rps27_B1,Rpl35_T5,Rps27_B1
Rpl35_T5<==>Rps27_B2,Rpl35_T5,Rps27_B2
Rpl35_T5<==>Rps27_B3,Rpl35_T5,Rps27_B3
Rpl35_T5<==>Rps27_M3,Rpl35_T5,Rps27_M3
Rpl35_T5<==>Rps27_T1,Rpl35_T5,Rps27_T1
Rpl35_T5<==>Rps27_T2,Rpl35_T5,Rps27_T2
Rpl35_T5<==>H2afz_T1,Rpl35_T5,H2afz_T1
Rpl35_T5<==>Gng5_T1,Rpl35_T5,Gng5_T1
Rpl35_T5<==>Rps20_B5,Rpl35_T5,Rps20_B5
Rpl35_T5<==>Rpl6_B1,Rpl35_T5,Rpl6_B1
Rpl35_T5<==>Rpl6_B2,Rpl35_T5,Rpl6_B2
Rpl35_T5<==>Rpl6_T1,Rpl35_T5,Rpl6_T1
Rpl35_T5<==>Rpl6_T5,Rpl35_T5,Rpl6_T5
Rpl35_T5<==>Hmgb1_T1,Rpl35_T5,Hmgb1_T1
Rpl35_T5<==>Grcc10_M3,Rpl35_T5,Grcc10_M3
Rpl35_T5<==>Tgfb1_M3,Rpl35_T5,Tgfb1_M3
Rpl35_T5<==>Bax_T5,Rpl35_T5,Bax_T5
Rpl35_T5<==>Rps13_B1,Rpl35_T5,Rps13_B1
Rpl35_T5<==>Rpl13_B1,Rpl35_T5,Rpl13_B1
Rpl35_T5<==>Rab8b_T5,Rpl35_T5,Rab8b_T5
Rpl35_T5<==>Cltc_M1,Rpl35_T5,Cltc_M1
Rpl35_T5<==>Rps7_B1,Rpl35_T5,Rps7_B1
Rpl35_T5<==>Rps29_T1,Rpl35_T5,Rps29_T1
Rpl35_T5<==>Rps29_T2,Rpl35_T5,Rps29_T2
Rpl35_T5<==>Rps29_T7,Rpl35_T5,Rps29_T7
Rpl35_T5<==>Hif1a_B4,Rpl35_T5,Hif1a_B4
Rpl35_T5<==>Ndufb1-ps_M3,Rpl35_T5,Ndufb1-ps_M3
Rpl35_T5<==>Ndufb1-ps_T2,Rpl35_T5,Ndufb1-ps_T2
Rpl35_T5<==>Rpl37_T5,Rpl35_T5,Rpl37_T5
Rpl35_T5<==>Rps28_M3,Rpl35_T5,Rps28_M3
Rpl35_T5<==>Rps28_T1,Rpl35_T5,Rps28_T1
Rpl35_T5<==>Rps28_T2,Rpl35_T5,Rps28_T2
Rpl35_T5<==>Calm2_T3,Rpl35_T5,Calm2_T3
Rpl35_T5<==>Fkbp2_B3,Rpl35_T5,Fkbp2_B3
Rpl35_T5<==>Rpl39_B1,Rpl35_T5,Rpl39_B1
Rpl35_T5<==>Rpl39_B2,Rpl35_T5,Rpl39_B2
Rpl35_T5<==>Rpl36a_T5,Rpl35_T5,Rpl36a_T5
Rpl35_T5<==>mt-Co2_T2,Rpl35_T5,mt-Co2_T2
Rpl35_T5<==>mt-Co2_T6,Rpl35_T5,mt-Co2_T6
Rpl35_T5<==>mt-Atp8_B1,Rpl35_T5,mt-Atp8_B1
Rpl35_T5<==>mt-Atp8_B3,Rpl35_T5,mt-Atp8_B3
Rpl35_T5<==>mt-Atp6_B3,Rpl35_T5,mt-Atp6_B3
Rpl35_T5<==>mt-Nd4l_T5,Rpl35_T5,mt-Nd4l_T5
Rpl35_T5<==>mt-Cytb_T2,Rpl35_T5,mt-Cytb_T2
Arpc5l_M4<==>Hcst_T4,Arpc5l_M4,Hcst_T4
Arpc5l_M4<==>Rab8b_T1,Arpc5l_M4,Rab8b_T1
Arpc5l_M4<==>Sept3_M4,Arpc5l_M4,Sept3_M4
Arhgap15_M4<==>Bcl2l11_B3,Arhgap15_M4,Bcl2l11_B3
Arhgap15_M4<==>Calm1_B2,Arhgap15_M4,Calm1_B2
Arhgap15_M4<==>Tnrc6b_B3,Arhgap15_M4,Tnrc6b_B3
Arhgap15_M4<==>Zfp36l2_M3,Arhgap15_M4,Zfp36l2_M3
Zeb2_M1<==>Larp4b_M3,Zeb2_M1,Larp4b_M3
Zeb2_M1<==>AW112010_T7,Zeb2_M1,AW112010_T7
Zeb2_M3<==>Ctsa_M3,Zeb2_M3,Ctsa_M3
Zeb2_M3<==>Igkv2-109_B3,Zeb2_M3,Igkv2-109_B3
Zeb2_M3<==>Igkv10-94_B3,Zeb2_M3,Igkv10-94_B3
Zeb2_M3<==>Cdh5_O10,Zeb2_M3,Cdh5_O10
Zeb2_M3<==>Ighv2-9-1_B3,Zeb2_M3,Ighv2-9-1_B3
Zeb2_O4<==>Nop10_M3,Zeb2_O4,Nop10_M3
Zeb2_O4<==>Eif1_M0,Zeb2_O4,Eif1_M0
Tnfaip6_O7<==>Cdc42_B4,Tnfaip6_O7,Cdc42_B4
Tnfaip6_O7<==>Rbpj_M0,Tnfaip6_O7,Rbpj_M0
Tnfaip6_O7<==>Arap2_T3,Tnfaip6_O7,Arap2_T3
Tnfaip6_O7<==>Ugdh_O7,Tnfaip6_O7,Ugdh_O7
Tnfaip6_O7<==>Ndufa4_T1,Tnfaip6_O7,Ndufa4_T1
Tnfaip6_O7<==>Eif4g2_O7,Tnfaip6_O7,Eif4g2_O7
Tnfaip6_O7<==>Ifi30_M3,Tnfaip6_O7,Ifi30_M3
Tnfaip6_O7<==>Slit3_O7,Tnfaip6_O7,Slit3_O7
Tnfaip6_O7<==>Odc1_B1,Tnfaip6_O7,Odc1_B1
Tnfaip6_O7<==>Crip1_M0,Tnfaip6_O7,Crip1_M0
Tnfaip6_O7<==>Col14a1_O7,Tnfaip6_O7,Col14a1_O7
Tnfaip6_O7<==>Igfbp6_O7,Tnfaip6_O7,Igfbp6_O7
Tnfaip6_O7<==>Iglc1_B2,Tnfaip6_O7,Iglc1_B2
Tnfaip6_O7<==>Iglc2_B5,Tnfaip6_O7,Iglc2_B5
Nr4a2_T3<==>D8Ertd738e_M3,Nr4a2_T3,D8Ertd738e_M3
Nr4a2_T6_3<==>Etv3_M5,Nr4a2_T6_3,Etv3_M5
Nr4a2_T6_3<==>Mif_T3,Nr4a2_T6_3,Mif_T3
Cytip_B1<==>Fosl2_M3,Cytip_B1,Fosl2_M3
Cytip_B1<==>Ikbkb_M1,Cytip_B1,Ikbkb_M1
Cytip_B1<==>Rpl23_T6,Cytip_B1,Rpl23_T6
Cytip_B1<==>Rps29_T7,Cytip_B1,Rps29_T7
Cytip_B3<==>Rpl22l1_T1,Cytip_B3,Rpl22l1_T1
Cytip_B3<==>Cd53_B3,Cytip_B3,Cd53_B3
Cytip_B3<==>Rheb_B3,Cytip_B3,Rheb_B3
Cytip_B3<==>Capza2_T4,Cytip_B3,Capza2_T4
Cytip_B3<==>Pcbp1_M1,Cytip_B3,Pcbp1_M1
Cytip_B3<==>Eif4g2_B3,Cytip_B3,Eif4g2_B3
Cytip_B3<==>Tpm4_T3,Cytip_B3,Tpm4_T3
Cytip_B3<==>Tomm20_B3,Cytip_B3,Tomm20_B3
Cytip_B3<==>Marcks_M3,Cytip_B3,Marcks_M3
Cytip_B3<==>Atp2b1_M4,Cytip_B3,Atp2b1_M4
Cytip_B3<==>Ube2b_B3,Cytip_B3,Ube2b_B3
Cytip_B3<==>Grb2_B3,Cytip_B3,Grb2_B3
Cytip_B3<==>Serpinb6b_M3,Cytip_B3,Serpinb6b_M3
Cytip_B3<==>Serpinb9_M3,Cytip_B3,Serpinb9_M3
Cytip_B3<==>Appl1_M3,Cytip_B3,Appl1_M3
Cytip_B3<==>Timm23_M3,Cytip_B3,Timm23_M3
Cytip_B3<==>Timm23_T4,Cytip_B3,Timm23_T4
Cytip_B3<==>Glud1_M3,Cytip_B3,Glud1_M3
Cytip_B3<==>Tnrc6b_B3,Cytip_B3,Tnrc6b_B3
Cytip_B3<==>Slc38a2_B3,Cytip_B3,Slc38a2_B3
Cytip_B3<==>D16Ertd472e_B3,Cytip_B3,D16Ertd472e_B3
Cytip_B4<==>B2m_B4,Cytip_B4,B2m_B4
Cytip_B4<==>Arpc1b_T1,Cytip_B4,Arpc1b_T1
Cytip_B4<==>Rel_B4,Cytip_B4,Rel_B4
Cytip_B4<==>Ighm_B4,Cytip_B4,Ighm_B4
Cytip_B4<==>Trps1_M3,Cytip_B4,Trps1_M3
Cytip_B4<==>Dusp5_T3,Cytip_B4,Dusp5_T3
Cytip_M1<==>Rps3a1_T7,Cytip_M1,Rps3a1_T7
Cytip_M1<==>Atp6v0c_T1,Cytip_M1,Atp6v0c_T1
Cytip_M1<==>Got1_M1,Cytip_M1,Got1_M1
Cytip_M3<==>March7_M3,Cytip_M3,March7_M3
Cytip_M3<==>Tiparp_M1,Cytip_M3,Tiparp_M1
Cytip_M3<==>Mcl1_M3,Cytip_M3,Mcl1_M3
Cytip_M3<==>Serinc1_M3,Cytip_M3,Serinc1_M3
Cytip_M3<==>Tle5_O7,Cytip_M3,Tle5_O7
Cytip_M3<==>Ppp2ca_M3,Cytip_M3,Ppp2ca_M3
Cytip_M3<==>Atox1_M3,Cytip_M3,Atox1_M3
Cytip_M3<==>Serpinb6b_M4,Cytip_M3,Serpinb6b_M4
Cytip_M3<==>Rap2a_M3,Cytip_M3,Rap2a_M3
Cytip_M3<==>Sub1_M3,Cytip_M3,Sub1_M3
Cytip_M3<==>Csf2rb_M3,Cytip_M3,Csf2rb_M3
Cytip_M3<==>Cldnd1_T2,Cytip_M3,Cldnd1_T2
Cytip_M3<==>Clic1_M3,Cytip_M3,Clic1_M3
Cytip_M3<==>Zfp36l2_M3,Cytip_M3,Zfp36l2_M3
Cytip_M4<==>Erp29_M3,Cytip_M4,Erp29_M3
Cytip_M4<==>Rabac1_B3,Cytip_M4,Rabac1_B3
Cytip_M4<==>Taldo1_M0,Cytip_M4,Taldo1_M0
Cytip_M4<==>Rpl41_M3,Cytip_M4,Rpl41_M3
Cytip_M4<==>Rps26_M5,Cytip_M4,Rps26_M5
Cytip_M4<==>Mgl2_M1,Cytip_M4,Mgl2_M1
Cytip_M4<==>Iglc1_B3,Cytip_M4,Iglc1_B3
Cytip_M4<==>Ezr_M4,Cytip_M4,Ezr_M4
Cytip_M4<==>Ltb_T5,Cytip_M4,Ltb_T5
Cytip_M4<==>Ms4a6b_T5,Cytip_M4,Ms4a6b_T5
Cytip_M4<==>Rpl10_T2,Cytip_M4,Rpl10_T2
Cytip_M4<==>mt-Co3_B3,Cytip_M4,mt-Co3_B3
Cytip_M5<==>H2afz_O10,Cytip_M5,H2afz_O10
Cytip_M5<==>Nr4a3_M5,Cytip_M5,Nr4a3_M5
Cytip_M5<==>Cdc42_B2,Cytip_M5,Cdc42_B2
Cytip_M5<==>Ost4_B1,Cytip_M5,Ost4_B1
Cytip_M5<==>Gimap3_T3,Cytip_M5,Gimap3_T3
Cytip_M5<==>Snrpg_T2,Cytip_M5,Snrpg_T2
Cytip_M5<==>Foxp1_B2,Cytip_M5,Foxp1_B2
Cytip_M5<==>Eif3f_M0,Cytip_M5,Eif3f_M0
Cytip_M5<==>Plek_B1,Cytip_M5,Plek_B1
Cytip_M5<==>Mrpl52_B1,Cytip_M5,Mrpl52_B1
Cytip_M5<==>Il7r_M5,Cytip_M5,Il7r_M5
Cytip_M5<==>Ly6e_M5,Cytip_M5,Ly6e_M5
Cytip_M5<==>Rpl3_M3,Cytip_M5,Rpl3_M3
Cytip_M5<==>Samsn1_M5,Cytip_M5,Samsn1_M5
Cytip_M5<==>Rps4x_B2,Cytip_M5,Rps4x_B2
Cytip_T1<==>Mcl1_M3,Cytip_T1,Mcl1_M3
Cytip_T1<==>Igkv3-1_B3,Cytip_T1,Igkv3-1_B3
Cytip_T1<==>Nme2_B3,Cytip_T1,Nme2_B3
Cytip_T1<==>Eif5_T3,Cytip_T1,Eif5_T3
Cytip_T2<==>Ppig_M0,Cytip_T2,Ppig_M0
Cytip_T2<==>B4galt5_M3,Cytip_T2,B4galt5_M3
Cytip_T2<==>Atp5e_B1,Cytip_T2,Atp5e_B1
Cytip_T2<==>Ybx1_B1,Cytip_T2,Ybx1_B1
Cytip_T2<==>Rpl11_T2,Cytip_T2,Rpl11_T2
Cytip_T2<==>Rps19_M3,Cytip_T2,Rps19_M3
Cytip_T2<==>Dcun1d5_T5,Cytip_T2,Dcun1d5_T5
Cytip_T2<==>Ywhaz_M5,Cytip_T2,Ywhaz_M5
Cytip_T2<==>Dgat1_T5,Cytip_T2,Dgat1_T5
Cytip_T2<==>Scaf11_B1,Cytip_T2,Scaf11_B1
Cytip_T2<==>Ets2_M0,Cytip_T2,Ets2_M0
Cytip_T2<==>H2-Ob_B1,Cytip_T2,H2-Ob_B1
Cytip_T2<==>Vapa_M0,Cytip_T2,Vapa_M0
Cytip_T2<==>Ptprcap_B1,Cytip_T2,Ptprcap_B1
Cytip_T2<==>Got1_T2,Cytip_T2,Got1_T2
Cytip_T3<==>Nfe2l2_M3,Cytip_T3,Nfe2l2_M3
Cytip_T3<==>Sesn3_T0,Cytip_T3,Sesn3_T0
Cytip_T3<==>Sumo2_T3,Cytip_T3,Sumo2_T3
Cytip_T3<==>Slc15a3_M3,Cytip_T3,Slc15a3_M3
Cytip_T5<==>B2m_O10,Cytip_T5,B2m_O10
Cytip_T5<==>Snrpb_T5,Cytip_T5,Snrpb_T5
Cytip_T5<==>Rps3a1_O10,Cytip_T5,Rps3a1_O10
Cytip_T5<==>Pmvk_M3,Cytip_T5,Pmvk_M3
Cytip_T5<==>Tpm3_T1,Cytip_T5,Tpm3_T1
Cytip_T5<==>Tgfb1_T5,Cytip_T5,Tgfb1_T5
Cytip_T5<==>Eif3f_T2,Cytip_T5,Eif3f_T2
Cytip_T5<==>Fus_M0,Cytip_T5,Fus_M0
Cytip_T5<==>Snx20_M1,Cytip_T5,Snx20_M1
Cytip_T5<==>Snrpf_B1,Cytip_T5,Snrpf_B1
Cytip_T5<==>Snrpf_T1,Cytip_T5,Snrpf_T1
Cytip_T5<==>Plek_M4,Cytip_T5,Plek_M4
Cytip_T5<==>Ppp2ca_M1,Cytip_T5,Ppp2ca_M1
Cytip_T5<==>Mrpl52_B1,Cytip_T5,Mrpl52_B1
Cytip_T5<==>Entpd1_M1,Cytip_T5,Entpd1_M1
March7_M3<==>Etfb_T5,March7_M3,Etfb_T5
March7_M3<==>Rps2_T0,March7_M3,Rps2_T0
March7_M3<==>Gramd3_T0,March7_M3,Gramd3_T0
March7_T5<==>Rab2a_B3,March7_T5,Rab2a_B3
March7_T5<==>Stmn1_B4,March7_T5,Stmn1_B4
March7_T5<==>Emp3_M0,March7_T5,Emp3_M0
March7_T5<==>Cox4i1_B3,March7_T5,Cox4i1_B3
March7_T5<==>Ighg2b_B4,March7_T5,Ighg2b_B4
March7_T5<==>Vapa_B3,March7_T5,Vapa_B3
Cd302_M0<==>Csde1_B5,Cd302_M0,Csde1_B5
Cd302_M0<==>Alox5ap_M0,Cd302_M0,Alox5ap_M0
Cd302_M0<==>Irf2bp2_B1,Cd302_M0,Irf2bp2_B1
Cd302_M0<==>Rps15_B1,Cd302_M0,Rps15_B1
Cd302_M0<==>Ndufa6_M0,Cd302_M0,Ndufa6_M0
Cd302_M0<==>Fam111a_B4,Cd302_M0,Fam111a_B4
Rbms1_M0<==>Gnb1_M0,Rbms1_M0,Gnb1_M0
Rbms1_M0<==>Gimap7_T3,Rbms1_M0,Gimap7_T3
Rbms1_M0<==>Rpl28_T0,Rbms1_M0,Rpl28_T0
Rbms1_M0<==>Ets1_T3,Rbms1_M0,Ets1_T3
Rbms1_M0<==>BC005537_M3,Rbms1_M0,BC005537_M3
Rbms1_M0<==>Ninj1_M0,Rbms1_M0,Ninj1_M0
Rbms1_M0<==>Sub1_M3,Rbms1_M0,Sub1_M3
Rbms1_M0<==>Pabpc1_M0,Rbms1_M0,Pabpc1_M0
Rbms1_M0<==>Ywhaz_M0,Rbms1_M0,Ywhaz_M0
Rbms1_M0<==>Gm42418_T5,Rbms1_M0,Gm42418_T5
Rbms1_M0<==>Cd274_M2,Rbms1_M0,Cd274_M2
Rbms1_M1<==>Bcl2l11_B3,Rbms1_M1,Bcl2l11_B3
Rbms1_M1<==>Chmp4b_M3,Rbms1_M1,Chmp4b_M3
Rbms1_M1<==>S100a11_M4,Rbms1_M1,S100a11_M4
Rbms1_M1<==>Stxbp3_M3,Rbms1_M1,Stxbp3_M3
Rbms1_M1<==>Abca1_M1,Rbms1_M1,Abca1_M1
Rbms1_M1<==>Tnfrsf4_T1,Rbms1_M1,Tnfrsf4_T1
Rbms1_M1<==>Arap2_T0,Rbms1_M1,Arap2_T0
Rbms1_M1<==>Capza2_T4,Rbms1_M1,Capza2_T4
Rbms1_M1<==>Cdkn1b_T4,Rbms1_M1,Cdkn1b_T4
Rbms1_M1<==>Map1lc3b_T3,Rbms1_M1,Map1lc3b_T3
Rbms1_M1<==>Ddx6_M1,Rbms1_M1,Ddx6_M1
Rbms1_M1<==>Slc25a3_B1,Rbms1_M1,Slc25a3_B1
Rbms1_M1<==>Ramp3_T7,Rbms1_M1,Ramp3_T7
Rbms1_M1<==>Igha_B1,Rbms1_M1,Igha_B1
Rbms1_M1<==>Serpinb9_M3,Rbms1_M1,Serpinb9_M3
Rbms1_M1<==>Gcnt2_M7,Rbms1_M1,Gcnt2_M7
Rbms1_M1<==>Stk24_T5,Rbms1_M1,Stk24_T5
Rbms1_M1<==>Sub1_T3,Rbms1_M1,Sub1_T3
Rbms1_M1<==>Eef1d_T3,Rbms1_M1,Eef1d_T3
Rbms1_M1<==>Zeb1_T2,Rbms1_M1,Zeb1_T2
Rbms1_M1<==>Gramd3_T3,Rbms1_M1,Gramd3_T3
Rbms1_M1<==>mt-Atp6_B0,Rbms1_M1,mt-Atp6_B0
Rbms1_M3<==>Atp6v1f_M1,Rbms1_M3,Atp6v1f_M1
Rbms1_M3<==>Rbx1_B1,Rbms1_M3,Rbx1_B1
Tank_M3<==>Ets1_T2,Tank_M3,Ets1_T2
Tank_M3<==>Syk_M3,Tank_M3,Syk_M3
Tank_M3<==>Sub1_T5,Tank_M3,Sub1_T5
Dpp4_M3<==>Skap2_M5,Dpp4_M3,Skap2_M5
Dpp4_M3<==>Igha_T6,Dpp4_M3,Igha_T6
Scn7a_O7<==>Atp5e_B1,Scn7a_O7,Atp5e_B1
Scn7a_O7<==>Sri_T3,Scn7a_O7,Sri_T3
Scn7a_O7<==>Rps15a_M4,Scn7a_O7,Rps15a_M4
Scn7a_O7<==>Rgs10_T6,Scn7a_O7,Rgs10_T6
Scn7a_O7<==>Map1lc3b_B1,Scn7a_O7,Map1lc3b_B1
Scn7a_O7<==>Rhoa_T2,Scn7a_O7,Rhoa_T2
Scn7a_O7<==>Hsp90b1_B0,Scn7a_O7,Hsp90b1_B0
Scn7a_O7<==>Arhgdia_M0,Scn7a_O7,Arhgdia_M0
Scn7a_O7<==>Atp6v0c_T4,Scn7a_O7,Atp6v0c_T4
Scn7a_O7<==>Psmb9_B3,Scn7a_O7,Psmb9_B3
Scn7a_O7<==>Ankrd12_B1,Scn7a_O7,Ankrd12_B1
Scn7a_O7<==>Ptprcap_B4,Scn7a_O7,Ptprcap_B4
Ppig_B1<==>Clec12a_M0,Ppig_B1,Clec12a_M0
Ppig_B1<==>Plekho2_M0,Ppig_B1,Plekho2_M0
Ppig_B1<==>Eif4a1_B1,Ppig_B1,Eif4a1_B1
Ppig_B1<==>Odc1_B1,Ppig_B1,Odc1_B1
Ppig_B1<==>Psme1_M4,Ppig_B1,Psme1_M4
Ppig_M0<==>Ptp4a2_T1,Ppig_M0,Ptp4a2_T1
Ppig_M0<==>Ndufa4_T2,Ppig_M0,Ndufa4_T2
Ppig_M0<==>Ets1_T2,Ppig_M0,Ets1_T2
Ppig_M0<==>Itgb2_M0,Ppig_M0,Itgb2_M0
Ppig_M0<==>Prkar1a_B3,Ppig_M0,Prkar1a_B3
Ppig_M0<==>Prkar1a_T2,Ppig_M0,Prkar1a_T2
Ppig_M0<==>Ywhaz_T3,Ppig_M0,Ywhaz_T3
Ppig_M0<==>Ier3_M0,Ppig_M0,Ier3_M0
Ppig_M1<==>Srgn_M4,Ppig_M1,Srgn_M4
Ppig_M1<==>Ube2b_T1,Ppig_M1,Ube2b_T1
Ppig_M1<==>Cltc_M3,Ppig_M1,Cltc_M3
Ppig_M1<==>Gna13_M1,Ppig_M1,Gna13_M1
Ppig_M1<==>Ago2_M4,Ppig_M1,Ago2_M4
Ppig_M1<==>Dusp5_M4,Ppig_M1,Dusp5_M4
Ppig_M3<==>B4galt5_M1,Ppig_M3,B4galt5_M1
Ppig_M3<==>Tnfrsf18_T2,Ppig_M3,Tnfrsf18_T2
Ppig_M3<==>Arpc3_T2,Ppig_M3,Arpc3_T2
Ppig_M3<==>Slc25a3_T1,Ppig_M3,Slc25a3_T1
Ppig_M3<==>Ywhaz_M1,Ppig_M3,Ywhaz_M1
Ppig_M3<==>Calm2_T1,Ppig_M3,Calm2_T1
Ssb_B5<==>mt-Co3_B5,Ssb_B5,mt-Co3_B5
Ssb_M3<==>B2m_B3,Ssb_M3,B2m_B3
Ssb_M3<==>Ctsz_M3,Ssb_M3,Ctsz_M3
Ssb_M3<==>Chchd2_B1,Ssb_M3,Chchd2_B1
Ssb_M3<==>Pomp_M3,Ssb_M3,Pomp_M3
Ssb_M3<==>Tax1bp1_M0,Ssb_M3,Tax1bp1_M0
Ssb_M3<==>Cyba_T5,Ssb_M3,Cyba_T5
Ssb_M3<==>Eif5a_B1,Ssb_M3,Eif5a_B1
Ssb_M3<==>Calm1_B1,Ssb_M3,Calm1_B1
Ssb_M3<==>Igha_T2,Ssb_M3,Igha_T2
Ssb_M3<==>Cox8a_M4,Ssb_M3,Cox8a_M4
Ssb_M3<==>Ms4a6d_M0,Ssb_M3,Ms4a6d_M0
Ssb_M5<==>Calm1_B5,Ssb_M5,Calm1_B5
Ssb_M5<==>Csf2rb_M5,Ssb_M5,Csf2rb_M5
Ssb_T1<==>Snrpb_T5,Ssb_T1,Snrpb_T5
Ssb_T1<==>Gng5_B1,Ssb_T1,Gng5_B1
Ssb_T1<==>Srsf9_M3,Ssb_T1,Srsf9_M3
Ssb_T1<==>Gnai2_B1,Ssb_T1,Gnai2_B1
Ssb_T1<==>Dad1_B5,Ssb_T1,Dad1_B5
Ssb_T1<==>Dad1_M4,Ssb_T1,Dad1_M4
Ssb_T1<==>Psmb8_B4,Ssb_T1,Psmb8_B4
Ssb_T1<==>H2-Q6_T3,Ssb_T1,H2-Q6_T3
Ssb_T1<==>Entpd1_M1,Ssb_T1,Entpd1_M1
Ssb_T1<==>Got1_T2,Ssb_T1,Got1_T2
Tlk1_B3<==>Cdc42se1_M4,Tlk1_B3,Cdc42se1_M4
Wipf1_M1<==>Mbnl1_M3,Wipf1_M1,Mbnl1_M3
Wipf1_T0<==>Rps3a1_T4,Wipf1_T0,Rps3a1_T4
Wipf1_T0<==>Tnfrsf4_T1,Wipf1_T0,Tnfrsf4_T1
Wipf1_T0<==>Sri_M0,Wipf1_T0,Sri_M0
Wipf1_T0<==>Rpl18_M3,Wipf1_T0,Rpl18_M3
Wipf1_T0<==>Satb1_T1,Wipf1_T0,Satb1_T1
Wipf1_T5<==>Hsbp1_M1,Wipf1_T5,Hsbp1_M1
Atp5g3_M0<==>Sla2_M7,Atp5g3_M0,Sla2_M7
Atp5g3_M0<==>Mcl1_M2,Atp5g3_M0,Mcl1_M2
Atp5g3_M0<==>Rilpl2_B1,Atp5g3_M0,Rilpl2_B1
Atp5g3_M0<==>Chchd2_M0,Atp5g3_M0,Chchd2_M0
Atp5g3_M0<==>Bri3_M0,Atp5g3_M0,Bri3_M0
Atp5g3_M0<==>Atp6v1f_M0,Atp5g3_M0,Atp6v1f_M0
Atp5g3_M0<==>Luc7l2_M0,Atp5g3_M0,Luc7l2_M0
Atp5g3_M0<==>Tmem160_M0,Atp5g3_M0,Tmem160_M0
Atp5g3_M0<==>Axl_M1,Atp5g3_M0,Axl_M1
Atp5g3_M0<==>Jund_T4,Atp5g3_M0,Jund_T4
Atp5g3_M0<==>Irf8_M0,Atp5g3_M0,Irf8_M0
Atp5g3_M0<==>Rab8b_M5,Atp5g3_M0,Rab8b_M5
Atp5g3_M0<==>Arf1_M0,Atp5g3_M0,Arf1_M0
Atp5g3_M0<==>Sumo2_M0,Atp5g3_M0,Sumo2_M0
Atp5g3_M0<==>Ndufb9_M0,Atp5g3_M0,Ndufb9_M0
Atp5g3_M0<==>Dazap2_M0,Atp5g3_M0,Dazap2_M0
Atp5g3_M0<==>H2-T23_M3,Atp5g3_M0,H2-T23_M3
Atp5g3_M0<==>C3_M0,Atp5g3_M0,C3_M0
Atp5g3_M0<==>Pten_M0,Atp5g3_M0,Pten_M0
Atp5g3_T3<==>Anxa5_M1,Atp5g3_T3,Anxa5_M1
Hnrnpa3_B3<==>Arpc3_B3,Hnrnpa3_B3,Arpc3_B3
Hnrnpa3_B3<==>Rsrc2_B3,Hnrnpa3_B3,Rsrc2_B3
Hnrnpa3_B3<==>Arpc1b_B3,Hnrnpa3_B3,Arpc1b_B3
Hnrnpa3_B3<==>Morf4l1_B3,Hnrnpa3_B3,Morf4l1_B3
Hnrnpa3_B3<==>Prkar1a_B3,Hnrnpa3_B3,Prkar1a_B3
Hnrnpa3_M1<==>Itgav_T2,Hnrnpa3_M1,Itgav_T2
Hnrnpa3_M1<==>Capza2_T4,Hnrnpa3_M1,Capza2_T4
Hnrnpa3_M1<==>Wnk1_T4,Hnrnpa3_M1,Wnk1_T4
Hnrnpa3_M1<==>Rab8b_M5,Hnrnpa3_M1,Rab8b_M5
Hnrnpa3_M1<==>Srgn_T4,Hnrnpa3_M1,Srgn_T4
Hnrnpa3_M1<==>Slc25a3_B1,Hnrnpa3_M1,Slc25a3_B1
Hnrnpa3_M1<==>Ramp3_T7,Hnrnpa3_M1,Ramp3_T7
Hnrnpa3_M1<==>Slfn1_M2,Hnrnpa3_M1,Slfn1_M2
Hnrnpa3_M1<==>BC005537_M3,Hnrnpa3_M1,BC005537_M3
Hnrnpa3_M1<==>Ly6e_M1,Hnrnpa3_M1,Ly6e_M1
Hnrnpa3_M1<==>Dusp1_M3,Hnrnpa3_M1,Dusp1_M3
Hnrnpa3_M1<==>H2-Q7_M5,Hnrnpa3_M1,H2-Q7_M5
Hnrnpa3_M1<==>Gm42418_B4,Hnrnpa3_M1,Gm42418_B4
Hnrnpa3_M1<==>Gm42418_B5,Hnrnpa3_M1,Gm42418_B5
Hnrnpa3_M3<==>Tmsb10_M3,Hnrnpa3_M3,Tmsb10_M3
Hnrnpa3_M3<==>Snrpf_M3,Hnrnpa3_M3,Snrpf_M3
Hnrnpa3_M3<==>Canx_M3,Hnrnpa3_M3,Canx_M3
Hnrnpa3_M3<==>Cdc42se2_M3,Hnrnpa3_M3,Cdc42se2_M3
Hnrnpa3_T2<==>Pcbp1_M1,Hnrnpa3_T2,Pcbp1_M1
Hnrnpa3_T2<==>Tomm20_B1,Hnrnpa3_T2,Tomm20_B1
Hnrnpa3_T2<==>Tnfaip2_M5,Hnrnpa3_T2,Tnfaip2_M5
Hnrnpa3_T2<==>Myl12b_T5,Hnrnpa3_T2,Myl12b_T5
Hnrnpa3_T3<==>Itprid2_M1,Hnrnpa3_T3,Itprid2_M1
Hnrnpa3_T3<==>Junb_M1,Hnrnpa3_T3,Junb_M1
Hnrnpa3_T3<==>Ets1_M5,Hnrnpa3_T3,Ets1_M5
Hnrnpa3_T3<==>Hnrnpc_M3,Hnrnpa3_T3,Hnrnpc_M3
Hnrnpa3_T3<==>Ywhaz_T3,Hnrnpa3_T3,Ywhaz_T3
Hnrnpa3_T3<==>Pfdn5_M3,Hnrnpa3_T3,Pfdn5_M3
Hnrnpa3_T3<==>Tnfrsf17_B3,Hnrnpa3_T3,Tnfrsf17_B3
Hnrnpa3_T3<==>Psmb8_T0,Hnrnpa3_T3,Psmb8_T0
Hnrnpa3_T3<==>mt-Co2_B5,Hnrnpa3_T3,mt-Co2_B5
Hnrnpa3_T4<==>Mt1_M0,Hnrnpa3_T4,Mt1_M0
Hnrnpa3_T4<==>Vasn_O7,Hnrnpa3_T4,Vasn_O7
Hnrnpa3_T4<==>Srsf3_B2,Hnrnpa3_T4,Srsf3_B2
Hnrnpa3_T4<==>H2-Aa_B0,Hnrnpa3_T4,H2-Aa_B0
Nfe2l2_M3<==>Tgm2_M5,Nfe2l2_M3,Tgm2_M5
Nfe2l2_M3<==>Nr4a3_M5,Nfe2l2_M3,Nr4a3_M5
Nfe2l2_M3<==>Runx3_M5,Nfe2l2_M3,Runx3_M5
Nfe2l2_M3<==>Sdf4_T0,Nfe2l2_M3,Sdf4_T0
Nfe2l2_M3<==>Sdf4_T2,Nfe2l2_M3,Sdf4_T2
Nfe2l2_M3<==>Atp6v1e1_M5,Nfe2l2_M3,Atp6v1e1_M5
Nfe2l2_M3<==>Chd2_T7,Nfe2l2_M3,Chd2_T7
Nfe2l2_M3<==>Rnh1_M3,Nfe2l2_M3,Rnh1_M3
Nfe2l2_M3<==>Atp6v0d1_M1,Nfe2l2_M3,Atp6v0d1_M1
Nfe2l2_M3<==>Rab8b_M3,Nfe2l2_M3,Rab8b_M3
Nfe2l2_M3<==>Rab8b_M5,Nfe2l2_M3,Rab8b_M5
Nfe2l2_M3<==>Eef1a1_M0,Nfe2l2_M3,Eef1a1_M0
Nfe2l2_M3<==>Cyth1_M3,Nfe2l2_M3,Cyth1_M3
Nfe2l2_M3<==>Ly6a_T0,Nfe2l2_M3,Ly6a_T0
Nfe2l2_M3<==>Cox17_M0,Nfe2l2_M3,Cox17_M0
Nfe2l2_M3<==>Satb1_T0,Nfe2l2_M3,Satb1_T0
Nfe2l2_M3<==>Slc15a3_M3,Nfe2l2_M3,Slc15a3_M3
Nfe2l2_M4<==>Eif2s2_B1,Nfe2l2_M4,Eif2s2_B1
Nfe2l2_M4<==>Stxbp3_M3,Nfe2l2_M4,Stxbp3_M3
Nfe2l2_M4<==>Eif4e_M1,Nfe2l2_M4,Eif4e_M1
Nfe2l2_M4<==>Cdkn1b_T4,Nfe2l2_M4,Cdkn1b_T4
Nfe2l2_M4<==>Atp6v0d1_M3,Nfe2l2_M4,Atp6v0d1_M3
Nfe2l2_M4<==>Ifngr1_T3,Nfe2l2_M4,Ifngr1_T3
Nfe2l2_M4<==>Slc25a3_T1,Nfe2l2_M4,Slc25a3_T1
Nfe2l2_M4<==>Plek_M3,Nfe2l2_M4,Plek_M3
Nfe2l2_M4<==>Plek_M4,Nfe2l2_M4,Plek_M4
Nfe2l2_M4<==>Gpr183_T4,Nfe2l2_M4,Gpr183_T4
Nfe2l2_M4<==>Ago2_M3,Nfe2l2_M4,Ago2_M3
Nfe2l2_M4<==>Satb1_M5,Nfe2l2_M4,Satb1_M5
Nfe2l2_M4<==>Nars_M4,Nfe2l2_M4,Nars_M4
Nfe2l2_M4<==>Ms4a6c_M3,Nfe2l2_M4,Ms4a6c_M3
Nfe2l2_M4<==>Entpd1_M1,Nfe2l2_M4,Entpd1_M1
Itga4_B3<==>Rpl6_T1,Itga4_B3,Rpl6_T1
Itga4_B3<==>Skap2_M1,Itga4_B3,Skap2_M1
Itga4_B3<==>Nfkbia_T4,Itga4_B3,Nfkbia_T4
Itga4_B3<==>Psmb9_M0,Itga4_B3,Psmb9_M0
Itga4_B3<==>Clic1_M5,Itga4_B3,Clic1_M5
Itga4_B3<==>Ms4a6b_T0,Itga4_B3,Ms4a6b_T0
Itga4_M4<==>Tgm2_M5,Itga4_M4,Tgm2_M5
Itga4_M4<==>Gimap1_T1,Itga4_M4,Gimap1_T1
Itga4_M4<==>Rel_B5,Itga4_M4,Rel_B5
Itga4_M4<==>Gm42418_B1,Itga4_M4,Gm42418_B1
Itga4_M4<==>Gm42418_B5,Itga4_M4,Gm42418_B5
Itga4_M4<==>Gm42418_T3,Itga4_M4,Gm42418_T3
Itprid2_M1<==>Serbp1_B5,Itprid2_M1,Serbp1_B5
Itprid2_M3<==>Gng5_B4,Itprid2_M3,Gng5_B4
Itprid2_M3<==>Uqcrh_T5,Itprid2_M3,Uqcrh_T5
Itprid2_M3<==>Rpl11_M3,Itprid2_M3,Rpl11_M3
Itprid2_M3<==>Rpl9_M3,Itprid2_M3,Rpl9_M3
Itprid2_M3<==>Spty2d1_B3,Itprid2_M3,Spty2d1_B3
Itprid2_M3<==>Rpl18a_M3,Itprid2_M3,Rpl18a_M3
Itprid2_M3<==>Rps7_M3,Itprid2_M3,Rps7_M3
Itprid2_M3<==>Psme2_B4,Itprid2_M3,Psme2_B4
Itprid2_M3<==>Sub1_B5,Itprid2_M3,Sub1_B5
Itprid2_M3<==>Nrros_M3,Itprid2_M3,Nrros_M3
Itprid2_M3<==>Rpl17_M3,Itprid2_M3,Rpl17_M3
Itprid2_M3<==>Got1_M4,Itprid2_M3,Got1_M4
Itprid2_M3<==>Pdcd4_T3,Itprid2_M3,Pdcd4_T3
Itprid2_M4<==>Tgfb1_M3,Itprid2_M4,Tgfb1_M3
Itprid2_M4<==>Ighv1-34_B3,Itprid2_M4,Ighv1-34_B3
Itprid2_M4<==>AW112010_M0,Itprid2_M4,AW112010_M0
Itprid2_M4<==>mt-Co2_T2,Itprid2_M4,mt-Co2_T2
Zc3h15_T2<==>Ncf1_B5,Zc3h15_T2,Ncf1_B5
Zc3h15_T2<==>Mdh2_M3,Zc3h15_T2,Mdh2_M3
Zc3h15_T2<==>Actb_T5,Zc3h15_T2,Actb_T5
Zc3h15_T2<==>Ets1_T0,Zc3h15_T2,Ets1_T0
Zc3h15_T2<==>Ighd_B0,Zc3h15_T2,Ighd_B0
Zc3h15_T2<==>Fam49b_M3,Zc3h15_T2,Fam49b_M3
Zc3h15_T2<==>Gm42418_T1,Zc3h15_T2,Gm42418_T1
Zc3h15_T2<==>Gm42418_T4,Zc3h15_T2,Gm42418_T4
Zc3h15_T2<==>Gm42418_T6,Zc3h15_T2,Gm42418_T6
Zc3h15_T2<==>Satb1_T0,Zc3h15_T2,Satb1_T0
Zc3h15_T2<==>mt-Nd2_T4,Zc3h15_T2,mt-Nd2_T4
Itgav_T2<==>Sdf4_T2,Itgav_T2,Sdf4_T2
Itgav_T2<==>Hmgb2_T4,Itgav_T2,Hmgb2_T4
Itgav_T2<==>Gcnt2_M7,Itgav_T2,Gcnt2_M7
Selenoh_B4<==>Ptbp3_M1,Selenoh_B4,Ptbp3_M1
Selenoh_B4<==>Atp13a2_M0,Selenoh_B4,Atp13a2_M0
Selenoh_B4<==>Rac1_M3,Selenoh_B4,Rac1_M3
Selenoh_B4<==>Snrpd2_M1,Selenoh_B4,Snrpd2_M1
Selenoh_B4<==>Asah1_M0,Selenoh_B4,Asah1_M0
Selenoh_B4<==>Snx20_M1,Selenoh_B4,Snx20_M1
Selenoh_B4<==>Tmpo_T5,Selenoh_B4,Tmpo_T5
Selenoh_B4<==>Tuba1b_B4,Selenoh_B4,Tuba1b_B4
Selenoh_B4<==>Gm26917_B7,Selenoh_B4,Gm26917_B7
Selenoh_B4<==>Zfp36l2_B3,Selenoh_B4,Zfp36l2_B3
Selenoh_B4<==>Ostf1_M4,Selenoh_B4,Ostf1_M4
Selenoh_B4<==>Ndufb8_M3,Selenoh_B4,Ndufb8_M3
Ptprj_M1<==>Snrpb_B1,Ptprj_M1,Snrpb_B1
Ptprj_M1<==>Srsf5_T7,Ptprj_M1,Srsf5_T7
Mtch2_M4<==>Lcp1_B4,Mtch2_M4,Lcp1_B4
Mtch2_M4<==>Rpl17_T0,Mtch2_M4,Rpl17_T0
Ndufs3_B3<==>Sec62_B1,Ndufs3_B3,Sec62_B1
Ndufs3_B3<==>Etv3_M4,Ndufs3_B3,Etv3_M4
Ndufs3_B3<==>Rps27_B1,Ndufs3_B3,Rps27_B1
Ndufs3_B3<==>Rps27_B3,Ndufs3_B3,Rps27_B3
Ndufs3_B3<==>Rps27_M3,Ndufs3_B3,Rps27_M3
Ndufs3_B3<==>Cdc42_B2,Ndufs3_B3,Cdc42_B2
Ndufs3_B3<==>Igkv6-17_B2,Ndufs3_B3,Igkv6-17_B2
Ndufs3_B3<==>Asah1_M3,Ndufs3_B3,Asah1_M3
Ndufs3_B3<==>Ppp1r12a_T4,Ndufs3_B3,Ppp1r12a_T4
Ndufs3_B3<==>Rpl19_T5,Ndufs3_B3,Rpl19_T5
Ndufs3_B3<==>Actg1_M3,Ndufs3_B3,Actg1_M3
Ndufs3_B3<==>Ighg2c_B2,Ndufs3_B3,Ighg2c_B2
Ndufs3_B3<==>Rps28_T1,Ndufs3_B3,Rps28_T1
Ndufs3_B3<==>H2-Aa_M1,Ndufs3_B3,H2-Aa_M1
Spi1_M1<==>Ccnd2_B3,Spi1_M1,Ccnd2_B3
Spi1_M1<==>Snx3_M3,Spi1_M1,Snx3_M3
Spi1_M3<==>Capza2_M1,Spi1_M3,Capza2_M1
Spi1_M3<==>Htra1_O4,Spi1_M3,Htra1_O4
Spi1_M4<==>Pmepa1_M4,Spi1_M4,Pmepa1_M4
Spi1_M4<==>Chchd2_T3,Spi1_M4,Chchd2_T3
Spi1_M4<==>Tomm20_B3,Spi1_M4,Tomm20_B3
Spi1_M4<==>Mif_M5,Spi1_M4,Mif_M5
Spi1_M4<==>Timm23_T4,Spi1_M4,Timm23_T4
Spi1_M4<==>Ywhaz_M3,Spi1_M4,Ywhaz_M3
Spi1_M4<==>Rpl8_M3,Spi1_M4,Rpl8_M3
Spi1_M4<==>Rps2_O7,Spi1_M4,Rps2_O7
Spi1_M4<==>Ighv1-61_B3,Spi1_M4,Ighv1-61_B3
Cd44_B3<==>Kmt2e_B3,Cd44_B3,Kmt2e_B3
Cd44_B3<==>Serbp1_B3,Cd44_B3,Serbp1_B3
Cd44_B3<==>Prkar1a_B3,Cd44_B3,Prkar1a_B3
Cd44_B3<==>Timm23_T4,Cd44_B3,Timm23_T4
Cd44_B3<==>Elf1_B3,Cd44_B3,Elf1_B3
Cd44_B3<==>Sub1_B3,Cd44_B3,Sub1_B3
Cd44_B3<==>Nars_B3,Cd44_B3,Nars_B3
Cd44_B3<==>Ctsw_T0,Cd44_B3,Ctsw_T0
Cd44_M1<==>Pxn_M1,Cd44_M1,Pxn_M1
Cd44_M1<==>Cct8_T5,Cd44_M1,Cct8_T5
Cd44_M1<==>Malt1_M1,Cd44_M1,Malt1_M1
Cd44_M2<==>Ccnb2_T5,Cd44_M2,Ccnb2_T5
Cd44_M3<==>Eif1_T5,Cd44_M3,Eif1_T5
Cd44_M4<==>Hcst_T4,Cd44_M4,Hcst_T4
Cd44_M4<==>Rpl30_T4,Cd44_M4,Rpl30_T4
Cd44_T4<==>Rbm39_M5,Cd44_T4,Rbm39_M5
Cd44_T4<==>Scp2_M3,Cd44_T4,Scp2_M3
Cd44_T4<==>Rsbn1l_T3,Cd44_T4,Rsbn1l_T3
Cd44_T4<==>Arap2_T3,Cd44_T4,Arap2_T3
Cd44_T4<==>Cox6a1_M3,Cd44_T4,Cox6a1_M3
Cd44_T4<==>Chchd2_B5,Cd44_T4,Chchd2_B5
Cd44_T4<==>Igkc_M3,Cd44_T4,Igkc_M3
Cd44_T4<==>Bhlhe40_T3,Cd44_T4,Bhlhe40_T3
Cd44_T4<==>Hnrnpf_M1,Cd44_T4,Hnrnpf_M1
Cd44_T4<==>Smarca5_T2,Cd44_T4,Smarca5_T2
Cd44_T4<==>Map1lc3b_T2,Cd44_T4,Map1lc3b_T2
Cd44_T4<==>Xcr1_M4,Cd44_T4,Xcr1_M4
Cd44_T4<==>Ifngr1_M5,Cd44_T4,Ifngr1_M5
Cd44_T4<==>Id2_M3,Cd44_T4,Id2_M3
Cd44_T4<==>Crip1_T4,Cd44_T4,Crip1_T4
Cd44_T4<==>Ighg1_B2,Cd44_T4,Ighg1_B2
Cd44_T4<==>Ighg1_B5,Cd44_T4,Ighg1_B5
Cd44_T4<==>Ighv3-1_B3,Cd44_T4,Ighv3-1_B3
Cd44_T4<==>Sub1_T2,Cd44_T4,Sub1_T2
Cd44_T4<==>Rps2_B4,Cd44_T4,Rps2_B4
Cd44_T4<==>Pgk1_B4,Cd44_T4,Pgk1_B4
Cd44_T5<==>Hmgb1_B4,Cd44_T5,Hmgb1_B4
Cd44_T5<==>Rps15a_B4,Cd44_T5,Rps15a_B4
Cd44_T5<==>Ighg1_B4,Cd44_T5,Ighg1_B4
Caprin1_M4<==>Eif3c_M0,Caprin1_M4,Eif3c_M0
Eif3m_B1<==>Ctsz_B1,Eif3m_B1,Ctsz_B1
Eif3m_B1<==>Tax1bp1_M0,Eif3m_B1,Tax1bp1_M0
Eif3m_B1<==>Tmsb10_M0,Eif3m_B1,Tmsb10_M0
Eif3m_B1<==>Nkg7_T3,Eif3m_B1,Nkg7_T3
Eif3m_B1<==>Rps27l_B1,Eif3m_B1,Rps27l_B1
Eif3m_B1<==>Slc25a3_B1,Eif3m_B1,Slc25a3_B1
Eif3m_B1<==>H3f3b_M0,Eif3m_B1,H3f3b_M0
Eif3m_B1<==>Calm1_B1,Eif3m_B1,Calm1_B1
Eif3m_B1<==>Igha_T2,Eif3m_B1,Igha_T2
Eif3m_B1<==>Ighv14-3_B3,Eif3m_B1,Ighv14-3_B3
Eif3m_B1<==>Ly6a_T5,Eif3m_B1,Ly6a_T5
Eif3m_B1<==>Atp6v0c_M3,Eif3m_B1,Atp6v0c_M3
Eif3m_B1<==>Rps2_B5,Eif3m_B1,Rps2_B5
Eif3m_B1<==>Ssr4_B1,Eif3m_B1,Ssr4_B1
Eif3m_B3<==>H2afz_B0,Eif3m_B3,H2afz_B0
Eif3m_T5<==>Nop10_B3,Eif3m_T5,Nop10_B3
Nop10_B3<==>Dennd4a_B1,Nop10_B3,Dennd4a_B1
Nop10_B3<==>Ifrd1_M2,Nop10_B3,Ifrd1_M2
Nop10_M3<==>Tgm2_M3,Nop10_M3,Tgm2_M3
Nop10_M3<==>Npm1_T1,Nop10_M3,Npm1_T1
Nop10_M3<==>Gm42418_B1,Nop10_M3,Gm42418_B1
Nop10_M4<==>Gpx1_M3,Nop10_M4,Gpx1_M3
Nop10_M4<==>Hsp90aa1_T1,Nop10_M4,Hsp90aa1_T1
Srp14_M0<==>Ndufa13_T4,Srp14_M0,Ndufa13_T4
Srp14_M0<==>Tma7_T4,Srp14_M0,Tma7_T4
Srp14_M0<==>Lsm12_M3,Srp14_M0,Lsm12_M3
Srp14_M0<==>Sec11c_T4,Srp14_M0,Sec11c_T4
Srp14_M1<==>Hmgn2_B4,Srp14_M1,Hmgn2_B4
Srp14_M1<==>Chd4_M1,Srp14_M1,Chd4_M1
Srp14_M1<==>Psmb10_M1,Srp14_M1,Psmb10_M1
Srp14_M1<==>Atp5l_M1,Srp14_M1,Atp5l_M1
Srp14_M1<==>Cdkn1a_M1,Srp14_M1,Cdkn1a_M1
Srp14_M1<==>Cfl1_B3,Srp14_M1,Cfl1_B3
Srp14_M3<==>Igkv4-72_B3,Srp14_M3,Igkv4-72_B3
Srp14_M3<==>2410006H16Rik_M3,Srp14_M3,2410006H16Rik_M3
Srp14_M4<==>Cox6a1_M3,Srp14_M4,Cox6a1_M3
Srp14_M4<==>Trbc2_T1,Srp14_M4,Trbc2_T1
Srp14_M4<==>Iqgap1_M5,Srp14_M4,Iqgap1_M5
Srp14_M4<==>Tle5_T3,Srp14_M4,Tle5_T3
Srp14_M4<==>Rpl26_M3,Srp14_M4,Rpl26_M3
Srp14_M4<==>Cox7a2l_M3,Srp14_M4,Cox7a2l_M3
Srp14_T4<==>St3gal5_M4,Srp14_T4,St3gal5_M4
Srp14_T4<==>Eif3k_T2,Srp14_T4,Eif3k_T2
Srp14_T4<==>Hmgb2_T4,Srp14_T4,Hmgb2_T4
Srp14_T4<==>Rps25_T3,Srp14_T4,Rps25_T3
Srp14_T4<==>Cd47_M0,Srp14_T4,Cd47_M0
Srp14_T4<==>H2-Oa_M4,Srp14_T4,H2-Oa_M4
Srp14_T4<==>H2-Q7_T3,Srp14_T4,H2-Q7_T3
Knl1_T5<==>Bcl11a_M7,Knl1_T5,Bcl11a_M7
Knl1_T5<==>Npm1_B3,Knl1_T5,Npm1_B3
Knl1_T5<==>Hnrnpc_T5,Knl1_T5,Hnrnpc_T5
Knl1_T5<==>Mrpl57_B3,Knl1_T5,Mrpl57_B3
Knl1_T5<==>Cldnd1_T2,Knl1_T5,Cldnd1_T2
Nusap1_T5<==>Rps27_M3,Nusap1_T5,Rps27_M3
Nusap1_T5<==>Ppt1_M5,Nusap1_T5,Ppt1_M5
Nusap1_T5<==>Stmn1_T5,Nusap1_T5,Stmn1_T5
Nusap1_T5<==>Pclaf_T5,Nusap1_T5,Pclaf_T5
Nusap1_T5<==>Rps29_T2,Nusap1_T5,Rps29_T2
Nusap1_T5<==>Hnrnpc_M0,Nusap1_T5,Hnrnpc_M0
Nusap1_T5<==>Fau_T2,Nusap1_T5,Fau_T2
Nusap1_T5<==>mt-Atp8_B3,Nusap1_T5,mt-Atp8_B3
Nusap1_T5<==>mt-Atp6_T5,Nusap1_T5,mt-Atp6_T5
Nusap1_T5<==>mt-Co3_T5,Nusap1_T5,mt-Co3_T5
Pdia3_B3<==>Cd81_M4,Pdia3_B3,Cd81_M4
Pdia3_B3<==>Calr_B3,Pdia3_B3,Calr_B3
Pdia3_B3<==>Tnfaip3_T2,Pdia3_B3,Tnfaip3_T2
Pdia3_B3<==>Hsp90b1_B3,Pdia3_B3,Hsp90b1_B3
Pdia3_B3<==>Myl6_B3,Pdia3_B3,Myl6_B3
Pdia3_B3<==>Canx_B3,Pdia3_B3,Canx_B3
Pdia3_B3<==>Pdia6_B3,Pdia3_B3,Pdia6_B3
Pdia3_B3<==>Ighv1-80_B3,Pdia3_B3,Ighv1-80_B3
Pdia3_B3<==>Igkv17-121_B3,Pdia3_B3,Igkv17-121_B3
Pdia3_M0<==>Calr_M0,Pdia3_M0,Calr_M0
Pdia3_M0<==>Manf_M0,Pdia3_M0,Manf_M0
Pdia3_M0<==>Ly6e_M0,Pdia3_M0,Ly6e_M0
Pdia3_M0<==>Rpl8_B1,Pdia3_M0,Rpl8_B1
Pdia3_M0<==>Cox17_M0,Pdia3_M0,Cox17_M0
Pdia3_M0<==>Lst1_M0,Pdia3_M0,Lst1_M0
Pdia3_M0<==>Rbm3_T2,Pdia3_M0,Rbm3_T2
Pdia3_M3<==>Canx_M3,Pdia3_M3,Canx_M3
Pdia3_M4<==>Anp32e_M4,Pdia3_M4,Anp32e_M4
Pdia3_M4<==>Dennd5b_B3,Pdia3_M4,Dennd5b_B3
Pdia3_M4<==>C1qbp_M4,Pdia3_M4,C1qbp_M4
Pdia3_O10<==>Ftl1_T2,Pdia3_O10,Ftl1_T2
Pdia3_O10<==>Ighv1-74_B7,Pdia3_O10,Ighv1-74_B7
Pdia3_O10<==>Rac2_T1,Pdia3_O10,Rac2_T1
Pdia3_T2<==>Apold1_O10,Pdia3_T2,Apold1_O10
Pdia3_T4<==>Hist1h1c_T5,Pdia3_T4,Hist1h1c_T5
Pdia3_T4<==>Rpl17_B2,Pdia3_T4,Rpl17_B2
Pdia3_T4<==>Ddx3x_O7,Pdia3_T4,Ddx3x_O7
Pdia3_T5<==>Pafah1b1_M1,Pdia3_T5,Pafah1b1_M1
Pdia3_T5<==>Cd47_B3,Pdia3_T5,Cd47_B3
Pdia3_T5<==>Cggbp1_M3,Pdia3_T5,Cggbp1_M3
Serf2_B2<==>Gm8797_B3,Serf2_B2,Gm8797_B3
Serf2_B2<==>Gng5_B1,Serf2_B2,Gng5_B1
Serf2_B2<==>Ptp4a2_T1,Serf2_B2,Ptp4a2_T1
Serf2_B2<==>Rpl11_M3,Serf2_B2,Rpl11_M3
Serf2_B2<==>Chchd2_B5,Serf2_B2,Chchd2_B5
Serf2_B2<==>Ndufa4_T2,Serf2_B2,Ndufa4_T2
Serf2_B2<==>Foxp1_B2,Serf2_B2,Foxp1_B2
Serf2_B2<==>Rps5_M3,Serf2_B2,Rps5_M3
Serf2_B2<==>Rpl18a_M3,Serf2_B2,Rpl18a_M3
Serf2_B2<==>Snx20_M3,Serf2_B2,Snx20_M3
Serf2_B2<==>Rpl13_M3,Serf2_B2,Rpl13_M3
Serf2_B2<==>Cd3d_T2,Serf2_B2,Cd3d_T2
Serf2_B2<==>Xcr1_M4,Serf2_B2,Xcr1_M4
Serf2_B2<==>Hsp90b1_B1,Serf2_B2,Hsp90b1_B1
Serf2_B2<==>Rack1_M3,Serf2_B2,Rack1_M3
Serf2_B2<==>Nrros_M3,Serf2_B2,Nrros_M3
Serf2_B2<==>Kif5b_M1,Serf2_B2,Kif5b_M1
Serf2_B2<==>Rps4x_M3,Serf2_B2,Rps4x_M3
Serf2_B3<==>Rab2a_B3,Serf2_B3,Rab2a_B3
Serf2_B3<==>Tmed2_B3,Serf2_B3,Tmed2_B3
Serf2_B3<==>Cox4i1_B3,Serf2_B3,Cox4i1_B3
Serf2_B3<==>Rpl29_B3,Serf2_B3,Rpl29_B3
Serf2_M3<==>Cd2_T1,Serf2_M3,Cd2_T1
Serf2_M3<==>Scp2_M3,Serf2_M3,Scp2_M3
Serf2_M3<==>Micos10_M0,Serf2_M3,Micos10_M0
Serf2_M3<==>Fgl2_M0,Serf2_M3,Fgl2_M0
Serf2_M3<==>Rpl5_M3,Serf2_M3,Rpl5_M3
Serf2_M3<==>Erp29_M4,Serf2_M3,Erp29_M4
Serf2_M3<==>Arpc1b_B2,Serf2_M3,Arpc1b_B2
Serf2_M3<==>Tmsb10_T5,Serf2_M3,Tmsb10_T5
Serf2_M3<==>Ptms_M3,Serf2_M3,Ptms_M3
Serf2_M3<==>Rpl18_M3,Serf2_M3,Rpl18_M3
Serf2_M3<==>Ldha_M0,Serf2_M3,Ldha_M0
Serf2_M3<==>Rpl13_M3,Serf2_M3,Rpl13_M3
Serf2_M3<==>Itgb1_M0,Serf2_M3,Itgb1_M0
Serf2_M3<==>Dennd4a_B4,Serf2_M3,Dennd4a_B4
Serf2_M3<==>Plekho2_M0,Serf2_M3,Plekho2_M0
Serf2_M3<==>Gnai2_T4,Serf2_M3,Gnai2_T4
Serf2_M3<==>Actr2_M0,Serf2_M3,Actr2_M0
Serf2_M3<==>Rps23_M3,Serf2_M3,Rps23_M3
Serf2_M3<==>Itm2b_T4,Serf2_M3,Itm2b_T4
Serf2_M3<==>Iglv1_B5,Serf2_M3,Iglv1_B5
Serf2_M3<==>Cd47_M0,Serf2_M3,Cd47_M0
Serf2_M3<==>H2-Q7_B1,Serf2_M3,H2-Q7_B1
Serf2_M3<==>Avpi1_T4,Serf2_M3,Avpi1_T4
Serf2_T3<==>Aebp2_T2,Serf2_T3,Aebp2_T2
Serf2_T3<==>Snx20_M3,Serf2_T3,Snx20_M3
Serf2_T3<==>Crip1_M5,Serf2_T3,Crip1_M5
Serf2_T4<==>Snrpg_B0,Serf2_T4,Snrpg_B0
Serf2_T4<==>Ccl7_O7,Serf2_T4,Ccl7_O7
Serf2_T4<==>Cltc_M4,Serf2_T4,Cltc_M4
Serf2_T4<==>Ifrd1_O10,Serf2_T4,Ifrd1_O10
Serf2_T4<==>Calm1_B2,Serf2_T4,Calm1_B2
Serf2_T4<==>Iglc2_B2,Serf2_T4,Iglc2_B2
Serf2_T7<==>Sh3bgrl3_M2,Serf2_T7,Sh3bgrl3_M2
B2m_B0<==>Fus_B4,B2m_B0,Fus_B4
B2m_B0<==>Tle5_M3,B2m_B0,Tle5_M3
B2m_B0<==>Pfn1_B4,B2m_B0,Pfn1_B4
B2m_B0<==>Pxdc1_T7,B2m_B0,Pxdc1_T7
B2m_B1<==>B2m_B2,B2m_B1,B2m_B2
B2m_B1<==>B2m_M5,B2m_B1,B2m_M5
B2m_B1<==>Krtcap2_T5,B2m_B1,Krtcap2_T5
B2m_B1<==>Aurkaip1_T5,B2m_B1,Aurkaip1_T5
B2m_B1<==>Igkv1-117_B0,B2m_B1,Igkv1-117_B0
B2m_B1<==>Gapdh_B1,B2m_B1,Gapdh_B1
B2m_B1<==>Gmfg_T2,B2m_B1,Gmfg_T2
B2m_B1<==>Arl6ip1_T3,B2m_B1,Arl6ip1_T3
B2m_B1<==>Gnai2_M0,B2m_B1,Gnai2_M0
B2m_B1<==>Shisa5_B2,B2m_B1,Shisa5_B2
B2m_B1<==>Psmb6_M3,B2m_B1,Psmb6_M3
B2m_B1<==>Pfn1_M0,B2m_B1,Pfn1_M0
B2m_B1<==>Actg1_T4,B2m_B1,Actg1_T4
B2m_B1<==>Ly6d_B1,B2m_B1,Ly6d_B1
B2m_B1<==>Psmb9_M0,B2m_B1,Psmb9_M0
B2m_B1<==>Psmb8_M3,B2m_B1,Psmb8_M3
B2m_B1<==>Clic1_M5,B2m_B1,Clic1_M5
B2m_B1<==>H2-D1_B4,B2m_B1,H2-D1_B4
B2m_B1<==>Ndfip1_B1,B2m_B1,Ndfip1_B1
B2m_B2<==>Samhd1_B2,B2m_B2,Samhd1_B2
B2m_B2<==>Samhd1_M1,B2m_B2,Samhd1_M1
B2m_B2<==>Rps8_T1,B2m_B2,Rps8_T1
B2m_B2<==>Skap2_M0,B2m_B2,Skap2_M0
B2m_B2<==>Slc6a6_M3,B2m_B2,Slc6a6_M3
B2m_B2<==>H2afj_T4,B2m_B2,H2afj_T4
B2m_B2<==>Rabac1_T2,B2m_B2,Rabac1_T2
B2m_B2<==>Cox6b1_T0,B2m_B2,Cox6b1_T0
B2m_B2<==>Coro1a_B1,B2m_B2,Coro1a_B1
B2m_B2<==>Hmgb2_M0,B2m_B2,Hmgb2_M0
B2m_B2<==>Bst2_B3,B2m_B2,Bst2_B3
B2m_B2<==>Cyba_T4,B2m_B2,Cyba_T4
B2m_B2<==>Cyba_T5,B2m_B2,Cyba_T5
B2m_B2<==>Rpl13_M3,B2m_B2,Rpl13_M3
B2m_B2<==>Shisa5_B2,B2m_B2,Shisa5_B2
B2m_B2<==>Lilrb4a_M5,B2m_B2,Lilrb4a_M5
B2m_B2<==>Lilrb4a_T0,B2m_B2,Lilrb4a_T0
B2m_B2<==>Rps27a_M3,B2m_B2,Rps27a_M3
B2m_B2<==>Rps27a_M5,B2m_B2,Rps27a_M5
B2m_B2<==>Rpl23_M3,B2m_B2,Rpl23_M3
B2m_B2<==>Ighg1_B7,B2m_B2,Ighg1_B7
B2m_B2<==>Ighm_B3,B2m_B2,Ighm_B3
B2m_B2<==>Hnrnpa0_M1,B2m_B2,Hnrnpa0_M1
B2m_B2<==>Itm2b_B5,B2m_B2,Itm2b_B5
B2m_B2<==>H2-K1_B4,B2m_B2,H2-K1_B4
B2m_B2<==>H2-D1_B2,B2m_B2,H2-D1_B2
B2m_B2<==>H2-D1_T4,B2m_B2,H2-D1_T4
B2m_B2<==>Cdk2ap2_M0,B2m_B2,Cdk2ap2_M0
B2m_B2<==>Cfl1_B1,B2m_B2,Cfl1_B1
B2m_B2<==>Fau_M3,B2m_B2,Fau_M3
B2m_B2<==>Rps4x_M3,B2m_B2,Rps4x_M3
B2m_B2<==>mt-Nd1_B3,B2m_B2,mt-Nd1_B3
B2m_B3<==>S100a6_M5,B2m_B3,S100a6_M5
B2m_B3<==>Prdx1_B1,B2m_B3,Prdx1_B1
B2m_B3<==>Tmed2_O10,B2m_B3,Tmed2_O10
B2m_B3<==>Akap13_M1,B2m_B3,Akap13_M1
B2m_B3<==>Cyba_T4,B2m_B3,Cyba_T4
B2m_B3<==>Calm1_B1,B2m_B3,Calm1_B1
B2m_B3<==>Iglv3_B0,B2m_B3,Iglv3_B0
B2m_B4<==>Ctss_B1,B2m_B4,Ctss_B1
B2m_B4<==>Rnf19b_M5,B2m_B4,Rnf19b_M5
B2m_B4<==>Ran_O10,B2m_B4,Ran_O10
B2m_B4<==>Capg_B1,B2m_B4,Capg_B1
B2m_B4<==>Snrpg_T3,B2m_B4,Snrpg_T3
B2m_B4<==>Ets1_B2,B2m_B4,Ets1_B2
B2m_B4<==>Cited2_B3,B2m_B4,Cited2_B3
B2m_B4<==>Slit3_O7,B2m_B4,Slit3_O7
B2m_B4<==>Pdia6_O7,B2m_B4,Pdia6_O7
B2m_B4<==>Crip1_T5,B2m_B4,Crip1_T5
B2m_B4<==>Sub1_B4,B2m_B4,Sub1_B4
B2m_B4<==>Samsn1_T2,B2m_B4,Samsn1_T2
B2m_B5<==>Ctsz_B1,B2m_B5,Ctsz_B1
B2m_B5<==>Phgdh_B3,B2m_B5,Phgdh_B3
B2m_B5<==>Atp1a1_M1,B2m_B5,Atp1a1_M1
B2m_B5<==>Gng5_B1,B2m_B5,Gng5_B1
B2m_B5<==>Rpl13_M3,B2m_B5,Rpl13_M3
B2m_B5<==>Sf3b6_B1,B2m_B5,Sf3b6_B1
B2m_B5<==>H2-K1_B2,B2m_B5,H2-K1_B2
B2m_B5<==>Rps4x_M3,B2m_B5,Rps4x_M3
B2m_B6_0<==>Mapre1_B4,B2m_B6_0,Mapre1_B4
B2m_B6_0<==>Trf_B3,B2m_B6_0,Trf_B3
B2m_B6_0<==>Hsp90aa1_B1,B2m_B6_0,Hsp90aa1_B1
B2m_B6_0<==>Rpl36a_B4,B2m_B6_0,Rpl36a_B4
B2m_B6_0<==>mt-Co2_B2,B2m_B6_0,mt-Co2_B2
B2m_M0<==>Sppl2a_M0,B2m_M0,Sppl2a_M0
B2m_M0<==>Mbd2_T2,B2m_M0,Mbd2_T2
B2m_M1<==>Vcam1_O4,B2m_M1,Vcam1_O4
B2m_M1<==>Map7d1_M1,B2m_M1,Map7d1_M1
B2m_M1<==>Irf2bp2_M3,B2m_M1,Irf2bp2_M3
B2m_M1<==>Eif1_T7,B2m_M1,Eif1_T7
B2m_M2<==>B2m_M7,B2m_M2,B2m_M7
B2m_M2<==>Rpl11_B1,B2m_M2,Rpl11_B1
B2m_M2<==>Cdkn1b_T4,B2m_M2,Cdkn1b_T4
B2m_M2<==>Hmgb2_T4,B2m_M2,Hmgb2_T4
B2m_M2<==>Ifngr1_M4,B2m_M2,Ifngr1_M4
B2m_M2<==>Rap1b_B3,B2m_M2,Rap1b_B3
B2m_M2<==>H2-Oa_M4,B2m_M2,H2-Oa_M4
B2m_M3<==>Mier1_T2,B2m_M3,Mier1_T2
B2m_M3<==>Rsbn1l_T3,B2m_M3,Rsbn1l_T3
B2m_M3<==>Eef2_M1,B2m_M3,Eef2_M1
B2m_M3<==>Serpinb9_M3,B2m_M3,Serpinb9_M3
B2m_M3<==>H2-D1_M3,B2m_M3,H2-D1_M3
B2m_M3<==>Gm42418_T5,B2m_M3,Gm42418_T5
B2m_M4<==>Llph_B5,B2m_M4,Llph_B5
B2m_M4<==>Ncf4_M0,B2m_M4,Ncf4_M0
B2m_M4<==>Slc3a2_T3,B2m_M4,Slc3a2_T3
B2m_M5<==>Gimap6_T2,B2m_M5,Gimap6_T2
B2m_M5<==>Cycs_T5,B2m_M5,Cycs_T5
B2m_M5<==>Arhgdib_T2,B2m_M5,Arhgdib_T2
B2m_M5<==>Atp5l_T4,B2m_M5,Atp5l_T4
B2m_M5<==>Cox7a2_M0,B2m_M5,Cox7a2_M0
B2m_M5<==>Gnai2_M0,B2m_M5,Gnai2_M0
B2m_M5<==>Psmb8_M1,B2m_M5,Psmb8_M1
B2m_M5<==>H2-D1_B2,B2m_M5,H2-D1_B2
B2m_M5<==>H2-D1_B4,B2m_M5,H2-D1_B4
B2m_M5<==>H2-D1_T4,B2m_M5,H2-D1_T4
B2m_M5<==>H2-Q7_T4,B2m_M5,H2-Q7_T4
B2m_M7<==>Gnas_T5,B2m_M7,Gnas_T5
B2m_M7<==>Cd53_T1,B2m_M7,Cd53_T1
B2m_M7<==>Rpl11_B1,B2m_M7,Rpl11_B1
B2m_M7<==>Arpc3_T2,B2m_M7,Arpc3_T2
B2m_M7<==>Rab8b_T4,B2m_M7,Rab8b_T4
B2m_M7<==>Xbp1_M4,B2m_M7,Xbp1_M4
B2m_M7<==>Rpl23a_T3,B2m_M7,Rpl23a_T3
B2m_M7<==>Gpr183_T4,B2m_M7,Gpr183_T4
B2m_M7<==>Eif4b_M3,B2m_M7,Eif4b_M3
B2m_M7<==>Ier3_M1,B2m_M7,Ier3_M1
B2m_M7<==>Atp5md_T2,B2m_M7,Atp5md_T2
B2m_O10<==>Ifi30_B2,B2m_O10,Ifi30_B2
B2m_O10<==>Cyth1_M3,B2m_O10,Cyth1_M3
B2m_O10<==>Entpd1_M1,B2m_O10,Entpd1_M1
B2m_O7<==>Eif6_M1,B2m_O7,Eif6_M1
B2m_O7<==>Ifitm3_O7,B2m_O7,Ifitm3_O7
B2m_O7<==>Ighv1-69_B3,B2m_O7,Ighv1-69_B3
B2m_O7<==>H2-K1_O7,B2m_O7,H2-K1_O7
B2m_O7<==>H2-D1_O7,B2m_O7,H2-D1_O7
B2m_T0<==>Sh3bgrl3_B2,B2m_T0,Sh3bgrl3_B2
B2m_T0<==>Tmed5_M5,B2m_T0,Tmed5_M5
B2m_T0<==>Gimap3_T3,B2m_T0,Gimap3_T3
B2m_T0<==>Wnk1_T2,B2m_T0,Wnk1_T2
B2m_T0<==>Rpl30_M5,B2m_T0,Rpl30_M5
B2m_T0<==>Zeb1_T2,B2m_T0,Zeb1_T2
B2m_T2<==>Ighg1_B2,B2m_T2,Ighg1_B2
B2m_T2<==>Mrpl57_M4,B2m_T2,Mrpl57_M4
B2m_T3<==>Gm8797_B3,B2m_T3,Gm8797_B3
B2m_T3<==>Gng5_B4,B2m_T3,Gng5_B4
B2m_T3<==>Dnajb6_M5,B2m_T3,Dnajb6_M5
B2m_T3<==>Smarca5_T2,B2m_T3,Smarca5_T2
B2m_T3<==>Anxa2_M4,B2m_T3,Anxa2_M4
B2m_T3<==>Crip1_T3,B2m_T3,Crip1_T3
B2m_T3<==>Ighg1_B0,B2m_T3,Ighg1_B0
B2m_T3<==>Ywhaz_B2,B2m_T3,Ywhaz_B2
B2m_T3<==>Got1_M4,B2m_T3,Got1_M4
B2m_T3<==>Morf4l2_M5,B2m_T3,Morf4l2_M5
B2m_T4<==>Samhd1_M4,B2m_T4,Samhd1_M4
B2m_T4<==>Arhgdib_T2,B2m_T4,Arhgdib_T2
B2m_T4<==>Sf3b6_B3,B2m_T4,Sf3b6_B3
B2m_T4<==>Il7r_T4,B2m_T4,Il7r_T4
B2m_T4<==>Ezr_B3,B2m_T4,Ezr_B3
B2m_T4<==>Psmb8_O10,B2m_T4,Psmb8_O10
B2m_T4<==>AW112010_T4,B2m_T4,AW112010_T4
B2m_T4<==>Ms4a6b_T0,B2m_T4,Ms4a6b_T0
B2m_T4<==>Cox7b_T3,B2m_T4,Cox7b_T3
B2m_T6<==>Wnk1_B1,B2m_T6,Wnk1_B1
B2m_T7<==>H2-K1_T7,B2m_T7,H2-K1_T7
B2m_T7<==>H2-D1_T7,B2m_T7,H2-D1_T7
B2m_T7<==>Gm8369_T6,B2m_T7,Gm8369_T6
Gatm_M0<==>Scand1_M4,Gatm_M0,Scand1_M4
Gatm_M0<==>Cd37_B1,Gatm_M0,Cd37_B1
Gatm_M0<==>Atp5b_T3,Gatm_M0,Atp5b_T3
Gatm_M0<==>Hnrnpa1_T5,Gatm_M0,Hnrnpa1_T5
Gatm_M1<==>Atp2b1_M3,Gatm_M1,Atp2b1_M3
Gatm_M1<==>Card19_M3,Gatm_M1,Card19_M3
Gatm_M1<==>Ly6e_T3,Gatm_M1,Ly6e_T3
Gatm_M1<==>Rps2_B4,Gatm_M1,Rps2_B4
Gatm_M1<==>Cox8a_B1,Gatm_M1,Cox8a_B1
Gatm_M3<==>Anp32b_M3,Gatm_M3,Anp32b_M3
Gatm_M3<==>Igkc_B2,Gatm_M3,Igkc_B2
Gatm_M3<==>Arhgdib_T4,Gatm_M3,Arhgdib_T4
Gatm_M3<==>Tnfaip3_T1,Gatm_M3,Tnfaip3_T1
Gatm_M3<==>Pld4_M4,Gatm_M3,Pld4_M4
Gatm_M3<==>H2-DMb1_M3,Gatm_M3,H2-DMb1_M3
Gatm_M3<==>Mpeg1_M3,Gatm_M3,Mpeg1_M3
Gatm_M5<==>Tgm2_M5,Gatm_M5,Tgm2_M5
Gatm_M5<==>Rpl18a_M3,Gatm_M5,Rpl18a_M3
Gatm_M5<==>Atp5l_T0,Gatm_M5,Atp5l_T0
Gatm_M5<==>Ly6a_B1,Gatm_M5,Ly6a_B1
Gatm_M5<==>Cox7a2l_M7,Gatm_M5,Cox7a2l_M7
Gatm_M5<==>Csf1r_M5,Gatm_M5,Csf1r_M5
Gatm_M5<==>Mpeg1_M5,Gatm_M5,Mpeg1_M5
Gatm_M5<==>P2ry10_M5,Gatm_M5,P2ry10_M5
Dut_B4<==>Arpc4_B4,Dut_B4,Arpc4_B4
Dut_B4<==>Gdpd3_B1,Dut_B4,Gdpd3_B1
Dut_B4<==>Uqcr10_M3,Dut_B4,Uqcr10_M3
Dut_B4<==>Actn1_M4,Dut_B4,Actn1_M4
Dut_B4<==>Hnrnpa0_M3,Dut_B4,Hnrnpa0_M3
Hdc_M2<==>Sqstm1_M4,Hdc_M2,Sqstm1_M4
Hdc_M2<==>Ighv1-83_B3,Hdc_M2,Ighv1-83_B3
Sppl2a_M0<==>Rrbp1_M5,Sppl2a_M0,Rrbp1_M5
Sppl2a_M0<==>Fuca1_M1,Sppl2a_M0,Fuca1_M1
Sppl2a_M0<==>Rpl22_B1,Sppl2a_M0,Rpl22_B1
Sppl2a_M0<==>Cox6a1_M0,Sppl2a_M0,Cox6a1_M0
Sppl2a_M0<==>Arpc3_T0,Sppl2a_M0,Arpc3_T0
Sppl2a_M0<==>Igkv10-96_B2,Sppl2a_M0,Igkv10-96_B2
Sppl2a_M0<==>Igkv3-1_B7,Sppl2a_M0,Igkv3-1_B7
Sppl2a_M0<==>Igkc_M0,Sppl2a_M0,Igkc_M0
Sppl2a_M0<==>Rps19_M3,Sppl2a_M0,Rps19_M3
Sppl2a_M0<==>Rpl18_M3,Sppl2a_M0,Rpl18_M3
Sppl2a_M0<==>Ucp2_M3,Sppl2a_M0,Ucp2_M3
Sppl2a_M0<==>Cd3e_T2,Sppl2a_M0,Cd3e_T2
Sppl2a_M0<==>Manf_M0,Sppl2a_M0,Manf_M0
Sppl2a_M0<==>Rps26_M0,Sppl2a_M0,Rps26_M0
Sppl2a_M0<==>Actr2_M0,Sppl2a_M0,Actr2_M0
Sppl2a_M0<==>Rack1_M3,Sppl2a_M0,Rack1_M3
Sppl2a_M0<==>Cox6c_M0,Sppl2a_M0,Cox6c_M0
Sppl2a_M0<==>Myl12b_T3,Sppl2a_M0,Myl12b_T3
Dusp2_B5<==>Npc2_M0,Dusp2_B5,Npc2_M0
Dusp2_B5<==>Pim1_T3,Dusp2_B5,Pim1_T3
Bcl2l11_B3<==>Ndufb5_M1,Bcl2l11_B3,Ndufb5_M1
Bcl2l11_B3<==>Cd53_B3,Bcl2l11_B3,Cd53_B3
Bcl2l11_B3<==>Eif4e_M3,Bcl2l11_B3,Eif4e_M3
Bcl2l11_B3<==>Sfpq_M1,Bcl2l11_B3,Sfpq_M1
Bcl2l11_B3<==>Runx3_M4,Bcl2l11_B3,Runx3_M4
Bcl2l11_B3<==>Erp29_M3,Bcl2l11_B3,Erp29_M3
Bcl2l11_B3<==>Rsrc2_M3,Bcl2l11_B3,Rsrc2_M3
Bcl2l11_B3<==>Gimap4_T0,Bcl2l11_B3,Gimap4_T0
Bcl2l11_B3<==>Cd9_M3,Bcl2l11_B3,Cd9_M3
Bcl2l11_B3<==>Fosb_B3,Bcl2l11_B3,Fosb_B3
Bcl2l11_B3<==>Map1lc3b_T3,Bcl2l11_B3,Map1lc3b_T3
Bcl2l11_B3<==>Bcl2a1d_M3,Bcl2l11_B3,Bcl2a1d_M3
Bcl2l11_B3<==>Serinc1_M3,Bcl2l11_B3,Serinc1_M3
Bcl2l11_B3<==>Slc25a3_T1,Bcl2l11_B3,Slc25a3_T1
Bcl2l11_B3<==>Tbc1d15_B3,Bcl2l11_B3,Tbc1d15_B3
Bcl2l11_B3<==>Ramp3_T7,Bcl2l11_B3,Ramp3_T7
Bcl2l11_B3<==>Stat3_B1,Bcl2l11_B3,Stat3_B1
Bcl2l11_B3<==>Smc6_M7,Bcl2l11_B3,Smc6_M7
Bcl2l11_B3<==>Calm1_B2,Bcl2l11_B3,Calm1_B2
Bcl2l11_B3<==>Eif5_M1,Bcl2l11_B3,Eif5_M1
Bcl2l11_B3<==>Serpinb9_M3,Bcl2l11_B3,Serpinb9_M3
Bcl2l11_B3<==>Rap2a_M3,Bcl2l11_B3,Rap2a_M3
Bcl2l11_B3<==>Sub1_B3,Bcl2l11_B3,Sub1_B3
Bcl2l11_B3<==>Sub1_T3,Bcl2l11_B3,Sub1_T3
Bcl2l11_B3<==>Ywhaz_B3,Bcl2l11_B3,Ywhaz_B3
Bcl2l11_B3<==>Azin1_B3,Bcl2l11_B3,Azin1_B3
Bcl2l11_B3<==>Eef1d_M1,Bcl2l11_B3,Eef1d_M1
Bcl2l11_B3<==>Tnrc6b_B3,Bcl2l11_B3,Tnrc6b_B3
Bcl2l11_B3<==>Slc38a2_B3,Bcl2l11_B3,Slc38a2_B3
Bcl2l11_B3<==>Zbtb20_B1,Bcl2l11_B3,Zbtb20_B1
Bcl2l11_B3<==>Cldnd1_T5,Bcl2l11_B3,Cldnd1_T5
Bcl2l11_B3<==>Ifnar1_M3,Bcl2l11_B3,Ifnar1_M3
Bcl2l11_B3<==>Clic1_M3,Bcl2l11_B3,Clic1_M3
Bcl2l11_B3<==>Zfp36l2_M3,Bcl2l11_B3,Zfp36l2_M3
Bcl2l11_B3<==>Ehd1_M3,Bcl2l11_B3,Ehd1_M3
Bcl2l11_B3<==>Ehd1_M4,Bcl2l11_B3,Ehd1_M4
Bcl2l11_B3<==>mt-Atp6_B0,Bcl2l11_B3,mt-Atp6_B0
Bcl2l11_M3<==>Rora_T2,Bcl2l11_M3,Rora_T2
Bcl2l11_M3<==>Mbnl2_M4,Bcl2l11_M3,Mbnl2_M4
Bcl2l11_M3<==>Gm42418_T1,Bcl2l11_M3,Gm42418_T1
Bcl2l11_M3<==>Cystm1_M4,Bcl2l11_M3,Cystm1_M4
Bcl2l11_M7<==>Mcl1_B1,Bcl2l11_M7,Mcl1_B1
Bcl2l11_M7<==>Cenpe_T5,Bcl2l11_M7,Cenpe_T5
Bcl2l11_M7<==>Akr1a1_B4,Bcl2l11_M7,Akr1a1_B4
Bcl2l11_M7<==>Ppp1cc_T7,Bcl2l11_M7,Ppp1cc_T7
Bcl2l11_M7<==>Tmem176b_O7,Bcl2l11_M7,Tmem176b_O7
Bcl2l11_M7<==>Rab8b_M3,Bcl2l11_M7,Rab8b_M3
Bcl2l11_M7<==>Hnrnpab_B5,Bcl2l11_M7,Hnrnpab_B5
Bcl2l11_M7<==>Ninj1_M3,Bcl2l11_M7,Ninj1_M3
Bcl2l11_M7<==>Mbd2_T4,Bcl2l11_M7,Mbd2_T4
Bcl2l11_M7<==>Ehd1_M3,Bcl2l11_M7,Ehd1_M3
Il1b_M0<==>Mt1_B3,Il1b_M0,Mt1_B3
Il1b_M0<==>Bcl2a1a_M0,Il1b_M0,Bcl2a1a_M0
Il1b_M0<==>Ccrl2_M0,Il1b_M0,Ccrl2_M0
Il1b_M0<==>Nfkbia_M0,Il1b_M0,Nfkbia_M0
Il1b_M0<==>Igkv9-120_B3,Il1b_M0,Igkv9-120_B3
Il1b_M3<==>Ergic3_B3,Il1b_M3,Ergic3_B3
Il1b_M3<==>Hsp90ab1_M3,Il1b_M3,Hsp90ab1_M3
Il1b_M3<==>Ehd1_M1,Il1b_M3,Ehd1_M1
Sirpa_M0<==>Luc7l2_M0,Sirpa_M0,Luc7l2_M0
Sirpa_M0<==>Ndufb8_M0,Sirpa_M0,Ndufb8_M0
Sirpa_M1<==>Rps8_T3,Sirpa_M1,Rps8_T3
Sirpa_M5<==>Gm42418_B3,Sirpa_M5,Gm42418_B3
Snrpb_B1<==>Foxp1_T6,Snrpb_B1,Foxp1_T6
Snrpb_B1<==>2410006H16Rik_B1,Snrpb_B1,2410006H16Rik_B1
Snrpb_B1<==>mt-Nd4l_B1,Snrpb_B1,mt-Nd4l_B1
Snrpb_M3<==>Ubap2l_M3,Snrpb_M3,Ubap2l_M3
Snrpb_M3<==>Tma7_M3,Snrpb_M3,Tma7_M3
Snrpb_M3<==>Pfn1_B1,Snrpb_M3,Pfn1_B1
Snrpb_M3<==>Socs3_M5,Snrpb_M3,Socs3_M5
Snrpb_M3<==>Fkbp3_B4,Snrpb_M3,Fkbp3_B4
Snrpb_M3<==>Calm1_T6,Snrpb_M3,Calm1_T6
Snrpb_M3<==>Smdt1_M3,Snrpb_M3,Smdt1_M3
Snrpb_M3<==>Iglv3_B0,Snrpb_M3,Iglv3_B0
Snrpb_M3<==>Atp6v0c_B1,Snrpb_M3,Atp6v0c_B1
Snrpb_M3<==>H2-K1_B1,Snrpb_M3,H2-K1_B1
Snrpb_M3<==>Ndfip1_T1,Snrpb_M3,Ndfip1_T1
Snrpb_T5<==>Dnajb6_M0,Snrpb_T5,Dnajb6_M0
Snrpb_T5<==>Eif3f_T2,Snrpb_T5,Eif3f_T2
Snrpb_T5<==>Tm2d2_M4,Snrpb_T5,Tm2d2_M4
Snrpb_T5<==>Ubl5_M0,Snrpb_T5,Ubl5_M0
Snrpb_T5<==>Plekho2_M0,Snrpb_T5,Plekho2_M0
Snrpb_T5<==>Snrpf_B1,Snrpb_T5,Snrpf_B1
Snrpb_T5<==>Uqcrq_M0,Snrpb_T5,Uqcrq_M0
Snrpb_T5<==>Tnfaip2_M0,Snrpb_T5,Tnfaip2_M0
Snrpb_T5<==>Ighv3-2_B3,Snrpb_T5,Ighv3-2_B3
Snrpb_T5<==>Gpbp1_M3,Snrpb_T5,Gpbp1_M3
Snrpb_T5<==>Dad1_B5,Snrpb_T5,Dad1_B5
Snrpb_T5<==>Psmb8_B1,Snrpb_T5,Psmb8_B1
Snrpb_T5<==>H2-Ob_B1,Snrpb_T5,H2-Ob_B1
Snrpb_T5<==>H2-Q7_B1,Snrpb_T5,H2-Q7_B1
Snrpb_T5<==>H2-Q7_B5,Snrpb_T5,H2-Q7_B5
Snrpb_T5<==>Sec11c_T5,Snrpb_T5,Sec11c_T5
Gpcpd1_M4<==>Fxyd5_M5,Gpcpd1_M4,Fxyd5_M5
Gpcpd1_M4<==>Asah1_M5,Gpcpd1_M4,Asah1_M5
Gpcpd1_M4<==>Jund_T4,Gpcpd1_M4,Jund_T4
Gpcpd1_M4<==>D8Ertd738e_M3,Gpcpd1_M4,D8Ertd738e_M3
Gpcpd1_M4<==>Birc2_T2,Gpcpd1_M4,Birc2_T2
Gpcpd1_M4<==>Hexa_M4,Gpcpd1_M4,Hexa_M4
Gpcpd1_M4<==>Dennd4a_T4,Gpcpd1_M4,Dennd4a_T4
Gpcpd1_M4<==>Higd1a_T5,Gpcpd1_M4,Higd1a_T5
Gpcpd1_M4<==>Ctsb_M5,Gpcpd1_M4,Ctsb_M5
Gpcpd1_M4<==>Fyb_M5,Gpcpd1_M4,Fyb_M5
Gpcpd1_M4<==>Tapbp_M0,Gpcpd1_M4,Tapbp_M0
Gpcpd1_M4<==>Csf1r_M5,Gpcpd1_M4,Csf1r_M5
Gpcpd1_M4<==>mt-Nd3_M5,Gpcpd1_M4,mt-Nd3_M5
Rrbp1_B7<==>Scp2_M3,Rrbp1_B7,Scp2_M3
Rrbp1_B7<==>Atp5l_T3,Rrbp1_B7,Atp5l_T3
Rrbp1_B7<==>Pafah1b1_B1,Rrbp1_B7,Pafah1b1_B1
Rrbp1_B7<==>Erh_B4,Rrbp1_B7,Erh_B4
Rrbp1_B7<==>Atp5mpl_M0,Rrbp1_B7,Atp5mpl_M0
Rrbp1_B7<==>Hnrnpc_M3,Rrbp1_B7,Hnrnpc_M3
Rrbp1_B7<==>Ndufa7_M0,Rrbp1_B7,Ndufa7_M0
Rrbp1_B7<==>Scd1_B2,Rrbp1_B7,Scd1_B2
Rrbp1_B7<==>mt-Nd1_M5,Rrbp1_B7,mt-Nd1_M5
Rrbp1_B7<==>mt-Atp6_B2,Rrbp1_B7,mt-Atp6_B2
Rrbp1_B7<==>mt-Nd4_B0,Rrbp1_B7,mt-Nd4_B0
Rrbp1_M0<==>Samhd1_M5,Rrbp1_M0,Samhd1_M5
Rrbp1_M0<==>Igkv10-96_B4,Rrbp1_M0,Igkv10-96_B4
Rrbp1_M0<==>Rps26_B1,Rrbp1_M0,Rps26_B1
Rrbp1_M1<==>Igkv16-104_B3,Rrbp1_M1,Igkv16-104_B3
Rrbp1_M1<==>Ctsh_M1,Rrbp1_M1,Ctsh_M1
Rrbp1_M3<==>Tnfrsf1b_M3,Rrbp1_M3,Tnfrsf1b_M3
Rrbp1_M3<==>Gimap1_T2,Rrbp1_M3,Gimap1_T2
Rrbp1_M3<==>Ppp2ca_T5,Rrbp1_M3,Ppp2ca_T5
Rrbp1_M3<==>Gramd3_T3,Rrbp1_M3,Gramd3_T3
Rrbp1_M4<==>Psmb9_M3,Rrbp1_M4,Psmb9_M3
Rrbp1_M5<==>Sfpq_M5,Rrbp1_M5,Sfpq_M5
Rrbp1_M5<==>Rpl22_B1,Rrbp1_M5,Rpl22_B1
Rrbp1_M5<==>Cyba_T3,Rrbp1_M5,Cyba_T3
Rrbp1_M5<==>Atp5l_T3,Rrbp1_M5,Atp5l_T3
Rrbp1_M5<==>Rps12_T5,Rrbp1_M5,Rps12_T5
Rrbp1_M5<==>Scpep1_M3,Rrbp1_M5,Scpep1_M3
Rrbp1_M5<==>Nampt_M5,Rrbp1_M5,Nampt_M5
Rrbp1_M5<==>Psme2_M5,Rrbp1_M5,Psme2_M5
Rrbp1_M5<==>Cox6c_M0,Rrbp1_M5,Cox6c_M0
Rrbp1_M5<==>Atp6v0c_B1,Rrbp1_M5,Atp6v0c_B1
Rrbp1_M5<==>Zeb1_T6,Rrbp1_M5,Zeb1_T6
Rrbp1_M5<==>Iigp1_M0,Rrbp1_M5,Iigp1_M0
Rrbp1_M5<==>Rps14_M5,Rrbp1_M5,Rps14_M5
Rrbp1_M5<==>AW112010_T5,Rrbp1_M5,AW112010_T5
Rrbp1_M5<==>Ostf1_T2,Rrbp1_M5,Ostf1_T2
Snx5_M0<==>Rac2_M0,Snx5_M0,Rac2_M0
Snx5_M0<==>Dusp1_M0,Snx5_M0,Dusp1_M0
Snx5_M1<==>Rap1a_T4,Snx5_M1,Rap1a_T4
Snx5_M1<==>Eif3f_M7,Snx5_M1,Eif3f_M7
Snx5_M5<==>Rps11_M3,Snx5_M5,Rps11_M3
Snx5_M5<==>Npm1_B1,Snx5_M5,Npm1_B1
Snx5_M7<==>Rps3a1_B4,Snx5_M7,Rps3a1_B4
Snx5_M7<==>Igkv3-1_B7,Snx5_M7,Igkv3-1_B7
Snx5_M7<==>Tcf4_B1,Snx5_M7,Tcf4_B1
Cd93_M1<==>S100a6_M1,Cd93_M1,S100a6_M1
Cd93_M1<==>Hnrnpa2b1_B1,Cd93_M1,Hnrnpa2b1_B1
Cd93_M1<==>Rpl18a_B1,Cd93_M1,Rpl18a_B1
Cd93_M1<==>Rpl13_B1,Cd93_M1,Rpl13_B1
Cd93_M1<==>Ets1_T1,Cd93_M1,Ets1_T1
Cd93_M1<==>Ddx21_B1,Cd93_M1,Ddx21_B1
Cd93_M1<==>Rps7_B1,Cd93_M1,Rps7_B1
Cd93_M1<==>Rpl8_M3,Cd93_M1,Rpl8_M3
Cd93_M1<==>Ms4a7_M1,Cd93_M1,Ms4a7_M1
Cd93_M1<==>P2ry10_T5,Cd93_M1,P2ry10_T5
Cd93_M1<==>Rpl36a_T5,Cd93_M1,Rpl36a_T5
Cd93_O10<==>Rpl9_B1,Cd93_O10,Rpl9_B1
Cd93_O10<==>Flt1_O10,Cd93_O10,Flt1_O10
Cd93_O10<==>Pglyrp1_M2,Cd93_O10,Pglyrp1_M2
Cd93_O10<==>Ighv1-78_B3,Cd93_O10,Ighv1-78_B3
Cd93_O10<==>H2afy_B4,Cd93_O10,H2afy_B4
Cd93_O10<==>mt-Nd1_M0,Cd93_O10,mt-Nd1_M0
Cd93_T7<==>Picalm_M3,Cd93_T7,Picalm_M3
Cd93_T7<==>Lat_M5,Cd93_T7,Lat_M5
Cst3_M3<==>Ctsz_M5,Cst3_M3,Ctsz_M5
Cst3_M3<==>Luc7l2_T4,Cst3_M3,Luc7l2_T4
Cst3_M3<==>Cyba_M5,Cst3_M3,Cyba_M5
Cst3_M3<==>AI662270_M4,Cst3_M3,AI662270_M4
Cst3_M5<==>Psma7_M0,Cst3_M5,Psma7_M0
Cst3_M5<==>Skil_M0,Cst3_M5,Skil_M0
Cst3_M5<==>Ppt1_M4,Cst3_M5,Ppt1_M4
Cst3_M5<==>Rps11_B1,Cst3_M5,Rps11_B1
Cst3_M5<==>Rpl13a_B1,Cst3_M5,Rpl13a_B1
Cst3_M5<==>Tpt1_B5,Cst3_M5,Tpt1_B5
Cst3_M5<==>Fau_T2,Cst3_M5,Fau_T2
Cst3_M5<==>Rps4x_B1,Cst3_M5,Rps4x_B1
Cst3_M5<==>mt-Atp8_B1,Cst3_M5,mt-Atp8_B1
Cst3_M5<==>mt-Atp8_B3,Cst3_M5,mt-Atp8_B3
Cst3_M5<==>mt-Nd4l_B3,Cst3_M5,mt-Nd4l_B3
Cst3_O10<==>Atp5j2_M3,Cst3_O10,Atp5j2_M3
Cst3_O10<==>Eif4a1_B5,Cst3_O10,Eif4a1_B5
Fkbp1a_M1<==>Rpl29_B1,Fkbp1a_M1,Rpl29_B1
Fkbp1a_M1<==>Cct2_M3,Fkbp1a_M1,Cct2_M3
Fkbp1a_M1<==>Stk24_M5,Fkbp1a_M1,Stk24_M5
Fkbp1a_M1<==>Gm42418_B2,Fkbp1a_M1,Gm42418_B2
Fkbp1a_M1<==>Srsf7_T2,Fkbp1a_M1,Srsf7_T2
Fkbp1a_M1<==>BE692007_T6_3,Fkbp1a_M1,BE692007_T6_3
Fkbp1a_M3<==>Tiparp_M3,Fkbp1a_M3,Tiparp_M3
Fkbp1a_M3<==>Erlin1_M4,Fkbp1a_M3,Erlin1_M4
Fam110a_T7<==>Arhgdib_B4,Fam110a_T7,Arhgdib_B4
Fam110a_T7<==>Pim1_B3,Fam110a_T7,Pim1_B3
H13_M4<==>Tmem176b_M3,H13_M4,Tmem176b_M3
H13_M4<==>Fkbp3_T5,H13_M4,Fkbp3_T5
Tpx2_T5<==>Aurkb_T5,Tpx2_T5,Aurkb_T5
Tpx2_T5<==>Kif11_T5,Tpx2_T5,Kif11_T5
Mapre1_B4<==>Napsa_B4,Mapre1_B4,Napsa_B4
Mapre1_B4<==>Trf_B3,Mapre1_B4,Trf_B3
Mapre1_B4<==>H2-DMb1_M1,Mapre1_B4,H2-DMb1_M1
Chmp4b_M1<==>Tmem189_M3,Chmp4b_M1,Tmem189_M3
Chmp4b_M3<==>Gng10_M3,Chmp4b_M3,Gng10_M3
Chmp4b_M3<==>Tnfrsf4_T1,Chmp4b_M3,Tnfrsf4_T1
Chmp4b_M3<==>Tnfrsf18_T2,Chmp4b_M3,Tnfrsf18_T2
Chmp4b_M3<==>Gimap4_T0,Chmp4b_M3,Gimap4_T0
Chmp4b_M3<==>Aebp2_M4,Chmp4b_M3,Aebp2_M4
Chmp4b_M3<==>Rpl13_B1,Chmp4b_M3,Rpl13_B1
Chmp4b_M3<==>Prkar1a_M4,Chmp4b_M3,Prkar1a_M4
Chmp4b_M3<==>Nfkbia_O10,Chmp4b_M3,Nfkbia_O10
Chmp4b_M3<==>Ighv1-19_B3,Chmp4b_M3,Ighv1-19_B3
Chmp4b_M3<==>Map3k1_M5,Chmp4b_M3,Map3k1_M5
Chmp4b_M3<==>Appl1_M4,Chmp4b_M3,Appl1_M4
Chmp4b_M3<==>H2-D1_M2,Chmp4b_M3,H2-D1_M2
Chmp4b_M3<==>Nars_B3,Chmp4b_M3,Nars_B3
Eif2s2_B1<==>S100a6_M1,Eif2s2_B1,S100a6_M1
Eif2s2_B1<==>Ctss_M1,Eif2s2_B1,Ctss_M1
Eif2s2_B1<==>Cap1_T5,Eif2s2_B1,Cap1_T5
Eif2s2_B1<==>Dnajb6_T1,Eif2s2_B1,Dnajb6_T1
Eif2s2_B1<==>Hmgb1_T1,Eif2s2_B1,Hmgb1_T1
Eif2s2_B1<==>Serbp1_M3,Eif2s2_B1,Serbp1_M3
Eif2s2_B1<==>Serbp1_T4,Eif2s2_B1,Serbp1_T4
Eif2s2_B1<==>Clec2d_M1,Eif2s2_B1,Clec2d_M1
Eif2s2_B1<==>Aebp2_T1,Eif2s2_B1,Aebp2_T1
Eif2s2_B1<==>Map1lc3b_T3,Eif2s2_B1,Map1lc3b_T3
Eif2s2_B1<==>Fli1_M4,Eif2s2_B1,Fli1_M4
Eif2s2_B1<==>Rab8b_T4,Eif2s2_B1,Rab8b_T4
Eif2s2_B1<==>Rps7_B1,Eif2s2_B1,Rps7_B1
Eif2s2_B1<==>Rps29_T1,Eif2s2_B1,Rps29_T1
Eif2s2_B1<==>Sema4d_M3,Eif2s2_B1,Sema4d_M3
Eif2s2_B1<==>mt-Nd4_B0,Eif2s2_B1,mt-Nd4_B0
Eif2s2_B3<==>Ndufb5_M1,Eif2s2_B3,Ndufb5_M1
Eif2s2_B3<==>Sars_B3,Eif2s2_B3,Sars_B3
Eif2s2_B3<==>H2afz_T1,Eif2s2_B3,H2afz_T1
Eif2s2_B3<==>Eif4e_M1,Eif2s2_B3,Eif4e_M1
Eif2s2_B3<==>Eif4e_M3,Eif2s2_B3,Eif4e_M3
Eif2s2_B3<==>Tnfrsf18_T2,Eif2s2_B3,Tnfrsf18_T2
Eif2s2_B3<==>Serbp1_B3,Eif2s2_B3,Serbp1_B3
Eif2s2_B3<==>Tmsb10_B3,Eif2s2_B3,Tmsb10_B3
Eif2s2_B3<==>Aebp2_M4,Eif2s2_B3,Aebp2_M4
Eif2s2_B3<==>Tgfb1_M3,Eif2s2_B3,Tgfb1_M3
Eif2s2_B3<==>Eif4g2_B3,Eif2s2_B3,Eif4g2_B3
Eif2s2_B3<==>Coro1a_M3,Eif2s2_B3,Coro1a_M3
Eif2s2_B3<==>Tpm4_T5,Eif2s2_B3,Tpm4_T5
Eif2s2_B3<==>Map1lc3b_T3,Eif2s2_B3,Map1lc3b_T3
Eif2s2_B3<==>Srgn_B3,Eif2s2_B3,Srgn_B3
Eif2s2_B3<==>Pafah1b1_T3,Eif2s2_B3,Pafah1b1_T3
Eif2s2_B3<==>Calm1_B2,Eif2s2_B3,Calm1_B2
Eif2s2_B3<==>Crip1_T0,Eif2s2_B3,Crip1_T0
Eif2s2_B3<==>Crip1_T3,Eif2s2_B3,Crip1_T3
Eif2s2_B3<==>Appl1_M4,Eif2s2_B3,Appl1_M4
Eif2s2_B3<==>Ywhaz_B3,Eif2s2_B3,Ywhaz_B3
Eif2s2_B3<==>Ywhaz_M3,Eif2s2_B3,Ywhaz_M3
Eif2s2_B3<==>Ywhaz_T3,Eif2s2_B3,Ywhaz_T3
Eif2s2_B3<==>Eif3h_M3,Eif2s2_B3,Eif3h_M3
Eif2s2_B3<==>Atf4_B3,Eif2s2_B3,Atf4_B3
Eif2s2_B3<==>Paip2_B3,Eif2s2_B3,Paip2_B3
Eif2s2_B3<==>Nr3c1_T2,Eif2s2_B3,Nr3c1_T2
Eif2s2_B3<==>Nars_B3,Eif2s2_B3,Nars_B3
Eif2s2_B3<==>mt-Atp6_B0,Eif2s2_B3,mt-Atp6_B0
Eif2s2_B5<==>Rps21_T2,Eif2s2_B5,Rps21_T2
Eif2s2_B5<==>Rps27_B2,Eif2s2_B5,Rps27_B2
Eif2s2_B5<==>Rps27_B3,Eif2s2_B5,Rps27_B3
Eif2s2_B5<==>Rps27_T2,Eif2s2_B5,Rps27_T2
Eif2s2_B5<==>Rpl34_T2,Eif2s2_B5,Rpl34_T2
Eif2s2_B5<==>Rps20_B5,Eif2s2_B5,Rps20_B5
Eif2s2_B5<==>Rbpj_T4,Eif2s2_B5,Rbpj_T4
Eif2s2_B5<==>Selplg_M4,Eif2s2_B5,Selplg_M4
Eif2s2_B5<==>Hnrnpa2b1_B1,Eif2s2_B5,Hnrnpa2b1_B1
Eif2s2_B5<==>Igkv4-70_B3,Eif2s2_B5,Igkv4-70_B3
Eif2s2_B5<==>Rab8b_T4,Eif2s2_B5,Rab8b_T4
Eif2s2_B5<==>Rpl41_M3,Eif2s2_B5,Rpl41_M3
Eif2s2_B5<==>Rps29_T2,Eif2s2_B5,Rps29_T2
Eif2s2_B5<==>Ndufb1-ps_M3,Eif2s2_B5,Ndufb1-ps_M3
Eif2s2_B5<==>Ighg2c_B2,Eif2s2_B5,Ighg2c_B2
Eif2s2_B5<==>Rpl37_T1,Eif2s2_B5,Rpl37_T1
Eif2s2_B5<==>Rpl37_T2,Eif2s2_B5,Rpl37_T2
Eif2s2_B5<==>Eif3h_M0,Eif2s2_B5,Eif3h_M0
Eif2s2_B5<==>Samsn1_T7,Eif2s2_B5,Samsn1_T7
Eif2s2_B5<==>Rps28_T2,Eif2s2_B5,Rps28_T2
Eif2s2_B5<==>Cd14_M1,Eif2s2_B5,Cd14_M1
Eif2s2_B5<==>Nars_M4,Eif2s2_B5,Nars_M4
Eif2s2_B5<==>Rpl17_B5,Eif2s2_B5,Rpl17_B5
Eif2s2_B5<==>mt-Atp6_B5,Eif2s2_B5,mt-Atp6_B5
Eif2s2_M3<==>Serpinb6b_M4,Eif2s2_M3,Serpinb6b_M4
Eif2s2_M3<==>mt-Cytb_T6,Eif2s2_M3,mt-Cytb_T6
Eif2s2_M4<==>Arpc1b_B2,Eif2s2_M4,Arpc1b_B2
Eif2s2_M4<==>Taf1d_M4,Eif2s2_M4,Taf1d_M4
Eif2s2_M4<==>Ubl5_M5,Eif2s2_M4,Ubl5_M5
Eif2s2_M4<==>Snrpf_M5,Eif2s2_M4,Snrpf_M5
Eif2s2_M4<==>Plek_M4,Eif2s2_M4,Plek_M4
Eif2s2_M4<==>Mef2c_B1,Eif2s2_M4,Mef2c_B1
Eif2s2_T1<==>Rps21_T2,Eif2s2_T1,Rps21_T2
Eif2s2_T1<==>Rps27_B3,Eif2s2_T1,Rps27_B3
Eif2s2_T1<==>S100a6_M1,Eif2s2_T1,S100a6_M1
Eif2s2_T1<==>Psmd4_M4,Eif2s2_T1,Psmd4_M4
Eif2s2_T1<==>Gng5_T1,Eif2s2_T1,Gng5_T1
Eif2s2_T1<==>Cdc42_T2,Eif2s2_T1,Cdc42_T2
Eif2s2_T1<==>Rbpj_M1,Eif2s2_T1,Rbpj_M1
Eif2s2_T1<==>Stap1_B5,Eif2s2_T1,Stap1_B5
Eif2s2_T1<==>Igkv4-70_B3,Eif2s2_T1,Igkv4-70_B3
Eif2s2_T1<==>Rpn1_M3,Eif2s2_T1,Rpn1_M3
Eif2s2_T1<==>Rpl41_M3,Eif2s2_T1,Rpl41_M3
Eif2s2_T1<==>Sec61g_T5,Eif2s2_T1,Sec61g_T5
Eif2s2_T1<==>Rps29_T1,Eif2s2_T1,Rps29_T1
Eif2s2_T1<==>Rps29_T2,Eif2s2_T1,Rps29_T2
Eif2s2_T1<==>Rps29_T7,Eif2s2_T1,Rps29_T7
Eif2s2_T1<==>Ndufb1-ps_B5,Eif2s2_T1,Ndufb1-ps_B5
Eif2s2_T1<==>Ndufb1-ps_M3,Eif2s2_T1,Ndufb1-ps_M3
Eif2s2_T1<==>Ndufb1-ps_T2,Eif2s2_T1,Ndufb1-ps_T2
Eif2s2_T1<==>Atp5mpl_T3,Eif2s2_T1,Atp5mpl_T3
Eif2s2_T1<==>Selenop_M1,Eif2s2_T1,Selenop_M1
Eif2s2_T1<==>Rpl37_T1,Eif2s2_T1,Rpl37_T1
Eif2s2_T1<==>Ly6e_M0,Eif2s2_T1,Ly6e_M0
Eif2s2_T1<==>Rps28_T1,Eif2s2_T1,Rps28_T1
Eif2s2_T1<==>Rps28_T2,Eif2s2_T1,Rps28_T2
Eif2s2_T1<==>Fth1_B1,Eif2s2_T1,Fth1_B1
Eif2s2_T1<==>Atp5md_B1,Eif2s2_T1,Atp5md_B1
Eif2s2_T1<==>Rpl39_B1,Eif2s2_T1,Rpl39_B1
Eif2s2_T1<==>Rpl39_B2,Eif2s2_T1,Rpl39_B2
Eif2s2_T1<==>mt-Atp8_B3,Eif2s2_T1,mt-Atp8_B3
Eif2s2_T1<==>mt-Atp6_T4,Eif2s2_T1,mt-Atp6_T4
Eif2s2_T1<==>mt-Nd5_M0,Eif2s2_T1,mt-Nd5_M0
Eif6_M1<==>Ubb_M3,Eif6_M1,Ubb_M3
Eif6_M3<==>Cenpe_T5,Eif6_M3,Cenpe_T5
Eif6_M3<==>Sfpq_M1,Eif6_M3,Sfpq_M1
Eif6_M3<==>Ppp1cc_T7,Eif6_M3,Ppp1cc_T7
Eif6_M3<==>Akap13_M1,Eif6_M3,Akap13_M1
Eif6_M3<==>Ramp3_T7,Eif6_M3,Ramp3_T7
Eif6_M3<==>Ebf1_B1,Eif6_M3,Ebf1_B1
Eif6_M3<==>Srsf2_M1,Eif6_M3,Srsf2_M1
Eif6_M3<==>Sf3b6_B1,Eif6_M3,Sf3b6_B1
Eif6_M3<==>Itm2b_B5,Eif6_M3,Itm2b_B5
Eif6_M3<==>H2-K1_B2,Eif6_M3,H2-K1_B2
Eif6_M3<==>Ier3_M5,Eif6_M3,Ier3_M5
Eif6_M3<==>Tomm6_M3,Eif6_M3,Tomm6_M3
Eif6_M3<==>Epcam_B3,Eif6_M3,Epcam_B3
Eif6_M3<==>Ehd1_M3,Eif6_M3,Ehd1_M3
Eif6_M4<==>Igkv2-109_B3,Eif6_M4,Igkv2-109_B3
Eif6_M4<==>Brd2_M3,Eif6_M4,Brd2_M3
Eif6_M4<==>Paip2_B3,Eif6_M4,Paip2_B3
Eif6_M4<==>mt-Atp6_M1,Eif6_M4,mt-Atp6_M1
Ergic3_B3<==>Psmb2_M3,Ergic3_B3,Psmb2_M3
Ergic3_B3<==>Lat_T4,Ergic3_B3,Lat_T4
Ergic3_B3<==>Ifi30_B1,Ergic3_B3,Ifi30_B1
Ergic3_B3<==>Irf2bp2_M0,Ergic3_B3,Irf2bp2_M0
Rbm39_B1<==>Shisa5_T1,Rbm39_B1,Shisa5_T1
Rbm39_B1<==>Nktr_T1,Rbm39_B1,Nktr_T1
Rbm39_B1<==>Rps15_B1,Rbm39_B1,Rps15_B1
Rbm39_B1<==>Btg1_B1,Rbm39_B1,Btg1_B1
Rbm39_B1<==>Zfp36l1_B1,Rbm39_B1,Zfp36l1_B1
Rbm39_B1<==>Sat1_B1,Rbm39_B1,Sat1_B1
Rbm39_B3<==>Sh3glb1_B3,Rbm39_B3,Sh3glb1_B3
Rbm39_B3<==>Mtpn_M0,Rbm39_B3,Mtpn_M0
Rbm39_B3<==>Serbp1_B3,Rbm39_B3,Serbp1_B3
Rbm39_B3<==>Dusp11_B3,Rbm39_B3,Dusp11_B3
Rbm39_B3<==>Iqgap1_B3,Rbm39_B3,Iqgap1_B3
Rbm39_B3<==>Rps15a_B0,Rbm39_B3,Rps15a_B0
Rbm39_B3<==>Man1a_B1,Rbm39_B3,Man1a_B1
Rbm39_B3<==>Jmjd1c_B3,Rbm39_B3,Jmjd1c_B3
Rbm39_B3<==>Pafah1b1_B3,Rbm39_B3,Pafah1b1_B3
Rbm39_B3<==>Card19_M1,Rbm39_B3,Card19_M1
Rbm39_B3<==>Nedd8_B3,Rbm39_B3,Nedd8_B3
Rbm39_B3<==>Azin1_B3,Rbm39_B3,Azin1_B3
Rbm39_B4<==>Rpl22_M4,Rbm39_B4,Rpl22_M4
Rbm39_B4<==>Tma7_M4,Rbm39_B4,Tma7_M4
Rbm39_M1<==>Cdh5_O10,Rbm39_M1,Cdh5_O10
Rbm39_M1<==>Mpp7_T7,Rbm39_M1,Mpp7_T7
Rbm39_M1<==>Lmnb1_M4,Rbm39_M1,Lmnb1_M4
Rbm39_M4<==>Rpl6_T1,Rbm39_M4,Rpl6_T1
Rbm39_M4<==>Isy1_M5,Rbm39_M4,Isy1_M5
Rbm39_M4<==>Rps29_T2,Rbm39_M4,Rps29_T2
Rbm39_M4<==>Hsp90ab1_B1,Rbm39_M4,Hsp90ab1_B1
Rbm39_M5<==>Chchd2_B5,Rbm39_M5,Chchd2_B5
Rbm39_M5<==>Ncf1_M4,Rbm39_M5,Ncf1_M4
Rbm39_M5<==>Igkc_M3,Rbm39_M5,Igkc_M3
Rbm39_M5<==>Map1lc3b_T2,Rbm39_M5,Map1lc3b_T2
Rbm39_M5<==>Epb41l2_M3,Rbm39_M5,Epb41l2_M3
Rbm39_M5<==>Snrpf_B1,Rbm39_M5,Snrpf_B1
Rbm39_M5<==>Nudt4_M2,Rbm39_M5,Nudt4_M2
Rbm39_M5<==>Eif1_T7,Rbm39_M5,Eif1_T7
Rbm39_M5<==>Brd4_M3,Rbm39_M5,Brd4_M3
Rbm39_T2<==>Hnrnpk_T2,Rbm39_T2,Hnrnpk_T2
Scand1_B1<==>Scand1_M0,Scand1_B1,Scand1_M0
Scand1_B1<==>Sec61b_T4,Scand1_B1,Sec61b_T4
Scand1_B1<==>Psmb2_M3,Scand1_B1,Psmb2_M3
Scand1_B1<==>Sh3bgrl3_T4,Scand1_B1,Sh3bgrl3_T4
Scand1_B1<==>Rpl6_M3,Scand1_B1,Rpl6_M3
Scand1_B1<==>Chchd2_M3,Scand1_B1,Chchd2_M3
Scand1_B1<==>Polr1d_T4,Scand1_B1,Polr1d_T4
Scand1_B1<==>Igkv6-23_B3,Scand1_B1,Igkv6-23_B3
Scand1_B1<==>Igkc_B3,Scand1_B1,Igkc_B3
Scand1_B1<==>Selenow_T4,Scand1_B1,Selenow_T4
Scand1_B1<==>Rabac1_B3,Scand1_B1,Rabac1_B3
Scand1_B1<==>Gmfg_T4,Scand1_B1,Gmfg_T4
Scand1_B1<==>Emp3_M5,Scand1_B1,Emp3_M5
Scand1_B1<==>Rplp1_B1,Scand1_B1,Rplp1_B1
Scand1_B1<==>Rplp1_B2,Scand1_B1,Rplp1_B2
Scand1_B1<==>Rplp1_B5,Scand1_B1,Rplp1_B5
Scand1_B1<==>Gnai2_T4,Scand1_B1,Gnai2_T4
Scand1_B1<==>Igha_M0,Scand1_B1,Igha_M0
Scand1_B1<==>Ighv14-2_B3,Scand1_B1,Ighv14-2_B3
Scand1_B1<==>Psma2_T5,Scand1_B1,Psma2_T5
Scand1_B1<==>Uqcrb_M3,Scand1_B1,Uqcrb_M3
Scand1_B1<==>Btf3_T4,Scand1_B1,Btf3_T4
Scand1_B1<==>Gm10076_M3,Scand1_B1,Gm10076_M3
Scand1_B1<==>Rpl37_M3,Scand1_B1,Rpl37_M3
Scand1_B1<==>Rps2_B1,Scand1_B1,Rps2_B1
Scand1_B1<==>Rps2_M4,Scand1_B1,Rps2_M4
Scand1_B1<==>H2-D1_M3,Scand1_B1,H2-D1_M3
Scand1_B1<==>Fth1_B0,Scand1_B1,Fth1_B0
Scand1_B1<==>Rpl39_M3,Scand1_B1,Rpl39_M3
Scand1_B1<==>Xist_B3,Scand1_B1,Xist_B3
Scand1_B3<==>Rpl6_M3,Scand1_B3,Rpl6_M3
Scand1_B3<==>Igha_M0,Scand1_B3,Igha_M0
Scand1_B3<==>Jak2_M3,Scand1_B3,Jak2_M3
Scand1_B3<==>Rbm3_M3,Scand1_B3,Rbm3_M3
Scand1_M0<==>Sh3bgrl3_M0,Scand1_M0,Sh3bgrl3_M0
Scand1_M0<==>Sh3bgrl3_T4,Scand1_M0,Sh3bgrl3_T4
Scand1_M0<==>Rplp0_B1,Scand1_M0,Rplp0_B1
Scand1_M0<==>Rplp0_T2,Scand1_M0,Rplp0_T2
Scand1_M0<==>Rpl6_T5,Scand1_M0,Rpl6_T5
Scand1_M0<==>Selenow_T4,Scand1_M0,Selenow_T4
Scand1_M0<==>Rabac1_B3,Scand1_M0,Rabac1_B3
Scand1_M0<==>Cox6b1_T0,Scand1_M0,Cox6b1_T0
Scand1_M0<==>Bst2_B3,Scand1_M0,Bst2_B3
Scand1_M0<==>Cyba_T4,Scand1_M0,Cyba_T4
Scand1_M0<==>Ppib_M0,Scand1_M0,Ppib_M0
Scand1_M0<==>Rps15_T2,Scand1_M0,Rps15_T2
Scand1_M0<==>Psmb6_M0,Scand1_M0,Psmb6_M0
Scand1_M0<==>Rpl23a_B1,Scand1_M0,Rpl23a_B1
Scand1_M0<==>Actg1_T4,Scand1_M0,Actg1_T4
Scand1_M0<==>Igha_M0,Scand1_M0,Igha_M0
Scand1_M0<==>Igha_M3,Scand1_M0,Igha_M3
Scand1_M0<==>Ighm_B3,Scand1_M0,Ighm_B3
Scand1_M0<==>Ighv14-3_B3,Scand1_M0,Ighv14-3_B3
Scand1_M0<==>Hist1h2ap_T5,Scand1_M0,Hist1h2ap_T5
Scand1_M0<==>Gm10076_M3,Scand1_M0,Gm10076_M3
Scand1_M0<==>Rpl37_M3,Scand1_M0,Rpl37_M3
Scand1_M0<==>Txndc11_B3,Scand1_M0,Txndc11_B3
Scand1_M0<==>Psmb1_T4,Scand1_M0,Psmb1_T4
Scand1_M0<==>Rps2_B3,Scand1_M0,Rps2_B3
Scand1_M0<==>Rps2_T3,Scand1_M0,Rps2_T3
Scand1_M0<==>Rpl39_M3,Scand1_M0,Rpl39_M3
Scand1_M0<==>Xist_B3,Scand1_M0,Xist_B3
Scand1_M1<==>Clta_B1,Scand1_M1,Clta_B1
Scand1_M1<==>Akr1a1_M0,Scand1_M1,Akr1a1_M0
Scand1_M1<==>Rpl6_M3,Scand1_M1,Rpl6_M3
Scand1_M1<==>Ppp1cc_T7,Scand1_M1,Ppp1cc_T7
Scand1_M1<==>Cd4_T0,Scand1_M1,Cd4_T0
Scand1_M1<==>Selenow_T3,Scand1_M1,Selenow_T3
Scand1_M1<==>Fxyd5_M5,Scand1_M1,Fxyd5_M5
Scand1_M1<==>Ndufb9_M0,Scand1_M1,Ndufb9_M0
Scand1_M1<==>Atp5g2_B2,Scand1_M1,Atp5g2_B2
Scand1_M1<==>H2-DMa_B2,Scand1_M1,H2-DMa_B2
Scand1_M1<==>Psmb9_B4,Scand1_M1,Psmb9_B4
Scand1_M1<==>H2-D1_T4,Scand1_M1,H2-D1_T4
Scand1_M1<==>Avpi1_T4,Scand1_M1,Avpi1_T4
Scand1_M1<==>Ndufb8_M3,Scand1_M1,Ndufb8_M3
Scand1_M3<==>Scand1_M4,Scand1_M3,Scand1_M4
Scand1_M3<==>1810037I17Rik_M0,Scand1_M3,1810037I17Rik_M0
Scand1_M3<==>Sec61b_T4,Scand1_M3,Sec61b_T4
Scand1_M3<==>Txn1_M3,Scand1_M3,Txn1_M3
Scand1_M3<==>Rplp0_T5,Scand1_M3,Rplp0_T5
Scand1_M3<==>Chchd2_M3,Scand1_M3,Chchd2_M3
Scand1_M3<==>Fis1_T4,Scand1_M3,Fis1_T4
Scand1_M3<==>Bhlhe40_M3,Scand1_M3,Bhlhe40_M3
Scand1_M3<==>Jund_B5,Scand1_M3,Jund_B5
Scand1_M3<==>Bst2_B3,Scand1_M3,Bst2_B3
Scand1_M3<==>Cyba_T4,Scand1_M3,Cyba_T4
Scand1_M3<==>Eef2_M1,Scand1_M3,Eef2_M1
Scand1_M3<==>Tle5_M3,Scand1_M3,Tle5_M3
Scand1_M3<==>Plek_M3,Scand1_M3,Plek_M3
Scand1_M3<==>Igha_M0,Scand1_M3,Igha_M0
Scand1_M3<==>Tmem14c_M3,Scand1_M3,Tmem14c_M3
Scand1_M3<==>Psme2_M3,Scand1_M3,Psme2_M3
Scand1_M3<==>Gpr183_M3,Scand1_M3,Gpr183_M3
Scand1_M3<==>Psmb8_M3,Scand1_M3,Psmb8_M3
Scand1_M3<==>H2-D1_M3,Scand1_M3,H2-D1_M3
Scand1_M4<==>Samhd1_M1,Scand1_M4,Samhd1_M1
Scand1_M4<==>Micos10_M0,Scand1_M4,Micos10_M0
Scand1_M4<==>Igkc_B3,Scand1_M4,Igkc_B3
Scand1_M4<==>Napsa_B5,Scand1_M4,Napsa_B5
Scand1_M4<==>Bcl2a1b_T4,Scand1_M4,Bcl2a1b_T4
Scand1_M4<==>Mif_M0,Scand1_M4,Mif_M0
Scand1_M4<==>Eef2_M1,Scand1_M4,Eef2_M1
Scand1_M4<==>Card19_M3,Scand1_M4,Card19_M3
Scand1_M4<==>Xist_T4,Scand1_M4,Xist_T4
Scand1_M5<==>Rps3a1_T5,Scand1_M5,Rps3a1_T5
Scand1_M5<==>Dapp1_M4,Scand1_M5,Dapp1_M4
Scand1_M5<==>Kras_B2,Scand1_M5,Kras_B2
Scand1_M5<==>Capns1_M0,Scand1_M5,Capns1_M0
Scand1_M5<==>Atp2b1_M2,Scand1_M5,Atp2b1_M2
Scand1_M5<==>Ubald2_M4,Scand1_M5,Ubald2_M4
Scand1_M5<==>Cox8a_M5,Scand1_M5,Cox8a_M5
Scand1_M5<==>Pgk1_M0,Scand1_M5,Pgk1_M0
Rab5if_M5<==>Hnrnpab_B1,Rab5if_M5,Hnrnpab_B1
Sla2_M7<==>Lrp8_M7,Sla2_M7,Lrp8_M7
Sla2_M7<==>Trbc1_B6_0,Sla2_M7,Trbc1_B6_0
Sla2_M7<==>Axl_M1,Sla2_M7,Axl_M1
Sla2_M7<==>Snx20_M1,Sla2_M7,Snx20_M1
Sla2_M7<==>Ccr9_M7,Sla2_M7,Ccr9_M7
Sla2_M7<==>Syngr2_M3,Sla2_M7,Syngr2_M3
Sla2_M7<==>Itm2b_T4,Sla2_M7,Itm2b_T4
Sla2_M7<==>H2-Q6_T3,Sla2_M7,H2-Q6_T3
Sla2_M7<==>Mbd2_T4,Sla2_M7,Mbd2_T4
Samhd1_B2<==>Bst2_B3,Samhd1_B2,Bst2_B3
Samhd1_B2<==>Shisa5_B2,Samhd1_B2,Shisa5_B2
Samhd1_B2<==>Mif_M0,Samhd1_B2,Mif_M0
Samhd1_B2<==>Igha_T2,Samhd1_B2,Igha_T2
Samhd1_B2<==>Tmem14c_M3,Samhd1_B2,Tmem14c_M3
Samhd1_B2<==>Smchd1_B2,Samhd1_B2,Smchd1_B2
Samhd1_B2<==>Cd74_M3,Samhd1_B2,Cd74_M3
Samhd1_B2<==>Ms4a4b_T5,Samhd1_B2,Ms4a4b_T5
Samhd1_B2<==>mt-Nd1_B3,Samhd1_B2,mt-Nd1_B3
Samhd1_M0<==>Samhd1_M1,Samhd1_M0,Samhd1_M1
Samhd1_M0<==>1810037I17Rik_M0,Samhd1_M0,1810037I17Rik_M0
Samhd1_M0<==>Cd52_M0,Samhd1_M0,Cd52_M0
Samhd1_M0<==>Chchd2_M3,Samhd1_M0,Chchd2_M3
Samhd1_M0<==>Brk1_M0,Samhd1_M0,Brk1_M0
Samhd1_M0<==>Cox6b1_M0,Samhd1_M0,Cox6b1_M0
Samhd1_M0<==>Saa3_M0,Samhd1_M0,Saa3_M0
Samhd1_M0<==>Cyba_T4,Samhd1_M0,Cyba_T4
Samhd1_M0<==>Pkm_M0,Samhd1_M0,Pkm_M0
Samhd1_M0<==>Pfn1_M0,Samhd1_M0,Pfn1_M0
Samhd1_M0<==>Jpt1_M3,Samhd1_M0,Jpt1_M3
Samhd1_M0<==>Psme2_M0,Samhd1_M0,Psme2_M0
Samhd1_M0<==>Psme2_M3,Samhd1_M0,Psme2_M3
Samhd1_M0<==>Sod2_M5,Samhd1_M0,Sod2_M5
Samhd1_M0<==>H2-DMb2_B1,Samhd1_M0,H2-DMb2_B1
Samhd1_M0<==>Psmb9_M0,Samhd1_M0,Psmb9_M0
Samhd1_M0<==>Psmb8_M3,Samhd1_M0,Psmb8_M3
Samhd1_M0<==>Iigp1_M0,Samhd1_M0,Iigp1_M0
Samhd1_M0<==>Sec11c_T7,Samhd1_M0,Sec11c_T7
Samhd1_M0<==>Ostf1_M0,Samhd1_M0,Ostf1_M0
Samhd1_M1<==>Ctsz_M5,Samhd1_M1,Ctsz_M5
Samhd1_M1<==>Sec61b_B1,Samhd1_M1,Sec61b_B1
Samhd1_M1<==>Pomp_M3,Samhd1_M1,Pomp_M3
Samhd1_M1<==>Igkc_B3,Samhd1_M1,Igkc_B3
Samhd1_M1<==>Bst2_B3,Samhd1_M1,Bst2_B3
Samhd1_M1<==>Cyba_T4,Samhd1_M1,Cyba_T4
Samhd1_M1<==>Pkm_M3,Samhd1_M1,Pkm_M3
Samhd1_M1<==>Actg1_T4,Samhd1_M1,Actg1_T4
Samhd1_M1<==>Ighv1-53_B1,Samhd1_M1,Ighv1-53_B1
Samhd1_M1<==>Psme2_M0,Samhd1_M1,Psme2_M0
Samhd1_M1<==>Clic1_T4,Samhd1_M1,Clic1_T4
Samhd1_M1<==>Rpl10_B5,Samhd1_M1,Rpl10_B5
Samhd1_M3<==>Vamp8_M5,Samhd1_M3,Vamp8_M5
Samhd1_M3<==>Selenow_T4,Samhd1_M3,Selenow_T4
Samhd1_M3<==>H2-Aa_B1,Samhd1_M3,H2-Aa_B1
Samhd1_M3<==>Fth1_M5,Samhd1_M3,Fth1_M5
Samhd1_M4<==>Tspo_M4,Samhd1_M4,Tspo_M4
Samhd1_M4<==>Cldnd1_M5,Samhd1_M4,Cldnd1_M5
Samhd1_M4<==>Msrb1_M5,Samhd1_M4,Msrb1_M5
Samhd1_M5<==>Mif_T5,Samhd1_M5,Mif_T5
Samhd1_M5<==>Itgb2_M5,Samhd1_M5,Itgb2_M5
Samhd1_M5<==>Ppp1r12a_T0,Samhd1_M5,Ppp1r12a_T0
Samhd1_M5<==>Plek_M4,Samhd1_M5,Plek_M4
Samhd1_M5<==>Crip1_M1,Samhd1_M5,Crip1_M1
Samhd1_M5<==>Clptm1l_B3,Samhd1_M5,Clptm1l_B3
Samhd1_M5<==>Ly6a_M0,Samhd1_M5,Ly6a_M0
Samhd1_M5<==>Tuba1b_M5,Samhd1_M5,Tuba1b_M5
Samhd1_M5<==>Gm8369_T0,Samhd1_M5,Gm8369_T0
Rpn2_M1<==>Mxd1_M0,Rpn2_M1,Mxd1_M0
Rpn2_M1<==>Gna13_T1,Rpn2_M1,Gna13_T1
Tgm2_M0<==>Top1_M3,Tgm2_M0,Top1_M3
Tgm2_M0<==>Eif4e_M0,Tgm2_M0,Eif4e_M0
Tgm2_M0<==>Lyn_B1,Tgm2_M0,Lyn_B1
Tgm2_M0<==>Lyn_M4,Tgm2_M0,Lyn_M4
Tgm2_M0<==>Rps20_M1,Tgm2_M0,Rps20_M1
Tgm2_M0<==>Hnrnpf_M0,Tgm2_M0,Hnrnpf_M0
Tgm2_M0<==>Atp6v1e1_M0,Tgm2_M0,Atp6v1e1_M0
Tgm2_M0<==>Atp6v0d1_M3,Tgm2_M0,Atp6v0d1_M3
Tgm2_M0<==>Pclaf_T5,Tgm2_M0,Pclaf_T5
Tgm2_M0<==>Manf_M0,Tgm2_M0,Manf_M0
Tgm2_M0<==>Ifngr1_T3,Tgm2_M0,Ifngr1_T3
Tgm2_M0<==>Cltc_M1,Tgm2_M0,Cltc_M1
Tgm2_M0<==>Rpl3_B1,Tgm2_M0,Rpl3_B1
Tgm2_M2<==>Capns1_M0,Tgm2_M2,Capns1_M0
Tgm2_M2<==>Arf1_M0,Tgm2_M2,Arf1_M0
Tgm2_M2<==>Trim25_M4,Tgm2_M2,Trim25_M4
Tgm2_M2<==>Rpl30_T3,Tgm2_M2,Rpl30_T3
Tgm2_M2<==>Pten_M0,Tgm2_M2,Pten_M0
Tgm2_M3<==>Atp6v0e_T1,Tgm2_M3,Atp6v0e_T1
Tgm2_M5<==>Tpd52_M5,Tgm2_M5,Tpd52_M5
Tgm2_M5<==>Chchd2_T3,Tgm2_M5,Chchd2_T3
Tgm2_M5<==>Hif1a_M5,Tgm2_M5,Hif1a_M5
Tgm2_M5<==>Rps24_B5,Tgm2_M5,Rps24_B5
Tgm2_M5<==>Tuba1b_M5,Tgm2_M5,Tuba1b_M5
Ppp1r16b_B4<==>mt-Co1_M4,Ppp1r16b_B4,mt-Co1_M4
Ppp1r16b_B4<==>Ighv1-25_B3,Ppp1r16b_B4,Ighv1-25_B3
Mafb_M0<==>Fermt3_M5,Mafb_M0,Fermt3_M5
Mafb_M5<==>Ctss_B5,Mafb_M5,Ctss_B5
Mafb_M5<==>Cstb_M5,Mafb_M5,Cstb_M5
Mafb_M5<==>Cd68_M5,Mafb_M5,Cd68_M5
Top1_M3<==>Ywhab_M0,Top1_M3,Ywhab_M0
Top1_M3<==>Ugdh_O7,Top1_M3,Ugdh_O7
Top1_M3<==>Hnrnpf_M0,Top1_M3,Hnrnpf_M0
Top1_M3<==>Ccr7_T6,Top1_M3,Ccr7_T6
Top1_M3<==>Odc1_B1,Top1_M3,Odc1_B1
Top1_M3<==>Mcur1_M4,Top1_M3,Mcur1_M4
Top1_M3<==>Arf4_T2,Top1_M3,Arf4_T2
Top1_M3<==>Vasn_O7,Top1_M3,Vasn_O7
Top1_M3<==>Cox17_M3,Top1_M3,Cox17_M3
Top1_M4<==>Gnas_M3,Top1_M4,Gnas_M3
Top1_T4<==>Hmgb1_M0,Top1_T4,Hmgb1_M0
Top1_T4<==>Fxyd5_M5,Top1_T4,Fxyd5_M5
Top1_T4<==>Rhog_T5,Top1_T4,Rhog_T5
Top1_T4<==>Atp5l_O10,Top1_T4,Atp5l_O10
Top1_T4<==>Gnai2_T4,Top1_T4,Gnai2_T4
Top1_T4<==>Ckb_M4,Top1_T4,Ckb_M4
Top1_T4<==>Arf4_M4,Top1_T4,Arf4_M4
Top1_T4<==>Sub1_B4,Top1_T4,Sub1_B4
Serinc3_M3<==>Ndufb5_M1,Serinc3_M3,Ndufb5_M1
Serinc3_M3<==>Eif3f_M1,Serinc3_M3,Eif3f_M1
Serinc3_M3<==>Cyba_M1,Serinc3_M3,Cyba_M1
Serinc3_M3<==>Eef1d_M1,Serinc3_M3,Eef1d_M1
Ywhab_M0<==>Ndufc1_M0,Ywhab_M0,Ndufc1_M0
Ywhab_M0<==>Capzb_M0,Ywhab_M0,Capzb_M0
Ywhab_M0<==>Cox6a1_M0,Ywhab_M0,Cox6a1_M0
Ywhab_M0<==>Rab7_M0,Ywhab_M0,Rab7_M0
Ywhab_M0<==>Rps11_M7,Ywhab_M0,Rps11_M7
Ywhab_M0<==>Hmgb2_T3,Ywhab_M0,Hmgb2_T3
Ywhab_M0<==>Atp6v0d1_M3,Ywhab_M0,Atp6v0d1_M3
Ywhab_M0<==>Plekho2_M1,Ywhab_M0,Plekho2_M1
Ywhab_M0<==>Cox7a2_M0,Ywhab_M0,Cox7a2_M0
Ywhab_M0<==>Manf_M0,Ywhab_M0,Manf_M0
Ywhab_M0<==>Tma7_T4,Ywhab_M0,Tma7_T4
Ywhab_M0<==>Arf1_M0,Ywhab_M0,Arf1_M0
Ywhab_M0<==>Ccl7_O7,Ywhab_M0,Ccl7_O7
Ywhab_M0<==>Rps23_M1,Ywhab_M0,Rps23_M1
Ywhab_M0<==>Cox17_M0,Ywhab_M0,Cox17_M0
Ywhab_M0<==>Lst1_M0,Ywhab_M0,Lst1_M0
Ywhab_M0<==>Myl12a_M0,Ywhab_M0,Myl12a_M0
Stk4_T4<==>Actb_T0,Stk4_T4,Actb_T0
Stk4_T4<==>Snf8_T5,Stk4_T4,Snf8_T5
Stk4_T4<==>Lcp1_T3,Stk4_T4,Lcp1_T3
Stk4_T4<==>Slc38a1_M5,Stk4_T4,Slc38a1_M5
Slpi_B3<==>Ybx1_B5,Slpi_B3,Ybx1_B5
Slpi_M0<==>Jchain_B3,Slpi_M0,Jchain_B3
Slpi_M0<==>Chchd2_M0,Slpi_M0,Chchd2_M0
Slpi_M0<==>Vasp_M0,Slpi_M0,Vasp_M0
Slpi_M0<==>Map1lc3b_M0,Slpi_M0,Map1lc3b_M0
Slpi_M0<==>Ighv14-2_B3,Slpi_M0,Ighv14-2_B3
Slpi_M0<==>Rbx1_M0,Slpi_M0,Rbx1_M0
Sdc4_B3<==>Gdi2_T5,Sdc4_B3,Gdi2_T5
Sdc4_M1<==>Clic4_M1,Sdc4_M1,Clic4_M1
Sdc4_M1<==>Hilpda_M3,Sdc4_M1,Hilpda_M3
Sdc4_M1<==>Rplp1_B1,Sdc4_M1,Rplp1_B1
Sdc4_M1<==>Jak2_M4,Sdc4_M1,Jak2_M4
Sdc4_M1<==>Rpl10_M1,Sdc4_M1,Rpl10_M1
Sdc4_M5<==>Rps20_T1,Sdc4_M5,Rps20_T1
Ube2c_T5<==>Cdca8_T5,Ube2c_T5,Cdca8_T5
Ube2c_T5<==>Selplg_T3,Ube2c_T5,Selplg_T3
Ube2c_T5<==>Tax1bp1_M3,Ube2c_T5,Tax1bp1_M3
Ube2c_T5<==>Ist1_M3,Ube2c_T5,Ist1_M3
Ube2c_T5<==>Ly6a_B3,Ube2c_T5,Ly6a_B3
Ctsa_M0<==>Clta_M3,Ctsa_M0,Clta_M3
Ctsa_M0<==>Cd52_T5,Ctsa_M0,Cd52_T5
Ctsa_M0<==>Micos10_M0,Ctsa_M0,Micos10_M0
Ctsa_M0<==>Hmgb1_M0,Ctsa_M0,Hmgb1_M0
Ctsa_M0<==>Ptpn6_B4,Ctsa_M0,Ptpn6_B4
Ctsa_M0<==>Clec12a_M0,Ctsa_M0,Clec12a_M0
Ctsa_M0<==>Ifitm3_M3,Ctsa_M0,Ifitm3_M3
Ctsa_M0<==>Ets1_B2,Ctsa_M0,Ets1_B2
Ctsa_M0<==>Plekho2_M0,Ctsa_M0,Plekho2_M0
Ctsa_M0<==>Grn_M0,Ctsa_M0,Grn_M0
Ctsa_M0<==>Gna13_B4,Ctsa_M0,Gna13_B4
Ctsa_M0<==>Pld4_M0,Ctsa_M0,Pld4_M0
Ctsa_M0<==>Ndufa6_B1,Ctsa_M0,Ndufa6_B1
Ctsa_M0<==>H2-T23_M0,Ctsa_M0,H2-T23_M0
Ctsa_M1<==>Rps11_M3,Ctsa_M1,Rps11_M3
Ctsa_M1<==>Rpl27_M3,Ctsa_M1,Rpl27_M3
Ctsa_M1<==>Mast4_B3,Ctsa_M1,Mast4_B3
Ctsa_M1<==>Rps24_M0,Ctsa_M1,Rps24_M0
Ctsa_M1<==>Rps24_M3,Ctsa_M1,Rps24_M3
Ctsa_M3<==>Rpl4_T2,Ctsa_M3,Rpl4_T2
B4galt5_M1<==>Efhd2_M1,B4galt5_M1,Efhd2_M1
B4galt5_M1<==>Hnrnpa2b1_B1,B4galt5_M1,Hnrnpa2b1_B1
B4galt5_M1<==>BC035044_M4,B4galt5_M1,BC035044_M4
B4galt5_M1<==>Rab8b_M4,B4galt5_M1,Rab8b_M4
B4galt5_M1<==>Rps27l_B1,B4galt5_M1,Rps27l_B1
B4galt5_M1<==>Marcks_M4,B4galt5_M1,Marcks_M4
B4galt5_M1<==>Crip1_B2,B4galt5_M1,Crip1_B2
B4galt5_M1<==>Jak2_M1,B4galt5_M1,Jak2_M1
B4galt5_M1<==>Cox7b_T4,B4galt5_M1,Cox7b_T4
B4galt5_M3<==>Arhgdib_B4,B4galt5_M3,Arhgdib_B4
B4galt5_M3<==>Rps27l_M4,B4galt5_M3,Rps27l_M4
B4galt5_M3<==>Prkar1a_T4,B4galt5_M3,Prkar1a_T4
B4galt5_M3<==>Calm1_B2,B4galt5_M3,Calm1_B2
Tmem189_M3<==>Efhd2_M3,Tmem189_M3,Efhd2_M3
Tmem189_M3<==>Rbpj_M1,Tmem189_M3,Rbpj_M1
Tmem189_M3<==>Arpc3_B1,Tmem189_M3,Arpc3_B1
Tmem189_M3<==>Rpl4_T2,Tmem189_M3,Rpl4_T2
Tmem189_M3<==>Cd83_M1,Tmem189_M3,Cd83_M1
Tmem189_M3<==>Abi3bp_T4,Tmem189_M3,Abi3bp_T4
Tmem189_M3<==>Prdx5_M1,Tmem189_M3,Prdx5_M1
Cebpb_B3<==>Rpl6_M3,Cebpb_B3,Rpl6_M3
Cebpb_B3<==>Gnai2_B1,Cebpb_B3,Gnai2_B1
Cebpb_B3<==>Cmtm7_M4,Cebpb_B3,Cmtm7_M4
Cebpb_B3<==>Gcnt2_M7,Cebpb_B3,Gcnt2_M7
Cebpb_B3<==>Csf2rb2_M1,Cebpb_B3,Csf2rb2_M1
Cebpb_B3<==>Pcbp2_T2,Cebpb_B3,Pcbp2_T2
Cebpb_B3<==>Atp5j_M3,Cebpb_B3,Atp5j_M3
Cebpb_B3<==>H2-K1_B2,Cebpb_B3,H2-K1_B2
Cebpb_B3<==>Srsf7_O10,Cebpb_B3,Srsf7_O10
Cebpb_M1<==>Park7_M1,Cebpb_M1,Park7_M1
Cebpb_M1<==>Atp6v1f_M1,Cebpb_M1,Atp6v1f_M1
Cebpb_M1<==>Snrpg_B5,Cebpb_M1,Snrpg_B5
Cebpb_M1<==>Junb_M1,Cebpb_M1,Junb_M1
Cebpb_M1<==>Tmem14c_M1,Cebpb_M1,Tmem14c_M1
Cebpb_M1<==>Ctsl_M0,Cebpb_M1,Ctsl_M0
Cebpb_M1<==>Msrb1_M1,Cebpb_M1,Msrb1_M1
Cebpb_M1<==>Ier3_M1,Cebpb_M1,Ier3_M1
Cebpb_M1<==>Myl12b_M3,Cebpb_M1,Myl12b_M3
Cebpb_M1<==>Ahnak_M1,Cebpb_M1,Ahnak_M1
Cebpb_M3<==>Rac2_T3,Cebpb_M3,Rac2_T3
Cebpb_M3<==>Prr13_M3,Cebpb_M3,Prr13_M3
Cebpb_M3<==>Grk2_T5,Cebpb_M3,Grk2_T5
Cebpb_M5<==>Cd52_B0,Cebpb_M5,Cd52_B0
Cebpb_M5<==>Ifngr1_T7,Cebpb_M5,Ifngr1_T7
Cebpb_M5<==>Sub1_T1,Cebpb_M5,Sub1_T1
Ptpn1_B1<==>Cdc42_B0,Ptpn1_B1,Cdc42_B0
Ptpn1_M0<==>F10_M0,Ptpn1_M0,F10_M0
Ptpn1_M0<==>Vdac2_T5,Ptpn1_M0,Vdac2_T5
Ptpn1_M1<==>Chd4_M1,Ptpn1_M1,Chd4_M1
Ptpn1_M1<==>Gmfg_M3,Ptpn1_M1,Gmfg_M3
Ptpn1_M1<==>Rpl4_T2,Ptpn1_M1,Rpl4_T2
Ptpn1_M1<==>Ighv1-50_B3,Ptpn1_M1,Ighv1-50_B3
Ptpn1_M1<==>Msrb1_M1,Ptpn1_M1,Msrb1_M1
Ptpn1_M3<==>Lat_T4,Ptpn1_M3,Lat_T4
Ptpn1_M3<==>Txnrd1_M3,Ptpn1_M3,Txnrd1_M3
Ptpn1_M3<==>Kdm6b_M3,Ptpn1_M3,Kdm6b_M3
Ptpn1_M5<==>Kif1b_T6,Ptpn1_M5,Kif1b_T6
Ptpn1_M5<==>Rplp1_B5,Ptpn1_M5,Rplp1_B5
Ptpn1_M5<==>Rpl38_M3,Ptpn1_M5,Rpl38_M3
Pmepa1_M4<==>mt-Nd4l_M3,Pmepa1_M4,mt-Nd4l_M3
Pmepa1_M5<==>Cd53_B3,Pmepa1_M5,Cd53_B3
Pmepa1_M5<==>Eif4e_M1,Pmepa1_M5,Eif4e_M1
Pmepa1_M5<==>Lyn_B1,Pmepa1_M5,Lyn_B1
Pmepa1_M5<==>Runx3_M4,Pmepa1_M5,Runx3_M4
Pmepa1_M5<==>Rpl6_T4,Pmepa1_M5,Rpl6_T4
Pmepa1_M5<==>Actb_M3,Pmepa1_M5,Actb_M3
Pmepa1_M5<==>Spty2d1_B3,Pmepa1_M5,Spty2d1_B3
Pmepa1_M5<==>Taldo1_M3,Pmepa1_M5,Taldo1_M3
Pmepa1_M5<==>Sept7_T1,Pmepa1_M5,Sept7_T1
Pmepa1_M5<==>Slc25a3_T1,Pmepa1_M5,Slc25a3_T1
Pmepa1_M5<==>Snrpf_T1,Pmepa1_M5,Snrpf_T1
Pmepa1_M5<==>Prkar1a_T2,Pmepa1_M5,Prkar1a_T2
Pmepa1_M5<==>Ndufb1-ps_T2,Pmepa1_M5,Ndufb1-ps_T2
Pmepa1_M5<==>Ywhaz_B3,Pmepa1_M5,Ywhaz_B3
Pmepa1_M5<==>Ywhaz_M3,Pmepa1_M5,Ywhaz_M3
Pmepa1_M5<==>Ywhaz_T3,Pmepa1_M5,Ywhaz_T3
Pmepa1_M5<==>Ly6e_M5,Pmepa1_M5,Ly6e_M5
Pmepa1_M5<==>Dgat1_T5,Pmepa1_M5,Dgat1_T5
Pmepa1_M5<==>Myl12a_T2,Pmepa1_M5,Myl12a_T2
Pmepa1_M5<==>Calm2_T3,Pmepa1_M5,Calm2_T3
Pmepa1_M5<==>mt-Atp6_B0,Pmepa1_M5,mt-Atp6_B0
Gnas_B1<==>Sh3bgrl3_B1,Gnas_B1,Sh3bgrl3_B1
Gnas_B1<==>Arpc1b_B1,Gnas_B1,Arpc1b_B1
Gnas_B1<==>Polr1d_T4,Gnas_B1,Polr1d_T4
Gnas_B1<==>Smarca5_B1,Gnas_B1,Smarca5_B1
Gnas_B1<==>Man1a_B3,Gnas_B1,Man1a_B3
Gnas_B1<==>Satb1_B0,Gnas_B1,Satb1_B0
Gnas_B3<==>Arpc1b_B3,Gnas_B3,Arpc1b_B3
Gnas_B3<==>Nme2_B3,Gnas_B3,Nme2_B3
Gnas_B3<==>Smdt1_B3,Gnas_B3,Smdt1_B3
Gnas_B5<==>Scp2_M3,Gnas_B5,Scp2_M3
Gnas_B5<==>Igkc_M0,Gnas_B5,Igkc_M0
Gnas_B5<==>H2afj_B1,Gnas_B5,H2afj_B1
Gnas_B5<==>Lars2_B7,Gnas_B5,Lars2_B7
Gnas_B5<==>Selenok_T2,Gnas_B5,Selenok_T2
Gnas_B5<==>Iglv1_B4,Gnas_B5,Iglv1_B4
Gnas_B5<==>Satb1_T5,Gnas_B5,Satb1_T5
Gnas_B5<==>Zeb1_T6,Gnas_B5,Zeb1_T6
Gnas_B5<==>Cox8a_T2,Gnas_B5,Cox8a_T2
Gnas_M3<==>Sema3c_O7,Gnas_M3,Sema3c_O7
Gnas_M3<==>Ighv5-9_B3,Gnas_M3,Ighv5-9_B3
Gnas_M3<==>mt-Co2_B0,Gnas_M3,mt-Co2_B0
Gnas_M5<==>Lyn_M7,Gnas_M5,Lyn_M7
Gnas_M5<==>Ubfd1_M4,Gnas_M5,Ubfd1_M4
Gnas_M5<==>Rpl4_T4,Gnas_M5,Rpl4_T4
Gnas_M5<==>Plekho2_M0,Gnas_M5,Plekho2_M0
Gnas_M5<==>Plek_B1,Gnas_M5,Plek_B1
Gnas_M5<==>Rpl23a_T4,Gnas_M5,Rpl23a_T4
Gnas_M5<==>Fyb_M1,Gnas_M5,Fyb_M1
Gnas_M5<==>Trat1_T0,Gnas_M5,Trat1_T0
Gnas_M5<==>Lst1_M1,Gnas_M5,Lst1_M1
Gnas_T2<==>Rapgef2_M3,Gnas_T2,Rapgef2_M3
Gnas_T2<==>S100a11_B1,Gnas_T2,S100a11_B1
Gnas_T2<==>Lyn_M7,Gnas_T2,Lyn_M7
Gnas_T2<==>Arap2_T3,Gnas_T2,Arap2_T3
Gnas_T2<==>Actb_T2,Gnas_T2,Actb_T2
Gnas_T2<==>Igha_B5,Gnas_T2,Igha_B5
Gnas_T2<==>Basp1_M5,Gnas_T2,Basp1_M5
Gnas_T2<==>Slc38a2_B3,Gnas_T2,Slc38a2_B3
Gnas_T2<==>Cebpz_B1,Gnas_T2,Cebpz_B1
Gnas_T2<==>Ostf1_B1,Gnas_T2,Ostf1_B1
Gnas_T4<==>Plekho2_M1,Gnas_T4,Plekho2_M1
Gnas_T4<==>Uqcrq_M0,Gnas_T4,Uqcrq_M0
Gnas_T4<==>Map2k3_M1,Gnas_T4,Map2k3_M1
Gnas_T4<==>Tmem256_M0,Gnas_T4,Tmem256_M0
Gnas_T4<==>Cd300c2_M0,Gnas_T4,Cd300c2_M0
Gnas_T4<==>Fam49b_B4,Gnas_T4,Fam49b_B4
Gnas_T4<==>Ndufa1_M0,Gnas_T4,Ndufa1_M0
Gnas_T5<==>Rps27_T2,Gnas_T5,Rps27_T2
Gnas_T5<==>Actb_B1,Gnas_T5,Actb_B1
Gnas_T5<==>Hmgb1_T1,Gnas_T5,Hmgb1_T1
Gnas_T5<==>Rps13_B1,Gnas_T5,Rps13_B1
Gnas_T5<==>Rab8b_T4,Gnas_T5,Rab8b_T4
Gnas_T5<==>Rps29_T2,Gnas_T5,Rps29_T2
Gnas_T5<==>Lgmn_M1,Gnas_T5,Lgmn_M1
Gnas_T5<==>Atp5mpl_T3,Gnas_T5,Atp5mpl_T3
Gnas_T5<==>Ywhaz_T2,Gnas_T5,Ywhaz_T2
Gnas_T5<==>Poldip3_M3,Gnas_T5,Poldip3_M3
Ctsz_B1<==>Rps8_M3,Ctsz_B1,Rps8_M3
Ctsz_B1<==>Sh3bgrl3_B4,Ctsz_B1,Sh3bgrl3_B4
Ctsz_B1<==>Polr1d_T4,Ctsz_B1,Polr1d_T4
Ctsz_B1<==>Map1lc3b_M0,Ctsz_B1,Map1lc3b_M0
Ctsz_B1<==>Bcl2a1d_T4,Ctsz_B1,Bcl2a1d_T4
Ctsz_B1<==>Man1a_B3,Ctsz_B1,Man1a_B3
Ctsz_B1<==>Rps15_T1,Ctsz_B1,Rps15_T1
Ctsz_B1<==>Rack1_M3,Ctsz_B1,Rack1_M3
Ctsz_B1<==>Rpl23_M3,Ctsz_B1,Rpl23_M3
Ctsz_B1<==>Sumo2_T4,Ctsz_B1,Sumo2_T4
Ctsz_B1<==>Igha_B1,Ctsz_B1,Igha_B1
Ctsz_B1<==>Igha_B5,Ctsz_B1,Igha_B5
Ctsz_B1<==>Ighv3-2_B3,Ctsz_B1,Ighv3-2_B3
Ctsz_B1<==>Mtdh_B1,Ctsz_B1,Mtdh_B1
Ctsz_B1<==>H2-Ob_B1,Ctsz_B1,H2-Ob_B1
Ctsz_B1<==>Satb1_B0,Ctsz_B1,Satb1_B0
Ctsz_B1<==>C3_M0,Ctsz_B1,C3_M0
Ctsz_B1<==>Cybb_B1,Ctsz_B1,Cybb_B1
Ctsz_B1<==>Ssr4_B1,Ctsz_B1,Ssr4_B1
Ctsz_B1<==>Rps4x_M3,Ctsz_B1,Rps4x_M3
Ctsz_B1<==>Xist_B0,Ctsz_B1,Xist_B0
Ctsz_M1<==>Eif3c_M1,Ctsz_M1,Eif3c_M1
Ctsz_M1<==>Srgn_B5,Ctsz_M1,Srgn_B5
Ctsz_M1<==>Tspan13_M1,Ctsz_M1,Tspan13_M1
Ctsz_M1<==>Ighv5-6_B7,Ctsz_M1,Ighv5-6_B7
Ctsz_M3<==>Sh3bgrl3_B1,Ctsz_M3,Sh3bgrl3_B1
Ctsz_M3<==>Pomp_M3,Ctsz_M3,Pomp_M3
Ctsz_M3<==>Capg_T4,Ctsz_M3,Capg_T4
Ctsz_M3<==>Atp5g1_M3,Ctsz_M3,Atp5g1_M3
Ctsz_M3<==>Psma3_M0,Ctsz_M3,Psma3_M0
Ctsz_M3<==>Ighv4-1_B3,Ctsz_M3,Ighv4-1_B3
Ctsz_M3<==>Ighv8-12_B2,Ctsz_M3,Ighv8-12_B2
Ctsz_M3<==>Hist1h2bc_B3,Ctsz_M3,Hist1h2bc_B3
Ctsz_M4<==>H2afj_M1,Ctsz_M4,H2afj_M1
Ctsz_M5<==>Clta_B1,Ctsz_M5,Clta_B1
Ctsz_M5<==>Ybx1_B1,Ctsz_M5,Ybx1_B1
Ctsz_M5<==>Map7d1_M1,Ctsz_M5,Map7d1_M1
Ctsz_M5<==>Bri3_M3,Ctsz_M5,Bri3_M3
Ctsz_M5<==>Ppp4r2_M3,Ctsz_M5,Ppp4r2_M3
Ctsz_M5<==>Napsa_B5,Ctsz_M5,Napsa_B5
Ctsz_M5<==>Coro1a_B1,Ctsz_M5,Coro1a_B1
Ctsz_M5<==>Cox7a2_M5,Ctsz_M5,Cox7a2_M5
Ctsz_M5<==>Higd1a_T5,Ctsz_M5,Higd1a_T5
Ctsz_M5<==>Grb2_M5,Ctsz_M5,Grb2_M5
Ctsz_M5<==>H3f3b_M0,Ctsz_M5,H3f3b_M0
Ctsz_M5<==>Serpinb6b_M3,Ctsz_M5,Serpinb6b_M3
Ctsz_M5<==>Csf2rb_M5,Ctsz_M5,Csf2rb_M5
Ctsz_M5<==>H2-DMb2_B1,Ctsz_M5,H2-DMb2_B1
Ctsz_M5<==>H2-Ob_B1,Ctsz_M5,H2-Ob_B1
Ctsz_M5<==>H2-Q6_T3,Ctsz_M5,H2-Q6_T3
Ctsz_M5<==>Ostf1_B1,Ctsz_M5,Ostf1_B1
Ctsz_M5<==>Cybb_B1,Ctsz_M5,Cybb_B1
Atp5e_B1<==>Cd52_B1,Atp5e_B1,Cd52_B1
Atp5e_B1<==>Rpl11_T2,Atp5e_B1,Rpl11_T2
Atp5e_B1<==>Sri_T3,Atp5e_B1,Sri_T3
Atp5e_B1<==>Tomm7_M3,Atp5e_B1,Tomm7_M3
Atp5e_B1<==>Ost4_B1,Atp5e_B1,Ost4_B1
Atp5e_B1<==>Rab7_M0,Atp5e_B1,Rab7_M0
Atp5e_B1<==>Atp6v1e1_M3,Atp5e_B1,Atp6v1e1_M3
Atp5e_B1<==>Rps19_M3,Atp5e_B1,Rps19_M3
Atp5e_B1<==>Tgfb1_T5,Atp5e_B1,Tgfb1_T5
Atp5e_B1<==>Rpl18_M3,Atp5e_B1,Rpl18_M3
Atp5e_B1<==>Furin_M5,Atp5e_B1,Furin_M5
Atp5e_B1<==>Rpl13_M3,Atp5e_B1,Rpl13_M3
Atp5e_B1<==>Ubl5_T5,Atp5e_B1,Ubl5_T5
Atp5e_B1<==>Tma7_M3,Atp5e_B1,Tma7_M3
Atp5e_B1<==>Vpreb3_B3,Atp5e_B1,Vpreb3_B3
Atp5e_B1<==>Atp5d_B1,Atp5e_B1,Atp5d_B1
Atp5e_B1<==>Pfn1_M5,Atp5e_B1,Pfn1_M5
Atp5e_B1<==>Pafah1b1_M5,Atp5e_B1,Pafah1b1_M5
Atp5e_B1<==>Slfn2_M5,Atp5e_B1,Slfn2_M5
Atp5e_B1<==>Atp5h_B2,Atp5e_B1,Atp5h_B2
Atp5e_B1<==>Srsf2_B5,Atp5e_B1,Srsf2_B5
Atp5e_B1<==>Dad1_B5,Atp5e_B1,Dad1_B5
Atp5e_B1<==>Mrpl52_B1,Atp5e_B1,Mrpl52_B1
Atp5e_B1<==>Vasn_O7,Atp5e_B1,Vasn_O7
Atp5e_B1<==>Cox17_T4,Atp5e_B1,Cox17_T4
Atp5e_B1<==>Rps18_M3,Atp5e_B1,Rps18_M3
Atp5e_B1<==>H2-D1_B2,Atp5e_B1,H2-D1_B2
Atp5e_B1<==>Myl12b_T5,Atp5e_B1,Myl12b_T5
Atp5e_B1<==>Eif1a_M3,Atp5e_B1,Eif1a_M3
Atp5e_B1<==>Got1_T2,Atp5e_B1,Got1_T2
Atp5e_B1<==>Tmsb4x_T7,Atp5e_B1,Tmsb4x_T7
Atp5e_B1<==>mt-Nd3_M5,Atp5e_B1,mt-Nd3_M5
Atp5e_M3<==>Rps6_T2,Atp5e_M3,Rps6_T2
Atp5e_M3<==>Tomm7_M3,Atp5e_M3,Tomm7_M3
Atp5e_M3<==>Atp5k_M3,Atp5e_M3,Atp5k_M3
Atp5e_M3<==>Snrpd2_T3,Atp5e_M3,Snrpd2_T3
Atp5e_M3<==>Pafah1b1_B1,Atp5e_M3,Pafah1b1_B1
Atp5e_M3<==>Ndufb1-ps_T3,Atp5e_M3,Ndufb1-ps_T3
Atp5e_M3<==>Cox7c_M3,Atp5e_M3,Cox7c_M3
Atp5e_M5<==>Ubl5_M0,Atp5e_M5,Ubl5_M0
Atp5e_M5<==>Rps25_M3,Atp5e_M5,Rps25_M3
Atp5e_M5<==>Ddx5_T4,Atp5e_M5,Ddx5_T4
Atp5e_M5<==>Rbx1_M4,Atp5e_M5,Rbx1_M4
Atp5e_M5<==>Zeb1_T6,Atp5e_M5,Zeb1_T6
Atp5e_T4<==>Capzb_M0,Atp5e_T4,Capzb_M0
Atp5e_T4<==>Rps27l_B5,Atp5e_T4,Rps27l_B5
Atp5e_T4<==>Gpx1_M0,Atp5e_T4,Gpx1_M0
Atp5e_T4<==>Snf8_M4,Atp5e_T4,Snf8_M4
Atp5e_T4<==>Grn_M3,Atp5e_T4,Grn_M3
Atp5e_T4<==>Socs3_M1,Atp5e_T4,Socs3_M1
Atp5e_T4<==>Psme1_M0,Atp5e_T4,Psme1_M0
Atp5e_T4<==>Hcls1_M0,Atp5e_T4,Hcls1_M0
Atp5e_T4<==>Ndfip1_B1,Atp5e_T4,Ndfip1_B1
Atp5e_T4<==>Txnl1_M3,Atp5e_T4,Txnl1_M3
Atp5e_T4<==>Atrx_M1,Atp5e_T4,Atrx_M1
Atp5e_T7<==>1810037I17Rik_T5,Atp5e_T7,1810037I17Rik_T5
Atp5e_T7<==>Itgb1_M5,Atp5e_T7,Itgb1_M5
Atp5e_T7<==>Ighv2-9-1_B3,Atp5e_T7,Ighv2-9-1_B3
Atp5e_T7<==>Ighv1-78_B3,Atp5e_T7,Ighv1-78_B3
Atp5e_T7<==>Vapa_M3,Atp5e_T7,Vapa_M3
Psma7_M0<==>Fis1_M0,Psma7_M0,Fis1_M0
Psma7_M0<==>Edem1_B3,Psma7_M0,Edem1_B3
Psma7_M0<==>Gapdh_M0,Psma7_M0,Gapdh_M0
Psma7_M0<==>Igha_M0,Psma7_M0,Igha_M0
Psma7_M0<==>Psma2_M0,Psma7_M0,Psma2_M0
Psma7_M0<==>Psme2_M3,Psma7_M0,Psme2_M3
Psma7_M3<==>1810037I17Rik_M0,Psma7_M3,1810037I17Rik_M0
Psma7_M3<==>Taldo1_M0,Psma7_M3,Taldo1_M0
Psma7_M3<==>Ndufa13_T2,Psma7_M3,Ndufa13_T2
Psma7_M3<==>Cyba_M5,Psma7_M3,Cyba_M5
Psma7_M3<==>Cox5a_T5,Psma7_M3,Cox5a_T5
Psma7_M3<==>Abracl_M3,Psma7_M3,Abracl_M3
Psma7_M3<==>Psme2_M3,Psma7_M3,Psme2_M3
Psma7_M3<==>Myh9_T1,Psma7_M3,Myh9_T1
Psma7_M3<==>Psmb1_M3,Psma7_M3,Psmb1_M3
Psma7_M4<==>Ighv5-6_B1,Psma7_M4,Ighv5-6_B1
Psma7_O10<==>Birc2_T2,Psma7_O10,Birc2_T2
Psma7_O10<==>Fam76b_B4,Psma7_O10,Fam76b_B4
Psma7_T4<==>Tmsb4x_B2,Psma7_T4,Tmsb4x_B2
Psma7_T5<==>Chchd2_B1,Psma7_T5,Chchd2_B1
Psma7_T5<==>Sf3b6_M3,Psma7_T5,Sf3b6_M3
Rps21_M3<==>Rps21_T2,Rps21_M3,Rps21_T2
Rps21_M3<==>Rps27_B2,Rps21_M3,Rps27_B2
Rps21_M3<==>Rps27_T2,Rps21_M3,Rps27_T2
Rps21_M3<==>S100a6_M1,Rps21_M3,S100a6_M1
Rps21_M3<==>Cenps_B4,Rps21_M3,Cenps_B4
Rps21_M3<==>Rpl6_B1,Rps21_M3,Rpl6_B1
Rps21_M3<==>Rpl6_B2,Rps21_M3,Rpl6_B2
Rps21_M3<==>Igkv4-70_B3,Rps21_M3,Igkv4-70_B3
Rps21_M3<==>Bola2_M3,Rps21_M3,Bola2_M3
Rps21_M3<==>Taldo1_M0,Rps21_M3,Taldo1_M0
Rps21_M3<==>Rplp2_M3,Rps21_M3,Rplp2_M3
Rps21_M3<==>Rpl41_M3,Rps21_M3,Rpl41_M3
Rps21_M3<==>Rps26_M3,Rps21_M3,Rps26_M3
Rps21_M3<==>Rpl38_M3,Rps21_M3,Rpl38_M3
Rps21_M3<==>Rps29_T1,Rps21_M3,Rps29_T1
Rps21_M3<==>Rps29_T2,Rps21_M3,Rps29_T2
Rps21_M3<==>Ndufb1-ps_M3,Rps21_M3,Ndufb1-ps_M3
Rps21_M3<==>Ndufb1-ps_T2,Rps21_M3,Ndufb1-ps_T2
Rps21_M3<==>Ighv5-9_B7,Rps21_M3,Ighv5-9_B7
Rps21_M3<==>Rpl37_M3,Rps21_M3,Rpl37_M3
Rps21_M3<==>Rpl37_T1,Rps21_M3,Rpl37_T1
Rps21_M3<==>Rpl8_B5,Rps21_M3,Rpl8_B5
Rps21_M3<==>Hnrnpa1_T7,Rps21_M3,Hnrnpa1_T7
Rps21_M3<==>Iglc1_B3,Rps21_M3,Iglc1_B3
Rps21_M3<==>Rps28_M3,Rps21_M3,Rps28_M3
Rps21_M3<==>Rps28_T1,Rps21_M3,Rps28_T1
Rps21_M3<==>Rps28_T2,Rps21_M3,Rps28_T2
Rps21_M3<==>Malat1_T5,Rps21_M3,Malat1_T5
Rps21_M3<==>Atp5md_B1,Rps21_M3,Atp5md_B1
Rps21_M3<==>Rpl39_B2,Rps21_M3,Rpl39_B2
Rps21_M3<==>Rpl39_M3,Rps21_M3,Rpl39_M3
Rps21_M3<==>Rpl39_T2,Rps21_M3,Rpl39_T2
Rps21_M3<==>Rpl10_T2,Rps21_M3,Rpl10_T2
Rps21_M3<==>Rpl10_T4,Rps21_M3,Rpl10_T4
Rps21_M3<==>mt-Co2_B3,Rps21_M3,mt-Co2_B3
Rps21_M3<==>mt-Atp6_B3,Rps21_M3,mt-Atp6_B3
Rps21_M3<==>mt-Co3_B3,Rps21_M3,mt-Co3_B3
Rps21_M3<==>mt-Nd4l_T1,Rps21_M3,mt-Nd4l_T1
Rps21_M5<==>Rsrc2_T4,Rps21_M5,Rsrc2_T4
Rps21_M5<==>Rpl39_M5,Rps21_M5,Rpl39_M5
Rps21_M5<==>mt-Co3_T5,Rps21_M5,mt-Co3_T5
Rps21_T2<==>Rps27_B1,Rps21_T2,Rps27_B1
Rps21_T2<==>Rps27_B2,Rps21_T2,Rps27_B2
Rps21_T2<==>Rps27_B3,Rps21_T2,Rps27_B3
Rps21_T2<==>Rps27_M3,Rps21_T2,Rps27_M3
Rps21_T2<==>Rps27_T1,Rps21_T2,Rps27_T1
Rps21_T2<==>Rps27_T2,Rps21_T2,Rps27_T2
Rps21_T2<==>Rpl34_T2,Rps21_T2,Rpl34_T2
Rps21_T2<==>Rpl6_B2,Rps21_T2,Rpl6_B2
Rps21_T2<==>Tmsb10_B3,Rps21_T2,Tmsb10_B3
Rps21_T2<==>Taldo1_M3,Rps21_T2,Taldo1_M3
Rps21_T2<==>Rab8b_T4,Rps21_T2,Rab8b_T4
Rps21_T2<==>Rpl41_M3,Rps21_T2,Rpl41_M3
Rps21_T2<==>Rps29_T1,Rps21_T2,Rps29_T1
Rps21_T2<==>Rps29_T2,Rps21_T2,Rps29_T2
Rps21_T2<==>Rps29_T6_2,Rps21_T2,Rps29_T6_2
Rps21_T2<==>Ndufb1-ps_M3,Rps21_T2,Ndufb1-ps_M3
Rps21_T2<==>Atp5mpl_T3,Rps21_T2,Atp5mpl_T3
Rps21_T2<==>Rpl37_T1,Rps21_T2,Rpl37_T1
Rps21_T2<==>Rpl37_T2,Rps21_T2,Rpl37_T2
Rps21_T2<==>Rpl37_T5,Rps21_T2,Rpl37_T5
Rps21_T2<==>Ly6e_M0,Rps21_T2,Ly6e_M0
Rps21_T2<==>Tspo_O7,Rps21_T2,Tspo_O7
Rps21_T2<==>Rps28_M3,Rps21_T2,Rps28_M3
Rps21_T2<==>Rps28_T1,Rps21_T2,Rps28_T1
Rps21_T2<==>Rps28_T2,Rps21_T2,Rps28_T2
Rps21_T2<==>Rpl36_T1,Rps21_T2,Rpl36_T1
Rps21_T2<==>Rpl36_T5,Rps21_T2,Rpl36_T5
Rps21_T2<==>Malat1_T3,Rps21_T2,Malat1_T3
Rps21_T2<==>Fau_T2,Rps21_T2,Fau_T2
Rps21_T2<==>Ms4a7_M1,Rps21_T2,Ms4a7_M1
Rps21_T2<==>Atp5md_T2,Rps21_T2,Atp5md_T2
Rps21_T2<==>Rpl39_B1,Rps21_T2,Rpl39_B1
Rps21_T2<==>Rpl39_B2,Rps21_T2,Rpl39_B2
Rps21_T2<==>Rpl39_T2,Rps21_T2,Rpl39_T2
Rps21_T2<==>mt-Co2_B3,Rps21_T2,mt-Co2_B3
Rps21_T2<==>mt-Co2_T2,Rps21_T2,mt-Co2_T2
Rps21_T2<==>mt-Co2_T5,Rps21_T2,mt-Co2_T5
Rps21_T2<==>mt-Atp8_B3,Rps21_T2,mt-Atp8_B3
Rps21_T2<==>mt-Atp6_T0,Rps21_T2,mt-Atp6_T0
Gm8797_B3<==>Rpl11_M3,Gm8797_B3,Rpl11_M3
Gm8797_B3<==>Dnajb6_M5,Gm8797_B3,Dnajb6_M5
Gm8797_B3<==>Cox6a1_M3,Gm8797_B3,Cox6a1_M3
Gm8797_B3<==>Igkv3-2_B4,Gm8797_B3,Igkv3-2_B4
Gm8797_B3<==>Rpl32_M3,Gm8797_B3,Rpl32_M3
Gm8797_B3<==>Rps9_M3,Gm8797_B3,Rps9_M3
Gm8797_B3<==>Rps5_M3,Gm8797_B3,Rps5_M3
Gm8797_B3<==>Iqgap1_M5,Gm8797_B3,Iqgap1_M5
Gm8797_B3<==>Ndufa13_B1,Gm8797_B3,Ndufa13_B1
Gm8797_B3<==>Rpl18a_M3,Gm8797_B3,Rpl18a_M3
Gm8797_B3<==>Smarca5_T2,Gm8797_B3,Smarca5_T2
Gm8797_B3<==>Rpl13_M3,Gm8797_B3,Rpl13_M3
Gm8797_B3<==>Rps12_M3,Gm8797_B3,Rps12_M3
Gm8797_B3<==>Rpl26_M3,Gm8797_B3,Rpl26_M3
Gm8797_B3<==>Lasp1_M3,Gm8797_B3,Lasp1_M3
Gm8797_B3<==>Prkar1a_M5,Gm8797_B3,Prkar1a_M5
Gm8797_B3<==>Crip1_T3,Gm8797_B3,Crip1_T3
Gm8797_B3<==>Rps23_M3,Gm8797_B3,Rps23_M3
Gm8797_B3<==>Ywhaz_B2,Gm8797_B3,Ywhaz_B2
Gm8797_B3<==>Elob_B1,Gm8797_B3,Elob_B1
Gm8797_B3<==>Nr3c1_T2,Gm8797_B3,Nr3c1_T2
Gm8797_B3<==>Rps14_M3,Gm8797_B3,Rps14_M3
Gm8797_B3<==>Rpl17_B0,Gm8797_B3,Rpl17_B0
Gm8797_B3<==>Rpl17_M3,Gm8797_B3,Rpl17_M3
Gm8797_B3<==>Unc93b1_M4,Gm8797_B3,Unc93b1_M4
Gm8797_B3<==>Rps4x_B0,Gm8797_B3,Rps4x_B0
Gm8797_B3<==>Rps4x_M3,Gm8797_B3,Rps4x_M3
Gm8797_B3<==>mt-Nd2_M5,Gm8797_B3,mt-Nd2_M5
Tpd52_M3<==>Gimap6_B1,Tpd52_M3,Gimap6_B1
Tpd52_M3<==>Ftl1_M4,Tpd52_M3,Ftl1_M4
Tpd52_M3<==>Cnn2_T5,Tpd52_M3,Cnn2_T5
Tpd52_M3<==>Fnip1_M3,Tpd52_M3,Fnip1_M3
Tpd52_M3<==>Hif1a_T0,Tpd52_M3,Hif1a_T0
Tpd52_M3<==>Serpina3n_O4,Tpd52_M3,Serpina3n_O4
Tpd52_M3<==>Mxi1_T5,Tpd52_M3,Mxi1_T5
Tpd52_M5<==>Runx3_M5,Tpd52_M5,Runx3_M5
Tpd52_M5<==>Man2b1_M1,Tpd52_M5,Man2b1_M1
Tpd52_M5<==>Ms4a4b_B6_0,Tpd52_M5,Ms4a4b_B6_0
Tpd52_M5<==>Il2rg_M5,Tpd52_M5,Il2rg_M5
Fabp4_O10<==>Rps27_B1,Fabp4_O10,Rps27_B1
Fabp4_O10<==>Gng5_T1,Fabp4_O10,Gng5_T1
Fabp4_O10<==>Flt1_O10,Fabp4_O10,Flt1_O10
Fabp4_O10<==>Rpl13_B5,Fabp4_O10,Rpl13_B5
Fabp4_O10<==>Psme1_M0,Fabp4_O10,Psme1_M0
Fabp4_O10<==>Rpl37_T1,Fabp4_O10,Rpl37_T1
Fabp4_O10<==>Rpl37_T2,Fabp4_O10,Rpl37_T2
Fabp4_O10<==>Ywhaz_T1,Fabp4_O10,Ywhaz_T1
Car2_T7<==>Pon3_B3,Car2_T7,Pon3_B3
Car2_T7<==>Nfkbia_T4,Car2_T7,Nfkbia_T4
Car2_T7<==>Creld2_B3,Car2_T7,Creld2_B3
Car2_T7<==>Rpl39_M2,Car2_T7,Rpl39_M2
Rpl22l1_B0<==>Ubl5_M0,Rpl22l1_B0,Ubl5_M0
Rpl22l1_B0<==>Cd3d_T4,Rpl22l1_B0,Cd3d_T4
Rpl22l1_B0<==>Rhoa_B1,Rpl22l1_B0,Rhoa_B1
Rpl22l1_B0<==>BC031181_M4,Rpl22l1_B0,BC031181_M4
Rpl22l1_B1<==>Iqgap1_B3,Rpl22l1_B1,Iqgap1_B3
Rpl22l1_B1<==>Ighg1_B3,Rpl22l1_B1,Ighg1_B3
Rpl22l1_B1<==>Tnfsf11_T7,Rpl22l1_B1,Tnfsf11_T7
Rpl22l1_B1<==>Il2rb_T5,Rpl22l1_B1,Il2rb_T5
Rpl22l1_B1<==>Rpl10a_M3,Rpl22l1_B1,Rpl10a_M3
Rpl22l1_B1<==>Zeb1_T2,Rpl22l1_B1,Zeb1_T2
Rpl22l1_M1<==>Tspan13_M1,Rpl22l1_M1,Tspan13_M1
Rpl22l1_M3<==>Smap2_T4,Rpl22l1_M3,Smap2_T4
Rpl22l1_M3<==>Ets1_T4,Rpl22l1_M3,Ets1_T4
Rpl22l1_T0<==>Fosl2_M5,Rpl22l1_T0,Fosl2_M5
Rpl22l1_T0<==>Arap2_T0,Rpl22l1_T0,Arap2_T0
Rpl22l1_T0<==>Gimap3_T3,Rpl22l1_T0,Gimap3_T3
Rpl22l1_T0<==>Ly6a_M5,Rpl22l1_T0,Ly6a_M5
Rpl22l1_T0<==>Elob_T2,Rpl22l1_T0,Elob_T2
Rpl22l1_T1<==>Actb_T3,Rpl22l1_T1,Actb_T3
Rpl22l1_T1<==>Igkv10-94_B3,Rpl22l1_T1,Igkv10-94_B3
Rpl22l1_T1<==>Pafah1b1_B3,Rpl22l1_T1,Pafah1b1_B3
Rpl22l1_T1<==>Grb2_B3,Rpl22l1_T1,Grb2_B3
Rpl22l1_T1<==>Ighg2b_B4,Rpl22l1_T1,Ighg2b_B4
Rpl22l1_T1<==>Ighv2-9-1_B3,Rpl22l1_T1,Ighv2-9-1_B3
Rpl22l1_T1<==>Nedd8_B3,Rpl22l1_T1,Nedd8_B3
Rpl22l1_T1<==>H2-Eb1_B3,Rpl22l1_T1,H2-Eb1_B3
Rpl22l1_T4<==>Eif3h_B1,Rpl22l1_T4,Eif3h_B1
Rpl22l1_T4<==>Rpl10a_T4,Rpl22l1_T4,Rpl10a_T4
Rpl22l1_T4<==>Sfr1_B3,Rpl22l1_T4,Sfr1_B3
Sec62_B1<==>Cdc42_B2,Sec62_B1,Cdc42_B2
Sec62_B1<==>Bcl2a1d_M3,Sec62_B1,Bcl2a1d_M3
Sec62_B1<==>Rpl41_M5,Sec62_B1,Rpl41_M5
Sec62_B1<==>Pdcd4_T5,Sec62_B1,Pdcd4_T5
Sec62_B1<==>Rps4x_T5,Sec62_B1,Rps4x_T5
Sec62_T2<==>Cd53_T1,Sec62_T2,Cd53_T1
Sec62_T2<==>Pde4b_M1,Sec62_T2,Pde4b_M1
Sec62_T2<==>Arpc3_T2,Sec62_T2,Arpc3_T2
Sec62_T2<==>Hmgb2_T4,Sec62_T2,Hmgb2_T4
Sec62_T2<==>Uba52_M3,Sec62_T2,Uba52_M3
Sec62_T2<==>Rpl18a_M1,Sec62_T2,Rpl18a_M1
Sec62_T2<==>Rpl13_B5,Sec62_T2,Rpl13_B5
Sec62_T2<==>Rab8b_T0,Sec62_T2,Rab8b_T0
Sec62_T2<==>Xcr1_M4,Sec62_T2,Xcr1_M4
Sec62_T2<==>Psme1_M0,Sec62_T2,Psme1_M0
Sec62_T2<==>Satb1_T3,Sec62_T2,Satb1_T3
Sec62_T2<==>Cd14_M1,Sec62_T2,Cd14_M1
Sec62_T2<==>Atp5md_T1,Sec62_T2,Atp5md_T1
Sec62_T5<==>Eif4e_M3,Sec62_T5,Eif4e_M3
Sec62_T5<==>Gng5_T5,Sec62_T5,Gng5_T5
Sec62_T5<==>Sfpq_M3,Sec62_T5,Sfpq_M3
Sec62_T5<==>Rpl11_T2,Sec62_T5,Rpl11_T2
Sec62_T5<==>Pttg1ip_M4,Sec62_T5,Pttg1ip_M4
Sec62_T5<==>Stat3_T3,Sec62_T5,Stat3_T3
Sec62_T5<==>Zbtb1_M5,Sec62_T5,Zbtb1_M5
Sec62_T5<==>Rap2a_M4,Sec62_T5,Rap2a_M4
Sec62_T5<==>Vasn_O7,Sec62_T5,Vasn_O7
Sec62_T5<==>Cebpz_B1,Sec62_T5,Cebpz_B1
Sec62_T5<==>Rps14_T5,Sec62_T5,Rps14_T5
Skil_M0<==>Igkc_B0,Skil_M0,Igkc_B0
Skil_M0<==>Snrpg_T2,Skil_M0,Snrpg_T2
Skil_M0<==>Snrpg_T3,Skil_M0,Snrpg_T3
Skil_M0<==>Tnfaip2_M0,Skil_M0,Tnfaip2_M0
Skil_M0<==>Rps14_B3,Skil_M0,Rps14_B3
Skil_M0<==>Atp6ap2_M0,Skil_M0,Atp6ap2_M0
Skil_M0<==>Rpl39_B1,Skil_M0,Rpl39_B1
Skil_M0<==>mt-Nd3_B2,Skil_M0,mt-Nd3_B2
Skil_M4<==>mt-Nd2_M1,Skil_M4,mt-Nd2_M1
Ndufb5_M1<==>Lyn_B1,Ndufb5_M1,Lyn_B1
Ndufb5_M1<==>Rps20_M1,Ndufb5_M1,Rps20_M1
Ndufb5_M1<==>Fuca1_M1,Ndufb5_M1,Fuca1_M1
Ndufb5_M1<==>Antxr2_M4,Ndufb5_M1,Antxr2_M4
Ndufb5_M1<==>Serbp1_B3,Ndufb5_M1,Serbp1_B3
Ndufb5_M1<==>Serbp1_T4,Ndufb5_M1,Serbp1_T4
Ndufb5_M1<==>Tmsb10_B3,Ndufb5_M1,Tmsb10_B3
Ndufb5_M1<==>Gpi1_M3,Ndufb5_M1,Gpi1_M3
Ndufb5_M1<==>Cd81_B3,Ndufb5_M1,Cd81_B3
Ndufb5_M1<==>Rpl13_B1,Ndufb5_M1,Rpl13_B1
Ndufb5_M1<==>Rpl4_M1,Ndufb5_M1,Rpl4_M1
Ndufb5_M1<==>Morf4l1_B3,Ndufb5_M1,Morf4l1_B3
Ndufb5_M1<==>Lilrb4a_M0,Ndufb5_M1,Lilrb4a_M0
Ndufb5_M1<==>Cltc_M1,Ndufb5_M1,Cltc_M1
Ndufb5_M1<==>Prkar1a_B3,Ndufb5_M1,Prkar1a_B3
Ndufb5_M1<==>Mrpl52_M0,Ndufb5_M1,Mrpl52_M0
Ndufb5_M1<==>Ywhaz_T3,Ndufb5_M1,Ywhaz_T3
Ndufb5_M1<==>Nars_B3,Ndufb5_M1,Nars_B3
Ndufb5_M1<==>mt-Atp6_B0,Ndufb5_M1,mt-Atp6_B0
Ndufb5_M1<==>mt-Atp6_B2,Ndufb5_M1,mt-Atp6_B2
Ndufb5_M3<==>mt-Co2_T4,Ndufb5_M3,mt-Co2_T4
Ttc14_M4<==>Clec12a_M4,Ttc14_M4,Clec12a_M4
Ttc14_M4<==>Rps12_M5,Ttc14_M4,Rps12_M5
Ttc14_M4<==>Eif5_M1,Ttc14_M4,Eif5_M1
Ttc14_M4<==>mt-Nd4l_B1,Ttc14_M4,mt-Nd4l_B1
Anxa5_M1<==>Ighg2c_B5,Anxa5_M1,Ighg2c_B5
Anxa5_M1<==>Riok3_M4,Anxa5_M1,Riok3_M4
Anxa5_M1<==>Igkv3-10_B3,Anxa5_M1,Igkv3-10_B3
Anxa5_M3<==>Nap1l1_B1,Anxa5_M3,Nap1l1_B1
Anxa5_M3<==>G3bp1_M5,Anxa5_M3,G3bp1_M5
Anxa5_M3<==>Ighg2c_B2,Anxa5_M3,Ighg2c_B2
Anxa5_M3<==>mt-Co2_M0,Anxa5_M3,mt-Co2_M0
Anxa5_M4<==>Rps19_T5,Anxa5_M4,Rps19_T5
Anxa5_M4<==>Rps16_T5,Anxa5_M4,Rps16_T5
Anxa5_M4<==>Actg1_M3,Anxa5_M4,Actg1_M3
Anxa5_M4<==>Hsp90aa1_T3,Anxa5_M4,Hsp90aa1_T3
Anxa5_M4<==>Ighg2b_B2,Anxa5_M4,Ighg2b_B2
Anxa5_M4<==>Ighv2-6-8_B3,Anxa5_M4,Ighv2-6-8_B3
Anxa5_M4<==>Crem_T2,Anxa5_M4,Crem_T2
Ccna2_T5<==>Clec2d_M0,Ccna2_T5,Clec2d_M0
Ccna2_T5<==>Snrpd2_T4,Ccna2_T5,Snrpd2_T4
Ccna2_T5<==>Glrx3_T5,Ccna2_T5,Glrx3_T5
Ccna2_T5<==>Hmgb2_T5,Ccna2_T5,Hmgb2_T5
Ccna2_T5<==>Evi2a_M1,Ccna2_T5,Evi2a_M1
Ccna2_T5<==>H2-T23_T5,Ccna2_T5,H2-T23_T5
Slc7a11_M3<==>Klf4_T7,Slc7a11_M3,Klf4_T7
Slc7a11_M3<==>Park7_M3,Slc7a11_M3,Park7_M3
Ndufc1_M0<==>Gng5_B4,Ndufc1_M0,Gng5_B4
Ndufc1_M0<==>Cox6a1_M0,Ndufc1_M0,Cox6a1_M0
Ndufc1_M0<==>Capza2_M0,Ndufc1_M0,Capza2_M0
Ndufc1_M0<==>Rab7_M0,Ndufc1_M0,Rab7_M0
Ndufc1_M0<==>M6pr_M0,Ndufc1_M0,M6pr_M0
Ndufc1_M0<==>Napsa_B4,Ndufc1_M0,Napsa_B4
Ndufc1_M0<==>Hmgb2_T3,Ndufc1_M0,Hmgb2_T3
Ndufc1_M0<==>Itgb1_M0,Ndufc1_M0,Itgb1_M0
Ndufc1_M0<==>Cwc15_T2,Ndufc1_M0,Cwc15_T2
Ndufc1_M0<==>Cox7a2_M0,Ndufc1_M0,Cox7a2_M0
Ndufc1_M0<==>Rassf3_M3,Ndufc1_M0,Rassf3_M3
Ndufc1_M0<==>Uqcrq_M3,Ndufc1_M0,Uqcrq_M3
Ndufc1_M0<==>Arhgdia_M0,Ndufc1_M0,Arhgdia_M0
Ndufc1_M0<==>Psme1_M0,Ndufc1_M0,Psme1_M0
Ndufc1_M0<==>Cox6c_M0,Ndufc1_M0,Cox6c_M0
Ndufc1_M0<==>Myl12a_M0,Ndufc1_M0,Myl12a_M0
Ndufc1_M0<==>Ppp1ca_M0,Ndufc1_M0,Ppp1ca_M0
Ndufc1_M3<==>Igkv15-103_B1,Ndufc1_M3,Igkv15-103_B1
Ndufc1_M3<==>Igkv10-94_B3,Ndufc1_M3,Igkv10-94_B3
Ndufc1_M3<==>Rps24_M5,Ndufc1_M3,Rps24_M5
Ndufc1_M3<==>Iglv3_B4,Ndufc1_M3,Iglv3_B4
Foxo1_T5<==>Lck_T3,Foxo1_T5,Lck_T3
Ufm1_M4<==>Crip1_T3,Ufm1_M4,Crip1_T3
Ufm1_M4<==>Psmb8_T1,Ufm1_M4,Psmb8_T1
Postn_O4<==>Rps27_M2,Postn_O4,Rps27_M2
Postn_O4<==>Col15a1_O4,Postn_O4,Col15a1_O4
Postn_O4<==>Psmb8_M1,Postn_O4,Psmb8_M1
Serp1_B1<==>Abracl_M0,Serp1_B1,Abracl_M0
Serp1_B1<==>Pfn1_T5,Serp1_B1,Pfn1_T5
Serp1_B1<==>Ighv2-9-1_B3,Serp1_B1,Ighv2-9-1_B3
Serp1_B1<==>Crem_T2,Serp1_B1,Crem_T2
Serp1_B1<==>mt-Co1_M4,Serp1_B1,mt-Co1_M4
Serp1_B1<==>mt-Co1_T1,Serp1_B1,mt-Co1_T1
Serp1_B5<==>Tmem176b_O7,Serp1_B5,Tmem176b_O7
Serp1_M3<==>Rpl34_B3,Serp1_M3,Rpl34_B3
Serp1_M3<==>Atp5g1_M3,Serp1_M3,Atp5g1_M3
Serp1_M3<==>Xist_B2,Serp1_M3,Xist_B2
Gpr171_M4<==>Dram1_M0,Gpr171_M4,Dram1_M0
Gpr171_M4<==>Psmb9_M0,Gpr171_M4,Psmb9_M0
Mbnl1_B1<==>Apoe_B1,Mbnl1_B1,Apoe_B1
Mbnl1_B1<==>Akap13_B1,Mbnl1_B1,Akap13_B1
Mbnl1_B1<==>Btg1_T3,Mbnl1_B1,Btg1_T3
Mbnl1_B1<==>Cnpy2_B3,Mbnl1_B1,Cnpy2_B3
Mbnl1_B1<==>Actg1_B4,Mbnl1_B1,Actg1_B4
Mbnl1_B1<==>Rpl24_B1,Mbnl1_B1,Rpl24_B1
Mbnl1_B1<==>Clic1_B1,Mbnl1_B1,Clic1_B1
Mbnl1_B1<==>Got1_M5,Mbnl1_B1,Got1_M5
Mbnl1_B1<==>Ddx3x_O7,Mbnl1_B1,Ddx3x_O7
Mbnl1_B2<==>Cdc42_B4,Mbnl1_B2,Cdc42_B4
Mbnl1_B4<==>Ddx5_T4,Mbnl1_B4,Ddx5_T4
Mbnl1_B4<==>Ninj1_M3,Mbnl1_B4,Ninj1_M3
Mbnl1_B4<==>Psme2_B4,Mbnl1_B4,Psme2_B4
Mbnl1_B5<==>Sat1_B1,Mbnl1_B5,Sat1_B1
Mbnl1_M3<==>Tmem176b_O4,Mbnl1_M3,Tmem176b_O4
Mbnl1_M3<==>Bcl2a1b_M3,Mbnl1_M3,Bcl2a1b_M3
Mbnl1_M3<==>Hint1_M3,Mbnl1_M3,Hint1_M3
Mbnl1_M3<==>Pik3r1_M3,Mbnl1_M3,Pik3r1_M3
Mbnl1_T1<==>Rps3a1_B5,Mbnl1_T1,Rps3a1_B5
Mbnl1_T1<==>Calr_B3,Mbnl1_T1,Calr_B3
Mbnl1_T1<==>Manf_B3,Mbnl1_T1,Manf_B3
Mbnl1_T1<==>Dad1_B3,Mbnl1_T1,Dad1_B3
Mbnl1_T2<==>Srrm1_M3,Mbnl1_T2,Srrm1_M3
Mbnl1_T2<==>Cd3g_M5,Mbnl1_T2,Cd3g_M5
Mbnl1_T2<==>Ssh2_T6,Mbnl1_T2,Ssh2_T6
Mbnl1_T2<==>Mmp14_M1,Mbnl1_T2,Mmp14_M1
Mbnl1_T2<==>Ctsw_T0,Mbnl1_T2,Ctsw_T0
Mbnl1_T3<==>Rpl13a_T5,Mbnl1_T3,Rpl13a_T5
Mbnl1_T5<==>Polr2e_M4,Mbnl1_T5,Polr2e_M4
Mbnl1_T6<==>Cd52_B2,Mbnl1_T6,Cd52_B2
Mbnl1_T6<==>Gimap6_T1,Mbnl1_T6,Gimap6_T1
Mbnl1_T6<==>Cd81_M4,Mbnl1_T6,Cd81_M4
Mbnl1_T6<==>Map1lc3b_M3,Mbnl1_T6,Map1lc3b_M3
Mbnl1_T6<==>Dennd4a_B1,Mbnl1_T6,Dennd4a_B1
Mbnl1_T6<==>Rps14_M5,Mbnl1_T6,Rps14_M5
Ssr3_M1<==>Rpl29_T5,Ssr3_M1,Rpl29_T5
Ssr3_M1<==>Trac_B6_0,Ssr3_M1,Trac_B6_0
Ssr3_M3<==>Cd164_T2,Ssr3_M3,Cd164_T2
Ssr3_M3<==>Srsf5_M4,Ssr3_M3,Srsf5_M4
Ssr3_M4<==>Hnrnpf_M1,Ssr3_M4,Hnrnpf_M1
Ssr3_M4<==>Irf8_M3,Ssr3_M4,Irf8_M3
Tiparp_B3<==>Txn1_M1,Tiparp_B3,Txn1_M1
Tiparp_B3<==>Atox1_M1,Tiparp_B3,Atox1_M1
Tiparp_B3<==>Itm2b_M1,Tiparp_B3,Itm2b_M1
Tiparp_B3<==>Selenop_M1,Tiparp_B3,Selenop_M1
Tiparp_B3<==>Cox17_M1,Tiparp_B3,Cox17_M1
Tiparp_M1<==>S100a4_T7,Tiparp_M1,S100a4_T7
Tiparp_M1<==>Smc6_M7,Tiparp_M1,Smc6_M7
Tiparp_M1<==>Appl1_M3,Tiparp_M1,Appl1_M3
Tiparp_M1<==>Rap2a_M3,Tiparp_M1,Rap2a_M3
Tiparp_M1<==>Csf2rb_M4,Tiparp_M1,Csf2rb_M4
Tiparp_M1<==>Plaat3_M5,Tiparp_M1,Plaat3_M5
Tiparp_M3<==>Rps9_T5,Tiparp_M3,Rps9_T5
Tiparp_M3<==>Ifitm3_M0,Tiparp_M3,Ifitm3_M0
Tiparp_M3<==>Trf_B3,Tiparp_M3,Trf_B3
Tiparp_M3<==>Ighg2c_B4,Tiparp_M3,Ighg2c_B4
Tiparp_M3<==>Ighg2b_B2,Tiparp_M3,Ighg2b_B2
Tiparp_M3<==>Ighv1-22_B3,Tiparp_M3,Ighv1-22_B3
Tiparp_M3<==>Ighv8-5_B3,Tiparp_M3,Ighv8-5_B3
Tiparp_M3<==>Ighv1-69_B2,Tiparp_M3,Ighv1-69_B2
Tiparp_M3<==>Hnrnpa0_M1,Tiparp_M3,Hnrnpa0_M1
Tiparp_M3<==>Rpl36_M3,Tiparp_M3,Rpl36_M3
Tiparp_M3<==>Rpl36a_B4,Tiparp_M3,Rpl36a_B4
Tiparp_M3<==>Rpl36a_M5,Tiparp_M3,Rpl36a_M5
Tiparp_M4<==>Erp44_M4,Tiparp_M4,Erp44_M4
Tiparp_M4<==>Arpc3_B1,Tiparp_M4,Arpc3_B1
Tiparp_M4<==>Igkv8-21_B2,Tiparp_M4,Igkv8-21_B2
Tiparp_M4<==>Aup1_B3,Tiparp_M4,Aup1_B3
Tiparp_M4<==>Rpl41_B3,Tiparp_M4,Rpl41_B3
Tiparp_M5<==>Psme1_T2,Tiparp_M5,Psme1_T2
Ccnl1_B5<==>Cdc42se1_M4,Ccnl1_B5,Cdc42se1_M4
Ccnl1_B5<==>Chchd2_B1,Ccnl1_B5,Chchd2_B1
Ccnl1_B5<==>Rhoa_M3,Ccnl1_B5,Rhoa_M3
Mfsd1_M3<==>Igkv6-17_B2,Mfsd1_M3,Igkv6-17_B2
Mfsd1_M3<==>Nktr_B4,Mfsd1_M3,Nktr_B4
Mfsd1_M3<==>Rps18_T5,Mfsd1_M3,Rps18_T5
Mfsd1_M3<==>H2-D1_M0,Mfsd1_M3,H2-D1_M0
Smc4_T6_3<==>Sept7_T2,Smc4_T6_3,Sept7_T2
Pdcd10_M0<==>Ube2b_T3,Pdcd10_M0,Ube2b_T3
Pdcd10_M0<==>Ighv5-9_B3,Pdcd10_M0,Ighv5-9_B3
Pdcd10_M3<==>Sri_T3,Pdcd10_M3,Sri_T3
Pdcd10_M3<==>Tmsb10_M0,Pdcd10_M3,Tmsb10_M0
Pdcd10_M3<==>Rab7_M2,Pdcd10_M3,Rab7_M2
Pdcd10_M3<==>Ptms_M4,Pdcd10_M3,Ptms_M4
Pdcd10_M3<==>Hnrnpa0_M1,Pdcd10_M3,Hnrnpa0_M1
Pdcd10_M3<==>Cd74_M3,Pdcd10_M3,Cd74_M3
Pdcd10_M3<==>mt-Co3_B2,Pdcd10_M3,mt-Co3_B2
Rapgef2_M3<==>Arap2_T3,Rapgef2_M3,Arap2_T3
Rapgef2_M3<==>Actb_T2,Rapgef2_M3,Actb_T2
Rapgef2_M3<==>Bcl2a1d_M3,Rapgef2_M3,Bcl2a1d_M3
Rapgef2_M3<==>Eif1_T7,Rapgef2_M3,Eif1_T7
Rapgef2_M3<==>Gna13_T5,Rapgef2_M3,Gna13_T5
Rapgef2_M3<==>Srsf2_B5,Rapgef2_M3,Srsf2_B5
Rapgef2_M3<==>Tnfaip2_M3,Rapgef2_M3,Tnfaip2_M3
Rapgef2_M3<==>Atp5mpl_T4,Rapgef2_M3,Atp5mpl_T4
Rapgef2_M3<==>Ighg1_B2,Rapgef2_M3,Ighg1_B2
Rps3a1_B0<==>Rps3a1_T6,Rps3a1_B0,Rps3a1_T6
Rps3a1_B0<==>Tmsb10_M0,Rps3a1_B0,Tmsb10_M0
Rps3a1_B0<==>Cyba_M5,Rps3a1_B0,Cyba_M5
Rps3a1_B0<==>Hif1a_M5,Rps3a1_B0,Hif1a_M5
Rps3a1_B0<==>Rps2_M5,Rps3a1_B0,Rps2_M5
Rps3a1_B0<==>Ostf1_M0,Rps3a1_B0,Ostf1_M0
Rps3a1_B1<==>Rps3a1_T4,Rps3a1_B1,Rps3a1_T4
Rps3a1_B1<==>Plekho1_M3,Rps3a1_B1,Plekho1_M3
Rps3a1_B1<==>Fis1_M0,Rps3a1_B1,Fis1_M0
Rps3a1_B1<==>Pkm_M5,Rps3a1_B1,Pkm_M5
Rps3a1_B1<==>Btg1_M5,Rps3a1_B1,Btg1_M5
Rps3a1_B1<==>Ighv14-3_B2,Rps3a1_B1,Ighv14-3_B2
Rps3a1_B1<==>Rpl15_T4,Rps3a1_B1,Rpl15_T4
Rps3a1_B1<==>Rpl30_T4,Rps3a1_B1,Rpl30_T4
Rps3a1_B1<==>Eif3h_B1,Rps3a1_B1,Eif3h_B1
Rps3a1_B1<==>Tspo_T0,Rps3a1_B1,Tspo_T0
Rps3a1_B1<==>Rps2_B2,Rps3a1_B1,Rps2_B2
Rps3a1_B1<==>Rps2_T4,Rps3a1_B1,Rps2_T4
Rps3a1_B1<==>Rpl10a_T4,Rps3a1_B1,Rpl10a_T4
Rps3a1_B2<==>Rps3a1_T0,Rps3a1_B2,Rps3a1_T0
Rps3a1_B2<==>Rps3a1_T2,Rps3a1_B2,Rps3a1_T2
Rps3a1_B2<==>Rps3a1_T5,Rps3a1_B2,Rps3a1_T5
Rps3a1_B2<==>Plekho1_M3,Rps3a1_B2,Plekho1_M3
Rps3a1_B2<==>Plac8_B5,Rps3a1_B2,Plac8_B5
Rps3a1_B2<==>Luc7l2_M0,Rps3a1_B2,Luc7l2_M0
Rps3a1_B2<==>Cct7_T5,Rps3a1_B2,Cct7_T5
Rps3a1_B2<==>Tmf1_B4,Rps3a1_B2,Tmf1_B4
Rps3a1_B2<==>Ccnd2_M3,Rps3a1_B2,Ccnd2_M3
Rps3a1_B2<==>Cd37_B5,Rps3a1_B2,Cd37_B5
Rps3a1_B2<==>Dennd4a_B1,Rps3a1_B2,Dennd4a_B1
Rps3a1_B2<==>Dennd4a_T4,Rps3a1_B2,Dennd4a_T4
Rps3a1_B2<==>Npc2_M5,Rps3a1_B2,Npc2_M5
Rps3a1_B2<==>Ctsb_M5,Rps3a1_B2,Ctsb_M5
Rps3a1_B2<==>Dazap2_M0,Rps3a1_B2,Dazap2_M0
Rps3a1_B2<==>Eif4b_M1,Rps3a1_B2,Eif4b_M1
Rps3a1_B2<==>U2af1_T5,Rps3a1_B2,U2af1_T5
Rps3a1_B2<==>Cd14_M2,Rps3a1_B2,Cd14_M2
Rps3a1_B3<==>Sdf4_B3,Rps3a1_B3,Sdf4_B3
Rps3a1_B3<==>Pxn_M1,Rps3a1_B3,Pxn_M1
Rps3a1_B3<==>Pkm_M3,Rps3a1_B3,Pkm_M3
Rps3a1_B3<==>Pkm_M5,Rps3a1_B3,Pkm_M5
Rps3a1_B3<==>Rps2_B3,Rps3a1_B3,Rps2_B3
Rps3a1_B4<==>Gdpd3_M0,Rps3a1_B4,Gdpd3_M0
Rps3a1_B4<==>Dazap2_M3,Rps3a1_B4,Dazap2_M3
Rps3a1_B5<==>Rps3a1_M7,Rps3a1_B5,Rps3a1_M7
Rps3a1_B5<==>Rps3a1_T2,Rps3a1_B5,Rps3a1_T2
Rps3a1_B5<==>Rps3a1_T5,Rps3a1_B5,Rps3a1_T5
Rps3a1_B5<==>Ccnd2_M3,Rps3a1_B5,Ccnd2_M3
Rps3a1_B5<==>Dennd4a_B4,Rps3a1_B5,Dennd4a_B4
Rps3a1_B5<==>Pdia6_B3,Rps3a1_B5,Pdia6_B3
Rps3a1_B5<==>Rpl36a_M3,Rps3a1_B5,Rpl36a_M3
Rps3a1_M0<==>Rap1a_M4,Rps3a1_M0,Rap1a_M4
Rps3a1_M0<==>Rsbn1l_T2,Rps3a1_M0,Rsbn1l_T2
Rps3a1_M0<==>Chchd2_M0,Rps3a1_M0,Chchd2_M0
Rps3a1_M0<==>Fis1_M0,Rps3a1_M0,Fis1_M0
Rps3a1_M0<==>Luc7l2_M0,Rps3a1_M0,Luc7l2_M0
Rps3a1_M0<==>Cct7_T5,Rps3a1_M0,Cct7_T5
Rps3a1_M0<==>Rgs10_M3,Rps3a1_M0,Rgs10_M3
Rps3a1_M0<==>Lsp1_T4,Rps3a1_M0,Lsp1_T4
Rps3a1_M0<==>Ndufa13_M0,Rps3a1_M0,Ndufa13_M0
Rps3a1_M0<==>Atp5l_M0,Rps3a1_M0,Atp5l_M0
Rps3a1_M0<==>Rpl29_M0,Rps3a1_M0,Rpl29_M0
Rps3a1_M0<==>Rhoa_M0,Rps3a1_M0,Rhoa_M0
Rps3a1_M0<==>Mif_M0,Rps3a1_M0,Mif_M0
Rps3a1_M0<==>Rps15_B1,Rps3a1_M0,Rps15_B1
Rps3a1_M0<==>Rps15_T4,Rps3a1_M0,Rps15_T4
Rps3a1_M0<==>Psmb6_M0,Rps3a1_M0,Psmb6_M0
Rps3a1_M0<==>Zfp36l1_T1,Rps3a1_M0,Zfp36l1_T1
Rps3a1_M0<==>Psme2_M3,Rps3a1_M0,Psme2_M3
Rps3a1_M0<==>Mtdh_B1,Rps3a1_M0,Mtdh_B1
Rps3a1_M0<==>Psmb8_T4,Rps3a1_M0,Psmb8_T4
Rps3a1_M0<==>Psmb8_T5,Rps3a1_M0,Psmb8_T5
Rps3a1_M0<==>AY036118_M0,Rps3a1_M0,AY036118_M0
Rps3a1_M0<==>Cox8a_M0,Rps3a1_M0,Cox8a_M0
Rps3a1_M0<==>Rpl10_B2,Rps3a1_M0,Rpl10_B2
Rps3a1_M1<==>Ighv14-3_B2,Rps3a1_M1,Ighv14-3_B2
Rps3a1_M1<==>Rps2_T4,Rps3a1_M1,Rps2_T4
Rps3a1_M1<==>Tomm6_T4,Rps3a1_M1,Tomm6_T4
Rps3a1_M4<==>Rps3a1_T3,Rps3a1_M4,Rps3a1_T3
Rps3a1_M4<==>Rps3a1_T7,Rps3a1_M4,Rps3a1_T7
Rps3a1_M4<==>Srsf9_M3,Rps3a1_M4,Srsf9_M3
Rps3a1_M4<==>Chchd2_T3,Rps3a1_M4,Chchd2_T3
Rps3a1_M4<==>Tm2d2_M4,Rps3a1_M4,Tm2d2_M4
Rps3a1_M4<==>Slc25a3_T1,Rps3a1_M4,Slc25a3_T1
Rps3a1_M4<==>Snrpf_T1,Rps3a1_M4,Snrpf_T1
Rps3a1_M4<==>Pfdn5_M3,Rps3a1_M4,Pfdn5_M3
Rps3a1_M4<==>Slc25a5_T5,Rps3a1_M4,Slc25a5_T5
Rps3a1_M5<==>Rps15a_B1,Rps3a1_M5,Rps15a_B1
Rps3a1_M7<==>Dad1_B3,Rps3a1_M7,Dad1_B3
Rps3a1_O10<==>Cd52_T5,Rps3a1_O10,Cd52_T5
Rps3a1_O10<==>Rac1_M3,Rps3a1_O10,Rac1_M3
Rps3a1_O10<==>Hmgb1_M0,Rps3a1_O10,Hmgb1_M0
Rps3a1_O10<==>Ptms_M4,Rps3a1_O10,Ptms_M4
Rps3a1_O10<==>Snx20_M1,Rps3a1_O10,Snx20_M1
Rps3a1_O10<==>Atp5l_O10,Rps3a1_O10,Atp5l_O10
Rps3a1_O10<==>Plekho2_M0,Rps3a1_O10,Plekho2_M0
Rps3a1_O10<==>Tuba1b_B4,Rps3a1_O10,Tuba1b_B4
Rps3a1_O10<==>H2-K1_M7,Rps3a1_O10,H2-K1_M7
Rps3a1_O10<==>H2-Aa_M3,Rps3a1_O10,H2-Aa_M3
Rps3a1_O10<==>H2-Q6_B2,Rps3a1_O10,H2-Q6_B2
Rps3a1_T0<==>Rps3a1_T3,Rps3a1_T0,Rps3a1_T3
Rps3a1_T0<==>Plekho1_M3,Rps3a1_T0,Plekho1_M3
Rps3a1_T0<==>Cd52_T7,Rps3a1_T0,Cd52_T7
Rps3a1_T0<==>Rpl28_T0,Rps3a1_T0,Rpl28_T0
Rps3a1_T0<==>Etfb_T5,Rps3a1_T0,Etfb_T5
Rps3a1_T0<==>Rps13_T0,Rps3a1_T0,Rps13_T0
Rps3a1_T0<==>Dennd4a_B1,Rps3a1_T0,Dennd4a_B1
Rps3a1_T0<==>Scaf11_B1,Rps3a1_T0,Scaf11_B1
Rps3a1_T0<==>Rps2_T6,Rps3a1_T0,Rps2_T6
Rps3a1_T1<==>Arhgdib_T4,Rps3a1_T1,Arhgdib_T4
Rps3a1_T1<==>Rps27l_M3,Rps3a1_T1,Rps27l_M3
Rps3a1_T1<==>Cd164_T5,Rps3a1_T1,Cd164_T5
Rps3a1_T1<==>Mif_M5,Rps3a1_T1,Mif_M5
Rps3a1_T1<==>Ly6c2_B3,Rps3a1_T1,Ly6c2_B3
Rps3a1_T2<==>Rps3a1_T3,Rps3a1_T2,Rps3a1_T3
Rps3a1_T2<==>Rps3a1_T4,Rps3a1_T2,Rps3a1_T4
Rps3a1_T2<==>Rps3a1_T5,Rps3a1_T2,Rps3a1_T5
Rps3a1_T2<==>Plekho1_M3,Rps3a1_T2,Plekho1_M3
Rps3a1_T2<==>Srsf9_M3,Rps3a1_T2,Srsf9_M3
Rps3a1_T2<==>Rplp0_T5,Rps3a1_T2,Rplp0_T5
Rps3a1_T2<==>Cct7_T5,Rps3a1_T2,Cct7_T5
Rps3a1_T2<==>Ccnd2_M3,Rps3a1_T2,Ccnd2_M3
Rps3a1_T2<==>Cd37_B5,Rps3a1_T2,Cd37_B5
Rps3a1_T2<==>Odc1_B3,Rps3a1_T2,Odc1_B3
Rps3a1_T2<==>Rps2_T4,Rps3a1_T2,Rps2_T4
Rps3a1_T2<==>Cox8a_M0,Rps3a1_T2,Cox8a_M0
Rps3a1_T2<==>Got1_M5,Rps3a1_T2,Got1_M5
Rps3a1_T2<==>Rpl10_T5,Rps3a1_T2,Rpl10_T5
Rps3a1_T2<==>Rpl36a_M3,Rps3a1_T2,Rpl36a_M3
Rps3a1_T3<==>Rps3a1_T5,Rps3a1_T3,Rps3a1_T5
Rps3a1_T3<==>Rps3a1_T7,Rps3a1_T3,Rps3a1_T7
Rps3a1_T3<==>Plekho1_M3,Rps3a1_T3,Plekho1_M3
Rps3a1_T3<==>Kras_B2,Rps3a1_T3,Kras_B2
Rps3a1_T3<==>Napsa_B5,Rps3a1_T3,Napsa_B5
Rps3a1_T3<==>Spty2d1_B3,Rps3a1_T3,Spty2d1_B3
Rps3a1_T3<==>Srgn_T5,Rps3a1_T3,Srgn_T5
Rps3a1_T3<==>Mif_M5,Rps3a1_T3,Mif_M5
Rps3a1_T3<==>Epsti1_M4,Rps3a1_T3,Epsti1_M4
Rps3a1_T3<==>Il7r_T4,Rps3a1_T3,Il7r_T4
Rps3a1_T3<==>Eif4b_M1,Rps3a1_T3,Eif4b_M1
Rps3a1_T4<==>Rps3a1_T7,Rps3a1_T4,Rps3a1_T7
Rps3a1_T4<==>Cd209d_M7,Rps3a1_T4,Cd209d_M7
Rps3a1_T4<==>Srgn_T5,Rps3a1_T4,Srgn_T5
Rps3a1_T4<==>Zfp36l1_T1,Rps3a1_T4,Zfp36l1_T1
Rps3a1_T4<==>Rpl30_T4,Rps3a1_T4,Rpl30_T4
Rps3a1_T4<==>Eif3h_B1,Rps3a1_T4,Eif3h_B1
Rps3a1_T4<==>Eif3h_T4,Rps3a1_T4,Eif3h_T4
Rps3a1_T4<==>Rps2_B2,Rps3a1_T4,Rps2_B2
Rps3a1_T4<==>Rps2_T4,Rps3a1_T4,Rps2_T4
Rps3a1_T4<==>Myof_M0,Rps3a1_T4,Myof_M0
Rps3a1_T5<==>Plekho1_M3,Rps3a1_T5,Plekho1_M3
Rps3a1_T5<==>Rplp0_T5,Rps3a1_T5,Rplp0_T5
Rps3a1_T5<==>Rps3_T4,Rps3a1_T5,Rps3_T4
Rps3a1_T5<==>Rpl15_T5,Rps3a1_T5,Rpl15_T5
Rps3a1_T5<==>Sh3bp1_M4,Rps3a1_T5,Sh3bp1_M4
Rps3a1_T5<==>Rps2_T4,Rps3a1_T5,Rps2_T4
Rps3a1_T5<==>Rpl10_T4,Rps3a1_T5,Rpl10_T4
Rps3a1_T5<==>Rpl10_T5,Rps3a1_T5,Rpl10_T5
Rps3a1_T6<==>Jak1_T4,Rps3a1_T6,Jak1_T4
Rps3a1_T6<==>Rpl6_M3,Rps3a1_T6,Rpl6_M3
Rps3a1_T6<==>Lat_T4,Rps3a1_T6,Lat_T4
Rps3a1_T6<==>Nfkbia_T4,Rps3a1_T6,Nfkbia_T4
Rps3a1_T6<==>Eif4b_M1,Rps3a1_T6,Eif4b_M1
Rps3a1_T6<==>Psmb8_M3,Rps3a1_T6,Psmb8_M3
Rps3a1_T6<==>Pgk1_M5,Rps3a1_T6,Pgk1_M5
Rps3a1_T6_2<==>Igkv1-117_B4,Rps3a1_T6_2,Igkv1-117_B4
Rps3a1_T6_2<==>Napsa_B4,Rps3a1_T6_2,Napsa_B4
Rps3a1_T6_2<==>Gdpd3_B1,Rps3a1_T6_2,Gdpd3_B1
Rps3a1_T6_2<==>Lyz2_M3,Rps3a1_T6_2,Lyz2_M3
Rps3a1_T6_2<==>C1qbp_M4,Rps3a1_T6_2,C1qbp_M4
Rps3a1_T6_2<==>Rpl30_T4,Rps3a1_T6_2,Rpl30_T4
Rps3a1_T6_2<==>Malat1_B7,Rps3a1_T6_2,Malat1_B7
Rps3a1_T7<==>Rps13_T4,Rps3a1_T7,Rps13_T4
Rps3a1_T7<==>Srgn_T5,Rps3a1_T7,Srgn_T5
Rps3a1_T7<==>Rpl10a_T4,Rps3a1_T7,Rpl10a_T4
Rps3a1_T7<==>Mbd2_T2,Rps3a1_T7,Mbd2_T2
Etv3_M1<==>S100a11_M1,Etv3_M1,S100a11_M1
Etv3_M1<==>Eif4e_M0,Etv3_M1,Eif4e_M0
Etv3_M1<==>Lyn_B1,Etv3_M1,Lyn_B1
Etv3_M1<==>Rsrp1_B3,Etv3_M1,Rsrp1_B3
Etv3_M1<==>Gimap7_T3,Etv3_M1,Gimap7_T3
Etv3_M1<==>Bax_T5,Etv3_M1,Bax_T5
Etv3_M1<==>Eif3f_M1,Etv3_M1,Eif3f_M1
Etv3_M1<==>Rps13_B1,Etv3_M1,Rps13_B1
Etv3_M1<==>Coro1a_M3,Etv3_M1,Coro1a_M3
Etv3_M1<==>Rab8b_M4,Etv3_M1,Rab8b_M4
Etv3_M1<==>Ifngr1_T5,Etv3_M1,Ifngr1_T5
Etv3_M1<==>Kdm6b_M1,Etv3_M1,Kdm6b_M1
Etv3_M1<==>Cltc_M1,Etv3_M1,Cltc_M1
Etv3_M1<==>Nfkbia_T5,Etv3_M1,Nfkbia_T5
Etv3_M1<==>Ywhaz_M0,Etv3_M1,Ywhaz_M0
Etv3_M1<==>Msrb1_M1,Etv3_M1,Msrb1_M1
Etv3_M1<==>mt-Nd2_T2,Etv3_M1,mt-Nd2_T2
Etv3_M4<==>Cd37_B1,Etv3_M4,Cd37_B1
Etv3_M4<==>Hspa8_M3,Etv3_M4,Hspa8_M3
Etv3_M4<==>Plek_M3,Etv3_M4,Plek_M3
Etv3_M4<==>Rel_M3,Etv3_M4,Rel_M3
Etv3_M4<==>Nfkbia_T4,Etv3_M4,Nfkbia_T4
Etv3_M4<==>Psma2_M0,Etv3_M4,Psma2_M0
Etv3_M4<==>Crem_T2,Etv3_M4,Crem_T2
Etv3_M4<==>Atp5md_T2,Etv3_M4,Atp5md_T2
Lmna_B3<==>S100a11_B3,Lmna_B3,S100a11_B3
Lmna_B3<==>Vpreb3_B3,Lmna_B3,Vpreb3_B3
Lmna_B3<==>Rpl19_T2,Lmna_B3,Rpl19_T2
Lmna_B3<==>Ndufb1-ps_T3,Lmna_B3,Ndufb1-ps_T3
Lmna_B3<==>Ighj4_B3,Lmna_B3,Ighj4_B3
Lmna_B3<==>Samsn1_T2,Lmna_B3,Samsn1_T2
Lmna_B3<==>Hsp90ab1_B1,Lmna_B3,Hsp90ab1_B1
Lmna_M1<==>Rps27_T1,Lmna_M1,Rps27_T1
Lmna_M1<==>Rtn4_M1,Lmna_M1,Rtn4_M1
Lmna_M1<==>Rpl36a_T5,Lmna_M1,Rpl36a_T5
Lmna_O10<==>Map1lc3b_T3,Lmna_O10,Map1lc3b_T3
Lmna_O10<==>Rab8b_M3,Lmna_O10,Rab8b_M3
Lmna_O10<==>Pttg1ip_M4,Lmna_O10,Pttg1ip_M4
Lmna_O10<==>Sqstm1_M3,Lmna_O10,Sqstm1_M3
Lmna_O10<==>Slc38a2_B3,Lmna_O10,Slc38a2_B3
Lamtor2_M1<==>Arpc3_M1,Lamtor2_M1,Arpc3_M1
Krtcap2_T5<==>Rps16_T1,Krtcap2_T5,Rps16_T1
Krtcap2_T5<==>Ctsc_M0,Krtcap2_T5,Ctsc_M0
Krtcap2_T5<==>Rab5c_M4,Krtcap2_T5,Rab5c_M4
Krtcap2_T5<==>Pim1_T2,Krtcap2_T5,Pim1_T2
Krtcap2_T5<==>Psmb9_B3,Krtcap2_T5,Psmb9_B3
Krtcap2_T5<==>Riok3_M4,Krtcap2_T5,Riok3_M4
Dpm3_B3<==>Vps37b_T5,Dpm3_B3,Vps37b_T5
Dpm3_B3<==>Igkv10-94_B2,Dpm3_B3,Igkv10-94_B2
Dpm3_B3<==>Glipr1_B3,Dpm3_B3,Glipr1_B3
Dpm3_B3<==>Rpl41_B3,Dpm3_B3,Rpl41_B3
Dpm3_B3<==>Sec61g_B3,Dpm3_B3,Sec61g_B3
Dpm3_B3<==>Sqstm1_B3,Dpm3_B3,Sqstm1_B3
Dpm3_B3<==>Ighj4_B3,Dpm3_B3,Ighj4_B3
Dpm3_B3<==>Ywhaz_T5,Dpm3_B3,Ywhaz_T5
Cks1b_T5<==>Cd3e_T3,Cks1b_T5,Cd3e_T3
Pmvk_M3<==>Tpst2_M3,Pmvk_M3,Tpst2_M3
Pmvk_M3<==>Eef1a1_B4,Pmvk_M3,Eef1a1_B4
Pmvk_M3<==>Eef1a1_M3,Pmvk_M3,Eef1a1_M3
Pmvk_M3<==>Cstb_M5,Pmvk_M3,Cstb_M5
Pmvk_M3<==>Atp5d_B1,Pmvk_M3,Atp5d_B1
Pmvk_M3<==>Gadd45b_T2,Pmvk_M3,Gadd45b_T2
Pmvk_M3<==>Actr2_B4,Pmvk_M3,Actr2_B4
Pmvk_M3<==>Ppp2ca_M1,Pmvk_M3,Ppp2ca_M1
Pmvk_M3<==>Nlrp3_M5,Pmvk_M3,Nlrp3_M5
Pmvk_M3<==>Odc1_B3,Pmvk_M3,Odc1_B3
Pmvk_M3<==>Ifrd1_M2,Pmvk_M3,Ifrd1_M2
Pmvk_M3<==>Dad1_B5,Pmvk_M3,Dad1_B5
Pmvk_M3<==>Rps18_M3,Pmvk_M3,Rps18_M3
Pmvk_M3<==>H2-Q7_B5,Pmvk_M3,H2-Q7_B5
Pmvk_M3<==>Ankrd12_T4,Pmvk_M3,Ankrd12_T4
Pmvk_M3<==>Crem_M5,Pmvk_M3,Crem_M5
Pmvk_M3<==>Cd14_M5,Pmvk_M3,Cd14_M5
Pmvk_M3<==>Lmnb1_M2,Pmvk_M3,Lmnb1_M2
Ube2q1_M4<==>Rpl28_B0,Ube2q1_M4,Rpl28_B0
Ubap2l_M3<==>Sfpq_T2,Ubap2l_M3,Sfpq_T2
Ubap2l_M3<==>Snrpg_B0,Ubap2l_M3,Snrpg_B0
Ubap2l_M3<==>Hmgb2_T2,Ubap2l_M3,Hmgb2_T2
Ubap2l_M3<==>Nme1_B5,Ubap2l_M3,Nme1_B5
Ubap2l_M3<==>Ighv1-53_B3,Ubap2l_M3,Ighv1-53_B3
Ubap2l_M3<==>Rbx1_B1,Ubap2l_M3,Rbx1_B1
Tpm3_B1<==>Chchd2_B5,Tpm3_B1,Chchd2_B5
Tpm3_B1<==>Tmsb10_B1,Tpm3_B1,Tmsb10_B1
Tpm3_B1<==>Rps27a_M5,Tpm3_B1,Rps27a_M5
Tpm3_B3<==>Ptp4a2_B3,Tpm3_B3,Ptp4a2_B3
Tpm3_B3<==>Foxp1_B3,Tpm3_B3,Foxp1_B3
Tpm3_B3<==>Vapa_B3,Tpm3_B3,Vapa_B3
Tpm3_B3<==>Unc93b1_B4,Tpm3_B3,Unc93b1_B4
Tpm3_B3<==>Ablim1_B1,Tpm3_B3,Ablim1_B1
Tpm3_B3<==>Tmsb4x_T7,Tpm3_B3,Tmsb4x_T7
Tpm3_M1<==>Rplp0_T2,Tpm3_M1,Rplp0_T2
Tpm3_M1<==>Chchd2_T2,Tpm3_M1,Chchd2_T2
Tpm3_M1<==>Rpl29_B1,Tpm3_M1,Rpl29_B1
Tpm3_M1<==>Rps15_T3,Tpm3_M1,Rps15_T3
Tpm3_M1<==>Igha_M3,Tpm3_M1,Igha_M3
Tpm3_M1<==>Igha_T5,Tpm3_M1,Igha_T5
Tpm3_M1<==>Ighv1-77_B3,Tpm3_M1,Ighv1-77_B3
Tpm3_M1<==>Txndc11_B3,Tpm3_M1,Txndc11_B3
Tpm3_M1<==>Rps2_T3,Tpm3_M1,Rps2_T3
Tpm3_M3<==>Tpm3_M4,Tpm3_M3,Tpm3_M4
Tpm3_M3<==>Cd83_B5,Tpm3_M3,Cd83_B5
Tpm3_M3<==>Rpl10a_T4,Tpm3_M3,Rpl10a_T4
Tpm3_M4<==>Igkv1-135_B0,Tpm3_M4,Igkv1-135_B0
Tpm3_M5<==>Foxp1_B2,Tpm3_M5,Foxp1_B2
Tpm3_M5<==>Cd3e_M5,Tpm3_M5,Cd3e_M5
Tpm3_M5<==>Rpl23_M3,Tpm3_M5,Rpl23_M3
Tpm3_M5<==>Crip1_T4,Tpm3_M5,Crip1_T4
Tpm3_M5<==>Arf4_M4,Tpm3_M5,Arf4_M4
Tpm3_T1<==>Ran_B4,Tpm3_T1,Ran_B4
Tpm3_T1<==>Rab8b_T3,Tpm3_T1,Rab8b_T3
Tpm3_T1<==>Snrpf_B1,Tpm3_T1,Snrpf_B1
Tpm3_T1<==>Snrpf_T1,Tpm3_T1,Snrpf_T1
Tpm3_T1<==>mt-Co3_B5,Tpm3_T1,mt-Co3_B5
Tpm3_T2<==>Tmsb4x_T7,Tpm3_T2,Tmsb4x_T7
Rps27_B1<==>Rps27_B2,Rps27_B1,Rps27_B2
Rps27_B1<==>Rps27_B3,Rps27_B1,Rps27_B3
Rps27_B1<==>Rps27_M3,Rps27_B1,Rps27_M3
Rps27_B1<==>Rps27_T1,Rps27_B1,Rps27_T1
Rps27_B1<==>Rps27_T2,Rps27_B1,Rps27_T2
Rps27_B1<==>Rps20_B5,Rps27_B1,Rps20_B5
Rps27_B1<==>Cdc42_T2,Rps27_B1,Cdc42_T2
Rps27_B1<==>Dnajb6_T1,Rps27_B1,Dnajb6_T1
Rps27_B1<==>Rpl6_B1,Rps27_B1,Rpl6_B1
Rps27_B1<==>Rpl6_B2,Rps27_B1,Rpl6_B2
Rps27_B1<==>Rpl6_T4,Rps27_B1,Rpl6_T4
Rps27_B1<==>Hmgb1_T1,Rps27_B1,Hmgb1_T1
Rps27_B1<==>Igkv4-70_B3,Rps27_B1,Igkv4-70_B3
Rps27_B1<==>Tmsb10_B3,Rps27_B1,Tmsb10_B3
Rps27_B1<==>Clec2d_M1,Rps27_B1,Clec2d_M1
Rps27_B1<==>Coro1a_M3,Rps27_B1,Coro1a_M3
Rps27_B1<==>Taldo1_M0,Rps27_B1,Taldo1_M0
Rps27_B1<==>Map1lc3b_T2,Rps27_B1,Map1lc3b_T2
Rps27_B1<==>Cd3e_T2,Rps27_B1,Cd3e_T2
Rps27_B1<==>Rab8b_T3,Rps27_B1,Rab8b_T3
Rps27_B1<==>Rab8b_T4,Rps27_B1,Rab8b_T4
Rps27_B1<==>Rpl41_B3,Rps27_B1,Rpl41_B3
Rps27_B1<==>Rps7_B1,Rps27_B1,Rps7_B1
Rps27_B1<==>Rps29_T1,Rps27_B1,Rps29_T1
Rps27_B1<==>Rps29_T2,Rps27_B1,Rps29_T2
Rps27_B1<==>Rps29_T6_2,Rps27_B1,Rps29_T6_2
Rps27_B1<==>Ndufb1-ps_M3,Rps27_B1,Ndufb1-ps_M3
Rps27_B1<==>Ndufb1-ps_T2,Rps27_B1,Ndufb1-ps_T2
Rps27_B1<==>Atp5mpl_B3,Rps27_B1,Atp5mpl_B3
Rps27_B1<==>Ighg2c_B2,Rps27_B1,Ighg2c_B2
Rps27_B1<==>Hist1h2ap_T5,Rps27_B1,Hist1h2ap_T5
Rps27_B1<==>Mef2c_B1,Rps27_B1,Mef2c_B1
Rps27_B1<==>Rpl37_T1,Rps27_B1,Rpl37_T1
Rps27_B1<==>Pim1_T2,Rps27_B1,Pim1_T2
Rps27_B1<==>Rps28_M3,Rps27_B1,Rps28_M3
Rps27_B1<==>Rps28_T1,Rps27_B1,Rps28_T1
Rps27_B1<==>Rps28_T2,Rps27_B1,Rps28_T2
Rps27_B1<==>Rpl36_M3,Rps27_B1,Rpl36_M3
Rps27_B1<==>Rpl17_B5,Rps27_B1,Rpl17_B5
Rps27_B1<==>Fau_T2,Rps27_B1,Fau_T2
Rps27_B1<==>Atp5md_B1,Rps27_B1,Atp5md_B1
Rps27_B1<==>Atp5md_T2,Rps27_B1,Atp5md_T2
Rps27_B1<==>Rpl39_B1,Rps27_B1,Rpl39_B1
Rps27_B1<==>Rpl39_B2,Rps27_B1,Rpl39_B2
Rps27_B1<==>Rpl36a_T5,Rps27_B1,Rpl36a_T5
Rps27_B1<==>mt-Co2_T2,Rps27_B1,mt-Co2_T2
Rps27_B1<==>mt-Co2_T6,Rps27_B1,mt-Co2_T6
Rps27_B1<==>mt-Atp6_B3,Rps27_B1,mt-Atp6_B3
Rps27_B1<==>mt-Atp6_T2,Rps27_B1,mt-Atp6_T2
Rps27_B1<==>mt-Atp6_T4,Rps27_B1,mt-Atp6_T4
Rps27_B1<==>mt-Cytb_T2,Rps27_B1,mt-Cytb_T2
Rps27_B2<==>Rps27_B3,Rps27_B2,Rps27_B3
Rps27_B2<==>Rps27_T1,Rps27_B2,Rps27_T1
Rps27_B2<==>Rps27_T2,Rps27_B2,Rps27_T2
Rps27_B2<==>Rpl34_T2,Rps27_B2,Rpl34_T2
Rps27_B2<==>Rps20_B5,Rps27_B2,Rps20_B5
Rps27_B2<==>Selplg_M4,Rps27_B2,Selplg_M4
Rps27_B2<==>Rpl6_B1,Rps27_B2,Rpl6_B1
Rps27_B2<==>Rpl6_B2,Rps27_B2,Rpl6_B2
Rps27_B2<==>Rpl6_T1,Rps27_B2,Rpl6_T1
Rps27_B2<==>Grcc10_M3,Rps27_B2,Grcc10_M3
Rps27_B2<==>Taldo1_M3,Rps27_B2,Taldo1_M3
Rps27_B2<==>Rpl13_B1,Rps27_B2,Rpl13_B1
Rps27_B2<==>Rab8b_T4,Rps27_B2,Rab8b_T4
Rps27_B2<==>Rpl41_M3,Rps27_B2,Rpl41_M3
Rps27_B2<==>Rps7_B1,Rps27_B2,Rps7_B1
Rps27_B2<==>Rps29_T1,Rps27_B2,Rps29_T1
Rps27_B2<==>Rps29_T2,Rps27_B2,Rps29_T2
Rps27_B2<==>Rps29_T7,Rps27_B2,Rps29_T7
Rps27_B2<==>Ighv3-6_B2,Rps27_B2,Ighv3-6_B2
Rps27_B2<==>Ighv1-74_B2,Rps27_B2,Ighv1-74_B2
Rps27_B2<==>Ighv1-78_B3,Rps27_B2,Ighv1-78_B3
Rps27_B2<==>Rpl37_T1,Rps27_B2,Rpl37_T1
Rps27_B2<==>Rpl37_T2,Rps27_B2,Rpl37_T2
Rps27_B2<==>Rps28_M3,Rps27_B2,Rps28_M3
Rps27_B2<==>Rps28_T2,Rps27_B2,Rps28_T2
Rps27_B2<==>Lst1_M0,Rps27_B2,Lst1_M0
Rps27_B2<==>Tnfaip8_M4,Rps27_B2,Tnfaip8_M4
Rps27_B2<==>Fau_T2,Rps27_B2,Fau_T2
Rps27_B2<==>Rpl39_B2,Rps27_B2,Rpl39_B2
Rps27_B2<==>Rpl36a_T5,Rps27_B2,Rpl36a_T5
Rps27_B2<==>mt-Atp6_T2,Rps27_B2,mt-Atp6_T2
Rps27_B3<==>Rps27_M3,Rps27_B3,Rps27_M3
Rps27_B3<==>Rps27_T1,Rps27_B3,Rps27_T1
Rps27_B3<==>Rps27_T2,Rps27_B3,Rps27_T2
Rps27_B3<==>S100a6_M1,Rps27_B3,S100a6_M1
Rps27_B3<==>Rpl34_T2,Rps27_B3,Rpl34_T2
Rps27_B3<==>Runx3_T5,Rps27_B3,Runx3_T5
Rps27_B3<==>Atp5k_M4,Rps27_B3,Atp5k_M4
Rps27_B3<==>Selplg_M4,Rps27_B3,Selplg_M4
Rps27_B3<==>Rpl6_B1,Rps27_B3,Rpl6_B1
Rps27_B3<==>Rpl6_B2,Rps27_B3,Rpl6_B2
Rps27_B3<==>Rpl6_T1,Rps27_B3,Rpl6_T1
Rps27_B3<==>Igkv4-70_B3,Rps27_B3,Igkv4-70_B3
Rps27_B3<==>Igkv12-44_B2,Rps27_B3,Igkv12-44_B2
Rps27_B3<==>Clec2d_M0,Rps27_B3,Clec2d_M0
Rps27_B3<==>Coro1a_M3,Rps27_B3,Coro1a_M3
Rps27_B3<==>Uba52_M3,Rps27_B3,Uba52_M3
Rps27_B3<==>Rpl18a_B1,Rps27_B3,Rpl18a_B1
Rps27_B3<==>Rpl13_T5,Rps27_B3,Rpl13_T5
Rps27_B3<==>Cd3e_T2,Rps27_B3,Cd3e_T2
Rps27_B3<==>Rab8b_T3,Rps27_B3,Rab8b_T3
Rps27_B3<==>Rab8b_T4,Rps27_B3,Rab8b_T4
Rps27_B3<==>Rps29_T1,Rps27_B3,Rps29_T1
Rps27_B3<==>Rps29_T2,Rps27_B3,Rps29_T2
Rps27_B3<==>Rps29_T6_2,Rps27_B3,Rps29_T6_2
Rps27_B3<==>Ndufb1-ps_M3,Rps27_B3,Ndufb1-ps_M3
Rps27_B3<==>Ndufb1-ps_T2,Rps27_B3,Ndufb1-ps_T2
Rps27_B3<==>Rpl37_T1,Rps27_B3,Rpl37_T1
Rps27_B3<==>Rps28_M3,Rps27_B3,Rps28_M3
Rps27_B3<==>Rps28_T1,Rps27_B3,Rps28_T1
Rps27_B3<==>Rps28_T2,Rps27_B3,Rps28_T2
Rps27_B3<==>Rpl36_M3,Rps27_B3,Rpl36_M3
Rps27_B3<==>Rpl17_B5,Rps27_B3,Rpl17_B5
Rps27_B3<==>Malat1_T3,Rps27_B3,Malat1_T3
Rps27_B3<==>Atp5md_B1,Rps27_B3,Atp5md_B1
Rps27_B3<==>Atp5md_T1,Rps27_B3,Atp5md_T1
Rps27_B3<==>Atp5md_T2,Rps27_B3,Atp5md_T2
Rps27_B3<==>Rpl39_B1,Rps27_B3,Rpl39_B1
Rps27_B3<==>Rpl39_B2,Rps27_B3,Rpl39_B2
Rps27_B3<==>Rpl36a_T5,Rps27_B3,Rpl36a_T5
Rps27_B3<==>mt-Co2_T2,Rps27_B3,mt-Co2_T2
Rps27_B3<==>mt-Co2_T5,Rps27_B3,mt-Co2_T5
Rps27_B3<==>mt-Atp8_B3,Rps27_B3,mt-Atp8_B3
Rps27_B3<==>mt-Atp6_T5,Rps27_B3,mt-Atp6_T5
Rps27_B3<==>mt-Co3_T5,Rps27_B3,mt-Co3_T5
Rps27_B3<==>mt-Cytb_T2,Rps27_B3,mt-Cytb_T2
Rps27_M2<==>Rps27_T1,Rps27_M2,Rps27_T1
Rps27_M2<==>Tmem123_T5,Rps27_M2,Tmem123_T5
Rps27_M2<==>Ndufb1-ps_T3,Rps27_M2,Ndufb1-ps_T3
Rps27_M2<==>Rpl24_T7,Rps27_M2,Rpl24_T7
Rps27_M2<==>Cd74_T5,Rps27_M2,Cd74_T5
Rps27_M3<==>Rps27_T1,Rps27_M3,Rps27_T1
Rps27_M3<==>Rps27_T2,Rps27_M3,Rps27_T2
Rps27_M3<==>Rps20_B5,Rps27_M3,Rps20_B5
Rps27_M3<==>Sdf4_B3,Rps27_M3,Sdf4_B3
Rps27_M3<==>Jchain_M3,Rps27_M3,Jchain_M3
Rps27_M3<==>Rpl6_B1,Rps27_M3,Rpl6_B1
Rps27_M3<==>Rpl6_B2,Rps27_M3,Rpl6_B2
Rps27_M3<==>Rpl6_T5,Rps27_M3,Rpl6_T5
Rps27_M3<==>Igkv4-70_B3,Rps27_M3,Igkv4-70_B3
Rps27_M3<==>Cd3e_T2,Rps27_M3,Cd3e_T2
Rps27_M3<==>Ctsh_M3,Rps27_M3,Ctsh_M3
Rps27_M3<==>Rps29_T1,Rps27_M3,Rps29_T1
Rps27_M3<==>Rps29_T2,Rps27_M3,Rps29_T2
Rps27_M3<==>Rps29_T6_2,Rps27_M3,Rps29_T6_2
Rps27_M3<==>Ndufb1-ps_M3,Rps27_M3,Ndufb1-ps_M3
Rps27_M3<==>Ndufb1-ps_T2,Rps27_M3,Ndufb1-ps_T2
Rps27_M3<==>Mef2c_B1,Rps27_M3,Mef2c_B1
Rps27_M3<==>Rpl37_M3,Rps27_M3,Rpl37_M3
Rps27_M3<==>Rpl37_T1,Rps27_M3,Rpl37_T1
Rps27_M3<==>Hnrnpa1_T7,Rps27_M3,Hnrnpa1_T7
Rps27_M3<==>Cox17_M0,Rps27_M3,Cox17_M0
Rps27_M3<==>Rps28_M3,Rps27_M3,Rps28_M3
Rps27_M3<==>Rps28_T1,Rps27_M3,Rps28_T1
Rps27_M3<==>Rps28_T2,Rps27_M3,Rps28_T2
Rps27_M3<==>Gpsm3_M4,Rps27_M3,Gpsm3_M4
Rps27_M3<==>Rpl36_M3,Rps27_M3,Rpl36_M3
Rps27_M3<==>Rpl17_B5,Rps27_M3,Rpl17_B5
Rps27_M3<==>Malat1_T2,Rps27_M3,Malat1_T2
Rps27_M3<==>Fau_T2,Rps27_M3,Fau_T2
Rps27_M3<==>Atp5md_B1,Rps27_M3,Atp5md_B1
Rps27_M3<==>Atp5md_T2,Rps27_M3,Atp5md_T2
Rps27_M3<==>Rpl39_B1,Rps27_M3,Rpl39_B1
Rps27_M3<==>Rpl39_B2,Rps27_M3,Rpl39_B2
Rps27_M3<==>mt-Co2_B3,Rps27_M3,mt-Co2_B3
Rps27_M3<==>mt-Co2_T2,Rps27_M3,mt-Co2_T2
Rps27_M3<==>mt-Atp6_B3,Rps27_M3,mt-Atp6_B3
Rps27_M3<==>mt-Atp6_B5,Rps27_M3,mt-Atp6_B5
Rps27_M3<==>mt-Cytb_B3,Rps27_M3,mt-Cytb_B3
Rps27_M3<==>mt-Cytb_T2,Rps27_M3,mt-Cytb_T2
Rps27_T1<==>Rps27_T2,Rps27_T1,Rps27_T2
Rps27_T1<==>Sdf4_B3,Rps27_T1,Sdf4_B3
Rps27_T1<==>Rpl6_B1,Rps27_T1,Rpl6_B1
Rps27_T1<==>Rpl6_B2,Rps27_T1,Rpl6_B2
Rps27_T1<==>Rpl6_T1,Rps27_T1,Rpl6_T1
Rps27_T1<==>Rpl6_T4,Rps27_T1,Rpl6_T4
Rps27_T1<==>Igkv4-70_B3,Rps27_T1,Igkv4-70_B3
Rps27_T1<==>Taldo1_M3,Rps27_T1,Taldo1_M3
Rps27_T1<==>Rpl18a_B1,Rps27_T1,Rpl18a_B1
Rps27_T1<==>Cd3e_T2,Rps27_T1,Cd3e_T2
Rps27_T1<==>Sqstm1_B3,Rps27_T1,Sqstm1_B3
Rps27_T1<==>Grb2_B1,Rps27_T1,Grb2_B1
Rps27_T1<==>Rps7_B1,Rps27_T1,Rps7_B1
Rps27_T1<==>Rps29_T1,Rps27_T1,Rps29_T1
Rps27_T1<==>Rps29_T2,Rps27_T1,Rps29_T2
Rps27_T1<==>Rps29_T6_2,Rps27_T1,Rps29_T6_2
Rps27_T1<==>Ighg2c_B2,Rps27_T1,Ighg2c_B2
Rps27_T1<==>Mef2c_B1,Rps27_T1,Mef2c_B1
Rps27_T1<==>Rpl37_T1,Rps27_T1,Rpl37_T1
Rps27_T1<==>Rpl35a_T4,Rps27_T1,Rpl35a_T4
Rps27_T1<==>Rps28_M3,Rps27_T1,Rps28_M3
Rps27_T1<==>Rps28_T1,Rps27_T1,Rps28_T1
Rps27_T1<==>Rps28_T2,Rps27_T1,Rps28_T2
Rps27_T1<==>Rpl36_T5,Rps27_T1,Rpl36_T5
Rps27_T1<==>Malat1_T3,Rps27_T1,Malat1_T3
Rps27_T1<==>Fau_T2,Rps27_T1,Fau_T2
Rps27_T1<==>Fkbp2_B3,Rps27_T1,Fkbp2_B3
Rps27_T1<==>Ms4a7_M1,Rps27_T1,Ms4a7_M1
Rps27_T1<==>Rpl39_B2,Rps27_T1,Rpl39_B2
Rps27_T1<==>Rpl39_B5,Rps27_T1,Rpl39_B5
Rps27_T1<==>mt-Co2_T2,Rps27_T1,mt-Co2_T2
Rps27_T1<==>mt-Co2_T6,Rps27_T1,mt-Co2_T6
Rps27_T1<==>mt-Atp8_B1,Rps27_T1,mt-Atp8_B1
Rps27_T1<==>mt-Atp6_B5,Rps27_T1,mt-Atp6_B5
Rps27_T1<==>mt-Atp6_T2,Rps27_T1,mt-Atp6_T2
Rps27_T1<==>mt-Cytb_T2,Rps27_T1,mt-Cytb_T2
Rps27_T2<==>Rpl34_T2,Rps27_T2,Rpl34_T2
Rps27_T2<==>Selplg_M4,Rps27_T2,Selplg_M4
Rps27_T2<==>Rpl6_B1,Rps27_T2,Rpl6_B1
Rps27_T2<==>Rpl6_B2,Rps27_T2,Rpl6_B2
Rps27_T2<==>Hmgb1_T1,Rps27_T2,Hmgb1_T1
Rps27_T2<==>Igkv4-70_B3,Rps27_T2,Igkv4-70_B3
Rps27_T2<==>Coro1a_M3,Rps27_T2,Coro1a_M3
Rps27_T2<==>Rab8b_T4,Rps27_T2,Rab8b_T4
Rps27_T2<==>Rpl41_M3,Rps27_T2,Rpl41_M3
Rps27_T2<==>Sec61g_B3,Rps27_T2,Sec61g_B3
Rps27_T2<==>Rps7_B1,Rps27_T2,Rps7_B1
Rps27_T2<==>Rps29_T1,Rps27_T2,Rps29_T1
Rps27_T2<==>Rps29_T2,Rps27_T2,Rps29_T2
Rps27_T2<==>Rps29_T6_2,Rps27_T2,Rps29_T6_2
Rps27_T2<==>Ndufb1-ps_M3,Rps27_T2,Ndufb1-ps_M3
Rps27_T2<==>Itm2b_M1,Rps27_T2,Itm2b_M1
Rps27_T2<==>Rpl37_T1,Rps27_T2,Rpl37_T1
Rps27_T2<==>Rpl37_T2,Rps27_T2,Rpl37_T2
Rps27_T2<==>Rpl37_T5,Rps27_T2,Rpl37_T5
Rps27_T2<==>Ly6e_M0,Rps27_T2,Ly6e_M0
Rps27_T2<==>Rps28_M3,Rps27_T2,Rps28_M3
Rps27_T2<==>Rps28_T1,Rps27_T2,Rps28_T1
Rps27_T2<==>Rps28_T2,Rps27_T2,Rps28_T2
Rps27_T2<==>Rpl36_T5,Rps27_T2,Rpl36_T5
Rps27_T2<==>Calm2_T2,Rps27_T2,Calm2_T2
Rps27_T2<==>Malat1_T3,Rps27_T2,Malat1_T3
Rps27_T2<==>Fau_T2,Rps27_T2,Fau_T2
Rps27_T2<==>Fth1_B1,Rps27_T2,Fth1_B1
Rps27_T2<==>Ms4a7_M1,Rps27_T2,Ms4a7_M1
Rps27_T2<==>Rpl39_B1,Rps27_T2,Rpl39_B1
Rps27_T2<==>Rpl39_B2,Rps27_T2,Rpl39_B2
Rps27_T2<==>Rpl39_B5,Rps27_T2,Rpl39_B5
Rps27_T2<==>P2ry10_M4,Rps27_T2,P2ry10_M4
Rps27_T2<==>Rpl36a_T5,Rps27_T2,Rpl36a_T5
Rps27_T2<==>mt-Co2_B3,Rps27_T2,mt-Co2_B3
Rps27_T2<==>mt-Co2_T6,Rps27_T2,mt-Co2_T6
Rps27_T2<==>mt-Atp6_T4,Rps27_T2,mt-Atp6_T4
Rps27_T2<==>mt-Cytb_T2,Rps27_T2,mt-Cytb_T2
Rps27_T6_2<==>Selplg_M4,Rps27_T6_2,Selplg_M4
Rps27_T6_2<==>Igkv12-44_B2,Rps27_T6_2,Igkv12-44_B2
Rps27_T6_2<==>Rps29_T6_2,Rps27_T6_2,Rps29_T6_2
Rps27_T6_2<==>Ighv2-9_B2,Rps27_T6_2,Ighv2-9_B2
Rps27_T6_2<==>Csf2rb_M4,Rps27_T6_2,Csf2rb_M4
Rps27_T6_2<==>Samsn1_T7,Rps27_T6_2,Samsn1_T7
S100a4_M3<==>Cd47_M3,S100a4_M3,Cd47_M3
S100a4_T2<==>Ighv5-6_B5,S100a4_T2,Ighv5-6_B5
S100a4_T4<==>Mkrn1_M3,S100a4_T4,Mkrn1_M3
S100a4_T4<==>Eif5_M3,S100a4_T4,Eif5_M3
S100a4_T5<==>S100a6_T5,S100a4_T5,S100a6_T5
S100a4_T5<==>Atp5d_M3,S100a4_T5,Atp5d_M3
S100a4_T5<==>Rbx1_B4,S100a4_T5,Rbx1_B4
S100a4_T7<==>Prkar1a_M1,S100a4_T7,Prkar1a_M1
S100a4_T7<==>Fem1c_M1,S100a4_T7,Fem1c_M1
S100a6_M0<==>Tpm4_B1,S100a6_M0,Tpm4_B1
S100a6_M0<==>Malat1_T4,S100a6_M0,Malat1_T4
S100a6_M1<==>Txn1_M1,S100a6_M1,Txn1_M1
S100a6_M1<==>C1qc_M1,S100a6_M1,C1qc_M1
S100a6_M1<==>Dnajb6_T1,S100a6_M1,Dnajb6_T1
S100a6_M1<==>Rpl6_B2,S100a6_M1,Rpl6_B2
S100a6_M1<==>Igkv1-117_B1,S100a6_M1,Igkv1-117_B1
S100a6_M1<==>Igkv4-70_B3,S100a6_M1,Igkv4-70_B3
S100a6_M1<==>Cd81_M1,S100a6_M1,Cd81_M1
S100a6_M1<==>Rpl13_B1,S100a6_M1,Rpl13_B1
S100a6_M1<==>Rpl41_M3,S100a6_M1,Rpl41_M3
S100a6_M1<==>Rpl19_M1,S100a6_M1,Rpl19_M1
S100a6_M1<==>Rps29_T1,S100a6_M1,Rps29_T1
S100a6_M1<==>Rps29_T6_2,S100a6_M1,Rps29_T6_2
S100a6_M1<==>Rps29_T7,S100a6_M1,Rps29_T7
S100a6_M1<==>Ndufb1-ps_B5,S100a6_M1,Ndufb1-ps_B5
S100a6_M1<==>Ndufb1-ps_M3,S100a6_M1,Ndufb1-ps_M3
S100a6_M1<==>Ndufb1-ps_T2,S100a6_M1,Ndufb1-ps_T2
S100a6_M1<==>Lgmn_M1,S100a6_M1,Lgmn_M1
S100a6_M1<==>Rpl37_T1,S100a6_M1,Rpl37_T1
S100a6_M1<==>Ly6e_B3,S100a6_M1,Ly6e_B3
S100a6_M1<==>Ly6e_M0,S100a6_M1,Ly6e_M0
S100a6_M1<==>Msrb1_M1,S100a6_M1,Msrb1_M1
S100a6_M1<==>Unc93b1_M1,S100a6_M1,Unc93b1_M1
S100a6_M1<==>Ms4a7_M1,S100a6_M1,Ms4a7_M1
S100a6_M1<==>Rpl39_B2,S100a6_M1,Rpl39_B2
S100a6_M1<==>Rpl39_B5,S100a6_M1,Rpl39_B5
S100a6_M1<==>P2ry10_M4,S100a6_M1,P2ry10_M4
S100a6_M1<==>mt-Nd1_T6,S100a6_M1,mt-Nd1_T6
S100a6_M1<==>mt-Co2_T6,S100a6_M1,mt-Co2_T6
S100a6_M1<==>mt-Atp6_T4,S100a6_M1,mt-Atp6_T4
S100a6_M1<==>mt-Atp6_T5,S100a6_M1,mt-Atp6_T5
S100a6_M3<==>Sec61b_M3,S100a6_M3,Sec61b_M3
S100a6_M3<==>Elk3_O10,S100a6_M3,Elk3_O10
S100a6_M3<==>Ighv2-9-1_B3,S100a6_M3,Ighv2-9-1_B3
S100a6_M3<==>Ighv8-5_B3,S100a6_M3,Ighv8-5_B3
S100a6_M3<==>Ighv1-25_B3,S100a6_M3,Ighv1-25_B3
S100a6_M5<==>Pkm_M3,S100a6_M5,Pkm_M3
S100a6_M5<==>Skap1_T5,S100a6_M5,Skap1_T5
S100a6_M5<==>Rps29_M2,S100a6_M5,Rps29_M2
S100a6_M5<==>Rps2_B5,S100a6_M5,Rps2_B5
S100a6_M5<==>Gm42418_M1,S100a6_M5,Gm42418_M1
S100a6_T4<==>Hmgb2_M0,S100a6_T4,Hmgb2_M0
S100a6_T4<==>Ighg1_B4,S100a6_T4,Ighg1_B4
S100a6_T4<==>Sdf2l1_T5,S100a6_T4,Sdf2l1_T5
S100a6_T4<==>Ranbp1_M3,S100a6_T4,Ranbp1_M3
S100a6_T4<==>Cox17_T4,S100a6_T4,Cox17_T4
S100a6_T4<==>Ifnar2_B3,S100a6_T4,Ifnar2_B3
S100a6_T4<==>Grk2_M4,S100a6_T4,Grk2_M4
S100a6_T4<==>Rps4x_T3,S100a6_T4,Rps4x_T3
S100a6_T5<==>Naaa_M4,S100a6_T5,Naaa_M4
S100a9_M2<==>Mxd1_M3,S100a9_M2,Mxd1_M3
S100a9_M2<==>Rnh1_M5,S100a9_M2,Rnh1_M5
S100a9_M2<==>Bcl2a1b_M2,S100a9_M2,Bcl2a1b_M2
S100a9_M2<==>Atp2b1_M2,S100a9_M2,Atp2b1_M2
S100a9_M2<==>Retnlg_M2,S100a9_M2,Retnlg_M2
S100a11_B1<==>Eif4e_M3,S100a11_B1,Eif4e_M3
S100a11_B1<==>Lyn_M7,S100a11_B1,Lyn_M7
S100a11_B1<==>Cd52_B1,S100a11_B1,Cd52_B1
S100a11_B1<==>Bri3_B5,S100a11_B1,Bri3_B5
S100a11_B1<==>Pomp_B4,S100a11_B1,Pomp_B4
S100a11_B1<==>Foxp1_B2,S100a11_B1,Foxp1_B2
S100a11_B1<==>Srgn_T4,S100a11_B1,Srgn_T4
S100a11_B1<==>Hsp90b1_B1,S100a11_B1,Hsp90b1_B1
S100a11_B1<==>Snf8_T5,S100a11_B1,Snf8_T5
S100a11_B1<==>Calm1_T6,S100a11_B1,Calm1_T6
S100a11_B1<==>Basp1_M5,S100a11_B1,Basp1_M5
S100a11_B1<==>H2-K1_B2,S100a11_B1,H2-K1_B2
S100a11_B1<==>Cebpz_B1,S100a11_B1,Cebpz_B1
S100a11_B1<==>Crem_T3,S100a11_B1,Crem_T3
S100a11_B1<==>Ostf1_T7,S100a11_B1,Ostf1_T7
S100a11_B1<==>Got1_T2,S100a11_B1,Got1_T2
S100a11_B3<==>Tgoln1_M0,S100a11_B3,Tgoln1_M0
S100a11_M1<==>Rps20_M1,S100a11_M1,Rps20_M1
S100a11_M1<==>Prdx1_M0,S100a11_M1,Prdx1_M0
S100a11_M1<==>Eif3f_M1,S100a11_M1,Eif3f_M1
S100a11_M1<==>Jmjd1c_M1,S100a11_M1,Jmjd1c_M1
S100a11_M1<==>Ifi27l2a_B4,S100a11_M1,Ifi27l2a_B4
S100a11_M1<==>Ly6e_M1,S100a11_M1,Ly6e_M1
S100a11_M3<==>Rilpl2_M3,S100a11_M3,Rilpl2_M3
S100a11_M3<==>Igkc_B6_0,S100a11_M3,Igkc_B6_0
S100a11_M3<==>Iqgap1_M3,S100a11_M3,Iqgap1_M3
S100a11_M3<==>Srsf2_B5,S100a11_M3,Srsf2_B5
S100a11_M3<==>Laptm4a_M0,S100a11_M3,Laptm4a_M0
S100a11_M3<==>Calm1_B2,S100a11_M3,Calm1_B2
S100a11_M3<==>Ighv1-50_B3,S100a11_M3,Ighv1-50_B3
S100a11_M3<==>Mycbp2_B1,S100a11_M3,Mycbp2_B1
S100a11_M3<==>Csf2rb_M5,S100a11_M3,Csf2rb_M5
S100a11_M3<==>Iglc2_B6_0,S100a11_M3,Iglc2_B6_0
S100a11_M3<==>Ptprcap_B1,S100a11_M3,Ptprcap_B1
S100a11_M4<==>Ptp4a2_B3,S100a11_M4,Ptp4a2_B3
S100a11_M4<==>Rpl5_T2,S100a11_M4,Rpl5_T2
S100a11_M4<==>Ramp3_T7,S100a11_M4,Ramp3_T7
S100a11_M4<==>Stat3_T5,S100a11_M4,Stat3_T5
S100a11_M4<==>Prkar1a_T3,S100a11_M4,Prkar1a_T3
S100a11_M4<==>Npc2_M3,S100a11_M4,Npc2_M3
S100a11_M4<==>Iglv1_B0,S100a11_M4,Iglv1_B0
S100a11_M7<==>Akr1a1_M0,S100a11_M7,Akr1a1_M0
S100a11_M7<==>Igkv6-13_B3,S100a11_M7,Igkv6-13_B3
S100a11_M7<==>Rpsa_B2,S100a11_M7,Rpsa_B2
S100a11_T1<==>Cdc42_T1,S100a11_T1,Cdc42_T1
S100a11_T1<==>Ighv1-74_B1,S100a11_T1,Ighv1-74_B1
S100a11_T1<==>Emilin2_M1,S100a11_T1,Emilin2_M1
S100a11_T1<==>Smchd1_B4,S100a11_T1,Smchd1_B4
S100a10_B1<==>Gadd45b_M3,S100a10_B1,Gadd45b_M3
S100a10_B1<==>Npm1_M3,S100a10_B1,Npm1_M3
S100a10_B1<==>Ighv1-50_B3,S100a10_B1,Ighv1-50_B3
S100a10_B1<==>Gdi2_M3,S100a10_B1,Gdi2_M3
S100a10_B3<==>Cdc42_B3,S100a10_B3,Cdc42_B3
S100a10_B3<==>Arpc3_M2,S100a10_B3,Arpc3_M2
S100a10_B3<==>Bola3_T5,S100a10_B3,Bola3_T5
S100a10_B3<==>Cd9_M3,S100a10_B3,Cd9_M3
S100a10_B3<==>Hspa8_M3,S100a10_B3,Hspa8_M3
S100a10_B3<==>Man1a_B3,S100a10_B3,Man1a_B3
S100a10_B3<==>Pttg1ip_M4,S100a10_B3,Pttg1ip_M4
S100a10_B3<==>Tbc1d15_B3,S100a10_B3,Tbc1d15_B3
S100a10_B3<==>Nfkbia_O10,S100a10_B3,Nfkbia_O10
S100a10_B3<==>Ighv9-2_B3,S100a10_B3,Ighv9-2_B3
S100a10_B3<==>Basp1_B3,S100a10_B3,Basp1_B3
S100a10_T1<==>Ube2d3_T2,S100a10_T1,Ube2d3_T2
S100a10_T1<==>Sh3bgrl3_T1,S100a10_T1,Sh3bgrl3_T1
S100a10_T1<==>Alox5ap_M5,S100a10_T1,Alox5ap_M5
S100a10_T1<==>Arhgdib_T1,S100a10_T1,Arhgdib_T1
S100a10_T2<==>Micos10_M0,S100a10_T2,Micos10_M0
S100a10_T2<==>Ifitm2_M3,S100a10_T2,Ifitm2_M3
S100a10_T2<==>Hexa_M4,S100a10_T2,Hexa_M4
S100a10_T2<==>AW112010_M4,S100a10_T2,AW112010_M4
Psmb4_M0<==>Capg_M0,Psmb4_M0,Capg_M0
Psmb4_M0<==>Cox6b1_M0,Psmb4_M0,Cox6b1_M0
Psmb4_M0<==>Atp5g1_M0,Psmb4_M0,Atp5g1_M0
Psmb4_M0<==>Tmem14c_M0,Psmb4_M0,Tmem14c_M0
Psmb4_M0<==>Rbx1_M0,Psmb4_M0,Rbx1_M0
Psmb4_M3<==>H2afz_B3,Psmb4_M3,H2afz_B3
Psmb4_M3<==>Tspan13_B3,Psmb4_M3,Tspan13_B3
Psmb4_T5<==>Pnisr_B1,Psmb4_T5,Pnisr_B1
Psmb4_T5<==>Rpl6_M3,Psmb4_T5,Rpl6_M3
Psmb4_T5<==>Chchd2_T5,Psmb4_T5,Chchd2_T5
Psmb4_T5<==>Ndufa13_B1,Psmb4_T5,Ndufa13_B1
Psmb4_T5<==>Eef1a1_B4,Psmb4_T5,Eef1a1_B4
Psmb4_T5<==>Fyn_M4,Psmb4_T5,Fyn_M4
Psmb4_T5<==>Rpl24_M3,Psmb4_T5,Rpl24_M3
Psmb4_T5<==>Usp9x_M4,Psmb4_T5,Usp9x_M4
Psmd4_M0<==>Igkc_M0,Psmd4_M0,Igkc_M0
Psmd4_M3<==>Rpl30_M3,Psmd4_M3,Rpl30_M3
Psmd4_M4<==>Selenop_M1,Psmd4_M4,Selenop_M1
Cdc42se1_M4<==>Mkrn1_M3,Cdc42se1_M4,Mkrn1_M3
Ctss_B1<==>Rheb_M3,Ctss_B1,Rheb_M3
Ctss_B1<==>Arpc1b_B2,Ctss_B1,Arpc1b_B2
Ctss_B1<==>Igkv3-1_B7,Ctss_B1,Igkv3-1_B7
Ctss_B1<==>Rps19_M3,Ctss_B1,Rps19_M3
Ctss_B1<==>Rpl18_M3,Ctss_B1,Rpl18_M3
Ctss_B1<==>Tm6sf1_M3,Ctss_B1,Tm6sf1_M3
Ctss_B1<==>Hspa8_B5,Ctss_B1,Hspa8_B5
Ctss_B1<==>Rpl4_T3,Ctss_B1,Rpl4_T3
Ctss_B1<==>Plekho2_M1,Ctss_B1,Plekho2_M1
Ctss_B1<==>Manf_M0,Ctss_B1,Manf_M0
Ctss_B1<==>Gpx1_M0,Ctss_B1,Gpx1_M0
Ctss_B1<==>Cd164_M0,Ctss_B1,Cd164_M0
Ctss_B1<==>Rpl19_M3,Ctss_B1,Rpl19_M3
Ctss_B1<==>Pdia6_O7,Ctss_B1,Pdia6_O7
Ctss_B1<==>Id2_T2,Ctss_B1,Id2_T2
Ctss_B1<==>Hnrnpc_M5,Ctss_B1,Hnrnpc_M5
Ctss_B1<==>Dad1_B5,Ctss_B1,Dad1_B5
Ctss_B1<==>Scara5_O7,Ctss_B1,Scara5_O7
Ctss_B1<==>Igfbp6_O7,Ctss_B1,Igfbp6_O7
Ctss_B1<==>Rps14_T5,Ctss_B1,Rps14_T5
Ctss_B1<==>Rpl17_T3,Ctss_B1,Rpl17_T3
Ctss_B2<==>Tax1bp1_B2,Ctss_B2,Tax1bp1_B2
Ctss_B2<==>Cox7a2_T4,Ctss_B2,Cox7a2_T4
Ctss_B2<==>Uqcr11_M0,Ctss_B2,Uqcr11_M0
Ctss_B2<==>Rack1_B1,Ctss_B2,Rack1_B1
Ctss_B2<==>Rbm3_T2,Ctss_B2,Rbm3_T2
Ctss_B2<==>mt-Nd4l_B3,Ctss_B2,mt-Nd4l_B3
Ctss_B3<==>Txn1_T1,Ctss_B3,Txn1_T1
Ctss_B3<==>Itgax_M3,Ctss_B3,Itgax_M3
Ctss_B3<==>Rpl23_M2,Ctss_B3,Rpl23_M2
Ctss_B3<==>Gm42418_M1,Ctss_B3,Gm42418_M1
Ctss_B5<==>Arap2_T5,Ctss_B5,Arap2_T5
Ctss_B5<==>Dock2_M4,Ctss_B5,Dock2_M4
Ctss_B5<==>Atp6ap2_M0,Ctss_B5,Atp6ap2_M0
Ctss_M0<==>Bhlhe40_T3,Ctss_M0,Bhlhe40_T3
Ctss_M0<==>Rps26_M0,Ctss_M0,Rps26_M0
Ctss_M0<==>Pld4_M0,Ctss_M0,Pld4_M0
Ctss_M0<==>Lst1_M0,Ctss_M0,Lst1_M0
Ctss_M0<==>Unc93b1_M0,Ctss_M0,Unc93b1_M0
Ctss_M1<==>C1qc_M1,Ctss_M1,C1qc_M1
Ctss_M1<==>C1qa_M1,Ctss_M1,C1qa_M1
Ctss_M1<==>Apoe_M0,Ctss_M1,Apoe_M0
Ctss_M1<==>Rpl36al_B4,Ctss_M1,Rpl36al_B4
Ctss_M1<==>Ighv1-78_B3,Ctss_M1,Ighv1-78_B3
Ctss_M1<==>H2-DMb1_M1,Ctss_M1,H2-DMb1_M1
Ctss_M3<==>Gimap6_B4,Ctss_M3,Gimap6_B4
Ctss_M3<==>Rpl32_B2,Ctss_M3,Rpl32_B2
Ctss_M3<==>Ndufb1-ps_T2,Ctss_M3,Ndufb1-ps_T2
Ctss_M3<==>mt-Atp6_B1,Ctss_M3,mt-Atp6_B1
Ctss_M4<==>H2-D1_O10,Ctss_M4,H2-D1_O10
Ctss_M5<==>Psma5_M5,Ctss_M5,Psma5_M5
Ctss_M5<==>Zyx_M5,Ctss_M5,Zyx_M5
Ctss_M5<==>Napsa_M4,Ctss_M5,Napsa_M4
Ctss_M5<==>Lamp1_M5,Ctss_M5,Lamp1_M5
Ctss_M5<==>Cyba_M5,Ctss_M5,Cyba_M5
Ctss_M5<==>Cd3d_M5,Ctss_M5,Cd3d_M5
Ctss_M5<==>Mif_M5,Ctss_M5,Mif_M5
Ctss_M5<==>Npc2_M5,Ctss_M5,Npc2_M5
Mcl1_B1<==>Akr1a1_B4,Mcl1_B1,Akr1a1_B4
Mcl1_B1<==>Pomp_B4,Mcl1_B1,Pomp_B4
Mcl1_B1<==>Aebp2_T2,Mcl1_B1,Aebp2_T2
Mcl1_B1<==>Fus_M0,Mcl1_B1,Fus_M0
Mcl1_B1<==>Rab1a_M3,Mcl1_B1,Rab1a_M3
Mcl1_B1<==>Crip1_T4,Mcl1_B1,Crip1_T4
Mcl1_B1<==>Myl12b_T5,Mcl1_B1,Myl12b_T5
Mcl1_B1<==>Csnk1a1_T2,Mcl1_B1,Csnk1a1_T2
Mcl1_B1<==>Mbd2_T4,Mcl1_B1,Mbd2_T4
Mcl1_B1<==>Got1_T2,Mcl1_B1,Got1_T2
Mcl1_B1<==>Ssr4_B1,Mcl1_B1,Ssr4_B1
Mcl1_B3<==>Pim1_B3,Mcl1_B3,Pim1_B3
Mcl1_M2<==>Txn1_M0,Mcl1_M2,Txn1_M0
Mcl1_M2<==>Rhoa_M0,Mcl1_M2,Rhoa_M0
Mcl1_M2<==>Atp5g1_M0,Mcl1_M2,Atp5g1_M0
Mcl1_M2<==>Atp6v0c_M5,Mcl1_M2,Atp6v0c_M5
Mcl1_M2<==>Psmb8_T5,Mcl1_M2,Psmb8_T5
Mcl1_M2<==>Pgk1_M0,Mcl1_M2,Pgk1_M0
Mcl1_M3<==>Fyn_M4,Mcl1_M3,Fyn_M4
Mcl1_M3<==>Adam19_M4,Mcl1_M3,Adam19_M4
Mcl1_M4<==>Prdx1_M0,Mcl1_M4,Prdx1_M0
Mcl1_M4<==>Arih2_M1,Mcl1_M4,Arih2_M1
Mcl1_M4<==>Igha_M2,Mcl1_M4,Igha_M2
Mcl1_M4<==>Ablim1_M7,Mcl1_M4,Ablim1_M7
Mcl1_T1<==>Cd47_T1,Mcl1_T1,Cd47_T1
Mcl1_T1<==>Rps2_B4,Mcl1_T1,Rps2_B4
Mcl1_T1<==>Myl12b_T5,Mcl1_T1,Myl12b_T5
Mcl1_T1<==>AW112010_T3,Mcl1_T1,AW112010_T3
Mcl1_T2<==>Gng10_B4,Mcl1_T2,Gng10_B4
Mcl1_T2<==>Bst2_B3,Mcl1_T2,Bst2_B3
Mcl1_T2<==>Rps15_T3,Mcl1_T2,Rps15_T3
Mcl1_T2<==>Ltb_B1,Mcl1_T2,Ltb_B1
Mcl1_T2<==>Ms4a4b_T0,Mcl1_T2,Ms4a4b_T0
Mcl1_T3<==>Clta_M4,Mcl1_T3,Clta_M4
Mcl1_T3<==>Capns1_M0,Mcl1_T3,Capns1_M0
Mcl1_T3<==>Clint1_T2,Mcl1_T3,Clint1_T2
Mcl1_T3<==>Tapbp_M0,Mcl1_T3,Tapbp_M0
Mcl1_T3<==>AY036118_B1,Mcl1_T3,AY036118_B1
Mcl1_T3<==>Cox8a_B2,Mcl1_T3,Cox8a_B2
Mcl1_T4<==>Cox4i1_B1,Mcl1_T4,Cox4i1_B1
Mcl1_T4<==>Rpl29_M0,Mcl1_T4,Rpl29_M0
Mcl1_T4<==>Eif3e_B1,Mcl1_T4,Eif3e_B1
Mcl1_T4<==>Ifnar2_M3,Mcl1_T4,Ifnar2_M3
Mcl1_T5<==>Clec2d_M1,Mcl1_T5,Clec2d_M1
Mcl1_T5<==>Uba52_M3,Mcl1_T5,Uba52_M3
Mcl1_T5<==>Rab8b_M5,Mcl1_T5,Rab8b_M5
Mcl1_T5<==>Itgb2_M5,Mcl1_T5,Itgb2_M5
Mcl1_T5<==>mt-Nd1_B3,Mcl1_T5,mt-Nd1_B3
BC028528_M4<==>Gabarapl2_B3,BC028528_M4,Gabarapl2_B3
BC028528_M4<==>H2-D1_M4,BC028528_M4,H2-D1_M4
Anp32e_M4<==>H2-Q7_T5,Anp32e_M4,H2-Q7_T5
Plekho1_B4<==>Scp2_M3,Plekho1_B4,Scp2_M3
Plekho1_B4<==>Arpc4_B4,Plekho1_B4,Arpc4_B4
Plekho1_B4<==>Wnk1_T1,Plekho1_B4,Wnk1_T1
Plekho1_B4<==>Map1lc3b_B1,Plekho1_B4,Map1lc3b_B1
Plekho1_B4<==>Spag9_B5,Plekho1_B4,Spag9_B5
Plekho1_B4<==>Sumo2_B5,Plekho1_B4,Sumo2_B5
Plekho1_B4<==>Pak2_T1,Plekho1_B4,Pak2_T1
Plekho1_B4<==>Son_B2,Plekho1_B4,Son_B2
Plekho1_M3<==>Rpl32_M3,Plekho1_M3,Rpl32_M3
Plekho1_M3<==>Kras_B2,Plekho1_M3,Kras_B2
Plekho1_M3<==>Arf1_T1,Plekho1_M3,Arf1_T1
Plekho1_M3<==>Npc2_M3,Plekho1_M3,Npc2_M3
Plekho1_M3<==>Il7r_T4,Plekho1_M3,Il7r_T4
Plekho1_M3<==>Pgk1_M5,Plekho1_M3,Pgk1_M5
Plekho1_M4<==>Ahr_M1,Plekho1_M4,Ahr_M1
Plekho1_M4<==>Ndufb8_M0,Plekho1_M4,Ndufb8_M0
Plekho1_M4<==>mt-Nd2_M3,Plekho1_M4,mt-Nd2_M3
Txnip_M2<==>Pfn1_T0,Txnip_M2,Pfn1_T0
Txnip_M2<==>Lgals1_T2,Txnip_M2,Lgals1_T2
Phgdh_B3<==>Rpl6_M3,Phgdh_B3,Rpl6_M3
Phgdh_B3<==>Polr1d_T4,Phgdh_B3,Polr1d_T4
Phgdh_B3<==>Selenow_T4,Phgdh_B3,Selenow_T4
Phgdh_B3<==>Tmsb4x_T7,Phgdh_B3,Tmsb4x_T7
Tent5c_M5<==>Chchd2_T2,Tent5c_M5,Chchd2_T2
Tent5c_M5<==>Grn_M5,Tent5c_M5,Grn_M5
Tent5c_M5<==>Igha_B2,Tent5c_M5,Igha_B2
Tent5c_M5<==>Dnajc15_T5,Tent5c_M5,Dnajc15_T5
Tent5c_M5<==>Tmbim6_M2,Tent5c_M5,Tmbim6_M2
Cd2_T1<==>Tnfrsf4_T1,Cd2_T1,Tnfrsf4_T1
Cd2_T1<==>Ptms_M4,Cd2_T1,Ptms_M4
Cd2_T1<==>Kras_T1,Cd2_T1,Kras_T1
Cd2_T1<==>Ubl5_T5,Cd2_T1,Ubl5_T5
Cd2_T1<==>Sept7_T1,Cd2_T1,Sept7_T1
Cd2_T1<==>Rpsa_M3,Cd2_T1,Rpsa_M3
Cd2_T1<==>Eif4a1_B5,Cd2_T1,Eif4a1_B5
Cd2_T1<==>Nme2_B5,Cd2_T1,Nme2_B5
Cd2_T1<==>Sumo2_B5,Cd2_T1,Sumo2_B5
Cd2_T1<==>Srsf2_B5,Cd2_T1,Srsf2_B5
Cd2_T1<==>Hif1a_T1,Cd2_T1,Hif1a_T1
Cd2_T1<==>Uqcrb_B1,Cd2_T1,Uqcrb_B1
Cd2_T1<==>Ly6e_M4,Cd2_T1,Ly6e_M4
Cd2_T1<==>Rpl3_M3,Cd2_T1,Rpl3_M3
Cd2_T1<==>Prr13_M3,Cd2_T1,Prr13_M3
Cd2_T1<==>Rpl10a_M3,Cd2_T1,Rpl10a_M3
Cd2_T1<==>Srsf3_B2,Cd2_T1,Srsf3_B2
Cd2_T1<==>H2-K1_B2,Cd2_T1,H2-K1_B2
Cd2_T1<==>H2-Ob_B1,Cd2_T1,H2-Ob_B1
Cd2_T1<==>Vapa_M0,Cd2_T1,Vapa_M0
Cd2_T2<==>Gng5_B4,Cd2_T2,Gng5_B4
Cd2_T2<==>Akr1a1_M0,Cd2_T2,Akr1a1_M0
Cd2_T2<==>Pomp_B4,Cd2_T2,Pomp_B4
Cd2_T2<==>Rgs10_T6,Cd2_T2,Rgs10_T6
Cd2_T2<==>Cotl1_M0,Cd2_T2,Cotl1_M0
Cd2_T2<==>Atp5l_O10,Cd2_T2,Atp5l_O10
Cd2_T2<==>Uqcrq_M4,Cd2_T2,Uqcrq_M4
Cd2_T2<==>Sypl_B4,Cd2_T2,Sypl_B4
Cd2_T2<==>Card19_M1,Cd2_T2,Card19_M1
Cd2_T2<==>Ndufa1_T4,Cd2_T2,Ndufa1_T4
Cd2_T3<==>Crip1_M4,Cd2_T3,Crip1_M4
Atp1a1_M1<==>Creb5_M3,Atp1a1_M1,Creb5_M3
Atp1a1_M1<==>Rab7_M2,Atp1a1_M1,Rab7_M2
Atp1a1_M1<==>Ndufa13_B1,Atp1a1_M1,Ndufa13_B1
Atp1a1_M1<==>Snx20_M1,Atp1a1_M1,Snx20_M1
Atp1a1_M1<==>Bcl2a1d_T4,Atp1a1_M1,Bcl2a1d_T4
Atp1a1_M1<==>Srgn_T4,Atp1a1_M1,Srgn_T4
Atp1a1_M1<==>Oaz1_T1,Atp1a1_M1,Oaz1_T1
Atp1a1_M1<==>Scpep1_M3,Atp1a1_M1,Scpep1_M3
Atp1a1_M1<==>Sumo2_T4,Atp1a1_M1,Sumo2_T4
Atp1a1_M1<==>Igha_B1,Atp1a1_M1,Igha_B1
Atp1a1_M1<==>Ighv9-1_B3,Atp1a1_M1,Ighv9-1_B3
Atp1a1_M1<==>Ninj1_M3,Atp1a1_M1,Ninj1_M3
Atp1a1_M1<==>Uqcrb_B1,Atp1a1_M1,Uqcrb_B1
Atp1a1_M1<==>Dgat1_T5,Atp1a1_M1,Dgat1_T5
Atp1a1_M1<==>Il2rb_T5,Atp1a1_M1,Il2rb_T5
Atp1a1_M1<==>Atp5j_T4,Atp1a1_M1,Atp5j_T4
Atp1a1_M1<==>H2-K1_B2,Atp1a1_M1,H2-K1_B2
Atp1a1_M1<==>Smchd1_B2,Atp1a1_M1,Smchd1_B2
Atp1a1_M1<==>Got1_T2,Atp1a1_M1,Got1_T2
Atp1a1_M1<==>mt-Co3_B2,Atp1a1_M1,mt-Co3_B2
Atp1a1_M3<==>Atp5k_M3,Atp1a1_M3,Atp5k_M3
Atp1a1_M3<==>Rps9_T5,Atp1a1_M3,Rps9_T5
Atp1a1_M3<==>Ighv5-17_B2,Atp1a1_M3,Ighv5-17_B2
Atp1a1_M3<==>Ywhaz_T1,Atp1a1_M3,Ywhaz_T1
Atp1a1_M3<==>Rps18_B5,Atp1a1_M3,Rps18_B5
Atp1a1_M3<==>Ier3_M1,Atp1a1_M3,Ier3_M1
Atp1a1_M3<==>Crem_T2,Atp1a1_M3,Crem_T2
Atp1a1_M3<==>Rpl36a_B4,Atp1a1_M3,Rpl36a_B4
Atp1a1_M3<==>mt-Nd3_M3,Atp1a1_M3,mt-Nd3_M3
Atp1a1_M3<==>mt-Nd4_T2,Atp1a1_M3,mt-Nd4_T2
Atp1a1_M3<==>mt-Cytb_B2,Atp1a1_M3,mt-Cytb_B2
Atp1a1_M4<==>Runx3_B1,Atp1a1_M4,Runx3_B1
Atp1a1_M4<==>Sgpl1_M3,Atp1a1_M4,Sgpl1_M3
Atp1a1_M4<==>Nfkbia_O10,Atp1a1_M4,Nfkbia_O10
Atp1a1_M4<==>Zbtb1_M5,Atp1a1_M4,Zbtb1_M5
Atp1a1_M4<==>Fam49b_M3,Atp1a1_M4,Fam49b_M3
Atp1a1_M5<==>Cd9_M4,Atp1a1_M5,Cd9_M4
Atp1a1_M5<==>Taf1d_M4,Atp1a1_M5,Taf1d_M4
Atp1a1_M5<==>Cox7a2_M0,Atp1a1_M5,Cox7a2_M0
Atp1a1_M5<==>Tmpo_T5,Atp1a1_M5,Tmpo_T5
Atp1a1_M5<==>Ywhaz_M5,Atp1a1_M5,Ywhaz_M5
Atp1a1_M5<==>H2-T23_M3,Atp1a1_M5,H2-T23_M3
Atp1a1_M5<==>Ppp1ca_M0,Atp1a1_M5,Ppp1ca_M0
Csde1_B5<==>Akap13_T4,Csde1_B5,Akap13_T4
Csde1_B5<==>AU020206_T4,Csde1_B5,AU020206_T4
Csde1_B5<==>Lsp1_T4,Csde1_B5,Lsp1_T4
Csde1_B5<==>Cyp4v3_M0,Csde1_B5,Cyp4v3_M0
Csde1_B5<==>Rps15_B1,Csde1_B5,Rps15_B1
Csde1_B5<==>Dap_T5,Csde1_B5,Dap_T5
Csde1_B5<==>Rpl24_B1,Csde1_B5,Rpl24_B1
Csde1_B5<==>H2-Q6_B2,Csde1_B5,H2-Q6_B2
Olfml3_O4<==>Cd53_B4,Olfml3_O4,Cd53_B4
Olfml3_O4<==>Flt1_O10,Olfml3_O4,Flt1_O10
Ptpn22_M5<==>Laptm5_M4,Ptpn22_M5,Laptm5_M4
Ptpn22_M5<==>Ldha_M0,Ptpn22_M5,Ldha_M0
Ptpn22_M5<==>Rab8b_M5,Ptpn22_M5,Rab8b_M5
Ptpn22_M5<==>Mif_B5,Ptpn22_M5,Mif_B5
Ptpn22_M5<==>Cstb_M5,Ptpn22_M5,Cstb_M5
Ptpn22_M5<==>Pabpc1_M5,Ptpn22_M5,Pabpc1_M5
Ptpn22_M5<==>H2-T23_M3,Ptpn22_M5,H2-T23_M3
Ptpn22_T3<==>Chchd2_T5,Ptpn22_T3,Chchd2_T5
Ptpn22_T3<==>Ccr7_T6,Ptpn22_T3,Ccr7_T6
Ptpn22_T4<==>Tap1_M5,Ptpn22_T4,Tap1_M5
Capza1_M3<==>Antxr2_M1,Capza1_M3,Antxr2_M1
Capza1_M3<==>Ly86_M4,Capza1_M3,Ly86_M4
Rap1a_M4<==>Foxp1_M1,Rap1a_M4,Foxp1_M1
Rap1a_M4<==>Rpl18a_T4,Rap1a_M4,Rpl18a_T4
Rap1a_M4<==>Cadm1_M4,Rap1a_M4,Cadm1_M4
Rap1a_M4<==>Gnai2_B1,Rap1a_M4,Gnai2_B1
Rap1a_M4<==>Hsp90b1_B7,Rap1a_M4,Hsp90b1_B7
Rap1a_T1<==>Calm1_M0,Rap1a_T1,Calm1_M0
Rap1a_T4<==>Shisa5_T5,Rap1a_T4,Shisa5_T5
Rap1a_T5<==>Ncf1_M4,Rap1a_T5,Ncf1_M4
Rap1a_T5<==>Tm2d2_M4,Rap1a_T5,Tm2d2_M4
Rap1a_T5<==>Rps2_M4,Rap1a_T5,Rps2_M4
Gm5547_B3<==>Cmc1_T5,Gm5547_B3,Cmc1_T5
Gm5547_B3<==>Spcs1_B3,Gm5547_B3,Spcs1_B3
Gm5547_B3<==>Hsp90ab1_B3,Gm5547_B3,Hsp90ab1_B3
Gm5547_B3<==>Cfl1_B3,Gm5547_B3,Cfl1_B3
Atp5f1_M0<==>Ran_M0,Atp5f1_M0,Ran_M0
Atp5f1_M0<==>Tbcb_M4,Atp5f1_M0,Tbcb_M4
Atp5f1_M0<==>Bst2_B3,Atp5f1_M0,Bst2_B3
Atp5f1_M0<==>Eif5a_B1,Atp5f1_M0,Eif5a_B1
Atp5f1_M3<==>Rpl34_B3,Atp5f1_M3,Rpl34_B3
Atp5f1_M3<==>Rps27l_B1,Atp5f1_M3,Rps27l_B1
Atp5f1_M3<==>Prkar1a_M5,Atp5f1_M3,Prkar1a_M5
Atp5f1_M3<==>Elob_B1,Atp5f1_M3,Elob_B1
Atp5f1_M4<==>Bcl2a1b_T4,Atp5f1_M4,Bcl2a1b_T4
Atp5f1_M4<==>Hcls1_M1,Atp5f1_M4,Hcls1_M1
Atp5f1_M4<==>H2-K1_B5,Atp5f1_M4,H2-K1_B5
Cd53_B3<==>Sfpq_M1,Cd53_B3,Sfpq_M1
Cd53_B3<==>Rpl22_B3,Cd53_B3,Rpl22_B3
Cd53_B3<==>Tnfrsf18_T2,Cd53_B3,Tnfrsf18_T2
Cd53_B3<==>Igkc_B2,Cd53_B3,Igkc_B2
Cd53_B3<==>Aebp2_M4,Cd53_B3,Aebp2_M4
Cd53_B3<==>Pycard_B3,Cd53_B3,Pycard_B3
Cd53_B3<==>Cstb_M3,Cd53_B3,Cstb_M3
Cd53_B3<==>Sqstm1_M3,Cd53_B3,Sqstm1_M3
Cd53_B3<==>Ighv5-6_B5,Cd53_B3,Ighv5-6_B5
Cd53_B3<==>Map3k1_M5,Cd53_B3,Map3k1_M5
Cd53_B3<==>Arf4_T2,Cd53_B3,Arf4_T2
Cd53_B3<==>Appl1_M3,Cd53_B3,Appl1_M3
Cd53_B3<==>Appl1_M4,Cd53_B3,Appl1_M4
Cd53_B3<==>Eef1d_M1,Cd53_B3,Eef1d_M1
Cd53_B3<==>Tnrc6b_B3,Cd53_B3,Tnrc6b_B3
Cd53_B3<==>Slc38a2_B3,Cd53_B3,Slc38a2_B3
Cd53_B3<==>Atp5g2_M3,Cd53_B3,Atp5g2_M3
Cd53_B3<==>Clic1_M3,Cd53_B3,Clic1_M3
Cd53_B3<==>Satb1_T3,Cd53_B3,Satb1_T3
Cd53_B4<==>Ckb_T4,Cd53_B4,Ckb_T4
Cd53_M3<==>Psmb2_T5,Cd53_M3,Psmb2_T5
Cd53_M3<==>Rps16_T3,Cd53_M3,Rps16_T3
Cd53_M3<==>Acsl1_M0,Cd53_M3,Acsl1_M0
Cd53_M3<==>Ndufb1-ps_T2,Cd53_M3,Ndufb1-ps_T2
Cd53_T1<==>Abca1_M1,Cd53_T1,Abca1_M1
Cd53_T1<==>Rpl11_B5,Cd53_T1,Rpl11_B5
Cd53_T1<==>Efhd2_M1,Cd53_T1,Efhd2_M1
Cd53_T1<==>Pxn_M1,Cd53_T1,Pxn_M1
Cd53_T1<==>Aebp2_T1,Cd53_T1,Aebp2_T1
Cd53_T1<==>Rps15a_T1,Cd53_T1,Rps15a_T1
Cd53_T1<==>Slc25a3_T1,Cd53_T1,Slc25a3_T1
Cd53_T1<==>Ppp2ca_M1,Cd53_T1,Ppp2ca_M1
Cd53_T1<==>Cox7c_T1,Cd53_T1,Cox7c_T1
Cd53_T1<==>Appl1_M4,Cd53_T1,Appl1_M4
Cd53_T1<==>Gpr183_T4,Cd53_T1,Gpr183_T4
Cd53_T1<==>Sub1_T3,Cd53_T1,Sub1_T3
Cd53_T1<==>Ywhaz_T1,Cd53_T1,Ywhaz_T1
Cd53_T1<==>Trib1_M4,Cd53_T1,Trib1_M4
Cd53_T1<==>Elob_T2,Cd53_T1,Elob_T2
Cd53_T1<==>Psmb8_T1,Cd53_T1,Psmb8_T1
Cd53_T1<==>Ier3_M1,Cd53_T1,Ier3_M1
Cd53_T1<==>Cd14_M1,Cd53_T1,Cd14_M1
Cd53_T1<==>Atp5md_B2,Cd53_T1,Atp5md_B2
Cd53_T1<==>Atp5md_B5,Cd53_T1,Atp5md_B5
Cd53_T1<==>Dusp5_M1,Cd53_T1,Dusp5_M1
Cd53_T1<==>Rps4x_B5,Cd53_T1,Rps4x_B5
Cd53_T1<==>mt-Co2_T2,Cd53_T1,mt-Co2_T2
Cd53_T1<==>mt-Co3_B2,Cd53_T1,mt-Co3_B2
Cd53_T2<==>Clic4_M0,Cd53_T2,Clic4_M0
Cd53_T2<==>Rpl9_M4,Cd53_T2,Rpl9_M4
Cd53_T2<==>Rplp2_T2,Cd53_T2,Rplp2_T2
Cd53_T2<==>Tnfaip2_M0,Cd53_T2,Tnfaip2_M0
Cd53_T2<==>Ly6a_T0,Cd53_T2,Ly6a_T0
Cd53_T2<==>mt-Co3_B3,Cd53_T2,mt-Co3_B3
Cd53_T2<==>mt-Nd3_B0,Cd53_T2,mt-Nd3_B0
Psma5_M1<==>Ets1_T5,Psma5_M1,Ets1_T5
Psma5_M1<==>Rwdd1_T4,Psma5_M1,Rwdd1_T4
Psma5_M1<==>Rnasek_T4,Psma5_M1,Rnasek_T4
Psma5_M1<==>Lgals3_M4,Psma5_M1,Lgals3_M4
Psma5_M1<==>Clic1_M1,Psma5_M1,Clic1_M1
Psma5_M1<==>Ms4a6b_M1,Psma5_M1,Ms4a6b_M1
Psma5_M3<==>Shisa5_B2,Psma5_M3,Shisa5_B2
Psma5_M3<==>Psmb8_M3,Psma5_M3,Psmb8_M3
Psma5_M4<==>Napsa_M4,Psma5_M4,Napsa_M4
Psma5_M4<==>Pfn1_M4,Psma5_M4,Pfn1_M4
Psma5_M4<==>Cd74_M3,Psma5_M4,Cd74_M3
Psma5_M5<==>Cdca8_T5,Psma5_M5,Cdca8_T5
Psma5_M5<==>Asah1_M5,Psma5_M5,Asah1_M5
Psma5_M5<==>Jund_T4,Psma5_M5,Jund_T4
Psma5_M5<==>Ifrd1_M2,Psma5_M5,Ifrd1_M2
Sars_B3<==>Sh3glb1_B3,Sars_B3,Sh3glb1_B3
Sars_B3<==>Abca1_M1,Sars_B3,Abca1_M1
Sars_B3<==>Actb_M3,Sars_B3,Actb_M3
Sars_B3<==>Hmgb1_T1,Sars_B3,Hmgb1_T1
Sars_B3<==>Dusp11_B3,Sars_B3,Dusp11_B3
Sars_B3<==>Clec2d_M1,Sars_B3,Clec2d_M1
Sars_B3<==>Selenos_B3,Sars_B3,Selenos_B3
Sars_B3<==>Rab8b_T4,Sars_B3,Rab8b_T4
Sars_B3<==>Sqstm1_B3,Sars_B3,Sqstm1_B3
Sars_B3<==>Nfkbia_T2,Sars_B3,Nfkbia_T2
Sars_B3<==>Crip1_T0,Sars_B3,Crip1_T0
Sars_B3<==>Rpl37_T2,Sars_B3,Rpl37_T2
Sars_B3<==>Ywhaz_B3,Sars_B3,Ywhaz_B3
Sars_B3<==>Rpl36_T5,Sars_B3,Rpl36_T5
Sars_B3<==>Zfp36l2_T1,Sars_B3,Zfp36l2_T1
Sars_B3<==>Nars_B3,Sars_B3,Nars_B3
Sars_B3<==>mt-Atp6_B0,Sars_B3,mt-Atp6_B0
Stxbp3_M3<==>Nfkb1_M1,Stxbp3_M3,Nfkb1_M1
Stxbp3_M3<==>Eif4e_M1,Stxbp3_M3,Eif4e_M1
Stxbp3_M3<==>Sfpq_M1,Stxbp3_M3,Sfpq_M1
Stxbp3_M3<==>Rheb_B3,Stxbp3_M3,Rheb_B3
Stxbp3_M3<==>Antxr2_M4,Stxbp3_M3,Antxr2_M4
Stxbp3_M3<==>Selplg_T3,Stxbp3_M3,Selplg_T3
Stxbp3_M3<==>Pomp_B4,Stxbp3_M3,Pomp_B4
Stxbp3_M3<==>Gpi1_M3,Stxbp3_M3,Gpi1_M3
Stxbp3_M3<==>Ubfd1_M4,Stxbp3_M3,Ubfd1_M4
Stxbp3_M3<==>Atp6v0d1_M3,Stxbp3_M3,Atp6v0d1_M3
Stxbp3_M3<==>Rab8b_M4,Stxbp3_M3,Rab8b_M4
Stxbp3_M3<==>Rab8b_T0,Stxbp3_M3,Rab8b_T0
Stxbp3_M3<==>Cdv3_M4,Stxbp3_M3,Cdv3_M4
Stxbp3_M3<==>Ifngr1_T3,Stxbp3_M3,Ifngr1_T3
Stxbp3_M3<==>Ifngr1_T5,Stxbp3_M3,Ifngr1_T5
Stxbp3_M3<==>Srgn_T4,Stxbp3_M3,Srgn_T4
Stxbp3_M3<==>Slc25a3_B1,Stxbp3_M3,Slc25a3_B1
Stxbp3_M3<==>Rap1b_M1,Stxbp3_M3,Rap1b_M1
Stxbp3_M3<==>Sqstm1_M3,Stxbp3_M3,Sqstm1_M3
Stxbp3_M3<==>Ube2b_T3,Stxbp3_M3,Ube2b_T3
Stxbp3_M3<==>Map2k3_M1,Stxbp3_M3,Map2k3_M1
Stxbp3_M3<==>Kdm6b_M1,Stxbp3_M3,Kdm6b_M1
Stxbp3_M3<==>Ywhae_M1,Stxbp3_M3,Ywhae_M1
Stxbp3_M3<==>Cyth1_M3,Stxbp3_M3,Cyth1_M3
Stxbp3_M3<==>Sf3b6_B1,Stxbp3_M3,Sf3b6_B1
Stxbp3_M3<==>Serpinb9_M3,Stxbp3_M3,Serpinb9_M3
Stxbp3_M3<==>Timm23_M3,Stxbp3_M3,Timm23_M3
Stxbp3_M3<==>Ywhaz_M3,Stxbp3_M3,Ywhaz_M3
Stxbp3_M3<==>Eef1d_M3,Stxbp3_M3,Eef1d_M3
Stxbp3_M3<==>Tnrc6b_B3,Stxbp3_M3,Tnrc6b_B3
Stxbp3_M3<==>Slc38a2_B3,Stxbp3_M3,Slc38a2_B3
Stxbp3_M3<==>Satb1_T3,Stxbp3_M3,Satb1_T3
Stxbp3_M3<==>Cebpz_B1,Stxbp3_M3,Cebpz_B1
Stxbp3_M3<==>Zfp36l2_M3,Stxbp3_M3,Zfp36l2_M3
Stxbp3_M3<==>Ehd1_M3,Stxbp3_M3,Ehd1_M3
Prpf38b_M4<==>Mtdh_B3,Prpf38b_M4,Mtdh_B3
S1pr1_T6<==>Rps16_T3,S1pr1_T6,Rps16_T3
Vcam1_M1<==>Marcksl1_M0,Vcam1_M1,Marcksl1_M0
Vcam1_M1<==>Marcksl1_M1,Vcam1_M1,Marcksl1_M1
Vcam1_M1<==>Junb_T5,Vcam1_M1,Junb_T5
Vcam1_M1<==>Ywhaz_M0,Vcam1_M1,Ywhaz_M0
Vcam1_M1<==>Rac2_T0,Vcam1_M1,Rac2_T0
Vcam1_M1<==>Rps2_M1,Vcam1_M1,Rps2_M1
Vcam1_M1<==>Eif1a_M0,Vcam1_M1,Eif1a_M0
Vcam1_M1<==>mt-Nd4_T5,Vcam1_M1,mt-Nd4_T5
Vcam1_O4<==>Tmem176b_O7,Vcam1_O4,Tmem176b_O7
Vcam1_O4<==>Jund_M3,Vcam1_O4,Jund_M3
Vcam1_O4<==>Mif_T5,Vcam1_O4,Mif_T5
Vcam1_O4<==>Zfp36l2_O10,Vcam1_O4,Zfp36l2_O10
Cdc14a_T7<==>Cenpe_T5,Cdc14a_T7,Cenpe_T5
Cdc14a_T7<==>Palld_T7,Cdc14a_T7,Palld_T7
Cdc14a_T7<==>Ramp3_T7,Cdc14a_T7,Ramp3_T7
Cdc14a_T7<==>Stat3_T5,Cdc14a_T7,Stat3_T5
Cdc14a_T7<==>Syngr2_M3,Cdc14a_T7,Syngr2_M3
Cdc14a_T7<==>Ighg2c_B3,Cdc14a_T7,Ighg2c_B3
Cdc14a_T7<==>Tnfsf11_T7,Cdc14a_T7,Tnfsf11_T7
1810037I17Rik_M0<==>Sec61b_T4,1810037I17Rik_M0,Sec61b_T4
1810037I17Rik_M0<==>Rplp0_T5,1810037I17Rik_M0,Rplp0_T5
1810037I17Rik_M0<==>Rpl6_M3,1810037I17Rik_M0,Rpl6_M3
1810037I17Rik_M0<==>Chchd2_M0,1810037I17Rik_M0,Chchd2_M0
1810037I17Rik_M0<==>Chchd2_M3,1810037I17Rik_M0,Chchd2_M3
1810037I17Rik_M0<==>Gimap6_B2,1810037I17Rik_M0,Gimap6_B2
1810037I17Rik_M0<==>Skap2_M3,1810037I17Rik_M0,Skap2_M3
1810037I17Rik_M0<==>Igkc_B3,1810037I17Rik_M0,Igkc_B3
1810037I17Rik_M0<==>Selenow_T4,1810037I17Rik_M0,Selenow_T4
1810037I17Rik_M0<==>Cox6b1_M0,1810037I17Rik_M0,Cox6b1_M0
1810037I17Rik_M0<==>Aldoa_M0,1810037I17Rik_M0,Aldoa_M0
1810037I17Rik_M0<==>Ndufa13_T2,1810037I17Rik_M0,Ndufa13_T2
1810037I17Rik_M0<==>Calr_B4,1810037I17Rik_M0,Calr_B4
1810037I17Rik_M0<==>Cyba_T4,1810037I17Rik_M0,Cyba_T4
1810037I17Rik_M0<==>Plek_M3,1810037I17Rik_M0,Plek_M3
1810037I17Rik_M0<==>Psmb6_M3,1810037I17Rik_M0,Psmb6_M3
1810037I17Rik_M0<==>Psma3_M0,1810037I17Rik_M0,Psma3_M0
1810037I17Rik_M0<==>Psme2_M3,1810037I17Rik_M0,Psme2_M3
1810037I17Rik_M0<==>Ndufb9_M0,1810037I17Rik_M0,Ndufb9_M0
1810037I17Rik_M0<==>Myh9_T1,1810037I17Rik_M0,Myh9_T1
1810037I17Rik_M0<==>Psmb8_M3,1810037I17Rik_M0,Psmb8_M3
1810037I17Rik_M0<==>H2-D1_T4,1810037I17Rik_M0,H2-D1_T4
1810037I17Rik_M0<==>Ostf1_M0,1810037I17Rik_M0,Ostf1_M0
1810037I17Rik_M0<==>Rpl36a_M3,1810037I17Rik_M0,Rpl36a_M3
1810037I17Rik_M3<==>Clta_M3,1810037I17Rik_M3,Clta_M3
1810037I17Rik_M3<==>Hnrnpdl_B1,1810037I17Rik_M3,Hnrnpdl_B1
1810037I17Rik_M3<==>Btg1_T0,1810037I17Rik_M3,Btg1_T0
1810037I17Rik_M3<==>Ighm_B5,1810037I17Rik_M3,Ighm_B5
1810037I17Rik_T5<==>Cd163l1_T4,1810037I17Rik_T5,Cd163l1_T4
1810037I17Rik_T5<==>Nfkbia_O10,1810037I17Rik_T5,Nfkbia_O10
1810037I17Rik_T5<==>Crem_T3,1810037I17Rik_T5,Crem_T3
Snhg8_M4<==>Igkv3-1_B3,Snhg8_M4,Igkv3-1_B3
Snhg8_M4<==>Fli1_M4,Snhg8_M4,Fli1_M4
Snhg8_M4<==>Ighg1_B5,Snhg8_M4,Ighg1_B5
Rpl34_B3<==>Ost4_B1,Rpl34_B3,Ost4_B1
Rpl34_B3<==>Snrpg_T2,Rpl34_B3,Snrpg_T2
Rpl34_B3<==>Cyba_B3,Rpl34_B3,Cyba_B3
Rpl34_B3<==>Tma7_T4,Rpl34_B3,Tma7_T4
Rpl34_B3<==>Rpl41_B3,Rpl34_B3,Rpl41_B3
Rpl34_B3<==>Eif4a1_B1,Rpl34_B3,Eif4a1_B1
Rpl34_B3<==>H2-D1_B2,Rpl34_B3,H2-D1_B2
Rpl34_B3<==>Crem_B1,Rpl34_B3,Crem_B1
Rpl34_B3<==>Paip2_T5,Rpl34_B3,Paip2_T5
Rpl34_B3<==>Rpl17_B2,Rpl34_B3,Rpl17_B2
Rpl34_M4<==>Akap13_B3,Rpl34_M4,Akap13_B3
Rpl34_M4<==>Rhoa_B3,Rpl34_M4,Rhoa_B3
Rpl34_M4<==>Rpl23_M4,Rpl34_M4,Rpl23_M4
Rpl34_M4<==>Rps10_M4,Rpl34_M4,Rps10_M4
Rpl34_T2<==>Rpl22_T2,Rpl34_T2,Rpl22_T2
Rpl34_T2<==>Selplg_M4,Rpl34_T2,Selplg_M4
Rpl34_T2<==>Igkv12-44_B2,Rpl34_T2,Igkv12-44_B2
Rpl34_T2<==>Igkc_M3,Rpl34_T2,Igkc_M3
Rpl34_T2<==>Rpl14_T1,Rpl34_T2,Rpl14_T1
Rpl34_T2<==>Ighg2c_B4,Rpl34_T2,Ighg2c_B4
Rpl34_T2<==>Rpl37_T1,Rpl34_T2,Rpl37_T1
Rpl34_T2<==>Rpl36_T2,Rpl34_T2,Rpl36_T2
Rpl34_T2<==>Rpl36_T5,Rpl34_T2,Rpl36_T5
Rpl34_T2<==>Fau_T2,Rpl34_T2,Fau_T2
Rpl34_T2<==>Atp5md_T1,Rpl34_T2,Atp5md_T1
Rpl34_T2<==>Rpl39_T2,Rpl34_T2,Rpl39_T2
Lef1_T6<==>Fxyd5_B3,Lef1_T6,Fxyd5_B3
Lef1_T6<==>Irf1_M5,Lef1_T6,Irf1_M5
Lef1_T6<==>Tbc1d4_T6_3,Lef1_T6,Tbc1d4_T6_3
Lef1_T6<==>Csf2rb_M4,Lef1_T6,Csf2rb_M4
Lef1_T6<==>Crem_T4,Lef1_T6,Crem_T4
Cenpe_T5<==>Tnfrsf4_T1,Cenpe_T5,Tnfrsf4_T1
Cenpe_T5<==>Antxr2_M4,Cenpe_T5,Antxr2_M4
Cenpe_T5<==>Irf8_M1,Cenpe_T5,Irf8_M1
Cenpe_T5<==>Cox7a2_M5,Cenpe_T5,Cox7a2_M5
Cenpe_T5<==>Ramp3_T7,Cenpe_T5,Ramp3_T7
Cenpe_T5<==>Syngr2_M3,Cenpe_T5,Syngr2_M3
Cenpe_T5<==>Cyth1_M3,Cenpe_T5,Cyth1_M3
Cenpe_T5<==>Fyb_M3,Cenpe_T5,Fyb_M3
Cenpe_T5<==>Il2rb_T5,Cenpe_T5,Il2rb_T5
Cenpe_T5<==>Crem_T4,Cenpe_T5,Crem_T4
Cenpe_T5<==>Mxi1_T5,Cenpe_T5,Mxi1_T5
Cisd2_T5<==>Foxp1_M1,Cisd2_T5,Foxp1_M1
Cisd2_T5<==>Rpl36al_M3,Cisd2_T5,Rpl36al_M3
Cisd2_T5<==>Eif3h_T4,Cisd2_T5,Eif3h_T4
Cisd2_T5<==>Rpl24_B2,Cisd2_T5,Rpl24_B2
Ube2d3_B1<==>H2afz_B1,Ube2d3_B1,H2afz_B1
Ube2d3_B1<==>Eif4e_M1,Ube2d3_B1,Eif4e_M1
Ube2d3_B1<==>Anp32b_M0,Ube2d3_B1,Anp32b_M0
Ube2d3_B1<==>Ptp4a2_T1,Ube2d3_B1,Ptp4a2_T1
Ube2d3_B1<==>Fosb_B3,Ube2d3_B1,Fosb_B3
Ube2d3_B1<==>Tpm4_T3,Ube2d3_B1,Tpm4_T3
Ube2d3_B1<==>Cx3cl1_T7,Ube2d3_B1,Cx3cl1_T7
Ube2d3_B1<==>Rps27l_M4,Ube2d3_B1,Rps27l_M4
Ube2d3_B1<==>Txnrd1_M3,Ube2d3_B1,Txnrd1_M3
Ube2d3_B1<==>Calm1_B2,Ube2d3_B1,Calm1_B2
Ube2d3_B1<==>Cd83_B1,Ube2d3_B1,Cd83_B1
Ube2d3_B1<==>Il2rb_T4,Ube2d3_B1,Il2rb_T4
Ube2d3_B1<==>Atp5g2_M3,Ube2d3_B1,Atp5g2_M3
Ube2d3_B1<==>Cebpz_B1,Ube2d3_B1,Cebpz_B1
Ube2d3_B1<==>Crem_T3,Ube2d3_B1,Crem_T3
Ube2d3_B1<==>Nr3c1_T4,Ube2d3_B1,Nr3c1_T4
Ube2d3_B1<==>Ehd1_M3,Ube2d3_B1,Ehd1_M3
Ube2d3_B1<==>Ehd1_M4,Ube2d3_B1,Ehd1_M4
Ube2d3_B1<==>Sat1_B1,Ube2d3_B1,Sat1_B1
Ube2d3_M0<==>Prdx1_M0,Ube2d3_M0,Prdx1_M0
Ube2d3_M0<==>Ran_B1,Ube2d3_M0,Ran_B1
Ube2d3_M0<==>Chchd2_M0,Ube2d3_M0,Chchd2_M0
Ube2d3_M0<==>Palld_T7,Ube2d3_M0,Palld_T7
Ube2d3_M0<==>Map1lc3b_M0,Ube2d3_M0,Map1lc3b_M0
Ube2d3_M0<==>Atp1b3_M0,Ube2d3_M0,Atp1b3_M0
Ube2d3_M0<==>Ndufb9_M0,Ube2d3_M0,Ndufb9_M0
Ube2d3_M0<==>Ube2d2a_M0,Ube2d3_M0,Ube2d2a_M0
Ube2d3_M0<==>Cd274_M2,Ube2d3_M0,Cd274_M2
Ube2d3_M0<==>mt-Nd4l_T6,Ube2d3_M0,mt-Nd4l_T6
Ube2d3_M1<==>Pcbp1_M1,Ube2d3_M1,Pcbp1_M1
Ube2d3_M1<==>Prdx2_M4,Ube2d3_M1,Prdx2_M4
Ube2d3_M1<==>Slc25a3_T1,Ube2d3_M1,Slc25a3_T1
Ube2d3_M1<==>Igha_B1,Ube2d3_M1,Igha_B1
Ube2d3_M3<==>Ebf1_O7,Ube2d3_M3,Ebf1_O7
Ube2d3_M3<==>Rpl23_M2,Ube2d3_M3,Rpl23_M2
Ube2d3_M3<==>Nr4a1_B5,Ube2d3_M3,Nr4a1_B5
Ube2d3_T2<==>Rps17_T1,Ube2d3_T2,Rps17_T1
Ube2d3_T2<==>Sema7a_M3,Ube2d3_T2,Sema7a_M3
Ube2d3_T2<==>Skap1_T5,Ube2d3_T2,Skap1_T5
Ube2d3_T2<==>Adam17_M3,Ube2d3_T2,Adam17_M3
Ube2d3_T2<==>Eif4b_M1,Ube2d3_T2,Eif4b_M1
Ube2d3_T2<==>Rps2_M0,Ube2d3_T2,Rps2_M0
Ube2d3_T2<==>Cfb_M0,Ube2d3_T2,Cfb_M0
Ube2d3_T2<==>Rpl10_B2,Ube2d3_T2,Rpl10_B2
Ube2d3_T3<==>Rps6_T1,Ube2d3_T3,Rps6_T1
Ube2d3_T3<==>Cd52_B0,Ube2d3_T3,Cd52_B0
Ube2d3_T3<==>Egr3_B5,Ube2d3_T3,Egr3_B5
Ube2d3_T4<==>Rpl21_T1,Ube2d3_T4,Rpl21_T1
Ube2d3_T4<==>Srsf5_M4,Ube2d3_T4,Srsf5_M4
Ube2d3_T4<==>Iglc2_B5,Ube2d3_T4,Iglc2_B5
Ube2d3_T4<==>Rpl24_B1,Ube2d3_T4,Rpl24_B1
Nfkb1_M1<==>Sfpq_M1,Nfkb1_M1,Sfpq_M1
Nfkb1_M1<==>Tnfrsf1b_T2,Nfkb1_M1,Tnfrsf1b_T2
Nfkb1_M1<==>Rheb_B3,Nfkb1_M1,Rheb_B3
Nfkb1_M1<==>Capza2_T4,Nfkb1_M1,Capza2_T4
Nfkb1_M1<==>Hnrnpf_M1,Nfkb1_M1,Hnrnpf_M1
Nfkb1_M1<==>Srgn_T4,Nfkb1_M1,Srgn_T4
Nfkb1_M1<==>Snrpf_B5,Nfkb1_M1,Snrpf_B5
Nfkb1_M1<==>Snhg15_M3,Nfkb1_M1,Snhg15_M3
Nfkb1_M1<==>Sqstm1_M3,Nfkb1_M1,Sqstm1_M3
Nfkb1_M1<==>Uqcrq_M0,Nfkb1_M1,Uqcrq_M0
Nfkb1_M1<==>Map2k3_M1,Nfkb1_M1,Map2k3_M1
Nfkb1_M1<==>Kdm6b_M1,Nfkb1_M1,Kdm6b_M1
Nfkb1_M1<==>Gpr137b_M3,Nfkb1_M1,Gpr137b_M3
Nfkb1_M1<==>Serpinb6b_M3,Nfkb1_M1,Serpinb6b_M3
Nfkb1_M1<==>Serpinb9_M3,Nfkb1_M1,Serpinb9_M3
Nfkb1_M1<==>Sub1_M3,Nfkb1_M1,Sub1_M3
Nfkb1_M1<==>Ywhaz_M1,Nfkb1_M1,Ywhaz_M1
Nfkb1_M1<==>Ly6e_M1,Nfkb1_M1,Ly6e_M1
Nfkb1_M1<==>Rpl3_M3,Nfkb1_M1,Rpl3_M3
Nfkb1_M1<==>Slc38a2_B3,Nfkb1_M1,Slc38a2_B3
Nfkb1_M1<==>Reep5_T2,Nfkb1_M1,Reep5_T2
Nfkb1_M1<==>Sec11c_M3,Nfkb1_M1,Sec11c_M3
Nfkb1_M1<==>Cd274_M2,Nfkb1_M1,Cd274_M2
Emcn_O10<==>Rpl29_M1,Emcn_O10,Rpl29_M1
H2afz_B0<==>Sec61b_T4,H2afz_B0,Sec61b_T4
H2afz_B0<==>Calm1_B0,H2afz_B0,Calm1_B0
H2afz_B1<==>Gtf2b_B4,H2afz_B1,Gtf2b_B4
H2afz_B1<==>Clta_B4,H2afz_B1,Clta_B4
H2afz_B1<==>Chchd2_T3,H2afz_B1,Chchd2_T3
H2afz_B1<==>Dusp11_B3,H2afz_B1,Dusp11_B3
H2afz_B1<==>Fosb_B3,H2afz_B1,Fosb_B3
H2afz_B1<==>Gde1_M1,H2afz_B1,Gde1_M1
H2afz_B1<==>Btg1_B4,H2afz_B1,Btg1_B4
H2afz_B1<==>Ppia_M3,H2afz_B1,Ppia_M3
H2afz_B1<==>Trps1_M3,H2afz_B1,Trps1_M3
H2afz_B1<==>Csf2rb_M4,H2afz_B1,Csf2rb_M4
H2afz_B3<==>Tomm20_M4,H2afz_B3,Tomm20_M4
H2afz_B3<==>Hint1_B3,H2afz_B3,Hint1_B3
H2afz_B3<==>Prkar1a_B3,H2afz_B3,Prkar1a_B3
H2afz_B3<==>Fos_M1,H2afz_B3,Fos_M1
H2afz_B3<==>Scaf11_B1,H2afz_B3,Scaf11_B1
H2afz_B4<==>Stmn1_B4,H2afz_B4,Stmn1_B4
H2afz_B4<==>Pou2f2_B4,H2afz_B4,Pou2f2_B4
H2afz_B4<==>Cd3g_T5,H2afz_B4,Cd3g_T5
H2afz_B4<==>Iglv3_B1,H2afz_B4,Iglv3_B1
H2afz_B4<==>H2-K1_M7,H2afz_B4,H2-K1_M7
H2afz_M3<==>Trbc1_B6_0,H2afz_M3,Trbc1_B6_0
H2afz_M3<==>H2-K1_M5,H2afz_M3,H2-K1_M5
H2afz_O10<==>Eif4e_M3,H2afz_O10,Eif4e_M3
H2afz_O10<==>Cdc42_B2,H2afz_O10,Cdc42_B2
H2afz_O10<==>Dnajb6_M3,H2afz_O10,Dnajb6_M3
H2afz_O10<==>Gpi1_M3,H2afz_O10,Gpi1_M3
H2afz_O10<==>Eif4g2_T4,H2afz_O10,Eif4g2_T4
H2afz_O10<==>Lactb_M4,H2afz_O10,Lactb_M4
H2afz_O10<==>Prkar1a_B1,H2afz_O10,Prkar1a_B1
H2afz_O10<==>Nfkbia_O10,H2afz_O10,Nfkbia_O10
H2afz_O10<==>Calm1_B2,H2afz_O10,Calm1_B2
H2afz_O10<==>Eif3h_M3,H2afz_O10,Eif3h_M3
H2afz_O10<==>Csf2rb_M4,H2afz_O10,Csf2rb_M4
H2afz_O10<==>Zfp36l2_M3,H2afz_O10,Zfp36l2_M3
H2afz_O10<==>Crem_B5,H2afz_O10,Crem_B5
H2afz_O10<==>Crem_T3,H2afz_O10,Crem_T3
H2afz_O10<==>Snrpd1_B5,H2afz_O10,Snrpd1_B5
H2afz_O10<==>mt-Atp6_B2,H2afz_O10,mt-Atp6_B2
H2afz_T0<==>Foxp1_M4,H2afz_T0,Foxp1_M4
H2afz_T0<==>Rps17_T1,H2afz_T0,Rps17_T1
H2afz_T0<==>Tomm20_M4,H2afz_T0,Tomm20_M4
H2afz_T0<==>Marcks_M3,H2afz_T0,Marcks_M3
H2afz_T0<==>Srgn_M3,H2afz_T0,Srgn_M3
H2afz_T0<==>Grb2_B3,H2afz_T0,Grb2_B3
H2afz_T0<==>Rpl36al_M3,H2afz_T0,Rpl36al_M3
H2afz_T0<==>Hnrnpk_B3,H2afz_T0,Hnrnpk_B3
H2afz_T0<==>Il7r_T4,H2afz_T0,Il7r_T4
H2afz_T0<==>Ccdc50_M3,H2afz_T0,Ccdc50_M3
H2afz_T0<==>Cd86_M3,H2afz_T0,Cd86_M3
H2afz_T0<==>Zeb1_T2,H2afz_T0,Zeb1_T2
H2afz_T0<==>Jak2_T1,H2afz_T0,Jak2_T1
H2afz_T0<==>Slc25a5_B4,H2afz_T0,Slc25a5_B4
H2afz_T0<==>mt-Atp6_B0,H2afz_T0,mt-Atp6_B0
H2afz_T1<==>Lyn_B1,H2afz_T1,Lyn_B1
H2afz_T1<==>Rpl6_T1,H2afz_T1,Rpl6_T1
H2afz_T1<==>Actb_M4,H2afz_T1,Actb_M4
H2afz_T1<==>Cdkn1b_T4,H2afz_T1,Cdkn1b_T4
H2afz_T1<==>Rps13_B1,H2afz_T1,Rps13_B1
H2afz_T1<==>Gde1_M1,H2afz_T1,Gde1_M1
H2afz_T1<==>Rab8b_T4,H2afz_T1,Rab8b_T4
H2afz_T1<==>Morf4l1_B3,H2afz_T1,Morf4l1_B3
H2afz_T1<==>Slc25a3_T3,H2afz_T1,Slc25a3_T3
H2afz_T1<==>Kdm6b_M1,H2afz_T1,Kdm6b_M1
H2afz_T1<==>Gna13_T3,H2afz_T1,Gna13_T3
H2afz_T1<==>Rps7_B1,H2afz_T1,Rps7_B1
H2afz_T1<==>Calm2_B3,H2afz_T1,Calm2_B3
H2afz_T1<==>Tnfaip8_M4,H2afz_T1,Tnfaip8_M4
H2afz_T1<==>Nars_B3,H2afz_T1,Nars_B3
H2afz_T2<==>Erp29_M3,H2afz_T2,Erp29_M3
H2afz_T2<==>Cd9_M3,H2afz_T2,Cd9_M3
H2afz_T2<==>Fosb_B3,H2afz_T2,Fosb_B3
H2afz_T2<==>Irf2bp2_M0,H2afz_T2,Irf2bp2_M0
H2afz_T2<==>Rhoa_B0,H2afz_T2,Rhoa_B0
H2afz_T2<==>Cd164_T4,H2afz_T2,Cd164_T4
H2afz_T2<==>Sqstm1_B3,H2afz_T2,Sqstm1_B3
H2afz_T2<==>Nfkbia_T4,H2afz_T2,Nfkbia_T4
H2afz_T2<==>Ighv9-2_B3,H2afz_T2,Ighv9-2_B3
H2afz_T2<==>Rac2_T4,H2afz_T2,Rac2_T4
H2afz_T2<==>Atp5g2_M3,H2afz_T2,Atp5g2_M3
H2afz_T2<==>Zbtb20_B1,H2afz_T2,Zbtb20_B1
H2afz_T2<==>Crem_M4,H2afz_T2,Crem_M4
H2afz_T2<==>Nr3c1_T4,H2afz_T2,Nr3c1_T4
H2afz_T3<==>Mxd1_M2,H2afz_T3,Mxd1_M2
H2afz_T3<==>Irf2bp2_M3,H2afz_T3,Irf2bp2_M3
H2afz_T3<==>Cd164_T4,H2afz_T3,Cd164_T4
H2afz_T3<==>Irf1_M4,H2afz_T3,Irf1_M4
H2afz_T3<==>Fos_M4,H2afz_T3,Fos_M4
H2afz_T3<==>Calm1_B2,H2afz_T3,Calm1_B2
H2afz_T3<==>Serpinb9_M3,H2afz_T3,Serpinb9_M3
H2afz_T3<==>Timm23_M3,H2afz_T3,Timm23_M3
H2afz_T3<==>Eef1d_M3,H2afz_T3,Eef1d_M3
H2afz_T3<==>Dusp1_M3,H2afz_T3,Dusp1_M3
H2afz_T3<==>Cebpz_B1,H2afz_T3,Cebpz_B1
H2afz_T3<==>Crem_T3,H2afz_T3,Crem_T3
H2afz_T3<==>Nr3c1_T4,H2afz_T3,Nr3c1_T4
H2afz_T3<==>Ighv1-61_B3,H2afz_T3,Ighv1-61_B3
Dapp1_M4<==>Uqcrh_T5,Dapp1_M4,Uqcrh_T5
Dapp1_M4<==>Gabarapl2_T0,Dapp1_M4,Gabarapl2_T0
Dapp1_M4<==>Sub1_B4,Dapp1_M4,Sub1_B4
Dapp1_M4<==>Zeb1_T4,Dapp1_M4,Zeb1_T4
Eif4e_M0<==>Lyn_B1,Eif4e_M0,Lyn_B1
Eif4e_M0<==>Tomm7_M5,Eif4e_M0,Tomm7_M5
Eif4e_M0<==>Gimap7_T3,Eif4e_M0,Gimap7_T3
Eif4e_M0<==>Hnrnpf_M0,Eif4e_M0,Hnrnpf_M0
Eif4e_M0<==>Atp6v1e1_M0,Eif4e_M0,Atp6v1e1_M0
Eif4e_M0<==>Nop53_B4,Eif4e_M0,Nop53_B4
Eif4e_M0<==>Pclaf_T5,Eif4e_M0,Pclaf_T5
Eif4e_M0<==>Itgb2_M0,Eif4e_M0,Itgb2_M0
Eif4e_M0<==>Txnrd1_M0,Eif4e_M0,Txnrd1_M0
Eif4e_M0<==>Hif1a_M0,Eif4e_M0,Hif1a_M0
Eif4e_M0<==>Syk_M0,Eif4e_M0,Syk_M0
Eif4e_M0<==>Ywhaz_M0,Eif4e_M0,Ywhaz_M0
Eif4e_M0<==>Cdkn1a_M0,Eif4e_M0,Cdkn1a_M0
Eif4e_M0<==>Etf1_M0,Eif4e_M0,Etf1_M0
Eif4e_M0<==>Cd14_M0,Eif4e_M0,Cd14_M0
Eif4e_M0<==>Ndufa1_M0,Eif4e_M0,Ndufa1_M0
Eif4e_M1<==>Sfpq_M1,Eif4e_M1,Sfpq_M1
Eif4e_M1<==>Rpl11_B5,Eif4e_M1,Rpl11_B5
Eif4e_M1<==>Lrrc8d_M3,Eif4e_M1,Lrrc8d_M3
Eif4e_M1<==>Gnb2_M4,Eif4e_M1,Gnb2_M4
Eif4e_M1<==>Actb_T2,Eif4e_M1,Actb_T2
Eif4e_M1<==>Isy1_T4,Eif4e_M1,Isy1_T4
Eif4e_M1<==>Cdkn1b_T4,Eif4e_M1,Cdkn1b_T4
Eif4e_M1<==>Aebp2_M4,Eif4e_M1,Aebp2_M4
Eif4e_M1<==>Fosb_B3,Eif4e_M1,Fosb_B3
Eif4e_M1<==>Gde1_M1,Eif4e_M1,Gde1_M1
Eif4e_M1<==>Tpm4_T3,Eif4e_M1,Tpm4_T3
Eif4e_M1<==>Map1lc3b_T3,Eif4e_M1,Map1lc3b_T3
Eif4e_M1<==>Rab8b_M3,Eif4e_M1,Rab8b_M3
Eif4e_M1<==>Rab8b_M4,Eif4e_M1,Rab8b_M4
Eif4e_M1<==>Rps27l_M4,Eif4e_M1,Rps27l_M4
Eif4e_M1<==>Lactb_M4,Eif4e_M1,Lactb_M4
Eif4e_M1<==>Slc25a3_T1,Eif4e_M1,Slc25a3_T1
Eif4e_M1<==>Slc25a3_T3,Eif4e_M1,Slc25a3_T3
Eif4e_M1<==>Sqstm1_M3,Eif4e_M1,Sqstm1_M3
Eif4e_M1<==>Ube2b_T2,Eif4e_M1,Ube2b_T2
Eif4e_M1<==>Slfn2_M4,Eif4e_M1,Slfn2_M4
Eif4e_M1<==>Prkar1a_T4,Eif4e_M1,Prkar1a_T4
Eif4e_M1<==>Smc6_M7,Eif4e_M1,Smc6_M7
Eif4e_M1<==>Calm1_B2,Eif4e_M1,Calm1_B2
Eif4e_M1<==>Ighv5-6_B5,Eif4e_M1,Ighv5-6_B5
Eif4e_M1<==>Serpinb9_M3,Eif4e_M1,Serpinb9_M3
Eif4e_M1<==>Appl1_M4,Eif4e_M1,Appl1_M4
Eif4e_M1<==>Timm23_M3,Eif4e_M1,Timm23_M3
Eif4e_M1<==>Ywhaz_M3,Eif4e_M1,Ywhaz_M3
Eif4e_M1<==>Ago2_M3,Eif4e_M1,Ago2_M3
Eif4e_M1<==>Slc38a2_B3,Eif4e_M1,Slc38a2_B3
Eif4e_M1<==>Atp5g2_M3,Eif4e_M1,Atp5g2_M3
Eif4e_M1<==>Dusp1_M3,Eif4e_M1,Dusp1_M3
Eif4e_M1<==>Gm42418_B4,Eif4e_M1,Gm42418_B4
Eif4e_M1<==>Satb1_T3,Eif4e_M1,Satb1_T3
Eif4e_M1<==>Calm2_B3,Eif4e_M1,Calm2_B3
Eif4e_M1<==>Crem_M4,Eif4e_M1,Crem_M4
Eif4e_M1<==>Crem_T5,Eif4e_M1,Crem_T5
Eif4e_M1<==>Snrpd1_B5,Eif4e_M1,Snrpd1_B5
Eif4e_M1<==>Ehd1_M3,Eif4e_M1,Ehd1_M3
Eif4e_M1<==>mt-Co3_B2,Eif4e_M1,mt-Co3_B2
Eif4e_M3<==>Tnfrsf1b_M3,Eif4e_M3,Tnfrsf1b_M3
Eif4e_M3<==>Erp29_M3,Eif4e_M3,Erp29_M3
Eif4e_M3<==>Hilpda_M3,Eif4e_M3,Hilpda_M3
Eif4e_M3<==>Gimap4_T0,Eif4e_M3,Gimap4_T0
Eif4e_M3<==>Cd9_M3,Eif4e_M3,Cd9_M3
Eif4e_M3<==>Aebp2_M4,Eif4e_M3,Aebp2_M4
Eif4e_M3<==>Tgfb1_M3,Eif4e_M3,Tgfb1_M3
Eif4e_M3<==>Ist1_M3,Eif4e_M3,Ist1_M3
Eif4e_M3<==>Map1lc3b_T3,Eif4e_M3,Map1lc3b_T3
Eif4e_M3<==>Bcl2a1d_M3,Eif4e_M3,Bcl2a1d_M3
Eif4e_M3<==>Pttg1ip_M4,Eif4e_M3,Pttg1ip_M4
Eif4e_M3<==>Txnrd1_M3,Eif4e_M3,Txnrd1_M3
Eif4e_M3<==>Slc25a3_T3,Eif4e_M3,Slc25a3_T3
Eif4e_M3<==>Havcr2_M3,Eif4e_M3,Havcr2_M3
Eif4e_M3<==>Sqstm1_M3,Eif4e_M3,Sqstm1_M3
Eif4e_M3<==>Nme2_M3,Eif4e_M3,Nme2_M3
Eif4e_M3<==>Eif1_T2,Eif4e_M3,Eif1_T2
Eif4e_M3<==>Ifrd1_O10,Eif4e_M3,Ifrd1_O10
Eif4e_M3<==>Nfkbia_O10,Eif4e_M3,Nfkbia_O10
Eif4e_M3<==>Tnfaip2_M3,Eif4e_M3,Tnfaip2_M3
Eif4e_M3<==>Eif5_O10,Eif4e_M3,Eif5_O10
Eif4e_M3<==>Map3k1_M5,Eif4e_M3,Map3k1_M5
Eif4e_M3<==>Arf4_T2,Eif4e_M3,Arf4_T2
Eif4e_M3<==>Mycbp2_B1,Eif4e_M3,Mycbp2_B1
Eif4e_M3<==>Azin1_B3,Eif4e_M3,Azin1_B3
Eif4e_M3<==>Csf2rb_M5,Eif4e_M3,Csf2rb_M5
Eif4e_M3<==>Slc38a2_B3,Eif4e_M3,Slc38a2_B3
Eif4e_M3<==>Atp5g2_M3,Eif4e_M3,Atp5g2_M3
Eif4e_M3<==>Cebpz_B1,Eif4e_M3,Cebpz_B1
Eif4e_M3<==>Slc15a3_M3,Eif4e_M3,Slc15a3_M3
Eif4e_M3<==>mt-Atp6_B0,Eif4e_M3,mt-Atp6_B0
Eif4e_M3<==>mt-Atp6_B2,Eif4e_M3,mt-Atp6_B2
Eif4e_M4<==>Npc2_T2,Eif4e_M4,Npc2_T2
Eif4e_M4<==>Rps4x_T2,Eif4e_M4,Rps4x_T2
Gbp7_O10<==>Gbp2_O10,Gbp7_O10,Gbp2_O10
Gbp7_O10<==>Thoc7_B4,Gbp7_O10,Thoc7_B4
Gbp7_O10<==>H2-D1_O10,Gbp7_O10,H2-D1_O10
Gbp2_O10<==>Gramd3_T0,Gbp2_O10,Gramd3_T0
Gtf2b_B4<==>Pomp_B4,Gtf2b_B4,Pomp_B4
Gtf2b_B4<==>Ndufa4_T2,Gtf2b_B4,Ndufa4_T2
Gtf2b_B4<==>Specc1l_M3,Gtf2b_B4,Specc1l_M3
Gtf2b_B4<==>Prkar1a_T4,Gtf2b_B4,Prkar1a_T4
Gtf2b_B4<==>Rpl24_T7,Gtf2b_B4,Rpl24_T7
Gtf2b_B4<==>Nars_B3,Gtf2b_B4,Nars_B3
Gtf2b_B4<==>Ehd1_M3,Gtf2b_B4,Ehd1_M3
Selenof_B3<==>Hif1a_T0,Selenof_B3,Hif1a_T0
Selenof_B3<==>Clptm1l_B3,Selenof_B3,Clptm1l_B3
Selenof_B4<==>Rps11_M1,Selenof_B4,Rps11_M1
Selenof_M0<==>Ptp4a2_B1,Selenof_M0,Ptp4a2_B1
Selenof_M0<==>Rac2_M0,Selenof_M0,Rac2_M0
Selenof_M0<==>Malat1_B7,Selenof_M0,Malat1_B7
Sh3glb1_B1<==>Dnaja1_T3,Sh3glb1_B1,Dnaja1_T3
Sh3glb1_B3<==>Map1lc3b_T3,Sh3glb1_B3,Map1lc3b_T3
Sh3glb1_B3<==>Man1a_B3,Sh3glb1_B3,Man1a_B3
Sh3glb1_B3<==>Srgn_B3,Sh3glb1_B3,Srgn_B3
Sh3glb1_B3<==>Ube2b_T2,Sh3glb1_B3,Ube2b_T2
Sh3glb1_B3<==>Prkar1a_T3,Sh3glb1_B3,Prkar1a_T3
Sh3glb1_B3<==>Azin1_B3,Sh3glb1_B3,Azin1_B3
Sh3glb1_B3<==>Atf4_B3,Sh3glb1_B3,Atf4_B3
Sh3glb1_B3<==>H2-D1_M1,Sh3glb1_B3,H2-D1_M1
Sh3glb1_M3<==>Cap1_M1,Sh3glb1_M3,Cap1_M1
Sh3glb1_M3<==>Gimap6_B1,Sh3glb1_M3,Gimap6_B1
Sh3glb1_M3<==>Ighv9-4_B3,Sh3glb1_M3,Ighv9-4_B3
Gng5_B1<==>Ptp4a2_T1,Gng5_B1,Ptp4a2_T1
Gng5_B1<==>Chchd2_T0,Gng5_B1,Chchd2_T0
Gng5_B1<==>Chchd2_T3,Gng5_B1,Chchd2_T3
Gng5_B1<==>Ndufa4_T2,Gng5_B1,Ndufa4_T2
Gng5_B1<==>Igkv10-96_B2,Gng5_B1,Igkv10-96_B2
Gng5_B1<==>Ptms_M4,Gng5_B1,Ptms_M4
Gng5_B1<==>Fus_M0,Gng5_B1,Fus_M0
Gng5_B1<==>Rps27l_B5,Gng5_B1,Rps27l_B5
Gng5_B1<==>Atp1b3_M3,Gng5_B1,Atp1b3_M3
Gng5_B1<==>Gnai2_B1,Gng5_B1,Gnai2_B1
Gng5_B1<==>Gpx1_M0,Gng5_B1,Gpx1_M0
Gng5_B1<==>Hsp90b1_B1,Gng5_B1,Hsp90b1_B1
Gng5_B1<==>Sumo2_T3,Gng5_B1,Sumo2_T3
Gng5_B1<==>Fkbp3_B4,Gng5_B1,Fkbp3_B4
Gng5_B1<==>Sub1_B5,Gng5_B1,Sub1_B5
Gng5_B1<==>H2-DMb2_B1,Gng5_B1,H2-DMb2_B1
Gng5_B1<==>Rps4x_M3,Gng5_B1,Rps4x_M3
Gng5_B3<==>Rpl11_B1,Gng5_B3,Rpl11_B1
Gng5_B3<==>Eif2ak3_B3,Gng5_B3,Eif2ak3_B3
Gng5_B4<==>Efhd2_M3,Gng5_B4,Efhd2_M3
Gng5_B4<==>Jchain_B4,Gng5_B4,Jchain_B4
Gng5_B4<==>Clec12a_M0,Gng5_B4,Clec12a_M0
Gng5_B4<==>Furin_T4,Gng5_B4,Furin_T4
Gng5_B4<==>Rps3_M3,Gng5_B4,Rps3_M3
Gng5_B4<==>Ifitm3_M3,Gng5_B4,Ifitm3_M3
Gng5_B4<==>Hmgb2_T4,Gng5_B4,Hmgb2_T4
Gng5_B4<==>Atp5l_T3,Gng5_B4,Atp5l_T3
Gng5_B4<==>Ifngr1_M4,Gng5_B4,Ifngr1_M4
Gng5_B4<==>Uqcr11_M0,Gng5_B4,Uqcr11_M0
Gng5_B4<==>Atp5mpl_M3,Gng5_B4,Atp5mpl_M3
Gng5_B4<==>Cox7c_T1,Gng5_B4,Cox7c_T1
Gng5_B4<==>Chchd1_M4,Gng5_B4,Chchd1_M4
Gng5_B4<==>Rpl17_M3,Gng5_B4,Rpl17_M3
Gng5_B4<==>Rpl17_T2,Gng5_B4,Rpl17_T2
Gng5_B4<==>mt-Nd5_M0,Gng5_B4,mt-Nd5_M0
Gng5_B5<==>Dnaja1_B3,Gng5_B5,Dnaja1_B3
Gng5_B5<==>Cnbp_M1,Gng5_B5,Cnbp_M1
Gng5_M2<==>Ctsh_M0,Gng5_M2,Ctsh_M0
Gng5_M2<==>Rpl3_M1,Gng5_M2,Rpl3_M1
Gng5_M2<==>Lrg1_M2,Gng5_M2,Lrg1_M2
Gng5_M4<==>Arap2_T3,Gng5_M4,Arap2_T3
Gng5_M4<==>Sumo2_B1,Gng5_M4,Sumo2_B1
Gng5_M7<==>Saa3_M0,Gng5_M7,Saa3_M0
Gng5_T1<==>Rbpj_M1,Gng5_T1,Rbpj_M1
Gng5_T1<==>Hnrnpf_M0,Gng5_T1,Hnrnpf_M0
Gng5_T1<==>Rpl13_B1,Gng5_T1,Rpl13_B1
Gng5_T1<==>Tomm20_T2,Gng5_T1,Tomm20_T2
Gng5_T1<==>Rab8b_T3,Gng5_T1,Rab8b_T3
Gng5_T1<==>Snrpf_B1,Gng5_T1,Snrpf_B1
Gng5_T1<==>Hspa4_B1,Gng5_T1,Hspa4_B1
Gng5_T1<==>Atp5mpl_T3,Gng5_T1,Atp5mpl_T3
Gng5_T1<==>Rpl8_M3,Gng5_T1,Rpl8_M3
Gng5_T1<==>Son_B2,Gng5_T1,Son_B2
Gng5_T1<==>Csf2ra_M1,Gng5_T1,Csf2ra_M1
Gng5_T1<==>mt-Co2_B0,Gng5_T1,mt-Co2_B0
Gng5_T2<==>Cdc42_T2,Gng5_T2,Cdc42_T2
Gng5_T2<==>Igkv8-24_B2,Gng5_T2,Igkv8-24_B2
Gng5_T2<==>Igkc_M0,Gng5_T2,Igkc_M0
Gng5_T2<==>H2afj_T5,Gng5_T2,H2afj_T5
Gng5_T2<==>Hmgb2_T2,Gng5_T2,Hmgb2_T2
Gng5_T2<==>Hmgb2_T3,Gng5_T2,Hmgb2_T3
Gng5_T2<==>Cotl1_M0,Gng5_T2,Cotl1_M0
Gng5_T2<==>Rab8b_T0,Gng5_T2,Rab8b_T0
Gng5_T2<==>Cox7a2_M0,Gng5_T2,Cox7a2_M0
Gng5_T2<==>Rap1b_T2,Gng5_T2,Rap1b_T2
Gng5_T2<==>Sec61g_T5,Gng5_T2,Sec61g_T5
Gng5_T2<==>Atp5mpl_M0,Gng5_T2,Atp5mpl_M0
Gng5_T2<==>Hnrnpc_M0,Gng5_T2,Hnrnpc_M0
Gng5_T2<==>Ezr_M4,Gng5_T2,Ezr_M4
Gng5_T2<==>Ppp1ca_M0,Gng5_T2,Ppp1ca_M0
Gng5_T2<==>mt-Atp6_T5,Gng5_T2,mt-Atp6_T5
Gng5_T3<==>Hnrnpf_M0,Gng5_T3,Hnrnpf_M0
Gng5_T3<==>Aebp2_M4,Gng5_T3,Aebp2_M4
Gng5_T3<==>Atp1b3_M0,Gng5_T3,Atp1b3_M0
Gng5_T3<==>Nmt1_M4,Gng5_T3,Nmt1_M4
Gng5_T5<==>Arpc3_B5,Gng5_T5,Arpc3_B5
Gng5_T5<==>Igkv14-111_B3,Gng5_T5,Igkv14-111_B3
Gng5_T5<==>Rpl8_T5,Gng5_T5,Rpl8_T5
Gng5_T5<==>Ppp1r2_M3,Gng5_T5,Ppp1r2_M3
Gng5_T5<==>mt-Co2_B5,Gng5_T5,mt-Co2_B5
Gng5_T5<==>mt-Atp6_B0,Gng5_T5,mt-Atp6_B0
Adgrl4_O10<==>Aup1_B3,Adgrl4_O10,Aup1_B3
Adgrl4_O10<==>Ssr4_M3,Adgrl4_O10,Ssr4_M3
Ifi44_M0<==>Ppt2_M0,Ifi44_M0,Ppt2_M0
Ifi44_M0<==>Tomm6_M0,Ifi44_M0,Tomm6_M0
Ifi44_M0<==>Tmsb4x_B0,Ifi44_M0,Tmsb4x_B0
Srsf11_B1<==>Tmed5_M1,Srsf11_B1,Tmed5_M1
Srsf11_B1<==>Rps25_T5,Srsf11_B1,Rps25_T5
Srsf11_B1<==>Rps15_T1,Srsf11_B1,Rps15_T1
Srsf11_B1<==>Igha_T5,Srsf11_B1,Igha_T5
Srsf11_B1<==>Mtdh_B1,Srsf11_B1,Mtdh_B1
Srsf11_B1<==>Sod1_M3,Srsf11_B1,Sod1_M3
Srsf11_B1<==>Rps2_T3,Srsf11_B1,Rps2_T3
Srsf11_M4<==>Ebf1_B1,Srsf11_M4,Ebf1_B1
Srsf11_M4<==>mt-Nd2_T5,Srsf11_M4,mt-Nd2_T5
Lyn_B0<==>Tpm4_B1,Lyn_B0,Tpm4_B1
Lyn_B0<==>Foxn3_M3,Lyn_B0,Foxn3_M3
Lyn_B1<==>Lyn_M4,Lyn_B1,Lyn_M4
Lyn_B1<==>Runx3_M4,Lyn_B1,Runx3_M4
Lyn_B1<==>Actb_M3,Lyn_B1,Actb_M3
Lyn_B1<==>Hnrnpf_M0,Lyn_B1,Hnrnpf_M0
Lyn_B1<==>Cdkn1b_T4,Lyn_B1,Cdkn1b_T4
Lyn_B1<==>Tgfb1_M3,Lyn_B1,Tgfb1_M3
Lyn_B1<==>Rps13_B1,Lyn_B1,Rps13_B1
Lyn_B1<==>Rpl13_B1,Lyn_B1,Rpl13_B1
Lyn_B1<==>Rab8b_T5,Lyn_B1,Rab8b_T5
Lyn_B1<==>Bcl2a1d_M3,Lyn_B1,Bcl2a1d_M3
Lyn_B1<==>Kdm6b_M1,Lyn_B1,Kdm6b_M1
Lyn_B1<==>Cltc_M1,Lyn_B1,Cltc_M1
Lyn_B1<==>Prkar1a_T2,Lyn_B1,Prkar1a_T2
Lyn_B1<==>Lgals3_M1,Lyn_B1,Lgals3_M1
Lyn_B1<==>Rpl37_T2,Lyn_B1,Rpl37_T2
Lyn_B1<==>Rpl3_B1,Lyn_B1,Rpl3_B1
Lyn_B1<==>Calm2_B1,Lyn_B1,Calm2_B1
Lyn_B1<==>Malat1_M2,Lyn_B1,Malat1_M2
Lyn_B1<==>mt-Atp6_T6,Lyn_B1,mt-Atp6_T6
Lyn_M3<==>Rpl6_B5,Lyn_M3,Rpl6_B5
Lyn_M3<==>Rpsa_B2,Lyn_M3,Rpsa_B2
Lyn_M3<==>Lamp2_M3,Lyn_M3,Lamp2_M3
Lyn_M4<==>Rpl11_B1,Lyn_M4,Rpl11_B1
Lyn_M4<==>Rheb_T5,Lyn_M4,Rheb_T5
Lyn_M4<==>Rbpj_T4,Lyn_M4,Rbpj_T4
Lyn_M4<==>Gimap4_T0,Lyn_M4,Gimap4_T0
Lyn_M4<==>Cdkn1b_T4,Lyn_M4,Cdkn1b_T4
Lyn_M4<==>Hmgb2_T4,Lyn_M4,Hmgb2_T4
Lyn_M4<==>Atp6v0d1_M3,Lyn_M4,Atp6v0d1_M3
Lyn_M4<==>Plekho2_M5,Lyn_M4,Plekho2_M5
Lyn_M4<==>Ifngr1_M4,Lyn_M4,Ifngr1_M4
Lyn_M4<==>Ifngr1_T3,Lyn_M4,Ifngr1_T3
Lyn_M4<==>Ifngr1_T5,Lyn_M4,Ifngr1_T5
Lyn_M4<==>Rap1b_B3,Lyn_M4,Rap1b_B3
Lyn_M4<==>Kdm6b_M1,Lyn_M4,Kdm6b_M1
Lyn_M4<==>Cltc_M1,Lyn_M4,Cltc_M1
Lyn_M4<==>Crip1_T5,Lyn_M4,Crip1_T5
Lyn_M4<==>Rpl10a_M0,Lyn_M4,Rpl10a_M0
Lyn_M4<==>Crem_T3,Lyn_M4,Crem_T3
Lyn_M4<==>Cox8a_T4,Lyn_M4,Cox8a_T4
Lyn_M4<==>Rps4x_B1,Lyn_M4,Rps4x_B1
Lyn_M7<==>Actb_T2,Lyn_M7,Actb_T2
Lyn_M7<==>Mt1_M0,Lyn_M7,Mt1_M0
Lyn_M7<==>Ube2b_T7,Lyn_M7,Ube2b_T7
Lyn_M7<==>Ifrd1_O10,Lyn_M7,Ifrd1_O10
Lyn_M7<==>Crem_T3,Lyn_M7,Crem_T3
Rps20_B3<==>Rpl18a_B3,Rps20_B3,Rpl18a_B3
Rps20_B3<==>Rps24_B3,Rps20_B3,Rps24_B3
Rps20_B3<==>Tpt1_B3,Rps20_B3,Tpt1_B3
Rps20_B3<==>Rpl3_B3,Rps20_B3,Rpl3_B3
Rps20_B5<==>Dnajb6_T1,Rps20_B5,Dnajb6_T1
Rps20_B5<==>Jchain_M3,Rps20_B5,Jchain_M3
Rps20_B5<==>Igkv4-70_B3,Rps20_B5,Igkv4-70_B3
Rps20_B5<==>Rps29_T2,Rps20_B5,Rps29_T2
Rps20_B5<==>Ndufb1-ps_M3,Rps20_B5,Ndufb1-ps_M3
Rps20_B5<==>Ighv5-9_B7,Rps20_B5,Ighv5-9_B7
Rps20_B5<==>Rps28_M3,Rps20_B5,Rps28_M3
Rps20_B5<==>Rpl39_B1,Rps20_B5,Rpl39_B1
Rps20_B5<==>mt-Nd4_T2,Rps20_B5,mt-Nd4_T2
Rps20_B5<==>mt-Cytb_T2,Rps20_B5,mt-Cytb_T2
Rps20_M1<==>Fuca1_M1,Rps20_M1,Fuca1_M1
Rps20_M1<==>Rpl32_M1,Rps20_M1,Rpl32_M1
Rps20_M1<==>Rpl28_M1,Rps20_M1,Rpl28_M1
Rps20_M1<==>Ucp2_B4,Rps20_M1,Ucp2_B4
Rps20_M1<==>Eif3f_M1,Rps20_M1,Eif3f_M1
Rps20_M1<==>Rpl18a_M1,Rps20_M1,Rpl18a_M1
Rps20_M1<==>Rpl26_M1,Rps20_M1,Rpl26_M1
Rps20_M1<==>Rps23_M1,Rps20_M1,Rps23_M1
Rps20_M1<==>Rpl3_B1,Rps20_M1,Rpl3_B1
Rps20_M1<==>Atf4_M1,Rps20_M1,Atf4_M1
Rps20_M1<==>Rpl10_M1,Rps20_M1,Rpl10_M1
Rps20_M3<==>Rps16_M3,Rps20_M3,Rps16_M3
Rps20_M3<==>Rps11_M3,Rps20_M3,Rps11_M3
Rps20_M3<==>Rps13_M3,Rps20_M3,Rps13_M3
Rps20_M3<==>Rps15a_M3,Rps20_M3,Rps15a_M3
Rps20_M3<==>Mef2c_B5,Rps20_M3,Mef2c_B5
Rps20_M3<==>Rps23_M3,Rps20_M3,Rps23_M3
Rps20_M3<==>Rps24_M3,Rps20_M3,Rps24_M3
Rps20_M3<==>Rpl30_M3,Rps20_M3,Rpl30_M3
Rps20_M3<==>Rpl10a_M0,Rps20_M3,Rpl10a_M0
Rps20_T1<==>Rpl28_T1,Rps20_T1,Rpl28_T1
Rps20_T1<==>Rpl29_M0,Rps20_T1,Rpl29_M0
Rps20_T1<==>Myl6_B0,Rps20_T1,Myl6_B0
Rps20_T1<==>Eif3e_B1,Rps20_T1,Eif3e_B1
Rps20_T1<==>Eif3h_T4,Rps20_T1,Eif3h_T4
Rps20_T2<==>Dnajc8_M3,Rps20_T2,Dnajc8_M3
Rps20_T2<==>Rpl18_T2,Rps20_T2,Rpl18_T2
Rps20_T2<==>Rnh1_M1,Rps20_T2,Rnh1_M1
Rps20_T2<==>Rpl26_T2,Rps20_T2,Rpl26_T2
Rps20_T2<==>Rac2_T7,Rps20_T2,Rac2_T7
Rps20_T3<==>Smap2_T7,Rps20_T3,Smap2_T7
Rps20_T3<==>Rps16_T3,Rps20_T3,Rps16_T3
Rps20_T3<==>Canx_M3,Rps20_T3,Canx_M3
Rps20_T3<==>Ranbp1_M3,Rps20_T3,Ranbp1_M3
Rps20_T3<==>Rps4x_T3,Rps20_T3,Rps4x_T3
Rps20_T4<==>Rpl4_T4,Rps20_T4,Rpl4_T4
Rps20_T4<==>Rpl8_T4,Rps20_T4,Rpl8_T4
Rps20_T4<==>Rpl36_T2,Rps20_T4,Rpl36_T2
Rps20_T4<==>Cybb_M0,Rps20_T4,Cybb_M0
Rps20_T5<==>Rpl41_B3,Rps20_T5,Rpl41_B3
Rps20_T5<==>Slc25a5_T5,Rps20_T5,Slc25a5_T5
Rps20_T5<==>Iglc4_B3,Rps20_T5,Iglc4_B3
Rps20_T6<==>Lsp1_T4,Rps20_T6,Lsp1_T4
Sdcbp_M3<==>Ctsc_M0,Sdcbp_M3,Ctsc_M0
Sdcbp_M3<==>Pabpc1_M3,Sdcbp_M3,Pabpc1_M3
Rab2a_B3<==>Rpl22_M3,Rab2a_B3,Rpl22_M3
Rab2a_B3<==>Igkv10-94_B3,Rab2a_B3,Igkv10-94_B3
Rab2a_B3<==>Iqgap1_B3,Rab2a_B3,Iqgap1_B3
Rab2a_B3<==>Rhoa_B3,Rab2a_B3,Rhoa_B3
Rab2a_B3<==>Prkar1a_T3,Rab2a_B3,Prkar1a_T3
Rab2a_B3<==>Ighv8-5_B3,Rab2a_B3,Ighv8-5_B3
Rab2a_B3<==>Ighv1-74_B3,Rab2a_B3,Ighv1-74_B3
Rab2a_B3<==>Cd47_B3,Rab2a_B3,Cd47_B3
Rab2a_B3<==>H2-D1_B3,Rab2a_B3,H2-D1_B3
Rab2a_B3<==>Satb1_B0,Rab2a_B3,Satb1_B0
Rab2a_B3<==>Cd74_M4,Rab2a_B3,Cd74_M4
Rab2a_B3<==>mt-Nd4l_T1,Rab2a_B3,mt-Nd4l_T1
Rab2a_B3<==>Ighv1-25_B3,Rab2a_B3,Ighv1-25_B3
Rab2a_T1<==>Ddx6_M4,Rab2a_T1,Ddx6_M4
Rab2a_T2<==>Abca1_M1,Rab2a_T2,Abca1_M1
Rab2a_T2<==>Srrm1_M0,Rab2a_T2,Srrm1_M0
Rab2a_T2<==>Rpl24_B1,Rab2a_T2,Rpl24_B1
Rab2a_T2<==>Clic1_B1,Rab2a_T2,Clic1_B1
Rab2a_T4<==>Eif3c_M0,Rab2a_T4,Eif3c_M0
Rab2a_T4<==>Ccr9_M7,Rab2a_T4,Ccr9_M7
Rab2a_T4<==>Hif1a_M0,Rab2a_T4,Hif1a_M0
Rab2a_T5<==>Hmgb2_T4,Rab2a_T5,Hmgb2_T4
Rab2a_T5<==>Mdh1_M4,Rab2a_T5,Mdh1_M4
Trp53inp1_B3<==>Prkar1a_M3,Trp53inp1_B3,Prkar1a_M3
Trp53inp1_B3<==>Calm1_B1,Trp53inp1_B3,Calm1_B1
Trp53inp1_B3<==>Nedd8_M3,Trp53inp1_B3,Nedd8_M3
Pnisr_B1<==>Sec61b_M5,Pnisr_B1,Sec61b_M5
Pnisr_B1<==>Eif1_M2,Pnisr_B1,Eif1_M2
Pnisr_B1<==>Mbd2_B4,Pnisr_B1,Mbd2_B4
Pnrc1_B5<==>Igkv14-111_B1,Pnrc1_B5,Igkv14-111_B1
Pnrc1_B5<==>Ighv1-77_B2,Pnrc1_B5,Ighv1-77_B2
Pnrc1_T0<==>Rpl5_T3,Pnrc1_T0,Rpl5_T3
Pnrc1_T0<==>Rps27a_M4,Pnrc1_T0,Rps27a_M4
Pnrc1_T0<==>Spcs1_B3,Pnrc1_T0,Spcs1_B3
Pnrc1_T0<==>Rpl35a_M4,Pnrc1_T0,Rpl35a_M4
Pnrc1_T0<==>Crem_B5,Pnrc1_T0,Crem_B5
Pnrc1_T5<==>Rps15a_B5,Pnrc1_T5,Rps15a_B5
Pnrc1_T5<==>Junb_M4,Pnrc1_T5,Junb_M4
Pnrc1_T7<==>Fbxo5_T5,Pnrc1_T7,Fbxo5_T5
Pnrc1_T7<==>Vpreb3_B3,Pnrc1_T7,Vpreb3_B3
Dnaja1_B1<==>Erp29_M1,Dnaja1_B1,Erp29_M1
Dnaja1_B1<==>Hnrnpf_B3,Dnaja1_B1,Hnrnpf_B3
Dnaja1_B1<==>Ighv2-9-1_B3,Dnaja1_B1,Ighv2-9-1_B3
Dnaja1_B1<==>Elf1_B3,Dnaja1_B1,Elf1_B3
Dnaja1_B3<==>Cnbp_M1,Dnaja1_B3,Cnbp_M1
Dnaja1_B5<==>Cox6b1_M4,Dnaja1_B5,Cox6b1_M4
Dnaja1_B5<==>Rpl26_T5,Dnaja1_B5,Rpl26_T5
Dnaja1_B5<==>Pfn1_T4,Dnaja1_B5,Pfn1_T4
Dnaja1_B5<==>Eif5_T4,Dnaja1_B5,Eif5_T4
Dnaja1_B5<==>Poldip3_M3,Dnaja1_B5,Poldip3_M3
Dnaja1_B5<==>Rpl17_T5,Dnaja1_B5,Rpl17_T5
Dnaja1_M4<==>Rpl13a_B1,Dnaja1_M4,Rpl13a_B1
Dnaja1_M4<==>Ighv5-15_B3,Dnaja1_M4,Ighv5-15_B3
Dnaja1_M5<==>Tut4_M4,Dnaja1_M5,Tut4_M4
Dnaja1_M5<==>Ppp1ca_T5,Dnaja1_M5,Ppp1ca_T5
Dnaja1_T3<==>Ramp3_T1,Dnaja1_T3,Ramp3_T1
Dnaja1_T3<==>Sub1_T3,Dnaja1_T3,Sub1_T3
Dnaja1_T3<==>Nars_M4,Dnaja1_T3,Nars_M4
Tln1_M0<==>Cmas_M4,Tln1_M0,Cmas_M4
Tln1_M0<==>Rpsa_T1,Tln1_M0,Rpsa_T1
Tln1_M0<==>Atp5mpl_M4,Tln1_M0,Atp5mpl_M4
Tln1_M0<==>Crip1_M4,Tln1_M0,Crip1_M4
Tln1_M1<==>Abracl_T3,Tln1_M1,Abracl_T3
Tln1_M4<==>Hspa8_T0,Tln1_M4,Hspa8_T0
Tln1_T5<==>Rpl5_B1,Tln1_T5,Rpl5_B1
Tln1_T5<==>Rps23_B1,Tln1_T5,Rps23_B1
Tln1_T5<==>Tpt1_B5,Tln1_T5,Tpt1_B5
Clta_B1<==>Rps8_M3,Clta_B1,Rps8_M3
Clta_B1<==>Sri_M4,Clta_B1,Sri_M4
Clta_B1<==>Sri_T4,Clta_B1,Sri_T4
Clta_B1<==>Tmed5_M1,Clta_B1,Tmed5_M1
Clta_B1<==>Igkv1-135_B0,Clta_B1,Igkv1-135_B0
Clta_B1<==>Iqgap1_M3,Clta_B1,Iqgap1_M3
Clta_B1<==>Coro1a_B1,Clta_B1,Coro1a_B1
Clta_B1<==>Snx20_M1,Clta_B1,Snx20_M1
Clta_B1<==>Rplp1_B2,Clta_B1,Rplp1_B2
Clta_B1<==>Snf8_T5,Clta_B1,Snf8_T5
Clta_B1<==>Rpl23_M3,Clta_B1,Rpl23_M3
Clta_B1<==>Igha_B1,Clta_B1,Igha_B1
Clta_B1<==>H2afy_B4,Clta_B1,H2afy_B4
Clta_B1<==>Cd47_T4,Clta_B1,Cd47_T4
Clta_B1<==>Ndfip1_T4,Clta_B1,Ndfip1_T4
Clta_B1<==>Atp5a1_M0,Clta_B1,Atp5a1_M0
Clta_B1<==>Ahnak_T4,Clta_B1,Ahnak_T4
Clta_B4<==>Rsbn1l_T3,Clta_B4,Rsbn1l_T3
Clta_B5<==>Hsp90aa1_B0,Clta_B5,Hsp90aa1_B0
Clta_B5<==>Ighv5-9_B7,Clta_B5,Ighv5-9_B7
Clta_B5<==>Ankrd12_B1,Clta_B5,Ankrd12_B1
Clta_M0<==>Akr1a1_M0,Clta_M0,Akr1a1_M0
Clta_M3<==>Clec12a_M0,Clta_M3,Clec12a_M0
Clta_M3<==>Arhgdib_T4,Clta_M3,Arhgdib_T4
Clta_M3<==>Rps3_M3,Clta_M3,Rps3_M3
Clta_M3<==>Snrpf_M3,Clta_M3,Snrpf_M3
Clta_M3<==>Btg1_T0,Clta_M3,Btg1_T0
Clta_M3<==>Psma3_M3,Clta_M3,Psma3_M3
Clta_M3<==>Pld4_M0,Clta_M3,Pld4_M0
Clta_M3<==>Gm26917_B7,Clta_M3,Gm26917_B7
Clta_M3<==>Tomm6_M3,Clta_M3,Tomm6_M3
Clta_M3<==>mt-Nd2_M5,Clta_M3,mt-Nd2_M5
Clta_M3<==>Rgs13_B4,Clta_M3,Rgs13_B4
Clta_M3<==>Igkv5-39_B4,Clta_M3,Igkv5-39_B4
Clta_M4<==>Gm42418_T3,Clta_M4,Gm42418_T3
Clta_T3<==>Rinl_T5,Clta_T3,Rinl_T5
Clta_T3<==>Rpl4_T1,Clta_T3,Rpl4_T1
Clta_T3<==>Ighv1-56_B3,Clta_T3,Ighv1-56_B3
Clta_T3<==>Lst1_M1,Clta_T3,Lst1_M1
Clta_T7<==>Rpl4_T2,Clta_T7,Rpl4_T2
Clta_T7<==>Igha_T1,Clta_T7,Igha_T1
Clta_T7<==>Ighv1-82_B3,Clta_T7,Ighv1-82_B3
Pax5_B2<==>mt-Nd4_B3,Pax5_B2,mt-Nd4_B3
Anp32b_B5<==>Syngr2_M3,Anp32b_B5,Syngr2_M3
Anp32b_M0<==>Ifrd1_O10,Anp32b_M0,Ifrd1_O10
Anp32b_M1<==>mt-Co1_T2,Anp32b_M1,mt-Co1_T2
Anp32b_M3<==>Fgl2_M4,Anp32b_M3,Fgl2_M4
Anp32b_M3<==>Srgn_M3,Anp32b_M3,Srgn_M3
Anp32b_M3<==>Txnrd1_M3,Anp32b_M3,Txnrd1_M3
Anp32b_M3<==>Rel_B5,Anp32b_M3,Rel_B5
Anp32b_M3<==>Havcr2_M3,Anp32b_M3,Havcr2_M3
Anp32b_M3<==>Ccr7_M3,Anp32b_M3,Ccr7_M3
Anp32b_M3<==>Cd86_M3,Anp32b_M3,Cd86_M3
Anp32b_M3<==>Jak2_M3,Anp32b_M3,Jak2_M3
Sec61b_B1<==>Arf5_M0,Sec61b_B1,Arf5_M0
Sec61b_B1<==>Selenow_B1,Sec61b_B1,Selenow_B1
Sec61b_B1<==>Prdx2_M4,Sec61b_B1,Prdx2_M4
Sec61b_B1<==>Sumo2_T4,Sec61b_B1,Sumo2_T4
Sec61b_B1<==>Atp5j_T4,Sec61b_B1,Atp5j_T4
Sec61b_B1<==>Ssr4_B1,Sec61b_B1,Ssr4_B1
Sec61b_B3<==>Txn1_B3,Sec61b_B3,Txn1_B3
Sec61b_B3<==>Arpc3_B3,Sec61b_B3,Arpc3_B3
Sec61b_B3<==>Calr_B3,Sec61b_B3,Calr_B3
Sec61b_B3<==>Myl6_B3,Sec61b_B3,Myl6_B3
Sec61b_B3<==>Canx_B3,Sec61b_B3,Canx_B3
Sec61b_B3<==>Pdia6_B3,Sec61b_B3,Pdia6_B3
Sec61b_B3<==>Dnajb9_B3,Sec61b_B3,Dnajb9_B3
Sec61b_B3<==>Hsp90aa1_B3,Sec61b_B3,Hsp90aa1_B3
Sec61b_B3<==>Vegfa_M3,Sec61b_B3,Vegfa_M3
Sec61b_M3<==>Npm1_T5,Sec61b_M3,Npm1_T5
Sec61b_M5<==>Rheb_B3,Sec61b_M5,Rheb_B3
Sec61b_M5<==>Gabarapl2_M3,Sec61b_M5,Gabarapl2_M3
Sec61b_M5<==>Arih2_M1,Sec61b_M5,Arih2_M1
Sec61b_M5<==>Pfn1_M5,Sec61b_M5,Pfn1_M5
Sec61b_M5<==>Nme2_M3,Sec61b_M5,Nme2_M3
Sec61b_M5<==>Ly6e_M1,Sec61b_M5,Ly6e_M1
Sec61b_M5<==>Csf2rb_M5,Sec61b_M5,Csf2rb_M5
Sec61b_M5<==>Vasn_O7,Sec61b_M5,Vasn_O7
Sec61b_T0<==>Ran_B1,Sec61b_T0,Ran_B1
Sec61b_T0<==>Grcc10_M0,Sec61b_T0,Grcc10_M0
Sec61b_T0<==>Esd_M5,Sec61b_T0,Esd_M5
Sec61b_T3<==>Mrpl33_M0,Sec61b_T3,Mrpl33_M0
Sec61b_T3<==>Eif4h_M3,Sec61b_T3,Eif4h_M3
Sec61b_T3<==>Rhoa_T2,Sec61b_T3,Rhoa_T2
Sec61b_T3<==>Psme1_M3,Sec61b_T3,Psme1_M3
Sec61b_T4<==>Ran_B1,Sec61b_T4,Ran_B1
Sec61b_T4<==>Chchd2_B1,Sec61b_T4,Chchd2_B1
Sec61b_T4<==>Chchd2_M0,Sec61b_T4,Chchd2_M0
Sec61b_T4<==>Chchd2_T4,Sec61b_T4,Chchd2_T4
Sec61b_T4<==>Ndufa13_T2,Sec61b_T4,Ndufa13_T2
Sec61b_T4<==>Tpm4_B1,Sec61b_T4,Tpm4_B1
Sec61b_T4<==>Calr_B4,Sec61b_T4,Calr_B4
Sec61b_T4<==>Cox5a_T5,Sec61b_T4,Cox5a_T5
Sec61b_T4<==>Eif5a_B1,Sec61b_T4,Eif5a_B1
Sec61b_T4<==>Rps29_M2,Sec61b_T4,Rps29_M2
Sec61b_T4<==>Calm1_B1,Sec61b_T4,Calm1_B1
Sec61b_T4<==>Igha_M0,Sec61b_T4,Igha_M0
Sec61b_T4<==>Psme2_M3,Sec61b_T4,Psme2_M3
Sec61b_T4<==>Myh9_T1,Sec61b_T4,Myh9_T1
Sec61b_T4<==>Tomm6_T4,Sec61b_T4,Tomm6_T4
Sec61b_T4<==>Fau_M3,Sec61b_T4,Fau_M3
Sec61b_T4<==>Rbm3_B1,Sec61b_T4,Rbm3_B1
Sec61b_T5<==>Cnbp_M1,Sec61b_T5,Cnbp_M1
Sec61b_T5<==>Rab7_M0,Sec61b_T5,Rab7_M0
Sec61b_T5<==>Ube2b_B1,Sec61b_T5,Ube2b_B1
Sec61b_T5<==>Actg1_M7,Sec61b_T5,Actg1_M7
Sec61b_T5<==>Lcp1_T7,Sec61b_T5,Lcp1_T7
Sec61b_T5<==>Srsf3_B1,Sec61b_T5,Srsf3_B1
Sec61b_T5<==>Glo1_T5,Sec61b_T5,Glo1_T5
Nr4a3_B5<==>Nkg7_T0,Nr4a3_B5,Nkg7_T0
Nr4a3_B5<==>Ninj1_M0,Nr4a3_B5,Ninj1_M0
Nr4a3_M3<==>Pik3r1_M3,Nr4a3_M3,Pik3r1_M3
Nr4a3_M3<==>Cd274_M3,Nr4a3_M3,Cd274_M3
Nr4a3_M5<==>Irs2_T7,Nr4a3_M5,Irs2_T7
Nr4a3_M5<==>Samsn1_M5,Nr4a3_M5,Samsn1_M5
Nr4a3_M5<==>Vegfa_M3,Nr4a3_M5,Vegfa_M3
Nr4a3_M5<==>AW112010_M0,Nr4a3_M5,AW112010_M0
Abca1_M1<==>Arpc3_T2,Abca1_M1,Arpc3_T2
Abca1_M1<==>Map1lc3b_T2,Abca1_M1,Map1lc3b_T2
Abca1_M1<==>Rpl13_B1,Abca1_M1,Rpl13_B1
Abca1_M1<==>Rps25_T3,Abca1_M1,Rps25_T3
Abca1_M1<==>Man1a_B1,Abca1_M1,Man1a_B1
Abca1_M1<==>Kdm6b_M1,Abca1_M1,Kdm6b_M1
Abca1_M1<==>Id2_M3,Abca1_M1,Id2_M3
Abca1_M1<==>Tmed10_M0,Abca1_M1,Tmed10_M0
Abca1_M1<==>Lgmn_M1,Abca1_M1,Lgmn_M1
Abca1_M1<==>Cox7c_B5,Abca1_M1,Cox7c_B5
Abca1_M1<==>Ywhaz_B3,Abca1_M1,Ywhaz_B3
Abca1_M1<==>Trib1_M4,Abca1_M1,Trib1_M4
Abca1_M1<==>Ago2_M4,Abca1_M1,Ago2_M4
Abca1_M1<==>Ly6e_T2,Abca1_M1,Ly6e_T2
Abca1_M1<==>Iglv2_B3,Abca1_M1,Iglv2_B3
Abca1_M1<==>Rpl36_T5,Abca1_M1,Rpl36_T5
Abca1_M1<==>Rpl17_B5,Abca1_M1,Rpl17_B5
Klf4_T7<==>Rac2_B4,Klf4_T7,Rac2_B4
Txn1_B1<==>H2-DMb1_M4,Txn1_B1,H2-DMb1_M4
Txn1_B3<==>Igkv5-48_B3,Txn1_B3,Igkv5-48_B3
Txn1_B3<==>Rpn1_B3,Txn1_B3,Rpn1_B3
Txn1_B3<==>Calr_B3,Txn1_B3,Calr_B3
Txn1_B3<==>Manf_B3,Txn1_B3,Manf_B3
Txn1_B3<==>Rhoa_B3,Txn1_B3,Rhoa_B3
Txn1_B3<==>Canx_B3,Txn1_B3,Canx_B3
Txn1_B3<==>Pdia6_B3,Txn1_B3,Pdia6_B3
Txn1_B3<==>Dnajb9_B3,Txn1_B3,Dnajb9_B3
Txn1_B3<==>Psmb9_B3,Txn1_B3,Psmb9_B3
Txn1_M0<==>Tmed2_M0,Txn1_M0,Tmed2_M0
Txn1_M0<==>Rps11_T5,Txn1_M0,Rps11_T5
Txn1_M0<==>Cyba_M0,Txn1_M0,Cyba_M0
Txn1_M0<==>Sept7_B1,Txn1_M0,Sept7_B1
Txn1_M0<==>Atp5g1_M0,Txn1_M0,Atp5g1_M0
Txn1_M0<==>Rbx1_M0,Txn1_M0,Rbx1_M0
Txn1_M1<==>Rbpj_M1,Txn1_M1,Rbpj_M1
Txn1_M1<==>Plekho2_M1,Txn1_M1,Plekho2_M1
Txn1_M1<==>Atox1_M1,Txn1_M1,Atox1_M1
Txn1_M1<==>Lgmn_M1,Txn1_M1,Lgmn_M1
Txn1_M1<==>Itm2b_M1,Txn1_M1,Itm2b_M1
Txn1_M1<==>Selenop_M1,Txn1_M1,Selenop_M1
Txn1_M1<==>Msrb1_M1,Txn1_M1,Msrb1_M1
Txn1_M1<==>Prdx5_M1,Txn1_M1,Prdx5_M1
Txn1_M2<==>Rpl22_M3,Txn1_M2,Rpl22_M3
Txn1_M3<==>Sh3bgrl3_T4,Txn1_M3,Sh3bgrl3_T4
Txn1_M3<==>Gapdh_M3,Txn1_M3,Gapdh_M3
Txn1_M3<==>Bst2_B3,Txn1_M3,Bst2_B3
Txn1_M3<==>Tle5_M3,Txn1_M3,Tle5_M3
Txn1_M3<==>Igha_M0,Txn1_M3,Igha_M0
Txn1_M3<==>Ighm_B3,Txn1_M3,Ighm_B3
Txn1_M3<==>Psmb8_M3,Txn1_M3,Psmb8_M3
Txn1_M3<==>H2-Ob_M3,Txn1_M3,H2-Ob_M3
Txn1_M4<==>Glrx3_T5,Txn1_M4,Glrx3_T5
Txn1_M4<==>Eef2_M1,Txn1_M4,Eef2_M1
Txn1_M4<==>Nedd8_M0,Txn1_M4,Nedd8_M0
Txn1_M4<==>Rps2_M0,Txn1_M4,Rps2_M0
Txn1_M4<==>Plaat3_M4,Txn1_M4,Plaat3_M4
Txn1_M4<==>Rbm3_B4,Txn1_M4,Rbm3_B4
Txn1_M5<==>Arhgdib_T2,Txn1_M5,Arhgdib_T2
Txn1_M5<==>Eif5_T1,Txn1_M5,Eif5_T1
Txn1_M5<==>Vdac2_M3,Txn1_M5,Vdac2_M3
Txn1_M5<==>Ndufa6_M0,Txn1_M5,Ndufa6_M0
Txn1_M5<==>Tspo_M5,Txn1_M5,Tspo_M5
Txn1_M5<==>Srsf3_T4,Txn1_M5,Srsf3_T4
Txn1_O7<==>Rps3_T6_2,Txn1_O7,Rps3_T6_2
Txn1_O7<==>H2-D1_M0,Txn1_O7,H2-D1_M0
Txn1_O7<==>Calm2_M3,Txn1_O7,Calm2_M3
Txn1_O7<==>mt-Atp6_T0,Txn1_O7,mt-Atp6_T0
Txn1_T1<==>Naaa_M4,Txn1_T1,Naaa_M4
Txn1_T1<==>Sqstm1_M4,Txn1_T1,Sqstm1_M4
Txn1_T3<==>Rpl41_B3,Txn1_T3,Rpl41_B3
Txn1_T4<==>H2afj_T4,Txn1_T4,H2afj_T4
Txn1_T4<==>Manf_M1,Txn1_T4,Manf_M1
Txn1_T4<==>Gja1_O10,Txn1_T4,Gja1_O10
Gng10_B4<==>Ran_B1,Gng10_B4,Ran_B1
Gng10_B4<==>Chchd2_M0,Gng10_B4,Chchd2_M0
Gng10_B4<==>Emp3_M5,Gng10_B4,Emp3_M5
Gng10_B4<==>Ndufa13_T2,Gng10_B4,Ndufa13_T2
Gng10_B4<==>Cyba_T2,Gng10_B4,Cyba_T2
Gng10_B4<==>Rab1a_M3,Gng10_B4,Rab1a_M3
Gng10_B4<==>Btf3_T4,Gng10_B4,Btf3_T4
Gng10_B4<==>Pacsin1_M7,Gng10_B4,Pacsin1_M7
Gng10_M3<==>Rps6_T5,Gng10_M3,Rps6_T5
Gng10_M3<==>Mdh2_M3,Gng10_M3,Mdh2_M3
Gng10_M3<==>Rab8b_M5,Gng10_M3,Rab8b_M5
Gng10_M3<==>Slc25a3_T1,Gng10_M3,Slc25a3_T1
Gng10_M3<==>Slfn1_M2,Gng10_M3,Slfn1_M2
Gng10_M3<==>Cyth1_M3,Gng10_M3,Cyth1_M3
Gng10_M3<==>Tcrg-C1_T4,Gng10_M3,Tcrg-C1_T4
Gng10_M3<==>Fam49b_M3,Gng10_M3,Fam49b_M3
Gng10_M3<==>Sec11c_M3,Gng10_M3,Sec11c_M3
Gng10_M3<==>Mxi1_T5,Gng10_M3,Mxi1_T5
Gng10_T5<==>H2afj_T4,Gng10_T5,H2afj_T4
Ptbp3_B1<==>Eif1_T7,Ptbp3_B1,Eif1_T7
Ptbp3_B1<==>Rsl1d1_T5,Ptbp3_B1,Rsl1d1_T5
Ptbp3_M1<==>Atp13a2_M0,Ptbp3_M1,Atp13a2_M0
Ptbp3_M1<==>Eif4g2_M1,Ptbp3_M1,Eif4g2_M1
Ptbp3_M1<==>Ighv2-9-1_B3,Ptbp3_M1,Ighv2-9-1_B3
Ptbp3_M3<==>Clec2d_T2,Ptbp3_M3,Clec2d_T2
Atp6v1g1_M0<==>Tmed2_M0,Atp6v1g1_M0,Tmed2_M0
Atp6v1g1_M0<==>Chchd2_M0,Atp6v1g1_M0,Chchd2_M0
Atp6v1g1_M0<==>Cox6b1_M0,Atp6v1g1_M0,Cox6b1_M0
Atp6v1g1_M0<==>Actg1_T7,Atp6v1g1_M0,Actg1_T7
Atp6v1g1_M0<==>AW112010_M3,Atp6v1g1_M0,AW112010_M3
Atp6v1g1_M4<==>Cap1_M3,Atp6v1g1_M4,Cap1_M3
Atp6v1g1_T0<==>Sdf4_T0,Atp6v1g1_T0,Sdf4_T0
Atp6v1g1_T0<==>Tnfrsf4_T1,Atp6v1g1_T0,Tnfrsf4_T1
Atp6v1g1_T0<==>Foxp1_B5,Atp6v1g1_T0,Foxp1_B5
Atp6v1g1_T0<==>Ppp4r2_M5,Atp6v1g1_T0,Ppp4r2_M5
Atp6v1g1_T0<==>Psmb8_T3,Atp6v1g1_T0,Psmb8_T3
Tnfsf8_T0<==>Cd52_B1,Tnfsf8_T0,Cd52_B1
Tnfsf8_T0<==>Rheb_M4,Tnfsf8_T0,Rheb_M4
Tnfsf8_T0<==>Tgfb1_T5,Tnfsf8_T0,Tgfb1_T5
Tnfsf8_T0<==>Snx20_M4,Tnfsf8_T0,Snx20_M4
Tnfsf8_T0<==>Snf8_M4,Tnfsf8_T0,Snf8_M4
Tnfsf8_T0<==>Nfkbia_O10,Tnfsf8_T0,Nfkbia_O10
Tnfsf8_T0<==>Crem_T0,Tnfsf8_T0,Crem_T0
Tnfsf8_T1<==>Arpc3_T0,Tnfsf8_T1,Arpc3_T0
Tnfsf8_T1<==>Ndufa13_M0,Tnfsf8_T1,Ndufa13_M0
Tnfsf8_T1<==>Atp5l_M0,Tnfsf8_T1,Atp5l_M0
Tnfsf8_T1<==>Itk_M5,Tnfsf8_T1,Itk_M5
Tnfsf8_T1<==>Hif1a_T1,Tnfsf8_T1,Hif1a_T1
Tnfsf8_T1<==>Rps2_T6,Tnfsf8_T1,Rps2_T6
Tnfsf8_T1<==>Psmb8_M0,Tnfsf8_T1,Psmb8_M0
Ttc39b_M5<==>Fis1_M5,Ttc39b_M5,Fis1_M5
Ttc39b_T0<==>Sesn3_T0,Ttc39b_T0,Sesn3_T0
Ttc39b_T0<==>Ly6a_T5,Ttc39b_T0,Ly6a_T5
Ttc39b_T0<==>Tapbp_M0,Ttc39b_T0,Tapbp_M0
Psip1_B3<==>Arpc3_T6,Psip1_B3,Arpc3_T6
Rps6_B1<==>Igkc_B0,Rps6_B1,Igkc_B0
Rps6_B1<==>Eef1a1_M3,Rps6_B1,Eef1a1_M3
Rps6_B1<==>Uqcr11_M0,Rps6_B1,Uqcr11_M0
Rps6_B1<==>Plek_B1,Rps6_B1,Plek_B1
Rps6_B1<==>Rps27a_T5,Rps6_B1,Rps27a_T5
Rps6_B1<==>Cox6c_T4,Rps6_B1,Cox6c_T4
Rps6_B1<==>Nrip1_M5,Rps6_B1,Nrip1_M5
Rps6_B1<==>Rpl17_T1,Rps6_B1,Rpl17_T1
Rps6_B1<==>Rps4x_B1,Rps6_B1,Rps4x_B1
Rps6_M3<==>Rpl11_M3,Rps6_M3,Rpl11_M3
Rps6_M3<==>Cox6a1_M3,Rps6_M3,Cox6a1_M3
Rps6_M3<==>Foxp1_B2,Rps6_M3,Foxp1_B2
Rps6_M3<==>Rpl32_M3,Rps6_M3,Rpl32_M3
Rps6_M3<==>Rps9_M3,Rps6_M3,Rps9_M3
Rps6_M3<==>Rpl28_M3,Rps6_M3,Rpl28_M3
Rps6_M3<==>Rps5_M3,Rps6_M3,Rps5_M3
Rps6_M3<==>Selenow_T5,Rps6_M3,Selenow_T5
Rps6_M3<==>Rps16_M3,Rps6_M3,Rps16_M3
Rps6_M3<==>Ldha_M0,Rps6_M3,Ldha_M0
Rps6_M3<==>Ucp2_M4,Rps6_M3,Ucp2_M4
Rps6_M3<==>Rpl18a_M3,Rps6_M3,Rpl18a_M3
Rps6_M3<==>Rpl13_M3,Rps6_M3,Rpl13_M3
Rps6_M3<==>Eef1a1_M3,Rps6_M3,Eef1a1_M3
Rps6_M3<==>Rpsa_M5,Rps6_M3,Rpsa_M5
Rps6_M3<==>Rpl14_M3,Rps6_M3,Rpl14_M3
Rps6_M3<==>Rps12_M3,Rps6_M3,Rps12_M3
Rps6_M3<==>Rps27a_M3,Rps6_M3,Rps27a_M3
Rps6_M3<==>Rack1_M3,Rps6_M3,Rack1_M3
Rps6_M3<==>Rpl26_M3,Rps6_M3,Rpl26_M3
Rps6_M3<==>Rps7_M3,Rps6_M3,Rps7_M3
Rps6_M3<==>Rps23_M3,Rps6_M3,Rps23_M3
Rps6_M3<==>Hexb_M1,Rps6_M3,Hexb_M1
Rps6_M3<==>Itm2b_T2,Rps6_M3,Itm2b_T2
Rps6_M3<==>Rpl8_M3,Rps6_M3,Rpl8_M3
Rps6_M3<==>Il2rb_M5,Rps6_M3,Il2rb_M5
Rps6_M3<==>Rps18_M3,Rps6_M3,Rps18_M3
Rps6_M3<==>Rps14_M3,Rps6_M3,Rps14_M3
Rps6_M3<==>Rpl17_M3,Rps6_M3,Rpl17_M3
Rps6_M5<==>Ighv1-2_B3,Rps6_M5,Ighv1-2_B3
Rps6_T1<==>Igkv10-94_B2,Rps6_T1,Igkv10-94_B2
Rps6_T1<==>Rpl28_T1,Rps6_T1,Rpl28_T1
Rps6_T1<==>Blvrb_M0,Rps6_T1,Blvrb_M0
Rps6_T1<==>Myl6_B0,Rps6_T1,Myl6_B0
Rps6_T2<==>Rpl5_B1,Rps6_T2,Rpl5_B1
Rps6_T2<==>Apoe_O7,Rps6_T2,Apoe_O7
Rps6_T2<==>Birc2_T2,Rps6_T2,Birc2_T2
Rps6_T2<==>Rpl4_B1,Rps6_T2,Rpl4_B1
Rps6_T2<==>Rack1_T2,Rps6_T2,Rack1_T2
Rps6_T2<==>Rpl19_M3,Rps6_T2,Rpl19_M3
Rps6_T2<==>Cox7c_M3,Rps6_T2,Cox7c_M3
Rps6_T5<==>Rpl11_T5,Rps6_T5,Rpl11_T5
Rps6_T5<==>Rpl9_T5,Rps6_T5,Rpl9_T5
Rps6_T5<==>Rpl18_T5,Rps6_T5,Rpl18_T5
Rps6_T5<==>Rpl13_T5,Rps6_T5,Rpl13_T5
Rps6_T5<==>Ubl5_B1,Rps6_T5,Ubl5_B1
Rps6_T5<==>Sept7_T4,Rps6_T5,Sept7_T4
Rps6_T5<==>Eef1a1_T5,Rps6_T5,Eef1a1_T5
Rps6_T5<==>Rpsa_T5,Rps6_T5,Rpsa_T5
Rps6_T5<==>Rpl14_T5,Rps6_T5,Rpl14_T5
Rps6_T5<==>Eef2_T5,Rps6_T5,Eef2_T5
Rps6_T5<==>Plek_B1,Rps6_T5,Plek_B1
Rps6_T5<==>Rps27a_T5,Rps6_T5,Rps27a_T5
Rps6_T5<==>Rack1_T5,Rps6_T5,Rack1_T5
Rps6_T5<==>Rps18_T5,Rps6_T5,Rps18_T5
Rps6_T5<==>Rpl17_B2,Rps6_T5,Rpl17_B2
Rps6_T5<==>Rpl17_T4,Rps6_T5,Rpl17_T4
Rps6_T5<==>Rpl17_T5,Rps6_T5,Rpl17_T5
Rps6_T5<==>Rps4x_T5,Rps6_T5,Rps4x_T5
Rps6_T5<==>mt-Co2_B2,Rps6_T5,mt-Co2_B2
Rps6_T5<==>mt-Atp6_B2,Rps6_T5,mt-Atp6_B2
Rps6_T5<==>mt-Cytb_B2,Rps6_T5,mt-Cytb_B2
Jak1_T4<==>Mgst1_M0,Jak1_T4,Mgst1_M0
Jak1_T4<==>Aldoa_M0,Jak1_T4,Aldoa_M0
Jak1_T4<==>Actr2_M0,Jak1_T4,Actr2_M0
Jak1_T4<==>Fam49b_M4,Jak1_T4,Fam49b_M4
Pde4b_M0<==>Eif1_T2,Pde4b_M0,Eif1_T2
Pde4b_M0<==>Appl1_M4,Pde4b_M0,Appl1_M4
Pde4b_M1<==>Ost4_B1,Pde4b_M1,Ost4_B1
Pde4b_M1<==>Jchain_B4,Pde4b_M1,Jchain_B4
Pde4b_M1<==>Ndufa4_T1,Pde4b_M1,Ndufa4_T1
Pde4b_M1<==>Snrpf_B1,Pde4b_M1,Snrpf_B1
Pde4b_M1<==>Rap1b_T2,Pde4b_M1,Rap1b_T2
Pde4b_M1<==>Ndufb1-ps_T4,Pde4b_M1,Ndufb1-ps_T4
Pde4b_M1<==>Cox7c_T1,Pde4b_M1,Cox7c_T1
Pde4b_M1<==>Ywhaz_B4,Pde4b_M1,Ywhaz_B4
Pde4b_M1<==>Iglc1_B2,Pde4b_M1,Iglc1_B2
Pde4b_M1<==>Pim1_T2,Pde4b_M1,Pim1_T2
Pde4b_M1<==>Cd14_M1,Pde4b_M1,Cd14_M1
Pde4b_M1<==>Fth1_O7,Pde4b_M1,Fth1_O7
Pde4b_M3<==>Ighv1-83_B3,Pde4b_M3,Ighv1-83_B3
Mier1_T1<==>Socs3_M5,Mier1_T1,Socs3_M5
Mier1_T2<==>Mier1_T4,Mier1_T2,Mier1_T4
Mier1_T2<==>Selplg_T3,Mier1_T2,Selplg_T3
Mier1_T2<==>Chchd2_T3,Mier1_T2,Chchd2_T3
Mier1_T2<==>Tmem176b_O7,Mier1_T2,Tmem176b_O7
Mier1_T2<==>Mxd1_M1,Mier1_T2,Mxd1_M1
Mier1_T2<==>Ppp4r2_M3,Mier1_T2,Ppp4r2_M3
Mier1_T2<==>Atp6v0d1_M1,Mier1_T2,Atp6v0d1_M1
Mier1_T2<==>Cyth1_M3,Mier1_T2,Cyth1_M3
Mier1_T2<==>Serpinb6b_M3,Mier1_T2,Serpinb6b_M3
Mier1_T2<==>Tnrc6b_B3,Mier1_T2,Tnrc6b_B3
Mier1_T2<==>Slc38a2_B3,Mier1_T2,Slc38a2_B3
Mier1_T2<==>Iglv1_B0,Mier1_T2,Iglv1_B0
Mier1_T2<==>Dusp1_M3,Mier1_T2,Dusp1_M3
Mier1_T2<==>H2-Q7_M5,Mier1_T2,H2-Q7_M5
Mier1_T2<==>Zfp36l2_M3,Mier1_T2,Zfp36l2_M3
Mier1_T2<==>Reep5_T2,Mier1_T2,Reep5_T2
Mier1_T2<==>Rpl36a_T2,Mier1_T2,Rpl36a_T2
Mier1_T4<==>Cd163l1_T4,Mier1_T4,Cd163l1_T4
Mier1_T4<==>Atp6v0d1_M1,Mier1_T4,Atp6v0d1_M1
Mier1_T4<==>Ppp2ca_M1,Mier1_T4,Ppp2ca_M1
Mier1_T4<==>Cyth1_M3,Mier1_T4,Cyth1_M3
Mier1_T4<==>Nfkbia_O10,Mier1_T4,Nfkbia_O10
Mier1_T4<==>Ciita_B4,Mier1_T4,Ciita_B4
Mier1_T4<==>Sec11c_T4,Mier1_T4,Sec11c_T4
Mier1_T4<==>Ms4a6c_M3,Mier1_T4,Ms4a6c_M3
Mier1_T4<==>Pgk1_B4,Mier1_T4,Pgk1_B4
Mier1_T5<==>Rps29_T1,Mier1_T5,Rps29_T1
Mier1_T5<==>Ighv1-74_B2,Mier1_T5,Ighv1-74_B2
Mier1_T5<==>H2-Q7_O10,Mier1_T5,H2-Q7_O10
Tmem59_M1<==>Lyz2_M3,Tmem59_M1,Lyz2_M3
Tmem59_M1<==>Ctsl_M0,Tmem59_M1,Ctsl_M0
Tmem59_M1<==>Ywhaz_T1,Tmem59_M1,Ywhaz_T1
Tmem59_M1<==>Trib1_M4,Tmem59_M1,Trib1_M4
Tmem59_M4<==>Dad1_B3,Tmem59_M4,Dad1_B3
Tmem59_M4<==>Cox8a_B1,Tmem59_M4,Cox8a_B1
Lrp8_M7<==>Syncrip_B5,Lrp8_M7,Syncrip_B5
Scp2_M3<==>Clec12a_M0,Scp2_M3,Clec12a_M0
Scp2_M3<==>Gnai2_B1,Scp2_M3,Gnai2_B1
Scp2_M3<==>Ubb_B1,Scp2_M3,Ubb_B1
Scp2_M3<==>Pafah1b1_B1,Scp2_M3,Pafah1b1_B1
Scp2_M3<==>Spag9_B5,Scp2_M3,Spag9_B5
Scp2_M3<==>Tspo_T3,Scp2_M3,Tspo_T3
Scp2_M3<==>Son_B2,Scp2_M3,Son_B2
Scp2_M3<==>mt-Nd4_B0,Scp2_M3,mt-Nd4_B0
Tut4_B2<==>Micos10_M0,Tut4_B2,Micos10_M0
Tut4_B2<==>Pxn_M1,Tut4_B2,Pxn_M1
Tut4_B2<==>Foxp1_M1,Tut4_B2,Foxp1_M1
Tut4_B2<==>Hcst_T4,Tut4_B2,Hcst_T4
Tut4_B2<==>Atp5l_M0,Tut4_B2,Atp5l_M0
Tut4_B2<==>Plekho2_M1,Tut4_B2,Plekho2_M1
Tut4_B2<==>Rnf130_M0,Tut4_B2,Rnf130_M0
Tut4_B2<==>Pak2_T1,Tut4_B2,Pak2_T1
Tut4_B2<==>Cox8a_T2,Tut4_B2,Cox8a_T2
Tut4_B2<==>Myof_M0,Tut4_B2,Myof_M0
Tut4_B5<==>Prr29_T7,Tut4_B5,Prr29_T7
Tut4_B5<==>Ighm_B5,Tut4_B5,Ighm_B5
Tut4_M4<==>Selenok_M0,Tut4_M4,Selenok_M0
Tut4_M4<==>Cox17_B1,Tut4_M4,Cox17_B1
Tut4_M4<==>Gm42418_M5,Tut4_M4,Gm42418_M5
Tut4_M5<==>Rps11_B1,Tut4_M5,Rps11_B1
Tut4_M5<==>Tnfaip3_B6_0,Tut4_M5,Tnfaip3_B6_0
Tut4_M5<==>Malat1_T3,Tut4_M5,Malat1_T3
Tut4_M5<==>mt-Atp8_B1,Tut4_M5,mt-Atp8_B1
Tut4_M5<==>mt-Nd4l_B3,Tut4_M5,mt-Nd4l_B3
Nrd1_B3<==>Igsf6_M0,Nrd1_B3,Igsf6_M0
Nrd1_B3<==>H2-D1_B5,Nrd1_B3,H2-D1_B5
Nrd1_B3<==>Ier3_M3,Nrd1_B3,Ier3_M3
Uqcrh_M1<==>Psmb2_T5,Uqcrh_M1,Psmb2_T5
Uqcrh_M1<==>Psma4_M1,Uqcrh_M1,Psma4_M1
Uqcrh_M1<==>Sec61g_B3,Uqcrh_M1,Sec61g_B3
Uqcrh_T4<==>Rsbn1l_T2,Uqcrh_T4,Rsbn1l_T2
Uqcrh_T4<==>Mtpn_M0,Uqcrh_T4,Mtpn_M0
Uqcrh_T4<==>Rps5_M3,Uqcrh_T4,Rps5_M3
Uqcrh_T4<==>Rpl13_M3,Uqcrh_T4,Rpl13_M3
Uqcrh_T4<==>Ncam1_O4,Uqcrh_T4,Ncam1_O4
Uqcrh_T4<==>Ifngr1_M4,Uqcrh_T4,Ifngr1_M4
Uqcrh_T4<==>Rack1_M3,Uqcrh_T4,Rack1_M3
Uqcrh_T4<==>Ighv9-4_B3,Uqcrh_T4,Ighv9-4_B3
Uqcrh_T5<==>Creb5_M3,Uqcrh_T5,Creb5_M3
Uqcrh_T5<==>Rab6a_M4,Uqcrh_T5,Rab6a_M4
Uqcrh_T5<==>Hsp90ab1_T5,Uqcrh_T5,Hsp90ab1_T5
Akr1a1_B4<==>Eif2ak3_B3,Akr1a1_B4,Eif2ak3_B3
Akr1a1_B4<==>Glrx3_B4,Akr1a1_B4,Glrx3_B4
Akr1a1_B4<==>Tomm6_M3,Akr1a1_B4,Tomm6_M3
Akr1a1_M0<==>Ndufc2_M0,Akr1a1_M0,Ndufc2_M0
Akr1a1_M0<==>Rps15a_B2,Akr1a1_M0,Rps15a_B2
Akr1a1_M0<==>Cd300c2_M0,Akr1a1_M0,Cd300c2_M0
Akr1a1_M1<==>Cnot6l_M5,Akr1a1_M1,Cnot6l_M5
Akr1a1_M1<==>Rtcb_M4,Akr1a1_M1,Rtcb_M4
Akr1a1_M1<==>H2-K1_T4,Akr1a1_M1,H2-K1_T4
Akr1a1_M1<==>Ms4a6c_M1,Akr1a1_M1,Ms4a6c_M1
Prdx1_B1<==>Sh3bgrl3_B2,Prdx1_B1,Sh3bgrl3_B2
Prdx1_B1<==>Sumo2_B1,Prdx1_B1,Sumo2_B1
Prdx1_B1<==>Sf3b6_M3,Prdx1_B1,Sf3b6_M3
Prdx1_B1<==>Calm1_B1,Prdx1_B1,Calm1_B1
Prdx1_B1<==>Uqcrb_B1,Prdx1_B1,Uqcrb_B1
Prdx1_B1<==>Crem_B5,Prdx1_B1,Crem_B5
Prdx1_M0<==>Gnb1_M0,Prdx1_M0,Gnb1_M0
Prdx1_M0<==>Tmed2_M0,Prdx1_M0,Tmed2_M0
Prdx1_M0<==>Chchd2_M0,Prdx1_M0,Chchd2_M0
Prdx1_M0<==>Capza2_T4,Prdx1_M0,Capza2_T4
Prdx1_M0<==>Maf_T2,Prdx1_M0,Maf_T2
Prdx1_M0<==>Arih2_M1,Prdx1_M0,Arih2_M1
Prdx1_M0<==>Eif1_T3,Prdx1_M0,Eif1_T3
Prdx1_M0<==>Ninj1_M0,Prdx1_M0,Ninj1_M0
Prdx1_M0<==>Ly6e_M1,Prdx1_M0,Ly6e_M1
Prdx1_M0<==>Atp5j_M0,Prdx1_M0,Atp5j_M0
Prdx1_M1<==>Ighg2c_B0,Prdx1_M1,Ighg2c_B0
Prdx1_M3<==>Ap2s1_M3,Prdx1_M3,Ap2s1_M3
Prdx1_M3<==>Ftl1_M1,Prdx1_M3,Ftl1_M1
Prdx1_M5<==>Eno1_T5,Prdx1_M5,Eno1_T5
Prdx1_M5<==>Pycard_M5,Prdx1_M5,Pycard_M5
Prdx1_M5<==>Tapbp_M0,Prdx1_M5,Tapbp_M0
Prdx1_M5<==>Malt1_M5,Prdx1_M5,Malt1_M5
Prdx1_M5<==>Pgam1_M5,Prdx1_M5,Pgam1_M5
Prdx1_M5<==>mt-Nd4_B2,Prdx1_M5,mt-Nd4_B2
Prdx1_T5<==>Pycard_B3,Prdx1_T5,Pycard_B3
Prdx1_T5<==>U2af1_M3,Prdx1_T5,U2af1_M3
Rps8_M3<==>Rpl11_M3,Rps8_M3,Rpl11_M3
Rps8_M3<==>Rpl22_M3,Rps8_M3,Rpl22_M3
Rps8_M3<==>Sri_T4,Rps8_M3,Sri_T4
Rps8_M3<==>Rpl6_M3,Rps8_M3,Rpl6_M3
Rps8_M3<==>Fis1_T4,Rps8_M3,Fis1_T4
Rps8_M3<==>Gimap3_T3,Rps8_M3,Gimap3_T3
Rps8_M3<==>Selenow_T4,Rps8_M3,Selenow_T4
Rps8_M3<==>Coro1a_B1,Rps8_M3,Coro1a_B1
Rps8_M3<==>Rpl18a_M3,Rps8_M3,Rpl18a_M3
Rps8_M3<==>Rplp1_B2,Rps8_M3,Rplp1_B2
Rps8_M3<==>Dennd4a_B4,Rps8_M3,Dennd4a_B4
Rps8_M3<==>Rpl29_M0,Rps8_M3,Rpl29_M0
Rps8_M3<==>Cstb_M5,Rps8_M3,Cstb_M5
Rps8_M3<==>Atp2b1_M2,Rps8_M3,Atp2b1_M2
Rps8_M3<==>Rps27a_M3,Rps8_M3,Rps27a_M3
Rps8_M3<==>Rack1_M3,Rps8_M3,Rack1_M3
Rps8_M3<==>Rpl23_M3,Rps8_M3,Rpl23_M3
Rps8_M3<==>Rps23_M3,Rps8_M3,Rps23_M3
Rps8_M3<==>Dazap2_M0,Rps8_M3,Dazap2_M0
Rps8_M3<==>Rpl35a_M3,Rps8_M3,Rpl35a_M3
Rps8_M3<==>Rps18_M3,Rps8_M3,Rps18_M3
Rps8_M3<==>H2-K1_B2,Rps8_M3,H2-K1_B2
Rps8_M3<==>H2-K1_T4,Rps8_M3,H2-K1_T4
Rps8_M3<==>Myl12a_M3,Rps8_M3,Myl12a_M3
Rps8_M3<==>Cox7a2l_T2,Rps8_M3,Cox7a2l_T2
Rps8_M3<==>Tcf4_M7,Rps8_M3,Tcf4_M7
Rps8_M3<==>Ssr4_B1,Rps8_M3,Ssr4_B1
Rps8_M3<==>Rps4x_M3,Rps8_M3,Rps4x_M3
Rps8_M3<==>Xist_B0,Rps8_M3,Xist_B0
Rps8_M4<==>Fau_M4,Rps8_M4,Fau_M4
Rps8_M5<==>Rpl35a_M5,Rps8_M5,Rpl35a_M5
Rps8_T1<==>Pkm_M5,Rps8_T1,Pkm_M5
Rps8_T2<==>Rabac1_T2,Rps8_T2,Rabac1_T2
Rps8_T2<==>Lat_T4,Rps8_T2,Lat_T4
Rps8_T2<==>Rpl23_T2,Rps8_T2,Rpl23_T2
Rps8_T2<==>H2-D1_B4,Rps8_T2,H2-D1_B4
Rps8_T3<==>Rpl5_T3,Rps8_T3,Rpl5_T3
Rps8_T3<==>Bhlhe40_M3,Rps8_T3,Bhlhe40_M3
Rps8_T5<==>Rpl9_T5,Rps8_T5,Rpl9_T5
Rps8_T5<==>Rpl18a_T5,Rps8_T5,Rpl18a_T5
Rps8_T5<==>Uhrf2_T5,Rps8_T5,Uhrf2_T5
Rps8_T6<==>Llph_M3,Rps8_T6,Llph_M3
Rps8_T6<==>Ube2b_T3,Rps8_T6,Ube2b_T3
Rps8_T6<==>Fgfr1op_M4,Rps8_T6,Fgfr1op_M4
Atp6v0b_M0<==>Bri3_M0,Atp6v0b_M0,Bri3_M0
Atp6v0b_M0<==>Mtpn_M0,Atp6v0b_M0,Mtpn_M0
Atp6v0b_M0<==>Map1lc3b_M0,Atp6v0b_M0,Map1lc3b_M0
Atp6v0b_M0<==>Tmem123_M3,Atp6v0b_M0,Tmem123_M3
Atp6v0b_M0<==>Rplp1_B2,Atp6v0b_M0,Rplp1_B2
Atp6v0b_M0<==>Atp5g1_M4,Atp6v0b_M0,Atp5g1_M4
Atp6v0b_M0<==>Ighv5-6_B7,Atp6v0b_M0,Ighv5-6_B7
Atp6v0b_M0<==>Pak2_T1,Atp6v0b_M0,Pak2_T1
Atp6v0b_M0<==>Cd47_M3,Atp6v0b_M0,Cd47_M3
Atp6v0b_M0<==>D16Ertd472e_B3,Atp6v0b_M0,D16Ertd472e_B3
Atp6v0b_M0<==>H2-Q7_M3,Atp6v0b_M0,H2-Q7_M3
Atp6v0b_M0<==>mt-Nd4l_T6,Atp6v0b_M0,mt-Nd4l_T6
Atp6v0b_M3<==>Cd3d_T1,Atp6v0b_M3,Cd3d_T1
Atp6v0b_M3<==>Baz1a_M5,Atp6v0b_M3,Baz1a_M5
Atp6v0b_M3<==>Ostf1_T7,Atp6v0b_M3,Ostf1_T7
Ybx1_B1<==>Aebp2_T2,Ybx1_B1,Aebp2_T2
Ybx1_B1<==>Rps15_T1,Ybx1_B1,Rps15_T1
Ybx1_B1<==>Pitpna_M0,Ybx1_B1,Pitpna_M0
Ybx1_B1<==>Serpinb6b_M3,Ybx1_B1,Serpinb6b_M3
Ybx1_B1<==>Gpbp1_M3,Ybx1_B1,Gpbp1_M3
Ybx1_B1<==>Esd_M5,Ybx1_B1,Esd_M5
Ybx1_B1<==>Il2rb_T5,Ybx1_B1,Il2rb_T5
Ybx1_B1<==>Tmbim6_M0,Ybx1_B1,Tmbim6_M0
Ybx1_B1<==>Zeb1_T2,Ybx1_B1,Zeb1_T2
Ybx1_B1<==>Ptprcap_B1,Ybx1_B1,Ptprcap_B1
Ybx1_B1<==>Jak2_T1,Ybx1_B1,Jak2_T1
Ybx1_B5<==>P2ry10_T1,Ybx1_B5,P2ry10_T1
Ybx1_M5<==>Cd4_T0,Ybx1_M5,Cd4_T0
Ybx1_M5<==>Itgb2_M5,Ybx1_M5,Itgb2_M5
Ybx1_T1<==>Cdc42_T1,Ybx1_T1,Cdc42_T1
Ybx1_T1<==>Rps5_T6_2,Ybx1_T1,Rps5_T6_2
Ybx1_T1<==>Tgif1_M1,Ybx1_T1,Tgif1_M1
Ybx1_T2<==>Cct6a_M5,Ybx1_T2,Cct6a_M5
Ybx1_T6<==>Psmb2_M5,Ybx1_T6,Psmb2_M5
Ybx1_T6<==>Tomm7_T4,Ybx1_T6,Tomm7_T4
Ybx1_T6<==>Jmjd1c_M1,Ybx1_T6,Jmjd1c_M1
Ybx1_T6<==>Ly6e_M0,Ybx1_T6,Ly6e_M0
Smap2_B1<==>Coro1a_M4,Smap2_B1,Coro1a_M4
Smap2_B1<==>mt-Co1_T1,Smap2_B1,mt-Co1_T1
Smap2_T4<==>Eif4h_M3,Smap2_T4,Eif4h_M3
Smap2_T4<==>Ninj1_M0,Smap2_T4,Ninj1_M0
Smap2_T5<==>Vdac3_M4,Smap2_T5,Vdac3_M4
Smap2_T7<==>Mrpl33_M3,Smap2_T7,Mrpl33_M3
Smap2_T7<==>Hexa_M3,Smap2_T7,Hexa_M3
Smap2_T7<==>Igha_O10,Smap2_T7,Igha_O10
Smap2_T7<==>Ifnar2_B3,Smap2_T7,Ifnar2_B3
Ppt1_M1<==>Cxcl16_M3,Ppt1_M1,Cxcl16_M3
Ppt1_M1<==>Sec11c_M3,Ppt1_M1,Sec11c_M3
Ppt1_M4<==>Igkv5-43_B3,Ppt1_M4,Igkv5-43_B3
Ppt1_M4<==>Clec2d_M3,Ppt1_M4,Clec2d_M3
Ppt1_M4<==>Shisa5_T0,Ppt1_M4,Shisa5_T0
Ppt1_M4<==>Ahr_M1,Ppt1_M4,Ahr_M1
Ppt1_M4<==>Lgmn_M3,Ppt1_M4,Lgmn_M3
Ppt1_M4<==>Rps24_B5,Ppt1_M4,Rps24_B5
Ppt1_M5<==>Gimap4_T1,Ppt1_M5,Gimap4_T1
Ppt1_M5<==>Tmem123_T5,Ppt1_M5,Tmem123_T5
Ppt1_M5<==>Plekho2_M5,Ppt1_M5,Plekho2_M5
Ppt1_M5<==>Rpl37_T1,Ppt1_M5,Rpl37_T1
Ppt1_M5<==>Rps28_T2,Ppt1_M5,Rps28_T2
Ppt1_M5<==>Ndufa1_B3,Ppt1_M5,Ndufa1_B3
Cap1_M1<==>Map3k14_M3,Cap1_M1,Map3k14_M3
Cap1_M3<==>Lgals3_M1,Cap1_M3,Lgals3_M1
Cap1_M3<==>Il2rg_M3,Cap1_M3,Il2rg_M3
Cap1_T5<==>Igkv12-44_B2,Cap1_T5,Igkv12-44_B2
Cap1_T5<==>Rpl41_M3,Cap1_T5,Rpl41_M3
Cap1_T5<==>Ndufb1-ps_T2,Cap1_T5,Ndufb1-ps_T2
Cap1_T5<==>Lgals3_M4,Cap1_T5,Lgals3_M4
Cap1_T5<==>Trib1_M4,Cap1_T5,Trib1_M4
Cap1_T5<==>Ago2_M4,Cap1_T5,Ago2_M4
Cap1_T5<==>Atp5md_B1,Cap1_T5,Atp5md_B1
Cap1_T5<==>mt-Nd2_T2,Cap1_T5,mt-Nd2_T2
Ndufs5_B3<==>Rpl18_M3,Ndufs5_B3,Rpl18_M3
Ndufs5_B3<==>Actr2_M0,Ndufs5_B3,Actr2_M0
Cdca8_T5<==>Jund_T7,Cdca8_T5,Jund_T7
Cdca8_T5<==>H2-DMb2_M3,Cdca8_T5,H2-DMb2_M3
Cdca8_T5<==>mt-Co3_T4,Cdca8_T5,mt-Co3_T4
Zc3h12a_M3<==>Cct2_B4,Zc3h12a_M3,Cct2_B4
Csf3r_M2<==>Luc7l2_M0,Csf3r_M2,Luc7l2_M0
Csf3r_M2<==>Irf8_M1,Csf3r_M2,Irf8_M1
Csf3r_M2<==>Rpl29_B1,Csf3r_M2,Rpl29_B1
Csf3r_M2<==>Igha_B1,Csf3r_M2,Igha_B1
Csf3r_M2<==>Ndufb9_M0,Csf3r_M2,Ndufb9_M0
Csf3r_M2<==>mt-Nd4l_B2,Csf3r_M2,mt-Nd4l_B2
Map7d1_M1<==>Kdm6b_T4,Map7d1_M1,Kdm6b_T4
Psmb2_B4<==>Atp6v1f_M1,Psmb2_B4,Atp6v1f_M1
Psmb2_M1<==>Atp5j2_M1,Psmb2_M1,Atp5j2_M1
Psmb2_M1<==>Xist_T2,Psmb2_M1,Xist_T2
Psmb2_M3<==>Rpl6_T5,Psmb2_M3,Rpl6_T5
Psmb2_M3<==>Gapdh_M3,Psmb2_M3,Gapdh_M3
Psmb2_M3<==>Coro1a_T4,Psmb2_M3,Coro1a_T4
Psmb2_M3<==>Itgal_T5,Psmb2_M3,Itgal_T5
Psmb2_M3<==>Ifi30_B1,Psmb2_M3,Ifi30_B1
Psmb2_M3<==>Havcr2_M3,Psmb2_M3,Havcr2_M3
Psmb2_M3<==>Rpl36al_B4,Psmb2_M3,Rpl36al_B4
Psmb2_M3<==>Uqcrb_M3,Psmb2_M3,Uqcrb_M3
Psmb2_M3<==>Rnase6_M4,Psmb2_M3,Rnase6_M4
Psmb2_M3<==>Rbx1_M3,Psmb2_M3,Rbx1_M3
Psmb2_M3<==>Iglc1_B0,Psmb2_M3,Iglc1_B0
Psmb2_M5<==>Rpl32_T5,Psmb2_M5,Rpl32_T5
Psmb2_M5<==>Bax_M5,Psmb2_M5,Bax_M5
Psmb2_M5<==>Actr2_M0,Psmb2_M5,Actr2_M0
Psmb2_M5<==>Lgals3_M1,Psmb2_M5,Lgals3_M1
Psmb2_M5<==>Hnrnpc_M5,Psmb2_M5,Hnrnpc_M5
Psmb2_T5<==>Rpl18a_B2,Psmb2_T5,Rpl18a_B2
Psmb2_T5<==>Ctsh_M3,Psmb2_T5,Ctsh_M3
Psmb2_T5<==>Psma2_T5,Psmb2_T5,Psma2_T5
Sfpq_B1<==>Rheb_M4,Sfpq_B1,Rheb_M4
Sfpq_B1<==>Eif2ak3_B3,Sfpq_B1,Eif2ak3_B3
Sfpq_B1<==>Atp5g1_M4,Sfpq_B1,Atp5g1_M4
Sfpq_B1<==>Gna13_T4,Sfpq_B1,Gna13_T4
Sfpq_B1<==>Tmsb4x_T7,Sfpq_B1,Tmsb4x_T7
Sfpq_M1<==>Sh3bgrl3_B2,Sfpq_M1,Sh3bgrl3_B2
Sfpq_M1<==>Tnfrsf18_T2,Sfpq_M1,Tnfrsf18_T2
Sfpq_M1<==>Pomp_B4,Sfpq_M1,Pomp_B4
Sfpq_M1<==>Igkv10-96_B3,Sfpq_M1,Igkv10-96_B3
Sfpq_M1<==>Cnbp_T3,Sfpq_M1,Cnbp_T3
Sfpq_M1<==>Tpm4_T3,Sfpq_M1,Tpm4_T3
Sfpq_M1<==>Atp6v0d1_M1,Sfpq_M1,Atp6v0d1_M1
Sfpq_M1<==>Rps27l_M4,Sfpq_M1,Rps27l_M4
Sfpq_M1<==>Cstb_M3,Sfpq_M1,Cstb_M3
Sfpq_M1<==>Slc25a3_B1,Sfpq_M1,Slc25a3_B1
Sfpq_M1<==>Ramp3_T7,Sfpq_M1,Ramp3_T7
Sfpq_M1<==>Eif1_B3,Sfpq_M1,Eif1_B3
Sfpq_M1<==>Stat3_B1,Sfpq_M1,Stat3_B1
Sfpq_M1<==>Prkar1a_T4,Sfpq_M1,Prkar1a_T4
Sfpq_M1<==>Syngr2_M3,Sfpq_M1,Syngr2_M3
Sfpq_M1<==>Cyth1_M3,Sfpq_M1,Cyth1_M3
Sfpq_M1<==>Sf3b6_B1,Sfpq_M1,Sf3b6_B1
Sfpq_M1<==>Smc6_M7,Sfpq_M1,Smc6_M7
Sfpq_M1<==>Calm1_B2,Sfpq_M1,Calm1_B2
Sfpq_M1<==>Ighv5-6_B5,Sfpq_M1,Ighv5-6_B5
Sfpq_M1<==>Ighv1-56_B3,Sfpq_M1,Ighv1-56_B3
Sfpq_M1<==>Serpinb9_M3,Sfpq_M1,Serpinb9_M3
Sfpq_M1<==>Ninj1_M3,Sfpq_M1,Ninj1_M3
Sfpq_M1<==>Appl1_M4,Sfpq_M1,Appl1_M4
Sfpq_M1<==>Timm23_M3,Sfpq_M1,Timm23_M3
Sfpq_M1<==>Rap2a_M3,Sfpq_M1,Rap2a_M3
Sfpq_M1<==>Eef1d_M1,Sfpq_M1,Eef1d_M1
Sfpq_M1<==>Tnrc6b_B3,Sfpq_M1,Tnrc6b_B3
Sfpq_M1<==>Slc38a1_M4,Sfpq_M1,Slc38a1_M4
Sfpq_M1<==>Slc38a2_B3,Sfpq_M1,Slc38a2_B3
Sfpq_M1<==>Dusp1_M3,Sfpq_M1,Dusp1_M3
Sfpq_M1<==>Ier3_M5,Sfpq_M1,Ier3_M5
Sfpq_M1<==>Satb1_T3,Sfpq_M1,Satb1_T3
Sfpq_M1<==>Zfp36l2_M3,Sfpq_M1,Zfp36l2_M3
Sfpq_M1<==>Crem_B5,Sfpq_M1,Crem_B5
Sfpq_M1<==>Crem_M4,Sfpq_M1,Crem_M4
Sfpq_M1<==>Crem_T3,Sfpq_M1,Crem_T3
Sfpq_M1<==>Ehd1_M3,Sfpq_M1,Ehd1_M3
Sfpq_M1<==>mt-Co3_B2,Sfpq_M1,mt-Co3_B2
Sfpq_M3<==>Eif5_T1,Sfpq_M3,Eif5_T1
Sfpq_M3<==>Vdac2_M3,Sfpq_M3,Vdac2_M3
Sfpq_M3<==>Cdkn1a_M1,Sfpq_M3,Cdkn1a_M1
Sfpq_M3<==>H2-Ob_M3,Sfpq_M3,H2-Ob_M3
Sfpq_M3<==>Etf1_B4,Sfpq_M3,Etf1_B4
Sfpq_M5<==>Eif3f_M7,Sfpq_M5,Eif3f_M7
Sfpq_M5<==>Atp6v0c_B1,Sfpq_M5,Atp6v0c_B1
Sfpq_T1<==>Ctsh_B1,Sfpq_T1,Ctsh_B1
Sfpq_T2<==>Lrrc8d_M3,Sfpq_T2,Lrrc8d_M3
Sfpq_T2<==>Pomp_B4,Sfpq_T2,Pomp_B4
Sfpq_T2<==>BC035044_M4,Sfpq_T2,BC035044_M4
Sfpq_T2<==>Appl1_M3,Sfpq_T2,Appl1_M3
Sfpq_T2<==>Srsf3_B5,Sfpq_T2,Srsf3_B5
Sfpq_T2<==>Srsf7_M1,Sfpq_T2,Srsf7_M1
Sfpq_T2<==>Nr3c1_T4,Sfpq_T2,Nr3c1_T4
Sfpq_T3<==>Rnf19b_M5,Sfpq_T3,Rnf19b_M5
Sfpq_T3<==>Plaur_M3,Sfpq_T3,Plaur_M3
Sfpq_T3<==>Bptf_B4,Sfpq_T3,Bptf_B4
Sfpq_T3<==>Eif5_B3,Sfpq_T3,Eif5_B3
Sfpq_T3<==>Gch1_B5,Sfpq_T3,Gch1_B5
Sfpq_T5<==>Cd2ap_M4,Sfpq_T5,Cd2ap_M4
Sfpq_T5<==>Gm47283_T5,Sfpq_T5,Gm47283_T5
Phc2_M4<==>Rab8b_T2,Phc2_M4,Rab8b_T2
Phc2_M4<==>Gja1_O10,Phc2_M4,Gja1_O10
Phc2_M4<==>Pabpc1_M3,Phc2_M4,Pabpc1_M3
Phc2_M4<==>Pim1_T2,Phc2_M4,Pim1_T2
Phc2_M4<==>Calm2_T1,Phc2_M4,Calm2_T1
Phc2_M4<==>Nr3c1_T2,Phc2_M4,Nr3c1_T2
Rnf19b_M3<==>Hnrnpa2b1_M3,Rnf19b_M3,Hnrnpa2b1_M3
Rnf19b_M3<==>Rnh1_M5,Rnf19b_M3,Rnh1_M5
Rnf19b_M3<==>Tomm20_B1,Rnf19b_M3,Tomm20_B1
Rnf19b_M3<==>Llph_B5,Rnf19b_M3,Llph_B5
Rnf19b_M3<==>Snx18_M0,Rnf19b_M3,Snx18_M0
Rnf19b_M3<==>Retnlg_M2,Rnf19b_M3,Retnlg_M2
Rnf19b_M3<==>Atp5a1_M0,Rnf19b_M3,Atp5a1_M0
Rnf19b_M3<==>Pten_M0,Rnf19b_M3,Pten_M0
Rnf19b_M5<==>Micos10_M0,Rnf19b_M5,Micos10_M0
Rnf19b_M5<==>Bhlhe40_T3,Rnf19b_M5,Bhlhe40_T3
Rnf19b_M5<==>Fxyd5_M5,Rnf19b_M5,Fxyd5_M5
Rnf19b_M5<==>Gabarapl2_T0,Rnf19b_M5,Gabarapl2_T0
Rnf19b_M5<==>Ets1_B2,Rnf19b_M5,Ets1_B2
Rnf19b_M5<==>Plekho2_M3,Rnf19b_M5,Plekho2_M3
Rnf19b_M5<==>Gpx1_M0,Rnf19b_M5,Gpx1_M0
Rnf19b_M5<==>Bptf_B4,Rnf19b_M5,Bptf_B4
Rnf19b_M5<==>Sub1_B4,Rnf19b_M5,Sub1_B4
Rnf19b_M5<==>Atp5md_B1,Rnf19b_M5,Atp5md_B1
Marcksl1_M0<==>Igkv10-94_B2,Marcksl1_M0,Igkv10-94_B2
Marcksl1_M0<==>Glrx3_T5,Marcksl1_M0,Glrx3_T5
Marcksl1_M0<==>Bcl2a1a_M0,Marcksl1_M0,Bcl2a1a_M0
Marcksl1_M0<==>Slfn2_M5,Marcksl1_M0,Slfn2_M5
Marcksl1_M0<==>Metrnl_O7,Marcksl1_M0,Metrnl_O7
Marcksl1_M0<==>Nfkbia_M0,Marcksl1_M0,Nfkbia_M0
Marcksl1_M0<==>Pabpc1_M0,Marcksl1_M0,Pabpc1_M0
Marcksl1_M0<==>H2-T23_T5,Marcksl1_M0,H2-T23_T5
Marcksl1_M0<==>Etf1_M0,Marcksl1_M0,Etf1_M0
Marcksl1_M1<==>Gna13_M0,Marcksl1_M1,Gna13_M0
Marcksl1_M1<==>Nfkbia_M4,Marcksl1_M1,Nfkbia_M4
Marcksl1_M5<==>Atp6v1e1_M5,Marcksl1_M5,Atp6v1e1_M5
Marcksl1_M5<==>Rpsa_M5,Marcksl1_M5,Rpsa_M5
Marcksl1_M5<==>Mpeg1_M5,Marcksl1_M5,Mpeg1_M5
Hdac1_T5<==>Vgll4_T4,Hdac1_T5,Vgll4_T4
Hdac1_T5<==>H2-Q7_M3,Hdac1_T5,H2-Q7_M3
Hdac1_T5<==>H2-Q7_M7,Hdac1_T5,H2-Q7_M7
Lck_B6_0<==>Csf2rb_M3,Lck_B6_0,Csf2rb_M3
Lck_M5<==>Chd4_M1,Lck_M5,Chd4_M1
Lck_T0<==>Rps25_T3,Lck_T0,Rps25_T3
Lck_T0<==>Rpl10a_T2,Lck_T0,Rpl10a_T2
Lck_T0<==>Psmb8_T5,Lck_T0,Psmb8_T5
Lck_T0<==>Tmem134_M4,Lck_T0,Tmem134_M4
Lck_T3<==>Saraf_T2,Lck_T3,Saraf_T2
Lck_T5<==>Ighv8-11_B2,Lck_T5,Ighv8-11_B2
Eif3i_M4<==>Prmt1_T5,Eif3i_M4,Prmt1_T5
Tmem234_B3<==>Sf3b2_M4,Tmem234_B3,Sf3b2_M4
Tmem234_B3<==>Rpl10_B1,Tmem234_B3,Rpl10_B1
Khdrbs1_M3<==>Ndufa13_T2,Khdrbs1_M3,Ndufa13_T2
Khdrbs1_T2<==>Asap1_T6_3,Khdrbs1_T2,Asap1_T6_3
Ptp4a2_B0<==>Arl1_T5,Ptp4a2_B0,Arl1_T5
Ptp4a2_B3<==>Sdf4_T2,Ptp4a2_B3,Sdf4_T2
Ptp4a2_B3<==>Tnfrsf4_T1,Ptp4a2_B3,Tnfrsf4_T1
Ptp4a2_B3<==>Gimap4_T0,Ptp4a2_B3,Gimap4_T0
Ptp4a2_B3<==>Eif2ak3_B3,Ptp4a2_B3,Eif2ak3_B3
Ptp4a2_B3<==>Cd81_M4,Ptp4a2_B3,Cd81_M4
Ptp4a2_B3<==>Tomm20_B3,Ptp4a2_B3,Tomm20_B3
Ptp4a2_B3<==>Odc1_B3,Ptp4a2_B3,Odc1_B3
Ptp4a2_B3<==>Ighv1-74_B3,Ptp4a2_B3,Ighv1-74_B3
Ptp4a2_B3<==>Sub1_B3,Ptp4a2_B3,Sub1_B3
Ptp4a2_B3<==>Cd47_B3,Ptp4a2_B3,Cd47_B3
Ptp4a2_B3<==>H2-K1_B2,Ptp4a2_B3,H2-K1_B2
Ptp4a2_B3<==>Lmnb1_B1,Ptp4a2_B3,Lmnb1_B1
Ptp4a2_B3<==>Ctsw_T0,Ptp4a2_B3,Ctsw_T0
Ptp4a2_B3<==>mt-Atp6_B0,Ptp4a2_B3,mt-Atp6_B0
Ptp4a2_B5<==>Edem1_B3,Ptp4a2_B5,Edem1_B3
Ptp4a2_M0<==>Arpc1b_B2,Ptp4a2_M0,Arpc1b_B2
Ptp4a2_M0<==>Rpl28_B2,Ptp4a2_M0,Rpl28_B2
Ptp4a2_M0<==>Tmem160_M0,Ptp4a2_M0,Tmem160_M0
Ptp4a2_M0<==>AU020206_T4,Ptp4a2_M0,AU020206_T4
Ptp4a2_M0<==>Ubl5_M0,Ptp4a2_M0,Ubl5_M0
Ptp4a2_M0<==>Lztfl1_B3,Ptp4a2_M0,Lztfl1_B3
Ptp4a2_M0<==>Actr2_M0,Ptp4a2_M0,Actr2_M0
Ptp4a2_M0<==>BC005537_M0,Ptp4a2_M0,BC005537_M0
Ptp4a2_M0<==>Itm2b_T4,Ptp4a2_M0,Itm2b_T4
Ptp4a2_M0<==>Cox6c_T4,Ptp4a2_M0,Cox6c_T4
Ptp4a2_M0<==>Cd47_M0,Ptp4a2_M0,Cd47_M0
Ptp4a2_M0<==>App_M0,Ptp4a2_M0,App_M0
Ptp4a2_M0<==>H2-K1_M5,Ptp4a2_M0,H2-K1_M5
Ptp4a2_M0<==>Pla2g7_M0,Ptp4a2_M0,Pla2g7_M0
Ptp4a2_M0<==>Tomm6_M0,Ptp4a2_M0,Tomm6_M0
Ptp4a2_O7<==>Capg_B1,Ptp4a2_O7,Capg_B1
Ptp4a2_O7<==>Ptpn6_B4,Ptp4a2_O7,Ptpn6_B4
Ptp4a2_O7<==>Ifitm3_M3,Ptp4a2_O7,Ifitm3_M3
Ptp4a2_O7<==>Crip1_M0,Ptp4a2_O7,Crip1_M0
Ptp4a2_O7<==>mt-Nd3_B0,Ptp4a2_O7,mt-Nd3_B0
Ptp4a2_T1<==>Chchd2_T3,Ptp4a2_T1,Chchd2_T3
Ptp4a2_T1<==>Pomp_B4,Ptp4a2_T1,Pomp_B4
Ptp4a2_T1<==>Ndufa4_T2,Ptp4a2_T1,Ndufa4_T2
Ptp4a2_T1<==>Clec12a_M4,Ptp4a2_T1,Clec12a_M4
Ptp4a2_T1<==>Aebp2_T2,Ptp4a2_T1,Aebp2_T2
Ptp4a2_T1<==>Rps27l_B1,Ptp4a2_T1,Rps27l_B1
Ptp4a2_T1<==>Sumo2_B1,Ptp4a2_T1,Sumo2_B1
Ptp4a2_T1<==>Crip1_T4,Ptp4a2_T1,Crip1_T4
Ptp4a2_T1<==>Igha_B2,Ptp4a2_T1,Igha_B2
Ptp4a2_T1<==>Ptprcap_B1,Ptp4a2_T1,Ptprcap_B1
Ptp4a2_T1<==>mt-Co2_B0,Ptp4a2_T1,mt-Co2_B0
Ptp4a2_T2<==>Tnfrsf4_T1,Ptp4a2_T2,Tnfrsf4_T1
Ptp4a2_T2<==>Gimap1_T1,Ptp4a2_T2,Gimap1_T1
Ptp4a2_T2<==>Gimap3_T1,Ptp4a2_T2,Gimap3_T1
Ptp4a2_T2<==>Igkv3-1_B7,Ptp4a2_T2,Igkv3-1_B7
Ptp4a2_T2<==>G3bp1_M5,Ptp4a2_T2,G3bp1_M5
Ptp4a2_T2<==>Rpl27_M3,Ptp4a2_T2,Rpl27_M3
Ptp4a2_T2<==>Id2_M3,Ptp4a2_T2,Id2_M3
Ptp4a2_T2<==>Eif3h_T4,Ptp4a2_T2,Eif3h_T4
Ptp4a2_T2<==>Rpl10a_M3,Ptp4a2_T2,Rpl10a_M3
Ptp4a2_T2<==>mt-Atp6_B0,Ptp4a2_T2,mt-Atp6_B0
Ptp4a2_T3<==>M6pr_M0,Ptp4a2_T3,M6pr_M0
Ptp4a2_T3<==>Tmem123_B3,Ptp4a2_T3,Tmem123_B3
Ptp4a2_T3<==>Ets1_T2,Ptp4a2_T3,Ets1_T2
Ptp4a2_T3<==>Srgn_M0,Ptp4a2_T3,Srgn_M0
Ptp4a2_T3<==>Atp5d_T3,Ptp4a2_T3,Atp5d_T3
Ptp4a2_T3<==>Txnrd1_M0,Ptp4a2_T3,Txnrd1_M0
Ptp4a2_T3<==>Mycbp2_B1,Ptp4a2_T3,Mycbp2_B1
Tinagl1_O10<==>Gmfg_M1,Tinagl1_O10,Gmfg_M1
Tinagl1_O10<==>Lpcat2_M1,Tinagl1_O10,Lpcat2_M1
Tinagl1_O10<==>Ubxn1_M1,Tinagl1_O10,Ubxn1_M1
Snrnp40_T5<==>Rpl4_T1,Snrnp40_T5,Rpl4_T1
Snrnp40_T5<==>Atxn7l3b_M3,Snrnp40_T5,Atxn7l3b_M3
Laptm5_B1<==>Etf1_M3,Laptm5_B1,Etf1_M3
Laptm5_B4<==>Arpc3_T1,Laptm5_B4,Arpc3_T1
Laptm5_B4<==>Eaf2_B3,Laptm5_B4,Eaf2_B3
Laptm5_B4<==>Ablim1_B4,Laptm5_B4,Ablim1_B4
Laptm5_M3<==>Psme1_O10,Laptm5_M3,Psme1_O10
Laptm5_M4<==>Gltp_M4,Laptm5_M4,Gltp_M4
Laptm5_M4<==>Tmed2_M0,Laptm5_M4,Tmed2_M0
Laptm5_M4<==>Tax1bp1_M3,Laptm5_M4,Tax1bp1_M3
Laptm5_M4<==>Rab43_M4,Laptm5_M4,Rab43_M4
Laptm5_M4<==>Axl_M1,Laptm5_M4,Axl_M1
Laptm5_M4<==>Atp1b3_M0,Laptm5_M4,Atp1b3_M0
Laptm5_M4<==>Ube2b_T3,Laptm5_M4,Ube2b_T3
Laptm5_M4<==>Calm1_M3,Laptm5_M4,Calm1_M3
Laptm5_M4<==>Ndufb9_M0,Laptm5_M4,Ndufb9_M0
Laptm5_M4<==>Ly6e_M1,Laptm5_M4,Ly6e_M1
Laptm5_M4<==>H2-Q7_T3,Laptm5_M4,H2-Q7_T3
Laptm5_M4<==>AY036118_M0,Laptm5_M4,AY036118_M0
Laptm5_M4<==>Ube2d2a_M0,Laptm5_M4,Ube2d2a_M0
Laptm5_M4<==>AW112010_M3,Laptm5_M4,AW112010_M3
Laptm5_T5<==>Ighv1-34_B3,Laptm5_T5,Ighv1-34_B3
Laptm5_T5<==>Rps2_M0,Laptm5_T5,Rps2_M0
Laptm5_T5<==>H2-DMa_B2,Laptm5_T5,H2-DMa_B2
Atpif1_B3<==>Eif5a_M3,Atpif1_B3,Eif5a_M3
Atpif1_M3<==>Gapdh_M3,Atpif1_M3,Gapdh_M3
Atpif1_M3<==>Rabac1_B3,Atpif1_M3,Rabac1_B3
Atpif1_M3<==>Btg1_T0,Atpif1_M3,Btg1_T0
Atpif1_M3<==>mt-Co1_M0,Atpif1_M3,mt-Co1_M0
Dnajc8_M1<==>Ahnak_M1,Dnajc8_M1,Ahnak_M1
Dnajc8_M3<==>Crip1_M4,Dnajc8_M3,Crip1_M4
Dnajc8_M4<==>Ifitm3_M3,Dnajc8_M4,Ifitm3_M3
Dnajc8_M4<==>Rps26_M4,Dnajc8_M4,Rps26_M4
Dnajc8_M4<==>Ighv3-1_B2,Dnajc8_M4,Ighv3-1_B2
Dnajc8_M4<==>Rpl10_M3,Dnajc8_M4,Rpl10_M3
Ptafr_M1<==>Igha_T1,Ptafr_M1,Igha_T1
Ptafr_M1<==>Igha_T5,Ptafr_M1,Igha_T5
Ptafr_M1<==>Asap1_T6_3,Ptafr_M1,Asap1_T6_3
Ptafr_M1<==>Vegfa_T7,Ptafr_M1,Vegfa_T7
Ptafr_M3<==>Clec2d_T2,Ptafr_M3,Clec2d_T2
Ptafr_M3<==>Rps13_M5,Ptafr_M3,Rps13_M5
Ptafr_M3<==>Dennd4a_B1,Ptafr_M3,Dennd4a_B1
Ptafr_M3<==>Cxcl16_M3,Ptafr_M3,Cxcl16_M3
Ptafr_M3<==>Psme2_M1,Ptafr_M3,Psme2_M1
Wasf2_M4<==>Ubc_B3,Wasf2_M4,Ubc_B3
Arid1a_T5<==>Rpl28_T1,Arid1a_T5,Rpl28_T1
Arid1a_T5<==>Tomm20_M4,Arid1a_T5,Tomm20_M4
Hmgn2_M4<==>Furin_T5,Hmgn2_M4,Furin_T5
Hmgn2_M4<==>Itgb1_M0,Hmgn2_M4,Itgb1_M0
Hmgn2_M4<==>Anxa2_M4,Hmgn2_M4,Anxa2_M4
Hmgn2_M4<==>Gpx1_M0,Hmgn2_M4,Gpx1_M0
Hmgn2_M4<==>Grb2_B1,Hmgn2_M4,Grb2_B1
Hmgn2_M4<==>Hif1a_T0,Hmgn2_M4,Hif1a_T0
Hmgn2_M4<==>Clic1_T3,Hmgn2_M4,Clic1_T3
Cd52_B0<==>Rpl28_B1,Cd52_B0,Rpl28_B1
Cd52_B0<==>Apoe_M1,Cd52_B0,Apoe_M1
Cd52_B0<==>Eef2_T5,Cd52_B0,Eef2_T5
Cd52_B1<==>Tnfrsf4_T2,Cd52_B1,Tnfrsf4_T2
Cd52_B1<==>Ppp1cc_T7,Cd52_B1,Ppp1cc_T7
Cd52_B1<==>Bri3_B5,Cd52_B1,Bri3_B5
Cd52_B1<==>Gimap3_T3,Cd52_B1,Gimap3_T3
Cd52_B1<==>Aebp2_M5,Cd52_B1,Aebp2_M5
Cd52_B1<==>Selenow_B1,Cd52_B1,Selenow_B1
Cd52_B1<==>Irf8_M0,Cd52_B1,Irf8_M0
Cd52_B1<==>Rdx_T5,Cd52_B1,Rdx_T5
Cd52_B1<==>Rab8b_M5,Cd52_B1,Rab8b_M5
Cd52_B1<==>Cox7a2_M5,Cd52_B1,Cox7a2_M5
Cd52_B1<==>Rack1_M3,Cd52_B1,Rack1_M3
Cd52_B1<==>Eif1_O10,Cd52_B1,Eif1_O10
Cd52_B1<==>Basp1_M5,Cd52_B1,Basp1_M5
Cd52_B1<==>Slc38a1_M5,Cd52_B1,Slc38a1_M5
Cd52_B1<==>Elob_B1,Cd52_B1,Elob_B1
Cd52_B1<==>H2-Ob_B1,Cd52_B1,H2-Ob_B1
Cd52_B1<==>Ndfip1_T0,Cd52_B1,Ndfip1_T0
Cd52_B1<==>Csnk1a1_T2,Cd52_B1,Csnk1a1_T2
Cd52_B1<==>Xist_B0,Cd52_B1,Xist_B0
Cd52_B2<==>Smarca5_T4,Cd52_B2,Smarca5_T4
Cd52_B2<==>Cx3cl1_T7,Cd52_B2,Cx3cl1_T7
Cd52_B2<==>Ifi27l2a_T1,Cd52_B2,Ifi27l2a_T1
Cd52_M0<==>Ost4_M0,Cd52_M0,Ost4_M0
Cd52_M3<==>Ncf4_M3,Cd52_M3,Ncf4_M3
Cd52_M3<==>Psmb8_T5,Cd52_M3,Psmb8_T5
Cd52_M7<==>Hspa8_T1,Cd52_M7,Hspa8_T1
Cd52_M7<==>mt-Nd4_B4,Cd52_M7,mt-Nd4_B4
Cd52_T2<==>Atrx_O10,Cd52_T2,Atrx_O10
Cd52_T5<==>Micos10_M0,Cd52_T5,Micos10_M0
Cd52_T5<==>Cotl1_M1,Cd52_T5,Cotl1_M1
Cd52_T5<==>Atp5l_O10,Cd52_T5,Atp5l_O10
Cd52_T5<==>Eef1a1_B5,Cd52_T5,Eef1a1_B5
Cd52_T5<==>Ccr1_M1,Cd52_T5,Ccr1_M1
Cd52_T5<==>Rap1b_T1,Cd52_T5,Rap1b_T1
Cd52_T5<==>Psma3_M4,Cd52_T5,Psma3_M4
Cd52_T5<==>Ndufa7_T4,Cd52_T5,Ndufa7_T4
Cd52_T5<==>H2-K1_B4,Cd52_T5,H2-K1_B4
Cd52_T5<==>Cox8a_T4,Cd52_T5,Cox8a_T4
Cd52_T6<==>Bhlhe40_T3,Cd52_T6,Bhlhe40_T3
Cd52_T6<==>Hexa_M4,Cd52_T6,Hexa_M4
Cd52_T6<==>Rpl8_T4,Cd52_T6,Rpl8_T4
Cd52_T7<==>Adam17_M3,Cd52_T7,Adam17_M3
Sh3bgrl3_B1<==>Wnk1_T2,Sh3bgrl3_B1,Wnk1_T2
Sh3bgrl3_B1<==>Selenow_B1,Sh3bgrl3_B1,Selenow_B1
Sh3bgrl3_B1<==>Rps27l_B1,Sh3bgrl3_B1,Rps27l_B1
Sh3bgrl3_B1<==>Ppia_T2,Sh3bgrl3_B1,Ppia_T2
Sh3bgrl3_B1<==>H3f3b_M0,Sh3bgrl3_B1,H3f3b_M0
Sh3bgrl3_B1<==>Gm10076_M3,Sh3bgrl3_B1,Gm10076_M3
Sh3bgrl3_B1<==>Tspo_M3,Sh3bgrl3_B1,Tspo_M3
Sh3bgrl3_B1<==>Rps2_B5,Sh3bgrl3_B1,Rps2_B5
Sh3bgrl3_B1<==>H2-DMb2_B1,Sh3bgrl3_B1,H2-DMb2_B1
Sh3bgrl3_B1<==>Xist_B0,Sh3bgrl3_B1,Xist_B0
Sh3bgrl3_B2<==>Arap2_M5,Sh3bgrl3_B2,Arap2_M5
Sh3bgrl3_B2<==>Gimap3_T2,Sh3bgrl3_B2,Gimap3_T2
Sh3bgrl3_B2<==>Gimap3_T3,Sh3bgrl3_B2,Gimap3_T3
Sh3bgrl3_B2<==>Cyba_T5,Sh3bgrl3_B2,Cyba_T5
Sh3bgrl3_B2<==>Rps27l_B1,Sh3bgrl3_B2,Rps27l_B1
Sh3bgrl3_B2<==>Ramp3_T7,Sh3bgrl3_B2,Ramp3_T7
Sh3bgrl3_B2<==>Clint1_T1,Sh3bgrl3_B2,Clint1_T1
Sh3bgrl3_B2<==>Sf3b6_B1,Sh3bgrl3_B2,Sf3b6_B1
Sh3bgrl3_B2<==>Hif1a_T4,Sh3bgrl3_B2,Hif1a_T4
Sh3bgrl3_B3<==>Serbp1_B3,Sh3bgrl3_B3,Serbp1_B3
Sh3bgrl3_B3<==>mt-Atp6_B5,Sh3bgrl3_B3,mt-Atp6_B5
Sh3bgrl3_B4<==>Rplp0_B1,Sh3bgrl3_B4,Rplp0_B1
Sh3bgrl3_B4<==>Arpc3_B4,Sh3bgrl3_B4,Arpc3_B4
Sh3bgrl3_B4<==>Sem1_M1,Sh3bgrl3_B4,Sem1_M1
Sh3bgrl3_B4<==>Ifi30_B0,Sh3bgrl3_B4,Ifi30_B0
Sh3bgrl3_B4<==>Actg1_B0,Sh3bgrl3_B4,Actg1_B0
Sh3bgrl3_B4<==>Ssr4_B1,Sh3bgrl3_B4,Ssr4_B1
Sh3bgrl3_B4<==>Xist_B0,Sh3bgrl3_B4,Xist_B0
Sh3bgrl3_B5<==>Hcls1_M0,Sh3bgrl3_B5,Hcls1_M0
Sh3bgrl3_M0<==>Fis1_M0,Sh3bgrl3_M0,Fis1_M0
Sh3bgrl3_M0<==>Igkv6-23_B3,Sh3bgrl3_M0,Igkv6-23_B3
Sh3bgrl3_M0<==>Gapdh_M0,Sh3bgrl3_M0,Gapdh_M0
Sh3bgrl3_M0<==>Rplp1_B5,Sh3bgrl3_M0,Rplp1_B5
Sh3bgrl3_M0<==>Igha_M0,Sh3bgrl3_M0,Igha_M0
Sh3bgrl3_M0<==>Gm10076_M3,Sh3bgrl3_M0,Gm10076_M3
Sh3bgrl3_M0<==>Rps2_M0,Sh3bgrl3_M0,Rps2_M0
Sh3bgrl3_M0<==>Rps2_T2,Sh3bgrl3_M0,Rps2_T2
Sh3bgrl3_M0<==>Rps2_T5,Sh3bgrl3_M0,Rps2_T5
Sh3bgrl3_M0<==>Psmb8_M0,Sh3bgrl3_M0,Psmb8_M0
Sh3bgrl3_M0<==>Malat1_T0,Sh3bgrl3_M0,Malat1_T0
Sh3bgrl3_M0<==>Cybb_M5,Sh3bgrl3_M0,Cybb_M5
Sh3bgrl3_M0<==>Rpl10_B1,Sh3bgrl3_M0,Rpl10_B1
Sh3bgrl3_M0<==>Rpl10_T4,Sh3bgrl3_M0,Rpl10_T4
Sh3bgrl3_M1<==>Pclaf_T5,Sh3bgrl3_M1,Pclaf_T5
Sh3bgrl3_M1<==>Rps26_M5,Sh3bgrl3_M1,Rps26_M5
Sh3bgrl3_M1<==>Rel_M5,Sh3bgrl3_M1,Rel_M5
Sh3bgrl3_M1<==>Atp6v0c_M4,Sh3bgrl3_M1,Atp6v0c_M4
Sh3bgrl3_M1<==>Rps28_M3,Sh3bgrl3_M1,Rps28_M3
Sh3bgrl3_M1<==>Fkbp2_B3,Sh3bgrl3_M1,Fkbp2_B3
Sh3bgrl3_M1<==>Ms4a6b_T5,Sh3bgrl3_M1,Ms4a6b_T5
Sh3bgrl3_M1<==>mt-Nd1_T2,Sh3bgrl3_M1,mt-Nd1_T2
Sh3bgrl3_M3<==>Rpl35a_T1,Sh3bgrl3_M3,Rpl35a_T1
Sh3bgrl3_M4<==>Arpc1b_M4,Sh3bgrl3_M4,Arpc1b_M4
Sh3bgrl3_M4<==>Clic1_B3,Sh3bgrl3_M4,Clic1_B3
Sh3bgrl3_M4<==>Cd5_T0,Sh3bgrl3_M4,Cd5_T0
Sh3bgrl3_M4<==>Rbm3_T3,Sh3bgrl3_M4,Rbm3_T3
Sh3bgrl3_M5<==>Lat_M5,Sh3bgrl3_M5,Lat_M5
Sh3bgrl3_M5<==>Myl6_M5,Sh3bgrl3_M5,Myl6_M5
Sh3bgrl3_M5<==>Il7r_M5,Sh3bgrl3_M5,Il7r_M5
Sh3bgrl3_M5<==>Ms4a4b_T0,Sh3bgrl3_M5,Ms4a4b_T0
Sh3bgrl3_M7<==>H2-K1_M1,Sh3bgrl3_M7,H2-K1_M1
Sh3bgrl3_M7<==>Rbm3_M3,Sh3bgrl3_M7,Rbm3_M3
Sh3bgrl3_M7<==>mt-Co2_M0,Sh3bgrl3_M7,mt-Co2_M0
Sh3bgrl3_T1<==>Rpl17_T4,Sh3bgrl3_T1,Rpl17_T4
Sh3bgrl3_T2<==>Fau_T4,Sh3bgrl3_T2,Fau_T4
Sh3bgrl3_T4<==>Rplp0_T2,Sh3bgrl3_T4,Rplp0_T2
Sh3bgrl3_T4<==>Rabac1_B3,Sh3bgrl3_T4,Rabac1_B3
Sh3bgrl3_T4<==>Ctsc_M1,Sh3bgrl3_T4,Ctsc_M1
Sh3bgrl3_T4<==>Lsp1_T4,Sh3bgrl3_T4,Lsp1_T4
Sh3bgrl3_T4<==>Ndufa13_M0,Sh3bgrl3_T4,Ndufa13_M0
Sh3bgrl3_T4<==>Rplp1_B2,Sh3bgrl3_T4,Rplp1_B2
Sh3bgrl3_T4<==>Rpl29_M0,Sh3bgrl3_T4,Rpl29_M0
Sh3bgrl3_T4<==>Psmb6_M0,Sh3bgrl3_T4,Psmb6_M0
Sh3bgrl3_T4<==>Igha_M0,Sh3bgrl3_T4,Igha_M0
Sh3bgrl3_T4<==>Ighm_B3,Sh3bgrl3_T4,Ighm_B3
Sh3bgrl3_T4<==>Gm10076_M3,Sh3bgrl3_T4,Gm10076_M3
Sh3bgrl3_T4<==>Fam49b_M4,Sh3bgrl3_T4,Fam49b_M4
Sh3bgrl3_T4<==>Psmb1_T4,Sh3bgrl3_T4,Psmb1_T4
Sh3bgrl3_T7<==>Sept7_B1,Sh3bgrl3_T7,Sept7_B1
Stmn1_B4<==>Atp13a2_M0,Stmn1_B4,Atp13a2_M0
Stmn1_B4<==>Snrpd2_M1,Stmn1_B4,Snrpd2_M1
Stmn1_B4<==>Fus_B4,Stmn1_B4,Fus_B4
Stmn1_B4<==>Rbx1_B4,Stmn1_B4,Rbx1_B4
Stmn1_B4<==>H2-K1_M7,Stmn1_B4,H2-K1_M7
Stmn1_T5<==>Rpl28_B1,Stmn1_T5,Rpl28_B1
Stmn1_T5<==>Pclaf_T5,Stmn1_T5,Pclaf_T5
Stmn1_T5<==>Eef1a1_B1,Stmn1_T5,Eef1a1_B1
Stmn1_T5<==>Ppp2ca_M5,Stmn1_T5,Ppp2ca_M5
Stmn1_T5<==>Calm2_B1,Stmn1_T5,Calm2_B1
Stmn1_T5<==>Dusp5_M5,Stmn1_T5,Dusp5_M5
Stmn1_T5<==>Rps4x_B1,Stmn1_T5,Rps4x_B1
Stmn1_T5<==>Igkv17-121_B2,Stmn1_T5,Igkv17-121_B2
Tmem50a_B3<==>Sec61g_B3,Tmem50a_B3,Sec61g_B3
Tmem50a_M0<==>Asah1_M0,Tmem50a_M0,Asah1_M0
Tmem50a_M0<==>Tkt_M0,Tmem50a_M0,Tkt_M0
Tmem50a_M3<==>Rpl5_T3,Tmem50a_M3,Rpl5_T3
Tmem50a_M3<==>Pycard_M3,Tmem50a_M3,Pycard_M3
Rsrp1_B3<==>Ankrd11_M4,Rsrp1_B3,Ankrd11_M4
Rsrp1_B3<==>Cox7a2_M3,Rsrp1_B3,Cox7a2_M3
Rsrp1_B3<==>Srsf5_M4,Rsrp1_B3,Srsf5_M4
Rsrp1_B3<==>Rps4x_T1,Rsrp1_B3,Rps4x_T1
Rsrp1_B3<==>mt-Nd2_B3,Rsrp1_B3,mt-Nd2_B3
Syf2_B3<==>Rsrc2_B3,Syf2_B3,Rsrc2_B3
Syf2_B3<==>Cavin1_O7,Syf2_B3,Cavin1_O7
Syf2_B3<==>Ctla2a_T0,Syf2_B3,Ctla2a_T0
Runx3_B1<==>Runx3_M5,Runx3_B1,Runx3_M5
Runx3_B1<==>Sdf4_T2,Runx3_B1,Sdf4_T2
Runx3_B1<==>Tnfrsf4_T1,Runx3_B1,Tnfrsf4_T1
Runx3_B1<==>Gimap4_T0,Runx3_B1,Gimap4_T0
Runx3_B1<==>Rps27l_M3,Runx3_B1,Rps27l_M3
Runx3_B1<==>Derl3_B3,Runx3_B1,Derl3_B3
Runx3_B1<==>Kdm6b_M3,Runx3_B1,Kdm6b_M3
Runx3_B1<==>Cyth1_M3,Runx3_B1,Cyth1_M3
Runx3_B1<==>Cyth1_M5,Runx3_B1,Cyth1_M5
Runx3_B1<==>Iglv1_B0,Runx3_B1,Iglv1_B0
Runx3_B1<==>Ehd1_M3,Runx3_B1,Ehd1_M3
Runx3_B1<==>Eif3a_M1,Runx3_B1,Eif3a_M1
Runx3_M1<==>Stat3_T5,Runx3_M1,Stat3_T5
Runx3_M3<==>Nrros_M3,Runx3_M3,Nrros_M3
Runx3_M3<==>Cystm1_M4,Runx3_M3,Cystm1_M4
Runx3_M4<==>Rpl11_B5,Runx3_M4,Rpl11_B5
Runx3_M4<==>Tnfrsf1b_M3,Runx3_M4,Tnfrsf1b_M3
Runx3_M4<==>Tnfrsf4_T1,Runx3_M4,Tnfrsf4_T1
Runx3_M4<==>Gimap4_T0,Runx3_M4,Gimap4_T0
Runx3_M4<==>Tgfb1_M3,Runx3_M4,Tgfb1_M3
Runx3_M4<==>Rpl13_B1,Runx3_M4,Rpl13_B1
Runx3_M4<==>Rab8b_M4,Runx3_M4,Rab8b_M4
Runx3_M4<==>Sqstm1_M3,Runx3_M4,Sqstm1_M3
Runx3_M4<==>Cltc_M1,Runx3_M4,Cltc_M1
Runx3_M4<==>Grb2_B3,Runx3_M4,Grb2_B3
Runx3_M4<==>Azin1_B3,Runx3_M4,Azin1_B3
Runx3_M4<==>Nars_B3,Runx3_M4,Nars_B3
Runx3_M4<==>mt-Atp6_B0,Runx3_M4,mt-Atp6_B0
Runx3_M5<==>Map1lc3b_T3,Runx3_M5,Map1lc3b_T3
Runx3_M5<==>Derl3_B3,Runx3_M5,Derl3_B3
Runx3_M5<==>Cyth1_M5,Runx3_M5,Cyth1_M5
Runx3_M5<==>Slc15a3_M3,Runx3_M5,Slc15a3_M3
Runx3_T5<==>Ighg2c_B2,Runx3_T5,Ighg2c_B2
Runx3_T7<==>Eif3f_M0,Runx3_T7,Eif3f_M0
Runx3_T7<==>Hnrnpll_M1,Runx3_T7,Hnrnpll_M1
Clic4_B3<==>Rpl29_M4,Clic4_B3,Rpl29_M4
Clic4_B3<==>Ift20_B3,Clic4_B3,Ift20_B3
Clic4_B3<==>Calm1_B1,Clic4_B3,Calm1_B1
Clic4_M0<==>Gnb1_M0,Clic4_M0,Gnb1_M0
Clic4_M0<==>Ets2_M5,Clic4_M0,Ets2_M5
Clic4_M0<==>Cdkn1a_M0,Clic4_M0,Cdkn1a_M0
Clic4_M0<==>Cd14_M0,Clic4_M0,Cd14_M0
Clic4_M0<==>Cd274_M0,Clic4_M0,Cd274_M0
Clic4_M3<==>Pomp_B4,Clic4_M3,Pomp_B4
Clic4_M3<==>Sgpl1_M3,Clic4_M3,Sgpl1_M3
Clic4_M3<==>Id2_M3,Clic4_M3,Id2_M3
Clic4_M3<==>Ighv9-4_B3,Clic4_M3,Ighv9-4_B3
Clic4_M3<==>mt-Co1_T1,Clic4_M3,mt-Co1_T1
Clic4_M4<==>Spag9_M4,Clic4_M4,Spag9_M4
Clic4_M4<==>Gna13_M1,Clic4_M4,Gna13_M1
Clic4_M4<==>Hif1a_M4,Clic4_M4,Hif1a_M4
Clic4_M4<==>Ywhaz_M1,Clic4_M4,Ywhaz_M1
Clic4_M4<==>Ywhaz_M3,Clic4_M4,Ywhaz_M3
Clic4_M4<==>Eef1d_M1,Clic4_M4,Eef1d_M1
Clic4_M4<==>Csf2ra_M4,Clic4_M4,Csf2ra_M4
Srrm1_M0<==>Rilpl2_M3,Srrm1_M0,Rilpl2_M3
Srrm1_M0<==>Nsd3_T5,Srrm1_M0,Nsd3_T5
Srrm1_M0<==>Eif3h_T3,Srrm1_M0,Eif3h_T3
Srrm1_M0<==>Rpl24_B1,Srrm1_M0,Rpl24_B1
Srrm1_M3<==>Rel_B5,Srrm1_M3,Rel_B5
Srrm1_M3<==>Mrpl57_T5,Srrm1_M3,Mrpl57_T5
Srrm1_T4<==>Rps19_T2,Srrm1_T4,Rps19_T2
Srrm1_T4<==>Rps16_M2,Srrm1_T4,Rps16_M2
Srrm1_T4<==>Rps23_M1,Srrm1_T4,Rps23_M1
Srrm1_T4<==>Rpl10_M1,Srrm1_T4,Rpl10_M1
Srrm1_T4<==>Rpl10_T4,Srrm1_T4,Rpl10_T4
Srrm1_T4<==>Ighv7-3_B1,Srrm1_T4,Ighv7-3_B1
Fuca1_M1<==>Rpl11_T2,Fuca1_M1,Rpl11_T2
Fuca1_M1<==>Snrpg_B0,Fuca1_M1,Snrpg_B0
Fuca1_M1<==>Bhlhe40_T3,Fuca1_M1,Bhlhe40_T3
Fuca1_M1<==>Ccnd2_T3,Fuca1_M1,Ccnd2_T3
Fuca1_M1<==>Mrpl52_M0,Fuca1_M1,Mrpl52_M0
Fuca1_M1<==>Crem_B1,Fuca1_M1,Crem_B1
Fuca1_M1<==>Rpl17_T3,Fuca1_M1,Rpl17_T3
Fuca1_M1<==>Rps4x_B2,Fuca1_M1,Rps4x_B2
Fuca1_M1<==>mt-Co2_B2,Fuca1_M1,mt-Co2_B2
Fuca1_M3<==>Rpl23a_T5,Fuca1_M3,Rpl23a_T5
Fuca1_M3<==>Actg1_T6,Fuca1_M3,Actg1_T6
Fuca1_M3<==>Sec11c_T7,Fuca1_M3,Sec11c_T7
Fuca1_M4<==>Ctsd_M1,Fuca1_M4,Ctsd_M1
Fuca1_M4<==>AW112010_T2,Fuca1_M4,AW112010_T2
Fuca1_M5<==>Rps4x_T6_2,Fuca1_M5,Rps4x_T6_2
Rpl11_B1<==>Hnrnpa2b1_B1,Rpl11_B1,Hnrnpa2b1_B1
Rpl11_B1<==>Rps11_B1,Rpl11_B1,Rps11_B1
Rpl11_B1<==>Rpl13_B1,Rpl11_B1,Rpl13_B1
Rpl11_B1<==>Man1a_M1,Rpl11_B1,Man1a_M1
Rpl11_B1<==>Ifrd1_O10,Rpl11_B1,Ifrd1_O10
Rpl11_B1<==>Ifi27l2a_T2,Rpl11_B1,Ifi27l2a_T2
Rpl11_B1<==>Crip1_B2,Rpl11_B1,Crip1_B2
Rpl11_B1<==>Map3k1_M5,Rpl11_B1,Map3k1_M5
Rpl11_B1<==>Emb_M5,Rpl11_B1,Emb_M5
Rpl11_B1<==>Lcp1_T3,Rpl11_B1,Lcp1_T3
Rpl11_B1<==>Atp5g2_M3,Rpl11_B1,Atp5g2_M3
Rpl11_B1<==>Calm2_T1,Rpl11_B1,Calm2_T1
Rpl11_B1<==>Nr3c1_T2,Rpl11_B1,Nr3c1_T2
Rpl11_B1<==>Rpl17_B0,Rpl11_B1,Rpl17_B0
Rpl11_B1<==>Rps4x_B1,Rpl11_B1,Rps4x_B1
Rpl11_B2<==>Eif4g2_T4,Rpl11_B2,Eif4g2_T4
Rpl11_B2<==>Rpsa_B2,Rpl11_B2,Rpsa_B2
Rpl11_B2<==>Prkar1a_B1,Rpl11_B2,Prkar1a_B1
Rpl11_B2<==>Calm1_B2,Rpl11_B2,Calm1_B2
Rpl11_B2<==>Appl1_M4,Rpl11_B2,Appl1_M4
Rpl11_B2<==>Ywhaz_T3,Rpl11_B2,Ywhaz_T3
Rpl11_B2<==>Cebpz_B1,Rpl11_B2,Cebpz_B1
Rpl11_B2<==>Rps4x_B2,Rpl11_B2,Rps4x_B2
Rpl11_B5<==>Clec2d_M1,Rpl11_B5,Clec2d_M1
Rpl11_B5<==>Cdkn1b_T4,Rpl11_B5,Cdkn1b_T4
Rpl11_B5<==>Aebp2_M4,Rpl11_B5,Aebp2_M4
Rpl11_B5<==>Aebp2_T1,Rpl11_B5,Aebp2_T1
Rpl11_B5<==>Slc25a3_B1,Rpl11_B5,Slc25a3_B1
Rpl11_B5<==>Pafah1b1_T3,Rpl11_B5,Pafah1b1_T3
Rpl11_B5<==>Prkar1a_T2,Rpl11_B5,Prkar1a_T2
Rpl11_B5<==>Grb2_B3,Rpl11_B5,Grb2_B3
Rpl11_B5<==>Nfkbia_T2,Rpl11_B5,Nfkbia_T2
Rpl11_B5<==>Ly6e_M5,Rpl11_B5,Ly6e_M5
Rpl11_B5<==>Btg3_B3,Rpl11_B5,Btg3_B3
Rpl11_B5<==>Myl12a_T2,Rpl11_B5,Myl12a_T2
Rpl11_B5<==>Calm2_T1,Rpl11_B5,Calm2_T1
Rpl11_B5<==>Nars_B3,Rpl11_B5,Nars_B3
Rpl11_B5<==>Rpl17_B5,Rpl11_B5,Rpl17_B5
Rpl11_B5<==>Ms4a6b_M1,Rpl11_B5,Ms4a6b_M1
Rpl11_M3<==>Tnfrsf18_T2,Rpl11_M3,Tnfrsf18_T2
Rpl11_M3<==>Cox6a1_M3,Rpl11_M3,Cox6a1_M3
Rpl11_M3<==>Rpl21_M3,Rpl11_M3,Rpl21_M3
Rpl11_M3<==>Rpl32_M3,Rpl11_M3,Rpl32_M3
Rpl11_M3<==>Rps9_M3,Rpl11_M3,Rps9_M3
Rpl11_M3<==>Rps5_M3,Rpl11_M3,Rps5_M3
Rpl11_M3<==>Rps16_M3,Rpl11_M3,Rps16_M3
Rpl11_M3<==>Spty2d1_B3,Rpl11_M3,Spty2d1_B3
Rpl11_M3<==>Rpl27a_M3,Rpl11_M3,Rpl27a_M3
Rpl11_M3<==>Rpl18a_M3,Rpl11_M3,Rpl18a_M3
Rpl11_M3<==>Rpl13_M3,Rpl11_M3,Rpl13_M3
Rpl11_M3<==>Rps12_M3,Rpl11_M3,Rps12_M3
Rpl11_M3<==>Gpx4_T2,Rpl11_M3,Gpx4_T2
Rpl11_M3<==>Atp5d_B1,Rpl11_M3,Atp5d_B1
Rpl11_M3<==>Hsp90b1_B1,Rpl11_M3,Hsp90b1_B1
Rpl11_M3<==>Rps27a_M3,Rpl11_M3,Rps27a_M3
Rpl11_M3<==>Rack1_M3,Rpl11_M3,Rack1_M3
Rpl11_M3<==>Rpl26_M3,Rpl11_M3,Rpl26_M3
Rpl11_M3<==>Rpl23_M3,Rpl11_M3,Rpl23_M3
Rpl11_M3<==>Rpl27_M3,Rpl11_M3,Rpl27_M3
Rpl11_M3<==>Rps7_M3,Rpl11_M3,Rps7_M3
Rpl11_M3<==>Rps23_M3,Rpl11_M3,Rps23_M3
Rpl11_M3<==>Rpl15_M3,Rpl11_M3,Rpl15_M3
Rpl11_M3<==>Rps24_M3,Rpl11_M3,Rps24_M3
Rpl11_M3<==>Sub1_B2,Rpl11_M3,Sub1_B2
Rpl11_M3<==>Rpl30_M3,Rpl11_M3,Rpl30_M3
Rpl11_M3<==>Ywhaz_B2,Rpl11_M3,Ywhaz_B2
Rpl11_M3<==>Pfdn5_M3,Rpl11_M3,Pfdn5_M3
Rpl11_M3<==>Nrros_M3,Rpl11_M3,Nrros_M3
Rpl11_M3<==>Rps10_M3,Rpl11_M3,Rps10_M3
Rpl11_M3<==>Rps18_M3,Rpl11_M3,Rps18_M3
Rpl11_M3<==>H2-D1_B2,Rpl11_M3,H2-D1_B2
Rpl11_M3<==>Rps14_M3,Rpl11_M3,Rps14_M3
Rpl11_M3<==>Rpl17_M3,Rpl11_M3,Rpl17_M3
Rpl11_M3<==>Ahnak_T4,Rpl11_M3,Ahnak_T4
Rpl11_M3<==>Rps4x_M3,Rpl11_M3,Rps4x_M3
Rpl11_T2<==>Sfrp1_O7,Rpl11_T2,Sfrp1_O7
Rpl11_T2<==>Manf_M0,Rpl11_T2,Manf_M0
Rpl11_T2<==>Pdia6_M0,Rpl11_T2,Pdia6_M0
Rpl11_T2<==>Zbtb1_M5,Rpl11_T2,Zbtb1_M5
Rpl11_T2<==>Atp5mpl_T4,Rpl11_T2,Atp5mpl_T4
Rpl11_T2<==>Mrpl52_M0,Rpl11_T2,Mrpl52_M0
Rpl11_T2<==>Atf4_O7,Rpl11_T2,Atf4_O7
Rpl11_T2<==>Rpl17_T3,Rpl11_T2,Rpl17_T3
Rpl11_T4<==>Igkv6-32_B3,Rpl11_T4,Igkv6-32_B3
Rpl11_T4<==>Cnbp_M5,Rpl11_T4,Cnbp_M5
Rpl11_T4<==>Rpl18a_T4,Rpl11_T4,Rpl18a_T4
Rpl11_T4<==>Sar1a_M3,Rpl11_T4,Sar1a_M3
Rpl11_T4<==>Ddx5_M3,Rpl11_T4,Ddx5_M3
Rpl11_T4<==>Tpt1_T4,Rpl11_T4,Tpt1_T4
Rpl11_T4<==>Cox7a2l_M0,Rpl11_T4,Cox7a2l_M0
Rpl11_T4<==>Rpl17_T4,Rpl11_T4,Rpl17_T4
Rpl11_T5<==>Igkc_B7,Rpl11_T5,Igkc_B7
Rpl11_T5<==>Rps11_T5,Rpl11_T5,Rps11_T5
Rpl11_T5<==>Rpl18_T5,Rpl11_T5,Rpl18_T5
Rpl11_T5<==>Akap13_T3,Rpl11_T5,Akap13_T3
Rpl11_T5<==>Rpl27a_T5,Rpl11_T5,Rpl27a_T5
Rpl11_T5<==>Rpsa_T5,Rpl11_T5,Rpsa_T5
Rpl11_T5<==>Sec61g_T0,Rpl11_T5,Sec61g_T0
Rpl11_T5<==>Pdcd4_T5,Rpl11_T5,Pdcd4_T5
Rpl11_T5<==>Rps4x_T5,Rpl11_T5,Rps4x_T5
C1qb_M0<==>C1qc_M0,C1qb_M0,C1qc_M0
C1qb_M0<==>C1qa_M0,C1qb_M0,C1qa_M0
C1qb_M0<==>Apoe_M0,C1qb_M0,Apoe_M0
C1qb_M0<==>Hexa_M0,C1qb_M0,Hexa_M0
C1qb_M0<==>Tspo_O7,C1qb_M0,Tspo_O7
C1qb_M0<==>Sod2_M0,C1qb_M0,Sod2_M0
C1qb_M1<==>C1qc_M1,C1qb_M1,C1qc_M1
C1qb_M1<==>C1qa_M1,C1qb_M1,C1qa_M1
C1qb_M1<==>Mob1a_M1,C1qb_M1,Mob1a_M1
C1qb_M1<==>Apoe_M1,C1qb_M1,Apoe_M1
C1qb_M1<==>Taf10_M4,C1qb_M1,Taf10_M4
C1qb_M1<==>Coro1a_T1,C1qb_M1,Coro1a_T1
C1qb_M1<==>Cd81_M1,C1qb_M1,Cd81_M1
C1qb_M1<==>Saraf_T5,C1qb_M1,Saraf_T5
C1qb_M1<==>Igha_T3,C1qb_M1,Igha_T3
C1qb_M1<==>Gm42418_M5,C1qb_M1,Gm42418_M5
C1qb_M1<==>Eif1a_M0,C1qb_M1,Eif1a_M0
C1qb_M1<==>Cd74_M1,C1qb_M1,Cd74_M1
C1qb_M1<==>Unc93b1_M1,C1qb_M1,Unc93b1_M1
C1qb_M5<==>C1qc_M5,C1qb_M5,C1qc_M5
C1qb_M5<==>Tmem176b_M5,C1qb_M5,Tmem176b_M5
C1qc_M0<==>C1qa_M0,C1qc_M0,C1qa_M0
C1qc_M0<==>Apoe_M0,C1qc_M0,Apoe_M0
C1qc_M0<==>Hexa_M0,C1qc_M0,Hexa_M0
C1qc_M0<==>Rpsa_T1,C1qc_M0,Rpsa_T1
C1qc_M0<==>Selenop_M0,C1qc_M0,Selenop_M0
C1qc_M1<==>C1qa_M1,C1qc_M1,C1qa_M1
C1qc_M1<==>Rbpj_M0,C1qc_M1,Rbpj_M0
C1qc_M1<==>Rpl6_T5,C1qc_M1,Rpl6_T5
C1qc_M1<==>Tmem176b_M1,C1qc_M1,Tmem176b_M1
C1qc_M1<==>Atp6v1e1_M0,C1qc_M1,Atp6v1e1_M0
C1qc_M1<==>Rps11_B1,C1qc_M1,Rps11_B1
C1qc_M1<==>Rpl13a_B1,C1qc_M1,Rpl13a_B1
C1qc_M1<==>Cd81_M1,C1qc_M1,Cd81_M1
C1qc_M1<==>Rab8b_T5,C1qc_M1,Rab8b_T5
C1qc_M1<==>Rps26_T5,C1qc_M1,Rps26_T5
C1qc_M1<==>2410006H16Rik_B1,C1qc_M1,2410006H16Rik_B1
C1qc_M1<==>Igha_T3,C1qc_M1,Igha_T3
C1qc_M1<==>Selenop_M1,C1qc_M1,Selenop_M1
C1qc_M1<==>Gm42418_M5,C1qc_M1,Gm42418_M5
C1qc_M1<==>Cox7a2l_B1,C1qc_M1,Cox7a2l_B1
C1qc_M1<==>Ms4a7_M1,C1qc_M1,Ms4a7_M1
C1qc_M1<==>Rpl39_B5,C1qc_M1,Rpl39_B5
C1qc_M1<==>mt-Nd4l_B3,C1qc_M1,mt-Nd4l_B3
C1qc_M5<==>Tmem176b_M5,C1qc_M5,Tmem176b_M5
C1qa_M0<==>Apoe_M0,C1qa_M0,Apoe_M0
C1qa_M0<==>Hexa_M0,C1qa_M0,Hexa_M0
C1qa_M0<==>Rpl26_T5,C1qa_M0,Rpl26_T5
C1qa_M0<==>Rnasek_M3,C1qa_M0,Rnasek_M3
C1qa_M0<==>Selenop_M0,C1qa_M0,Selenop_M0
C1qa_M0<==>Ly6i_M0,C1qa_M0,Ly6i_M0
C1qa_M0<==>Prdx5_M0,C1qa_M0,Prdx5_M0
C1qa_M1<==>Hspa8_T2,C1qa_M1,Hspa8_T2
C1qa_M1<==>Rps26_T5,C1qa_M1,Rps26_T5
C1qa_M1<==>2410006H16Rik_B1,C1qa_M1,2410006H16Rik_B1
C1qa_M1<==>Igha_T3,C1qa_M1,Igha_T3
C1qa_M1<==>Gm42418_M5,C1qa_M1,Gm42418_M5
C1qa_M1<==>mt-Atp8_B1,C1qa_M1,mt-Atp8_B1
C1qa_M1<==>Igkv9-120_B1,C1qa_M1,Igkv9-120_B1
Cdc42_B0<==>Hnrnpdl_T5,Cdc42_B0,Hnrnpdl_T5
Cdc42_B0<==>Pomp_T4,Cdc42_B0,Pomp_T4
Cdc42_B0<==>Cd3d_T1,Cdc42_B0,Cd3d_T1
Cdc42_B0<==>Spag9_M1,Cdc42_B0,Spag9_M1
Cdc42_B0<==>Mrpl18_M4,Cdc42_B0,Mrpl18_M4
Cdc42_B0<==>Atp6v0c_T1,Cdc42_B0,Atp6v0c_T1
Cdc42_B0<==>Crem_B0,Cdc42_B0,Crem_B0
Cdc42_B0<==>Fth1_B0,Cdc42_B0,Fth1_B0
Cdc42_B1<==>Clec12a_M0,Cdc42_B1,Clec12a_M0
Cdc42_B1<==>Ubl5_M0,Cdc42_B1,Ubl5_M0
Cdc42_B1<==>Sec61g_T5,Cdc42_B1,Sec61g_T5
Cdc42_B1<==>Grb2_M5,Cdc42_B1,Grb2_M5
Cdc42_B1<==>Hif1a_T4,Cdc42_B1,Hif1a_T4
Cdc42_B1<==>Ndufb1-ps_M3,Cdc42_B1,Ndufb1-ps_M3
Cdc42_B1<==>Atp5mpl_M3,Cdc42_B1,Atp5mpl_M3
Cdc42_B1<==>Psme1_M0,Cdc42_B1,Psme1_M0
Cdc42_B1<==>Tomm6_M0,Cdc42_B1,Tomm6_M0
Cdc42_B2<==>Hnrnpa2b1_B1,Cdc42_B2,Hnrnpa2b1_B1
Cdc42_B2<==>Igkc_M3,Cdc42_B2,Igkc_M3
Cdc42_B2<==>Tgfb1_M3,Cdc42_B2,Tgfb1_M3
Cdc42_B2<==>Rps16_T5,Cdc42_B2,Rps16_T5
Cdc42_B2<==>Jund_B3,Cdc42_B2,Jund_B3
Cdc42_B2<==>Nap1l1_B1,Cdc42_B2,Nap1l1_B1
Cdc42_B2<==>Ighg2c_B2,Cdc42_B2,Ighg2c_B2
Cdc42_B2<==>Cebpz_B1,Cdc42_B2,Cebpz_B1
Cdc42_B2<==>Cd14_M1,Cdc42_B2,Cd14_M1
Cdc42_B2<==>mt-Atp6_B2,Cdc42_B2,mt-Atp6_B2
Cdc42_B2<==>mt-Atp6_B5,Cdc42_B2,mt-Atp6_B5
Cdc42_B3<==>Serbp1_B3,Cdc42_B3,Serbp1_B3
Cdc42_B3<==>Mob1a_M1,Cdc42_B3,Mob1a_M1
Cdc42_B3<==>Sqstm1_B3,Cdc42_B3,Sqstm1_B3
Cdc42_B3<==>Crip1_B3,Cdc42_B3,Crip1_B3
Cdc42_B3<==>Lpar6_M4,Cdc42_B3,Lpar6_M4
Cdc42_B3<==>Ifnar1_M3,Cdc42_B3,Ifnar1_M3
Cdc42_B3<==>Cd274_M0,Cdc42_B3,Cd274_M0
Cdc42_B3<==>Got1_M3,Cdc42_B3,Got1_M3
Cdc42_B4<==>Txnl1_M3,Cdc42_B4,Txnl1_M3
Cdc42_B5<==>Psme1_B1,Cdc42_B5,Psme1_B1
Cdc42_M1<==>Ifi30_M1,Cdc42_M1,Ifi30_M1
Cdc42_T1<==>Txnrd1_M1,Cdc42_T1,Txnrd1_M1
Cdc42_T1<==>Actr2_B4,Cdc42_T1,Actr2_B4
Cdc42_T1<==>Itgae_M4,Cdc42_T1,Itgae_M4
Cdc42_T1<==>Psmb8_T6,Cdc42_T1,Psmb8_T6
Cdc42_T2<==>Jchain_M3,Cdc42_T2,Jchain_M3
Cdc42_T2<==>Serbp1_M3,Cdc42_T2,Serbp1_M3
Cdc42_T2<==>Cd3e_T2,Cdc42_T2,Cd3e_T2
Cdc42_T2<==>Ndufb1-ps_M3,Cdc42_T2,Ndufb1-ps_M3
Cdc42_T2<==>Ndufb1-ps_T2,Cdc42_T2,Ndufb1-ps_T2
Cdc42_T3<==>Igkv1-135_B5,Cdc42_T3,Igkv1-135_B5
Cdc42_T3<==>Slc15a3_M3,Cdc42_T3,Slc15a3_M3
Micos10_M0<==>Rab43_M4,Micos10_M0,Rab43_M4
Micos10_M0<==>Napsa_M4,Micos10_M0,Napsa_M4
Micos10_M0<==>Tm2d2_M4,Micos10_M0,Tm2d2_M4
Micos10_M0<==>D8Ertd738e_M3,Micos10_M0,D8Ertd738e_M3
Micos10_M0<==>Cotl1_M1,Micos10_M0,Cotl1_M1
Micos10_M0<==>Ppp1r12a_T0,Micos10_M0,Ppp1r12a_T0
Micos10_M0<==>Rap1b_T1,Micos10_M0,Rap1b_T1
Micos10_M0<==>Tuba1b_B4,Micos10_M0,Tuba1b_B4
Micos10_M0<==>Psmb8_B4,Micos10_M0,Psmb8_B4
Micos10_M0<==>Tubb5_B4,Micos10_M0,Tubb5_B4
Micos10_M0<==>Cd74_M3,Micos10_M0,Cd74_M3
Capzb_M0<==>Fgl2_M0,Capzb_M0,Fgl2_M0
Capzb_M0<==>Ost4_B1,Capzb_M0,Ost4_B1
Capzb_M0<==>Ugdh_O7,Capzb_M0,Ugdh_O7
Capzb_M0<==>Atp5k_M0,Capzb_M0,Atp5k_M0
Capzb_M0<==>Cox6a1_M0,Capzb_M0,Cox6a1_M0
Capzb_M0<==>Arpc1b_B2,Capzb_M0,Arpc1b_B2
Capzb_M0<==>Atp5j2_M0,Capzb_M0,Atp5j2_M0
Capzb_M0<==>Snrpg_B1,Capzb_M0,Snrpg_B1
Capzb_M0<==>Snrpg_T3,Capzb_M0,Snrpg_T3
Capzb_M0<==>M6pr_M0,Capzb_M0,M6pr_M0
Capzb_M0<==>Hmgb2_T3,Capzb_M0,Hmgb2_T3
Capzb_M0<==>Ndufa13_T4,Capzb_M0,Ndufa13_T4
Capzb_M0<==>Itgb1_M0,Capzb_M0,Itgb1_M0
Capzb_M0<==>Ubl5_M0,Capzb_M0,Ubl5_M0
Capzb_M0<==>Cox7a2_M0,Capzb_M0,Cox7a2_M0
Capzb_M0<==>Gpx1_M0,Capzb_M0,Gpx1_M0
Capzb_M0<==>Tma7_M4,Capzb_M0,Tma7_M4
Capzb_M0<==>Sec61g_T4,Capzb_M0,Sec61g_T4
Capzb_M0<==>Sec61g_T5,Capzb_M0,Sec61g_T5
Capzb_M0<==>Gfpt2_O7,Capzb_M0,Gfpt2_O7
Capzb_M0<==>Eif4a1_B1,Capzb_M0,Eif4a1_B1
Capzb_M0<==>Psma3_M4,Capzb_M0,Psma3_M4
Capzb_M0<==>Ndufb1-ps_T4,Capzb_M0,Ndufb1-ps_T4
Capzb_M0<==>Atp5mpl_M0,Capzb_M0,Atp5mpl_M0
Capzb_M0<==>Crip1_M0,Capzb_M0,Crip1_M0
Capzb_M0<==>Cox7c_M3,Capzb_M0,Cox7c_M3
Capzb_M0<==>Psme1_M3,Capzb_M0,Psme1_M3
Capzb_M0<==>Ywhaz_M5,Capzb_M0,Ywhaz_M5
Capzb_M0<==>Cox17_T4,Capzb_M0,Cox17_T4
Capzb_M0<==>App_M0,Capzb_M0,App_M0
Capzb_M0<==>H2-T23_M0,Capzb_M0,H2-T23_M0
Capzb_M0<==>Myl12a_M0,Capzb_M0,Myl12a_M0
Capzb_M0<==>Calm2_M3,Capzb_M0,Calm2_M3
Capzb_M0<==>Epcam_B3,Capzb_M0,Epcam_B3
Capzb_M0<==>Ppp1ca_M0,Capzb_M0,Ppp1ca_M0
Capzb_M0<==>Tmem258_T4,Capzb_M0,Tmem258_T4
Capzb_M0<==>Ndufa1_M0,Capzb_M0,Ndufa1_M0
Capzb_M0<==>mt-Nd3_B3,Capzb_M0,mt-Nd3_B3
Sdhb_M4<==>Ptprcap_T4,Sdhb_M4,Ptprcap_T4
Atp13a2_M0<==>Hmgb1_M0,Atp13a2_M0,Hmgb1_M0
Atp13a2_M0<==>Cd300c2_M0,Atp13a2_M0,Cd300c2_M0
Atp13a2_M0<==>Actn1_M4,Atp13a2_M0,Actn1_M4
Atp13a2_M0<==>Psmb9_B4,Atp13a2_M0,Psmb9_B4
Efhd2_M1<==>Wnk1_T4,Efhd2_M1,Wnk1_T4
Efhd2_M1<==>P4hb_M0,Efhd2_M1,P4hb_M0
Efhd2_M1<==>Lgmn_M1,Efhd2_M1,Lgmn_M1
Efhd2_M1<==>Rcbtb2_M1,Efhd2_M1,Rcbtb2_M1
Efhd2_M3<==>H2-Aa_M3,Efhd2_M3,H2-Aa_M3
Efhd2_M3<==>H2-Eb1_M3,Efhd2_M3,H2-Eb1_M3
Tnfrsf1b_M1<==>Ighv2-9-1_B3,Tnfrsf1b_M1,Ighv2-9-1_B3
Tnfrsf1b_M3<==>Erp29_M3,Tnfrsf1b_M3,Erp29_M3
Tnfrsf1b_M3<==>Ifi30_B1,Tnfrsf1b_M3,Ifi30_B1
Tnfrsf1b_M3<==>Junb_T5,Tnfrsf1b_M3,Junb_T5
Tnfrsf1b_M3<==>Bcl2a1d_M3,Tnfrsf1b_M3,Bcl2a1d_M3
Tnfrsf1b_M3<==>Srgn_M3,Tnfrsf1b_M3,Srgn_M3
Tnfrsf1b_M3<==>Havcr2_M3,Tnfrsf1b_M3,Havcr2_M3
Tnfrsf1b_M3<==>Emb_T3,Tnfrsf1b_M3,Emb_T3
Tnfrsf1b_M3<==>Msn_B1,Tnfrsf1b_M3,Msn_B1
Tnfrsf1b_T2<==>Gimap3_T2,Tnfrsf1b_T2,Gimap3_T2
Tnfrsf1b_T2<==>Prdx2_M4,Tnfrsf1b_T2,Prdx2_M4
Tnfrsf1b_T2<==>Ddx6_M1,Tnfrsf1b_T2,Ddx6_M1
Tnfrsf1b_T2<==>Rab8b_M3,Tnfrsf1b_T2,Rab8b_M3
Tnfrsf1b_T2<==>Rps27l_B1,Tnfrsf1b_T2,Rps27l_B1
Tnfrsf1b_T2<==>Eef1a1_M3,Tnfrsf1b_T2,Eef1a1_M3
Tnfrsf1b_T2<==>Ppp2ca_M1,Tnfrsf1b_T2,Ppp2ca_M1
Tnfrsf1b_T2<==>Ubb_M1,Tnfrsf1b_T2,Ubb_M1
Tnfrsf1b_T2<==>Sumo2_M4,Tnfrsf1b_T2,Sumo2_M4
Tnfrsf1b_T2<==>Serpinb9_M3,Tnfrsf1b_T2,Serpinb9_M3
Tnfrsf1b_T2<==>Rpl3_M3,Tnfrsf1b_T2,Rpl3_M3
Tnfrsf1b_T2<==>Slc38a1_M4,Tnfrsf1b_T2,Slc38a1_M4
Tnfrsf1b_T2<==>Cox17_M1,Tnfrsf1b_T2,Cox17_M1
Tnfrsf1b_T2<==>Ndfip1_T4,Tnfrsf1b_T2,Ndfip1_T4
Tnfrsf1b_T2<==>Ms4a6b_M1,Tnfrsf1b_T2,Ms4a6b_M1
Cenps_B4<==>Ube2i_M3,Cenps_B4,Ube2i_M3
Cenps_B4<==>Ighv1-25_B3,Cenps_B4,Ighv1-25_B3
Kif1b_T6<==>Psmb1_T4,Kif1b_T6,Psmb1_T4
Kif1b_T6<==>Cox7a2l_T2,Kif1b_T6,Cox7a2l_T2
Kif1b_T6<==>Ube2a_T5,Kif1b_T6,Ube2a_T5
Eno1_T5<==>Ldha_T5,Eno1_T5,Ldha_T5
Park7_M1<==>H2afj_M1,Park7_M1,H2afj_M1
Park7_M1<==>Junb_M4,Park7_M1,Junb_M4
Park7_M1<==>Bsg_M1,Park7_M1,Bsg_M1
Park7_M1<==>Itk_B6_0,Park7_M1,Itk_B6_0
Park7_M1<==>Laptm4a_M1,Park7_M1,Laptm4a_M1
Park7_M1<==>Srsf7_T1,Park7_M1,Srsf7_T1
Park7_M3<==>Hnrnpf_B1,Park7_M3,Hnrnpf_B1
Park7_M3<==>Lat_T4,Park7_M3,Lat_T4
Park7_M3<==>Ifi30_B1,Park7_M3,Ifi30_B1
Park7_M3<==>Hsp90aa1_B0,Park7_M3,Hsp90aa1_B0
Park7_M3<==>Tnfaip2_M3,Park7_M3,Tnfaip2_M3
Rpl22_B1<==>Gimap4_T2,Rpl22_B1,Gimap4_T2
Rpl22_B1<==>Rassf3_M3,Rpl22_B1,Rassf3_M3
Rpl22_B1<==>Ywhae_B1,Rpl22_B1,Ywhae_B1
Rpl22_B1<==>Hif1a_T0,Rpl22_B1,Hif1a_T0
Rpl22_B1<==>Psme1_T1,Rpl22_B1,Psme1_T1
Rpl22_B1<==>Fermt3_M1,Rpl22_B1,Fermt3_M1
Rpl22_B1<==>Rpl39_T4,Rpl22_B1,Rpl39_T4
Rpl22_B3<==>Hnrnpf_B3,Rpl22_B3,Hnrnpf_B3
Rpl22_B3<==>Rpl35a_B3,Rpl22_B3,Rpl35a_B3
Rpl22_M3<==>Sdf4_T5,Rpl22_M3,Sdf4_T5
Rpl22_M3<==>Rpl32_M3,Rpl22_M3,Rpl32_M3
Rpl22_M3<==>Kras_T1,Rpl22_M3,Kras_T1
Rpl22_M3<==>Rplp1_B2,Rpl22_M3,Rplp1_B2
Rpl22_M3<==>Rpl23_M3,Rpl22_M3,Rpl23_M3
Rpl22_M3<==>Prkar1a_T3,Rpl22_M3,Prkar1a_T3
Rpl22_M3<==>Rps23_M3,Rpl22_M3,Rps23_M3
Rpl22_M3<==>Tmbim6_B4,Rpl22_M3,Tmbim6_B4
Rpl22_M3<==>Pcbp2_T2,Rpl22_M3,Pcbp2_T2
Rpl22_M3<==>H2-K1_B2,Rpl22_M3,H2-K1_B2
Rpl22_M3<==>Rps4x_M3,Rpl22_M3,Rps4x_M3
Rpl22_M3<==>Tmsb4x_T6,Rpl22_M3,Tmsb4x_T6
Rpl22_M4<==>Rpl35a_M4,Rpl22_M4,Rpl35a_M4
Rpl22_T2<==>Rpl6_T2,Rpl22_T2,Rpl6_T2
Rpl22_T2<==>Polr2e_M4,Rpl22_T2,Polr2e_M4
Rpl22_T2<==>2410006H16Rik_T2,Rpl22_T2,2410006H16Rik_T2
Rpl22_T2<==>Rpl3_B3,Rpl22_T2,Rpl3_B3
Rpl22_T2<==>Shtn1_M4,Rpl22_T2,Shtn1_M4
Rpl22_T2<==>mt-Nd1_T4,Rpl22_T2,mt-Nd1_T4
Gnb1_M0<==>Saraf_T3,Gnb1_M0,Saraf_T3
Gnb1_M0<==>Cd3e_M5,Gnb1_M0,Cd3e_M5
Gnb1_M0<==>Atp1b3_M0,Gnb1_M0,Atp1b3_M0
Gnb1_M0<==>Uqcrq_M0,Gnb1_M0,Uqcrq_M0
Gnb1_M0<==>Arf1_M0,Gnb1_M0,Arf1_M0
Gnb1_M0<==>Id2_M0,Gnb1_M0,Id2_M0
Gnb1_M0<==>Ifrd1_M2,Gnb1_M0,Ifrd1_M2
Gnb1_M0<==>BC005537_M0,Gnb1_M0,BC005537_M0
Gnb1_M0<==>Ywhaz_M0,Gnb1_M0,Ywhaz_M0
Ssu72_M4<==>Eif3k_B5,Ssu72_M4,Eif3k_B5
Ssu72_M4<==>Rpl13a_T2,Ssu72_M4,Rpl13a_T2
Ssu72_M4<==>Cox4i1_B1,Ssu72_M4,Cox4i1_B1
Ssu72_M4<==>Eif3e_B1,Ssu72_M4,Eif3e_B1
Ssu72_M4<==>Eif3h_T4,Ssu72_M4,Eif3h_T4
Ssu72_M4<==>Ly6i_M0,Ssu72_M4,Ly6i_M0
Ssu72_M4<==>Gm42418_B1,Ssu72_M4,Gm42418_B1
Mrpl20_B3<==>Igkv10-96_B2,Mrpl20_B3,Igkv10-96_B2
Mrpl20_B3<==>Itgb1_M5,Mrpl20_B3,Itgb1_M5
Mrpl20_B3<==>Spag9_M3,Mrpl20_B3,Spag9_M3
Ccnl2_B4<==>Mpeg1_M0,Ccnl2_B4,Mpeg1_M0
Ccnl2_B4<==>Prdx4_B3,Ccnl2_B4,Prdx4_B3
Ccnl2_T5<==>H3f3b_M5,Ccnl2_T5,H3f3b_M5
Aurkaip1_T5<==>Cox6b1_T0,Aurkaip1_T5,Cox6b1_T0
Aurkaip1_T5<==>Lilrb4a_T0,Aurkaip1_T5,Lilrb4a_T0
Ube2j2_M4<==>Jund_T4,Ube2j2_M4,Jund_T4
Ube2j2_M4<==>Ighv1-66_B3,Ube2j2_M4,Ighv1-66_B3
Ube2j2_M4<==>Rps2_O7,Ube2j2_M4,Rps2_O7
Sdf4_B3<==>Ccnd2_M3,Sdf4_B3,Ccnd2_M3
Sdf4_B3<==>Rps11_T5,Sdf4_B3,Rps11_T5
Sdf4_T0<==>Aebp2_M5,Sdf4_T0,Aebp2_M5
Sdf4_T0<==>Sub1_M3,Sdf4_T0,Sub1_M3
Sdf4_T0<==>Rpl3_M3,Sdf4_T0,Rpl3_M3
Sdf4_T0<==>Myl12b_T3,Sdf4_T0,Myl12b_T3
Sdf4_T2<==>Gimap4_T0,Sdf4_T2,Gimap4_T0
Sdf4_T2<==>Gimap6_T1,Sdf4_T2,Gimap6_T1
Sdf4_T2<==>Gimap3_T1,Sdf4_T2,Gimap3_T1
Sdf4_T2<==>Igkv3-12_B2,Sdf4_T2,Igkv3-12_B2
Sdf4_T2<==>D8Ertd738e_T7,Sdf4_T2,D8Ertd738e_T7
Sdf4_T2<==>Rps27l_M3,Sdf4_T2,Rps27l_M3
Sdf4_T2<==>Odc1_B3,Sdf4_T2,Odc1_B3
Sdf4_T2<==>Satb1_T0,Sdf4_T2,Satb1_T0
Sdf4_T5<==>Rheb_M3,Sdf4_T5,Rheb_M3
Sdf4_T5<==>Rpl35a_M3,Sdf4_T5,Rpl35a_M3
Sdf4_T5<==>Gm42418_T5,Sdf4_T5,Gm42418_T5
Sdf4_T5<==>Rps14_M3,Sdf4_T5,Rps14_M3
Sdf4_T5<==>AW112010_M3,Sdf4_T5,AW112010_M3
Sdf4_T5<==>Tmsb4x_T6,Sdf4_T5,Tmsb4x_T6
Tnfrsf4_T1<==>Gimap4_T0,Tnfrsf4_T1,Gimap4_T0
Tnfrsf4_T1<==>Gimap3_T1,Tnfrsf4_T1,Gimap3_T1
Tnfrsf4_T1<==>Aebp2_M4,Tnfrsf4_T1,Aebp2_M4
Tnfrsf4_T1<==>Tgfb1_M3,Tnfrsf4_T1,Tgfb1_M3
Tnfrsf4_T1<==>Ets1_T2,Tnfrsf4_T1,Ets1_T2
Tnfrsf4_T1<==>Derl3_B3,Tnfrsf4_T1,Derl3_B3
Tnfrsf4_T1<==>G3bp1_M5,Tnfrsf4_T1,G3bp1_M5
Tnfrsf4_T1<==>Ifi27l2a_T1,Tnfrsf4_T1,Ifi27l2a_T1
Tnfrsf4_T1<==>Timm23_T4,Tnfrsf4_T1,Timm23_T4
Tnfrsf4_T1<==>Ly6e_M4,Tnfrsf4_T1,Ly6e_M4
Tnfrsf4_T1<==>Rpl10a_M3,Tnfrsf4_T1,Rpl10a_M3
Tnfrsf4_T1<==>Zeb1_T2,Tnfrsf4_T1,Zeb1_T2
Tnfrsf4_T2<==>Ubfd1_M4,Tnfrsf4_T2,Ubfd1_M4
Tnfrsf4_T2<==>Rdx_T5,Tnfrsf4_T2,Rdx_T5
Tnfrsf4_T2<==>Ssh2_T6,Tnfrsf4_T2,Ssh2_T6
Tnfrsf4_T2<==>Emb_T4,Tnfrsf4_T2,Emb_T4
Tnfrsf4_T2<==>Stk24_M5,Tnfrsf4_T2,Stk24_M5
Tnfrsf18_T2<==>Rheb_T5,Tnfrsf18_T2,Rheb_T5
Tnfrsf18_T2<==>Ost4_B1,Tnfrsf18_T2,Ost4_B1
Tnfrsf18_T2<==>Arpc3_T2,Tnfrsf18_T2,Arpc3_T2
Tnfrsf18_T2<==>Igkc_M3,Tnfrsf18_T2,Igkc_M3
Tnfrsf18_T2<==>Fosb_B3,Tnfrsf18_T2,Fosb_B3
Tnfrsf18_T2<==>Irs2_T7,Tnfrsf18_T2,Irs2_T7
Tnfrsf18_T2<==>Tpm4_T3,Tnfrsf18_T2,Tpm4_T3
Tnfrsf18_T2<==>Rps27l_B1,Tnfrsf18_T2,Rps27l_B1
Tnfrsf18_T2<==>Cstb_M3,Tnfrsf18_T2,Cstb_M3
Tnfrsf18_T2<==>Slc25a3_T1,Tnfrsf18_T2,Slc25a3_T1
Tnfrsf18_T2<==>Rpl41_B3,Tnfrsf18_T2,Rpl41_B3
Tnfrsf18_T2<==>Pafah1b1_M1,Tnfrsf18_T2,Pafah1b1_M1
Tnfrsf18_T2<==>Sf3b6_B1,Tnfrsf18_T2,Sf3b6_B1
Tnfrsf18_T2<==>Erh_B4,Tnfrsf18_T2,Erh_B4
Tnfrsf18_T2<==>Calm1_B1,Tnfrsf18_T2,Calm1_B1
Tnfrsf18_T2<==>Ighg1_B2,Tnfrsf18_T2,Ighg1_B2
Tnfrsf18_T2<==>Arf4_T2,Tnfrsf18_T2,Arf4_T2
Tnfrsf18_T2<==>Appl1_M4,Tnfrsf18_T2,Appl1_M4
Tnfrsf18_T2<==>Selenok_T1,Tnfrsf18_T2,Selenok_T1
Tnfrsf18_T2<==>Timm23_M3,Tnfrsf18_T2,Timm23_M3
Tnfrsf18_T2<==>Sub1_T3,Tnfrsf18_T2,Sub1_T3
Tnfrsf18_T2<==>Eif3e_M3,Tnfrsf18_T2,Eif3e_M3
Tnfrsf18_T2<==>Slc38a2_B3,Tnfrsf18_T2,Slc38a2_B3
Tnfrsf18_T2<==>Cebpz_B1,Tnfrsf18_T2,Cebpz_B1
Tnfrsf18_T2<==>mt-Co3_B2,Tnfrsf18_T2,mt-Co3_B2
Tnfrsf18_T2<==>mt-Nd4_B0,Tnfrsf18_T2,mt-Nd4_B0
Isg15_M2<==>Igkv8-28_B3,Isg15_M2,Igkv8-28_B3
Sri_M0<==>Rpl4_B0,Sri_M0,Rpl4_B0
Sri_M0<==>Gna13_M4,Sri_M0,Gna13_M4
Sri_M0<==>Rps2_T4,Sri_M0,Rps2_T4
Sri_M0<==>Atp5a1_M0,Sri_M0,Atp5a1_M0
Sri_M0<==>mt-Cytb_M0,Sri_M0,mt-Cytb_M0
Sri_M1<==>Tmem160_M1,Sri_M1,Tmem160_M1
Sri_M1<==>Plekho2_M1,Sri_M1,Plekho2_M1
Sri_M1<==>Havcr2_M4,Sri_M1,Havcr2_M4
Sri_M1<==>Rpl19_M1,Sri_M1,Rpl19_M1
Sri_M1<==>Timm23_M1,Sri_M1,Timm23_M1
Sri_M1<==>Msrb1_M1,Sri_M1,Msrb1_M1
Sri_M1<==>Nars_B3,Sri_M1,Nars_B3
Sri_M1<==>Mbd2_T2,Sri_M1,Mbd2_T2
Sri_M1<==>Prdx5_M1,Sri_M1,Prdx5_M1
Sri_M3<==>Myl12a_M3,Sri_M3,Myl12a_M3
Sri_M4<==>Ptms_M4,Sri_M4,Ptms_M4
Sri_M4<==>Ftl1_B5,Sri_M4,Ftl1_B5
Sri_M4<==>Akap13_T4,Sri_M4,Akap13_T4
Sri_M4<==>Ighv5-17_B3,Sri_M4,Ighv5-17_B3
Sri_M4<==>Cd83_B5,Sri_M4,Cd83_B5
Sri_M4<==>Atp6v0c_B1,Sri_M4,Atp6v0c_B1
Sri_M4<==>H2-K1_B2,Sri_M4,H2-K1_B2
Sri_M4<==>H2-DMb2_B1,Sri_M4,H2-DMb2_B1
Sri_M4<==>Myl12b_B1,Sri_M4,Myl12b_B1
Sri_M4<==>Smchd1_B2,Sri_M4,Smchd1_B2
Sri_M4<==>mt-Nd1_B3,Sri_M4,mt-Nd1_B3
Sri_T3<==>Smarca5_B1,Sri_T3,Smarca5_B1
Sri_T3<==>Itgb1_M0,Sri_T3,Itgb1_M0
Sri_T3<==>Tma7_M3,Sri_T3,Tma7_M3
Sri_T3<==>Prkar1a_M1,Sri_T3,Prkar1a_M1
Sri_T3<==>Mrpl52_B1,Sri_T3,Mrpl52_B1
Sri_T3<==>Ywhaz_B4,Sri_T3,Ywhaz_B4
Sri_T3<==>H2-D1_B2,Sri_T3,H2-D1_B2
Sri_T3<==>Rps4x_B2,Sri_T3,Rps4x_B2
Sri_T4<==>Fis1_T4,Sri_T4,Fis1_T4
Sri_T4<==>AU020206_T4,Sri_T4,AU020206_T4
Sri_T4<==>Bcl2a1b_T4,Sri_T4,Bcl2a1b_T4
Sri_T4<==>Hint1_T4,Sri_T4,Hint1_T4
Sri_T4<==>Sumo2_T4,Sri_T4,Sumo2_T4
Sri_T4<==>Pabpn1_T5,Sri_T4,Pabpn1_T5
Sri_T4<==>Atp5j_T4,Sri_T4,Atp5j_T4
Sri_T4<==>H2-Q6_B2,Sri_T4,H2-Q6_B2
Sema3c_O7<==>Napsa_B1,Sema3c_O7,Napsa_B1
Sema3c_O7<==>Eif4g2_O7,Sema3c_O7,Eif4g2_O7
Sema3c_O7<==>Ifitm3_M3,Sema3c_O7,Ifitm3_M3
Sema3c_O7<==>Itgb1_M0,Sema3c_O7,Itgb1_M0
Sema3c_O7<==>Man1a_M5,Sema3c_O7,Man1a_M5
Sema3c_O7<==>Rpl19_M3,Sema3c_O7,Rpl19_M3
Sema3c_O7<==>Rpl19_T2,Sema3c_O7,Rpl19_T2
Sema3c_O7<==>Grb2_B1,Sema3c_O7,Grb2_B1
Sema3c_O7<==>Cox6c_M0,Sema3c_O7,Cox6c_M0
Sema3c_O7<==>Igfbp6_O7,Sema3c_O7,Igfbp6_O7
Sema3c_O7<==>Son_B2,Sema3c_O7,Son_B2
Sema3c_O7<==>Pi16_O7,Sema3c_O7,Pi16_O7
Sema3c_O7<==>Rpl17_T2,Sema3c_O7,Rpl17_T2
Sema3c_O7<==>Ppp1ca_M0,Sema3c_O7,Ppp1ca_M0
Cd36_O10<==>Cox7b_T4,Cd36_O10,Cox7b_T4
Rsbn1l_T2<==>Cox4i1_T4,Rsbn1l_T2,Cox4i1_T4
Rsbn1l_T2<==>Ighv1-77_B3,Rsbn1l_T2,Ighv1-77_B3
Rsbn1l_T2<==>Rpl15_T4,Rsbn1l_T2,Rpl15_T4
Rsbn1l_T2<==>Selenok_T2,Rsbn1l_T2,Selenok_T2
Rsbn1l_T2<==>Eif3e_B1,Rsbn1l_T2,Eif3e_B1
Rsbn1l_T2<==>Eif3e_B2,Rsbn1l_T2,Eif3e_B2
Rsbn1l_T2<==>Eif3h_B1,Rsbn1l_T2,Eif3h_B1
Rsbn1l_T2<==>Eif3h_T4,Rsbn1l_T2,Eif3h_T4
Rsbn1l_T2<==>Rps2_T4,Rsbn1l_T2,Rps2_T4
Rsbn1l_T2<==>Pgk1_M0,Rsbn1l_T2,Pgk1_M0
Rsbn1l_T2<==>mt-Nd4l_M3,Rsbn1l_T2,mt-Nd4l_M3
Rsbn1l_T3<==>Chchd2_T2,Rsbn1l_T3,Chchd2_T2
Rsbn1l_T3<==>Igkc_M3,Rsbn1l_T3,Igkc_M3
Rsbn1l_T3<==>Coro1a_T3,Rsbn1l_T3,Coro1a_T3
Rsbn1l_T3<==>Cyp4v3_M0,Rsbn1l_T3,Cyp4v3_M0
Rsbn1l_T3<==>Hmgb2_T2,Rsbn1l_T3,Hmgb2_T2
Rsbn1l_T3<==>Map1lc3b_T2,Rsbn1l_T3,Map1lc3b_T2
Rsbn1l_T3<==>Atp5l_T3,Rsbn1l_T3,Atp5l_T3
Rsbn1l_T3<==>Rpl29_M0,Rsbn1l_T3,Rpl29_M0
Rsbn1l_T3<==>Rps15_T1,Rsbn1l_T3,Rps15_T1
Rsbn1l_T3<==>BC018473_M2,Rsbn1l_T3,BC018473_M2
Rsbn1l_T3<==>Id2_M3,Rsbn1l_T3,Id2_M3
Rsbn1l_T3<==>Ifi27l2a_T2,Rsbn1l_T3,Ifi27l2a_T2
Rsbn1l_T3<==>Tmbim6_M2,Rsbn1l_T3,Tmbim6_M2
Rsbn1l_T3<==>Gm42418_B1,Rsbn1l_T3,Gm42418_B1
Rsbn1l_T3<==>Reep5_T2,Rsbn1l_T3,Reep5_T2
Fgl2_M0<==>Rpl5_M3,Fgl2_M0,Rpl5_M3
Fgl2_M0<==>Tmsb10_B1,Fgl2_M0,Tmsb10_B1
Fgl2_M0<==>Arpc4_M3,Fgl2_M0,Arpc4_M3
Fgl2_M0<==>Resf1_M2,Fgl2_M0,Resf1_M2
Fgl2_M0<==>Rabac1_T2,Fgl2_M0,Rabac1_T2
Fgl2_M0<==>Rps16_M3,Fgl2_M0,Rps16_M3
Fgl2_M0<==>Ldha_M0,Fgl2_M0,Ldha_M0
Fgl2_M0<==>Ndufa13_B1,Fgl2_M0,Ndufa13_B1
Fgl2_M0<==>Jund_B5,Fgl2_M0,Jund_B5
Fgl2_M0<==>Rpl13_M3,Fgl2_M0,Rpl13_M3
Fgl2_M0<==>Itgb1_M0,Fgl2_M0,Itgb1_M0
Fgl2_M0<==>Ppm1m_M4,Fgl2_M0,Ppm1m_M4
Fgl2_M0<==>Gpx1_M0,Fgl2_M0,Gpx1_M0
Fgl2_M0<==>Tma7_M4,Fgl2_M0,Tma7_M4
Fgl2_M0<==>Higd1a_T5,Fgl2_M0,Higd1a_T5
Fgl2_M0<==>Rps12_M3,Fgl2_M0,Rps12_M3
Fgl2_M0<==>Bsg_M3,Fgl2_M0,Bsg_M3
Fgl2_M0<==>Rps27a_M3,Fgl2_M0,Rps27a_M3
Fgl2_M0<==>Rack1_M3,Fgl2_M0,Rack1_M3
Fgl2_M0<==>Atp5h_B2,Fgl2_M0,Atp5h_B2
Fgl2_M0<==>Arhgdia_M0,Fgl2_M0,Arhgdia_M0
Fgl2_M0<==>Tmem14c_M0,Fgl2_M0,Tmem14c_M0
Fgl2_M0<==>Tmem14c_M3,Fgl2_M0,Tmem14c_M3
Fgl2_M0<==>Rps23_M3,Fgl2_M0,Rps23_M3
Fgl2_M0<==>Hexb_M1,Fgl2_M0,Hexb_M1
Fgl2_M0<==>Psme1_M3,Fgl2_M0,Psme1_M3
Fgl2_M0<==>Tmbim6_M3,Fgl2_M0,Tmbim6_M3
Fgl2_M0<==>App_M0,Fgl2_M0,App_M0
Fgl2_M0<==>H2-DMb2_B1,Fgl2_M0,H2-DMb2_B1
Fgl2_M0<==>H2-Ob_B1,Fgl2_M0,H2-Ob_B1
Fgl2_M0<==>H2-D1_B2,Fgl2_M0,H2-D1_B2
Fgl2_M0<==>H2-Q7_B1,Fgl2_M0,H2-Q7_B1
Fgl2_M0<==>H2-Q7_T2,Fgl2_M0,H2-Q7_T2
Fgl2_M0<==>H2-T23_M3,Fgl2_M0,H2-T23_M3
Fgl2_M0<==>Gm42418_B7,Fgl2_M0,Gm42418_B7
Fgl2_M0<==>Rps14_M3,Fgl2_M0,Rps14_M3
Fgl2_M0<==>Cox8a_B2,Fgl2_M0,Cox8a_B2
Fgl2_M0<==>Tmem258_T4,Fgl2_M0,Tmem258_T4
Fgl2_M0<==>Rps4x_M3,Fgl2_M0,Rps4x_M3
Fgl2_M0<==>Ighv7-3_B2,Fgl2_M0,Ighv7-3_B2
Fgl2_M3<==>Ighv6-3_B3,Fgl2_M3,Ighv6-3_B3
Fgl2_M3<==>Ighv6-6_B3,Fgl2_M3,Ighv6-6_B3
Fgl2_M4<==>Erp29_M0,Fgl2_M4,Erp29_M0
Fgl2_M4<==>Ighv1-34_B3,Fgl2_M4,Ighv1-34_B3
Kmt2e_B1<==>Ets1_B0,Kmt2e_B1,Ets1_B0
Kmt2e_B1<==>Rps23_M3,Kmt2e_B1,Rps23_M3
Kmt2e_B1<==>Nrros_M3,Kmt2e_B1,Nrros_M3
Kmt2e_B3<==>Arpc1b_B3,Kmt2e_B3,Arpc1b_B3
Kmt2e_B3<==>Igkv10-96_B4,Kmt2e_B3,Igkv10-96_B4
Kmt2e_B3<==>Igkc_B2,Kmt2e_B3,Igkc_B2
Kmt2e_B3<==>Gtf2e2_M4,Kmt2e_B3,Gtf2e2_M4
Kmt2e_B3<==>Grb2_B3,Kmt2e_B3,Grb2_B3
Kmt2e_B3<==>Sub1_B3,Kmt2e_B3,Sub1_B3
Tomm7_M3<==>Kit_M3,Tomm7_M3,Kit_M3
Tomm7_M3<==>Selenos_T5,Tomm7_M3,Selenos_T5
Tomm7_M3<==>Itgb1_M0,Tomm7_M3,Itgb1_M0
Tomm7_M3<==>Rpsa_T1,Tomm7_M3,Rpsa_T1
Tomm7_M3<==>Rpsa_T5,Tomm7_M3,Rpsa_T5
Tomm7_M3<==>Vpreb3_B3,Tomm7_M3,Vpreb3_B3
Tomm7_M3<==>Iglv1_B7,Tomm7_M3,Iglv1_B7
Tomm7_M3<==>Ifngr2_M3,Tomm7_M3,Ifngr2_M3
Tomm7_M3<==>Rpl17_T5,Tomm7_M3,Rpl17_T5
Tomm7_M3<==>Sf3b2_M4,Tomm7_M3,Sf3b2_M4
Tomm7_M3<==>mt-Nd3_T4,Tomm7_M3,mt-Nd3_T4
Tomm7_M5<==>Igkv16-104_B1,Tomm7_M5,Igkv16-104_B1
Tomm7_M5<==>Capg_B1,Tomm7_M5,Capg_B1
Tomm7_M5<==>Snrpg_M5,Tomm7_M5,Snrpg_M5
Tomm7_M5<==>Ddx5_T4,Tomm7_M5,Ddx5_T4
Tomm7_M5<==>Crip1_M5,Tomm7_M5,Crip1_M5
Tomm7_M5<==>Ywhaz_M0,Tomm7_M5,Ywhaz_M0
Tomm7_M5<==>Ets2_M5,Tomm7_M5,Ets2_M5
Tomm7_M5<==>Rpl39_T4,Tomm7_M5,Rpl39_T4
Tomm7_T4<==>Psma6_M5,Tomm7_T4,Psma6_M5
Tomm7_T4<==>H2-Ab1_M1,Tomm7_T4,H2-Ab1_M1
Tomm7_T4<==>Lst1_M0,Tomm7_T4,Lst1_M0
Tomm7_T4<==>Ndufa1_M0,Tomm7_T4,Ndufa1_M0
Rheb_B3<==>Actb_T3,Rheb_B3,Actb_T3
Rheb_B3<==>Tpm4_T3,Rheb_B3,Tpm4_T3
Rheb_B3<==>Prkar1a_T3,Rheb_B3,Prkar1a_T3
Rheb_B3<==>Nfkbia_M4,Rheb_B3,Nfkbia_M4
Rheb_B3<==>Calm1_B2,Rheb_B3,Calm1_B2
Rheb_B3<==>Ighv1-56_B3,Rheb_B3,Ighv1-56_B3
Rheb_B3<==>Timm23_M3,Rheb_B3,Timm23_M3
Rheb_B3<==>Rap2a_M3,Rheb_B3,Rap2a_M3
Rheb_B3<==>Slc38a2_B3,Rheb_B3,Slc38a2_B3
Rheb_B3<==>Satb1_T3,Rheb_B3,Satb1_T3
Rheb_B3<==>Cebpz_B1,Rheb_B3,Cebpz_B1
Rheb_M3<==>Rpl5_B5,Rheb_M3,Rpl5_B5
Rheb_M3<==>Eif3f_M3,Rheb_M3,Eif3f_M3
Rheb_M3<==>Jund_M5,Rheb_M3,Jund_M5
Rheb_M3<==>Smarca5_B1,Rheb_M3,Smarca5_B1
Rheb_M3<==>Cd3d_T2,Rheb_M3,Cd3d_T2
Rheb_M3<==>Cd3e_M5,Rheb_M3,Cd3e_M5
Rheb_M3<==>Gadd45b_T2,Rheb_M3,Gadd45b_T2
Rheb_M3<==>Rpl26_M3,Rheb_M3,Rpl26_M3
Rheb_M3<==>Crip1_M5,Rheb_M3,Crip1_M5
Rheb_M3<==>Rps18_M3,Rheb_M3,Rps18_M3
Rheb_M3<==>H2-Ab1_B1,Rheb_M3,H2-Ab1_B1
Rheb_M3<==>H2-D1_B1,Rheb_M3,H2-D1_B1
Rheb_M3<==>Myl12b_B1,Rheb_M3,Myl12b_B1
Rheb_M3<==>Rps14_M3,Rheb_M3,Rps14_M3
Rheb_M4<==>Ube2n_M3,Rheb_M4,Ube2n_M3
Rheb_M4<==>Lmnb1_B1,Rheb_M4,Lmnb1_B1
Rheb_M4<==>Igkv17-121_B5,Rheb_M4,Igkv17-121_B5
Rheb_T5<==>Slc25a3_T1,Rheb_T5,Slc25a3_T1
Rheb_T5<==>Atf4_O7,Rheb_T5,Atf4_O7
Rheb_T5<==>Samsn1_B5,Rheb_T5,Samsn1_B5
Rheb_T5<==>Paip2_T5,Rheb_T5,Paip2_T5
Dnajb6_B3<==>Rsrc2_B3,Dnajb6_B3,Rsrc2_B3
Dnajb6_B3<==>Cd37_B1,Dnajb6_B3,Cd37_B1
Dnajb6_B3<==>Cdv3_B3,Dnajb6_B3,Cdv3_B3
Dnajb6_B3<==>Ctla2a_T0,Dnajb6_B3,Ctla2a_T0
Dnajb6_B3<==>Ywhaz_M3,Dnajb6_B3,Ywhaz_M3
Dnajb6_B3<==>Ly6e_T2,Dnajb6_B3,Ly6e_T2
Dnajb6_B3<==>Paip2_B3,Dnajb6_B3,Paip2_B3
Dnajb6_B3<==>Jak2_T2,Dnajb6_B3,Jak2_T2
Dnajb6_B3<==>mt-Nd2_T2,Dnajb6_B3,mt-Nd2_T2
Dnajb6_B3<==>mt-Cytb_T6,Dnajb6_B3,mt-Cytb_T6
Dnajb6_B5<==>Isy1_T4,Dnajb6_B5,Isy1_T4
Dnajb6_M0<==>Snrpg_M5,Dnajb6_M0,Snrpg_M5
Dnajb6_M0<==>Hnrnpf_M0,Dnajb6_M0,Hnrnpf_M0
Dnajb6_M0<==>Rps27l_M4,Dnajb6_M0,Rps27l_M4
Dnajb6_M0<==>Snrpf_B1,Dnajb6_M0,Snrpf_B1
Dnajb6_M0<==>Ets2_M0,Dnajb6_M0,Ets2_M0
Dnajb6_M0<==>Entpd1_M1,Dnajb6_M0,Entpd1_M1
Dnajb6_M3<==>Clec2d_M3,Dnajb6_M3,Clec2d_M3
Dnajb6_M3<==>Taldo1_M3,Dnajb6_M3,Taldo1_M3
Dnajb6_M3<==>Cd164_M3,Dnajb6_M3,Cd164_M3
Dnajb6_M3<==>Rps24_O7,Dnajb6_M3,Rps24_O7
Dnajb6_M3<==>Rpl3_M3,Dnajb6_M3,Rpl3_M3
Dnajb6_M5<==>Rpl27a_M3,Dnajb6_M5,Rpl27a_M3
Dnajb6_T1<==>Igkv4-70_B3,Dnajb6_T1,Igkv4-70_B3
Dnajb6_T1<==>Rab8b_T1,Dnajb6_T1,Rab8b_T1
Dnajb6_T1<==>Rpl41_M3,Dnajb6_T1,Rpl41_M3
Dnajb6_T1<==>Rel_M1,Dnajb6_T1,Rel_M1
Dnajb6_T1<==>Laptm4a_M0,Dnajb6_T1,Laptm4a_M0
Dnajb6_T1<==>Ndufb1-ps_T4,Dnajb6_T1,Ndufb1-ps_T4
Dnajb6_T1<==>Ighv5-9_B7,Dnajb6_T1,Ighv5-9_B7
Dnajb6_T1<==>Cox7c_T1,Dnajb6_T1,Cox7c_T1
Dnajb6_T1<==>Rpl37_T1,Dnajb6_T1,Rpl37_T1
Dnajb6_T1<==>Ywhaz_T1,Dnajb6_T1,Ywhaz_T1
Dnajb6_T1<==>Rpl8_B5,Dnajb6_T1,Rpl8_B5
Dnajb6_T1<==>Atp5md_B1,Dnajb6_T1,Atp5md_B1
Ost4_B1<==>Cox6a1_M3,Ost4_B1,Cox6a1_M3
Ost4_B1<==>Dennd5b_B3,Ost4_B1,Dennd5b_B3
Ost4_B1<==>Rps27l_B5,Ost4_B1,Rps27l_B5
Ost4_B1<==>Gnai2_B1,Ost4_B1,Gnai2_B1
Ost4_B1<==>Tma7_T4,Ost4_B1,Tma7_T4
Ost4_B1<==>Slc25a3_T1,Ost4_B1,Slc25a3_T1
Ost4_B1<==>Rap1b_T1,Ost4_B1,Rap1b_T1
Ost4_B1<==>Gna13_T2,Ost4_B1,Gna13_T2
Ost4_B1<==>Crip1_M0,Ost4_B1,Crip1_M0
Ost4_B1<==>Ighg2b_B2,Ost4_B1,Ighg2b_B2
Ost4_B1<==>Ighg1_B2,Ost4_B1,Ighg1_B2
Ost4_B1<==>Uqcrb_B1,Ost4_B1,Uqcrb_B1
Ost4_B1<==>Itm2b_B4,Ost4_B1,Itm2b_B4
Ost4_B1<==>Cox17_B1,Ost4_B1,Cox17_B1
Ost4_B1<==>Elob_B1,Ost4_B1,Elob_B1
Ost4_B1<==>Rpl36_B1,Ost4_B1,Rpl36_B1
Ost4_B1<==>Crem_B1,Ost4_B1,Crem_B1
Ost4_B1<==>Paip2_T5,Ost4_B1,Paip2_T5
Ost4_B1<==>Cd14_M1,Ost4_B1,Cd14_M1
Ost4_B1<==>Ndfip1_T0,Ost4_B1,Ndfip1_T0
Ost4_B1<==>Ptprcap_B1,Ost4_B1,Ptprcap_B1
Ost4_B1<==>Got1_T2,Ost4_B1,Got1_T2
Ost4_B1<==>Morf4l2_M5,Ost4_B1,Morf4l2_M5
Ost4_B1<==>mt-Co2_B2,Ost4_B1,mt-Co2_B2
Ost4_B1<==>mt-Nd3_T4,Ost4_B1,mt-Nd3_T4
Ost4_B3<==>Capza2_M3,Ost4_B3,Capza2_M3
Ost4_B3<==>Rpl27_M3,Ost4_B3,Rpl27_M3
Ost4_B3<==>Calm1_B3,Ost4_B3,Calm1_B3
Ost4_B3<==>Elob_B3,Ost4_B3,Elob_B3
Ost4_M0<==>Arap2_M3,Ost4_M0,Arap2_M3
Ost4_M0<==>Ndufa1_M0,Ost4_M0,Ndufa1_M0
Mrpl33_M0<==>Igkc_M0,Mrpl33_M0,Igkc_M0
Mrpl33_M0<==>Itgb1_M0,Mrpl33_M0,Itgb1_M0
Mrpl33_M0<==>Psma4_M0,Mrpl33_M0,Psma4_M0
Mrpl33_M0<==>Cox7a2_M0,Mrpl33_M0,Cox7a2_M0
Mrpl33_M0<==>Cox6c_M0,Mrpl33_M0,Cox6c_M0
Mrpl33_M0<==>Ndufa1_M0,Mrpl33_M0,Ndufa1_M0
Mrpl33_M3<==>Calhm6_M0,Mrpl33_M3,Calhm6_M0
Mrpl33_M3<==>Ighg3_B4,Mrpl33_M3,Ighg3_B4
Mrpl33_M3<==>Fyb_M0,Mrpl33_M3,Fyb_M0
Mrpl33_M3<==>Basp1_B4,Mrpl33_M3,Basp1_B4
Mrpl33_T4<==>Gimap3_T2,Mrpl33_T4,Gimap3_T2
Mrpl33_T4<==>Cd163l1_T4,Mrpl33_T4,Cd163l1_T4
Mrpl33_T4<==>Atp6v0d1_M1,Mrpl33_T4,Atp6v0d1_M1
Mrpl33_T4<==>Cyba_T5,Mrpl33_T4,Cyba_T5
Mrpl33_T4<==>Nampt_M5,Mrpl33_T4,Nampt_M5
Mrpl33_T4<==>Hif1a_T4,Mrpl33_T4,Hif1a_T4
Mrpl33_T4<==>Erg28_T5,Mrpl33_T4,Erg28_T5
Mrpl33_T4<==>Dnase1l3_M4,Mrpl33_T4,Dnase1l3_M4
Mrpl33_T4<==>Atp6v0c_B1,Mrpl33_T4,Atp6v0c_B1
Mrpl33_T4<==>Tap1_M5,Mrpl33_T4,Tap1_M5
Fosl2_M3<==>Tgfbi_M0,Fosl2_M3,Tgfbi_M0
Fosl2_M5<==>Selenow_T3,Fosl2_M5,Selenow_T3
Fosl2_M5<==>Jund_T4,Fosl2_M5,Jund_T4
Fosl2_M5<==>Shisa5_M5,Fosl2_M5,Shisa5_M5
Fosl2_M5<==>Odc1_B3,Fosl2_M5,Odc1_B3
Fosl2_M5<==>Tspo_M3,Fosl2_M5,Tspo_M3
Fosl2_M5<==>App_M5,Fosl2_M5,App_M5
Ywhah_M1<==>Hnrnpa1_T4,Ywhah_M1,Hnrnpa1_T4
Wdr1_M1<==>Rpl9_T5,Wdr1_M1,Rpl9_T5
Wdr1_M1<==>Atp2b1_T2,Wdr1_M1,Atp2b1_T2
Wdr1_M3<==>Rpl9_B1,Wdr1_M3,Rpl9_B1
Cd38_M0<==>Lrrc8d_M3,Cd38_M0,Lrrc8d_M3
Cd38_M0<==>Calhm6_M0,Cd38_M0,Calhm6_M0
Cd38_M0<==>H2-DMa_B1,Cd38_M0,H2-DMa_B1
Rbpj_M0<==>Sparcl1_O7,Rbpj_M0,Sparcl1_O7
Rbpj_M0<==>Gfpt2_O7,Rbpj_M0,Gfpt2_O7
Rbpj_M0<==>Ddx5_T4,Rbpj_M0,Ddx5_T4
Rbpj_M1<==>Rplp0_M3,Rbpj_M1,Rplp0_M3
Rbpj_M1<==>Rab8b_T3,Rbpj_M1,Rab8b_T3
Rbpj_M1<==>Rpl19_M1,Rbpj_M1,Rpl19_M1
Rbpj_M1<==>Cd83_M1,Rbpj_M1,Cd83_M1
Rbpj_M1<==>Ly6e_B3,Rbpj_M1,Ly6e_B3
Rbpj_M1<==>Psmb1_M1,Rbpj_M1,Psmb1_M1
Rbpj_M1<==>Rps2_M1,Rbpj_M1,Rps2_M1
Rbpj_M1<==>mt-Nd3_M3,Rbpj_M1,mt-Nd3_M3
Rbpj_M3<==>Actb_M3,Rbpj_M3,Actb_M3
Rbpj_M3<==>Tgfbi_M0,Rbpj_M3,Tgfbi_M0
Rbpj_M3<==>Calm2_B3,Rbpj_M3,Calm2_B3
Rbpj_T4<==>Pomp_B4,Rbpj_T4,Pomp_B4
Rbpj_T4<==>Isy1_T4,Rbpj_T4,Isy1_T4
Rbpj_T4<==>Ubfd1_M4,Rbpj_T4,Ubfd1_M4
Rbpj_T4<==>Hmgb2_T4,Rbpj_T4,Hmgb2_T4
Rbpj_T4<==>Rab8b_M5,Rbpj_T4,Rab8b_M5
Rbpj_T4<==>Cstb_M3,Rbpj_T4,Cstb_M3
Rbpj_T4<==>Hnrnpab_B5,Rbpj_T4,Hnrnpab_B5
Rbpj_T4<==>Cltc_M1,Rbpj_T4,Cltc_M1
Rbpj_T4<==>BC005537_M3,Rbpj_T4,BC005537_M3
Rbpj_T4<==>Serpinb9_M3,Rbpj_T4,Serpinb9_M3
Rbpj_T4<==>Rpl37_T1,Rbpj_T4,Rpl37_T1
Rbpj_T4<==>Ywhaz_B3,Rbpj_T4,Ywhaz_B3
Rbpj_T4<==>Ly6e_M0,Rbpj_T4,Ly6e_M0
Rbpj_T4<==>Entpd1_M1,Rbpj_T4,Entpd1_M1
Rbpj_T4<==>Atp5md_T1,Rbpj_T4,Atp5md_T1
Rbpj_T4<==>Ndufa1_T4,Rbpj_T4,Ndufa1_T4
Rbpj_T4<==>Morf4l2_M5,Rbpj_T4,Morf4l2_M5
Arap2_B5<==>Ighd_B6_0,Arap2_B5,Ighd_B6_0
Arap2_B5<==>AW112010_T3,Arap2_B5,AW112010_T3
Arap2_M3<==>Trac_T2,Arap2_M3,Trac_T2
Arap2_M3<==>Unc93b1_M3,Arap2_M3,Unc93b1_M3
Arap2_M5<==>Ubl5_M0,Arap2_M5,Ubl5_M0
Arap2_M5<==>Hif1a_T4,Arap2_M5,Hif1a_T4
Arap2_M5<==>Cox6c_T4,Arap2_M5,Cox6c_T4
Arap2_M5<==>H2-D1_B2,Arap2_M5,H2-D1_B2
Arap2_M5<==>Tomm6_M0,Arap2_M5,Tomm6_M0
Arap2_T0<==>Gimap3_T3,Arap2_T0,Gimap3_T3
Arap2_T0<==>Psma1_T5,Arap2_T0,Psma1_T5
Arap2_T0<==>Atp5l_T0,Arap2_T0,Atp5l_T0
Arap2_T0<==>Smim3_M4,Arap2_T0,Smim3_M4
Arap2_T0<==>Cd274_M2,Arap2_T0,Cd274_M2
Arap2_T3<==>Ube2b_T2,Arap2_T3,Ube2b_T2
Arap2_T3<==>Eif1_T7,Arap2_T3,Eif1_T7
Arap2_T3<==>Ighg1_B2,Arap2_T3,Ighg1_B2
Arap2_T3<==>Vasn_O7,Arap2_T3,Vasn_O7
Arap2_T3<==>Crem_B1,Arap2_T3,Crem_B1
Arap2_T3<==>Kif5b_M1,Arap2_T3,Kif5b_M1
Arap2_T5<==>Lat_T4,Arap2_T5,Lat_T4
Arap2_T5<==>Gna13_T5,Arap2_T5,Gna13_T5
Arap2_T5<==>Hsp90ab1_M3,Arap2_T5,Hsp90ab1_M3
Rpl9_B1<==>Rack1_B1,Rpl9_B1,Rack1_B1
Rpl9_B1<==>Spop_M4,Rpl9_B1,Spop_M4
Rpl9_M3<==>Cox6a1_M3,Rpl9_M3,Cox6a1_M3
Rpl9_M3<==>Atp5j2_M0,Rpl9_M3,Atp5j2_M0
Rpl9_M3<==>Foxp1_B2,Rpl9_M3,Foxp1_B2
Rpl9_M3<==>Rps9_M3,Rpl9_M3,Rps9_M3
Rpl9_M3<==>Rps19_M3,Rpl9_M3,Rps19_M3
Rpl9_M3<==>Rps16_M3,Rpl9_M3,Rps16_M3
Rpl9_M3<==>Rps16_T3,Rpl9_M3,Rps16_T3
Rpl9_M3<==>Rps3_M3,Rpl9_M3,Rps3_M3
Rpl9_M3<==>Eif3f_M3,Rpl9_M3,Eif3f_M3
Rpl9_M3<==>Rpsa_M5,Rpl9_M3,Rpsa_M5
Rpl9_M3<==>Rps27a_M3,Rpl9_M3,Rps27a_M3
Rpl9_M3<==>Arhgdia_M0,Rpl9_M3,Arhgdia_M0
Rpl9_M3<==>Psma3_M4,Rpl9_M3,Psma3_M4
Rpl9_M3<==>Rps24_M3,Rpl9_M3,Rps24_M3
Rpl9_M3<==>Rps10_M3,Rpl9_M3,Rps10_M3
Rpl9_M3<==>Rps14_M3,Rpl9_M3,Rps14_M3
Rpl9_M3<==>Rpl17_M3,Rpl9_M3,Rpl17_M3
Rpl9_M3<==>Rpl17_T3,Rpl9_M3,Rpl17_T3
Rpl9_M4<==>Rps16_M4,Rpl9_M4,Rps16_M4
Rpl9_M4<==>Rps11_M4,Rpl9_M4,Rps11_M4
Rpl9_M4<==>Rps13_M4,Rpl9_M4,Rps13_M4
Rpl9_M4<==>Rpl18a_M4,Rpl9_M4,Rpl18a_M4
Rpl9_M4<==>Rpl13_M4,Rpl9_M4,Rpl13_M4
Rpl9_M4<==>Mrpl52_M0,Rpl9_M4,Mrpl52_M0
Rpl9_M4<==>Rpl30_M4,Rpl9_M4,Rpl30_M4
Rpl9_M4<==>Rps18_M4,Rpl9_M4,Rps18_M4
Rpl9_M4<==>Zfp36l2_O10,Rpl9_M4,Zfp36l2_O10
Rpl9_M4<==>Rps14_M4,Rpl9_M4,Rps14_M4
Rpl9_M4<==>Rpl17_M4,Rpl9_M4,Rpl17_M4
Rpl9_T2<==>Rpl5_B1,Rpl9_T2,Rpl5_B1
Rpl9_T2<==>Rpsa_T2,Rpl9_T2,Rpsa_T2
Rpl9_T2<==>Actr2_M3,Rpl9_T2,Actr2_M3
Rpl9_T2<==>Ddx5_M3,Rpl9_T2,Ddx5_M3
Rpl9_T2<==>Crip1_M0,Rpl9_T2,Crip1_M0
Rpl9_T2<==>Col14a1_O7,Rpl9_T2,Col14a1_O7
Rpl9_T2<==>Rps14_T2,Rpl9_T2,Rps14_T2
Rpl9_T4<==>Rpl5_T5,Rpl9_T4,Rpl5_T5
Rpl9_T4<==>Igkv9-124_B4,Rpl9_T4,Igkv9-124_B4
Rpl9_T4<==>Rpl4_T5,Rpl9_T4,Rpl4_T5
Rpl9_T4<==>Rpsa_B1,Rpl9_T4,Rpsa_B1
Rpl9_T4<==>Rack1_M4,Rpl9_T4,Rack1_M4
Rpl9_T4<==>Hsp90aa1_B5,Rpl9_T4,Hsp90aa1_B5
Rpl9_T4<==>Rpl15_T4,Rpl9_T4,Rpl15_T4
Rpl9_T4<==>Tpt1_T1,Rpl9_T4,Tpt1_T1
Rpl9_T4<==>Rps2_T4,Rpl9_T4,Rps2_T4
Rpl9_T4<==>Rpl10a_T4,Rpl9_T4,Rpl10a_T4
Rpl9_T4<==>Rpl10_T4,Rpl9_T4,Rpl10_T4
Rpl9_T4<==>Rpl10_T5,Rpl9_T4,Rpl10_T5
Rpl9_T5<==>Rpl28_B1,Rpl9_T5,Rpl28_B1
Rpl9_T5<==>Rpl18_T5,Rpl9_T5,Rpl18_T5
Rpl9_T5<==>Rps3_T5,Rpl9_T5,Rps3_T5
Rpl9_T5<==>Rpl4_T5,Rpl9_T5,Rpl4_T5
Rpl9_T5<==>Rpsa_B1,Rpl9_T5,Rpsa_B1
Rpl9_T5<==>Uqcr11_M0,Rpl9_T5,Uqcr11_M0
Rpl9_T5<==>Eef2_T5,Rpl9_T5,Eef2_T5
Rpl9_T5<==>Sec61g_T4,Rpl9_T5,Sec61g_T4
Rpl9_T5<==>Rps27a_T5,Rpl9_T5,Rps27a_T5
Rpl9_T5<==>Rack1_B1,Rpl9_T5,Rack1_B1
Rpl9_T5<==>Pdia6_O7,Rpl9_T5,Pdia6_O7
Rpl9_T5<==>Ighv1-78_B3,Rpl9_T5,Ighv1-78_B3
Rpl9_T5<==>Rpl15_T5,Rpl9_T5,Rpl15_T5
Rpl9_T5<==>Chchd1_M4,Rpl9_T5,Chchd1_M4
Rpl9_T5<==>Selenop_M0,Rpl9_T5,Selenop_M0
Rpl9_T5<==>Rpl10a_T5,Rpl9_T5,Rpl10a_T5
Rpl9_T5<==>Rpl17_B1,Rpl9_T5,Rpl17_B1
Rpl9_T5<==>Rpl10_T5,Rpl9_T5,Rpl10_T5
Rpl9_T5<==>Rps4x_B1,Rpl9_T5,Rps4x_B1
Rpl9_T6_2<==>Itk_T1,Rpl9_T6_2,Itk_T1
Ugdh_O7<==>Atp5j2_T4,Ugdh_O7,Atp5j2_T4
Ugdh_O7<==>Rab7_M0,Ugdh_O7,Rab7_M0
Ugdh_O7<==>Eif4g2_O7,Ugdh_O7,Eif4g2_O7
Ugdh_O7<==>Ndufa13_T4,Ugdh_O7,Ndufa13_T4
Ugdh_O7<==>Uqcr11_M0,Ugdh_O7,Uqcr11_M0
Ugdh_O7<==>Gfpt2_O7,Ugdh_O7,Gfpt2_O7
Ugdh_O7<==>Serpinf1_O7,Ugdh_O7,Serpinf1_O7
Ugdh_O7<==>Odc1_B1,Ugdh_O7,Odc1_B1
Ugdh_O7<==>Uqcrb_B1,Ugdh_O7,Uqcrb_B1
Ugdh_O7<==>Igfbp6_O7,Ugdh_O7,Igfbp6_O7
Ugdh_O7<==>Vasn_O7,Ugdh_O7,Vasn_O7
Ugdh_O7<==>Pi16_O7,Ugdh_O7,Pi16_O7
Ugdh_O7<==>H2-D1_B5,Ugdh_O7,H2-D1_B5
Smim14_B4<==>Srgn_B5,Smim14_B4,Srgn_B5
Rhoh_B2<==>Igkc_B7,Rhoh_B2,Igkc_B7
Rhoh_B2<==>Foxp1_B2,Rhoh_B2,Foxp1_B2
Rhoh_B2<==>Gns_M3,Rhoh_B2,Gns_M3
Rhoh_B2<==>Tapbp_M3,Rhoh_B2,Tapbp_M3
Rhoh_B4<==>Rpsa_T5,Rhoh_B4,Rpsa_T5
Rhoh_B4<==>Rps26_B1,Rhoh_B4,Rps26_B1
Rhoh_B4<==>Ighg2c_B4,Rhoh_B4,Ighg2c_B4
Txk_T3<==>Ran_M1,Txk_T3,Ran_M1
Txk_T3<==>Cd3g_M5,Txk_T3,Cd3g_M5
Txk_T6<==>Igkv5-43_B3,Txk_T6,Igkv5-43_B3
Txk_T6<==>Cd3g_B6_0,Txk_T6,Cd3g_B6_0
Txk_T6<==>Gm42418_B6_0,Txk_T6,Gm42418_B6_0
Txk_T6<==>Gm42418_T2,Txk_T6,Gm42418_T2
Txk_T6<==>Gm42418_T3,Txk_T6,Gm42418_T3
Txk_T6<==>Gm42418_T4,Txk_T6,Gm42418_T4
Txk_T6<==>Nars_B3,Txk_T6,Nars_B3
Txk_T6<==>P2ry10_T5,Txk_T6,P2ry10_T5
Kit_M3<==>Ighg2c_B5,Kit_M3,Ighg2c_B5
Kit_M3<==>Srsf3_M4,Kit_M3,Srsf3_M4
Kit_M3<==>Rps4x_T1,Kit_M3,Rps4x_T1
Kit_M3<==>mt-Co3_B1,Kit_M3,mt-Co3_B1
Kit_T7<==>Btla_M4,Kit_T7,Btla_M4
Kdr_O10<==>Uba52_M1,Kdr_O10,Uba52_M1
Srp72_B3<==>Cox6c_T3,Srp72_B3,Cox6c_T3
Srp72_B3<==>Ms4a4c_M0,Srp72_B3,Ms4a4c_M0
Srp72_B3<==>Xist_B5,Srp72_B3,Xist_B5
Hopx_T0<==>Igkv3-1_B7,Hopx_T0,Igkv3-1_B7
Hopx_T0<==>Akap13_B1,Hopx_T0,Akap13_B1
Hopx_T0<==>Atp5l_T0,Hopx_T0,Atp5l_T0
Hopx_T0<==>Grn_M5,Hopx_T0,Grn_M5
Hopx_T0<==>Lgmn_M3,Hopx_T0,Lgmn_M3
Hopx_T0<==>Psma2_T3,Hopx_T0,Psma2_T3
Hopx_T0<==>Il7r_M5,Hopx_T0,Il7r_M5
Hopx_T0<==>Psmb8_T0,Hopx_T0,Psmb8_T0
Igfbp7_O7<==>Tmem176b_O7,Igfbp7_O7,Tmem176b_O7
Igfbp7_O7<==>Zfp36l2_T5,Igfbp7_O7,Zfp36l2_T5
Ythdc1_B4<==>Iglv3_B7,Ythdc1_B4,Iglv3_B7
Ythdc1_M1<==>Chchd10_B4,Ythdc1_M1,Chchd10_B4
Ythdc1_T2<==>Serbp1_M3,Ythdc1_T2,Serbp1_M3
Ythdc1_T2<==>Iglc2_B0,Ythdc1_T2,Iglc2_B0
Jchain_B3<==>Rplp1_T5,Jchain_B3,Rplp1_T5
Jchain_B3<==>Ighv1-74_B3,Jchain_B3,Ighv1-74_B3
Jchain_B3<==>Rbx1_M0,Jchain_B3,Rbx1_M0
Jchain_B3<==>Ndufb8_M0,Jchain_B3,Ndufb8_M0
Jchain_B4<==>Bhlhe40_T3,Jchain_B4,Bhlhe40_T3
Jchain_B4<==>Zfp36_M1,Jchain_B4,Zfp36_M1
Jchain_B4<==>Atp5mpl_M3,Jchain_B4,Atp5mpl_M3
Jchain_B4<==>Atp5mpl_T4,Jchain_B4,Atp5mpl_T4
Jchain_B4<==>Ighv8-11_B3,Jchain_B4,Ighv8-11_B3
Jchain_B4<==>Rpl36_B1,Jchain_B4,Rpl36_B1
Jchain_B4<==>Ighv1-25_B3,Jchain_B4,Ighv1-25_B3
Jchain_M3<==>Akap13_M3,Jchain_M3,Akap13_M3
Jchain_M3<==>Metap2_T5,Jchain_M3,Metap2_T5
Jchain_M3<==>Ifi27l2a_T2,Jchain_M3,Ifi27l2a_T2
Jchain_M3<==>Poldip3_M3,Jchain_M3,Poldip3_M3
Jchain_M3<==>Rps28_T1,Jchain_M3,Rps28_T1
Jchain_M3<==>Rpl39_B1,Jchain_M3,Rpl39_B1
Jchain_M3<==>mt-Nd3_T3,Jchain_M3,mt-Nd3_T3
Jchain_M3<==>mt-Nd4_T2,Jchain_M3,mt-Nd4_T2
Jchain_M3<==>Ighv1-83_B3,Jchain_M3,Ighv1-83_B3
Naaa_M4<==>Eif4g2_M3,Naaa_M4,Eif4g2_M3
Naaa_M4<==>Pfn1_T1,Naaa_M4,Pfn1_T1
Sdad1_M4<==>mt-Co2_T4,Sdad1_M4,mt-Co2_T4
Cxcl9_M0<==>Pttg1_T5,Cxcl9_M0,Pttg1_T5
Cnot6l_M5<==>Foxp1_T6,Cnot6l_M5,Foxp1_T6
Cnot6l_M5<==>Eif1_T7,Cnot6l_M5,Eif1_T7
Cnot6l_M5<==>Gdi2_M3,Cnot6l_M5,Gdi2_M3
Cnot6l_M5<==>Stk24_T4,Cnot6l_M5,Stk24_T4
Cnot6l_M5<==>Csnk1a1_M3,Cnot6l_M5,Csnk1a1_M3
Antxr2_M1<==>Ddx21_M3,Antxr2_M1,Ddx21_M3
Antxr2_M1<==>Calm1_T3,Antxr2_M1,Calm1_T3
Antxr2_M4<==>Mat2a_B5,Antxr2_M4,Mat2a_B5
Antxr2_M4<==>Ctsc_M4,Antxr2_M4,Ctsc_M4
Antxr2_M4<==>Itgb1_M0,Antxr2_M4,Itgb1_M0
Antxr2_M4<==>Cdv3_M4,Antxr2_M4,Cdv3_M4
Antxr2_M4<==>Srgn_T4,Antxr2_M4,Srgn_T4
Antxr2_M4<==>Ddx21_B5,Antxr2_M4,Ddx21_B5
Antxr2_M4<==>Cstb_M3,Antxr2_M4,Cstb_M3
Antxr2_M4<==>Slc25a3_B1,Antxr2_M4,Slc25a3_B1
Antxr2_M4<==>Rab1a_M3,Antxr2_M4,Rab1a_M3
Antxr2_M4<==>Ywhae_B1,Antxr2_M4,Ywhae_B1
Antxr2_M4<==>Sumo2_M4,Antxr2_M4,Sumo2_M4
Antxr2_M4<==>H3f3b_M0,Antxr2_M4,H3f3b_M0
Antxr2_M4<==>Syngr2_M3,Antxr2_M4,Syngr2_M3
Antxr2_M4<==>Gcnt2_M7,Antxr2_M4,Gcnt2_M7
Antxr2_M4<==>Ninj1_M3,Antxr2_M4,Ninj1_M3
Antxr2_M4<==>Eef1d_M1,Antxr2_M4,Eef1d_M1
Antxr2_M4<==>Myl12a_M0,Antxr2_M4,Myl12a_M0
Rasgef1b_B5<==>Luc7l2_T6,Rasgef1b_B5,Luc7l2_T6
Rasgef1b_B5<==>Rplp1_T1,Rasgef1b_B5,Rplp1_T1
Rasgef1b_B5<==>Grn_M4,Rasgef1b_B5,Grn_M4
Rasgef1b_B5<==>Hif1a_M4,Rasgef1b_B5,Hif1a_M4
Rasgef1b_B5<==>Ddx24_T1,Rasgef1b_B5,Ddx24_T1
Hnrnpd_M3<==>Pfdn5_B1,Hnrnpd_M3,Pfdn5_B1
Hnrnpd_T5<==>Tmem123_M0,Hnrnpd_T5,Tmem123_M0
Hnrnpdl_B1<==>Tax1bp1_B5,Hnrnpdl_B1,Tax1bp1_B5
Hnrnpdl_B1<==>Lat_T4,Hnrnpdl_B1,Lat_T4
Hnrnpdl_B1<==>Rpl24_T7,Hnrnpdl_B1,Rpl24_T7
Hnrnpdl_B1<==>Ehd1_M1,Hnrnpdl_B1,Ehd1_M1
Hnrnpdl_M3<==>Taf1d_M4,Hnrnpdl_M3,Taf1d_M4
Hnrnpdl_M3<==>Rps4x_T6_2,Hnrnpdl_M3,Rps4x_T6_2
Hnrnpdl_T5<==>N4bp2l2_B5,Hnrnpdl_T5,N4bp2l2_B5
Hnrnpdl_T5<==>Gmfg_M0,Hnrnpdl_T5,Gmfg_M0
Hnrnpdl_T5<==>Junb_B1,Hnrnpdl_T5,Junb_B1
Plac8_B5<==>Rps15a_M3,Plac8_B5,Rps15a_M3
Plac8_B5<==>Eif3e_B2,Plac8_B5,Eif3e_B2
Plac8_B5<==>Cd14_M2,Plac8_B5,Cd14_M2
Plac8_B5<==>Plaat3_M5,Plac8_B5,Plaat3_M5
Plac8_B5<==>Pgk1_M5,Plac8_B5,Pgk1_M5
Sparcl1_O7<==>Prss23_O7,Sparcl1_O7,Prss23_O7
Sparcl1_O7<==>Mt1_M0,Sparcl1_O7,Mt1_M0
Sparcl1_O7<==>Aprt_M1,Sparcl1_O7,Aprt_M1
Sparcl1_O7<==>Ppia_B3,Sparcl1_O7,Ppia_B3
Sparcl1_O7<==>Gfpt2_O7,Sparcl1_O7,Gfpt2_O7
Sparcl1_O7<==>Ddx5_T4,Sparcl1_O7,Ddx5_T4
Sparcl1_O7<==>Atp5mpl_M4,Sparcl1_O7,Atp5mpl_M4
Sparcl1_O7<==>Crip1_M0,Sparcl1_O7,Crip1_M0
Sparcl1_O7<==>Zfand5_M0,Sparcl1_O7,Zfand5_M0
Lrrc8d_M3<==>Hilpda_M1,Lrrc8d_M3,Hilpda_M1
Lrrc8d_M3<==>Fosb_B3,Lrrc8d_M3,Fosb_B3
Lrrc8d_M3<==>Tpm4_T3,Lrrc8d_M3,Tpm4_T3
Lrrc8d_M3<==>Rab8b_T2,Lrrc8d_M3,Rab8b_T2
Lrrc8d_M3<==>Rps27l_M4,Lrrc8d_M3,Rps27l_M4
Lrrc8d_M3<==>Irf1_M4,Lrrc8d_M3,Irf1_M4
Lrrc8d_M3<==>Smc6_M7,Lrrc8d_M3,Smc6_M7
Lrrc8d_M3<==>Calm1_B2,Lrrc8d_M3,Calm1_B2
Lrrc8d_M3<==>Appl1_M3,Lrrc8d_M3,Appl1_M3
Lrrc8d_M3<==>Cebpz_B1,Lrrc8d_M3,Cebpz_B1
Lrrc8d_M3<==>Calm2_T1,Lrrc8d_M3,Calm2_T1
Lrrc8d_M3<==>Crem_M3,Lrrc8d_M3,Crem_M3
Lrrc8d_M3<==>Eif1a_M3,Lrrc8d_M3,Eif1a_M3
Lrrc8d_M3<==>Ehd1_M3,Lrrc8d_M3,Ehd1_M3
Lrrc8d_M3<==>Atp5md_B2,Lrrc8d_M3,Atp5md_B2
Lrrc8d_M3<==>Sat1_B1,Lrrc8d_M3,Sat1_B1
Rpl5_B1<==>Rpl28_B1,Rpl5_B1,Rpl28_B1
Rpl5_B1<==>Rpl13a_B1,Rpl5_B1,Rpl13a_B1
Rpl5_B1<==>Rpl4_B1,Rpl5_B1,Rpl4_B1
Rpl5_B1<==>Eef1a1_B1,Rpl5_B1,Eef1a1_B1
Rpl5_B1<==>Rack1_B1,Rpl5_B1,Rack1_B1
Rpl5_B1<==>Hist1h1b_T5,Rpl5_B1,Hist1h1b_T5
Rpl5_B1<==>H2-Ab1_B1,Rpl5_B1,H2-Ab1_B1
Rpl5_B1<==>Rps4x_B1,Rpl5_B1,Rps4x_B1
Rpl5_B1<==>mt-Nd4l_B1,Rpl5_B1,mt-Nd4l_B1
Rpl5_B2<==>Rpl28_B2,Rpl5_B2,Rpl28_B2
Rpl5_B2<==>Rpl4_B2,Rpl5_B2,Rpl4_B2
Rpl5_B2<==>Eef1a1_B2,Rpl5_B2,Eef1a1_B2
Rpl5_B2<==>Eef2_B1,Rpl5_B2,Eef2_B1
Rpl5_B2<==>Supt4a_B1,Rpl5_B2,Supt4a_B1
Rpl5_B2<==>Rps23_B2,Rpl5_B2,Rps23_B2
Rpl5_B2<==>Elf1_B1,Rpl5_B2,Elf1_B1
Rpl5_B2<==>Fth1_M0,Rpl5_B2,Fth1_M0
Rpl5_B3<==>Rpl32_B3,Rpl5_B3,Rpl32_B3
Rpl5_B3<==>Rps13_B3,Rpl5_B3,Rps13_B3
Rpl5_B3<==>Rps15_B3,Rpl5_B3,Rps15_B3
Rpl5_B3<==>Tpt1_B3,Rpl5_B3,Tpt1_B3
Rpl5_B3<==>Malat1_B1,Rpl5_B3,Malat1_B1
Rpl5_B4<==>Hexb_M1,Rpl5_B4,Hexb_M1
Rpl5_B5<==>Rpl28_B1,Rpl5_B5,Rpl28_B1
Rpl5_B5<==>Rpl13a_M3,Rpl5_B5,Rpl13a_M3
Rpl5_B5<==>Nlrp3_M5,Rpl5_B5,Nlrp3_M5
Rpl5_B5<==>Sub1_B5,Rpl5_B5,Sub1_B5
Rpl5_B5<==>Mpc1_M3,Rpl5_B5,Mpc1_M3
Rpl5_B5<==>H2-Q7_T1,Rpl5_B5,H2-Q7_T1
Rpl5_B5<==>Crem_M5,Rpl5_B5,Crem_M5
Rpl5_B5<==>Dusp5_M5,Rpl5_B5,Dusp5_M5
Rpl5_B5<==>mt-Nd2_B4,Rpl5_B5,mt-Nd2_B4
Rpl5_M3<==>Cox6b1_T4,Rpl5_M3,Cox6b1_T4
Rpl5_M3<==>Rpl18_M3,Rpl5_M3,Rpl18_M3
Rpl5_M3<==>Jund_B5,Rpl5_M3,Jund_B5
Rpl5_M3<==>Fnip1_M3,Rpl5_M3,Fnip1_M3
Rpl5_M3<==>Rps23_M3,Rpl5_M3,Rps23_M3
Rpl5_M3<==>Selenok_M2,Rpl5_M3,Selenok_M2
Rpl5_M3<==>H2-Aa_M3,Rpl5_M3,H2-Aa_M3
Rpl5_M3<==>H2-Q7_B1,Rpl5_M3,H2-Q7_B1
Rpl5_M3<==>Rps14_M3,Rpl5_M3,Rps14_M3
Rpl5_M3<==>mt-Nd5_B2,Rpl5_M3,mt-Nd5_B2
Rpl5_T1<==>Eef1a1_T2,Rpl5_T1,Eef1a1_T2
Rpl5_T1<==>Ighv1-66_B2,Rpl5_T1,Ighv1-66_B2
Rpl5_T1<==>Rpl24_T2,Rpl5_T1,Rpl24_T2
Rpl5_T1<==>Cox7a2l_T1,Rpl5_T1,Cox7a2l_T1
Rpl5_T1<==>mt-Nd2_B4,Rpl5_T1,mt-Nd2_B4
Rpl5_T2<==>Map1lc3b_M0,Rpl5_T2,Map1lc3b_M0
Rpl5_T2<==>Vmp1_B3,Rpl5_T2,Vmp1_B3
Rpl5_T2<==>Igha_B1,Rpl5_T2,Igha_B1
Rpl5_T2<==>Tpt1_T1,Rpl5_T2,Tpt1_T1
Rpl5_T2<==>Eif3h_T4,Rpl5_T2,Eif3h_T4
Rpl5_T2<==>Rpl10a_T4,Rpl5_T2,Rpl10a_T4
Rpl5_T3<==>Foxp1_M4,Rpl5_T3,Foxp1_M4
Rpl5_T3<==>Cnpy2_B3,Rpl5_T3,Cnpy2_B3
Rpl5_T3<==>Nedd8_B3,Rpl5_T3,Nedd8_B3
Rpl5_T3<==>Zfp36l2_B3,Rpl5_T3,Zfp36l2_B3
Rpl5_T3<==>Jak2_T2,Rpl5_T3,Jak2_T2
Rpl5_T5<==>Rpl32_T4,Rpl5_T5,Rpl32_T4
Rpl5_T5<==>Rpl28_B1,Rpl5_T5,Rpl28_B1
Rpl5_T5<==>Rpl18_T5,Rpl5_T5,Rpl18_T5
Rpl5_T5<==>Cyba_M0,Rpl5_T5,Cyba_M0
Rpl5_T5<==>Itgb1_M5,Rpl5_T5,Itgb1_M5
Rpl5_T5<==>Rpl4_T5,Rpl5_T5,Rpl4_T5
Rpl5_T5<==>Eef2_B1,Rpl5_T5,Eef2_B1
Rpl5_T5<==>Rps27a_T5,Rpl5_T5,Rps27a_T5
Rpl5_T5<==>Rpl23a_B1,Rpl5_T5,Rpl23a_B1
Rpl5_T5<==>Rpl23a_T4,Rpl5_T5,Rpl23a_T4
Rpl5_T5<==>Pdia6_O7,Rpl5_T5,Pdia6_O7
Rpl5_T5<==>Cox7a2l_M0,Rpl5_T5,Cox7a2l_M0
Rpl5_T5<==>Rpl17_B1,Rpl5_T5,Rpl17_B1
Rpl5_T5<==>Rpl17_T5,Rpl5_T5,Rpl17_T5
Rpl5_T5<==>Rpl10_T5,Rpl5_T5,Rpl10_T5
Rpl5_T5<==>Rps4x_B1,Rpl5_T5,Rps4x_B1
Rpl5_T5<==>mt-Nd4l_T4,Rpl5_T5,mt-Nd4l_T4
Mtf2_B4<==>Hmces_B4,Mtf2_B4,Hmces_B4
Tmed5_M0<==>Arpc1b_B2,Tmed5_M0,Arpc1b_B2
Tmed5_M0<==>Atp5j2_M0,Tmed5_M0,Atp5j2_M0
Tmed5_M0<==>M6pr_M0,Tmed5_M0,M6pr_M0
Tmed5_M0<==>Fxyd5_M5,Tmed5_M0,Fxyd5_M5
Tmed5_M0<==>Rpl27a_M3,Tmed5_M0,Rpl27a_M3
Tmed5_M0<==>Gpx1_M0,Tmed5_M0,Gpx1_M0
Tmed5_M0<==>Atp5d_B1,Tmed5_M0,Atp5d_B1
Tmed5_M0<==>Nlrp3_M5,Tmed5_M0,Nlrp3_M5
Tmed5_M0<==>Rpl23_M3,Tmed5_M0,Rpl23_M3
Tmed5_M0<==>Crip1_T5,Tmed5_M0,Crip1_T5
Tmed5_M0<==>Rps23_M3,Tmed5_M0,Rps23_M3
Tmed5_M0<==>Fyb_M5,Tmed5_M0,Fyb_M5
Tmed5_M0<==>Ets2_M5,Tmed5_M0,Ets2_M5
Tmed5_M0<==>Rps18_M3,Tmed5_M0,Rps18_M3
Tmed5_M1<==>Coro1a_B1,Tmed5_M1,Coro1a_B1
Tmed5_M1<==>Anp32a_T4,Tmed5_M1,Anp32a_T4
Tmed5_M1<==>Cox7a2_M5,Tmed5_M1,Cox7a2_M5
Tmed5_M1<==>Rps15_T3,Tmed5_M1,Rps15_T3
Tmed5_M1<==>Syngr2_M3,Tmed5_M1,Syngr2_M3
Tmed5_M1<==>Igha_B1,Tmed5_M1,Igha_B1
Tmed5_M1<==>Igha_T1,Tmed5_M1,Igha_T1
Tmed5_M1<==>H2afy_B4,Tmed5_M1,H2afy_B4
Tmed5_M1<==>Rps2_T2,Tmed5_M1,Rps2_T2
Tmed5_M1<==>Rps2_T3,Tmed5_M1,Rps2_T3
Tmed5_M1<==>Rps2_T5,Tmed5_M1,Rps2_T5
Tmed5_M1<==>H2-K1_B2,Tmed5_M1,H2-K1_B2
Tmed5_M1<==>Ostf1_B1,Tmed5_M1,Ostf1_B1
Tmed5_M1<==>Tmsb4x_T6,Tmed5_M1,Tmsb4x_T6
Tmed5_M4<==>Trf_B3,Tmed5_M4,Trf_B3
Tmed5_M5<==>Rps16_M3,Tmed5_M5,Rps16_M3
Tmed5_M5<==>Rpl27a_M3,Tmed5_M5,Rpl27a_M3
Tmed5_M5<==>App_M5,Tmed5_M5,App_M5
Tmed5_T5<==>Tpst2_B3,Tmed5_T5,Tpst2_B3
Atp5k_M0<==>Igkv10-94_B3,Atp5k_M0,Igkv10-94_B3
Atp5k_M0<==>Zfp36_M1,Atp5k_M0,Zfp36_M1
Atp5k_M0<==>Calr_M0,Atp5k_M0,Calr_M0
Atp5k_M0<==>Tma7_T4,Atp5k_M0,Tma7_T4
Atp5k_M0<==>Rpl41_M0,Atp5k_M0,Rpl41_M0
Atp5k_M0<==>H2-T23_M0,Atp5k_M0,H2-T23_M0
Atp5k_M0<==>Hsp90ab1_T5,Atp5k_M0,Hsp90ab1_T5
Atp5k_M0<==>Atp5md_B1,Atp5k_M0,Atp5md_B1
Atp5k_M0<==>Ighv1-25_B3,Atp5k_M0,Ighv1-25_B3
Atp5k_M3<==>Rplp0_M3,Atp5k_M3,Rplp0_M3
Atp5k_M3<==>Creb5_M3,Atp5k_M3,Creb5_M3
Atp5k_M3<==>Tpm4_T1,Atp5k_M3,Tpm4_T1
Atp5k_M3<==>Snrpf_M3,Atp5k_M3,Snrpf_M3
Atp5k_M3<==>Rpl19_M3,Atp5k_M3,Rpl19_M3
Atp5k_M3<==>Ighj4_B3,Atp5k_M3,Ighj4_B3
Atp5k_M3<==>Cox7c_M3,Atp5k_M3,Cox7c_M3
Atp5k_M3<==>Tbca_M0,Atp5k_M3,Tbca_M0
Atp5k_M3<==>Rac2_T7,Atp5k_M3,Rac2_T7
Atp5k_M3<==>Rpl17_T2,Atp5k_M3,Rpl17_T2
Atp5k_M3<==>mt-Nd3_B1,Atp5k_M3,mt-Nd3_B1
Atp5k_M3<==>mt-Nd3_M3,Atp5k_M3,mt-Nd3_M3
Atp5k_M4<==>Rpl13_T5,Atp5k_M4,Rpl13_T5
Atp5k_M4<==>Rab8b_T3,Atp5k_M4,Rab8b_T3
Atp5k_M4<==>Rps29_T6_2,Atp5k_M4,Rps29_T6_2
Atp5k_M4<==>Rpl37_T2,Atp5k_M4,Rpl37_T2
Atp5k_M4<==>Rps28_M3,Atp5k_M4,Rps28_M3
Atp5k_M4<==>Ndufa2_T3,Atp5k_M4,Ndufa2_T3
Atp5k_M4<==>Nars_M4,Atp5k_M4,Nars_M4
Atp5k_M4<==>Atp5md_B5,Atp5k_M4,Atp5md_B5
Atp5k_M4<==>mt-Atp6_T5,Atp5k_M4,mt-Atp6_T5
Tpst2_M3<==>Atp5l_O10,Tpst2_M3,Atp5l_O10
Tpst2_M3<==>Cyfip2_M4,Tpst2_M3,Cyfip2_M4
Tpst2_M3<==>Snf8_M4,Tpst2_M3,Snf8_M4
Tpst2_M3<==>Ighv9-3_B2,Tpst2_M3,Ighv9-3_B2
Tpst2_M3<==>Sub1_T5,Tpst2_M3,Sub1_T5
Tpst2_M3<==>Ndufa1_T4,Tpst2_M3,Ndufa1_T4
Iscu_M4<==>H2afj_T2,Iscu_M4,H2afj_T2
Selplg_M4<==>Actb_M3,Selplg_M4,Actb_M3
Selplg_M4<==>Mxd1_M1,Selplg_M4,Mxd1_M1
Selplg_M4<==>Clec2d_M3,Selplg_M4,Clec2d_M3
Selplg_M4<==>Akap13_T3,Selplg_M4,Akap13_T3
Selplg_M4<==>Atp6v0d1_M3,Selplg_M4,Atp6v0d1_M3
Selplg_M4<==>Rab8b_M1,Selplg_M4,Rab8b_M1
Selplg_M4<==>Rel_M1,Selplg_M4,Rel_M1
Selplg_M4<==>Rps29_T2,Selplg_M4,Rps29_T2
Selplg_M4<==>Rpl37_T2,Selplg_M4,Rpl37_T2
Selplg_M4<==>Rps28_T1,Selplg_M4,Rps28_T1
Selplg_M4<==>Calm2_T2,Selplg_M4,Calm2_T2
Selplg_M4<==>Fau_T2,Selplg_M4,Fau_T2
Selplg_M4<==>Fth1_B1,Selplg_M4,Fth1_B1
Selplg_M4<==>Rpl39_T2,Selplg_M4,Rpl39_T2
Selplg_T3<==>Capza2_T4,Selplg_T3,Capza2_T4
Selplg_T3<==>Mxd1_M2,Selplg_T3,Mxd1_M2
Selplg_T3<==>Tpm4_T3,Selplg_T3,Tpm4_T3
Selplg_T3<==>Snrpf_B5,Selplg_T3,Snrpf_B5
Selplg_T3<==>Kdm6b_T4,Selplg_T3,Kdm6b_T4
Selplg_T3<==>Ywhae_M1,Selplg_T3,Ywhae_M1
Selplg_T3<==>Ly6e_M1,Selplg_T3,Ly6e_M1
Selplg_T3<==>Cdkn1a_M0,Selplg_T3,Cdkn1a_M0
Selplg_T3<==>Satb1_T3,Selplg_T3,Satb1_T3
Selplg_T3<==>Entpd1_M1,Selplg_T3,Entpd1_M1
Selplg_T3<==>Rpl36a_B5,Selplg_T3,Rpl36a_B5
Gltp_M4<==>Cd9_M2,Gltp_M4,Cd9_M2
Gltp_M4<==>Specc1l_M1,Gltp_M4,Specc1l_M1
Gltp_M4<==>Sub1_M4,Gltp_M4,Sub1_M4
Gltp_M4<==>H2-Q7_B1,Gltp_M4,H2-Q7_B1
Gltp_M4<==>H2-T23_M3,Gltp_M4,H2-T23_M3
Unc119b_M4<==>Nedd8_M0,Unc119b_M4,Nedd8_M0
Dynll1_B4<==>Arhgdib_T1,Dynll1_B4,Arhgdib_T1
Dynll1_B4<==>Spty2d1_M1,Dynll1_B4,Spty2d1_M1
Dynll1_M5<==>Ube2b_B1,Dynll1_M5,Ube2b_B1
Dynll1_M5<==>Pfn1_B1,Dynll1_M5,Pfn1_B1
Dynll1_M5<==>Eif1_O10,Dynll1_M5,Eif1_O10
Dynll1_M5<==>Ddx5_M3,Dynll1_M5,Ddx5_M3
Dynll1_T3<==>Cd3g_T4,Dynll1_T3,Cd3g_T4
Dynll1_T3<==>Atp5g2_T4,Dynll1_T3,Atp5g2_T4
Dynll1_T3<==>Nrip1_T2,Dynll1_T3,Nrip1_T2
Dynll1_T3<==>Srsf7_M1,Dynll1_T3,Srsf7_M1
Dynll1_T3<==>Ighv1-52_B3,Dynll1_T3,Ighv1-52_B3
Srsf9_M1<==>Gabarap_T1,Srsf9_M1,Gabarap_T1
Srsf9_M3<==>Actb_T4,Srsf9_M3,Actb_T4
Srsf9_M3<==>C5ar1_M2,Srsf9_M3,C5ar1_M2
Srsf9_M3<==>Napsa_M4,Srsf9_M3,Napsa_M4
Srsf9_M3<==>Rpl30_T4,Srsf9_M3,Rpl30_T4
Srsf9_M3<==>Nrros_M3,Srsf9_M3,Nrros_M3
Cox6a1_M0<==>Atp5j2_M0,Cox6a1_M0,Atp5j2_M0
Cox6a1_M0<==>Rab7_M0,Cox6a1_M0,Rab7_M0
Cox6a1_M0<==>Fus_M0,Cox6a1_M0,Fus_M0
Cox6a1_M0<==>Cotl1_M0,Cox6a1_M0,Cotl1_M0
Cox6a1_M0<==>Manf_M0,Cox6a1_M0,Manf_M0
Cox6a1_M0<==>Tma7_T4,Cox6a1_M0,Tma7_T4
Cox6a1_M0<==>Arf1_M0,Cox6a1_M0,Arf1_M0
Cox6a1_M0<==>Arhgdia_M0,Cox6a1_M0,Arhgdia_M0
Cox6a1_M0<==>Ighv5-9_B3,Cox6a1_M0,Ighv5-9_B3
Cox6a1_M0<==>Ctsl_M0,Cox6a1_M0,Ctsl_M0
Cox6a1_M0<==>Cox7c_M3,Cox6a1_M0,Cox7c_M3
Cox6a1_M0<==>Lgals3_M1,Cox6a1_M0,Lgals3_M1
Cox6a1_M0<==>Myl12a_M0,Cox6a1_M0,Myl12a_M0
Cox6a1_M0<==>Rpl17_T3,Cox6a1_M0,Rpl17_T3
Cox6a1_M0<==>Ppp1ca_M0,Cox6a1_M0,Ppp1ca_M0
Cox6a1_M3<==>Chchd2_B5,Cox6a1_M3,Chchd2_B5
Cox6a1_M3<==>Rps9_T5,Cox6a1_M3,Rps9_T5
Cox6a1_M3<==>Rps5_M3,Cox6a1_M3,Rps5_M3
Cox6a1_M3<==>Hmgb2_T4,Cox6a1_M3,Hmgb2_T4
Cox6a1_M3<==>Rpl18a_M3,Cox6a1_M3,Rpl18a_M3
Cox6a1_M3<==>Gabarapl2_B4,Cox6a1_M3,Gabarapl2_B4
Cox6a1_M3<==>Rpl13_M3,Cox6a1_M3,Rpl13_M3
Cox6a1_M3<==>Cd3d_T2,Cox6a1_M3,Cd3d_T2
Cox6a1_M3<==>Gpx4_T2,Cox6a1_M3,Gpx4_T2
Cox6a1_M3<==>Uqcr10_M3,Cox6a1_M3,Uqcr10_M3
Cox6a1_M3<==>Rack1_M3,Cox6a1_M3,Rack1_M3
Cox6a1_M3<==>Rpl26_M3,Cox6a1_M3,Rpl26_M3
Cox6a1_M3<==>Srsf2_B5,Cox6a1_M3,Srsf2_B5
Cox6a1_M3<==>Ighg1_B0,Cox6a1_M3,Ighg1_B0
Cox6a1_M3<==>Ighv3-2_B3,Cox6a1_M3,Ighv3-2_B3
Cox6a1_M3<==>Ywhaz_B2,Cox6a1_M3,Ywhaz_B2
Cox6a1_M3<==>Ifngr2_M3,Cox6a1_M3,Ifngr2_M3
Cox6a1_M3<==>H2-D1_B2,Cox6a1_M3,H2-D1_B2
Pxn_M1<==>Chchd2_M0,Pxn_M1,Chchd2_M0
Pxn_M1<==>Ddx6_M1,Pxn_M1,Ddx6_M1
Pxn_M1<==>Rab8b_M1,Pxn_M1,Rab8b_M1
Pxn_M1<==>Slc25a3_B1,Pxn_M1,Slc25a3_B1
Pxn_M1<==>Map2k3_M1,Pxn_M1,Map2k3_M1
Pxn_M1<==>Kdm6b_M1,Pxn_M1,Kdm6b_M1
Pxn_M1<==>Id2_M3,Pxn_M1,Id2_M3
Pxn_M1<==>Rpl3_M3,Pxn_M1,Rpl3_M3
Pxn_M1<==>Pak2_T1,Pxn_M1,Pak2_T1
Pxn_M1<==>Tgif1_M3,Pxn_M1,Tgif1_M3
Pxn_M1<==>Cox8a_T4,Pxn_M1,Cox8a_T4
Rplp0_B1<==>Igha_M3,Rplp0_B1,Igha_M3
Rplp0_B1<==>Ighv1-42_B3,Rplp0_B1,Ighv1-42_B3
Rplp0_B1<==>Ighv1-77_B3,Rplp0_B1,Ighv1-77_B3
Rplp0_B1<==>Hist1h2ap_T5,Rplp0_B1,Hist1h2ap_T5
Rplp0_B1<==>Rps23_B1,Rplp0_B1,Rps23_B1
Rplp0_B1<==>Gm10076_M3,Rplp0_B1,Gm10076_M3
Rplp0_B1<==>Xist_B3,Rplp0_B1,Xist_B3
Rplp0_B1<==>mt-Nd4l_B1,Rplp0_B1,mt-Nd4l_B1
Rplp0_M3<==>Ifitm3_M3,Rplp0_M3,Ifitm3_M3
Rplp0_M3<==>Rel_M1,Rplp0_M3,Rel_M1
Rplp0_M3<==>Hspa4_B1,Rplp0_M3,Hspa4_B1
Rplp0_M3<==>Hist1h4d_T5,Rplp0_M3,Hist1h4d_T5
Rplp0_M3<==>Tbca_M0,Rplp0_M3,Tbca_M0
Rplp0_M3<==>Ywhaz_T1,Rplp0_M3,Ywhaz_T1
Rplp0_M3<==>Hsp90ab1_T5,Rplp0_M3,Hsp90ab1_T5
Rplp0_M3<==>Rps14_T2,Rplp0_M3,Rps14_T2
Rplp0_M3<==>Rpl17_T2,Rplp0_M3,Rpl17_T2
Rplp0_M3<==>mt-Nd3_B2,Rplp0_M3,mt-Nd3_B2
Rplp0_M3<==>mt-Nd3_M3,Rplp0_M3,mt-Nd3_M3
Rplp0_T2<==>Ndufa13_M0,Rplp0_T2,Ndufa13_M0
Rplp0_T2<==>Rplp1_B2,Rplp0_T2,Rplp1_B2
Rplp0_T2<==>Rps15_B1,Rplp0_T2,Rps15_B1
Rplp0_T2<==>Rps15_T2,Rplp0_T2,Rps15_T2
Rplp0_T2<==>Rps15_T3,Rplp0_T2,Rps15_T3
Rplp0_T2<==>Igha_M3,Rplp0_T2,Igha_M3
Rplp0_T2<==>Hnrnpa0_T5,Rplp0_T2,Hnrnpa0_T5
Rplp0_T2<==>Gm10076_M3,Rplp0_T2,Gm10076_M3
Rplp0_T2<==>Ube2i_M3,Rplp0_T2,Ube2i_M3
Rplp0_T2<==>Zfand5_M1,Rplp0_T2,Zfand5_M1
Rplp0_T5<==>Arf5_M3,Rplp0_T5,Arf5_M3
Rplp0_T5<==>Gapdh_M0,Rplp0_T5,Gapdh_M0
Rplp0_T5<==>Selenow_T4,Rplp0_T5,Selenow_T4
Rplp0_T5<==>Tmem160_M0,Rplp0_T5,Tmem160_M0
Rplp0_T5<==>Cox6b1_M0,Rplp0_T5,Cox6b1_M0
Rplp0_T5<==>Bola2_M3,Rplp0_T5,Bola2_M3
Rplp0_T5<==>Aldoa_M0,Rplp0_T5,Aldoa_M0
Rplp0_T5<==>Rgs10_M3,Rplp0_T5,Rgs10_M3
Rplp0_T5<==>Pkm_M3,Rplp0_T5,Pkm_M3
Rplp0_T5<==>Rhoa_M0,Rplp0_T5,Rhoa_M0
Rplp0_T5<==>Rps15_T5,Rplp0_T5,Rps15_T5
Rplp0_T5<==>Psme2_M3,Rplp0_T5,Psme2_M3
Rplp0_T5<==>Rpl37_M3,Rplp0_T5,Rpl37_M3
Rplp0_T5<==>Ndufb9_M0,Rplp0_T5,Ndufb9_M0
Rplp0_T5<==>Rpl35a_M3,Rplp0_T5,Rpl35a_M3
Rplp0_T5<==>Psmb8_M3,Rplp0_T5,Psmb8_M3
Rplp0_T5<==>Psmb8_T5,Rplp0_T5,Psmb8_T5
Rplp0_T5<==>H2-Q7_M3,Rplp0_T5,H2-Q7_M3
Rplp0_T5<==>Myl12a_M3,Rplp0_T5,Myl12a_M3
Rplp0_T5<==>Cox7a2l_T2,Rplp0_T5,Cox7a2l_T2
Rplp0_T5<==>Cox8a_M0,Rplp0_T5,Cox8a_M0
Rplp0_T5<==>Fth1_M5,Rplp0_T5,Fth1_M5
Rplp0_T5<==>Rpl10_T5,Rplp0_T5,Rpl10_T5
Rpl6_B1<==>Rpl6_B2,Rpl6_B1,Rpl6_B2
Rpl6_B1<==>Rpl6_M3,Rpl6_B1,Rpl6_M3
Rpl6_B1<==>Igkv4-70_B3,Rpl6_B1,Igkv4-70_B3
Rpl6_B1<==>Tmsb10_B3,Rpl6_B1,Tmsb10_B3
Rpl6_B1<==>Rpl41_M3,Rpl6_B1,Rpl41_M3
Rpl6_B1<==>Rps29_T1,Rpl6_B1,Rps29_T1
Rpl6_B1<==>Ndufb1-ps_M3,Rpl6_B1,Ndufb1-ps_M3
Rpl6_B1<==>Ighv5-9_B7,Rpl6_B1,Ighv5-9_B7
Rpl6_B1<==>Mef2c_B1,Rpl6_B1,Mef2c_B1
Rpl6_B1<==>Rpl37_M3,Rpl6_B1,Rpl37_M3
Rpl6_B1<==>Rpl37_T1,Rpl6_B1,Rpl37_T1
Rpl6_B1<==>Rpl37_T2,Rpl6_B1,Rpl37_T2
Rpl6_B1<==>Hnrnpa1_T7,Rpl6_B1,Hnrnpa1_T7
Rpl6_B1<==>Rps28_T2,Rpl6_B1,Rps28_T2
Rpl6_B1<==>Malat1_T2,Rpl6_B1,Malat1_T2
Rpl6_B1<==>Malat1_T3,Rpl6_B1,Malat1_T3
Rpl6_B1<==>Rbm3_B1,Rpl6_B1,Rbm3_B1
Rpl6_B1<==>Rpl39_B1,Rpl6_B1,Rpl39_B1
Rpl6_B1<==>Rpl39_B2,Rpl6_B1,Rpl39_B2
Rpl6_B1<==>Rpl39_M3,Rpl6_B1,Rpl39_M3
Rpl6_B1<==>mt-Atp8_B1,Rpl6_B1,mt-Atp8_B1
Rpl6_B1<==>mt-Atp6_B5,Rpl6_B1,mt-Atp6_B5
Rpl6_B1<==>mt-Cytb_T2,Rpl6_B1,mt-Cytb_T2
Rpl6_B2<==>Rpl6_T1,Rpl6_B2,Rpl6_T1
Rpl6_B2<==>Rsrc2_T4,Rpl6_B2,Rsrc2_T4
Rpl6_B2<==>Igkv4-70_B3,Rpl6_B2,Igkv4-70_B3
Rpl6_B2<==>Clec2d_M0,Rpl6_B2,Clec2d_M0
Rpl6_B2<==>Rab8b_T4,Rpl6_B2,Rab8b_T4
Rpl6_B2<==>Rpl41_M3,Rpl6_B2,Rpl41_M3
Rpl6_B2<==>Rel_M1,Rpl6_B2,Rel_M1
Rpl6_B2<==>Cd68_M0,Rpl6_B2,Cd68_M0
Rpl6_B2<==>Rps29_T1,Rpl6_B2,Rps29_T1
Rpl6_B2<==>Rps29_T2,Rpl6_B2,Rps29_T2
Rpl6_B2<==>Rps29_T7,Rpl6_B2,Rps29_T7
Rpl6_B2<==>Ndufb1-ps_M3,Rpl6_B2,Ndufb1-ps_M3
Rpl6_B2<==>Ndufb1-ps_T2,Rpl6_B2,Ndufb1-ps_T2
Rpl6_B2<==>Ighv2-9_B2,Rpl6_B2,Ighv2-9_B2
Rpl6_B2<==>Mef2c_B1,Rpl6_B2,Mef2c_B1
Rpl6_B2<==>Hnrnpc_M0,Rpl6_B2,Hnrnpc_M0
Rpl6_B2<==>Selenop_M1,Rpl6_B2,Selenop_M1
Rpl6_B2<==>Rpl37_T1,Rpl6_B2,Rpl37_T1
Rpl6_B2<==>Rpl37_T2,Rpl6_B2,Rpl37_T2
Rpl6_B2<==>Rpl37_T5,Rpl6_B2,Rpl37_T5
Rpl6_B2<==>Ly6e_M0,Rpl6_B2,Ly6e_M0
Rpl6_B2<==>Cox17_M0,Rpl6_B2,Cox17_M0
Rpl6_B2<==>Rps28_M3,Rpl6_B2,Rps28_M3
Rpl6_B2<==>Rps28_T1,Rpl6_B2,Rps28_T1
Rpl6_B2<==>Rps28_T2,Rpl6_B2,Rps28_T2
Rpl6_B2<==>Malat1_T3,Rpl6_B2,Malat1_T3
Rpl6_B2<==>Fau_T2,Rpl6_B2,Fau_T2
Rpl6_B2<==>Fkbp2_B3,Rpl6_B2,Fkbp2_B3
Rpl6_B2<==>Rpl39_B1,Rpl6_B2,Rpl39_B1
Rpl6_B2<==>Rpl39_B2,Rpl6_B2,Rpl39_B2
Rpl6_B2<==>Rpl39_B5,Rpl6_B2,Rpl39_B5
Rpl6_B2<==>mt-Co2_T2,Rpl6_B2,mt-Co2_T2
Rpl6_B2<==>mt-Co2_T6,Rpl6_B2,mt-Co2_T6
Rpl6_B2<==>mt-Atp8_B1,Rpl6_B2,mt-Atp8_B1
Rpl6_B2<==>mt-Atp8_B3,Rpl6_B2,mt-Atp8_B3
Rpl6_B2<==>mt-Atp6_B3,Rpl6_B2,mt-Atp6_B3
Rpl6_B2<==>mt-Atp6_T5,Rpl6_B2,mt-Atp6_T5
Rpl6_B2<==>mt-Nd4l_B3,Rpl6_B2,mt-Nd4l_B3
Rpl6_B5<==>Ifi30_B5,Rpl6_B5,Ifi30_B5
Rpl6_B5<==>Cd3e_B6_0,Rpl6_B5,Cd3e_B6_0
Rpl6_B5<==>Ly86_M3,Rpl6_B5,Ly86_M3
Rpl6_M1<==>Rpl32_M1,Rpl6_M1,Rpl32_M1
Rpl6_M1<==>Igha_M1,Rpl6_M1,Igha_M1
Rpl6_M3<==>Rabac1_B1,Rpl6_M3,Rabac1_B1
Rpl6_M3<==>Bola2_M3,Rpl6_M3,Bola2_M3
Rpl6_M3<==>Calr_B4,Rpl6_M3,Calr_B4
Rpl6_M3<==>Rplp1_B5,Rpl6_M3,Rplp1_B5
Rpl6_M3<==>Rpl38_M3,Rpl6_M3,Rpl38_M3
Rpl6_M3<==>Npc2_B3,Rpl6_M3,Npc2_B3
Rpl6_M3<==>Igha_M0,Rpl6_M3,Igha_M0
Rpl6_M3<==>Ighm_B1,Rpl6_M3,Ighm_B1
Rpl6_M3<==>Gm10076_M3,Rpl6_M3,Gm10076_M3
Rpl6_M3<==>Rpl37_M3,Rpl6_M3,Rpl37_M3
Rpl6_M3<==>Hnrnpa1_T7,Rpl6_M3,Hnrnpa1_T7
Rpl6_M3<==>Iglc1_B1,Rpl6_M3,Iglc1_B1
Rpl6_M3<==>Rpl35a_M3,Rpl6_M3,Rpl35a_M3
Rpl6_M3<==>Atp6v0c_T4,Rpl6_M3,Atp6v0c_T4
Rpl6_M3<==>Rps2_M4,Rpl6_M3,Rps2_M4
Rpl6_M3<==>Rps2_T6,Rpl6_M3,Rps2_T6
Rpl6_M3<==>Tomm6_T4,Rpl6_M3,Tomm6_T4
Rpl6_M3<==>Myl12a_M3,Rpl6_M3,Myl12a_M3
Rpl6_M3<==>Ostf1_B1,Rpl6_M3,Ostf1_B1
Rpl6_M3<==>Rpl39_M3,Rpl6_M3,Rpl39_M3
Rpl6_M3<==>Rpl36a_M3,Rpl6_M3,Rpl36a_M3
Rpl6_T1<==>Rpl6_T2,Rpl6_T1,Rpl6_T2
Rpl6_T1<==>Actb_M3,Rpl6_T1,Actb_M3
Rpl6_T1<==>Igkv4-70_B3,Rpl6_T1,Igkv4-70_B3
Rpl6_T1<==>Gdpd3_B3,Rpl6_T1,Gdpd3_B3
Rpl6_T1<==>Ikbkb_M1,Rpl6_T1,Ikbkb_M1
Rpl6_T1<==>Rab8b_T2,Rpl6_T1,Rab8b_T2
Rpl6_T1<==>Rpl41_M3,Rpl6_T1,Rpl41_M3
Rpl6_T1<==>Rps29_T1,Rpl6_T1,Rps29_T1
Rpl6_T1<==>Rps29_T2,Rpl6_T1,Rps29_T2
Rpl6_T1<==>Hist1h2ap_T5,Rpl6_T1,Hist1h2ap_T5
Rpl6_T1<==>Rpl37_T2,Rpl6_T1,Rpl37_T2
Rpl6_T1<==>Psmb9_M0,Rpl6_T1,Psmb9_M0
Rpl6_T1<==>Rpl39_B2,Rpl6_T1,Rpl39_B2
Rpl6_T1<==>Rpl36a_T5,Rpl6_T1,Rpl36a_T5
Rpl6_T1<==>mt-Nd1_T5,Rpl6_T1,mt-Nd1_T5
Rpl6_T2<==>Pafah1b3_B3,Rpl6_T2,Pafah1b3_B3
Rpl6_T2<==>Shtn1_M4,Rpl6_T2,Shtn1_M4
Rpl6_T4<==>Cd3e_T2,Rpl6_T4,Cd3e_T2
Rpl6_T4<==>Rpl41_M0,Rpl6_T4,Rpl41_M0
Rpl6_T4<==>Rps26_M0,Rpl6_T4,Rps26_M0
Rpl6_T4<==>Rps29_T1,Rpl6_T4,Rps29_T1
Rpl6_T4<==>Nrros_M3,Rpl6_T4,Nrros_M3
Rpl6_T4<==>Rpl39_T4,Rpl6_T4,Rpl39_T4
Rpl6_T5<==>Gapdh_B1,Rpl6_T5,Gapdh_B1
Rpl6_T5<==>Clec2d_M0,Rpl6_T5,Clec2d_M0
Rpl6_T5<==>Gmfg_M5,Rpl6_T5,Gmfg_M5
Rpl6_T5<==>Spcs2_T4,Rpl6_T5,Spcs2_T4
Rpl6_T5<==>Coro1a_M3,Rpl6_T5,Coro1a_M3
Rpl6_T5<==>Coro1a_T1,Rpl6_T5,Coro1a_T1
Rpl6_T5<==>Rpl41_M3,Rpl6_T5,Rpl41_M3
Rpl6_T5<==>Gpr183_M3,Rpl6_T5,Gpr183_M3
Rpl6_T5<==>Rac2_T0,Rpl6_T5,Rac2_T0
Rpl6_T5<==>Ltb_T5,Rpl6_T5,Ltb_T5
Rpl6_T5<==>Ms4a6b_T5,Rpl6_T5,Ms4a6b_T5
Rpl6_T5<==>Ssr4_B1,Rpl6_T5,Ssr4_B1
Rpl6_T5<==>Rpl10_B5,Rpl6_T5,Rpl10_B5
Rpl6_T5<==>Rpl36a_T5,Rpl6_T5,Rpl36a_T5
Rpl6_T5<==>mt-Atp8_B1,Rpl6_T5,mt-Atp8_B1
Rpl6_T5<==>mt-Atp6_B3,Rpl6_T5,mt-Atp6_B3
Rpl6_T5<==>mt-Cytb_T2,Rpl6_T5,mt-Cytb_T2
Erp29_M0<==>Tspan13_B3,Erp29_M0,Tspan13_B3
Erp29_M1<==>Hnrnpf_B3,Erp29_M1,Hnrnpf_B3
Erp29_M1<==>H2afj_M1,Erp29_M1,H2afj_M1
Erp29_M1<==>Psmb10_M1,Erp29_M1,Psmb10_M1
Erp29_M1<==>Syncrip_M3,Erp29_M1,Syncrip_M3
Erp29_M1<==>Gpx1_M1,Erp29_M1,Gpx1_M1
Erp29_M1<==>Igha_O10,Erp29_M1,Igha_O10
Erp29_M1<==>Elf1_B3,Erp29_M1,Elf1_B3
Erp29_M1<==>Sdf2l1_M4,Erp29_M1,Sdf2l1_M4
Erp29_M1<==>Srsf7_T1,Erp29_M1,Srsf7_T1
Erp29_M3<==>Rab8b_M4,Erp29_M3,Rab8b_M4
Erp29_M3<==>Bcl2a1d_M3,Erp29_M3,Bcl2a1d_M3
Erp29_M3<==>Pkib_M3,Erp29_M3,Pkib_M3
Erp29_M3<==>Ighv5-6_B5,Erp29_M3,Ighv5-6_B5
Erp29_M3<==>Ago2_M4,Erp29_M3,Ago2_M4
Erp29_M3<==>Csf2rb_M4,Erp29_M3,Csf2rb_M4
Erp29_M3<==>Zbtb20_B1,Erp29_M3,Zbtb20_B1
Erp29_M3<==>Clic1_M5,Erp29_M3,Clic1_M5
Erp29_M3<==>Cebpz_B1,Erp29_M3,Cebpz_B1
Erp29_M3<==>Zfp36l2_M3,Erp29_M3,Zfp36l2_M3
Erp29_M3<==>Snrpd1_B5,Erp29_M3,Snrpd1_B5
Erp29_M3<==>Fkbp2_B3,Erp29_M3,Fkbp2_B3
Erp29_M3<==>Ndufb11_M1,Erp29_M3,Ndufb11_M1
Erp29_M3<==>mt-Co2_T2,Erp29_M3,mt-Co2_T2
Erp29_M4<==>Alox5ap_M4,Erp29_M4,Alox5ap_M4
Erp29_M4<==>mt-Nd1_M5,Erp29_M4,mt-Nd1_M5
Erp29_M4<==>mt-Nd2_B0,Erp29_M4,mt-Nd2_B0
Ppp1cc_T0<==>Tpm4_T5,Ppp1cc_T0,Tpm4_T5
Ppp1cc_T0<==>Srgn_T0,Ppp1cc_T0,Srgn_T0
Ppp1cc_T0<==>Ube2b_T7,Ppp1cc_T0,Ube2b_T7
Ppp1cc_T0<==>Atox1_M5,Ppp1cc_T0,Atox1_M5
Ppp1cc_T0<==>Pfn1_M4,Ppp1cc_T0,Pfn1_M4
Ppp1cc_T0<==>Fyb_T3,Ppp1cc_T0,Fyb_T3
Ppp1cc_T0<==>Prr13_M3,Ppp1cc_T0,Prr13_M3
Ppp1cc_T0<==>Rpl24_M3,Ppp1cc_T0,Rpl24_M3
Ppp1cc_T0<==>Usp9x_M4,Ppp1cc_T0,Usp9x_M4
Ppp1cc_T1<==>Igkv14-111_B1,Ppp1cc_T1,Igkv14-111_B1
Ppp1cc_T1<==>Esam_O10,Ppp1cc_T1,Esam_O10
Ppp1cc_T1<==>Pim1_T2,Ppp1cc_T1,Pim1_T2
Ppp1cc_T7<==>Ube2b_T1,Ppp1cc_T7,Ube2b_T1
Ppp1cc_T7<==>Psmb8_B4,Ppp1cc_T7,Psmb8_B4
Ppp1cc_T7<==>Crem_T3,Ppp1cc_T7,Crem_T3
Arpc3_B1<==>Bax_M4,Arpc3_B1,Bax_M4
Arpc3_B1<==>Rps27l_B1,Arpc3_B1,Rps27l_B1
Arpc3_B1<==>Rpl19_M1,Arpc3_B1,Rpl19_M1
Arpc3_B1<==>Crip1_T3,Arpc3_B1,Crip1_T3
Arpc3_B1<==>Mrpl52_M0,Arpc3_B1,Mrpl52_M0
Arpc3_B1<==>Eif3e_M3,Arpc3_B1,Eif3e_M3
Arpc3_B1<==>Vapa_M0,Arpc3_B1,Vapa_M0
Arpc3_B1<==>Crem_B1,Arpc3_B1,Crem_B1
Arpc3_B1<==>Rpl17_B2,Arpc3_B1,Rpl17_B2
Arpc3_B1<==>mt-Co2_B0,Arpc3_B1,mt-Co2_B0
Arpc3_B1<==>mt-Atp6_B2,Arpc3_B1,mt-Atp6_B2
Arpc3_B3<==>Rpl28_T5,Arpc3_B3,Rpl28_T5
Arpc3_B3<==>Ighg2b_B4,Arpc3_B3,Ighg2b_B4
Arpc3_B4<==>Scimp_B4,Arpc3_B4,Scimp_B4
Arpc3_B4<==>Ighv5-4_B7,Arpc3_B4,Ighv5-4_B7
Arpc3_B4<==>Hnrnpa1_T7,Arpc3_B4,Hnrnpa1_T7
Arpc3_B5<==>Igkc_B5,Arpc3_B5,Igkc_B5
Arpc3_B5<==>Sgpl1_M3,Arpc3_B5,Sgpl1_M3
Arpc3_B5<==>Tbc1d4_T6_3,Arpc3_B5,Tbc1d4_T6_3
Arpc3_B5<==>Psmb8_T1,Arpc3_B5,Psmb8_T1
Arpc3_M1<==>Fam49b_M4,Arpc3_M1,Fam49b_M4
Arpc3_M1<==>Aif1_M1,Arpc3_M1,Aif1_M1
Arpc3_M2<==>Eif4g2_T3,Arpc3_M2,Eif4g2_T3
Arpc3_M2<==>Smarca5_T4,Arpc3_M2,Smarca5_T4
Arpc3_M2<==>Actg1_B3,Arpc3_M2,Actg1_B3
Arpc3_M2<==>Iglc2_B5,Arpc3_M2,Iglc2_B5
Arpc3_M2<==>Cdkn1a_M1,Arpc3_M2,Cdkn1a_M1
Arpc3_M2<==>Psmb8_T2,Arpc3_M2,Psmb8_T2
Arpc3_M3<==>Ndufa13_M0,Arpc3_M3,Ndufa13_M0
Arpc3_M3<==>Rps2_M0,Arpc3_M3,Rps2_M0
Arpc3_T0<==>Arf5_T0,Arpc3_T0,Arf5_T0
Arpc3_T0<==>Ucp2_M5,Arpc3_T0,Ucp2_M5
Arpc3_T0<==>Ighm_B1,Arpc3_T0,Ighm_B1
Arpc3_T0<==>Myl12b_T3,Arpc3_T0,Myl12b_T3
Arpc3_T1<==>Arpc4_B4,Arpc3_T1,Arpc4_B4
Arpc3_T1<==>Ncoa7_T7,Arpc3_T1,Ncoa7_T7
Arpc3_T1<==>Prr29_T7,Arpc3_T1,Prr29_T7
Arpc3_T1<==>Actg1_T1,Arpc3_T1,Actg1_T1
Arpc3_T1<==>Calm1_T1,Arpc3_T1,Calm1_T1
Arpc3_T1<==>Ighg1_B1,Arpc3_T1,Ighg1_B1
Arpc3_T1<==>Sub1_T1,Arpc3_T1,Sub1_T1
Arpc3_T2<==>Actb_M3,Arpc3_T2,Actb_M3
Arpc3_T2<==>Hmgb1_T1,Arpc3_T2,Hmgb1_T1
Arpc3_T2<==>Clec2d_M1,Arpc3_T2,Clec2d_M1
Arpc3_T2<==>Cdkn1b_T4,Arpc3_T2,Cdkn1b_T4
Arpc3_T2<==>Tgfb1_M3,Arpc3_T2,Tgfb1_M3
Arpc3_T2<==>Rps25_T3,Arpc3_T2,Rps25_T3
Arpc3_T2<==>Rab8b_M1,Arpc3_T2,Rab8b_M1
Arpc3_T2<==>Rab8b_T2,Arpc3_T2,Rab8b_T2
Arpc3_T2<==>Rab8b_T4,Arpc3_T2,Rab8b_T4
Arpc3_T2<==>Slc25a3_T3,Arpc3_T2,Slc25a3_T3
Arpc3_T2<==>Xbp1_M4,Arpc3_T2,Xbp1_M4
Arpc3_T2<==>Atp5mpl_T3,Arpc3_T2,Atp5mpl_T3
Arpc3_T2<==>Gpr183_T4,Arpc3_T2,Gpr183_T4
Arpc3_T2<==>Ywhaz_B3,Arpc3_T2,Ywhaz_B3
Arpc3_T2<==>Ago2_M3,Arpc3_T2,Ago2_M3
Arpc3_T2<==>Sod1_M3,Arpc3_T2,Sod1_M3
Arpc3_T2<==>Ier3_M1,Arpc3_T2,Ier3_M1
Arpc3_T2<==>Calm2_T1,Arpc3_T2,Calm2_T1
Arpc3_T2<==>Cd14_M1,Arpc3_T2,Cd14_M1
Arpc3_T2<==>Tnfaip8_M4,Arpc3_T2,Tnfaip8_M4
Arpc3_T2<==>Mxi1_T5,Arpc3_T2,Mxi1_T5
Arpc3_T2<==>mt-Co2_B5,Arpc3_T2,mt-Co2_B5
Arpc3_T2<==>mt-Co3_B2,Arpc3_T2,mt-Co3_B2
Arpc3_T2<==>mt-Cytb_B2,Arpc3_T2,mt-Cytb_B2
Arpc3_T3<==>Ikbkb_M3,Arpc3_T3,Ikbkb_M3
Arpc3_T3<==>Sqstm1_M3,Arpc3_T3,Sqstm1_M3
Arpc3_T3<==>Slc38a2_B3,Arpc3_T3,Slc38a2_B3
Arpc3_T3<==>Usp9x_M4,Arpc3_T3,Usp9x_M4
Arpc3_T4<==>Spag9_M4,Arpc3_T4,Spag9_M4
Arpc3_T5<==>Snrpg_B1,Arpc3_T5,Snrpg_B1
Arpc3_T5<==>Ptms_M3,Arpc3_T5,Ptms_M3
Arpc3_T5<==>Snx20_M4,Arpc3_T5,Snx20_M4
Arpc3_T5<==>Rpl4_T3,Arpc3_T5,Rpl4_T3
Arpc3_T5<==>H2-Q7_B1,Arpc3_T5,H2-Q7_B1
Arpc3_T6<==>Hsp90b1_M3,Arpc3_T6,Hsp90b1_M3
Arpc3_T6<==>Ranbp1_M3,Arpc3_T6,Ranbp1_M3
Orai1_M4<==>Marcks_M3,Orai1_M4,Marcks_M3
Rsrc2_B3<==>Man1a_M1,Rsrc2_B3,Man1a_M1
Rsrc2_B3<==>Ubald2_M4,Rsrc2_B3,Ubald2_M4
Rsrc2_B3<==>Ctla2a_T0,Rsrc2_B3,Ctla2a_T0
Rsrc2_B3<==>Arf4_B1,Rsrc2_B3,Arf4_B1
Rsrc2_B3<==>Psme2_M1,Rsrc2_B3,Psme2_M1
Rsrc2_M3<==>Bcl2a1d_M4,Rsrc2_M3,Bcl2a1d_M4
Rsrc2_M3<==>Xist_B1,Rsrc2_M3,Xist_B1
Rsrc2_T4<==>Gdi2_M5,Rsrc2_T4,Gdi2_M5
Rsrc2_T4<==>Rpl39_B2,Rsrc2_T4,Rpl39_B2
Hcar2_M2<==>Ube2b_T6,Hcar2_M2,Ube2b_T6
Hcar2_M2<==>Cox8a_B1,Hcar2_M2,Cox8a_B1
Denr_M4<==>Mpc1_B3,Denr_M4,Mpc1_B3
Vps37b_T1<==>Ifngr1_T1,Vps37b_T1,Ifngr1_T1
Vps37b_T1<==>Hsp90ab1_B1,Vps37b_T1,Hsp90ab1_B1
Vps37b_T5<==>Selenos_B3,Vps37b_T5,Selenos_B3
Vps37b_T5<==>Tmem123_T5,Vps37b_T5,Tmem123_T5
Vps37b_T5<==>Atp5l_T3,Vps37b_T5,Atp5l_T3
Vps37b_T5<==>Cd3e_T2,Vps37b_T5,Cd3e_T2
Vps37b_T5<==>Ifngr1_M4,Vps37b_T5,Ifngr1_M4
Vps37b_T5<==>Rpl41_B3,Vps37b_T5,Rpl41_B3
Vps37b_T5<==>Sec61g_B3,Vps37b_T5,Sec61g_B3
Vps37b_T5<==>Iglv1_B4,Vps37b_T5,Iglv1_B4
Vps37b_T5<==>Rps28_T1,Vps37b_T5,Rps28_T1
Vps37b_T5<==>Cd74_T5,Vps37b_T5,Cd74_T5
Rilpl2_B1<==>Bri3_M3,Rilpl2_B1,Bri3_M3
Rilpl2_B1<==>Capns1_M0,Rilpl2_B1,Capns1_M0
Rilpl2_B1<==>Rgs10_M3,Rilpl2_B1,Rgs10_M3
Rilpl2_B1<==>Lamp1_M5,Rilpl2_B1,Lamp1_M5
Rilpl2_B1<==>Snx20_M1,Rilpl2_B1,Snx20_M1
Rilpl2_B1<==>Irf8_M0,Rilpl2_B1,Irf8_M0
Rilpl2_B1<==>Dennd4a_T4,Rilpl2_B1,Dennd4a_T4
Rilpl2_B1<==>Dazap2_M0,Rilpl2_B1,Dazap2_M0
Rilpl2_B1<==>App_M0,Rilpl2_B1,App_M0
Rilpl2_B1<==>Tapbp_M5,Rilpl2_B1,Tapbp_M5
Rilpl2_B1<==>Rps18_B2,Rilpl2_B1,Rps18_B2
Rilpl2_B1<==>H2-K1_M5,Rilpl2_B1,H2-K1_M5
Rilpl2_B1<==>H2-T23_M3,Rilpl2_B1,H2-T23_M3
Rilpl2_B1<==>C3_M0,Rilpl2_B1,C3_M0
Rilpl2_B1<==>AW112010_M3,Rilpl2_B1,AW112010_M3
Rilpl2_B1<==>Ablim1_T6,Rilpl2_B1,Ablim1_T6
Rilpl2_B3<==>Gdi2_B4,Rilpl2_B3,Gdi2_B4
Rilpl2_M3<==>Igkv9-120_B2,Rilpl2_M3,Igkv9-120_B2
Tmed2_B3<==>Ctsb_M3,Tmed2_B3,Ctsb_M3
Tmed2_B3<==>mt-Nd2_B4,Tmed2_B3,mt-Nd2_B4
Tmed2_M0<==>Bri3_M0,Tmed2_M0,Bri3_M0
Tmed2_M0<==>Capg_M0,Tmed2_M0,Capg_M0
Tmed2_M0<==>Fus_B1,Tmed2_M0,Fus_B1
Tmed2_M0<==>Atp5g1_M0,Tmed2_M0,Atp5g1_M0
Tmed2_M0<==>Ostf1_M3,Tmed2_M0,Ostf1_M3
Tmed2_O10<==>Ighv14-1_B3,Tmed2_O10,Ighv14-1_B3
Tmed2_O10<==>Ighv1-52_B3,Tmed2_O10,Ighv1-52_B3
Tmed2_T4<==>Ldha_T0,Tmed2_T4,Ldha_T0
Tmed2_T4<==>Rap1b_M3,Tmed2_T4,Rap1b_M3
Ubc_B3<==>Cd68_M5,Ubc_B3,Cd68_M5
Ubc_B3<==>F2r_T4,Ubc_B3,F2r_T4
Ubc_M3<==>Zfp36_M1,Ubc_M3,Zfp36_M1
Ubc_M3<==>Ighv5-6_B7,Ubc_M3,Ighv5-6_B7
Ubc_M3<==>Ighv8-5_B3,Ubc_M3,Ighv8-5_B3
Ubc_O10<==>Tmem258_M3,Ubc_O10,Tmem258_M3
Ran_B1<==>Pcbp1_B5,Ran_B1,Pcbp1_B5
Ran_B1<==>Cyba_T5,Ran_B1,Cyba_T5
Ran_B1<==>Pkm_M5,Ran_B1,Pkm_M5
Ran_B1<==>Rhoa_T2,Ran_B1,Rhoa_T2
Ran_B1<==>Ramp3_T7,Ran_B1,Ramp3_T7
Ran_B1<==>Prkar1a_T1,Ran_B1,Prkar1a_T1
Ran_B1<==>Kif2a_T5,Ran_B1,Kif2a_T5
Ran_B1<==>Smagp_B4,Ran_B1,Smagp_B4
Ran_B1<==>Ltb_T1,Ran_B1,Ltb_T1
Ran_B4<==>Cnbp_B4,Ran_B4,Cnbp_B4
Ran_B4<==>Arpc4_B4,Ran_B4,Arpc4_B4
Ran_B4<==>Iqgap1_M5,Ran_B4,Iqgap1_M5
Ran_B4<==>Atp5l_O10,Ran_B4,Atp5l_O10
Ran_B4<==>Lactb_M4,Ran_B4,Lactb_M4
Ran_B4<==>Pfn1_B4,Ran_B4,Pfn1_B4
Ran_B4<==>Actg1_M0,Ran_B4,Actg1_M0
Ran_B4<==>Ighv8-5_B3,Ran_B4,Ighv8-5_B3
Ran_B4<==>Cox6c_T3,Ran_B4,Cox6c_T3
Ran_B4<==>Tuba1b_B4,Ran_B4,Tuba1b_B4
Ran_B4<==>Rpl36_B1,Ran_B4,Rpl36_B1
Ran_B5<==>Ndufb11_M4,Ran_B5,Ndufb11_M4
Ran_M0<==>Tax1bp1_M3,Ran_M0,Tax1bp1_M3
Ran_M0<==>Aldoa_M3,Ran_M0,Aldoa_M3
Ran_M0<==>Tmem14c_M0,Ran_M0,Tmem14c_M0
Ran_M0<==>Ly6a_B3,Ran_M0,Ly6a_B3
Ran_M0<==>Psmb8_M3,Ran_M0,Psmb8_M3
Ran_M0<==>H2-Q7_T2,Ran_M0,H2-Q7_T2
Ran_M1<==>Jmjd1c_B4,Ran_M1,Jmjd1c_B4
Ran_M1<==>Atox1_M1,Ran_M1,Atox1_M1
Ran_M1<==>Mtdh_B4,Ran_M1,Mtdh_B4
Ran_M3<==>Hsp90aa1_M3,Ran_M3,Hsp90aa1_M3
Ran_M3<==>Ranbp1_M3,Ran_M3,Ranbp1_M3
Cct6a_M5<==>Ighv1-2_B2,Cct6a_M5,Ighv1-2_B2
Chchd2_B0<==>Selenow_T2,Chchd2_B0,Selenow_T2
Chchd2_B1<==>Chchd2_T4,Chchd2_B1,Chchd2_T4
Chchd2_B1<==>Igkv4-70_B3,Chchd2_B1,Igkv4-70_B3
Chchd2_B1<==>Wnk1_B1,Chchd2_B1,Wnk1_B1
Chchd2_B1<==>Ergic2_B3,Chchd2_B1,Ergic2_B3
Chchd2_B1<==>Pde2a_T6_3,Chchd2_B1,Pde2a_T6_3
Chchd2_B1<==>Ndufa13_T2,Chchd2_B1,Ndufa13_T2
Chchd2_B1<==>Cyba_B3,Chchd2_B1,Cyba_B3
Chchd2_B1<==>Thy1_T4,Chchd2_B1,Thy1_T4
Chchd2_B1<==>Pkm_M3,Chchd2_B1,Pkm_M3
Chchd2_B1<==>Rhoa_M3,Chchd2_B1,Rhoa_M3
Chchd2_B1<==>Abracl_T4,Chchd2_B1,Abracl_T4
Chchd2_B1<==>Rps29_M2,Chchd2_B1,Rps29_M2
Chchd2_B1<==>Npc2_B3,Chchd2_B1,Npc2_B3
Chchd2_B1<==>Psme2_M3,Chchd2_B1,Psme2_M3
Chchd2_B1<==>Cct5_M1,Chchd2_B1,Cct5_M1
Chchd2_B1<==>Myh9_T1,Chchd2_B1,Myh9_T1
Chchd2_B1<==>Xist_B3,Chchd2_B1,Xist_B3
Chchd2_B1<==>mt-Nd4l_B1,Chchd2_B1,mt-Nd4l_B1
Chchd2_B5<==>Rps27l_B5,Chchd2_B5,Rps27l_B5
Chchd2_B5<==>Pafah1b1_T2,Chchd2_B5,Pafah1b1_T2
Chchd2_B5<==>Nme1_B5,Chchd2_B5,Nme1_B5
Chchd2_B5<==>Atp5h_B2,Chchd2_B5,Atp5h_B2
Chchd2_B5<==>Ighg2b_B2,Chchd2_B5,Ighg2b_B2
Chchd2_B5<==>Ighg1_B2,Chchd2_B5,Ighg1_B2
Chchd2_B5<==>Mrpl52_B1,Chchd2_B5,Mrpl52_B1
Chchd2_B5<==>Sub1_B2,Chchd2_B5,Sub1_B2
Chchd2_B5<==>Ifngr2_M3,Chchd2_B5,Ifngr2_M3
Chchd2_B5<==>H2-Ab1_B0,Chchd2_B5,H2-Ab1_B0
Chchd2_B5<==>H2-D1_B5,Chchd2_B5,H2-D1_B5
Chchd2_B5<==>Rpl36_B1,Chchd2_B5,Rpl36_B1
Chchd2_B5<==>mt-Co2_B2,Chchd2_B5,mt-Co2_B2
Chchd2_B5<==>mt-Cytb_B2,Chchd2_B5,mt-Cytb_B2
Chchd2_M0<==>Chchd2_M3,Chchd2_M0,Chchd2_M3
Chchd2_M0<==>Bri3_M0,Chchd2_M0,Bri3_M0
Chchd2_M0<==>Arf5_M0,Chchd2_M0,Arf5_M0
Chchd2_M0<==>Atp6v1f_M0,Chchd2_M0,Atp6v1f_M0
Chchd2_M0<==>Gapdh_M0,Chchd2_M0,Gapdh_M0
Chchd2_M0<==>Rpl28_B2,Chchd2_M0,Rpl28_B2
Chchd2_M0<==>Emp3_M5,Chchd2_M0,Emp3_M5
Chchd2_M0<==>Rgs10_M3,Chchd2_M0,Rgs10_M3
Chchd2_M0<==>Ndufa13_T2,Chchd2_M0,Ndufa13_T2
Chchd2_M0<==>Irf8_B4,Chchd2_M0,Irf8_B4
Chchd2_M0<==>Rhoa_M0,Chchd2_M0,Rhoa_M0
Chchd2_M0<==>Sumo2_T4,Chchd2_M0,Sumo2_T4
Chchd2_M0<==>Ndufb9_M0,Chchd2_M0,Ndufb9_M0
Chchd2_M0<==>Atp5j_M0,Chchd2_M0,Atp5j_M0
Chchd2_M0<==>Psmb8_M3,Chchd2_M0,Psmb8_M3
Chchd2_M0<==>Psmb8_T5,Chchd2_M0,Psmb8_T5
Chchd2_M0<==>AY036118_M0,Chchd2_M0,AY036118_M0
Chchd2_M0<==>C3_M0,Chchd2_M0,C3_M0
Chchd2_M0<==>Ube2d2a_M0,Chchd2_M0,Ube2d2a_M0
Chchd2_M0<==>Ndufb8_M0,Chchd2_M0,Ndufb8_M0
Chchd2_M0<==>Rpl10_B2,Chchd2_M0,Rpl10_B2
Chchd2_M0<==>Pgk1_M0,Chchd2_M0,Pgk1_M0
Chchd2_M3<==>Chchd2_T4,Chchd2_M3,Chchd2_T4
Chchd2_M3<==>Gapdh_M0,Chchd2_M3,Gapdh_M0
Chchd2_M3<==>Emp3_M5,Chchd2_M3,Emp3_M5
Chchd2_M3<==>Gdpd3_B3,Chchd2_M3,Gdpd3_B3
Chchd2_M3<==>Aldoa_M3,Chchd2_M3,Aldoa_M3
Chchd2_M3<==>Ndufa13_T2,Chchd2_M3,Ndufa13_T2
Chchd2_M3<==>Bst2_B3,Chchd2_M3,Bst2_B3
Chchd2_M3<==>Psmb10_M4,Chchd2_M3,Psmb10_M4
Chchd2_M3<==>Cyba_B3,Chchd2_M3,Cyba_B3
Chchd2_M3<==>Cyba_T4,Chchd2_M3,Cyba_T4
Chchd2_M3<==>Ebf1_B1,Chchd2_M3,Ebf1_B1
Chchd2_M3<==>Pfn1_M0,Chchd2_M3,Pfn1_M0
Chchd2_M3<==>Psme2_M3,Chchd2_M3,Psme2_M3
Chchd2_M3<==>Gm10076_M3,Chchd2_M3,Gm10076_M3
Chchd2_M3<==>Rpl37_M3,Chchd2_M3,Rpl37_M3
Chchd2_M3<==>Psmb8_M3,Chchd2_M3,Psmb8_M3
Chchd2_M3<==>Tomm6_T4,Chchd2_M3,Tomm6_T4
Chchd2_M3<==>Xist_B3,Chchd2_M3,Xist_B3
Chchd2_T0<==>Rps16_M3,Chchd2_T0,Rps16_M3
Chchd2_T0<==>Eif3f_M7,Chchd2_T0,Eif3f_M7
Chchd2_T0<==>Rps27a_M3,Chchd2_T0,Rps27a_M3
Chchd2_T0<==>Rack1_M3,Chchd2_T0,Rack1_M3
Chchd2_T0<==>Ighv9-1_B3,Chchd2_T0,Ighv9-1_B3
Chchd2_T0<==>Selenok_M2,Chchd2_T0,Selenok_M2
Chchd2_T0<==>Prdx5_M2,Chchd2_T0,Prdx5_M2
Chchd2_T0<==>Tmsb4x_T6,Chchd2_T0,Tmsb4x_T6
Chchd2_T1<==>Sem1_M1,Chchd2_T1,Sem1_M1
Chchd2_T1<==>Arl8b_M1,Chchd2_T1,Arl8b_M1
Chchd2_T1<==>Actg1_B0,Chchd2_T1,Actg1_B0
Chchd2_T1<==>Aif1_M4,Chchd2_T1,Aif1_M4
Chchd2_T2<==>Bst2_B3,Chchd2_T2,Bst2_B3
Chchd2_T2<==>Rpl13_M3,Chchd2_T2,Rpl13_M3
Chchd2_T2<==>Rpsa_M5,Chchd2_T2,Rpsa_M5
Chchd2_T2<==>Ighg1_B2,Chchd2_T2,Ighg1_B2
Chchd2_T2<==>H2-D1_B2,Chchd2_T2,H2-D1_B2
Chchd2_T2<==>Reep5_T2,Chchd2_T2,Reep5_T2
Chchd2_T2<==>Paip2_T5,Chchd2_T2,Paip2_T5
Chchd2_T2<==>Cdk2ap2_M0,Chchd2_T2,Cdk2ap2_M0
Chchd2_T3<==>Ndufa4_T2,Chchd2_T3,Ndufa4_T2
Chchd2_T3<==>Atp6v1e1_M5,Chchd2_T3,Atp6v1e1_M5
Chchd2_T3<==>Fus_M0,Chchd2_T3,Fus_M0
Chchd2_T3<==>Ets1_T2,Chchd2_T3,Ets1_T2
Chchd2_T3<==>Rab8b_M3,Chchd2_T3,Rab8b_M3
Chchd2_T3<==>Rpl29_B1,Chchd2_T3,Rpl29_B1
Chchd2_T3<==>Rps15_T1,Chchd2_T3,Rps15_T1
Chchd2_T3<==>Slc25a3_T1,Chchd2_T3,Slc25a3_T1
Chchd2_T3<==>Slfn1_M2,Chchd2_T3,Slfn1_M2
Chchd2_T3<==>Stat3_B1,Chchd2_T3,Stat3_B1
Chchd2_T3<==>Prkar1a_T2,Chchd2_T3,Prkar1a_T2
Chchd2_T3<==>Cyth1_M3,Chchd2_T3,Cyth1_M3
Chchd2_T3<==>Igha_T2,Chchd2_T3,Igha_T2
Chchd2_T3<==>BC005537_M3,Chchd2_T3,BC005537_M3
Chchd2_T3<==>Gpbp1_M3,Chchd2_T3,Gpbp1_M3
Chchd2_T3<==>Rps24_B5,Chchd2_T3,Rps24_B5
Chchd2_T3<==>Tnrc6b_B3,Chchd2_T3,Tnrc6b_B3
Chchd2_T3<==>Gm42418_B4,Chchd2_T3,Gm42418_B4
Chchd2_T3<==>Tmsb4x_M5,Chchd2_T3,Tmsb4x_M5
Chchd2_T4<==>Rabac1_B3,Chchd2_T4,Rabac1_B3
Chchd2_T4<==>Cyba_T4,Chchd2_T4,Cyba_T4
Chchd2_T4<==>Shisa5_B2,Chchd2_T4,Shisa5_B2
Chchd2_T4<==>Cox8a_B1,Chchd2_T4,Cox8a_B1
Chchd2_T5<==>Bola2_M3,Chchd2_T5,Bola2_M3
Chchd2_T5<==>Sept7_T2,Chchd2_T5,Sept7_T2
Chchd2_T5<==>Rpsa_M3,Chchd2_T5,Rpsa_M3
Chchd2_T5<==>Pitpna_M0,Chchd2_T5,Pitpna_M0
Chchd2_T5<==>Ighg2c_B3,Chchd2_T5,Ighg2c_B3
Chchd2_T5<==>Pxdc1_T7,Chchd2_T5,Pxdc1_T7
Chchd2_T5<==>Rps2_T0,Chchd2_T5,Rps2_T0
Chchd2_T5<==>Ostf1_B1,Chchd2_T5,Ostf1_B1
Tmem248_B3<==>Creb5_M1,Tmem248_B3,Creb5_M1
Tmem248_B3<==>Hsp90ab1_B3,Tmem248_B3,Hsp90ab1_B3
Ncf1_B5<==>Aebp2_T2,Ncf1_B5,Aebp2_T2
Ncf1_B5<==>Gde1_M1,Ncf1_B5,Gde1_M1
Ncf1_B5<==>Gadd45b_M3,Ncf1_B5,Gadd45b_M3
Ncf1_B5<==>Ppia_M3,Ncf1_B5,Ppia_M3
Ncf1_B5<==>Cxcl16_M3,Ncf1_B5,Cxcl16_M3
Ncf1_B5<==>Il2rb_T5,Ncf1_B5,Il2rb_T5
Ncf1_B5<==>Plaat3_T5,Ncf1_B5,Plaat3_T5
Ncf1_B5<==>BE692007_T6_3,Ncf1_B5,BE692007_T6_3
Ncf1_M4<==>Tm2d2_M4,Ncf1_M4,Tm2d2_M4
Ncf1_M4<==>Snx20_M1,Ncf1_M4,Snx20_M1
Ncf1_M4<==>Spag9_M3,Ncf1_M4,Spag9_M3
Ncf1_M4<==>Tnfaip2_M5,Ncf1_M4,Tnfaip2_M5
Ncf1_M4<==>Cct8_T5,Ncf1_M4,Cct8_T5
Ncf1_M4<==>H2-K1_M0,Ncf1_M4,H2-K1_M0
Ncf1_M4<==>H2-K1_M7,Ncf1_M4,H2-K1_M7
Ncf1_M4<==>Ahnak_T4,Ncf1_M4,Ahnak_T4
Eif4h_M3<==>Gimap3_M5,Eif4h_M3,Gimap3_M5
Eif4h_M3<==>Lilrb4a_T0,Eif4h_M3,Lilrb4a_T0
Mdh2_M3<==>Gimap4_T0,Mdh2_M3,Gimap4_T0
Mdh2_M3<==>Cd3e_T2,Mdh2_M3,Cd3e_T2
Mdh2_M3<==>Rel_B5,Mdh2_M3,Rel_B5
Mdh2_M3<==>Lgmn_M3,Mdh2_M3,Lgmn_M3
Mdh2_M3<==>mt-Atp6_B0,Mdh2_M3,mt-Atp6_B0
Fis1_M0<==>Gapdh_M0,Fis1_M0,Gapdh_M0
Fis1_M0<==>Psmb6_M0,Fis1_M0,Psmb6_M0
Fis1_M0<==>Tpt1_B5,Fis1_M0,Tpt1_B5
Fis1_M0<==>Rps2_B2,Fis1_M0,Rps2_B2
Fis1_M0<==>Rps2_T4,Fis1_M0,Rps2_T4
Fis1_M0<==>Psmb8_T4,Fis1_M0,Psmb8_T4
Fis1_M0<==>Cox8a_M0,Fis1_M0,Cox8a_M0
Fis1_T4<==>Maf_T2,Fis1_T4,Maf_T2
Fis1_T4<==>Rplp1_B2,Fis1_T4,Rplp1_B2
Fis1_T4<==>Rplp1_B5,Fis1_T4,Rplp1_B5
Fis1_T4<==>Bcl2a1b_T4,Fis1_T4,Bcl2a1b_T4
Fis1_T4<==>Cdv3_M4,Fis1_T4,Cdv3_M4
Fis1_T4<==>Sumo2_T4,Fis1_T4,Sumo2_T4
Fis1_T4<==>Vdac2_M0,Fis1_T4,Vdac2_M0
Fis1_T4<==>Ndufb9_M0,Fis1_T4,Ndufb9_M0
Fis1_T4<==>Cd47_M0,Fis1_T4,Cd47_M0
Fis1_T4<==>Ndufb8_M0,Fis1_T4,Ndufb8_M0
Fis1_T4<==>mt-Cytb_M0,Fis1_T4,mt-Cytb_M0
Gnb2_M3<==>Ap2s1_M3,Gnb2_M3,Ap2s1_M3
Gnb2_M3<==>Hexa_M3,Gnb2_M3,Hexa_M3
Gnb2_M3<==>Atp5b_M3,Gnb2_M3,Atp5b_M3
Gnb2_M3<==>Sqstm1_M1,Gnb2_M3,Sqstm1_M1
Gnb2_M3<==>Pfn1_T3,Gnb2_M3,Pfn1_T3
Gnb2_M3<==>Clic1_M3,Gnb2_M3,Clic1_M3
Gnb2_M4<==>Actb_M4,Gnb2_M4,Actb_M4
Gnb2_M4<==>BC005537_M3,Gnb2_M4,BC005537_M3
Gnb2_M4<==>Gm42418_B4,Gnb2_M4,Gm42418_B4
Actb_B1<==>Rps7_B1,Actb_B1,Rps7_B1
Actb_B1<==>Psmb9_M3,Actb_B1,Psmb9_M3
Actb_B4<==>Sub1_B3,Actb_B4,Sub1_B3
Actb_B5<==>Pa2g4_T5,Actb_B5,Pa2g4_T5
Actb_B5<==>Eif1_T1,Actb_B5,Eif1_T1
Actb_B5<==>Ablim1_T6,Actb_B5,Ablim1_T6
Actb_M0<==>Psme2_M0,Actb_M0,Psme2_M0
Actb_M0<==>Ms4a4c_M0,Actb_M0,Ms4a4c_M0
Actb_M0<==>Ms4a6d_M0,Actb_M0,Ms4a6d_M0
Actb_M3<==>Actb_T5,Actb_M3,Actb_T5
Actb_M3<==>Cdkn1b_T4,Actb_M3,Cdkn1b_T4
Actb_M3<==>Rpl13_B5,Actb_M3,Rpl13_B5
Actb_M3<==>Cd3e_T2,Actb_M3,Cd3e_T2
Actb_M3<==>Rab8b_T1,Actb_M3,Rab8b_T1
Actb_M3<==>Rab8b_T2,Actb_M3,Rab8b_T2
Actb_M3<==>Rab8b_T3,Actb_M3,Rab8b_T3
Actb_M3<==>Rab8b_T4,Actb_M3,Rab8b_T4
Actb_M3<==>Cct4_M3,Actb_M3,Cct4_M3
Actb_M3<==>Cltc_M1,Actb_M3,Cltc_M1
Actb_M3<==>Actg1_M3,Actb_M3,Actg1_M3
Actb_M3<==>Rps7_B1,Actb_M3,Rps7_B1
Actb_M3<==>Rps29_T1,Actb_M3,Rps29_T1
Actb_M3<==>Rps29_T6_2,Actb_M3,Rps29_T6_2
Actb_M3<==>Cox7c_B5,Actb_M3,Cox7c_B5
Actb_M3<==>Rpl37_T2,Actb_M3,Rpl37_T2
Actb_M3<==>Gm42418_T1,Actb_M3,Gm42418_T1
Actb_M3<==>Rpl36_T5,Actb_M3,Rpl36_T5
Actb_M3<==>Calm2_B3,Actb_M3,Calm2_B3
Actb_M3<==>Rpl17_B5,Actb_M3,Rpl17_B5
Actb_M3<==>mt-Co2_T2,Actb_M3,mt-Co2_T2
Actb_M3<==>mt-Atp6_B0,Actb_M3,mt-Atp6_B0
Actb_M3<==>mt-Atp6_T4,Actb_M3,mt-Atp6_T4
Actb_M4<==>mt-Atp6_T6,Actb_M4,mt-Atp6_T6
Actb_T0<==>Eef1a1_M0,Actb_T0,Eef1a1_M0
Actb_T0<==>Cd164_T4,Actb_T0,Cd164_T4
Actb_T0<==>Serpinb9_M3,Actb_T0,Serpinb9_M3
Actb_T0<==>Rpl10a_M0,Actb_T0,Rpl10a_M0
Actb_T0<==>Calm2_T3,Actb_T0,Calm2_T3
Actb_T0<==>Crem_M4,Actb_T0,Crem_M4
Actb_T0<==>Nr3c1_T4,Actb_T0,Nr3c1_T4
Actb_T0<==>Ssr4_O7,Actb_T0,Ssr4_O7
Actb_T1<==>Rpl24_B2,Actb_T1,Rpl24_B2
Actb_T1<==>Ptprcap_T5,Actb_T1,Ptprcap_T5
Actb_T1<==>Tmsb4x_T1,Actb_T1,Tmsb4x_T1
Actb_T1<==>mt-Cytb_T4,Actb_T1,mt-Cytb_T4
Actb_T2<==>Isy1_T4,Actb_T2,Isy1_T4
Actb_T2<==>Clec2d_M3,Actb_T2,Clec2d_M3
Actb_T2<==>Rpl13_T6,Actb_T2,Rpl13_T6
Actb_T2<==>Tmem123_M3,Actb_T2,Tmem123_M3
Actb_T2<==>Tmem123_T5,Actb_T2,Tmem123_T5
Actb_T2<==>Pfn1_T2,Actb_T2,Pfn1_T2
Actb_T3<==>Gimap6_T3,Actb_T3,Gimap6_T3
Actb_T3<==>Tgfb1_M4,Actb_T3,Tgfb1_M4
Actb_T3<==>Srgn_B3,Actb_T3,Srgn_B3
Actb_T3<==>Srgn_M3,Actb_T3,Srgn_M3
Actb_T3<==>Tbc1d15_B3,Actb_T3,Tbc1d15_B3
Actb_T3<==>Rps26_T5,Actb_T3,Rps26_T5
Actb_T3<==>Pfn1_T3,Actb_T3,Pfn1_T3
Actb_T3<==>Nme2_M3,Actb_T3,Nme2_M3
Actb_T3<==>Prkar1a_T3,Actb_T3,Prkar1a_T3
Actb_T3<==>Ighv5-6_B5,Actb_T3,Ighv5-6_B5
Actb_T3<==>Ighv1-56_B3,Actb_T3,Ighv1-56_B3
Actb_T3<==>Serpinb6b_M3,Actb_T3,Serpinb6b_M3
Actb_T3<==>Azin1_B3,Actb_T3,Azin1_B3
Actb_T3<==>Ly6e_M1,Actb_T3,Ly6e_M1
Actb_T3<==>Tmsb4x_T3,Actb_T3,Tmsb4x_T3
Actb_T4<==>Ighv1-61_B3,Actb_T4,Ighv1-61_B3
Actb_T5<==>Rplp2_T1,Actb_T5,Rplp2_T1
Actb_T5<==>Ccr9_M7,Actb_T5,Ccr9_M7
Actb_T5<==>Ptges3_B1,Actb_T5,Ptges3_B1
Actb_T5<==>Rps24_B5,Actb_T5,Rps24_B5
Actb_T5<==>Rpl37_T2,Actb_T5,Rpl37_T2
Actb_T5<==>Gm42418_T1,Actb_T5,Gm42418_T1
Actb_T6<==>Hexa_M3,Actb_T6,Hexa_M3
Rac1_B3<==>Rpl30_M5,Rac1_B3,Rpl30_M5
Rac1_M0<==>Arhgdib_T4,Rac1_M0,Arhgdib_T4
Rac1_M0<==>Ucp2_M3,Rac1_M0,Ucp2_M3
Rac1_M0<==>Actr2_M0,Rac1_M0,Actr2_M0
Rac1_M0<==>Grap_B4,Rac1_M0,Grap_B4
Rac1_M0<==>Arhgdia_M0,Rac1_M0,Arhgdia_M0
Rac1_M0<==>Ighv5-9-1_B3,Rac1_M0,Ighv5-9-1_B3
Rac1_M0<==>Lamp2_M0,Rac1_M0,Lamp2_M0
Rac1_M3<==>Rps3_M3,Rac1_M3,Rps3_M3
Rac1_M3<==>Bcl2a1b_T3,Rac1_M3,Bcl2a1b_T3
Rac1_M3<==>Atp5j_M3,Rac1_M3,Atp5j_M3
Rac1_M3<==>Ubxn1_M3,Rac1_M3,Ubxn1_M3
Rac1_T1<==>mt-Co2_M0,Rac1_T1,mt-Co2_M0
Bri3_B1<==>Jund_T1,Bri3_B1,Jund_T1
Bri3_B1<==>Irf2bp2_B1,Bri3_B1,Irf2bp2_B1
Bri3_B1<==>Ccr1_M1,Bri3_B1,Ccr1_M1
Bri3_B1<==>Ppp2ca_T2,Bri3_B1,Ppp2ca_T2
Bri3_B1<==>Psma2_T5,Bri3_B1,Psma2_T5
Bri3_B4<==>Dennd4a_B4,Bri3_B4,Dennd4a_B4
Bri3_B4<==>Dazap2_M0,Bri3_B4,Dazap2_M0
Bri3_B4<==>Rpl36a_B4,Bri3_B4,Rpl36a_B4
Bri3_B5<==>Foxp1_B2,Bri3_B5,Foxp1_B2
Bri3_B5<==>H2-K1_T7,Bri3_B5,H2-K1_T7
Bri3_B5<==>H2-D1_B1,Bri3_B5,H2-D1_B1
Bri3_B5<==>Tcf4_M7,Bri3_B5,Tcf4_M7
Bri3_M0<==>Tmem160_M0,Bri3_M0,Tmem160_M0
Bri3_M0<==>Saraf_T3,Bri3_M0,Saraf_T3
Bri3_M0<==>Map1lc3b_M0,Bri3_M0,Map1lc3b_M0
Bri3_M0<==>Cwc15_T2,Bri3_M0,Cwc15_T2
Bri3_M0<==>Atp1b3_M0,Bri3_M0,Atp1b3_M0
Bri3_M0<==>Sumo2_M0,Bri3_M0,Sumo2_M0
Bri3_M0<==>Atp5j_M0,Bri3_M0,Atp5j_M0
Bri3_M0<==>AY036118_M0,Bri3_M0,AY036118_M0
Bri3_M0<==>Ube2d2a_M0,Bri3_M0,Ube2d2a_M0
Bri3_M3<==>Igkv10-96_B2,Bri3_M3,Igkv10-96_B2
Bri3_M3<==>Sub1_M4,Bri3_M3,Sub1_M4
Bri3_M3<==>Nckap1l_M1,Bri3_M3,Nckap1l_M1
Bri3_M3<==>AY036118_M0,Bri3_M3,AY036118_M0
Arpc1b_B1<==>Tpm4_T4,Arpc1b_B1,Tpm4_T4
Arpc1b_B2<==>Eif3c_M0,Arpc1b_B2,Eif3c_M0
Arpc1b_B2<==>Hmgb2_T3,Arpc1b_B2,Hmgb2_T3
Arpc1b_B2<==>Ubl5_M0,Arpc1b_B2,Ubl5_M0
Arpc1b_B2<==>Gpx1_M0,Arpc1b_B2,Gpx1_M0
Arpc1b_B2<==>Snrpf_B1,Arpc1b_B2,Snrpf_B1
Arpc1b_B2<==>Uqcrq_M0,Arpc1b_B2,Uqcrq_M0
Arpc1b_B2<==>Cox6c_M0,Arpc1b_B2,Cox6c_M0
Arpc1b_B2<==>Ndufa6_B1,Arpc1b_B2,Ndufa6_B1
Arpc1b_B2<==>Ezr_M4,Arpc1b_B2,Ezr_M4
Arpc1b_B2<==>mt-Nd3_B1,Arpc1b_B2,mt-Nd3_B1
Arpc1b_B2<==>Igkv9-120_B3,Arpc1b_B2,Igkv9-120_B3
Arpc1b_B3<==>Igkc_B2,Arpc1b_B3,Igkc_B2
Arpc1b_B3<==>Hint1_B3,Arpc1b_B3,Hint1_B3
Arpc1b_B3<==>Grb2_B3,Arpc1b_B3,Grb2_B3
Arpc1b_B3<==>Eif5_M1,Arpc1b_B3,Eif5_M1
Arpc1b_B3<==>Crip1_B3,Arpc1b_B3,Crip1_B3
Arpc1b_B3<==>Nedd8_B3,Arpc1b_B3,Nedd8_B3
Arpc1b_B3<==>Elf1_B3,Arpc1b_B3,Elf1_B3
Arpc1b_B3<==>Sub1_B3,Arpc1b_B3,Sub1_B3
Arpc1b_B3<==>Azin1_B3,Arpc1b_B3,Azin1_B3
Arpc1b_B3<==>Smdt1_B3,Arpc1b_B3,Smdt1_B3
Arpc1b_B3<==>Ctsw_T0,Arpc1b_B3,Ctsw_T0
Arpc1b_M0<==>Crip1_T1,Arpc1b_M0,Crip1_T1
Arpc1b_M3<==>Havcr2_M4,Arpc1b_M3,Havcr2_M4
Arpc1b_M3<==>Fam49b_M3,Arpc1b_M3,Fam49b_M3
Arpc1b_M4<==>mt-Co3_B5,Arpc1b_M4,mt-Co3_B5
Arpc1b_M5<==>Itgb1_M5,Arpc1b_M5,Itgb1_M5
Arpc1b_T1<==>Napsa_M3,Arpc1b_T1,Napsa_M3
Arpc1b_T1<==>Ptprcap_T4,Arpc1b_T1,Ptprcap_T4
Arpc1b_T1<==>Ms4a6c_M0,Arpc1b_T1,Ms4a6c_M0
Arpc1b_T1<==>Rps4x_T3,Arpc1b_T1,Rps4x_T3
Arpc1b_T3<==>Mif_T4,Arpc1b_T3,Mif_T4
Arpc1b_T3<==>Calm1_M0,Arpc1b_T3,Calm1_M0
Arpc1b_T3<==>mt-Nd1_B0,Arpc1b_T3,mt-Nd1_B0
Arpc1b_T4<==>Klf2_T6,Arpc1b_T4,Klf2_T6
Arpc1b_T5<==>Gramd3_T0,Arpc1b_T5,Gramd3_T0
Arpc1b_T7<==>Calr_B3,Arpc1b_T7,Calr_B3
Arpc1b_T7<==>Rpl24_T2,Arpc1b_T7,Rpl24_T2
Atp5j2_M0<==>Rps16_T3,Atp5j2_M0,Rps16_T3
Atp5j2_M0<==>Furin_T4,Atp5j2_M0,Furin_T4
Atp5j2_M0<==>Ndufa13_T4,Atp5j2_M0,Ndufa13_T4
Atp5j2_M0<==>Gpx1_M0,Atp5j2_M0,Gpx1_M0
Atp5j2_M0<==>Tma7_T4,Atp5j2_M0,Tma7_T4
Atp5j2_M0<==>Rpsa_M5,Atp5j2_M0,Rpsa_M5
Atp5j2_M0<==>Arhgdia_M0,Atp5j2_M0,Arhgdia_M0
Atp5j2_M0<==>Rps14_M3,Atp5j2_M0,Rps14_M3
Atp5j2_M0<==>Ndufa1_M0,Atp5j2_M0,Ndufa1_M0
Atp5j2_M1<==>Atox1_M1,Atp5j2_M1,Atox1_M1
Atp5j2_M1<==>Ighv5-17_B2,Atp5j2_M1,Ighv5-17_B2
Atp5j2_M1<==>Msrb1_M1,Atp5j2_M1,Msrb1_M1
Atp5j2_M3<==>Furin_M5,Atp5j2_M3,Furin_M5
Atp5j2_M3<==>Ucp2_M3,Atp5j2_M3,Ucp2_M3
Atp5j2_M3<==>Ndufa13_T4,Atp5j2_M3,Ndufa13_T4
Atp5j2_M3<==>Tma7_M3,Atp5j2_M3,Tma7_M3
Atp5j2_M3<==>Tma7_T4,Atp5j2_M3,Tma7_T4
Atp5j2_M3<==>Pdia6_M3,Atp5j2_M3,Pdia6_M3
Atp5j2_M3<==>Eif5_B1,Atp5j2_M3,Eif5_B1
Atp5j2_M3<==>Uqcrb_B1,Atp5j2_M3,Uqcrb_B1
Atp5j2_M3<==>Gng2_M4,Atp5j2_M3,Gng2_M4
Atp5j2_M3<==>Psme1_M3,Atp5j2_M3,Psme1_M3
Atp5j2_M3<==>Hcls1_M4,Atp5j2_M3,Hcls1_M4
Atp5j2_M3<==>H2-D1_B1,Atp5j2_M3,H2-D1_B1
Atp5j2_M3<==>H2-D1_B5,Atp5j2_M3,H2-D1_B5
Atp5j2_M3<==>Rpl17_T3,Atp5j2_M3,Rpl17_T3
Atp5j2_M3<==>Ndufb11_B1,Atp5j2_M3,Ndufb11_B1
Atp5j2_M3<==>mt-Nd3_M5,Atp5j2_M3,mt-Nd3_M5
Atp5j2_T4<==>Hmgb2_T4,Atp5j2_T4,Hmgb2_T4
Atp5j2_T4<==>Atp6v0d1_M3,Atp5j2_T4,Atp6v0d1_M3
Atp5j2_T4<==>Rpl13_T5,Atp5j2_T4,Rpl13_T5
Atp5j2_T4<==>Rpl4_B1,Atp5j2_T4,Rpl4_B1
Atp5j2_T4<==>Rpl4_T3,Atp5j2_T4,Rpl4_T3
Atp5j2_T4<==>Eef1a1_B1,Atp5j2_T4,Eef1a1_B1
Atp5j2_T4<==>Tma7_T4,Atp5j2_T4,Tma7_T4
Atp5j2_T4<==>Uqcr11_M0,Atp5j2_T4,Uqcr11_M0
Atp5j2_T4<==>Sec61g_T4,Atp5j2_T4,Sec61g_T4
Atp5j2_T4<==>Gfpt2_O7,Atp5j2_T4,Gfpt2_O7
Atp5j2_T4<==>Odc1_B1,Atp5j2_T4,Odc1_B1
Atp5j2_T4<==>Ndufb1-ps_T4,Atp5j2_T4,Ndufb1-ps_T4
Atp5j2_T4<==>Crip1_B2,Atp5j2_T4,Crip1_B2
Atp5j2_T4<==>Cox7a2l_M0,Atp5j2_T4,Cox7a2l_M0
Atp5j2_T4<==>Rpl17_B1,Atp5j2_T4,Rpl17_B1
Atp5j2_T4<==>Atp5md_T1,Atp5j2_T4,Atp5md_T1
Atp5j2_T4<==>Dusp5_M5,Atp5j2_T4,Dusp5_M5
Atp5j2_T4<==>Rps4x_B1,Atp5j2_T4,Rps4x_B1
Atp5j2_T4<==>Rps4x_B5,Atp5j2_T4,Rps4x_B5
Rpl21_M1<==>Fxyd5_M1,Rpl21_M1,Fxyd5_M1
Rpl21_M1<==>Rps11_M1,Rpl21_M1,Rps11_M1
Rpl21_M1<==>Ubb_M1,Rpl21_M1,Ubb_M1
Rpl21_M3<==>Rps3_M3,Rpl21_M3,Rps3_M3
Rpl21_M3<==>Eif3f_M3,Rpl21_M3,Eif3f_M3
Rpl21_M3<==>Rps27a_M3,Rpl21_M3,Rps27a_M3
Rpl21_M3<==>Rpl23_M3,Rpl21_M3,Rpl23_M3
Rpl21_M3<==>Rps18_M3,Rpl21_M3,Rps18_M3
Rpl21_M3<==>Psmb8_B2,Rpl21_M3,Psmb8_B2
Rpl21_M3<==>Rpl17_M3,Rpl21_M3,Rpl17_M3
Rpl21_M3<==>Rps4x_M3,Rpl21_M3,Rps4x_M3
Rpl21_M4<==>Rpl28_M3,Rpl21_M4,Rpl28_M3
Rpl21_M4<==>Rpl28_M4,Rpl21_M4,Rpl28_M4
Rpl21_T1<==>Rhog_M1,Rpl21_T1,Rhog_M1
Rpl21_T1<==>Cwc15_T4,Rpl21_T1,Cwc15_T4
Rpl21_T1<==>Rps27a_T1,Rpl21_T1,Rps27a_T1
Rpl21_T1<==>Ifi27l2a_T2,Rpl21_T1,Ifi27l2a_T2
Rpl21_T1<==>Ly6e_T3,Rpl21_T1,Ly6e_T3
Rpl21_T2<==>Mmrn2_O10,Rpl21_T2,Mmrn2_O10
Rpl21_T2<==>Rps18_T3,Rpl21_T2,Rps18_T3
Rpl21_T2<==>Gm42418_B1,Rpl21_T2,Gm42418_B1
Rpl21_T2<==>Gm42418_B5,Rpl21_T2,Gm42418_B5
Rpl21_T2<==>Lamp2_M4,Rpl21_T2,Lamp2_M4
Rpl21_T3<==>Nme2_M3,Rpl21_T3,Nme2_M3
Rpl21_T3<==>Foxn3_M4,Rpl21_T3,Foxn3_M4
Polr1d_B4<==>Ctsd_M1,Polr1d_B4,Ctsd_M1
Polr1d_B4<==>Txnrd1_M0,Polr1d_B4,Txnrd1_M0
Polr1d_B5<==>Igkv10-96_B2,Polr1d_B5,Igkv10-96_B2
Polr1d_B5<==>Gabarapl2_T0,Polr1d_B5,Gabarapl2_T0
Polr1d_B5<==>Cox8a_T2,Polr1d_B5,Cox8a_T2
Polr1d_T4<==>Rpl28_M3,Polr1d_T4,Rpl28_M3
Polr1d_T4<==>Pkm_M3,Polr1d_T4,Pkm_M3
Polr1d_T4<==>Bcl2a1b_T4,Polr1d_T4,Bcl2a1b_T4
Polr1d_T4<==>Smpdl3a_M5,Polr1d_T4,Smpdl3a_M5
Polr1d_T4<==>Atp5d_T5,Polr1d_T4,Atp5d_T5
Polr1d_T4<==>Npc2_B3,Polr1d_T4,Npc2_B3
Polr1d_T4<==>Ighv14-2_B3,Polr1d_T4,Ighv14-2_B3
Polr1d_T4<==>Gm10076_M3,Polr1d_T4,Gm10076_M3
Polr1d_T4<==>Cd47_T4,Polr1d_T4,Cd47_T4
Polr1d_T4<==>Tomm6_T4,Polr1d_T4,Tomm6_T4
Polr1d_T4<==>Rpl39_M3,Polr1d_T4,Rpl39_M3
Polr1d_T4<==>Ssr4_B1,Polr1d_T4,Ssr4_B1
Polr1d_T4<==>Rpl36a_M3,Polr1d_T4,Rpl36a_M3
Flt3_M4<==>Ppp2ca_T5,Flt3_M4,Ppp2ca_T5
Flt3_M4<==>Kdm6b_M1,Flt3_M4,Kdm6b_M1
Flt1_O10<==>Maf_T1,Flt1_O10,Maf_T1
Pomp_B4<==>Ubfd1_M4,Pomp_B4,Ubfd1_M4
Pomp_B4<==>Prdx2_M4,Pomp_B4,Prdx2_M4
Pomp_B4<==>Snx20_M3,Pomp_B4,Snx20_M3
Pomp_B4<==>Srgn_T4,Pomp_B4,Srgn_T4
Pomp_B4<==>Hsp90b1_B1,Pomp_B4,Hsp90b1_B1
Pomp_B4<==>Slc25a3_T1,Pomp_B4,Slc25a3_T1
Pomp_B4<==>Uqcrq_M4,Pomp_B4,Uqcrq_M4
Pomp_B4<==>Sumo2_B1,Pomp_B4,Sumo2_B1
Pomp_B4<==>Cyth1_M3,Pomp_B4,Cyth1_M3
Pomp_B4<==>Erh_B4,Pomp_B4,Erh_B4
Pomp_B4<==>Ighg2b_B0,Pomp_B4,Ighg2b_B0
Pomp_B4<==>BC005537_M3,Pomp_B4,BC005537_M3
Pomp_B4<==>Serpinb9_M3,Pomp_B4,Serpinb9_M3
Pomp_B4<==>Ninj1_M3,Pomp_B4,Ninj1_M3
Pomp_B4<==>Il2rb_T4,Pomp_B4,Il2rb_T4
Pomp_B4<==>Iglv1_B0,Pomp_B4,Iglv1_B0
Pomp_B4<==>H2-K1_B2,Pomp_B4,H2-K1_B2
Pomp_B4<==>Entpd1_M1,Pomp_B4,Entpd1_M1
Pomp_B4<==>Got1_T2,Pomp_B4,Got1_T2
Pomp_B4<==>Iglc4_B3,Pomp_B4,Iglc4_B3
Pomp_M0<==>Tmsb10_M0,Pomp_M0,Tmsb10_M0
Pomp_M0<==>Tpi1_M5,Pomp_M0,Tpi1_M5
Pomp_M0<==>Tyrobp_M1,Pomp_M0,Tyrobp_M1
Pomp_M0<==>Tmem219_M4,Pomp_M0,Tmem219_M4
Pomp_M0<==>Atp5g1_M0,Pomp_M0,Atp5g1_M0
Pomp_M0<==>Uqcrb_M0,Pomp_M0,Uqcrb_M0
Pomp_M3<==>Vamp8_M1,Pomp_M3,Vamp8_M1
Pomp_M3<==>Rps16_M3,Pomp_M3,Rps16_M3
Pomp_M3<==>Atp5l_B1,Pomp_M3,Atp5l_B1
Pomp_M3<==>Rps27l_B1,Pomp_M3,Rps27l_B1
Pomp_M3<==>Rhoa_T2,Pomp_M3,Rhoa_T2
Pomp_M3<==>Pfn1_M0,Pomp_M3,Pfn1_M0
Pomp_M3<==>Atp5h_B2,Pomp_M3,Atp5h_B2
Pomp_M3<==>Calm1_B1,Pomp_M3,Calm1_B1
Pomp_M3<==>Ighm_B1,Pomp_M3,Ighm_B1
Pomp_M3<==>Ighv5-17_B3,Pomp_M3,Ighv5-17_B3
Pomp_M3<==>Ighv4-1_B3,Pomp_M3,Ighv4-1_B3
Pomp_M3<==>Tmem14c_M3,Pomp_M3,Tmem14c_M3
Pomp_M3<==>Rps24_M3,Pomp_M3,Rps24_M3
Pomp_M3<==>Creld2_B3,Pomp_M3,Creld2_B3
Pomp_M3<==>Iglv3_B0,Pomp_M3,Iglv3_B0
Pomp_M3<==>Rpl24_T2,Pomp_M3,Rpl24_T2
Pomp_M3<==>H2-K1_T4,Pomp_M3,H2-K1_T4
Pomp_M3<==>H2-DMb2_B1,Pomp_M3,H2-DMb2_B1
Pomp_M3<==>H2-Q7_T2,Pomp_M3,H2-Q7_T2
Pomp_M3<==>Hspa9_M3,Pomp_M3,Hspa9_M3
Pomp_M3<==>Fau_M3,Pomp_M3,Fau_M3
Pomp_M3<==>Cox8a_M4,Pomp_M3,Cox8a_M4
Pomp_M3<==>Rpl10_B5,Pomp_M3,Rpl10_B5
Pomp_M3<==>Xist_T4,Pomp_M3,Xist_T4
Hmgb1_B3<==>Serbp1_B3,Hmgb1_B3,Serbp1_B3
Hmgb1_B4<==>Gimap3_T2,Hmgb1_B4,Gimap3_T2
Hmgb1_B4<==>Igkc_B6_0,Hmgb1_B4,Igkc_B6_0
Hmgb1_M0<==>Plekho2_M0,Hmgb1_M0,Plekho2_M0
Hmgb1_M0<==>Psmb9_B4,Hmgb1_M0,Psmb9_B4
Hmgb1_M0<==>H2-Q6_B2,Hmgb1_M0,H2-Q6_B2
Hmgb1_M0<==>H2-T23_M0,Hmgb1_M0,H2-T23_M0
Hmgb1_M1<==>mt-Nd1_B5,Hmgb1_M1,mt-Nd1_B5
Hmgb1_M3<==>Sec61g_T5,Hmgb1_M3,Sec61g_T5
Hmgb1_M3<==>Atp5mpl_M0,Hmgb1_M3,Atp5mpl_M0
Hmgb1_M3<==>Cox7c_M3,Hmgb1_M3,Cox7c_M3
Hmgb1_M3<==>Rps24_M5,Hmgb1_M3,Rps24_M5
Hmgb1_M3<==>Ptprcap_T2,Hmgb1_M3,Ptprcap_T2
Hmgb1_M3<==>mt-Co2_T5,Hmgb1_M3,mt-Co2_T5
Hmgb1_M3<==>mt-Nd3_B5,Hmgb1_M3,mt-Nd3_B5
Hmgb1_T1<==>Hnrnpa2b1_B1,Hmgb1_T1,Hnrnpa2b1_B1
Hmgb1_T1<==>Clec2d_M1,Hmgb1_T1,Clec2d_M1
Hmgb1_T1<==>Tgfb1_M3,Hmgb1_T1,Tgfb1_M3
Hmgb1_T1<==>Selenos_B3,Hmgb1_T1,Selenos_B3
Hmgb1_T1<==>Rpl13_B5,Hmgb1_T1,Rpl13_B5
Hmgb1_T1<==>Ets1_T2,Hmgb1_T1,Ets1_T2
Hmgb1_T1<==>Ets1_T5,Hmgb1_T1,Ets1_T5
Hmgb1_T1<==>Rab8b_T0,Hmgb1_T1,Rab8b_T0
Hmgb1_T1<==>Rab8b_T1,Hmgb1_T1,Rab8b_T1
Hmgb1_T1<==>Rab8b_T4,Hmgb1_T1,Rab8b_T4
Hmgb1_T1<==>Sqstm1_M1,Hmgb1_T1,Sqstm1_M1
Hmgb1_T1<==>Sqstm1_M3,Hmgb1_T1,Sqstm1_M3
Hmgb1_T1<==>Ppp2ca_M3,Hmgb1_T1,Ppp2ca_M3
Hmgb1_T1<==>Kdm6b_M1,Hmgb1_T1,Kdm6b_M1
Hmgb1_T1<==>Rps29_T1,Hmgb1_T1,Rps29_T1
Hmgb1_T1<==>Sema4d_M3,Hmgb1_T1,Sema4d_M3
Hmgb1_T1<==>Rpl37_T1,Hmgb1_T1,Rpl37_T1
Hmgb1_T1<==>Rpl37_T2,Hmgb1_T1,Rpl37_T2
Hmgb1_T1<==>Sub1_B3,Hmgb1_T1,Sub1_B3
Hmgb1_T1<==>Ywhaz_B1,Hmgb1_T1,Ywhaz_B1
Hmgb1_T1<==>Ywhaz_B3,Hmgb1_T1,Ywhaz_B3
Hmgb1_T1<==>Ywhaz_T1,Hmgb1_T1,Ywhaz_T1
Hmgb1_T1<==>Ago2_M4,Hmgb1_T1,Ago2_M4
Hmgb1_T1<==>H2-K1_M2,Hmgb1_T1,H2-K1_M2
Hmgb1_T1<==>Rpl36_T5,Hmgb1_T1,Rpl36_T5
Hmgb1_T1<==>Paip2_T2,Hmgb1_T1,Paip2_T2
Hmgb1_T1<==>Cd14_M1,Hmgb1_T1,Cd14_M1
Hmgb1_T1<==>Tnfaip8_M4,Hmgb1_T1,Tnfaip8_M4
Alox5ap_M0<==>Rhoa_M0,Alox5ap_M0,Rhoa_M0
Alox5ap_M0<==>Rpl41_M5,Alox5ap_M0,Rpl41_M5
Alox5ap_M0<==>Ighv14-2_B3,Alox5ap_M0,Ighv14-2_B3
Alox5ap_M0<==>Tspo_M0,Alox5ap_M0,Tspo_M0
Alox5ap_M0<==>Msrb1_M0,Alox5ap_M0,Msrb1_M0
Alox5ap_M0<==>Clic1_M0,Alox5ap_M0,Clic1_M0
Alox5ap_M0<==>AW112010_M0,Alox5ap_M0,AW112010_M0
Alox5ap_M0<==>Msn_M0,Alox5ap_M0,Msn_M0
Alox5ap_M4<==>Luc7l2_M0,Alox5ap_M4,Luc7l2_M0
Alox5ap_M4<==>Ctsh_M0,Alox5ap_M4,Ctsh_M0
Alox5ap_M4<==>Gnai2_T4,Alox5ap_M4,Gnai2_T4
Alox5ap_M4<==>Atp2b1_M2,Alox5ap_M4,Atp2b1_M2
Alox5ap_M4<==>Hint1_T4,Alox5ap_M4,Hint1_T4
Alox5ap_M4<==>Pdcd6_M4,Alox5ap_M4,Pdcd6_M4
Alox5ap_M4<==>Tspo_T4,Alox5ap_M4,Tspo_T4
Alox5ap_M4<==>H2-Q7_T3,Alox5ap_M4,H2-Q7_T3
Alox5ap_M4<==>Lrg1_M2,Alox5ap_M4,Lrg1_M2
Alox5ap_M4<==>Plaat3_M5,Alox5ap_M4,Plaat3_M5
Alox5ap_M4<==>Avpi1_T4,Alox5ap_M4,Avpi1_T4
N4bp2l2_B1<==>Rps15_T3,N4bp2l2_B1,Rps15_T3
N4bp2l2_B1<==>Igha_T1,N4bp2l2_B1,Igha_T1
N4bp2l2_B5<==>Rps27a_B5,N4bp2l2_B5,Rps27a_B5
N4bp2l2_B5<==>Nme2_B5,N4bp2l2_B5,Nme2_B5
Pon3_B3<==>Spcs3_B3,Pon3_B3,Spcs3_B3
Pon3_B3<==>Spcs1_B3,Pon3_B3,Spcs1_B3
Pon3_B3<==>Fkbp2_B3,Pon3_B3,Fkbp2_B3
Sem1_B3<==>Man1a_B3,Sem1_B3,Man1a_B3
Sem1_B3<==>Pdia6_B3,Sem1_B3,Pdia6_B3
Sem1_B3<==>Selenop_T4,Sem1_B3,Selenop_T4
Sem1_M1<==>Abracl_T2,Sem1_M1,Abracl_T2
Sem1_M1<==>Selenop_M1,Sem1_M1,Selenop_M1
Sem1_M1<==>Iglc3_B0,Sem1_M1,Iglc3_B0
Sem1_M1<==>H2-K1_B5,Sem1_M1,H2-K1_B5
Sem1_M2<==>Myh9_M1,Sem1_M2,Myh9_M1
Sem1_M3<==>Rab7_M0,Sem1_M3,Rab7_M0
Sem1_M3<==>Eif4a1_B5,Sem1_M3,Eif4a1_B5
Sem1_M3<==>Mrpl52_B1,Sem1_M3,Mrpl52_B1
Sem1_M3<==>Tmsb4x_T7,Sem1_M3,Tmsb4x_T7
Sem1_M3<==>mt-Nd2_B0,Sem1_M3,mt-Nd2_B0
Ndufa4_B3<==>Gmfg_M1,Ndufa4_B3,Gmfg_M1
Ndufa4_M3<==>Tmf1_B4,Ndufa4_M3,Tmf1_B4
Ndufa4_M3<==>Ncoa7_T7,Ndufa4_M3,Ncoa7_T7
Ndufa4_M3<==>Evi2a_M1,Ndufa4_M3,Evi2a_M1
Ndufa4_T1<==>Dennd5b_B3,Ndufa4_T1,Dennd5b_B3
Ndufa4_T1<==>Eif4g2_O7,Ndufa4_T1,Eif4g2_O7
Ndufa4_T1<==>Slit3_O7,Ndufa4_T1,Slit3_O7
Ndufa4_T1<==>Ywhaz_B4,Ndufa4_T1,Ywhaz_B4
Ndufa4_T1<==>Hnrnph2_M3,Ndufa4_T1,Hnrnph2_M3
Ndufa4_T2<==>Wnk1_T1,Ndufa4_T2,Wnk1_T1
Ndufa4_T2<==>Tpm4_T3,Ndufa4_T2,Tpm4_T3
Ndufa4_T2<==>Snx20_M3,Ndufa4_T2,Snx20_M3
Ndufa4_T2<==>Rpl27_M3,Ndufa4_T2,Rpl27_M3
Ndufa4_T2<==>Sumo2_B5,Ndufa4_T2,Sumo2_B5
Ndufa4_T2<==>Sumo2_M4,Ndufa4_T2,Sumo2_M4
Ndufa4_T2<==>Gpr183_M5,Ndufa4_T2,Gpr183_M5
Ndufa4_T2<==>Sub1_B5,Ndufa4_T2,Sub1_B5
Ndufa4_T2<==>Vapa_M0,Ndufa4_T2,Vapa_M0
Ndufa4_T2<==>Eif1a_M3,Ndufa4_T2,Eif1a_M3
Tes_M4<==>Serbp1_B5,Tes_M4,Serbp1_B5
Tes_M4<==>Cd3g_T4,Tes_M4,Cd3g_T4
Tes_M4<==>Slc25a3_B5,Tes_M4,Slc25a3_B5
Capza2_M0<==>M6pr_M0,Capza2_M0,M6pr_M0
Capza2_M0<==>Arhgdib_M0,Capza2_M0,Arhgdib_M0
Capza2_M0<==>Itgb1_M0,Capza2_M0,Itgb1_M0
Capza2_M0<==>Psme1_M0,Capza2_M0,Psme1_M0
Capza2_M0<==>Ets2_M5,Capza2_M0,Ets2_M5
Capza2_M0<==>Rps10_M2,Capza2_M0,Rps10_M2
Capza2_M0<==>Tgif1_M0,Capza2_M0,Tgif1_M0
Capza2_M0<==>Ndufa1_M0,Capza2_M0,Ndufa1_M0
Capza2_M1<==>Gm42418_M3,Capza2_M1,Gm42418_M3
Capza2_M3<==>Hsp90b1_M3,Capza2_M3,Hsp90b1_M3
Capza2_M3<==>Zfand5_M0,Capza2_M3,Zfand5_M0
Capza2_T4<==>Ppp4r2_M1,Capza2_T4,Ppp4r2_M1
Capza2_T4<==>Pycard_B3,Capza2_T4,Pycard_B3
Capza2_T4<==>Ubl5_M0,Capza2_T4,Ubl5_M0
Capza2_T4<==>Rab8b_M1,Capza2_T4,Rab8b_M1
Capza2_T4<==>Ramp3_T7,Capza2_T4,Ramp3_T7
Capza2_T4<==>Serpinb6b_M3,Capza2_T4,Serpinb6b_M3
Capza2_T4<==>Ninj1_M3,Capza2_T4,Ninj1_M3
Capza2_T4<==>Sub1_M3,Capza2_T4,Sub1_M3
Capza2_T4<==>Ly6e_M1,Capza2_T4,Ly6e_M1
Capza2_T4<==>Rbx1_M4,Capza2_T4,Rbx1_M4
Arf5_M0<==>Atp6v1f_M0,Arf5_M0,Atp6v1f_M0
Arf5_M0<==>Gapdh_M0,Arf5_M0,Gapdh_M0
Arf5_M0<==>Gnai2_M0,Arf5_M0,Gnai2_M0
Arf5_M0<==>Psmb6_M0,Arf5_M0,Psmb6_M0
Arf5_M0<==>Rps2_B0,Arf5_M0,Rps2_B0
Arf5_M0<==>Rps2_B1,Arf5_M0,Rps2_B1
Arf5_M0<==>Rps2_B5,Arf5_M0,Rps2_B5
Arf5_M0<==>Rps2_T1,Arf5_M0,Rps2_T1
Arf5_M0<==>Psmb8_M0,Arf5_M0,Psmb8_M0
Arf5_M0<==>Cox8a_B1,Arf5_M0,Cox8a_B1
Arf5_M3<==>Gnai2_T4,Arf5_M3,Gnai2_T4
Arf5_M3<==>Sumo2_M3,Arf5_M3,Sumo2_M3
Arf5_T0<==>mt-Co3_M1,Arf5_T0,mt-Co3_M1
Arf5_T2<==>Eif1_B5,Arf5_T2,Eif1_B5
Hilpda_M1<==>Ppp1r12a_T4,Hilpda_M1,Ppp1r12a_T4
Hilpda_M1<==>Irf1_M4,Hilpda_M1,Irf1_M4
Hilpda_M1<==>Ighv8-11_B2,Hilpda_M1,Ighv8-11_B2
Hilpda_M1<==>Csf2rb_M3,Hilpda_M1,Csf2rb_M3
Hilpda_M1<==>U2af1_M3,Hilpda_M1,U2af1_M3
Hilpda_M1<==>Atp5md_T2,Hilpda_M1,Atp5md_T2
Hilpda_M3<==>Rnh1_M3,Hilpda_M3,Rnh1_M3
Hilpda_M3<==>Bcl2a1d_M3,Hilpda_M3,Bcl2a1d_M3
Hilpda_M3<==>Havcr2_M3,Hilpda_M3,Havcr2_M3
Hilpda_M3<==>Zfp36l1_T2,Hilpda_M3,Zfp36l1_T2
Hilpda_M3<==>Ighv8-11_B2,Hilpda_M3,Ighv8-11_B2
Hilpda_M3<==>Pik3r1_M3,Hilpda_M3,Pik3r1_M3
Hilpda_M3<==>Csf2rb_M3,Hilpda_M3,Csf2rb_M3
Hilpda_M3<==>Satb1_M5,Hilpda_M3,Satb1_M5
Hilpda_M3<==>Zfp36l2_M3,Hilpda_M3,Zfp36l2_M3
Hilpda_M3<==>Jak2_M3,Hilpda_M3,Jak2_M3
Hilpda_M3<==>Rpl10_M1,Hilpda_M3,Rpl10_M1
Atp6v1f_B5<==>Tma7_M4,Atp6v1f_B5,Tma7_M4
Atp6v1f_B5<==>Syngr2_M3,Atp6v1f_B5,Syngr2_M3
Atp6v1f_B5<==>Cox6c_M0,Atp6v1f_B5,Cox6c_M0
Atp6v1f_B5<==>Eif4b_M1,Atp6v1f_B5,Eif4b_M1
Atp6v1f_B5<==>Tgif1_M0,Atp6v1f_B5,Tgif1_M0
Atp6v1f_M0<==>Tmem160_M0,Atp6v1f_M0,Tmem160_M0
Atp6v1f_M0<==>Rps11_T5,Atp6v1f_M0,Rps11_T5
Atp6v1f_M0<==>Atp5g1_M0,Atp6v1f_M0,Atp5g1_M0
Atp6v1f_M0<==>Vdac2_M0,Atp6v1f_M0,Vdac2_M0
Atp6v1f_M0<==>Ndufb9_M0,Atp6v1f_M0,Ndufb9_M0
Atp6v1f_M0<==>Psmb8_M0,Atp6v1f_M0,Psmb8_M0
Atp6v1f_M0<==>Psmb8_T5,Atp6v1f_M0,Psmb8_T5
Atp6v1f_M0<==>C3_M0,Atp6v1f_M0,C3_M0
Atp6v1f_M0<==>Ndufb8_M0,Atp6v1f_M0,Ndufb8_M0
Atp6v1f_M1<==>H2afj_M1,Atp6v1f_M1,H2afj_M1
Atp6v1f_M1<==>Bsg_M1,Atp6v1f_M1,Bsg_M1
Atp6v1f_M1<==>Tmem229b_M7,Atp6v1f_M1,Tmem229b_M7
Irf5_M3<==>Eif4g2_M1,Irf5_M3,Eif4g2_M1
Irf5_M3<==>Ctsh_M0,Irf5_M3,Ctsh_M0
Irf5_M3<==>Smarce1_M4,Irf5_M3,Smarce1_M4
Irf5_M3<==>Crem_B0,Irf5_M3,Crem_B0
Mtpn_M0<==>Igha_B5,Mtpn_M0,Igha_B5
Mtpn_M0<==>C3_M0,Mtpn_M0,C3_M0
Mtpn_M0<==>Ndfip1_T0,Mtpn_M0,Ndfip1_T0
Zc3hav1_T5<==>Cd4_T0,Zc3hav1_T5,Cd4_T0
Zc3hav1_T5<==>Taf1d_M4,Zc3hav1_T5,Taf1d_M4
Zc3hav1_T5<==>Tmem258_M3,Zc3hav1_T5,Tmem258_M3
Zc3hav1_T5<==>mt-Nd4_M1,Zc3hav1_T5,mt-Nd4_M1
Luc7l2_B2<==>Furin_B6_0,Luc7l2_B2,Furin_B6_0
Luc7l2_B2<==>Msrb1_M0,Luc7l2_B2,Msrb1_M0
Luc7l2_B5<==>Snrpf_B4,Luc7l2_B5,Snrpf_B4
Luc7l2_B5<==>Rpl30_T4,Luc7l2_B5,Rpl30_T4
Luc7l2_B5<==>Lnpep_B1,Luc7l2_B5,Lnpep_B1
Luc7l2_B5<==>mt-Nd1_M0,Luc7l2_B5,mt-Nd1_M0
Luc7l2_M0<==>Tmem160_M0,Luc7l2_M0,Tmem160_M0
Luc7l2_M0<==>Gnai2_T4,Luc7l2_M0,Gnai2_T4
Luc7l2_M0<==>Atp5g2_T3,Luc7l2_M0,Atp5g2_T3
Luc7l2_M0<==>Psmb8_T5,Luc7l2_M0,Psmb8_T5
Luc7l2_M0<==>AY036118_M0,Luc7l2_M0,AY036118_M0
Luc7l2_M0<==>Cox8a_M0,Luc7l2_M0,Cox8a_M0
Luc7l2_M0<==>Pten_M0,Luc7l2_M0,Pten_M0
Luc7l2_M0<==>Rpl10_B2,Luc7l2_M0,Rpl10_B2
Luc7l2_M1<==>Rpl18a_M1,Luc7l2_M1,Rpl18a_M1
Luc7l2_M1<==>H2-DMa_B2,Luc7l2_M1,H2-DMa_B2
Luc7l2_M1<==>Rpl10_M1,Luc7l2_M1,Rpl10_M1
Luc7l2_T1<==>Wnk1_B1,Luc7l2_T1,Wnk1_B1
Luc7l2_T1<==>Ighv1-42_B3,Luc7l2_T1,Ighv1-42_B3
Luc7l2_T1<==>Mtdh_B5,Luc7l2_T1,Mtdh_B5
Luc7l2_T2<==>Ighv1-56_B3,Luc7l2_T2,Ighv1-56_B3
Luc7l2_T2<==>Rbx1_M4,Luc7l2_T2,Rbx1_M4
Luc7l2_T4<==>Mif_M5,Luc7l2_T4,Mif_M5
Luc7l2_T4<==>Ppp1r12a_T0,Luc7l2_T4,Ppp1r12a_T0
Luc7l2_T4<==>H2-DMb2_M3,Luc7l2_T4,H2-DMb2_M3
Luc7l2_T6<==>Grn_M4,Luc7l2_T6,Grn_M4
Kdm7a_M1<==>Capns1_M0,Kdm7a_M1,Capns1_M0
Kdm7a_M3<==>Igkv10-94_B3,Kdm7a_M3,Igkv10-94_B3
Kdm7a_M3<==>Fosb_M1,Kdm7a_M3,Fosb_M1
Kdm7a_M3<==>Ighv2-9-1_B3,Kdm7a_M3,Ighv2-9-1_B3
Kdm7a_M3<==>Rpl30_B5,Kdm7a_M3,Rpl30_B5
Mkrn1_M4<==>Snrpd2_T3,Mkrn1_M4,Snrpd2_T3
Mkrn1_M4<==>Dnajc7_B3,Mkrn1_M4,Dnajc7_B3
Trbc1_B6_0<==>Axl_M1,Trbc1_B6_0,Axl_M1
Trbc1_B6_0<==>Irf8_M3,Trbc1_B6_0,Irf8_M3
Trbc1_B6_0<==>Lsm12_M3,Trbc1_B6_0,Lsm12_M3
Trbc1_B6_0<==>BC018473_M7,Trbc1_B6_0,BC018473_M7
Trbc1_B6_0<==>Sub1_T5,Trbc1_B6_0,Sub1_T5
Trbc1_B6_0<==>Gm42418_B5,Trbc1_B6_0,Gm42418_B5
Trbc1_B6_0<==>Gm8369_T0,Trbc1_B6_0,Gm8369_T0
Trbc2_B6_0<==>Lcp1_T5,Trbc2_B6_0,Lcp1_T5
Trbc2_B6_0<==>Smdt1_T4,Trbc2_B6_0,Smdt1_T4
Trbc2_B6_0<==>Rps2_T0,Trbc2_B6_0,Rps2_T0
Trbc2_M5<==>Rpl32_M1,Trbc2_M5,Rpl32_M1
Trbc2_T1<==>Wnk1_T1,Trbc2_T1,Wnk1_T1
Trbc2_T1<==>Hsp90b1_B0,Trbc2_T1,Hsp90b1_B0
Trbc2_T3<==>Hif1a_M4,Trbc2_T3,Hif1a_M4
Trbc2_T3<==>Ppp1r2_M3,Trbc2_T3,Ppp1r2_M3
Trbc2_T5<==>Sept1_T1,Trbc2_T5,Sept1_T1
Trbc2_T5<==>Snx20_M4,Trbc2_T5,Snx20_M4
Zyx_M4<==>Arid4b_B1,Zyx_M4,Arid4b_B1
Zyx_M5<==>Rel_T2,Zyx_M5,Rel_T2
Ezh2_B4<==>Atp5l_T2,Ezh2_B4,Atp5l_T2
Gimap4_M5<==>Gimap6_T3,Gimap4_M5,Gimap6_T3
Gimap4_M5<==>Marcks_M3,Gimap4_M5,Marcks_M3
Gimap4_M5<==>Wfdc21_M2,Gimap4_M5,Wfdc21_M2
Gimap4_M5<==>Tapbp_O10,Gimap4_M5,Tapbp_O10
Gimap4_T0<==>Gimap7_T0,Gimap4_T0,Gimap7_T0
Gimap4_T0<==>Igkv3-12_B2,Gimap4_T0,Igkv3-12_B2
Gimap4_T0<==>Aebp2_M4,Gimap4_T0,Aebp2_M4
Gimap4_T0<==>Derl3_B3,Gimap4_T0,Derl3_B3
Gimap4_T0<==>Hsp90b1_B1,Gimap4_T0,Hsp90b1_B1
Gimap4_T0<==>Sqstm1_M3,Gimap4_T0,Sqstm1_M3
Gimap4_T0<==>G3bp1_M5,Gimap4_T0,G3bp1_M5
Gimap4_T0<==>Stat3_T3,Gimap4_T0,Stat3_T3
Gimap4_T0<==>Map3k1_M5,Gimap4_T0,Map3k1_M5
Gimap4_T0<==>Appl1_M4,Gimap4_T0,Appl1_M4
Gimap4_T0<==>Mycbp2_B1,Gimap4_T0,Mycbp2_B1
Gimap4_T0<==>Eef1d_M1,Gimap4_T0,Eef1d_M1
Gimap4_T0<==>Crem_M5,Gimap4_T0,Crem_M5
Gimap4_T0<==>Zeb1_T2,Gimap4_T0,Zeb1_T2
Gimap4_T0<==>Nars_B3,Gimap4_T0,Nars_B3
Gimap4_T0<==>mt-Atp6_B0,Gimap4_T0,mt-Atp6_B0
Gimap4_T1<==>Igkc_M3,Gimap4_T1,Igkc_M3
Gimap4_T1<==>Bhlhe40_T3,Gimap4_T1,Bhlhe40_T3
Gimap4_T1<==>Rps11_M3,Gimap4_T1,Rps11_M3
Gimap4_T1<==>Map1lc3b_T2,Gimap4_T1,Map1lc3b_T2
Gimap4_T1<==>Atp5mpl_T3,Gimap4_T1,Atp5mpl_T3
Gimap4_T1<==>Mtdh_M4,Gimap4_T1,Mtdh_M4
Gimap4_T2<==>Gimap3_T2,Gimap4_T2,Gimap3_T2
Gimap4_T2<==>Ly6a_T5,Gimap4_T2,Ly6a_T5
Gimap4_T3<==>Cwc15_T3,Gimap4_T3,Cwc15_T3
Gimap6_B0<==>Ywhaz_M0,Gimap6_B0,Ywhaz_M0
Gimap6_B1<==>Rplp2_T5,Gimap6_B1,Rplp2_T5
Gimap6_B1<==>Ly6e_T4,Gimap6_B1,Ly6e_T4
Gimap6_B1<==>Rpl8_M3,Gimap6_B1,Rpl8_M3
Gimap6_B1<==>Tapbp_M5,Gimap6_B1,Tapbp_M5
Gimap6_B2<==>Vamp8_M0,Gimap6_B2,Vamp8_M0
Gimap6_B2<==>Mgst1_M0,Gimap6_B2,Mgst1_M0
Gimap6_B2<==>Irf8_B4,Gimap6_B2,Irf8_B4
Gimap6_B2<==>Nsd1_M4,Gimap6_B2,Nsd1_M4
Gimap6_B2<==>Ndufa6_M0,Gimap6_B2,Ndufa6_M0
Gimap6_B2<==>AW112010_M5,Gimap6_B2,AW112010_M5
Gimap6_B2<==>Cybb_M5,Gimap6_B2,Cybb_M5
Gimap6_B4<==>Napsa_B5,Gimap6_B4,Napsa_B5
Gimap6_B4<==>Mef2c_B4,Gimap6_B4,Mef2c_B4
Gimap6_B4<==>Ptprcap_T4,Gimap6_B4,Ptprcap_T4
Gimap6_B4<==>Msn_M3,Gimap6_B4,Msn_M3
Gimap6_B5<==>AW112010_T7,Gimap6_B5,AW112010_T7
Gimap6_T1<==>Rel_B5,Gimap6_T1,Rel_B5
Gimap6_T2<==>Atp5l_T4,Gimap6_T2,Atp5l_T4
Gimap6_T2<==>Ighv3-2_B1,Gimap6_T2,Ighv3-2_B1
Gimap6_T2<==>H2-D1_T4,Gimap6_T2,H2-D1_T4
Gimap6_T3<==>Bhlhe40_T5,Gimap6_T3,Bhlhe40_T5
Gimap6_T3<==>Tmsb4x_T3,Gimap6_T3,Tmsb4x_T3
Gimap6_T5<==>Prss23_O7,Gimap6_T5,Prss23_O7
Gimap6_T5<==>mt-Nd3_B2,Gimap6_T5,mt-Nd3_B2
Gimap7_T0<==>Rps19_M3,Gimap7_T0,Rps19_M3
Gimap7_T0<==>Il2rb_T5,Gimap7_T0,Il2rb_T5
Gimap7_T0<==>Ndufb11_B1,Gimap7_T0,Ndufb11_B1
Gimap7_T3<==>Ifi30_B4,Gimap7_T3,Ifi30_B4
Gimap7_T3<==>Hspa8_M0,Gimap7_T3,Hspa8_M0
Gimap7_T3<==>Ifngr1_T5,Gimap7_T3,Ifngr1_T5
Gimap7_T3<==>Nfkbia_T5,Gimap7_T3,Nfkbia_T5
Gimap7_T3<==>Ly6e_M1,Gimap7_T3,Ly6e_M1
Gimap7_T3<==>Slc38a2_M4,Gimap7_T3,Slc38a2_M4
Gimap7_T5<==>Uba52_M3,Gimap7_T5,Uba52_M3
Gimap7_T5<==>Rpl23a_M3,Gimap7_T5,Rpl23a_M3
Gimap1_T1<==>Sema7a_M3,Gimap1_T1,Sema7a_M3
Gimap1_T1<==>Gm42418_T3,Gimap1_T1,Gm42418_T3
Gimap1_T1<==>Pgam1_M5,Gimap1_T1,Pgam1_M5
Gimap1_T2<==>Vgll4_T4,Gimap1_T2,Vgll4_T4
Gimap1_T2<==>Tomm20_B3,Gimap1_T2,Tomm20_B3
Gimap1_T2<==>Gna13_T4,Gimap1_T2,Gna13_T4
Gimap5_T3<==>Gna13_T4,Gimap5_T3,Gna13_T4
Gimap5_T3<==>Hsp90ab1_B2,Gimap5_T3,Hsp90ab1_B2
Gimap5_T3<==>mt-Nd1_B0,Gimap5_T3,mt-Nd1_B0
Gimap3_M5<==>Arl6ip1_T3,Gimap3_M5,Arl6ip1_T3
Gimap3_M5<==>Itgb1_T5,Gimap3_M5,Itgb1_T5
Gimap3_M5<==>Rhoa_B1,Gimap3_M5,Rhoa_B1
Gimap3_M5<==>Dusp1_M0,Gimap3_M5,Dusp1_M0
Gimap3_M5<==>H2-D1_B4,Gimap3_M5,H2-D1_B4
Gimap3_T2<==>Gimap3_T3,Gimap3_T2,Gimap3_T3
Gimap3_T2<==>Atp6v0d1_M1,Gimap3_T2,Atp6v0d1_M1
Gimap3_T2<==>Cyba_T5,Gimap3_T2,Cyba_T5
Gimap3_T2<==>Eef1a1_M3,Gimap3_T2,Eef1a1_M3
Gimap3_T2<==>Serpinb9_M3,Gimap3_T2,Serpinb9_M3
Gimap3_T2<==>App_M5,Gimap3_T2,App_M5
Gimap3_T2<==>H2-K1_T4,Gimap3_T2,H2-K1_T4
Gimap3_T2<==>Tubb5_M4,Gimap3_T2,Tubb5_M4
Gimap3_T2<==>Zfp36l2_T5,Gimap3_T2,Zfp36l2_T5
Gimap3_T3<==>Dennd4a_T2,Gimap3_T3,Dennd4a_T2
Gimap3_T3<==>Rab8b_M1,Gimap3_T3,Rab8b_M1
Gimap3_T3<==>Rab8b_M5,Gimap3_T3,Rab8b_M5
Gimap3_T3<==>Rpsa_M5,Gimap3_T3,Rpsa_M5
Gimap3_T3<==>Srgn_T4,Gimap3_T3,Srgn_T4
Gimap3_T3<==>Atp5d_B1,Gimap3_T3,Atp5d_B1
Gimap3_T3<==>Rack1_M3,Gimap3_T3,Rack1_M3
Gimap3_T3<==>Snf8_T5,Gimap3_T3,Snf8_T5
Gimap3_T3<==>Prkar1a_M5,Gimap3_T3,Prkar1a_M5
Gimap3_T3<==>Uqcrb_B1,Gimap3_T3,Uqcrb_B1
Gimap3_T3<==>Sub1_M3,Gimap3_T3,Sub1_M3
Gimap3_T3<==>Slc38a1_M4,Gimap3_T3,Slc38a1_M4
Gimap3_T3<==>App_M5,Gimap3_T3,App_M5
Gimap3_T3<==>Elob_B1,Gimap3_T3,Elob_B1
Gimap3_T3<==>Rps18_M3,Gimap3_T3,Rps18_M3
Gimap3_T3<==>Ndfip1_T4,Gimap3_T3,Ndfip1_T4
Gimap3_T3<==>Rps4x_B0,Gimap3_T3,Rps4x_B0
Tmem176b_M1<==>Cd81_M1,Tmem176b_M1,Cd81_M1
Tmem176b_M1<==>Hspa8_B5,Tmem176b_M1,Hspa8_B5
Tmem176b_M1<==>Ctsh_M1,Tmem176b_M1,Ctsh_M1
Tmem176b_M1<==>Ly6e_M0,Tmem176b_M1,Ly6e_M0
Tmem176b_M1<==>H2-Eb1_M1,Tmem176b_M1,H2-Eb1_M1
Tmem176b_M1<==>Aif1_M1,Tmem176b_M1,Aif1_M1
Tmem176b_M1<==>H2-D1_M2,Tmem176b_M1,H2-D1_M2
Tmem176b_M1<==>Ms4a7_M1,Tmem176b_M1,Ms4a7_M1
Tmem176b_M3<==>Tmem176a_M3,Tmem176b_M3,Tmem176a_M3
Tmem176b_M5<==>Rplp1_B3,Tmem176b_M5,Rplp1_B3
Tmem176b_O4<==>Ighv1-50_B3,Tmem176b_O4,Ighv1-50_B3
Tmem176b_O4<==>Iglc3_B3,Tmem176b_O4,Iglc3_B3
Tmem176b_O4<==>Epcam_B3,Tmem176b_O4,Epcam_B3
Tmem176b_O7<==>Mif_T5,Tmem176b_O7,Mif_T5
Tmem176b_O7<==>H2-Q7_M5,Tmem176b_O7,H2-Q7_M5
Tmem176a_M1<==>Azin1_B3,Tmem176a_M1,Azin1_B3
Tmem176a_M3<==>Atrx_O10,Tmem176a_M3,Atrx_O10
Tmem176a_M5<==>Fam49b_M4,Tmem176a_M5,Fam49b_M4
Tmem176a_O7<==>Rtcb_M4,Tmem176a_O7,Rtcb_M4
Tmem176a_T7<==>Igkv10-96_B4,Tmem176a_T7,Igkv10-96_B4
Tmem176a_T7<==>Igkv3-1_B3,Tmem176a_T7,Igkv3-1_B3
Tmem176a_T7<==>Bhlhe40_M3,Tmem176a_T7,Bhlhe40_M3
Tmem176a_T7<==>Saa3_M0,Tmem176a_T7,Saa3_M0
Tmem176a_T7<==>Aldoa_B1,Tmem176a_T7,Aldoa_B1
Tmem176a_T7<==>Iglv3_B3,Tmem176a_T7,Iglv3_B3
Tmem176a_T7<==>Srsf3_T4,Tmem176a_T7,Srsf3_T4
Tmem176a_T7<==>Psmb9_M0,Tmem176a_T7,Psmb9_M0
Tra2a_B5<==>Rora_T3,Tra2a_B5,Rora_T3
Tra2a_B5<==>Rpl36_T2,Tra2a_B5,Rpl36_T2
Cycs_M4<==>Ptms_M4,Cycs_M4,Ptms_M4
Cycs_M4<==>Psme1_T5,Cycs_M4,Psme1_T5
Cycs_M4<==>Rps4x_T5,Cycs_M4,Rps4x_T5
Cycs_T5<==>Arl6ip1_T3,Cycs_T5,Arl6ip1_T3
Cycs_T5<==>Cox5a_T5,Cycs_T5,Cox5a_T5
Cycs_T5<==>Tmem258_T4,Cycs_T5,Tmem258_T4
Hnrnpa2b1_B1<==>Serbp1_T4,Hnrnpa2b1_B1,Serbp1_T4
Hnrnpa2b1_B1<==>Clec2d_M1,Hnrnpa2b1_B1,Clec2d_M1
Hnrnpa2b1_B1<==>Cdkn1b_T4,Hnrnpa2b1_B1,Cdkn1b_T4
Hnrnpa2b1_B1<==>Rpl13_B1,Hnrnpa2b1_B1,Rpl13_B1
Hnrnpa2b1_B1<==>Ddx21_B1,Hnrnpa2b1_B1,Ddx21_B1
Hnrnpa2b1_B1<==>Pafah1b1_T3,Hnrnpa2b1_B1,Pafah1b1_T3
Hnrnpa2b1_B1<==>Ighg2c_B2,Hnrnpa2b1_B1,Ighg2c_B2
Hnrnpa2b1_B1<==>Ly86_M4,Hnrnpa2b1_B1,Ly86_M4
Hnrnpa2b1_B1<==>Calm2_T1,Hnrnpa2b1_B1,Calm2_T1
Hnrnpa2b1_B1<==>mt-Co2_T6,Hnrnpa2b1_B1,mt-Co2_T6
Hnrnpa2b1_M1<==>Ighv1-50_B3,Hnrnpa2b1_M1,Ighv1-50_B3
Hnrnpa2b1_M3<==>Isy1_T7,Hnrnpa2b1_M3,Isy1_T7
Hnrnpa2b1_M3<==>Eif3e_B2,Hnrnpa2b1_M3,Eif3e_B2
Hnrnpa2b1_M3<==>Retnlg_M2,Hnrnpa2b1_M3,Retnlg_M2
Hnrnpa2b1_T2<==>Hmgb2_T2,Hnrnpa2b1_T2,Hmgb2_T2
Cbx3_T5<==>Rpl13_M0,Cbx3_T5,Rpl13_M0
Cbx3_T5<==>Ets1_T0,Cbx3_T5,Ets1_T0
Cbx3_T5<==>Rps24_M0,Cbx3_T5,Rps24_M0
Cbx3_T5<==>Rpl39_B1,Cbx3_T5,Rpl39_B1
Skap2_M0<==>Coro1a_B1,Skap2_M0,Coro1a_B1
Skap2_M0<==>Ctsd_M5,Skap2_M0,Ctsd_M5
Skap2_M0<==>Bst2_B3,Skap2_M0,Bst2_B3
Skap2_M0<==>Rpsa_M5,Skap2_M0,Rpsa_M5
Skap2_M0<==>Lilrb4a_T0,Skap2_M0,Lilrb4a_T0
Skap2_M0<==>Atp2b1_M3,Skap2_M0,Atp2b1_M3
Skap2_M0<==>Rack1_M3,Skap2_M0,Rack1_M3
Skap2_M0<==>Pfn1_M0,Skap2_M0,Pfn1_M0
Skap2_M0<==>Rpl23_M3,Skap2_M0,Rpl23_M3
Skap2_M0<==>Ighm_B3,Skap2_M0,Ighm_B3
Skap2_M0<==>Ighv14-3_B3,Skap2_M0,Ighv14-3_B3
Skap2_M0<==>Rps24_M3,Skap2_M0,Rps24_M3
Skap2_M0<==>Creld2_B3,Skap2_M0,Creld2_B3
Skap2_M0<==>Elob_M3,Skap2_M0,Elob_M3
Skap2_M0<==>H2-K1_B2,Skap2_M0,H2-K1_B2
Skap2_M0<==>H2-DMb2_B1,Skap2_M0,H2-DMb2_B1
Skap2_M0<==>Smchd1_B2,Skap2_M0,Smchd1_B2
Skap2_M0<==>Cdk2ap2_M0,Skap2_M0,Cdk2ap2_M0
Skap2_M0<==>Fau_M3,Skap2_M0,Fau_M3
Skap2_M0<==>Rps4x_M3,Skap2_M0,Rps4x_M3
Skap2_M1<==>Capg_T4,Skap2_M1,Capg_T4
Skap2_M1<==>Eif5a_B1,Skap2_M1,Eif5a_B1
Skap2_M1<==>Hsp90aa1_M3,Skap2_M1,Hsp90aa1_M3
Skap2_M1<==>Grina_M2,Skap2_M1,Grina_M2
Skap2_M1<==>mt-Nd1_B3,Skap2_M1,mt-Nd1_B3
Skap2_M3<==>Arl6ip1_M3,Skap2_M3,Arl6ip1_M3
Skap2_M3<==>Rora_T2,Skap2_M3,Rora_T2
Skap2_M4<==>Nudt4_M2,Skap2_M4,Nudt4_M2
Skap2_M5<==>Itgal_M5,Skap2_M5,Itgal_M5
Skap2_M5<==>Dusp5_T4,Skap2_M5,Dusp5_T4
Tax1bp1_B2<==>Eif5a_M3,Tax1bp1_B2,Eif5a_M3
Tax1bp1_B2<==>Vapa_M1,Tax1bp1_B2,Vapa_M1
Tax1bp1_B3<==>Igkv10-94_B3,Tax1bp1_B3,Igkv10-94_B3
Tax1bp1_B3<==>Ighv8-5_B3,Tax1bp1_B3,Ighv8-5_B3
Tax1bp1_B3<==>Ranbp1_M3,Tax1bp1_B3,Ranbp1_M3
Tax1bp1_M0<==>Cox5a_B1,Tax1bp1_M0,Cox5a_B1
Tax1bp1_M0<==>Ccr2_M0,Tax1bp1_M0,Ccr2_M0
Tax1bp1_M0<==>Atp5d_T3,Tax1bp1_M0,Atp5d_T3
Tax1bp1_M0<==>Ebf1_B1,Tax1bp1_M0,Ebf1_B1
Tax1bp1_M0<==>Hsp90aa1_B3,Tax1bp1_M0,Hsp90aa1_B3
Tax1bp1_M0<==>Ighv14-3_B3,Tax1bp1_M0,Ighv14-3_B3
Tax1bp1_M0<==>Ighv14-1_B3,Tax1bp1_M0,Ighv14-1_B3
Tax1bp1_M3<==>Igkv10-96_B3,Tax1bp1_M3,Igkv10-96_B3
Tax1bp1_M3<==>Rab8b_M5,Tax1bp1_M3,Rab8b_M5
Tax1bp1_M3<==>Arf1_M0,Tax1bp1_M3,Arf1_M0
Tax1bp1_M3<==>Ywhae_M1,Tax1bp1_M3,Ywhae_M1
Tax1bp1_M3<==>Timm23_M3,Tax1bp1_M3,Timm23_M3
Tax1bp1_M3<==>Ly6e_M1,Tax1bp1_M3,Ly6e_M1
Creb5_M1<==>Igkv4-59_B3,Creb5_M1,Igkv4-59_B3
Creb5_M1<==>Igkv5-48_B3,Creb5_M1,Igkv5-48_B3
Creb5_M1<==>H3f3b_B3,Creb5_M1,H3f3b_B3
Creb5_M1<==>P4hb_B3,Creb5_M1,P4hb_B3
Creb5_M1<==>Malat1_B1,Creb5_M1,Malat1_B1
Creb5_M1<==>Malat1_T4,Creb5_M1,Malat1_T4
Creb5_M3<==>Fnip1_M3,Creb5_M3,Fnip1_M3
Creb5_M3<==>Eif1a_M3,Creb5_M3,Eif1a_M3
Creb5_O7<==>Capg_B1,Creb5_O7,Capg_B1
Creb5_O7<==>Prss23_O7,Creb5_O7,Prss23_O7
Creb5_O7<==>Mt1_M0,Creb5_O7,Mt1_M0
Creb5_O7<==>Plekho2_M0,Creb5_O7,Plekho2_M0
Creb5_O7<==>Ebf1_O7,Creb5_O7,Ebf1_O7
Creb5_O7<==>Serpinf1_O7,Creb5_O7,Serpinf1_O7
Creb5_O7<==>Ndufa6_B1,Creb5_O7,Ndufa6_B1
Creb5_O7<==>Igfbp6_O7,Creb5_O7,Igfbp6_O7
Creb5_O7<==>mt-Nd5_M0,Creb5_O7,mt-Nd5_M0
Serbp1_B3<==>Morf4l1_B3,Serbp1_B3,Morf4l1_B3
Serbp1_B3<==>Prkar1a_B3,Serbp1_B3,Prkar1a_B3
Serbp1_B3<==>Tmsb4x_T4,Serbp1_B3,Tmsb4x_T4
Serbp1_B5<==>Manf_M1,Serbp1_B5,Manf_M1
Serbp1_B5<==>Eif1_T4,Serbp1_B5,Eif1_T4
Serbp1_B5<==>Psme1_T3,Serbp1_B5,Psme1_T3
Serbp1_M3<==>Rpl37_T1,Serbp1_M3,Rpl37_T1
Serbp1_M3<==>mt-Co2_B3,Serbp1_M3,mt-Co2_B3
Serbp1_T1<==>2410006H16Rik_T2,Serbp1_T1,2410006H16Rik_T2
Serbp1_T2<==>Igkc_M0,Serbp1_T2,Igkc_M0
Serbp1_T2<==>Snrpd2_T4,Serbp1_T2,Snrpd2_T4
Serbp1_T2<==>Erh_B4,Serbp1_T2,Erh_B4
Serbp1_T2<==>Ighm_B3,Serbp1_T2,Ighm_B3
Serbp1_T2<==>Ighv1-53_B1,Serbp1_T2,Ighv1-53_B1
Serbp1_T2<==>Txndc11_B3,Serbp1_T2,Txndc11_B3
Serbp1_T4<==>Igkv3-12_B1,Serbp1_T4,Igkv3-12_B1
Serbp1_T4<==>Ccnd2_T3,Serbp1_T4,Ccnd2_T3
Serbp1_T4<==>Rps7_M3,Serbp1_T4,Rps7_M3
Serbp1_T4<==>Ighg2c_B2,Serbp1_T4,Ighg2c_B2
Serbp1_T4<==>Ly86_M4,Serbp1_T4,Ly86_M4
Serbp1_T4<==>Ywhaz_B3,Serbp1_T4,Ywhaz_B3
Serbp1_T4<==>mt-Nd3_M3,Serbp1_T4,mt-Nd3_M3
Serbp1_T5<==>Cd3e_T2,Serbp1_T5,Cd3e_T2
Serbp1_T5<==>Rpl41_B3,Serbp1_T5,Rpl41_B3
Serbp1_T5<==>Rpl19_T2,Serbp1_T5,Rpl19_T2
Serbp1_T5<==>Hif1a_B4,Serbp1_T5,Hif1a_B4
Serbp1_T5<==>Ndufb1-ps_T3,Serbp1_T5,Ndufb1-ps_T3
Serbp1_T5<==>Crip1_T3,Serbp1_T5,Crip1_T3
Serbp1_T5<==>Ighj4_B3,Serbp1_T5,Ighj4_B3
Serbp1_T5<==>Iglc2_B6_0,Serbp1_T5,Iglc2_B6_0
Serbp1_T5<==>Rpl35a_B2,Serbp1_T5,Rpl35a_B2
Serbp1_T5<==>Hsp90ab1_B1,Serbp1_T5,Hsp90ab1_B1
Il12rb2_T0<==>Tgoln1_M0,Il12rb2_T0,Tgoln1_M0
Il12rb2_T0<==>Serpinb6b_M4,Il12rb2_T0,Serpinb6b_M4
Il12rb2_T0<==>Crem_M4,Il12rb2_T0,Crem_M4
Il12rb2_T0<==>P2ry10_T5,Il12rb2_T0,P2ry10_T5
Igkv1-135_B0<==>Cd4_T0,Igkv1-135_B0,Cd4_T0
Igkv1-135_B0<==>Cxcr6_T0,Igkv1-135_B0,Cxcr6_T0
Igkv1-135_B0<==>Igha_B1,Igkv1-135_B0,Igha_B1
Igkv1-135_B0<==>Sub1_T2,Igkv1-135_B0,Sub1_T2
Igkv1-135_B0<==>Cd47_T1,Igkv1-135_B0,Cd47_T1
Igkv1-135_B0<==>Zeb1_T6,Igkv1-135_B0,Zeb1_T6
Igkv1-135_B5<==>Tpm4_T7,Igkv1-135_B5,Tpm4_T7
Igkv1-135_B5<==>Psmb9_B3,Igkv1-135_B5,Psmb9_B3
Igkv9-124_B4<==>Arhgdib_B3,Igkv9-124_B4,Arhgdib_B3
Igkv9-124_B4<==>Kras_B2,Igkv9-124_B4,Kras_B2
Igkv9-124_B4<==>Rpl4_T4,Igkv9-124_B4,Rpl4_T4
Igkv9-124_B4<==>Snx18_M0,Igkv9-124_B4,Snx18_M0
Igkv9-124_B4<==>Il7r_T4,Igkv9-124_B4,Il7r_T4
Igkv9-124_B4<==>Tnfrsf17_B3,Igkv9-124_B4,Tnfrsf17_B3
Igkv9-124_B4<==>Psmb1_T5,Igkv9-124_B4,Psmb1_T5
Igkv9-124_B4<==>Rpl10a_T4,Igkv9-124_B4,Rpl10a_T4
Igkv1-117_B0<==>Itgal_T4,Igkv1-117_B0,Itgal_T4
Igkv1-117_B0<==>Hmgb2_M0,Igkv1-117_B0,Hmgb2_M0
Igkv1-117_B0<==>Bst2_B3,Igkv1-117_B0,Bst2_B3
Igkv1-117_B0<==>Psma4_M0,Igkv1-117_B0,Psma4_M0
Igkv1-117_B0<==>Eif4a1_B1,Igkv1-117_B0,Eif4a1_B1
Igkv1-117_B0<==>Itm2b_B5,Igkv1-117_B0,Itm2b_B5
Igkv1-117_B0<==>Brd2_M3,Igkv1-117_B0,Brd2_M3
Igkv1-117_B0<==>Rpl36_B1,Igkv1-117_B0,Rpl36_B1
Igkv1-117_B0<==>Smchd1_B2,Igkv1-117_B0,Smchd1_B2
Igkv1-117_B0<==>AW112010_T0,Igkv1-117_B0,AW112010_T0
Igkv1-117_B0<==>Ms4a6b_M0,Igkv1-117_B0,Ms4a6b_M0
Igkv1-117_B0<==>mt-Nd1_B3,Igkv1-117_B0,mt-Nd1_B3
Igkv1-117_B1<==>Igkv4-70_B3,Igkv1-117_B1,Igkv4-70_B3
Igkv1-117_B1<==>Rack1_B1,Igkv1-117_B1,Rack1_B1
Igkv1-117_B1<==>Ndufb1-ps_B5,Igkv1-117_B1,Ndufb1-ps_B5
Igkv1-117_B1<==>Malat1_T3,Igkv1-117_B1,Malat1_T3
Igkv1-117_B1<==>Fkbp2_B3,Igkv1-117_B1,Fkbp2_B3
Igkv1-117_B1<==>mt-Atp6_T5,Igkv1-117_B1,mt-Atp6_T5
Igkv1-117_B2<==>Rpl8_B5,Igkv1-117_B2,Rpl8_B5
Igkv1-117_B3<==>Rpl36al_M4,Igkv1-117_B3,Rpl36al_M4
Igkv1-117_B4<==>Tmem160_M4,Igkv1-117_B4,Tmem160_M4
Igkv1-117_B4<==>Apoe_O7,Igkv1-117_B4,Apoe_O7
Igkv1-117_B4<==>2410006H16Rik_B1,Igkv1-117_B4,2410006H16Rik_B1
Igkv1-117_B4<==>Hsp90aa1_O10,Igkv1-117_B4,Hsp90aa1_O10
Igkv1-117_B4<==>Aif1_M3,Igkv1-117_B4,Aif1_M3
Igkv1-117_B4<==>mt-Nd4l_B1,Igkv1-117_B4,mt-Nd4l_B1
Igkv1-117_B5<==>Cct8_M3,Igkv1-117_B5,Cct8_M3
Igkv1-117_B5<==>Ndufs8_B3,Igkv1-117_B5,Ndufs8_B3
Igkv14-111_B0<==>Lat_T4,Igkv14-111_B0,Lat_T4
Igkv14-111_B0<==>Cox7a2_M3,Igkv14-111_B0,Cox7a2_M3
Igkv14-111_B0<==>AW112010_T0,Igkv14-111_B0,AW112010_T0
Igkv14-111_B0<==>Tmsb4x_B3,Igkv14-111_B0,Tmsb4x_B3
Igkv14-111_B1<==>Clec2d_M0,Igkv14-111_B1,Clec2d_M0
Igkv14-111_B1<==>Lcp2_M1,Igkv14-111_B1,Lcp2_M1
Igkv14-111_B1<==>Emb_T5,Igkv14-111_B1,Emb_T5
Igkv14-111_B1<==>Dad1_B3,Igkv14-111_B1,Dad1_B3
Igkv14-111_B1<==>Rpl37_M3,Igkv14-111_B1,Rpl37_M3
Igkv14-111_B2<==>Lcp1_M3,Igkv14-111_B2,Lcp1_M3
Igkv14-111_B2<==>H2-K1_O7,Igkv14-111_B2,H2-K1_O7
Igkv1-110_B1<==>Sub1_B3,Igkv1-110_B1,Sub1_B3
Igkv1-110_B3<==>Klf2_T6_3,Igkv1-110_B3,Klf2_T6_3
Igkv2-109_B2<==>Coro1a_M3,Igkv2-109_B2,Coro1a_M3
Igkv2-109_B2<==>Ighv5-6_B1,Igkv2-109_B2,Ighv5-6_B1
Igkv2-109_B2<==>Ube2i_T5,Igkv2-109_B2,Ube2i_T5
Igkv2-109_B2<==>mt-Nd2_B3,Igkv2-109_B2,mt-Nd2_B3
Igkv16-104_B1<==>Gapdh_M2,Igkv16-104_B1,Gapdh_M2
Igkv16-104_B1<==>Plaur_M3,Igkv16-104_B1,Plaur_M3
Igkv16-104_B1<==>Eif3k_T2,Igkv16-104_B1,Eif3k_T2
Igkv16-104_B1<==>Fxyd5_M5,Igkv16-104_B1,Fxyd5_M5
Igkv16-104_B1<==>Rpl27_B1,Igkv16-104_B1,Rpl27_B1
Igkv16-104_B1<==>Ddx5_T4,Igkv16-104_B1,Ddx5_T4
Igkv16-104_B1<==>Syngr2_M7,Igkv16-104_B1,Syngr2_M7
Igkv16-104_B1<==>Mrps36_T5,Igkv16-104_B1,Mrps36_T5
Igkv16-104_B1<==>Sub1_T2,Igkv16-104_B1,Sub1_T2
Igkv16-104_B3<==>Lat_M5,Igkv16-104_B3,Lat_M5
Igkv15-103_B1<==>Furin_T5,Igkv15-103_B1,Furin_T5
Igkv15-103_B1<==>Eif1_T4,Igkv15-103_B1,Eif1_T4
Igkv15-103_B1<==>Psmb1_T2,Igkv15-103_B1,Psmb1_T2
Igkv15-103_B2<==>Eif5a_T5,Igkv15-103_B2,Eif5a_T5
Igkv15-103_B2<==>Ighv1-77_B2,Igkv15-103_B2,Ighv1-77_B2
Igkv15-103_B2<==>Xist_T1,Igkv15-103_B2,Xist_T1
Igkv15-103_B3<==>Igkc_B5,Igkv15-103_B3,Igkc_B5
Igkv15-103_B3<==>Pou2f2_B1,Igkv15-103_B3,Pou2f2_B1
Igkv15-103_B3<==>Ckb_T4,Igkv15-103_B3,Ckb_T4
Igkv15-103_B3<==>Ptprcap_B4,Igkv15-103_B3,Ptprcap_B4
Igkv10-96_B2<==>Cox6c_M0,Igkv10-96_B2,Cox6c_M0
Igkv10-96_B2<==>Rpl8_M3,Igkv10-96_B2,Rpl8_M3
Igkv10-96_B2<==>Nckap1l_M1,Igkv10-96_B2,Nckap1l_M1
Igkv10-96_B2<==>Ppp1ca_M0,Igkv10-96_B2,Ppp1ca_M0
Igkv10-96_B3<==>Serpinb9_M3,Igkv10-96_B3,Serpinb9_M3
Igkv10-96_B3<==>Ehd1_M4,Igkv10-96_B3,Ehd1_M4
Igkv10-96_B4<==>Itgb1_M5,Igkv10-96_B4,Itgb1_M5
Igkv10-96_B4<==>H3f3b_M5,Igkv10-96_B4,H3f3b_M5
Igkv10-96_B4<==>Ndufa6_M3,Igkv10-96_B4,Ndufa6_M3
Igkv10-96_B4<==>H2-Q7_T4,Igkv10-96_B4,H2-Q7_T4
Igkv10-96_B4<==>Fem1c_M1,Igkv10-96_B4,Fem1c_M1
Igkv10-96_B4<==>Iigp1_M0,Igkv10-96_B4,Iigp1_M0
Igkv10-96_B4<==>Cybb_M3,Igkv10-96_B4,Cybb_M3
Igkv10-96_B7<==>Myl12b_B1,Igkv10-96_B7,Myl12b_B1
Igkv10-94_B2<==>Eef2_M1,Igkv10-94_B2,Eef2_M1
Igkv10-94_B2<==>Cdk2ap2_B4,Igkv10-94_B2,Cdk2ap2_B4
Igkv10-94_B3<==>Igkv12-44_B2,Igkv10-94_B3,Igkv12-44_B2
Igkv10-94_B3<==>Phb2_T5,Igkv10-94_B3,Phb2_T5
Igkv10-94_B3<==>Arhgdib_T3,Igkv10-94_B3,Arhgdib_T3
Igkv10-94_B3<==>Rnh1_M1,Igkv10-94_B3,Rnh1_M1
Igkv10-94_B3<==>Ifngr1_T1,Igkv10-94_B3,Ifngr1_T1
Igkv10-94_B3<==>Bptf_B4,Igkv10-94_B3,Bptf_B4
Igkv10-94_B3<==>Kctd12_M3,Igkv10-94_B3,Kctd12_M3
Igkv10-94_B3<==>Ifnar1_B0,Igkv10-94_B3,Ifnar1_B0
Igkv10-94_B3<==>H2-Ab1_B3,Igkv10-94_B3,H2-Ab1_B3
Igkv10-94_B3<==>H2-Eb1_B3,Igkv10-94_B3,H2-Eb1_B3
Igkv4-72_B2<==>Gngt2_M0,Igkv4-72_B2,Gngt2_M0
Igkv4-72_B2<==>Psma6_M5,Igkv4-72_B2,Psma6_M5
Igkv4-72_B3<==>Hnrnpf_M3,Igkv4-72_B3,Hnrnpf_M3
Igkv4-72_B3<==>Pak2_M1,Igkv4-72_B3,Pak2_M1
Igkv4-72_B3<==>Zeb1_T4,Igkv4-72_B3,Zeb1_T4
Igkv4-70_B3<==>Edem1_B3,Igkv4-70_B3,Edem1_B3
Igkv4-70_B3<==>Clec2d_M0,Igkv4-70_B3,Clec2d_M0
Igkv4-70_B3<==>Rps11_B2,Igkv4-70_B3,Rps11_B2
Igkv4-70_B3<==>Rpl41_M3,Igkv4-70_B3,Rpl41_M3
Igkv4-70_B3<==>Rpl38_M3,Igkv4-70_B3,Rpl38_M3
Igkv4-70_B3<==>Psma6_T5,Igkv4-70_B3,Psma6_T5
Igkv4-70_B3<==>Rps29_T1,Igkv4-70_B3,Rps29_T1
Igkv4-70_B3<==>Rps29_T6_2,Igkv4-70_B3,Rps29_T6_2
Igkv4-70_B3<==>Rps29_T7,Igkv4-70_B3,Rps29_T7
Igkv4-70_B3<==>Ndufb1-ps_M3,Igkv4-70_B3,Ndufb1-ps_M3
Igkv4-70_B3<==>Igha_M0,Igkv4-70_B3,Igha_M0
Igkv4-70_B3<==>Gm10076_M3,Igkv4-70_B3,Gm10076_M3
Igkv4-70_B3<==>Rpl37_M3,Igkv4-70_B3,Rpl37_M3
Igkv4-70_B3<==>Rpl37_T1,Igkv4-70_B3,Rpl37_T1
Igkv4-70_B3<==>Hnrnpa1_T7,Igkv4-70_B3,Hnrnpa1_T7
Igkv4-70_B3<==>Rps28_T1,Igkv4-70_B3,Rps28_T1
Igkv4-70_B3<==>Rps28_T2,Igkv4-70_B3,Rps28_T2
Igkv4-70_B3<==>Tomm6_T4,Igkv4-70_B3,Tomm6_T4
Igkv4-70_B3<==>Rbm3_B1,Igkv4-70_B3,Rbm3_B1
Igkv4-70_B3<==>Rpl39_B1,Igkv4-70_B3,Rpl39_B1
Igkv4-70_B3<==>Rpl39_B2,Igkv4-70_B3,Rpl39_B2
Igkv4-70_B3<==>mt-Atp8_B3,Igkv4-70_B3,mt-Atp8_B3
Igkv4-70_B3<==>mt-Atp6_B4,Igkv4-70_B3,mt-Atp6_B4
Igkv4-70_B3<==>mt-Atp6_T2,Igkv4-70_B3,mt-Atp6_T2
Igkv4-70_B3<==>mt-Atp6_T5,Igkv4-70_B3,mt-Atp6_T5
Igkv4-59_B3<==>Igkv5-48_B3,Igkv4-59_B3,Igkv5-48_B3
Igkv4-59_B3<==>Nme2_B3,Igkv4-59_B3,Nme2_B3
Igkv5-48_B1<==>Tspan13_M5,Igkv5-48_B1,Tspan13_M5
Igkv5-48_B2<==>Foxp1_B5,Igkv5-48_B2,Foxp1_B5
Igkv5-48_B3<==>Hsp90aa1_B0,Igkv5-48_B3,Hsp90aa1_B0
Igkv5-48_B3<==>Ighv5-9-1_B3,Igkv5-48_B3,Ighv5-9-1_B3
Igkv5-48_B3<==>Tspo_B3,Igkv5-48_B3,Tspo_B3
Igkv5-48_B3<==>Iglc1_B0,Igkv5-48_B3,Iglc1_B0
Igkv12-46_B1<==>Spag9_B5,Igkv12-46_B1,Spag9_B5
Igkv12-46_B1<==>Psma3_M4,Igkv12-46_B1,Psma3_M4
Igkv12-46_B1<==>Tspo_T3,Igkv12-46_B1,Tspo_T3
Igkv12-46_B2<==>Prr13_M1,Igkv12-46_B2,Prr13_M1
Igkv12-44_B1<==>Saa3_M0,Igkv12-44_B1,Saa3_M0
Igkv12-44_B1<==>Iigp1_M0,Igkv12-44_B1,Iigp1_M0
Igkv12-44_B2<==>Rps29_T6_2,Igkv12-44_B2,Rps29_T6_2
Igkv12-44_B2<==>Rpl36_B1,Igkv12-44_B2,Rpl36_B1
Igkv12-44_B2<==>Atp5md_T1,Igkv12-44_B2,Atp5md_T1
Igkv12-44_B3<==>Rpl14_M5,Igkv12-44_B3,Rpl14_M5
Igkv12-44_B5<==>Eed_T5,Igkv12-44_B5,Eed_T5
Igkv5-43_B2<==>Rps11_B1,Igkv5-43_B2,Rps11_B1
Igkv5-43_B3<==>Eef1a1_M3,Igkv5-43_B3,Eef1a1_M3
Igkv5-43_B3<==>Rpl17_M3,Igkv5-43_B3,Rpl17_M3
Igkv12-41_B3<==>Cox7a2_T4,Igkv12-41_B3,Cox7a2_T4
Igkv12-41_B3<==>Sec61g_T4,Igkv12-41_B3,Sec61g_T4
Igkv12-41_B3<==>Serpina3n_O4,Igkv12-41_B3,Serpina3n_O4
Igkv12-41_B3<==>Ighv8-5_B3,Igkv12-41_B3,Ighv8-5_B3
Igkv12-41_B3<==>Ighv1-78_B3,Igkv12-41_B3,Ighv1-78_B3
Igkv12-41_B3<==>Ms4a1_B4,Igkv12-41_B3,Ms4a1_B4
Igkv6-32_B2<==>Iglc1_B2,Igkv6-32_B2,Iglc1_B2
Igkv6-32_B3<==>Rpl28_B1,Igkv6-32_B3,Rpl28_B1
Igkv6-32_B3<==>Pclaf_T5,Igkv6-32_B3,Pclaf_T5
Igkv6-32_B3<==>Eef1a1_B1,Igkv6-32_B3,Eef1a1_B1
Igkv6-32_B3<==>Cdk4_T5,Igkv6-32_B3,Cdk4_T5
Igkv6-32_B3<==>Metrnl_O7,Igkv6-32_B3,Metrnl_O7
Igkv6-32_B3<==>Dusp5_M5,Igkv6-32_B3,Dusp5_M5
Igkv6-25_B1<==>Gfpt2_O7,Igkv6-25_B1,Gfpt2_O7
Igkv6-25_B1<==>P4hb_M0,Igkv6-25_B1,P4hb_M0
Igkv6-25_B1<==>Tmbim6_M4,Igkv6-25_B1,Tmbim6_M4
Igkv6-25_B1<==>H2-Eb1_M1,Igkv6-25_B1,H2-Eb1_M1
Igkv6-25_B1<==>H2-Q7_T5,Igkv6-25_B1,H2-Q7_T5
Igkv6-25_B1<==>H2-T23_M0,Igkv6-25_B1,H2-T23_M0
Igkv6-25_B1<==>Ubxn1_M3,Igkv6-25_B1,Ubxn1_M3
Igkv6-25_B1<==>mt-Nd3_B3,Igkv6-25_B1,mt-Nd3_B3
Igkv6-25_B3<==>Rps10_M2,Igkv6-25_B3,Rps10_M2
Igkv8-24_B2<==>Igkc_M0,Igkv8-24_B2,Igkc_M0
Igkv8-24_B2<==>Igkc_M3,Igkv8-24_B2,Igkc_M3
Igkv8-24_B2<==>Pcbp1_M1,Igkv8-24_B2,Pcbp1_M1
Igkv8-24_B2<==>Calr_M0,Igkv8-24_B2,Calr_M0
Igkv8-24_B2<==>Junb_M1,Igkv8-24_B2,Junb_M1
Igkv8-24_B2<==>Cotl1_M1,Igkv8-24_B2,Cotl1_M1
Igkv8-24_B2<==>Rpl13_B5,Igkv8-24_B2,Rpl13_B5
Igkv8-24_B2<==>Cox7a2_M3,Igkv8-24_B2,Cox7a2_M3
Igkv8-24_B2<==>Rps26_M0,Igkv8-24_B2,Rps26_M0
Igkv8-24_B2<==>Atp5o_M3,Igkv8-24_B2,Atp5o_M3
Igkv8-24_B2<==>Ezr_M4,Igkv8-24_B2,Ezr_M4
Igkv8-24_B2<==>Atp6v0c_B1,Igkv8-24_B2,Atp6v0c_B1
Igkv8-24_B2<==>Fermt3_M1,Igkv8-24_B2,Fermt3_M1
Igkv8-24_B2<==>Myof_M0,Igkv8-24_B2,Myof_M0
Igkv8-24_B2<==>Cox7b_M0,Igkv8-24_B2,Cox7b_M0
Igkv6-23_B2<==>Rbx1_B1,Igkv6-23_B2,Rbx1_B1
Igkv6-23_B3<==>Spcs2_T4,Igkv6-23_B3,Spcs2_T4
Igkv6-23_B3<==>Ctsh_M3,Igkv6-23_B3,Ctsh_M3
Igkv6-23_B3<==>Rps29_T6_2,Igkv6-23_B3,Rps29_T6_2
Igkv8-21_B2<==>Tmem147_M4,Igkv8-21_B2,Tmem147_M4
Igkv8-21_B2<==>Gspt1_M3,Igkv8-21_B2,Gspt1_M3
Igkv8-21_B2<==>Atp5a1_T5,Igkv8-21_B2,Atp5a1_T5
Igkv8-21_B3<==>Psmb3_B3,Igkv8-21_B3,Psmb3_B3
Igkv8-21_B3<==>H2-Q7_T6,Igkv8-21_B3,H2-Q7_T6
Igkv8-21_B3<==>Rbbp7_M4,Igkv8-21_B3,Rbbp7_M4
Igkv6-20_B1<==>Selenow_T2,Igkv6-20_B1,Selenow_T2
Igkv6-20_B1<==>Ctsd_M1,Igkv6-20_B1,Ctsd_M1
Igkv6-20_B1<==>Lyz2_M1,Igkv6-20_B1,Lyz2_M1
Igkv6-20_B1<==>Gdi2_O10,Igkv6-20_B1,Gdi2_O10
Igkv6-20_B1<==>Cct8_M3,Igkv6-20_B1,Cct8_M3
Igkv6-20_B3<==>Vamp8_M0,Igkv6-20_B3,Vamp8_M0
Igkv6-20_B3<==>Gmfg_M5,Igkv6-20_B3,Gmfg_M5
Igkv6-20_B3<==>Havcr2_M3,Igkv6-20_B3,Havcr2_M3
Igkv6-20_B3<==>Vdac2_M3,Igkv6-20_B3,Vdac2_M3
Igkv6-17_B2<==>Coro1a_M3,Igkv6-17_B2,Coro1a_M3
Igkv6-17_B2<==>Ifitm2_M4,Igkv6-17_B2,Ifitm2_M4
Igkv6-17_B2<==>Asah1_M3,Igkv6-17_B2,Asah1_M3
Igkv6-17_B2<==>Ighv2-9_B2,Igkv6-17_B2,Ighv2-9_B2
Igkv6-17_B2<==>H2-Ab1_M1,Igkv6-17_B2,H2-Ab1_M1
Igkv6-17_B2<==>H2-Aa_M1,Igkv6-17_B2,H2-Aa_M1
Igkv6-17_B2<==>Cd74_M1,Igkv6-17_B2,Cd74_M1
Igkv6-17_B3<==>Cd2ap_M4,Igkv6-17_B3,Cd2ap_M4
Igkv6-13_B3<==>Mgat2_M4,Igkv6-13_B3,Mgat2_M4
Igkv6-13_B3<==>Atp5mpl_M3,Igkv6-13_B3,Atp5mpl_M3
Igkv6-13_B3<==>Ighg3_B3,Igkv6-13_B3,Ighg3_B3
Igkv6-13_B3<==>mt-Nd1_M3,Igkv6-13_B3,mt-Nd1_M3
Igkv3-12_B1<==>Snrpg_B3,Igkv3-12_B1,Snrpg_B3
Igkv3-12_B1<==>H2-Eb1_M1,Igkv3-12_B1,H2-Eb1_M1
Igkv3-12_B1<==>mt-Atp6_B1,Igkv3-12_B1,mt-Atp6_B1
Igkv3-12_B3<==>Ptges3_M3,Igkv3-12_B3,Ptges3_M3
Igkv3-12_B3<==>Hnrnpk_T2,Igkv3-12_B3,Hnrnpk_T2
Igkv3-5_B3<==>Ighv1-78_B3,Igkv3-5_B3,Ighv1-78_B3
Igkv3-5_B3<==>Nsa2_M3,Igkv3-5_B3,Nsa2_M3
Igkv3-5_B3<==>Psme1_B1,Igkv3-5_B3,Psme1_B1
Igkv3-4_B1<==>Itm2b_M1,Igkv3-4_B1,Itm2b_M1
Igkv3-4_B1<==>Hnrnpa1_T4,Igkv3-4_B1,Hnrnpa1_T4
Igkv3-4_B3<==>H2-Aa_B1,Igkv3-4_B3,H2-Aa_B1
Igkv3-2_B3<==>Igkv3-1_B3,Igkv3-2_B3,Igkv3-1_B3
Igkv3-2_B3<==>Psma4_M3,Igkv3-2_B3,Psma4_M3
Igkv3-2_B3<==>Cox5a_M3,Igkv3-2_B3,Cox5a_M3
Igkv3-2_B3<==>mt-Co3_T2,Igkv3-2_B3,mt-Co3_T2
Igkv3-2_B4<==>Plbd1_M4,Igkv3-2_B4,Plbd1_M4
Igkv3-2_B4<==>Ndufa2_T4,Igkv3-2_B4,Ndufa2_T4
Igkv3-1_B3<==>Mxd1_M0,Igkv3-1_B3,Mxd1_M0
Igkv3-1_B7<==>Foxp1_M1,Igkv3-1_B7,Foxp1_M1
Igkv3-1_B7<==>Clec2d_T1,Igkv3-1_B7,Clec2d_T1
Igkv3-1_B7<==>Dennd4a_B1,Igkv3-1_B7,Dennd4a_B1
Igkv3-1_B7<==>Fnip1_M3,Igkv3-1_B7,Fnip1_M3
Igkv3-1_B7<==>Grn_M1,Igkv3-1_B7,Grn_M1
Igkv3-1_B7<==>Sumo2_T3,Igkv3-1_B7,Sumo2_T3
Igkv3-1_B7<==>Rps7_M3,Igkv3-1_B7,Rps7_M3
Igkv3-1_B7<==>Hif1a_T0,Igkv3-1_B7,Hif1a_T0
Igkv3-1_B7<==>Ighm_B0,Igkv3-1_B7,Ighm_B0
Igkv3-1_B7<==>Gm42418_T6,Igkv3-1_B7,Gm42418_T6
Igkc_B0<==>Napsa_B4,Igkc_B0,Napsa_B4
Igkc_B0<==>Prss23_O7,Igkc_B0,Prss23_O7
Igkc_B0<==>Spop_M4,Igkc_B0,Spop_M4
Igkc_B0<==>Ighv1-50_B3,Igkc_B0,Ighv1-50_B3
Igkc_B0<==>Syk_B4,Igkc_B0,Syk_B4
Igkc_B0<==>Col14a1_O7,Igkc_B0,Col14a1_O7
Igkc_B0<==>Samsn1_T2,Igkc_B0,Samsn1_T2
Igkc_B1<==>Aldoa_B3,Igkc_B1,Aldoa_B3
Igkc_B2<==>Chd2_T2,Igkc_B2,Chd2_T2
Igkc_B2<==>Aldoa_B1,Igkc_B2,Aldoa_B1
Igkc_B2<==>Tbc1d15_B3,Igkc_B2,Tbc1d15_B3
Igkc_B2<==>Slc25a5_B4,Igkc_B2,Slc25a5_B4
Igkc_B2<==>Ighv1-61_B3,Igkc_B2,Ighv1-61_B3
Igkc_B3<==>Ndufc2_M0,Igkc_B3,Ndufc2_M0
Igkc_B3<==>Taf10_M3,Igkc_B3,Taf10_M3
Igkc_B3<==>Irf2bp2_M0,Igkc_B3,Irf2bp2_M0
Igkc_B3<==>Xist_T4,Igkc_B3,Xist_T4
Igkc_B3<==>mt-Cytb_B1,Igkc_B3,mt-Cytb_B1
Igkc_B4<==>Igkv4-57_B3,Igkc_B4,Igkv4-57_B3
Igkc_B5<==>H2-Q7_B6_0,Igkc_B5,H2-Q7_B6_0
Igkc_B6_0<==>Rps15_B3,Igkc_B6_0,Rps15_B3
Igkc_B7<==>Srgn_M4,Igkc_B7,Srgn_M4
Igkc_B7<==>Psme1_B2,Igkc_B7,Psme1_B2
Igkc_M0<==>H2afj_B1,Igkc_M0,H2afj_B1
Igkc_M0<==>Itgb1_M0,Igkc_M0,Itgb1_M0
Igkc_M0<==>Atp5l_T3,Igkc_M0,Atp5l_T3
Igkc_M0<==>Nap1l1_B1,Igkc_M0,Nap1l1_B1
Igkc_M0<==>Atp5mpl_M0,Igkc_M0,Atp5mpl_M0
Igkc_M0<==>Ighd_B4,Igkc_M0,Ighd_B4
Igkc_M0<==>Ywhaz_B2,Igkc_M0,Ywhaz_B2
Igkc_M0<==>Ywhaz_B3,Igkc_M0,Ywhaz_B3
Igkc_M0<==>Son_B2,Igkc_M0,Son_B2
Igkc_M0<==>Ndufa7_M0,Igkc_M0,Ndufa7_M0
Igkc_M0<==>Satb1_T5,Igkc_M0,Satb1_T5
Igkc_M0<==>Mbd2_T2,Igkc_M0,Mbd2_T2
Igkc_M0<==>Cdk2ap2_M0,Igkc_M0,Cdk2ap2_M0
Igkc_M0<==>Myof_M0,Igkc_M0,Myof_M0
Igkc_M0<==>Ndufa1_B3,Igkc_M0,Ndufa1_B3
Igkc_M2<==>Ighv1-63_B3,Igkc_M2,Ighv1-63_B3
Igkc_M3<==>Map1lc3b_T2,Igkc_M3,Map1lc3b_T2
Igkc_M3<==>Rpl13_B5,Igkc_M3,Rpl13_B5
Igkc_M3<==>Tmem123_T5,Igkc_M3,Tmem123_T5
Igkc_M3<==>Rpl29_B4,Igkc_M3,Rpl29_B4
Igkc_M3<==>Xcr1_M4,Igkc_M3,Xcr1_M4
Igkc_M3<==>Nap1l1_B1,Igkc_M3,Nap1l1_B1
Igkc_M3<==>Ndufb1-ps_M3,Igkc_M3,Ndufb1-ps_M3
Igkc_M3<==>Ifi27l2a_T2,Igkc_M3,Ifi27l2a_T2
Igkc_M3<==>Ighg1_B0,Igkc_M3,Ighg1_B0
Igkc_M3<==>Ighg1_B2,Igkc_M3,Ighg1_B2
Igkc_M3<==>Rcbtb2_M1,Igkc_M3,Rcbtb2_M1
Igkc_M3<==>Ywhaz_T2,Igkc_M3,Ywhaz_T2
Igkc_M3<==>Ywhaz_T3,Igkc_M3,Ywhaz_T3
Igkc_M3<==>Rpl36a_B4,Igkc_M3,Rpl36a_B4
Eif2ak3_B3<==>Tbc1d15_B3,Eif2ak3_B3,Tbc1d15_B3
Eif2ak3_B3<==>Ctsw_T0,Eif2ak3_B3,Ctsw_T0
Cd8a_T3<==>Actg1_T3,Cd8a_T3,Actg1_T3
Cd8a_T3<==>Ighv1-5_B3,Cd8a_T3,Ighv1-5_B3
St3gal5_M4<==>Id2_M0,St3gal5_M4,Id2_M0
Vamp8_M0<==>Ftl1_M1,Vamp8_M0,Ftl1_M1
Vamp8_M0<==>Btg1_M5,Vamp8_M0,Btg1_M5
Vamp8_M0<==>Clic1_M0,Vamp8_M0,Clic1_M0
Vamp8_M0<==>Fam111a_B4,Vamp8_M0,Fam111a_B4
Vamp8_M1<==>H2-D1_M0,Vamp8_M1,H2-D1_M0
Vamp8_M5<==>Ctsc_M5,Vamp8_M5,Ctsc_M5
Vamp8_M5<==>Cd68_M5,Vamp8_M5,Cd68_M5
Vamp8_M5<==>Csf1r_M5,Vamp8_M5,Csf1r_M5
Vamp8_M5<==>Cox8a_B2,Vamp8_M5,Cox8a_B2
Mat2a_B5<==>Akap13_T4,Mat2a_B5,Akap13_T4
Mat2a_B5<==>Irf8_M1,Mat2a_B5,Irf8_M1
Mat2a_B5<==>Uqcrq_M4,Mat2a_B5,Uqcrq_M4
Mat2a_B5<==>Mpeg1_M4,Mat2a_B5,Mpeg1_M4
Capg_B1<==>Plbd1_M4,Capg_B1,Plbd1_M4
Capg_B1<==>Prss23_O7,Capg_B1,Prss23_O7
Capg_B1<==>Itgb1_M5,Capg_B1,Itgb1_M5
Capg_B1<==>Hspa8_B5,Capg_B1,Hspa8_B5
Capg_B1<==>Plek_B1,Capg_B1,Plek_B1
Capg_B1<==>Rpl23a_T5,Capg_B1,Rpl23a_T5
Capg_B1<==>Rpl19_T2,Capg_B1,Rpl19_T2
Capg_B1<==>Bptf_B4,Capg_B1,Bptf_B4
Capg_B1<==>Ighv8-11_B3,Capg_B1,Ighv8-11_B3
Capg_B1<==>Gch1_B5,Capg_B1,Gch1_B5
Capg_B1<==>Scara5_O7,Capg_B1,Scara5_O7
Capg_B1<==>Samsn1_T2,Capg_B1,Samsn1_T2
Capg_B1<==>Ets2_M5,Capg_B1,Ets2_M5
Capg_B1<==>Fndc1_O7,Capg_B1,Fndc1_O7
Capg_B1<==>Rps14_T5,Capg_B1,Rps14_T5
Capg_B1<==>Rpl17_T5,Capg_B1,Rpl17_T5
Capg_B1<==>Rbm3_B4,Capg_B1,Rbm3_B4
Capg_M0<==>Rbx1_M0,Capg_M0,Rbx1_M0
Capg_M0<==>BC031181_M4,Capg_M0,BC031181_M4
Capg_M0<==>Cox7b_T4,Capg_M0,Cox7b_T4
Capg_T4<==>Cd37_B1,Capg_T4,Cd37_B1
Capg_T4<==>Spcs3_B3,Capg_T4,Spcs3_B3
Capg_T4<==>Psma4_M3,Capg_T4,Psma4_M3
Capg_T4<==>Abracl_T4,Capg_T4,Abracl_T4
Capg_T4<==>Eif5a_B4,Capg_T4,Eif5a_B4
Capg_T4<==>Calm1_B0,Capg_T4,Calm1_B0
Capg_T4<==>Cd83_M3,Capg_T4,Cd83_M3
Capg_T4<==>Atp5g2_B5,Capg_T4,Atp5g2_B5
Capg_T4<==>Jak2_T2,Capg_T4,Jak2_T2
Capg_T4<==>Rpl10_B5,Capg_T4,Rpl10_B5
Capg_T4<==>mt-Nd2_T2,Capg_T4,mt-Nd2_T2
Tgoln1_M0<==>Prkar1a_B3,Tgoln1_M0,Prkar1a_B3
Tgoln1_M0<==>Cdkn1a_M0,Tgoln1_M0,Cdkn1a_M0
Tgoln1_M0<==>Jak2_T1,Tgoln1_M0,Jak2_T1
Tmsb10_B1<==>Rps19_M3,Tmsb10_B1,Rps19_M3
Tmsb10_B1<==>Nap1l1_B1,Tmsb10_B1,Nap1l1_B1
Tmsb10_B1<==>Ddx5_T4,Tmsb10_B1,Ddx5_T4
Tmsb10_B1<==>Socs3_M0,Tmsb10_B1,Socs3_M0
Tmsb10_B1<==>Psme1_B2,Tmsb10_B1,Psme1_B2
Tmsb10_B1<==>Tmbim6_M0,Tmsb10_B1,Tmbim6_M0
Tmsb10_B1<==>Eif1a_M4,Tmsb10_B1,Eif1a_M4
Tmsb10_B1<==>Igkv9-120_B3,Tmsb10_B1,Igkv9-120_B3
Tmsb10_B3<==>Clec2d_M1,Tmsb10_B3,Clec2d_M1
Tmsb10_B3<==>Rpl13_B5,Tmsb10_B3,Rpl13_B5
Tmsb10_B3<==>Ets1_T1,Tmsb10_B3,Ets1_T1
Tmsb10_B3<==>Cd3e_T2,Tmsb10_B3,Cd3e_T2
Tmsb10_B3<==>Rpl41_B3,Tmsb10_B3,Rpl41_B3
Tmsb10_B3<==>Sec61g_B3,Tmsb10_B3,Sec61g_B3
Tmsb10_B3<==>Ndufb1-ps_M3,Tmsb10_B3,Ndufb1-ps_M3
Tmsb10_B3<==>Hnrnpk_T2,Tmsb10_B3,Hnrnpk_T2
Tmsb10_B3<==>Elob_B3,Tmsb10_B3,Elob_B3
Tmsb10_B3<==>Rps28_T2,Tmsb10_B3,Rps28_T2
Tmsb10_B3<==>Ndufa2_T3,Tmsb10_B3,Ndufa2_T3
Tmsb10_B3<==>Ndufa1_B3,Tmsb10_B3,Ndufa1_B3
Tmsb10_B3<==>mt-Co2_B0,Tmsb10_B3,mt-Co2_B0
Tmsb10_B3<==>mt-Atp6_B5,Tmsb10_B3,mt-Atp6_B5
Tmsb10_M0<==>Ccnd2_B3,Tmsb10_M0,Ccnd2_B3
Tmsb10_M0<==>Nkg7_T3,Tmsb10_M0,Nkg7_T3
Tmsb10_M0<==>Ndufa13_T2,Tmsb10_M0,Ndufa13_T2
Tmsb10_M0<==>Mif_M0,Tmsb10_M0,Mif_M0
Tmsb10_M0<==>Arf1_M0,Tmsb10_M0,Arf1_M0
Tmsb10_M0<==>Ly6a_T5,Tmsb10_M0,Ly6a_T5
Tmsb10_M0<==>Smdt1_M0,Tmsb10_M0,Smdt1_M0
Tmsb10_M0<==>H2-Oa_M3,Tmsb10_M0,H2-Oa_M3
Tmsb10_M0<==>Psmb8_M3,Tmsb10_M0,Psmb8_M3
Tmsb10_M0<==>Ppp1ca_M0,Tmsb10_M0,Ppp1ca_M0
Tmsb10_M0<==>Ostf1_M0,Tmsb10_M0,Ostf1_M0
Tmsb10_M3<==>Birc2_T2,Tmsb10_M3,Birc2_T2
Tmsb10_M3<==>Lgmn_M1,Tmsb10_M3,Lgmn_M1
Tmsb10_M3<==>Cox7c_M3,Tmsb10_M3,Cox7c_M3
Tmsb10_M3<==>Dnase1l3_M1,Tmsb10_M3,Dnase1l3_M1
Tmsb10_M3<==>Malt1_B5,Tmsb10_M3,Malt1_B5
Tmsb10_M3<==>Rpl17_M3,Tmsb10_M3,Rpl17_M3
Tmsb10_T5<==>Snrpg_B3,Tmsb10_T5,Snrpg_B3
Tmsb10_T5<==>M6pr_M0,Tmsb10_T5,M6pr_M0
Tmsb10_T5<==>Rhog_T5,Tmsb10_T5,Rhog_T5
Tmsb10_T5<==>Rpl13_M3,Tmsb10_T5,Rpl13_M3
Tmsb10_T5<==>Itgb1_M0,Tmsb10_T5,Itgb1_M0
Tmsb10_T5<==>Actr2_M0,Tmsb10_T5,Actr2_M0
Tmsb10_T5<==>Gfpt2_O7,Tmsb10_T5,Gfpt2_O7
Tmsb10_T5<==>Rpl26_M3,Tmsb10_T5,Rpl26_M3
Tmsb10_T5<==>Serpinf1_O7,Tmsb10_T5,Serpinf1_O7
Tmsb10_T5<==>Igfbp6_O7,Tmsb10_T5,Igfbp6_O7
Pole4_T5<==>Crip1_T4,Pole4_T5,Crip1_T4
Pole4_T5<==>mt-Co2_B0,Pole4_T5,mt-Co2_B0
Hk2_T7<==>Atp5d_T1,Hk2_T7,Atp5d_T1
Hk2_T7<==>Satb1_T3,Hk2_T7,Satb1_T3
Aup1_B3<==>Cox7b_B3,Aup1_B3,Cox7b_B3
Mob1a_M1<==>Ppia_B3,Mob1a_M1,Ppia_B3
Mob1a_M1<==>Card19_M3,Mob1a_M1,Card19_M3
Mob1a_M5<==>Rpl13_B5,Mob1a_M5,Rpl13_B5
Mob1a_M5<==>Rps29_T1,Mob1a_M5,Rps29_T1
Mob1a_M5<==>Ly86_M4,Mob1a_M5,Ly86_M4
Mob1a_M5<==>Gm42418_B4,Mob1a_M5,Gm42418_B4
Mob1a_M5<==>Atp5md_T1,Mob1a_M5,Atp5md_T1
Mob1a_M5<==>mt-Atp6_T4,Mob1a_M5,mt-Atp6_T4
Mob1a_T5<==>Clec12a_M0,Mob1a_T5,Clec12a_M0
Mob1a_T5<==>Hcst_T4,Mob1a_T5,Hcst_T4
Mob1a_T5<==>Napsa_B4,Mob1a_T5,Napsa_B4
Mob1a_T5<==>Gdpd3_B1,Mob1a_T5,Gdpd3_B1
Mob1a_T5<==>Cd3d_B6_0,Mob1a_T5,Cd3d_B6_0
Bola3_T5<==>Rps16_T5,Bola3_T5,Rps16_T5
Bola3_T5<==>Ighv2-3_B3,Bola3_T5,Ighv2-3_B3
Cct7_T5<==>Rgs10_M3,Cct7_T5,Rgs10_M3
Cct7_T5<==>Cox8a_M0,Cct7_T5,Cox8a_M0
Cct7_T5<==>Rpl10_T5,Cct7_T5,Rpl10_T5
Dusp11_B3<==>Eef1a1_B3,Dusp11_B3,Eef1a1_B3
Dusp11_B3<==>Atf4_B3,Dusp11_B3,Atf4_B3
Dusp11_M3<==>Pafah1b1_T3,Dusp11_M3,Pafah1b1_T3
Dusp11_M3<==>Ly6d_B3,Dusp11_M3,Ly6d_B3
Dusp11_M3<==>Cmtr1_M4,Dusp11_M3,Cmtr1_M4
Dusp11_M4<==>Coro1a_T2,Dusp11_M4,Coro1a_T2
Snrpg_B0<==>Cnbp_T7,Snrpg_B0,Cnbp_T7
Snrpg_B0<==>Cd3g_T4,Snrpg_B0,Cd3g_T4
Snrpg_B0<==>Pfn1_B1,Snrpg_B0,Pfn1_B1
Snrpg_B0<==>Cebpz_B1,Snrpg_B0,Cebpz_B1
Snrpg_B0<==>Crem_M5,Snrpg_B0,Crem_M5
Snrpg_B0<==>mt-Nd3_T6,Snrpg_B0,mt-Nd3_T6
Snrpg_B1<==>Tma7_T4,Snrpg_B1,Tma7_T4
Snrpg_B1<==>Rps23_B2,Snrpg_B1,Rps23_B2
Snrpg_B1<==>Cox17_T4,Snrpg_B1,Cox17_T4
Snrpg_B1<==>mt-Nd3_B5,Snrpg_B1,mt-Nd3_B5
Snrpg_B3<==>Tgfb1_M3,Snrpg_B3,Tgfb1_M3
Snrpg_B3<==>Morf4l1_B3,Snrpg_B3,Morf4l1_B3
Snrpg_B3<==>Ppia_B3,Snrpg_B3,Ppia_B3
Snrpg_B3<==>Ywhaz_B3,Snrpg_B3,Ywhaz_B3
Snrpg_B3<==>Elob_B3,Snrpg_B3,Elob_B3
Snrpg_B3<==>mt-Co2_B0,Snrpg_B3,mt-Co2_B0
Snrpg_B3<==>Igkv17-121_B3,Snrpg_B3,Igkv17-121_B3
Snrpg_B5<==>Rps15a_T1,Snrpg_B5,Rps15a_T1
Snrpg_B5<==>Snx20_M3,Snrpg_B5,Snx20_M3
Snrpg_B5<==>Map1lc3b_B1,Snrpg_B5,Map1lc3b_B1
Snrpg_B5<==>Ube2b_T1,Snrpg_B5,Ube2b_T1
Snrpg_B5<==>Cox7c_T1,Snrpg_B5,Cox7c_T1
Snrpg_B5<==>Elob_T2,Snrpg_B5,Elob_T2
Snrpg_B5<==>Ms4a6b_M1,Snrpg_B5,Ms4a6b_M1
Snrpg_B5<==>mt-Co3_B5,Snrpg_B5,mt-Co3_B5
Snrpg_M3<==>Gapdh_T5,Snrpg_M3,Gapdh_T5
Snrpg_M3<==>Cox7c_M3,Snrpg_M3,Cox7c_M3
Snrpg_M5<==>Atp6v1e1_M0,Snrpg_M5,Atp6v1e1_M0
Snrpg_M5<==>Ubl5_M0,Snrpg_M5,Ubl5_M0
Snrpg_M5<==>Hspa8_B5,Snrpg_M5,Hspa8_B5
Snrpg_M5<==>Rab8b_T0,Snrpg_M5,Rab8b_T0
Snrpg_M5<==>Mif_B5,Snrpg_M5,Mif_B5
Snrpg_M5<==>Gfpt2_O7,Snrpg_M5,Gfpt2_O7
Snrpg_M5<==>Ddx5_T4,Snrpg_M5,Ddx5_T4
Snrpg_M5<==>Gm42418_M5,Snrpg_M5,Gm42418_M5
Snrpg_M5<==>Tgif1_M0,Snrpg_M5,Tgif1_M0
Snrpg_T2<==>Ubl5_B1,Snrpg_T2,Ubl5_B1
Snrpg_T3<==>Plbd1_M4,Snrpg_T3,Plbd1_M4
Snrpg_T3<==>Sec61g_T4,Snrpg_T3,Sec61g_T4
Snrpg_T3<==>Sec61g_T5,Snrpg_T3,Sec61g_T5
Snrpg_T3<==>Atp5mpl_M3,Snrpg_T3,Atp5mpl_M3
Snrpg_T3<==>Cox7c_T1,Snrpg_T3,Cox7c_T1
Pcbp1_B5<==>Ramp3_T7,Pcbp1_B5,Ramp3_T7
Pcbp1_B5<==>H2-Oa_M4,Pcbp1_B5,H2-Oa_M4
Pcbp1_B5<==>Gm42418_B4,Pcbp1_B5,Gm42418_B4
Pcbp1_B5<==>Myl12a_T2,Pcbp1_B5,Myl12a_T2
Pcbp1_M1<==>Rpl29_B1,Pcbp1_M1,Rpl29_B1
Pcbp1_M1<==>Id2_M3,Pcbp1_M1,Id2_M3
Pcbp1_M1<==>Smchd1_B2,Pcbp1_M1,Smchd1_B2
Mxd1_M1<==>Lrrk1_M4,Mxd1_M1,Lrrk1_M4
Mxd1_M1<==>Ets1_T4,Mxd1_M1,Ets1_T4
Mxd1_M1<==>Gns_M1,Mxd1_M1,Gns_M1
Mxd1_M1<==>Snhg15_M3,Mxd1_M1,Snhg15_M3
Mxd1_M1<==>Gna13_T4,Mxd1_M1,Gna13_T4
Mxd1_M1<==>Syk_M3,Mxd1_M1,Syk_M3
Mxd1_M1<==>Ndfip1_T3,Mxd1_M1,Ndfip1_T3
Mxd1_M2<==>Bax_M5,Mxd1_M2,Bax_M5
Mxd1_M2<==>Spty2d1_M3,Mxd1_M2,Spty2d1_M3
Mxd1_M2<==>Satb1_T3,Mxd1_M2,Satb1_T3
Mxd1_M2<==>Ndufa1_M0,Mxd1_M2,Ndufa1_M0
Mxd1_M3<==>Bhlhe40_B6_0,Mxd1_M3,Bhlhe40_B6_0
Mxd1_M3<==>Psma1_T5,Mxd1_M3,Psma1_T5
Mxd1_M3<==>Ubald2_T3,Mxd1_M3,Ubald2_T3
Mxd1_M5<==>Psme1_T5,Mxd1_M5,Psme1_T5
Mxd1_M5<==>Pabpc1_M5,Mxd1_M5,Pabpc1_M5
Mxd1_M5<==>Eif3a_B3,Mxd1_M5,Eif3a_B3
Gfpt1_M4<==>Ifngr1_T7,Gfpt1_M4,Ifngr1_T7
Gfpt1_M4<==>mt-Co1_T3,Gfpt1_M4,mt-Co1_T3
Rab43_M4<==>Rpl29_B1,Rab43_M4,Rpl29_B1
Isy1_M5<==>H3f3b_T2,Isy1_M5,H3f3b_T2
Isy1_M5<==>Crip1_T0,Isy1_M5,Crip1_T0
Isy1_M5<==>Tgfbi_M0,Isy1_M5,Tgfbi_M0
Isy1_M5<==>Rpl15_T5,Isy1_M5,Rpl15_T5
Isy1_M5<==>Fth1_M0,Isy1_M5,Fth1_M0
Isy1_T4<==>Cdkn1b_T4,Isy1_T4,Cdkn1b_T4
Isy1_T4<==>Gde1_M1,Isy1_T4,Gde1_M1
Isy1_T4<==>Ubfd1_M4,Isy1_T4,Ubfd1_M4
Isy1_T4<==>Specc1l_M1,Isy1_T4,Specc1l_M1
Isy1_T4<==>Ifi27l2a_T1,Isy1_T4,Ifi27l2a_T1
Isy1_T4<==>Slc38a2_B3,Isy1_T4,Slc38a2_B3
Isy1_T4<==>P2ry10_T5,Isy1_T4,P2ry10_T5
Isy1_T7<==>Tmf1_B4,Isy1_T7,Tmf1_B4
Isy1_T7<==>Rapgef6_T6,Isy1_T7,Rapgef6_T6
Isy1_T7<==>H3f3b_T2,Isy1_T7,H3f3b_T2
Cnbp_B1<==>Gadd45b_T2,Cnbp_B1,Gadd45b_T2
Cnbp_B1<==>Ddx5_T4,Cnbp_B1,Ddx5_T4
Cnbp_B1<==>H2-Ab1_B1,Cnbp_B1,H2-Ab1_B1
Cnbp_B4<==>Iqgap1_M5,Cnbp_B4,Iqgap1_M5
Cnbp_B4<==>Sub1_B4,Cnbp_B4,Sub1_B4
Cnbp_B4<==>Cox6c_T3,Cnbp_B4,Cox6c_T3
Cnbp_M5<==>Fyb_M1,Cnbp_M5,Fyb_M1
Cnbp_M5<==>mt-Atp6_B1,Cnbp_M5,mt-Atp6_B1
Cnbp_M5<==>mt-Co3_B1,Cnbp_M5,mt-Co3_B1
Cnbp_T1<==>Eif3k_M3,Cnbp_T1,Eif3k_M3
Cnbp_T1<==>Pfn1_B4,Cnbp_T1,Pfn1_B4
Cnbp_T1<==>H2-Ab1_B3,Cnbp_T1,H2-Ab1_B3
Cnbp_T2<==>Rplp2_T6_2,Cnbp_T2,Rplp2_T6_2
Cnbp_T2<==>Ube2b_T2,Cnbp_T2,Ube2b_T2
Cnbp_T2<==>Eif4a1_B5,Cnbp_T2,Eif4a1_B5
Cnbp_T2<==>Rpl3_T5,Cnbp_T2,Rpl3_T5
Cnbp_T2<==>Zfand5_M0,Cnbp_T2,Zfand5_M0
Cnbp_T3<==>Cotl1_M0,Cnbp_T3,Cotl1_M0
Cnbp_T3<==>Crip1_B2,Cnbp_T3,Crip1_B2
Cnbp_T3<==>Serpinb9_M3,Cnbp_T3,Serpinb9_M3
Cnbp_T3<==>Tnrc6b_B3,Cnbp_T3,Tnrc6b_B3
Cnbp_T5<==>Hnrnpa1_T2,Cnbp_T5,Hnrnpa1_T2
Cnbp_T7<==>Gpx1_M4,Cnbp_T7,Gpx1_M4
Cnbp_T7<==>Eif3e_M3,Cnbp_T7,Eif3e_M3
Cnbp_T7<==>Psmb9_M7,Cnbp_T7,Psmb9_M7
Cnbp_T7<==>Rps4x_B2,Cnbp_T7,Rps4x_B2
Hmces_B4<==>Hpf1_B4,Hmces_B4,Hpf1_B4
Hmces_B4<==>Ighg2b_B3,Hmces_B4,Ighg2b_B3
Hmces_B4<==>Arf4_B1,Hmces_B4,Arf4_B1
Rab7_M0<==>Hnrnpf_M0,Rab7_M0,Hnrnpf_M0
Rab7_M0<==>Psmd8_M0,Rab7_M0,Psmd8_M0
Rab7_M0<==>Fus_M0,Rab7_M0,Fus_M0
Rab7_M0<==>Ndufa13_T4,Rab7_M0,Ndufa13_T4
Rab7_M0<==>Snx20_M4,Rab7_M0,Snx20_M4
Rab7_M0<==>Cotl1_M0,Rab7_M0,Cotl1_M0
Rab7_M0<==>Itgb1_M0,Rab7_M0,Itgb1_M0
Rab7_M0<==>Cwc15_T2,Rab7_M0,Cwc15_T2
Rab7_M0<==>Tma7_T4,Rab7_M0,Tma7_T4
Rab7_M0<==>Uqcr11_M0,Rab7_M0,Uqcr11_M0
Rab7_M0<==>Gfpt2_O7,Rab7_M0,Gfpt2_O7
Rab7_M0<==>Arf1_M0,Rab7_M0,Arf1_M0
Rab7_M0<==>Prkar1a_T5,Rab7_M0,Prkar1a_T5
Rab7_M0<==>Odc1_B1,Rab7_M0,Odc1_B1
Rab7_M0<==>Fyb_T3,Rab7_M0,Fyb_T3
Rab7_M0<==>Vasn_O7,Rab7_M0,Vasn_O7
Rab7_M0<==>Myl12a_M0,Rab7_M0,Myl12a_M0
Rab7_M1<==>Rps4x_T3,Rab7_M1,Rps4x_T3
Rab7_M2<==>Atp5l_T3,Rab7_M2,Atp5l_T3
Rab7_M2<==>Cd164_T2,Rab7_M2,Cd164_T2
Rab7_M2<==>Scpep1_M3,Rab7_M2,Scpep1_M3
Rab7_M2<==>Gna13_M4,Rab7_M2,Gna13_M4
Rab7_M2<==>Eef1d_M1,Rab7_M2,Eef1d_M1
Rab7_M3<==>Rab1a_M3,Rab7_M3,Rab1a_M3
Rab7_M3<==>Psmb1_B1,Rab7_M3,Psmb1_B1
Rpn1_B3<==>Calr_B3,Rpn1_B3,Calr_B3
Rpn1_B3<==>Manf_B3,Rpn1_B3,Manf_B3
Rpn1_B3<==>Hsp90b1_B3,Rpn1_B3,Hsp90b1_B3
Rpn1_B3<==>Myl6_B3,Rpn1_B3,Myl6_B3
Rpn1_B3<==>Canx_B3,Rpn1_B3,Canx_B3
Rpn1_B3<==>Pdia6_B3,Rpn1_B3,Pdia6_B3
Rpn1_B3<==>Elob_B3,Rpn1_B3,Elob_B3
Rpn1_M3<==>Plekho2_M5,Rpn1_M3,Plekho2_M5
Rpn1_M4<==>Slfn2_M4,Rpn1_M4,Slfn2_M4
Rpn1_M4<==>Nme2_M3,Rpn1_M4,Nme2_M3
Rpn1_M4<==>Csf2rb_M5,Rpn1_M4,Csf2rb_M5
Rpn1_M4<==>Il2rb_T5,Rpn1_M4,Il2rb_T5
Rpn1_M4<==>Slc38a2_B3,Rpn1_M4,Slc38a2_B3
Slc6a6_M3<==>Prkar1a_B3,Slc6a6_M3,Prkar1a_B3
Slc6a6_M3<==>Cldnd1_T5,Slc6a6_M3,Cldnd1_T5
Slc6a6_M3<==>Smchd1_B2,Slc6a6_M3,Smchd1_B2
Tmf1_B4<==>Rpl28_B2,Tmf1_B4,Rpl28_B2
Tmf1_B4<==>Rhog_T5,Tmf1_B4,Rhog_T5
Tmf1_B4<==>Gm42418_B5,Tmf1_B4,Gm42418_B5
Tmf1_B4<==>Ankrd12_B4,Tmf1_B4,Ankrd12_B4
Arl6ip5_M4<==>Eef1a1_M3,Arl6ip5_M4,Eef1a1_M3
Arl6ip5_M4<==>Ppp2ca_M4,Arl6ip5_M4,Ppp2ca_M4
Arl6ip5_M4<==>BC018473_M7,Arl6ip5_M4,BC018473_M7
Arl6ip5_M4<==>Ifrd1_M2,Arl6ip5_M4,Ifrd1_M2
Arl6ip5_M4<==>mt-Co3_M3,Arl6ip5_M4,mt-Co3_M3
Foxp1_B2<==>Rps5_M3,Foxp1_B2,Rps5_M3
Foxp1_B2<==>Rpl18a_M3,Foxp1_B2,Rpl18a_M3
Foxp1_B2<==>Prdx2_M4,Foxp1_B2,Prdx2_M4
Foxp1_B2<==>Rpl13_M3,Foxp1_B2,Rpl13_M3
Foxp1_B2<==>Atp1b3_M3,Foxp1_B2,Atp1b3_M3
Foxp1_B2<==>Rps12_M3,Foxp1_B2,Rps12_M3
Foxp1_B2<==>Rpl26_M3,Foxp1_B2,Rpl26_M3
Foxp1_B2<==>Prkar1a_M5,Foxp1_B2,Prkar1a_M5
Foxp1_B2<==>Sub1_B2,Foxp1_B2,Sub1_B2
Foxp1_B2<==>Elob_B1,Foxp1_B2,Elob_B1
Foxp1_B2<==>Rps4x_M3,Foxp1_B2,Rps4x_M3
Foxp1_B3<==>Tspan13_B3,Foxp1_B3,Tspan13_B3
Foxp1_B3<==>Emb_T6,Foxp1_B3,Emb_T6
Foxp1_B3<==>Cd47_M3,Foxp1_B3,Cd47_M3
Foxp1_B4<==>mt-Nd4_B1,Foxp1_B4,mt-Nd4_B1
Foxp1_M1<==>Plekho2_M1,Foxp1_M1,Plekho2_M1
Foxp1_M1<==>Cd300c2_M4,Foxp1_M1,Cd300c2_M4
Foxp1_M1<==>Rpl8_M3,Foxp1_M1,Rpl8_M3
Foxp1_M1<==>Il2rg_T2,Foxp1_M1,Il2rg_T2
Foxp1_M3<==>Gdi2_B4,Foxp1_M3,Gdi2_B4
Foxp1_M4<==>Psmd8_M0,Foxp1_M4,Psmd8_M0
Foxp1_M4<==>Itgb2_M0,Foxp1_M4,Itgb2_M0
Foxp1_M4<==>Slc25a5_B4,Foxp1_M4,Slc25a5_B4
Foxp1_M5<==>Ighg2c_B1,Foxp1_M5,Ighg2c_B1
Foxp1_T6<==>Gadd45b_M3,Foxp1_T6,Gadd45b_M3
Foxp1_T6<==>Vmp1_B3,Foxp1_T6,Vmp1_B3
Foxp1_T6<==>Gna13_T4,Foxp1_T6,Gna13_T4
Foxp1_T6<==>Cyb5a_M5,Foxp1_T6,Cyb5a_M5
Foxp1_T6_3<==>Srgn_M3,Foxp1_T6_3,Srgn_M3
Foxp1_T6_3<==>Ddx24_T1,Foxp1_T6_3,Ddx24_T1
Foxp1_T6_3<==>Arf4_T2,Foxp1_T6_3,Arf4_T2
Ppp4r2_B4<==>Mtdh_B4,Ppp4r2_B4,Mtdh_B4
Ppp4r2_M1<==>mt-Nd2_B5,Ppp4r2_M1,mt-Nd2_B5
Ppp4r2_M3<==>Siglech_M7,Ppp4r2_M3,Siglech_M7
Ppp4r2_M3<==>Bcl2a1d_T4,Ppp4r2_M3,Bcl2a1d_T4
Ppp4r2_M3<==>Btg1_B4,Ppp4r2_M3,Btg1_B4
Ppp4r2_M3<==>P4hb_M1,Ppp4r2_M3,P4hb_M1
Ppp4r2_M3<==>Atp6v0c_B1,Ppp4r2_M3,Atp6v0c_B1
Ppp4r2_M3<==>mt-Nd5_T4,Ppp4r2_M3,mt-Nd5_T4
Ppp4r2_M4<==>Pld4_M1,Ppp4r2_M4,Pld4_M1
Ppp4r2_M4<==>Igha_M5,Ppp4r2_M4,Igha_M5
Ppp4r2_M4<==>Igha_T1,Ppp4r2_M4,Igha_T1
Ppp4r2_M4<==>Csf2rb2_M1,Ppp4r2_M4,Csf2rb2_M1
Ppp4r2_M5<==>Clec2d_T1,Ppp4r2_M5,Clec2d_T1
Ppp4r2_M5<==>Cyba_M1,Ppp4r2_M5,Cyba_M1
Ppp4r2_M5<==>Rab8b_M3,Ppp4r2_M5,Rab8b_M3
Ppp4r2_M5<==>Ubb_M1,Ppp4r2_M5,Ubb_M1
Ppp4r2_M5<==>Sub1_M3,Ppp4r2_M5,Sub1_M3
Ppp4r2_M5<==>Eef1d_M1,Ppp4r2_M5,Eef1d_M1
Ppp4r2_M5<==>Rpl3_M3,Ppp4r2_M5,Rpl3_M3
Itpr1_M4<==>Ubl5_T1,Itpr1_M4,Ubl5_T1
Itpr1_M4<==>Cadm1_M4,Itpr1_M4,Cadm1_M4
Bhlhe40_B6_0<==>Igha_T5,Bhlhe40_B6_0,Igha_T5
Bhlhe40_M3<==>Tgfb1_M1,Bhlhe40_M3,Tgfb1_M1
Bhlhe40_M3<==>Spcs3_B3,Bhlhe40_M3,Spcs3_B3
Bhlhe40_M3<==>Gpr183_M3,Bhlhe40_M3,Gpr183_M3
Bhlhe40_M3<==>Igkv5-39_B4,Bhlhe40_M3,Igkv5-39_B4
Bhlhe40_T3<==>Cdv3_B1,Bhlhe40_T3,Cdv3_B1
Bhlhe40_T3<==>Ndufb1-ps_M3,Bhlhe40_T3,Ndufb1-ps_M3
Bhlhe40_T3<==>Psme1_M0,Bhlhe40_T3,Psme1_M0
Bhlhe40_T3<==>Ly6e_T3,Bhlhe40_T3,Ly6e_T3
Bhlhe40_T3<==>Ndufa6_M0,Bhlhe40_T3,Ndufa6_M0
Bhlhe40_T3<==>Iglc3_B5,Bhlhe40_T3,Iglc3_B5
Bhlhe40_T3<==>Iglc2_B1,Bhlhe40_T3,Iglc2_B1
Bhlhe40_T4<==>Tyrobp_M4,Bhlhe40_T4,Tyrobp_M4
Bhlhe40_T4<==>Cd3d_T4,Bhlhe40_T4,Cd3d_T4
Bhlhe40_T4<==>Cox7a2_T4,Bhlhe40_T4,Cox7a2_T4
Bhlhe40_T4<==>Rpl14_T5,Bhlhe40_T4,Rpl14_T5
Bhlhe40_T4<==>Uqcrq_M0,Bhlhe40_T4,Uqcrq_M0
Bhlhe40_T4<==>Hexb_M1,Bhlhe40_T4,Hexb_M1
Bhlhe40_T4<==>Cox6c_T4,Bhlhe40_T4,Cox6c_T4
Bhlhe40_T4<==>Ly6a_T4,Bhlhe40_T4,Ly6a_T4
Bhlhe40_T4<==>H2-Q7_T4,Bhlhe40_T4,H2-Q7_T4
Bhlhe40_T4<==>Calm2_M3,Bhlhe40_T4,Calm2_M3
Bhlhe40_T4<==>AW112010_T4,Bhlhe40_T4,AW112010_T4
Bhlhe40_T4<==>Cox7b_T4,Bhlhe40_T4,Cox7b_T4
Bhlhe40_T5<==>Ccr7_M3,Bhlhe40_T5,Ccr7_M3
Bhlhe40_T5<==>Gna13_T7,Bhlhe40_T5,Gna13_T7
Bhlhe40_T5<==>Tspan13_M3,Bhlhe40_T5,Tspan13_M3
Bhlhe40_T5<==>Ninj1_M0,Bhlhe40_T5,Ninj1_M0
Arl8b_M1<==>Atox1_M1,Arl8b_M1,Atox1_M1
Arl8b_M1<==>H2-Q7_B0,Arl8b_M1,H2-Q7_B0
Arl8b_M1<==>Fth1_B7,Arl8b_M1,Fth1_B7
Edem1_B3<==>Rps26_M3,Edem1_B3,Rps26_M3
Edem1_B3<==>Rps26_M5,Edem1_B3,Rps26_M5
Edem1_B3<==>Rel_M3,Edem1_B3,Rel_M3
Edem1_B3<==>Rel_M5,Edem1_B3,Rel_M5
Edem1_B3<==>Rack1_B1,Edem1_B3,Rack1_B1
Edem1_B3<==>Atp5g1_M3,Edem1_B3,Atp5g1_M3
Edem1_B3<==>Rps23_B5,Edem1_B3,Rps23_B5
Edem1_B3<==>Selenok_B3,Edem1_B3,Selenok_B3
Edem1_B3<==>Cct5_M1,Edem1_B3,Cct5_M1
Edem1_B3<==>Ly6a_O10,Edem1_B3,Ly6a_O10
Edem1_B3<==>Rps28_M3,Edem1_B3,Rps28_M3
Edem1_B3<==>mt-Atp8_B1,Edem1_B3,mt-Atp8_B1
Arpc4_B4<==>Pfn1_B4,Arpc4_B4,Pfn1_B4
Arpc4_B4<==>Skap1_T2,Arpc4_B4,Skap1_T2
Arpc4_B4<==>Actg1_M0,Arpc4_B4,Actg1_M0
Arpc4_B4<==>Actg1_T1,Arpc4_B4,Actg1_T1
Arpc4_B4<==>Pabpc1_M4,Arpc4_B4,Pabpc1_M4
Arpc4_B4<==>Ier3_M3,Arpc4_B4,Ier3_M3
Arpc4_M3<==>Rabac1_B1,Arpc4_M3,Rabac1_B1
Arpc4_M3<==>Lat_T4,Arpc4_M3,Lat_T4
Arpc4_M3<==>Birc2_T2,Arpc4_M3,Birc2_T2
Arpc4_M3<==>Thy1_T4,Arpc4_M3,Thy1_T4
Arpc4_M3<==>Cox7a2_M0,Arpc4_M3,Cox7a2_M0
Arpc4_M3<==>Eif5a_B1,Arpc4_M3,Eif5a_B1
Arpc4_M3<==>Psme1_M3,Arpc4_M3,Psme1_M3
Arpc4_M3<==>Ppp1ca_M0,Arpc4_M3,Ppp1ca_M0
Arpc4_M3<==>mt-Co1_M1,Arpc4_M3,mt-Co1_M1
Arpc4_M4<==>Plbd1_M1,Arpc4_M4,Plbd1_M1
Arpc4_M4<==>Ddx6_M4,Arpc4_M4,Ddx6_M4
Arpc4_M4<==>Smdt1_T4,Arpc4_M4,Smdt1_T4
Arpc4_M4<==>Atp5j_T4,Arpc4_M4,Atp5j_T4
Brk1_M0<==>Tpi1_M5,Brk1_M0,Tpi1_M5
Brk1_M0<==>Nkg7_T0,Brk1_M0,Nkg7_T0
Brk1_M0<==>Saa3_M0,Brk1_M0,Saa3_M0
Brk1_M0<==>Tspo_M0,Brk1_M0,Tspo_M0
Brk1_M0<==>Ostf1_M0,Brk1_M0,Ostf1_M0
Vgll4_T2<==>Syngr2_M3,Vgll4_T2,Syngr2_M3
Vgll4_T2<==>Calm1_B2,Vgll4_T2,Calm1_B2
Vgll4_T4<==>Prdx2_M4,Vgll4_T4,Prdx2_M4
Vgll4_T4<==>Eif1_T3,Vgll4_T4,Eif1_T3
Vgll4_T4<==>Slc38a1_M4,Vgll4_T4,Slc38a1_M4
Vgll4_T5<==>Iglv3_B3,Vgll4_T5,Iglv3_B3
Rpl32_B1<==>Rabac1_B3,Rpl32_B1,Rabac1_B3
Rpl32_B1<==>Gdpd3_B3,Rpl32_B1,Gdpd3_B3
Rpl32_B1<==>Cd3e_T1,Rpl32_B1,Cd3e_T1
Rpl32_B1<==>Ighv14-2_B3,Rpl32_B1,Ighv14-2_B3
Rpl32_B2<==>Rpsa_B2,Rpl32_B2,Rpsa_B2
Rpl32_B2<==>Sumo2_M3,Rpl32_B2,Sumo2_M3
Rpl32_B3<==>Tpt1_B3,Rpl32_B3,Tpt1_B3
Rpl32_B3<==>Rps14_B3,Rpl32_B3,Rps14_B3
Rpl32_M1<==>Rpl26_M1,Rpl32_M1,Rpl26_M1
Rpl32_M1<==>Litaf_M4,Rpl32_M1,Litaf_M4
Rpl32_M1<==>Rpl35a_M2,Rpl32_M1,Rpl35a_M2
Rpl32_M1<==>Rpl36a_M1,Rpl32_M1,Rpl36a_M1
Rpl32_M3<==>Rps5_M3,Rpl32_M3,Rps5_M3
Rpl32_M3<==>Rps16_M3,Rpl32_M3,Rps16_M3
Rpl32_M3<==>Rps11_M3,Rpl32_M3,Rps11_M3
Rpl32_M3<==>Rpl18_M3,Rpl32_M3,Rpl18_M3
Rpl32_M3<==>Spty2d1_B3,Rpl32_M3,Spty2d1_B3
Rpl32_M3<==>Rps13_M3,Rpl32_M3,Rps13_M3
Rpl32_M3<==>Rps15a_M3,Rpl32_M3,Rps15a_M3
Rpl32_M3<==>Rpl18a_M3,Rpl32_M3,Rpl18a_M3
Rpl32_M3<==>Rpl13_M3,Rpl32_M3,Rpl13_M3
Rpl32_M3<==>Rpl4_M3,Rpl32_M3,Rpl4_M3
Rpl32_M3<==>Dennd4a_B1,Rpl32_M3,Dennd4a_B1
Rpl32_M3<==>Rpl14_M3,Rpl32_M3,Rpl14_M3
Rpl32_M3<==>Rps12_M3,Rpl32_M3,Rps12_M3
Rpl32_M3<==>Rps27a_M3,Rpl32_M3,Rps27a_M3
Rpl32_M3<==>Rack1_M3,Rpl32_M3,Rack1_M3
Rpl32_M3<==>Rpl26_M3,Rpl32_M3,Rpl26_M3
Rpl32_M3<==>Rpl23_M3,Rpl32_M3,Rpl23_M3
Rpl32_M3<==>Rps7_M3,Rpl32_M3,Rps7_M3
Rpl32_M3<==>Mast4_B3,Rpl32_M3,Mast4_B3
Rpl32_M3<==>Rpl15_M3,Rpl32_M3,Rpl15_M3
Rpl32_M3<==>Rps24_M3,Rpl32_M3,Rps24_M3
Rpl32_M3<==>Il2rb_M5,Rpl32_M3,Il2rb_M5
Rpl32_M3<==>Rps10_M3,Rpl32_M3,Rps10_M3
Rpl32_M3<==>Rps18_M3,Rpl32_M3,Rps18_M3
Rpl32_M3<==>Satb1_B0,Rpl32_M3,Satb1_B0
Rpl32_M3<==>Rps14_M3,Rpl32_M3,Rps14_M3
Rpl32_M3<==>Rpl17_M3,Rpl32_M3,Rpl17_M3
Rpl32_M5<==>Nkg7_T0,Rpl32_M5,Nkg7_T0
Rpl32_M5<==>Rps13_M5,Rpl32_M5,Rps13_M5
Rpl32_M5<==>Lat_T0,Rpl32_M5,Lat_T0
Rpl32_M5<==>Lars2_B7,Rpl32_M5,Lars2_B7
Rpl32_M5<==>Rpl23_M5,Rpl32_M5,Rpl23_M5
Rpl32_M5<==>Hif1a_M5,Rpl32_M5,Hif1a_M5
Rpl32_M5<==>Rps24_M5,Rpl32_M5,Rps24_M5
Rpl32_M5<==>Rpl10a_M5,Rpl32_M5,Rpl10a_M5
Rpl32_T2<==>Hspa8_T2,Rpl32_T2,Hspa8_T2
Rpl32_T2<==>Rpl4_T3,Rpl32_T2,Rpl4_T3
Rpl32_T2<==>Rpl19_M1,Rpl32_T2,Rpl19_M1
Rpl32_T4<==>Rps11_T4,Rpl32_T4,Rps11_T4
Rpl32_T4<==>Rpl13a_T4,Rpl32_T4,Rpl13a_T4
Rpl32_T4<==>Rpl18a_T4,Rpl32_T4,Rpl18a_T4
Rpl32_T4<==>Eef1a1_T4,Rpl32_T4,Eef1a1_T4
Rpl32_T4<==>Rpl27_T4,Rpl32_T4,Rpl27_T4
Rpl32_T4<==>Hsp90aa1_T5,Rpl32_T4,Hsp90aa1_T5
Rpl32_T4<==>Atp5g2_T4,Rpl32_T4,Atp5g2_T4
Rpl32_T5<==>Cyba_M0,Rpl32_T5,Cyba_M0
Rpl32_T5<==>Rack1_T5,Rpl32_T5,Rack1_T5
Rpl32_T5<==>Atox1_M4,Rpl32_T5,Atox1_M4
Rpl32_T5<==>Psme1_M4,Rpl32_T5,Psme1_M4
Rpl32_T5<==>Rpl3_B1,Rpl32_T5,Rpl3_B1
Rpl32_T5<==>Rpl3_T5,Rpl32_T5,Rpl3_T5
Rpl32_T5<==>Rps14_T5,Rpl32_T5,Rps14_T5
Hnrnpf_B1<==>Tnfaip2_M3,Hnrnpf_B1,Tnfaip2_M3
Hnrnpf_B3<==>Elf1_B3,Hnrnpf_B3,Elf1_B3
Hnrnpf_B3<==>Smdt1_B3,Hnrnpf_B3,Smdt1_B3
Hnrnpf_B3<==>Cox8a_M3,Hnrnpf_B3,Cox8a_M3
Hnrnpf_B5<==>Eif4a1_B5,Hnrnpf_B5,Eif4a1_B5
Hnrnpf_B5<==>Zfp36l1_B5,Hnrnpf_B5,Zfp36l1_B5
Hnrnpf_B5<==>Appl1_M4,Hnrnpf_B5,Appl1_M4
Hnrnpf_B5<==>Eif1a_M3,Hnrnpf_B5,Eif1a_M3
Hnrnpf_M0<==>Hspa8_B5,Hnrnpf_M0,Hspa8_B5
Hnrnpf_M0<==>Kdm6b_M1,Hnrnpf_M0,Kdm6b_M1
Hnrnpf_M0<==>Cd68_M0,Hnrnpf_M0,Cd68_M0
Hnrnpf_M0<==>Ctsl_M0,Hnrnpf_M0,Ctsl_M0
Hnrnpf_M0<==>Calm2_B1,Hnrnpf_M0,Calm2_B1
Hnrnpf_M1<==>Cox6b1_T0,Hnrnpf_M1,Cox6b1_T0
Hnrnpf_M1<==>Irf8_M3,Hnrnpf_M1,Irf8_M3
Hnrnpf_M1<==>Hif1a_T4,Hnrnpf_M1,Hif1a_T4
Hnrnpf_M1<==>Ywhaz_M1,Hnrnpf_M1,Ywhaz_M1
Hnrnpf_M1<==>Ciita_B4,Hnrnpf_M1,Ciita_B4
Hnrnpf_T2<==>Ighv3-8_B3,Hnrnpf_T2,Ighv3-8_B3
Wnk1_B1<==>Rpl29_B5,Wnk1_B1,Rpl29_B5
Wnk1_B1<==>Pnn_M4,Wnk1_B1,Pnn_M4
Wnk1_B1<==>Atp6v0c_M3,Wnk1_B1,Atp6v0c_M3
Wnk1_B1<==>Srsf7_B3,Wnk1_B1,Srsf7_B3
Wnk1_B1<==>Crem_B5,Wnk1_B1,Crem_B5
Wnk1_B1<==>Ighv1-52_B3,Wnk1_B1,Ighv1-52_B3
Wnk1_M7<==>Pgls_T5,Wnk1_M7,Pgls_T5
Wnk1_T1<==>Aebp2_T2,Wnk1_T1,Aebp2_T2
Wnk1_T1<==>Rps16_M3,Wnk1_T1,Rps16_M3
Wnk1_T1<==>Ndufa13_B1,Wnk1_T1,Ndufa13_B1
Wnk1_T1<==>Snx20_M3,Wnk1_T1,Snx20_M3
Wnk1_T1<==>Cmtm7_M4,Wnk1_T1,Cmtm7_M4
Wnk1_T1<==>Rpsa_M3,Wnk1_T1,Rpsa_M3
Wnk1_T1<==>Rps27a_M3,Wnk1_T1,Rps27a_M3
Wnk1_T1<==>Rpl27_M3,Wnk1_T1,Rpl27_M3
Wnk1_T1<==>Atp5h_B2,Wnk1_T1,Atp5h_B2
Wnk1_T1<==>Ighv3-1_B3,Wnk1_T1,Ighv3-1_B3
Wnk1_T1<==>Hnrnpa0_M1,Wnk1_T1,Hnrnpa0_M1
Wnk1_T1<==>Rps24_M3,Wnk1_T1,Rps24_M3
Wnk1_T1<==>Selenok_M0,Wnk1_T1,Selenok_M0
Wnk1_T1<==>Srsf3_B2,Wnk1_T1,Srsf3_B2
Wnk1_T1<==>Srsf3_B5,Wnk1_T1,Srsf3_B5
Wnk1_T1<==>H2-K1_B2,Wnk1_T1,H2-K1_B2
Wnk1_T1<==>Myl12b_T5,Wnk1_T1,Myl12b_T5
Wnk1_T1<==>Fau_M3,Wnk1_T1,Fau_M3
Wnk1_T1<==>Rps4x_M3,Wnk1_T1,Rps4x_M3
Wnk1_T2<==>Rpsa_M5,Wnk1_T2,Rpsa_M5
Wnk1_T2<==>Atp6v0c_B1,Wnk1_T2,Atp6v0c_B1
Wnk1_T2<==>Myl12b_B1,Wnk1_T2,Myl12b_B1
Wnk1_T2<==>AW112010_T5,Wnk1_T2,AW112010_T5
Wnk1_T2<==>Xist_B0,Wnk1_T2,Xist_B0
Wnk1_T3<==>Map3k14_M3,Wnk1_T3,Map3k14_M3
Wnk1_T4<==>Akap13_T4,Wnk1_T4,Akap13_T4
Wnk1_T4<==>Slc25a3_B1,Wnk1_T4,Slc25a3_B1
Atp6v1e1_M0<==>Spty2d1_M3,Atp6v1e1_M0,Spty2d1_M3
Atp6v1e1_M0<==>Hspa8_T2,Atp6v1e1_M0,Hspa8_T2
Atp6v1e1_M0<==>Plekho2_M1,Atp6v1e1_M0,Plekho2_M1
Atp6v1e1_M0<==>Pclaf_T5,Atp6v1e1_M0,Pclaf_T5
Atp6v1e1_M0<==>Snrpf_B5,Atp6v1e1_M0,Snrpf_B5
Atp6v1e1_M0<==>Rps26_T5,Atp6v1e1_M0,Rps26_T5
Atp6v1e1_M0<==>Ighv8-8_B2,Atp6v1e1_M0,Ighv8-8_B2
Atp6v1e1_M0<==>Syk_M0,Atp6v1e1_M0,Syk_M0
Atp6v1e1_M0<==>Hnrnpk_T5,Atp6v1e1_M0,Hnrnpk_T5
Atp6v1e1_M0<==>Ly6e_B3,Atp6v1e1_M0,Ly6e_B3
Atp6v1e1_M0<==>Rac2_T0,Atp6v1e1_M0,Rac2_T0
Atp6v1e1_M0<==>Ezr_M4,Atp6v1e1_M0,Ezr_M4
Atp6v1e1_M0<==>Gm42418_M5,Atp6v1e1_M0,Gm42418_M5
Atp6v1e1_M0<==>Ndufa1_M0,Atp6v1e1_M0,Ndufa1_M0
Atp6v1e1_M0<==>mt-Atp6_T3,Atp6v1e1_M0,mt-Atp6_T3
Atp6v1e1_M0<==>mt-Nd4l_B3,Atp6v1e1_M0,mt-Nd4l_B3
Atp6v1e1_M3<==>Rps27l_B5,Atp6v1e1_M3,Rps27l_B5
Atp6v1e1_M3<==>Uqcrq_M4,Atp6v1e1_M3,Uqcrq_M4
Atp6v1e1_M3<==>Mrpl52_B1,Atp6v1e1_M3,Mrpl52_B1
Atp6v1e1_M3<==>H2-D1_B1,Atp6v1e1_M3,H2-D1_B1
Atp6v1e1_M3<==>Ndufb11_M4,Atp6v1e1_M3,Ndufb11_M4
Atp6v1e1_M5<==>Eif3k_T2,Atp6v1e1_M5,Eif3k_T2
Atp6v1e1_M5<==>Ctsc_M5,Atp6v1e1_M5,Ctsc_M5
Atp6v1e1_M5<==>Sec61g_T2,Atp6v1e1_M5,Sec61g_T2
Atp6v1e1_M5<==>Sumo2_M4,Atp6v1e1_M5,Sumo2_M4
Atp6v1e1_M5<==>Fyb_M5,Atp6v1e1_M5,Fyb_M5
Atp6v1e1_M5<==>Ly6a_T0,Atp6v1e1_M5,Ly6a_T0
Atp6v1e1_M5<==>Cd14_M5,Atp6v1e1_M5,Cd14_M5
M6pr_M0<==>Rps19_M3,M6pr_M0,Rps19_M3
M6pr_M0<==>Prss23_O7,M6pr_M0,Prss23_O7
M6pr_M0<==>Hmgb2_T5,M6pr_M0,Hmgb2_T5
M6pr_M0<==>Itgb1_M0,M6pr_M0,Itgb1_M0
M6pr_M0<==>Plekho2_M1,M6pr_M0,Plekho2_M1
M6pr_M0<==>Gpx1_M0,M6pr_M0,Gpx1_M0
M6pr_M0<==>Tnfaip2_M0,M6pr_M0,Tnfaip2_M0
M6pr_M0<==>Atp5mpl_M0,M6pr_M0,Atp5mpl_M0
M6pr_M0<==>Crip1_M5,M6pr_M0,Crip1_M5
M6pr_M0<==>Syk_M0,M6pr_M0,Syk_M0
M6pr_M0<==>Mrpl52_M0,M6pr_M0,Mrpl52_M0
M6pr_M0<==>Scara5_O7,M6pr_M0,Scara5_O7
M6pr_M0<==>Col14a1_O7,M6pr_M0,Col14a1_O7
M6pr_M0<==>Ndufa6_B1,M6pr_M0,Ndufa6_B1
M6pr_M0<==>Igfbp6_O7,M6pr_M0,Igfbp6_O7
M6pr_M0<==>Ets2_M5,M6pr_M0,Ets2_M5
M6pr_M0<==>Tgif1_M0,M6pr_M0,Tgif1_M0
M6pr_M0<==>mt-Nd3_B1,M6pr_M0,mt-Nd3_B1
C3ar1_M1<==>Ms4a7_M1,C3ar1_M1,Ms4a7_M1
Clec4a2_M1<==>Ppa1_M4,Clec4a2_M1,Ppa1_M4
Clec4a2_M1<==>Shtn1_M4,Clec4a2_M1,Shtn1_M4
Clec4n_M1<==>Dennd4a_B0,Clec4n_M1,Dennd4a_B0
Clec4n_M1<==>Mast4_T7,Clec4n_M1,Mast4_T7
Clec4n_M1<==>Jak2_M1,Clec4n_M1,Jak2_M1
Clec4d_M2<==>Igha_T7,Clec4d_M2,Igha_T7
Clec4d_M2<==>Lpar6_M4,Clec4d_M2,Lpar6_M4
Clec4d_M2<==>Lnpep_M4,Clec4d_M2,Lnpep_M4
Clec4d_M2<==>Nars_B3,Clec4d_M2,Nars_B3
Clec4d_M2<==>Ighv1-80_B3,Clec4d_M2,Ighv1-80_B3
Ptpn6_B4<==>Clec12a_M0,Ptpn6_B4,Clec12a_M0
Ptpn6_B4<==>Prss23_O7,Ptpn6_B4,Prss23_O7
Ptpn6_B4<==>Hmgb2_M5,Ptpn6_B4,Hmgb2_M5
Ptpn6_B4<==>Ifngr1_T1,Ptpn6_B4,Ifngr1_T1
Ptpn6_B4<==>Uqcr11_M0,Ptpn6_B4,Uqcr11_M0
Ptpn6_B4<==>Slit3_O7,Ptpn6_B4,Slit3_O7
Ptpn6_B4<==>Pfn1_B4,Ptpn6_B4,Pfn1_B4
Ptpn6_B4<==>Gna13_B4,Ptpn6_B4,Gna13_B4
Ptpn6_B4<==>Tpt1_B5,Ptpn6_B4,Tpt1_B5
Ptpn6_B4<==>Lnpep_B1,Ptpn6_B4,Lnpep_B1
Ptpn6_B4<==>Pla2g7_M3,Ptpn6_B4,Pla2g7_M3
Ptpn6_B4<==>mt-Nd3_B0,Ptpn6_B4,mt-Nd3_B0
Grcc10_M0<==>Myl12a_T3,Grcc10_M0,Myl12a_T3
Grcc10_M3<==>Apoe_B1,Grcc10_M3,Apoe_B1
Grcc10_M3<==>Pfn1_T1,Grcc10_M3,Pfn1_T1
Grcc10_M3<==>Ighv3-6_B2,Grcc10_M3,Ighv3-6_B2
Grcc10_M3<==>Rps28_M3,Grcc10_M3,Rps28_M3
Grcc10_M3<==>mt-Atp8_B3,Grcc10_M3,mt-Atp8_B3
Tpi1_M5<==>Ifngr1_T7,Tpi1_M5,Ifngr1_T7
Tpi1_M5<==>Ppp1r12a_T0,Tpi1_M5,Ppp1r12a_T0
Tpi1_M5<==>Msrb1_M5,Tpi1_M5,Msrb1_M5
Tpi1_M5<==>mt-Co1_T3,Tpi1_M5,mt-Co1_T3
Tpi1_M5<==>Igkv3-10_B2,Tpi1_M5,Igkv3-10_B2
Tpi1_T5<==>Hsp90aa1_T5,Tpi1_T5,Hsp90aa1_T5
Tpi1_T5<==>Rpl24_T5,Tpi1_T5,Rpl24_T5
Tpi1_T5<==>Mbd2_T5,Tpi1_T5,Mbd2_T5
Cdca3_T5<==>Rps15_B5,Cdca3_T5,Rps15_B5
Cdca3_T5<==>Laptm4a_M1,Cdca3_T5,Laptm4a_M1
Cdca3_T5<==>Ighg3_B2,Cdca3_T5,Ighg3_B2
Cdca3_T5<==>Ighv1-53_B1,Cdca3_T5,Ighv1-53_B1
Cd4_T0<==>Fxyd5_M5,Cd4_T0,Fxyd5_M5
Cd4_T0<==>Taf1d_M4,Cd4_T0,Taf1d_M4
Cd4_T0<==>Ppp1r12a_T0,Cd4_T0,Ppp1r12a_T0
Cd4_T0<==>Atp5j_T4,Cd4_T0,Atp5j_T4
Cd4_T0<==>H2-DMb2_M3,Cd4_T0,H2-DMb2_M3
Cd4_T0<==>H2-Q7_T4,Cd4_T0,H2-Q7_T4
Cd4_T1<==>Arhgdib_T1,Cd4_T1,Arhgdib_T1
Cd4_T1<==>Snx20_M4,Cd4_T1,Snx20_M4
Cd4_T1<==>Ppia_T1,Cd4_T1,Ppia_T1
Cd4_T1<==>Calm1_T1,Cd4_T1,Calm1_T1
Cd4_T1<==>Eif1a_M3,Cd4_T1,Eif1a_M3
Ptms_M3<==>Birc2_T2,Ptms_M3,Birc2_T2
Ptms_M3<==>Dennd4a_T2,Ptms_M3,Dennd4a_T2
Ptms_M3<==>Sumo2_M4,Ptms_M3,Sumo2_M4
Ptms_M3<==>Sumo2_T4,Ptms_M3,Sumo2_T4
Ptms_M3<==>Pld4_M4,Ptms_M3,Pld4_M4
Ptms_M3<==>C3_M0,Ptms_M3,C3_M0
Ptms_M4<==>Rps9_M3,Ptms_M4,Rps9_M3
Ptms_M4<==>Ldha_M0,Ptms_M4,Ldha_M0
Ptms_M4<==>Rps3_M3,Ptms_M4,Rps3_M3
Ptms_M4<==>Uba52_T4,Ptms_M4,Uba52_T4
Ptms_M4<==>Jund_B5,Ptms_M4,Jund_B5
Ptms_M4<==>Snx20_M1,Ptms_M4,Snx20_M1
Ptms_M4<==>Tma7_M3,Ptms_M4,Tma7_M3
Ptms_M4<==>Eif5a_B1,Ptms_M4,Eif5a_B1
Ptms_M4<==>Tmem14c_M3,Ptms_M4,Tmem14c_M3
Ptms_M4<==>Hnrnpa0_M1,Ptms_M4,Hnrnpa0_M1
Ptms_M4<==>Psme1_M3,Ptms_M4,Psme1_M3
Ptms_M4<==>Itm2b_T2,Ptms_M4,Itm2b_T2
Ptms_M4<==>Smchd1_B2,Ptms_M4,Smchd1_B2
Chd4_M3<==>Tspan13_B4,Chd4_M3,Tspan13_B4
Gapdh_B1<==>Cyba_T4,Gapdh_B1,Cyba_T4
Gapdh_B1<==>Actg1_T4,Gapdh_B1,Actg1_T4
Gapdh_B1<==>Sod2_M5,Gapdh_B1,Sod2_M5
Gapdh_B4<==>Atp5d_B3,Gapdh_B4,Atp5d_B3
Gapdh_B4<==>Cct2_B4,Gapdh_B4,Cct2_B4
Gapdh_M0<==>Zfp36l1_T1,Gapdh_M0,Zfp36l1_T1
Gapdh_M0<==>Psma2_M0,Gapdh_M0,Psma2_M0
Gapdh_M0<==>Hnrnpa1_B1,Gapdh_M0,Hnrnpa1_B1
Gapdh_M0<==>Psmb8_M0,Gapdh_M0,Psmb8_M0
Gapdh_M0<==>Rpl10_B2,Gapdh_M0,Rpl10_B2
Gapdh_M0<==>Rpl10_T5,Gapdh_M0,Rpl10_T5
Gapdh_M0<==>mt-Cytb_M0,Gapdh_M0,mt-Cytb_M0
Gapdh_M2<==>Psmb8_T2,Gapdh_M2,Psmb8_T2
Gapdh_M3<==>Rps11_T5,Gapdh_M3,Rps11_T5
Gapdh_M3<==>Lsp1_T4,Gapdh_M3,Lsp1_T4
Gapdh_M3<==>Nsd3_T5,Gapdh_M3,Nsd3_T5
Gapdh_M3<==>Cox8a_M3,Gapdh_M3,Cox8a_M3
Gapdh_M3<==>Jak2_M3,Gapdh_M3,Jak2_M3
Gapdh_M3<==>mt-Co1_M0,Gapdh_M3,mt-Co1_M0
Gapdh_M3<==>mt-Co2_M0,Gapdh_M3,mt-Co2_M0
Gapdh_T5<==>Rps2_T5,Gapdh_T5,Rps2_T5
Cd9_M2<==>Snrpd2_M1,Cd9_M2,Snrpd2_M1
Cd9_M2<==>Ctsd_M0,Cd9_M2,Ctsd_M0
Cd9_M2<==>Birc2_T2,Cd9_M2,Birc2_T2
Cd9_M3<==>Clec2d_T2,Cd9_M3,Clec2d_T2
Cd9_M3<==>Chd2_T2,Cd9_M3,Chd2_T2
Cd9_M3<==>Eif4g2_B3,Cd9_M3,Eif4g2_B3
Cd9_M3<==>Tbc1d15_B3,Cd9_M3,Tbc1d15_B3
Cd9_M3<==>Rel_B5,Cd9_M3,Rel_B5
Cd9_M3<==>Sqstm1_M3,Cd9_M3,Sqstm1_M3
Cd9_M3<==>Pfn1_T3,Cd9_M3,Pfn1_T3
Cd9_M3<==>Prkar1a_T3,Cd9_M3,Prkar1a_T3
Cd9_M3<==>Ighv9-2_B3,Cd9_M3,Ighv9-2_B3
Cd9_M3<==>Sub1_B3,Cd9_M3,Sub1_B3
Cd9_M3<==>Azin1_B3,Cd9_M3,Azin1_B3
Cd9_M3<==>Tnrc6b_B3,Cd9_M3,Tnrc6b_B3
Cd9_M3<==>Slc38a2_B3,Cd9_M3,Slc38a2_B3
Cd9_M3<==>Atp5g2_M3,Cd9_M3,Atp5g2_M3
Cd9_M3<==>Zbtb20_B1,Cd9_M3,Zbtb20_B1
Cd9_M3<==>Zeb1_T2,Cd9_M3,Zeb1_T2
Cd9_M3<==>Nars_B3,Cd9_M3,Nars_B3
Cd9_M3<==>Jak2_T1,Cd9_M3,Jak2_T1
Cd9_M4<==>Psmd8_M0,Cd9_M4,Psmd8_M0
Cd9_M4<==>Cotl1_M1,Cd9_M4,Cotl1_M1
Cd9_M4<==>Ndufb9_M0,Cd9_M4,Ndufb9_M0
Ccnd2_B3<==>Crem_B5,Ccnd2_B3,Crem_B5
Ccnd2_M3<==>Rps17_M3,Ccnd2_M3,Rps17_M3
Ccnd2_M3<==>Jund_B1,Ccnd2_M3,Jund_B1
Ccnd2_M3<==>Rhoa_M0,Ccnd2_M3,Rhoa_M0
Ccnd2_M3<==>Spag9_M2,Ccnd2_M3,Spag9_M2
Ccnd2_M3<==>Atp6v0c_M5,Ccnd2_M3,Atp6v0c_M5
Ccnd2_M3<==>Rpl36a_M3,Ccnd2_M3,Rpl36a_M3
Ccnd2_M3<==>mt-Nd4_B3,Ccnd2_M3,mt-Nd4_B3
Ccnd2_T3<==>Iqgap1_M5,Ccnd2_T3,Iqgap1_M5
Ccnd2_T3<==>Cdv3_B1,Ccnd2_T3,Cdv3_B1
Ccnd2_T3<==>Rps7_M3,Ccnd2_T3,Rps7_M3
Ccnd2_T3<==>Mrpl52_M0,Ccnd2_T3,Mrpl52_M0
Ccnd2_T3<==>Ywhaz_B2,Ccnd2_T3,Ywhaz_B2
Ccnd2_T3<==>Rpl17_B2,Ccnd2_T3,Rpl17_B2
Ccnd2_T3<==>Rps4x_B2,Ccnd2_T3,Rps4x_B2
Ccnd2_T3<==>mt-Atp6_B2,Ccnd2_T3,mt-Atp6_B2
BC035044_M4<==>Ramp3_T7,BC035044_M4,Ramp3_T7
BC035044_M4<==>mt-Atp6_B2,BC035044_M4,mt-Atp6_B2
Clec2d_M0<==>Itgal_T5,Clec2d_M0,Itgal_T5
Clec2d_M0<==>Atp5g1_M3,Clec2d_M0,Atp5g1_M3
Clec2d_M0<==>Rps29_T2,Clec2d_M0,Rps29_T2
Clec2d_M0<==>Rps2_B3,Clec2d_M0,Rps2_B3
Clec2d_M0<==>Rps28_M3,Clec2d_M0,Rps28_M3
Clec2d_M0<==>Rpl39_B2,Clec2d_M0,Rpl39_B2
Clec2d_M0<==>mt-Atp8_B3,Clec2d_M0,mt-Atp8_B3
Clec2d_M0<==>mt-Nd4l_B4,Clec2d_M0,mt-Nd4l_B4
Clec2d_M1<==>Cdkn1b_T4,Clec2d_M1,Cdkn1b_T4
Clec2d_M1<==>Tgfb1_M3,Clec2d_M1,Tgfb1_M3
Clec2d_M1<==>Rpl13_B1,Clec2d_M1,Rpl13_B1
Clec2d_M1<==>Rab8b_M4,Clec2d_M1,Rab8b_M4
Clec2d_M1<==>Rab8b_T4,Clec2d_M1,Rab8b_T4
Clec2d_M1<==>Ddx21_B1,Clec2d_M1,Ddx21_B1
Clec2d_M1<==>Specc1l_M1,Clec2d_M1,Specc1l_M1
Clec2d_M1<==>Slc25a3_T3,Clec2d_M1,Slc25a3_T3
Clec2d_M1<==>Xbp1_M4,Clec2d_M1,Xbp1_M4
Clec2d_M1<==>Sqstm1_M3,Clec2d_M1,Sqstm1_M3
Clec2d_M1<==>Cltc_M1,Clec2d_M1,Cltc_M1
Clec2d_M1<==>Rps7_B1,Clec2d_M1,Rps7_B1
Clec2d_M1<==>Map3k1_M5,Clec2d_M1,Map3k1_M5
Clec2d_M1<==>Ly6e_M5,Clec2d_M1,Ly6e_M5
Clec2d_M1<==>H2-Aa_M1,Clec2d_M1,H2-Aa_M1
Clec2d_M1<==>Calm2_T1,Clec2d_M1,Calm2_T1
Clec2d_M1<==>Tnfaip8_M4,Clec2d_M1,Tnfaip8_M4
Clec2d_M1<==>Rpl17_B5,Clec2d_M1,Rpl17_B5
Clec2d_M1<==>Atp5a1_M1,Clec2d_M1,Atp5a1_M1
Clec2d_M1<==>Malat1_M2,Clec2d_M1,Malat1_M2
Clec2d_M1<==>mt-Co2_T2,Clec2d_M1,mt-Co2_T2
Clec2d_M1<==>mt-Co2_T6,Clec2d_M1,mt-Co2_T6
Clec2d_M1<==>mt-Atp6_B5,Clec2d_M1,mt-Atp6_B5
Clec2d_M1<==>mt-Atp6_T5,Clec2d_M1,mt-Atp6_T5
Clec2d_M1<==>mt-Atp6_T6,Clec2d_M1,mt-Atp6_T6
Clec2d_M3<==>Akap13_T3,Clec2d_M3,Akap13_T3
Clec2d_M3<==>Taldo1_M3,Clec2d_M3,Taldo1_M3
Clec2d_M3<==>Rab8b_M3,Clec2d_M3,Rab8b_M3
Clec2d_M3<==>Nap1l1_B1,Clec2d_M3,Nap1l1_B1
Clec2d_M3<==>Nme2_M3,Clec2d_M3,Nme2_M3
Clec2d_M3<==>Eif1_T7,Clec2d_M3,Eif1_T7
Clec2d_M3<==>Grb2_B1,Clec2d_M3,Grb2_B1
Clec2d_M3<==>Mef2c_B1,Clec2d_M3,Mef2c_B1
Clec2d_M3<==>Ywhaz_T2,Clec2d_M3,Ywhaz_T2
Clec2d_T1<==>Rps15_T1,Clec2d_T1,Rps15_T1
Clec2d_T1<==>Ppia_M3,Clec2d_T1,Ppia_M3
Clec2d_T1<==>Eif1_T7,Clec2d_T1,Eif1_T7
Clec2d_T1<==>Gm42418_T4,Clec2d_T1,Gm42418_T4
Clec2d_T1<==>Gm42418_T6,Clec2d_T1,Gm42418_T6
Clec2d_T1<==>Ms4a6b_T6,Clec2d_T1,Ms4a6b_T6
Clec2d_T1<==>Ablim1_T6,Clec2d_T1,Ablim1_T6
Clec2d_T1<==>mt-Atp6_T7,Clec2d_T1,mt-Atp6_T7
Clec2d_T2<==>Ifi30_B1,Clec2d_T2,Ifi30_B1
Clec2d_T2<==>Rpl18a_M1,Clec2d_T2,Rpl18a_M1
Clec2d_T2<==>Cxcl16_M3,Clec2d_T2,Cxcl16_M3
Clec2d_T2<==>Atp6v0c_B3,Clec2d_T2,Atp6v0c_B3
Clec2d_T2<==>Ablim1_T6,Clec2d_T2,Ablim1_T6
Cd69_B5<==>Selenow_T5,Cd69_B5,Selenow_T5
Cd69_B5<==>Psme2_B4,Cd69_B5,Psme2_B4
Cd69_B5<==>Xist_B0,Cd69_B5,Xist_B0
Clec12a_M0<==>Ifitm3_M3,Clec12a_M0,Ifitm3_M3
Clec12a_M0<==>Asah1_M0,Clec12a_M0,Asah1_M0
Clec12a_M0<==>Hmgb2_T3,Clec12a_M0,Hmgb2_T3
Clec12a_M0<==>Ets1_B2,Clec12a_M0,Ets1_B2
Clec12a_M0<==>Plekho2_M0,Clec12a_M0,Plekho2_M0
Clec12a_M0<==>Rps27l_B5,Clec12a_M0,Rps27l_B5
Clec12a_M0<==>Grn_M0,Clec12a_M0,Grn_M0
Clec12a_M0<==>Cd300c2_M0,Clec12a_M0,Cd300c2_M0
Clec12a_M0<==>Pld4_M0,Clec12a_M0,Pld4_M0
Clec12a_M0<==>Crip1_M0,Clec12a_M0,Crip1_M0
Clec12a_M0<==>Lnpep_B1,Clec12a_M0,Lnpep_B1
Clec12a_M0<==>mt-Nd1_M0,Clec12a_M0,mt-Nd1_M0
Clec12a_M0<==>mt-Nd1_M5,Clec12a_M0,mt-Nd1_M5
Clec12a_M0<==>mt-Nd3_B1,Clec12a_M0,mt-Nd3_B1
Clec12a_M4<==>Rps27l_M4,Clec12a_M4,Rps27l_M4
Clec12a_M4<==>Ighg2b_B0,Clec12a_M4,Ighg2b_B0
Clec12a_M4<==>Tnrc6b_B3,Clec12a_M4,Tnrc6b_B3
Clec9a_M4<==>Mif_M3,Clec9a_M4,Mif_M3
Clec9a_M4<==>Evi2a_M3,Clec9a_M4,Evi2a_M3
Clec9a_M4<==>Gm42418_B4,Clec9a_M4,Gm42418_B4
Cdkn1b_T2<==>Ppp2ca_M4,Cdkn1b_T2,Ppp2ca_M4
Cdkn1b_T2<==>Gm42418_T1,Cdkn1b_T2,Gm42418_T1
Cdkn1b_T2<==>mt-Nd1_T2,Cdkn1b_T2,mt-Nd1_T2
Cdkn1b_T2<==>mt-Atp6_T2,Cdkn1b_T2,mt-Atp6_T2
Cdkn1b_T4<==>Ubfd1_M4,Cdkn1b_T4,Ubfd1_M4
Cdkn1b_T4<==>Pycard_B3,Cdkn1b_T4,Pycard_B3
Cdkn1b_T4<==>Hmgb2_T4,Cdkn1b_T4,Hmgb2_T4
Cdkn1b_T4<==>Rab8b_T0,Cdkn1b_T4,Rab8b_T0
Cdkn1b_T4<==>Rab8b_T2,Cdkn1b_T4,Rab8b_T2
Cdkn1b_T4<==>Ifngr1_T5,Cdkn1b_T4,Ifngr1_T5
Cdkn1b_T4<==>Xbp1_M4,Cdkn1b_T4,Xbp1_M4
Cdkn1b_T4<==>Kdm6b_M1,Cdkn1b_T4,Kdm6b_M1
Cdkn1b_T4<==>Cox7c_B5,Cdkn1b_T4,Cox7c_B5
Cdkn1b_T4<==>Gpr183_T4,Cdkn1b_T4,Gpr183_T4
Cdkn1b_T4<==>Ago2_M3,Cdkn1b_T4,Ago2_M3
Cdkn1b_T4<==>Crem_M3,Cdkn1b_T4,Crem_M3
Cdkn1b_T4<==>Ms4a6c_M3,Cdkn1b_T4,Ms4a6c_M3
Cdkn1b_T4<==>Mxi1_T5,Cdkn1b_T4,Mxi1_T5
Cdkn1b_T5<==>AU020206_T4,Cdkn1b_T5,AU020206_T4
Cdkn1b_T5<==>Specc1l_M1,Cdkn1b_T5,Specc1l_M1
Lockd_T5<==>Hif1a_T0,Lockd_T5,Hif1a_T0
Apold1_O10<==>Cdkn1a_O10,Apold1_O10,Cdkn1a_O10
Plbd1_M1<==>Picalm_M1,Plbd1_M1,Picalm_M1
Plbd1_M1<==>Lyz2_M1,Plbd1_M1,Lyz2_M1
Plbd1_M1<==>Gna13_M1,Plbd1_M1,Gna13_M1
Plbd1_M1<==>Ago2_M4,Plbd1_M1,Ago2_M4
Plbd1_M1<==>H2-K1_M7,Plbd1_M1,H2-K1_M7
Plbd1_M1<==>H2-T22_M5,Plbd1_M1,H2-T22_M5
Plbd1_M1<==>mt-Nd2_T4,Plbd1_M1,mt-Nd2_T4
Plbd1_M4<==>Rpl13a_B1,Plbd1_M4,Rpl13a_B1
Plbd1_M4<==>Ets1_B2,Plbd1_M4,Ets1_B2
Plbd1_M4<==>Ifngr1_T1,Plbd1_M4,Ifngr1_T1
Plbd1_M4<==>Rap1b_T1,Plbd1_M4,Rap1b_T1
Plbd1_M4<==>Slit3_O7,Plbd1_M4,Slit3_O7
Plbd1_M4<==>Gch1_B5,Plbd1_M4,Gch1_B5
Plbd1_M4<==>Samsn1_T2,Plbd1_M4,Samsn1_T2
H2afj_B1<==>Emp3_M1,H2afj_B1,Emp3_M1
H2afj_B1<==>Itgb1_M0,H2afj_B1,Itgb1_M0
H2afj_B1<==>Ighg1_B0,H2afj_B1,Ighg1_B0
H2afj_B1<==>Selenok_T2,H2afj_B1,Selenok_T2
H2afj_B1<==>Ywhaz_B1,H2afj_B1,Ywhaz_B1
H2afj_B1<==>Ywhaz_B2,H2afj_B1,Ywhaz_B2
H2afj_M1<==>Ostf1_M1,H2afj_M1,Ostf1_M1
H2afj_T1<==>Ly6d_M7,H2afj_T1,Ly6d_M7
H2afj_T1<==>Atp6v0e_T1,H2afj_T1,Atp6v0e_T1
H2afj_T2<==>Eif4a1_B1,H2afj_T2,Eif4a1_B1
H2afj_T2<==>Brd2_M3,H2afj_T2,Brd2_M3
H2afj_T2<==>Cfl1_T3,H2afj_T2,Cfl1_T3
H2afj_T3<==>Rps2_M7,H2afj_T3,Rps2_M7
H2afj_T3<==>Rpl10_B4,H2afj_T3,Rpl10_B4
H2afj_T4<==>Hmgb2_M0,H2afj_T4,Hmgb2_M0
H2afj_T4<==>Hsp90aa1_B2,H2afj_T4,Hsp90aa1_B2
H2afj_T4<==>Crip1_T4,H2afj_T4,Crip1_T4
H2afj_T4<==>Ighv1-53_B1,H2afj_T4,Ighv1-53_B1
H2afj_T4<==>Itm2b_B5,H2afj_T4,Itm2b_B5
Arhgdib_B3<==>Ets1_T1,Arhgdib_B3,Ets1_T1
Arhgdib_B3<==>mt-Co2_T2,Arhgdib_B3,mt-Co2_T2
Arhgdib_B4<==>Il2rb_T4,Arhgdib_B4,Il2rb_T4
Arhgdib_B5<==>Iglc2_B0,Arhgdib_B5,Iglc2_B0
Arhgdib_B5<==>Hsp90ab1_T3,Arhgdib_B5,Hsp90ab1_T3
Arhgdib_B5<==>C3_O7,Arhgdib_B5,C3_O7
Arhgdib_M0<==>Cox5a_B1,Arhgdib_M0,Cox5a_B1
Arhgdib_M0<==>Arf1_M0,Arhgdib_M0,Arf1_M0
Arhgdib_M0<==>Rpl26_M1,Arhgdib_M0,Rpl26_M1
Arhgdib_M0<==>Ets2_M5,Arhgdib_M0,Ets2_M5
Arhgdib_M5<==>Ighg3_B2,Arhgdib_M5,Ighg3_B2
Arhgdib_M5<==>Ostf1_T1,Arhgdib_M5,Ostf1_T1
Arhgdib_T1<==>Rac2_T1,Arhgdib_T1,Rac2_T1
Arhgdib_T2<==>Pdcd5_M3,Arhgdib_T2,Pdcd5_M3
Arhgdib_T2<==>Cyba_T4,Arhgdib_T2,Cyba_T4
Arhgdib_T2<==>Lilrb4a_M5,Arhgdib_T2,Lilrb4a_M5
Arhgdib_T2<==>Ndufa6_M0,Arhgdib_T2,Ndufa6_M0
Arhgdib_T2<==>H2-D1_T4,Arhgdib_T2,H2-D1_T4
Arhgdib_T3<==>Furin_T4,Arhgdib_T3,Furin_T4
Arhgdib_T3<==>Ifngr1_T1,Arhgdib_T3,Ifngr1_T1
Arhgdib_T3<==>Slit3_O7,Arhgdib_T3,Slit3_O7
Arhgdib_T4<==>Ucp2_M3,Arhgdib_T4,Ucp2_M3
Arhgdib_T4<==>Lat_T4,Arhgdib_T4,Lat_T4
Arhgdib_T4<==>Itgb1_T5,Arhgdib_T4,Itgb1_T5
Arhgdib_T4<==>Cox7a2_M3,Arhgdib_T4,Cox7a2_M3
Arhgdib_T4<==>Rpl23_T2,Arhgdib_T4,Rpl23_T2
Arhgdib_T4<==>Ighm_B5,Arhgdib_T4,Ighm_B5
Arhgdib_T4<==>Psme1_M3,Arhgdib_T4,Psme1_M3
Arhgdib_T4<==>H2-D1_B4,Arhgdib_T4,H2-D1_B4
Arhgdib_T5<==>Iglc3_B2,Arhgdib_T5,Iglc3_B2
Arhgdib_T5<==>Iglc2_B2,Arhgdib_T5,Iglc2_B2
Mgst1_M0<==>Arf1_T1,Mgst1_M0,Arf1_T1
Mgst1_M0<==>Ywhaz_B4,Mgst1_M0,Ywhaz_B4
Mgst1_M0<==>H2-Ob_M3,Mgst1_M0,H2-Ob_M3
Mgst1_M0<==>Cybb_M5,Mgst1_M0,Cybb_M5
Aebp2_M4<==>Tpm4_T3,Aebp2_M4,Tpm4_T3
Aebp2_M4<==>Map1lc3b_T3,Aebp2_M4,Map1lc3b_T3
Aebp2_M4<==>Rpl13_B1,Aebp2_M4,Rpl13_B1
Aebp2_M4<==>Marcks_M3,Aebp2_M4,Marcks_M3
Aebp2_M4<==>Slc25a3_T3,Aebp2_M4,Slc25a3_T3
Aebp2_M4<==>Tbc1d15_B3,Aebp2_M4,Tbc1d15_B3
Aebp2_M4<==>Syngr2_M3,Aebp2_M4,Syngr2_M3
Aebp2_M4<==>Arf4_T2,Aebp2_M4,Arf4_T2
Aebp2_M4<==>Timm23_T4,Aebp2_M4,Timm23_T4
Aebp2_M4<==>Ywhaz_M3,Aebp2_M4,Ywhaz_M3
Aebp2_M4<==>Ly6e_M5,Aebp2_M4,Ly6e_M5
Aebp2_M4<==>Slc38a2_B3,Aebp2_M4,Slc38a2_B3
Aebp2_M4<==>Atp5g2_M3,Aebp2_M4,Atp5g2_M3
Aebp2_M4<==>Iglv1_B0,Aebp2_M4,Iglv1_B0
Aebp2_M4<==>Nars_B3,Aebp2_M4,Nars_B3
Aebp2_M4<==>Ehd1_M3,Aebp2_M4,Ehd1_M3
Aebp2_M4<==>Jak2_T1,Aebp2_M4,Jak2_T1
Aebp2_M5<==>Cd3d_T2,Aebp2_M5,Cd3d_T2
Aebp2_M5<==>Rdx_T5,Aebp2_M5,Rdx_T5
Aebp2_M5<==>Mycbp2_B1,Aebp2_M5,Mycbp2_B1
Aebp2_M5<==>Vasn_O7,Aebp2_M5,Vasn_O7
Aebp2_M5<==>Cdkn1a_M0,Aebp2_M5,Cdkn1a_M0
Aebp2_M5<==>Vapa_M0,Aebp2_M5,Vapa_M0
Aebp2_T1<==>Hcst_T4,Aebp2_T1,Hcst_T4
Aebp2_T1<==>Prdx2_M4,Aebp2_T1,Prdx2_M4
Aebp2_T1<==>Mcur1_M4,Aebp2_T1,Mcur1_M4
Aebp2_T1<==>Map3k1_M5,Aebp2_T1,Map3k1_M5
Aebp2_T1<==>Rpl37_T2,Aebp2_T1,Rpl37_T2
Aebp2_T1<==>Rpl3_M3,Aebp2_T1,Rpl3_M3
Aebp2_T1<==>Calm2_B1,Aebp2_T1,Calm2_B1
Aebp2_T1<==>Cd14_M1,Aebp2_T1,Cd14_M1
Aebp2_T2<==>Slfn1_M2,Aebp2_T2,Slfn1_M2
Aebp2_T2<==>Cyth1_M3,Aebp2_T2,Cyth1_M3
Aebp2_T2<==>Igha_B2,Aebp2_T2,Igha_B2
Aebp2_T2<==>Igha_B5,Aebp2_T2,Igha_B5
Aebp2_T2<==>Rps24_B5,Aebp2_T2,Rps24_B5
Aebp2_T2<==>Dgat1_T5,Aebp2_T2,Dgat1_T5
Aebp2_T2<==>Il2rb_T5,Aebp2_T2,Il2rb_T5
Aebp2_T2<==>Myl12b_T5,Aebp2_T2,Myl12b_T5
Aebp2_T2<==>Got1_T2,Aebp2_T2,Got1_T2
Aebp2_T5<==>Tbc1d4_M3,Aebp2_T5,Tbc1d4_M3
Cmas_M4<==>Bcl2a1d_M4,Cmas_M4,Bcl2a1d_M4
Cmas_M4<==>Hspa4_B1,Cmas_M4,Hspa4_B1
Kras_B2<==>Snx18_M0,Kras_B2,Snx18_M0
Kras_B2<==>Rpl10a_T4,Kras_B2,Rpl10a_T4
Kras_B5<==>Jund_B3,Kras_B5,Jund_B3
Kras_M0<==>Itgae_M4,Kras_M0,Itgae_M4
Kras_T1<==>Rpl28_M3,Kras_T1,Rpl28_M3
Kras_T1<==>Spty2d1_B3,Kras_T1,Spty2d1_B3
Kras_T1<==>Mt1_B3,Kras_T1,Mt1_B3
Kras_T1<==>Rpsa_M3,Kras_T1,Rpsa_M3
Kras_T1<==>Mrps24_B3,Kras_T1,Mrps24_B3
Kras_T1<==>Eif5_T6,Kras_T1,Eif5_T6
Kras_T1<==>Vapa_M0,Kras_T1,Vapa_M0
Ergic2_B3<==>Blvrb_B4,Ergic2_B3,Blvrb_B4
Ergic2_B3<==>Rpl36al_B4,Ergic2_B3,Rpl36al_B4
Ergic2_B3<==>Smagp_B4,Ergic2_B3,Smagp_B4
Ergic2_B3<==>Fkbp2_B3,Ergic2_B3,Fkbp2_B3
Dennd5b_B3<==>Mt1_M0,Dennd5b_B3,Mt1_M0
Dennd5b_B3<==>Eif1_M1,Dennd5b_B3,Eif1_M1
Dennd5b_B3<==>Col14a1_O7,Dennd5b_B3,Col14a1_O7
Dennd5b_B3<==>Igfbp6_O7,Dennd5b_B3,Igfbp6_O7
Dennd5b_B3<==>Vasn_O7,Dennd5b_B3,Vasn_O7
Dennd5b_B3<==>Pi16_O7,Dennd5b_B3,Pi16_O7
Dennd5b_B3<==>H2-Ab1_B0,Dennd5b_B3,H2-Ab1_B0
Dennd5b_B3<==>Ostf1_T1,Dennd5b_B3,Ostf1_T1
Resf1_M2<==>Ucp2_M4,Resf1_M2,Ucp2_M4
Resf1_M2<==>Rps12_M3,Resf1_M2,Rps12_M3
Resf1_M2<==>Atp5h_B2,Resf1_M2,Atp5h_B2
Resf1_M2<==>Hexb_M1,Resf1_M2,Hexb_M1
Resf1_M2<==>Ifngr2_M3,Resf1_M2,Ifngr2_M3
Resf1_M2<==>Lst1_M1,Resf1_M2,Lst1_M1
Resf1_M2<==>H2-Q7_B1,Resf1_M2,H2-Q7_B1
Resf1_M2<==>H2-Q7_T2,Resf1_M2,H2-Q7_T2
Resf1_M2<==>H2-T23_M1,Resf1_M2,H2-T23_M1
Resf1_M2<==>Cox8a_B2,Resf1_M2,Cox8a_B2
Resf1_M2<==>Rps4x_M3,Resf1_M2,Rps4x_M3
Rps9_M3<==>Rps5_M3,Rps9_M3,Rps5_M3
Rps9_M3<==>Rps16_M3,Rps9_M3,Rps16_M3
Rps9_M3<==>Ldha_M0,Rps9_M3,Ldha_M0
Rps9_M3<==>Rps3_M3,Rps9_M3,Rps3_M3
Rps9_M3<==>Ndufa13_B1,Rps9_M3,Ndufa13_B1
Rps9_M3<==>Ndufa13_T4,Rps9_M3,Ndufa13_T4
Rps9_M3<==>Rpl18a_M3,Rps9_M3,Rpl18a_M3
Rps9_M3<==>Rpl13_M3,Rps9_M3,Rpl13_M3
Rps9_M3<==>Cmtm7_M4,Rps9_M3,Cmtm7_M4
Rps9_M3<==>Rps12_M3,Rps9_M3,Rps12_M3
Rps9_M3<==>Bsg_M3,Rps9_M3,Bsg_M3
Rps9_M3<==>Atp5d_B1,Rps9_M3,Atp5d_B1
Rps9_M3<==>Rps27a_M3,Rps9_M3,Rps27a_M3
Rps9_M3<==>Vmp1_M5,Rps9_M3,Vmp1_M5
Rps9_M3<==>Hnrnpa0_M1,Rps9_M3,Hnrnpa0_M1
Rps9_M3<==>Rps23_M3,Rps9_M3,Rps23_M3
Rps9_M3<==>Itm2b_B5,Rps9_M3,Itm2b_B5
Rps9_M3<==>Fyb_T3,Rps9_M3,Fyb_T3
Rps9_M3<==>Sub1_B5,Rps9_M3,Sub1_B5
Rps9_M3<==>Pabpc1_M5,Rps9_M3,Pabpc1_M5
Rps9_M3<==>Mpc1_M3,Rps9_M3,Mpc1_M3
Rps9_M3<==>Srsf3_B2,Rps9_M3,Srsf3_B2
Rps9_M3<==>Rps18_M3,Rps9_M3,Rps18_M3
Rps9_M3<==>H2-D1_B2,Rps9_M3,H2-D1_B2
Rps9_M3<==>H2-Q7_T1,Rps9_M3,H2-Q7_T1
Rps9_M3<==>Rps14_M3,Rps9_M3,Rps14_M3
Rps9_M3<==>Rps4x_M3,Rps9_M3,Rps4x_M3
Rps9_T1<==>Rpl17_T1,Rps9_T1,Rpl17_T1
Rps9_T1<==>Ndufa1_M3,Rps9_T1,Ndufa1_M3
Rps9_T1<==>mt-Nd3_M3,Rps9_T1,mt-Nd3_M3
Rps9_T2<==>Rps24_T2,Rps9_T2,Rps24_T2
Rps9_T2<==>Fem1c_M3,Rps9_T2,Fem1c_M3
Rps9_T2<==>Rps14_T5,Rps9_T2,Rps14_T5
Rps9_T2<==>Rpl17_T2,Rps9_T2,Rpl17_T2
Rps9_T5<==>Rpl18_T5,Rps9_T5,Rpl18_T5
Rps9_T5<==>Lpcat2_M1,Rps9_T5,Lpcat2_M1
Rps9_T5<==>Sept7_T4,Rps9_T5,Sept7_T4
Rps9_T5<==>Eef2_T5,Rps9_T5,Eef2_T5
Rps9_T5<==>Rps27a_T5,Rps9_T5,Rps27a_T5
Rps9_T5<==>Rack1_T5,Rps9_T5,Rack1_T5
Rps9_T5<==>Rpl15_T5,Rps9_T5,Rpl15_T5
Rps9_T5<==>Rps18_T5,Rps9_T5,Rps18_T5
Rps9_T5<==>Rpl17_B2,Rps9_T5,Rpl17_B2
Rps9_T5<==>mt-Co2_B5,Rps9_T5,mt-Co2_B5
Rps9_T5<==>mt-Cytb_B2,Rps9_T5,mt-Cytb_B2
Rpl28_B0<==>Cox4i1_B3,Rpl28_B0,Cox4i1_B3
Rpl28_B1<==>Apoe_O7,Rpl28_B1,Apoe_O7
Rpl28_B1<==>Rps11_B1,Rpl28_B1,Rps11_B1
Rpl28_B1<==>Rpl13a_B1,Rpl28_B1,Rpl13a_B1
Rpl28_B1<==>Hmgb2_T5,Rpl28_B1,Hmgb2_T5
Rpl28_B1<==>Rpl18a_B1,Rpl28_B1,Rpl18a_B1
Rpl28_B1<==>Rpl4_B1,Rpl28_B1,Rpl4_B1
Rpl28_B1<==>Pclaf_T5,Rpl28_B1,Pclaf_T5
Rpl28_B1<==>Eef1a1_B1,Rpl28_B1,Eef1a1_B1
Rpl28_B1<==>Ifngr1_T1,Rpl28_B1,Ifngr1_T1
Rpl28_B1<==>Plek_B1,Rpl28_B1,Plek_B1
Rpl28_B1<==>Rack1_B1,Rpl28_B1,Rack1_B1
Rpl28_B1<==>Pdia6_O7,Rpl28_B1,Pdia6_O7
Rpl28_B1<==>Crip1_B2,Rpl28_B1,Crip1_B2
Rpl28_B1<==>Rps23_B1,Rpl28_B1,Rps23_B1
Rpl28_B1<==>Scara5_O7,Rpl28_B1,Scara5_O7
Rpl28_B1<==>Tpt1_B5,Rpl28_B1,Tpt1_B5
Rpl28_B1<==>Pi16_O7,Rpl28_B1,Pi16_O7
Rpl28_B1<==>Calm2_B1,Rpl28_B1,Calm2_B1
Rpl28_B1<==>Rpl17_B1,Rpl28_B1,Rpl17_B1
Rpl28_B1<==>Rpl17_T5,Rpl28_B1,Rpl17_T5
Rpl28_B1<==>Rps4x_B1,Rpl28_B1,Rps4x_B1
Rpl28_B1<==>P2ry10_M4,Rpl28_B1,P2ry10_M4
Rpl28_B1<==>mt-Nd4l_B3,Rpl28_B1,mt-Nd4l_B3
Rpl28_B1<==>mt-Nd5_B2,Rpl28_B1,mt-Nd5_B2
Rpl28_B2<==>Dennd4a_B1,Rpl28_B2,Dennd4a_B1
Rpl28_B2<==>Llph_B5,Rpl28_B2,Llph_B5
Rpl28_B2<==>2410006H16Rik_B2,Rpl28_B2,2410006H16Rik_B2
Rpl28_B2<==>Cxcl16_M3,Rpl28_B2,Cxcl16_M3
Rpl28_B2<==>Npc2_M5,Rpl28_B2,Npc2_M5
Rpl28_B2<==>Crip1_T1,Rpl28_B2,Crip1_T1
Rpl28_B2<==>Itm2b_O7,Rpl28_B2,Itm2b_O7
Rpl28_B2<==>Eif3e_B2,Rpl28_B2,Eif3e_B2
Rpl28_B2<==>Srsf3_M4,Rpl28_B2,Srsf3_M4
Rpl28_B2<==>Rps18_B2,Rpl28_B2,Rps18_B2
Rpl28_B2<==>Gm42418_B5,Rpl28_B2,Gm42418_B5
Rpl28_B2<==>Pten_M0,Rpl28_B2,Pten_M0
Rpl28_B2<==>Ablim1_T6,Rpl28_B2,Ablim1_T6
Rpl28_B2<==>Rpl10_B2,Rpl28_B2,Rpl10_B2
Rpl28_M1<==>Rps11_M1,Rpl28_M1,Rps11_M1
Rpl28_M1<==>Ifi30_M1,Rpl28_M1,Ifi30_M1
Rpl28_M1<==>Rpl18a_M1,Rpl28_M1,Rpl18a_M1
Rpl28_M1<==>Ist1_M3,Rpl28_M1,Ist1_M3
Rpl28_M1<==>Psme1_T1,Rpl28_M1,Psme1_T1
Rpl28_M1<==>Cox17_M0,Rpl28_M1,Cox17_M0
Rpl28_M1<==>Ssr4_M1,Rpl28_M1,Ssr4_M1
Rpl28_M1<==>Rpl10_M1,Rpl28_M1,Rpl10_M1
Rpl28_M3<==>Rabac1_B1,Rpl28_M3,Rabac1_B1
Rpl28_M3<==>Arpp19_M3,Rpl28_M3,Arpp19_M3
Rpl28_M3<==>Atp1b3_M3,Rpl28_M3,Atp1b3_M3
Rpl28_M3<==>Rpsa_M3,Rpl28_M3,Rpsa_M3
Rpl28_M3<==>Rps12_M3,Rpl28_M3,Rps12_M3
Rpl28_M3<==>Gpx4_M3,Rpl28_M3,Gpx4_M3
Rpl28_M3<==>Rps27a_M3,Rpl28_M3,Rps27a_M3
Rpl28_M3<==>Gfpt2_O7,Rpl28_M3,Gfpt2_O7
Rpl28_M3<==>Rpl26_M3,Rpl28_M3,Rpl26_M3
Rpl28_M3<==>Kdm6b_T4,Rpl28_M3,Kdm6b_T4
Rpl28_M3<==>Ighg2b_B0,Rpl28_M3,Ighg2b_B0
Rpl28_M3<==>Gpr183_M5,Rpl28_M3,Gpr183_M5
Rpl28_M3<==>Rps18_M3,Rpl28_M3,Rps18_M3
Rpl28_M3<==>H2-K1_B2,Rpl28_M3,H2-K1_B2
Rpl28_M3<==>Rps14_M3,Rpl28_M3,Rps14_M3
Rpl28_M3<==>Ighv7-3_B2,Rpl28_M3,Ighv7-3_B2
Rpl28_M4<==>Rps19_M4,Rpl28_M4,Rps19_M4
Rpl28_M4<==>Rps16_M4,Rpl28_M4,Rps16_M4
Rpl28_M4<==>Rgs10_T6_2,Rpl28_M4,Rgs10_T6_2
Rpl28_M4<==>Tpt1_M4,Rpl28_M4,Tpt1_M4
Rpl28_M4<==>Rpl30_M4,Rpl28_M4,Rpl30_M4
Rpl28_M4<==>Krt83_T7,Rpl28_M4,Krt83_T7
Rpl28_M4<==>Rps10_M4,Rpl28_M4,Rps10_M4
Rpl28_M4<==>Cox8a_M0,Rpl28_M4,Cox8a_M0
Rpl28_T1<==>Psme2_M4,Rpl28_T1,Psme2_M4
Rpl28_T1<==>Iglc3_B0,Rpl28_T1,Iglc3_B0
Rpl28_T3<==>Igha_B0,Rpl28_T3,Igha_B0
Rpl28_T3<==>Pim1_B3,Rpl28_T3,Pim1_B3
Rpl28_T5<==>Rps4x_T5,Rpl28_T5,Rps4x_T5
Ube2s_B4<==>Tubb5_B4,Ube2s_B4,Tubb5_B4
Rps5_M3<==>Rps16_M3,Rps5_M3,Rps16_M3
Rps5_M3<==>Rps11_M3,Rps5_M3,Rps11_M3
Rps5_M3<==>Spty2d1_B3,Rps5_M3,Spty2d1_B3
Rps5_M3<==>Rpl27a_M3,Rps5_M3,Rpl27a_M3
Rps5_M3<==>Rpl18a_M3,Rps5_M3,Rpl18a_M3
Rps5_M3<==>Smarca5_T2,Rps5_M3,Smarca5_T2
Rps5_M3<==>Rpl13_M3,Rps5_M3,Rpl13_M3
Rps5_M3<==>Rpsa_M5,Rps5_M3,Rpsa_M5
Rps5_M3<==>Rps12_M3,Rps5_M3,Rps12_M3
Rps5_M3<==>Gpx4_T2,Rps5_M3,Gpx4_T2
Rps5_M3<==>Rps27a_M3,Rps5_M3,Rps27a_M3
Rps5_M3<==>Rack1_M3,Rps5_M3,Rack1_M3
Rps5_M3<==>Rpl26_M3,Rps5_M3,Rpl26_M3
Rps5_M3<==>Rpl27_M3,Rps5_M3,Rpl27_M3
Rps5_M3<==>Rps7_M3,Rps5_M3,Rps7_M3
Rps5_M3<==>Rps23_M3,Rps5_M3,Rps23_M3
Rps5_M3<==>Sub1_B2,Rps5_M3,Sub1_B2
Rps5_M3<==>Ywhaz_B2,Rps5_M3,Ywhaz_B2
Rps5_M3<==>Igfbp6_O7,Rps5_M3,Igfbp6_O7
Rps5_M3<==>Rps18_M3,Rps5_M3,Rps18_M3
Rps5_M3<==>Rps14_M3,Rps5_M3,Rps14_M3
Rps5_M3<==>Rpl17_M3,Rps5_M3,Rpl17_M3
Rps5_M3<==>Rps4x_M3,Rps5_M3,Rps4x_M3
Rps5_M3<==>mt-Nd2_M5,Rps5_M3,mt-Nd2_M5
Rps5_M5<==>Rpl27a_M3,Rps5_M5,Rpl27a_M3
Rps5_M5<==>Rps13_M5,Rps5_M5,Rps13_M5
Rps5_M5<==>Rpsa_M5,Rps5_M5,Rpsa_M5
Rps5_M5<==>Rps27a_M3,Rps5_M5,Rps27a_M3
Rps5_M5<==>Rps27a_M5,Rps5_M5,Rps27a_M5
Rps5_M5<==>Ndufb1-ps_T3,Rps5_M5,Ndufb1-ps_T3
Rps5_M5<==>Ighv9-3_B1,Rps5_M5,Ighv9-3_B1
Rps5_M5<==>Rps14_M5,Rps5_M5,Rps14_M5
Rps5_T2<==>Zfp36_M1,Rps5_T2,Zfp36_M1
Rps5_T2<==>Rps3_T2,Rps5_T2,Rps3_T2
Rps5_T2<==>Rpsa_T2,Rps5_T2,Rpsa_T2
Rps5_T2<==>Rpl23a_T5,Rps5_T2,Rpl23a_T5
Rps5_T2<==>Ighv8-5_B3,Rps5_T2,Ighv8-5_B3
Rps5_T2<==>Rpl10a_T5,Rps5_T2,Rpl10a_T5
Chmp2a_M3<==>Ndufa13_T4,Chmp2a_M3,Ndufa13_T4
Selenow_B1<==>Selenow_B5,Selenow_B1,Selenow_B5
Selenow_B1<==>Rabac1_T2,Selenow_B1,Rabac1_T2
Selenow_B1<==>Actn1_M3,Selenow_B1,Actn1_M3
Selenow_B1<==>Crip1_M5,Selenow_B1,Crip1_M5
Selenow_B1<==>Ighg1_B7,Selenow_B1,Ighg1_B7
Selenow_B1<==>Hcls1_M0,Selenow_B1,Hcls1_M0
Selenow_B1<==>H2-K1_B4,Selenow_B1,H2-K1_B4
Selenow_B5<==>Map1lc3b_M3,Selenow_B5,Map1lc3b_M3
Selenow_B5<==>Kdm6b_T4,Selenow_B5,Kdm6b_T4
Selenow_B5<==>Rpl23_M3,Selenow_B5,Rpl23_M3
Selenow_B5<==>Hcls1_M0,Selenow_B5,Hcls1_M0
Selenow_B5<==>Fndc1_O7,Selenow_B5,Fndc1_O7
Selenow_B5<==>H2-K1_T4,Selenow_B5,H2-K1_T4
Selenow_B5<==>Psmb8_B4,Selenow_B5,Psmb8_B4
Selenow_B5<==>H2-D1_T7,Selenow_B5,H2-D1_T7
Selenow_B5<==>Rps4x_M3,Selenow_B5,Rps4x_M3
Selenow_M0<==>Tmem123_M3,Selenow_M0,Tmem123_M3
Selenow_M0<==>Skap1_T5,Selenow_M0,Skap1_T5
Selenow_M0<==>Txndc5_B3,Selenow_M0,Txndc5_B3
Selenow_M4<==>Xist_B0,Selenow_M4,Xist_B0
Selenow_M4<==>Ighv7-3_B2,Selenow_M4,Ighv7-3_B2
Selenow_T1<==>Shisa5_B4,Selenow_T1,Shisa5_B4
Selenow_T1<==>Crem_B0,Selenow_T1,Crem_B0
Selenow_T1<==>Fem1c_M4,Selenow_T1,Fem1c_M4
Selenow_T1<==>Rps4x_T1,Selenow_T1,Rps4x_T1
Selenow_T2<==>Hmgb2_B4,Selenow_T2,Hmgb2_B4
Selenow_T2<==>Rpl27_T4,Selenow_T2,Rpl27_T4
Selenow_T2<==>Ighv1-74_B1,Selenow_T2,Ighv1-74_B1
Selenow_T2<==>Atp6v0c_T1,Selenow_T2,Atp6v0c_T1
Selenow_T3<==>Eif3k_T2,Selenow_T3,Eif3k_T2
Selenow_T3<==>Furin_T4,Selenow_T3,Furin_T4
Selenow_T3<==>D8Ertd738e_M3,Selenow_T3,D8Ertd738e_M3
Selenow_T3<==>Atp5l_O10,Selenow_T3,Atp5l_O10
Selenow_T3<==>Ptprb_O10,Selenow_T3,Ptprb_O10
Selenow_T3<==>Uqcrq_M3,Selenow_T3,Uqcrq_M3
Selenow_T4<==>Rabac1_B3,Selenow_T4,Rabac1_B3
Selenow_T4<==>Rps15a_B1,Selenow_T4,Rps15a_B1
Selenow_T4<==>Eif3c_M1,Selenow_T4,Eif3c_M1
Selenow_T4<==>Calr_B4,Selenow_T4,Calr_B4
Selenow_T4<==>Pkm_M3,Selenow_T4,Pkm_M3
Selenow_T4<==>Hnrnpc_T7,Selenow_T4,Hnrnpc_T7
Selenow_T4<==>Tmbim6_B4,Selenow_T4,Tmbim6_B4
Selenow_T4<==>Psmb9_B4,Selenow_T4,Psmb9_B4
Selenow_T4<==>Myl12a_M3,Selenow_T4,Myl12a_M3
Selenow_T4<==>Rpl39_M3,Selenow_T4,Rpl39_M3
Selenow_T4<==>Rpl10_B1,Selenow_T4,Rpl10_B1
Selenow_T5<==>Rps12_M3,Selenow_T5,Rps12_M3
Selenow_T5<==>Rpl24_M3,Selenow_T5,Rpl24_M3
Selenow_T5<==>Rps4x_M3,Selenow_T5,Rps4x_M3
Nop53_B4<==>Ucp2_B4,Nop53_B4,Ucp2_B4
Nop53_B4<==>Npm1_M5,Nop53_B4,Npm1_M5
Nop53_B4<==>Nedd8_T7,Nop53_B4,Nedd8_T7
Nop53_B4<==>Gm42418_M3,Nop53_B4,Gm42418_M3
C5ar1_M2<==>Rhog_M1,C5ar1_M2,Rhog_M1
C5ar1_M2<==>Aldoa_M5,C5ar1_M2,Aldoa_M5
Tmem160_M0<==>Gmfg_T4,Tmem160_M0,Gmfg_T4
Tmem160_M0<==>Cox6b1_M0,Tmem160_M0,Cox6b1_M0
Tmem160_M0<==>Aldoa_M0,Tmem160_M0,Aldoa_M0
Tmem160_M0<==>Rgs10_M3,Tmem160_M0,Rgs10_M3
Tmem160_M0<==>Rps15_T5,Tmem160_M0,Rps15_T5
Tmem160_M0<==>Atp2b1_M2,Tmem160_M0,Atp2b1_M2
Tmem160_M0<==>Clint1_T2,Tmem160_M0,Clint1_T2
Tmem160_M0<==>Vdac2_M0,Tmem160_M0,Vdac2_M0
Tmem160_M0<==>Ndufb9_M0,Tmem160_M0,Ndufb9_M0
Tmem160_M0<==>Cox8a_M3,Tmem160_M0,Cox8a_M3
Tmem160_M1<==>Blvrb_B4,Tmem160_M1,Blvrb_B4
Tmem160_M1<==>Plekho2_M1,Tmem160_M1,Plekho2_M1
Tmem160_M1<==>Atox1_M1,Tmem160_M1,Atox1_M1
Tmem160_M1<==>Gabarap_M3,Tmem160_M1,Gabarap_M3
Tmem160_M1<==>Clic1_M1,Tmem160_M1,Clic1_M1
Tmem160_M1<==>Reep5_M1,Tmem160_M1,Reep5_M1
Tmem160_M4<==>Mtdh_B5,Tmem160_M4,Mtdh_B5
Tmem160_M4<==>Rpl39_M5,Tmem160_M4,Rpl39_M5
Ap2s1_M3<==>Smdt1_M3,Ap2s1_M3,Smdt1_M3
Ap2s1_M4<==>Lilr4b_T0,Ap2s1_M4,Lilr4b_T0
Calm3_M3<==>Lrg1_M2,Calm3_M3,Lrg1_M2
Snrpd2_B1<==>Mif_M0,Snrpd2_B1,Mif_M0
Snrpd2_B1<==>Rps23_B1,Snrpd2_B1,Rps23_B1
Snrpd2_T2<==>Iqgap1_T2,Snrpd2_T2,Iqgap1_T2
Snrpd2_T3<==>Apoe_M1,Snrpd2_T3,Apoe_M1
Snrpd2_T4<==>Polr2e_M4,Snrpd2_T4,Polr2e_M4
Snrpd2_T4<==>Rpl30_M4,Snrpd2_T4,Rpl30_M4
Snrpd2_T4<==>H2-T23_T5,Snrpd2_T4,H2-T23_T5
Vasp_M0<==>Ctsh_M3,Vasp_M0,Ctsh_M3
Vasp_M0<==>Rpl10a_T5,Vasp_M0,Rpl10a_T5
Vasp_M0<==>Malat1_T5,Vasp_M0,Malat1_T5
Vasp_M0<==>Uhrf2_T4,Vasp_M0,Uhrf2_T4
Vasp_M0<==>Ndufa1_M3,Vasp_M0,Ndufa1_M3
Vasp_M0<==>Rpl10_T2,Vasp_M0,Rpl10_T2
Vasp_M0<==>Rpl10_T5,Vasp_M0,Rpl10_T5
Vasp_M3<==>Gna13_M1,Vasp_M3,Gna13_M1
Vasp_M3<==>Gm42418_T1,Vasp_M3,Gm42418_T1
Vasp_T5<==>Eef2_B5,Vasp_T5,Eef2_B5
Vasp_T5<==>H2-D1_M3,Vasp_T5,H2-D1_M3
Fosb_B3<==>Gde1_M1,Fosb_B3,Gde1_M1
Fosb_B3<==>Tpm4_T3,Fosb_B3,Tpm4_T3
Fosb_B3<==>Rps27l_M4,Fosb_B3,Rps27l_M4
Fosb_B3<==>Cd164_T4,Fosb_B3,Cd164_T4
Fosb_B3<==>Txnrd1_M3,Fosb_B3,Txnrd1_M3
Fosb_B3<==>Ube2b_T2,Fosb_B3,Ube2b_T2
Fosb_B3<==>Irf1_M4,Fosb_B3,Irf1_M4
Fosb_B3<==>Smc6_M7,Fosb_B3,Smc6_M7
Fosb_B3<==>Calm1_B2,Fosb_B3,Calm1_B2
Fosb_B3<==>Serpinb9_M3,Fosb_B3,Serpinb9_M3
Fosb_B3<==>Map3k1_M5,Fosb_B3,Map3k1_M5
Fosb_B3<==>Appl1_M3,Fosb_B3,Appl1_M3
Fosb_B3<==>Ago2_M3,Fosb_B3,Ago2_M3
Fosb_B3<==>Csf2rb_M4,Fosb_B3,Csf2rb_M4
Fosb_B3<==>Atf4_B3,Fosb_B3,Atf4_B3
Fosb_B3<==>Atp5g2_M3,Fosb_B3,Atp5g2_M3
Fosb_B3<==>Crem_M4,Fosb_B3,Crem_M4
Fosb_B3<==>Nr3c1_T4,Fosb_B3,Nr3c1_T4
Fosb_B3<==>Nars_B3,Fosb_B3,Nars_B3
Fosb_B3<==>Malt1_B2,Fosb_B3,Malt1_B2
Fosb_B3<==>Ehd1_M3,Fosb_B3,Ehd1_M3
Fosb_M1<==>Bptf_B4,Fosb_M1,Bptf_B4
Fosb_M1<==>Ighv1-69_B3,Fosb_M1,Ighv1-69_B3
Fosb_M1<==>Rpl30_B5,Fosb_M1,Rpl30_B5
Fosb_M1<==>Birc6_M4,Fosb_M1,Birc6_M4
Apoe_B1<==>Arid4a_M4,Apoe_B1,Arid4a_M4
Apoe_B1<==>Srsf5_M4,Apoe_B1,Srsf5_M4
Apoe_B1<==>Rpl24_B1,Apoe_B1,Rpl24_B1
Apoe_B1<==>C3_O7,Apoe_B1,C3_O7
Apoe_B1<==>mt-Cytb_T4,Apoe_B1,mt-Cytb_T4
Apoe_M0<==>Hexa_M0,Apoe_M0,Hexa_M0
Apoe_M0<==>Selenop_M0,Apoe_M0,Selenop_M0
Apoe_M1<==>Bax_T5,Apoe_M1,Bax_T5
Apoe_M1<==>Glipr1_B3,Apoe_M1,Glipr1_B3
Apoe_M1<==>Rps26_T5,Apoe_M1,Rps26_T5
Apoe_M1<==>Itm2b_M1,Apoe_M1,Itm2b_M1
Apoe_O7<==>Rpl4_T2,Apoe_O7,Rpl4_T2
Apoe_O7<==>Prdx5_M1,Apoe_O7,Prdx5_M1
Apoe_O7<==>mt-Nd5_M0,Apoe_O7,mt-Nd5_M0
Plaur_M1<==>Prr13_M1,Plaur_M1,Prr13_M1
Plaur_M1<==>Iglc2_B2,Plaur_M1,Iglc2_B2
Plaur_M1<==>AW112010_T7,Plaur_M1,AW112010_T7
Rps19_M3<==>Rps16_M3,Rps19_M3,Rps16_M3
Rps19_M3<==>Rps16_T3,Rps19_M3,Rps16_T3
Rps19_M3<==>Furin_M5,Rps19_M3,Furin_M5
Rps19_M3<==>Ucp2_M3,Rps19_M3,Ucp2_M3
Rps19_M3<==>Rpl27a_M3,Rps19_M3,Rpl27a_M3
Rps19_M3<==>Smarca5_T2,Rps19_M3,Smarca5_T2
Rps19_M3<==>Cyba_T3,Rps19_M3,Cyba_T3
Rps19_M3<==>Cd3d_T2,Rps19_M3,Cd3d_T2
Rps19_M3<==>Ccr5_M3,Rps19_M3,Ccr5_M3
Rps19_M3<==>Rps27a_M3,Rps19_M3,Rps27a_M3
Rps19_M3<==>Hif1a_T5,Rps19_M3,Hif1a_T5
Rps19_M3<==>Ndufb1-ps_T3,Rps19_M3,Ndufb1-ps_T3
Rps19_M3<==>Uqcrb_B1,Rps19_M3,Uqcrb_B1
Rps19_M3<==>Rps14_M5,Rps19_M3,Rps14_M5
Rps19_M3<==>Csnk1a1_T2,Rps19_M3,Csnk1a1_T2
Rps19_M3<==>mt-Nd3_B1,Rps19_M3,mt-Nd3_B1
Rps19_M3<==>mt-Nd3_M5,Rps19_M3,mt-Nd3_M5
Rps19_M4<==>Rpl27a_M4,Rps19_M4,Rpl27a_M4
Rps19_M4<==>Rps13_M4,Rps19_M4,Rps13_M4
Rps19_M4<==>Rpl18a_M4,Rps19_M4,Rpl18a_M4
Rps19_M4<==>Eef1a1_M1,Rps19_M4,Eef1a1_M1
Rps19_M4<==>H3f3b_M2,Rps19_M4,H3f3b_M2
Rps19_M5<==>Rps13_M5,Rps19_M5,Rps13_M5
Rps19_M5<==>Lars2_B7,Rps19_M5,Lars2_B7
Rps19_M5<==>Nap1l1_T3,Rps19_M5,Nap1l1_T3
Rps19_M5<==>Eif5a_T1,Rps19_M5,Eif5a_T1
Rps19_M5<==>Rps24_M5,Rps19_M5,Rps24_M5
Rps19_M5<==>Rpl10a_M5,Rps19_M5,Rpl10a_M5
Rps19_M5<==>Ndufa7_M0,Rps19_M5,Ndufa7_M0
Rps19_M5<==>Myl12a_T3,Rps19_M5,Myl12a_T3
Rps19_M5<==>mt-Nd3_T1,Rps19_M5,mt-Nd3_T1
Rps19_T2<==>Rnh1_M1,Rps19_T2,Rnh1_M1
Rps19_T2<==>Psma4_M1,Rps19_T2,Psma4_M1
Rps19_T2<==>Rps23_M1,Rps19_T2,Rps23_M1
Rps19_T2<==>Rpl3_T2,Rps19_T2,Rpl3_T2
Rps19_T3<==>Rps18_T3,Rps19_T3,Rps18_T3
Rps19_T3<==>H2-Q7_B3,Rps19_T3,H2-Q7_B3
Rps19_T3<==>H2-Q7_M3,Rps19_T3,H2-Q7_M3
Rps19_T5<==>Sgpl1_M3,Rps19_T5,Sgpl1_M3
Rps19_T5<==>Egr3_B5,Rps19_T5,Egr3_B5
Rps19_T5<==>Rps18_T5,Rps19_T5,Rps18_T5
Rps19_T5<==>Rpl10_T2,Rps19_T5,Rpl10_T2
Rps19_T5<==>Rpl10_T5,Rps19_T5,Rpl10_T5
Rps19_T5<==>mt-Nd4l_T5,Rps19_T5,mt-Nd4l_T5
Rps19_T6_2<==>Rps3_T6_2,Rps19_T6_2,Rps3_T6_2
Cd79a_B5<==>Aldoa_B1,Cd79a_B5,Aldoa_B1
Cd79a_B5<==>Iglc2_B0,Cd79a_B5,Iglc2_B0
Rabac1_B1<==>Gnai2_B1,Rabac1_B1,Gnai2_B1
Rabac1_B1<==>Sumo2_T4,Rabac1_B1,Sumo2_T4
Rabac1_B1<==>Psmb8_B4,Rabac1_B1,Psmb8_B4
Rabac1_B3<==>Taf10_M3,Rabac1_B3,Taf10_M3
Rabac1_B3<==>Lsp1_T4,Rabac1_B3,Lsp1_T4
Rabac1_B3<==>Cyba_T4,Rabac1_B3,Cyba_T4
Rabac1_B3<==>Tle5_M3,Rabac1_B3,Tle5_M3
Rabac1_B3<==>Myh9_T1,Rabac1_B3,Myh9_T1
Rabac1_B3<==>Rps2_M7,Rabac1_B3,Rps2_M7
Rabac1_B3<==>Psmb8_M3,Rabac1_B3,Psmb8_M3
Rabac1_B3<==>Ms4a6b_T5,Rabac1_B3,Ms4a6b_T5
Rabac1_B3<==>Ndufb11_M1,Rabac1_B3,Ndufb11_M1
Rabac1_T1<==>Rplp1_B5,Rabac1_T1,Rplp1_B5
Rabac1_T1<==>Hint1_T4,Rabac1_T1,Hint1_T4
Rabac1_T2<==>Fxyd5_M5,Rabac1_T2,Fxyd5_M5
Rabac1_T2<==>Tm2d2_M4,Rabac1_T2,Tm2d2_M4
Rabac1_T2<==>Atp5l_O10,Rabac1_T2,Atp5l_O10
Rabac1_T2<==>Fam214a_B3,Rabac1_T2,Fam214a_B3
Rabac1_T2<==>Ighg1_B0,Rabac1_T2,Ighg1_B0
Rabac1_T2<==>Ighg1_B7,Rabac1_T2,Ighg1_B7
Rabac1_T2<==>Selenok_T1,Rabac1_T2,Selenok_T1
Rabac1_T2<==>Tgif1_M0,Rabac1_T2,Tgif1_M0
Rabac1_T2<==>Rps4x_M3,Rabac1_T2,Rps4x_M3
Pou2f2_B1<==>Jund_M3,Pou2f2_B1,Jund_M3
Pou2f2_B1<==>Srsf5_T7,Pou2f2_B1,Srsf5_T7
Pou2f2_B4<==>Cd5_T0,Pou2f2_B4,Cd5_T0
Pafah1b3_B3<==>Pfn1_M1,Pafah1b3_B3,Pfn1_M1
Pafah1b3_B3<==>Myl12a_M3,Pafah1b3_B3,Myl12a_M3
Tgfb1_M1<==>Pkib_M3,Tgfb1_M1,Pkib_M3
Tgfb1_M1<==>Nfkbia_M3,Tgfb1_M1,Nfkbia_M3
Tgfb1_M3<==>Ifi30_B4,Tgfb1_M3,Ifi30_B4
Tgfb1_M3<==>Map1lc3b_T3,Tgfb1_M3,Map1lc3b_T3
Tgfb1_M3<==>Rpl13_B1,Tgfb1_M3,Rpl13_B1
Tgfb1_M3<==>Rab8b_T3,Tgfb1_M3,Rab8b_T3
Tgfb1_M3<==>Bcl2a1d_M3,Tgfb1_M3,Bcl2a1d_M3
Tgfb1_M3<==>Epb41l2_M3,Tgfb1_M3,Epb41l2_M3
Tgfb1_M3<==>Prkar1a_T2,Tgfb1_M3,Prkar1a_T2
Tgfb1_M3<==>Tgfbi_M0,Tgfb1_M3,Tgfbi_M0
Tgfb1_M3<==>Atp5g2_M3,Tgfb1_M3,Atp5g2_M3
Tgfb1_M3<==>Cebpz_B1,Tgfb1_M3,Cebpz_B1
Tgfb1_M3<==>Calm2_T3,Tgfb1_M3,Calm2_T3
Tgfb1_M3<==>mt-Co2_B0,Tgfb1_M3,mt-Co2_B0
Tgfb1_M4<==>Jak2_T1,Tgfb1_M4,Jak2_T1
Tgfb1_T5<==>Hmgb2_T4,Tgfb1_T5,Hmgb2_T4
Tgfb1_T5<==>Eef1a1_B1,Tgfb1_T5,Eef1a1_B1
Tgfb1_T5<==>Eef1a1_M3,Tgfb1_T5,Eef1a1_M3
Tgfb1_T5<==>Cstb_M3,Tgfb1_T5,Cstb_M3
Tgfb1_T5<==>Serpinb9_M3,Tgfb1_T5,Serpinb9_M3
Tgfb1_T5<==>Gpr183_T4,Tgfb1_T5,Gpr183_T4
Tgfb1_T5<==>Csf2rb_M5,Tgfb1_T5,Csf2rb_M5
Tgfb1_T5<==>Il2rb_T5,Tgfb1_T5,Il2rb_T5
Tgfb1_T5<==>Rpl3_M3,Tgfb1_T5,Rpl3_M3
Tgfb1_T5<==>Slc38a2_B3,Tgfb1_T5,Slc38a2_B3
Tgfb1_T5<==>Cldnd1_T5,Tgfb1_T5,Cldnd1_T5
Tgfb1_T5<==>Paip2_T5,Tgfb1_T5,Paip2_T5
Tgfb1_T5<==>Jak2_M5,Tgfb1_T5,Jak2_M5
Axl_M1<==>Napsa_M4,Axl_M1,Napsa_M4
Axl_M1<==>Rpl36al_B3,Axl_M1,Rpl36al_B3
Axl_M1<==>Calm1_M3,Axl_M1,Calm1_M3
Axl_M1<==>Malat1_M2,Axl_M1,Malat1_M2
Blvrb_B4<==>Emp3_B3,Blvrb_B4,Emp3_B3
Blvrb_B4<==>Rps26_M5,Blvrb_B4,Rps26_M5
Blvrb_B4<==>2410006H16Rik_B1,Blvrb_B4,2410006H16Rik_B1
Blvrb_B4<==>Ube2i_M3,Blvrb_B4,Ube2i_M3
Blvrb_B4<==>Rps28_M3,Blvrb_B4,Rps28_M3
Blvrb_B4<==>Rps18_M4,Blvrb_B4,Rps18_M4
Blvrb_B4<==>Malt1_M4,Blvrb_B4,Malt1_M4
Blvrb_B4<==>Fkbp2_B3,Blvrb_B4,Fkbp2_B3
Blvrb_B4<==>Ms4a6b_T5,Blvrb_B4,Ms4a6b_T5
Blvrb_M1<==>Ighg2c_B0,Blvrb_M1,Ighg2c_B0
Blvrb_M5<==>Lamp2_M5,Blvrb_M5,Lamp2_M5
Rps16_B5<==>Rps11_B1,Rps16_B5,Rps11_B1
Rps16_B5<==>Ighv3-6_B2,Rps16_B5,Ighv3-6_B2
Rps16_M2<==>Tnfaip2_M0,Rps16_M2,Tnfaip2_M0
Rps16_M2<==>Rps10_M2,Rps16_M2,Rps10_M2
Rps16_M2<==>Crem_T0,Rps16_M2,Crem_T0
Rps16_M2<==>Rpl17_M4,Rps16_M2,Rpl17_M4
Rps16_M3<==>Rpl18_M3,Rps16_M3,Rpl18_M3
Rps16_M3<==>Rps15a_M3,Rps16_M3,Rps15a_M3
Rps16_M3<==>Ndufa13_B1,Rps16_M3,Ndufa13_B1
Rps16_M3<==>Rpl18a_M3,Rps16_M3,Rpl18a_M3
Rps16_M3<==>Rpl13_M3,Rps16_M3,Rpl13_M3
Rps16_M3<==>Rps27l_B1,Rps16_M3,Rps27l_B1
Rps16_M3<==>Rpsa_M5,Rps16_M3,Rpsa_M5
Rps16_M3<==>Rpl14_M3,Rps16_M3,Rpl14_M3
Rps16_M3<==>Rps12_M3,Rps16_M3,Rps12_M3
Rps16_M3<==>Rps27a_M3,Rps16_M3,Rps27a_M3
Rps16_M3<==>Rps27a_M5,Rps16_M3,Rps27a_M5
Rps16_M3<==>Rack1_M3,Rps16_M3,Rack1_M3
Rps16_M3<==>Rpl26_M3,Rps16_M3,Rpl26_M3
Rps16_M3<==>Snf8_T5,Rps16_M3,Snf8_T5
Rps16_M3<==>Rpl23_M3,Rps16_M3,Rpl23_M3
Rps16_M3<==>Rpl27_M3,Rps16_M3,Rpl27_M3
Rps16_M3<==>Atp5h_B2,Rps16_M3,Atp5h_B2
Rps16_M3<==>Rps7_M3,Rps16_M3,Rps7_M3
Rps16_M3<==>Actn1_M3,Rps16_M3,Actn1_M3
Rps16_M3<==>Hsp90aa1_B3,Rps16_M3,Hsp90aa1_B3
Rps16_M3<==>Ighg2b_B0,Rps16_M3,Ighg2b_B0
Rps16_M3<==>Tmem14c_M3,Rps16_M3,Tmem14c_M3
Rps16_M3<==>Rps23_M3,Rps16_M3,Rps23_M3
Rps16_M3<==>Mast4_B3,Rps16_M3,Mast4_B3
Rps16_M3<==>Rps24_M3,Rps16_M3,Rps24_M3
Rps16_M3<==>Itm2b_B5,Rps16_M3,Itm2b_B5
Rps16_M3<==>Rpl30_M3,Rps16_M3,Rpl30_M3
Rps16_M3<==>Elob_B1,Rps16_M3,Elob_B1
Rps16_M3<==>Rps10_M3,Rps16_M3,Rps10_M3
Rps16_M3<==>Srsf3_B2,Rps16_M3,Srsf3_B2
Rps16_M3<==>Rps18_M3,Rps16_M3,Rps18_M3
Rps16_M3<==>H2-K1_B2,Rps16_M3,H2-K1_B2
Rps16_M3<==>H2-DMb2_B1,Rps16_M3,H2-DMb2_B1
Rps16_M3<==>Vapa_M0,Rps16_M3,Vapa_M0
Rps16_M3<==>Myl12b_T5,Rps16_M3,Myl12b_T5
Rps16_M3<==>Rps14_M3,Rps16_M3,Rps14_M3
Rps16_M3<==>Rpl17_M3,Rps16_M3,Rpl17_M3
Rps16_M3<==>Fau_M3,Rps16_M3,Fau_M3
Rps16_M3<==>Rps4x_M3,Rps16_M3,Rps4x_M3
Rps16_M3<==>mt-Nd3_M5,Rps16_M3,mt-Nd3_M5
Rps16_M4<==>Rps11_M4,Rps16_M4,Rps11_M4
Rps16_M4<==>Rpl27a_M4,Rps16_M4,Rpl27a_M4
Rps16_M4<==>Rpl18a_M4,Rps16_M4,Rpl18a_M4
Rps16_M4<==>Rps27a_M4,Rps16_M4,Rps27a_M4
Rps16_M4<==>Rps10_M4,Rps16_M4,Rps10_M4
Rps16_M4<==>Rpl17_M4,Rps16_M4,Rpl17_M4
Rps16_M5<==>Psme1_T0,Rps16_M5,Psme1_T0
Rps16_T1<==>Rps27a_T1,Rps16_T1,Rps27a_T1
Rps16_T1<==>Pitpna_M3,Rps16_T1,Pitpna_M3
Rps16_T1<==>Tpt1_T1,Rps16_T1,Tpt1_T1
Rps16_T1<==>Clic1_M5,Rps16_T1,Clic1_M5
Rps16_T1<==>H2-D1_B4,Rps16_T1,H2-D1_B4
Rps16_T3<==>H2-DMb1_M3,Rps16_T3,H2-DMb1_M3
Rps16_T3<==>Cox7a2l_T3,Rps16_T3,Cox7a2l_T3
Rps16_T3<==>Rpl17_T3,Rps16_T3,Rpl17_T3
Rps16_T3<==>Rps4x_T3,Rps16_T3,Rps4x_T3
Rps16_T5<==>Rps11_T5,Rps16_T5,Rps11_T5
Rps16_T5<==>H3f3b_T2,Rps16_T5,H3f3b_T2
Rps16_T5<==>Vdac2_M0,Rps16_T5,Vdac2_M0
Rps16_T5<==>Rps10_T5,Rps16_T5,Rps10_T5
Rps16_T5<==>Fth1_M0,Rps16_T5,Fth1_M0
Rps16_T5<==>Rpl10_T5,Rps16_T5,Rpl10_T5
Zfp36_B5<==>Gm42418_M5,Zfp36_B5,Gm42418_M5
Zfp36_M1<==>Junb_M1,Zfp36_M1,Junb_M1
Zfp36_M1<==>Thoc7_B4,Zfp36_M1,Thoc7_B4
Zfp36_M1<==>Psme1_M0,Zfp36_M1,Psme1_M0
Zfp36_M3<==>Msrb1_M1,Zfp36_M3,Msrb1_M1
Zfp36_M3<==>mt-Atp8_B1,Zfp36_M3,mt-Atp8_B1
Zfp36_M4<==>Cox8a_T2,Zfp36_M4,Cox8a_T2
Gmfg_B1<==>Myl12b_B1,Gmfg_B1,Myl12b_B1
Gmfg_M0<==>Bcr_O10,Gmfg_M0,Bcr_O10
Gmfg_M0<==>Rps29_M2,Gmfg_M0,Rps29_M2
Gmfg_M0<==>Sod2_M0,Gmfg_M0,Sod2_M0
Gmfg_M1<==>Psmb10_M1,Gmfg_M1,Psmb10_M1
Gmfg_M1<==>Btf3_B3,Gmfg_M1,Btf3_B3
Gmfg_M1<==>Msrb1_M1,Gmfg_M1,Msrb1_M1
Gmfg_M3<==>Lyz2_M3,Gmfg_M3,Lyz2_M3
Gmfg_M3<==>Xist_T2,Gmfg_M3,Xist_T2
Gmfg_M5<==>Taf10_M3,Gmfg_M5,Taf10_M3
Gmfg_M5<==>Gdpd3_B3,Gmfg_M5,Gdpd3_B3
Gmfg_M5<==>Rpl18a_B1,Gmfg_M5,Rpl18a_B1
Gmfg_M5<==>Nfkbia_T4,Gmfg_M5,Nfkbia_T4
Gmfg_M5<==>Rbx1_M3,Gmfg_M5,Rbx1_M3
Gmfg_M5<==>Psmb9_M0,Gmfg_M5,Psmb9_M0
Gmfg_T2<==>Psmb6_M3,Gmfg_T2,Psmb6_M3
Gmfg_T3<==>Skap1_T0,Gmfg_T3,Skap1_T0
Gmfg_T3<==>Atp5g2_T1,Gmfg_T3,Atp5g2_T1
Gmfg_T4<==>Lsp1_T4,Gmfg_T4,Lsp1_T4
Gmfg_T4<==>Rpl18a_B2,Gmfg_T4,Rpl18a_B2
Gmfg_T4<==>Psmb10_M4,Gmfg_T4,Psmb10_M4
Gmfg_T4<==>Gnai2_T4,Gmfg_T4,Gnai2_T4
Gmfg_T4<==>Btf3_T4,Gmfg_T4,Btf3_T4
Gmfg_T4<==>Gm10076_M3,Gmfg_T4,Gm10076_M3
Gmfg_T4<==>Tspo_T0,Gmfg_T4,Tspo_T0
Gmfg_T4<==>Rpl10_B1,Gmfg_T4,Rpl10_B1
Gmfg_T4<==>mt-Cytb_M0,Gmfg_T4,mt-Cytb_M0
Gmfg_T6<==>Spint2_M4,Gmfg_T6,Spint2_M4
Gmfg_T6<==>Hnrnpa1_T4,Gmfg_T6,Hnrnpa1_T4
Rinl_T0<==>Ighv1-42_B3,Rinl_T0,Ighv1-42_B3
Rinl_T0<==>H2-DMb1_M1,Rinl_T0,H2-DMb1_M1
Rinl_T0<==>Eif1a_M0,Rinl_T0,Eif1a_M0
Rinl_T5<==>Rps11_M7,Rinl_T5,Rps11_M7
Rinl_T5<==>Rpl4_T1,Rinl_T5,Rpl4_T1
Eif3k_B1<==>Igha_B6_0,Eif3k_B1,Igha_B6_0
Eif3k_B5<==>Rpl17_T0,Eif3k_B5,Rpl17_T0
Eif3k_M3<==>Bsg_M3,Eif3k_M3,Bsg_M3
Eif3k_M3<==>Ighv2-6-8_B3,Eif3k_M3,Ighv2-6-8_B3
Eif3k_M3<==>Eif3a_M3,Eif3k_M3,Eif3a_M3
Eif3k_M3<==>mt-Nd1_M5,Eif3k_M3,mt-Nd1_M5
Eif3k_T2<==>Elob_T2,Eif3k_T2,Elob_T2
Eif3k_T2<==>H2-K1_T4,Eif3k_T2,H2-K1_T4
Eif3k_T2<==>Cox8a_T2,Eif3k_T2,Cox8a_T2
Eif3k_T4<==>Sec11c_T7,Eif3k_T4,Sec11c_T7
Psmd8_M0<==>Msn_T3,Psmd8_M0,Msn_T3
Psmd8_M3<==>Atp5l_T4,Psmd8_M3,Atp5l_T4
Psmd8_M3<==>Pla2g7_M0,Psmd8_M3,Pla2g7_M0
Psmd8_M3<==>Cox7a2l_T2,Psmd8_M3,Cox7a2l_T2
Capns1_M0<==>Timm23_M1,Capns1_M0,Timm23_M1
Capns1_M0<==>Tapbp_M0,Capns1_M0,Tapbp_M0
Capns1_M0<==>Plaat3_M5,Capns1_M0,Plaat3_M5
Tbcb_M4<==>Psma4_M3,Tbcb_M4,Psma4_M3
Tbcb_M4<==>Psme2_M3,Tbcb_M4,Psme2_M3
Tbcb_M4<==>Tspo_M4,Tbcb_M4,Tspo_M4
Tyrobp_M4<==>Hexb_M1,Tyrobp_M4,Hexb_M1
Tyrobp_M4<==>Psmb9_B4,Tyrobp_M4,Psmb9_B4
Tyrobp_M4<==>mt-Nd4_M1,Tyrobp_M4,mt-Nd4_M1
Tyrobp_M5<==>H2-DMa_M0,Tyrobp_M5,H2-DMa_M0
Hcst_T4<==>Ets1_T5,Hcst_T4,Ets1_T5
Hcst_T4<==>Rps26_B1,Hcst_T4,Rps26_B1
Hcst_T4<==>Hsp90aa1_T5,Hcst_T4,Hsp90aa1_T5
Hcst_T4<==>Ctsl_M0,Hcst_T4,Ctsl_M0
Hcst_T4<==>Unc93b1_M5,Hcst_T4,Unc93b1_M5
Nfkbid_B5<==>Glud1_M3,Nfkbid_B5,Glud1_M3
Psenen_M1<==>Grk2_M4,Psenen_M1,Grk2_M4
Psenen_M3<==>Cd86_M3,Psenen_M3,Cd86_M3
Psenen_M3<==>Atp5o_M3,Psenen_M3,Atp5o_M3
Cox6b1_M0<==>Aldoa_M3,Cox6b1_M0,Aldoa_M3
Cox6b1_M0<==>Psmb10_M4,Cox6b1_M0,Psmb10_M4
Cox6b1_M0<==>Pkm_M0,Cox6b1_M0,Pkm_M0
Cox6b1_M0<==>Mif_M0,Cox6b1_M0,Mif_M0
Cox6b1_M0<==>Lyz2_M5,Cox6b1_M0,Lyz2_M5
Cox6b1_M0<==>Psme2_M3,Cox6b1_M0,Psme2_M3
Cox6b1_M0<==>Msrb1_M5,Cox6b1_M0,Msrb1_M5
Cox6b1_M0<==>H2-DMa_B2,Cox6b1_M0,H2-DMa_B2
Cox6b1_M0<==>Psmb8_M3,Cox6b1_M0,Psmb8_M3
Cox6b1_M0<==>Plaat3_M5,Cox6b1_M0,Plaat3_M5
Cox6b1_M0<==>Fth1_M5,Cox6b1_M0,Fth1_M5
Cox6b1_M0<==>Ostf1_M0,Cox6b1_M0,Ostf1_M0
Cox6b1_M0<==>Pgk1_M0,Cox6b1_M0,Pgk1_M0
Cox6b1_M3<==>Msrb1_M1,Cox6b1_M3,Msrb1_M1
Cox6b1_M3<==>Aif1_M4,Cox6b1_M3,Aif1_M4
Cox6b1_M3<==>mt-Nd1_B0,Cox6b1_M3,mt-Nd1_B0
Cox6b1_M4<==>Adam17_M1,Cox6b1_M4,Adam17_M1
Cox6b1_M4<==>Ckb_T4,Cox6b1_M4,Ckb_T4
Cox6b1_T0<==>Ndufa13_M0,Cox6b1_T0,Ndufa13_M0
Cox6b1_T0<==>Ighg1_B3,Cox6b1_T0,Ighg1_B3
Cox6b1_T0<==>Ighv9-3_B0,Cox6b1_T0,Ighv9-3_B0
Cox6b1_T0<==>Itm2b_B5,Cox6b1_T0,Itm2b_B5
Cox6b1_T0<==>Tra2b_M3,Cox6b1_T0,Tra2b_M3
Cox6b1_T0<==>H2-D1_B2,Cox6b1_T0,H2-D1_B2
Cox6b1_T0<==>mt-Nd1_B3,Cox6b1_T0,mt-Nd1_B3
Cox6b1_T4<==>Ndufc2_M0,Cox6b1_T4,Ndufc2_M0
Cox6b1_T4<==>Lat_T4,Cox6b1_T4,Lat_T4
Cox6b1_T4<==>Cox7a2_T4,Cox6b1_T4,Cox7a2_T4
Cox6b1_T4<==>Tma7_T4,Cox6b1_T4,Tma7_T4
Cox6b1_T4<==>Uqcrq_M0,Cox6b1_T4,Uqcrq_M0
Cox6b1_T4<==>Uqcrq_M3,Cox6b1_T4,Uqcrq_M3
Cox6b1_T4<==>Pfn1_M0,Cox6b1_T4,Pfn1_M0
Cox6b1_T4<==>Fkbp3_T5,Cox6b1_T4,Fkbp3_T5
Cox6b1_T4<==>Pld4_M0,Cox6b1_T4,Pld4_M0
Cox6b1_T4<==>Atp5g2_B5,Cox6b1_T4,Atp5g2_B5
Cox6b1_T4<==>Atp5g2_T3,Cox6b1_T4,Atp5g2_T3
Cox6b1_T4<==>App_M0,Cox6b1_T4,App_M0
Cox6b1_T4<==>Cox8a_B1,Cox6b1_T4,Cox8a_B1
Cox6b1_T4<==>Cox8a_B2,Cox6b1_T4,Cox8a_B2
Fxyd5_B3<==>Rhoa_B3,Fxyd5_B3,Rhoa_B3
Fxyd5_B3<==>Crip1_B3,Fxyd5_B3,Crip1_B3
Fxyd5_B3<==>Mtdh_B3,Fxyd5_B3,Mtdh_B3
Fxyd5_B3<==>AW112010_M1,Fxyd5_B3,AW112010_M1
Fxyd5_M0<==>Aldoa_M0,Fxyd5_M0,Aldoa_M0
Fxyd5_M0<==>Atp5l_T4,Fxyd5_M0,Atp5l_T4
Fxyd5_M0<==>Lilrb4a_T0,Fxyd5_M0,Lilrb4a_T0
Fxyd5_M0<==>Myl12a_M0,Fxyd5_M0,Myl12a_M0
Fxyd5_M1<==>Napsa_M3,Fxyd5_M1,Napsa_M3
Fxyd5_M1<==>Lgals3_M3,Fxyd5_M1,Lgals3_M3
Fxyd5_M1<==>Litaf_M4,Fxyd5_M1,Litaf_M4
Fxyd5_M1<==>Ddx3x_M3,Fxyd5_M1,Ddx3x_M3
Fxyd5_M5<==>Jund_T4,Fxyd5_M5,Jund_T4
Fxyd5_M5<==>D8Ertd738e_M3,Fxyd5_M5,D8Ertd738e_M3
Fxyd5_M5<==>Atp5l_O10,Fxyd5_M5,Atp5l_O10
Fxyd5_M5<==>Bcl2a1b_T4,Fxyd5_M5,Bcl2a1b_T4
Fxyd5_M5<==>Lilrb4a_M5,Fxyd5_M5,Lilrb4a_M5
Fxyd5_M5<==>Ppp1r12a_T0,Fxyd5_M5,Ppp1r12a_T0
Fxyd5_M5<==>Uqcrq_M0,Fxyd5_M5,Uqcrq_M0
Fxyd5_M5<==>Kdm6b_T4,Fxyd5_M5,Kdm6b_T4
Fxyd5_M5<==>Rpl23_M3,Fxyd5_M5,Rpl23_M3
Fxyd5_M5<==>Arf4_M4,Fxyd5_M5,Arf4_M4
Fxyd5_M5<==>Cox6c_T4,Fxyd5_M5,Cox6c_T4
Fxyd5_M5<==>Ly6d_B1,Fxyd5_M5,Ly6d_B1
Fxyd5_M5<==>Atp6v0c_M5,Fxyd5_M5,Atp6v0c_M5
Fxyd5_M5<==>H2-D1_T4,Fxyd5_M5,H2-D1_T4
Fxyd5_M5<==>H2-Q7_B1,Fxyd5_M5,H2-Q7_B1
Fxyd5_M5<==>H2-Q7_T4,Fxyd5_M5,H2-Q7_T4
Fxyd5_M5<==>Cd14_M5,Fxyd5_M5,Cd14_M5
Fxyd5_M5<==>Csf1r_M5,Fxyd5_M5,Csf1r_M5
Fxyd5_M5<==>Malt1_B5,Fxyd5_M5,Malt1_B5
Fxyd5_M5<==>Tmem258_T4,Fxyd5_M5,Tmem258_T4
Fxyd5_M5<==>mt-Nd2_M5,Fxyd5_M5,mt-Nd2_M5
Gpi1_B4<==>Psme2_B4,Gpi1_B4,Psme2_B4
Gpi1_B4<==>Rps2_B4,Gpi1_B4,Rps2_B4
Gpi1_M3<==>Tpm4_M4,Gpi1_M3,Tpm4_M4
Gpi1_M3<==>Irf8_M3,Gpi1_M3,Irf8_M3
Gpi1_M3<==>Ppp1r12a_T4,Gpi1_M3,Ppp1r12a_T4
Gpi1_M3<==>Ighv5-6_B5,Gpi1_M3,Ighv5-6_B5
Gpi1_M4<==>Plekho2_M3,Gpi1_M4,Plekho2_M3
Gpi1_M4<==>Cox17_M2,Gpi1_M4,Cox17_M2
Pdcd5_M3<==>Srgn_M3,Pdcd5_M3,Srgn_M3
Pdcd5_M3<==>Gadd45b_M3,Pdcd5_M3,Gadd45b_M3
Pdcd5_M3<==>Uqcr10_M3,Pdcd5_M3,Uqcr10_M3
Pdcd5_M3<==>Pik3r1_M3,Pdcd5_M3,Pik3r1_M3
Pdcd5_M3<==>Dusp1_M0,Pdcd5_M3,Dusp1_M0
Pdcd5_M3<==>Ehd1_M1,Pdcd5_M3,Ehd1_M1
Nkg7_T0<==>Cdk2ap2_M0,Nkg7_T0,Cdk2ap2_M0
Nkg7_T0<==>Ms4a4b_T0,Nkg7_T0,Ms4a4b_T0
Nkg7_T0<==>Ms4a6b_T5,Nkg7_T0,Ms4a6b_T5
Nkg7_T3<==>Arf1_T1,Nkg7_T3,Arf1_T1
Nkg7_T3<==>Rpl23_M5,Nkg7_T3,Rpl23_M5
Nkg7_T3<==>Pdia6_M3,Nkg7_T3,Pdia6_M3
Nkg7_T3<==>Hif1a_M5,Nkg7_T3,Hif1a_M5
Nkg7_T3<==>AW112010_T5,Nkg7_T3,AW112010_T5
Nkg7_T3<==>Ostf1_M0,Nkg7_T3,Ostf1_M0
Spib_M7<==>Irf8_M1,Spib_M7,Irf8_M1
Spib_M7<==>Ahnak_O7,Spib_M7,Ahnak_O7
Napsa_B1<==>Ucp2_M5,Napsa_B1,Ucp2_M5
Napsa_B1<==>Gnai2_M0,Napsa_B1,Gnai2_M0
Napsa_B1<==>Bsg_M3,Napsa_B1,Bsg_M3
Napsa_B4<==>Ifitm3_M3,Napsa_B4,Ifitm3_M3
Napsa_B4<==>Tm2d2_M4,Napsa_B4,Tm2d2_M4
Napsa_B4<==>Plekho2_M0,Napsa_B4,Plekho2_M0
Napsa_B4<==>Rps12_O7,Napsa_B4,Rps12_O7
Napsa_B4<==>Sub1_B4,Napsa_B4,Sub1_B4
Napsa_B4<==>Elob_B1,Napsa_B4,Elob_B1
Napsa_B4<==>Hsp90ab1_T5,Napsa_B4,Hsp90ab1_T5
Napsa_B4<==>Tgif1_M0,Napsa_B4,Tgif1_M0
Napsa_B4<==>Nr3c1_T1,Napsa_B4,Nr3c1_T1
Napsa_B5<==>Rps15a_B1,Napsa_B5,Rps15a_B1
Napsa_B5<==>Lamp1_M5,Napsa_B5,Lamp1_M5
Napsa_M3<==>Rps27a_T1,Napsa_M3,Rps27a_T1
Napsa_M3<==>Rpl23_T5,Napsa_M3,Rpl23_T5
Napsa_M3<==>Ighg2c_B5,Napsa_M3,Ighg2c_B5
Napsa_M3<==>Dusp1_M0,Napsa_M3,Dusp1_M0
Napsa_M4<==>Gdpd3_B1,Napsa_M4,Gdpd3_B1
Napsa_M4<==>Uba52_T4,Napsa_M4,Uba52_T4
Napsa_M4<==>Nap1l1_M0,Napsa_M4,Nap1l1_M0
Napsa_M4<==>Ptges3_B1,Napsa_M4,Ptges3_B1
Napsa_M4<==>BC018473_M7,Napsa_M4,BC018473_M7
Napsa_M4<==>Lgmn_M1,Napsa_M4,Lgmn_M1
Napsa_M4<==>Itm2b_T2,Napsa_M4,Itm2b_T2
Napsa_M4<==>H2-Q7_T4,Napsa_M4,H2-Q7_T4
Napsa_M4<==>Smchd1_B2,Napsa_M4,Smchd1_B2
Napsa_M4<==>Ahnak_T4,Napsa_M4,Ahnak_T4
Prmt1_T5<==>Rps15a_M5,Prmt1_T5,Rps15a_M5
Prmt1_T5<==>Rpl23_M5,Prmt1_T5,Rpl23_M5
Prmt1_T5<==>Mrps16_T5,Prmt1_T5,Mrps16_T5
Rps11_B1<==>Rpl13a_B1,Rps11_B1,Rpl13a_B1
Rps11_B1<==>Rpl27a_B1,Rps11_B1,Rpl27a_B1
Rps11_B1<==>Rps13_B1,Rps11_B1,Rps13_B1
Rps11_B1<==>Rpl18a_B1,Rps11_B1,Rpl18a_B1
Rps11_B1<==>Rpl4_B1,Rps11_B1,Rpl4_B1
Rps11_B1<==>Rab8b_T5,Rps11_B1,Rab8b_T5
Rps11_B1<==>Eef2_B1,Rps11_B1,Eef2_B1
Rps11_B1<==>Rack1_B1,Rps11_B1,Rack1_B1
Rps11_B1<==>Psme1_M4,Rps11_B1,Psme1_M4
Rps11_B1<==>Cd74_M1,Rps11_B1,Cd74_M1
Rps11_B1<==>Rpl17_B1,Rps11_B1,Rpl17_B1
Rps11_B1<==>Fth1_B1,Rps11_B1,Fth1_B1
Rps11_B1<==>Ms4a7_M1,Rps11_B1,Ms4a7_M1
Rps11_B1<==>Rps4x_B1,Rps11_B1,Rps4x_B1
Rps11_B1<==>mt-Nd4l_B3,Rps11_B1,mt-Nd4l_B3
Rps11_B1<==>mt-Nd5_B2,Rps11_B1,mt-Nd5_B2
Rps11_B2<==>Rpl38_M3,Rps11_B2,Rpl38_M3
Rps11_B2<==>Ighv1-22_B3,Rps11_B2,Ighv1-22_B3
Rps11_B2<==>Hnrnpa1_T7,Rps11_B2,Hnrnpa1_T7
Rps11_B4<==>Irf2bp2_B1,Rps11_B4,Irf2bp2_B1
Rps11_B4<==>Atp5h_M3,Rps11_B4,Atp5h_M3
Rps11_B4<==>Zfp36l1_B1,Rps11_B4,Zfp36l1_B1
Rps11_M1<==>Ifi30_M1,Rps11_M1,Ifi30_M1
Rps11_M1<==>Cyba_M1,Rps11_M1,Cyba_M1
Rps11_M1<==>Rel_M3,Rps11_M1,Rel_M3
Rps11_M1<==>Ubb_M1,Rps11_M1,Ubb_M1
Rps11_M1<==>Rpl26_M1,Rps11_M1,Rpl26_M1
Rps11_M1<==>Litaf_M4,Rps11_M1,Litaf_M4
Rps11_M1<==>Atp5j_M0,Rps11_M1,Atp5j_M0
Rps11_M1<==>Cmtr1_M4,Rps11_M1,Cmtr1_M4
Rps11_M3<==>Rpl27a_M3,Rps11_M3,Rpl27a_M3
Rps11_M3<==>Rps15a_M3,Rps11_M3,Rps15a_M3
Rps11_M3<==>Rpl18a_M3,Rps11_M3,Rpl18a_M3
Rps11_M3<==>Rpl13_M3,Rps11_M3,Rpl13_M3
Rps11_M3<==>Rpl14_M3,Rps11_M3,Rpl14_M3
Rps11_M3<==>Rps12_M3,Rps11_M3,Rps12_M3
Rps11_M3<==>Gpx4_T2,Rps11_M3,Gpx4_T2
Rps11_M3<==>Rpl26_M3,Rps11_M3,Rpl26_M3
Rps11_M3<==>Rps7_M3,Rps11_M3,Rps7_M3
Rps11_M3<==>Rps23_M3,Rps11_M3,Rps23_M3
Rps11_M3<==>Rps24_M3,Rps11_M3,Rps24_M3
Rps11_M3<==>Rpl30_M3,Rps11_M3,Rpl30_M3
Rps11_M3<==>Rps10_M3,Rps11_M3,Rps10_M3
Rps11_M3<==>Rpl17_M3,Rps11_M3,Rpl17_M3
Rps11_M4<==>Rpl27a_M4,Rps11_M4,Rpl27a_M4
Rps11_M4<==>Rpl18a_M4,Rps11_M4,Rpl18a_M4
Rps11_M4<==>Rps27a_M4,Rps11_M4,Rps27a_M4
Rps11_M4<==>Rpl30_M4,Rps11_M4,Rpl30_M4
Rps11_M4<==>Rps10_M4,Rps11_M4,Rps10_M4
Rps11_M4<==>Rpl17_M4,Rps11_M4,Rpl17_M4
Rps11_M7<==>Rpl13_M0,Rps11_M7,Rpl13_M0
Rps11_M7<==>Irf2bp2_M3,Rps11_M7,Irf2bp2_M3
Rps11_M7<==>Satb1_T3,Rps11_M7,Satb1_T3
Rps11_T4<==>Rpl18a_T4,Rps11_T4,Rpl18a_T4
Rps11_T4<==>Cox4i1_T4,Rps11_T4,Cox4i1_T4
Rps11_T4<==>Rpl23a_T4,Rps11_T4,Rpl23a_T4
Rps11_T4<==>Rpl27_T4,Rps11_T4,Rpl27_T4
Rps11_T4<==>Rpl15_T4,Rps11_T4,Rpl15_T4
Rps11_T4<==>Eif3h_T4,Rps11_T4,Eif3h_T4
Rps11_T4<==>H2-K1_M1,Rps11_T4,H2-K1_M1
Rps11_T4<==>Etf1_B4,Rps11_T4,Etf1_B4
Rps11_T5<==>Rpl18_T5,Rps11_T5,Rpl18_T5
Rps11_T5<==>Rnasek_M3,Rps11_T5,Rnasek_M3
Rps11_T5<==>Rps10_T5,Rps11_T5,Rps10_T5
Rps11_T5<==>Rpl10a_T5,Rps11_T5,Rpl10a_T5
Rps11_T5<==>Tmem134_M4,Rps11_T5,Tmem134_M4
Rps11_T5<==>Prdx5_M0,Rps11_T5,Prdx5_M0
Rps11_T5<==>Rpl10_T5,Rps11_T5,Rpl10_T5
Rps11_T5<==>Pgk1_M0,Rps11_T5,Pgk1_M0
Rpl13a_B1<==>Prss23_O7,Rpl13a_B1,Prss23_O7
Rpl13a_B1<==>Pak1_M4,Rpl13a_B1,Pak1_M4
Rpl13a_B1<==>Hmgb2_T5,Rpl13a_B1,Hmgb2_T5
Rpl13a_B1<==>Hspa8_B5,Rpl13a_B1,Hspa8_B5
Rpl13a_B1<==>Ifngr1_T1,Rpl13a_B1,Ifngr1_T1
Rpl13a_B1<==>Rack1_B1,Rpl13a_B1,Rack1_B1
Rpl13a_B1<==>BC018473_T0,Rpl13a_B1,BC018473_T0
Rpl13a_B1<==>Ndufb1-ps_B5,Rpl13a_B1,Ndufb1-ps_B5
Rpl13a_B1<==>Hist1h1b_T5,Rpl13a_B1,Hist1h1b_T5
Rpl13a_B1<==>Rps23_B1,Rpl13a_B1,Rps23_B1
Rpl13a_B1<==>Scara5_O7,Rpl13a_B1,Scara5_O7
Rpl13a_B1<==>Tpt1_B5,Rpl13a_B1,Tpt1_B5
Rpl13a_B1<==>Pi16_O7,Rpl13a_B1,Pi16_O7
Rpl13a_B1<==>Hsp90ab1_T5,Rpl13a_B1,Hsp90ab1_T5
Rpl13a_B1<==>Rpl17_B1,Rpl13a_B1,Rpl17_B1
Rpl13a_B1<==>Rps4x_B1,Rpl13a_B1,Rps4x_B1
Rpl13a_B1<==>mt-Nd4l_B3,Rpl13a_B1,mt-Nd4l_B3
Rpl13a_M3<==>Rpl18_M3,Rpl13a_M3,Rpl18_M3
Rpl13a_M3<==>Rps13_M0,Rpl13a_M3,Rps13_M0
Rpl13a_M3<==>Nmt1_M4,Rpl13a_M3,Nmt1_M4
Rpl13a_M3<==>Ighm_B0,Rpl13a_M3,Ighm_B0
Rpl13a_M3<==>Scara5_O7,Rpl13a_M3,Scara5_O7
Rpl13a_M3<==>Sub1_B1,Rpl13a_M3,Sub1_B1
Rpl13a_M3<==>Ifngr2_M4,Rpl13a_M3,Ifngr2_M4
Rpl13a_M3<==>Atp6ap2_M0,Rpl13a_M3,Atp6ap2_M0
Rpl13a_T4<==>Rpl18a_T4,Rpl13a_T4,Rpl18a_T4
Rpl13a_T4<==>Mt1_M3,Rpl13a_T4,Mt1_M3
Rpl13a_T4<==>Eef1a1_T4,Rpl13a_T4,Eef1a1_T4
Rpl13a_T4<==>Actg1_B4,Rpl13a_T4,Actg1_B4
Rpl13a_T4<==>Rps24_M0,Rpl13a_T4,Rps24_M0
Rpl13a_T4<==>Myh9_T4,Rpl13a_T4,Myh9_T4
Rpl13a_T5<==>Rpsa_T2,Rpl13a_T5,Rpsa_T2
Rpl13a_T5<==>Sec61g_T0,Rpl13a_T5,Sec61g_T0
Rpl13a_T5<==>Rpl23_T5,Rpl13a_T5,Rpl23_T5
Rpl13a_T5<==>Psme1_B2,Rpl13a_T5,Psme1_B2
Rpl13a_T5<==>Rps10_T2,Rpl13a_T5,Rps10_T2
Rpl13a_T5<==>Rps10_T5,Rpl13a_T5,Rps10_T5
Rpl13a_T5<==>Rps14_T5,Rpl13a_T5,Rps14_T5
Rpl13a_T5<==>Rpl17_T1,Rpl13a_T5,Rpl17_T1
Rpl13a_T5<==>mt-Nd3_M3,Rpl13a_T5,mt-Nd3_M3
Cd37_B0<==>Ets1_T2,Cd37_B0,Ets1_T2
Cd37_B0<==>Rap1b_M1,Cd37_B0,Rap1b_M1
Cd37_B0<==>Sf3b6_B1,Cd37_B0,Sf3b6_B1
Cd37_B0<==>Igha_B2,Cd37_B0,Igha_B2
Cd37_B0<==>Ighv8-11_B3,Cd37_B0,Ighv8-11_B3
Cd37_B1<==>Elf1_B3,Cd37_B1,Elf1_B3
Cd37_B1<==>Eef1d_M1,Cd37_B1,Eef1d_M1
Cd37_B2<==>Tnfaip3_T1,Cd37_B2,Tnfaip3_T1
Cd37_B2<==>Ctla2a_O10,Cd37_B2,Ctla2a_O10
Cd37_B5<==>Rgs10_M3,Cd37_B5,Rgs10_M3
Cd37_B5<==>Spag9_M2,Cd37_B5,Spag9_M2
Cd37_B5<==>Dazap2_M0,Cd37_B5,Dazap2_M0
Cd37_B5<==>Srsf7_T0,Cd37_B5,Srsf7_T0
Ftl1_B5<==>Map1lc3b_M3,Ftl1_B5,Map1lc3b_M3
Ftl1_B5<==>Dad1_M4,Ftl1_B5,Dad1_M4
Ftl1_M0<==>Mrpl57_M4,Ftl1_M0,Mrpl57_M4
Ftl1_M0<==>Atp6v0e_M0,Ftl1_M0,Atp6v0e_M0
Ftl1_M0<==>H2-Aa_M0,Ftl1_M0,H2-Aa_M0
Ftl1_M1<==>Cox6c_M0,Ftl1_M1,Cox6c_M0
Ftl1_M1<==>Fam49b_T5,Ftl1_M1,Fam49b_T5
Ftl1_M1<==>Fth1_M1,Ftl1_M1,Fth1_M1
Ftl1_M3<==>Arf4_T2,Ftl1_M3,Arf4_T2
Ftl1_M3<==>Ywhaz_M1,Ftl1_M3,Ywhaz_M1
Ftl1_M3<==>Eef1d_M1,Ftl1_M3,Eef1d_M1
Ftl1_M3<==>Iglc2_B4,Ftl1_M3,Iglc2_B4
Ftl1_M4<==>Gnai2_O10,Ftl1_M4,Gnai2_O10
Ftl1_T1<==>Atp5md_B1,Ftl1_T1,Atp5md_B1
Ftl1_T2<==>Tmsb4x_B5,Ftl1_T2,Tmsb4x_B5
Bax_M4<==>Hspa4_B1,Bax_M4,Hspa4_B1
Bax_M4<==>Psmb3_M4,Bax_M4,Psmb3_M4
Bax_M4<==>Eif3e_M3,Bax_M4,Eif3e_M3
Bax_M5<==>Ubl5_M0,Bax_M5,Ubl5_M0
Bax_M5<==>Pfn1_M5,Bax_M5,Pfn1_M5
Bax_M5<==>H2-Q7_T2,Bax_M5,H2-Q7_T2
Bax_T5<==>Rps26_T5,Bax_T5,Rps26_T5
Bax_T5<==>Sub1_M1,Bax_T5,Sub1_M1
Bax_T5<==>mt-Cytb_B3,Bax_T5,mt-Cytb_B3
Ppp1r15a_M3<==>Snhg15_M3,Ppp1r15a_M3,Snhg15_M3
Rpl18_M3<==>Rpl27a_M3,Rpl18_M3,Rpl27a_M3
Rpl18_M3<==>Rps15a_M3,Rpl18_M3,Rps15a_M3
Rpl18_M3<==>Igsf6_M1,Rpl18_M3,Igsf6_M1
Rpl18_M3<==>Rpl18a_M3,Rpl18_M3,Rpl18a_M3
Rpl18_M3<==>Rpl4_M3,Rpl18_M3,Rpl4_M3
Rpl18_M3<==>Dennd4a_T2,Rpl18_M3,Dennd4a_T2
Rpl18_M3<==>Rpl14_M3,Rpl18_M3,Rpl14_M3
Rpl18_M3<==>Nap1l1_T3,Rpl18_M3,Nap1l1_T3
Rpl18_M3<==>Rps27a_M3,Rpl18_M3,Rps27a_M3
Rpl18_M3<==>Rack1_M3,Rpl18_M3,Rack1_M3
Rpl18_M3<==>Rpl26_M3,Rpl18_M3,Rpl26_M3
Rpl18_M3<==>Hif1a_T5,Rpl18_M3,Hif1a_T5
Rpl18_M3<==>Ighm_B0,Rpl18_M3,Ighm_B0
Rpl18_M3<==>Rps23_M3,Rpl18_M3,Rps23_M3
Rpl18_M3<==>Rpl15_M3,Rpl18_M3,Rpl15_M3
Rpl18_M3<==>Iglv1_B5,Rpl18_M3,Iglv1_B5
Rpl18_M3<==>Rps18_M3,Rpl18_M3,Rps18_M3
Rpl18_M3<==>Myl12b_T3,Rpl18_M3,Myl12b_T3
Rpl18_M3<==>Rpl17_M3,Rpl18_M3,Rpl17_M3
Rpl18_M3<==>mt-Nd3_M5,Rpl18_M3,mt-Nd3_M5
Rpl18_T2<==>Rpsa_T1,Rpl18_T2,Rpsa_T1
Rpl18_T2<==>Rpl23_T5,Rpl18_T2,Rpl23_T5
Rpl18_T2<==>Rps18_T3,Rpl18_T2,Rps18_T3
Rpl18_T2<==>Rps4x_T1,Rpl18_T2,Rps4x_T1
Rpl18_T5<==>Rps3_T5,Rpl18_T5,Rps3_T5
Rpl18_T5<==>Rpl13_T5,Rpl18_T5,Rpl13_T5
Rpl18_T5<==>Rpl4_T5,Rpl18_T5,Rpl4_T5
Rpl18_T5<==>Eef2_T5,Rpl18_T5,Eef2_T5
Rpl18_T5<==>Sec61g_T4,Rpl18_T5,Sec61g_T4
Rpl18_T5<==>Rps27a_T5,Rpl18_T5,Rps27a_T5
Rpl18_T5<==>Rack1_T5,Rpl18_T5,Rack1_T5
Rpl18_T5<==>Rpl19_M3,Rpl18_T5,Rpl19_M3
Rpl18_T5<==>Il2rb_M5,Rpl18_T5,Il2rb_M5
Rpl18_T5<==>Samsn1_B5,Rpl18_T5,Samsn1_B5
Rpl18_T5<==>Rps10_T5,Rpl18_T5,Rps10_T5
Rpl18_T5<==>Rps18_T5,Rpl18_T5,Rps18_T5
Rpl18_T5<==>Rpl36_T2,Rpl18_T5,Rpl36_T2
Rpl18_T5<==>Rpl10_T5,Rpl18_T5,Rpl10_T5
Rpl18_T5<==>mt-Cytb_B2,Rpl18_T5,mt-Cytb_B2
Emp3_B3<==>Ets1_T3,Emp3_B3,Ets1_T3
Emp3_B3<==>Ighg1_B4,Emp3_B3,Ighg1_B4
Emp3_B3<==>Fkbp11_B3,Emp3_B3,Fkbp11_B3
Emp3_B3<==>Ndufb10_M3,Emp3_B3,Ndufb10_M3
Emp3_B3<==>Tomm6_M3,Emp3_B3,Tomm6_M3
Emp3_B3<==>Ndufb11_M3,Emp3_B3,Ndufb11_M3
Emp3_M0<==>Calm1_B1,Emp3_M0,Calm1_B1
Emp3_M0<==>Ighv5-9_B7,Emp3_M0,Ighv5-9_B7
Emp3_M0<==>Igkv4-57_B3,Emp3_M0,Igkv4-57_B3
Emp3_M1<==>Nktr_M0,Emp3_M1,Nktr_M0
Emp3_M1<==>Selenok_T1,Emp3_M1,Selenok_T1
Emp3_M1<==>Sub1_T3,Emp3_M1,Sub1_T3
Emp3_M1<==>Ndufa7_T4,Emp3_M1,Ndufa7_T4
Emp3_M1<==>Ndfip1_T0,Emp3_M1,Ndfip1_T0
Emp3_M1<==>Rpl36a_B4,Emp3_M1,Rpl36a_B4
Emp3_M1<==>mt-Co3_B2,Emp3_M1,mt-Co3_B2
Emp3_M3<==>Diaph1_T4,Emp3_M3,Diaph1_T4
Emp3_M5<==>Ddx21_M3,Emp3_M5,Ddx21_M3
Emp3_M5<==>Sec11c_T7,Emp3_M5,Sec11c_T7
Emp3_M5<==>Cybb_M5,Emp3_M5,Cybb_M5
Emp3_M5<==>mt-Atp6_B4,Emp3_M5,mt-Atp6_B4
Saa3_M0<==>Ifitm3_M0,Saa3_M0,Ifitm3_M0
Saa3_M0<==>Psma2_M0,Saa3_M0,Psma2_M0
Saa3_M0<==>Psme2_M0,Saa3_M0,Psme2_M0
Saa3_M0<==>Tspo_M0,Saa3_M0,Tspo_M0
Saa3_M0<==>Cd47_T7,Saa3_M0,Cd47_T7
Saa3_M0<==>Iigp1_M0,Saa3_M0,Iigp1_M0
Saa3_M0<==>Sec11c_T7,Saa3_M0,Sec11c_T7
Ldha_M0<==>Rpl14_M3,Ldha_M0,Rpl14_M3
Ldha_M0<==>Ppia_B1,Ldha_M0,Ppia_B1
Ldha_M0<==>Rps27a_M3,Ldha_M0,Rps27a_M3
Ldha_M0<==>Rack1_M3,Ldha_M0,Rack1_M3
Ldha_M0<==>Hexb_M1,Ldha_M0,Hexb_M1
Ldha_M0<==>Selenok_M2,Ldha_M0,Selenok_M2
Ldha_M0<==>Rpl24_M3,Ldha_M0,Rpl24_M3
Ldha_M0<==>Rps2_O7,Ldha_M0,Rps2_O7
Ldha_M0<==>Gm42418_M2,Ldha_M0,Gm42418_M2
Ldha_M0<==>Rps14_M3,Ldha_M0,Rps14_M3
Ldha_T0<==>Rpl23a_M3,Ldha_T0,Rpl23a_M3
Ldha_T0<==>Esd_M5,Ldha_T0,Esd_M5
Ldha_T2<==>Eif1_B1,Ldha_T2,Eif1_B1
Ldha_T2<==>mt-Nd4_T6,Ldha_T2,mt-Nd4_T6
Spty2d1_B3<==>Rps3_M3,Spty2d1_B3,Rps3_M3
Spty2d1_B3<==>Rpl18a_M3,Spty2d1_B3,Rpl18a_M3
Spty2d1_B3<==>Rpl13_M3,Spty2d1_B3,Rpl13_M3
Spty2d1_B3<==>Ets1_T2,Spty2d1_B3,Ets1_T2
Spty2d1_B3<==>Itgb2_M0,Spty2d1_B3,Itgb2_M0
Spty2d1_B3<==>Rpl26_M3,Spty2d1_B3,Rpl26_M3
Spty2d1_B3<==>Rps7_M3,Spty2d1_B3,Rps7_M3
Spty2d1_B3<==>Myof_M0,Spty2d1_B3,Myof_M0
Spty2d1_M3<==>Hmgb2_T3,Spty2d1_M3,Hmgb2_T3
Spty2d1_M3<==>Pabpc1_M5,Spty2d1_M3,Pabpc1_M5
Siglech_M7<==>Jmjd1c_B4,Siglech_M7,Jmjd1c_B4
Siglech_M7<==>Emb_B6_0,Siglech_M7,Emb_B6_0
Siglech_M7<==>Ms4a6c_M3,Siglech_M7,Ms4a6c_M3
Tubgcp5_M7<==>Btg1_B1,Tubgcp5_M7,Btg1_B1
Tubgcp5_M7<==>Crem_T3,Tubgcp5_M7,Crem_T3
Selenos_B3<==>Morf4l1_B3,Selenos_B3,Morf4l1_B3
Selenos_B3<==>Sqstm1_B3,Selenos_B3,Sqstm1_B3
Selenos_B3<==>Psme2_B3,Selenos_B3,Psme2_B3
Selenos_T5<==>Lat_T0,Selenos_T5,Lat_T0
Selenos_T5<==>Rpl17_T1,Selenos_T5,Rpl17_T1
Lrrk1_M4<==>Snhg15_M3,Lrrk1_M4,Snhg15_M3
Lrrk1_M4<==>Kdm6b_M3,Lrrk1_M4,Kdm6b_M3
Lrrk1_M4<==>Atp6v0c_T1,Lrrk1_M4,Atp6v0c_T1
Mctp2_M7<==>Itgb1_M5,Mctp2_M7,Itgb1_M5
Chd2_B1<==>Itgae_M4,Chd2_B1,Itgae_M4
Chd2_B1<==>Srsf5_M4,Chd2_B1,Srsf5_M4
Chd2_T2<==>Rps15a_B0,Chd2_T2,Rps15a_B0
Chd2_T2<==>Grb2_B3,Chd2_T2,Grb2_B3
Chd2_T2<==>Sub1_B3,Chd2_T2,Sub1_B3
Chd2_T2<==>Ighv1-61_B3,Chd2_T2,Ighv1-61_B3
Chd2_T7<==>Tmem123_B3,Chd2_T7,Tmem123_B3
Chd2_T7<==>Hif1a_M3,Chd2_T7,Hif1a_M3
Chd2_T7<==>Rps24_M0,Chd2_T7,Rps24_M0
Akap13_B1<==>Man1a_M1,Akap13_B1,Man1a_M1
Akap13_B1<==>Grb2_B1,Akap13_B1,Grb2_B1
Akap13_B1<==>Arf4_B1,Akap13_B1,Arf4_B1
Akap13_B1<==>Iglc2_B1,Akap13_B1,Iglc2_B1
Akap13_B3<==>Vapa_B3,Akap13_B3,Vapa_B3
Akap13_M3<==>H2-Ab1_M5,Akap13_M3,H2-Ab1_M5
Akap13_M3<==>Pdcd4_T5,Akap13_M3,Pdcd4_T5
Akap13_T3<==>Cltc_M1,Akap13_T3,Cltc_M1
Akap13_T3<==>Rps29_T2,Akap13_T3,Rps29_T2
Akap13_T3<==>Ndufb1-ps_B5,Akap13_T3,Ndufb1-ps_B5
Akap13_T3<==>Ndufb1-ps_T3,Akap13_T3,Ndufb1-ps_T3
Akap13_T3<==>Clptm1l_B3,Akap13_T3,Clptm1l_B3
Akap13_T3<==>Rps28_M3,Akap13_T3,Rps28_M3
Akap13_T3<==>Fth1_B1,Akap13_T3,Fth1_B1
Akap13_T3<==>Slc15a3_M3,Akap13_T3,Slc15a3_M3
Akap13_T3<==>Pdcd4_T3,Akap13_T3,Pdcd4_T3
Akap13_T3<==>mt-Cytb_T2,Akap13_T3,mt-Cytb_T2
Akap13_T4<==>Rps3_M3,Akap13_T4,Rps3_M3
Akap13_T4<==>Snx20_M1,Akap13_T4,Snx20_M1
Akap13_T4<==>Irf8_B5,Akap13_T4,Irf8_B5
Akap13_T4<==>Rps27l_B5,Akap13_T4,Rps27l_B5
Akap13_T4<==>Eef1a1_B5,Akap13_T4,Eef1a1_B5
Akap13_T4<==>Gnai2_B1,Akap13_T4,Gnai2_B1
Akap13_T4<==>Bcr_O10,Akap13_T4,Bcr_O10
Akap13_T4<==>Atp5d_B1,Akap13_T4,Atp5d_B1
Akap13_T4<==>Uqcrq_M4,Akap13_T4,Uqcrq_M4
Akap13_T4<==>Nme1_B5,Akap13_T4,Nme1_B5
Akap13_T4<==>Sumo2_T4,Akap13_T4,Sumo2_T4
Akap13_T4<==>Crip1_T4,Akap13_T4,Crip1_T4
Akap13_T4<==>Ly6a_B1,Akap13_T4,Ly6a_B1
Akap13_T4<==>Psmb8_B4,Akap13_T4,Psmb8_B4
Akap13_T4<==>Psmb8_T1,Akap13_T4,Psmb8_T1
Akap13_T4<==>Rpl36_T2,Akap13_T4,Rpl36_T2
Akap13_T4<==>Smchd1_B2,Akap13_T4,Smchd1_B2
Akap13_T4<==>Got1_T2,Akap13_T4,Got1_T2
AU020206_T4<==>Rab8b_M5,AU020206_T4,Rab8b_M5
AU020206_T4<==>Ptprb_O10,AU020206_T4,Ptprb_O10
AU020206_T4<==>Hif1a_T4,AU020206_T4,Hif1a_T4
AU020206_T4<==>Rpl10a_M3,AU020206_T4,Rpl10a_M3
Furin_B6_0<==>Rplp1_B5,Furin_B6_0,Rplp1_B5
Furin_B6_0<==>mt-Atp6_B4,Furin_B6_0,mt-Atp6_B4
Furin_M5<==>Rps3_M3,Furin_M5,Rps3_M3
Furin_M5<==>Rpl13_M5,Furin_M5,Rpl13_M5
Furin_M5<==>Ubb_M5,Furin_M5,Ubb_M5
Furin_M5<==>Arhgdia_M0,Furin_M5,Arhgdia_M0
Furin_M5<==>Gng2_M4,Furin_M5,Gng2_M4
Furin_M5<==>Psme1_M3,Furin_M5,Psme1_M3
Furin_M5<==>Cd14_M5,Furin_M5,Cd14_M5
Furin_M5<==>Rpl17_M3,Furin_M5,Rpl17_M3
Furin_T4<==>Tmem123_M0,Furin_T4,Tmem123_M0
Furin_T4<==>Slfn2_M2,Furin_T4,Slfn2_M2
Furin_T4<==>Chchd1_M4,Furin_T4,Chchd1_M4
Furin_T4<==>Cox17_T4,Furin_T4,Cox17_T4
Furin_T5<==>Asah1_M5,Furin_T5,Asah1_M5
Furin_T5<==>Hif1a_M5,Furin_T5,Hif1a_M5
Furin_T5<==>Ly6e_T4,Furin_T5,Ly6e_T4
Furin_T5<==>Psmb1_T2,Furin_T5,Psmb1_T2
Furin_T5<==>H2-Aa_M3,Furin_T5,H2-Aa_M3
Iqgap1_B3<==>Mt1_B3,Iqgap1_B3,Mt1_B3
Iqgap1_B3<==>Rhoa_B3,Iqgap1_B3,Rhoa_B3
Iqgap1_B3<==>Srgn_B3,Iqgap1_B3,Srgn_B3
Iqgap1_B3<==>Prkar1a_T3,Iqgap1_B3,Prkar1a_T3
Iqgap1_B3<==>Eif5_M1,Iqgap1_B3,Eif5_M1
Iqgap1_B3<==>Cd47_B3,Iqgap1_B3,Cd47_B3
Iqgap1_B3<==>Vapa_B3,Iqgap1_B3,Vapa_B3
Iqgap1_B3<==>Tmsb4x_T2,Iqgap1_B3,Tmsb4x_T2
Iqgap1_M3<==>Ighv9-2_B3,Iqgap1_M3,Ighv9-2_B3
Iqgap1_M3<==>Ighv1-56_B3,Iqgap1_M3,Ighv1-56_B3
Iqgap1_M5<==>Cox6c_T3,Iqgap1_M5,Cox6c_T3
Iqgap1_T2<==>Myl12a_T2,Iqgap1_T2,Myl12a_T2
Iqgap1_T2<==>mt-Co3_B2,Iqgap1_T2,mt-Co3_B2
Iqgap1_T3<==>Rpl13_T6,Iqgap1_T3,Rpl13_T6
Iqgap1_T3<==>Sqstm1_O10,Iqgap1_T3,Sqstm1_O10
Rps17_M3<==>Jund_B1,Rps17_M3,Jund_B1
Rps17_M3<==>Igha_M1,Rps17_M3,Igha_M1
Rps17_M3<==>Ighv1-22_B3,Rps17_M3,Ighv1-22_B3
Rps17_M3<==>H2-T22_O10,Rps17_M3,H2-T22_O10
Rps17_T1<==>Map1lc3b_M0,Rps17_T1,Map1lc3b_M0
Rps17_T1<==>Tomm20_B3,Rps17_T1,Tomm20_B3
Rps17_T1<==>Rpl29_B1,Rps17_T1,Rpl29_B1
Rps17_T1<==>Fyn_T1,Rps17_T1,Fyn_T1
Rps17_T1<==>Igha_B5,Rps17_T1,Igha_B5
Rps17_T5<==>Glo1_T5,Rps17_T5,Glo1_T5
Tm6sf1_M3<==>D8Ertd738e_M3,Tm6sf1_M3,D8Ertd738e_M3
Tm6sf1_M3<==>Dennd4a_T4,Tm6sf1_M3,Dennd4a_T4
Tm6sf1_M3<==>H2-Q7_B1,Tm6sf1_M3,H2-Q7_B1
Ctsc_M0<==>Txnrd1_M3,Ctsc_M0,Txnrd1_M3
Ctsc_M0<==>Ptprcap_T4,Ctsc_M0,Ptprcap_T4
Ctsc_M1<==>Bcl2a1a_M0,Ctsc_M1,Bcl2a1a_M0
Ctsc_M1<==>Hif1a_M0,Ctsc_M1,Hif1a_M0
Ctsc_M1<==>Foxn3_M3,Ctsc_M1,Foxn3_M3
Ctsc_M1<==>Smdt1_T4,Ctsc_M1,Smdt1_T4
Ctsc_M1<==>Rps2_M1,Ctsc_M1,Rps2_M1
Ctsc_M1<==>Gm42418_M5,Ctsc_M1,Gm42418_M5
Ctsc_M3<==>Polr2c_T5,Ctsc_M3,Polr2c_T5
Ctsc_M3<==>Malt1_M1,Ctsc_M3,Malt1_M1
Ctsc_M4<==>Tkt_M0,Ctsc_M4,Tkt_M0
Ctsc_M4<==>Lnpep_B1,Ctsc_M4,Lnpep_B1
Ctsc_M5<==>Rps13_M3,Ctsc_M5,Rps13_M3
Ctsc_M5<==>Asah1_M5,Ctsc_M5,Asah1_M5
Ctsc_M5<==>Cd68_M5,Ctsc_M5,Cd68_M5
Ctsc_M5<==>Ctsb_M5,Ctsc_M5,Ctsb_M5
Ctsc_M5<==>Dazap2_M0,Ctsc_M5,Dazap2_M0
Ctsc_M5<==>Rpl35a_M3,Ctsc_M5,Rpl35a_M3
Ctsc_M5<==>Csf1r_M5,Ctsc_M5,Csf1r_M5
Ctsc_M5<==>Ehd1_M2,Ctsc_M5,Ehd1_M2
Ctsc_M5<==>AW112010_M5,Ctsc_M5,AW112010_M5
Ctsc_M5<==>Mpeg1_M5,Ctsc_M5,Mpeg1_M5
Prss23_O7<==>Rnh1_M1,Prss23_O7,Rnh1_M1
Prss23_O7<==>Hmgb2_M3,Prss23_O7,Hmgb2_M3
Prss23_O7<==>Mt1_M0,Prss23_O7,Mt1_M0
Prss23_O7<==>Plekho2_M0,Prss23_O7,Plekho2_M0
Prss23_O7<==>Rpl26_T5,Prss23_O7,Rpl26_T5
Prss23_O7<==>Rpl19_T2,Prss23_O7,Rpl19_T2
Prss23_O7<==>Ddx5_T4,Prss23_O7,Ddx5_T4
Prss23_O7<==>Gna13_B4,Prss23_O7,Gna13_B4
Prss23_O7<==>Crip1_M0,Prss23_O7,Crip1_M0
Prss23_O7<==>Syk_M0,Prss23_O7,Syk_M0
Prss23_O7<==>Mrpl52_M0,Prss23_O7,Mrpl52_M0
Prss23_O7<==>Col14a1_O7,Prss23_O7,Col14a1_O7
Prss23_O7<==>Ets2_M5,Prss23_O7,Ets2_M5
Prss23_O7<==>Pi16_O7,Prss23_O7,Pi16_O7
Prss23_O7<==>Rps14_T5,Prss23_O7,Rps14_T5
Prss23_O7<==>Rpl17_T5,Prss23_O7,Rpl17_T5
Prss23_O7<==>mt-Nd3_B3,Prss23_O7,mt-Nd3_B3
Prss23_O7<==>mt-Nd4l_B1,Prss23_O7,mt-Nd4l_B1
Prss23_O7<==>mt-Nd4l_B2,Prss23_O7,mt-Nd4l_B2
Eed_T5<==>Ywhaz_M5,Eed_T5,Ywhaz_M5
Eed_T5<==>Trat1_T0,Eed_T5,Trat1_T0
Eed_T5<==>Gm42418_T5,Eed_T5,Gm42418_T5
Eed_T5<==>Nr3c1_T1,Eed_T5,Nr3c1_T1
Picalm_M1<==>Junb_M1,Picalm_M1,Junb_M1
Prcp_M4<==>Rap1b_M4,Prcp_M4,Rap1b_M4
Prcp_M4<==>Eif5_T3,Prcp_M4,Eif5_T3
Ndufc2_M0<==>Arl6ip1_T3,Ndufc2_M0,Arl6ip1_T3
Ndufc2_M0<==>Rbx1_M3,Ndufc2_M0,Rbx1_M3
Ndufc2_M0<==>H2-D1_B4,Ndufc2_M0,H2-D1_B4
Ndufc2_M0<==>Plaat3_M5,Ndufc2_M0,Plaat3_M5
Pak1_M4<==>Pld4_M1,Pak1_M4,Pld4_M1
Pak1_M4<==>Rpl8_B5,Pak1_M4,Rpl8_B5
Pak1_M4<==>H2-DMa_M1,Pak1_M4,H2-DMa_M1
Pak1_M4<==>Lst1_M0,Pak1_M4,Lst1_M0
Pak1_M4<==>Csf1r_M0,Pak1_M4,Csf1r_M0
Rps3_M3<==>Lat_T0,Rps3_M3,Lat_T0
Rps3_M3<==>Rpl18a_M3,Rps3_M3,Rpl18a_M3
Rps3_M3<==>Rpl13_M3,Rps3_M3,Rpl13_M3
Rps3_M3<==>Rps7_M3,Rps3_M3,Rps7_M3
Rps3_M3<==>Psma3_M4,Rps3_M3,Psma3_M4
Rps3_M3<==>Rps23_M3,Rps3_M3,Rps23_M3
Rps3_M3<==>Rpl15_M3,Rps3_M3,Rpl15_M3
Rps3_M3<==>Selenok_T2,Rps3_M3,Selenok_T2
Rps3_M3<==>Itm2b_B5,Rps3_M3,Itm2b_B5
Rps3_M3<==>Itm2b_T2,Rps3_M3,Itm2b_T2
Rps3_M3<==>Stk24_M5,Rps3_M3,Stk24_M5
Rps3_M3<==>Ywhaz_B2,Rps3_M3,Ywhaz_B2
Rps3_M3<==>Pfdn5_M3,Rps3_M3,Pfdn5_M3
Rps3_M3<==>Rps10_M3,Rps3_M3,Rps10_M3
Rps3_M3<==>Rpl17_M3,Rps3_M3,Rpl17_M3
Rps3_M3<==>Unc93b1_M4,Rps3_M3,Unc93b1_M4
Rps3_T2<==>Rnh1_M1,Rps3_T2,Rnh1_M1
Rps3_T2<==>Rplp1_T5,Rps3_T2,Rplp1_T5
Rps3_T2<==>Ighv8-5_B3,Rps3_T2,Ighv8-5_B3
Rps3_T2<==>Rps10_T2,Rps3_T2,Rps10_T2
Rps3_T4<==>Vapa_B3,Rps3_T4,Vapa_B3
Rps3_T5<==>Eef2_T5,Rps3_T5,Eef2_T5
Rps3_T5<==>Rps27a_T5,Rps3_T5,Rps27a_T5
Rps3_T5<==>Rpl26_T5,Rps3_T5,Rpl26_T5
Rps3_T5<==>Rpl19_T5,Rps3_T5,Rpl19_T5
Rps3_T5<==>Rps7_T5,Rps3_T5,Rps7_T5
Rps3_T5<==>Rpl15_T5,Rps3_T5,Rpl15_T5
Rps3_T5<==>Selenop_M0,Rps3_T5,Selenop_M0
Rps3_T5<==>Rpl8_T5,Rps3_T5,Rpl8_T5
Rps3_T5<==>Rps10_T5,Rps3_T5,Rps10_T5
Rps3_T5<==>Rpl10a_T5,Rps3_T5,Rpl10a_T5
Rps3_T5<==>Rps18_T5,Rps3_T5,Rps18_T5
Spcs2_B3<==>Ddx21_B5,Spcs2_B3,Ddx21_B5
Spcs2_B3<==>Pfn1_T1,Spcs2_B3,Pfn1_T1
Spcs2_B3<==>Cct5_M1,Spcs2_B3,Cct5_M1
Spcs2_B3<==>Fth1_B1,Spcs2_B3,Fth1_B1
Spcs2_T4<==>Rpl14_T1,Spcs2_T4,Rpl14_T1
Spcs2_T4<==>Ly6a_T4,Spcs2_T4,Ly6a_T4
Spcs2_T4<==>Psmb9_M0,Spcs2_T4,Psmb9_M0
Spcs2_T4<==>Nars_M4,Spcs2_T4,Nars_M4
Spcs2_T4<==>Xist_T3,Spcs2_T4,Xist_T3
Spcs2_T4<==>mt-Cytb_B3,Spcs2_T4,mt-Cytb_B3
Spcs2_T4<==>mt-Cytb_T2,Spcs2_T4,mt-Cytb_T2
Ucp2_B4<==>Havcr2_M3,Ucp2_B4,Havcr2_M3
Ucp2_B4<==>Ckb_T4,Ucp2_B4,Ckb_T4
Ucp2_B4<==>Clic1_M3,Ucp2_B4,Clic1_M3
Ucp2_B4<==>Chuk_M4,Ucp2_B4,Chuk_M4
Ucp2_M0<==>Cd3g_T5,Ucp2_M0,Cd3g_T5
Ucp2_M0<==>Epb41l2_M3,Ucp2_M0,Epb41l2_M3
Ucp2_M0<==>Sub1_M4,Ucp2_M0,Sub1_M4
Ucp2_M0<==>H2-Q7_T7,Ucp2_M0,H2-Q7_T7
Ucp2_M3<==>Gabarapl2_B3,Ucp2_M3,Gabarapl2_B3
Ucp2_M3<==>Gnai2_M0,Ucp2_M3,Gnai2_M0
Ucp2_M3<==>Actr2_M0,Ucp2_M3,Actr2_M0
Ucp2_M3<==>Rps27a_M3,Ucp2_M3,Rps27a_M3
Ucp2_M4<==>Eef1a1_M3,Ucp2_M4,Eef1a1_M3
Ucp2_M4<==>Specc1l_M1,Ucp2_M4,Specc1l_M1
Ucp2_M4<==>Itm2b_T4,Ucp2_M4,Itm2b_T4
Ucp2_M4<==>Gpr183_M1,Ucp2_M4,Gpr183_M1
Ucp2_M4<==>Calm2_M2,Ucp2_M4,Calm2_M2
Ucp2_M4<==>Rps4x_M3,Ucp2_M4,Rps4x_M3
Ucp2_M5<==>Lsm6_M4,Ucp2_M5,Lsm6_M4
Ucp2_M5<==>Ubl5_T5,Ucp2_M5,Ubl5_T5
Ucp2_M5<==>Epb41l2_M3,Ucp2_M5,Epb41l2_M3
Ucp2_M5<==>Itgb2_M0,Ucp2_M5,Itgb2_M0
Ucp2_T1<==>Has1_O7,Ucp2_T1,Has1_O7
Ucp2_T4<==>Hnrnpa1_B1,Ucp2_T4,Hnrnpa1_B1
Rab6a_M4<==>Ighv4-2_B2,Rab6a_M4,Ighv4-2_B2
Rab6a_M4<==>Sub1_B5,Rab6a_M4,Sub1_B5
P2ry6_M1<==>Coro1a_M3,P2ry6_M1,Coro1a_M3
Pde2a_T6_3<==>Pkm_M3,Pde2a_T6_3,Pkm_M3
Pde2a_T6_3<==>Rbm3_B1,Pde2a_T6_3,Rbm3_B1
Rhog_M1<==>Rtcb_M4,Rhog_M1,Rtcb_M4
Rhog_M1<==>Ifi27l2a_T2,Rhog_M1,Ifi27l2a_T2
Rhog_M1<==>Poldip3_M3,Rhog_M1,Poldip3_M3
Rhog_M1<==>Rtp4_M2,Rhog_M1,Rtp4_M2
Rhog_T5<==>Zfp36l1_B2,Rhog_T5,Zfp36l1_B2
Rhog_T5<==>Gm42418_T6,Rhog_T5,Gm42418_T6
Timm10b_M5<==>Cox7a2l_T2,Timm10b_M5,Cox7a2l_T2
Timm10b_M5<==>Cdk2ap2_M0,Timm10b_M5,Cdk2ap2_M0
Timm10b_M5<==>Fth1_B0,Timm10b_M5,Fth1_B0
Timm10b_M5<==>Myof_M0,Timm10b_M5,Myof_M0
Taf10_B3<==>Smarca5_B1,Taf10_B3,Smarca5_B1
Taf10_B3<==>Nedd8_M3,Taf10_B3,Nedd8_M3
Taf10_M3<==>Pik3r1_M3,Taf10_M3,Pik3r1_M3
Taf10_M3<==>Nars_M4,Taf10_M3,Nars_M4
Eif3f_B1<==>Rpl27a_B1,Eif3f_B1,Rpl27a_B1
Eif3f_B1<==>Psmb1_B1,Eif3f_B1,Psmb1_B1
Eif3f_M0<==>Tpm4_T5,Eif3f_M0,Tpm4_T5
Eif3f_M0<==>Rpsa_B2,Eif3f_M0,Rpsa_B2
Eif3f_M0<==>Hif1a_T5,Eif3f_M0,Hif1a_T5
Eif3f_M0<==>Crip1_T0,Eif3f_M0,Crip1_T0
Eif3f_M0<==>Ighg2b_B2,Eif3f_M0,Ighg2b_B2
Eif3f_M0<==>Appl1_M4,Eif3f_M0,Appl1_M4
Eif3f_M0<==>Eif3h_M0,Eif3f_M0,Eif3h_M0
Eif3f_M0<==>Rps4x_B2,Eif3f_M0,Rps4x_B2
Eif3f_M1<==>Rpl4_M1,Eif3f_M1,Rpl4_M1
Eif3f_M1<==>Rpl26_M1,Eif3f_M1,Rpl26_M1
Eif3f_M1<==>Cltc_M1,Eif3f_M1,Cltc_M1
Eif3f_M1<==>Rpl3_B1,Eif3f_M1,Rpl3_B1
Eif3f_M1<==>Calm2_T3,Eif3f_M1,Calm2_T3
Eif3f_M1<==>Crem_M4,Eif3f_M1,Crem_M4
Eif3f_M3<==>Rpl27a_M3,Eif3f_M3,Rpl27a_M3
Eif3f_M3<==>Smarca5_T2,Eif3f_M3,Smarca5_T2
Eif3f_M3<==>Rpl41_B3,Eif3f_M3,Rpl41_B3
Eif3f_M3<==>Rpl27_M3,Eif3f_M3,Rpl27_M3
Eif3f_M3<==>Atp5mpl_B3,Eif3f_M3,Atp5mpl_B3
Eif3f_M3<==>Rpl17_M3,Eif3f_M3,Rpl17_M3
Eif3f_M7<==>Srgn_T5,Eif3f_M7,Srgn_T5
Eif3f_M7<==>Rassf3_M3,Eif3f_M7,Rassf3_M3
Eif3f_M7<==>mt-Nd5_T4,Eif3f_M7,mt-Nd5_T4
Eif3f_T2<==>Hnrnpab_B5,Eif3f_T2,Hnrnpab_B5
Eif3f_T2<==>Snf8_T5,Eif3f_T2,Snf8_T5
Rpl27a_B1<==>Tmem123_T5,Rpl27a_B1,Tmem123_T5
Rpl27a_M3<==>Rps15a_M3,Rpl27a_M3,Rps15a_M3
Rpl27a_M3<==>Rpl18a_M3,Rpl27a_M3,Rpl18a_M3
Rpl27a_M3<==>Smarca5_T2,Rpl27a_M3,Smarca5_T2
Rpl27a_M3<==>Rpl13_M3,Rpl27a_M3,Rpl13_M3
Rpl27a_M3<==>Rpsa_M5,Rpl27a_M3,Rpsa_M5
Rpl27a_M3<==>Rpl14_M3,Rpl27a_M3,Rpl14_M3
Rpl27a_M3<==>Rpl41_B3,Rpl27a_M3,Rpl41_B3
Rpl27a_M3<==>Rps27a_M3,Rpl27a_M3,Rps27a_M3
Rpl27a_M3<==>Rack1_M3,Rpl27a_M3,Rack1_M3
Rpl27a_M3<==>Rpl26_M3,Rpl27a_M3,Rpl26_M3
Rpl27a_M3<==>Slfn2_M2,Rpl27a_M3,Slfn2_M2
Rpl27a_M3<==>Grn_M5,Rpl27a_M3,Grn_M5
Rpl27a_M3<==>Rps7_M3,Rpl27a_M3,Rps7_M3
Rpl27a_M3<==>Crip1_B3,Rpl27a_M3,Crip1_B3
Rpl27a_M3<==>Rps23_M3,Rpl27a_M3,Rps23_M3
Rpl27a_M3<==>Rpl30_M3,Rpl27a_M3,Rpl30_M3
Rpl27a_M3<==>Il2rb_M5,Rpl27a_M3,Il2rb_M5
Rpl27a_M3<==>Rps10_M3,Rpl27a_M3,Rps10_M3
Rpl27a_M3<==>Myl12b_T3,Rpl27a_M3,Myl12b_T3
Rpl27a_M3<==>Cox7a2l_M3,Rpl27a_M3,Cox7a2l_M3
Rpl27a_M3<==>Rpl17_M3,Rpl27a_M3,Rpl17_M3
Rpl27a_M4<==>Rpl18a_M4,Rpl27a_M4,Rpl18a_M4
Rpl27a_M4<==>Rpl13_M4,Rpl27a_M4,Rpl13_M4
Rpl27a_M4<==>Rps12_M4,Rpl27a_M4,Rps12_M4
Rpl27a_M4<==>Rpl23_M4,Rpl27a_M4,Rpl23_M4
Rpl27a_M4<==>Rpl8_M4,Rpl27a_M4,Rpl8_M4
Rpl27a_M4<==>Rps10_M4,Rpl27a_M4,Rps10_M4
Rpl27a_M4<==>Rps18_M4,Rpl27a_M4,Rps18_M4
Rpl27a_M4<==>Rps14_M4,Rpl27a_M4,Rps14_M4
Rpl27a_M4<==>Rpl17_M4,Rpl27a_M4,Rpl17_M4
Rpl27a_T2<==>Rps12_T2,Rpl27a_T2,Rps12_T2
Rpl27a_T5<==>Npm1_T5,Rpl27a_T5,Npm1_T5
Rpl27a_T5<==>Atox1_M5,Rpl27a_T5,Atox1_M5
Rpl27a_T5<==>Rps7_T5,Rpl27a_T5,Rps7_T5
Rpl27a_T5<==>Rps10_T5,Rpl27a_T5,Rps10_T5
Rpl27a_T5<==>Pdcd4_T5,Rpl27a_T5,Pdcd4_T5
Swap70_B1<==>Iglc1_B1,Swap70_B1,Iglc1_B1
Swap70_B1<==>Iglc2_B1,Swap70_B1,Iglc2_B1
Swap70_B1<==>Rpl10a_M5,Swap70_B1,Rpl10a_M5
Eif4g2_B3<==>Map1lc3b_T3,Eif4g2_B3,Map1lc3b_T3
Eif4g2_B3<==>Tbc1d15_B3,Eif4g2_B3,Tbc1d15_B3
Eif4g2_B3<==>Prkar1a_B3,Eif4g2_B3,Prkar1a_B3
Eif4g2_B3<==>Ighv2-3_B3,Eif4g2_B3,Ighv2-3_B3
Eif4g2_B3<==>Atf4_B3,Eif4g2_B3,Atf4_B3
Eif4g2_B3<==>Zeb1_T2,Eif4g2_B3,Zeb1_T2
Eif4g2_M1<==>Atp2b1_M2,Eif4g2_M1,Atp2b1_M2
Eif4g2_M1<==>Slfn2_M4,Eif4g2_M1,Slfn2_M4
Eif4g2_M1<==>Ccr7_B1,Eif4g2_M1,Ccr7_B1
Eif4g2_M1<==>Pak2_M1,Eif4g2_M1,Pak2_M1
Eif4g2_M3<==>Npc2_M5,Eif4g2_M3,Npc2_M5
Eif4g2_O7<==>Ubl5_T5,Eif4g2_O7,Ubl5_T5
Eif4g2_O7<==>Gfpt2_O7,Eif4g2_O7,Gfpt2_O7
Eif4g2_O7<==>Rpl19_T2,Eif4g2_O7,Rpl19_T2
Eif4g2_O7<==>Odc1_B1,Eif4g2_O7,Odc1_B1
Eif4g2_O7<==>Cox7c_M3,Eif4g2_O7,Cox7c_M3
Eif4g2_O7<==>Col14a1_O7,Eif4g2_O7,Col14a1_O7
Eif4g2_O7<==>Atf4_O7,Eif4g2_O7,Atf4_O7
Eif4g2_O7<==>Samsn1_T2,Eif4g2_O7,Samsn1_T2
Eif4g2_O7<==>Ifngr2_M3,Eif4g2_O7,Ifngr2_M3
Eif4g2_O7<==>Slc3a2_M0,Eif4g2_O7,Slc3a2_M0
Eif4g2_O7<==>Zfand5_M0,Eif4g2_O7,Zfand5_M0
Eif4g2_T1<==>Npm1_B1,Eif4g2_T1,Npm1_B1
Eif4g2_T3<==>Actg1_B3,Eif4g2_T3,Actg1_B3
Eif4g2_T4<==>Ubl5_B1,Eif4g2_T4,Ubl5_B1
Eif4g2_T4<==>Rpl17_B2,Eif4g2_T4,Rpl17_B2
Psma1_T5<==>Ifngr2_M4,Psma1_T5,Ifngr2_M4
Psma1_T5<==>Gm42418_T4,Psma1_T5,Gm42418_T4
Rps13_B0<==>Actg1_T1,Rps13_B0,Actg1_T1
Rps13_B0<==>Calm1_T1,Rps13_B0,Calm1_T1
Rps13_B0<==>H2-DMa_B1,Rps13_B0,H2-DMa_B1
Rps13_B1<==>Pclaf_T5,Rps13_B1,Pclaf_T5
Rps13_B1<==>Kdm6b_M1,Rps13_B1,Kdm6b_M1
Rps13_B1<==>P2ry10_T5,Rps13_B1,P2ry10_T5
Rps13_B1<==>mt-Nd5_B2,Rps13_B1,mt-Nd5_B2
Rps13_B2<==>Tle5_O7,Rps13_B2,Tle5_O7
Rps13_B2<==>Ly86_M3,Rps13_B2,Ly86_M3
Rps13_B2<==>Mrpl57_B3,Rps13_B2,Mrpl57_B3
Rps13_B2<==>Tspo_O7,Rps13_B2,Tspo_O7
Rps13_B2<==>Malat1_T0,Rps13_B2,Malat1_T0
Rps13_B2<==>Rbm3_T2,Rps13_B2,Rbm3_T2
Rps13_B3<==>Rpl18a_B3,Rps13_B3,Rpl18a_B3
Rps13_B3<==>Iglc1_B0,Rps13_B3,Iglc1_B0
Rps13_B4<==>Ly86_B1,Rps13_B4,Ly86_B1
Rps13_B5<==>Pfn1_T1,Rps13_B5,Pfn1_T1
Rps13_M0<==>Junb_T5,Rps13_M0,Junb_T5
Rps13_M0<==>Rpl13_M0,Rps13_M0,Rpl13_M0
Rps13_M0<==>Rpl4_T1,Rps13_M0,Rpl4_T1
Rps13_M0<==>Eef1a1_M0,Rps13_M0,Eef1a1_M0
Rps13_M0<==>Rps24_M0,Rps13_M0,Rps24_M0
Rps13_M0<==>Ifngr2_M4,Rps13_M0,Ifngr2_M4
Rps13_M0<==>Rpl10a_M0,Rps13_M0,Rpl10a_M0
Rps13_M3<==>Rps15a_M3,Rps13_M3,Rps15a_M3
Rps13_M3<==>Dennd4a_B1,Rps13_M3,Dennd4a_B1
Rps13_M3<==>Rpl14_M3,Rps13_M3,Rpl14_M3
Rps13_M3<==>Mast4_B3,Rps13_M3,Mast4_B3
Rps13_M3<==>Ctsb_M5,Rps13_M3,Ctsb_M5
Rps13_M3<==>Epsti1_M4,Rps13_M3,Epsti1_M4
Rps13_M3<==>Gm42418_B5,Rps13_M3,Gm42418_B5
Rps13_M3<==>Gm42418_T4,Rps13_M3,Gm42418_T4
Rps13_M3<==>AY036118_B1,Rps13_M3,AY036118_B1
Rps13_M3<==>Eef1g_M3,Rps13_M3,Eef1g_M3
Rps13_M3<==>Ighv1-61_B3,Rps13_M3,Ighv1-61_B3
Rps13_M4<==>Rack1_M4,Rps13_M4,Rack1_M4
Rps13_M4<==>Rps24_M4,Rps13_M4,Rps24_M4
Rps13_M4<==>Rpl3_B1,Rps13_M4,Rpl3_B1
Rps13_M4<==>Rps10_M4,Rps13_M4,Rps10_M4
Rps13_M5<==>Ubl5_M0,Rps13_M5,Ubl5_M0
Rps13_M5<==>Rpl23_M5,Rps13_M5,Rpl23_M5
Rps13_M5<==>Lgmn_M3,Rps13_M5,Lgmn_M3
Rps13_M5<==>Clptm1l_B3,Rps13_M5,Clptm1l_B3
Rps13_M5<==>Rpl8_M5,Rps13_M5,Rpl8_M5
Rps13_M5<==>Iglc3_B1,Rps13_M5,Iglc3_B1
Rps13_M5<==>Tapbp_M5,Rps13_M5,Tapbp_M5
Rps13_M5<==>Gm42418_T1,Rps13_M5,Gm42418_T1
Rps13_M5<==>Rps14_M5,Rps13_M5,Rps14_M5
Rps13_M7<==>Rps15_B1,Rps13_M7,Rps15_B1
Rps13_T0<==>Ighg3_B3,Rps13_T0,Ighg3_B3
Rps13_T2<==>Eaf2_B3,Rps13_T2,Eaf2_B3
Rps13_T3<==>Eef1a1_B0,Rps13_T3,Eef1a1_B0
Rps13_T3<==>Ly86_M3,Rps13_T3,Ly86_M3
Rps13_T4<==>Rpl23a_T4,Rps13_T4,Rpl23a_T4
Rps13_T4<==>Rpl27_T4,Rps13_T4,Rpl27_T4
Rps13_T4<==>Gpr132_M1,Rps13_T4,Gpr132_M1
Rps13_T4<==>Selenok_T2,Rps13_T4,Selenok_T2
Rps13_T4<==>Rbm3_M3,Rps13_T4,Rbm3_M3
Rps13_T4<==>Msn_T3,Rps13_T4,Msn_T3
Rps13_T4<==>mt-Co2_M0,Rps13_T4,mt-Co2_M0
Rps13_T6<==>Ly86_B1,Rps13_T6,Ly86_B1
Rps13_T6<==>Cd86_M3,Rps13_T6,Cd86_M3
Rps13_T6<==>Gm42418_B6_0,Rps13_T6,Gm42418_B6_0
Rps15a_B0<==>Rpl4_B0,Rps15a_B0,Rpl4_B0
Rps15a_B0<==>Tbc1d15_B3,Rps15a_B0,Tbc1d15_B3
Rps15a_B0<==>Cltc_M1,Rps15a_B0,Cltc_M1
Rps15a_B0<==>Hnrnpk_B3,Rps15a_B0,Hnrnpk_B3
Rps15a_B0<==>Rps18_T3,Rps15a_B0,Rps18_T3
Rps15a_B1<==>Coro1a_T3,Rps15a_B1,Coro1a_T3
Rps15a_B1<==>Lsp1_T4,Rps15a_B1,Lsp1_T4
Rps15a_B1<==>Cox4i1_T2,Rps15a_B1,Cox4i1_T2
Rps15a_B1<==>Gpr132_M1,Rps15a_B1,Gpr132_M1
Rps15a_B1<==>Igha_T1,Rps15a_B1,Igha_T1
Rps15a_B1<==>Hnrnpa0_M3,Rps15a_B1,Hnrnpa0_M3
Rps15a_B1<==>Gm10076_M3,Rps15a_B1,Gm10076_M3
Rps15a_B1<==>Rpl10_B1,Rps15a_B1,Rpl10_B1
Rps15a_B2<==>Rplp2_T6_2,Rps15a_B2,Rplp2_T6_2
Rps15a_B4<==>Lamp1_M1,Rps15a_B4,Lamp1_M1
Rps15a_B4<==>Ighg1_B4,Rps15a_B4,Ighg1_B4
Rps15a_B4<==>Ly86_B1,Rps15a_B4,Ly86_B1
Rps15a_B5<==>Ifrd1_M2,Rps15a_B5,Ifrd1_M2
Rps15a_M3<==>Rpl13_M3,Rps15a_M3,Rpl13_M3
Rps15a_M3<==>Tmem123_M0,Rps15a_M3,Tmem123_M0
Rps15a_M3<==>Rps25_M3,Rps15a_M3,Rps25_M3
Rps15a_M3<==>Rplp1_T1,Rps15a_M3,Rplp1_T1
Rps15a_M3<==>Rpl4_M3,Rps15a_M3,Rpl4_M3
Rps15a_M3<==>Dennd4a_B1,Rps15a_M3,Dennd4a_B1
Rps15a_M3<==>Rpl14_M3,Rps15a_M3,Rpl14_M3
Rps15a_M3<==>Rps27a_M3,Rps15a_M3,Rps27a_M3
Rps15a_M3<==>Rack1_M3,Rps15a_M3,Rack1_M3
Rps15a_M3<==>BC005537_M0,Rps15a_M3,BC005537_M0
Rps15a_M3<==>Rps23_M3,Rps15a_M3,Rps23_M3
Rps15a_M3<==>Rps10_M3,Rps15a_M3,Rps10_M3
Rps15a_M4<==>Rps27a_M4,Rps15a_M4,Rps27a_M4
Rps15a_M4<==>Rpl23_M4,Rps15a_M4,Rpl23_M4
Rps15a_M5<==>Rpl13_M5,Rps15a_M5,Rpl13_M5
Rps15a_M5<==>Rpl23_M5,Rps15a_M5,Rpl23_M5
Rps15a_M5<==>Pdia6_M3,Rps15a_M5,Pdia6_M3
Rps15a_M5<==>Ighv5-17_B3,Rps15a_M5,Ighv5-17_B3
Rps15a_M5<==>Psmb1_T2,Rps15a_M5,Psmb1_T2
Rps15a_T1<==>Ighv1-50_B3,Rps15a_T1,Ighv1-50_B3
Rps15a_T1<==>Hist1h4d_T5,Rps15a_T1,Hist1h4d_T5
Rps15a_T1<==>Ywhaz_T1,Rps15a_T1,Ywhaz_T1
Rps15a_T1<==>Ago2_M4,Rps15a_T1,Ago2_M4
Rps15a_T1<==>Cd47_M7,Rps15a_T1,Cd47_M7
Rps15a_T1<==>H2-K1_M7,Rps15a_T1,H2-K1_M7
Rps15a_T1<==>Atp5md_B5,Rps15a_T1,Atp5md_B5
Rps15a_T2<==>Hsp90ab1_B3,Rps15a_T2,Hsp90ab1_B3
Rps15a_T3<==>Lman1_B3,Rps15a_T3,Lman1_B3
Rps15a_T3<==>Tm9sf3_M3,Rps15a_T3,Tm9sf3_M3
Rps15a_T6<==>Psmb9_B4,Rps15a_T6,Psmb9_B4
Arl6ip1_T3<==>Fus_B1,Arl6ip1_T3,Fus_B1
Arl6ip1_T3<==>Cd3d_T4,Arl6ip1_T3,Cd3d_T4
Arl6ip1_T3<==>Eif5a_B1,Arl6ip1_T3,Eif5a_B1
Arl6ip1_T3<==>Pfn1_T0,Arl6ip1_T3,Pfn1_T0
Arl6ip1_T3<==>Ly6d_B1,Arl6ip1_T3,Ly6d_B1
Gde1_M1<==>Rps27l_M4,Gde1_M1,Rps27l_M4
Gde1_M1<==>Prkar1a_T4,Gde1_M1,Prkar1a_T4
Uqcrc2_M4<==>Ndufb1-ps_T3,Uqcrc2_M4,Ndufb1-ps_T3
Igsf6_M0<==>Gtf2e2_M4,Igsf6_M0,Gtf2e2_M4
Igsf6_M0<==>Igha_O10,Igsf6_M0,Igha_O10
Igsf6_M0<==>Pfdn5_B4,Igsf6_M0,Pfdn5_B4
Igsf6_M1<==>Jund_T1,Igsf6_M1,Jund_T1
Igsf6_M1<==>Tbca_M3,Igsf6_M1,Tbca_M3
Igsf6_M1<==>Lst1_M3,Igsf6_M1,Lst1_M3
Igsf6_M1<==>Got1_M4,Igsf6_M1,Got1_M4
Ubfd1_M4<==>Hmgb2_T4,Ubfd1_M4,Hmgb2_T4
Ubfd1_M4<==>Rab8b_M5,Ubfd1_M4,Rab8b_M5
Ubfd1_M4<==>Cyth1_M3,Ubfd1_M4,Cyth1_M3
Ubfd1_M4<==>Calm1_T6,Ubfd1_M4,Calm1_T6
Ubfd1_M4<==>BC005537_M3,Ubfd1_M4,BC005537_M3
Ubfd1_M4<==>Ago2_M3,Ubfd1_M4,Ago2_M3
Ubfd1_M4<==>H2-K1_M5,Ubfd1_M4,H2-K1_M5
Ubfd1_M4<==>Cox7a2l_M7,Ubfd1_M4,Cox7a2l_M7
Ubfd1_M4<==>Entpd1_M1,Ubfd1_M4,Entpd1_M1
Ubfd1_M4<==>Mxi1_T5,Ubfd1_M4,Mxi1_T5
Ndufab1_M4<==>Gna13_T4,Ndufab1_M4,Gna13_T4
Ndufab1_M4<==>Srsf2_B5,Ndufab1_M4,Srsf2_B5
Lat_M5<==>Pbrm1_B4,Lat_M5,Pbrm1_B4
Lat_M5<==>Atp6v0c_M3,Lat_M5,Atp6v0c_M3
Lat_M5<==>Tmsb4x_B0,Lat_M5,Tmsb4x_B0
Lat_T0<==>Jund_T0,Lat_T0,Jund_T0
Lat_T0<==>Pafah1b1_B1,Lat_T0,Pafah1b1_B1
Lat_T0<==>Grn_M5,Lat_T0,Grn_M5
Lat_T0<==>Rps24_M5,Lat_T0,Rps24_M5
Lat_T0<==>Ywhaz_B2,Lat_T0,Ywhaz_B2
Lat_T1<==>Fkbp11_B3,Lat_T1,Fkbp11_B3
Lat_T1<==>Ndufb10_M3,Lat_T1,Ndufb10_M3
Lat_T4<==>Btg1_T0,Lat_T4,Btg1_T0
Lat_T4<==>Uqcrb_M3,Lat_T4,Uqcrb_M3
Lat_T4<==>Rbx1_M3,Lat_T4,Rbx1_M3
Lat_T4<==>Psmb8_M3,Lat_T4,Psmb8_M3
Lat_T4<==>Fermt3_T5,Lat_T4,Fermt3_T5
Lat_T4<==>Igkv5-39_B4,Lat_T4,Igkv5-39_B4
Eif3c_B3<==>mt-Cytb_M0,Eif3c_B3,mt-Cytb_M0
Eif3c_M0<==>Hmgb2_T3,Eif3c_M0,Hmgb2_T3
Eif3c_M0<==>Itgb2_M0,Eif3c_M0,Itgb2_M0
Eif3c_M0<==>Eif5a_T4,Eif3c_M0,Eif5a_T4
Eif3c_M0<==>Hif1a_T0,Eif3c_M0,Hif1a_T0
Eif3c_M0<==>Sub1_M4,Eif3c_M0,Sub1_M4
Eif3c_M0<==>Myof_M0,Eif3c_M0,Myof_M0
Eif3c_M1<==>Ighv5-6_B7,Eif3c_M1,Ighv5-6_B7
Bola2_M3<==>Rplp2_M3,Bola2_M3,Rplp2_M3
Bola2_M3<==>Rpl38_M3,Bola2_M3,Rpl38_M3
Bola2_M3<==>Ighv1-22_B3,Bola2_M3,Ighv1-22_B3
Coro1a_B1<==>Cyba_T5,Coro1a_B1,Cyba_T5
Coro1a_B1<==>Cox7a2_M5,Coro1a_B1,Cox7a2_M5
Coro1a_B1<==>Rps27a_M3,Coro1a_B1,Rps27a_M3
Coro1a_B1<==>Kdm6b_T4,Coro1a_B1,Kdm6b_T4
Coro1a_B1<==>Snf8_T5,Coro1a_B1,Snf8_T5
Coro1a_B1<==>Igha_B1,Coro1a_B1,Igha_B1
Coro1a_B1<==>Igha_B2,Coro1a_B1,Igha_B2
Coro1a_B1<==>Itm2b_B5,Coro1a_B1,Itm2b_B5
Coro1a_B1<==>Pak2_B1,Coro1a_B1,Pak2_B1
Coro1a_B1<==>Tcf4_M7,Coro1a_B1,Tcf4_M7
Coro1a_B1<==>Xist_B0,Coro1a_B1,Xist_B0
Coro1a_M3<==>Taldo1_M0,Coro1a_M3,Taldo1_M0
Coro1a_M3<==>Rab8b_M4,Coro1a_M3,Rab8b_M4
Coro1a_M3<==>Rpl41_M3,Coro1a_M3,Rpl41_M3
Coro1a_M3<==>Nfkbia_T4,Coro1a_M3,Nfkbia_T4
Coro1a_M3<==>Rps29_T1,Coro1a_M3,Rps29_T1
Coro1a_M3<==>Hif1a_B4,Coro1a_M3,Hif1a_B4
Coro1a_M3<==>Eif5_M4,Coro1a_M3,Eif5_M4
Coro1a_M3<==>Ighg2c_B2,Coro1a_M3,Ighg2c_B2
Coro1a_M3<==>Iglc1_B3,Coro1a_M3,Iglc1_B3
Coro1a_M3<==>Tnfaip8_M4,Coro1a_M3,Tnfaip8_M4
Coro1a_M3<==>Ms4a6b_T5,Coro1a_M3,Ms4a6b_T5
Coro1a_M3<==>Rpl10_T2,Coro1a_M3,Rpl10_T2
Coro1a_M4<==>Eif4a1_M1,Coro1a_M4,Eif4a1_M1
Coro1a_M4<==>Zfp36l2_T5,Coro1a_M4,Zfp36l2_T5
Coro1a_T1<==>Cyba_T4,Coro1a_T1,Cyba_T4
Coro1a_T1<==>Selenop_T4,Coro1a_T1,Selenop_T4
Coro1a_T3<==>Asf1b_T5,Coro1a_T3,Asf1b_T5
Coro1a_T4<==>Ifi30_B1,Coro1a_T4,Ifi30_B1
Coro1a_T4<==>Havcr2_M3,Coro1a_T4,Havcr2_M3
Coro1a_T4<==>Gpr183_M3,Coro1a_T4,Gpr183_M3
Coro1a_T4<==>Dap_T5,Coro1a_T4,Dap_T5
Coro1a_T4<==>Zbtb20_B1,Coro1a_T4,Zbtb20_B1
Coro1a_T4<==>Ppp1ca_T4,Coro1a_T4,Ppp1ca_T4
Gdpd3_B1<==>Taf1d_M4,Gdpd3_B1,Taf1d_M4
Gdpd3_B1<==>Pten_M4,Gdpd3_B1,Pten_M4
Gdpd3_B3<==>Cyba_T4,Gdpd3_B3,Cyba_T4
Gdpd3_B3<==>Pkm_M3,Gdpd3_B3,Pkm_M3
Gdpd3_B3<==>Pkm_M5,Gdpd3_B3,Pkm_M5
Gdpd3_B3<==>Ppib_M0,Gdpd3_B3,Ppib_M0
Gdpd3_B3<==>Mif_M0,Gdpd3_B3,Mif_M0
Gdpd3_B3<==>Psmb6_M3,Gdpd3_B3,Psmb6_M3
Gdpd3_B3<==>Actg1_T4,Gdpd3_B3,Actg1_T4
Gdpd3_B3<==>Ighj4_B3,Gdpd3_B3,Ighj4_B3
Gdpd3_B3<==>Hist1h2ap_T5,Gdpd3_B3,Hist1h2ap_T5
Gdpd3_B3<==>Gm10076_M3,Gdpd3_B3,Gm10076_M3
Gdpd3_B3<==>Sod2_M5,Gdpd3_B3,Sod2_M5
Gdpd3_B3<==>Rps2_B1,Gdpd3_B3,Rps2_B1
Gdpd3_B3<==>Rps2_M0,Gdpd3_B3,Rps2_M0
Gdpd3_B3<==>Psmb8_M3,Gdpd3_B3,Psmb8_M3
Gdpd3_B3<==>Tomm6_T4,Gdpd3_B3,Tomm6_T4
Gdpd3_B3<==>Prdx5_M5,Gdpd3_B3,Prdx5_M5
Gdpd3_B3<==>Fth1_B0,Gdpd3_B3,Fth1_B0
Gdpd3_B3<==>Fth1_M5,Gdpd3_B3,Fth1_M5
Gdpd3_B4<==>Ctnna1_M4,Gdpd3_B4,Ctnna1_M4
Gdpd3_M0<==>Rnasek_B1,Gdpd3_M0,Rnasek_B1
Gdpd3_M0<==>Rpl24_B2,Gdpd3_M0,Rpl24_B2
Gdpd3_M0<==>Ahnak_T4,Gdpd3_M0,Ahnak_T4
Gdpd3_M2<==>Eif5_O10,Gdpd3_M2,Eif5_O10
Gdpd3_M3<==>Arf1_T1,Gdpd3_M3,Arf1_T1
Gdpd3_M4<==>Ighv1-2_B2,Gdpd3_M4,Ighv1-2_B2
Gdpd3_T2<==>Gna13_B4,Gdpd3_T2,Gna13_B4
Gdpd3_T2<==>Psmb9_M1,Gdpd3_T2,Psmb9_M1
Aldoa_B1<==>Pitpna_M3,Aldoa_B1,Pitpna_M3
Aldoa_B1<==>Cd79b_B0,Aldoa_B1,Cd79b_B0
Aldoa_B1<==>P4hb_B3,Aldoa_B1,P4hb_B3
Aldoa_B3<==>Abracl_M3,Aldoa_B3,Abracl_M3
Aldoa_B3<==>Zfp36l2_B3,Aldoa_B3,Zfp36l2_B3
Aldoa_M0<==>Irf8_B4,Aldoa_M0,Irf8_B4
Aldoa_M0<==>Mif_M0,Aldoa_M0,Mif_M0
Aldoa_M0<==>Eef2_M1,Aldoa_M0,Eef2_M1
Aldoa_M0<==>H2-D1_B4,Aldoa_M0,H2-D1_B4
Aldoa_M0<==>Fth1_M5,Aldoa_M0,Fth1_M5
Aldoa_M0<==>Pgk1_M0,Aldoa_M0,Pgk1_M0
Aldoa_M3<==>Nedd8_M3,Aldoa_M3,Nedd8_M3
Aldoa_M3<==>Rbx1_M0,Aldoa_M3,Rbx1_M0
Aldoa_M3<==>H2-Q7_T2,Aldoa_M3,H2-Q7_T2
Aldoa_M5<==>Itgb2_M5,Aldoa_M5,Itgb2_M5
Aldoa_M5<==>Rps2_T6,Aldoa_M5,Rps2_T6
Aldoa_M5<==>Sec11c_T7,Aldoa_M5,Sec11c_T7
Aldoa_M5<==>Pgk1_M5,Aldoa_M5,Pgk1_M5
Aldoa_T2<==>Gm15056_M0,Aldoa_T2,Gm15056_M0
Aldoa_T2<==>Rpl39_M5,Aldoa_T2,Rpl39_M5
Aldoa_T5<==>Btg1_M5,Aldoa_T5,Btg1_M5
Aldoa_T7<==>Ccr7_B1,Aldoa_T7,Ccr7_B1
Aldoa_T7<==>Atp5g2_B1,Aldoa_T7,Atp5g2_B1
Tmem219_M4<==>Atp5g1_M4,Tmem219_M4,Atp5g1_M4
Sept1_M5<==>Syngr2_B4,Sept1_M5,Syngr2_B4
Sept1_T2<==>Dnajb9_B3,Sept1_T2,Dnajb9_B3
Sept1_T5<==>Bst2_B3,Sept1_T5,Bst2_B3
Itgal_M5<==>Glrx_M5,Itgal_M5,Glrx_M5
Itgal_T4<==>Rps4x_T3,Itgal_T4,Rps4x_T3
Itgal_T5<==>Ms4a6b_T5,Itgal_T5,Ms4a6b_T5
Fus_B1<==>Jund_B1,Fus_B1,Jund_B1
Fus_B1<==>Ebf1_B2,Fus_B1,Ebf1_B2
Fus_B1<==>Ighm_B1,Fus_B1,Ighm_B1
Fus_B1<==>Ndufb9_M4,Fus_B1,Ndufb9_M4
Fus_B1<==>Ndfip1_T2,Fus_B1,Ndfip1_T2
Fus_B1<==>Ostf1_M3,Fus_B1,Ostf1_M3
Fus_B4<==>Hsp90aa1_B2,Fus_B4,Hsp90aa1_B2
Fus_M0<==>Hmgb2_T4,Fus_M0,Hmgb2_T4
Fus_M0<==>Snx20_M1,Fus_M0,Snx20_M1
Fus_M0<==>Birc2_T2,Fus_M0,Birc2_T2
Fus_M0<==>Snrpf_B1,Fus_M0,Snrpf_B1
Fus_M0<==>Arf1_M0,Fus_M0,Arf1_M0
Fus_M0<==>Prkar1a_T2,Fus_M0,Prkar1a_T2
Fus_M0<==>Hif1a_T0,Fus_M0,Hif1a_T0
Fus_M0<==>Rpl8_M3,Fus_M0,Rpl8_M3
Fus_M0<==>H2-K1_M5,Fus_M0,H2-K1_M5
Pycard_B3<==>Tbc1d15_B3,Pycard_B3,Tbc1d15_B3
Pycard_B3<==>Ramp3_T7,Pycard_B3,Ramp3_T7
Pycard_B3<==>Cltc_M1,Pycard_B3,Cltc_M1
Pycard_B3<==>Nme2_M3,Pycard_B3,Nme2_M3
Pycard_B3<==>Cyth1_M3,Pycard_B3,Cyth1_M3
Pycard_B3<==>Serpinb6b_M3,Pycard_B3,Serpinb6b_M3
Pycard_B3<==>Serpinb9_M3,Pycard_B3,Serpinb9_M3
Pycard_B3<==>Eef1d_M1,Pycard_B3,Eef1d_M1
Pycard_B3<==>Satb1_T3,Pycard_B3,Satb1_T3
Pycard_B3<==>Zeb1_T2,Pycard_B3,Zeb1_T2
Pycard_B3<==>AW112010_M4,Pycard_B3,AW112010_M4
Pycard_M0<==>Cox5a_T4,Pycard_M0,Cox5a_T4
Pycard_M0<==>Cox5a_T5,Pycard_M0,Cox5a_T5
Pycard_M0<==>Hnrnph2_M3,Pycard_M0,Hnrnph2_M3
Pycard_M3<==>Adam19_M4,Pycard_M3,Adam19_M4
Pycard_M3<==>Cd300c2_M3,Pycard_M3,Cd300c2_M3
Pycard_M3<==>H2-DMb1_M3,Pycard_M3,H2-DMb1_M3
Pycard_M3<==>Ptprcap_T4,Pycard_M3,Ptprcap_T4
Pycard_M5<==>Asah1_M5,Pycard_M5,Asah1_M5
Pycard_M5<==>Tgfbi_M5,Pycard_M5,Tgfbi_M5
Pycard_M5<==>Csf1r_M5,Pycard_M5,Csf1r_M5
Pycard_M5<==>Cybb_M3,Pycard_M5,Cybb_M3
Itgax_M1<==>Sesn3_T0,Itgax_M1,Sesn3_T0
Itgax_M1<==>Ly6e_T3,Itgax_M1,Ly6e_T3
Itgax_M3<==>Vdac2_M3,Itgax_M3,Vdac2_M3
Itgax_M3<==>Clic1_M0,Itgax_M3,Clic1_M0
Itgax_M3<==>Hsp90ab1_M3,Itgax_M3,Hsp90ab1_M3
Cox6a2_M7<==>Ly6d_M7,Cox6a2_M7,Ly6d_M7
Cox6a2_M7<==>Fermt3_M3,Cox6a2_M7,Fermt3_M3
Rgs10_M0<==>Ctsh_M0,Rgs10_M0,Ctsh_M0
Rgs10_M1<==>Calm1_T2,Rgs10_M1,Calm1_T2
Rgs10_M1<==>Ighj4_B3,Rgs10_M1,Ighj4_B3
Rgs10_M3<==>Ctsd_M5,Rgs10_M3,Ctsd_M5
Rgs10_M3<==>Atp2b1_M2,Rgs10_M3,Atp2b1_M2
Rgs10_M3<==>Zfp36l1_T1,Rgs10_M3,Zfp36l1_T1
Rgs10_M3<==>Ube2i_M0,Rgs10_M3,Ube2i_M0
Rgs10_M3<==>H2-Q7_T3,Rgs10_M3,H2-Q7_T3
Rgs10_M3<==>Cox8a_M0,Rgs10_M3,Cox8a_M0
Rgs10_T6<==>Rgs10_T6_2,Rgs10_T6,Rgs10_T6_2
Rgs10_T6<==>Hsp90b1_B0,Rgs10_T6,Hsp90b1_B0
Rgs10_T6<==>Pold4_B0,Rgs10_T6,Pold4_B0
Rgs10_T6_2<==>Pgls_T5,Rgs10_T6_2,Pgls_T5
Rgs10_T6_2<==>Hsp90b1_B0,Rgs10_T6_2,Hsp90b1_B0
Rgs10_T6_2<==>Cox8a_T1,Rgs10_T6_2,Cox8a_T1
Htra1_O4<==>Cd3g_T4,Htra1_O4,Cd3g_T4
Glrx3_B4<==>Satb1_T1,Glrx3_B4,Satb1_T1
Glrx3_B4<==>Igkv17-127_B5,Glrx3_B4,Igkv17-127_B5
Glrx3_T5<==>Pfn1_T5,Glrx3_T5,Pfn1_T5
Glrx3_T5<==>Plaat3_M4,Glrx3_T5,Plaat3_M4
Glrx3_T5<==>Hnrnph2_M3,Glrx3_T5,Hnrnph2_M3
Cd163l1_T4<==>Hnrnpab_B5,Cd163l1_T4,Hnrnpab_B5
Cd163l1_T4<==>Tcrg-C1_T4,Cd163l1_T4,Tcrg-C1_T4
Cd163l1_T4<==>Tspo_M3,Cd163l1_T4,Tspo_M3
Cd163l1_T4<==>App_M5,Cd163l1_T4,App_M5
Cd163l1_T4<==>Malt1_B5,Cd163l1_T4,Malt1_B5
Cd163l1_T4<==>AW112010_T5,Cd163l1_T4,AW112010_T5
Ifitm2_M3<==>Pld4_M0,Ifitm2_M3,Pld4_M0
Ifitm2_M4<==>Foxn3_M4,Ifitm2_M4,Foxn3_M4
Ifitm2_M4<==>Mpeg1_M4,Ifitm2_M4,Mpeg1_M4
Ifitm1_M2<==>Jund_B3,Ifitm1_M2,Jund_B3
Ifitm1_M2<==>Rora_T4,Ifitm1_M2,Rora_T4
Ifitm1_M2<==>Slc3a2_T3,Ifitm1_M2,Slc3a2_T3
Ifitm3_M0<==>Rhoa_M0,Ifitm3_M0,Rhoa_M0
Ifitm3_M0<==>Abracl_M0,Ifitm3_M0,Abracl_M0
Ifitm3_M0<==>Atp5g1_M0,Ifitm3_M0,Atp5g1_M0
Ifitm3_M0<==>Ighg2b_B2,Ifitm3_M0,Ighg2b_B2
Ifitm3_M0<==>Selenok_B3,Ifitm3_M0,Selenok_B3
Ifitm3_M0<==>Psme2_M0,Ifitm3_M0,Psme2_M0
Ifitm3_M0<==>Egr3_B5,Ifitm3_M0,Egr3_B5
Ifitm3_M0<==>Sod2_M0,Ifitm3_M0,Sod2_M0
Ifitm3_M0<==>Ms4a4c_M0,Ifitm3_M0,Ms4a4c_M0
Ifitm3_M0<==>Pdcd4_T5,Ifitm3_M0,Pdcd4_T5
Ifitm3_M2<==>Fos_M4,Ifitm3_M2,Fos_M4
Ifitm3_M2<==>Lst1_M5,Ifitm3_M2,Lst1_M5
Ifitm3_M3<==>Pld4_M0,Ifitm3_M3,Pld4_M0
Ifitm3_O7<==>H2-D1_O7,Ifitm3_O7,H2-D1_O7
Rnh1_M1<==>Rps10_T1,Rnh1_M1,Rps10_T1
Rnh1_M1<==>mt-Nd4l_B1,Rnh1_M1,mt-Nd4l_B1
Rnh1_M5<==>Srsf3_M3,Rnh1_M5,Srsf3_M3
Taldo1_M0<==>Rab8b_T2,Taldo1_M0,Rab8b_T2
Taldo1_M0<==>Rpl41_M3,Taldo1_M0,Rpl41_M3
Taldo1_M0<==>Mgl2_M1,Taldo1_M0,Mgl2_M1
Taldo1_M0<==>Tgfbi_M0,Taldo1_M0,Tgfbi_M0
Taldo1_M0<==>Egr3_B5,Taldo1_M0,Egr3_B5
Taldo1_M0<==>Iglc1_B3,Taldo1_M0,Iglc1_B3
Taldo1_M0<==>Rpl35a_B2,Taldo1_M0,Rpl35a_B2
Taldo1_M0<==>Psmb9_M3,Taldo1_M0,Psmb9_M3
Taldo1_M0<==>Gpsm3_M4,Taldo1_M0,Gpsm3_M4
Taldo1_M0<==>mt-Cytb_B3,Taldo1_M0,mt-Cytb_B3
Taldo1_M3<==>Tmem123_T5,Taldo1_M3,Tmem123_T5
Taldo1_M3<==>Rpl41_M3,Taldo1_M3,Rpl41_M3
Taldo1_M3<==>Rps7_B1,Taldo1_M3,Rps7_B1
Taldo1_M3<==>Rps29_T1,Taldo1_M3,Rps29_T1
Taldo1_M3<==>Rpl37_T1,Taldo1_M3,Rpl37_T1
Taldo1_M3<==>Rpl37_T2,Taldo1_M3,Rpl37_T2
Taldo1_M3<==>Rps28_M3,Taldo1_M3,Rps28_M3
Taldo1_M3<==>Fau_T2,Taldo1_M3,Fau_T2
Taldo1_M3<==>Rpl39_B2,Taldo1_M3,Rpl39_B2
Taldo1_M3<==>mt-Atp6_T3,Taldo1_M3,mt-Atp6_T3
Taldo1_M3<==>mt-Atp6_T4,Taldo1_M3,mt-Atp6_T4
Rplp2_M3<==>Rpl38_M3,Rplp2_M3,Rpl38_M3
Rplp2_M3<==>Rpl37_M3,Rplp2_M3,Rpl37_M3
Rplp2_M3<==>Hnrnpa1_T7,Rplp2_M3,Hnrnpa1_T7
Rplp2_M3<==>Rpl39_M3,Rplp2_M3,Rpl39_M3
Rplp2_M3<==>Rpl36a_M3,Rplp2_M3,Rpl36a_M3
Rplp2_M5<==>Lilrb4a_M5,Rplp2_M5,Lilrb4a_M5
Rplp2_T1<==>Rps25_T3,Rplp2_T1,Rps25_T3
Rplp2_T1<==>Ifi27l2a_T2,Rplp2_T1,Ifi27l2a_T2
Rplp2_T1<==>Ly6e_M5,Rplp2_T1,Ly6e_M5
Rplp2_T1<==>Gm42418_T1,Rplp2_T1,Gm42418_T1
Rplp2_T1<==>Ndufa2_T3,Rplp2_T1,Ndufa2_T3
Rplp2_T1<==>Rpl36a_B4,Rplp2_T1,Rpl36a_B4
Rplp2_T2<==>Ly6a_M5,Rplp2_T2,Ly6a_M5
Rplp2_T2<==>Cd274_M0,Rplp2_T2,Cd274_M0
Rplp2_T5<==>Ppp1r12a_T0,Rplp2_T5,Ppp1r12a_T0
Rplp2_T5<==>BC018473_M7,Rplp2_T5,BC018473_M7
Rplp2_T5<==>Ly6a_M0,Rplp2_T5,Ly6a_M0
Rplp2_T5<==>H2-T23_M1,Rplp2_T5,H2-T23_M1
Rplp2_T5<==>Gm42418_T3,Rplp2_T5,Gm42418_T3
Rplp2_T6_2<==>Taf1d_M4,Rplp2_T6_2,Taf1d_M4
Rplp2_T6_2<==>Hif1a_M4,Rplp2_T6_2,Hif1a_M4
Rplp2_T6_2<==>Calm2_M3,Rplp2_T6_2,Calm2_M3
Ctsd_M0<==>Emb_T1,Ctsd_M0,Emb_T1
Ctsd_M1<==>Ets1_B0,Ctsd_M1,Ets1_B0
Ctsd_M5<==>Tnfsf11_T7,Ctsd_M5,Tnfsf11_T7
Lsp1_T4<==>Saraf_T5,Lsp1_T4,Saraf_T5
Lsp1_T4<==>Cox4i1_T4,Lsp1_T4,Cox4i1_T4
Lsp1_T4<==>Rpl29_M0,Lsp1_T4,Rpl29_M0
Lsp1_T4<==>Gnai2_T4,Lsp1_T4,Gnai2_T4
Lsp1_T4<==>Btg1_M5,Lsp1_T4,Btg1_M5
Lsp1_T4<==>Rpl23a_B1,Lsp1_T4,Rpl23a_B1
Lsp1_T4<==>Ndufb9_M0,Lsp1_T4,Ndufb9_M0
Lsp1_T4<==>Tspo_T3,Lsp1_T4,Tspo_T3
Lsp1_T4<==>Psmb1_T4,Lsp1_T4,Psmb1_T4
Lsp1_T4<==>U2af1_M3,Lsp1_T4,U2af1_M3
Lsp1_T4<==>Psmb8_M3,Lsp1_T4,Psmb8_M3
Lsp1_T4<==>Psmb8_T4,Lsp1_T4,Psmb8_T4
Lsp1_T4<==>Cox8a_T2,Lsp1_T4,Cox8a_T2
Lsp1_T4<==>mt-Cytb_M0,Lsp1_T4,mt-Cytb_M0
Lsp1_T5<==>Btg1_M5,Lsp1_T5,Btg1_M5
Cd81_B3<==>Rpl13_B1,Cd81_B3,Rpl13_B1
Cd81_B3<==>Lgmn_M1,Cd81_B3,Lgmn_M1
Cd81_B3<==>H2-Aa_M1,Cd81_B3,H2-Aa_M1
Cd81_B3<==>mt-Co2_B3,Cd81_B3,mt-Co2_B3
Cd81_M1<==>Abracl_T2,Cd81_M1,Abracl_T2
Cd81_M1<==>Rpl17_B1,Cd81_M1,Rpl17_B1
Cd81_M1<==>Malat1_T2,Cd81_M1,Malat1_T2
Cd81_M1<==>Ms4a7_M1,Cd81_M1,Ms4a7_M1
Cd81_M1<==>Rpl39_B5,Cd81_M1,Rpl39_B5
Cd81_M1<==>mt-Nd5_B2,Cd81_M1,mt-Nd5_B2
Cd81_M4<==>Lpar6_M4,Cd81_M4,Lpar6_M4
Cd209d_M7<==>Nap1l1_B4,Cd209d_M7,Nap1l1_B4
Cd209d_M7<==>Slfn2_M3,Cd209d_M7,Slfn2_M3
Irs2_T7<==>Ubl5_T5,Irs2_T7,Ubl5_T5
Irs2_T7<==>Naca_M3,Irs2_T7,Naca_M3
Irs2_T7<==>Spag9_M1,Irs2_T7,Spag9_M1
Irs2_T7<==>Spag9_M5,Irs2_T7,Spag9_M5
Irs2_T7<==>Uqcrb_B1,Irs2_T7,Uqcrb_B1
Irs2_T7<==>H2-D1_B2,Irs2_T7,H2-D1_B2
Irs2_T7<==>mt-Co2_B2,Irs2_T7,mt-Co2_B2
Irs2_T7<==>mt-Atp6_B2,Irs2_T7,mt-Atp6_B2
Irs2_T7<==>mt-Co3_B2,Irs2_T7,mt-Co3_B2
F10_M0<==>Dennd4a_M3,F10_M0,Dennd4a_M3
F10_M0<==>Srgn_M0,F10_M0,Srgn_M0
F10_M0<==>Inhba_M0,F10_M0,Inhba_M0
F10_M0<==>Malt1_M0,F10_M0,Malt1_M0
Lamp1_M5<==>H2-Q6_B2,Lamp1_M5,H2-Q6_B2
Lamp1_M5<==>Pgam1_M5,Lamp1_M5,Pgam1_M5
Vdac3_M4<==>Rpl10a_T4,Vdac3_M4,Rpl10a_T4
Vdac3_M4<==>Avpi1_T4,Vdac3_M4,Avpi1_T4
Ikbkb_M1<==>AW112010_M0,Ikbkb_M1,AW112010_M0
Ikbkb_M3<==>Sema7a_M3,Ikbkb_M3,Sema7a_M3
Ikbkb_M3<==>Man1a_B3,Ikbkb_M3,Man1a_B3
Ikbkb_M3<==>Tbc1d15_B3,Ikbkb_M3,Tbc1d15_B3
Ikbkb_M3<==>Ifrd1_B3,Ikbkb_M3,Ifrd1_B3
Ikbkb_M3<==>Eif5_M1,Ikbkb_M3,Eif5_M1
Ikbkb_M3<==>Ighv1-9_B3,Ikbkb_M3,Ighv1-9_B3
Ikbkb_M3<==>Timm23_T4,Ikbkb_M3,Timm23_T4
Ikbkb_M3<==>Slc38a2_B3,Ikbkb_M3,Slc38a2_B3
Ikbkb_M3<==>Runx1_M3,Ikbkb_M3,Runx1_M3
Ikbkb_M3<==>Ehd1_M3,Ikbkb_M3,Ehd1_M3
Ikbkb_M3<==>Usp9x_M4,Ikbkb_M3,Usp9x_M4
Ikbkb_M3<==>Ighv1-61_B3,Ikbkb_M3,Ighv1-61_B3
Sfrp1_O4<==>Scd1_B0,Sfrp1_O4,Scd1_B0
Sfrp1_O7<==>Rpsa_T2,Sfrp1_O7,Rpsa_T2
Sfrp1_O7<==>Slit3_O7,Sfrp1_O7,Slit3_O7
Sfrp1_O7<==>Rpl19_T2,Sfrp1_O7,Rpl19_T2
Sfrp1_O7<==>Pdia6_O7,Sfrp1_O7,Pdia6_O7
Sfrp1_O7<==>Col14a1_O7,Sfrp1_O7,Col14a1_O7
Sfrp1_O7<==>Pi16_O7,Sfrp1_O7,Pi16_O7
Sfrp1_O7<==>Rps14_T5,Sfrp1_O7,Rps14_T5
Sfrp1_O7<==>Rpl17_T1,Sfrp1_O7,Rpl17_T1
Sfrp1_O7<==>Rpl17_T2,Sfrp1_O7,Rpl17_T2
Tm2d2_M4<==>Hmgb2_T2,Tm2d2_M4,Hmgb2_T2
Tm2d2_M4<==>Eef1a1_M3,Tm2d2_M4,Eef1a1_M3
Tm2d2_M4<==>Snrpf_M5,Tm2d2_M4,Snrpf_M5
Tm2d2_M4<==>H2-Q7_B1,Tm2d2_M4,H2-Q7_B1
Nsd3_T5<==>Bcl2a1b_M2,Nsd3_T5,Bcl2a1b_M2
Nsd3_T5<==>Btg1_T3,Nsd3_T5,Btg1_T3
Nsd3_T5<==>Atp2b1_M2,Nsd3_T5,Atp2b1_M2
Nsd3_T5<==>Slfn2_M3,Nsd3_T5,Slfn2_M3
Nsd3_T5<==>Cd47_M7,Nsd3_T5,Cd47_M7
Nsd3_T5<==>Slc3a2_T3,Nsd3_T5,Slc3a2_T3
Gtf2e2_M4<==>Gdi2_B3,Gtf2e2_M4,Gdi2_B3
Gtf2e2_M4<==>Tcf4_B3,Gtf2e2_M4,Tcf4_B3
Saraf_T2<==>Nktr_B4,Saraf_T2,Nktr_B4
Saraf_T2<==>Inhba_M0,Saraf_T2,Inhba_M0
Saraf_T2<==>Rbx1_B5,Saraf_T2,Rbx1_B5
Saraf_T2<==>Fth1_M0,Saraf_T2,Fth1_M0
Saraf_T3<==>Map1lc3b_M0,Saraf_T3,Map1lc3b_M0
Saraf_T3<==>Dennd4a_B4,Saraf_T3,Dennd4a_B4
Saraf_T3<==>BC005537_M0,Saraf_T3,BC005537_M0
Saraf_T3<==>Pla2g7_M0,Saraf_T3,Pla2g7_M0
Saraf_T5<==>Eif3e_M0,Saraf_T5,Eif3e_M0
Saraf_T5<==>Rps2_B2,Saraf_T5,Rps2_B2
Asah1_M0<==>Mt1_M0,Asah1_M0,Mt1_M0
Asah1_M0<==>Rps27l_B5,Asah1_M0,Rps27l_B5
Asah1_M0<==>Ctsh_M0,Asah1_M0,Ctsh_M0
Asah1_M0<==>Lars2_B7,Asah1_M0,Lars2_B7
Asah1_M0<==>Rnf130_M0,Asah1_M0,Rnf130_M0
Asah1_M0<==>Actg1_B4,Asah1_M0,Actg1_B4
Asah1_M0<==>Hif1a_M4,Asah1_M0,Hif1a_M4
Asah1_M0<==>Hexb_M1,Asah1_M0,Hexb_M1
Asah1_M0<==>Ywhaz_B1,Asah1_M0,Ywhaz_B1
Asah1_M0<==>Ndufa6_B1,Asah1_M0,Ndufa6_B1
Asah1_M0<==>mt-Nd4_B0,Asah1_M0,mt-Nd4_B0
Asah1_M3<==>Hsp90aa1_T3,Asah1_M3,Hsp90aa1_T3
Asah1_M3<==>Rpl35a_B4,Asah1_M3,Rpl35a_B4
Asah1_M5<==>Dennd4a_B1,Asah1_M5,Dennd4a_B1
Asah1_M5<==>Dennd4a_T4,Asah1_M5,Dennd4a_T4
Asah1_M5<==>Spag9_M2,Asah1_M5,Spag9_M2
Asah1_M5<==>Npc2_M5,Asah1_M5,Npc2_M5
Asah1_M5<==>Ctsb_M5,Asah1_M5,Ctsb_M5
Asah1_M5<==>Ly6c2_B3,Asah1_M5,Ly6c2_B3
Asah1_M5<==>Tapbp_M0,Asah1_M5,Tapbp_M0
Asah1_M5<==>H2-Aa_M3,Asah1_M5,H2-Aa_M3
Asah1_M5<==>H2-Q7_T4,Asah1_M5,H2-Q7_T4
Asah1_M5<==>AY036118_B1,Asah1_M5,AY036118_B1
Asah1_M5<==>Pla2g7_M5,Asah1_M5,Pla2g7_M5
Asah1_M5<==>Cd14_M2,Asah1_M5,Cd14_M2
Asah1_M5<==>Csf1r_M5,Asah1_M5,Csf1r_M5
Asah1_M5<==>Mpeg1_M5,Asah1_M5,Mpeg1_M5
Cyp4v3_M0<==>Gabarapl2_T0,Cyp4v3_M0,Gabarapl2_T0
Cyp4v3_M0<==>Sub1_T5,Cyp4v3_M0,Sub1_T5
Cyp4v3_M0<==>Gm42418_B1,Cyp4v3_M0,Gm42418_B1
Cyp4v3_M0<==>Gm42418_B5,Cyp4v3_M0,Gm42418_B5
Slc25a4_M4<==>Grn_M1,Slc25a4_M4,Grn_M1
Slc25a4_M4<==>Cd5_T0,Slc25a4_M4,Cd5_T0
Acsl1_M0<==>Cyba_M0,Acsl1_M0,Cyba_M0
Acsl1_M0<==>Psma2_T5,Acsl1_M0,Psma2_T5
Spcs3_B3<==>Cyba_B3,Spcs3_B3,Cyba_B3
Spcs3_B3<==>Psma4_M3,Spcs3_B3,Psma4_M3
Spcs3_B3<==>Upp1_M2,Spcs3_B3,Upp1_M2
Spcs3_B3<==>Plek_M3,Spcs3_B3,Plek_M3
Spcs3_B3<==>Rel_M3,Spcs3_B3,Rel_M3
Spcs3_B3<==>Atp5g1_M3,Spcs3_B3,Atp5g1_M3
Spcs3_B3<==>Iglv3_B0,Spcs3_B3,Iglv3_B0
Hmgb2_B5<==>Psme1_B5,Hmgb2_B5,Psme1_B5
Hmgb2_B5<==>Ighv1-2_B3,Hmgb2_B5,Ighv1-2_B3
Hmgb2_M0<==>Atp5l_O10,Hmgb2_M0,Atp5l_O10
Hmgb2_M0<==>Rps27l_B5,Hmgb2_M0,Rps27l_B5
Hmgb2_M0<==>Lilrb4a_M5,Hmgb2_M0,Lilrb4a_M5
Hmgb2_M0<==>Crip1_T4,Hmgb2_M0,Crip1_T4
Hmgb2_M0<==>Ighm_B3,Hmgb2_M0,Ighm_B3
Hmgb2_M0<==>Hcls1_M0,Hmgb2_M0,Hcls1_M0
Hmgb2_M0<==>Smchd1_B2,Hmgb2_M0,Smchd1_B2
Hmgb2_M0<==>Epcam_B3,Hmgb2_M0,Epcam_B3
Hmgb2_M1<==>D8Ertd738e_M3,Hmgb2_M1,D8Ertd738e_M3
Hmgb2_M5<==>Metap2_T5,Hmgb2_M5,Metap2_T5
Hmgb2_M5<==>Nr3c1_T1,Hmgb2_M5,Nr3c1_T1
Hmgb2_T2<==>Rhoa_T2,Hmgb2_T2,Rhoa_T2
Hmgb2_T2<==>Shisa5_B2,Hmgb2_T2,Shisa5_B2
Hmgb2_T2<==>Tma7_T4,Hmgb2_T2,Tma7_T4
Hmgb2_T2<==>Nap1l1_B1,Hmgb2_T2,Nap1l1_B1
Hmgb2_T2<==>Rap1b_T2,Hmgb2_T2,Rap1b_T2
Hmgb2_T2<==>Uqcrq_M4,Hmgb2_T2,Uqcrq_M4
Hmgb2_T2<==>Eif5a_B1,Hmgb2_T2,Eif5a_B1
Hmgb2_T2<==>Dad1_M4,Hmgb2_T2,Dad1_M4
Hmgb2_T2<==>Elob_B1,Hmgb2_T2,Elob_B1
Hmgb2_T2<==>Brd4_M3,Hmgb2_T2,Brd4_M3
Hmgb2_T2<==>H2-D1_B2,Hmgb2_T2,H2-D1_B2
Hmgb2_T3<==>Atp5l_T3,Hmgb2_T3,Atp5l_T3
Hmgb2_T3<==>Sub1_B5,Hmgb2_T3,Sub1_B5
Hmgb2_T3<==>Sub1_M5,Hmgb2_T3,Sub1_M5
Hmgb2_T3<==>Unc93b1_M0,Hmgb2_T3,Unc93b1_M0
Hmgb2_T3<==>Ndufa1_M0,Hmgb2_T3,Ndufa1_M0
Hmgb2_T3<==>mt-Nd5_M0,Hmgb2_T3,mt-Nd5_M0
Hmgb2_T4<==>Atp6v0d1_M3,Hmgb2_T4,Atp6v0d1_M3
Hmgb2_T4<==>Cotl1_M0,Hmgb2_T4,Cotl1_M0
Hmgb2_T4<==>Rab8b_T0,Hmgb2_T4,Rab8b_T0
Hmgb2_T4<==>Tma7_T4,Hmgb2_T4,Tma7_T4
Hmgb2_T4<==>Ifngr1_M4,Hmgb2_T4,Ifngr1_M4
Hmgb2_T4<==>Ube2b_T1,Hmgb2_T4,Ube2b_T1
Hmgb2_T4<==>Ppp2ca_M1,Hmgb2_T4,Ppp2ca_M1
Hmgb2_T4<==>Arhgdia_M0,Hmgb2_T4,Arhgdia_M0
Hmgb2_T4<==>Calm1_T6,Hmgb2_T4,Calm1_T6
Hmgb2_T4<==>Crip1_B2,Hmgb2_T4,Crip1_B2
Hmgb2_T4<==>BC005537_M3,Hmgb2_T4,BC005537_M3
Hmgb2_T4<==>Vasn_O7,Hmgb2_T4,Vasn_O7
Hmgb2_T4<==>Lst1_M1,Hmgb2_T4,Lst1_M1
Hmgb2_T4<==>Rpl36_T2,Hmgb2_T4,Rpl36_T2
Hmgb2_T4<==>Cox8a_T4,Hmgb2_T4,Cox8a_T4
Hmgb2_T4<==>Rps4x_B5,Hmgb2_T4,Rps4x_B5
Hmgb2_T5<==>Rack1_B1,Hmgb2_T5,Rack1_B1
Hmgb2_T5<==>Crip1_M0,Hmgb2_T5,Crip1_M0
Hmgb2_T5<==>Col14a1_O7,Hmgb2_T5,Col14a1_O7
Hmgb2_T5<==>Pi16_O7,Hmgb2_T5,Pi16_O7
Hmgb2_T5<==>mt-Nd4l_B3,Hmgb2_T5,mt-Nd4l_B3
Hpf1_B4<==>Atp6v0d1_M1,Hpf1_B4,Atp6v0d1_M1
Hpf1_B4<==>Eif1_M3,Hpf1_B4,Eif1_M3
Palld_T7<==>Ramp3_T7,Palld_T7,Ramp3_T7
Palld_T7<==>Syngr2_M3,Palld_T7,Syngr2_M3
Palld_T7<==>Gcnt2_M7,Palld_T7,Gcnt2_M7
Palld_T7<==>Mycbp2_B5,Palld_T7,Mycbp2_B5
Ndufa13_B1<==>Jund_B5,Ndufa13_B1,Jund_B5
Ndufa13_B1<==>Smarca5_B1,Ndufa13_B1,Smarca5_B1
Ndufa13_B1<==>Snx20_M3,Ndufa13_B1,Snx20_M3
Ndufa13_B1<==>Ubl5_T5,Ndufa13_B1,Ubl5_T5
Ndufa13_B1<==>Rps27l_B1,Ndufa13_B1,Rps27l_B1
Ndufa13_B1<==>Cmtm7_M4,Ndufa13_B1,Cmtm7_M4
Ndufa13_B1<==>Rpsa_M3,Ndufa13_B1,Rpsa_M3
Ndufa13_B1<==>Rps27a_M3,Ndufa13_B1,Rps27a_M3
Ndufa13_B1<==>Kdm6b_T4,Ndufa13_B1,Kdm6b_T4
Ndufa13_B1<==>Calm1_B1,Ndufa13_B1,Calm1_B1
Ndufa13_B1<==>Ighg2b_B0,Ndufa13_B1,Ighg2b_B0
Ndufa13_B1<==>Ighv3-2_B3,Ndufa13_B1,Ighv3-2_B3
Ndufa13_B1<==>Hnrnpa0_B4,Ndufa13_B1,Hnrnpa0_B4
Ndufa13_B1<==>Hnrnpa0_M1,Ndufa13_B1,Hnrnpa0_M1
Ndufa13_B1<==>Uqcrb_B1,Ndufa13_B1,Uqcrb_B1
Ndufa13_B1<==>Fyb_T3,Ndufa13_B1,Fyb_T3
Ndufa13_B1<==>Rpl24_M3,Ndufa13_B1,Rpl24_M3
Ndufa13_B1<==>Rps18_M3,Ndufa13_B1,Rps18_M3
Ndufa13_B1<==>H2-K1_B2,Ndufa13_B1,H2-K1_B2
Ndufa13_B1<==>H2-Ob_B1,Ndufa13_B1,H2-Ob_B1
Ndufa13_B1<==>H2-D1_B1,Ndufa13_B1,H2-D1_B1
Ndufa13_B1<==>Ndfip1_T0,Ndufa13_B1,Ndfip1_T0
Ndufa13_B1<==>Fau_M3,Ndufa13_B1,Fau_M3
Ndufa13_B1<==>Ostf1_B1,Ndufa13_B1,Ostf1_B1
Ndufa13_B1<==>Got1_T2,Ndufa13_B1,Got1_T2
Ndufa13_B1<==>Rps4x_M3,Ndufa13_B1,Rps4x_M3
Ndufa13_M0<==>Bst2_B3,Ndufa13_M0,Bst2_B3
Ndufa13_M0<==>Shisa5_B2,Ndufa13_M0,Shisa5_B2
Ndufa13_M0<==>Rps15_B1,Ndufa13_M0,Rps15_B1
Ndufa13_M0<==>Rps15_T2,Ndufa13_M0,Rps15_T2
Ndufa13_M0<==>Psmb6_M0,Ndufa13_M0,Psmb6_M0
Ndufa13_M0<==>Rpl23a_B1,Ndufa13_M0,Rpl23a_B1
Ndufa13_M0<==>Psma3_T5,Ndufa13_M0,Psma3_T5
Ndufa13_M0<==>Igha_M3,Ndufa13_M0,Igha_M3
Ndufa13_M0<==>Ighm_B3,Ndufa13_M0,Ighm_B3
Ndufa13_M0<==>Fam49b_M4,Ndufa13_M0,Fam49b_M4
Ndufa13_M0<==>Psmb1_T4,Ndufa13_M0,Psmb1_T4
Ndufa13_M0<==>Rps2_B3,Ndufa13_M0,Rps2_B3
Ndufa13_M0<==>Rpl10_B4,Ndufa13_M0,Rpl10_B4
Ndufa13_M3<==>Esam_O10,Ndufa13_M3,Esam_O10
Ndufa13_M3<==>Psma4_M3,Ndufa13_M3,Psma4_M3
Ndufa13_M3<==>Rpl39_M2,Ndufa13_M3,Rpl39_M2
Ndufa13_O7<==>Gadd45b_T2,Ndufa13_O7,Gadd45b_T2
Ndufa13_O7<==>Hif1a_M0,Ndufa13_O7,Hif1a_M0
Ndufa13_O7<==>Rps24_O7,Ndufa13_O7,Rps24_O7
Ndufa13_O7<==>Cd14_M5,Ndufa13_O7,Cd14_M5
Ndufa13_T2<==>Abracl_M3,Ndufa13_T2,Abracl_M3
Ndufa13_T2<==>Myl6_M3,Ndufa13_T2,Myl6_M3
Ndufa13_T2<==>Vdac2_M3,Ndufa13_T2,Vdac2_M3
Ndufa13_T2<==>Lgals1_T2,Ndufa13_T2,Lgals1_T2
Ndufa13_T2<==>Psmb8_B2,Ndufa13_T2,Psmb8_B2
Ndufa13_T2<==>Fau_M3,Ndufa13_T2,Fau_M3
Ndufa13_T2<==>Ostf1_M0,Ndufa13_T2,Ostf1_M0
Ndufa13_T4<==>Plekho2_M0,Ndufa13_T4,Plekho2_M0
Ndufa13_T4<==>Gpx1_M0,Ndufa13_T4,Gpx1_M0
Ndufa13_T4<==>Tma7_M3,Ndufa13_T4,Tma7_M3
Ndufa13_T4<==>Tma7_T4,Ndufa13_T4,Tma7_T4
Ndufa13_T4<==>Jmjd1c_B3,Ndufa13_T4,Jmjd1c_B3
Ndufa13_T4<==>Bsg_M3,Ndufa13_T4,Bsg_M3
Ndufa13_T4<==>Gfpt2_O7,Ndufa13_T4,Gfpt2_O7
Ndufa13_T4<==>Eif4a1_B1,Ndufa13_T4,Eif4a1_B1
Ndufa13_T4<==>Pdia6_O7,Ndufa13_T4,Pdia6_O7
Ndufa13_T4<==>Mrpl52_B1,Ndufa13_T4,Mrpl52_B1
Ndufa13_T4<==>Cox6c_T4,Ndufa13_T4,Cox6c_T4
Ndufa13_T4<==>Pabpc1_M5,Ndufa13_T4,Pabpc1_M5
Ndufa13_T4<==>Grina_M2,Ndufa13_T4,Grina_M2
Ndufa13_T4<==>Cox17_T4,Ndufa13_T4,Cox17_T4
Ndufa13_T4<==>H2-D1_B1,Ndufa13_T4,H2-D1_B1
Ndufa13_T4<==>H2-D1_B2,Ndufa13_T4,H2-D1_B2
Ndufa13_T4<==>H2-Q7_T2,Ndufa13_T4,H2-Q7_T2
Ndufa13_T4<==>Cox7a2l_M0,Ndufa13_T4,Cox7a2l_M0
Ndufa13_T4<==>Rps14_M3,Ndufa13_T4,Rps14_M3
Ndufa13_T4<==>Tmem258_T4,Ndufa13_T4,Tmem258_T4
Ndufa13_T4<==>Ndufa1_T4,Ndufa13_T4,Ndufa1_T4
Uba52_M1<==>mt-Nd4_B2,Uba52_M1,mt-Nd4_B2
Uba52_M3<==>Rab8b_M1,Uba52_M3,Rab8b_M1
Uba52_M3<==>Plek_M4,Uba52_M3,Plek_M4
Uba52_M3<==>P4hb_M0,Uba52_M3,P4hb_M0
Uba52_M3<==>Hif1a_T4,Uba52_M3,Hif1a_T4
Uba52_M3<==>Eif4b_M3,Uba52_M3,Eif4b_M3
Uba52_M3<==>Cox8a_T4,Uba52_M3,Cox8a_T4
Uba52_M3<==>Mxi1_T5,Uba52_M3,Mxi1_T5
Uba52_M3<==>Rpl39_B2,Uba52_M3,Rpl39_B2
Uba52_M3<==>mt-Co2_T2,Uba52_M3,mt-Co2_T2
Uba52_T4<==>Hsp90b1_B7,Uba52_T4,Hsp90b1_B7
Uba52_T4<==>Rpl23_T2,Uba52_T4,Rpl23_T2
Uba52_T4<==>Itm2b_T2,Uba52_T4,Itm2b_T2
Uba52_T4<==>Tuba1b_B4,Uba52_T4,Tuba1b_B4
Uba52_T4<==>Tmbim6_M2,Uba52_T4,Tmbim6_M2
Uba52_T4<==>Gm26917_B7,Uba52_T4,Gm26917_B7
Fkbp8_T5<==>Emb_T5,Fkbp8_T5,Emb_T5
Jund_B1<==>Ebf1_B2,Jund_B1,Ebf1_B2
Jund_B1<==>Rps2_M7,Jund_B1,Rps2_M7
Jund_B1<==>Tomm6_T4,Jund_B1,Tomm6_T4
Jund_B1<==>Slc25a5_M5,Jund_B1,Slc25a5_M5
Jund_B1<==>mt-Nd4_B3,Jund_B1,mt-Nd4_B3
Jund_B3<==>Ctsh_M0,Jund_B3,Ctsh_M0
Jund_B3<==>Ctsh_M3,Jund_B3,Ctsh_M3
Jund_B3<==>Gnai2_T4,Jund_B3,Gnai2_T4
Jund_B3<==>Ppp1r12a_T4,Jund_B3,Ppp1r12a_T4
Jund_B3<==>Ighg2c_B2,Jund_B3,Ighg2c_B2
Jund_B3<==>Tspo_T4,Jund_B3,Tspo_T4
Jund_B3<==>Lrg1_M2,Jund_B3,Lrg1_M2
Jund_B5<==>Maf_T2,Jund_B5,Maf_T2
Jund_B5<==>Bcl2a1d_T4,Jund_B5,Bcl2a1d_T4
Jund_B5<==>Bcl2a1b_T4,Jund_B5,Bcl2a1b_T4
Jund_B5<==>Tle5_M3,Jund_B5,Tle5_M3
Jund_B5<==>Rack1_M3,Jund_B5,Rack1_M3
Jund_B5<==>Pfn1_M4,Jund_B5,Pfn1_M4
Jund_B5<==>Rps2_B5,Jund_B5,Rps2_B5
Jund_B5<==>H2-DMb2_B1,Jund_B5,H2-DMb2_B1
Jund_M3<==>Ndufs6_M1,Jund_M3,Ndufs6_M1
Jund_M3<==>Dad1_B3,Jund_M3,Dad1_B3
Jund_M4<==>Tbc1d4_T6_3,Jund_M4,Tbc1d4_T6_3
Jund_M5<==>Crip1_M5,Jund_M5,Crip1_M5
Jund_M5<==>BC005537_M0,Jund_M5,BC005537_M0
Jund_M5<==>mt-Nd2_B0,Jund_M5,mt-Nd2_B0
Jund_T0<==>Jund_T4,Jund_T0,Jund_T4
Jund_T0<==>Rpl14_M3,Jund_T0,Rpl14_M3
Jund_T0<==>Itk_T3,Jund_T0,Itk_T3
Jund_T0<==>Npc2_M3,Jund_T0,Npc2_M3
Jund_T1<==>Aff4_B4,Jund_T1,Aff4_B4
Jund_T1<==>Gna13_B5,Jund_T1,Gna13_B5
Jund_T2<==>Rpl19_M3,Jund_T2,Rpl19_M3
Jund_T2<==>Crip1_M0,Jund_T2,Crip1_M0
Jund_T2<==>Ighv1-54_B2,Jund_T2,Ighv1-54_B2
Jund_T2<==>Rpl17_T5,Jund_T2,Rpl17_T5
Jund_T3<==>Pkm_M3,Jund_T3,Pkm_M3
Jund_T3<==>Tbc1d15_M5,Jund_T3,Tbc1d15_M5
Jund_T4<==>Lsm6_M4,Jund_T4,Lsm6_M4
Jund_T4<==>Atp5l_O10,Jund_T4,Atp5l_O10
Jund_T4<==>Bcl2a1b_T4,Jund_T4,Bcl2a1b_T4
Jund_T4<==>Actr2_M0,Jund_T4,Actr2_M0
Jund_T4<==>Ifrd1_M2,Jund_T4,Ifrd1_M2
Jund_T4<==>BC005537_M0,Jund_T4,BC005537_M0
Jund_T4<==>Tspo_M3,Jund_T4,Tspo_M3
Jund_T4<==>H2-Q7_T4,Jund_T4,H2-Q7_T4
Jund_T4<==>Malt1_B5,Jund_T4,Malt1_B5
Jund_T4<==>Ms4a6c_M1,Jund_T4,Ms4a6c_M1
Jund_T4<==>Avpi1_T4,Jund_T4,Avpi1_T4
Jund_T4<==>mt-Nd2_B0,Jund_T4,mt-Nd2_B0
Jund_T6<==>Abracl_M0,Jund_T6,Abracl_M0
Jund_T7<==>Plekho2_M3,Jund_T7,Plekho2_M3
Jund_T7<==>Ppm1m_M4,Jund_T7,Ppm1m_M4
Jund_T7<==>Eif5a_M3,Jund_T7,Eif5a_M3
Jund_T7<==>Rpl8_B5,Jund_T7,Rpl8_B5
Ifi30_B0<==>Ly86_M3,Ifi30_B0,Ly86_M3
Ifi30_B0<==>Hspa9_M3,Ifi30_B0,Hspa9_M3
Ifi30_B1<==>Rab8b_T5,Ifi30_B1,Rab8b_T5
Ifi30_B1<==>Tnfaip3_T1,Ifi30_B1,Tnfaip3_T1
Ifi30_B1<==>Havcr2_M3,Ifi30_B1,Havcr2_M3
Ifi30_B1<==>Zbtb20_B1,Ifi30_B1,Zbtb20_B1
Ifi30_B1<==>Zfp36l2_M3,Ifi30_B1,Zfp36l2_M3
Ifi30_B1<==>Calm2_T3,Ifi30_B1,Calm2_T3
Ifi30_B1<==>Jak2_M3,Ifi30_B1,Jak2_M3
Ifi30_B1<==>Rpl36a_T5,Ifi30_B1,Rpl36a_T5
Ifi30_B2<==>Rpl23_T7,Ifi30_B2,Rpl23_T7
Ifi30_B2<==>Gna13_T7,Ifi30_B2,Gna13_T7
Ifi30_B2<==>Fos_M4,Ifi30_B2,Fos_M4
Ifi30_B2<==>Slc38a2_M4,Ifi30_B2,Slc38a2_M4
Ifi30_B2<==>Iglc1_B5,Ifi30_B2,Iglc1_B5
Ifi30_B4<==>Kdm6b_M1,Ifi30_B4,Kdm6b_M1
Ifi30_B4<==>Pafah1b1_T3,Ifi30_B4,Pafah1b1_T3
Ifi30_B4<==>Calm2_T3,Ifi30_B4,Calm2_T3
Ifi30_B4<==>Nars_B3,Ifi30_B4,Nars_B3
Ifi30_B4<==>mt-Atp6_T6,Ifi30_B4,mt-Atp6_T6
Ifi30_B5<==>Rpl38_M3,Ifi30_B5,Rpl38_M3
Ifi30_B5<==>Hnrnpc_T7,Ifi30_B5,Hnrnpc_T7
Ifi30_B5<==>Malat1_T2,Ifi30_B5,Malat1_T2
Ifi30_M1<==>Rpl4_M1,Ifi30_M1,Rpl4_M1
Ifi30_M1<==>Hnrnpk_M1,Ifi30_M1,Hnrnpk_M1
Ifi30_M3<==>Nlrp3_M0,Ifi30_M3,Nlrp3_M0
Ifi30_M3<==>Nlrp3_M5,Ifi30_M3,Nlrp3_M5
Ifi30_M3<==>Pfn1_T5,Ifi30_M3,Pfn1_T5
Ifi30_M3<==>Metrnl_O7,Ifi30_M3,Metrnl_O7
Rpl18a_B1<==>Rpsa_B1,Rpl18a_B1,Rpsa_B1
Rpl18a_B1<==>Eef2_T5,Rpl18a_B1,Eef2_T5
Rpl18a_B1<==>Rps29_T1,Rpl18a_B1,Rps29_T1
Rpl18a_B1<==>Rps29_T7,Rpl18a_B1,Rps29_T7
Rpl18a_B1<==>Ndufb1-ps_B5,Rpl18a_B1,Ndufb1-ps_B5
Rpl18a_B1<==>Rpl17_B1,Rpl18a_B1,Rpl17_B1
Rpl18a_B1<==>Rps4x_B1,Rpl18a_B1,Rps4x_B1
Rpl18a_B1<==>mt-Cytb_B3,Rpl18a_B1,mt-Cytb_B3
Rpl18a_B2<==>Shisa5_T7,Rpl18a_B2,Shisa5_T7
Rpl18a_B2<==>Calm1_T3,Rpl18a_B2,Calm1_T3
Rpl18a_B2<==>Rps23_M1,Rpl18a_B2,Rps23_M1
Rpl18a_B2<==>Malat1_T2,Rpl18a_B2,Malat1_T2
Rpl18a_B2<==>mt-Cytb_B1,Rpl18a_B2,mt-Cytb_B1
Rpl18a_B3<==>Rps24_B3,Rpl18a_B3,Rps24_B3
Rpl18a_B3<==>Tpt1_B3,Rpl18a_B3,Tpt1_B3
Rpl18a_B3<==>Psmb8_T6,Rpl18a_B3,Psmb8_T6
Rpl18a_M1<==>Rab8b_T3,Rpl18a_M1,Rab8b_T3
Rpl18a_M1<==>Rps23_M1,Rpl18a_M1,Rps23_M1
Rpl18a_M1<==>Rpl10_M1,Rpl18a_M1,Rpl10_M1
Rpl18a_M3<==>Rpl13_M3,Rpl18a_M3,Rpl13_M3
Rpl18a_M3<==>Cd3d_T2,Rpl18a_M3,Cd3d_T2
Rpl18a_M3<==>Rpsa_M5,Rpl18a_M3,Rpsa_M5
Rpl18a_M3<==>Rpl14_M3,Rpl18a_M3,Rpl14_M3
Rpl18a_M3<==>Rps12_M3,Rpl18a_M3,Rps12_M3
Rpl18a_M3<==>Gpx4_T2,Rpl18a_M3,Gpx4_T2
Rpl18a_M3<==>Atp5d_B1,Rpl18a_M3,Atp5d_B1
Rpl18a_M3<==>Rps27a_M3,Rpl18a_M3,Rps27a_M3
Rpl18a_M3<==>Rack1_M3,Rpl18a_M3,Rack1_M3
Rpl18a_M3<==>Rpl26_M3,Rpl18a_M3,Rpl26_M3
Rpl18a_M3<==>Rpl23_M3,Rpl18a_M3,Rpl23_M3
Rpl18a_M3<==>Rpl27_M3,Rpl18a_M3,Rpl27_M3
Rpl18a_M3<==>Rps7_M3,Rpl18a_M3,Rps7_M3
Rpl18a_M3<==>Crip1_T4,Rpl18a_M3,Crip1_T4
Rpl18a_M3<==>Rps23_M3,Rpl18a_M3,Rps23_M3
Rpl18a_M3<==>Rpl15_M3,Rpl18a_M3,Rpl15_M3
Rpl18a_M3<==>Rps24_M3,Rpl18a_M3,Rps24_M3
Rpl18a_M3<==>Sub1_B2,Rpl18a_M3,Sub1_B2
Rpl18a_M3<==>Ywhaz_B2,Rpl18a_M3,Ywhaz_B2
Rpl18a_M3<==>Il2rb_M5,Rpl18a_M3,Il2rb_M5
Rpl18a_M3<==>Rps10_M3,Rpl18a_M3,Rps10_M3
Rpl18a_M3<==>Rps18_M3,Rpl18a_M3,Rps18_M3
Rpl18a_M3<==>Rps14_M3,Rpl18a_M3,Rps14_M3
Rpl18a_M3<==>Rpl17_M3,Rpl18a_M3,Rpl17_M3
Rpl18a_M3<==>Ahnak_T4,Rpl18a_M3,Ahnak_T4
Rpl18a_M3<==>Rps4x_M3,Rpl18a_M3,Rps4x_M3
Rpl18a_M4<==>Rps10_M4,Rpl18a_M4,Rps10_M4
Rpl18a_M4<==>Rps18_M4,Rpl18a_M4,Rps18_M4
Rpl18a_M4<==>Rps14_M4,Rpl18a_M4,Rps14_M4
Rpl18a_M4<==>Rpl17_M4,Rpl18a_M4,Rpl17_M4
Rpl18a_T2<==>Rps24_T2,Rpl18a_T2,Rps24_T2
Rpl18a_T2<==>H2-Q7_T7,Rpl18a_T2,H2-Q7_T7
Rpl18a_T4<==>Eef1a1_M1,Rpl18a_T4,Eef1a1_M1
Rpl18a_T4<==>Eef1a1_T4,Rpl18a_T4,Eef1a1_T4
Rpl18a_T4<==>Selenok_T2,Rpl18a_T4,Selenok_T2
Rpl18a_T4<==>Atp5g2_T4,Rpl18a_T4,Atp5g2_T4
Rpl18a_T4<==>Rpl17_T4,Rpl18a_T4,Rpl17_T4
Rpl18a_T5<==>Rpl23_T5,Rpl18a_T5,Rpl23_T5
Rpl18a_T5<==>Rps23_T5,Rpl18a_T5,Rps23_T5
Rpl18a_T5<==>mt-Nd2_T0,Rpl18a_T5,mt-Nd2_T0
Bst2_B3<==>Cyba_T4,Bst2_B3,Cyba_T4
Bst2_B3<==>Cox7a2_M3,Bst2_B3,Cox7a2_M3
Bst2_B3<==>Lilrb4a_T0,Bst2_B3,Lilrb4a_T0
Bst2_B3<==>Pfn1_M0,Bst2_B3,Pfn1_M0
Bst2_B3<==>Ighv1-53_B1,Bst2_B3,Ighv1-53_B1
Bst2_B3<==>Rps24_M3,Bst2_B3,Rps24_M3
Bst2_B3<==>Itm2b_B5,Bst2_B3,Itm2b_B5
Bst2_B3<==>H2-K1_T4,Bst2_B3,H2-K1_T4
Bst2_B3<==>Psmb8_M3,Bst2_B3,Psmb8_M3
Bst2_B3<==>Smchd1_B2,Bst2_B3,Smchd1_B2
Bst2_B3<==>Fau_M3,Bst2_B3,Fau_M3
Bst2_B3<==>mt-Nd1_B3,Bst2_B3,mt-Nd1_B3
Bst2_M0<==>Ly6a_M0,Bst2_M0,Ly6a_M0
Bst2_M0<==>Ly6a_T4,Bst2_M0,Ly6a_T4
Bst2_M0<==>Cldnd1_M5,Bst2_M0,Cldnd1_M5
Bst2_M0<==>Ppt2_M0,Bst2_M0,Ppt2_M0
Bst2_M0<==>H2-Q7_T4,Bst2_M0,H2-Q7_T4
Bst2_M0<==>Tomm6_M0,Bst2_M0,Tomm6_M0
Bst2_M0<==>Gm8369_T0,Bst2_M0,Gm8369_T0
Pgls_T5<==>H2-Q7_T3,Pgls_T5,H2-Q7_T3
Pgls_T5<==>Igkv4-57_B3,Pgls_T5,Igkv4-57_B3
Tpm4_B0<==>Map1lc3b_B1,Tpm4_B0,Map1lc3b_B1
Tpm4_B0<==>Ighv1-74_B1,Tpm4_B0,Ighv1-74_B1
Tpm4_B0<==>Hsp90ab1_T6,Tpm4_B0,Hsp90ab1_T6
Tpm4_B1<==>Slc38a1_M4,Tpm4_B1,Slc38a1_M4
Tpm4_B1<==>Iglc1_B1,Tpm4_B1,Iglc1_B1
Tpm4_M3<==>Irf1_M4,Tpm4_M3,Irf1_M4
Tpm4_M3<==>Smc6_M7,Tpm4_M3,Smc6_M7
Tpm4_M3<==>Nfkbia_B3,Tpm4_M3,Nfkbia_B3
Tpm4_M3<==>Nfkbia_O10,Tpm4_M3,Nfkbia_O10
Tpm4_M3<==>Calm1_B2,Tpm4_M3,Calm1_B2
Tpm4_M3<==>Map3k1_M5,Tpm4_M3,Map3k1_M5
Tpm4_M3<==>Csf2rb2_M1,Tpm4_M3,Csf2rb2_M1
Tpm4_M3<==>Dusp1_M3,Tpm4_M3,Dusp1_M3
Tpm4_M3<==>Zfp36l2_M3,Tpm4_M3,Zfp36l2_M3
Tpm4_T1<==>Itgb1_M0,Tpm4_T1,Itgb1_M0
Tpm4_T1<==>Rab8b_T0,Tpm4_T1,Rab8b_T0
Tpm4_T1<==>Tma7_T4,Tpm4_T1,Tma7_T4
Tpm4_T1<==>Cox7c_M3,Tpm4_T1,Cox7c_M3
Tpm4_T1<==>Cox7c_T1,Tpm4_T1,Cox7c_T1
Tpm4_T1<==>Ywhaz_M5,Tpm4_T1,Ywhaz_M5
Tpm4_T1<==>Rpl36_B1,Tpm4_T1,Rpl36_B1
Tpm4_T1<==>mt-Nd3_T4,Tpm4_T1,mt-Nd3_T4
Tpm4_T3<==>Tomm20_B3,Tpm4_T3,Tomm20_B3
Tpm4_T3<==>Rab8b_M3,Tpm4_T3,Rab8b_M3
Tpm4_T3<==>Rps27l_M4,Tpm4_T3,Rps27l_M4
Tpm4_T3<==>Marcks_M3,Tpm4_T3,Marcks_M3
Tpm4_T3<==>Cd164_T4,Tpm4_T3,Cd164_T4
Tpm4_T3<==>Slc25a3_T3,Tpm4_T3,Slc25a3_T3
Tpm4_T3<==>Sqstm1_M3,Tpm4_T3,Sqstm1_M3
Tpm4_T3<==>Ube2b_B1,Tpm4_T3,Ube2b_B1
Tpm4_T3<==>Ppp2ca_M3,Tpm4_T3,Ppp2ca_M3
Tpm4_T3<==>Cyth1_M3,Tpm4_T3,Cyth1_M3
Tpm4_T3<==>Nfkbia_M4,Tpm4_T3,Nfkbia_M4
Tpm4_T3<==>Calm1_B2,Tpm4_T3,Calm1_B2
Tpm4_T3<==>Serpinb9_M3,Tpm4_T3,Serpinb9_M3
Tpm4_T3<==>Appl1_M3,Tpm4_T3,Appl1_M3
Tpm4_T3<==>Timm23_M3,Tpm4_T3,Timm23_M3
Tpm4_T3<==>Ly6e_M4,Tpm4_T3,Ly6e_M4
Tpm4_T3<==>Slc38a2_B3,Tpm4_T3,Slc38a2_B3
Tpm4_T3<==>Zbtb20_B1,Tpm4_T3,Zbtb20_B1
Tpm4_T3<==>Satb1_T3,Tpm4_T3,Satb1_T3
Tpm4_T3<==>Zfp36l2_M3,Tpm4_T3,Zfp36l2_M3
Tpm4_T3<==>Calm2_T1,Tpm4_T3,Calm2_T1
Tpm4_T3<==>Nr3c1_T4,Tpm4_T3,Nr3c1_T4
Tpm4_T3<==>Ptprcap_B1,Tpm4_T3,Ptprcap_B1
Tpm4_T3<==>Ehd1_M3,Tpm4_T3,Ehd1_M3
Tpm4_T3<==>Sat1_M3,Tpm4_T3,Sat1_M3
Tpm4_T3<==>Tmsb4x_T7,Tpm4_T3,Tmsb4x_T7
Tpm4_T4<==>Gna13_M4,Tpm4_T4,Gna13_M4
Tpm4_T4<==>Ndfip1_T3,Tpm4_T4,Ndfip1_T3
Tpm4_T5<==>Rps27l_M4,Tpm4_T5,Rps27l_M4
Tpm4_T5<==>Txnrd1_M3,Tpm4_T5,Txnrd1_M3
Tpm4_T5<==>Ube2b_T2,Tpm4_T5,Ube2b_T2
Tpm4_T5<==>Ube2b_T7,Tpm4_T5,Ube2b_T7
Tpm4_T5<==>Eif4a1_B5,Tpm4_T5,Eif4a1_B5
Tpm4_T5<==>Srsf2_B5,Tpm4_T5,Srsf2_B5
Tpm4_T5<==>Smc6_M7,Tpm4_T5,Smc6_M7
Tpm4_T5<==>Calm1_B2,Tpm4_T5,Calm1_B2
Tpm4_T5<==>Appl1_M4,Tpm4_T5,Appl1_M4
Tpm4_T5<==>Prr13_M3,Tpm4_T5,Prr13_M3
Tpm4_T5<==>Kif5b_M1,Tpm4_T5,Kif5b_M1
Tpm4_T7<==>Malt1_T2,Tpm4_T7,Malt1_T2
Klf2_T6<==>Dennd4a_B4,Klf2_T6,Dennd4a_B4
Klf2_T6_3<==>Btf3_M1,Klf2_T6_3,Btf3_M1
Lsm6_M4<==>Actg1_T6,Lsm6_M4,Actg1_T6
Lsm6_M4<==>Atp5j_M3,Lsm6_M4,Atp5j_M3
Lsm6_M4<==>H2-Q6_T5,Lsm6_M4,H2-Q6_T5
Lsm6_M4<==>Tcf4_M7,Lsm6_M4,Tcf4_M7
Lsm6_M4<==>Tmsb4x_B3,Lsm6_M4,Tmsb4x_B3
Smarca5_B1<==>Rpl26_M3,Smarca5_B1,Rpl26_M3
Smarca5_B1<==>Rpl27_M3,Smarca5_B1,Rpl27_M3
Smarca5_B1<==>Ighv1-53_B3,Smarca5_B1,Ighv1-53_B3
Smarca5_B1<==>Emb_M5,Smarca5_B1,Emb_M5
Smarca5_B1<==>Nedd8_M3,Smarca5_B1,Nedd8_M3
Smarca5_B1<==>Litaf_M3,Smarca5_B1,Litaf_M3
Smarca5_B1<==>Elob_B1,Smarca5_B1,Elob_B1
Smarca5_B1<==>H2-DMb2_B1,Smarca5_B1,H2-DMb2_B1
Smarca5_B1<==>Rps14_M3,Smarca5_B1,Rps14_M3
Smarca5_B1<==>Fau_M3,Smarca5_B1,Fau_M3
Smarca5_B1<==>Rps4x_B0,Smarca5_B1,Rps4x_B0
Smarca5_B1<==>Rps4x_M3,Smarca5_B1,Rps4x_M3
Smarca5_B1<==>Ighv1-80_B2,Smarca5_B1,Ighv1-80_B2
Smarca5_T2<==>Gabarapl2_B4,Smarca5_T2,Gabarapl2_B4
Smarca5_T2<==>Xcr1_M4,Smarca5_T2,Xcr1_M4
Smarca5_T2<==>Rps12_M3,Smarca5_T2,Rps12_M3
Smarca5_T2<==>Vpreb3_B3,Smarca5_T2,Vpreb3_B3
Smarca5_T2<==>Rpl26_M3,Smarca5_T2,Rpl26_M3
Smarca5_T2<==>Nme2_T2,Smarca5_T2,Nme2_T2
Smarca5_T2<==>Rps7_M3,Smarca5_T2,Rps7_M3
Smarca5_T2<==>Ighg1_B0,Smarca5_T2,Ighg1_B0
Smarca5_T2<==>Atf4_O7,Smarca5_T2,Atf4_O7
Smarca5_T2<==>Cox17_B1,Smarca5_T2,Cox17_B1
Smarca5_T2<==>mt-Cytb_B2,Smarca5_T2,mt-Cytb_B2
Smarca5_T4<==>Anp32a_T4,Smarca5_T4,Anp32a_T4
Smarca5_T4<==>Ncor1_T1,Smarca5_T4,Ncor1_T1
Smarca5_T4<==>Ccdc184_T7,Smarca5_T4,Ccdc184_T7
Ndufb7_T4<==>Actr2_M4,Ndufb7_T4,Actr2_M4
Ddx39_T5<==>Rpl29_M1,Ddx39_T5,Rpl29_M1
Adgre5_M4<==>H2-Q6_M4,Adgre5_M4,H2-Q6_M4
Adgre5_M4<==>mt-Nd1_B5,Adgre5_M4,mt-Nd1_B5
Asf1b_T5<==>Txnrd1_T5,Asf1b_T5,Txnrd1_T5
Asf1b_T5<==>Rrm2_T5,Asf1b_T5,Rrm2_T5
D8Ertd738e_M3<==>Snx20_M1,D8Ertd738e_M3,Snx20_M1
D8Ertd738e_M3<==>Higd1a_T5,D8Ertd738e_M3,Higd1a_T5
D8Ertd738e_M3<==>Rpl23_M3,D8Ertd738e_M3,Rpl23_M3
D8Ertd738e_M3<==>H2-Q7_B1,D8Ertd738e_M3,H2-Q7_B1
D8Ertd738e_M3<==>Ms4a6c_M1,D8Ertd738e_M3,Ms4a6c_M1
D8Ertd738e_T2<==>Tmed10_M0,D8Ertd738e_T2,Tmed10_M0
D8Ertd738e_T7<==>Itk_M5,D8Ertd738e_T7,Itk_M5
D8Ertd738e_T7<==>Satb1_T1,D8Ertd738e_T7,Satb1_T1
Calr_B3<==>Manf_B3,Calr_B3,Manf_B3
Calr_B3<==>Hsp90b1_B3,Calr_B3,Hsp90b1_B3
Calr_B3<==>Canx_B3,Calr_B3,Canx_B3
Calr_B3<==>Pdia6_B3,Calr_B3,Pdia6_B3
Calr_B3<==>Dnajb9_B3,Calr_B3,Dnajb9_B3
Calr_B3<==>Dad1_B3,Calr_B3,Dad1_B3
Calr_B3<==>Tspo_B3,Calr_B3,Tspo_B3
Calr_B3<==>Rpl24_T2,Calr_B3,Rpl24_T2
Calr_B4<==>Npc2_B3,Calr_B4,Npc2_B3
Calr_B4<==>Cox17_M1,Calr_B4,Cox17_M1
Calr_B4<==>Rps2_B3,Calr_B4,Rps2_B3
Calr_B4<==>Fth1_B0,Calr_B4,Fth1_B0
Calr_B4<==>Ighv1-82_B2,Calr_B4,Ighv1-82_B2
Calr_M0<==>Pdia6_M0,Calr_M0,Pdia6_M0
Calr_T2<==>Ighv9-2_B3,Calr_T2,Ighv9-2_B3
Calr_T2<==>Hist1h1e_T5,Calr_T2,Hist1h1e_T5
Prdx2_M4<==>Itgb2_M3,Prdx2_M4,Itgb2_M3
Prdx2_M4<==>Serpinb9_M3,Prdx2_M4,Serpinb9_M3
Prdx2_M4<==>Slc38a1_M1,Prdx2_M4,Slc38a1_M1
Prdx2_M4<==>Slc38a1_M4,Prdx2_M4,Slc38a1_M4
Prdx2_M4<==>Cldnd1_T5,Prdx2_M4,Cldnd1_T5
Junb_B1<==>Xbp1_B7,Junb_B1,Xbp1_B7
Junb_B1<==>Rps27a_T1,Junb_B1,Rps27a_T1
Junb_B1<==>Ighv5-9_B7,Junb_B1,Ighv5-9_B7
Junb_B1<==>Cyb5a_T5,Junb_B1,Cyb5a_T5
Junb_M1<==>Rpl4_M1,Junb_M1,Rpl4_M1
Junb_M1<==>Rpl19_M1,Junb_M1,Rpl19_M1
Junb_M1<==>Dnase1l3_M1,Junb_M1,Dnase1l3_M1
Junb_M1<==>Msrb1_M1,Junb_M1,Msrb1_M1
Junb_M4<==>Ifngr1_M4,Junb_M4,Ifngr1_M4
Junb_M4<==>Wfdc17_M2,Junb_M4,Wfdc17_M2
Junb_M4<==>H2-Q7_O10,Junb_M4,H2-Q7_O10
Junb_T1<==>Rpl41_M0,Junb_T1,Rpl41_M0
Junb_T1<==>Psme1_B4,Junb_T1,Psme1_B4
Junb_T5<==>Hspa8_M0,Junb_T5,Hspa8_M0
Junb_T5<==>Rnase6_M7,Junb_T5,Rnase6_M7
Junb_T5<==>Rac2_T5,Junb_T5,Rac2_T5
Junb_T5<==>Rpl10a_M0,Junb_T5,Rpl10a_M0
Junb_T5<==>Crem_T3,Junb_T5,Crem_T3
Man2b1_M0<==>Itgb1_T5,Man2b1_M0,Itgb1_T5
Man2b1_M0<==>Pld4_M0,Man2b1_M0,Pld4_M0
Man2b1_M0<==>H2-DMa_M0,Man2b1_M0,H2-DMa_M0
Man2b1_M0<==>Psmb9_B4,Man2b1_M0,Psmb9_B4
Man2b1_M0<==>Unc93b1_M0,Man2b1_M0,Unc93b1_M0
Man2b1_M0<==>mt-Nd1_M5,Man2b1_M0,mt-Nd1_M5
Man2b1_M1<==>Rpl17_T2,Man2b1_M1,Rpl17_T2
Snx20_M1<==>Gnai2_B1,Snx20_M1,Gnai2_B1
Snx20_M1<==>F2r_T4,Snx20_M1,F2r_T4
Snx20_M1<==>Itm2b_B5,Snx20_M1,Itm2b_B5
Snx20_M1<==>Tuba1b_B4,Snx20_M1,Tuba1b_B4
Snx20_M1<==>Cd47_M0,Snx20_M1,Cd47_M0
Snx20_M1<==>Psmb9_B4,Snx20_M1,Psmb9_B4
Snx20_M1<==>H2-D1_B5,Snx20_M1,H2-D1_B5
Snx20_M1<==>H2-D1_T4,Snx20_M1,H2-D1_T4
Snx20_M1<==>C3_M0,Snx20_M1,C3_M0
Snx20_M1<==>Smchd1_B2,Snx20_M1,Smchd1_B2
Snx20_M3<==>Ninj1_M3,Snx20_M3,Ninj1_M3
Snx20_M3<==>Hnrnpa0_B4,Snx20_M3,Hnrnpa0_B4
Snx20_M3<==>Uqcrb_B1,Snx20_M3,Uqcrb_B1
Snx20_M3<==>Dgat1_T5,Snx20_M3,Dgat1_T5
Snx20_M3<==>Il2rb_T5,Snx20_M3,Il2rb_T5
Snx20_M3<==>Vasn_O7,Snx20_M3,Vasn_O7
Snx20_M3<==>Elob_T2,Snx20_M3,Elob_T2
Snx20_M3<==>H2-D1_B1,Snx20_M3,H2-D1_B1
Snx20_M3<==>Vegfa_T7,Snx20_M3,Vegfa_T7
Snx20_M4<==>Stx7_M3,Snx20_M4,Stx7_M3
Snx20_M4<==>Rap1b_M3,Snx20_M4,Rap1b_M3
Snx20_M4<==>Il2rb_T4,Snx20_M4,Il2rb_T4
Snx20_M4<==>Crem_B1,Snx20_M4,Crem_B1
Lpcat2_M1<==>Cmc1_T5,Lpcat2_M1,Cmc1_T5
Lpcat2_M3<==>Gm42418_B5,Lpcat2_M3,Gm42418_B5
Lpcat2_M3<==>Srsf7_B1,Lpcat2_M3,Srsf7_B1
Mt2_O7<==>Emb_T6,Mt2_O7,Emb_T6
Mt2_O7<==>Selenok_T7,Mt2_O7,Selenok_T7
Mt2_O7<==>Rbx1_B5,Mt2_O7,Rbx1_B5
Mt2_O7<==>Tmsb4x_T7,Mt2_O7,Tmsb4x_T7
Mt2_O7<==>Igkv4-57_B3,Mt2_O7,Igkv4-57_B3
Mt1_B3<==>Ndufs8_B3,Mt1_B3,Ndufs8_B3
Mt1_M0<==>Gabarapl2_M3,Mt1_M0,Gabarapl2_M3
Mt1_M0<==>Hspa8_B5,Mt1_M0,Hspa8_B5
Mt1_M0<==>Tma7_M4,Mt1_M0,Tma7_M4
Mt1_M0<==>Gfpt2_O7,Mt1_M0,Gfpt2_O7
Mt1_M0<==>Ddx5_T4,Mt1_M0,Ddx5_T4
Mt1_M0<==>Crip1_M0,Mt1_M0,Crip1_M0
Mt1_M0<==>Scara5_O7,Mt1_M0,Scara5_O7
Mt1_M0<==>Col14a1_O7,Mt1_M0,Col14a1_O7
Mt1_M0<==>Igfbp6_O7,Mt1_M0,Igfbp6_O7
Mt1_M0<==>Pi16_O7,Mt1_M0,Pi16_O7
Mt1_M0<==>H2-Q7_T1,Mt1_M0,H2-Q7_T1
Mt1_M0<==>Eif1a_M4,Mt1_M0,Eif1a_M4
Mt1_M0<==>mt-Nd3_B3,Mt1_M0,mt-Nd3_B3
Mt1_M3<==>Atp6v0d1_M3,Mt1_M3,Atp6v0d1_M3
Mt1_M3<==>Lilrb4a_M3,Mt1_M3,Lilrb4a_M3
Mt1_M3<==>Gna13_T7,Mt1_M3,Gna13_T7
Mt1_M3<==>Ly6a_T0,Mt1_M3,Ly6a_T0
Mt1_M3<==>Rpl3_B1,Mt1_M3,Rpl3_B1
Mt1_O7<==>Ube2b_B1,Mt1_O7,Ube2b_B1
Mt1_O7<==>Iglc3_B0,Mt1_O7,Iglc3_B0
Mt1_O7<==>Iglc2_B0,Mt1_O7,Iglc2_B0
Mt1_O7<==>Iglc2_B5,Mt1_O7,Iglc2_B5
Mt1_O7<==>Has1_O7,Mt1_O7,Has1_O7
Herpud1_M3<==>Csf2rb_M3,Herpud1_M3,Csf2rb_M3
Cx3cl1_T7<==>Ddx6_T1,Cx3cl1_T7,Ddx6_T1
Cx3cl1_T7<==>Txnrd1_M3,Cx3cl1_T7,Txnrd1_M3
Cx3cl1_T7<==>Naca_T7,Cx3cl1_T7,Naca_T7
Cx3cl1_T7<==>Calm1_B5,Cx3cl1_T7,Calm1_B5
Cx3cl1_T7<==>Sub1_B2,Cx3cl1_T7,Sub1_B2
Cx3cl1_T7<==>Iglc1_B2,Cx3cl1_T7,Iglc1_B2
Polr2c_T5<==>Ighv1-74_B1,Polr2c_T5,Ighv1-74_B1
Got2_M4<==>Mif_T4,Got2_M4,Mif_T4
Atp6v0d1_M1<==>Cyth1_M3,Atp6v0d1_M1,Cyth1_M3
Atp6v0d1_M1<==>Cox17_M1,Atp6v0d1_M1,Cox17_M1
Atp6v0d1_M1<==>App_M5,Atp6v0d1_M1,App_M5
Atp6v0d1_M1<==>Ier3_M5,Atp6v0d1_M1,Ier3_M5
Atp6v0d1_M1<==>Crem_T4,Atp6v0d1_M1,Crem_T4
Atp6v0d1_M1<==>Ms4a6c_M3,Atp6v0d1_M1,Ms4a6c_M3
Atp6v0d1_M1<==>Mpeg1_M5,Atp6v0d1_M1,Mpeg1_M5
Atp6v0d1_M3<==>Ddx21_B1,Atp6v0d1_M3,Ddx21_B1
Atp6v0d1_M3<==>Rap1b_M3,Atp6v0d1_M3,Rap1b_M3
Atp6v0d1_M3<==>Fam49b_M3,Atp6v0d1_M3,Fam49b_M3
Atp6v0d1_M3<==>Ago2_M3,Atp6v0d1_M3,Ago2_M3
Psmb10_M1<==>Atp5l_M1,Psmb10_M1,Atp5l_M1
Psmb10_M1<==>Ighv2-5_B2,Psmb10_M1,Ighv2-5_B2
Psmb10_M3<==>Plek_M3,Psmb10_M3,Plek_M3
Psmb10_M3<==>Psma3_M0,Psmb10_M3,Psma3_M0
Psmb10_M3<==>Psme2_M3,Psmb10_M3,Psme2_M3
Psmb10_M3<==>Rpl10_T2,Psmb10_M3,Rpl10_T2
Psmb10_M4<==>Rplp1_B2,Psmb10_M4,Rplp1_B2
Psmb10_M4<==>Gns_M4,Psmb10_M4,Gns_M4
Psmb10_M4<==>Btf3_T4,Psmb10_M4,Btf3_T4
Psmb10_M4<==>Tspo_T4,Psmb10_M4,Tspo_T4
Psmb10_M4<==>Cox8a_M0,Psmb10_M4,Cox8a_M0
Psmb10_M4<==>Avpi1_T4,Psmb10_M4,Avpi1_T4
Psmb10_M5<==>H2-DMb2_M3,Psmb10_M5,H2-DMb2_M3
Psmb10_M5<==>Cybb_M3,Psmb10_M5,Cybb_M3
Ist1_M3<==>G3bp1_M5,Ist1_M3,G3bp1_M5
Ist1_M3<==>Sf3b6_B1,Ist1_M3,Sf3b6_B1
Ist1_M3<==>Ninj1_M3,Ist1_M3,Ninj1_M3
Gabarapl2_B3<==>Tbrg1_B3,Gabarapl2_B3,Tbrg1_B3
Gabarapl2_B3<==>Myl6_B3,Gabarapl2_B3,Myl6_B3
Gabarapl2_B4<==>Dennd4a_M5,Gabarapl2_B4,Dennd4a_M5
Gabarapl2_B4<==>Ighg1_B0,Gabarapl2_B4,Ighg1_B0
Gabarapl2_B4<==>Iglv1_B1,Gabarapl2_B4,Iglv1_B1
Gabarapl2_M1<==>Cd83_B1,Gabarapl2_M1,Cd83_B1
Gabarapl2_T0<==>Grn_M1,Gabarapl2_T0,Grn_M1
Gabarapl2_T0<==>Ppp1ca_M0,Gabarapl2_T0,Ppp1ca_M0
Gabarapl2_T0<==>Cox8a_T4,Gabarapl2_T0,Cox8a_T4
Maf_T1<==>Sec61g_T4,Maf_T1,Sec61g_T4
Maf_T2<==>Prkar1a_T3,Maf_T2,Prkar1a_T3
Maf_T2<==>Ighv7-3_B2,Maf_T2,Ighv7-3_B2
Maf_T5<==>Polr2e_M4,Maf_T5,Polr2e_M4
Cotl1_M0<==>Tma7_T4,Cotl1_M0,Tma7_T4
Cotl1_M0<==>Rps26_B1,Cotl1_M0,Rps26_B1
Cotl1_M0<==>Sec61g_T4,Cotl1_M0,Sec61g_T4
Cotl1_M0<==>Eif4a1_B1,Cotl1_M0,Eif4a1_B1
Cotl1_M0<==>Arhgdia_M0,Cotl1_M0,Arhgdia_M0
Cotl1_M0<==>Cox17_T4,Cotl1_M0,Cox17_T4
Cotl1_M0<==>Ndufa7_T4,Cotl1_M0,Ndufa7_T4
Cotl1_M1<==>Tuba1b_B4,Cotl1_M1,Tuba1b_B4
Cotl1_M1<==>H2-Eb1_M3,Cotl1_M1,H2-Eb1_M3
Cotl1_M1<==>Smchd1_B2,Cotl1_M1,Smchd1_B2
Cotl1_M1<==>Cd74_M3,Cotl1_M1,Cd74_M3
Cotl1_M1<==>mt-Nd5_T4,Cotl1_M1,mt-Nd5_T4
Cox4i1_B1<==>mt-Nd5_T4,Cox4i1_B1,mt-Nd5_T4
Cox4i1_B3<==>Rps2_B3,Cox4i1_B3,Rps2_B3
Cox4i1_B3<==>H2-D1_B3,Cox4i1_B3,H2-D1_B3
Cox4i1_M3<==>Rpl4_T3,Cox4i1_M3,Rpl4_T3
Cox4i1_M3<==>Man1a_M5,Cox4i1_M3,Man1a_M5
Cox4i1_M3<==>Cox7a2l_B1,Cox4i1_M3,Cox7a2l_B1
Cox4i1_M3<==>Rpl17_T2,Cox4i1_M3,Rpl17_T2
Cox4i1_T2<==>Igha_B0,Cox4i1_T2,Igha_B0
Cox4i1_T2<==>Cox7a2l_T1,Cox4i1_T2,Cox7a2l_T1
Cox4i1_T4<==>Rpl27_T4,Cox4i1_T4,Rpl27_T4
Cox4i1_T4<==>Sumo2_M0,Cox4i1_T4,Sumo2_M0
Cox4i1_T4<==>Ighv1-77_B3,Cox4i1_T4,Ighv1-77_B3
Cox4i1_T4<==>Rps23_B0,Cox4i1_T4,Rps23_B0
Cox4i1_T4<==>Rpl15_T4,Cox4i1_T4,Rpl15_T4
Cox4i1_T4<==>Vdac2_M0,Cox4i1_T4,Vdac2_M0
Cox4i1_T4<==>Eif3e_T2,Cox4i1_T4,Eif3e_T2
Cox4i1_T4<==>Ndufb9_M0,Cox4i1_T4,Ndufb9_M0
Cox4i1_T4<==>Rps2_T4,Cox4i1_T4,Rps2_T4
Irf8_B1<==>Rbx1_B1,Irf8_B1,Rbx1_B1
Irf8_B4<==>Rpl29_M0,Irf8_B4,Rpl29_M0
Irf8_B4<==>Psmb6_M0,Irf8_B4,Psmb6_M0
Irf8_B4<==>Psma2_M3,Irf8_B4,Psma2_M3
Irf8_B4<==>Psme2_M3,Irf8_B4,Psme2_M3
Irf8_B4<==>C3_M0,Irf8_B4,C3_M0
Irf8_B5<==>Snf8_M4,Irf8_B5,Snf8_M4
Irf8_B5<==>Hif1a_T4,Irf8_B5,Hif1a_T4
Irf8_B5<==>Rcbtb2_M1,Irf8_B5,Rcbtb2_M1
Irf8_B5<==>Txnl1_M3,Irf8_B5,Txnl1_M3
Irf8_B5<==>Mbd2_T4,Irf8_B5,Mbd2_T4
Irf8_B5<==>Ndufa1_T4,Irf8_B5,Ndufa1_T4
Irf8_M0<==>Rpl23_M3,Irf8_M0,Rpl23_M3
Irf8_M0<==>Slc38a1_M5,Irf8_M0,Slc38a1_M5
Irf8_M0<==>H2-K1_B2,Irf8_M0,H2-K1_B2
Irf8_M0<==>C3_M0,Irf8_M0,C3_M0
Irf8_M0<==>AW112010_T5,Irf8_M0,AW112010_T5
Irf8_M1<==>Irf8_M3,Irf8_M1,Irf8_M3
Irf8_M1<==>Srgn_T4,Irf8_M1,Srgn_T4
Irf8_M1<==>Hif1a_T4,Irf8_M1,Hif1a_T4
Irf8_M1<==>Eif5_T4,Irf8_M1,Eif5_T4
Irf8_M1<==>Crip1_T4,Irf8_M1,Crip1_T4
Irf8_M1<==>Atp6v0c_B1,Irf8_M1,Atp6v0c_B1
Irf8_M1<==>Smchd1_B2,Irf8_M1,Smchd1_B2
Map1lc3b_B1<==>Cmtm7_M4,Map1lc3b_B1,Cmtm7_M4
Map1lc3b_B1<==>Rpl23a_T5,Map1lc3b_B1,Rpl23a_T5
Map1lc3b_B1<==>Iglc1_B0,Map1lc3b_B1,Iglc1_B0
Map1lc3b_B1<==>Atp6v0c_T4,Map1lc3b_B1,Atp6v0c_T4
Map1lc3b_B1<==>Vegfa_T7,Map1lc3b_B1,Vegfa_T7
Map1lc3b_B1<==>Csnk1a1_M1,Map1lc3b_B1,Csnk1a1_M1
Map1lc3b_B1<==>Cox8a_T1,Map1lc3b_B1,Cox8a_T1
Map1lc3b_B1<==>Ostf1_M4,Map1lc3b_B1,Ostf1_M4
Map1lc3b_B3<==>Dad1_B5,Map1lc3b_B3,Dad1_B5
Map1lc3b_B3<==>Tmem258_M3,Map1lc3b_B3,Tmem258_M3
Map1lc3b_M0<==>Sumo2_M3,Map1lc3b_M0,Sumo2_M3
Map1lc3b_M0<==>Sumo2_M4,Map1lc3b_M0,Sumo2_M4
Map1lc3b_M0<==>Ighv5-6_B7,Map1lc3b_M0,Ighv5-6_B7
Map1lc3b_M0<==>Il7r_T4,Map1lc3b_M0,Il7r_T4
Map1lc3b_M0<==>Eif4b_M1,Map1lc3b_M0,Eif4b_M1
Map1lc3b_M0<==>Rpl10a_T4,Map1lc3b_M0,Rpl10a_T4
Map1lc3b_M0<==>Psmb8_T5,Map1lc3b_M0,Psmb8_T5
Map1lc3b_M0<==>Pgk1_M0,Map1lc3b_M0,Pgk1_M0
Map1lc3b_M3<==>Ndufb11_B1,Map1lc3b_M3,Ndufb11_B1
Map1lc3b_T2<==>Atp5l_T3,Map1lc3b_T2,Atp5l_T3
Map1lc3b_T2<==>Rps27l_B5,Map1lc3b_T2,Rps27l_B5
Map1lc3b_T2<==>Snrpf_B1,Map1lc3b_T2,Snrpf_B1
Map1lc3b_T2<==>Snrpf_T1,Map1lc3b_T2,Snrpf_T1
Map1lc3b_T2<==>Id2_M3,Map1lc3b_T2,Id2_M3
Map1lc3b_T2<==>Selenok_T2,Map1lc3b_T2,Selenok_T2
Map1lc3b_T2<==>Nrros_M3,Map1lc3b_T2,Nrros_M3
Map1lc3b_T2<==>H2-K1_M0,Map1lc3b_T2,H2-K1_M0
Map1lc3b_T2<==>mt-Nd3_B0,Map1lc3b_T2,mt-Nd3_B0
Map1lc3b_T3<==>Tomm20_B3,Map1lc3b_T3,Tomm20_B3
Map1lc3b_T3<==>Rab8b_T4,Map1lc3b_T3,Rab8b_T4
Map1lc3b_T3<==>Ifngr1_T3,Map1lc3b_T3,Ifngr1_T3
Map1lc3b_T3<==>Srgn_B3,Map1lc3b_T3,Srgn_B3
Map1lc3b_T3<==>Ube2b_T1,Map1lc3b_T3,Ube2b_T1
Map1lc3b_T3<==>Irf1_M4,Map1lc3b_T3,Irf1_M4
Map1lc3b_T3<==>Cltc_M1,Map1lc3b_T3,Cltc_M1
Map1lc3b_T3<==>Nfkbia_O10,Map1lc3b_T3,Nfkbia_O10
Map1lc3b_T3<==>Crip1_B2,Map1lc3b_T3,Crip1_B2
Map1lc3b_T3<==>Ighv1-53_B3,Map1lc3b_T3,Ighv1-53_B3
Map1lc3b_T3<==>Serpinb9_M3,Map1lc3b_T3,Serpinb9_M3
Map1lc3b_T3<==>Map3k1_M5,Map1lc3b_T3,Map3k1_M5
Map1lc3b_T3<==>Rap2a_M3,Map1lc3b_T3,Rap2a_M3
Map1lc3b_T3<==>Ly6e_T2,Map1lc3b_T3,Ly6e_T2
Map1lc3b_T3<==>Eef1d_M1,Map1lc3b_T3,Eef1d_M1
Map1lc3b_T3<==>Satb1_M5,Map1lc3b_T3,Satb1_M5
Map1lc3b_T3<==>Satb1_T3,Map1lc3b_T3,Satb1_T3
Map1lc3b_T3<==>Crem_T3,Map1lc3b_T3,Crem_T3
Map1lc3b_T3<==>Ehd1_M3,Map1lc3b_T3,Ehd1_M3
Map1lc3b_T3<==>Morf4l2_M5,Map1lc3b_T3,Morf4l2_M5
Map1lc3b_T3<==>mt-Atp6_B0,Map1lc3b_T3,mt-Atp6_B0
Cyba_B3<==>Aif1_M1,Cyba_B3,Aif1_M1
Cyba_B3<==>Fkbp2_B3,Cyba_B3,Fkbp2_B3
Cyba_M0<==>Sumo2_M0,Cyba_M0,Sumo2_M0
Cyba_M0<==>Vdac2_M0,Cyba_M0,Vdac2_M0
Cyba_M1<==>Eef1d_M1,Cyba_M1,Eef1d_M1
Cyba_M4<==>Cox5a_T5,Cyba_M4,Cox5a_T5
Cyba_M4<==>Eif5a_B1,Cyba_M4,Eif5a_B1
Cyba_M4<==>Ighv14-1_B2,Cyba_M4,Ighv14-1_B2
Cyba_M5<==>Ppp1r12a_T0,Cyba_M5,Ppp1r12a_T0
Cyba_M5<==>Rpl24_T7,Cyba_M5,Rpl24_T7
Cyba_T2<==>Ighv3-6_B2,Cyba_T2,Ighv3-6_B2
Cyba_T2<==>Myh9_T1,Cyba_T2,Myh9_T1
Cyba_T2<==>Myl12a_M3,Cyba_T2,Myl12a_M3
Cyba_T3<==>Tspo_M3,Cyba_T3,Tspo_M3
Cyba_T3<==>Atp6v0c_M3,Cyba_T3,Atp6v0c_M3
Cyba_T3<==>H2-D1_B2,Cyba_T3,H2-D1_B2
Cyba_T3<==>Cdk2ap2_M0,Cyba_T3,Cdk2ap2_M0
Cyba_T4<==>Pkm_M3,Cyba_T4,Pkm_M3
Cyba_T4<==>Rps2_B5,Cyba_T4,Rps2_B5
Cyba_T4<==>Tap1_M5,Cyba_T4,Tap1_M5
Cyba_T4<==>Psmb8_M3,Cyba_T4,Psmb8_M3
Cyba_T4<==>Ier3_M5,Cyba_T4,Ier3_M5
Cyba_T4<==>Tomm6_T4,Cyba_T4,Tomm6_T4
Cyba_T4<==>Fau_M3,Cyba_T4,Fau_M3
Cyba_T4<==>Xist_B3,Cyba_T4,Xist_B3
Cyba_T4<==>Xist_T4,Cyba_T4,Xist_T4
Cyba_T4<==>Rpl36a_M3,Cyba_T4,Rpl36a_M3
Cyba_T5<==>Rps27l_B1,Cyba_T5,Rps27l_B1
Cyba_T5<==>Ramp3_T7,Cyba_T5,Ramp3_T7
Cyba_T5<==>H3f3b_M0,Cyba_T5,H3f3b_M0
Cyba_T5<==>H2-K1_T4,Cyba_T5,H2-K1_T4
Cyba_T5<==>H2-D1_B1,Cyba_T5,H2-D1_B1
Cyba_T5<==>H2-Q7_T2,Cyba_T5,H2-Q7_T2
Cyba_T5<==>Ecscr_O10,Cyba_T5,Ecscr_O10
Aprt_M1<==>Fth1_M1,Aprt_M1,Fth1_M1
Rpl13_B1<==>Rpl13_B5,Rpl13_B1,Rpl13_B5
Rpl13_B1<==>Cd3e_T2,Rpl13_B1,Cd3e_T2
Rpl13_B1<==>Plekho2_M1,Rpl13_B1,Plekho2_M1
Rpl13_B1<==>Rab8b_M1,Rpl13_B1,Rab8b_M1
Rpl13_B1<==>Man1a_B1,Rpl13_B1,Man1a_B1
Rpl13_B1<==>Ddx21_B1,Rpl13_B1,Ddx21_B1
Rpl13_B1<==>Map2k3_M1,Rpl13_B1,Map2k3_M1
Rpl13_B1<==>Ubb_B1,Rpl13_B1,Ubb_B1
Rpl13_B1<==>Kdm6b_M1,Rpl13_B1,Kdm6b_M1
Rpl13_B1<==>Tmem256_M0,Rpl13_B1,Tmem256_M0
Rpl13_B1<==>Cltc_M1,Rpl13_B1,Cltc_M1
Rpl13_B1<==>Rps7_B1,Rpl13_B1,Rps7_B1
Rpl13_B1<==>Rps29_T1,Rpl13_B1,Rps29_T1
Rpl13_B1<==>Lgmn_M1,Rpl13_B1,Lgmn_M1
Rpl13_B1<==>Rpl37_T2,Rpl13_B1,Rpl37_T2
Rpl13_B1<==>Ywhaz_T2,Rpl13_B1,Ywhaz_T2
Rpl13_B1<==>Ly6e_M5,Rpl13_B1,Ly6e_M5
Rpl13_B1<==>Iglc1_B3,Rpl13_B1,Iglc1_B3
Rpl13_B1<==>Cox17_M3,Rpl13_B1,Cox17_M3
Rpl13_B1<==>Calm2_T1,Rpl13_B1,Calm2_T1
Rpl13_B1<==>Nars_B3,Rpl13_B1,Nars_B3
Rpl13_B1<==>Rpl17_B5,Rpl13_B1,Rpl17_B5
Rpl13_B1<==>mt-Co2_T2,Rpl13_B1,mt-Co2_T2
Rpl13_B5<==>Ddx21_B1,Rpl13_B5,Ddx21_B1
Rpl13_B5<==>Pafah1b1_T2,Rpl13_B5,Pafah1b1_T2
Rpl13_B5<==>Rps29_T1,Rpl13_B5,Rps29_T1
Rpl13_B5<==>Lgmn_M1,Rpl13_B5,Lgmn_M1
Rpl13_B5<==>Ighg1_B2,Rpl13_B5,Ighg1_B2
Rpl13_B5<==>Rpl37_T2,Rpl13_B5,Rpl37_T2
Rpl13_B5<==>Satb1_T3,Rpl13_B5,Satb1_T3
Rpl13_B5<==>Rpl17_B5,Rpl13_B5,Rpl17_B5
Rpl13_B5<==>Atp5md_B5,Rpl13_B5,Atp5md_B5
Rpl13_B5<==>Rps4x_B5,Rpl13_B5,Rps4x_B5
Rpl13_B5<==>Rpl36a_B4,Rpl13_B5,Rpl36a_B4
Rpl13_B5<==>mt-Atp6_B5,Rpl13_B5,mt-Atp6_B5
Rpl13_B5<==>mt-Nd4_B0,Rpl13_B5,mt-Nd4_B0
Rpl13_M0<==>Rps29_T2,Rpl13_M0,Rps29_T2
Rpl13_M0<==>Crip1_T3,Rpl13_M0,Crip1_T3
Rpl13_M0<==>Tgfbi_M0,Rpl13_M0,Tgfbi_M0
Rpl13_M0<==>Rps24_M0,Rpl13_M0,Rps24_M0
Rpl13_M0<==>Rpl10a_M0,Rpl13_M0,Rpl10a_M0
Rpl13_M0<==>Rpl17_B5,Rpl13_M0,Rpl17_B5
Rpl13_M0<==>Cfl1_T7,Rpl13_M0,Cfl1_T7
Rpl13_M0<==>P2ry10_T5,Rpl13_M0,P2ry10_T5
Rpl13_M0<==>mt-Cytb_T4,Rpl13_M0,mt-Cytb_T4
Rpl13_M3<==>Rps27l_B5,Rpl13_M3,Rps27l_B5
Rpl13_M3<==>Rpsa_M3,Rpl13_M3,Rpsa_M3
Rpl13_M3<==>Rpsa_M5,Rpl13_M3,Rpsa_M5
Rpl13_M3<==>Rpl14_M3,Rpl13_M3,Rpl14_M3
Rpl13_M3<==>Rps12_M3,Rpl13_M3,Rps12_M3
Rpl13_M3<==>Gpx4_T2,Rpl13_M3,Gpx4_T2
Rpl13_M3<==>Atp5d_B1,Rpl13_M3,Atp5d_B1
Rpl13_M3<==>Rps27a_M3,Rpl13_M3,Rps27a_M3
Rpl13_M3<==>Rack1_M3,Rpl13_M3,Rack1_M3
Rpl13_M3<==>Rpl26_M3,Rpl13_M3,Rpl26_M3
Rpl13_M3<==>Rps7_M3,Rpl13_M3,Rps7_M3
Rpl13_M3<==>Rps23_M3,Rpl13_M3,Rps23_M3
Rpl13_M3<==>Rps24_M5,Rpl13_M3,Rps24_M5
Rpl13_M3<==>Sub1_B2,Rpl13_M3,Sub1_B2
Rpl13_M3<==>Ywhaz_B2,Rpl13_M3,Ywhaz_B2
Rpl13_M3<==>Rpl8_M3,Rpl13_M3,Rpl8_M3
Rpl13_M3<==>Nrros_M3,Rpl13_M3,Nrros_M3
Rpl13_M3<==>Rpl10a_M3,Rpl13_M3,Rpl10a_M3
Rpl13_M3<==>Rps18_M3,Rpl13_M3,Rps18_M3
Rpl13_M3<==>H2-D1_B2,Rpl13_M3,H2-D1_B2
Rpl13_M3<==>Rps14_M3,Rpl13_M3,Rps14_M3
Rpl13_M3<==>Rpl17_M3,Rpl13_M3,Rpl17_M3
Rpl13_M3<==>Rps4x_M3,Rpl13_M3,Rps4x_M3
Rpl13_M4<==>Ighv8-11_B3,Rpl13_M4,Ighv8-11_B3
Rpl13_M4<==>Rps14_M4,Rpl13_M4,Rps14_M4
Rpl13_M5<==>Ubb_M5,Rpl13_M5,Ubb_M5
Rpl13_M5<==>Rpl23_M5,Rpl13_M5,Rpl23_M5
Rpl13_M5<==>Psme1_M3,Rpl13_M5,Psme1_M3
Rpl13_M5<==>Ctsb_M5,Rpl13_M5,Ctsb_M5
Rpl13_M5<==>Hsp90ab1_M3,Rpl13_M5,Hsp90ab1_M3
Rpl13_M5<==>Rpl17_M3,Rpl13_M5,Rpl17_M3
Rpl13_T5<==>Ets1_M5,Rpl13_T5,Ets1_M5
Rpl13_T5<==>Rpl4_T4,Rpl13_T5,Rpl4_T4
Rpl13_T5<==>Eef1a1_T5,Rpl13_T5,Eef1a1_T5
Rpl13_T5<==>Rps27a_T5,Rpl13_T5,Rps27a_T5
Rpl13_T5<==>Rps18_T5,Rpl13_T5,Rps18_T5
Rpl13_T6<==>Cd274_M3,Rpl13_T6,Cd274_M3
Rpl13_T6<==>mt-Nd1_M1,Rpl13_T6,mt-Nd1_M1
Tcf25_B1<==>Shisa5_B1,Tcf25_B1,Shisa5_B1
Tcf25_B1<==>Ostf1_T7,Tcf25_B1,Ostf1_T7
Irf2bp2_B1<==>Nktr_T1,Irf2bp2_B1,Nktr_T1
Irf2bp2_M0<==>Ets1_B5,Irf2bp2_M0,Ets1_B5
Irf2bp2_M0<==>Rhoa_B0,Irf2bp2_M0,Rhoa_B0
Irf2bp2_M0<==>Npm1_M3,Irf2bp2_M0,Npm1_M3
Irf2bp2_M0<==>Calm1_B2,Irf2bp2_M0,Calm1_B2
Irf2bp2_M0<==>Emb_T2,Irf2bp2_M0,Emb_T2
Irf2bp2_M0<==>Trac_T2,Irf2bp2_M0,Trac_T2
Irf2bp2_M0<==>Atp5g2_M3,Irf2bp2_M0,Atp5g2_M3
Irf2bp2_M0<==>Zbtb20_B1,Irf2bp2_M0,Zbtb20_B1
Irf2bp2_M0<==>Crem_T3,Irf2bp2_M0,Crem_T3
Irf2bp2_M0<==>Plaat3_M5,Irf2bp2_M0,Plaat3_M5
Irf2bp2_M0<==>Ms4a6b_T0,Irf2bp2_M0,Ms4a6b_T0
Irf2bp2_M3<==>Ramp3_T7,Irf2bp2_M3,Ramp3_T7
Irf2bp2_M3<==>Eif1_T2,Irf2bp2_M3,Eif1_T2
Irf2bp2_M3<==>Slc38a2_B3,Irf2bp2_M3,Slc38a2_B3
Irf2bp2_M3<==>Satb1_T3,Irf2bp2_M3,Satb1_T3
Tomm20_B1<==>Rnasek_B1,Tomm20_B1,Rnasek_B1
Tomm20_B1<==>Cyth1_M5,Tomm20_B1,Cyth1_M5
Tomm20_B1<==>Atp6v1a_M3,Tomm20_B1,Atp6v1a_M3
Tomm20_B3<==>Rps25_T5,Tomm20_B3,Rps25_T5
Tomm20_B3<==>Marcks_M3,Tomm20_B3,Marcks_M3
Tomm20_B3<==>Polr2e_B3,Tomm20_B3,Polr2e_B3
Tomm20_B3<==>Gna13_T4,Tomm20_B3,Gna13_T4
Tomm20_B3<==>Prkar1a_T3,Tomm20_B3,Prkar1a_T3
Tomm20_B3<==>Fam104a_B3,Tomm20_B3,Fam104a_B3
Tomm20_B3<==>Igha_T4,Tomm20_B3,Igha_T4
Tomm20_B3<==>Ighv1-74_B3,Tomm20_B3,Ighv1-74_B3
Tomm20_B3<==>Serpinb9_M3,Tomm20_B3,Serpinb9_M3
Tomm20_B3<==>Glud1_M3,Tomm20_B3,Glud1_M3
Tomm20_B3<==>Sub1_B3,Tomm20_B3,Sub1_B3
Tomm20_B3<==>Azin1_B3,Tomm20_B3,Azin1_B3
Tomm20_B3<==>Pcbp2_T2,Tomm20_B3,Pcbp2_T2
Tomm20_B3<==>Cldnd1_T2,Tomm20_B3,Cldnd1_T2
Tomm20_B3<==>Rps2_T3,Tomm20_B3,Rps2_T3
Tomm20_B3<==>H2-Ab1_B5,Tomm20_B3,H2-Ab1_B5
Tomm20_B3<==>Nars_B3,Tomm20_B3,Nars_B3
Tomm20_B3<==>Prdx5_M2,Tomm20_B3,Prdx5_M2
Tomm20_B3<==>Morf4l2_M5,Tomm20_B3,Morf4l2_M5
Tomm20_M4<==>Rps25_T5,Tomm20_M4,Rps25_T5
Tomm20_M4<==>Sqstm1_M3,Tomm20_M4,Sqstm1_M3
Tomm20_M4<==>Nfkbia_T2,Tomm20_M4,Nfkbia_T2
Tomm20_M4<==>Hnrnpk_B3,Tomm20_M4,Hnrnpk_B3
Tomm20_M4<==>Azin1_B3,Tomm20_M4,Azin1_B3
Tomm20_M4<==>Zeb1_T2,Tomm20_M4,Zeb1_T2
Tomm20_M4<==>Slc25a5_B4,Tomm20_M4,Slc25a5_B4
Tomm20_T2<==>Sec61g_B3,Tomm20_T2,Sec61g_B3
Tomm20_T2<==>Rps29_T1,Tomm20_T2,Rps29_T1
Tomm20_T2<==>Ndufb1-ps_T3,Tomm20_T2,Ndufb1-ps_T3
Tomm20_T2<==>Atp5mpl_T3,Tomm20_T2,Atp5mpl_T3
Tomm20_T2<==>Fgfr1op_M4,Tomm20_T2,Fgfr1op_M4
Tomm20_T2<==>Mbd2_T5,Tomm20_T2,Mbd2_T5
Tomm20_T2<==>mt-Co2_B0,Tomm20_T2,mt-Co2_B0
Itgb1_M0<==>Plekho2_M0,Itgb1_M0,Plekho2_M0
Itgb1_M0<==>Cox7a2_M0,Itgb1_M0,Cox7a2_M0
Itgb1_M0<==>Tma7_M4,Itgb1_M0,Tma7_M4
Itgb1_M0<==>Itgb2_M0,Itgb1_M0,Itgb2_M0
Itgb1_M0<==>Gfpt2_O7,Itgb1_M0,Gfpt2_O7
Itgb1_M0<==>Id2_M3,Itgb1_M0,Id2_M3
Itgb1_M0<==>Tmed10_M0,Itgb1_M0,Tmed10_M0
Itgb1_M0<==>Atp5mpl_M0,Itgb1_M0,Atp5mpl_M0
Itgb1_M0<==>Pld4_M0,Itgb1_M0,Pld4_M0
Itgb1_M0<==>Cox7c_M3,Itgb1_M0,Cox7c_M3
Itgb1_M0<==>Sub1_B5,Itgb1_M0,Sub1_B5
Itgb1_M0<==>Cox6c_M0,Itgb1_M0,Cox6c_M0
Itgb1_M0<==>Ywhaz_M5,Itgb1_M0,Ywhaz_M5
Itgb1_M0<==>Myl12a_M0,Itgb1_M0,Myl12a_M0
Itgb1_M0<==>Unc93b1_M0,Itgb1_M0,Unc93b1_M0
Itgb1_M0<==>Ndufa1_M0,Itgb1_M0,Ndufa1_M0
Itgb1_M5<==>Sec61g_T4,Itgb1_M5,Sec61g_T4
Itgb1_M5<==>Rpl19_M3,Itgb1_M5,Rpl19_M3
Itgb1_M5<==>Ighv2-9-1_B3,Itgb1_M5,Ighv2-9-1_B3
Itgb1_M5<==>Psme1_B1,Itgb1_M5,Psme1_B1
Itgb1_M5<==>Lcp1_T4,Itgb1_M5,Lcp1_T4
Itgb1_M5<==>Cox6c_T4,Itgb1_M5,Cox6c_T4
Itgb1_M5<==>Rpl17_T5,Itgb1_M5,Rpl17_T5
Itgb1_T5<==>Gadd45b_M3,Itgb1_T5,Gadd45b_M3
Itgb1_T5<==>Cfl1_T4,Itgb1_T5,Cfl1_T4
Dcun1d5_T5<==>Cstb_M0,Dcun1d5_T5,Cstb_M0
Dcun1d5_T5<==>mt-Co3_M3,Dcun1d5_T5,mt-Co3_M3
Tmem123_B3<==>Hif1a_M3,Tmem123_B3,Hif1a_M3
Tmem123_M0<==>Rack1_M3,Tmem123_M0,Rack1_M3
Tmem123_M0<==>Unc93b1_B4,Tmem123_M0,Unc93b1_B4
Tmem123_M3<==>Man1a_B3,Tmem123_M3,Man1a_B3
Tmem123_M3<==>Cstb_M0,Tmem123_M3,Cstb_M0
Tmem123_M3<==>Spag9_M4,Tmem123_M3,Spag9_M4
Tmem123_M3<==>Prkar1a_T3,Tmem123_M3,Prkar1a_T3
Tmem123_M3<==>Eif5_M1,Tmem123_M3,Eif5_M1
Tmem123_M3<==>Slc38a2_B3,Tmem123_M3,Slc38a2_B3
Tmem123_M3<==>Eef1g_M3,Tmem123_M3,Eef1g_M3
Tmem123_T5<==>Cltc_M1,Tmem123_T5,Cltc_M1
Tmem123_T5<==>Atp5mpl_T3,Tmem123_T5,Atp5mpl_T3
Tmem123_T5<==>Rcbtb2_M1,Tmem123_T5,Rcbtb2_M1
Tmem123_T5<==>Rpl37_T1,Tmem123_T5,Rpl37_T1
Tmem123_T5<==>Calm2_T2,Tmem123_T5,Calm2_T2
Tmem123_T5<==>mt-Atp6_B0,Tmem123_T5,mt-Atp6_B0
Birc2_T2<==>Gnai2_O10,Birc2_T2,Gnai2_O10
Birc2_T2<==>Ptprb_O10,Birc2_T2,Ptprb_O10
Birc2_T2<==>Lcp1_B1,Birc2_T2,Lcp1_B1
Birc2_T2<==>Ly6a_B1,Birc2_T2,Ly6a_B1
Birc2_T2<==>H2-K1_M5,Birc2_T2,H2-K1_M5
Birc2_T2<==>Gm42418_O10,Birc2_T2,Gm42418_O10
Birc2_T2<==>Kif5b_M4,Birc2_T2,Kif5b_M4
Birc2_T2<==>Csf1r_M5,Birc2_T2,Csf1r_M5
Birc2_T2<==>Sec11c_T4,Birc2_T2,Sec11c_T4
Fam76b_B4<==>Ighv5-6_B5,Fam76b_B4,Ighv5-6_B5
Sesn3_T0<==>Ncor1_T1,Sesn3_T0,Ncor1_T1
Sesn3_T0<==>Ly6a_T0,Sesn3_T0,Ly6a_T0
Cwc15_M3<==>Bcl2a1b_B1,Cwc15_M3,Bcl2a1b_B1
Cwc15_M3<==>Gnai2_T4,Cwc15_M3,Gnai2_T4
Cwc15_M3<==>Psmb9_B4,Cwc15_M3,Psmb9_B4
Cwc15_M3<==>Cox8a_M0,Cwc15_M3,Cox8a_M0
Cwc15_T2<==>Cd68_M0,Cwc15_T2,Cd68_M0
Cwc15_T3<==>Cavin1_O7,Cwc15_T3,Cavin1_O7
Cwc15_T3<==>Inhba_M0,Cwc15_T3,Inhba_M0
Taf1d_M4<==>Ppp1r12a_T0,Taf1d_M4,Ppp1r12a_T0
Taf1d_M4<==>Tomm6_M0,Taf1d_M4,Tomm6_M0
Ubl5_B0<==>Gnai2_M1,Ubl5_B0,Gnai2_M1
Ubl5_B1<==>Rpsa_B1,Ubl5_B1,Rpsa_B1
Ubl5_B1<==>Plek_B1,Ubl5_B1,Plek_B1
Ubl5_B1<==>Rps27a_T5,Ubl5_B1,Rps27a_T5
Ubl5_B1<==>Slfn1_M2,Ubl5_B1,Slfn1_M2
Ubl5_B1<==>Rps4x_B2,Ubl5_B1,Rps4x_B2
Ubl5_B1<==>mt-Atp6_B5,Ubl5_B1,mt-Atp6_B5
Ubl5_M0<==>Cox7a2_M0,Ubl5_M0,Cox7a2_M0
Ubl5_M0<==>Tma7_T4,Ubl5_M0,Tma7_T4
Ubl5_M0<==>Actr2_M0,Ubl5_M0,Actr2_M0
Ubl5_M0<==>Uqcrq_M0,Ubl5_M0,Uqcrq_M0
Ubl5_M0<==>P4hb_M0,Ubl5_M0,P4hb_M0
Ubl5_M0<==>BC005537_M0,Ubl5_M0,BC005537_M0
Ubl5_M0<==>Lgals3_M1,Ubl5_M0,Lgals3_M1
Ubl5_M0<==>App_M0,Ubl5_M0,App_M0
Ubl5_M0<==>H2-Q7_T2,Ubl5_M0,H2-Q7_T2
Ubl5_M0<==>Tomm6_M0,Ubl5_M0,Tomm6_M0
Ubl5_M0<==>Ppp1ca_M0,Ubl5_M0,Ppp1ca_M0
Ubl5_M3<==>Hspa8_T2,Ubl5_M3,Hspa8_T2
Ubl5_M5<==>Cox7a2_M0,Ubl5_M5,Cox7a2_M0
Ubl5_M5<==>Pdia6_O7,Ubl5_M5,Pdia6_O7
Ubl5_M5<==>Cox14_M4,Ubl5_M5,Cox14_M4
Ubl5_M5<==>Calm2_M3,Ubl5_M5,Calm2_M3
Ubl5_M5<==>Rpl17_T0,Ubl5_M5,Rpl17_T0
Ubl5_M5<==>Rpl17_T3,Ubl5_M5,Rpl17_T3
Ubl5_M5<==>mt-Nd3_B3,Ubl5_M5,mt-Nd3_B3
Ubl5_M5<==>mt-Nd4l_B3,Ubl5_M5,mt-Nd4l_B3
Ubl5_T1<==>Psme1_T3,Ubl5_T1,Psme1_T3
Ubl5_T5<==>Epb41l2_M3,Ubl5_T5,Epb41l2_M3
Ubl5_T5<==>Ighv1-14_B3,Ubl5_T5,Ighv1-14_B3
Ubl5_T5<==>Uqcrb_B1,Ubl5_T5,Uqcrb_B1
Ubl5_T5<==>Zcrb1_M3,Ubl5_T5,Zcrb1_M3
Ubl5_T5<==>H2-D1_B5,Ubl5_T5,H2-D1_B5
Ubl5_T5<==>Ostf1_T2,Ubl5_T5,Ostf1_T2
Ubl5_T5<==>mt-Co2_B2,Ubl5_T5,mt-Co2_B2
Ubl5_T5<==>mt-Co3_B2,Ubl5_T5,mt-Co3_B2
Spc24_T5<==>Plekho2_M5,Spc24_T5,Plekho2_M5
Spc24_T5<==>Uqcrq_T4,Spc24_T5,Uqcrq_T4
Sept7_B1<==>Timm23_T5,Sept7_B1,Timm23_T5
Sept7_B1<==>BC031181_M4,Sept7_B1,BC031181_M4
Sept7_T1<==>Itgb2_M0,Sept7_T1,Itgb2_M0
Sept7_T4<==>Ier3_M1,Sept7_T4,Ier3_M1
Sept7_T4<==>mt-Co2_B2,Sept7_T4,mt-Co2_B2
Sept7_T4<==>mt-Atp6_B2,Sept7_T4,mt-Atp6_B2
Fli1_M4<==>Rab8b_T3,Fli1_M4,Rab8b_T3
Fli1_M4<==>Fam49b_B1,Fli1_M4,Fam49b_B1
Fli1_M4<==>Tnfaip8_M4,Fli1_M4,Tnfaip8_M4
Fli1_M4<==>mt-Co2_B0,Fli1_M4,mt-Co2_B0
Ets1_B0<==>Gpx1_M1,Ets1_B0,Gpx1_M1
Ets1_B0<==>Shisa5_T1,Ets1_B0,Shisa5_T1
Ets1_B0<==>Cdk4_T5,Ets1_B0,Cdk4_T5
Ets1_B0<==>Ppp1ca_T5,Ets1_B0,Ppp1ca_T5
Ets1_B2<==>Ppm1m_M4,Ets1_B2,Ppm1m_M4
Ets1_B2<==>Cited2_B3,Ets1_B2,Cited2_B3
Ets1_B2<==>Uqcr11_M0,Ets1_B2,Uqcr11_M0
Ets1_B2<==>Btg1_B2,Ets1_B2,Btg1_B2
Ets1_B2<==>Btg1_T3,Ets1_B2,Btg1_T3
Ets1_B2<==>Pld4_M1,Ets1_B2,Pld4_M1
Ets1_B2<==>Ighv9-3_B2,Ets1_B2,Ighv9-3_B2
Ets1_B2<==>Pi16_O7,Ets1_B2,Pi16_O7
Ets1_B2<==>Vapa_M1,Ets1_B2,Vapa_M1
Ets1_B2<==>mt-Nd4l_B3,Ets1_B2,mt-Nd4l_B3
Ets1_B5<==>Zfp36l1_T2,Ets1_B5,Zfp36l1_T2
Ets1_M5<==>Rpl4_M1,Ets1_M5,Rpl4_M1
Ets1_M5<==>Ddx21_B1,Ets1_M5,Ddx21_B1
Ets1_M5<==>Ndufb1-ps_T2,Ets1_M5,Ndufb1-ps_T2
Ets1_M5<==>Lgmn_M1,Ets1_M5,Lgmn_M1
Ets1_M5<==>Atp5md_T1,Ets1_M5,Atp5md_T1
Ets1_M5<==>Rpl36a_B4,Ets1_M5,Rpl36a_B4
Ets1_M5<==>mt-Co2_T2,Ets1_M5,mt-Co2_T2
Ets1_T0<==>Ets1_T1,Ets1_T0,Ets1_T1
Ets1_T0<==>Cxcr6_T4,Ets1_T0,Cxcr6_T4
Ets1_T0<==>Calm2_B1,Ets1_T0,Calm2_B1
Ets1_T0<==>P2ry10_T5,Ets1_T0,P2ry10_T5
Ets1_T1<==>Ndufb1-ps_B5,Ets1_T1,Ndufb1-ps_B5
Ets1_T1<==>Crip1_T5,Ets1_T1,Crip1_T5
Ets1_T1<==>Rpl37_T1,Ets1_T1,Rpl37_T1
Ets1_T1<==>Rpl37_T5,Ets1_T1,Rpl37_T5
Ets1_T1<==>Calm2_T3,Ets1_T1,Calm2_T3
Ets1_T1<==>Ms4a7_M1,Ets1_T1,Ms4a7_M1
Ets1_T2<==>Itgb2_M0,Ets1_T2,Itgb2_M0
Ets1_T2<==>Pitpna_M0,Ets1_T2,Pitpna_M0
Ets1_T2<==>Timm23_T4,Ets1_T2,Timm23_T4
Ets1_T2<==>Mycbp2_B1,Ets1_T2,Mycbp2_B1
Ets1_T2<==>Rpl10a_M3,Ets1_T2,Rpl10a_M3
Ets1_T2<==>Zeb1_T2,Ets1_T2,Zeb1_T2
Ets1_T2<==>Tmsb4x_T4,Ets1_T2,Tmsb4x_T4
Ets1_T3<==>Havcr2_M4,Ets1_T3,Havcr2_M4
Ets1_T3<==>Txndc5_B3,Ets1_T3,Txndc5_B3
Ets1_T3<==>Ninj1_M0,Ets1_T3,Ninj1_M0
Ets1_T3<==>mt-Nd1_M3,Ets1_T3,mt-Nd1_M3
Ets1_T4<==>Gna13_T4,Ets1_T4,Gna13_T4
Ets1_T4<==>Cyth1_M3,Ets1_T4,Cyth1_M3
Ets1_T4<==>Stk24_T4,Ets1_T4,Stk24_T4
Ets1_T4<==>Lst1_M1,Ets1_T4,Lst1_M1
Ets1_T5<==>Ms4a6b_M1,Ets1_T5,Ms4a6b_M1
Ets1_T7<==>Ppp1r12a_T4,Ets1_T7,Ppp1r12a_T4
Ets1_T7<==>Ighg2b_B6_0,Ets1_T7,Ighg2b_B6_0
Esam_O10<==>Rpl39_M2,Esam_O10,Rpl39_M2
Hspa8_B5<==>Syk_M0,Hspa8_B5,Syk_M0
Hspa8_B5<==>Scara5_O7,Hspa8_B5,Scara5_O7
Hspa8_B5<==>Tpt1_B3,Hspa8_B5,Tpt1_B3
Hspa8_B5<==>Ly6e_B3,Hspa8_B5,Ly6e_B3
Hspa8_B5<==>Rps14_B3,Hspa8_B5,Rps14_B3
Hspa8_B5<==>Malat1_T2,Hspa8_B5,Malat1_T2
Hspa8_M0<==>Rps12_M0,Hspa8_M0,Rps12_M0
Hspa8_M0<==>Cd164_T4,Hspa8_M0,Cd164_T4
Hspa8_M0<==>Nfkbia_O10,Hspa8_M0,Nfkbia_O10
Hspa8_M0<==>Ckb_T4,Hspa8_M0,Ckb_T4
Hspa8_M0<==>Lcp1_T3,Hspa8_M0,Lcp1_T3
Hspa8_M0<==>Eif3e_M0,Hspa8_M0,Eif3e_M0
Hspa8_M3<==>Txnrd1_M3,Hspa8_M3,Txnrd1_M3
Hspa8_M3<==>Slc25a3_T3,Hspa8_M3,Slc25a3_T3
Hspa8_M3<==>Havcr2_M3,Hspa8_M3,Havcr2_M3
Hspa8_M3<==>Zbtb1_M5,Hspa8_M3,Zbtb1_M5
Hspa8_M3<==>Appl1_M3,Hspa8_M3,Appl1_M3
Hspa8_M3<==>Atp5g2_M3,Hspa8_M3,Atp5g2_M3
Hspa8_M3<==>Txnl4a_M4,Hspa8_M3,Txnl4a_M4
Hspa8_M3<==>Jak2_M3,Hspa8_M3,Jak2_M3
Hspa8_T0<==>Bcl2a1b_T3,Hspa8_T0,Bcl2a1b_T3
Hspa8_T0<==>Malt1_T2,Hspa8_T0,Malt1_T2
Hspa8_T1<==>Rps2_O7,Hspa8_T1,Rps2_O7
Hspa8_T1<==>Cox7a2l_T4,Hspa8_T1,Cox7a2l_T4
Hspa8_T2<==>Rel_T2,Hspa8_T2,Rel_T2
Hspa8_T2<==>2410006H16Rik_B1,Hspa8_T2,2410006H16Rik_B1
Hspa8_T2<==>Hnrnpk_T5,Hspa8_T2,Hnrnpk_T5
Hspa8_T2<==>Ywhaz_M0,Hspa8_T2,Ywhaz_M0
Hspa8_T2<==>Ezr_B3,Hspa8_T2,Ezr_B3
Thy1_M5<==>Ighv5-6_B5,Thy1_M5,Ighv5-6_B5
Thy1_T4<==>Cd3d_T4,Thy1_T4,Cd3d_T4
Thy1_T4<==>Calm1_B1,Thy1_T4,Calm1_B1
Thy1_T4<==>Myh9_T1,Thy1_T4,Myh9_T1
Thy1_T4<==>Ablim1_B1,Thy1_T4,Ablim1_B1
Rps25_M3<==>Ppia_B1,Rps25_M3,Ppia_B1
Rps25_M3<==>Actr2_M0,Rps25_M3,Actr2_M0
Rps25_M3<==>Itk_T3,Rps25_M3,Itk_T3
Rps25_M3<==>Rpl23a_M3,Rps25_M3,Rpl23a_M3
Rps25_T3<==>Ifngr1_M5,Rps25_T3,Ifngr1_M5
Rps25_T3<==>Rps15_T3,Rps25_T3,Rps15_T3
Rps25_T3<==>Rpl23a_T3,Rps25_T3,Rpl23a_T3
Rps25_T3<==>Ifi27l2a_T2,Rps25_T3,Ifi27l2a_T2
Rps25_T3<==>Card19_M1,Rps25_T3,Card19_M1
Rps25_T3<==>Glud1_M3,Rps25_T3,Glud1_M3
Rps25_T3<==>Ywhaz_B3,Rps25_T3,Ywhaz_B3
Rps25_T3<==>Sod1_M3,Rps25_T3,Sod1_M3
Rps25_T3<==>Rps10_T2,Rps25_T3,Rps10_T2
Rps25_T3<==>H2-Oa_M4,Rps25_T3,H2-Oa_M4
Rps25_T5<==>Marcks_M3,Rps25_T5,Marcks_M3
Rps25_T5<==>Grb2_B3,Rps25_T5,Grb2_B3
Rps25_T5<==>Nfkbia_T2,Rps25_T5,Nfkbia_T2
Rps25_T5<==>Kif2a_T5,Rps25_T5,Kif2a_T5
Rps25_T5<==>Sub1_B3,Rps25_T5,Sub1_B3
Rps25_T5<==>Cldnd1_T2,Rps25_T5,Cldnd1_T2
Ddx6_M1<==>Rab8b_M3,Ddx6_M1,Rab8b_M3
Ddx6_M1<==>Oaz1_T1,Ddx6_M1,Oaz1_T1
Ddx6_M1<==>Ppp2ca_M4,Ddx6_M1,Ppp2ca_M4
Ddx6_M1<==>Serpinb9_M3,Ddx6_M1,Serpinb9_M3
Ddx6_M1<==>Gcnt2_M7,Ddx6_M1,Gcnt2_M7
Ddx6_M3<==>Adam19_M4,Ddx6_M3,Adam19_M4
Ddx6_M4<==>Pacsin1_M7,Ddx6_M4,Pacsin1_M7
Ddx6_M4<==>Csnk1a1_M1,Ddx6_M4,Csnk1a1_M1
Ddx6_M5<==>Jak2_M5,Ddx6_M5,Jak2_M5
Ddx6_T1<==>Rpsa_M3,Ddx6_T1,Rpsa_M3
Ddx6_T7<==>Tspan13_M1,Ddx6_T7,Tspan13_M1
Ddx6_T7<==>Lcp1_T7,Ddx6_T7,Lcp1_T7
Atp5l_B1<==>Cox7a2_M3,Atp5l_B1,Cox7a2_M3
Atp5l_B1<==>Pdia6_M3,Atp5l_B1,Pdia6_M3
Atp5l_B1<==>Nfkbia_T4,Atp5l_B1,Nfkbia_T4
Atp5l_B1<==>Iigp1_M0,Atp5l_B1,Iigp1_M0
Atp5l_M0<==>Rpl29_M0,Atp5l_M0,Rpl29_M0
Atp5l_M0<==>Rpl15_T4,Atp5l_M0,Rpl15_T4
Atp5l_M0<==>Cox8a_M0,Atp5l_M0,Cox8a_M0
Atp5l_M1<==>Rpl19_M1,Atp5l_M1,Rpl19_M1
Atp5l_M1<==>Lgmn_M1,Atp5l_M1,Lgmn_M1
Atp5l_M1<==>Btf3_M1,Atp5l_M1,Btf3_M1
Atp5l_M2<==>Ncam1_O4,Atp5l_M2,Ncam1_O4
Atp5l_M3<==>Ctla2a_T0,Atp5l_M3,Ctla2a_T0
Atp5l_M3<==>mt-Co3_T3,Atp5l_M3,mt-Co3_T3
Atp5l_O10<==>Pfn1_B4,Atp5l_O10,Pfn1_B4
Atp5l_O10<==>Ndufa7_T4,Atp5l_O10,Ndufa7_T4
Atp5l_O10<==>Psmb9_B4,Atp5l_O10,Psmb9_B4
Atp5l_O10<==>H2-Aa_M3,Atp5l_O10,H2-Aa_M3
Atp5l_O10<==>H2-Eb1_M3,Atp5l_O10,H2-Eb1_M3
Atp5l_O10<==>Malt1_B5,Atp5l_O10,Malt1_B5
Atp5l_O10<==>Sec11c_T4,Atp5l_O10,Sec11c_T4
Atp5l_O10<==>Ndufa1_T4,Atp5l_O10,Ndufa1_T4
Atp5l_T0<==>Cd164_T2,Atp5l_T0,Cd164_T2
Atp5l_T0<==>Rassf3_M3,Atp5l_T0,Rassf3_M3
Atp5l_T0<==>Lgmn_M3,Atp5l_T0,Lgmn_M3
Atp5l_T0<==>Gm42418_T2,Atp5l_T0,Gm42418_T2
Atp5l_T0<==>Myl12b_T3,Atp5l_T0,Myl12b_T3
Atp5l_T0<==>Smad7_T2,Atp5l_T0,Smad7_T2
Atp5l_T0<==>Atp5md_B5,Atp5l_T0,Atp5md_B5
Atp5l_T2<==>Eif3e_T1,Atp5l_T2,Eif3e_T1
Atp5l_T3<==>Cd164_T2,Atp5l_T3,Cd164_T2
Atp5l_T3<==>Slc25a3_T1,Atp5l_T3,Slc25a3_T1
Atp5l_T3<==>Snrpf_T1,Atp5l_T3,Snrpf_T1
Atp5l_T3<==>Rassf3_M3,Atp5l_T3,Rassf3_M3
Atp5l_T3<==>Gng2_M4,Atp5l_T3,Gng2_M4
Atp5l_T3<==>Dgat1_T5,Atp5l_T3,Dgat1_T5
Atp5l_T3<==>Myl12a_T2,Atp5l_T3,Myl12a_T2
Atp5l_T4<==>Ctsh_M1,Atp5l_T4,Ctsh_M1
Atp5l_T4<==>Shisa5_B2,Atp5l_T4,Shisa5_B2
Cd3g_T4<==>2410006H16Rik_M3,Cd3g_T4,2410006H16Rik_M3
Cd3g_T4<==>Ccdc50_M3,Cd3g_T4,Ccdc50_M3
Cd3g_T4<==>Cox7a2l_M0,Cd3g_T4,Cox7a2l_M0
Cd3g_T4<==>Ndfip1_T1,Cd3g_T4,Ndfip1_T1
Cd3g_T4<==>Rpl17_T4,Cd3g_T4,Rpl17_T4
Cd3g_T5<==>Spag9_M3,Cd3g_T5,Spag9_M3
Cd3g_T5<==>Hnrnpa0_M1,Cd3g_T5,Hnrnpa0_M1
Cd3g_T5<==>Tuba1b_B4,Cd3g_T5,Tuba1b_B4
Cd3g_T5<==>Iglv3_B1,Cd3g_T5,Iglv3_B1
Cd3g_T5<==>Ndufa7_T4,Cd3g_T5,Ndufa7_T4
Cd3g_T5<==>H2-Q6_B2,Cd3g_T5,H2-Q6_B2
Cd3g_T5<==>Cox8a_T4,Cd3g_T5,Cox8a_T4
Cd3d_T2<==>Rpsa_M5,Cd3d_T2,Rpsa_M5
Cd3d_T2<==>Sec61g_T2,Cd3d_T2,Sec61g_T2
Cd3d_T2<==>Rack1_M3,Cd3d_T2,Rack1_M3
Cd3d_T2<==>Basp1_M5,Cd3d_T2,Basp1_M5
Cd3d_T2<==>Vapa_M0,Cd3d_T2,Vapa_M0
Cd3d_T2<==>Rps14_M5,Cd3d_T2,Rps14_M5
Cd3d_T2<==>mt-Co2_B5,Cd3d_T2,mt-Co2_B5
Cd3d_T3<==>Cd3e_T3,Cd3d_T3,Cd3e_T3
Cd3d_T3<==>Lcp2_M1,Cd3d_T3,Lcp2_M1
Cd3d_T3<==>Rps2_M7,Cd3d_T3,Rps2_M7
Cd3d_T4<==>Cox7a2_M3,Cd3d_T4,Cox7a2_M3
Cd3d_T4<==>Pitpna_M3,Cd3d_T4,Pitpna_M3
Cd3d_T4<==>H2-Q7_B2,Cd3d_T4,H2-Q7_B2
Cd3d_T4<==>Cox7b_T4,Cd3d_T4,Cox7b_T4
Cd3e_B6_0<==>Mef2c_B1,Cd3e_B6_0,Mef2c_B1
Cd3e_B6_0<==>Rpl35a_T1,Cd3e_B6_0,Rpl35a_T1
Cd3e_M5<==>H2-D1_B1,Cd3e_M5,H2-D1_B1
Cd3e_T1<==>Ighv14-3_B3,Cd3e_T1,Ighv14-3_B3
Cd3e_T1<==>Mef2c_B1,Cd3e_T1,Mef2c_B1
Cd3e_T1<==>App_M3,Cd3e_T1,App_M3
Cd3e_T1<==>mt-Nd4l_B3,Cd3e_T1,mt-Nd4l_B3
Cd3e_T2<==>Rpl41_M3,Cd3e_T2,Rpl41_M3
Cd3e_T2<==>Rps29_T1,Cd3e_T2,Rps29_T1
Cd3e_T2<==>Ndufb1-ps_M3,Cd3e_T2,Ndufb1-ps_M3
Cd3e_T2<==>Ndufb1-ps_T2,Cd3e_T2,Ndufb1-ps_T2
Cd3e_T2<==>Ndufb1-ps_T3,Cd3e_T2,Ndufb1-ps_T3
Cd3e_T2<==>Atp5mpl_T4,Cd3e_T2,Atp5mpl_T4
Cd3e_T2<==>Mrpl52_M0,Cd3e_T2,Mrpl52_M0
Cd3e_T2<==>Rps28_M3,Cd3e_T2,Rps28_M3
Cd3e_T2<==>Rps28_T1,Cd3e_T2,Rps28_T1
Cd3e_T2<==>Atp5md_B5,Cd3e_T2,Atp5md_B5
Cd3e_T2<==>mt-Atp6_B0,Cd3e_T2,mt-Atp6_B0
Cd3e_T2<==>mt-Atp6_B2,Cd3e_T2,mt-Atp6_B2
Cd3e_T2<==>mt-Atp6_B5,Cd3e_T2,mt-Atp6_B5
Cadm1_M4<==>Epsti1_M4,Cadm1_M4,Epsti1_M4
Cadm1_M4<==>Il7r_T2,Cadm1_M4,Il7r_T2
Cadm1_M4<==>Iglc2_B7,Cadm1_M4,Iglc2_B7
Pou2af1_B3<==>Prdx4_B3,Pou2af1_B3,Prdx4_B3
Rdx_T5<==>Atp5h_B2,Rdx_T5,Atp5h_B2
Rdx_T5<==>H2-D1_B1,Rdx_T5,H2-D1_B1
Psma4_M0<==>Arpp19_M3,Psma4_M0,Arpp19_M3
Psma4_M0<==>Cox7a2_M0,Psma4_M0,Cox7a2_M0
Psma4_M0<==>Eif5a_B1,Psma4_M0,Eif5a_B1
Psma4_M0<==>Pfn1_M0,Psma4_M0,Pfn1_M0
Psma4_M0<==>Ccl7_O7,Psma4_M0,Ccl7_O7
Psma4_M0<==>H2-Q7_T2,Psma4_M0,H2-Q7_T2
Psma4_M0<==>Myl12a_M0,Psma4_M0,Myl12a_M0
Psma4_M0<==>Ptprcap_B1,Psma4_M0,Ptprcap_B1
Psma4_M0<==>Ms4a4c_M0,Psma4_M0,Ms4a4c_M0
Psma4_M1<==>Rpl14_T2,Psma4_M1,Rpl14_T2
Psma4_M1<==>Rps7_T2,Psma4_M1,Rps7_T2
Psma4_M1<==>Rps24_T2,Psma4_M1,Rps24_T2
Psma4_M3<==>Shisa5_T6,Psma4_M3,Shisa5_T6
Psma4_M3<==>Ighv4-1_B3,Psma4_M3,Ighv4-1_B3
Psma4_M4<==>H2-Q7_T5,Psma4_M4,H2-Q7_T5
1700017B05Rik_B3<==>Sqstm1_M1,1700017B05Rik_B3,Sqstm1_M1
Cox5a_B1<==>Lilrb4a_M0,Cox5a_B1,Lilrb4a_M0
Cox5a_B1<==>Ebf1_B1,Cox5a_B1,Ebf1_B1
Cox5a_B1<==>Hsp90aa1_B3,Cox5a_B1,Hsp90aa1_B3
Cox5a_B1<==>Iglc1_B7,Cox5a_B1,Iglc1_B7
Cox5a_B5<==>Ptprcap_B1,Cox5a_B5,Ptprcap_B1
Cox5a_M0<==>Itm2b_M3,Cox5a_M0,Itm2b_M3
Cox5a_M0<==>Snrpd1_B5,Cox5a_M0,Snrpd1_B5
Cox5a_T5<==>Pkm_M5,Cox5a_T5,Pkm_M5
Cox5a_T5<==>Atp5b_M3,Cox5a_T5,Atp5b_M3
Cox5a_T5<==>Eif5a_B1,Cox5a_T5,Eif5a_B1
Cox5a_T5<==>Calm1_B1,Cox5a_T5,Calm1_B1
Cox5a_T5<==>Ighm_B1,Cox5a_T5,Ighm_B1
Sema7a_M3<==>Srgn_M3,Sema7a_M3,Srgn_M3
Sema7a_M3<==>Polr2e_B3,Sema7a_M3,Polr2e_B3
Sema7a_M3<==>Ighg2b_B3,Sema7a_M3,Ighg2b_B3
Sema7a_M3<==>Serpinb6b_M3,Sema7a_M3,Serpinb6b_M3
Sema7a_M3<==>Tbc1d4_M3,Sema7a_M3,Tbc1d4_M3
Sema7a_M3<==>H2-Q7_M3,Sema7a_M3,H2-Q7_M3
Sema7a_M3<==>Ighv1-61_B3,Sema7a_M3,Ighv1-61_B3
Nptn_M3<==>Rpl41_M0,Nptn_M3,Rpl41_M0
Hexa_M0<==>mt-Nd3_B3,Hexa_M0,mt-Nd3_B3
Hexa_M4<==>Ly6a_B1,Hexa_M4,Ly6a_B1
Hexa_M4<==>Tuba1b_B4,Hexa_M4,Tuba1b_B4
Pkm_M0<==>Mif_M0,Pkm_M0,Mif_M0
Pkm_M0<==>Rps15_T5,Pkm_M0,Rps15_T5
Pkm_M0<==>Gm2a_M3,Pkm_M0,Gm2a_M3
Pkm_M0<==>Eif1_M3,Pkm_M0,Eif1_M3
Pkm_M0<==>Ighj4_B3,Pkm_M0,Ighj4_B3
Pkm_M0<==>Tmem14c_M0,Pkm_M0,Tmem14c_M0
Pkm_M0<==>Hnrnpc_T7,Pkm_M0,Hnrnpc_T7
Pkm_M0<==>Lcp1_M1,Pkm_M0,Lcp1_M1
Pkm_M0<==>Msrb1_M0,Pkm_M0,Msrb1_M0
Pkm_M0<==>Fth1_M5,Pkm_M0,Fth1_M5
Pkm_M3<==>Rpl23_T6,Pkm_M3,Rpl23_T6
Pkm_M3<==>Npc2_B3,Pkm_M3,Npc2_B3
Pkm_M3<==>Psme2_M3,Pkm_M3,Psme2_M3
Pkm_M3<==>Gm10076_M3,Pkm_M3,Gm10076_M3
Pkm_M3<==>Tmbim6_B4,Pkm_M3,Tmbim6_B4
Pkm_M3<==>Tomm6_T4,Pkm_M3,Tomm6_T4
Pkm_M3<==>Cox8a_M0,Pkm_M3,Cox8a_M0
Pkm_M3<==>Rpl10_B1,Pkm_M3,Rpl10_B1
Pkm_M3<==>Rpl36a_M3,Pkm_M3,Rpl36a_M3
Pkm_M3<==>Prdx4_B3,Pkm_M3,Prdx4_B3
Pkm_M5<==>Psmb6_M0,Pkm_M5,Psmb6_M0
Pkm_M5<==>Calm1_B1,Pkm_M5,Calm1_B1
Pkm_M5<==>Psme2_T5,Pkm_M5,Psme2_T5
Pkm_M5<==>Rps2_B1,Pkm_M5,Rps2_B1
Pkm_M5<==>Rps2_T6,Pkm_M5,Rps2_T6
Pkm_M5<==>Cox8a_M4,Pkm_M5,Cox8a_M4
Rplp1_B0<==>Ighv1-42_B3,Rplp1_B0,Ighv1-42_B3
Rplp1_B1<==>Rpl14_T1,Rplp1_B1,Rpl14_T1
Rplp1_B1<==>Dram1_M0,Rplp1_B1,Dram1_M0
Rplp1_B1<==>Odc1_T7,Rplp1_B1,Odc1_T7
Rplp1_B1<==>Igha_M3,Rplp1_B1,Igha_M3
Rplp1_B1<==>Igha_M5,Rplp1_B1,Igha_M5
Rplp1_B1<==>Ighv1-42_B3,Rplp1_B1,Ighv1-42_B3
Rplp1_B1<==>Rps2_B1,Rplp1_B1,Rps2_B1
Rplp1_B1<==>Rps2_T5,Rplp1_B1,Rps2_T5
Rplp1_B2<==>Rplp1_B5,Rplp1_B2,Rplp1_B5
Rplp1_B2<==>Rps15_T3,Rplp1_B2,Rps15_T3
Rplp1_B2<==>Sumo2_T4,Rplp1_B2,Sumo2_T4
Rplp1_B2<==>Igha_M0,Rplp1_B2,Igha_M0
Rplp1_B2<==>Gm10076_M3,Rplp1_B2,Gm10076_M3
Rplp1_B2<==>Cd47_T4,Rplp1_B2,Cd47_T4
Rplp1_B2<==>Psmb1_T4,Rplp1_B2,Psmb1_T4
Rplp1_B2<==>H2-K1_B2,Rplp1_B2,H2-K1_B2
Rplp1_B2<==>Cd74_M4,Rplp1_B2,Cd74_M4
Rplp1_B2<==>Prdx5_M2,Rplp1_B2,Prdx5_M2
Rplp1_B2<==>Rpl39_M3,Rplp1_B2,Rpl39_M3
Rplp1_B2<==>mt-Co3_M5,Rplp1_B2,mt-Co3_M5
Rplp1_B3<==>Rps15_T2,Rplp1_B3,Rps15_T2
Rplp1_B3<==>Lcp1_T2,Rplp1_B3,Lcp1_T2
Rplp1_B3<==>Txndc11_B3,Rplp1_B3,Txndc11_B3
Rplp1_B3<==>Rpl17_T3,Rplp1_B3,Rpl17_T3
Rplp1_B3<==>Rbm3_T4,Rplp1_B3,Rbm3_T4
Rplp1_B3<==>mt-Nd2_B2,Rplp1_B3,mt-Nd2_B2
Rplp1_B5<==>Rpl38_M3,Rplp1_B5,Rpl38_M3
Rplp1_B5<==>Zfp36l1_T1,Rplp1_B5,Zfp36l1_T1
Rplp1_B5<==>Npc2_B3,Rplp1_B5,Npc2_B3
Rplp1_B5<==>Rpl37_M3,Rplp1_B5,Rpl37_M3
Rplp1_B5<==>Rps2_B1,Rplp1_B5,Rps2_B1
Rplp1_B5<==>Tomm6_T4,Rplp1_B5,Tomm6_T4
Rplp1_T1<==>Dennd4a_B1,Rplp1_T1,Dennd4a_B1
Rplp1_T1<==>Polr2e_B3,Rplp1_T1,Polr2e_B3
Rplp1_T1<==>Nme2_B5,Rplp1_T1,Nme2_B5
Rplp1_T1<==>Cd79b_B1,Rplp1_T1,Cd79b_B1
Rplp1_T1<==>Igha_B5,Rplp1_T1,Igha_B5
Rplp1_T1<==>Eif3e_B2,Rplp1_T1,Eif3e_B2
Rplp1_T1<==>D16Ertd472e_B3,Rplp1_T1,D16Ertd472e_B3
Rplp1_T1<==>Atp5a1_M0,Rplp1_T1,Atp5a1_M0
Rplp1_T2<==>Txndc11_B3,Rplp1_T2,Txndc11_B3
Rplp1_T2<==>Rpl10a_T3,Rplp1_T2,Rpl10a_T3
Rplp1_T2<==>H2-Oa_M4,Rplp1_T2,H2-Oa_M4
Rplp1_T5<==>Ighv8-5_B3,Rplp1_T5,Ighv8-5_B3
Anp32a_T4<==>Naca_M3,Anp32a_T4,Naca_M3
Anp32a_T4<==>Igha_B2,Anp32a_T4,Igha_B2
Anp32a_T4<==>Tnrc6b_B3,Anp32a_T4,Tnrc6b_B3
Anp32a_T4<==>Iglv1_B0,Anp32a_T4,Iglv1_B0
Anp32a_T4<==>Pak2_B1,Anp32a_T4,Pak2_B1
Anp32a_T4<==>Elob_T2,Anp32a_T4,Elob_T2
Anp32a_T4<==>Ndufb11_B1,Anp32a_T4,Ndufb11_B1
Rpl4_B0<==>Rnasek_M3,Rpl4_B0,Rnasek_M3
Rpl4_B0<==>Ighg2b_B4,Rpl4_B0,Ighg2b_B4
Rpl4_B1<==>Psma3_T4,Rpl4_B1,Psma3_T4
Rpl4_B1<==>Ighv1-50_B3,Rpl4_B1,Ighv1-50_B3
Rpl4_B1<==>Cox17_M3,Rpl4_B1,Cox17_M3
Rpl4_B1<==>Rpl17_B1,Rpl4_B1,Rpl17_B1
Rpl4_B1<==>Cybb_M1,Rpl4_B1,Cybb_M1
Rpl4_B1<==>P2ry10_M4,Rpl4_B1,P2ry10_M4
Rpl4_B2<==>Rps23_B2,Rpl4_B2,Rps23_B2
Rpl4_B2<==>Ly6i_M0,Rpl4_B2,Ly6i_M0
Rpl4_B2<==>Cox7a2l_M0,Rpl4_B2,Cox7a2l_M0
Rpl4_B2<==>Crem_B1,Rpl4_B2,Crem_B1
Rpl4_B2<==>Fth1_M0,Rpl4_B2,Fth1_M0
Rpl4_M1<==>Ddx21_B1,Rpl4_M1,Ddx21_B1
Rpl4_M1<==>Rpl19_M1,Rpl4_M1,Rpl19_M1
Rpl4_M1<==>Lgmn_M1,Rpl4_M1,Lgmn_M1
Rpl4_M1<==>Hnrnpk_M1,Rpl4_M1,Hnrnpk_M1
Rpl4_M1<==>Cox17_M3,Rpl4_M1,Cox17_M3
Rpl4_M1<==>Ssr4_M1,Rpl4_M1,Ssr4_M1
Rpl4_M3<==>Rpl14_M3,Rpl4_M3,Rpl14_M3
Rpl4_M3<==>Rpl23a_M3,Rpl4_M3,Rpl23a_M3
Rpl4_M3<==>Rps7_M3,Rpl4_M3,Rps7_M3
Rpl4_M3<==>Lgmn_M3,Rpl4_M3,Lgmn_M3
Rpl4_T1<==>Rtcb_B4,Rpl4_T1,Rtcb_B4
Rpl4_T1<==>Havcr2_M3,Rpl4_T1,Havcr2_M3
Rpl4_T1<==>Dusp5_M5,Rpl4_T1,Dusp5_M5
Rpl4_T2<==>Eef2_B1,Rpl4_T2,Eef2_B1
Rpl4_T2<==>Dnajc7_B3,Rpl4_T2,Dnajc7_B3
Rpl4_T2<==>Ighv2-6_B3,Rpl4_T2,Ighv2-6_B3
Rpl4_T2<==>Rps14_T2,Rpl4_T2,Rps14_T2
Rpl4_T2<==>Ahnak_B7,Rpl4_T2,Ahnak_B7
Rpl4_T3<==>Ddx5_T4,Rpl4_T3,Ddx5_T4
Rpl4_T3<==>Cyth1_B1,Rpl4_T3,Cyth1_B1
Rpl4_T3<==>Scara5_O7,Rpl4_T3,Scara5_O7
Rpl4_T3<==>Igfbp6_O7,Rpl4_T3,Igfbp6_O7
Rpl4_T3<==>Rpl10a_T3,Rpl4_T3,Rpl10a_T3
Rpl4_T3<==>H2-Ab1_B1,Rpl4_T3,H2-Ab1_B1
Rpl4_T3<==>Hsp90ab1_T5,Rpl4_T3,Hsp90ab1_T5
Rpl4_T3<==>Rpl17_T2,Rpl4_T3,Rpl17_T2
Rpl4_T3<==>Rpl17_T3,Rpl4_T3,Rpl17_T3
Rpl4_T4<==>Eef1a1_T5,Rpl4_T4,Eef1a1_T5
Rpl4_T4<==>Rps15_T4,Rpl4_T4,Rps15_T4
Rpl4_T4<==>H2-Q6_M5,Rpl4_T4,H2-Q6_M5
Rpl4_T4<==>mt-Nd4l_T1,Rpl4_T4,mt-Nd4l_T1
Rpl4_T5<==>Rpsa_B1,Rpl4_T5,Rpsa_B1
Rpl4_T5<==>Rps15_T5,Rpl4_T5,Rps15_T5
Rpl4_T5<==>Eef2_T5,Rpl4_T5,Eef2_T5
Rpl4_T5<==>Rps27a_T5,Rpl4_T5,Rps27a_T5
Rpl4_T5<==>Rack1_M4,Rpl4_T5,Rack1_M4
Rpl4_T5<==>Rack1_T5,Rpl4_T5,Rack1_T5
Rpl4_T5<==>Rpl23_T5,Rpl4_T5,Rpl23_T5
Rpl4_T5<==>Rpl19_T5,Rpl4_T5,Rpl19_T5
Rpl4_T5<==>Ighv9-3_B1,Rpl4_T5,Ighv9-3_B1
Rpl4_T5<==>Cox7c_M3,Rpl4_T5,Cox7c_M3
Rpl4_T5<==>Tpt1_T1,Rpl4_T5,Tpt1_T1
Rpl4_T5<==>Eif3h_M0,Rpl4_T5,Eif3h_M0
Rpl4_T5<==>Tapbp_M4,Rpl4_T5,Tapbp_M4
Rpl4_T5<==>Rps18_T5,Rpl4_T5,Rps18_T5
Rpl4_T5<==>Rpl17_T5,Rpl4_T5,Rpl17_T5
Rpl4_T5<==>Cyb561a3_M7,Rpl4_T5,Cyb561a3_M7
Rpl4_T5<==>Rpl10_T5,Rpl4_T5,Rpl10_T5
Dennd4a_B1<==>Zeb1_T1,Dennd4a_B1,Zeb1_T1
Dennd4a_B1<==>Cd14_M2,Dennd4a_B1,Cd14_M2
Dennd4a_B1<==>Csf1r_M5,Dennd4a_B1,Csf1r_M5
Dennd4a_B3<==>Ahr_M1,Dennd4a_B3,Ahr_M1
Dennd4a_B4<==>Itk_T3,Dennd4a_B4,Itk_T3
Dennd4a_B4<==>Avpi1_M3,Dennd4a_B4,Avpi1_M3
Dennd4a_B5<==>Laptm4a_M0,Dennd4a_B5,Laptm4a_M0
Dennd4a_M5<==>Spag9_M5,Dennd4a_M5,Spag9_M5
Dennd4a_M5<==>Actg1_T1,Dennd4a_M5,Actg1_T1
Dennd4a_M5<==>Vasn_O7,Dennd4a_M5,Vasn_O7
Dennd4a_T2<==>Myl12b_T3,Dennd4a_T2,Myl12b_T3
Dennd4a_T4<==>Fnip1_M3,Dennd4a_T4,Fnip1_M3
Dennd4a_T4<==>Npc2_M3,Dennd4a_T4,Npc2_M3
Dennd4a_T4<==>Gm42418_T6,Dennd4a_T4,Gm42418_T6
Dennd4a_T4<==>Cd14_M2,Dennd4a_T4,Cd14_M2
Dennd4a_T4<==>Malt1_B5,Dennd4a_T4,Malt1_B5
Dennd4a_T5<==>Itk_T3,Dennd4a_T5,Itk_T3
Dennd4a_T5<==>Trac_T1,Dennd4a_T5,Trac_T1
Dennd4a_T5<==>Atp5g2_T4,Dennd4a_T5,Atp5g2_T4
Plekho2_M0<==>Tma7_T4,Plekho2_M0,Tma7_T4
Plekho2_M0<==>Rps12_O7,Plekho2_M0,Rps12_O7
Plekho2_M0<==>Serpinf1_O7,Plekho2_M0,Serpinf1_O7
Plekho2_M0<==>Ccl7_O7,Plekho2_M0,Ccl7_O7
Plekho2_M0<==>Scara5_O7,Plekho2_M0,Scara5_O7
Plekho2_M0<==>Lnpep_B1,Plekho2_M0,Lnpep_B1
Plekho2_M0<==>Csf1r_M0,Plekho2_M0,Csf1r_M0
Plekho2_M0<==>Ndufa1_M0,Plekho2_M0,Ndufa1_M0
Plekho2_M1<==>Itgb2_M0,Plekho2_M1,Itgb2_M0
Plekho2_M1<==>Gabarap_M3,Plekho2_M1,Gabarap_M3
Plekho2_M1<==>Cltc_M1,Plekho2_M1,Cltc_M1
Plekho2_M1<==>Rpl19_M1,Plekho2_M1,Rpl19_M1
Plekho2_M1<==>Tmed10_M0,Plekho2_M1,Tmed10_M0
Plekho2_M1<==>Igha_B7,Plekho2_M1,Igha_B7
Plekho2_M1<==>Lgals3_M1,Plekho2_M1,Lgals3_M1
Plekho2_M1<==>Cox6c_M0,Plekho2_M1,Cox6c_M0
Plekho2_M1<==>Ly6e_B3,Plekho2_M1,Ly6e_B3
Plekho2_M1<==>Tgif1_M0,Plekho2_M1,Tgif1_M0
Plekho2_M1<==>Myl12a_M0,Plekho2_M1,Myl12a_M0
Plekho2_M1<==>mt-Nd5_M0,Plekho2_M1,mt-Nd5_M0
Plekho2_M3<==>Btg1_T3,Plekho2_M3,Btg1_T3
Plekho2_M3<==>Timm23_M1,Plekho2_M3,Timm23_M1
Plekho2_M3<==>Gspt1_M1,Plekho2_M3,Gspt1_M1
Plekho2_M5<==>Ifngr1_M4,Plekho2_M5,Ifngr1_M4
Plekho2_M5<==>Uqcr11_M0,Plekho2_M5,Uqcr11_M0
Plekho2_M5<==>Eif1_M2,Plekho2_M5,Eif1_M2
Plekho2_M5<==>Pld4_M5,Plekho2_M5,Pld4_M5
Plekho2_M5<==>mt-Atp6_T4,Plekho2_M5,mt-Atp6_T4
Pclaf_T5<==>Eef1a1_B1,Pclaf_T5,Eef1a1_B1
Pclaf_T5<==>Rps26_T5,Pclaf_T5,Rps26_T5
Pclaf_T5<==>Rpl3_B1,Pclaf_T5,Rpl3_B1
Pclaf_T5<==>Cox17_M0,Pclaf_T5,Cox17_M0
Pclaf_T5<==>Calm2_B1,Pclaf_T5,Calm2_B1
Ppib_M0<==>Actg1_T4,Ppib_M0,Actg1_T4
Ppib_M0<==>Crem_M3,Ppib_M0,Crem_M3
Ppib_M1<==>Rnasek_M1,Ppib_M1,Rnasek_M1
Ppib_M1<==>Clic1_M1,Ppib_M1,Clic1_M1
Ppib_M1<==>Aif1_M1,Ppib_M1,Aif1_M1
Ppib_M3<==>Etf1_M1,Ppib_M3,Etf1_M1
Rab8b_M1<==>Ifngr1_M5,Rab8b_M1,Ifngr1_M5
Rab8b_M1<==>Xbp1_M4,Rab8b_M1,Xbp1_M4
Rab8b_M1<==>Ifi27l2a_T2,Rab8b_M1,Ifi27l2a_T2
Rab8b_M1<==>Cox7c_B5,Rab8b_M1,Cox7c_B5
Rab8b_M1<==>Timm23_M3,Rab8b_M1,Timm23_M3
Rab8b_M1<==>Glud1_M3,Rab8b_M1,Glud1_M3
Rab8b_M1<==>Btg3_B3,Rab8b_M1,Btg3_B3
Rab8b_M1<==>Satb1_T3,Rab8b_M1,Satb1_T3
Rab8b_M1<==>Reep5_T2,Rab8b_M1,Reep5_T2
Rab8b_M1<==>Paip2_T2,Rab8b_M1,Paip2_T2
Rab8b_M1<==>Cfl1_T7,Rab8b_M1,Cfl1_T7
Rab8b_M1<==>Fth1_T4,Rab8b_M1,Fth1_T4
Rab8b_M1<==>Ms4a6b_M1,Rab8b_M1,Ms4a6b_M1
Rab8b_M3<==>Slc25a3_T1,Rab8b_M3,Slc25a3_T1
Rab8b_M3<==>Sqstm1_M3,Rab8b_M3,Sqstm1_M3
Rab8b_M3<==>Cyth1_M3,Rab8b_M3,Cyth1_M3
Rab8b_M3<==>Btf3_T2,Rab8b_M3,Btf3_T2
Rab8b_M3<==>Map3k1_M5,Rab8b_M3,Map3k1_M5
Rab8b_M3<==>Reep5_T2,Rab8b_M3,Reep5_T2
Rab8b_M3<==>Paip2_T2,Rab8b_M3,Paip2_T2
Rab8b_M3<==>Rpl17_B0,Rab8b_M3,Rpl17_B0
Rab8b_M3<==>mt-Co3_B2,Rab8b_M3,mt-Co3_B2
Rab8b_M4<==>Cltc_M1,Rab8b_M4,Cltc_M1
Rab8b_M4<==>Nfkbia_B3,Rab8b_M4,Nfkbia_B3
Rab8b_M4<==>Ighg2c_B6_0,Rab8b_M4,Ighg2c_B6_0
Rab8b_M4<==>Serpinb9_M3,Rab8b_M4,Serpinb9_M3
Rab8b_M4<==>Fam49b_M3,Rab8b_M4,Fam49b_M3
Rab8b_M4<==>Ly6e_M1,Rab8b_M4,Ly6e_M1
Rab8b_M4<==>Samsn1_T7,Rab8b_M4,Samsn1_T7
Rab8b_M4<==>mt-Atp6_T6,Rab8b_M4,mt-Atp6_T6
Rab8b_M5<==>Cdv3_M4,Rab8b_M5,Cdv3_M4
Rab8b_M5<==>Ifngr1_T3,Rab8b_M5,Ifngr1_T3
Rab8b_M5<==>Sumo2_T3,Rab8b_M5,Sumo2_T3
Rab8b_M5<==>Ly6e_M1,Rab8b_M5,Ly6e_M1
Rab8b_M5<==>App_M5,Rab8b_M5,App_M5
Rab8b_M5<==>H2-T23_M1,Rab8b_M5,H2-T23_M1
Rab8b_M5<==>Gm42418_T3,Rab8b_M5,Gm42418_T3
Rab8b_M5<==>Gm42418_T4,Rab8b_M5,Gm42418_T4
Rab8b_M5<==>Gm42418_T5,Rab8b_M5,Gm42418_T5
Rab8b_M5<==>AY036118_M0,Rab8b_M5,AY036118_M0
Rab8b_M5<==>Calm2_B1,Rab8b_M5,Calm2_B1
Rab8b_T0<==>Rab8b_T4,Rab8b_T0,Rab8b_T4
Rab8b_T0<==>Cdv3_B1,Rab8b_T0,Cdv3_B1
Rab8b_T0<==>Tma7_T4,Rab8b_T0,Tma7_T4
Rab8b_T0<==>Slc25a3_T1,Rab8b_T0,Slc25a3_T1
Rab8b_T0<==>Snrpf_B1,Rab8b_T0,Snrpf_B1
Rab8b_T0<==>Snrpf_B5,Rab8b_T0,Snrpf_B5
Rab8b_T0<==>Rap1b_M3,Rab8b_T0,Rap1b_M3
Rab8b_T0<==>Prkar1a_T4,Rab8b_T0,Prkar1a_T4
Rab8b_T0<==>Ndufb1-ps_T4,Rab8b_T0,Ndufb1-ps_T4
Rab8b_T0<==>Emb_T2,Rab8b_T0,Emb_T2
Rab8b_T0<==>Timm23_M3,Rab8b_T0,Timm23_M3
Rab8b_T0<==>Ago2_M3,Rab8b_T0,Ago2_M3
Rab8b_T0<==>Il2rb_T4,Rab8b_T0,Il2rb_T4
Rab8b_T0<==>Cebpz_B1,Rab8b_T0,Cebpz_B1
Rab8b_T0<==>Cd14_M1,Rab8b_T0,Cd14_M1
Rab8b_T0<==>Ndufa1_M0,Rab8b_T0,Ndufa1_M0
Rab8b_T1<==>Rpl41_M3,Rab8b_T1,Rpl41_M3
Rab8b_T1<==>Rps29_M2,Rab8b_T1,Rps29_M2
Rab8b_T1<==>Gdi2_B4,Rab8b_T1,Gdi2_B4
Rab8b_T1<==>Tapbp_T5,Rab8b_T1,Tapbp_T5
Rab8b_T1<==>Igkv4-57_B3,Rab8b_T1,Igkv4-57_B3
Rab8b_T2<==>Rab8b_T3,Rab8b_T2,Rab8b_T3
Rab8b_T2<==>Slc25a3_T3,Rab8b_T2,Slc25a3_T3
Rab8b_T2<==>Odc1_M4,Rab8b_T2,Odc1_M4
Rab8b_T2<==>Nfkbia_T4,Rab8b_T2,Nfkbia_T4
Rab8b_T2<==>Syk_M3,Rab8b_T2,Syk_M3
Rab8b_T2<==>Map3k1_M5,Rab8b_T2,Map3k1_M5
Rab8b_T2<==>Pabpc1_M3,Rab8b_T2,Pabpc1_M3
Rab8b_T2<==>Ago2_M3,Rab8b_T2,Ago2_M3
Rab8b_T2<==>Iglv1_B4,Rab8b_T2,Iglv1_B4
Rab8b_T2<==>Pim1_T2,Rab8b_T2,Pim1_T2
Rab8b_T2<==>Calm2_B3,Rab8b_T2,Calm2_B3
Rab8b_T2<==>Calm2_T1,Rab8b_T2,Calm2_T1
Rab8b_T2<==>Nr3c1_T2,Rab8b_T2,Nr3c1_T2
Rab8b_T2<==>Nars_M4,Rab8b_T2,Nars_M4
Rab8b_T2<==>AW112010_M0,Rab8b_T2,AW112010_M0
Rab8b_T2<==>Ms4a6c_M3,Rab8b_T2,Ms4a6c_M3
Rab8b_T2<==>Atp5md_B2,Rab8b_T2,Atp5md_B2
Rab8b_T3<==>Prkar1a_B1,Rab8b_T3,Prkar1a_B1
Rab8b_T3<==>Rps29_T1,Rab8b_T3,Rps29_T1
Rab8b_T3<==>Syk_M3,Rab8b_T3,Syk_M3
Rab8b_T3<==>Rpl37_T2,Rab8b_T3,Rpl37_T2
Rab8b_T3<==>Ly6e_M5,Rab8b_T3,Ly6e_M5
Rab8b_T3<==>Rpl17_B5,Rab8b_T3,Rpl17_B5
Rab8b_T3<==>Atp5md_B5,Rab8b_T3,Atp5md_B5
Rab8b_T3<==>mt-Co2_B0,Rab8b_T3,mt-Co2_B0
Rab8b_T3<==>mt-Co2_T2,Rab8b_T3,mt-Co2_T2
Rab8b_T4<==>Slc25a3_T1,Rab8b_T4,Slc25a3_T1
Rab8b_T4<==>Rpl41_M3,Rab8b_T4,Rpl41_M3
Rab8b_T4<==>Sh3pxd2b_M4,Rab8b_T4,Sh3pxd2b_M4
Rab8b_T4<==>Grn_M0,Rab8b_T4,Grn_M0
Rab8b_T4<==>Rps29_T1,Rab8b_T4,Rps29_T1
Rab8b_T4<==>Rps29_T2,Rab8b_T4,Rps29_T2
Rab8b_T4<==>Ndufb1-ps_T4,Rab8b_T4,Ndufb1-ps_T4
Rab8b_T4<==>Atp5mpl_T3,Rab8b_T4,Atp5mpl_T3
Rab8b_T4<==>Rpl37_T1,Rab8b_T4,Rpl37_T1
Rab8b_T4<==>Samsn1_T7,Rab8b_T4,Samsn1_T7
Rab8b_T4<==>Rpl36_T5,Rab8b_T4,Rpl36_T5
Rab8b_T4<==>Calm2_B3,Rab8b_T4,Calm2_B3
Rab8b_T4<==>Tnfaip8_M4,Rab8b_T4,Tnfaip8_M4
Rab8b_T4<==>Rpl39_B1,Rab8b_T4,Rpl39_B1
Rab8b_T4<==>mt-Nd4_B0,Rab8b_T4,mt-Nd4_B0
Rab8b_T5<==>Ndufb1-ps_B5,Rab8b_T5,Ndufb1-ps_B5
Rab8b_T5<==>Ighg2c_B1,Rab8b_T5,Ighg2c_B1
Rab8b_T5<==>Rac2_T5,Rab8b_T5,Rac2_T5
Rab8b_T5<==>Calm2_T3,Rab8b_T5,Calm2_T3
Rps27l_B1<==>Arpp19_M3,Rps27l_B1,Arpp19_M3
Rps27l_B1<==>Rpsa_M3,Rps27l_B1,Rpsa_M3
Rps27l_B1<==>Bsg_M3,Rps27l_B1,Bsg_M3
Rps27l_B1<==>Rps27a_M5,Rps27l_B1,Rps27a_M5
Rps27l_B1<==>Clint1_T1,Rps27l_B1,Clint1_T1
Rps27l_B1<==>Kdm6b_T4,Rps27l_B1,Kdm6b_T4
Rps27l_B1<==>Snf8_T5,Rps27l_B1,Snf8_T5
Rps27l_B1<==>Stat3_B1,Rps27l_B1,Stat3_B1
Rps27l_B1<==>Atp5h_B2,Rps27l_B1,Atp5h_B2
Rps27l_B1<==>Sumo2_B1,Rps27l_B1,Sumo2_B1
Rps27l_B1<==>Sf3b6_B1,Rps27l_B1,Sf3b6_B1
Rps27l_B1<==>Calm1_B1,Rps27l_B1,Calm1_B1
Rps27l_B1<==>Igha_T2,Rps27l_B1,Igha_T2
Rps27l_B1<==>Ighv1-53_B3,Rps27l_B1,Ighv1-53_B3
Rps27l_B1<==>Tmem14c_M3,Rps27l_B1,Tmem14c_M3
Rps27l_B1<==>Rbx1_M4,Rps27l_B1,Rbx1_M4
Rps27l_B1<==>Slc38a1_M1,Rps27l_B1,Slc38a1_M1
Rps27l_B1<==>Slc38a2_B3,Rps27l_B1,Slc38a2_B3
Rps27l_B1<==>Elob_B1,Rps27l_B1,Elob_B1
Rps27l_B1<==>Srsf3_B2,Rps27l_B1,Srsf3_B2
Rps27l_B1<==>H2-DMb2_B1,Rps27l_B1,H2-DMb2_B1
Rps27l_B1<==>H2-Ab1_B1,Rps27l_B1,H2-Ab1_B1
Rps27l_B1<==>Vapa_M0,Rps27l_B1,Vapa_M0
Rps27l_B1<==>Fau_M3,Rps27l_B1,Fau_M3
Rps27l_B1<==>Rps4x_B0,Rps27l_B1,Rps4x_B0
Rps27l_B1<==>Rps4x_B2,Rps27l_B1,Rps4x_B2
Rps27l_B1<==>Rps4x_M3,Rps27l_B1,Rps4x_M3
Rps27l_B1<==>Morf4l2_M5,Rps27l_B1,Morf4l2_M5
Rps27l_B1<==>mt-Co3_B2,Rps27l_B1,mt-Co3_B2
Rps27l_B5<==>Gnai2_B1,Rps27l_B5,Gnai2_B1
Rps27l_B5<==>Rps12_M3,Rps27l_B5,Rps12_M3
Rps27l_B5<==>Snrpf_B1,Rps27l_B5,Snrpf_B1
Rps27l_B5<==>Nap1l1_B1,Rps27l_B5,Nap1l1_B1
Rps27l_B5<==>Uqcrq_M4,Rps27l_B5,Uqcrq_M4
Rps27l_B5<==>Prkar1a_B1,Rps27l_B5,Prkar1a_B1
Rps27l_B5<==>Srsf2_B5,Rps27l_B5,Srsf2_B5
Rps27l_B5<==>Mrpl52_B1,Rps27l_B5,Mrpl52_B1
Rps27l_B5<==>Cd47_T1,Rps27l_B5,Cd47_T1
Rps27l_B5<==>Got1_T2,Rps27l_B5,Got1_T2
Rps27l_B5<==>Ndufb11_M4,Rps27l_B5,Ndufb11_M4
Rps27l_M3<==>Prkar1a_T2,Rps27l_M3,Prkar1a_T2
Rps27l_M3<==>Cyth1_M5,Rps27l_M3,Cyth1_M5
Rps27l_M3<==>Odc1_B3,Rps27l_M3,Odc1_B3
Rps27l_M3<==>Psme2_B4,Rps27l_M3,Psme2_B4
Rps27l_M3<==>Ly6c2_B3,Rps27l_M3,Ly6c2_B3
Rps27l_M3<==>Ier3_M5,Rps27l_M3,Ier3_M5
Rps27l_M4<==>Txnrd1_M3,Rps27l_M4,Txnrd1_M3
Rps27l_M4<==>Slc25a3_T3,Rps27l_M4,Slc25a3_T3
Rps27l_M4<==>Snrpf_B5,Rps27l_M4,Snrpf_B5
Rps27l_M4<==>Xbp1_M4,Rps27l_M4,Xbp1_M4
Rps27l_M4<==>Ube2b_T1,Rps27l_M4,Ube2b_T1
Rps27l_M4<==>Ube2b_T7,Rps27l_M4,Ube2b_T7
Rps27l_M4<==>Cyth1_M3,Rps27l_M4,Cyth1_M3
Rps27l_M4<==>Smc6_M7,Rps27l_M4,Smc6_M7
Rps27l_M4<==>Calm1_B2,Rps27l_M4,Calm1_B2
Rps27l_M4<==>Ighg2b_B0,Rps27l_M4,Ighg2b_B0
Rps27l_M4<==>Serpinb9_M3,Rps27l_M4,Serpinb9_M3
Rps27l_M4<==>Appl1_M3,Rps27l_M4,Appl1_M3
Rps27l_M4<==>Appl1_M4,Rps27l_M4,Appl1_M4
Rps27l_M4<==>Ywhaz_T3,Rps27l_M4,Ywhaz_T3
Rps27l_M4<==>Il2rb_T4,Rps27l_M4,Il2rb_T4
Rps27l_M4<==>Slc38a2_B3,Rps27l_M4,Slc38a2_B3
Rps27l_M4<==>Atp5g2_M3,Rps27l_M4,Atp5g2_M3
Rps27l_M4<==>Ets2_M0,Rps27l_M4,Ets2_M0
Rps27l_M4<==>Satb1_T3,Rps27l_M4,Satb1_T3
Rps27l_M4<==>Cebpz_B1,Rps27l_M4,Cebpz_B1
Rps27l_M4<==>Calm2_B3,Rps27l_M4,Calm2_B3
Rps27l_M4<==>Snrpd1_B5,Rps27l_M4,Snrpd1_B5
Rps27l_M4<==>Eif1a_M3,Rps27l_M4,Eif1a_M3
Rps27l_M4<==>mt-Atp6_B2,Rps27l_M4,mt-Atp6_B2
Lactb_M4<==>Nfkbia_B3,Lactb_M4,Nfkbia_B3
Lactb_M4<==>Appl1_M4,Lactb_M4,Appl1_M4
Lactb_M4<==>Sub1_T3,Lactb_M4,Sub1_T3
Lactb_M4<==>Ywhaz_B3,Lactb_M4,Ywhaz_B3
Lactb_M4<==>Crem_T0,Lactb_M4,Crem_T0
Lactb_M4<==>Cd14_M1,Lactb_M4,Cd14_M1
Rora_M5<==>Pld4_M5,Rora_M5,Pld4_M5
Rora_M5<==>Mpeg1_M5,Rora_M5,Mpeg1_M5
Rora_T1<==>Btg1_T3,Rora_T1,Btg1_T3
Rora_T1<==>Evi2a_M4,Rora_T1,Evi2a_M4
Rora_T2<==>Cyth1_M5,Rora_T2,Cyth1_M5
Rora_T2<==>Foxn3_M5,Rora_T2,Foxn3_M5
Rora_T3<==>Cnpy2_B3,Rora_T3,Cnpy2_B3
Rora_T3<==>Tmsb4x_B2,Rora_T3,Tmsb4x_B2
Rora_T4<==>Zeb1_T4,Rora_T4,Zeb1_T4
Rora_T4<==>Slc3a2_T3,Rora_T4,Slc3a2_T3
Anxa2_M4<==>Crip1_M4,Anxa2_M4,Crip1_M4
Anxa2_M4<==>Ighv9-4_B3,Anxa2_M4,Ighv9-4_B3
Anxa2_M4<==>Ighv1-54_B2,Anxa2_M4,Ighv1-54_B2
Anxa2_M4<==>Vegfa_M1,Anxa2_M4,Vegfa_M1
Rfx7_M4<==>Fth1_T4,Rfx7_M4,Fth1_T4
Fam214a_B3<==>Eif1_M2,Fam214a_B3,Eif1_M2
Fam214a_B3<==>Cox8a_B2,Fam214a_B3,Cox8a_B2
Arpp19_M3<==>Tma7_M4,Arpp19_M3,Tma7_M4
Arpp19_M3<==>Rpsa_M3,Arpp19_M3,Rpsa_M3
Arpp19_M3<==>Rtn4_M3,Arpp19_M3,Rtn4_M3
Arpp19_M3<==>Gfpt2_O7,Arpp19_M3,Gfpt2_O7
Arpp19_M3<==>Ighg1_B2,Arpp19_M3,Ighg1_B2
Arpp19_M3<==>Ighv2-3_B3,Arpp19_M3,Ighv2-3_B3
Arpp19_M3<==>Tmem14c_M3,Arpp19_M3,Tmem14c_M3
Arpp19_M3<==>Atf4_B3,Arpp19_M3,Atf4_B3
Arpp19_M3<==>Crem_B5,Arpp19_M3,Crem_B5
Arpp19_M3<==>Ptprcap_B1,Arpp19_M3,Ptprcap_B1
Arpp19_M3<==>Tmem258_T4,Arpp19_M3,Tmem258_T4
Arpp19_M3<==>Rps4x_B2,Arpp19_M3,Rps4x_B2
Arpp19_M3<==>mt-Co2_B2,Arpp19_M3,mt-Co2_B2
Eef1a1_B1<==>Ppp2ca_M5,Eef1a1_B1,Ppp2ca_M5
Eef1a1_B1<==>Rps23_B1,Eef1a1_B1,Rps23_B1
Eef1a1_B1<==>Calm2_B1,Eef1a1_B1,Calm2_B1
Eef1a1_B1<==>Rps4x_B1,Eef1a1_B1,Rps4x_B1
Eef1a1_B2<==>2410006H16Rik_M3,Eef1a1_B2,2410006H16Rik_M3
Eef1a1_B2<==>Rps23_B2,Eef1a1_B2,Rps23_B2
Eef1a1_B3<==>Rac2_T2,Eef1a1_B3,Rac2_T2
Eef1a1_B3<==>Iglv3_B3,Eef1a1_B3,Iglv3_B3
Eef1a1_B3<==>Nrip1_T2,Eef1a1_B3,Nrip1_T2
Eef1a1_B3<==>AW112010_O10,Eef1a1_B3,AW112010_O10
Eef1a1_B4<==>Atp5d_B1,Eef1a1_B4,Atp5d_B1
Eef1a1_B4<==>Ifrd1_M2,Eef1a1_B4,Ifrd1_M2
Eef1a1_B5<==>Bcr_O10,Eef1a1_B5,Bcr_O10
Eef1a1_B5<==>Rap1b_T1,Eef1a1_B5,Rap1b_T1
Eef1a1_B5<==>Tuba1b_B4,Eef1a1_B5,Tuba1b_B4
Eef1a1_B5<==>Ndufa7_T4,Eef1a1_B5,Ndufa7_T4
Eef1a1_B5<==>H2-Q6_B2,Eef1a1_B5,H2-Q6_B2
Eef1a1_B5<==>Ndufa1_T4,Eef1a1_B5,Ndufa1_T4
Eef1a1_M0<==>Rpl14_M0,Eef1a1_M0,Rpl14_M0
Eef1a1_M0<==>Sub1_B3,Eef1a1_M0,Sub1_B3
Eef1a1_M0<==>Rpl10a_M0,Eef1a1_M0,Rpl10a_M0
Eef1a1_M0<==>Crem_M4,Eef1a1_M0,Crem_M4
Eef1a1_M1<==>Btf3_M1,Eef1a1_M1,Btf3_M1
Eef1a1_M1<==>Rpl3_M1,Eef1a1_M1,Rpl3_M1
Eef1a1_M1<==>Atp5g2_T4,Eef1a1_M1,Atp5g2_T4
Eef1a1_M1<==>Atp5a1_M0,Eef1a1_M1,Atp5a1_M0
Eef1a1_M1<==>Avpi1_T4,Eef1a1_M1,Avpi1_T4
Eef1a1_M3<==>Atp5d_B1,Eef1a1_M3,Atp5d_B1
Eef1a1_M3<==>Ppp2ca_M1,Eef1a1_M3,Ppp2ca_M1
Eef1a1_M3<==>Vmp1_M5,Eef1a1_M3,Vmp1_M5
Eef1a1_M3<==>Hif1a_T5,Eef1a1_M3,Hif1a_T5
Eef1a1_M3<==>Crip1_B2,Eef1a1_M3,Crip1_B2
Eef1a1_M3<==>Psma2_O10,Eef1a1_M3,Psma2_O10
Eef1a1_M3<==>Hist1h2ae_T5,Eef1a1_M3,Hist1h2ae_T5
Eef1a1_M3<==>Sub1_B2,Eef1a1_M3,Sub1_B2
Eef1a1_M3<==>Rpl3_M3,Eef1a1_M3,Rpl3_M3
Eef1a1_M3<==>Pfdn5_M3,Eef1a1_M3,Pfdn5_M3
Eef1a1_M3<==>Rpl24_M3,Eef1a1_M3,Rpl24_M3
Eef1a1_M3<==>Rpl17_B0,Eef1a1_M3,Rpl17_B0
Eef1a1_M3<==>Atp5md_B2,Eef1a1_M3,Atp5md_B2
Eef1a1_M3<==>Dusp5_M1,Eef1a1_M3,Dusp5_M1
Eef1a1_T2<==>Actr2_M4,Eef1a1_T2,Actr2_M4
Eef1a1_T4<==>Rpl23a_T4,Eef1a1_T4,Rpl23a_T4
Eef1a1_T4<==>Rpl27_T4,Eef1a1_T4,Rpl27_T4
Eef1a1_T4<==>Eif3h_B1,Eef1a1_T4,Eif3h_B1
Eef1a1_T4<==>Eif3h_T4,Eef1a1_T4,Eif3h_T4
Eef1a1_T4<==>Rpl10a_B1,Eef1a1_T4,Rpl10a_B1
Eef1a1_T4<==>Rpl17_T4,Eef1a1_T4,Rpl17_T4
Eef1a1_T5<==>Rpsa_T5,Eef1a1_T5,Rpsa_T5
Eef1a1_T5<==>Naca_T5,Eef1a1_T5,Naca_T5
Eef1a1_T5<==>Rack1_T5,Eef1a1_T5,Rack1_T5
Eef1a1_T5<==>Rpl23_T5,Eef1a1_T5,Rpl23_T5
Eef1a1_T5<==>Actg1_M0,Eef1a1_T5,Actg1_M0
Eef1a1_T5<==>Rpl10a_T5,Eef1a1_T5,Rpl10a_T5
Eef1a1_T5<==>Prdx5_M0,Eef1a1_T5,Prdx5_M0
Eef1a1_T5<==>Rps4x_T5,Eef1a1_T5,Rps4x_T5
Col12a1_O4<==>Atp5d_B1,Col12a1_O4,Atp5d_B1
Col12a1_O4<==>Rps14_T2,Col12a1_O4,Rps14_T2
Col12a1_O4<==>Rps4x_T2,Col12a1_O4,Rps4x_T2
Cox7a2_M0<==>Tma7_T4,Cox7a2_M0,Tma7_T4
Cox7a2_M0<==>Uqcrq_M0,Cox7a2_M0,Uqcrq_M0
Cox7a2_M0<==>Arf1_M0,Cox7a2_M0,Arf1_M0
Cox7a2_M0<==>Eif4a1_B1,Cox7a2_M0,Eif4a1_B1
Cox7a2_M0<==>Eif5a_B1,Cox7a2_M0,Eif5a_B1
Cox7a2_M0<==>Hif1a_M5,Cox7a2_M0,Hif1a_M5
Cox7a2_M0<==>Tmem14c_M0,Cox7a2_M0,Tmem14c_M0
Cox7a2_M0<==>Psme1_M3,Cox7a2_M0,Psme1_M3
Cox7a2_M0<==>Cox6c_T4,Cox7a2_M0,Cox6c_T4
Cox7a2_M0<==>Tmbim6_M4,Cox7a2_M0,Tmbim6_M4
Cox7a2_M0<==>Lst1_M0,Cox7a2_M0,Lst1_M0
Cox7a2_M0<==>H2-Q7_T2,Cox7a2_M0,H2-Q7_T2
Cox7a2_M0<==>H2-T23_M0,Cox7a2_M0,H2-T23_M0
Cox7a2_M0<==>Tomm6_M0,Cox7a2_M0,Tomm6_M0
Cox7a2_M0<==>Ppp1ca_M0,Cox7a2_M0,Ppp1ca_M0
Cox7a2_M0<==>Tmem258_T4,Cox7a2_M0,Tmem258_T4
Cox7a2_M0<==>Ndufa1_M0,Cox7a2_M0,Ndufa1_M0
Cox7a2_M3<==>Abracl_T4,Cox7a2_M3,Abracl_T4
Cox7a2_M3<==>Psme1_M3,Cox7a2_M3,Psme1_M3
Cox7a2_M3<==>Atp5g2_B5,Cox7a2_M3,Atp5g2_B5
Cox7a2_M3<==>Clic1_M5,Cox7a2_M3,Clic1_M5
Cox7a2_M3<==>H2-D1_B4,Cox7a2_M3,H2-D1_B4
Cox7a2_M3<==>Xist_T4,Cox7a2_M3,Xist_T4
Cox7a2_M4<==>Ywhaz_M5,Cox7a2_M4,Ywhaz_M5
Cox7a2_M4<==>H2-K1_M0,Cox7a2_M4,H2-K1_M0
Cox7a2_M5<==>Rpsa_M3,Cox7a2_M5,Rpsa_M3
Cox7a2_M5<==>Srgn_T4,Cox7a2_M5,Srgn_T4
Cox7a2_M5<==>Pfn1_M5,Cox7a2_M5,Pfn1_M5
Cox7a2_M5<==>Grb2_M5,Cox7a2_M5,Grb2_M5
Cox7a2_M5<==>Il2rb_T5,Cox7a2_M5,Il2rb_T5
Cox7a2_M5<==>Myl12b_B1,Cox7a2_M5,Myl12b_B1
Cox7a2_T4<==>Sec61g_T4,Cox7a2_T4,Sec61g_T4
Cox7a2_T4<==>H2-Ab1_M7,Cox7a2_T4,H2-Ab1_M7
Syncrip_B5<==>Ccr9_M7,Syncrip_B5,Ccr9_M7
Syncrip_B5<==>Rab1a_M3,Syncrip_B5,Rab1a_M3
Syncrip_M3<==>Hsp90aa1_B0,Syncrip_M3,Hsp90aa1_B0
Syncrip_M3<==>AW112010_T7,Syncrip_M3,AW112010_T7
Bcl2a1d_M3<==>Pkib_M3,Bcl2a1d_M3,Pkib_M3
Bcl2a1d_M3<==>Ube2b_T2,Bcl2a1d_M3,Ube2b_T2
Bcl2a1d_M3<==>Calm1_B2,Bcl2a1d_M3,Calm1_B2
Bcl2a1d_M3<==>Tnfaip2_M3,Bcl2a1d_M3,Tnfaip2_M3
Bcl2a1d_M3<==>Ighv5-12_B2,Bcl2a1d_M3,Ighv5-12_B2
Bcl2a1d_M3<==>Gpr137b_M3,Bcl2a1d_M3,Gpr137b_M3
Bcl2a1d_M3<==>Csf2rb_M4,Bcl2a1d_M3,Csf2rb_M4
Bcl2a1d_M3<==>Zbtb20_B1,Bcl2a1d_M3,Zbtb20_B1
Bcl2a1d_M3<==>Cebpz_B1,Bcl2a1d_M3,Cebpz_B1
Bcl2a1d_M3<==>Zfp36l2_M3,Bcl2a1d_M3,Zfp36l2_M3
Bcl2a1d_M3<==>Crem_T2,Bcl2a1d_M3,Crem_T2
Bcl2a1d_M4<==>Atox1_M4,Bcl2a1d_M4,Atox1_M4
Bcl2a1d_M4<==>Calm1_B2,Bcl2a1d_M4,Calm1_B2
Bcl2a1d_M4<==>Ighv8-8_B2,Bcl2a1d_M4,Ighv8-8_B2
Bcl2a1d_M4<==>Dusp5_M4,Bcl2a1d_M4,Dusp5_M4
Bcl2a1d_T4<==>Bcl2a1b_T4,Bcl2a1d_T4,Bcl2a1b_T4
Bcl2a1d_T4<==>Cd47_T1,Bcl2a1d_T4,Cd47_T1
Bcl2a1d_T4<==>Gm8369_T6_3,Bcl2a1d_T4,Gm8369_T6_3
Bcl2a1a_M0<==>Dazap1_T5,Bcl2a1a_M0,Dazap1_T5
Bcl2a1a_M0<==>Txnrd1_M0,Bcl2a1a_M0,Txnrd1_M0
Bcl2a1a_M0<==>Ebf1_O7,Bcl2a1a_M0,Ebf1_O7
Bcl2a1a_M0<==>Syk_M0,Bcl2a1a_M0,Syk_M0
Bcl2a1a_M0<==>Etf1_M0,Bcl2a1a_M0,Etf1_M0
Bcl2a1b_B5<==>Fth1_M3,Bcl2a1b_B5,Fth1_M3
Bcl2a1b_M2<==>Atp2b1_M2,Bcl2a1b_M2,Atp2b1_M2
Bcl2a1b_M2<==>Supt4a_T1,Bcl2a1b_M2,Supt4a_T1
Bcl2a1b_M2<==>Eif3h_T3,Bcl2a1b_M2,Eif3h_T3
Bcl2a1b_M2<==>Retnlg_M2,Bcl2a1b_M2,Retnlg_M2
Bcl2a1b_M2<==>Cd47_M7,Bcl2a1b_M2,Cd47_M7
Bcl2a1b_M2<==>Rpl10a_T2,Bcl2a1b_M2,Rpl10a_T2
Bcl2a1b_M3<==>Ccr7_M3,Bcl2a1b_M3,Ccr7_M3
Bcl2a1b_T4<==>Kdm6b_T4,Bcl2a1b_T4,Kdm6b_T4
Bcl2a1b_T4<==>Rpl23_M3,Bcl2a1b_T4,Rpl23_M3
Bcl2a1b_T4<==>Npc2_B3,Bcl2a1b_T4,Npc2_B3
Bcl2a1b_T4<==>Cd47_T4,Bcl2a1b_T4,Cd47_T4
Bcl2a1b_T4<==>Glo1_T5,Bcl2a1b_T4,Glo1_T5
Bcl2a1b_T4<==>Psmb8_T5,Bcl2a1b_T4,Psmb8_T5
Bcl2a1b_T4<==>C3_M0,Bcl2a1b_T4,C3_M0
Bcl2a1b_T4<==>Unc93b1_B4,Bcl2a1b_T4,Unc93b1_B4
Bcl2a1b_T4<==>Pten_M0,Bcl2a1b_T4,Pten_M0
Ctsh_B1<==>Hsp90aa1_B0,Ctsh_B1,Hsp90aa1_B0
Ctsh_B1<==>Malat1_T4,Ctsh_B1,Malat1_T4
Ctsh_M0<==>Ccr1_M1,Ctsh_M0,Ccr1_M1
Ctsh_M0<==>Hint1_T4,Ctsh_M0,Hint1_T4
Ctsh_M0<==>Tmed10_M0,Ctsh_M0,Tmed10_M0
Ctsh_M0<==>Myc_B5,Ctsh_M0,Myc_B5
Ctsh_M0<==>Psmb9_B4,Ctsh_M0,Psmb9_B4
Ctsh_M0<==>Lrg1_M2,Ctsh_M0,Lrg1_M2
Ctsh_M1<==>H2-D1_B4,Ctsh_M1,H2-D1_B4
Ctsh_M1<==>Tomm6_M0,Ctsh_M1,Tomm6_M0
Ctsh_M3<==>Rapgef6_T6,Ctsh_M3,Rapgef6_T6
Ctsh_M3<==>2410006H16Rik_B2,Ctsh_M3,2410006H16Rik_B2
Ctsh_M3<==>Rpl38_M3,Ctsh_M3,Rpl38_M3
Ctsh_M3<==>Vdac2_M0,Ctsh_M3,Vdac2_M0
Ctsh_M3<==>Ube2i_M0,Ctsh_M3,Ube2i_M0
Ctsh_M3<==>mt-Co3_B3,Ctsh_M3,mt-Co3_B3
Ctsh_M3<==>mt-Cytb_B3,Ctsh_M3,mt-Cytb_B3
Morf4l1_B3<==>Sqstm1_B3,Morf4l1_B3,Sqstm1_B3
Morf4l1_B3<==>Pafah1b1_B3,Morf4l1_B3,Pafah1b1_B3
Morf4l1_B3<==>Cltc_M1,Morf4l1_B3,Cltc_M1
Morf4l1_B3<==>Prkar1a_B3,Morf4l1_B3,Prkar1a_B3
Morf4l1_B3<==>Crip1_B3,Morf4l1_B3,Crip1_B3
Morf4l1_B3<==>Nol7_B3,Morf4l1_B3,Nol7_B3
Atp1b3_M0<==>Srgn_M0,Atp1b3_M0,Srgn_M0
Atp1b3_M0<==>Calm1_M0,Atp1b3_M0,Calm1_M0
Atp1b3_M0<==>BC005537_M0,Atp1b3_M0,BC005537_M0
Atp1b3_M0<==>Pabpc1_M0,Atp1b3_M0,Pabpc1_M0
Atp1b3_M0<==>Ywhaz_M0,Atp1b3_M0,Ywhaz_M0
Atp1b3_M0<==>Ly6i_M0,Atp1b3_M0,Ly6i_M0
Atp1b3_M0<==>Dazap2_M0,Atp1b3_M0,Dazap2_M0
Atp1b3_M0<==>Atp5j_M0,Atp1b3_M0,Atp5j_M0
Atp1b3_M0<==>Glo1_T5,Atp1b3_M0,Glo1_T5
Atp1b3_M0<==>Gm42418_T5,Atp1b3_M0,Gm42418_T5
Atp1b3_M3<==>Gpx4_M3,Atp1b3_M3,Gpx4_M3
Atp1b3_M3<==>Ppp2ca_M1,Atp1b3_M3,Ppp2ca_M1
Atp1b3_M3<==>Sub1_B2,Atp1b3_M3,Sub1_B2
Anapc13_B3<==>Marcks_M3,Anapc13_B3,Marcks_M3
Anapc13_B3<==>Prkar1a_T3,Anapc13_B3,Prkar1a_T3
Anapc13_B3<==>Emb_T3,Anapc13_B3,Emb_T3
Trf_B3<==>Ubb_B1,Trf_B3,Ubb_B1
Trf_B3<==>Cox7c_T1,Trf_B3,Cox7c_T1
Trf_B3<==>Rpl36a_B4,Trf_B3,Rpl36a_B4
Cdv3_B1<==>Rpl26_M1,Cdv3_B1,Rpl26_M1
Cdv3_B1<==>Rnasek_B1,Cdv3_B1,Rnasek_B1
Cdv3_B1<==>Ier3_M1,Cdv3_B1,Ier3_M1
Cdv3_B3<==>Atp2b1_M4,Cdv3_B3,Atp2b1_M4
Cdv3_B3<==>Gdi2_B3,Cdv3_B3,Gdi2_B3
Cdv3_B3<==>H2-D1_T7,Cdv3_B3,H2-D1_T7
Cdv3_B3<==>Nars_B3,Cdv3_B3,Nars_B3
Cdv3_M4<==>Ifngr1_T3,Cdv3_M4,Ifngr1_T3
Cdv3_M4<==>Srgn_T4,Cdv3_M4,Srgn_T4
Cdv3_M4<==>Slc38a1_M4,Cdv3_M4,Slc38a1_M4
Cdv3_M4<==>Cct8_T5,Cdv3_M4,Cct8_T5
Cdv3_M4<==>Atp6v0c_T4,Cdv3_M4,Atp6v0c_T4
Cdv3_M4<==>Ube2d2a_M0,Cdv3_M4,Ube2d2a_M0
Ppm1m_M4<==>Rhoa_B1,Ppm1m_M4,Rhoa_B1
Ppm1m_M4<==>Ppp2ca_M4,Ppm1m_M4,Ppp2ca_M4
Ppm1m_M4<==>H2-T23_M1,Ppm1m_M4,H2-T23_M1
Ppm1m_M4<==>Cox8a_B2,Ppm1m_M4,Cox8a_B2
Rpl29_B1<==>Rps15_T3,Rpl29_B1,Rps15_T3
Rpl29_B1<==>Myl6_B0,Rpl29_B1,Myl6_B0
Rpl29_B1<==>Igha_B1,Rpl29_B1,Igha_B1
Rpl29_B1<==>Ighv1-74_B3,Rpl29_B1,Ighv1-74_B3
Rpl29_B1<==>Eif3e_B1,Rpl29_B1,Eif3e_B1
Rpl29_B1<==>Txndc11_B3,Rpl29_B1,Txndc11_B3
Rpl29_B1<==>Iglv1_B0,Rpl29_B1,Iglv1_B0
Rpl29_B1<==>Sod1_M3,Rpl29_B1,Sod1_M3
Rpl29_B1<==>Rps2_T3,Rpl29_B1,Rps2_T3
Rpl29_B1<==>Gm42418_B1,Rpl29_B1,Gm42418_B1
Rpl29_B1<==>Csnk1a1_M3,Rpl29_B1,Csnk1a1_M3
Rpl29_B1<==>mt-Nd5_T4,Rpl29_B1,mt-Nd5_T4
Rpl29_B3<==>Ppa1_B3,Rpl29_B3,Ppa1_B3
Rpl29_B3<==>Srgn_B3,Rpl29_B3,Srgn_B3
Rpl29_B3<==>Cox14_M4,Rpl29_B3,Cox14_M4
Rpl29_B4<==>Slc25a3_T2,Rpl29_B4,Slc25a3_T2
Rpl29_B4<==>Erh_B4,Rpl29_B4,Erh_B4
Rpl29_B4<==>Iglv3_B1,Rpl29_B4,Iglv3_B1
Rpl29_B4<==>Rpl36a_B4,Rpl29_B4,Rpl36a_B4
Rpl29_B5<==>Ms4a4b_T0,Rpl29_B5,Ms4a4b_T0
Rpl29_M0<==>Gnai2_B1,Rpl29_M0,Gnai2_B1
Rpl29_M0<==>Psmb6_M0,Rpl29_M0,Psmb6_M0
Rpl29_M0<==>Rpl23a_B1,Rpl29_M0,Rpl23a_B1
Rpl29_M0<==>Srsf1_B4,Rpl29_M0,Srsf1_B4
Rpl29_M0<==>Igha_M0,Rpl29_M0,Igha_M0
Rpl29_M0<==>Eif3h_T4,Rpl29_M0,Eif3h_T4
Rpl29_M0<==>Tspo_T3,Rpl29_M0,Tspo_T3
Rpl29_M0<==>H2-Q6_B2,Rpl29_M0,H2-Q6_B2
Rpl29_M0<==>Cox8a_M0,Rpl29_M0,Cox8a_M0
Rpl29_M1<==>Msrb1_M1,Rpl29_M1,Msrb1_M1
Rpl29_M3<==>Pfn1_T5,Rpl29_M3,Pfn1_T5
Rpl29_M3<==>Rtraf_M4,Rpl29_M3,Rtraf_M4
Rpl29_M3<==>AW112010_M5,Rpl29_M3,AW112010_M5
Rpl29_M4<==>Manf_B3,Rpl29_M4,Manf_B3
Rpl29_M4<==>Mif_T3,Rpl29_M4,Mif_T3
Rpl29_M4<==>Dnajb9_B3,Rpl29_M4,Dnajb9_B3
Rpl29_T5<==>Rhoa_B3,Rpl29_T5,Rhoa_B3
Manf_B3<==>Rhoa_B3,Manf_B3,Rhoa_B3
Manf_B3<==>Canx_B3,Manf_B3,Canx_B3
Manf_B3<==>Ift20_B3,Manf_B3,Ift20_B3
Manf_B3<==>Pdia6_B3,Manf_B3,Pdia6_B3
Manf_B3<==>Dnajb9_B3,Manf_B3,Dnajb9_B3
Manf_B3<==>Dad1_B3,Manf_B3,Dad1_B3
Manf_B3<==>Nedd8_B3,Manf_B3,Nedd8_B3
Manf_B3<==>Tspo_B3,Manf_B3,Tspo_B3
Manf_B3<==>Cd47_B3,Manf_B3,Cd47_B3
Manf_B3<==>Cdkn1a_M3,Manf_B3,Cdkn1a_M3
Manf_B3<==>H2-Aa_O10,Manf_B3,H2-Aa_O10
Manf_M0<==>Cox7c_M3,Manf_M0,Cox7c_M3
Manf_M0<==>Cox17_M0,Manf_M0,Cox17_M0
Manf_M0<==>Myl12a_M0,Manf_M0,Myl12a_M0
Manf_M1<==>Ddx5_O10,Manf_M1,Ddx5_O10
Manf_M1<==>Eif5_O10,Manf_M1,Eif5_O10
Manf_M3<==>Ighv5-17_B3,Manf_M3,Ighv5-17_B3
Gnai2_B1<==>Gnai2_T4,Gnai2_B1,Gnai2_T4
Gnai2_B1<==>Uqcrq_M4,Gnai2_B1,Uqcrq_M4
Gnai2_B1<==>Crip1_T4,Gnai2_B1,Crip1_T4
Gnai2_B1<==>Mcur1_M4,Gnai2_B1,Mcur1_M4
Gnai2_B1<==>Btf3_T4,Gnai2_B1,Btf3_T4
Gnai2_B1<==>Selenok_T2,Gnai2_B1,Selenok_T2
Gnai2_B1<==>Mtdh_B1,Gnai2_B1,Mtdh_B1
Gnai2_B1<==>Pak2_T1,Gnai2_B1,Pak2_T1
Gnai2_B1<==>Synj1_M3,Gnai2_B1,Synj1_M3
Gnai2_B1<==>Psmb8_B4,Gnai2_B1,Psmb8_B4
Gnai2_B1<==>Myl12a_T2,Gnai2_B1,Myl12a_T2
Gnai2_B1<==>Atp5a1_M0,Gnai2_B1,Atp5a1_M0
Gnai2_B5<==>Cd164_M3,Gnai2_B5,Cd164_M3
Gnai2_B5<==>Ly6a_O10,Gnai2_B5,Ly6a_O10
Gnai2_B5<==>Psmb1_T5,Gnai2_B5,Psmb1_T5
Gnai2_M0<==>Mif_M0,Gnai2_M0,Mif_M0
Gnai2_M0<==>Psme1_M3,Gnai2_M0,Psme1_M3
Gnai2_M0<==>Psmb8_M3,Gnai2_M0,Psmb8_M3
Gnai2_M0<==>Psmb8_T4,Gnai2_M0,Psmb8_T4
Gnai2_M0<==>H2-D1_B4,Gnai2_M0,H2-D1_B4
Gnai2_M0<==>Cdk2ap2_M0,Gnai2_M0,Cdk2ap2_M0
Gnai2_M1<==>Igha_M1,Gnai2_M1,Igha_M1
Gnai2_M3<==>Kif2a_T5,Gnai2_M3,Kif2a_T5
Gnai2_M3<==>Myl12a_M3,Gnai2_M3,Myl12a_M3
Gnai2_O10<==>Cyfip2_M4,Gnai2_O10,Cyfip2_M4
Gnai2_O10<==>BC018473_T4,Gnai2_O10,BC018473_T4
Gnai2_O10<==>Tuba1b_M5,Gnai2_O10,Tuba1b_M5
Gnai2_O10<==>Iglc1_B5,Gnai2_O10,Iglc1_B5
Gnai2_O10<==>Ablim1_B4,Gnai2_O10,Ablim1_B4
Gnai2_T4<==>Eef2_M1,Gnai2_T4,Eef2_M1
Gnai2_T4<==>Atp2b1_M2,Gnai2_T4,Atp2b1_M2
Gnai2_T4<==>Sumo2_M3,Gnai2_T4,Sumo2_M3
Gnai2_T4<==>Gm10076_M3,Gnai2_T4,Gm10076_M3
Gnai2_T4<==>Cox8a_M5,Gnai2_T4,Cox8a_M5
Gnai2_T4<==>Avpi1_M3,Gnai2_T4,Avpi1_M3
Gnai2_T4<==>Rpl10_T5,Gnai2_T4,Rpl10_T5
Rbm5_M5<==>Psme1_M4,Rbm5_M5,Psme1_M4
Rbm5_M5<==>Fyb_T3,Rbm5_M5,Fyb_T3
Rbm5_M5<==>Rpl3_T5,Rbm5_M5,Rpl3_T5
Rhoa_B0<==>Nr3c1_T4,Rhoa_B0,Nr3c1_T4
Rhoa_B1<==>Pld4_M0,Rhoa_B1,Pld4_M0
Rhoa_B1<==>Ppp1ca_M0,Rhoa_B1,Ppp1ca_M0
Rhoa_B3<==>Nme2_B3,Rhoa_B3,Nme2_B3
Rhoa_B3<==>Zfp36l1_B2,Rhoa_B3,Zfp36l1_B2
Rhoa_B3<==>Btf3_B3,Rhoa_B3,Btf3_B3
Rhoa_B3<==>Tspo_B3,Rhoa_B3,Tspo_B3
Rhoa_B3<==>Psmb9_B3,Rhoa_B3,Psmb9_B3
Rhoa_B3<==>Vapa_B3,Rhoa_B3,Vapa_B3
Rhoa_M0<==>Psma3_M0,Rhoa_M0,Psma3_M0
Rhoa_M0<==>Pabpc1_M3,Rhoa_M0,Pabpc1_M3
Rhoa_M0<==>Tspo_M0,Rhoa_M0,Tspo_M0
Rhoa_M0<==>AW112010_M0,Rhoa_M0,AW112010_M0
Rhoa_M0<==>Rpl10_B2,Rhoa_M0,Rpl10_B2
Rhoa_M3<==>Ptprcap_T5,Rhoa_M3,Ptprcap_T5
Rhoa_T2<==>Hsp90b1_B0,Rhoa_T2,Hsp90b1_B0
Rhoa_T2<==>Actr2_T1,Rhoa_T2,Actr2_T1
Rhoa_T2<==>Arhgdia_M0,Rhoa_T2,Arhgdia_M0
Rhoa_T2<==>H2-D1_B4,Rhoa_T2,H2-D1_B4
Gpx1_M0<==>Lilrb4a_M5,Gpx1_M0,Lilrb4a_M5
Gpx1_M0<==>Snrpf_M5,Gpx1_M0,Snrpf_M5
Gpx1_M0<==>Actr2_M0,Gpx1_M0,Actr2_M0
Gpx1_M0<==>Ddx5_T4,Gpx1_M0,Ddx5_T4
Gpx1_M0<==>Ighd_B4,Gpx1_M0,Ighd_B4
Gpx1_M0<==>Cox6c_T4,Gpx1_M0,Cox6c_T4
Gpx1_M0<==>Col14a1_O7,Gpx1_M0,Col14a1_O7
Gpx1_M0<==>Hcls1_M0,Gpx1_M0,Hcls1_M0
Gpx1_M0<==>Ets2_M5,Gpx1_M0,Ets2_M5
Gpx1_M0<==>Fndc1_O7,Gpx1_M0,Fndc1_O7
Gpx1_M0<==>Rpl17_T3,Gpx1_M0,Rpl17_T3
Gpx1_M0<==>Ppp1ca_M0,Gpx1_M0,Ppp1ca_M0
Gpx1_M0<==>Tmem258_T4,Gpx1_M0,Tmem258_T4
Gpx1_M0<==>mt-Nd3_M5,Gpx1_M0,mt-Nd3_M5
Gpx1_M3<==>Slc25a3_B1,Gpx1_M3,Slc25a3_B1
Gpx1_M3<==>Nfkbia_T2,Gpx1_M3,Nfkbia_T2
Gpx1_M4<==>BE692007_B2,Gpx1_M4,BE692007_B2
Gpx1_M4<==>Rps4x_B2,Gpx1_M4,Rps4x_B2
Gpx1_T4<==>Satb1_B0,Gpx1_T4,Satb1_B0
Gpx1_T5<==>Cnn2_T5,Gpx1_T5,Cnn2_T5
Arih2_M1<==>Lamp2_B3,Arih2_M1,Lamp2_B3
Shisa5_B1<==>Itk_T1,Shisa5_B1,Itk_T1
Shisa5_B1<==>Tcf4_B1,Shisa5_B1,Tcf4_B1
Shisa5_B2<==>Lilrb4a_T0,Shisa5_B2,Lilrb4a_T0
Shisa5_B2<==>Mif_M0,Shisa5_B2,Mif_M0
Shisa5_B2<==>Psmb6_M3,Shisa5_B2,Psmb6_M3
Shisa5_B2<==>Actg1_T4,Shisa5_B2,Actg1_T4
Shisa5_B2<==>H2-D1_B4,Shisa5_B2,H2-D1_B4
Shisa5_B2<==>Ndfip1_B1,Shisa5_B2,Ndfip1_B1
Shisa5_B2<==>Cdk2ap2_M0,Shisa5_B2,Cdk2ap2_M0
Shisa5_B2<==>Cfl1_B1,Shisa5_B2,Cfl1_B1
Shisa5_B2<==>mt-Nd2_M5,Shisa5_B2,mt-Nd2_M5
Shisa5_B4<==>Ptprcap_T4,Shisa5_B4,Ptprcap_T4
Shisa5_T0<==>Gm42418_T6,Shisa5_T0,Gm42418_T6
Shisa5_T0<==>Malat1_M2,Shisa5_T0,Malat1_M2
Shisa5_T0<==>Slc15a3_M3,Shisa5_T0,Slc15a3_M3
Shisa5_T1<==>H2-Ab1_B1,Shisa5_T1,H2-Ab1_B1
Shisa5_T1<==>Myl12b_B1,Shisa5_T1,Myl12b_B1
Shisa5_T5<==>Nrip1_T2,Shisa5_T5,Nrip1_T2
Shisa5_T6<==>Psmb8_B1,Shisa5_T6,Psmb8_B1
Shisa5_T6<==>Reep5_M1,Shisa5_T6,Reep5_M1
Shisa5_T7<==>Ccr1_M1,Shisa5_T7,Ccr1_M1
Shisa5_T7<==>Rac2_T4,Shisa5_T7,Rac2_T4
Shisa5_T7<==>mt-Cytb_B1,Shisa5_T7,mt-Cytb_B1
Tma7_M3<==>Tma7_M4,Tma7_M3,Tma7_M4
Tma7_M3<==>Atp5h_B2,Tma7_M3,Atp5h_B2
Tma7_M3<==>Fkbp3_B4,Tma7_M3,Fkbp3_B4
Tma7_M3<==>Ighv1-53_B3,Tma7_M3,Ighv1-53_B3
Tma7_M3<==>Tmem14c_M3,Tma7_M3,Tmem14c_M3
Tma7_M3<==>Rps24_M3,Tma7_M3,Rps24_M3
Tma7_M3<==>Dad1_M4,Tma7_M3,Dad1_M4
Tma7_M3<==>Mrpl52_B1,Tma7_M3,Mrpl52_B1
Tma7_M3<==>Smdt1_M3,Tma7_M3,Smdt1_M3
Tma7_M3<==>Atp5j_M3,Tma7_M3,Atp5j_M3
Tma7_M3<==>Srsf3_B2,Tma7_M3,Srsf3_B2
Tma7_M3<==>H2-D1_B1,Tma7_M3,H2-D1_B1
Tma7_M3<==>H2-D1_B5,Tma7_M3,H2-D1_B5
Tma7_M3<==>Crem_M5,Tma7_M3,Crem_M5
Tma7_M3<==>Rps14_M3,Tma7_M3,Rps14_M3
Tma7_M3<==>Sec11c_T4,Tma7_M3,Sec11c_T4
Tma7_M3<==>Ndufb11_B1,Tma7_M3,Ndufb11_B1
Tma7_M4<==>Bsg_M3,Tma7_M4,Bsg_M3
Tma7_M4<==>Snrpf_B5,Tma7_M4,Snrpf_B5
Tma7_M4<==>Gfpt2_O7,Tma7_M4,Gfpt2_O7
Tma7_M4<==>Eif4a1_B1,Tma7_M4,Eif4a1_B1
Tma7_M4<==>Eif4a1_B5,Tma7_M4,Eif4a1_B5
Tma7_M4<==>Pfn1_M5,Tma7_M4,Pfn1_M5
Tma7_M4<==>Tmem14c_M3,Tma7_M4,Tmem14c_M3
Tma7_M4<==>Prr13_M3,Tma7_M4,Prr13_M3
Tma7_M4<==>Srsf3_B2,Tma7_M4,Srsf3_B2
Tma7_M4<==>H2-Q7_T2,Tma7_M4,H2-Q7_T2
Tma7_M4<==>Eif1a_M4,Tma7_M4,Eif1a_M4
Tma7_M4<==>Rps14_M3,Tma7_M4,Rps14_M3
Tma7_M4<==>Ptprcap_B1,Tma7_M4,Ptprcap_B1
Tma7_M4<==>Tmem258_T4,Tma7_M4,Tmem258_T4
Tma7_M4<==>Tmsb4x_T7,Tma7_M4,Tmsb4x_T7
Tma7_T4<==>Sec61g_T5,Tma7_T4,Sec61g_T5
Tma7_T4<==>Gfpt2_O7,Tma7_T4,Gfpt2_O7
Tma7_T4<==>Uqcrq_M0,Tma7_T4,Uqcrq_M0
Tma7_T4<==>Arf1_M0,Tma7_T4,Arf1_M0
Tma7_T4<==>Eif4a1_B1,Tma7_T4,Eif4a1_B1
Tma7_T4<==>Arhgdia_M0,Tma7_T4,Arhgdia_M0
Tma7_T4<==>Hnrnpa0_M1,Tma7_T4,Hnrnpa0_M1
Tma7_T4<==>Ctsl_M0,Tma7_T4,Ctsl_M0
Tma7_T4<==>Uqcrb_B1,Tma7_T4,Uqcrb_B1
Tma7_T4<==>Cox6c_T4,Tma7_T4,Cox6c_T4
Tma7_T4<==>Adamts1_O7,Tma7_T4,Adamts1_O7
Tma7_T4<==>H2-D1_B2,Tma7_T4,H2-D1_B2
Tma7_T4<==>Ppp1ca_M0,Tma7_T4,Ppp1ca_M0
Tma7_T4<==>Tmem258_T4,Tma7_T4,Tmem258_T4
Tma7_T4<==>Ndufa1_M0,Tma7_T4,Ndufa1_M0
Ccrl2_M0<==>Gcnt2_M7,Ccrl2_M0,Gcnt2_M7
Ccrl2_M0<==>Cct5_M3,Ccrl2_M0,Cct5_M3
Cmtm7_M4<==>Eif4a1_B5,Cmtm7_M4,Eif4a1_B5
Cmtm7_M4<==>Prkar1a_M4,Cmtm7_M4,Prkar1a_M4
Cmtm7_M4<==>Prkar1a_T1,Cmtm7_M4,Prkar1a_T1
Cmtm7_M4<==>Hnrnpa0_M1,Cmtm7_M4,Hnrnpa0_M1
Cmtm7_M4<==>Zcrb1_M3,Cmtm7_M4,Zcrb1_M3
Cmtm7_M4<==>Srsf3_B5,Cmtm7_M4,Srsf3_B5
Cmtm7_M4<==>H2-K1_B2,Cmtm7_M4,H2-K1_B2
Cmtm7_M4<==>Got1_T2,Cmtm7_M4,Got1_T2
Cmtm7_M4<==>Ndufb8_M3,Cmtm7_M4,Ndufb8_M3
Cmc1_T5<==>Crip1_B3,Cmc1_T5,Crip1_B3
Rpsa_B1<==>Eef2_T5,Rpsa_B1,Eef2_T5
Rpsa_B1<==>Rpl17_B1,Rpsa_B1,Rpl17_B1
Rpsa_B2<==>Prkar1a_B1,Rpsa_B2,Prkar1a_B1
Rpsa_B2<==>Crem_M5,Rpsa_B2,Crem_M5
Rpsa_B2<==>Rpl17_B2,Rpsa_B2,Rpl17_B2
Rpsa_B2<==>Rps4x_B2,Rpsa_B2,Rps4x_B2
Rpsa_B2<==>mt-Atp6_B2,Rpsa_B2,mt-Atp6_B2
Rpsa_B2<==>mt-Atp6_B5,Rpsa_B2,mt-Atp6_B5
Rpsa_B2<==>mt-Atp6_M0,Rpsa_B2,mt-Atp6_M0
Rpsa_B2<==>mt-Cytb_B1,Rpsa_B2,mt-Cytb_B1
Rpsa_B2<==>mt-Cytb_B2,Rpsa_B2,mt-Cytb_B2
Rpsa_M3<==>Rps12_M3,Rpsa_M3,Rps12_M3
Rpsa_M3<==>Man1a_B3,Rpsa_M3,Man1a_B3
Rpsa_M3<==>Srgn_T4,Rpsa_M3,Srgn_T4
Rpsa_M3<==>Rps27a_M3,Rpsa_M3,Rps27a_M3
Rpsa_M3<==>Nme1_B5,Rpsa_M3,Nme1_B5
Rpsa_M3<==>Atp5h_B2,Rpsa_M3,Atp5h_B2
Rpsa_M3<==>H3f3b_M0,Rpsa_M3,H3f3b_M0
Rpsa_M3<==>Sf3b6_B1,Rpsa_M3,Sf3b6_B1
Rpsa_M3<==>Calm1_B1,Rpsa_M3,Calm1_B1
Rpsa_M3<==>Ly6e_M4,Rpsa_M3,Ly6e_M4
Rpsa_M3<==>Rpl24_M3,Rpsa_M3,Rpl24_M3
Rpsa_M3<==>Rpl10a_M3,Rpsa_M3,Rpl10a_M3
Rpsa_M3<==>Srsf3_B2,Rpsa_M3,Srsf3_B2
Rpsa_M3<==>H2-K1_B2,Rpsa_M3,H2-K1_B2
Rpsa_M3<==>H2-DMb2_B1,Rpsa_M3,H2-DMb2_B1
Rpsa_M3<==>mt-Co3_B2,Rpsa_M3,mt-Co3_B2
Rpsa_M5<==>Rps12_M3,Rpsa_M5,Rps12_M3
Rpsa_M5<==>Rps27a_M3,Rpsa_M5,Rps27a_M3
Rpsa_M5<==>Rps27a_M5,Rpsa_M5,Rps27a_M5
Rpsa_M5<==>Rack1_M3,Rpsa_M5,Rack1_M3
Rpsa_M5<==>Ubb_M5,Rpsa_M5,Ubb_M5
Rpsa_M5<==>Rpl23_M3,Rpsa_M5,Rpl23_M3
Rpsa_M5<==>Rpl23_M5,Rpsa_M5,Rpl23_M5
Rpsa_M5<==>Prkar1a_M5,Rpsa_M5,Prkar1a_M5
Rpsa_M5<==>Atp5mpl_M3,Rpsa_M5,Atp5mpl_M3
Rpsa_M5<==>Rpl30_M3,Rpsa_M5,Rpl30_M3
Rpsa_M5<==>App_M5,Rpsa_M5,App_M5
Rpsa_M5<==>H2-D1_B2,Rpsa_M5,H2-D1_B2
Rpsa_M5<==>Rps14_M5,Rpsa_M5,Rps14_M5
Rpsa_M5<==>Rpl17_M3,Rpsa_M5,Rpl17_M3
Rpsa_M5<==>Cfl1_B1,Rpsa_M5,Cfl1_B1
Rpsa_M5<==>Rps4x_M3,Rpsa_M5,Rps4x_M3
Rpsa_T1<==>Rpsa_T2,Rpsa_T1,Rpsa_T2
Rpsa_T1<==>Mrpl52_B1,Rpsa_T1,Mrpl52_B1
Rpsa_T1<==>Psme2_M4,Rpsa_T1,Psme2_M4
Rpsa_T1<==>Rps4x_T1,Rpsa_T1,Rps4x_T1
Rpsa_T1<==>mt-Nd3_T4,Rpsa_T1,mt-Nd3_T4
Rpsa_T2<==>Rps12_T2,Rpsa_T2,Rps12_T2
Rpsa_T2<==>Cdc42se2_M3,Rpsa_T2,Cdc42se2_M3
Rpsa_T2<==>Socs3_M5,Rpsa_T2,Socs3_M5
Rpsa_T2<==>Ighv2-6_B3,Rpsa_T2,Ighv2-6_B3
Rpsa_T2<==>Ighv8-11_B3,Rpsa_T2,Ighv8-11_B3
Rpsa_T2<==>Mrpl52_M0,Rpsa_T2,Mrpl52_M0
Rpsa_T2<==>Rps10_T2,Rpsa_T2,Rps10_T2
Rpsa_T2<==>Rpl17_B2,Rpsa_T2,Rpl17_B2
Rpsa_T2<==>Rpl17_T5,Rpsa_T2,Rpl17_T5
Rpsa_T2<==>mt-Nd3_M3,Rpsa_T2,mt-Nd3_M3
Rpsa_T5<==>Rpl14_T5,Rpsa_T5,Rpl14_T5
Rpsa_T5<==>Npm1_T5,Rpsa_T5,Npm1_T5
Rpsa_T5<==>Ubb_B1,Rpsa_T5,Ubb_B1
Rpsa_T5<==>Rps18_T5,Rpsa_T5,Rps18_T5
Rpsa_T5<==>mt-Co2_B2,Rpsa_T5,mt-Co2_B2
Rpl14_B0<==>Rac2_M5,Rpl14_B0,Rac2_M5
Rpl14_M0<==>Gm42418_B5,Rpl14_M0,Gm42418_B5
Rpl14_M0<==>mt-Nd4_B4,Rpl14_M0,mt-Nd4_B4
Rpl14_M3<==>Rps12_M3,Rpl14_M3,Rps12_M3
Rpl14_M3<==>Actr2_M0,Rpl14_M3,Actr2_M0
Rpl14_M3<==>Rps27a_M3,Rpl14_M3,Rps27a_M3
Rpl14_M3<==>Rack1_M3,Rpl14_M3,Rack1_M3
Rpl14_M3<==>Slfn2_M2,Rpl14_M3,Slfn2_M2
Rpl14_M3<==>Rpl23_M3,Rpl14_M3,Rpl23_M3
Rpl14_M3<==>BC005537_M0,Rpl14_M3,BC005537_M0
Rpl14_M3<==>Rps23_M3,Rpl14_M3,Rps23_M3
Rpl14_M3<==>Rps24_M3,Rpl14_M3,Rps24_M3
Rpl14_M3<==>Rps10_M3,Rpl14_M3,Rps10_M3
Rpl14_M3<==>Rpl10a_M3,Rpl14_M3,Rpl10a_M3
Rpl14_M3<==>Tapbp_M5,Rpl14_M3,Tapbp_M5
Rpl14_M3<==>Rps18_M3,Rpl14_M3,Rps18_M3
Rpl14_M3<==>Rps14_M3,Rpl14_M3,Rps14_M3
Rpl14_M5<==>Atp5b_M3,Rpl14_M5,Atp5b_M3
Rpl14_T1<==>Ighv5-4_B7,Rpl14_T1,Ighv5-4_B7
Rpl14_T5<==>Hnrnpa1_T5,Rpl14_T5,Hnrnpa1_T5
Nktr_B4<==>Rps27a_T5,Nktr_B4,Rps27a_T5
Nktr_B4<==>Ighv2-6-8_B3,Nktr_B4,Ighv2-6-8_B3
Nktr_M0<==>Trac_T1,Nktr_M0,Trac_T1
Nktr_T4<==>Btg1_T3,Nktr_T4,Btg1_T3
Nktr_T4<==>Atp2b1_M2,Nktr_T4,Atp2b1_M2
Nktr_T4<==>Grn_M1,Nktr_T4,Grn_M1
Nktr_T4<==>Cox8a_B1,Nktr_T4,Cox8a_B1
Nktr_T4<==>Ms4a6c_M1,Nktr_T4,Ms4a6c_M1
Higd1a_T5<==>Tmem14c_M3,Higd1a_T5,Tmem14c_M3
Higd1a_T5<==>Tapbp_M0,Higd1a_T5,Tapbp_M0
Higd1a_T5<==>H2-DMb2_B1,Higd1a_T5,H2-DMb2_B1
Higd1a_T5<==>H2-D1_B1,Higd1a_T5,H2-D1_B1
Higd1a_T5<==>Cox8a_B2,Higd1a_T5,Cox8a_B2
Kif15_T5<==>Zeb1_T6,Kif15_T5,Zeb1_T6
Lars2_B7<==>Rps24_M5,Lars2_B7,Rps24_M5
Lars2_B7<==>Psme1_B2,Lars2_B7,Psme1_B2
Lars2_B7<==>Ndufa7_M0,Lars2_B7,Ndufa7_M0
Lars2_B7<==>Gm26917_B7,Lars2_B7,Gm26917_B7
Lars2_B7<==>Gm42418_B7,Lars2_B7,Gm42418_B7
Lars2_B7<==>mt-Nd2_M5,Lars2_B7,mt-Nd2_M5
Ccr9_M7<==>Asap2_M4,Ccr9_M7,Asap2_M4
Ccr9_M7<==>Gpr141b_M4,Ccr9_M7,Gpr141b_M4
Ccr9_M7<==>Ago2_M4,Ccr9_M7,Ago2_M4
Ccr9_M7<==>Mbd2_T4,Ccr9_M7,Mbd2_T4
Lztfl1_B3<==>Cited2_B3,Lztfl1_B3,Cited2_B3
Lztfl1_B3<==>Sqstm1_B3,Lztfl1_B3,Sqstm1_B3
Cxcr6_B6_0<==>Rbm3_T4,Cxcr6_B6_0,Rbm3_T4
Cxcr6_T0<==>Bptf_B4,Cxcr6_T0,Bptf_B4
Cxcr6_T4<==>Lst1_M1,Cxcr6_T4,Lst1_M1
Xcr1_M4<==>Rpl17_B2,Xcr1_M4,Rpl17_B2
Xcr1_M4<==>mt-Co2_B0,Xcr1_M4,mt-Co2_B0
Xcr1_M4<==>mt-Atp6_B5,Xcr1_M4,mt-Atp6_B5
Ccr1_M3<==>Rel_B5,Ccr1_M3,Rel_B5
Ccr2_M0<==>Ighv1-74_B7,Ccr2_M0,Ighv1-74_B7
Ccr2_M0<==>Iglc1_B7,Ccr2_M0,Iglc1_B7
Ccr2_M0<==>Msn_M0,Ccr2_M0,Msn_M0
Ccr5_M3<==>Ifi27l2a_T1,Ccr5_M3,Ifi27l2a_T1
Fbxo5_T5<==>Txnrd1_T5,Fbxo5_T5,Txnrd1_T5
Cited2_B3<==>Btg1_B2,Cited2_B3,Btg1_B2
Cited2_B3<==>Cox8a_M3,Cited2_B3,Cox8a_M3
Abracl_M0<==>Psma3_M0,Abracl_M0,Psma3_M0
Abracl_M0<==>Rbx1_M0,Abracl_M0,Rbx1_M0
Abracl_M3<==>Eif5a_B1,Abracl_M3,Eif5a_B1
Abracl_M3<==>Psme2_M3,Abracl_M3,Psme2_M3
Abracl_M4<==>Satb1_B0,Abracl_M4,Satb1_B0
Abracl_M5<==>Tgfbi_M5,Abracl_M5,Tgfbi_M5
Abracl_M5<==>mt-Nd4_B3,Abracl_M5,mt-Nd4_B3
Abracl_T2<==>Selenop_M1,Abracl_T2,Selenop_M1
Abracl_T4<==>Jpt1_M3,Abracl_T4,Jpt1_M3
Abracl_T4<==>Grina_M2,Abracl_T4,Grina_M2
Abracl_T4<==>Ptprcap_T4,Abracl_T4,Ptprcap_T4
Tnfaip3_B6_0<==>Eif1_M3,Tnfaip3_B6_0,Eif1_M3
Tnfaip3_B6_0<==>Dnajc7_B3,Tnfaip3_B6_0,Dnajc7_B3
Tnfaip3_B6_0<==>mt-Atp8_B1,Tnfaip3_B6_0,mt-Atp8_B1
Tnfaip3_B6_0<==>mt-Nd4l_B1,Tnfaip3_B6_0,mt-Nd4l_B1
Tnfaip3_M0<==>Lgals3_T4,Tnfaip3_M0,Lgals3_T4
Tnfaip3_M1<==>Cd83_M1,Tnfaip3_M1,Cd83_M1
Tnfaip3_T1<==>Ndufb11_M1,Tnfaip3_T1,Ndufb11_M1
Tnfaip3_T2<==>Npc2_T2,Tnfaip3_T2,Npc2_T2
Ifngr1_B6_0<==>Rap1b_T1,Ifngr1_B6_0,Rap1b_T1
Ifngr1_M4<==>Mdh1_M4,Ifngr1_M4,Mdh1_M4
Ifngr1_M4<==>Cltc_M1,Ifngr1_M4,Cltc_M1
Ifngr1_M4<==>P2ry10_T5,Ifngr1_M4,P2ry10_T5
Ifngr1_M5<==>Ddx21_B5,Ifngr1_M5,Ddx21_B5
Ifngr1_M5<==>Hif1a_T4,Ifngr1_M5,Hif1a_T4
Ifngr1_M5<==>Igha_B1,Ifngr1_M5,Igha_B1
Ifngr1_M5<==>Sub1_T2,Ifngr1_M5,Sub1_T2
Ifngr1_M5<==>Eif4b_M3,Ifngr1_M5,Eif4b_M3
Ifngr1_M5<==>Ndufa7_T4,Ifngr1_M5,Ndufa7_T4
Ifngr1_M5<==>Reep5_T2,Ifngr1_M5,Reep5_T2
Ifngr1_M5<==>Ndufa1_T4,Ifngr1_M5,Ndufa1_T4
Ifngr1_M5<==>Igkv17-127_B5,Ifngr1_M5,Igkv17-127_B5
Ifngr1_T1<==>Rap1b_T1,Ifngr1_T1,Rap1b_T1
Ifngr1_T1<==>Rps26_M3,Ifngr1_T1,Rps26_M3
Ifngr1_T1<==>Pfn1_B4,Ifngr1_T1,Pfn1_B4
Ifngr1_T1<==>Vmp1_M3,Ifngr1_T1,Vmp1_M3
Ifngr1_T1<==>Actg1_T1,Ifngr1_T1,Actg1_T1
Ifngr1_T1<==>Ighg2b_B4,Ifngr1_T1,Ighg2b_B4
Ifngr1_T1<==>Fyb_T1,Ifngr1_T1,Fyb_T1
Ifngr1_T1<==>Sub1_B5,Ifngr1_T1,Sub1_B5
Ifngr1_T1<==>H2-Ab1_B3,Ifngr1_T1,H2-Ab1_B3
Ifngr1_T3<==>Ifngr1_T5,Ifngr1_T3,Ifngr1_T5
Ifngr1_T3<==>Cstb_M3,Ifngr1_T3,Cstb_M3
Ifngr1_T3<==>Kdm6b_M1,Ifngr1_T3,Kdm6b_M1
Ifngr1_T3<==>Cyth1_M3,Ifngr1_T3,Cyth1_M3
Ifngr1_T3<==>BC005537_M3,Ifngr1_T3,BC005537_M3
Ifngr1_T3<==>Map3k1_M5,Ifngr1_T3,Map3k1_M5
Ifngr1_T3<==>Rap2a_M3,Ifngr1_T3,Rap2a_M3
Ifngr1_T3<==>Eef1d_M1,Ifngr1_T3,Eef1d_M1
Ifngr1_T3<==>Vasn_O7,Ifngr1_T3,Vasn_O7
Ifngr1_T3<==>Litaf_M3,Ifngr1_T3,Litaf_M3
Ifngr1_T3<==>Satb1_T3,Ifngr1_T3,Satb1_T3
Ifngr1_T3<==>Crem_M3,Ifngr1_T3,Crem_M3
Ifngr1_T3<==>Crem_M4,Ifngr1_T3,Crem_M4
Ifngr1_T3<==>Crem_T3,Ifngr1_T3,Crem_T3
Ifngr1_T5<==>Ube2b_T3,Ifngr1_T5,Ube2b_T3
Ifngr1_T5<==>Kdm6b_M1,Ifngr1_T5,Kdm6b_M1
Ifngr1_T5<==>Cltc_M1,Ifngr1_T5,Cltc_M1
Ifngr1_T5<==>Prkar1a_T2,Ifngr1_T5,Prkar1a_T2
Ifngr1_T5<==>Rps7_M3,Ifngr1_T5,Rps7_M3
Ifngr1_T5<==>Crip1_T5,Ifngr1_T5,Crip1_T5
Ifngr1_T5<==>Ly6e_T2,Ifngr1_T5,Ly6e_T2
Ifngr1_T5<==>Calm2_B1,Ifngr1_T5,Calm2_B1
Ifngr1_T5<==>P2ry10_T5,Ifngr1_T5,P2ry10_T5
Ifngr1_T7<==>Eif1_B5,Ifngr1_T7,Eif1_B5
Ifngr1_T7<==>Pgam1_M4,Ifngr1_T7,Pgam1_M4
Ifngr1_T7<==>mt-Nd4_B3,Ifngr1_T7,mt-Nd4_B3
Tcf21_O4<==>Cct2_B4,Tcf21_O4,Cct2_B4
Rps12_M0<==>Trac_T2,Rps12_M0,Trac_T2
Rps12_M0<==>Crem_M4,Rps12_M0,Crem_M4
Rps12_M3<==>Vpreb3_B3,Rps12_M3,Vpreb3_B3
Rps12_M3<==>Rps27a_M3,Rps12_M3,Rps27a_M3
Rps12_M3<==>Rack1_M3,Rps12_M3,Rack1_M3
Rps12_M3<==>Rpl26_M3,Rps12_M3,Rpl26_M3
Rps12_M3<==>Vmp1_M5,Rps12_M3,Vmp1_M5
Rps12_M3<==>Rpl27_M3,Rps12_M3,Rpl27_M3
Rps12_M3<==>Rps7_M3,Rps12_M3,Rps7_M3
Rps12_M3<==>Rpl8_M3,Rps12_M3,Rpl8_M3
Rps12_M3<==>Rps18_M3,Rps12_M3,Rps18_M3
Rps12_M3<==>H2-D1_B2,Rps12_M3,H2-D1_B2
Rps12_M3<==>H2-Q6_M5,Rps12_M3,H2-Q6_M5
Rps12_M3<==>Rps14_M3,Rps12_M3,Rps14_M3
Rps12_M3<==>Rps4x_M3,Rps12_M3,Rps4x_M3
Rps12_M4<==>Rps23_M1,Rps12_M4,Rps23_M1
Rps12_M4<==>Rps10_M4,Rps12_M4,Rps10_M4
Rps12_M5<==>Cd14_M5,Rps12_M5,Cd14_M5
Rps12_M5<==>Rps14_M5,Rps12_M5,Rps14_M5
Rps12_T2<==>Rpl23_T2,Rps12_T2,Rpl23_T2
Rps12_T5<==>Scpep1_M3,Rps12_T5,Scpep1_M3
Rps12_T5<==>AW112010_T5,Rps12_T5,AW112010_T5
Stx7_M3<==>Ywhaz_B6_0,Stx7_M3,Ywhaz_B6_0
Stx7_M3<==>Ywhaz_M4,Stx7_M3,Ywhaz_M4
Epb41l2_M3<==>Nap1l1_B1,Epb41l2_M3,Nap1l1_B1
Epb41l2_M3<==>Ighv2-3_B3,Epb41l2_M3,Ighv2-3_B3
Epb41l2_M3<==>mt-Co3_B5,Epb41l2_M3,mt-Co3_B5
Hint3_M4<==>Iglv3_B1,Hint3_M4,Iglv3_B1
Hint3_M4<==>Slc25a5_B4,Hint3_M4,Slc25a5_B4
Ncoa7_M4<==>mt-Nd2_T2,Ncoa7_M4,mt-Nd2_T2
Ncoa7_T7<==>Lyz2_M5,Ncoa7_T7,Lyz2_M5
Ncoa7_T7<==>H3f3b_T2,Ncoa7_T7,H3f3b_T2
Ncoa7_T7<==>Ighv1-4_B3,Ncoa7_T7,Ighv1-4_B3
Ncoa7_T7<==>Fth1_M0,Ncoa7_T7,Fth1_M0
Ncoa7_T7<==>Pgk1_M0,Ncoa7_T7,Pgk1_M0
Ncoa7_T7<==>Pgk1_M5,Ncoa7_T7,Pgk1_M5
Ncoa7_T7<==>Tmsb4x_B0,Ncoa7_T7,Tmsb4x_B0
Rwdd1_T4<==>Igha_T1,Rwdd1_T4,Igha_T1
Marcks_M0<==>Fermt3_M1,Marcks_M0,Fermt3_M1
Marcks_M3<==>Gpx4_M4,Marcks_M3,Gpx4_M4
Marcks_M3<==>Nme2_M3,Marcks_M3,Nme2_M3
Marcks_M3<==>Grb2_B3,Marcks_M3,Grb2_B3
Marcks_M3<==>Serpinb6b_M3,Marcks_M3,Serpinb6b_M3
Marcks_M3<==>Mycbp2_B1,Marcks_M3,Mycbp2_B1
Marcks_M3<==>Sub1_M3,Marcks_M3,Sub1_M3
Marcks_M3<==>Azin1_B3,Marcks_M3,Azin1_B3
Marcks_M3<==>Eef1d_M1,Marcks_M3,Eef1d_M1
Marcks_M3<==>H2-Eb1_B3,Marcks_M3,H2-Eb1_B3
Marcks_M4<==>Slc25a3_T3,Marcks_M4,Slc25a3_T3
Marcks_M4<==>Jak2_M1,Marcks_M4,Jak2_M1
Fyn_M4<==>Appl1_M3,Fyn_M4,Appl1_M3
Fyn_T1<==>Actg1_T1,Fyn_T1,Actg1_T1
Fyn_T1<==>Crip1_T1,Fyn_T1,Crip1_T1
Fyn_T1<==>Ighv8-5_B3,Fyn_T1,Ighv8-5_B3
Fyn_T1<==>Kif2a_T5,Fyn_T1,Kif2a_T5
Fyn_T1<==>Scd1_B0,Fyn_T1,Scd1_B0
Cd164_M3<==>Derl3_B3,Cd164_M3,Derl3_B3
Cd164_M3<==>Appl1_M4,Cd164_M3,Appl1_M4
Cd164_T2<==>Ighv9-3_B3,Cd164_T2,Ighv9-3_B3
Cd164_T2<==>Aif1_M1,Cd164_T2,Aif1_M1
Cd164_T2<==>Satb1_T5,Cd164_T2,Satb1_T5
Cd164_T2<==>Mbd2_T2,Cd164_T2,Mbd2_T2
Cd164_T4<==>Irf1_M4,Cd164_T4,Irf1_M4
Cd164_T4<==>Serpinb9_M3,Cd164_T4,Serpinb9_M3
Cd164_T4<==>Zbtb20_B1,Cd164_T4,Zbtb20_B1
Cd164_T4<==>Rpl10a_M0,Cd164_T4,Rpl10a_M0
Cd164_T4<==>Crem_M4,Cd164_T4,Crem_M4
Cd164_T4<==>Crem_T3,Cd164_T4,Crem_T3
Cd164_T4<==>Nr3c1_T4,Cd164_T4,Nr3c1_T4
Cd164_T4<==>Ppp1ca_T4,Cd164_T4,Ppp1ca_T4
Cd164_T4<==>Ehd1_M3,Cd164_T4,Ehd1_M3
Lilr4b_M3<==>Gm42418_B1,Lilr4b_M3,Gm42418_B1
Lilr4b_T0<==>Psmb8_M5,Lilr4b_T0,Psmb8_M5
Lilr4b_T0<==>Gm42418_B0,Lilr4b_T0,Gm42418_B0
Lilr4b_T0<==>Rpl36_T1,Lilr4b_T0,Rpl36_T1
Lilr4b_T0<==>Lamp2_M0,Lilr4b_T0,Lamp2_M0
Lilrb4a_M0<==>Rpl26_M1,Lilrb4a_M0,Rpl26_M1
Lilrb4a_M0<==>Mrpl52_M0,Lilrb4a_M0,Mrpl52_M0
Lilrb4a_M0<==>Vapa_M0,Lilrb4a_M0,Vapa_M0
Lilrb4a_M0<==>Ighv1-80_B3,Lilrb4a_M0,Ighv1-80_B3
Lilrb4a_M3<==>Purb_M1,Lilrb4a_M3,Purb_M1
Lilrb4a_M3<==>Tpt1_O7,Lilrb4a_M3,Tpt1_O7
Lilrb4a_M3<==>Lamp2_M3,Lilrb4a_M3,Lamp2_M3
Lilrb4a_M5<==>Limd2_T5,Lilrb4a_M5,Limd2_T5
Lilrb4a_M5<==>Hcls1_M0,Lilrb4a_M5,Hcls1_M0
Lilrb4a_T0<==>Itm2b_B5,Lilrb4a_T0,Itm2b_B5
Man1a_B1<==>Rpl23a_T3,Man1a_B1,Rpl23a_T3
Man1a_B1<==>Tmsb4x_T2,Man1a_B1,Tmsb4x_T2
Man1a_B1<==>mt-Atp6_B0,Man1a_B1,mt-Atp6_B0
Man1a_B3<==>Cstb_M0,Man1a_B3,Cstb_M0
Man1a_B3<==>Ebf1_B1,Man1a_B3,Ebf1_B1
Man1a_B3<==>Ifrd1_B3,Man1a_B3,Ifrd1_B3
Man1a_B3<==>Igha_B3,Man1a_B3,Igha_B3
Man1a_B3<==>Ighg2b_B0,Man1a_B3,Ighg2b_B0
Man1a_B3<==>Basp1_B3,Man1a_B3,Basp1_B3
Man1a_B3<==>Azin1_B3,Man1a_B3,Azin1_B3
Man1a_B3<==>Ly6e_M4,Man1a_B3,Ly6e_M4
Man1a_B3<==>Atp6v0e_M3,Man1a_B3,Atp6v0e_M3
Man1a_B3<==>Satb1_B0,Man1a_B3,Satb1_B0
Man1a_B3<==>Ndfip1_T0,Man1a_B3,Ndfip1_T0
Man1a_M1<==>Rnf130_M5,Man1a_M1,Rnf130_M5
Man1a_M1<==>Ifi27l2a_T2,Man1a_M1,Ifi27l2a_T2
Man1a_M5<==>Rps26_M4,Man1a_M5,Rps26_M4
Man1a_M5<==>Rack1_T2,Man1a_M5,Rack1_T2
Man1a_M5<==>Tbca_M0,Man1a_M5,Tbca_M0
Man1a_M5<==>Rpl17_T2,Man1a_M5,Rpl17_T2
Man1a_M5<==>Atp6ap2_M0,Man1a_M5,Atp6ap2_M0
Man1a_M5<==>mt-Nd3_M3,Man1a_M5,mt-Nd3_M3
Gja1_O10<==>Eif5_O10,Gja1_O10,Eif5_O10
Gja1_O10<==>Csf2rb_M3,Gja1_O10,Csf2rb_M3
Serinc1_M3<==>Map3k14_M3,Serinc1_M3,Map3k14_M3
Serinc1_M3<==>Rnase6_M7,Serinc1_M3,Rnase6_M7
Serinc1_M3<==>Rap2a_M3,Serinc1_M3,Rap2a_M3
Serinc1_M3<==>Litaf_M4,Serinc1_M3,Litaf_M4
Serinc1_M3<==>Clic1_M3,Serinc1_M3,Clic1_M3
Serinc1_M3<==>Zfp36l2_M3,Serinc1_M3,Zfp36l2_M3
Pkib_M3<==>Slfn2_M4,Pkib_M3,Slfn2_M4
Pkib_M3<==>Eif1_T2,Pkib_M3,Eif1_T2
Pkib_M3<==>Appl1_M4,Pkib_M3,Appl1_M4
Pkib_M3<==>Ywhaz_M3,Pkib_M3,Ywhaz_M3
Pkib_M3<==>Zbtb20_B1,Pkib_M3,Zbtb20_B1
Pkib_M3<==>Pim1_T2,Pkib_M3,Pim1_T2
Pkib_M3<==>Hnrnpm_M1,Pkib_M3,Hnrnpm_M1
Pkib_M3<==>Clic1_M3,Pkib_M3,Clic1_M3
Pkib_M3<==>Crem_T2,Pkib_M3,Crem_T2
Psap_M3<==>Rac2_T3,Psap_M3,Rac2_T3
Psap_M3<==>Iglc3_B2,Psap_M3,Iglc3_B2
Psap_M4<==>Ighj4_B3,Psap_M4,Ighj4_B3
Sgpl1_M3<==>Ubb_B1,Sgpl1_M3,Ubb_B1
Sgpl1_M3<==>Ctsl_M0,Sgpl1_M3,Ctsl_M0
Sgpl1_M3<==>Pik3ap1_M3,Sgpl1_M3,Pik3ap1_M3
Sar1a_M3<==>Eif1_O10,Sar1a_M3,Eif1_O10
Sar1a_M3<==>Pak2_M1,Sar1a_M3,Pak2_M1
Srgn_B3<==>Pttg1ip_M4,Srgn_B3,Pttg1ip_M4
Srgn_B3<==>Gpx4_M4,Srgn_B3,Gpx4_M4
Srgn_B3<==>Ube2b_T2,Srgn_B3,Ube2b_T2
Srgn_B3<==>Eif5_M1,Srgn_B3,Eif5_M1
Srgn_B3<==>Card19_M1,Srgn_B3,Card19_M1
Srgn_B3<==>Arf4_T2,Srgn_B3,Arf4_T2
Srgn_B3<==>Atf4_B3,Srgn_B3,Atf4_B3
Srgn_B3<==>Cldnd1_T5,Srgn_B3,Cldnd1_T5
Srgn_B3<==>Ndfip1_T0,Srgn_B3,Ndfip1_T0
Srgn_B3<==>Morf4l2_M5,Srgn_B3,Morf4l2_M5
Srgn_B5<==>Rps7_T3,Srgn_B5,Rps7_T3
Srgn_M0<==>Txnrd1_M0,Srgn_M0,Txnrd1_M0
Srgn_M0<==>Calm1_M0,Srgn_M0,Calm1_M0
Srgn_M0<==>Inhba_M0,Srgn_M0,Inhba_M0
Srgn_M0<==>Pabpc1_M0,Srgn_M0,Pabpc1_M0
Srgn_M0<==>Atp6v0e_M0,Srgn_M0,Atp6v0e_M0
Srgn_M3<==>Mrps24_M4,Srgn_M3,Mrps24_M4
Srgn_M3<==>Ccr7_M3,Srgn_M3,Ccr7_M3
Srgn_M3<==>Runx1_M3,Srgn_M3,Runx1_M3
Srgn_M3<==>Ezr_B3,Srgn_M3,Ezr_B3
Srgn_M3<==>Ehd1_M1,Srgn_M3,Ehd1_M1
Srgn_M4<==>Ighv5-6_B5,Srgn_M4,Ighv5-6_B5
Srgn_M4<==>Ywhaz_M3,Srgn_M4,Ywhaz_M3
Srgn_M4<==>Pdcd4_T5,Srgn_M4,Pdcd4_T5
Srgn_T0<==>H2-Ab1_M5,Srgn_T0,H2-Ab1_M5
Srgn_T4<==>Crip1_T4,Srgn_T4,Crip1_T4
Srgn_T4<==>Igha_B1,Srgn_T4,Igha_B1
Srgn_T4<==>Igha_B5,Srgn_T4,Igha_B5
Srgn_T4<==>Card19_M3,Srgn_T4,Card19_M3
Srgn_T4<==>Itm2b_B4,Srgn_T4,Itm2b_B4
Srgn_T4<==>Csf2rb2_M3,Srgn_T4,Csf2rb2_M3
Srgn_T4<==>Csf2rb_M5,Srgn_T4,Csf2rb_M5
Srgn_T4<==>Slc38a1_M4,Srgn_T4,Slc38a1_M4
Srgn_T4<==>Slc38a1_M5,Srgn_T4,Slc38a1_M5
Srgn_T4<==>H2-K1_B2,Srgn_T4,H2-K1_B2
Srgn_T4<==>BE692007_T6_3,Srgn_T4,BE692007_T6_3
Srgn_T5<==>P4hb_M1,Srgn_T5,P4hb_M1
Srgn_T5<==>Rps2_T4,Srgn_T5,Rps2_T4
Srgn_T5<==>Atp5a1_M0,Srgn_T5,Atp5a1_M0
Ddx21_B1<==>Snrpf_B1,Ddx21_B1,Snrpf_B1
Ddx21_B1<==>Ywhae_B1,Ddx21_B1,Ywhae_B1
Ddx21_B1<==>Rps29_T1,Ddx21_B1,Rps29_T1
Ddx21_B1<==>Ndufb1-ps_B5,Ddx21_B1,Ndufb1-ps_B5
Ddx21_B1<==>Map3k1_M5,Ddx21_B1,Map3k1_M5
Ddx21_B1<==>Ago2_M3,Ddx21_B1,Ago2_M3
Ddx21_B1<==>Rpl3_B1,Ddx21_B1,Rpl3_B1
Ddx21_B1<==>Rps28_T1,Ddx21_B1,Rps28_T1
Ddx21_B1<==>Rps28_T2,Ddx21_B1,Rps28_T2
Ddx21_B1<==>Rpl17_B5,Ddx21_B1,Rpl17_B5
Ddx21_B1<==>Atp5md_B5,Ddx21_B1,Atp5md_B5
Ddx21_B1<==>Rpl39_B1,Ddx21_B1,Rpl39_B1
Ddx21_B1<==>Rpl39_B2,Ddx21_B1,Rpl39_B2
Ddx21_B5<==>Eif4b_M3,Ddx21_B5,Eif4b_M3
Ddx21_M3<==>Ube2i_M0,Ddx21_M3,Ube2i_M0
Ddx21_M3<==>Ier3_M3,Ddx21_M3,Ier3_M3
Reep3_M4<==>Map3k14_M4,Reep3_M4,Map3k14_M4
Jmjd1c_B3<==>Cybb_M0,Jmjd1c_B3,Cybb_M0
Jmjd1c_B4<==>Appl1_M3,Jmjd1c_B4,Appl1_M3
Jmjd1c_M1<==>Igkv17-121_B3,Jmjd1c_M1,Igkv17-121_B3
Cdk1_T5<==>Smdt1_B3,Cdk1_T5,Smdt1_B3
Bcr_O10<==>Actg1_M0,Bcr_O10,Actg1_M0
Bcr_O10<==>Crip1_T3,Bcr_O10,Crip1_T3
Bcr_O10<==>Cox6c_T3,Bcr_O10,Cox6c_T3
Specc1l_M1<==>Ppp2ca_M1,Specc1l_M1,Ppp2ca_M1
Specc1l_M1<==>Ighg1_B3,Specc1l_M1,Ighg1_B3
Specc1l_M1<==>Eef1d_T3,Specc1l_M1,Eef1d_T3
Specc1l_M1<==>Sod1_M3,Specc1l_M1,Sod1_M3
Specc1l_M1<==>Gm42418_B6_0,Specc1l_M1,Gm42418_B6_0
Specc1l_M1<==>Gm42418_T4,Specc1l_M1,Gm42418_T4
Specc1l_M1<==>Eef1g_M3,Specc1l_M1,Eef1g_M3
Specc1l_M1<==>Entpd1_M1,Specc1l_M1,Entpd1_M1
Specc1l_M3<==>Hsp90aa1_T3,Specc1l_M3,Hsp90aa1_T3
Mif_B5<==>Gfpt2_O7,Mif_B5,Gfpt2_O7
Mif_B5<==>H2-Ab1_B1,Mif_B5,H2-Ab1_B1
Mif_B5<==>Etf1_M0,Mif_B5,Etf1_M0
Mif_M0<==>Psmb8_M3,Mif_M0,Psmb8_M3
Mif_M0<==>Psmb8_T4,Mif_M0,Psmb8_T4
Mif_M3<==>Gna13_T5,Mif_M3,Gna13_T5
Mif_M5<==>Calm1_M3,Mif_M5,Calm1_M3
Mif_M5<==>Klf6_M3,Mif_M5,Klf6_M3
Mif_M5<==>H2-DMb2_M3,Mif_M5,H2-DMb2_M3
Mif_T2<==>Calm1_T6,Mif_T2,Calm1_T6
Mif_T3<==>Srsf3_B5,Mif_T3,Srsf3_B5
Derl3_B3<==>Zfp36l1_T2,Derl3_B3,Zfp36l1_T2
Derl3_B3<==>Clptm1l_B3,Derl3_B3,Clptm1l_B3
Derl3_B3<==>Zfp36l2_M3,Derl3_B3,Zfp36l2_M3
Vpreb3_B3<==>Ifngr2_M3,Vpreb3_B3,Ifngr2_M3
Vpreb3_B3<==>Eif1a_M4,Vpreb3_B3,Eif1a_M4
Vpreb3_B3<==>Tmem258_T4,Vpreb3_B3,Tmem258_T4
Vpreb3_B4<==>Ighv8-11_B3,Vpreb3_B4,Ighv8-11_B3
Itgb2_M0<==>Cstb_M0,Itgb2_M0,Cstb_M0
Itgb2_M0<==>Snrpf_T1,Itgb2_M0,Snrpf_T1
Itgb2_M0<==>Grb2_B1,Itgb2_M0,Grb2_B1
Itgb2_M0<==>Cox6c_M0,Itgb2_M0,Cox6c_M0
Itgb2_M0<==>Cdkn1a_M0,Itgb2_M0,Cdkn1a_M0
Itgb2_M0<==>Tgif1_M0,Itgb2_M0,Tgif1_M0
Itgb2_M3<==>Hnrnpk_M3,Itgb2_M3,Hnrnpk_M3
Itgb2_M5<==>Rtcb_M4,Itgb2_M5,Rtcb_M4
Itgb2_M5<==>BC005537_M0,Itgb2_M5,BC005537_M0
Itgb2_M5<==>Atp6v0c_M5,Itgb2_M5,Atp6v0c_M5
Itgb2_M5<==>Tomm6_M0,Itgb2_M5,Tomm6_M0
Itgb2_M5<==>Gm8369_T0,Itgb2_M5,Gm8369_T0
Pttg1ip_M4<==>Tbc1d15_B3,Pttg1ip_M4,Tbc1d15_B3
Pttg1ip_M4<==>Sqstm1_M3,Pttg1ip_M4,Sqstm1_M3
Pttg1ip_M4<==>Eif1_B3,Pttg1ip_M4,Eif1_B3
Pttg1ip_M4<==>Eif1_T2,Pttg1ip_M4,Eif1_T2
Pttg1ip_M4<==>Arf4_T2,Pttg1ip_M4,Arf4_T2
Pttg1ip_M4<==>Appl1_M4,Pttg1ip_M4,Appl1_M4
Pttg1ip_M4<==>Azin1_B3,Pttg1ip_M4,Azin1_B3
Pttg1ip_M4<==>Atf4_B3,Pttg1ip_M4,Atf4_B3
Pttg1ip_M4<==>Slc38a2_B3,Pttg1ip_M4,Slc38a2_B3
Pttg1ip_M4<==>Zeb1_T2,Pttg1ip_M4,Zeb1_T2
Pttg1ip_M4<==>Atp6ap2_M3,Pttg1ip_M4,Atp6ap2_M3
Pttg1ip_M4<==>mt-Atp6_B0,Pttg1ip_M4,mt-Atp6_B0
Cstb_M0<==>Pitpna_M0,Cstb_M0,Pitpna_M0
Cstb_M0<==>Gpbp1_M3,Cstb_M0,Gpbp1_M3
Cstb_M0<==>Ywhaz_M0,Cstb_M0,Ywhaz_M0
Cstb_M0<==>Zeb1_T2,Cstb_M0,Zeb1_T2
Cstb_M0<==>Jak2_T1,Cstb_M0,Jak2_T1
Cstb_M1<==>Csf2rb2_M1,Cstb_M1,Csf2rb2_M1
Cstb_M3<==>Slc25a3_B1,Cstb_M3,Slc25a3_B1
Cstb_M3<==>Slc25a3_T1,Cstb_M3,Slc25a3_T1
Cstb_M3<==>Eif1_B3,Cstb_M3,Eif1_B3
Cstb_M3<==>Sf3b6_B1,Cstb_M3,Sf3b6_B1
Cstb_M3<==>Nfkbia_O10,Cstb_M3,Nfkbia_O10
Cstb_M3<==>BC005537_M3,Cstb_M3,BC005537_M3
Cstb_M3<==>Ninj1_M3,Cstb_M3,Ninj1_M3
Cstb_M3<==>Sub1_T3,Cstb_M3,Sub1_T3
Cstb_M3<==>Il2rb_T4,Cstb_M3,Il2rb_T4
Cstb_M3<==>Slc38a1_M4,Cstb_M3,Slc38a1_M4
Cstb_M3<==>Srsf7_T2,Cstb_M3,Srsf7_T2
Cstb_M3<==>Crem_T3,Cstb_M3,Crem_T3
Cstb_M3<==>Sat1_B1,Cstb_M3,Sat1_B1
Cstb_M3<==>mt-Co3_B2,Cstb_M3,mt-Co3_B2
Cstb_M3<==>Ighv7-3_B2,Cstb_M3,Ighv7-3_B2
Cstb_M5<==>Rpl23_M3,Cstb_M5,Rpl23_M3
Cstb_M5<==>Calm1_M3,Cstb_M5,Calm1_M3
Cstb_M5<==>Ctsb_M5,Cstb_M5,Ctsb_M5
Cstb_M5<==>Atp6v0c_M5,Cstb_M5,Atp6v0c_M5
Cstb_M5<==>Rps18_M3,Cstb_M5,Rps18_M3
Cstb_M5<==>Pla2g7_M5,Cstb_M5,Pla2g7_M5
Cstb_M5<==>Cd14_M2,Cstb_M5,Cd14_M2
Cstb_M5<==>Rps14_M3,Cstb_M5,Rps14_M3
Cstb_M5<==>Csf1r_M5,Cstb_M5,Csf1r_M5
Cstb_M5<==>Ms4a6c_M5,Cstb_M5,Ms4a6c_M5
Cstb_M5<==>Mpeg1_M5,Cstb_M5,Mpeg1_M5
Bsg_M1<==>Srsf7_T1,Bsg_M1,Srsf7_T1
Bsg_M3<==>Gfpt2_O7,Bsg_M3,Gfpt2_O7
Bsg_M3<==>Eif4a1_B1,Bsg_M3,Eif4a1_B1
Bsg_M3<==>Eif4a1_B5,Bsg_M3,Eif4a1_B5
Bsg_M3<==>Calm1_B1,Bsg_M3,Calm1_B1
Bsg_M3<==>Tmbim6_M3,Bsg_M3,Tmbim6_M3
Bsg_M3<==>Lnpep_B1,Bsg_M3,Lnpep_B1
Bsg_M3<==>Elob_B1,Bsg_M3,Elob_B1
Bsg_M3<==>Zfand5_M0,Bsg_M3,Zfand5_M0
Polr2e_B3<==>Rps15_T1,Polr2e_B3,Rps15_T1
Polr2e_B3<==>Pcbp2_T2,Polr2e_B3,Pcbp2_T2
Polr2e_B3<==>Rps2_T3,Polr2e_B3,Rps2_T3
Gpx4_B1<==>Grk2_M4,Gpx4_B1,Grk2_M4
Gpx4_M3<==>Ifrd1_B3,Gpx4_M3,Ifrd1_B3
Gpx4_M3<==>Ighv9-2_B3,Gpx4_M3,Ighv9-2_B3
Gpx4_M4<==>Tbc1d15_B3,Gpx4_M4,Tbc1d15_B3
Gpx4_M4<==>Hmmr_T5,Gpx4_M4,Hmmr_T5
Gpx4_T2<==>Reep5_T2,Gpx4_T2,Reep5_T2
Atp5d_B1<==>Rps27a_M3,Atp5d_B1,Rps27a_M3
Atp5d_B1<==>Eif5_B1,Atp5d_B1,Eif5_B1
Atp5d_B1<==>Mrpl52_B1,Atp5d_B1,Mrpl52_B1
Atp5d_B1<==>Sub1_B5,Atp5d_B1,Sub1_B5
Atp5d_B1<==>Ly6a_B1,Atp5d_B1,Ly6a_B1
Atp5d_B1<==>Cox17_B1,Atp5d_B1,Cox17_B1
Atp5d_B1<==>Cox17_T4,Atp5d_B1,Cox17_T4
Atp5d_B1<==>Rps18_M3,Atp5d_B1,Rps18_M3
Atp5d_B1<==>H2-D1_B1,Atp5d_B1,H2-D1_B1
Atp5d_B1<==>Rps4x_M3,Atp5d_B1,Rps4x_M3
Atp5d_M3<==>Ppp1r12a_T4,Atp5d_M3,Ppp1r12a_T4
Atp5d_T1<==>Dusp1_M3,Atp5d_T1,Dusp1_M3
Atp5d_T3<==>Grap_B4,Atp5d_T3,Grap_B4
Atp5d_T3<==>Prkar1a_T2,Atp5d_T3,Prkar1a_T2
Atp5d_T3<==>Igha_T2,Atp5d_T3,Igha_T2
Atp5d_T3<==>Ltb_T1,Atp5d_T3,Ltb_T1
Rps15_B1<==>Rps15_T2,Rps15_B1,Rps15_T2
Rps15_B1<==>Rpl23a_B1,Rps15_B1,Rpl23a_B1
Rps15_B1<==>Zfp36l1_B1,Rps15_B1,Zfp36l1_B1
Rps15_B1<==>Igha_M3,Rps15_B1,Igha_M3
Rps15_B1<==>Tcf4_B1,Rps15_B1,Tcf4_B1
Rps15_B1<==>Cdk2ap2_M0,Rps15_B1,Cdk2ap2_M0
Rps15_B1<==>Hnrnph2_M3,Rps15_B1,Hnrnph2_M3
Rps15_B1<==>mt-Nd4l_T4,Rps15_B1,mt-Nd4l_T4
Rps15_B3<==>Srsf7_B3,Rps15_B3,Srsf7_B3
Rps15_B5<==>Npm1_B1,Rps15_B5,Npm1_B1
Rps15_B5<==>Eif3h_B1,Rps15_B5,Eif3h_B1
Rps15_M3<==>Ifrd1_M2,Rps15_M3,Ifrd1_M2
Rps15_M3<==>Sub1_B1,Rps15_M3,Sub1_B1
Rps15_M3<==>Jak2_M5,Rps15_M3,Jak2_M5
Rps15_M3<==>Sh3bgrl_M3,Rps15_M3,Sh3bgrl_M3
Rps15_T1<==>Rps15_T3,Rps15_T1,Rps15_T3
Rps15_T1<==>Rnasek_B1,Rps15_T1,Rnasek_B1
Rps15_T1<==>Id2_M3,Rps15_T1,Id2_M3
Rps15_T1<==>Hsp90aa1_O10,Rps15_T1,Hsp90aa1_O10
Rps15_T1<==>H2afy_B4,Rps15_T1,H2afy_B4
Rps15_T1<==>Gm10076_M3,Rps15_T1,Gm10076_M3
Rps15_T1<==>Rpl10a_M3,Rps15_T1,Rpl10a_M3
Rps15_T1<==>Myl12b_T5,Rps15_T1,Myl12b_T5
Rps15_T1<==>Srsf7_T2,Rps15_T1,Srsf7_T2
Rps15_T1<==>Zeb1_T2,Rps15_T1,Zeb1_T2
Rps15_T2<==>Rps15_T4,Rps15_T2,Rps15_T4
Rps15_T2<==>Psmb6_M0,Rps15_T2,Psmb6_M0
Rps15_T2<==>Rpl23a_B1,Rps15_T2,Rpl23a_B1
Rps15_T2<==>Rpl23a_T4,Rps15_T2,Rpl23a_T4
Rps15_T2<==>Igha_M0,Rps15_T2,Igha_M0
Rps15_T2<==>Igha_M3,Rps15_T2,Igha_M3
Rps15_T2<==>Fam49b_M4,Rps15_T2,Fam49b_M4
Rps15_T2<==>Txndc11_B3,Rps15_T2,Txndc11_B3
Rps15_T2<==>Neat1_B3,Rps15_T2,Neat1_B3
Rps15_T2<==>mt-Nd4l_T4,Rps15_T2,mt-Nd4l_T4
Rps15_T3<==>Rpl23a_T3,Rps15_T3,Rpl23a_T3
Rps15_T3<==>Sumo2_T4,Rps15_T3,Sumo2_T4
Rps15_T3<==>Igha_B1,Rps15_T3,Igha_B1
Rps15_T3<==>Igha_M3,Rps15_T3,Igha_M3
Rps15_T3<==>Igha_T5,Rps15_T3,Igha_T5
Rps15_T3<==>Gm10076_M3,Rps15_T3,Gm10076_M3
Rps15_T3<==>Rps2_T3,Rps15_T3,Rps2_T3
Rps15_T4<==>Rpl23a_B1,Rps15_T4,Rpl23a_B1
Rps15_T4<==>Rpl23a_T4,Rps15_T4,Rpl23a_T4
Rps15_T4<==>Ighv1-77_B3,Rps15_T4,Ighv1-77_B3
Rps15_T4<==>Rpl15_T4,Rps15_T4,Rpl15_T4
Rps15_T4<==>Selenok_T2,Rps15_T4,Selenok_T2
Rps15_T4<==>Rpl10a_T4,Rps15_T4,Rpl10a_T4
Rps15_T5<==>Rpl15_T5,Rps15_T5,Rpl15_T5
Rps15_T5<==>H2-DMa_B2,Rps15_T5,H2-DMa_B2
Rps15_T5<==>H2-Q7_M3,Rps15_T5,H2-Q7_M3
Rps15_T5<==>H2-Q7_T3,Rps15_T5,H2-Q7_T3
Uqcr11_M0<==>Sec61g_T4,Uqcr11_M0,Sec61g_T4
Uqcr11_M0<==>Sec61g_T5,Uqcr11_M0,Sec61g_T5
Uqcr11_M0<==>Bptf_B4,Uqcr11_M0,Bptf_B4
Uqcr11_M0<==>Laptm4a_M0,Uqcr11_M0,Laptm4a_M0
Uqcr11_M0<==>Pdia6_O7,Uqcr11_M0,Pdia6_O7
Uqcr11_M0<==>Odc1_B1,Uqcr11_M0,Odc1_B1
Uqcr11_M0<==>Hnrnpc_M0,Uqcr11_M0,Hnrnpc_M0
Uqcr11_M0<==>Sub1_B4,Uqcr11_M0,Sub1_B4
Uqcr11_M0<==>Cox17_T4,Uqcr11_M0,Cox17_T4
Uqcr11_M0<==>Cox7a2l_B1,Uqcr11_M0,Cox7a2l_B1
Uqcr11_M0<==>Rps14_T2,Uqcr11_M0,Rps14_T2
Uqcr11_M0<==>Rpl17_M3,Uqcr11_M0,Rpl17_M3
Uqcr11_M0<==>Rpl17_T5,Uqcr11_M0,Rpl17_T5
Uqcr11_M0<==>Unc93b1_M0,Uqcr11_M0,Unc93b1_M0
Uqcr11_M0<==>P2ry10_T1,Uqcr11_M0,P2ry10_T1
Uqcr11_M0<==>mt-Nd5_M0,Uqcr11_M0,mt-Nd5_M0
Oaz1_M3<==>Psma2_T5,Oaz1_M3,Psma2_T5
Oaz1_M3<==>Cfl1_T4,Oaz1_M3,Cfl1_T4
Oaz1_T1<==>Ppp2ca_M1,Oaz1_T1,Ppp2ca_M1
Oaz1_T1<==>Nt5c_M4,Oaz1_T1,Nt5c_M4
Oaz1_T1<==>Rps2_T1,Oaz1_T1,Rps2_T1
Gadd45b_M0<==>Psmb8_T5,Gadd45b_M0,Psmb8_T5
Gadd45b_M3<==>Ccr7_M3,Gadd45b_M3,Ccr7_M3
Gadd45b_M3<==>Emb_T4,Gadd45b_M3,Emb_T4
Gadd45b_M3<==>Eif3a_M1,Gadd45b_M3,Eif3a_M1
Eef2_B0<==>Shtn1_M4,Eef2_B0,Shtn1_M4
Eef2_B1<==>Rpl23a_T4,Eef2_B1,Rpl23a_T4
Eef2_B1<==>Rps23_B2,Eef2_B1,Rps23_B2
Eef2_B1<==>Tpt1_T4,Eef2_B1,Tpt1_T4
Eef2_B1<==>Rpl10a_B1,Eef2_B1,Rpl10a_B1
Eef2_B1<==>Rpl17_B1,Eef2_B1,Rpl17_B1
Eef2_B1<==>Prdx5_M0,Eef2_B1,Prdx5_M0
Eef2_B1<==>mt-Nd4l_M3,Eef2_B1,mt-Nd4l_M3
Eef2_B4<==>Actg1_M5,Eef2_B4,Actg1_M5
Eef2_B4<==>Ighv1-77_B3,Eef2_B4,Ighv1-77_B3
Eef2_B4<==>Tpt1_M4,Eef2_B4,Tpt1_M4
Eef2_B5<==>Rps23_B5,Eef2_B5,Rps23_B5
Eef2_B5<==>Iglc4_B3,Eef2_B5,Iglc4_B3
Eef2_M1<==>Igha_M0,Eef2_M1,Igha_M0
Eef2_M1<==>Psmb8_M3,Eef2_M1,Psmb8_M3
Eef2_M1<==>AW112010_M3,Eef2_M1,AW112010_M3
Eef2_M1<==>Avpi1_T4,Eef2_M1,Avpi1_T4
Eef2_T5<==>Glipr1_B3,Eef2_T5,Glipr1_B3
Eef2_T5<==>Sec61g_T5,Eef2_T5,Sec61g_T5
Eef2_T5<==>Rps27a_T5,Eef2_T5,Rps27a_T5
Eef2_T5<==>Ighv1-74_B2,Eef2_T5,Ighv1-74_B2
Eef2_T5<==>Ighv1-78_B3,Eef2_T5,Ighv1-78_B3
Eef2_T5<==>Rpl15_T5,Eef2_T5,Rpl15_T5
Eef2_T5<==>Ctsb_M0,Eef2_T5,Ctsb_M0
Eef2_T5<==>Selenop_M0,Eef2_T5,Selenop_M0
Eef2_T5<==>Rpl10a_T5,Eef2_T5,Rpl10a_T5
Eef2_T5<==>Rpl17_B1,Eef2_T5,Rpl17_B1
Eef2_T5<==>Rps4x_B1,Eef2_T5,Rps4x_B1
Tle5_T1<==>Kif4_T5,Tle5_T1,Kif4_T5
Txnrd1_M0<==>Nlrp3_M0,Txnrd1_M0,Nlrp3_M0
Txnrd1_M0<==>Gna13_M0,Txnrd1_M0,Gna13_M0
Txnrd1_M0<==>Nfkbia_M4,Txnrd1_M0,Nfkbia_M4
Txnrd1_M0<==>Hif1a_M0,Txnrd1_M0,Hif1a_M0
Txnrd1_M0<==>Calm1_M0,Txnrd1_M0,Calm1_M0
Txnrd1_M0<==>Inhba_M0,Txnrd1_M0,Inhba_M0
Txnrd1_M0<==>Mycbp2_B1,Txnrd1_M0,Mycbp2_B1
Txnrd1_M0<==>Pabpc1_M0,Txnrd1_M0,Pabpc1_M0
Txnrd1_M0<==>Cdkn1a_M0,Txnrd1_M0,Cdkn1a_M0
Txnrd1_M0<==>Etf1_M0,Txnrd1_M0,Etf1_M0
Txnrd1_M0<==>Cd14_M0,Txnrd1_M0,Cd14_M0
Txnrd1_M1<==>Iglc3_B3,Txnrd1_M1,Iglc3_B3
Txnrd1_M1<==>Gramd3_T3,Txnrd1_M1,Gramd3_T3
Txnrd1_M3<==>Havcr2_M3,Txnrd1_M3,Havcr2_M3
Txnrd1_M3<==>Ppp2ca_M3,Txnrd1_M3,Ppp2ca_M3
Txnrd1_M3<==>Irf1_M4,Txnrd1_M3,Irf1_M4
Txnrd1_M3<==>Stat3_T3,Txnrd1_M3,Stat3_T3
Txnrd1_M3<==>Zbtb1_M5,Txnrd1_M3,Zbtb1_M5
Txnrd1_M3<==>Calm1_B2,Txnrd1_M3,Calm1_B2
Txnrd1_M3<==>Calm1_T6,Txnrd1_M3,Calm1_T6
Txnrd1_M3<==>Csf2rb_M3,Txnrd1_M3,Csf2rb_M3
Txnrd1_M3<==>Atp5g2_M3,Txnrd1_M3,Atp5g2_M3
Txnrd1_M3<==>Zbtb20_B1,Txnrd1_M3,Zbtb20_B1
Txnrd1_M3<==>Crem_M3,Txnrd1_M3,Crem_M3
Txnrd1_M3<==>Jak2_M3,Txnrd1_M3,Jak2_M3
Txnrd1_M3<==>Atp5md_B2,Txnrd1_M3,Atp5md_B2
Txnrd1_T5<==>Eif5_T4,Txnrd1_T5,Eif5_T4
Txnrd1_T5<==>Cd2ap_M4,Txnrd1_T5,Cd2ap_M4
Rtcb_B4<==>Btg1_B1,Rtcb_B4,Btg1_B1
Rtcb_M4<==>Ly6a_M7,Rtcb_M4,Ly6a_M7
Hsp90b1_B0<==>Ighv3-1_B3,Hsp90b1_B0,Ighv3-1_B3
Hsp90b1_B0<==>H2-Ab1_B1,Hsp90b1_B0,H2-Ab1_B1
Hsp90b1_B0<==>Ptprcap_B4,Hsp90b1_B0,Ptprcap_B4
Hsp90b1_B1<==>Prkar1a_M4,Hsp90b1_B1,Prkar1a_M4
Hsp90b1_B1<==>Tgfbi_M0,Hsp90b1_B1,Tgfbi_M0
Hsp90b1_B1<==>Uqcrb_B1,Hsp90b1_B1,Uqcrb_B1
Hsp90b1_B1<==>Csf2rb_M5,Hsp90b1_B1,Csf2rb_M5
Hsp90b1_B1<==>Iglv1_B0,Hsp90b1_B1,Iglv1_B0
Hsp90b1_B1<==>Cox17_B1,Hsp90b1_B1,Cox17_B1
Hsp90b1_B1<==>H2-K1_B2,Hsp90b1_B1,H2-K1_B2
Hsp90b1_B1<==>Rps4x_B2,Hsp90b1_B1,Rps4x_B2
Hsp90b1_B3<==>Creld2_B3,Hsp90b1_B3,Creld2_B3
Hsp90b1_B7<==>Ahnak_T4,Hsp90b1_B7,Ahnak_T4
Hsp90b1_M3<==>mt-Nd3_B3,Hsp90b1_M3,mt-Nd3_B3
Dram1_M0<==>Psmb9_M0,Dram1_M0,Psmb9_M0
Dram1_M0<==>Sec11c_T7,Dram1_M0,Sec11c_T7
Slc25a3_B1<==>Ighv5-6_B5,Slc25a3_B1,Ighv5-6_B5
Slc25a3_B1<==>Serpinb9_M3,Slc25a3_B1,Serpinb9_M3
Slc25a3_B1<==>Sub1_T3,Slc25a3_B1,Sub1_T3
Slc25a3_B1<==>Ywhaz_M1,Slc25a3_B1,Ywhaz_M1
Slc25a3_B1<==>Ywhaz_M3,Slc25a3_B1,Ywhaz_M3
Slc25a3_B1<==>Ms4a6b_M1,Slc25a3_B1,Ms4a6b_M1
Slc25a3_T1<==>Snrpf_T1,Slc25a3_T1,Snrpf_T1
Slc25a3_T1<==>Ppp2ca_M1,Slc25a3_T1,Ppp2ca_M1
Slc25a3_T1<==>Prkar1a_T4,Slc25a3_T1,Prkar1a_T4
Slc25a3_T1<==>Ighg2b_B2,Slc25a3_T1,Ighg2b_B2
Slc25a3_T1<==>Serpinb6b_M3,Slc25a3_T1,Serpinb6b_M3
Slc25a3_T1<==>Serpinb9_M3,Slc25a3_T1,Serpinb9_M3
Slc25a3_T1<==>Appl1_M4,Slc25a3_T1,Appl1_M4
Slc25a3_T1<==>Gpr183_T4,Slc25a3_T1,Gpr183_T4
Slc25a3_T1<==>Sub1_T3,Slc25a3_T1,Sub1_T3
Slc25a3_T1<==>Ywhaz_B3,Slc25a3_T1,Ywhaz_B3
Slc25a3_T1<==>Csf2rb2_M3,Slc25a3_T1,Csf2rb2_M3
Slc25a3_T1<==>Slc38a2_B3,Slc25a3_T1,Slc38a2_B3
Slc25a3_T1<==>Psmb8_T1,Slc25a3_T1,Psmb8_T1
Slc25a3_T1<==>mt-Co3_B2,Slc25a3_T1,mt-Co3_B2
Slc25a3_T2<==>Sh3pxd2b_M4,Slc25a3_T2,Sh3pxd2b_M4
Slc25a3_T2<==>Rpl35a_B2,Slc25a3_T2,Rpl35a_B2
Slc25a3_T2<==>Atp6v0c_B3,Slc25a3_T2,Atp6v0c_B3
Slc25a3_T2<==>mt-Co2_B0,Slc25a3_T2,mt-Co2_B0
Slc25a3_T3<==>Atxn7l3b_M3,Slc25a3_T3,Atxn7l3b_M3
Slc25a3_T3<==>Sqstm1_M3,Slc25a3_T3,Sqstm1_M3
Slc25a3_T3<==>Ube2b_T1,Slc25a3_T3,Ube2b_T1
Slc25a3_T3<==>Irf1_M4,Slc25a3_T3,Irf1_M4
Slc25a3_T3<==>Ifrd1_O10,Slc25a3_T3,Ifrd1_O10
Slc25a3_T3<==>Calm1_B2,Slc25a3_T3,Calm1_B2
Slc25a3_T3<==>Atp5mpl_T3,Slc25a3_T3,Atp5mpl_T3
Slc25a3_T3<==>Appl1_M4,Slc25a3_T3,Appl1_M4
Slc25a3_T3<==>Satb1_T3,Slc25a3_T3,Satb1_T3
Slc25a3_T3<==>Calm2_B3,Slc25a3_T3,Calm2_B3
Slc25a3_T3<==>Cd14_M1,Slc25a3_T3,Cd14_M1
Slc25a3_T3<==>Atp5md_B2,Slc25a3_T3,Atp5md_B2
Slc25a3_T3<==>mt-Atp6_B2,Slc25a3_T3,mt-Atp6_B2
Tmpo_T5<==>Actr2_M3,Tmpo_T5,Actr2_M3
Snrpf_B1<==>Nap1l1_B1,Snrpf_B1,Nap1l1_B1
Snrpf_B1<==>Prkar1a_T4,Snrpf_B1,Prkar1a_T4
Snrpf_B1<==>Psmb8_B1,Snrpf_B1,Psmb8_B1
Snrpf_B1<==>Lst1_M0,Snrpf_B1,Lst1_M0
Snrpf_B4<==>Psme1_T2,Snrpf_B4,Psme1_T2
Snrpf_B5<==>Ube2b_T3,Snrpf_B5,Ube2b_T3
Snrpf_B5<==>Hspa4_B1,Snrpf_B5,Hspa4_B1
Snrpf_B5<==>Kdm6b_T4,Snrpf_B5,Kdm6b_T4
Snrpf_B5<==>Grn_M0,Snrpf_B5,Grn_M0
Snrpf_B5<==>Prkar1a_T4,Snrpf_B5,Prkar1a_T4
Snrpf_B5<==>Nfkbia_B3,Snrpf_B5,Nfkbia_B3
Snrpf_B5<==>Serpinb6b_M3,Snrpf_B5,Serpinb6b_M3
Snrpf_B5<==>Serpinb9_M3,Snrpf_B5,Serpinb9_M3
Snrpf_B5<==>Sub1_T5,Snrpf_B5,Sub1_T5
Snrpf_B5<==>Ly6e_M1,Snrpf_B5,Ly6e_M1
Snrpf_M3<==>Tbca_M0,Snrpf_M3,Tbca_M0
Snrpf_M3<==>U2af1_M3,Snrpf_M3,U2af1_M3
Snrpf_M3<==>Fermt3_M1,Snrpf_M3,Fermt3_M1
Snrpf_M5<==>Rap1b_T2,Snrpf_M5,Rap1b_T2
Snrpf_M5<==>Hspa4_B1,Snrpf_M5,Hspa4_B1
Snrpf_M5<==>Ddx5_T4,Snrpf_M5,Ddx5_T4
Snrpf_M5<==>Ighv3-1_B2,Snrpf_M5,Ighv3-1_B2
Snrpf_M5<==>Hist1h1e_T5,Snrpf_M5,Hist1h1e_T5
Snrpf_M5<==>Ezr_M4,Snrpf_M5,Ezr_M4
Snrpf_M5<==>Hsp90ab1_T5,Snrpf_M5,Hsp90ab1_T5
Snrpf_M5<==>Tgif1_M0,Snrpf_M5,Tgif1_M0
Snrpf_M5<==>Rpl17_T3,Snrpf_M5,Rpl17_T3
Snrpf_T1<==>Ube2b_T5,Snrpf_T1,Ube2b_T5
Snrpf_T1<==>Erh_B4,Snrpf_T1,Erh_B4
Metap2_T5<==>Ighv2-6-8_B3,Metap2_T5,Ighv2-6-8_B3
Metap2_T5<==>mt-Nd1_B1,Metap2_T5,mt-Nd1_B1
Ube2n_M3<==>Uqcrb_B1,Ube2n_M3,Uqcrb_B1
Ube2n_M3<==>Srsf3_B2,Ube2n_M3,Srsf3_B2
Btg1_B1<==>Il2rb_T4,Btg1_B1,Il2rb_T4
Btg1_B1<==>Iglc1_B2,Btg1_B1,Iglc1_B2
Btg1_B1<==>Crem_M5,Btg1_B1,Crem_M5
Btg1_B1<==>Sat1_B1,Btg1_B1,Sat1_B1
Btg1_M5<==>Eif3e_T2,Btg1_M5,Eif3e_T2
Btg1_M5<==>mt-Atp6_M0,Btg1_M5,mt-Atp6_M0
Btg1_T0<==>Btg1_T3,Btg1_T0,Btg1_T3
Btg1_T0<==>Ighv1-50_B3,Btg1_T0,Ighv1-50_B3
Btg1_T0<==>Fam49b_T5,Btg1_T0,Fam49b_T5
Btg1_T0<==>Ly6d_B1,Btg1_T0,Ly6d_B1
Btg1_T2<==>Ube2b_B0,Btg1_T2,Ube2b_B0
Btg1_T3<==>2410006H16Rik_B2,Btg1_T3,2410006H16Rik_B2
Btg1_T3<==>Zfp36l1_T2,Btg1_T3,Zfp36l1_T2
Atp2b1_M2<==>2410006H16Rik_B2,Atp2b1_M2,2410006H16Rik_B2
Atp2b1_M2<==>Ckb_M4,Atp2b1_M2,Ckb_M4
Atp2b1_M2<==>Retnlg_M2,Atp2b1_M2,Retnlg_M2
Atp2b1_M2<==>Tapbp_M0,Atp2b1_M2,Tapbp_M0
Atp2b1_M2<==>Rps18_B2,Atp2b1_M2,Rps18_B2
Atp2b1_M2<==>Psmb9_B4,Atp2b1_M2,Psmb9_B4
Atp2b1_M2<==>Lrg1_M2,Atp2b1_M2,Lrg1_M2
Atp2b1_M2<==>Cox8a_B2,Atp2b1_M2,Cox8a_B2
Atp2b1_M3<==>Grn_M5,Atp2b1_M3,Grn_M5
Atp2b1_M3<==>Ctsb_M5,Atp2b1_M3,Ctsb_M5
Atp2b1_M3<==>Ly6c2_B3,Atp2b1_M3,Ly6c2_B3
Atp2b1_M3<==>Nrros_M3,Atp2b1_M3,Nrros_M3
Atp2b1_M4<==>Arf4_T2,Atp2b1_M4,Arf4_T2
Atp2b1_T2<==>Ighv1-74_B2,Atp2b1_T2,Ighv1-74_B2
Atp2b1_T2<==>Rps28_T1,Atp2b1_T2,Rps28_T1
Ppp1r12a_T0<==>Hif1a_M5,Ppp1r12a_T0,Hif1a_M5
Ppp1r12a_T0<==>H2-DMb2_M3,Ppp1r12a_T0,H2-DMb2_M3
Ppp1r12a_T0<==>Gm8369_T0,Ppp1r12a_T0,Gm8369_T0
Ppp1r12a_T0<==>mt-Co1_T3,Ppp1r12a_T0,mt-Co1_T3
Ppp1r12a_T4<==>Irf1_M4,Ppp1r12a_T4,Irf1_M4
Ppp1r12a_T4<==>Pfn1_T4,Ppp1r12a_T4,Pfn1_T4
Ppp1r12a_T4<==>Csf2rb_M4,Ppp1r12a_T4,Csf2rb_M4
Ppp1r12a_T4<==>Atp5md_T2,Ppp1r12a_T4,Atp5md_T2
Nap1l1_B1<==>Eif1_T7,Nap1l1_B1,Eif1_T7
Nap1l1_B1<==>Grb2_B1,Nap1l1_B1,Grb2_B1
Nap1l1_B1<==>Ywhaz_B2,Nap1l1_B1,Ywhaz_B2
Nap1l1_B1<==>Nrros_M3,Nap1l1_B1,Nrros_M3
Nap1l1_B1<==>Rpl10a_M3,Nap1l1_B1,Rpl10a_M3
Nap1l1_B1<==>mt-Nd3_B2,Nap1l1_B1,mt-Nd3_B2
Nap1l1_M0<==>Actr2_M0,Nap1l1_M0,Actr2_M0
Nap1l1_T3<==>Ighv1-39_B2,Nap1l1_T3,Ighv1-39_B2
Nap1l1_T3<==>Rps23_M3,Nap1l1_T3,Rps23_M3
Nap1l1_T3<==>Myl12a_T3,Nap1l1_T3,Myl12a_T3
Glipr1_B3<==>H2-DMa_M5,Glipr1_B3,H2-DMa_M5
Glipr1_B3<==>mt-Co2_B0,Glipr1_B3,mt-Co2_B0
Atxn7l3b_M3<==>Atp5a1_M1,Atxn7l3b_M3,Atp5a1_M1
Tbc1d15_B3<==>Pafah1b1_B3,Tbc1d15_B3,Pafah1b1_B3
Tbc1d15_B3<==>Nme2_M3,Tbc1d15_B3,Nme2_M3
Tbc1d15_B3<==>Prkar1a_T3,Tbc1d15_B3,Prkar1a_T3
Tbc1d15_B3<==>Igha_B3,Tbc1d15_B3,Igha_B3
Tbc1d15_B3<==>Appl1_M3,Tbc1d15_B3,Appl1_M3
Tbc1d15_B3<==>Sub1_B3,Tbc1d15_B3,Sub1_B3
Tbc1d15_B3<==>Azin1_B3,Tbc1d15_B3,Azin1_B3
Tbc1d15_B3<==>Tnrc6b_B3,Tbc1d15_B3,Tnrc6b_B3
Tbc1d15_B3<==>Slc38a2_B3,Tbc1d15_B3,Slc38a2_B3
Tbc1d15_B3<==>Zeb1_T2,Tbc1d15_B3,Zeb1_T2
Tbc1d15_B3<==>Ctsw_T0,Tbc1d15_B3,Ctsw_T0
Tbc1d15_B3<==>Ehd1_M3,Tbc1d15_B3,Ehd1_M3
Tbc1d15_B3<==>Usp9x_M4,Tbc1d15_B3,Usp9x_M4
Tbc1d15_B3<==>Slc25a5_B4,Tbc1d15_B3,Slc25a5_B4
Tbc1d15_B3<==>mt-Atp6_B0,Tbc1d15_B3,mt-Atp6_B0
Tbc1d15_M4<==>Igha_B1,Tbc1d15_M4,Igha_B1
Tbc1d15_M4<==>H2-Q6_M5,Tbc1d15_M4,H2-Q6_M5
Rab21_M5<==>Sqstm1_M4,Rab21_M5,Sqstm1_M4
Rab21_M5<==>Spcs1_B3,Rab21_M5,Spcs1_B3
Ptprb_O10<==>Nme2_B1,Ptprb_O10,Nme2_B1
Ptprb_O10<==>Chchd1_M4,Ptprb_O10,Chchd1_M4
Ptprb_O10<==>H2-T23_O10,Ptprb_O10,H2-T23_O10
Cct2_B4<==>H2-K1_T6,Cct2_B4,H2-K1_T6
Lyz2_B7<==>Tmem14c_M3,Lyz2_B7,Tmem14c_M3
Lyz2_B7<==>Ndufb10_B3,Lyz2_B7,Ndufb10_B3
Lyz2_M0<==>H2-DMb1_M0,Lyz2_M0,H2-DMb1_M0
Lyz2_M3<==>Rap1b_T1,Lyz2_M3,Rap1b_T1
Lyz2_M3<==>Rps26_B1,Lyz2_M3,Rps26_B1
Lyz2_M3<==>Trib1_M4,Lyz2_M3,Trib1_M4
Lyz2_M3<==>Iglv3_B5,Lyz2_M3,Iglv3_B5
Lyz2_M3<==>Hsp90ab1_T5,Lyz2_M3,Hsp90ab1_T5
Lyz2_M3<==>Atp5md_B5,Lyz2_M3,Atp5md_B5
Lyz2_M5<==>Ltb_T1,Lyz2_M5,Ltb_T1
Lyz2_M5<==>Fth1_M5,Lyz2_M5,Fth1_M5
Lyz2_M5<==>Ssr4_B1,Lyz2_M5,Ssr4_B1
Lyz2_T0<==>Gm42418_M5,Lyz2_T0,Gm42418_M5
Lyz2_T0<==>Rpl17_B1,Lyz2_T0,Rpl17_B1
Rap1b_B3<==>Sub1_B3,Rap1b_B3,Sub1_B3
Rap1b_B3<==>Rps18_M3,Rap1b_B3,Rps18_M3
Rap1b_B3<==>Gramd3_T0,Rap1b_B3,Gramd3_T0
Rap1b_B3<==>Nars_B3,Rap1b_B3,Nars_B3
Rap1b_B3<==>P2ry10_T5,Rap1b_B3,P2ry10_T5
Rap1b_M1<==>Rpl26_M1,Rap1b_M1,Rpl26_M1
Rap1b_M1<==>Stat3_B1,Rap1b_M1,Stat3_B1
Rap1b_M3<==>Nfkbia_B3,Rap1b_M3,Nfkbia_B3
Rap1b_M3<==>Ago2_M3,Rap1b_M3,Ago2_M3
Rap1b_T1<==>Pfn1_B4,Rap1b_T1,Pfn1_B4
Rap1b_T1<==>Sub1_B5,Rap1b_T1,Sub1_B5
Rap1b_T1<==>Sub1_T5,Rap1b_T1,Sub1_T5
Rap1b_T1<==>mt-Co3_M3,Rap1b_T1,mt-Co3_M3
Rap1b_T2<==>Rel_M1,Rap1b_T2,Rel_M1
Rap1b_T2<==>Paip2_T2,Rap1b_T2,Paip2_T2
Rap1b_T2<==>Atp5md_B2,Rap1b_T2,Atp5md_B2
Llph_B5<==>Ighg2c_B5,Llph_B5,Ighg2c_B5
Llph_B5<==>Slc3a2_T3,Llph_B5,Slc3a2_T3
Llph_M3<==>Igha_B7,Llph_M3,Igha_B7
Llph_M3<==>Fgfr1op_M4,Llph_M3,Fgfr1op_M4
Llph_M3<==>Aif1_M3,Llph_M3,Aif1_M3
Gns_M1<==>Stk24_T4,Gns_M1,Stk24_T4
Rassf3_M3<==>Ostf1_T2,Rassf3_M3,Ostf1_T2
Rassf3_M3<==>Myof_M0,Rassf3_M3,Myof_M0
Cdk4_T5<==>2410006H16Rik_B1,Cdk4_T5,2410006H16Rik_B1
Cdk4_T5<==>Snrpd1_T5,Cdk4_T5,Snrpd1_T5
Dctn2_M4<==>Cd300c2_M3,Dctn2_M4,Cd300c2_M3
Dctn2_M4<==>Rpl36a_B4,Dctn2_M4,Rpl36a_B4
Naca_M3<==>Krt83_T7,Naca_M3,Krt83_T7
Naca_M3<==>mt-Co3_B5,Naca_M3,mt-Co3_B5
Naca_T5<==>Ecscr_O10,Naca_T5,Ecscr_O10
Ptges3_B1<==>Rpl37_T2,Ptges3_B1,Rpl37_T2
Ptges3_B1<==>Calm2_T3,Ptges3_B1,Calm2_T3
Ptges3_B3<==>Sumo2_B3,Ptges3_B3,Sumo2_B3
Ptges3_B3<==>Hnrnpk_B3,Ptges3_B3,Hnrnpk_B3
Ptges3_B5<==>Cdkn1a_M3,Ptges3_B5,Cdkn1a_M3
Atp5b_M3<==>Eif5_B1,Atp5b_M3,Eif5_B1
Atp5b_M3<==>Vdac2_M3,Atp5b_M3,Vdac2_M3
Atp5b_M3<==>Psmb8_M3,Atp5b_M3,Psmb8_M3
Atp5b_M3<==>Ptprcap_T4,Atp5b_M3,Ptprcap_T4
Atp5b_M4<==>Selenop_T4,Atp5b_M4,Selenop_T4
Atp5b_M4<==>Pten_M0,Atp5b_M4,Pten_M0
Atp5b_M4<==>Rpl10_B1,Atp5b_M4,Rpl10_B1
Atp5b_M4<==>mt-Cytb_M0,Atp5b_M4,mt-Cytb_M0
Cnpy2_B3<==>Ighd_B5,Cnpy2_B3,Ighd_B5
Cnpy2_B3<==>Rpl24_B1,Cnpy2_B3,Rpl24_B1
Myl6_B0<==>Actg1_B0,Myl6_B0,Actg1_B0
Myl6_B0<==>Eif3e_B1,Myl6_B0,Eif3e_B1
Myl6_B0<==>Cfb_M0,Myl6_B0,Cfb_M0
Myl6_B0<==>Gm42418_B1,Myl6_B0,Gm42418_B1
Myl6_B0<==>Gm42418_B2,Myl6_B0,Gm42418_B2
Myl6_B0<==>Gm42418_B5,Myl6_B0,Gm42418_B5
Myl6_B3<==>Ift20_B3,Myl6_B3,Ift20_B3
Myl6_B3<==>Psmb3_B3,Myl6_B3,Psmb3_B3
Myl6_B3<==>Btf3_B3,Myl6_B3,Btf3_B3
Myl6_B3<==>Igkv17-121_B3,Myl6_B3,Igkv17-121_B3
Myl6_M2<==>Nfkbia_B3,Myl6_M2,Nfkbia_B3
Myl6_M2<==>Nfkbia_M4,Myl6_M2,Nfkbia_M4
Myl6_M3<==>Eif5a_B4,Myl6_M3,Eif5a_B4
Myl6_M3<==>Xist_T4,Myl6_M3,Xist_T4
Myl6_M3<==>Atrx_M3,Myl6_M3,Atrx_M3
Myl6_M5<==>Cox8a_M5,Myl6_M5,Cox8a_M5
Rpl41_B3<==>Crip1_T3,Rpl41_B3,Crip1_T3
Rpl41_B3<==>Rps28_T1,Rpl41_B3,Rps28_T1
Rpl41_B3<==>Rpl36_T5,Rpl41_B3,Rpl36_T5
Rpl41_B3<==>Cd74_T5,Rpl41_B3,Cd74_T5
Rpl41_B3<==>Nars_B3,Rpl41_B3,Nars_B3
Rpl41_B3<==>Atp5md_T2,Rpl41_B3,Atp5md_T2
Rpl41_B3<==>Rpl36a_B4,Rpl41_B3,Rpl36a_B4
Rpl41_M0<==>Rps26_M0,Rpl41_M0,Rps26_M0
Rpl41_M0<==>Kctd12_M3,Rpl41_M0,Kctd12_M3
Rpl41_M0<==>Ndufa7_M0,Rpl41_M0,Ndufa7_M0
Rpl41_M0<==>Scd1_B2,Rpl41_M0,Scd1_B2
Rpl41_M0<==>Atp5md_B1,Rpl41_M0,Atp5md_B1
Rpl41_M0<==>Rpl39_T4,Rpl41_M0,Rpl39_T4
Rpl41_M0<==>Rgs13_B4,Rpl41_M0,Rgs13_B4
Rpl41_M0<==>Ighv1-25_B3,Rpl41_M0,Ighv1-25_B3
Rpl41_M2<==>Gpr183_B5,Rpl41_M2,Gpr183_B5
Rpl41_M3<==>Rps7_B1,Rpl41_M3,Rps7_B1
Rpl41_M3<==>Rps29_T1,Rpl41_M3,Rps29_T1
Rpl41_M3<==>Rps29_T7,Rpl41_M3,Rps29_T7
Rpl41_M3<==>Ndufb1-ps_M3,Rpl41_M3,Ndufb1-ps_M3
Rpl41_M3<==>Ndufb1-ps_T2,Rpl41_M3,Ndufb1-ps_T2
Rpl41_M3<==>Ighv3-6_B2,Rpl41_M3,Ighv3-6_B2
Rpl41_M3<==>Ighv1-22_B3,Rpl41_M3,Ighv1-22_B3
Rpl41_M3<==>Rpl37_T1,Rpl41_M3,Rpl37_T1
Rpl41_M3<==>Cct5_M1,Rpl41_M3,Cct5_M1
Rpl41_M3<==>Hnrnpa1_B1,Rpl41_M3,Hnrnpa1_B1
Rpl41_M3<==>Rps28_M3,Rpl41_M3,Rps28_M3
Rpl41_M3<==>Rps28_T1,Rpl41_M3,Rps28_T1
Rpl41_M3<==>Rps28_T2,Rpl41_M3,Rps28_T2
Rpl41_M3<==>Ltb_T5,Rpl41_M3,Ltb_T5
Rpl41_M3<==>Rpl36_M3,Rpl41_M3,Rpl36_M3
Rpl41_M3<==>Rpl39_B2,Rpl41_M3,Rpl39_B2
Rpl41_M3<==>Xist_T2,Rpl41_M3,Xist_T2
Rpl41_M3<==>mt-Atp6_B3,Rpl41_M3,mt-Atp6_B3
Rpl41_M3<==>mt-Co3_B3,Rpl41_M3,mt-Co3_B3
Rpl41_M3<==>mt-Cytb_B3,Rpl41_M3,mt-Cytb_B3
Rpl41_M5<==>Tgfbi_M0,Rpl41_M5,Tgfbi_M0
Rpl41_M5<==>Rpl39_M5,Rpl41_M5,Rpl39_M5
Rpl41_M5<==>Rpl10_T2,Rpl41_M5,Rpl10_T2
Rpl41_M5<==>mt-Nd4l_B3,Rpl41_M5,mt-Nd4l_B3
Rps26_B1<==>Rel_M1,Rps26_B1,Rel_M1
Rps26_B1<==>Cox7c_T1,Rps26_B1,Cox7c_T1
Rps26_B1<==>Cox17_M3,Rps26_B1,Cox17_M3
Rps26_B1<==>Rpl36_B1,Rps26_B1,Rpl36_B1
Rps26_B1<==>Rpl39_B1,Rps26_B1,Rpl39_B1
Rps26_M0<==>Tmem256_M0,Rps26_M0,Tmem256_M0
Rps26_M0<==>Rps7_T5,Rps26_M0,Rps7_T5
Rps26_M0<==>Ndufa7_M0,Rps26_M0,Ndufa7_M0
Rps26_M0<==>Rpl36_M0,Rps26_M0,Rpl36_M0
Rps26_M0<==>Fermt3_M1,Rps26_M0,Fermt3_M1
Rps26_M0<==>Rpl39_T4,Rps26_M0,Rpl39_T4
Rps26_M3<==>Rel_M1,Rps26_M3,Rel_M1
Rps26_M3<==>Igha_M0,Rps26_M3,Igha_M0
Rps26_M3<==>Rpl37_M3,Rps26_M3,Rpl37_M3
Rps26_M3<==>Rps28_M3,Rps26_M3,Rps28_M3
Rps26_M3<==>H2-D1_M3,Rps26_M3,H2-D1_M3
Rps26_M3<==>Xist_B3,Rps26_M3,Xist_B3
Rps26_M3<==>mt-Atp8_B1,Rps26_M3,mt-Atp8_B1
Rps26_M3<==>mt-Atp6_B3,Rps26_M3,mt-Atp6_B3
Rps26_M3<==>mt-Nd4l_B1,Rps26_M3,mt-Nd4l_B1
Rps26_M4<==>mt-Nd5_B2,Rps26_M4,mt-Nd5_B2
Rps26_T2<==>Pld4_M5,Rps26_T2,Pld4_M5
Rps26_T2<==>Rpl37_T1,Rps26_T2,Rpl37_T1
Rps26_T5<==>Sqstm1_B3,Rps26_T5,Sqstm1_B3
Rps26_T5<==>Kdm6b_M1,Rps26_T5,Kdm6b_M1
Rps26_T5<==>Cltc_M1,Rps26_T5,Cltc_M1
Rps26_T5<==>Gm42418_M5,Rps26_T5,Gm42418_M5
Rps26_T5<==>Ssr4_O7,Rps26_T5,Ssr4_O7
Rps26_T5<==>Rpl36a_T5,Rps26_T5,Rpl36a_T5
Rps26_T5<==>mt-Atp6_T3,Rps26_T5,mt-Atp6_T3
Uqcr10_M3<==>Ighg1_B4,Uqcr10_M3,Ighg1_B4
Uqcr10_M3<==>Ahnak_T4,Uqcr10_M3,Ahnak_T4
Ewsr1_T5<==>Gm42418_M3,Ewsr1_T5,Gm42418_M3
Xbp1_B7<==>Pten_M4,Xbp1_B7,Pten_M4
Xbp1_M4<==>Pafah1b1_T3,Xbp1_M4,Pafah1b1_T3
Xbp1_M4<==>Smc6_M7,Xbp1_M4,Smc6_M7
Xbp1_M4<==>Cox7c_B5,Xbp1_M4,Cox7c_B5
Xbp1_M4<==>Psme1_M1,Xbp1_M4,Psme1_M1
Xbp1_M4<==>Gpr183_T4,Xbp1_M4,Gpr183_T4
Xbp1_M4<==>Ywhaz_B1,Xbp1_M4,Ywhaz_B1
Xbp1_M4<==>Ier3_M1,Xbp1_M4,Ier3_M1
Xbp1_M4<==>Paip2_T2,Xbp1_M4,Paip2_T2
Dbnl_M4<==>Ly6a_M7,Dbnl_M4,Ly6a_M7
Dbnl_M4<==>Ahnak_O7,Dbnl_M4,Ahnak_O7
Ppia_B1<==>Ube2b_T6,Ppia_B1,Ube2b_T6
Ppia_B1<==>Atp5h_B2,Ppia_B1,Atp5h_B2
Ppia_B1<==>Rpl24_M3,Ppia_B1,Rpl24_M3
Ppia_B1<==>Elob_B1,Ppia_B1,Elob_B1
Ppia_B1<==>Rps2_O7,Ppia_B1,Rps2_O7
Ppia_B1<==>H2-Q7_T2,Ppia_B1,H2-Q7_T2
Ppia_B1<==>Gm42418_M2,Ppia_B1,Gm42418_M2
Ppia_B3<==>Ighv1-54_B2,Ppia_B3,Ighv1-54_B2
Ppia_B3<==>Basp1_B3,Ppia_B3,Basp1_B3
Ppia_B3<==>Iglc3_B3,Ppia_B3,Iglc3_B3
Ppia_B3<==>Abi3bp_T4,Ppia_B3,Abi3bp_T4
Ppia_B3<==>Prdx5_M1,Ppia_B3,Prdx5_M1
Ppia_B5<==>Npm1_T1,Ppia_B5,Npm1_T1
Ppia_B5<==>Atp6v0c_M3,Ppia_B5,Atp6v0c_M3
Ppia_M3<==>Map3k14_M3,Ppia_M3,Map3k14_M3
Ppia_M3<==>Eif5_T4,Ppia_M3,Eif5_T4
Ppia_T2<==>Spcs1_B3,Ppia_T2,Spcs1_B3
Ppia_T2<==>Ier3_M5,Ppia_T2,Ier3_M5
Purb_M1<==>Nrip1_T2,Purb_M1,Nrip1_T2
Snhg15_M3<==>Sec61g_T2,Snhg15_M3,Sec61g_T2
Snhg15_M3<==>Cxcl16_M3,Snhg15_M3,Cxcl16_M3
Snhg15_M3<==>Eif1_T7,Snhg15_M3,Eif1_T7
Snhg15_M3<==>Clptm1l_B3,Snhg15_M3,Clptm1l_B3
Snhg15_M3<==>Tnrc6b_B3,Snhg15_M3,Tnrc6b_B3
Snhg15_M3<==>Rps28_M3,Snhg15_M3,Rps28_M3
Snhg15_M3<==>Rps28_T1,Snhg15_M3,Rps28_T1
Ramp3_T1<==>Plek_M4,Ramp3_T1,Plek_M4
Ramp3_T1<==>Samsn1_T5,Ramp3_T1,Samsn1_T5
Ramp3_T1<==>Nars_M4,Ramp3_T1,Nars_M4
Ramp3_T1<==>Rpl36a_B4,Ramp3_T1,Rpl36a_B4
Ramp3_T1<==>mt-Co3_T2,Ramp3_T1,mt-Co3_T2
Ramp3_T1<==>mt-Co3_T4,Ramp3_T1,mt-Co3_T4
Ramp3_T7<==>Npm1_B3,Ramp3_T7,Npm1_B3
Ramp3_T7<==>Eif4a1_M1,Ramp3_T7,Eif4a1_M1
Ramp3_T7<==>Pafah1b1_B3,Ramp3_T7,Pafah1b1_B3
Ramp3_T7<==>Prkar1a_M4,Ramp3_T7,Prkar1a_M4
Ramp3_T7<==>Syngr2_M3,Ramp3_T7,Syngr2_M3
Ramp3_T7<==>Cyth1_M3,Ramp3_T7,Cyth1_M3
Ramp3_T7<==>Sf3b6_B1,Ramp3_T7,Sf3b6_B1
Ramp3_T7<==>Odc1_T7,Ramp3_T7,Odc1_T7
Ramp3_T7<==>Tcrg-C1_T4,Ramp3_T7,Tcrg-C1_T4
Ramp3_T7<==>Serpinb6b_M3,Ramp3_T7,Serpinb6b_M3
Ramp3_T7<==>Serpinb9_M3,Ramp3_T7,Serpinb9_M3
Ramp3_T7<==>Dnase1l3_M4,Ramp3_T7,Dnase1l3_M4
Ramp3_T7<==>Arf4_T2,Ramp3_T7,Arf4_T2
Ramp3_T7<==>Tnfsf11_T7,Ramp3_T7,Tnfsf11_T7
Ramp3_T7<==>Mycbp2_B5,Ramp3_T7,Mycbp2_B5
Ramp3_T7<==>Csf2rb_M5,Ramp3_T7,Csf2rb_M5
Ramp3_T7<==>Tnrc6b_B3,Ramp3_T7,Tnrc6b_B3
Ramp3_T7<==>Pcbp2_T2,Ramp3_T7,Pcbp2_T2
Ramp3_T7<==>Psmb1_T4,Ramp3_T7,Psmb1_T4
Ramp3_T7<==>Srsf3_B5,Ramp3_T7,Srsf3_B5
Ramp3_T7<==>H2-Eb1_B3,Ramp3_T7,H2-Eb1_B3
Ramp3_T7<==>mt-Co3_B2,Ramp3_T7,mt-Co3_B2
Upp1_M2<==>Mapk1_M4,Upp1_M2,Mapk1_M4
Upp1_M2<==>Ndufb10_M3,Upp1_M2,Ndufb10_M3
Upp1_M2<==>H2-K1_M2,Upp1_M2,H2-K1_M2
Sec61g_B3<==>Nol7_B3,Sec61g_B3,Nol7_B3
Sec61g_B3<==>Iglc3_B3,Sec61g_B3,Iglc3_B3
Sec61g_B3<==>Elob_B3,Sec61g_B3,Elob_B3
Sec61g_M3<==>Rps23_M1,Sec61g_M3,Rps23_M1
Sec61g_T0<==>Elf1_B1,Sec61g_T0,Elf1_B1
Sec61g_T0<==>Pim1_B3,Sec61g_T0,Pim1_B3
Sec61g_T0<==>Rpl17_B0,Sec61g_T0,Rpl17_B0
Sec61g_T0<==>Rps4x_T5,Sec61g_T0,Rps4x_T5
Sec61g_T2<==>Eif1_T7,Sec61g_T2,Eif1_T7
Sec61g_T2<==>Tnfaip2_M5,Sec61g_T2,Tnfaip2_M5
Sec61g_T2<==>Ly6a_T0,Sec61g_T2,Ly6a_T0
Sec61g_T2<==>Cox17_M0,Sec61g_T2,Cox17_M0
Sec61g_T4<==>Sec61g_T5,Sec61g_T4,Sec61g_T5
Sec61g_T4<==>Rpl23a_B5,Sec61g_T4,Rpl23a_B5
Sec61g_T4<==>Ndufb1-ps_T4,Sec61g_T4,Ndufb1-ps_T4
Sec61g_T4<==>Hist1h2ae_T5,Sec61g_T4,Hist1h2ae_T5
Sec61g_T4<==>Lcp1_T4,Sec61g_T4,Lcp1_T4
Sec61g_T4<==>Cox17_T4,Sec61g_T4,Cox17_T4
Sec61g_T4<==>Ndufa7_T4,Sec61g_T4,Ndufa7_T4
Sec61g_T4<==>Rpl36_B1,Sec61g_T4,Rpl36_B1
Sec61g_T4<==>Cox7a2l_M0,Sec61g_T4,Cox7a2l_M0
Sec61g_T4<==>Rpl17_T5,Sec61g_T4,Rpl17_T5
Sec61g_T4<==>Unc93b1_M0,Sec61g_T4,Unc93b1_M0
Sec61g_T4<==>Atp5md_T1,Sec61g_T4,Atp5md_T1
Sec61g_T4<==>Rps4x_B5,Sec61g_T4,Rps4x_B5
Sec61g_T5<==>Arhgdia_M0,Sec61g_T5,Arhgdia_M0
Sec61g_T5<==>Ndufb1-ps_M3,Sec61g_T5,Ndufb1-ps_M3
Sec61g_T5<==>Ndufb1-ps_T2,Sec61g_T5,Ndufb1-ps_T2
Sec61g_T5<==>Ndufb1-ps_T4,Sec61g_T5,Ndufb1-ps_T4
Sec61g_T5<==>Atp5mpl_M0,Sec61g_T5,Atp5mpl_M0
Sec61g_T5<==>Atp5mpl_M3,Sec61g_T5,Atp5mpl_M3
Sec61g_T5<==>Ighv2-9_B2,Sec61g_T5,Ighv2-9_B2
Sec61g_T5<==>Ighv1-78_B3,Sec61g_T5,Ighv1-78_B3
Sec61g_T5<==>Cox7c_M3,Sec61g_T5,Cox7c_M3
Sec61g_T5<==>Rps24_M5,Sec61g_T5,Rps24_M5
Sec61g_T5<==>Ywhaz_M5,Sec61g_T5,Ywhaz_M5
Sec61g_T5<==>Lst1_M0,Sec61g_T5,Lst1_M0
Sec61g_T5<==>H2-T23_M0,Sec61g_T5,H2-T23_M0
Sec61g_T5<==>Myl12a_M0,Sec61g_T5,Myl12a_M0
Sec61g_T5<==>mt-Co2_B0,Sec61g_T5,mt-Co2_B0
Sec61g_T5<==>mt-Nd3_B1,Sec61g_T5,mt-Nd3_B1
Sec61g_T5<==>mt-Nd3_B5,Sec61g_T5,mt-Nd3_B5
Eldr_M7<==>Ighv9-2_B3,Eldr_M7,Ighv9-2_B3
Eldr_M7<==>Rac2_M5,Eldr_M7,Rac2_M5
Eldr_M7<==>Rac2_T4,Eldr_M7,Rac2_T4
Eldr_M7<==>AW112010_T2,Eldr_M7,AW112010_T2
Plek_B1<==>Rps27a_T5,Plek_B1,Rps27a_T5
Plek_B1<==>Pdia6_O7,Plek_B1,Pdia6_O7
Plek_B1<==>Cox7a2l_M0,Plek_B1,Cox7a2l_M0
Plek_B1<==>Paip2_T5,Plek_B1,Paip2_T5
Plek_B1<==>Rpl17_B1,Plek_B1,Rpl17_B1
Plek_B1<==>Prdx5_M1,Plek_B1,Prdx5_M1
Plek_B1<==>Rps4x_B1,Plek_B1,Rps4x_B1
Plek_B4<==>Eif5_T4,Plek_B4,Eif5_T4
Plek_M3<==>Rel_M3,Plek_M3,Rel_M3
Plek_M3<==>Jpt1_M3,Plek_M3,Jpt1_M3
Plek_M3<==>Nfkbia_T4,Plek_M3,Nfkbia_T4
Plek_M3<==>Vdac2_M3,Plek_M3,Vdac2_M3
Plek_M3<==>Psme2_M3,Plek_M3,Psme2_M3
Plek_M3<==>Gpr183_M3,Plek_M3,Gpr183_M3
Plek_M3<==>Atp5g2_M3,Plek_M3,Atp5g2_M3
Plek_M3<==>Psmb1_M3,Plek_M3,Psmb1_M3
Plek_M3<==>Psmb8_M3,Plek_M3,Psmb8_M3
Plek_M3<==>Clic1_M0,Plek_M3,Clic1_M0
Plek_M3<==>Atp5md_T2,Plek_M3,Atp5md_T2
Plek_M3<==>mt-Cytb_T2,Plek_M3,mt-Cytb_T2
Plek_M4<==>Crip1_M1,Plek_M4,Crip1_M1
Plek_M4<==>D16Ertd472e_T5,Plek_M4,D16Ertd472e_T5
Plek_M4<==>Dusp5_M4,Plek_M4,Dusp5_M4
Actr2_M0<==>Eif5a_T1,Actr2_M0,Eif5a_T1
Actr2_M0<==>Atp5mpl_M0,Actr2_M0,Atp5mpl_M0
Actr2_M0<==>Rps23_M3,Actr2_M0,Rps23_M3
Actr2_M0<==>Lgals3_M1,Actr2_M0,Lgals3_M1
Actr2_M0<==>Cox6c_M0,Actr2_M0,Cox6c_M0
Actr2_M0<==>Ly6d_B1,Actr2_M0,Ly6d_B1
Actr2_M0<==>App_M0,Actr2_M0,App_M0
Actr2_M0<==>Ets2_M5,Actr2_M0,Ets2_M5
Actr2_M0<==>Ppp1ca_M0,Actr2_M0,Ppp1ca_M0
Actr2_M0<==>Myof_M0,Actr2_M0,Myof_M0
Actr2_T1<==>Esd_M5,Actr2_T1,Esd_M5
Actr2_T1<==>Myl12b_T3,Actr2_T1,Myl12b_T3
Actr2_T1<==>Xist_B3,Actr2_T1,Xist_B3
Rab1a_M3<==>Arf1_M0,Rab1a_M3,Arf1_M0
Rab1a_M3<==>Calm1_T6,Rab1a_M3,Calm1_T6
Rab1a_M3<==>Satb1_T0,Rab1a_M3,Satb1_T0
Rab1a_M3<==>Entpd1_M1,Rab1a_M3,Entpd1_M1
Mdh1_M4<==>Chchd1_M4,Mdh1_M4,Chchd1_M4
Rel_B4<==>Myl12a_M0,Rel_B4,Myl12a_M0
Rel_B4<==>Cox7a2l_M3,Rel_B4,Cox7a2l_M3
Rel_B4<==>Lamp2_M0,Rel_B4,Lamp2_M0
Rel_B5<==>Rpl3_B1,Rel_B5,Rpl3_B1
Rel_M1<==>Ctsl_M0,Rel_M1,Ctsl_M0
Rel_M1<==>Prdx5_B4,Rel_M1,Prdx5_B4
Rel_M1<==>Atp5md_B1,Rel_M1,Atp5md_B1
Rel_M1<==>Rpl39_M5,Rel_M1,Rpl39_M5
Rel_M1<==>mt-Co2_T2,Rel_M1,mt-Co2_T2
Rel_M1<==>mt-Atp6_T2,Rel_M1,mt-Atp6_T2
Rel_M3<==>Csf2rb_M3,Rel_M3,Csf2rb_M3
Rel_M3<==>Psmb1_M3,Rel_M3,Psmb1_M3
Rel_M5<==>Rps28_M3,Rel_M5,Rps28_M3
Rel_M5<==>Atp5md_B1,Rel_M5,Atp5md_B1
Rel_M5<==>Rpl39_B2,Rel_M5,Rpl39_B2
Rel_M5<==>Igkv4-57_B3,Rel_M5,Igkv4-57_B3
Rel_T2<==>Crip1_B3,Rel_T2,Crip1_B3
Ppp4r3b_M4<==>H2-Q7_B0,Ppp4r3b_M4,H2-Q7_B0
Rps27a_B5<==>Ctsl_O10,Rps27a_B5,Ctsl_O10
Rps27a_B5<==>Ly6e_M5,Rps27a_B5,Ly6e_M5
Rps27a_B5<==>Pak2_B1,Rps27a_B5,Pak2_B1
Rps27a_B5<==>Fermt3_M4,Rps27a_B5,Fermt3_M4
Rps27a_M3<==>Rack1_M3,Rps27a_M3,Rack1_M3
Rps27a_M3<==>Rpl26_M3,Rps27a_M3,Rpl26_M3
Rps27a_M3<==>Pfn1_M0,Rps27a_M3,Pfn1_M0
Rps27a_M3<==>Rpl23_M3,Rps27a_M3,Rpl23_M3
Rps27a_M3<==>Rpl27_M3,Rps27a_M3,Rpl27_M3
Rps27a_M3<==>Atp5h_B2,Rps27a_M3,Atp5h_B2
Rps27a_M3<==>Rps7_M3,Rps27a_M3,Rps7_M3
Rps27a_M3<==>Hsp90aa1_B3,Rps27a_M3,Hsp90aa1_B3
Rps27a_M3<==>Ighg1_B7,Rps27a_M3,Ighg1_B7
Rps27a_M3<==>Tmem14c_M3,Rps27a_M3,Tmem14c_M3
Rps27a_M3<==>Rps23_M3,Rps27a_M3,Rps23_M3
Rps27a_M3<==>Mast4_B3,Rps27a_M3,Mast4_B3
Rps27a_M3<==>Rpl15_M3,Rps27a_M3,Rpl15_M3
Rps27a_M3<==>Rps24_M3,Rps27a_M3,Rps24_M3
Rps27a_M3<==>Selenok_M2,Rps27a_M3,Selenok_M2
Rps27a_M3<==>Itm2b_T2,Rps27a_M3,Itm2b_T2
Rps27a_M3<==>Rpl30_M3,Rps27a_M3,Rpl30_M3
Rps27a_M3<==>Elob_B1,Rps27a_M3,Elob_B1
Rps27a_M3<==>Rps10_M3,Rps27a_M3,Rps10_M3
Rps27a_M3<==>Srsf3_B2,Rps27a_M3,Srsf3_B2
Rps27a_M3<==>Rps18_M3,Rps27a_M3,Rps18_M3
Rps27a_M3<==>H2-K1_B2,Rps27a_M3,H2-K1_B2
Rps27a_M3<==>H2-D1_B2,Rps27a_M3,H2-D1_B2
Rps27a_M3<==>Pla2g7_M5,Rps27a_M3,Pla2g7_M5
Rps27a_M3<==>Ndfip1_T0,Rps27a_M3,Ndfip1_T0
Rps27a_M3<==>Rps14_M3,Rps27a_M3,Rps14_M3
Rps27a_M3<==>Rps14_M5,Rps27a_M3,Rps14_M5
Rps27a_M3<==>Rpl17_M3,Rps27a_M3,Rpl17_M3
Rps27a_M3<==>Fau_M3,Rps27a_M3,Fau_M3
Rps27a_M3<==>Ahnak_T4,Rps27a_M3,Ahnak_T4
Rps27a_M3<==>Rps4x_M3,Rps27a_M3,Rps4x_M3
Rps27a_M3<==>mt-Nd3_M5,Rps27a_M3,mt-Nd3_M5
Rps27a_M4<==>Rpl30_M4,Rps27a_M4,Rpl30_M4
Rps27a_M4<==>Rps10_M4,Rps27a_M4,Rps10_M4
Rps27a_M4<==>Rpl17_M4,Rps27a_M4,Rpl17_M4
Rps27a_M5<==>Crip1_T4,Rps27a_M5,Crip1_T4
Rps27a_M5<==>Rps24_M3,Rps27a_M5,Rps24_M3
Rps27a_M5<==>Sub1_B2,Rps27a_M5,Sub1_B2
Rps27a_M5<==>Ets2_M5,Rps27a_M5,Ets2_M5
Rps27a_M5<==>Rps14_M5,Rps27a_M5,Rps14_M5
Rps27a_M5<==>mt-Nd1_B3,Rps27a_M5,mt-Nd1_B3
Rps27a_T1<==>Rpl39_M2,Rps27a_T1,Rpl39_M2
Rps27a_T2<==>Zfand5_M0,Rps27a_T2,Zfand5_M0
Rps27a_T4<==>Tpt1_T4,Rps27a_T4,Tpt1_T4
Rps27a_T5<==>Rack1_T5,Rps27a_T5,Rack1_T5
Rps27a_T5<==>Rpl26_T5,Rps27a_T5,Rpl26_T5
Rps27a_T5<==>Rpl19_T5,Rps27a_T5,Rpl19_T5
Rps27a_T5<==>H3f3b_T2,Rps27a_T5,H3f3b_T2
Rps27a_T5<==>Selenop_M0,Rps27a_T5,Selenop_M0
Rps27a_T5<==>Rpl3_T5,Rps27a_T5,Rpl3_T5
Rps27a_T5<==>Rps18_T5,Rps27a_T5,Rps18_T5
Rps27a_T5<==>Rpl17_B1,Rps27a_T5,Rpl17_B1
Rps27a_T5<==>Rpl17_T5,Rps27a_T5,Rpl17_T5
Rps27a_T5<==>Rps4x_B1,Rps27a_T5,Rps4x_B1
Rtn4_M1<==>Ppp2ca_B3,Rtn4_M1,Ppp2ca_B3
Rtn4_M1<==>Nfkbia_M4,Rtn4_M1,Nfkbia_M4
Sh3pxd2b_M4<==>Ctsb_M4,Sh3pxd2b_M4,Ctsb_M4
Npm1_B1<==>Actg1_T4,Npm1_B1,Actg1_T4
Npm1_B1<==>Ighv8-12_B2,Npm1_B1,Ighv8-12_B2
Npm1_B1<==>Psmb8_M0,Npm1_B1,Psmb8_M0
Npm1_B1<==>mt-Nd5_B2,Npm1_B1,mt-Nd5_B2
Npm1_B3<==>Slc38a1_M4,Npm1_B3,Slc38a1_M4
Npm1_B5<==>Ighg1_B4,Npm1_B5,Ighg1_B4
Npm1_B5<==>Il7r_T4,Npm1_B5,Il7r_T4
Npm1_M3<==>Pfn1_T2,Npm1_M3,Pfn1_T2
Npm1_M3<==>Ssr4_O7,Npm1_M3,Ssr4_O7
Npm1_T3<==>Psme2_M4,Npm1_T3,Psme2_M4
Npm1_T5<==>Elob_B1,Npm1_T5,Elob_B1
Npm1_T5<==>Rpl17_T5,Npm1_T5,Rpl17_T5
Slit3_O7<==>Actg1_T1,Slit3_O7,Actg1_T1
Slit3_O7<==>Id2_T2,Slit3_O7,Id2_T2
Slit3_O7<==>Hist1h1e_T5,Slit3_O7,Hist1h1e_T5
Slit3_O7<==>Scara5_O7,Slit3_O7,Scara5_O7
Slit3_O7<==>Igfbp6_O7,Slit3_O7,Igfbp6_O7
Slit3_O7<==>Has1_O7,Slit3_O7,Has1_O7
Slit3_O7<==>Pi16_O7,Slit3_O7,Pi16_O7
Slit3_O7<==>Rpl17_T1,Slit3_O7,Rpl17_T1
Hmmr_T5<==>Ube2b_B1,Hmmr_T5,Ube2b_B1
Hmmr_T5<==>Lmnb1_M4,Hmmr_T5,Lmnb1_M4
Pttg1_T5<==>Ighg3_B2,Pttg1_T5,Ighg3_B2
Ebf1_B0<==>Ifngr2_M4,Ebf1_B0,Ifngr2_M4
Ebf1_B0<==>Ighv1-2_B3,Ebf1_B0,Ighv1-2_B3
Ebf1_B1<==>Srsf2_M1,Ebf1_B1,Srsf2_M1
Ebf1_B1<==>Calm1_B1,Ebf1_B1,Calm1_B1
Ebf1_B1<==>Hsp90aa1_B3,Ebf1_B1,Hsp90aa1_B3
Ebf1_B1<==>Ighv4-1_B3,Ebf1_B1,Ighv4-1_B3
Ebf1_B1<==>Nedd8_M3,Ebf1_B1,Nedd8_M3
Ebf1_B1<==>Creld2_B3,Ebf1_B1,Creld2_B3
Ebf1_B1<==>H2-K1_B2,Ebf1_B1,H2-K1_B2
Ebf1_B1<==>H2-DMb2_B1,Ebf1_B1,H2-DMb2_B1
Ebf1_B1<==>Tomm6_M3,Ebf1_B1,Tomm6_M3
Ebf1_B1<==>Ighv1-80_B2,Ebf1_B1,Ighv1-80_B2
Ebf1_O7<==>Ddx5_T4,Ebf1_O7,Ddx5_T4
Ebf1_O7<==>Crip1_M0,Ebf1_O7,Crip1_M0
Ebf1_O7<==>Col14a1_O7,Ebf1_O7,Col14a1_O7
Ebf1_O7<==>Ndufa6_B1,Ebf1_O7,Ndufa6_B1
Ebf1_O7<==>Igfbp6_O7,Ebf1_O7,Igfbp6_O7
Clint1_T2<==>Grasp_M3,Clint1_T2,Grasp_M3
Clint1_T2<==>Tapbp_M0,Clint1_T2,Tapbp_M0
Clint1_T2<==>Pla2g7_M0,Clint1_T2,Pla2g7_M0
Clint1_T2<==>Ssr4_M3,Clint1_T2,Ssr4_M3
Clint1_T2<==>Ighv1-83_B3,Clint1_T2,Ighv1-83_B3
Clint1_T5<==>mt-Co1_M2,Clint1_T5,mt-Co1_M2
Cyfip2_M4<==>Ago2_M4,Cyfip2_M4,Ago2_M4
Cyfip2_M4<==>Gm42418_T1,Cyfip2_M4,Gm42418_T1
Cyfip2_M4<==>Mxi1_T5,Cyfip2_M4,Mxi1_T5
Itk_M5<==>H2-D1_T6,Itk_M5,H2-D1_T6
Itk_M5<==>Tomm6_T4,Itk_M5,Tomm6_T4
Itk_T1<==>Ighv1-9_B2,Itk_T1,Ighv1-9_B2
Itk_T3<==>BC005537_M0,Itk_T3,BC005537_M0
Itk_T3<==>U2af1_T5,Itk_T3,U2af1_T5
Itk_T3<==>Atp6ap2_M0,Itk_T3,Atp6ap2_M0
Havcr2_M3<==>Sqstm1_M3,Havcr2_M3,Sqstm1_M3
Havcr2_M3<==>Pfn1_T4,Havcr2_M3,Pfn1_T4
Havcr2_M3<==>Tnfaip2_M3,Havcr2_M3,Tnfaip2_M3
Havcr2_M3<==>Ckb_T4,Havcr2_M3,Ckb_T4
Havcr2_M3<==>Emb_T3,Havcr2_M3,Emb_T3
Havcr2_M3<==>Atp5g2_M3,Havcr2_M3,Atp5g2_M3
Havcr2_M3<==>Satb1_M5,Havcr2_M3,Satb1_M5
Havcr2_M4<==>Cltc_M1,Havcr2_M4,Cltc_M1
Havcr2_M4<==>Ywhaz_T2,Havcr2_M4,Ywhaz_T2
Havcr2_M4<==>Gm42418_T1,Havcr2_M4,Gm42418_T1
Rack1_B1<==>Rpl23a_B5,Rack1_B1,Rpl23a_B5
Rack1_B1<==>Eif5_B1,Rack1_B1,Eif5_B1
Rack1_B1<==>Hist1h1b_T5,Rack1_B1,Hist1h1b_T5
Rack1_B1<==>Hist1h2ae_T5,Rack1_B1,Hist1h2ae_T5
Rack1_B1<==>Tpt1_B5,Rack1_B1,Tpt1_B5
Rack1_B1<==>Samsn1_T2,Rack1_B1,Samsn1_T2
Rack1_B1<==>Pi16_O7,Rack1_B1,Pi16_O7
Rack1_B1<==>Rpl17_B1,Rack1_B1,Rpl17_B1
Rack1_B1<==>Rps4x_B1,Rack1_B1,Rps4x_B1
Rack1_M3<==>Rpl26_M3,Rack1_M3,Rpl26_M3
Rack1_M3<==>Rpl23_M3,Rack1_M3,Rpl23_M3
Rack1_M3<==>Sumo2_T4,Rack1_M3,Sumo2_T4
Rack1_M3<==>Ighg1_B7,Rack1_M3,Ighg1_B7
Rack1_M3<==>Rps23_M3,Rack1_M3,Rps23_M3
Rack1_M3<==>Rps24_M3,Rack1_M3,Rps24_M3
Rack1_M3<==>Selenok_M2,Rack1_M3,Selenok_M2
Rack1_M3<==>Elob_B1,Rack1_M3,Elob_B1
Rack1_M3<==>Elob_M3,Rack1_M3,Elob_M3
Rack1_M3<==>Rps10_M3,Rack1_M3,Rps10_M3
Rack1_M3<==>Rpl10a_M3,Rack1_M3,Rpl10a_M3
Rack1_M3<==>Rps18_M3,Rack1_M3,Rps18_M3
Rack1_M3<==>Myl12b_T3,Rack1_M3,Myl12b_T3
Rack1_M3<==>Rps14_M3,Rack1_M3,Rps14_M3
Rack1_M3<==>Rpl17_M3,Rack1_M3,Rpl17_M3
Rack1_M3<==>Smad7_T2,Rack1_M3,Smad7_T2
Rack1_M3<==>Fau_M3,Rack1_M3,Fau_M3
Rack1_M3<==>Rps4x_M3,Rack1_M3,Rps4x_M3
Rack1_M4<==>Rps18_M4,Rack1_M4,Rps18_M4
Rack1_T2<==>Rpl23_T2,Rack1_T2,Rpl23_T2
Rack1_T2<==>Rpl19_M3,Rack1_T2,Rpl19_M3
Rack1_T5<==>Rps23_T5,Rack1_T5,Rps23_T5
Rack1_T5<==>Eif3h_M0,Rack1_T5,Eif3h_M0
Rack1_T5<==>Rpl8_T5,Rack1_T5,Rpl8_T5
Rack1_T5<==>Rps14_T5,Rack1_T5,Rps14_T5
Rack1_T5<==>Rpl17_T5,Rack1_T5,Rpl17_T5
Rack1_T5<==>Pdcd4_T5,Rack1_T5,Pdcd4_T5
Gfpt2_O7<==>Eif4a1_B5,Gfpt2_O7,Eif4a1_B5
Gfpt2_O7<==>Ccl7_O7,Gfpt2_O7,Ccl7_O7
Gfpt2_O7<==>Ddx5_T4,Gfpt2_O7,Ddx5_T4
Gfpt2_O7<==>Srsf2_B5,Gfpt2_O7,Srsf2_B5
Gfpt2_O7<==>Arhgdia_M0,Gfpt2_O7,Arhgdia_M0
Gfpt2_O7<==>Odc1_B1,Gfpt2_O7,Odc1_B1
Gfpt2_O7<==>Crip1_M0,Gfpt2_O7,Crip1_M0
Gfpt2_O7<==>Syk_M0,Gfpt2_O7,Syk_M0
Gfpt2_O7<==>Scara5_O7,Gfpt2_O7,Scara5_O7
Gfpt2_O7<==>Fyb_T3,Gfpt2_O7,Fyb_T3
Gfpt2_O7<==>Igfbp6_O7,Gfpt2_O7,Igfbp6_O7
Gfpt2_O7<==>Prr13_M3,Gfpt2_O7,Prr13_M3
Gfpt2_O7<==>Vasn_O7,Gfpt2_O7,Vasn_O7
Gfpt2_O7<==>Cox17_T4,Gfpt2_O7,Cox17_T4
Gfpt2_O7<==>Has1_O7,Gfpt2_O7,Has1_O7
Gfpt2_O7<==>Srsf3_B2,Gfpt2_O7,Srsf3_B2
Gfpt2_O7<==>H2-Ab1_B1,Gfpt2_O7,H2-Ab1_B1
Gfpt2_O7<==>H2-Q7_T1,Gfpt2_O7,H2-Q7_T1
Rnf130_M0<==>Igha_B7,Rnf130_M0,Igha_B7
Rnf130_M0<==>Son_B2,Rnf130_M0,Son_B2
Rnf130_M0<==>Gm26917_B7,Rnf130_M0,Gm26917_B7
Rnf130_M0<==>Ahnak_T4,Rnf130_M0,Ahnak_T4
Rnf130_M3<==>Il2rb_T4,Rnf130_M3,Il2rb_T4
Rnf130_M3<==>H2-Ob_B1,Rnf130_M3,H2-Ob_B1
Sqstm1_B3<==>Cltc_M1,Sqstm1_B3,Cltc_M1
Sqstm1_B3<==>Crip1_B3,Sqstm1_B3,Crip1_B3
Sqstm1_B3<==>Ywhaz_B3,Sqstm1_B3,Ywhaz_B3
Sqstm1_B3<==>Iglc3_B3,Sqstm1_B3,Iglc3_B3
Sqstm1_B3<==>Rpl36_T1,Sqstm1_B3,Rpl36_T1
Sqstm1_M1<==>Ago2_M4,Sqstm1_M1,Ago2_M4
Sqstm1_M1<==>Jak2_T2,Sqstm1_M1,Jak2_T2
Sqstm1_M1<==>mt-Nd2_T2,Sqstm1_M1,mt-Nd2_T2
Sqstm1_M1<==>mt-Cytb_T6,Sqstm1_M1,mt-Cytb_T6
Sqstm1_M3<==>Kdm6b_M1,Sqstm1_M3,Kdm6b_M1
Sqstm1_M3<==>Nme2_M3,Sqstm1_M3,Nme2_M3
Sqstm1_M3<==>Cyth1_M3,Sqstm1_M3,Cyth1_M3
Sqstm1_M3<==>Nfkbia_O10,Sqstm1_M3,Nfkbia_O10
Sqstm1_M3<==>Calm1_B2,Sqstm1_M3,Calm1_B2
Sqstm1_M3<==>Ighg2c_B6_0,Sqstm1_M3,Ighg2c_B6_0
Sqstm1_M3<==>Gpr137b_M3,Sqstm1_M3,Gpr137b_M3
Sqstm1_M3<==>Serpinb9_M3,Sqstm1_M3,Serpinb9_M3
Sqstm1_M3<==>Csf2rb_M3,Sqstm1_M3,Csf2rb_M3
Sqstm1_M3<==>Csf2rb_M5,Sqstm1_M3,Csf2rb_M5
Sqstm1_M3<==>Tnrc6b_B3,Sqstm1_M3,Tnrc6b_B3
Sqstm1_M3<==>Rbx1_M4,Sqstm1_M3,Rbx1_M4
Sqstm1_M3<==>Satb1_T3,Sqstm1_M3,Satb1_T3
Sqstm1_M3<==>Cebpz_B1,Sqstm1_M3,Cebpz_B1
Sqstm1_M3<==>Calm2_T1,Sqstm1_M3,Calm2_T1
Sqstm1_M3<==>Zeb1_T2,Sqstm1_M3,Zeb1_T2
Sqstm1_M3<==>mt-Atp6_B0,Sqstm1_M3,mt-Atp6_B0
Sqstm1_M4<==>Pfn1_T1,Sqstm1_M4,Pfn1_T1
Sqstm1_M4<==>Rpl3_B3,Sqstm1_M4,Rpl3_B3
Canx_B3<==>Nme2_B3,Canx_B3,Nme2_B3
Canx_B3<==>Pdia6_B3,Canx_B3,Pdia6_B3
Canx_B3<==>Dnajb9_B3,Canx_B3,Dnajb9_B3
Canx_B3<==>Atp6v0e_B3,Canx_B3,Atp6v0e_B3
Canx_M1<==>Rac2_B1,Canx_M1,Rac2_B1
Canx_M1<==>Iglv1_B3,Canx_M1,Iglv1_B3
Canx_M1<==>Zfp36l2_O10,Canx_M1,Zfp36l2_O10
Canx_M3<==>Cox6c_M3,Canx_M3,Cox6c_M3
Canx_M3<==>Diaph1_T4,Canx_M3,Diaph1_T4
Hnrnpab_B5<==>Slfn1_M2,Hnrnpab_B5,Slfn1_M2
Hnrnpab_B5<==>Fkbp3_B4,Hnrnpab_B5,Fkbp3_B4
Hnrnpab_B5<==>Tcrg-C1_T4,Hnrnpab_B5,Tcrg-C1_T4
Hnrnpab_B5<==>Mrpl52_B1,Hnrnpab_B5,Mrpl52_B1
Hnrnpab_B5<==>Srsf3_B5,Hnrnpab_B5,Srsf3_B5
Hnrnpab_B5<==>Crem_B5,Hnrnpab_B5,Crem_B5
Hnrnpab_B5<==>Got1_T2,Hnrnpab_B5,Got1_T2
Hnrnpab_B5<==>mt-Co3_B2,Hnrnpab_B5,mt-Co3_B2
Hnrnpab_M1<==>Sumo2_B1,Hnrnpab_M1,Sumo2_B1
Hnrnpab_M1<==>Slc15a3_T7,Hnrnpab_M1,Slc15a3_T7
Ube2b_B1<==>Cd83_B1,Ube2b_B1,Cd83_B1
Ube2b_B1<==>Timm23_M3,Ube2b_B1,Timm23_M3
Ube2b_B1<==>Fyb_T3,Ube2b_B1,Fyb_T3
Ube2b_B1<==>Rbx1_B1,Ube2b_B1,Rbx1_B1
Ube2b_B1<==>Iglc2_B2,Ube2b_B1,Iglc2_B2
Ube2b_T1<==>Jpt1_M4,Ube2b_T1,Jpt1_M4
Ube2b_T1<==>Sumo2_B5,Ube2b_T1,Sumo2_B5
Ube2b_T1<==>Gpr183_T4,Ube2b_T1,Gpr183_T4
Ube2b_T1<==>Atf4_B3,Ube2b_T1,Atf4_B3
Ube2b_T1<==>Atf4_O7,Ube2b_T1,Atf4_O7
Ube2b_T1<==>Cox17_B1,Ube2b_T1,Cox17_B1
Ube2b_T1<==>Myl12a_T2,Ube2b_T1,Myl12a_T2
Ube2b_T2<==>Ube2b_T7,Ube2b_T2,Ube2b_T7
Ube2b_T2<==>Prkar1a_T4,Ube2b_T2,Prkar1a_T4
Ube2b_T2<==>Cd300c2_M3,Ube2b_T2,Cd300c2_M3
Ube2b_T2<==>Ighv2-3_B3,Ube2b_T2,Ighv2-3_B3
Ube2b_T2<==>Emb_T2,Ube2b_T2,Emb_T2
Ube2b_T2<==>Timm23_M3,Ube2b_T2,Timm23_M3
Ube2b_T2<==>Ywhaz_T3,Ube2b_T2,Ywhaz_T3
Ube2b_T2<==>Atf4_B3,Ube2b_T2,Atf4_B3
Ube2b_T2<==>H2-D1_B2,Ube2b_T2,H2-D1_B2
Ube2b_T2<==>Satb1_T3,Ube2b_T2,Satb1_T3
Ube2b_T2<==>Kif5b_M1,Ube2b_T2,Kif5b_M1
Ube2b_T2<==>Morf4l2_M5,Ube2b_T2,Morf4l2_M5
Ube2b_T2<==>Tmsb4x_T3,Ube2b_T2,Tmsb4x_T3
Ube2b_T3<==>Ube2b_T5,Ube2b_T3,Ube2b_T5
Ube2b_T5<==>Hif1a_T0,Ube2b_T5,Hif1a_T0
Ube2b_T6<==>Eif1_O10,Ube2b_T6,Eif1_O10
Ube2b_T7<==>Calm1_B2,Ube2b_T7,Calm1_B2
Ube2b_T7<==>Ighv2-3_B3,Ube2b_T7,Ighv2-3_B3
Ube2b_T7<==>Appl1_M4,Ube2b_T7,Appl1_M4
Ube2b_T7<==>Il2rb_T4,Ube2b_T7,Il2rb_T4
Ube2b_T7<==>Cd14_M1,Ube2b_T7,Cd14_M1
Ppp2ca_B3<==>Gna13_M0,Ppp2ca_B3,Gna13_M0
Ppp2ca_B3<==>Inhba_M0,Ppp2ca_B3,Inhba_M0
Ppp2ca_M1<==>Pafah1b1_T3,Ppp2ca_M1,Pafah1b1_T3
Ppp2ca_M1<==>Sub1_B2,Ppp2ca_M1,Sub1_B2
Ppp2ca_M1<==>Pfdn5_M3,Ppp2ca_M1,Pfdn5_M3
Ppp2ca_M1<==>Rps4x_M3,Ppp2ca_M1,Rps4x_M3
Ppp2ca_M1<==>mt-Co3_B2,Ppp2ca_M1,mt-Co3_B2
Ppp2ca_M3<==>Serpinb9_M3,Ppp2ca_M3,Serpinb9_M3
Ppp2ca_M3<==>Appl1_M3,Ppp2ca_M3,Appl1_M3
Ppp2ca_M3<==>Csf2rb_M3,Ppp2ca_M3,Csf2rb_M3
Ppp2ca_M3<==>Il2rb_T4,Ppp2ca_M3,Il2rb_T4
Ppp2ca_M3<==>Atp5g2_M3,Ppp2ca_M3,Atp5g2_M3
Ppp2ca_M3<==>Zbtb20_B1,Ppp2ca_M3,Zbtb20_B1
Ppp2ca_M3<==>Cebpz_B1,Ppp2ca_M3,Cebpz_B1
Ppp2ca_M4<==>H2-T22_M5,Ppp2ca_M4,H2-T22_M5
Ppp2ca_M4<==>Cox8a_T4,Ppp2ca_M4,Cox8a_T4
Ppp2ca_M5<==>Crip1_T5,Ppp2ca_M5,Crip1_T5
Ppp2ca_M5<==>Sub1_B1,Ppp2ca_M5,Sub1_B1
Ppp2ca_M5<==>Calm2_B1,Ppp2ca_M5,Calm2_B1
Ppp2ca_T2<==>Clic1_B1,Ppp2ca_T2,Clic1_B1
Ppp2ca_T5<==>Pik3r1_T3,Ppp2ca_T5,Pik3r1_T3
Hspa4_B1<==>Sub1_B5,Hspa4_B1,Sub1_B5
Hspa4_B1<==>Ezr_M4,Hspa4_B1,Ezr_M4
Hspa4_B1<==>Hsp90ab1_T5,Hspa4_B1,Hsp90ab1_T5
Aff4_B4<==>Gna13_B5,Aff4_B4,Gna13_B5
Aff4_B4<==>Gch1_B5,Aff4_B4,Gch1_B5
Uqcrq_M0<==>Arf1_M0,Uqcrq_M0,Arf1_M0
Uqcrq_M0<==>H3f3b_M0,Uqcrq_M0,H3f3b_M0
Uqcrq_M0<==>Cox6c_T4,Uqcrq_M0,Cox6c_T4
Uqcrq_M0<==>Ywhaz_M4,Uqcrq_M0,Ywhaz_M4
Uqcrq_M0<==>H2-Ob_B1,Uqcrq_M0,H2-Ob_B1
Uqcrq_M0<==>H2-Q7_T2,Uqcrq_M0,H2-Q7_T2
Uqcrq_M0<==>H2-T23_M0,Uqcrq_M0,H2-T23_M0
Uqcrq_M0<==>Tomm6_M0,Uqcrq_M0,Tomm6_M0
Uqcrq_M0<==>Ppp1ca_M0,Uqcrq_M0,Ppp1ca_M0
Uqcrq_M3<==>Arhgdia_M0,Uqcrq_M3,Arhgdia_M0
Uqcrq_M3<==>Pld4_M4,Uqcrq_M3,Pld4_M4
Uqcrq_M3<==>Tmem14c_M3,Uqcrq_M3,Tmem14c_M3
Uqcrq_M3<==>Psme1_M3,Uqcrq_M3,Psme1_M3
Uqcrq_M3<==>Cox6c_T4,Uqcrq_M3,Cox6c_T4
Uqcrq_M3<==>Elob_B1,Uqcrq_M3,Elob_B1
Uqcrq_M3<==>H2-DMb2_B1,Uqcrq_M3,H2-DMb2_B1
Uqcrq_M4<==>Nme1_B5,Uqcrq_M4,Nme1_B5
Uqcrq_M4<==>Srsf2_B5,Uqcrq_M4,Srsf2_B5
Uqcrq_M4<==>Uqcrb_B1,Uqcrq_M4,Uqcrb_B1
Uqcrq_M4<==>mt-Co3_B2,Uqcrq_M4,mt-Co3_B2
Irf1_M4<==>Smc6_M7,Irf1_M4,Smc6_M7
Irf1_M4<==>Nfkbia_O10,Irf1_M4,Nfkbia_O10
Irf1_M4<==>Calm1_B2,Irf1_M4,Calm1_B2
Irf1_M4<==>Eif5_O10,Irf1_M4,Eif5_O10
Irf1_M4<==>Ighv8-11_B2,Irf1_M4,Ighv8-11_B2
Irf1_M4<==>Appl1_M3,Irf1_M4,Appl1_M3
Irf1_M4<==>Sub1_T3,Irf1_M4,Sub1_T3
Irf1_M4<==>Csf2rb_M3,Irf1_M4,Csf2rb_M3
Irf1_M4<==>Il2rb_T4,Irf1_M4,Il2rb_T4
Irf1_M4<==>Rac2_T5,Irf1_M4,Rac2_T5
Irf1_M4<==>Atp5g2_M3,Irf1_M4,Atp5g2_M3
Irf1_M4<==>Zbtb20_B1,Irf1_M4,Zbtb20_B1
Irf1_M4<==>Crem_M3,Irf1_M4,Crem_M3
Irf1_M4<==>Crem_T3,Irf1_M4,Crem_T3
Irf1_M5<==>Kdm6b_M3,Irf1_M5,Kdm6b_M3
Irf1_M5<==>Tnfaip2_M5,Irf1_M5,Tnfaip2_M5
Irf1_M5<==>Psme1_T2,Irf1_M5,Psme1_T2
Irf1_M5<==>Pgk1_B4,Irf1_M5,Pgk1_B4
Fnip1_M3<==>Scpep1_M3,Fnip1_M3,Scpep1_M3
Rapgef6_T6<==>Dazap2_M0,Rapgef6_T6,Dazap2_M0
Cdc42se2_M3<==>Tspan13_B3,Cdc42se2_M3,Tspan13_B3
Hint1_B3<==>Nme2_B3,Hint1_B3,Nme2_B3
Hint1_B3<==>Elf1_B3,Hint1_B3,Elf1_B3
Hint1_T1<==>Ndufb9_M0,Hint1_T1,Ndufb9_M0
Hint1_T1<==>Tspo_T0,Hint1_T1,Tspo_T0
Hint1_T1<==>Rpl35a_B3,Hint1_T1,Rpl35a_B3
Hint1_T4<==>H2-DMa_M4,Hint1_T4,H2-DMa_M4
Hint1_T4<==>Avpi1_M3,Hint1_T4,Avpi1_M3
Gm2a_M3<==>Ighg2b_B3,Gm2a_M3,Ighg2b_B3
Gm2a_M3<==>Psme2_M3,Gm2a_M3,Psme2_M3
Atox1_M1<==>Ighv5-17_B2,Atox1_M1,Ighv5-17_B2
Atox1_M1<==>Cd83_M1,Atox1_M1,Cd83_M1
Atox1_M1<==>Selenop_M1,Atox1_M1,Selenop_M1
Atox1_M2<==>Cd300c2_M0,Atox1_M2,Cd300c2_M0
Atox1_M3<==>Ccr7_M3,Atox1_M3,Ccr7_M3
Atox1_M3<==>Eif1_T3,Atox1_M3,Eif1_T3
Atox1_M3<==>Dusp1_M0,Atox1_M3,Dusp1_M0
Atox1_M3<==>Fau_M4,Atox1_M3,Fau_M4
Atox1_M5<==>Hnrnpc_M5,Atox1_M5,Hnrnpc_M5
Atox1_M5<==>Psmb8_T3,Atox1_M5,Psmb8_T3
Atox1_M5<==>H2-T23_M4,Atox1_M5,H2-T23_M4
Atox1_M5<==>Ssr4_M0,Atox1_M5,Ssr4_M0
Atox1_M5<==>Rps4x_T5,Atox1_M5,Rps4x_T5
G3bp1_M1<==>Ly86_M3,G3bp1_M1,Ly86_M3
G3bp1_M1<==>Eif3a_M1,G3bp1_M1,Eif3a_M1
Arf1_M0<==>Kdm6b_T4,Arf1_M0,Kdm6b_T4
Arf1_M0<==>Atp5j_M0,Arf1_M0,Atp5j_M0
Arf1_M0<==>H2-DMb2_M3,Arf1_M0,H2-DMb2_M3
Arf1_M0<==>Ppp1ca_M0,Arf1_M0,Ppp1ca_M0
Arf1_M0<==>Ndufa1_M0,Arf1_M0,Ndufa1_M0
Arf1_T1<==>Psme1_M3,Arf1_T1,Psme1_M3
Arf1_T1<==>Rpl39_T2,Arf1_T1,Rpl39_T2
Nlrp3_M0<==>Ddx5_T4,Nlrp3_M0,Ddx5_T4
Nlrp3_M0<==>Prkar1a_T5,Nlrp3_M0,Prkar1a_T5
Nlrp3_M0<==>Metrnl_O7,Nlrp3_M0,Metrnl_O7
Nlrp3_M0<==>Iglc3_B2,Nlrp3_M0,Iglc3_B2
Nlrp3_M5<==>Slfn2_M5,Nlrp3_M5,Slfn2_M5
Nlrp3_M5<==>Ifrd1_M2,Nlrp3_M5,Ifrd1_M2
Nlrp3_M5<==>Cd14_M5,Nlrp3_M5,Cd14_M5
Map2k3_M1<==>Kdm6b_M1,Map2k3_M1,Kdm6b_M1
Map2k3_M1<==>Pafah1b1_T3,Map2k3_M1,Pafah1b1_T3
Map2k3_M1<==>Grb2_B3,Map2k3_M1,Grb2_B3
Map2k3_M1<==>Sema4d_M3,Map2k3_M1,Sema4d_M3
Map2k3_M1<==>Hexb_M1,Map2k3_M1,Hexb_M1
Map2k3_M1<==>Gpr183_M5,Map2k3_M1,Gpr183_M5
Map2k3_M1<==>Ywhaz_M1,Map2k3_M1,Ywhaz_M1
Map2k3_M1<==>Ywhaz_M3,Map2k3_M1,Ywhaz_M3
Map2k3_M1<==>Ly6e_M4,Map2k3_M1,Ly6e_M4
Map2k3_M4<==>Dusp5_T4,Map2k3_M4,Dusp5_T4
Grap_B4<==>Prkar1a_T2,Grap_B4,Prkar1a_T2
Ncor1_T2<==>Pgk1_M0,Ncor1_T2,Pgk1_M0
Ubb_B1<==>Ighv8-5_B3,Ubb_B1,Ighv8-5_B3
Ubb_B1<==>Bach1_M3,Ubb_B1,Bach1_M3
Ubb_B1<==>Calm2_B3,Ubb_B1,Calm2_B3
Ubb_B1<==>Calm2_T1,Ubb_B1,Calm2_T1
Ubb_B1<==>Fem1c_M3,Ubb_B1,Fem1c_M3
Ubb_B1<==>mt-Co2_B0,Ubb_B1,mt-Co2_B0
Ubb_B1<==>mt-Nd4_B0,Ubb_B1,mt-Nd4_B0
Ubb_B1<==>mt-Cytb_B2,Ubb_B1,mt-Cytb_B2
Ubb_M1<==>Eef1d_M1,Ubb_M1,Eef1d_M1
Ubb_M1<==>Slc38a1_M1,Ubb_M1,Slc38a1_M1
Ubb_M1<==>Cldnd1_T2,Ubb_M1,Cldnd1_T2
Ubb_M3<==>Prkar1a_B1,Ubb_M3,Prkar1a_B1
Ubb_M3<==>Crem_B6_0,Ubb_M3,Crem_B6_0
Ubb_M5<==>Slfn1_M2,Ubb_M5,Slfn1_M2
2410006H16Rik_B1<==>Igha_T3,2410006H16Rik_B1,Igha_T3
2410006H16Rik_B1<==>Rpl10_B4,2410006H16Rik_B1,Rpl10_B4
2410006H16Rik_B1<==>mt-Nd4l_B2,2410006H16Rik_B1,mt-Nd4l_B2
2410006H16Rik_B1<==>Ighv1-82_B3,2410006H16Rik_B1,Ighv1-82_B3
2410006H16Rik_B2<==>Zfp36l1_T1,2410006H16Rik_B2,Zfp36l1_T1
2410006H16Rik_B2<==>BC005537_M0,2410006H16Rik_B2,BC005537_M0
2410006H16Rik_B2<==>Lgals3_T4,2410006H16Rik_B2,Lgals3_T4
2410006H16Rik_B2<==>H2-DMa_B2,2410006H16Rik_B2,H2-DMa_B2
2410006H16Rik_B2<==>Plaat3_M5,2410006H16Rik_B2,Plaat3_M5
2410006H16Rik_B2<==>Avpi1_T4,2410006H16Rik_B2,Avpi1_T4
2410006H16Rik_B2<==>Rpl10_M1,2410006H16Rik_B2,Rpl10_M1
2410006H16Rik_B5<==>Birc6_M4,2410006H16Rik_B5,Birc6_M4
2410006H16Rik_M1<==>Appl1_M3,2410006H16Rik_M1,Appl1_M3
2410006H16Rik_M1<==>Timm23_M3,2410006H16Rik_M1,Timm23_M3
2410006H16Rik_M1<==>Ywhaz_M3,2410006H16Rik_M1,Ywhaz_M3
2410006H16Rik_M1<==>Dusp1_M3,2410006H16Rik_M1,Dusp1_M3
2410006H16Rik_M3<==>Calm1_B3,2410006H16Rik_M3,Calm1_B3
2410006H16Rik_M3<==>Eif3h_M3,2410006H16Rik_M3,Eif3h_M3
2410006H16Rik_M3<==>Cdkn1a_O10,2410006H16Rik_M3,Cdkn1a_O10
Rpl26_B5<==>mt-Atp6_B5,Rpl26_B5,mt-Atp6_B5
Rpl26_M1<==>Ywhaz_M4,Rpl26_M1,Ywhaz_M4
Rpl26_M3<==>Rpl27_M3,Rpl26_M3,Rpl27_M3
Rpl26_M3<==>Rps7_M3,Rpl26_M3,Rps7_M3
Rpl26_M3<==>Rps23_M3,Rpl26_M3,Rps23_M3
Rpl26_M3<==>Emb_M5,Rpl26_M3,Emb_M5
Rpl26_M3<==>Ywhaz_B2,Rpl26_M3,Ywhaz_B2
Rpl26_M3<==>Igfbp6_O7,Rpl26_M3,Igfbp6_O7
Rpl26_M3<==>Rps18_M3,Rpl26_M3,Rps18_M3
Rpl26_M3<==>Rps14_M3,Rpl26_M3,Rps14_M3
Rpl26_M3<==>Rpl17_M3,Rpl26_M3,Rpl17_M3
Rpl26_M3<==>Rps4x_M3,Rpl26_M3,Rps4x_M3
Rpl26_T2<==>Rps24_T2,Rpl26_T2,Rps24_T2
Rpl26_T2<==>Rps10_T2,Rpl26_T2,Rps10_T2
Rpl26_T2<==>Rps14_T2,Rpl26_T2,Rps14_T2
Rpl26_T2<==>mt-Nd3_M3,Rpl26_T2,mt-Nd3_M3
Rpl26_T5<==>Rpl19_T5,Rpl26_T5,Rpl19_T5
Rpl26_T5<==>Rps7_T5,Rpl26_T5,Rps7_T5
Rpl26_T5<==>Ddx24_M3,Rpl26_T5,Ddx24_M3
Rpl26_T5<==>Rpl8_T5,Rpl26_T5,Rpl8_T5
Aurkb_T5<==>Rbm3_M3,Aurkb_T5,Rbm3_M3
Kdm6b_B5<==>Ddx39b_T5,Kdm6b_B5,Ddx39b_T5
Kdm6b_M1<==>Cltc_M1,Kdm6b_M1,Cltc_M1
Kdm6b_M1<==>BC005537_M3,Kdm6b_M1,BC005537_M3
Kdm6b_M1<==>Map3k1_M5,Kdm6b_M1,Map3k1_M5
Kdm6b_M1<==>Rpl8_M3,Kdm6b_M1,Rpl8_M3
Kdm6b_M1<==>Pak2_T1,Kdm6b_M1,Pak2_T1
Kdm6b_M1<==>mt-Atp6_B0,Kdm6b_M1,mt-Atp6_B0
Kdm6b_T4<==>Pfn1_M5,Kdm6b_T4,Pfn1_M5
Kdm6b_T4<==>Rpl23_M3,Kdm6b_T4,Rpl23_M3
Kdm6b_T4<==>Nfkbia_M4,Kdm6b_T4,Nfkbia_M4
Kdm6b_T4<==>Actn1_M3,Kdm6b_T4,Actn1_M3
Kdm6b_T4<==>Ighg2b_B0,Kdm6b_T4,Ighg2b_B0
Kdm6b_T4<==>Psme2_B4,Kdm6b_T4,Psme2_B4
Kdm6b_T4<==>Hcls1_M0,Kdm6b_T4,Hcls1_M0
Kdm6b_T4<==>Cdkn1a_M0,Kdm6b_T4,Cdkn1a_M0
Kdm6b_T4<==>H2-K1_T4,Kdm6b_T4,H2-K1_T4
Kdm6b_T4<==>H2-DMb2_B1,Kdm6b_T4,H2-DMb2_B1
Kdm6b_T4<==>Rps4x_M3,Kdm6b_T4,Rps4x_M3
Cd68_M0<==>Rpl19_M1,Cd68_M0,Rpl19_M1
Cd68_M0<==>Ctsl_M0,Cd68_M0,Ctsl_M0
Cd68_M0<==>Ly6e_B3,Cd68_M0,Ly6e_B3
Cd68_M0<==>Ly6e_M0,Cd68_M0,Ly6e_M0
Cd68_M0<==>H2-Eb1_M0,Cd68_M0,H2-Eb1_M0
Cd68_M0<==>Eif1a_M0,Cd68_M0,Eif1a_M0
Cd68_M0<==>Rpl39_B5,Cd68_M0,Rpl39_B5
Cd68_M5<==>Spag9_M2,Cd68_M5,Spag9_M2
Cd68_M5<==>BC005537_M0,Cd68_M5,BC005537_M0
Cd68_M5<==>Ctsb_M5,Cd68_M5,Ctsb_M5
Cd68_M5<==>H2-Q7_B5,Cd68_M5,H2-Q7_B5
Eif4a1_B1<==>Eif5a_B1,Eif4a1_B1,Eif5a_B1
Eif4a1_B1<==>Calm1_B1,Eif4a1_B1,Calm1_B1
Eif4a1_B1<==>Elob_B1,Eif4a1_B1,Elob_B1
Eif4a1_B1<==>Zfand5_M0,Eif4a1_B1,Zfand5_M0
Eif4a1_B1<==>Ndufa1_M0,Eif4a1_B1,Ndufa1_M0
Eif4a1_B5<==>Ccl7_O7,Eif4a1_B5,Ccl7_O7
Eif4a1_B5<==>Smdt1_M4,Eif4a1_B5,Smdt1_M4
Eif4a1_B5<==>Prr13_M3,Eif4a1_B5,Prr13_M3
Eif4a1_B5<==>Pim1_B3,Eif4a1_B5,Pim1_B3
Eif4a1_B5<==>Vapa_M0,Eif4a1_B5,Vapa_M0
Eif4a1_B5<==>Crem_B5,Eif4a1_B5,Crem_B5
Eif4a1_B5<==>Eif1a_M3,Eif4a1_B5,Eif1a_M3
Eif4a1_B5<==>Pgam1_T5,Eif4a1_B5,Pgam1_T5
Eif4a1_M1<==>Smc6_M7,Eif4a1_M1,Smc6_M7
Eif4a1_M3<==>Rpl23_T2,Eif4a1_M3,Rpl23_T2
Eif4a1_M3<==>Gna13_T5,Eif4a1_M3,Gna13_T5
Tmem256_M0<==>Ctsb_M0,Tmem256_M0,Ctsb_M0
Tmem256_M0<==>Son_B2,Tmem256_M0,Son_B2
Tmem256_M0<==>Ndufa7_M0,Tmem256_M0,Ndufa7_M0
Tmem256_M0<==>Cox7b_M4,Tmem256_M0,Cox7b_M4
Tmem256_M0<==>mt-Co3_B0,Tmem256_M0,mt-Co3_B0
Eif5a_B1<==>Jpt1_M3,Eif5a_B1,Jpt1_M3
Eif5a_B1<==>Calm1_B0,Eif5a_B1,Calm1_B0
Eif5a_B1<==>Psme1_M3,Eif5a_B1,Psme1_M3
Eif5a_B1<==>Psme2_M3,Eif5a_B1,Psme2_M3
Eif5a_B1<==>Cox6c_M0,Eif5a_B1,Cox6c_M0
Eif5a_B1<==>Smdt1_M0,Eif5a_B1,Smdt1_M0
Eif5a_B1<==>Rps2_B5,Eif5a_B1,Rps2_B5
Eif5a_B4<==>Ms4a6b_T0,Eif5a_B4,Ms4a6b_T0
Eif5a_T1<==>Arhgdia_M0,Eif5a_T1,Arhgdia_M0
Eif5a_T1<==>Iigp1_M0,Eif5a_T1,Iigp1_M0
Eif5a_T2<==>Rbbp7_M4,Eif5a_T2,Rbbp7_M4
Eif5a_T4<==>Ndufa6_B1,Eif5a_T4,Ndufa6_B1
Gabarap_M3<==>Sub1_T5,Gabarap_M3,Sub1_T5
Gabarap_M3<==>Pdcd4_T3,Gabarap_M3,Pdcd4_T3
Gabarap_M3<==>mt-Nd2_T4,Gabarap_M3,mt-Nd2_T4
Mgl2_M1<==>Eif1_M3,Mgl2_M1,Eif1_M3
Mgl2_M1<==>Ighv2-9_B3,Mgl2_M1,Ighv2-9_B3
Rnasek_B1<==>Cd300c2_M4,Rnasek_B1,Cd300c2_M4
Rnasek_B1<==>Il2rg_T2,Rnasek_B1,Il2rg_T2
Rnasek_M0<==>Psmb8_M0,Rnasek_M0,Psmb8_M0
Rnasek_M0<==>mt-Nd3_B0,Rnasek_M0,mt-Nd3_B0
Rnasek_M1<==>Tra2b_M3,Rnasek_M1,Tra2b_M3
Rnasek_M3<==>Vdac2_M0,Rnasek_M3,Vdac2_M0
Rnasek_M3<==>Rpl10_T5,Rnasek_M3,Rpl10_T5
Rnasek_M3<==>mt-Nd4l_T4,Rnasek_M3,mt-Nd4l_T4
Rnasek_T4<==>Pak2_T1,Rnasek_T4,Pak2_T1
Rnasek_T4<==>U2af1_M3,Rnasek_T4,U2af1_M3
Rnasek_T4<==>Satb1_T1,Rnasek_T4,Satb1_T1
Rnasek_T4<==>Myof_M0,Rnasek_T4,Myof_M0
Cxcl16_M3<==>Eif1_T7,Cxcl16_M3,Eif1_T7
Cxcl16_M3<==>Gpr137b_M3,Cxcl16_M3,Gpr137b_M3
Cxcl16_M3<==>Gm42418_B5,Cxcl16_M3,Gm42418_B5
Cxcl16_M3<==>Gm42418_T4,Cxcl16_M3,Gm42418_T4
Cxcl16_M3<==>Zeb1_T2,Cxcl16_M3,Zeb1_T2
Cxcl16_M3<==>mt-Co2_T4,Cxcl16_M3,mt-Co2_T4
Cxcl16_M3<==>Ighv1-61_B3,Cxcl16_M3,Ighv1-61_B3
Psmb6_M0<==>Rpl23a_B1,Psmb6_M0,Rpl23a_B1
Psmb6_M0<==>Igha_M0,Psmb6_M0,Igha_M0
Psmb6_M0<==>Igha_M3,Psmb6_M0,Igha_M3
Psmb6_M0<==>Vdac2_M4,Psmb6_M0,Vdac2_M4
Psmb6_M0<==>Gm10076_M3,Psmb6_M0,Gm10076_M3
Psmb6_M0<==>Mtdh_B1,Psmb6_M0,Mtdh_B1
Psmb6_M0<==>Atp5a1_M0,Psmb6_M0,Atp5a1_M0
Psmb6_M0<==>Rpl10_B1,Psmb6_M0,Rpl10_B1
Psmb6_M3<==>Psmb8_M3,Psmb6_M3,Psmb8_M3
Psmb6_M3<==>H2-D1_T4,Psmb6_M3,H2-D1_T4
Psmb6_M3<==>Prdx4_B3,Psmb6_M3,Prdx4_B3
Pfn1_B1<==>Eif1_O10,Pfn1_B1,Eif1_O10
Pfn1_B1<==>Ddx5_M3,Pfn1_B1,Ddx5_M3
Pfn1_B1<==>Socs3_M0,Pfn1_B1,Socs3_M0
Pfn1_B1<==>Ighv4-1_B3,Pfn1_B1,Ighv4-1_B3
Pfn1_B1<==>Ets2_M5,Pfn1_B1,Ets2_M5
Pfn1_B1<==>H2-K1_B1,Pfn1_B1,H2-K1_B1
Pfn1_B4<==>Gch1_B5,Pfn1_B4,Gch1_B5
Pfn1_B4<==>Cd47_T1,Pfn1_B4,Cd47_T1
Pfn1_B4<==>Lnpep_B1,Pfn1_B4,Lnpep_B1
Pfn1_B4<==>H2-Ab1_B3,Pfn1_B4,H2-Ab1_B3
Pfn1_M0<==>Psme2_M3,Pfn1_M0,Psme2_M3
Pfn1_M0<==>Psmb8_M3,Pfn1_M0,Psmb8_M3
Pfn1_M0<==>Iigp1_M0,Pfn1_M0,Iigp1_M0
Pfn1_M1<==>Srsf7_B1,Pfn1_M1,Srsf7_B1
Pfn1_M3<==>Ighv5-4_B7,Pfn1_M3,Ighv5-4_B7
Pfn1_M3<==>Cfl1_M3,Pfn1_M3,Cfl1_M3
Pfn1_M3<==>Igkv4-57_B3,Pfn1_M3,Igkv4-57_B3
Pfn1_M4<==>Pfn1_M5,Pfn1_M4,Pfn1_M5
Pfn1_M4<==>Smdt1_M4,Pfn1_M4,Smdt1_M4
Pfn1_M4<==>Gm47283_T5,Pfn1_M4,Gm47283_T5
Pfn1_M5<==>Vasn_O7,Pfn1_M5,Vasn_O7
Pfn1_M5<==>Rpl24_M3,Pfn1_M5,Rpl24_M3
Pfn1_M5<==>Ets2_M5,Pfn1_M5,Ets2_M5
Pfn1_M5<==>Cdkn1a_M0,Pfn1_M5,Cdkn1a_M0
Pfn1_M5<==>H2-Ob_B1,Pfn1_M5,H2-Ob_B1
Pfn1_M5<==>H2-D1_B1,Pfn1_M5,H2-D1_B1
Pfn1_T0<==>mt-Cytb_T2,Pfn1_T0,mt-Cytb_T2
Pfn1_T1<==>C3_M1,Pfn1_T1,C3_M1
Pfn1_T3<==>Nme2_M3,Pfn1_T3,Nme2_M3
Pfn1_T3<==>Ighv5-6_B5,Pfn1_T3,Ighv5-6_B5
Pfn1_T3<==>Psme2_M1,Pfn1_T3,Psme2_M1
Pfn1_T3<==>Azin1_B3,Pfn1_T3,Azin1_B3
Pfn1_T3<==>Scaf11_B1,Pfn1_T3,Scaf11_B1
Pfn1_T3<==>Ifnar1_M3,Pfn1_T3,Ifnar1_M3
Pfn1_T3<==>Clic1_M3,Pfn1_T3,Clic1_M3
Pfn1_T4<==>Ckb_T4,Pfn1_T4,Ckb_T4
Pfn1_T4<==>Selenop_T4,Pfn1_T4,Selenop_T4
Pfn1_T4<==>Basp1_M4,Pfn1_T4,Basp1_M4
Pfn1_T4<==>Zbtb20_B1,Pfn1_T4,Zbtb20_B1
Pfn1_T4<==>Nars_M4,Pfn1_T4,Nars_M4
Pfn1_T5<==>Ndufs6_M1,Pfn1_T5,Ndufs6_M1
Scimp_B4<==>Rpl36_M3,Scimp_B4,Rpl36_M3
Scimp_B4<==>Ighv1-25_B3,Scimp_B4,Ighv1-25_B3
Txndc17_M4<==>Rps24_M3,Txndc17_M4,Rps24_M3
Txndc17_M4<==>Aif1_M4,Txndc17_M4,Aif1_M4
Txndc17_M4<==>Ier3_M5,Txndc17_M4,Ier3_M5
Txndc17_M4<==>Myl12b_T5,Txndc17_M4,Myl12b_T5
Txndc17_M4<==>Hspa9_M3,Txndc17_M4,Hspa9_M3
Txndc17_M4<==>Ighv14-1_B3,Txndc17_M4,Ighv14-1_B3
Pafah1b1_B1<==>Ighm_B0,Pafah1b1_B1,Ighm_B0
Pafah1b1_B1<==>mt-Nd1_M5,Pafah1b1_B1,mt-Nd1_M5
Pafah1b1_B1<==>mt-Nd4_B0,Pafah1b1_B1,mt-Nd4_B0
Pafah1b1_B3<==>Ifrd1_B3,Pafah1b1_B3,Ifrd1_B3
Pafah1b1_B3<==>Mast4_B3,Pafah1b1_B3,Mast4_B3
Pafah1b1_B3<==>Azin1_B3,Pafah1b1_B3,Azin1_B3
Pafah1b1_B3<==>Eif3e_T5,Pafah1b1_B3,Eif3e_T5
Pafah1b1_B3<==>Ezr_B3,Pafah1b1_B3,Ezr_B3
Pafah1b1_M5<==>Hcls1_M1,Pafah1b1_M5,Hcls1_M1
Pafah1b1_M5<==>H2-K1_B1,Pafah1b1_M5,H2-K1_B1
Pafah1b1_T2<==>Ighg1_B2,Pafah1b1_T2,Ighg1_B2
Pafah1b1_T2<==>mt-Atp6_B5,Pafah1b1_T2,mt-Atp6_B5
Pafah1b1_T2<==>mt-Cytb_B2,Pafah1b1_T2,mt-Cytb_B2
Pafah1b1_T3<==>Calm1_B2,Pafah1b1_T3,Calm1_B2
Pafah1b1_T3<==>Sema4d_M3,Pafah1b1_T3,Sema4d_M3
Pafah1b1_T3<==>Cox7c_B5,Pafah1b1_T3,Cox7c_B5
Pafah1b1_T3<==>Timm23_T4,Pafah1b1_T3,Timm23_T4
Pafah1b1_T3<==>Gpr183_M5,Pafah1b1_T3,Gpr183_M5
Pafah1b1_T3<==>Ywhaz_T2,Pafah1b1_T3,Ywhaz_T2
Pafah1b1_T3<==>Calm2_T1,Pafah1b1_T3,Calm2_T1
Pafah1b1_T3<==>Nr3c1_T2,Pafah1b1_T3,Nr3c1_T2
Serpinf1_O7<==>Scara5_O7,Serpinf1_O7,Scara5_O7
Serpinf1_O7<==>Igfbp6_O7,Serpinf1_O7,Igfbp6_O7
Pitpna_M0<==>Rpl24_M3,Pitpna_M0,Rpl24_M3
Ywhae_B1<==>Psme1_M0,Ywhae_B1,Psme1_M0
Ywhae_B1<==>Rpl10a_M3,Ywhae_B1,Rpl10a_M3
Ywhae_M1<==>Itm2b_B4,Ywhae_M1,Itm2b_B4
Ywhae_M1<==>Cebpz_B1,Ywhae_M1,Cebpz_B1
Rpl23a_B1<==>Rpl23a_T4,Rpl23a_B1,Rpl23a_T4
Rpl23a_B1<==>Igha_M0,Rpl23a_B1,Igha_M0
Rpl23a_B1<==>Igha_M3,Rpl23a_B1,Igha_M3
Rpl23a_B1<==>Eif3h_B1,Rpl23a_B1,Eif3h_B1
Rpl23a_B1<==>Txndc11_B3,Rpl23a_B1,Txndc11_B3
Rpl23a_B1<==>Neat1_B3,Rpl23a_B1,Neat1_B3
Rpl23a_B1<==>mt-Nd4l_T4,Rpl23a_B1,mt-Nd4l_T4
Rpl23a_B5<==>Mctp1_M4,Rpl23a_B5,Mctp1_M4
Rpl23a_B5<==>Samsn1_T2,Rpl23a_B5,Samsn1_T2
Rpl23a_B5<==>mt-Nd4l_B1,Rpl23a_B5,mt-Nd4l_B1
Rpl23a_M3<==>Nrip1_M5,Rpl23a_M3,Nrip1_M5
Rpl23a_M3<==>Malat1_T3,Rpl23a_M3,Malat1_T3
Rpl23a_T2<==>Igha_T5,Rpl23a_T2,Igha_T5
Rpl23a_T2<==>Rps2_T3,Rpl23a_T2,Rps2_T3
Rpl23a_T2<==>Ighv1-82_B3,Rpl23a_T2,Ighv1-82_B3
Rpl23a_T3<==>Id2_M3,Rpl23a_T3,Id2_M3
Rpl23a_T3<==>mt-Nd4_T4,Rpl23a_T3,mt-Nd4_T4
Rpl23a_T4<==>Rpl27_T4,Rpl23a_T4,Rpl27_T4
Rpl23a_T4<==>Ighv1-85_B3,Rpl23a_T4,Ighv1-85_B3
Rpl23a_T4<==>Rpl15_T4,Rpl23a_T4,Rpl15_T4
Rpl23a_T4<==>Tpt1_T4,Rpl23a_T4,Tpt1_T4
Rpl23a_T4<==>Eif3h_B1,Rpl23a_T4,Eif3h_B1
Rpl23a_T4<==>Rps2_T4,Rpl23a_T4,Rps2_T4
Rpl23a_T4<==>Rpl10a_B1,Rpl23a_T4,Rpl10a_B1
Rpl23a_T4<==>Rpl10a_T4,Rpl23a_T4,Rpl10a_T4
Rpl23a_T4<==>H2-Aa_B5,Rpl23a_T4,H2-Aa_B5
Rpl23a_T4<==>Cox7a2l_M0,Rpl23a_T4,Cox7a2l_M0
Rpl23a_T4<==>Hspa9_M1,Rpl23a_T4,Hspa9_M1
Rpl23a_T4<==>Rpl17_B1,Rpl23a_T4,Rpl17_B1
Rpl23a_T4<==>Rpl10_T4,Rpl23a_T4,Rpl10_T4
Rpl23a_T4<==>Rpl10_T5,Rpl23a_T4,Rpl10_T5
Rpl23a_T4<==>mt-Nd4l_M3,Rpl23a_T4,mt-Nd4l_M3
Ift20_B3<==>Nme2_B3,Ift20_B3,Nme2_B3
Ift20_B3<==>Klf6_M0,Ift20_B3,Klf6_M0
Ift20_B3<==>Tspo_B3,Ift20_B3,Tspo_B3
Ift20_B3<==>Hsp90ab1_B3,Ift20_B3,Hsp90ab1_B3
Evi2a_M1<==>Tgfbi_M5,Evi2a_M1,Tgfbi_M5
Evi2a_M1<==>Smdt1_T4,Evi2a_M1,Smdt1_T4
Evi2a_M3<==>Ms4a6c_M3,Evi2a_M3,Ms4a6c_M3
Evi2a_M4<==>Thoc2_M4,Evi2a_M4,Thoc2_M4
Ccl7_O7<==>Vasn_O7,Ccl7_O7,Vasn_O7
Slfn2_M2<==>Got1_M4,Slfn2_M2,Got1_M4
Slfn2_M3<==>Ywhaz_B4,Slfn2_M3,Ywhaz_B4
Slfn2_M3<==>Atp6v0c_T1,Slfn2_M3,Atp6v0c_T1
Slfn2_M3<==>Crem_B0,Slfn2_M3,Crem_B0
Slfn2_M3<==>Tcirg1_M1,Slfn2_M3,Tcirg1_M1
Slfn2_M3<==>mt-Atp6_B1,Slfn2_M3,mt-Atp6_B1
Slfn2_M3<==>mt-Nd4_B1,Slfn2_M3,mt-Nd4_B1
Slfn2_M4<==>Il2rb_T4,Slfn2_M4,Il2rb_T4
Slfn2_M4<==>mt-Nd4l_T5,Slfn2_M4,mt-Nd4l_T5
Slfn2_M5<==>Acod1_M2,Slfn2_M5,Acod1_M2
Slfn2_T3<==>Hnrnpk_T4,Slfn2_T3,Hnrnpk_T4
Slfn2_T3<==>Selenop_M1,Slfn2_T3,Selenop_M1
Slfn2_T3<==>Ly6e_B3,Slfn2_T3,Ly6e_B3
Slfn2_T3<==>P2ry10_M4,Slfn2_T3,P2ry10_M4
Slfn2_T3<==>Rpl36a_T5,Slfn2_T3,Rpl36a_T5
Slfn2_T3<==>mt-Nd2_T2,Slfn2_T3,mt-Nd2_T2
Slfn2_T3<==>mt-Atp6_T0,Slfn2_T3,mt-Atp6_T0
Slfn1_M2<==>Cyth1_M3,Slfn1_M2,Cyth1_M3
Slfn1_M2<==>Lgmn_M1,Slfn1_M2,Lgmn_M1
Slfn1_M2<==>Cox7c_B5,Slfn1_M2,Cox7c_B5
Slfn1_M2<==>Mxi1_T5,Slfn1_M2,Mxi1_T5
Vmp1_B3<==>Gna13_T4,Vmp1_B3,Gna13_T4
Vmp1_B3<==>Igha_B1,Vmp1_B3,Igha_B1
Vmp1_B3<==>Prdx5_M2,Vmp1_B3,Prdx5_M2
Vmp1_M1<==>Pgam1_T5,Vmp1_M1,Pgam1_T5
Cltc_M1<==>Lgmn_M1,Cltc_M1,Lgmn_M1
Cltc_M1<==>Gm42418_T1,Cltc_M1,Gm42418_T1
Cltc_M1<==>Calm2_B1,Cltc_M1,Calm2_B1
Cltc_M1<==>Rpl17_B5,Cltc_M1,Rpl17_B5
Cltc_M1<==>P2ry10_T5,Cltc_M1,P2ry10_T5
Cltc_M1<==>mt-Atp6_T4,Cltc_M1,mt-Atp6_T4
Cltc_M3<==>Synj1_M3,Cltc_M3,Synj1_M3
Cltc_M3<==>Gm42418_M4,Cltc_M3,Gm42418_M4
Cltc_M4<==>Cyth4_M1,Cltc_M4,Cyth4_M1
Supt4a_B1<==>H3f3b_T2,Supt4a_B1,H3f3b_T2
Supt4a_B1<==>Tpt1_T4,Supt4a_B1,Tpt1_T4
Supt4a_B1<==>Hsp90ab1_T2,Supt4a_B1,Hsp90ab1_T2
Supt4a_B1<==>Cybb_M0,Supt4a_B1,Cybb_M0
Supt4a_B3<==>Mia2_M4,Supt4a_B3,Mia2_M4
Supt4a_B3<==>Rpl24_T5,Supt4a_B3,Rpl24_T5
Supt4a_T1<==>Txnl4a_M4,Supt4a_T1,Txnl4a_M4
Supt4a_T1<==>mt-Co1_M0,Supt4a_T1,mt-Co1_M0
Srsf1_B4<==>Ighv2-9-1_B3,Srsf1_B4,Ighv2-9-1_B3
Scpep1_M3<==>Gng2_M4,Scpep1_M3,Gng2_M4
Scpep1_M3<==>Cox6c_M0,Scpep1_M3,Cox6c_M0
Nme2_B1<==>Rps7_B1,Nme2_B1,Rps7_B1
Nme2_B1<==>H2-K1_T7,Nme2_B1,H2-K1_T7
Nme2_B1<==>Psmb9_M3,Nme2_B1,Psmb9_M3
Nme2_B1<==>H2-D1_T7,Nme2_B1,H2-D1_T7
Nme2_B5<==>Ly6e_M4,Nme2_B5,Ly6e_M4
Nme2_B5<==>Csf2rb_M5,Nme2_B5,Csf2rb_M5
Nme2_B5<==>H2-D1_T6,Nme2_B5,H2-D1_T6
Nme2_M3<==>Ifrd1_O10,Nme2_M3,Ifrd1_O10
Nme2_M3<==>Eif5_O10,Nme2_M3,Eif5_O10
Nme2_M3<==>Ighv1-56_B3,Nme2_M3,Ighv1-56_B3
Nme2_M3<==>Serpinb6b_M3,Nme2_M3,Serpinb6b_M3
Nme2_M3<==>Serpinb9_M3,Nme2_M3,Serpinb9_M3
Nme2_M3<==>Lcp1_T3,Nme2_M3,Lcp1_T3
Nme2_M3<==>Ly6e_M1,Nme2_M3,Ly6e_M1
Nme2_M3<==>Rpl3_M3,Nme2_M3,Rpl3_M3
Nme2_T2<==>Ywhaz_B1,Nme2_T2,Ywhaz_B1
Nme1_B5<==>Sema4d_M3,Nme1_B5,Sema4d_M3
Nme1_B5<==>Ago2_M3,Nme1_B5,Ago2_M3
Nme1_B5<==>Ifngr2_M3,Nme1_B5,Ifngr2_M3
Nme1_B5<==>Myl12a_T2,Nme1_B5,Myl12a_T2
Nme1_B5<==>mt-Co2_B2,Nme1_B5,mt-Co2_B2
Nme1_B5<==>mt-Co3_B2,Nme1_B5,mt-Co3_B2
Nme1_T5<==>Ighg2c_B3,Nme1_T5,Ighg2c_B3
Spag9_B5<==>Ifi27l2a_T2,Spag9_B5,Ifi27l2a_T2
Spag9_B5<==>Hsp90aa1_B2,Spag9_B5,Hsp90aa1_B2
Spag9_B5<==>Atp5mpl_T3,Spag9_B5,Atp5mpl_T3
Spag9_B5<==>Brd2_M3,Spag9_B5,Brd2_M3
Spag9_M1<==>Srsf2_B5,Spag9_M1,Srsf2_B5
Spag9_M2<==>Rpl23_M3,Spag9_M2,Rpl23_M3
Spag9_M2<==>Dazap2_M0,Spag9_M2,Dazap2_M0
Spag9_M2<==>Rpl35a_M3,Spag9_M2,Rpl35a_M3
Spag9_M2<==>Rps4x_M3,Spag9_M2,Rps4x_M3
Spag9_M3<==>Eif1_M5,Spag9_M3,Eif1_M5
Spag9_M3<==>Unc93b1_M5,Spag9_M3,Unc93b1_M5
Spag9_M4<==>Ly6e_M4,Spag9_M4,Ly6e_M4
Spop_M4<==>Ighd_B7,Spop_M4,Ighd_B7
Gngt2_M0<==>Rnase6_M7,Gngt2_M0,Rnase6_M7
Gngt2_M1<==>Nol7_B3,Gngt2_M1,Nol7_B3
Gngt2_M1<==>H2-K1_O10,Gngt2_M1,H2-K1_O10
Snf8_T5<==>Eif5_T4,Snf8_T5,Eif5_T4
Snf8_T5<==>Crip1_T4,Snf8_T5,Crip1_T4
Snf8_T5<==>Hnrnpa0_B4,Snf8_T5,Hnrnpa0_B4
Snf8_T5<==>H2-K1_T4,Snf8_T5,H2-K1_T4
Snf8_T5<==>Myl12b_T5,Snf8_T5,Myl12b_T5
Snf8_T5<==>Mbd2_T4,Snf8_T5,Mbd2_T4
Snf8_T5<==>Rps4x_M3,Snf8_T5,Rps4x_M3
Atp5g1_M0<==>Hsp90ab1_B1,Atp5g1_M0,Hsp90ab1_B1
Atp5g1_M0<==>Iigp1_M0,Atp5g1_M0,Iigp1_M0
Atp5g1_M3<==>Rpl36al_B4,Atp5g1_M3,Rpl36al_B4
Atp5g1_M3<==>Rbm3_B4,Atp5g1_M3,Rbm3_B4
Atp5g1_M3<==>mt-Nd1_T2,Atp5g1_M3,mt-Nd1_T2
Atp5g1_M3<==>mt-Nd4l_B3,Atp5g1_M3,mt-Nd4l_B3
Atp5g1_M4<==>Ly6e_M4,Atp5g1_M4,Ly6e_M4
Atp5g1_M4<==>Sat1_M3,Atp5g1_M4,Sat1_M3
Atp5g1_M4<==>Tmsb4x_T7,Atp5g1_M4,Tmsb4x_T7
Atp5g1_M4<==>mt-Nd4_M3,Atp5g1_M4,mt-Nd4_M3
Atp5g1_T4<==>Psme1_B2,Atp5g1_T4,Psme1_B2
Skap1_M5<==>Tap1_M5,Skap1_M5,Tap1_M5
Skap1_T0<==>Ighv1-26_B2,Skap1_T0,Ighv1-26_B2
Skap1_T0<==>Smad7_T2,Skap1_T0,Smad7_T2
Skap1_T1<==>Prkca_M7,Skap1_T1,Prkca_M7
Skap1_T1<==>Mtdh_M4,Skap1_T1,Mtdh_M4
Skap1_T3<==>Tspo_B3,Skap1_T3,Tspo_B3
Skap1_T5<==>Ighv2-9-1_B3,Skap1_T5,Ighv2-9-1_B3
Psmb3_B3<==>Cd47_T1,Psmb3_B3,Cd47_T1
Rpl23_M3<==>Actn1_M3,Rpl23_M3,Actn1_M3
Rpl23_M3<==>Ighg1_B7,Rpl23_M3,Ighg1_B7
Rpl23_M3<==>Ighv3-2_B3,Rpl23_M3,Ighv3-2_B3
Rpl23_M3<==>Rps23_M3,Rpl23_M3,Rps23_M3
Rpl23_M3<==>Rps24_M3,Rpl23_M3,Rps24_M3
Rpl23_M3<==>Itm2b_B5,Rpl23_M3,Itm2b_B5
Rpl23_M3<==>Rps10_M3,Rpl23_M3,Rps10_M3
Rpl23_M3<==>Rps18_M3,Rpl23_M3,Rps18_M3
Rpl23_M3<==>H2-DMb2_B1,Rpl23_M3,H2-DMb2_B1
Rpl23_M3<==>Rps14_M3,Rpl23_M3,Rps14_M3
Rpl23_M3<==>Rps4x_M3,Rpl23_M3,Rps4x_M3
Rpl23_M4<==>Rps24_M4,Rpl23_M4,Rps24_M4
Rpl23_M4<==>Ly6a_T0,Rpl23_M4,Ly6a_T0
Rpl23_M4<==>Rpl17_M4,Rpl23_M4,Rpl17_M4
Rpl23_M5<==>Pdia6_M3,Rpl23_M5,Pdia6_M3
Rpl23_M5<==>Rps18_M5,Rpl23_M5,Rps18_M5
Rpl23_T2<==>Ywhaz_B1,Rpl23_T2,Ywhaz_B1
Rpl23_T2<==>Rps2_M5,Rpl23_T2,Rps2_M5
Rpl23_T2<==>Zfand5_M0,Rpl23_T2,Zfand5_M0
Rpl23_T6<==>Ube2i_M3,Rpl23_T6,Ube2i_M3
Rpl23_T6<==>Rps28_M3,Rpl23_T6,Rps28_M3
Rpl23_T6<==>Ms4a6b_T5,Rpl23_T6,Ms4a6b_T5
Lasp1_M3<==>Iglc3_B2,Lasp1_M3,Iglc3_B2
Lasp1_M3<==>Srsf3_B1,Lasp1_M3,Srsf3_B1
Rpl19_M1<==>Lgmn_M1,Rpl19_M1,Lgmn_M1
Rpl19_M1<==>Rps23_M1,Rpl19_M1,Rps23_M1
Rpl19_M1<==>Mrpl52_M0,Rpl19_M1,Mrpl52_M0
Rpl19_M1<==>Eif3h_M1,Rpl19_M1,Eif3h_M1
Rpl19_M1<==>Ly6e_B3,Rpl19_M1,Ly6e_B3
Rpl19_M1<==>Msrb1_M1,Rpl19_M1,Msrb1_M1
Rpl19_M1<==>Eif1a_M3,Rpl19_M1,Eif1a_M3
Rpl19_M1<==>Rpl17_T2,Rpl19_M1,Rpl17_T2
Rpl19_M3<==>Rps7_M3,Rpl19_M3,Rps7_M3
Rpl19_M3<==>Hif1a_T5,Rpl19_M3,Hif1a_T5
Rpl19_M3<==>Rpl17_M3,Rpl19_M3,Rpl17_M3
Rpl19_M3<==>Rpl17_T2,Rpl19_M3,Rpl17_T2
Rpl19_M3<==>Ahnak_B7,Rpl19_M3,Ahnak_B7
Rpl19_M3<==>Rps4x_B1,Rpl19_M3,Rps4x_B1
Rpl19_T2<==>Ndufb1-ps_T3,Rpl19_T2,Ndufb1-ps_T3
Rpl19_T2<==>Ighv8-11_B3,Rpl19_T2,Ighv8-11_B3
Rpl19_T2<==>Mrpl52_M0,Rpl19_T2,Mrpl52_M0
Rpl19_T2<==>Rps14_T5,Rpl19_T2,Rps14_T5
Rpl19_T2<==>Rpl17_T1,Rpl19_T2,Rpl17_T1
Rpl19_T2<==>Zfand5_M0,Rpl19_T2,Zfand5_M0
Rpl19_T2<==>Hnrnph2_M3,Rpl19_T2,Hnrnph2_M3
Rpl19_T5<==>Pdia6_M0,Rpl19_T5,Pdia6_M0
Rpl19_T5<==>Ighv2-9_B2,Rpl19_T5,Ighv2-9_B2
Rpl19_T5<==>Ighv1-54_B3,Rpl19_T5,Ighv1-54_B3
Rpl19_T5<==>Psme1_T0,Rpl19_T5,Psme1_T0
Rpl19_T5<==>Rps18_T5,Rpl19_T5,Rps18_T5
Rpl19_T5<==>Rpl17_T5,Rpl19_T5,Rpl17_T5
Rpl19_T5<==>Rpl10_T5,Rpl19_T5,Rpl10_T5
Ccr7_B0<==>P2ry10_M5,Ccr7_B0,P2ry10_M5
Ccr7_M3<==>Tspan13_M3,Ccr7_M3,Tspan13_M3
Ccr7_M3<==>Ighd_B3,Ccr7_M3,Ighd_B3
Ccr7_M3<==>Pik3r1_M3,Ccr7_M3,Pik3r1_M3
Ccr7_M3<==>Tbc1d4_M3,Ccr7_M3,Tbc1d4_M3
Ccr7_M3<==>Stk24_T4,Ccr7_M3,Stk24_T4
Ccr7_M3<==>Cd86_M3,Ccr7_M3,Cd86_M3
Ccr7_M3<==>Dusp1_M0,Ccr7_M3,Dusp1_M0
Ccr7_M3<==>Ehd1_M1,Ccr7_M3,Ehd1_M1
Ccr7_T6_3<==>Srrm2_B3,Ccr7_T6_3,Srrm2_B3
Ccr7_T6_3<==>Ablim1_B2,Ccr7_T6_3,Ablim1_B2
Smarce1_M4<==>Ighv1-22_B3,Smarce1_M4,Ighv1-22_B3
Eif1_B1<==>Ighv5-9_B7,Eif1_B1,Ighv5-9_B7
Eif1_B3<==>Ighv5-6_B5,Eif1_B3,Ighv5-6_B5
Eif1_B3<==>Ighv9-2_B3,Eif1_B3,Ighv9-2_B3
Eif1_B3<==>Slc38a1_M4,Eif1_B3,Slc38a1_M4
Eif1_B5<==>Ighg2b_B1,Eif1_B5,Ighg2b_B1
Eif1_B5<==>Rtraf_M4,Eif1_B5,Rtraf_M4
Eif1_B5<==>Crem_T2,Eif1_B5,Crem_T2
Eif1_B5<==>Dusp5_T3,Eif1_B5,Dusp5_T3
Eif1_M0<==>Iglc3_B4,Eif1_M0,Iglc3_B4
Eif1_M1<==>Cd47_T7,Eif1_M1,Cd47_T7
Eif1_M2<==>Malt1_T2,Eif1_M2,Malt1_T2
Eif1_M2<==>P2ry10_T1,Eif1_M2,P2ry10_T1
Eif1_M3<==>Cd86_M0,Eif1_M3,Cd86_M0
Eif1_M3<==>H2-Q7_M4,Eif1_M3,H2-Q7_M4
Eif1_O10<==>H2-K1_B1,Eif1_O10,H2-K1_B1
Eif1_O10<==>Crem_M5,Eif1_O10,Crem_M5
Eif1_T0<==>mt-Nd4_B1,Eif1_T0,mt-Nd4_B1
Eif1_T2<==>Nfkbia_O10,Eif1_T2,Nfkbia_O10
Eif1_T2<==>Appl1_M4,Eif1_T2,Appl1_M4
Eif1_T2<==>Trac_T2,Eif1_T2,Trac_T2
Eif1_T2<==>Csf2rb_M4,Eif1_T2,Csf2rb_M4
Eif1_T2<==>Eif4b_M3,Eif1_T2,Eif4b_M3
Eif1_T7<==>Tnfaip2_M5,Eif1_T7,Tnfaip2_M5
Eif1_T7<==>Rpl10a_M3,Eif1_T7,Rpl10a_M3
Eif1_T7<==>Ablim1_T6,Eif1_T7,Ablim1_T6
Dnajc7_M4<==>Cd300c2_M3,Dnajc7_M4,Cd300c2_M3
Rab5c_M1<==>Nrip1_M4,Rab5c_M1,Nrip1_M4
Rab5c_M4<==>Tgfbi_M0,Rab5c_M4,Tgfbi_M0
Rab5c_M4<==>Cox17_B1,Rab5c_M4,Cox17_B1
Rab5c_M4<==>Psmb9_M3,Rab5c_M4,Psmb9_M3
Stat3_B1<==>Cyth1_M3,Stat3_B1,Cyth1_M3
Stat3_B1<==>Ninj1_M3,Stat3_B1,Ninj1_M3
Stat3_B1<==>Rap2a_M3,Stat3_B1,Rap2a_M3
Stat3_B1<==>Tnrc6b_B3,Stat3_B1,Tnrc6b_B3
Stat3_B1<==>Ier3_M0,Stat3_B1,Ier3_M0
Stat3_B1<==>Cebpz_B1,Stat3_B1,Cebpz_B1
Stat3_B1<==>Got1_T2,Stat3_B1,Got1_T2
Stat3_T3<==>Prkar1a_T2,Stat3_T3,Prkar1a_T2
Stat3_T3<==>Zbtb1_M5,Stat3_T3,Zbtb1_M5
Stat3_T3<==>Arf4_T2,Stat3_T3,Arf4_T2
Stat3_T3<==>Csf2rb_M5,Stat3_T3,Csf2rb_M5
Stat3_T3<==>Slc38a2_B3,Stat3_T3,Slc38a2_B3
Stat3_T3<==>Vapa_M0,Stat3_T3,Vapa_M0
Stat3_T3<==>Cebpz_B1,Stat3_T3,Cebpz_B1
Stat3_T3<==>Ehd1_M3,Stat3_T3,Ehd1_M3
Stat3_T5<==>Syngr2_M3,Stat3_T5,Syngr2_M3
Stat3_T5<==>Il2rb_T5,Stat3_T5,Il2rb_T5
Stat3_T5<==>Iglv1_B0,Stat3_T5,Iglv1_B0
Cavin1_O7<==>AW112010_T4,Cavin1_O7,AW112010_T4
Rpl27_B1<==>Erg28_T5,Rpl27_B1,Erg28_T5
Rpl27_B1<==>Ighv1-33_B3,Rpl27_B1,Ighv1-33_B3
Rpl27_M3<==>Pdia6_B3,Rpl27_M3,Pdia6_B3
Rpl27_M3<==>Rps7_M3,Rpl27_M3,Rps7_M3
Rpl27_M3<==>Rps23_M3,Rpl27_M3,Rps23_M3
Rpl27_M3<==>Mast4_B3,Rpl27_M3,Mast4_B3
Rpl27_M3<==>Rps24_M3,Rpl27_M3,Rps24_M3
Rpl27_M3<==>Rpl30_M3,Rpl27_M3,Rpl30_M3
Rpl27_M3<==>Elob_M3,Rpl27_M3,Elob_M3
Rpl27_M3<==>Rps10_M3,Rpl27_M3,Rps10_M3
Rpl27_M3<==>Rps18_M3,Rpl27_M3,Rps18_M3
Rpl27_M3<==>Vapa_M0,Rpl27_M3,Vapa_M0
Rpl27_M3<==>Myl12b_T5,Rpl27_M3,Myl12b_T5
Rpl27_M3<==>Rps14_M3,Rpl27_M3,Rps14_M3
Rpl27_M3<==>Rps4x_M3,Rpl27_M3,Rps4x_M3
Rpl27_T2<==>Cox8a_T4,Rpl27_T2,Cox8a_T4
Rpl27_T4<==>Ddx5_M3,Rpl27_T4,Ddx5_M3
Rpl27_T4<==>Elf1_B1,Rpl27_T4,Elf1_B1
Rpl27_T4<==>Etf1_B4,Rpl27_T4,Etf1_B4
Rpl27_T5<==>Igkv9-120_B3,Rpl27_T5,Igkv9-120_B3
Lsm12_M3<==>Psmb9_B4,Lsm12_M3,Psmb9_B4
Lsm12_M3<==>H2-Aa_M3,Lsm12_M3,H2-Aa_M3
Lsm12_M3<==>Gm26917_B7,Lsm12_M3,Gm26917_B7
Lsm12_M3<==>Unc93b1_M0,Lsm12_M3,Unc93b1_M0
Grn_M0<==>Grn_M1,Grn_M0,Grn_M1
Grn_M0<==>H3f3b_B3,Grn_M0,H3f3b_B3
Grn_M0<==>Atp5mpl_M0,Grn_M0,Atp5mpl_M0
Grn_M0<==>Hexb_M1,Grn_M0,Hexb_M1
Grn_M0<==>Lst1_M0,Grn_M0,Lst1_M0
Grn_M0<==>Unc93b1_M0,Grn_M0,Unc93b1_M0
Grn_M1<==>Nmt1_M4,Grn_M1,Nmt1_M4
Grn_M1<==>Rps7_M3,Grn_M1,Rps7_M3
Grn_M1<==>Rps29_T1,Grn_M1,Rps29_T1
Grn_M1<==>Crip1_T5,Grn_M1,Crip1_T5
Grn_M1<==>Iglc3_B5,Grn_M1,Iglc3_B5
Grn_M1<==>mt-Nd2_T4,Grn_M1,mt-Nd2_T4
Grn_M3<==>Ighv1-53_B1,Grn_M3,Ighv1-53_B1
Grn_M3<==>Ppp1ca_M3,Grn_M3,Ppp1ca_M3
Grn_M3<==>Tmsb4x_B3,Grn_M3,Tmsb4x_B3
Grn_M4<==>Hif1a_M4,Grn_M4,Hif1a_M4
Grn_M5<==>Ctsb_M5,Grn_M5,Ctsb_M5
Grn_M5<==>Rpl30_M3,Grn_M5,Rpl30_M3
Grn_M5<==>Rpl30_M5,Grn_M5,Rpl30_M5
Grn_M5<==>Rps14_M5,Grn_M5,Rps14_M5
Nmt1_M4<==>Crip1_T5,Nmt1_M4,Crip1_T5
Nmt1_M4<==>Ighm_B0,Nmt1_M4,Ighm_B0
Nmt1_M4<==>Mef2c_B5,Nmt1_M4,Mef2c_B5
Map3k14_M3<==>Iglc3_B4,Map3k14_M3,Iglc3_B4
Limd2_M5<==>Ighv5-4_B3,Limd2_M5,Ighv5-4_B3
Cd79b_B0<==>Iglc3_B0,Cd79b_B0,Iglc3_B0
Cd79b_B1<==>Ighd_B0,Cd79b_B1,Ighd_B0
Cd79b_B1<==>Dad1_B1,Cd79b_B1,Dad1_B1
Cd79b_B1<==>Mtdh_B1,Cd79b_B1,Mtdh_B1
Cd79b_B1<==>Atp5a1_M0,Cd79b_B1,Atp5a1_M0
Cd79b_B4<==>Bptf_B4,Cd79b_B4,Bptf_B4
Cd79b_B4<==>Ptprcap_B4,Cd79b_B4,Ptprcap_B4
Prr29_T7<==>Crem_B6_0,Prr29_T7,Crem_B6_0
Ddx5_M3<==>Ighv4-1_B3,Ddx5_M3,Ighv4-1_B3
Ddx5_M3<==>Ighv8-11_B2,Ddx5_M3,Ighv8-11_B2
Ddx5_M3<==>Cdkn1a_M0,Ddx5_M3,Cdkn1a_M0
Ddx5_O10<==>Rpl10a_T2,Ddx5_O10,Rpl10a_T2
Ddx5_T4<==>Crip1_M5,Ddx5_T4,Crip1_M5
Ddx5_T4<==>Trac_T1,Ddx5_T4,Trac_T1
Ddx5_T4<==>Sub1_B4,Ddx5_T4,Sub1_B4
Ddx5_T4<==>Igfbp6_O7,Ddx5_T4,Igfbp6_O7
Ddx5_T4<==>Iglc1_B2,Ddx5_T4,Iglc1_B2
Ddx5_T4<==>Ifngr2_M3,Ddx5_T4,Ifngr2_M3
Ddx5_T4<==>Pi16_O7,Ddx5_T4,Pi16_O7
Ddx5_T4<==>Tmem258_T4,Ddx5_T4,Tmem258_T4
Bptf_B4<==>Gch1_B5,Bptf_B4,Gch1_B5
Bptf_B4<==>Sik1_B3,Bptf_B4,Sik1_B3
Bptf_B4<==>Thoc2_M4,Bptf_B4,Thoc2_M4
Gna13_B4<==>Rbm25_B1,Gna13_B4,Rbm25_B1
Gna13_B4<==>Ndufa6_B1,Gna13_B4,Ndufa6_B1
Gna13_B4<==>Rps2_B3,Gna13_B4,Rps2_B3
Gna13_B4<==>Ablim1_T3,Gna13_B4,Ablim1_T3
Gna13_M0<==>Inhba_M0,Gna13_M0,Inhba_M0
Gna13_M0<==>Pabpc1_M0,Gna13_M0,Pabpc1_M0
Gna13_M0<==>Cd14_M0,Gna13_M0,Cd14_M0
Gna13_M1<==>Ywhaz_M1,Gna13_M1,Ywhaz_M1
Gna13_M1<==>Gm42418_T1,Gna13_M1,Gm42418_T1
Gna13_M1<==>Dusp5_M4,Gna13_M1,Dusp5_M4
Gna13_M4<==>Map3k1_B5,Gna13_M4,Map3k1_B5
Gna13_M4<==>Lgals3_M4,Gna13_M4,Lgals3_M4
Gna13_M4<==>Zeb1_T6,Gna13_M4,Zeb1_T6
Gna13_T2<==>P4hb_B3,Gna13_T2,P4hb_B3
Gna13_T2<==>Crip1_T0,Gna13_T2,Crip1_T0
Gna13_T2<==>Tpt1_M4,Gna13_T2,Tpt1_M4
Gna13_T2<==>Ywhaz_B1,Gna13_T2,Ywhaz_B1
Gna13_T2<==>Brd4_M3,Gna13_T2,Brd4_M3
Gna13_T2<==>Psmb8_T1,Gna13_T2,Psmb8_T1
Gna13_T2<==>Kif5b_M1,Gna13_T2,Kif5b_M1
Gna13_T2<==>Morf4l2_M5,Gna13_T2,Morf4l2_M5
Gna13_T3<==>Prkar1a_T1,Gna13_T3,Prkar1a_T1
Gna13_T3<==>Cyth1_M3,Gna13_T3,Cyth1_M3
Gna13_T3<==>Cct5_M3,Gna13_T3,Cct5_M3
Gna13_T3<==>Csf2rb2_M1,Gna13_T3,Csf2rb2_M1
Gna13_T4<==>Stk24_T4,Gna13_T4,Stk24_T4
Gna13_T4<==>Crem_T4,Gna13_T4,Crem_T4
Gna13_T4<==>Lmnb1_B1,Gna13_T4,Lmnb1_B1
Gna13_T4<==>Ehd1_M1,Gna13_T4,Ehd1_M1
Gna13_T5<==>Uqcrb_M3,Gna13_T5,Uqcrb_M3
Gna13_T5<==>Sec11c_T7,Gna13_T5,Sec11c_T7
Gna13_T7<==>Nfkbia_O10,Gna13_T7,Nfkbia_O10
Gna13_T7<==>Atp5g2_M3,Gna13_T7,Atp5g2_M3
Gna13_T7<==>Crem_T3,Gna13_T7,Crem_T3
Prkar1a_B1<==>Ywhaz_B4,Prkar1a_B1,Ywhaz_B4
Prkar1a_B1<==>Eef1d_M3,Prkar1a_B1,Eef1d_M3
Prkar1a_B1<==>Il2rb_T4,Prkar1a_B1,Il2rb_T4
Prkar1a_B1<==>Rbx1_B1,Prkar1a_B1,Rbx1_B1
Prkar1a_B1<==>Crem_B0,Prkar1a_B1,Crem_B0
Prkar1a_B1<==>Rpl17_B2,Prkar1a_B1,Rpl17_B2
Prkar1a_B3<==>Grb2_B3,Prkar1a_B3,Grb2_B3
Prkar1a_B3<==>Lpar6_M4,Prkar1a_B3,Lpar6_M4
Prkar1a_B3<==>Sub1_B3,Prkar1a_B3,Sub1_B3
Prkar1a_M1<==>Ighv1-50_B3,Prkar1a_M1,Ighv1-50_B3
Prkar1a_M4<==>Ninj1_M3,Prkar1a_M4,Ninj1_M3
Prkar1a_M4<==>Zcrb1_M3,Prkar1a_M4,Zcrb1_M3
Prkar1a_M5<==>Rpl17_M3,Prkar1a_M5,Rpl17_M3
Prkar1a_M5<==>Smad7_T2,Prkar1a_M5,Smad7_T2
Prkar1a_T1<==>Srsf7_T0,Prkar1a_T1,Srsf7_T0
Prkar1a_T1<==>Usp9x_M4,Prkar1a_T1,Usp9x_M4
Prkar1a_T2<==>Ier3_M0,Prkar1a_T2,Ier3_M0
Prkar1a_T2<==>Slc15a3_M3,Prkar1a_T2,Slc15a3_M3
Prkar1a_T3<==>Ifrd1_B3,Prkar1a_T3,Ifrd1_B3
Prkar1a_T3<==>Ighv5-6_B5,Prkar1a_T3,Ighv5-6_B5
Prkar1a_T3<==>Ighv1-74_B3,Prkar1a_T3,Ighv1-74_B3
Prkar1a_T3<==>Gng2_T5,Prkar1a_T3,Gng2_T5
Prkar1a_T3<==>Azin1_B3,Prkar1a_T3,Azin1_B3
Prkar1a_T3<==>Pcbp2_T2,Prkar1a_T3,Pcbp2_T2
Prkar1a_T3<==>Cd47_B3,Prkar1a_T3,Cd47_B3
Prkar1a_T3<==>Rps18_T3,Prkar1a_T3,Rps18_T3
Prkar1a_T3<==>Ighv1-61_B3,Prkar1a_T3,Ighv1-61_B3
Prkar1a_T4<==>Sf3b6_B1,Prkar1a_T4,Sf3b6_B1
Prkar1a_T4<==>Calm1_B2,Prkar1a_T4,Calm1_B2
Prkar1a_T4<==>Serpinb9_M3,Prkar1a_T4,Serpinb9_M3
Prkar1a_T4<==>Btf3_T2,Prkar1a_T4,Btf3_T2
Prkar1a_T4<==>Timm23_M3,Prkar1a_T4,Timm23_M3
Prkar1a_T4<==>Mrpl52_B1,Prkar1a_T4,Mrpl52_B1
Prkar1a_T4<==>Ywhaz_B3,Prkar1a_T4,Ywhaz_B3
Prkar1a_T4<==>Il2rb_T4,Prkar1a_T4,Il2rb_T4
Prkar1a_T4<==>Slc38a2_B3,Prkar1a_T4,Slc38a2_B3
Prkar1a_T4<==>Cebpz_B1,Prkar1a_T4,Cebpz_B1
Prkar1a_T4<==>Snrpd1_B5,Prkar1a_T4,Snrpd1_B5
Prkar1a_T4<==>Cd14_M1,Prkar1a_T4,Cd14_M1
Prkar1a_T4<==>mt-Co3_B2,Prkar1a_T4,mt-Co3_B2
Prkar1a_T5<==>Prr13_M3,Prkar1a_T5,Prr13_M3
Prkar1a_T5<==>Crem_T0,Prkar1a_T5,Crem_T0
Prkar1a_T5<==>Etf1_M0,Prkar1a_T5,Etf1_M0
Prkar1a_T5<==>Lmnb1_M4,Prkar1a_T5,Lmnb1_M4
Prkar1a_T5<==>Pik3ap1_B4,Prkar1a_T5,Pik3ap1_B4
Rpl38_M3<==>Ndufb1-ps_M3,Rpl38_M3,Ndufb1-ps_M3
Rpl38_M3<==>Ndufb1-ps_T2,Rpl38_M3,Ndufb1-ps_T2
Rpl38_M3<==>Igha_M0,Rpl38_M3,Igha_M0
Rpl38_M3<==>Ighv5-9_B7,Rpl38_M3,Ighv5-9_B7
Rpl38_M3<==>Gm10076_M3,Rpl38_M3,Gm10076_M3
Rpl38_M3<==>Rpl37_M3,Rpl38_M3,Rpl37_M3
Rpl38_M3<==>Rpl37_T1,Rpl38_M3,Rpl37_T1
Rpl38_M3<==>Rpl36_M3,Rpl38_M3,Rpl36_M3
Rpl38_M3<==>Atp5md_T1,Rpl38_M3,Atp5md_T1
Rpl38_M3<==>Rpl39_M3,Rpl38_M3,Rpl39_M3
Rpl38_M3<==>Rpl10_T4,Rpl38_M3,Rpl10_T4
Rpl38_M3<==>Ighv7-3_B1,Rpl38_M3,Ighv7-3_B1
Cd300c2_M0<==>Arid4a_M4,Cd300c2_M0,Arid4a_M4
Cd300c2_M0<==>Hsp90aa1_T5,Cd300c2_M0,Hsp90aa1_T5
Cd300c2_M0<==>Rpl30_T4,Cd300c2_M0,Rpl30_T4
Cd300c2_M0<==>Psmb9_B4,Cd300c2_M0,Psmb9_B4
Cd300c2_M0<==>Pten_M4,Cd300c2_M0,Pten_M4
Cd300c2_M3<==>Eif5_T3,Cd300c2_M3,Eif5_T3
Cd300c2_M3<==>Ywhaz_B6_0,Cd300c2_M3,Ywhaz_B6_0
Cd300c2_M3<==>H2-DMb1_M3,Cd300c2_M3,H2-DMb1_M3
Cd300c2_M4<==>Dnajc15_T5,Cd300c2_M4,Dnajc15_T5
Cd300c2_M4<==>Tspo_T3,Cd300c2_M4,Tspo_T3
Cd300c2_M4<==>Gm42418_B2,Cd300c2_M4,Gm42418_B2
Atp5h_B2<==>Tmem14c_M3,Atp5h_B2,Tmem14c_M3
Atp5h_B2<==>F2r_T4,Atp5h_B2,F2r_T4
Atp5h_B2<==>Rps24_M3,Atp5h_B2,Rps24_M3
Atp5h_B2<==>Dad1_M4,Atp5h_B2,Dad1_M4
Atp5h_B2<==>Grina_M2,Atp5h_B2,Grina_M2
Atp5h_B2<==>Iglv3_B0,Atp5h_B2,Iglv3_B0
Atp5h_B2<==>Elob_B1,Atp5h_B2,Elob_B1
Atp5h_B2<==>H2-DMb2_B1,Atp5h_B2,H2-DMb2_B1
Atp5h_B2<==>H2-D1_B1,Atp5h_B2,H2-D1_B1
Atp5h_B2<==>H2-D1_B2,Atp5h_B2,H2-D1_B2
Atp5h_B2<==>Csnk1a1_T2,Atp5h_B2,Csnk1a1_T2
Jpt1_B3<==>Nr3c1_T1,Jpt1_B3,Nr3c1_T1
Sumo2_B1<==>H3f3b_M0,Sumo2_B1,H3f3b_M0
Sumo2_B1<==>Nfkbia_B3,Sumo2_B1,Nfkbia_B3
Sumo2_B1<==>Smdt1_M4,Sumo2_B1,Smdt1_M4
Sumo2_B1<==>Cebpz_B1,Sumo2_B1,Cebpz_B1
Sumo2_B1<==>Snrpd1_B5,Sumo2_B1,Snrpd1_B5
Sumo2_B1<==>Got1_T2,Sumo2_B1,Got1_T2
Sumo2_B5<==>Sf3b6_B1,Sumo2_B5,Sf3b6_B1
Sumo2_B5<==>Cox7c_B5,Sumo2_B5,Cox7c_B5
Sumo2_B5<==>Ywhaz_B3,Sumo2_B5,Ywhaz_B3
Sumo2_B5<==>Ly6e_M4,Sumo2_B5,Ly6e_M4
Sumo2_B5<==>Slc38a2_B3,Sumo2_B5,Slc38a2_B3
Sumo2_B5<==>Myl12b_T5,Sumo2_B5,Myl12b_T5
Sumo2_M0<==>Sumo2_T4,Sumo2_M0,Sumo2_T4
Sumo2_M3<==>Rpl35a_M3,Sumo2_M3,Rpl35a_M3
Sumo2_M3<==>Cd47_M0,Sumo2_M3,Cd47_M0
Sumo2_M3<==>Rpl17_M4,Sumo2_M3,Rpl17_M4
Sumo2_M3<==>Avpi1_M3,Sumo2_M3,Avpi1_M3
Sumo2_M3<==>Avpi1_T4,Sumo2_M3,Avpi1_T4
Sumo2_M3<==>mt-Nd4l_T6,Sumo2_M3,mt-Nd4l_T6
Sumo2_M4<==>Sumo2_T3,Sumo2_M4,Sumo2_T3
Sumo2_M4<==>Igha_B3,Sumo2_M4,Igha_B3
Sumo2_M4<==>Ighg2b_B0,Sumo2_M4,Ighg2b_B0
Sumo2_M4<==>Serpinb9_M3,Sumo2_M4,Serpinb9_M3
Sumo2_M4<==>C3_M0,Sumo2_M4,C3_M0
Sumo2_M4<==>Ablim1_T6,Sumo2_M4,Ablim1_T6
Sumo2_T3<==>Ly6a_T0,Sumo2_T3,Ly6a_T0
Sumo2_T3<==>Slc15a3_M3,Sumo2_T3,Slc15a3_M3
Sumo2_T4<==>Rpl35a_M3,Sumo2_T4,Rpl35a_M3
Sumo2_T4<==>Cd47_T4,Sumo2_T4,Cd47_T4
Sumo2_T4<==>Elob_M3,Sumo2_T4,Elob_M3
Sumo2_T4<==>H2-K1_B2,Sumo2_T4,H2-K1_B2
Sumo2_T4<==>H2-K1_M5,Sumo2_T4,H2-K1_M5
Sumo2_T4<==>Xist_B0,Sumo2_T4,Xist_B0
Grb2_B1<==>Rps29_T1,Grb2_B1,Rps29_T1
Grb2_B1<==>Ywhaz_T2,Grb2_B1,Ywhaz_T2
Grb2_B1<==>Nrros_M3,Grb2_B1,Nrros_M3
Grb2_B1<==>Rpl35a_T4,Grb2_B1,Rpl35a_T4
Grb2_B1<==>Tmsb4x_T4,Grb2_B1,Tmsb4x_T4
Grb2_B3<==>Nedd8_B3,Grb2_B3,Nedd8_B3
Grb2_B3<==>Sub1_B3,Grb2_B3,Sub1_B3
Grb2_B3<==>Scaf11_B1,Grb2_B3,Scaf11_B1
Grb2_B3<==>Ighv1-61_B3,Grb2_B3,Ighv1-61_B3
H3f3b_B3<==>Rpl37_T2,H3f3b_B3,Rpl37_T2
H3f3b_B3<==>mt-Nd4l_B3,H3f3b_B3,mt-Nd4l_B3
H3f3b_M0<==>Calm1_B1,H3f3b_M0,Calm1_B1
H3f3b_M0<==>Rbx1_M4,H3f3b_M0,Rbx1_M4
H3f3b_M0<==>Elob_B1,H3f3b_M0,Elob_B1
H3f3b_M0<==>Rps2_B5,H3f3b_M0,Rps2_B5
H3f3b_M0<==>H2-DMb2_B1,H3f3b_M0,H2-DMb2_B1
H3f3b_M0<==>Ssr4_B1,H3f3b_M0,Ssr4_B1
H3f3b_M0<==>mt-Co3_B2,H3f3b_M0,mt-Co3_B2
H3f3b_M2<==>Cldnd1_T5,H3f3b_M2,Cldnd1_T5
H3f3b_T2<==>Rpl15_T5,H3f3b_T2,Rpl15_T5
H3f3b_T2<==>Selenop_M0,H3f3b_T2,Selenop_M0
H3f3b_T2<==>Rpl17_B2,H3f3b_T2,Rpl17_B2
H3f3b_T2<==>Fth1_M0,H3f3b_T2,Fth1_M0
H3f3b_T2<==>Ndufa1_M3,H3f3b_T2,Ndufa1_M3
H3f3b_T7<==>mt-Nd4_M3,H3f3b_T7,mt-Nd4_M3
H3f3b_T7<==>mt-Nd4_T4,H3f3b_T7,mt-Nd4_T4
Ubald2_M4<==>Malt1_M3,Ubald2_M4,Malt1_M3
Ubald2_T2<==>Fyb_T3,Ubald2_T2,Fyb_T3
Ubald2_T2<==>Glo1_T5,Ubald2_T2,Glo1_T5
Ubald2_T3<==>Malt1_M3,Ubald2_T3,Malt1_M3
Ubald2_T3<==>Pten_M0,Ubald2_T3,Pten_M0
BC018473_M2<==>Ighv5-6_B5,BC018473_M2,Ighv5-6_B5
BC018473_M2<==>Slc38a2_B3,BC018473_M2,Slc38a2_B3
BC018473_M2<==>H2-D1_O7,BC018473_M2,H2-D1_O7
BC018473_M2<==>H2-Q7_M5,BC018473_M2,H2-Q7_M5
BC018473_M7<==>Hif1a_T4,BC018473_M7,Hif1a_T4
BC018473_M7<==>Sub1_T5,BC018473_M7,Sub1_T5
BC018473_M7<==>Ly6a_M0,BC018473_M7,Ly6a_M0
BC018473_M7<==>Mbd2_T4,BC018473_M7,Mbd2_T4
BC018473_M7<==>mt-Co3_M3,BC018473_M7,mt-Co3_M3
BC018473_T0<==>Atp6v0c_M4,BC018473_T0,Atp6v0c_M4
BC018473_T0<==>Psmb9_M1,BC018473_T0,Psmb9_M1
BC018473_T0<==>Lst1_M1,BC018473_T0,Lst1_M1
BC018473_T0<==>H2-Q7_M1,BC018473_T0,H2-Q7_M1
BC018473_T4<==>Pabpn1_T5,BC018473_T4,Pabpn1_T5
BC018473_T4<==>H2-D1_T7,BC018473_T4,H2-D1_T7
BC018473_T4<==>Ms4a6c_M1,BC018473_T4,Ms4a6c_M1
Srsf2_B5<==>Ighg1_B2,Srsf2_B5,Ighg1_B2
Srsf2_B5<==>Uqcrb_B1,Srsf2_B5,Uqcrb_B1
Srsf2_B5<==>Mrpl52_B1,Srsf2_B5,Mrpl52_B1
Srsf2_B5<==>Ywhaz_B4,Srsf2_B5,Ywhaz_B4
Srsf2_B5<==>Vasn_O7,Srsf2_B5,Vasn_O7
Srsf2_B5<==>Srsf3_B2,Srsf2_B5,Srsf3_B2
Srsf2_B5<==>Got1_T2,Srsf2_B5,Got1_T2
Srsf2_B5<==>mt-Co2_B2,Srsf2_B5,mt-Co2_B2
Srsf2_M1<==>Ighm_B1,Srsf2_M1,Ighm_B1
Srsf2_M1<==>Rps2_T3,Srsf2_M1,Rps2_T3
Srsf2_M1<==>H2-K1_B2,Srsf2_M1,H2-K1_B2
Srsf2_M1<==>mt-Nd5_T4,Srsf2_M1,mt-Nd5_T4
Srsf2_O10<==>Sf3b6_M3,Srsf2_O10,Sf3b6_M3
Syngr2_M3<==>Cyth1_M3,Syngr2_M3,Cyth1_M3
Syngr2_M3<==>Igha_B5,Syngr2_M3,Igha_B5
Syngr2_M3<==>Appl1_M4,Syngr2_M3,Appl1_M4
Syngr2_M3<==>Fyb_M3,Syngr2_M3,Fyb_M3
Syngr2_M3<==>Il2rb_T5,Syngr2_M3,Il2rb_T5
Syngr2_M3<==>Iglv1_B0,Syngr2_M3,Iglv1_B0
Syngr2_M3<==>Dusp1_M3,Syngr2_M3,Dusp1_M3
Syngr2_M3<==>Zeb1_T2,Syngr2_M3,Zeb1_T2
Syngr2_M3<==>Lmnb1_B1,Syngr2_M3,Lmnb1_B1
Syngr2_M3<==>Ehd1_M3,Syngr2_M3,Ehd1_M3
Syngr2_M3<==>Avpi1_M4,Syngr2_M3,Avpi1_M4
Syngr2_M3<==>Mxi1_T5,Syngr2_M3,Mxi1_T5
Socs3_M0<==>Ets2_M5,Socs3_M0,Ets2_M5
Socs3_M3<==>Ighg2c_B7,Socs3_M3,Ighg2c_B7
Socs3_M3<==>Aif1_M5,Socs3_M3,Aif1_M5
Socs3_M5<==>Ighg1_B7,Socs3_M5,Ighg1_B7
Cyth1_B1<==>Igfbp6_O7,Cyth1_B1,Igfbp6_O7
Cyth1_B1<==>Pi16_O7,Cyth1_B1,Pi16_O7
Cyth1_B1<==>H2-Ab1_B1,Cyth1_B1,H2-Ab1_B1
Cyth1_B1<==>H2-Q7_T1,Cyth1_B1,H2-Q7_T1
Cyth1_B1<==>mt-Nd5_B2,Cyth1_B1,mt-Nd5_B2
Cyth1_M1<==>Igha_T4,Cyth1_M1,Igha_T4
Cyth1_M1<==>Selenok_T7,Cyth1_M1,Selenok_T7
Cyth1_M1<==>Atp6v0c_T4,Cyth1_M1,Atp6v0c_T4
Cyth1_M3<==>Sf3b6_B1,Cyth1_M3,Sf3b6_B1
Cyth1_M3<==>Calm1_T6,Cyth1_M3,Calm1_T6
Cyth1_M3<==>Serpinb9_M3,Cyth1_M3,Serpinb9_M3
Cyth1_M3<==>Appl1_M4,Cyth1_M3,Appl1_M4
Cyth1_M3<==>Rpl3_M3,Cyth1_M3,Rpl3_M3
Cyth1_M3<==>Tnrc6b_B3,Cyth1_M3,Tnrc6b_B3
Cyth1_M3<==>Iglv1_B0,Cyth1_M3,Iglv1_B0
Cyth1_M3<==>Srsf3_B5,Cyth1_M3,Srsf3_B5
Cyth1_M3<==>H2-Q7_M5,Cyth1_M3,H2-Q7_M5
Cyth1_M3<==>Zfp36l2_M3,Cyth1_M3,Zfp36l2_M3
Cyth1_M3<==>Ehd1_M3,Cyth1_M3,Ehd1_M3
Cyth1_M3<==>Slc15a3_M3,Cyth1_M3,Slc15a3_M3
Cyth1_M3<==>Ms4a6c_M3,Cyth1_M3,Ms4a6c_M3
Cyth1_M3<==>Entpd1_M1,Cyth1_M3,Entpd1_M1
Cyth1_M3<==>Got1_T2,Cyth1_M3,Got1_T2
Cyth1_M3<==>Mxi1_T5,Cyth1_M3,Mxi1_T5
Cyth1_M3<==>Dusp5_M1,Cyth1_M3,Dusp5_M1
Cyth1_M5<==>Baz1a_M5,Cyth1_M5,Baz1a_M5
Actg1_B0<==>Ighg1_B6_0,Actg1_B0,Ighg1_B6_0
Actg1_B0<==>Iglc3_B0,Actg1_B0,Iglc3_B0
Actg1_B0<==>Hsp90ab1_B2,Actg1_B0,Hsp90ab1_B2
Actg1_B0<==>Ptprcap_T5,Actg1_B0,Ptprcap_T5
Actg1_B0<==>Ostf1_M1,Actg1_B0,Ostf1_M1
Actg1_B3<==>Gpr183_T4,Actg1_B3,Gpr183_T4
Actg1_B3<==>Psmb8_T2,Actg1_B3,Psmb8_T2
Actg1_B4<==>Zfp36l2_B3,Actg1_B4,Zfp36l2_B3
Actg1_M0<==>Ighv2-6_B3,Actg1_M0,Ighv2-6_B3
Actg1_M0<==>Ciita_B4,Actg1_M0,Ciita_B4
Actg1_M0<==>Sod2_M0,Actg1_M0,Sod2_M0
Actg1_M0<==>Iglc4_B3,Actg1_M0,Iglc4_B3
Actg1_M3<==>Sh3bp1_M4,Actg1_M3,Sh3bp1_M4
Actg1_M5<==>Ighv14-1_B3,Actg1_M5,Ighv14-1_B3
Actg1_T1<==>Id2_T2,Actg1_T1,Id2_T2
Actg1_T1<==>Calm1_T1,Actg1_T1,Calm1_T1
Actg1_T1<==>Ighv8-5_B3,Actg1_T1,Ighv8-5_B3
Actg1_T1<==>Gch1_B5,Actg1_T1,Gch1_B5
Actg1_T1<==>Sub1_T1,Actg1_T1,Sub1_T1
Actg1_T4<==>Uqcrb_M3,Actg1_T4,Uqcrb_M3
Actg1_T4<==>Gpr183_M3,Actg1_T4,Gpr183_M3
Actg1_T4<==>Rpl8_B1,Actg1_T4,Rpl8_B1
Actg1_T6<==>Pdia6_T5,Actg1_T6,Pdia6_T5
Actg1_T6<==>Tmsb4x_B5,Actg1_T6,Tmsb4x_B5
P4hb_B3<==>Elf1_B3,P4hb_B3,Elf1_B3
P4hb_B3<==>Smdt1_B3,P4hb_B3,Smdt1_B3
P4hb_B3<==>Mpc1_B3,P4hb_B3,Mpc1_B3
P4hb_B3<==>Clic1_B3,P4hb_B3,Clic1_B3
P4hb_B3<==>Satb1_B0,P4hb_B3,Satb1_B0
P4hb_M0<==>Sub1_T5,P4hb_M0,Sub1_T5
P4hb_M0<==>Ppt2_M0,P4hb_M0,Ppt2_M0
P4hb_M1<==>Pak2_B1,P4hb_M1,Pak2_B1
P4hb_M1<==>Myl12b_T5,P4hb_M1,Myl12b_T5
P4hb_M1<==>mt-Nd5_T4,P4hb_M1,mt-Nd5_T4
P4hb_M3<==>Igha_B0,P4hb_M3,Igha_B0
P4hb_M3<==>Ighv1-77_B3,P4hb_M3,Ighv1-77_B3
Arhgdia_M0<==>BC005537_M3,Arhgdia_M0,BC005537_M3
Arhgdia_M0<==>Gng2_M4,Arhgdia_M0,Gng2_M4
Arhgdia_M0<==>Cox8a_B2,Arhgdia_M0,Cox8a_B2
Cd7_M7<==>Adgrf5_O10,Cd7_M7,Adgrf5_O10
Cd7_M7<==>mt-Nd5_M3,Cd7_M7,mt-Nd5_M3
Metrnl_O7<==>Smdt1_T4,Metrnl_O7,Smdt1_T4
Sf3b6_B1<==>Calm1_B1,Sf3b6_B1,Calm1_B1
Sf3b6_B1<==>Ighg2b_B0,Sf3b6_B1,Ighg2b_B0
Sf3b6_B1<==>Hnrnpa0_B4,Sf3b6_B1,Hnrnpa0_B4
Sf3b6_B1<==>Dgat1_T5,Sf3b6_B1,Dgat1_T5
Sf3b6_B1<==>Csf2rb_M5,Sf3b6_B1,Csf2rb_M5
Sf3b6_B1<==>Slc38a2_B3,Sf3b6_B1,Slc38a2_B3
Sf3b6_B1<==>Elob_B1,Sf3b6_B1,Elob_B1
Sf3b6_B1<==>mt-Co3_B2,Sf3b6_B1,mt-Co3_B2
Sf3b6_M3<==>H2-K1_M2,Sf3b6_M3,H2-K1_M2
Sdc1_B3<==>Aif1_M5,Sdc1_B3,Aif1_M5
Laptm4a_M0<==>Rbm25_M0,Laptm4a_M0,Rbm25_M0
Laptm4a_M0<==>Ighv1-50_B3,Laptm4a_M0,Ighv1-50_B3
Laptm4a_M0<==>Rps24_M5,Laptm4a_M0,Rps24_M5
Laptm4a_M0<==>Cd47_M7,Laptm4a_M0,Cd47_M7
Laptm4a_M0<==>Csf1r_M0,Laptm4a_M0,Csf1r_M0
Laptm4a_M5<==>Ehd1_M4,Laptm4a_M5,Ehd1_M4
Laptm4a_M5<==>Ms4a6c_M3,Laptm4a_M5,Ms4a6c_M3
Smc6_B4<==>Igkv17-127_B5,Smc6_B4,Igkv17-127_B5
Smc6_M7<==>Calm1_B2,Smc6_M7,Calm1_B2
Smc6_M7<==>Serpinb6b_M3,Smc6_M7,Serpinb6b_M3
Smc6_M7<==>Serpinb9_M3,Smc6_M7,Serpinb9_M3
Smc6_M7<==>Trac_T2,Smc6_M7,Trac_T2
Smc6_M7<==>Eif3h_M3,Smc6_M7,Eif3h_M3
Smc6_M7<==>Eef1d_M3,Smc6_M7,Eef1d_M3
Smc6_M7<==>Dusp1_M3,Smc6_M7,Dusp1_M3
Smc6_M7<==>Srsf3_B5,Smc6_M7,Srsf3_B5
Smc6_M7<==>Zfp36l2_M3,Smc6_M7,Zfp36l2_M3
Smc6_M7<==>Ehd1_M3,Smc6_M7,Ehd1_M3
Pdia6_B3<==>Dnajb9_B3,Pdia6_B3,Dnajb9_B3
Pdia6_B3<==>Dad1_B3,Pdia6_B3,Dad1_B3
Pdia6_B3<==>Tspo_B3,Pdia6_B3,Tspo_B3
Pdia6_B3<==>H2-Aa_O10,Pdia6_B3,H2-Aa_O10
Pdia6_B3<==>Igkv17-121_B3,Pdia6_B3,Igkv17-121_B3
Pdia6_M0<==>Rpl8_M4,Pdia6_M0,Rpl8_M4
Pdia6_M0<==>Rpl3_T5,Pdia6_M0,Rpl3_T5
Pdia6_M0<==>Cox17_M0,Pdia6_M0,Cox17_M0
Pdia6_M0<==>C3_O7,Pdia6_M0,C3_O7
Pdia6_M0<==>Rps4x_T5,Pdia6_M0,Rps4x_T5
Pdia6_M3<==>Atp5j_M3,Pdia6_M3,Atp5j_M3
Pdia6_M3<==>Ndufb11_B1,Pdia6_M3,Ndufb11_B1
Pdia6_O7<==>Col14a1_O7,Pdia6_O7,Col14a1_O7
Pdia6_O7<==>Rpl3_T5,Pdia6_O7,Rpl3_T5
Pdia6_O7<==>Igfbp6_O7,Pdia6_O7,Igfbp6_O7
Pdia6_O7<==>Rps10_T1,Pdia6_O7,Rps10_T1
Pdia6_O7<==>Pi16_O7,Pdia6_O7,Pi16_O7
Pdia6_O7<==>Rpl17_T0,Pdia6_O7,Rpl17_T0
Pdia6_O7<==>Rpl17_T1,Pdia6_O7,Rpl17_T1
Pdia6_O7<==>Rpl17_T5,Pdia6_O7,Rpl17_T5
Pdia6_O7<==>mt-Nd5_M0,Pdia6_O7,mt-Nd5_M0
Odc1_B1<==>Atf4_O7,Odc1_B1,Atf4_O7
Odc1_B1<==>Igfbp6_O7,Odc1_B1,Igfbp6_O7
Odc1_B3<==>Ninj1_M3,Odc1_B3,Ninj1_M3
Odc1_B3<==>Emb_M5,Odc1_B3,Emb_M5
Odc1_B3<==>Rps24_M3,Odc1_B3,Rps24_M3
Odc1_B3<==>Ly6c2_B3,Odc1_B3,Ly6c2_B3
Odc1_B3<==>Rps18_M3,Odc1_B3,Rps18_M3
Odc1_B3<==>Dusp5_M5,Odc1_B3,Dusp5_M5
Odc1_B3<==>Tmsb4x_M5,Odc1_B3,Tmsb4x_M5
Odc1_M4<==>Calm2_T1,Odc1_M4,Calm2_T1
Odc1_M4<==>Erlin1_M4,Odc1_M4,Erlin1_M4
Odc1_T7<==>Fas_B4,Odc1_T7,Fas_B4
Asap2_M4<==>Card19_M1,Asap2_M4,Card19_M1
Adam17_M1<==>Gm42418_T4,Adam17_M1,Gm42418_T4
Rrm2_T5<==>Rpl17_T4,Rrm2_T5,Rpl17_T4
Id2_M3<==>Ywhaz_B3,Id2_M3,Ywhaz_B3
Id2_M3<==>Rpl8_M3,Id2_M3,Rpl8_M3
Id2_M3<==>Rpl10a_M3,Id2_M3,Rpl10a_M3
Id2_T2<==>Atp5a1_M4,Id2_T2,Atp5a1_M4
Rps7_B1<==>Rps29_T1,Rps7_B1,Rps29_T1
Rps7_B1<==>Rps29_T2,Rps7_B1,Rps29_T2
Rps7_B1<==>Lgmn_M1,Rps7_B1,Lgmn_M1
Rps7_B1<==>Rpl37_T2,Rps7_B1,Rpl37_T2
Rps7_B1<==>Rpl17_B5,Rps7_B1,Rpl17_B5
Rps7_B1<==>Fau_T2,Rps7_B1,Fau_T2
Rps7_B1<==>Rpl39_B2,Rps7_B1,Rpl39_B2
Rps7_B1<==>Rpl36a_T5,Rps7_B1,Rpl36a_T5
Rps7_B1<==>mt-Co2_B3,Rps7_B1,mt-Co2_B3
Rps7_B3<==>Tpt1_B3,Rps7_B3,Tpt1_B3
Rps7_B3<==>Rpl3_B3,Rps7_B3,Rpl3_B3
Rps7_B3<==>Ifnar2_M3,Rps7_B3,Ifnar2_M3
Rps7_B3<==>Rps14_B3,Rps7_B3,Rps14_B3
Rps7_M3<==>Rps23_M3,Rps7_M3,Rps23_M3
Rps7_M3<==>Rpl15_M3,Rps7_M3,Rpl15_M3
Rps7_M3<==>Ywhaz_B2,Rps7_M3,Ywhaz_B2
Rps7_M3<==>Rpl8_M3,Rps7_M3,Rpl8_M3
Rps7_M3<==>Rpl36_T5,Rps7_M3,Rpl36_T5
Rps7_M3<==>Ndufa2_T3,Rps7_M3,Ndufa2_T3
Rps7_M3<==>Rpl17_M3,Rps7_M3,Rpl17_M3
Rps7_M3<==>Rpl10_M3,Rps7_M3,Rpl10_M3
Rps7_M3<==>Rps4x_M3,Rps7_M3,Rps4x_M3
Rps7_T1<==>Rps10_T1,Rps7_T1,Rps10_T1
Rps7_T2<==>Rps24_T2,Rps7_T2,Rps24_T2
Rps7_T2<==>Rps14_T2,Rps7_T2,Rps14_T2
Rps7_T3<==>Rps18_T3,Rps7_T3,Rps18_T3
Rps7_T5<==>Rpl3_T5,Rps7_T5,Rpl3_T5
Rps7_T5<==>Rps14_T5,Rps7_T5,Rps14_T5
Nampt_M5<==>Ly6a_M5,Nampt_M5,Ly6a_M5
Nampt_M5<==>Ly6a_T5,Nampt_M5,Ly6a_T5
Nampt_M5<==>Atp5g2_B2,Nampt_M5,Atp5g2_B2
Nampt_M5<==>H2-K1_M5,Nampt_M5,H2-K1_M5
Nampt_M5<==>Tomm6_M0,Nampt_M5,Tomm6_M0
Sypl_B4<==>Rpl35a_B3,Sypl_B4,Rpl35a_B3
Ahr_M5<==>Fau_B4,Ahr_M5,Fau_B4
Ahr_M5<==>Zfand5_M5,Ahr_M5,Zfand5_M5
Tspan13_B3<==>Trac_T2,Tspan13_B3,Trac_T2
Tspan13_M1<==>Glo1_T5,Tspan13_M1,Glo1_T5
Ifrd1_B3<==>Eif5_T3,Ifrd1_B3,Eif5_T3
Ifrd1_B3<==>Sub1_B2,Ifrd1_B3,Sub1_B2
Ifrd1_B3<==>Basp1_B3,Ifrd1_B3,Basp1_B3
Ifrd1_B3<==>Azin1_B3,Ifrd1_B3,Azin1_B3
Ifrd1_M2<==>Ctsb_M5,Ifrd1_M2,Ctsb_M5
Ifrd1_M2<==>Cd14_M2,Ifrd1_M2,Cd14_M2
Ifrd1_O10<==>Nfkbia_O10,Ifrd1_O10,Nfkbia_O10
Ifrd1_O10<==>Eif5_O10,Ifrd1_O10,Eif5_O10
Ifrd1_O10<==>Map3k1_M5,Ifrd1_O10,Map3k1_M5
Ifrd1_O10<==>Rpl3_M3,Ifrd1_O10,Rpl3_M3
Ifrd1_O10<==>Atp5g2_M3,Ifrd1_O10,Atp5g2_M3
Dnajb9_B3<==>Nedd8_B3,Dnajb9_B3,Nedd8_B3
Dnajb9_B3<==>Tspo_B3,Dnajb9_B3,Tspo_B3
Arhgap5_M4<==>Emilin2_M3,Arhgap5_M4,Emilin2_M3
Arhgap5_M4<==>Crem_M3,Arhgap5_M4,Crem_M3
Arhgap5_M4<==>Ndufa1_B3,Arhgap5_M4,Ndufa1_B3
Arhgap5_M4<==>P2ry10_T4,Arhgap5_M4,P2ry10_T4
Baz1a_M5<==>Cd47_T1,Baz1a_M5,Cd47_T1
Nfkbia_B3<==>Ago2_M3,Nfkbia_B3,Ago2_M3
Nfkbia_B3<==>Zfp36l2_T5,Nfkbia_B3,Zfp36l2_T5
Nfkbia_B3<==>Mpeg1_M4,Nfkbia_B3,Mpeg1_M4
Nfkbia_M0<==>H2-K1_M1,Nfkbia_M0,H2-K1_M1
Nfkbia_M0<==>H2-T23_T5,Nfkbia_M0,H2-T23_T5
Nfkbia_M4<==>Klf6_O10,Nfkbia_M4,Klf6_O10
Nfkbia_M4<==>Appl1_M3,Nfkbia_M4,Appl1_M3
Nfkbia_M4<==>Timm23_M3,Nfkbia_M4,Timm23_M3
Nfkbia_M4<==>Timm23_T4,Nfkbia_M4,Timm23_T4
Nfkbia_M4<==>Satb1_T3,Nfkbia_M4,Satb1_T3
Nfkbia_M4<==>Cebpz_B1,Nfkbia_M4,Cebpz_B1
Nfkbia_O10<==>Eif5_O10,Nfkbia_O10,Eif5_O10
Nfkbia_O10<==>Serpinb9_M3,Nfkbia_O10,Serpinb9_M3
Nfkbia_O10<==>Emb_M5,Nfkbia_O10,Emb_M5
Nfkbia_O10<==>Lcp1_T3,Nfkbia_O10,Lcp1_T3
Nfkbia_O10<==>Eif3h_M3,Nfkbia_O10,Eif3h_M3
Nfkbia_O10<==>Ly6e_M1,Nfkbia_O10,Ly6e_M1
Nfkbia_O10<==>Dusp1_M3,Nfkbia_O10,Dusp1_M3
Nfkbia_O10<==>H2-D1_M2,Nfkbia_O10,H2-D1_M2
Nfkbia_O10<==>Crem_T3,Nfkbia_O10,Crem_T3
Nfkbia_O10<==>Ndfip1_T4,Nfkbia_O10,Ndfip1_T4
Nfkbia_T1<==>Eif4b_M1,Nfkbia_T1,Eif4b_M1
Nfkbia_T1<==>Cox8a_M0,Nfkbia_T1,Cox8a_M0
Nfkbia_T1<==>Sat1_M3,Nfkbia_T1,Sat1_M3
Nfkbia_T2<==>Ywhaz_B3,Nfkbia_T2,Ywhaz_B3
Nfkbia_T2<==>Nars_B3,Nfkbia_T2,Nars_B3
Nfkbia_T4<==>Pabpc1_M3,Nfkbia_T4,Pabpc1_M3
Nfkbia_T4<==>Csf2rb_M4,Nfkbia_T4,Csf2rb_M4
Nfkbia_T4<==>Iglv1_B2,Nfkbia_T4,Iglv1_B2
Nfkbia_T4<==>Srsf3_T4,Nfkbia_T4,Srsf3_T4
Nfkbia_T4<==>Psmb9_M3,Nfkbia_T4,Psmb9_M3
Nfkbia_T4<==>Gpsm3_M4,Nfkbia_T4,Gpsm3_M4
Nfkbia_T4<==>Tnfaip8_M4,Nfkbia_T4,Tnfaip8_M4
Nfkbia_T4<==>Ms4a6b_T0,Nfkbia_T4,Ms4a6b_T0
Nfkbia_T4<==>mt-Nd4_B3,Nfkbia_T4,mt-Nd4_B3
Fkbp3_B4<==>Dad1_B5,Fkbp3_B4,Dad1_B5
Fkbp3_B4<==>Mpc1_B5,Fkbp3_B4,Mpc1_B5
Fkbp3_B4<==>H2-K1_B1,Fkbp3_B4,H2-K1_B1
Fkbp3_T5<==>Ndufa6_M3,Fkbp3_T5,Ndufa6_M3
Rps29_M2<==>Ighv5-9_B7,Rps29_M2,Ighv5-9_B7
Rps29_M2<==>Rpl39_B2,Rps29_M2,Rpl39_B2
Rps29_M2<==>Ighv1-81_B3,Rps29_M2,Ighv1-81_B3
Rps29_T1<==>Rps29_T2,Rps29_T1,Rps29_T2
Rps29_T1<==>Rps29_T6_2,Rps29_T1,Rps29_T6_2
Rps29_T1<==>Ndufb1-ps_M3,Rps29_T1,Ndufb1-ps_M3
Rps29_T1<==>Ndufb1-ps_T2,Rps29_T1,Ndufb1-ps_T2
Rps29_T1<==>Atp5mpl_T3,Rps29_T1,Atp5mpl_T3
Rps29_T1<==>Ighg2c_B2,Rps29_T1,Ighg2c_B2
Rps29_T1<==>Cox7c_B5,Rps29_T1,Cox7c_B5
Rps29_T1<==>Rpl37_T1,Rps29_T1,Rpl37_T1
Rps29_T1<==>Rpl37_T2,Rps29_T1,Rpl37_T2
Rps29_T1<==>Iglc1_B3,Rps29_T1,Iglc1_B3
Rps29_T1<==>Rpl35a_T4,Rps29_T1,Rpl35a_T4
Rps29_T1<==>Rps28_M3,Rps29_T1,Rps28_M3
Rps29_T1<==>Rps28_T1,Rps29_T1,Rps28_T1
Rps29_T1<==>Rps28_T2,Rps29_T1,Rps28_T2
Rps29_T1<==>Rpl36_T5,Rps29_T1,Rpl36_T5
Rps29_T1<==>Calm2_T2,Rps29_T1,Calm2_T2
Rps29_T1<==>Fau_T2,Rps29_T1,Fau_T2
Rps29_T1<==>Fth1_B1,Rps29_T1,Fth1_B1
Rps29_T1<==>Ms4a7_M1,Rps29_T1,Ms4a7_M1
Rps29_T1<==>Rpl39_B1,Rps29_T1,Rpl39_B1
Rps29_T1<==>Rpl39_B2,Rps29_T1,Rpl39_B2
Rps29_T1<==>P2ry10_M4,Rps29_T1,P2ry10_M4
Rps29_T1<==>Rpl36a_T5,Rps29_T1,Rpl36a_T5
Rps29_T1<==>mt-Co2_B3,Rps29_T1,mt-Co2_B3
Rps29_T1<==>mt-Co2_T6,Rps29_T1,mt-Co2_T6
Rps29_T1<==>mt-Atp6_B5,Rps29_T1,mt-Atp6_B5
Rps29_T1<==>mt-Atp6_T2,Rps29_T1,mt-Atp6_T2
Rps29_T1<==>mt-Atp6_T4,Rps29_T1,mt-Atp6_T4
Rps29_T1<==>mt-Cytb_T2,Rps29_T1,mt-Cytb_T2
Rps29_T2<==>Rps29_T6_2,Rps29_T2,Rps29_T6_2
Rps29_T2<==>Ndufb1-ps_M3,Rps29_T2,Ndufb1-ps_M3
Rps29_T2<==>Ndufb1-ps_T2,Rps29_T2,Ndufb1-ps_T2
Rps29_T2<==>Ighg2c_B2,Rps29_T2,Ighg2c_B2
Rps29_T2<==>Hist1h2ap_T5,Rps29_T2,Hist1h2ap_T5
Rps29_T2<==>Mef2c_B1,Rps29_T2,Mef2c_B1
Rps29_T2<==>Rpl37_T1,Rps29_T2,Rpl37_T1
Rps29_T2<==>Rpl37_T2,Rps29_T2,Rpl37_T2
Rps29_T2<==>Rpl37_T5,Rps29_T2,Rpl37_T5
Rps29_T2<==>Ywhaz_T5,Rps29_T2,Ywhaz_T5
Rps29_T2<==>Ly6e_M0,Rps29_T2,Ly6e_M0
Rps29_T2<==>Rps28_M3,Rps29_T2,Rps28_M3
Rps29_T2<==>Rps28_T1,Rps29_T2,Rps28_T1
Rps29_T2<==>Rps28_T2,Rps29_T2,Rps28_T2
Rps29_T2<==>Rpl36_T5,Rps29_T2,Rpl36_T5
Rps29_T2<==>Rpl17_B5,Rps29_T2,Rpl17_B5
Rps29_T2<==>Malat1_T3,Rps29_T2,Malat1_T3
Rps29_T2<==>Fau_T2,Rps29_T2,Fau_T2
Rps29_T2<==>Fth1_B1,Rps29_T2,Fth1_B1
Rps29_T2<==>Ms4a7_M1,Rps29_T2,Ms4a7_M1
Rps29_T2<==>Atp5md_T2,Rps29_T2,Atp5md_T2
Rps29_T2<==>Rpl39_B1,Rps29_T2,Rpl39_B1
Rps29_T2<==>Rpl39_B2,Rps29_T2,Rpl39_B2
Rps29_T2<==>Rpl39_B5,Rps29_T2,Rpl39_B5
Rps29_T2<==>Rpl39_T2,Rps29_T2,Rpl39_T2
Rps29_T2<==>Rpl36a_T5,Rps29_T2,Rpl36a_T5
Rps29_T2<==>mt-Co2_B3,Rps29_T2,mt-Co2_B3
Rps29_T2<==>mt-Co2_T2,Rps29_T2,mt-Co2_T2
Rps29_T2<==>mt-Atp8_B1,Rps29_T2,mt-Atp8_B1
Rps29_T2<==>mt-Atp6_T2,Rps29_T2,mt-Atp6_T2
Rps29_T2<==>mt-Atp6_T5,Rps29_T2,mt-Atp6_T5
Rps29_T2<==>mt-Cytb_T2,Rps29_T2,mt-Cytb_T2
Rps29_T6_2<==>Ndufb1-ps_T2,Rps29_T6_2,Ndufb1-ps_T2
Rps29_T6_2<==>Mef2c_B1,Rps29_T6_2,Mef2c_B1
Rps29_T6_2<==>Rcbtb2_M1,Rps29_T6_2,Rcbtb2_M1
Rps29_T6_2<==>Rpl37_T1,Rps29_T6_2,Rpl37_T1
Rps29_T6_2<==>Rpl37_T2,Rps29_T6_2,Rpl37_T2
Rps29_T6_2<==>Rps28_M3,Rps29_T6_2,Rps28_M3
Rps29_T6_2<==>Rps28_T1,Rps29_T6_2,Rps28_T1
Rps29_T6_2<==>Rps28_T2,Rps29_T6_2,Rps28_T2
Rps29_T6_2<==>Rpl36_M3,Rps29_T6_2,Rpl36_M3
Rps29_T6_2<==>Fau_T2,Rps29_T6_2,Fau_T2
Rps29_T6_2<==>Atp5md_B1,Rps29_T6_2,Atp5md_B1
Rps29_T6_2<==>Atp5md_T1,Rps29_T6_2,Atp5md_T1
Rps29_T6_2<==>Atp5md_T2,Rps29_T6_2,Atp5md_T2
Rps29_T6_2<==>Rpl39_B1,Rps29_T6_2,Rpl39_B1
Rps29_T6_2<==>Rpl36a_T5,Rps29_T6_2,Rpl36a_T5
Rps29_T6_2<==>mt-Co2_T2,Rps29_T6_2,mt-Co2_T2
Rps29_T6_2<==>mt-Co3_T5,Rps29_T6_2,mt-Co3_T5
Rps29_T7<==>Rpl37_T2,Rps29_T7,Rpl37_T2
Rps29_T7<==>Rpl17_B5,Rps29_T7,Rpl17_B5
Rps29_T7<==>Rpl39_B2,Rps29_T7,Rpl39_B2
Rps29_T7<==>Ssr4_M1,Rps29_T7,Ssr4_M1
Rps29_T7<==>mt-Co2_B0,Rps29_T7,mt-Co2_B0
Rpl36al_B4<==>Iglc1_B0,Rpl36al_B4,Iglc1_B0
Rpl36al_B4<==>Prdx4_B3,Rpl36al_B4,Prdx4_B3
Rpl36al_M3<==>Il7r_T4,Rpl36al_M3,Il7r_T4
Rpl36al_M3<==>Slc25a5_M4,Rpl36al_M3,Slc25a5_M4
Rpl36al_M4<==>Myh9_T3,Rpl36al_M4,Myh9_T3
Rpl36al_T1<==>Stk24_T5,Rpl36al_T1,Stk24_T5
Psma3_M0<==>Psme2_M3,Psma3_M0,Psme2_M3
Psma3_M0<==>Psmb9_M3,Psma3_M0,Psmb9_M3
Psma3_M0<==>Psmb8_M3,Psma3_M0,Psmb8_M3
Psma3_M0<==>Ostf1_M0,Psma3_M0,Ostf1_M0
Psma3_M0<==>Rpl10_B5,Psma3_M0,Rpl10_B5
Psma3_M3<==>Cd74_M3,Psma3_M3,Cd74_M3
Psma3_T5<==>Ighm_B3,Psma3_T5,Ighm_B3
Arid4a_M4<==>Rpl24_B1,Arid4a_M4,Rpl24_B1
Arid4a_M4<==>Pim1_T3,Arid4a_M4,Pim1_T3
Hif1a_B4<==>Ndufb1-ps_T3,Hif1a_B4,Ndufb1-ps_T3
Hif1a_B4<==>Cct5_M1,Hif1a_B4,Cct5_M1
Hif1a_B4<==>Rps28_M3,Hif1a_B4,Rps28_M3
Hif1a_B4<==>Rps28_T1,Hif1a_B4,Rps28_T1
Hif1a_B4<==>H2-Ab1_M5,Hif1a_B4,H2-Ab1_M5
Hif1a_B4<==>Atp5md_B1,Hif1a_B4,Atp5md_B1
Hif1a_M0<==>Etf1_M0,Hif1a_M0,Etf1_M0
Hif1a_M0<==>Cd14_M0,Hif1a_M0,Cd14_M0
Hif1a_M5<==>Ighv1-39_B2,Hif1a_M5,Ighv1-39_B2
Hif1a_M5<==>Rps2_M5,Hif1a_M5,Rps2_M5
Hif1a_T0<==>Ywhaz_M5,Hif1a_T0,Ywhaz_M5
Hif1a_T0<==>Cox17_M0,Hif1a_T0,Cox17_M0
Hif1a_T0<==>Gm42418_T6,Hif1a_T0,Gm42418_T6
Hif1a_T0<==>Satb1_T0,Hif1a_T0,Satb1_T0
Hif1a_T0<==>Atp5md_B5,Hif1a_T0,Atp5md_B5
Hif1a_T0<==>Pdcd4_T3,Hif1a_T0,Pdcd4_T3
Hif1a_T1<==>Basp1_B3,Hif1a_T1,Basp1_B3
Hif1a_T1<==>Rps2_T6,Hif1a_T1,Rps2_T6
Hif1a_T1<==>Zeb1_T2,Hif1a_T1,Zeb1_T2
Hif1a_T2<==>Basp1_M5,Hif1a_T2,Basp1_M5
Hif1a_T4<==>Lgals3_T4,Hif1a_T4,Lgals3_T4
Hif1a_T4<==>Itm2b_T4,Hif1a_T4,Itm2b_T4
Hif1a_T4<==>Tuba1b_M5,Hif1a_T4,Tuba1b_M5
Hif1a_T4<==>Eif4b_M3,Hif1a_T4,Eif4b_M3
Hif1a_T4<==>Cd47_T4,Hif1a_T4,Cd47_T4
Hif1a_T4<==>App_M0,Hif1a_T4,App_M0
Hif1a_T4<==>App_M5,Hif1a_T4,App_M5
Hif1a_T4<==>Sod1_M3,Hif1a_T4,Sod1_M3
Hif1a_T4<==>H2-Q6_M5,Hif1a_T4,H2-Q6_M5
Hif1a_T4<==>H2-Q7_M7,Hif1a_T4,H2-Q7_M7
Hif1a_T4<==>Ndfip1_T4,Hif1a_T4,Ndfip1_T4
Hif1a_T4<==>Cfl1_T7,Hif1a_T4,Cfl1_T7
Hif1a_T5<==>Eif5_B1,Hif1a_T5,Eif5_B1
Hif1a_T5<==>Ywhaz_T1,Hif1a_T5,Ywhaz_T1
Hif1a_T5<==>Eif3h_M0,Hif1a_T5,Eif3h_M0
Hif1a_T5<==>H2-Ab1_B0,Hif1a_T5,H2-Ab1_B0
Hif1a_T5<==>H2-D1_B5,Hif1a_T5,H2-D1_B5
Hif1a_T5<==>Rpl17_B2,Hif1a_T5,Rpl17_B2
Hif1a_T5<==>Rpl17_T2,Hif1a_T5,Rpl17_T2
Hif1a_T5<==>Rps4x_T2,Hif1a_T5,Rps4x_T2
Hif1a_T5<==>mt-Nd3_M3,Hif1a_T5,mt-Nd3_M3
Hif1a_T5<==>Iglc4_B3,Hif1a_T5,Iglc4_B3
Zbtb1_M5<==>Ago2_M3,Zbtb1_M5,Ago2_M3
Zbtb1_M5<==>Fem1c_M3,Zbtb1_M5,Fem1c_M3
Churc1_M4<==>Serpina3n_O4,Churc1_M4,Serpina3n_O4
Churc1_M4<==>Hist1h2bc_B3,Churc1_M4,Hist1h2bc_B3
Atp6v1d_M3<==>Eef1d_M0,Atp6v1d_M3,Eef1d_M0
Tmem229b_M7<==>Ahnak_M1,Tmem229b_M7,Ahnak_M1
Zfp36l1_B2<==>Trac_T1,Zfp36l1_B2,Trac_T1
Zfp36l1_B2<==>Tspo_T4,Zfp36l1_B2,Tspo_T4
Zfp36l1_B5<==>Ighd_B7,Zfp36l1_B5,Ighd_B7
Zfp36l1_B5<==>Cfl1_M4,Zfp36l1_B5,Cfl1_M4
Zfp36l1_M4<==>Iglv3_B6_0,Zfp36l1_M4,Iglv3_B6_0
Zfp36l1_T1<==>Igha_M0,Zfp36l1_T1,Igha_M0
Zfp36l1_T1<==>BC005537_M0,Zfp36l1_T1,BC005537_M0
Zfp36l1_T1<==>Cox8a_M0,Zfp36l1_T1,Cox8a_M0
Zfp36l1_T1<==>Rpl10_T4,Zfp36l1_T1,Rpl10_T4
Zfp36l1_T1<==>mt-Co3_B3,Zfp36l1_T1,mt-Co3_B3
Zfp36l1_T2<==>Calm1_B2,Zfp36l1_T2,Calm1_B2
Zfp36l1_T2<==>Atp5g2_M3,Zfp36l1_T2,Atp5g2_M3
Zfp36l1_T2<==>Crem_B6_0,Zfp36l1_T2,Crem_B6_0
Actn1_M3<==>H2-DMb2_B1,Actn1_M3,H2-DMb2_B1
Actn1_M3<==>Rps4x_M3,Actn1_M3,Rps4x_M3
Actn1_M4<==>Rpl30_T4,Actn1_M4,Rpl30_T4
Erh_B4<==>Ly6a_B1,Erh_B4,Ly6a_B1
Erh_B4<==>Atp6v0c_B1,Erh_B4,Atp6v0c_B1
Erh_T5<==>Myl12b_T3,Erh_T5,Myl12b_T3
Srsf5_M3<==>Hsp90ab1_M0,Srsf5_M3,Hsp90ab1_M0
Srsf5_M3<==>Csf1r_M1,Srsf5_M3,Csf1r_M1
Rbm25_B1<==>Ighv5-6_B3,Rbm25_B1,Ighv5-6_B3
Rbm25_B1<==>Ighv2-9-1_B3,Rbm25_B1,Ighv2-9-1_B3
Rbm25_M0<==>Eif5_M1,Rbm25_M0,Eif5_M1
Rbm25_M0<==>Atp5g2_T2,Rbm25_M0,Atp5g2_T2
Rbm25_M0<==>mt-Nd1_M0,Rbm25_M0,mt-Nd1_M0
Rbm25_M3<==>Atf4_B3,Rbm25_M3,Atf4_B3
Npc2_B3<==>Selenok_B3,Npc2_B3,Selenok_B3
Npc2_B3<==>Tomm6_T4,Npc2_B3,Tomm6_T4
Npc2_B3<==>Ndufs8_B3,Npc2_B3,Ndufs8_B3
Npc2_M0<==>Rps23_T5,Npc2_M0,Rps23_T5
Npc2_M0<==>Tob2_B5,Npc2_M0,Tob2_B5
Npc2_M0<==>Ccdc50_M3,Npc2_M0,Ccdc50_M3
Npc2_M3<==>AY036118_B1,Npc2_M3,AY036118_B1
Npc2_M3<==>Ehd1_M2,Npc2_M3,Ehd1_M2
Npc2_M3<==>Cox8a_M5,Npc2_M3,Cox8a_M5
Npc2_M3<==>Myof_M0,Npc2_M3,Myof_M0
Npc2_M5<==>Dazap2_M0,Npc2_M5,Dazap2_M0
Npc2_M5<==>Tapbp_M0,Npc2_M5,Tapbp_M0
Npc2_M5<==>H2-DMa_M5,Npc2_M5,H2-DMa_M5
Npc2_M5<==>AY036118_B1,Npc2_M5,AY036118_B1
Npc2_M5<==>Pgam1_M5,Npc2_M5,Pgam1_M5
Tmed10_M0<==>Ighv9-4_B3,Tmed10_M0,Ighv9-4_B3
Tmed10_M0<==>Eif3h_T4,Tmed10_M0,Eif3h_T4
Tmed10_M0<==>Trib1_M4,Tmed10_M0,Trib1_M4
Tmed10_M0<==>Pak2_T1,Tmed10_M0,Pak2_T1
Fos_M1<==>Gm42418_T2,Fos_M1,Gm42418_T2
Erg28_T5<==>Ighv9-3_B0,Erg28_T5,Ighv9-3_B0
Sel1l_B3<==>Psmb1_M3,Sel1l_B3,Psmb1_M3
Foxn3_M4<==>Lgals3_M7,Foxn3_M4,Lgals3_M7
Foxn3_M4<==>Crem_T2,Foxn3_M4,Crem_T2
Calm1_B0<==>Emilin2_M1,Calm1_B0,Emilin2_M1
Calm1_B1<==>Ighm_B1,Calm1_B1,Ighm_B1
Calm1_B1<==>Tmem14c_M3,Calm1_B1,Tmem14c_M3
Calm1_B1<==>Smdt1_M4,Calm1_B1,Smdt1_M4
Calm1_B1<==>Rpl24_M3,Calm1_B1,Rpl24_M3
Calm1_B1<==>Elob_B1,Calm1_B1,Elob_B1
Calm1_B1<==>Srsf3_B2,Calm1_B1,Srsf3_B2
Calm1_B1<==>H2-K1_B2,Calm1_B1,H2-K1_B2
Calm1_B1<==>H2-DMb2_B1,Calm1_B1,H2-DMb2_B1
Calm1_B1<==>Vapa_M0,Calm1_B1,Vapa_M0
Calm1_B1<==>Crem_B5,Calm1_B1,Crem_B5
Calm1_B1<==>mt-Co2_B2,Calm1_B1,mt-Co2_B2
Calm1_B1<==>mt-Co3_B2,Calm1_B1,mt-Co3_B2
Calm1_B2<==>Calm1_B5,Calm1_B2,Calm1_B5
Calm1_B2<==>Eif5_O10,Calm1_B2,Eif5_O10
Calm1_B2<==>Serpinb9_M3,Calm1_B2,Serpinb9_M3
Calm1_B2<==>Cd83_B1,Calm1_B2,Cd83_B1
Calm1_B2<==>Appl1_M3,Calm1_B2,Appl1_M3
Calm1_B2<==>Appl1_M4,Calm1_B2,Appl1_M4
Calm1_B2<==>Timm23_T4,Calm1_B2,Timm23_T4
Calm1_B2<==>Rap2a_M3,Calm1_B2,Rap2a_M3
Calm1_B2<==>Ywhaz_M3,Calm1_B2,Ywhaz_M3
Calm1_B2<==>Eef1d_M1,Calm1_B2,Eef1d_M1
Calm1_B2<==>Eef1d_M3,Calm1_B2,Eef1d_M3
Calm1_B2<==>Csf2rb_M5,Calm1_B2,Csf2rb_M5
Calm1_B2<==>Il2rb_T4,Calm1_B2,Il2rb_T4
Calm1_B2<==>Tnrc6b_B3,Calm1_B2,Tnrc6b_B3
Calm1_B2<==>Rbx1_B1,Calm1_B2,Rbx1_B1
Calm1_B2<==>Slc38a2_B3,Calm1_B2,Slc38a2_B3
Calm1_B2<==>Atp5g2_M3,Calm1_B2,Atp5g2_M3
Calm1_B2<==>Iglc2_B2,Calm1_B2,Iglc2_B2
Calm1_B2<==>Zbtb20_B1,Calm1_B2,Zbtb20_B1
Calm1_B2<==>Satb1_T3,Calm1_B2,Satb1_T3
Calm1_B2<==>Cebpz_B1,Calm1_B2,Cebpz_B1
Calm1_B2<==>Zfp36l2_M3,Calm1_B2,Zfp36l2_M3
Calm1_B2<==>Ehd1_M3,Calm1_B2,Ehd1_M3
Calm1_B2<==>Atp5md_B2,Calm1_B2,Atp5md_B2
Calm1_B2<==>Sat1_B1,Calm1_B2,Sat1_B1
Calm1_B2<==>Tmsb4x_T7,Calm1_B2,Tmsb4x_T7
Calm1_B3<==>Cox7b_B3,Calm1_B3,Cox7b_B3
Calm1_B5<==>Timm23_M3,Calm1_B5,Timm23_M3
Calm1_B5<==>Iglc1_B2,Calm1_B5,Iglc1_B2
Calm1_B5<==>Iglc2_B2,Calm1_B5,Iglc2_B2
Calm1_M0<==>Inhba_M0,Calm1_M0,Inhba_M0
Calm1_M0<==>Cd14_M0,Calm1_M0,Cd14_M0
Calm1_M0<==>Unc93b1_B4,Calm1_M0,Unc93b1_B4
Calm1_M3<==>Crip1_M1,Calm1_M3,Crip1_M1
Calm1_M3<==>Ndufb9_M0,Calm1_M3,Ndufb9_M0
Calm1_M3<==>Gm42418_M2,Calm1_M3,Gm42418_M2
Calm1_T1<==>Ighg1_B1,Calm1_T1,Ighg1_B1
Calm1_T1<==>Ctnna1_M4,Calm1_T1,Ctnna1_M4
Calm1_T1<==>mt-Nd4_B2,Calm1_T1,mt-Nd4_B2
Calm1_T2<==>Mrpl52_M0,Calm1_T2,Mrpl52_M0
Calm1_T2<==>Igkv5-39_B3,Calm1_T2,Igkv5-39_B3
Calm1_T6<==>Cdkn1a_M1,Calm1_T6,Cdkn1a_M1
Ndufb1-ps_B5<==>Ndufb1-ps_M3,Ndufb1-ps_B5,Ndufb1-ps_M3
Ndufb1-ps_B5<==>Ndufb1-ps_T2,Ndufb1-ps_B5,Ndufb1-ps_T2
Ndufb1-ps_B5<==>Rps23_B5,Ndufb1-ps_B5,Rps23_B5
Ndufb1-ps_B5<==>Tbca_M0,Ndufb1-ps_B5,Tbca_M0
Ndufb1-ps_B5<==>Rpl37_T1,Ndufb1-ps_B5,Rpl37_T1
Ndufb1-ps_B5<==>Rpl17_B1,Ndufb1-ps_B5,Rpl17_B1
Ndufb1-ps_B5<==>Malat1_T2,Ndufb1-ps_B5,Malat1_T2
Ndufb1-ps_B5<==>Fth1_B1,Ndufb1-ps_B5,Fth1_B1
Ndufb1-ps_B5<==>Rpl39_B2,Ndufb1-ps_B5,Rpl39_B2
Ndufb1-ps_B5<==>Rps4x_B1,Ndufb1-ps_B5,Rps4x_B1
Ndufb1-ps_M3<==>Ndufb1-ps_T2,Ndufb1-ps_M3,Ndufb1-ps_T2
Ndufb1-ps_M3<==>Atp5mpl_M0,Ndufb1-ps_M3,Atp5mpl_M0
Ndufb1-ps_M3<==>Thoc7_B4,Ndufb1-ps_M3,Thoc7_B4
Ndufb1-ps_M3<==>Psme1_T3,Ndufb1-ps_M3,Psme1_T3
Ndufb1-ps_M3<==>Rpl37_M3,Ndufb1-ps_M3,Rpl37_M3
Ndufb1-ps_M3<==>Rpl37_T1,Ndufb1-ps_M3,Rpl37_T1
Ndufb1-ps_M3<==>Rpl37_T2,Ndufb1-ps_M3,Rpl37_T2
Ndufb1-ps_M3<==>Cox17_M0,Ndufb1-ps_M3,Cox17_M0
Ndufb1-ps_M3<==>Rps28_M3,Ndufb1-ps_M3,Rps28_M3
Ndufb1-ps_M3<==>Rps28_T1,Ndufb1-ps_M3,Rps28_T1
Ndufb1-ps_M3<==>Rps28_T2,Ndufb1-ps_M3,Rps28_T2
Ndufb1-ps_M3<==>Malat1_T5,Ndufb1-ps_M3,Malat1_T5
Ndufb1-ps_M3<==>Rpl39_B1,Ndufb1-ps_M3,Rpl39_B1
Ndufb1-ps_M3<==>Rpl39_B2,Ndufb1-ps_M3,Rpl39_B2
Ndufb1-ps_M3<==>mt-Co2_B0,Ndufb1-ps_M3,mt-Co2_B0
Ndufb1-ps_M3<==>mt-Co2_T6,Ndufb1-ps_M3,mt-Co2_T6
Ndufb1-ps_M3<==>mt-Atp6_B5,Ndufb1-ps_M3,mt-Atp6_B5
Ndufb1-ps_T2<==>Ndufb1-ps_T3,Ndufb1-ps_T2,Ndufb1-ps_T3
Ndufb1-ps_T2<==>Atp5mpl_M0,Ndufb1-ps_T2,Atp5mpl_M0
Ndufb1-ps_T2<==>Cox7c_M3,Ndufb1-ps_T2,Cox7c_M3
Ndufb1-ps_T2<==>Psme1_T3,Ndufb1-ps_T2,Psme1_T3
Ndufb1-ps_T2<==>Rpl37_T1,Ndufb1-ps_T2,Rpl37_T1
Ndufb1-ps_T2<==>Rpl37_T2,Ndufb1-ps_T2,Rpl37_T2
Ndufb1-ps_T2<==>Rps28_M3,Ndufb1-ps_T2,Rps28_M3
Ndufb1-ps_T2<==>Rps28_T1,Ndufb1-ps_T2,Rps28_T1
Ndufb1-ps_T2<==>Rps28_T2,Ndufb1-ps_T2,Rps28_T2
Ndufb1-ps_T2<==>Myl12a_M0,Ndufb1-ps_T2,Myl12a_M0
Ndufb1-ps_T2<==>Fth1_B1,Ndufb1-ps_T2,Fth1_B1
Ndufb1-ps_T2<==>Atp5md_B1,Ndufb1-ps_T2,Atp5md_B1
Ndufb1-ps_T2<==>Atp5md_B5,Ndufb1-ps_T2,Atp5md_B5
Ndufb1-ps_T2<==>Rpl39_B1,Ndufb1-ps_T2,Rpl39_B1
Ndufb1-ps_T2<==>Rpl39_B2,Ndufb1-ps_T2,Rpl39_B2
Ndufb1-ps_T2<==>mt-Co2_B0,Ndufb1-ps_T2,mt-Co2_B0
Ndufb1-ps_T2<==>mt-Co2_B3,Ndufb1-ps_T2,mt-Co2_B3
Ndufb1-ps_T2<==>mt-Nd3_B1,Ndufb1-ps_T2,mt-Nd3_B1
Ndufb1-ps_T3<==>Ighj4_B3,Ndufb1-ps_T3,Ighj4_B3
Ndufb1-ps_T3<==>Hsp90ab1_B1,Ndufb1-ps_T3,Hsp90ab1_B1
Ndufb1-ps_T3<==>Hsp90ab1_B5,Ndufb1-ps_T3,Hsp90ab1_B5
Ndufb1-ps_T3<==>mt-Co2_B0,Ndufb1-ps_T3,mt-Co2_B0
Ndufb1-ps_T4<==>Hsp90aa1_B1,Ndufb1-ps_T4,Hsp90aa1_B1
Ndufb1-ps_T4<==>Ighv1-78_B3,Ndufb1-ps_T4,Ighv1-78_B3
Ndufb1-ps_T4<==>Hist1h4d_T5,Ndufb1-ps_T4,Hist1h4d_T5
Ndufb1-ps_T4<==>Cox7c_M3,Ndufb1-ps_T4,Cox7c_M3
Ndufb1-ps_T4<==>Cox7c_T1,Ndufb1-ps_T4,Cox7c_T1
Ndufb1-ps_T4<==>Tbca_M0,Ndufb1-ps_T4,Tbca_M0
Ndufb1-ps_T4<==>Rpl37_T1,Ndufb1-ps_T4,Rpl37_T1
Ndufb1-ps_T4<==>Rpl36_B1,Ndufb1-ps_T4,Rpl36_B1
Ndufb1-ps_T4<==>Atp5md_T1,Ndufb1-ps_T4,Atp5md_T1
Ndufb1-ps_T4<==>mt-Nd3_T4,Ndufb1-ps_T4,mt-Nd3_T4
Ndufb1-ps_T7<==>Cd83_M3,Ndufb1-ps_T7,Cd83_M3
Lgmn_M1<==>Tbca_M0,Lgmn_M1,Tbca_M0
Lgmn_M1<==>Selenop_M1,Lgmn_M1,Selenop_M1
Lgmn_M1<==>Gm42418_T1,Lgmn_M1,Gm42418_T1
Lgmn_M1<==>Srsf7_B1,Lgmn_M1,Srsf7_B1
Lgmn_M1<==>Atp5a1_M1,Lgmn_M1,Atp5a1_M1
Lgmn_M1<==>Ms4a7_M1,Lgmn_M1,Ms4a7_M1
Lgmn_M3<==>Ighm_B0,Lgmn_M3,Ighm_B0
Lgmn_M3<==>Iglc3_B1,Lgmn_M3,Iglc3_B1
Lgmn_M3<==>Iglc3_B5,Lgmn_M3,Iglc3_B5
Lgmn_M3<==>Gm42418_T1,Lgmn_M3,Gm42418_T1
Lgmn_M3<==>mt-Atp6_B0,Lgmn_M3,mt-Atp6_B0
Ddx24_M3<==>Ly6e_M0,Ddx24_M3,Ly6e_M0
Ddx24_M3<==>Tspo_O7,Ddx24_M3,Tspo_O7
Ddx24_M3<==>mt-Atp6_T0,Ddx24_M3,mt-Atp6_T0
Ifi27l2a_T1<==>Igha_B2,Ifi27l2a_T1,Igha_B2
Ifi27l2a_T1<==>Mast4_B3,Ifi27l2a_T1,Mast4_B3
Ifi27l2a_T2<==>Pld4_M5,Ifi27l2a_T2,Pld4_M5
Ifi27l2a_T2<==>Eif4b_M3,Ifi27l2a_T2,Eif4b_M3
Ifi27l2a_T2<==>Rpl36_T2,Ifi27l2a_T2,Rpl36_T2
Ifi27l2a_T2<==>Paip2_T2,Ifi27l2a_T2,Paip2_T2
Ifi27l2a_T2<==>mt-Nd4_T4,Ifi27l2a_T2,mt-Nd4_T4
Hsp90aa1_B0<==>Ywhaz_B6_0,Hsp90aa1_B0,Ywhaz_B6_0
Hsp90aa1_B1<==>Eif3e_M3,Hsp90aa1_B1,Eif3e_M3
Hsp90aa1_B2<==>Lnpep_B1,Hsp90aa1_B2,Lnpep_B1
Hsp90aa1_B2<==>Rpl36_B1,Hsp90aa1_B2,Rpl36_B1
Hsp90aa1_B2<==>Gramd3_M5,Hsp90aa1_B2,Gramd3_M5
Hsp90aa1_B3<==>Rps24_M3,Hsp90aa1_B3,Rps24_M3
Hsp90aa1_B3<==>Rps14_M3,Hsp90aa1_B3,Rps14_M3
Hsp90aa1_B3<==>Igkv17-127_B3,Hsp90aa1_B3,Igkv17-127_B3
Hsp90aa1_M1<==>Atp6v0e_T1,Hsp90aa1_M1,Atp6v0e_T1
Hsp90aa1_M3<==>Basp1_B4,Hsp90aa1_M3,Basp1_B4
Hsp90aa1_M3<==>Ptprcap_T2,Hsp90aa1_M3,Ptprcap_T2
Hsp90aa1_T1<==>Igha_B1,Hsp90aa1_T1,Igha_B1
Hsp90aa1_T1<==>Tspo_T3,Hsp90aa1_T1,Tspo_T3
Hsp90aa1_T1<==>H2-T23_T5,Hsp90aa1_T1,H2-T23_T5
Hsp90aa1_T1<==>Rbm3_T3,Hsp90aa1_T1,Rbm3_T3
Hsp90aa1_T1<==>mt-Co3_M0,Hsp90aa1_T1,mt-Co3_M0
Hsp90aa1_T1<==>mt-Nd4_T4,Hsp90aa1_T1,mt-Nd4_T4
Hsp90aa1_T3<==>Rpl15_T5,Hsp90aa1_T3,Rpl15_T5
Hsp90aa1_T3<==>mt-Nd3_T3,Hsp90aa1_T3,mt-Nd3_T3
Hsp90aa1_T5<==>Myl12b_M3,Hsp90aa1_T5,Myl12b_M3
Tnfaip2_M0<==>Cox17_M0,Tnfaip2_M0,Cox17_M0
Tnfaip2_M0<==>Ets2_M5,Tnfaip2_M0,Ets2_M5
Tnfaip2_M0<==>Rps10_M2,Tnfaip2_M0,Rps10_M2
Tnfaip2_M0<==>Fth1_B1,Tnfaip2_M0,Fth1_B1
Tnfaip2_M0<==>Rpl39_B1,Tnfaip2_M0,Rpl39_B1
Tnfaip2_M3<==>Csf2rb2_M3,Tnfaip2_M3,Csf2rb2_M3
Tnfaip2_M3<==>Zfp36l2_M3,Tnfaip2_M3,Zfp36l2_M3
Tnfaip2_M3<==>Ehd1_M1,Tnfaip2_M3,Ehd1_M1
Tnfaip2_M3<==>Jak2_M3,Tnfaip2_M3,Jak2_M3
Tnfaip2_M5<==>Atp5g2_B2,Tnfaip2_M5,Atp5g2_B2
Tnfaip2_M5<==>Slc15a3_M3,Tnfaip2_M5,Slc15a3_M3
Tnfaip2_M5<==>Il2rg_M5,Tnfaip2_M5,Il2rg_M5
Eif5_B1<==>Rpl15_T6,Eif5_B1,Rpl15_T6
Eif5_B1<==>H2-Ab1_B0,Eif5_B1,H2-Ab1_B0
Eif5_B1<==>H2-D1_B5,Eif5_B1,H2-D1_B5
Eif5_B1<==>Got1_T2,Eif5_B1,Got1_T2
Eif5_B3<==>Pak2_M1,Eif5_B3,Pak2_M1
Eif5_B3<==>Srsf7_B3,Eif5_B3,Srsf7_B3
Eif5_M1<==>Sub1_B3,Eif5_M1,Sub1_B3
Eif5_M1<==>Nars_B3,Eif5_M1,Nars_B3
Eif5_O10<==>Crem_T3,Eif5_O10,Crem_T3
Eif5_T1<==>Pabpc1_M3,Eif5_T1,Pabpc1_M3
Eif5_T1<==>Srsf3_T4,Eif5_T1,Srsf3_T4
Eif5_T1<==>Pgk1_M5,Eif5_T1,Pgk1_M5
Eif5_T3<==>Tmsb4x_T3,Eif5_T3,Tmsb4x_T3
Eif5_T4<==>Igha_B3,Eif5_T4,Igha_B3
Ckb_M4<==>Rpl30_T4,Ckb_M4,Rpl30_T4
Ckb_M4<==>Lnpep_B1,Ckb_M4,Lnpep_B1
Ckb_M4<==>Psmb9_B4,Ckb_M4,Psmb9_B4
Ckb_M4<==>Psmb8_B4,Ckb_M4,Psmb8_B4
Ckb_T4<==>Rpl3_B1,Ckb_T4,Rpl3_B1
Ckb_T4<==>Chuk_M4,Ckb_T4,Chuk_M4
Atp5mpl_B3<==>Rpl37_T5,Atp5mpl_B3,Rpl37_T5
Atp5mpl_B3<==>Elob_B3,Atp5mpl_B3,Elob_B3
Atp5mpl_B3<==>mt-Atp6_T4,Atp5mpl_B3,mt-Atp6_T4
Atp5mpl_M0<==>Cox7c_M3,Atp5mpl_M0,Cox7c_M3
Atp5mpl_M0<==>Tbca_M0,Atp5mpl_M0,Tbca_M0
Atp5mpl_M0<==>Rps24_M5,Atp5mpl_M0,Rps24_M5
Atp5mpl_M0<==>Hnrnpc_M0,Atp5mpl_M0,Hnrnpc_M0
Atp5mpl_M0<==>Psme1_B1,Atp5mpl_M0,Psme1_B1
Atp5mpl_M0<==>Psme1_M0,Atp5mpl_M0,Psme1_M0
Atp5mpl_M0<==>Myl12a_M0,Atp5mpl_M0,Myl12a_M0
Atp5mpl_M0<==>Unc93b1_M0,Atp5mpl_M0,Unc93b1_M0
Atp5mpl_M0<==>Rpl39_B5,Atp5mpl_M0,Rpl39_B5
Atp5mpl_M3<==>Ndufa7_T4,Atp5mpl_M3,Ndufa7_T4
Atp5mpl_M4<==>mt-Nd3_T1,Atp5mpl_M4,mt-Nd3_T1
Atp5mpl_T3<==>Rps28_T2,Atp5mpl_T3,Rps28_T2
Atp5mpl_T3<==>Csf1r_M0,Atp5mpl_T3,Csf1r_M0
Atp5mpl_T3<==>mt-Atp6_B5,Atp5mpl_T3,mt-Atp6_B5
Atp5mpl_T4<==>Ighg2c_B2,Atp5mpl_T4,Ighg2c_B2
Atp5mpl_T4<==>Rps18_B5,Atp5mpl_T4,Rps18_B5
Atp5mpl_T4<==>Rpl36a_B4,Atp5mpl_T4,Rpl36a_B4
Atp5mpl_T4<==>mt-Atp6_B2,Atp5mpl_T4,mt-Atp6_B2
Pld4_M0<==>Pld4_M5,Pld4_M0,Pld4_M5
Pld4_M0<==>Tbca_M0,Pld4_M0,Tbca_M0
Pld4_M0<==>Lst1_M0,Pld4_M0,Lst1_M0
Pld4_M0<==>Rpl36_M0,Pld4_M0,Rpl36_M0
Pld4_M0<==>Csf1r_M0,Pld4_M0,Csf1r_M0
Pld4_M0<==>Unc93b1_M0,Pld4_M0,Unc93b1_M0
Pld4_M0<==>mt-Nd2_M5,Pld4_M0,mt-Nd2_M5
Pld4_M1<==>Ighv1-78_B3,Pld4_M1,Ighv1-78_B3
Pld4_M4<==>Gng2_M4,Pld4_M4,Gng2_M4
Pld4_M4<==>Cox7b_T3,Pld4_M4,Cox7b_T3
Crip1_B2<==>Rps24_M0,Crip1_B2,Rps24_M0
Crip1_B2<==>Lcp1_T3,Crip1_B2,Lcp1_T3
Crip1_B2<==>Sub1_T3,Crip1_B2,Sub1_T3
Crip1_B2<==>Eif3h_M3,Crip1_B2,Eif3h_M3
Crip1_B2<==>Rpl10a_M0,Crip1_B2,Rpl10a_M0
Crip1_B2<==>Ier3_M1,Crip1_B2,Ier3_M1
Crip1_B2<==>Cox7a2l_M0,Crip1_B2,Cox7a2l_M0
Crip1_B2<==>Rpl17_B1,Crip1_B2,Rpl17_B1
Crip1_B2<==>Fth1_T4,Crip1_B2,Fth1_T4
Crip1_B3<==>Pfdn5_B4,Crip1_B3,Pfdn5_B4
Crip1_B3<==>Smim3_M4,Crip1_B3,Smim3_M4
Crip1_M0<==>Col14a1_O7,Crip1_M0,Col14a1_O7
Crip1_M0<==>Igfbp6_O7,Crip1_M0,Igfbp6_O7
Crip1_M0<==>Iglc1_B2,Crip1_M0,Iglc1_B2
Crip1_M0<==>Pi16_O7,Crip1_M0,Pi16_O7
Crip1_M0<==>Eif1a_M0,Crip1_M0,Eif1a_M0
Crip1_M1<==>H2-Q7_M5,Crip1_M1,H2-Q7_M5
Crip1_M1<==>Gm42418_B5,Crip1_M1,Gm42418_B5
Crip1_M4<==>Eif1a_M4,Crip1_M4,Eif1a_M4
Crip1_M4<==>Tmsb4x_T4,Crip1_M4,Tmsb4x_T4
Crip1_M5<==>Hnrnpc_M5,Crip1_M5,Hnrnpc_M5
Crip1_M5<==>H2-Ob_B1,Crip1_M5,H2-Ob_B1
Crip1_T0<==>Crip1_T3,Crip1_T0,Crip1_T3
Crip1_T0<==>Ighg2b_B2,Crip1_T0,Ighg2b_B2
Crip1_T0<==>Eif3h_M0,Crip1_T0,Eif3h_M0
Crip1_T0<==>Psmb8_T1,Crip1_T0,Psmb8_T1
Crip1_T0<==>Rpl36_T2,Crip1_T0,Rpl36_T2
Crip1_T0<==>Calm2_T1,Crip1_T0,Calm2_T1
Crip1_T0<==>Nars_M4,Crip1_T0,Nars_M4
Crip1_T0<==>Rps4x_B2,Crip1_T0,Rps4x_B2
Crip1_T0<==>mt-Cytb_B2,Crip1_T0,mt-Cytb_B2
Crip1_T1<==>Hist1h1c_T5,Crip1_T1,Hist1h1c_T5
Crip1_T1<==>Rock1_M0,Crip1_T1,Rock1_M0
Crip1_T2<==>Crip1_T3,Crip1_T2,Crip1_T3
Crip1_T2<==>Iglc2_B4,Crip1_T2,Iglc2_B4
Crip1_T2<==>Paip2_B3,Crip1_T2,Paip2_B3
Crip1_T2<==>Rpl17_B2,Crip1_T2,Rpl17_B2
Crip1_T2<==>Erlin1_M4,Crip1_T2,Erlin1_M4
Crip1_T2<==>Rps4x_B2,Crip1_T2,Rps4x_B2
Crip1_T2<==>mt-Atp6_B2,Crip1_T2,mt-Atp6_B2
Crip1_T3<==>Ighg2b_B2,Crip1_T3,Ighg2b_B2
Crip1_T3<==>Rpl36_M0,Crip1_T3,Rpl36_M0
Crip1_T3<==>Rpl36_T5,Crip1_T3,Rpl36_T5
Crip1_T3<==>Crem_B1,Crip1_T3,Crem_B1
Crip1_T3<==>Rpl17_B2,Crip1_T3,Rpl17_B2
Crip1_T4<==>Stk24_M5,Crip1_T4,Stk24_M5
Crip1_T4<==>Ly6a_B1,Crip1_T4,Ly6a_B1
Crip1_T4<==>Elob_M3,Crip1_T4,Elob_M3
Crip1_T4<==>H2-K1_B2,Crip1_T4,H2-K1_B2
Crip1_T4<==>Satb1_T5,Crip1_T4,Satb1_T5
Crip1_T4<==>Myl12b_T5,Crip1_T4,Myl12b_T5
Crip1_T4<==>Mbd2_T4,Crip1_T4,Mbd2_T4
Crip1_T4<==>Got1_T2,Crip1_T4,Got1_T2
Crip1_T4<==>Ndufb11_M4,Crip1_T4,Ndufb11_M4
Crip1_T5<==>Hnrnpc_M0,Crip1_T5,Hnrnpc_M0
Crip1_T5<==>Vasn_O7,Crip1_T5,Vasn_O7
Crip1_T5<==>Cox17_M0,Crip1_T5,Cox17_M0
Crip1_T5<==>Rpl17_T5,Crip1_T5,Rpl17_T5
Igha_B0<==>Gdi2_B4,Igha_B0,Gdi2_B4
Igha_B1<==>Igha_T5,Igha_B1,Igha_T5
Igha_B1<==>H2afy_B4,Igha_B1,H2afy_B4
Igha_B1<==>Btf3_T4,Igha_B1,Btf3_T4
Igha_B1<==>Mbnl2_M4,Igha_B1,Mbnl2_M4
Igha_B1<==>Sod1_M3,Igha_B1,Sod1_M3
Igha_B1<==>Rps2_T3,Igha_B1,Rps2_T3
Igha_B1<==>H2-K1_B2,Igha_B1,H2-K1_B2
Igha_B1<==>Srsf7_T2,Igha_B1,Srsf7_T2
Igha_B1<==>Rpl10_B1,Igha_B1,Rpl10_B1
Igha_B1<==>Msn_T3,Igha_B1,Msn_T3
Igha_B1<==>mt-Nd4l_M3,Igha_B1,mt-Nd4l_M3
Igha_B2<==>Igha_T2,Igha_B2,Igha_T2
Igha_B2<==>Ighd_B0,Igha_B2,Ighd_B0
Igha_B2<==>Dnase1l3_M4,Igha_B2,Dnase1l3_M4
Igha_B2<==>Esd_M5,Igha_B2,Esd_M5
Igha_B2<==>Il2rb_T5,Igha_B2,Il2rb_T5
Igha_B2<==>H2-K1_B2,Igha_B2,H2-K1_B2
Igha_B2<==>Aif1_M4,Igha_B2,Aif1_M4
Igha_B2<==>Myl12b_T5,Igha_B2,Myl12b_T5
Igha_B2<==>Zeb1_T2,Igha_B2,Zeb1_T2
Igha_B2<==>Cdk2ap2_M0,Igha_B2,Cdk2ap2_M0
Igha_B2<==>Ms4a4b_T0,Igha_B2,Ms4a4b_T0
Igha_B2<==>Rpl36a_T2,Igha_B2,Rpl36a_T2
Igha_B3<==>Cldnd1_T5,Igha_B3,Cldnd1_T5
Igha_B3<==>Rpl36a_T2,Igha_B3,Rpl36a_T2
Igha_B3<==>Tmsb4x_T6,Igha_B3,Tmsb4x_T6
Igha_B5<==>H2-K1_B2,Igha_B5,H2-K1_B2
Igha_B7<==>Prdx5_M1,Igha_B7,Prdx5_M1
Igha_M0<==>Ighv1-77_B3,Igha_M0,Ighv1-77_B3
Igha_M0<==>Gm10076_M3,Igha_M0,Gm10076_M3
Igha_M0<==>Rpl37_M3,Igha_M0,Rpl37_M3
Igha_M0<==>Txndc11_B3,Igha_M0,Txndc11_B3
Igha_M0<==>Psmb1_T4,Igha_M0,Psmb1_T4
Igha_M0<==>Psmb8_M3,Igha_M0,Psmb8_M3
Igha_M0<==>H2-D1_M3,Igha_M0,H2-D1_M3
Igha_M0<==>Fth1_B0,Igha_M0,Fth1_B0
Igha_M0<==>Rpl39_M3,Igha_M0,Rpl39_M3
Igha_M0<==>Rpl10_T5,Igha_M0,Rpl10_T5
Igha_M0<==>Xist_B3,Igha_M0,Xist_B3
Igha_M0<==>mt-Nd4l_M3,Igha_M0,mt-Nd4l_M3
Igha_M0<==>mt-Nd4l_T1,Igha_M0,mt-Nd4l_T1
Igha_M1<==>Neat1_M3,Igha_M1,Neat1_M3
Igha_M3<==>Igha_M5,Igha_M3,Igha_M5
Igha_M3<==>Nedd8_M0,Igha_M3,Nedd8_M0
Igha_M3<==>Txndc11_B3,Igha_M3,Txndc11_B3
Igha_M3<==>mt-Nd4l_T4,Igha_M3,mt-Nd4l_T4
Igha_M4<==>Igha_T1,Igha_M4,Igha_T1
Igha_M4<==>Ighv2-9-1_B3,Igha_M4,Ighv2-9-1_B3
Igha_M4<==>Satb1_B0,Igha_M4,Satb1_B0
Igha_M5<==>Igha_T1,Igha_M5,Igha_T1
Igha_M5<==>Ighv1-85_B3,Igha_M5,Ighv1-85_B3
Igha_M5<==>Rps2_T0,Igha_M5,Rps2_T0
Igha_M5<==>Rps2_T2,Igha_M5,Rps2_T2
Igha_M5<==>Rps2_T3,Igha_M5,Rps2_T3
Igha_O10<==>Ndufa6_M3,Igha_O10,Ndufa6_M3
Igha_T1<==>Igha_T5,Igha_T1,Igha_T5
Igha_T1<==>Ighv2-9-1_B3,Igha_T1,Ighv2-9-1_B3
Igha_T1<==>Gm10076_M3,Igha_T1,Gm10076_M3
Igha_T1<==>Rps2_T3,Igha_T1,Rps2_T3
Igha_T1<==>Pacsin1_M7,Igha_T1,Pacsin1_M7
Igha_T1<==>Rpl10_B1,Igha_T1,Rpl10_B1
Igha_T1<==>Xist_B3,Igha_T1,Xist_B3
Igha_T2<==>Atp6v0c_B1,Igha_T2,Atp6v0c_B1
Igha_T2<==>Rpl10a_M3,Igha_T2,Rpl10a_M3
Igha_T2<==>Ltb_T1,Igha_T2,Ltb_T1
Igha_T3<==>Tpt1_B5,Igha_T3,Tpt1_B5
Igha_T3<==>Eif3e_M0,Igha_T3,Eif3e_M0
Igha_T3<==>Pi16_O7,Igha_T3,Pi16_O7
Igha_T4<==>Ndfip1_T5,Igha_T4,Ndfip1_T5
Igha_T4<==>Tmsb4x_T7,Igha_T4,Tmsb4x_T7
Igha_T5<==>Igkv17-127_B5,Igha_T5,Igkv17-127_B5
Igha_T6<==>Cd47_M4,Igha_T6,Cd47_M4
Ighg2c_B0<==>Rbm3_B1,Ighg2c_B0,Rbm3_B1
Ighg2c_B2<==>Ighv9-3_B1,Ighg2c_B2,Ighv9-3_B1
Ighg2c_B2<==>Ywhaz_T3,Ighg2c_B2,Ywhaz_T3
Ighg2c_B2<==>Rps28_T2,Ighg2c_B2,Rps28_T2
Ighg2c_B2<==>Rps18_B5,Ighg2c_B2,Rps18_B5
Ighg2c_B2<==>Cd14_M1,Ighg2c_B2,Cd14_M1
Ighg2c_B2<==>Tnfaip8_M4,Ighg2c_B2,Tnfaip8_M4
Ighg2c_B2<==>Atp5md_T2,Ighg2c_B2,Atp5md_T2
Ighg2c_B2<==>mt-Co2_B0,Ighg2c_B2,mt-Co2_B0
Ighg2c_B2<==>mt-Co2_B1,Ighg2c_B2,mt-Co2_B1
Ighg2c_B2<==>mt-Co2_B5,Ighg2c_B2,mt-Co2_B5
Ighg2c_B2<==>mt-Atp6_B2,Ighg2c_B2,mt-Atp6_B2
Ighg2c_B2<==>mt-Atp6_B5,Ighg2c_B2,mt-Atp6_B5
Ighg2c_B2<==>mt-Nd3_T3,Ighg2c_B2,mt-Nd3_T3
Ighg2c_B2<==>mt-Cytb_B2,Ighg2c_B2,mt-Cytb_B2
Ighg2c_B3<==>Rps2_B1,Ighg2c_B3,Rps2_B1
Ighg2c_B3<==>H2-D1_B3,Ighg2c_B3,H2-D1_B3
Ighg2c_B4<==>Psme1_T5,Ighg2c_B4,Psme1_T5
Ighg2c_B4<==>Rpl36_B1,Ighg2c_B4,Rpl36_B1
Ighg2b_B0<==>Slc38a2_B3,Ighg2b_B0,Slc38a2_B3
Ighg2b_B1<==>Atrx_O10,Ighg2b_B1,Atrx_O10
Ighg2b_B1<==>mt-Nd1_M0,Ighg2b_B1,mt-Nd1_M0
Ighg2b_B2<==>Mrpl52_B1,Ighg2b_B2,Mrpl52_B1
Ighg2b_B2<==>Ywhaz_B4,Ighg2b_B2,Ywhaz_B4
Ighg2b_B2<==>Eif3h_M0,Ighg2b_B2,Eif3h_M0
Ighg2b_B2<==>Iglv1_B1,Ighg2b_B2,Iglv1_B1
Ighg2b_B2<==>Ifngr2_M3,Ighg2b_B2,Ifngr2_M3
Ighg2b_B2<==>H2-Ab1_B0,Ighg2b_B2,H2-Ab1_B0
Ighg2b_B2<==>Ier3_M1,Ighg2b_B2,Ier3_M1
Ighg2b_B2<==>Fem1c_M3,Ighg2b_B2,Fem1c_M3
Ighg2b_B2<==>Rps4x_B2,Ighg2b_B2,Rps4x_B2
Ighg2b_B2<==>Rpl36a_B4,Ighg2b_B2,Rpl36a_B4
Ighg2b_B2<==>mt-Co2_B2,Ighg2b_B2,mt-Co2_B2
Ighg2b_B2<==>mt-Atp6_B2,Ighg2b_B2,mt-Atp6_B2
Ighg2b_B2<==>mt-Co3_B2,Ighg2b_B2,mt-Co3_B2
Ighg2b_B2<==>mt-Cytb_B2,Ighg2b_B2,mt-Cytb_B2
Ighg2b_B3<==>H2-Q7_M3,Ighg2b_B3,H2-Q7_M3
Ighg2b_B3<==>Gm42418_B5,Ighg2b_B3,Gm42418_B5
Ighg2b_B3<==>Gm42418_T3,Ighg2b_B3,Gm42418_T3
Ighg2b_B4<==>Vapa_B3,Ighg2b_B4,Vapa_B3
Ighg2b_B5<==>Retnlg_M2,Ighg2b_B5,Retnlg_M2
Ighg2b_B6_0<==>Itm2b_M3,Ighg2b_B6_0,Itm2b_M3
Ighg2b_B6_0<==>Ywhaz_M4,Ighg2b_B6_0,Ywhaz_M4
Ighg1_B0<==>Ighg1_B7,Ighg1_B0,Ighg1_B7
Ighg1_B1<==>Sub1_T1,Ighg1_B1,Sub1_T1
Ighg1_B1<==>Ier3_M3,Ighg1_B1,Ier3_M3
Ighg1_B1<==>Rbbp7_M4,Ighg1_B1,Rbbp7_M4
Ighg1_B1<==>mt-Co3_B1,Ighg1_B1,mt-Co3_B1
Ighg1_B1<==>Iglc4_B3,Ighg1_B1,Iglc4_B3
Ighg1_B2<==>Satb1_T3,Ighg1_B2,Satb1_T3
Ighg1_B2<==>Paip2_T2,Ighg1_B2,Paip2_T2
Ighg1_B2<==>Eif1a_M4,Ighg1_B2,Eif1a_M4
Ighg1_B3<==>Myl12b_T3,Ighg1_B3,Myl12b_T3
Ighg1_B4<==>Basp1_B4,Ighg1_B4,Basp1_B4
Ighg1_B4<==>Ranbp1_M3,Ighg1_B4,Ranbp1_M3
Ighg1_B4<==>Tomm6_M3,Ighg1_B4,Tomm6_M3
Ighg1_B4<==>Rpl36_B1,Ighg1_B4,Rpl36_B1
Ighg1_B4<==>Eif3a_M3,Ighg1_B4,Eif3a_M3
Ighg1_B5<==>Ywhaz_B6_0,Ighg1_B5,Ywhaz_B6_0
Ighg1_B5<==>Atf4_B3,Ighg1_B5,Atf4_B3
Ighg1_B6_0<==>Rps28_T1,Ighg1_B6_0,Rps28_T1
Ighg1_B7<==>Hnrnpa0_M1,Ighg1_B7,Hnrnpa0_M1
Ighg3_B2<==>Psme1_T3,Ighg3_B2,Psme1_T3
Ighg3_B4<==>mt-Co3_T6,Ighg3_B4,mt-Co3_T6
Ighg3_B5<==>Cd47_M7,Ighg3_B5,Cd47_M7
Ighd_B0<==>Mast4_B3,Ighd_B0,Mast4_B3
Ighd_B0<==>Srsf7_T0,Ighd_B0,Srsf7_T0
Ighd_B2<==>Cfl1_T0,Ighd_B2,Cfl1_T0
Ighd_B4<==>Ywhaz_B1,Ighd_B4,Ywhaz_B1
Ighd_B4<==>Cfl1_B1,Ighd_B4,Cfl1_B1
Ighd_B7<==>Atf4_B3,Ighd_B7,Atf4_B3
Ighd_B7<==>Nr3c1_T1,Ighd_B7,Nr3c1_T1
Ighm_B1<==>Psme2_T5,Ighm_B1,Psme2_T5
Ighm_B2<==>Iglc3_B2,Ighm_B2,Iglc3_B2
Ighm_B2<==>Iglc2_B2,Ighm_B2,Iglc2_B2
Ighm_B2<==>Psmb8_T0,Ighm_B2,Psmb8_T0
Ighm_B3<==>Txndc11_B3,Ighm_B3,Txndc11_B3
Ighj4_B3<==>Selenop_T4,Ighj4_B3,Selenop_T4
Ighj4_B3<==>Nr4a1_B5,Ighj4_B3,Nr4a1_B5
Ighj4_B3<==>Hsp90ab1_B1,Ighj4_B3,Hsp90ab1_B1
Ighv2-2_B3<==>Rbm3_T4,Ighv2-2_B3,Rbm3_T4
Ighv5-4_B3<==>Ighv1-39_B2,Ighv5-4_B3,Ighv1-39_B2
Ighv5-4_B7<==>Hnrnpa1_T7,Ighv5-4_B7,Hnrnpa1_T7
Ighv5-4_B7<==>Iglc1_B1,Ighv5-4_B7,Iglc1_B1
Ighv5-4_B7<==>Iglc3_B4,Ighv5-4_B7,Iglc3_B4
Ighv5-4_B7<==>Ube2i_M3,Ighv5-4_B7,Ube2i_M3
Ighv5-4_B7<==>Ostf1_M3,Ighv5-4_B7,Ostf1_M3
Ighv2-3_B3<==>Ywhaz_T3,Ighv2-3_B3,Ywhaz_T3
Ighv2-3_B3<==>Azin1_B3,Ighv2-3_B3,Azin1_B3
Ighv2-3_B3<==>Atf4_B3,Ighv2-3_B3,Atf4_B3
Ighv2-3_B3<==>Cldnd1_T5,Ighv2-3_B3,Cldnd1_T5
Ighv2-3_B3<==>Morf4l2_M5,Ighv2-3_B3,Morf4l2_M5
Ighv5-6_B1<==>Myl12b_M3,Ighv5-6_B1,Myl12b_M3
Ighv5-6_B1<==>Ctnna1_M4,Ighv5-6_B1,Ctnna1_M4
Ighv5-6_B3<==>H2afy_B4,Ighv5-6_B3,H2afy_B4
Ighv5-6_B5<==>Serpinb9_M3,Ighv5-6_B5,Serpinb9_M3
Ighv5-6_B5<==>Rnase6_M7,Ighv5-6_B5,Rnase6_M7
Ighv5-6_B5<==>Azin1_B3,Ighv5-6_B5,Azin1_B3
Ighv5-6_B5<==>Slc38a2_B3,Ighv5-6_B5,Slc38a2_B3
Ighv5-6_B5<==>Cldnd1_T5,Ighv5-6_B5,Cldnd1_T5
Ighv5-6_B5<==>BE692007_T6_3,Ighv5-6_B5,BE692007_T6_3
Ighv5-6_B5<==>Erlin1_M4,Ighv5-6_B5,Erlin1_M4
Ighv5-6_B7<==>Ly6e_M4,Ighv5-6_B7,Ly6e_M4
Ighv5-9_B3<==>Eif1a_M0,Ighv5-9_B3,Eif1a_M0
Ighv5-9_B7<==>Rpl37_M3,Ighv5-9_B7,Rpl37_M3
Ighv5-9_B7<==>Hnrnpa1_T7,Ighv5-9_B7,Hnrnpa1_T7
Ighv5-9_B7<==>Ube2i_M3,Ighv5-9_B7,Ube2i_M3
Ighv5-9_B7<==>Rpl39_B1,Ighv5-9_B7,Rpl39_B1
Ighv5-9_B7<==>Rpl39_M3,Ighv5-9_B7,Rpl39_M3
Ighv2-6_B3<==>Egr3_B5,Ighv2-6_B3,Egr3_B5
Ighv5-9-1_B3<==>Iglc3_B4,Ighv5-9-1_B3,Iglc3_B4
Ighv5-9-1_B3<==>Ms4a6c_M0,Ighv5-9-1_B3,Ms4a6c_M0
Ighv2-9-1_B3<==>Samsn1_T2,Ighv2-9-1_B3,Samsn1_T2
Ighv2-9-1_B3<==>Rps2_T3,Ighv2-9-1_B3,Rps2_T3
Ighv2-9-1_B3<==>Atp5a1_M4,Ighv2-9-1_B3,Atp5a1_M4
Ighv2-9-1_B3<==>Rpl39_M1,Ighv2-9-1_B3,Rpl39_M1
Ighv2-9-1_B3<==>mt-Nd4l_T1,Ighv2-9-1_B3,mt-Nd4l_T1
Ighv2-9-1_B3<==>mt-Nd4l_T4,Ighv2-9-1_B3,mt-Nd4l_T4
Ighv2-9-1_B3<==>Ighv1-25_B3,Ighv2-9-1_B3,Ighv1-25_B3
Ighv2-6-8_B3<==>Il2rb_M5,Ighv2-6-8_B3,Il2rb_M5
Ighv5-17_B2<==>Ahnak_M1,Ighv5-17_B2,Ahnak_M1
Ighv5-17_B3<==>Smchd1_B2,Ighv5-17_B3,Smchd1_B2
Ighv5-17_B3<==>mt-Co3_B2,Ighv5-17_B3,mt-Co3_B2
Ighv2-9_B2<==>Igkv9-120_B3,Ighv2-9_B2,Igkv9-120_B3
Ighv4-1_B3<==>Creld2_B3,Ighv4-1_B3,Creld2_B3
Ighv4-1_B3<==>H2-Q7_T2,Ighv4-1_B3,H2-Q7_T2
Ighv3-1_B2<==>Rpl39_T4,Ighv3-1_B2,Rpl39_T4
Ighv3-1_B2<==>mt-Co2_T6,Ighv3-1_B2,mt-Co2_T6
Ighv3-1_B2<==>mt-Nd4l_B3,Ighv3-1_B2,mt-Nd4l_B3
Ighv3-1_B2<==>Ighv1-82_B2,Ighv3-1_B2,Ighv1-82_B2
Ighv3-1_B3<==>Ighv3-2_B3,Ighv3-1_B3,Ighv3-2_B3
Ighv3-1_B3<==>Sema4d_M3,Ighv3-1_B3,Sema4d_M3
Ighv3-1_B3<==>mt-Co1_T4,Ighv3-1_B3,mt-Co1_T4
Ighv14-2_B3<==>Ighv14-3_B3,Ighv14-2_B3,Ighv14-3_B3
Ighv14-2_B3<==>Rpl37_M3,Ighv14-2_B3,Rpl37_M3
Ighv14-2_B3<==>Rpl35a_M3,Ighv14-2_B3,Rpl35a_M3
Ighv14-2_B3<==>Ssr4_B1,Ighv14-2_B3,Ssr4_B1
Ighv14-2_B3<==>Xist_B3,Ighv14-2_B3,Xist_B3
Ighv4-2_B2<==>H2-Q7_T6,Ighv4-2_B2,H2-Q7_T6
Ighv4-2_B2<==>Fth1_O7,Ighv4-2_B2,Fth1_O7
Ighv4-2_B2<==>Jak2_M5,Ighv4-2_B2,Jak2_M5
Ighv3-2_B3<==>Mast4_B3,Ighv3-2_B3,Mast4_B3
Ighv3-2_B3<==>Ly6a_T5,Ighv3-2_B3,Ly6a_T5
Ighv3-2_B3<==>H2-K1_B2,Ighv3-2_B3,H2-K1_B2
Ighv14-3_B2<==>Btf3_T4,Ighv14-3_B2,Btf3_T4
Ighv14-3_B2<==>Myh9_T4,Ighv14-3_B2,Myh9_T4
Ighv14-3_B2<==>Rps2_B2,Ighv14-3_B2,Rps2_B2
Ighv14-3_B2<==>Rps2_T4,Ighv14-3_B2,Rps2_T4
Ighv14-3_B2<==>Rpl10_B1,Ighv14-3_B2,Rpl10_B1
Ighv14-3_B2<==>Rpl10_T4,Ighv14-3_B2,Rpl10_T4
Ighv14-3_B2<==>Rpl10_T5,Ighv14-3_B2,Rpl10_T5
Ighv14-3_B2<==>mt-Nd4l_T4,Ighv14-3_B2,mt-Nd4l_T4
Ighv14-3_B3<==>Fau_M3,Ighv14-3_B3,Fau_M3
Ighv14-3_B3<==>Fth1_B0,Ighv14-3_B3,Fth1_B0
Ighv14-3_B3<==>Xist_B3,Ighv14-3_B3,Xist_B3
Ighv14-3_B3<==>Ighv14-1_B3,Ighv14-3_B3,Ighv14-1_B3
Ighv9-1_B3<==>Ighv9-3_B3,Ighv9-1_B3,Ighv9-3_B3
Ighv9-1_B3<==>Pfdn5_T5,Ighv9-1_B3,Pfdn5_T5
Ighv9-1_B3<==>mt-Nd4l_T4,Ighv9-1_B3,mt-Nd4l_T4
Ighv9-2_B3<==>Clic1_B3,Ighv9-2_B3,Clic1_B3
Ighv9-2_B3<==>H2-Q7_M0,Ighv9-2_B3,H2-Q7_M0
Ighv9-2_B3<==>Ctsw_T0,Ighv9-2_B3,Ctsw_T0
Ighv9-3_B1<==>mt-Co2_B5,Ighv9-3_B1,mt-Co2_B5
Ighv9-3_B1<==>mt-Co2_T6,Ighv9-3_B1,mt-Co2_T6
Ighv3-6_B2<==>Dad1_B3,Ighv3-6_B2,Dad1_B3
Ighv3-6_B2<==>Ube2i_T5,Ighv3-6_B2,Ube2i_T5
Ighv3-6_B2<==>mt-Atp8_B3,Ighv3-6_B2,mt-Atp8_B3
Ighv9-4_B3<==>Neat1_B3,Ighv9-4_B3,Neat1_B3
Ighv6-3_B2<==>Iglv3_B4,Ighv6-3_B2,Iglv3_B4
Ighv6-3_B3<==>Ighv6-6_B3,Ighv6-3_B3,Ighv6-6_B3
Ighv6-3_B3<==>Emb_T4,Ighv6-3_B3,Emb_T4
Ighv6-3_B3<==>Eaf2_B3,Ighv6-3_B3,Eaf2_B3
Ighv1-9_B2<==>Psmg4_M4,Ighv1-9_B2,Psmg4_M4
Ighv1-9_B3<==>Cd47_B3,Ighv1-9_B3,Cd47_B3
Ighv1-9_B3<==>Satb1_T3,Ighv1-9_B3,Satb1_T3
Ighv1-14_B2<==>Ndufb9_M4,Ighv1-14_B2,Ndufb9_M4
Ighv1-19_B3<==>Lcp1_T4,Ighv1-19_B3,Lcp1_T4
Ighv1-22_B3<==>Psma2_T4,Ighv1-22_B3,Psma2_T4
Ighv1-22_B3<==>Rps2_T5,Ighv1-22_B3,Rps2_T5
Ighv1-22_B3<==>Rps18_B5,Ighv1-22_B3,Rps18_B5
Ighv1-22_B3<==>mt-Nd5_M0,Ighv1-22_B3,mt-Nd5_M0
Ighv1-33_B3<==>Ly6a_B1,Ighv1-33_B3,Ly6a_B1
Ighv1-33_B3<==>Ndufa2_T3,Ighv1-33_B3,Ndufa2_T3
Ighv1-34_B3<==>Ctla2a_O10,Ighv1-34_B3,Ctla2a_O10
Ighv1-34_B3<==>Selenop_T4,Ighv1-34_B3,Selenop_T4
Ighv1-34_B3<==>Rpl17_T2,Ighv1-34_B3,Rpl17_T2
Ighv1-34_B3<==>Cox8a_M2,Ighv1-34_B3,Cox8a_M2
Ighv1-34_B3<==>Bloc1s2_M4,Ighv1-34_B3,Bloc1s2_M4
Ighv1-39_B2<==>App_M5,Ighv1-39_B2,App_M5
Ighv1-39_B2<==>Zfp36l2_O10,Ighv1-39_B2,Zfp36l2_O10
Ighv1-39_B2<==>Ighv1-2_B3,Ighv1-39_B2,Ighv1-2_B3
Ighv1-42_B3<==>H2-DMb1_M1,Ighv1-42_B3,H2-DMb1_M1
Ighv8-5_B3<==>Rps18_T3,Ighv8-5_B3,Rps18_T3
Ighv8-5_B3<==>Rps18_T5,Ighv8-5_B3,Rps18_T5
Ighv8-5_B3<==>H2-K1_B3,Ighv8-5_B3,H2-K1_B3
Ighv8-5_B3<==>H2-Q7_B3,Ighv8-5_B3,H2-Q7_B3
Ighv8-5_B3<==>mt-Co1_T1,Ighv8-5_B3,mt-Co1_T1
Ighv8-5_B3<==>Ighv1-25_B3,Ighv8-5_B3,Ighv1-25_B3
Ighv1-50_B3<==>Ncf4_M3,Ighv1-50_B3,Ncf4_M3
Ighv1-50_B3<==>Vapa_M1,Ighv1-50_B3,Vapa_M1
Ighv1-53_B1<==>Ms4a4b_T0,Ighv1-53_B1,Ms4a4b_T0
Ighv1-54_B2<==>Iglc3_B3,Ighv1-54_B2,Iglc3_B3
Ighv1-55_B2<==>Rps18_B5,Ighv1-55_B2,Rps18_B5
Ighv1-56_B3<==>Lcp1_T3,Ighv1-56_B3,Lcp1_T3
Ighv1-56_B3<==>Sub1_B2,Ighv1-56_B3,Sub1_B2
Ighv1-56_B3<==>Rpl24_M3,Ighv1-56_B3,Rpl24_M3
Ighv1-56_B3<==>H2-Ab1_B1,Ighv1-56_B3,H2-Ab1_B1
Ighv8-8_B2<==>Etf1_M0,Ighv8-8_B2,Etf1_M0
Ighv8-8_B3<==>Rps18_M4,Ighv8-8_B3,Rps18_M4
Ighv1-64_B2<==>Psmb8_B3,Ighv1-64_B2,Psmb8_B3
Ighv1-64_B3<==>Pak2_M3,Ighv1-64_B3,Pak2_M3
Ighv8-11_B2<==>Csf2rb_M3,Ighv8-11_B2,Csf2rb_M3
Ighv8-11_B2<==>Hnrnpa1_T2,Ighv8-11_B2,Hnrnpa1_T2
Ighv8-11_B3<==>Hcls1_B4,Ighv8-11_B3,Hcls1_B4
Ighv8-11_B3<==>Rps10_M4,Ighv8-11_B3,Rps10_M4
Ighv8-11_B3<==>Rpl17_M4,Ighv8-11_B3,Rpl17_M4
Ighv1-66_B3<==>Atp6ap2_M3,Ighv1-66_B3,Atp6ap2_M3
Ighv1-69_B2<==>Rps4x_B1,Ighv1-69_B2,Rps4x_B1
Ighv8-12_B2<==>Psme2_M0,Ighv8-12_B2,Psme2_M0
Ighv8-12_B3<==>mt-Nd4l_T7,Ighv8-12_B3,mt-Nd4l_T7
Ighv1-74_B3<==>Pcbp2_T2,Ighv1-74_B3,Pcbp2_T2
Ighv1-74_B3<==>Rpl35a_M3,Ighv1-74_B3,Rpl35a_M3
Ighv1-74_B3<==>Rpl39_M3,Ighv1-74_B3,Rpl39_M3
Ighv1-74_B7<==>Emb_T1,Ighv1-74_B7,Emb_T1
Ighv1-77_B3<==>Rps2_B2,Ighv1-77_B3,Rps2_B2
Ighv1-77_B3<==>Rps2_T4,Ighv1-77_B3,Rps2_T4
Ighv1-77_B3<==>Cox8a_M0,Ighv1-77_B3,Cox8a_M0
Ighv1-77_B3<==>Rpl10_B1,Ighv1-77_B3,Rpl10_B1
Ighv1-77_B3<==>mt-Nd4l_T1,Ighv1-77_B3,mt-Nd4l_T1
Ighv1-78_B3<==>Sub1_T1,Ighv1-78_B3,Sub1_T1
Ighv1-78_B3<==>Ighv5-15_B3,Ighv1-78_B3,Ighv5-15_B3
Ighv1-78_B3<==>Ighv1-82_B3,Ighv1-78_B3,Ighv1-82_B3
Ighv1-85_B3<==>Cfb_M0,Ighv1-85_B3,Cfb_M0
Gdi2_B3<==>Sdf2l1_M4,Gdi2_B3,Sdf2l1_M4
Gdi2_B4<==>Iglc2_B0,Gdi2_B4,Iglc2_B0
Gdi2_B4<==>Myl12b_B5,Gdi2_B4,Myl12b_B5
Gdi2_B4<==>mt-Co3_M0,Gdi2_B4,mt-Co3_M0
Klf6_M3<==>Serpinb9_M3,Klf6_M3,Serpinb9_M3
Klf6_M3<==>Cox17_M3,Klf6_M3,Cox17_M3
Gpr137b_M3<==>Serpinb6b_M3,Gpr137b_M3,Serpinb6b_M3
Gpr137b_M3<==>Tnrc6b_B3,Gpr137b_M3,Tnrc6b_B3
Gpr137b_M3<==>Slc38a2_B3,Gpr137b_M3,Slc38a2_B3
Gpr137b_M3<==>H2-D1_O7,Gpr137b_M3,H2-D1_O7
Gpr137b_M3<==>Satb1_T3,Gpr137b_M3,Satb1_T3
Gpr137b_M3<==>Jak2_M3,Gpr137b_M3,Jak2_M3
Gpr137b_M3<==>Jak2_T1,Gpr137b_M3,Jak2_T1
Lyst_M2<==>Prdx5_B4,Lyst_M2,Prdx5_B4
Psma2_M0<==>Lgals3_M3,Psma2_M0,Lgals3_M3
Psma2_M0<==>Ms4a4c_M0,Psma2_M0,Ms4a4c_M0
Psma2_M5<==>Ly6a_M0,Psma2_M5,Ly6a_M0
Psma2_M5<==>Gm8369_T0,Psma2_M5,Gm8369_T0
Psma2_M5<==>mt-Co1_T3,Psma2_M5,mt-Co1_T3
Psma2_T5<==>Rps2_B1,Psma2_T5,Rps2_B1
Psma2_T5<==>H2-Ab1_M7,Psma2_T5,H2-Ab1_M7
Psma2_T5<==>mt-Cytb_M0,Psma2_T5,mt-Cytb_M0
Inhba_M0<==>Pabpc1_M0,Inhba_M0,Pabpc1_M0
Inhba_M0<==>Ly6i_M0,Inhba_M0,Ly6i_M0
Inhba_M0<==>Etf1_M0,Inhba_M0,Etf1_M0
Inhba_M0<==>Cd14_M0,Inhba_M0,Cd14_M0
Inhba_M0<==>Malt1_M0,Inhba_M0,Malt1_M0
Tcrg-C1_T4<==>Tnfsf11_T7,Tcrg-C1_T4,Tnfsf11_T7
Gpr141b_M4<==>Ly6a_B3,Gpr141b_M4,Ly6a_B3
Hist1h1b_T5<==>Hist1h4d_T5,Hist1h1b_T5,Hist1h4d_T5
Hist1h1b_T5<==>Hist1h1e_T5,Hist1h1b_T5,Hist1h1e_T5
Hist1h1b_T5<==>Tpt1_B5,Hist1h1b_T5,Tpt1_B5
Hist1h2ap_T5<==>Hist1h4d_T5,Hist1h2ap_T5,Hist1h4d_T5
Hist1h2ap_T5<==>Rpl37_T1,Hist1h2ap_T5,Rpl37_T1
Hist1h2ap_T5<==>Rps28_T1,Hist1h2ap_T5,Rps28_T1
Hist1h2ap_T5<==>Rpl17_B5,Hist1h2ap_T5,Rpl17_B5
Hist1h2ap_T5<==>mt-Atp6_B3,Hist1h2ap_T5,mt-Atp6_B3
Hist1h2ap_T5<==>mt-Cytb_B3,Hist1h2ap_T5,mt-Cytb_B3
Hist1h2ap_T5<==>mt-Cytb_T2,Hist1h2ap_T5,mt-Cytb_T2
Hist1h1d_T5<==>Hist1h1e_T5,Hist1h1d_T5,Hist1h1e_T5
Hist1h2ae_T5<==>Rps23_B1,Hist1h2ae_T5,Rps23_B1
Hist1h2ae_T5<==>Cox7a2l_B1,Hist1h2ae_T5,Cox7a2l_B1
Hist1h4d_T5<==>Ywhaz_T1,Hist1h4d_T5,Ywhaz_T1
Hist1h4d_T5<==>H2-DMb1_M1,Hist1h4d_T5,H2-DMb1_M1
Hist1h4d_T5<==>Rpl36_B1,Hist1h4d_T5,Rpl36_B1
Hist1h4d_T5<==>Dusp5_M1,Hist1h4d_T5,Dusp5_M1
Hist1h1e_T5<==>Igfbp6_O7,Hist1h1e_T5,Igfbp6_O7
Hist1h1e_T5<==>Ifngr2_M3,Hist1h1e_T5,Ifngr2_M3
Hist1h1e_T5<==>Hsp90ab1_T5,Hist1h1e_T5,Hsp90ab1_T5
Hist1h2bc_B3<==>Fau_T4,Hist1h2bc_B3,Fau_T4
BC005537_M0<==>Dazap2_M0,BC005537_M0,Dazap2_M0
BC005537_M0<==>Unc93b1_B4,BC005537_M0,Unc93b1_B4
BC005537_M0<==>Atp6ap2_M0,BC005537_M0,Atp6ap2_M0
BC005537_M0<==>Pgk1_M5,BC005537_M0,Pgk1_M5
BC005537_M1<==>Gm42418_M1,BC005537_M1,Gm42418_M1
BC005537_M3<==>Rpl8_M3,BC005537_M3,Rpl8_M3
BC005537_M3<==>Satb1_T0,BC005537_M3,Satb1_T0
BC005537_M3<==>Mpeg1_M5,BC005537_M3,Mpeg1_M5
Serpinb1a_T4<==>Itm2b_T2,Serpinb1a_T4,Itm2b_T2
Serpinb6b_M3<==>Serpinb9_M3,Serpinb6b_M3,Serpinb9_M3
Serpinb6b_M3<==>Gpbp1_M3,Serpinb6b_M3,Gpbp1_M3
Serpinb6b_M3<==>Sub1_M3,Serpinb6b_M3,Sub1_M3
Serpinb6b_M3<==>Eef1d_M1,Serpinb6b_M3,Eef1d_M1
Serpinb6b_M3<==>Tnrc6b_B3,Serpinb6b_M3,Tnrc6b_B3
Serpinb6b_M3<==>H2-Q7_M3,Serpinb6b_M3,H2-Q7_M3
Serpinb6b_M3<==>Satb1_T3,Serpinb6b_M3,Satb1_T3
Serpinb6b_M3<==>Sec11c_M3,Serpinb6b_M3,Sec11c_M3
Serpinb6b_M4<==>Crem_M4,Serpinb6b_M4,Crem_M4
Serpinb9_M3<==>Appl1_M3,Serpinb9_M3,Appl1_M3
Serpinb9_M3<==>Appl1_M4,Serpinb9_M3,Appl1_M4
Serpinb9_M3<==>Timm23_M3,Serpinb9_M3,Timm23_M3
Serpinb9_M3<==>Rap2a_M3,Serpinb9_M3,Rap2a_M3
Serpinb9_M3<==>Sub1_M3,Serpinb9_M3,Sub1_M3
Serpinb9_M3<==>Sub1_T3,Serpinb9_M3,Sub1_T3
Serpinb9_M3<==>Ywhaz_M3,Serpinb9_M3,Ywhaz_M3
Serpinb9_M3<==>Eef1d_M1,Serpinb9_M3,Eef1d_M1
Serpinb9_M3<==>Csf2rb_M5,Serpinb9_M3,Csf2rb_M5
Serpinb9_M3<==>Tnrc6b_B3,Serpinb9_M3,Tnrc6b_B3
Serpinb9_M3<==>Slc38a1_M1,Serpinb9_M3,Slc38a1_M1
Serpinb9_M3<==>Slc38a1_M4,Serpinb9_M3,Slc38a1_M4
Serpinb9_M3<==>Slc38a2_B3,Serpinb9_M3,Slc38a2_B3
Serpinb9_M3<==>Dusp1_M3,Serpinb9_M3,Dusp1_M3
Serpinb9_M3<==>H2-Q7_M5,Serpinb9_M3,H2-Q7_M5
Serpinb9_M3<==>H2-T22_O10,Serpinb9_M3,H2-T22_O10
Serpinb9_M3<==>Zfp36l2_M3,Serpinb9_M3,Zfp36l2_M3
Serpinb9_M3<==>Crem_M4,Serpinb9_M3,Crem_M4
Serpinb9_M3<==>Crem_T3,Serpinb9_M3,Crem_T3
Serpinb9_M3<==>Snrpd1_B5,Serpinb9_M3,Snrpd1_B5
Serpinb9_M3<==>Ndfip1_T4,Serpinb9_M3,Ndfip1_T4
Serpinb9_M3<==>Ehd1_M3,Serpinb9_M3,Ehd1_M3
Pxdc1_T7<==>Cd83_B5,Pxdc1_T7,Cd83_B5
Pxdc1_T7<==>Srsf3_B1,Pxdc1_T7,Srsf3_B1
Ly86_M3<==>Pabpc1_M1,Ly86_M3,Pabpc1_M1
Ly86_M3<==>Tspo_M1,Ly86_M3,Tspo_M1
Ly86_M4<==>Hnrnpc_M3,Ly86_M4,Hnrnpc_M3
Ly86_M4<==>Myl12a_T2,Ly86_M4,Myl12a_T2
Ly86_M4<==>mt-Co2_T6,Ly86_M4,mt-Co2_T6
Txndc5_B3<==>Ninj1_M0,Txndc5_B3,Ninj1_M0
Txndc5_B7<==>Rpl8_T5,Txndc5_B7,Rpl8_T5
Gcnt2_M7<==>H2-D1_T6,Gcnt2_M7,H2-D1_T6
Gcnt2_M7<==>Reep5_T2,Gcnt2_M7,Reep5_T2
Gcnt2_M7<==>Paip2_T5,Gcnt2_M7,Paip2_T5
Gcnt2_M7<==>Mxi1_T5,Gcnt2_M7,Mxi1_T5
Tmem14c_M0<==>Vdac2_M3,Tmem14c_M0,Vdac2_M3
Tmem14c_M0<==>Psme2_M3,Tmem14c_M0,Psme2_M3
Tmem14c_M0<==>Rbx1_M0,Tmem14c_M0,Rbx1_M0
Tmem14c_M0<==>Smdt1_M0,Tmem14c_M0,Smdt1_M0
Tmem14c_M0<==>Psmb8_M3,Tmem14c_M0,Psmb8_M3
Tmem14c_M0<==>H2-Ob_M3,Tmem14c_M0,H2-Ob_M3
Tmem14c_M0<==>H2-Q7_T2,Tmem14c_M0,H2-Q7_T2
Tmem14c_M1<==>Prdx5_M1,Tmem14c_M1,Prdx5_M1
Tmem14c_M3<==>Tmbim6_M3,Tmem14c_M3,Tmbim6_M3
Tmem14c_M3<==>Tmbim6_M4,Tmem14c_M3,Tmbim6_M4
Tmem14c_M3<==>Atp5j_M3,Tmem14c_M3,Atp5j_M3
Tmem14c_M3<==>Elob_B1,Tmem14c_M3,Elob_B1
Tmem14c_M3<==>H2-DMb2_B1,Tmem14c_M3,H2-DMb2_B1
Tmem14c_M3<==>H2-D1_M3,Tmem14c_M3,H2-D1_M3
Tmem14c_M3<==>Smchd1_B2,Tmem14c_M3,Smchd1_B2
Tmem14c_M3<==>Rps14_M3,Tmem14c_M3,Rps14_M3
Tmem14c_M3<==>Rps4x_T2,Tmem14c_M3,Rps4x_T2
Gfod1_M4<==>Rpl35a_B3,Gfod1_M4,Rpl35a_B3
Nol7_B3<==>Elob_B3,Nol7_B3,Elob_B3
Mcur1_M4<==>Ly6e_M4,Mcur1_M4,Ly6e_M4
Mcur1_M4<==>Rtp4_M2,Mcur1_M4,Rtp4_M2
Cd83_B1<==>Appl1_M3,Cd83_B1,Appl1_M3
Cd83_B1<==>Dad1_M4,Cd83_B1,Dad1_M4
Cd83_B1<==>Il2rb_T4,Cd83_B1,Il2rb_T4
Cd83_B1<==>Smdt1_M4,Cd83_B1,Smdt1_M4
Cd83_B1<==>Iglc1_B2,Cd83_B1,Iglc1_B2
Cd83_B1<==>Srsf3_B2,Cd83_B1,Srsf3_B2
Cd83_B1<==>Cebpz_B1,Cd83_B1,Cebpz_B1
Cd83_B4<==>Crem_M1,Cd83_B4,Crem_M1
Cd83_B5<==>Lmnb1_B1,Cd83_B5,Lmnb1_B1
Cd83_M1<==>Pi16_O7,Cd83_M1,Pi16_O7
Cd83_M1<==>Prdx5_M1,Cd83_M1,Prdx5_M1
Cd83_M1<==>Pik3ap1_M3,Cd83_M1,Pik3ap1_M3
Cd83_M3<==>Ndufb10_M3,Cd83_M3,Ndufb10_M3
Cd83_M3<==>Cd74_T5,Cd83_M3,Cd74_T5
Ninj1_M3<==>Rpl15_M3,Ninj1_M3,Rpl15_M3
Ninj1_M3<==>Mrpl52_B1,Ninj1_M3,Mrpl52_B1
Ninj1_M3<==>Il2rb_T4,Ninj1_M3,Il2rb_T4
Ninj1_M3<==>Slc38a2_B3,Ninj1_M3,Slc38a2_B3
Ninj1_M3<==>Vasn_O7,Ninj1_M3,Vasn_O7
Ninj1_M3<==>Cebpz_B1,Ninj1_M3,Cebpz_B1
Ninj1_M3<==>Snrpd1_B5,Ninj1_M3,Snrpd1_B5
Ninj1_M3<==>Txnl4a_M4,Ninj1_M3,Txnl4a_M4
Ninj1_M3<==>Got1_T2,Ninj1_M3,Got1_T2
Ninj1_M5<==>Hnrnpa0_M5,Ninj1_M5,Hnrnpa0_M5
Ninj1_M5<==>Atp6v0c_M5,Ninj1_M5,Atp6v0c_M5
Ninj1_M5<==>Got1_M5,Ninj1_M5,Got1_M5
Card19_M3<==>Rps2_B4,Card19_M3,Rps2_B4
Card19_M3<==>H2-DMb2_M3,Card19_M3,H2-DMb2_M3
Card19_M3<==>Psmb8_T5,Card19_M3,Psmb8_T5
Card19_M3<==>Csnk1a1_M3,Card19_M3,Csnk1a1_M3
Sema4d_M3<==>Trps1_M3,Sema4d_M3,Trps1_M3
Sema4d_M3<==>Atp6v0e_B1,Sema4d_M3,Atp6v0e_B1
Sema4d_M3<==>Cd14_M1,Sema4d_M3,Cd14_M1
Syk_B4<==>Psme1_T6,Syk_B4,Psme1_T6
Syk_M0<==>Ndufa6_B1,Syk_M0,Ndufa6_B1
Syk_M0<==>Psmb8_T2,Syk_M0,Psmb8_T2
Syk_M3<==>Ly6e_M5,Syk_M3,Ly6e_M5
Syk_M3<==>Cox17_B1,Syk_M3,Cox17_B1
Syk_M3<==>AW112010_M0,Syk_M3,AW112010_M0
Syk_M3<==>Zfand5_B4,Syk_M3,Zfand5_B4
Syk_M3<==>Atp5md_B2,Syk_M3,Atp5md_B2
Nsd1_M4<==>Clic1_T3,Nsd1_M4,Clic1_T3
Nsd1_M4<==>AW112010_M5,Nsd1_M4,AW112010_M5
Txndc15_M4<==>Il7r_T2,Txndc15_M4,Il7r_T2
H2afy_B4<==>Rps2_T2,H2afy_B4,Rps2_T2
H2afy_B4<==>Rps2_T3,H2afy_B4,Rps2_T3
H2afy_B4<==>Reep5_T2,H2afy_B4,Reep5_T2
H2afy_M3<==>H2-Aa_B4,H2afy_M3,H2-Aa_B4
Tgfbi_M0<==>Atp5g2_M3,Tgfbi_M0,Atp5g2_M3
Tgfbi_M0<==>Rpl35a_B2,Tgfbi_M0,Rpl35a_B2
Tgfbi_M0<==>Nr3c1_T2,Tgfbi_M0,Nr3c1_T2
Tgfbi_M0<==>Nars_B3,Tgfbi_M0,Nars_B3
Tgfbi_M0<==>AW112010_M0,Tgfbi_M0,AW112010_M0
Tgfbi_M5<==>Iglc2_B3,Tgfbi_M5,Iglc2_B3
Tgfbi_M5<==>Atp6v0c_M5,Tgfbi_M5,Atp6v0c_M5
Hnrnpa0_M1<==>Btf3_T4,Hnrnpa0_M1,Btf3_T4
Hnrnpa0_M1<==>Sub1_B2,Hnrnpa0_M1,Sub1_B2
Hnrnpa0_M1<==>Dgat1_T5,Hnrnpa0_M1,Dgat1_T5
Hnrnpa0_M1<==>Tmbim6_B4,Hnrnpa0_M1,Tmbim6_B4
Hnrnpa0_M1<==>Elob_B1,Hnrnpa0_M1,Elob_B1
Hnrnpa0_M1<==>Elob_T2,Hnrnpa0_M1,Elob_T2
Hnrnpa0_M1<==>Got1_T2,Hnrnpa0_M1,Got1_T2
Hnrnpa0_M1<==>mt-Co3_B2,Hnrnpa0_M1,mt-Co3_B2
Hnrnpa0_M3<==>Rps2_M4,Hnrnpa0_M3,Rps2_M4
Hnrnpa0_M5<==>Sub1_B1,Hnrnpa0_M5,Sub1_B1
Hnrnpa0_T5<==>Gm10076_M3,Hnrnpa0_T5,Gm10076_M3
Hnrnpa0_T5<==>Ssr4_B1,Hnrnpa0_T5,Ssr4_B1
Hnrnpk_M3<==>Lst1_M0,Hnrnpk_M3,Lst1_M0
Hnrnpk_M3<==>Rbm3_T2,Hnrnpk_M3,Rbm3_T2
Hnrnpk_M3<==>mt-Nd3_M3,Hnrnpk_M3,mt-Nd3_M3
Hnrnpk_T2<==>Lgals3_M1,Hnrnpk_T2,Lgals3_M1
Hnrnpk_T2<==>mt-Atp6_T6,Hnrnpk_T2,mt-Atp6_T6
Hnrnpk_T2<==>Igkv3-10_B3,Hnrnpk_T2,Igkv3-10_B3
Hnrnpk_T5<==>Fkbp2_B3,Hnrnpk_T5,Fkbp2_B3
Hnrnpk_T5<==>mt-Atp8_B3,Hnrnpk_T5,mt-Atp8_B3
Ctla2a_O10<==>H2-Ab1_M7,Ctla2a_O10,H2-Ab1_M7
Ctla2a_O10<==>H2-Eb1_M7,Ctla2a_O10,H2-Eb1_M7
Ctla2a_T0<==>H2-Q7_O10,Ctla2a_T0,H2-Q7_O10
Ctsl_M0<==>Trib1_M4,Ctsl_M0,Trib1_M4
Ctsl_M0<==>Cox17_M3,Ctsl_M0,Cox17_M3
Ctsl_M0<==>Pla2g7_M3,Ctsl_M0,Pla2g7_M3
Ctsl_M0<==>Atp5md_B1,Ctsl_M0,Atp5md_B1
Uqcrb_B1<==>Mycbp2_B1,Uqcrb_B1,Mycbp2_B1
Uqcrb_B1<==>Dgat1_T5,Uqcrb_B1,Dgat1_T5
Uqcrb_B1<==>Csf2rb_M5,Uqcrb_B1,Csf2rb_M5
Uqcrb_B1<==>Il2rb_T5,Uqcrb_B1,Il2rb_T5
Uqcrb_B1<==>Smdt1_M4,Uqcrb_B1,Smdt1_M4
Uqcrb_B1<==>Atp5j_M3,Uqcrb_B1,Atp5j_M3
Uqcrb_B1<==>Atp6v0c_B1,Uqcrb_B1,Atp6v0c_B1
Uqcrb_B1<==>H2-K1_B2,Uqcrb_B1,H2-K1_B2
Uqcrb_B1<==>H2-D1_B1,Uqcrb_B1,H2-D1_B1
Uqcrb_B1<==>Crem_B5,Uqcrb_B1,Crem_B5
Uqcrb_B1<==>Ptprcap_B1,Uqcrb_B1,Ptprcap_B1
Uqcrb_B1<==>Got1_T2,Uqcrb_B1,Got1_T2
Uqcrb_B1<==>mt-Co3_B2,Uqcrb_B1,mt-Co3_B2
Uqcrb_M0<==>Lst1_M5,Uqcrb_M0,Lst1_M5
Uqcrb_M0<==>Riok3_M4,Uqcrb_M0,Riok3_M4
Uqcrb_M3<==>Psmb8_M3,Uqcrb_M3,Psmb8_M3
Ndufs6_M1<==>Crem_B0,Ndufs6_M1,Crem_B0
Ndufs6_M3<==>Smdt1_M4,Ndufs6_M3,Smdt1_M4
Ndufs6_M3<==>Srsf3_B2,Ndufs6_M3,Srsf3_B2
Clptm1l_B3<==>Tmsb4x_B0,Clptm1l_B3,Tmsb4x_B0
Glrx_M5<==>H2-Ab1_M7,Glrx_M5,H2-Ab1_M7
Glrx_M5<==>AW112010_T4,Glrx_M5,AW112010_T4
Mctp1_M4<==>Lgals3_M7,Mctp1_M4,Lgals3_M7
Mef2c_B1<==>Tpt1_B3,Mef2c_B1,Tpt1_B3
Mef2c_B1<==>Rps28_T1,Mef2c_B1,Rps28_T1
Mef2c_B1<==>Rps28_T2,Mef2c_B1,Rps28_T2
Mef2c_B1<==>Malat1_B1,Mef2c_B1,Malat1_B1
Mef2c_B1<==>Fau_T2,Mef2c_B1,Fau_T2
Mef2c_B1<==>Fth1_B1,Mef2c_B1,Fth1_B1
Mef2c_B1<==>mt-Nd4l_B3,Mef2c_B1,mt-Nd4l_B3
Mef2c_B4<==>Il2rb_T7,Mef2c_B4,Il2rb_T7
Mef2c_B4<==>Pgk1_B4,Mef2c_B4,Pgk1_B4
Mef2c_B5<==>Got1_M3,Mef2c_B5,Got1_M3
Cox7c_B5<==>Rps28_T2,Cox7c_B5,Rps28_T2
Cox7c_B5<==>Calm2_B3,Cox7c_B5,Calm2_B3
Cox7c_M3<==>Sub1_B5,Cox7c_M3,Sub1_B5
Cox7c_M3<==>Cox17_T4,Cox7c_M3,Cox17_T4
Cox7c_M3<==>Myl12a_M0,Cox7c_M3,Myl12a_M0
Cox7c_M3<==>Rpl17_M3,Cox7c_M3,Rpl17_M3
Cox7c_M3<==>Rpl17_T2,Cox7c_M3,Rpl17_T2
Cox7c_M3<==>mt-Nd3_B1,Cox7c_M3,mt-Nd3_B1
Cox7c_M3<==>mt-Nd3_B5,Cox7c_M3,mt-Nd3_B5
Cox7c_M3<==>mt-Nd5_M0,Cox7c_M3,mt-Nd5_M0
Cox7c_T1<==>Ywhaz_T1,Cox7c_T1,Ywhaz_T1
Cox7c_T1<==>Psmb8_T1,Cox7c_T1,Psmb8_T1
Cox7c_T1<==>Ier3_M1,Cox7c_T1,Ier3_M1
Cox7c_T1<==>Fem1c_M3,Cox7c_T1,Fem1c_M3
Cox7c_T1<==>Atp5md_T1,Cox7c_T1,Atp5md_T1
Cox7c_T1<==>mt-Nd3_B1,Cox7c_T1,mt-Nd3_B1
Rps23_B1<==>Rps4x_B1,Rps23_B1,Rps4x_B1
Rps23_B2<==>Rps4x_T3,Rps23_B2,Rps4x_T3
Rps23_M1<==>Ly6e_B3,Rps23_M1,Ly6e_B3
Rps23_M1<==>Cox17_M3,Rps23_M1,Cox17_M3
Rps23_M1<==>Pi16_O7,Rps23_M1,Pi16_O7
Rps23_M1<==>Rps14_T2,Rps23_M1,Rps14_T2
Rps23_M1<==>Ssr4_M1,Rps23_M1,Ssr4_M1
Rps23_M3<==>Rpl15_M3,Rps23_M3,Rpl15_M3
Rps23_M3<==>Rps24_M3,Rps23_M3,Rps24_M3
Rps23_M3<==>Ywhaz_B2,Rps23_M3,Ywhaz_B2
Rps23_M3<==>Rps10_M3,Rps23_M3,Rps10_M3
Rps23_M3<==>Rps18_M3,Rps23_M3,Rps18_M3
Rps23_M3<==>Rps14_M3,Rps23_M3,Rps14_M3
Rps23_M3<==>Rpl17_M3,Rps23_M3,Rpl17_M3
Rps23_T5<==>Rpl8_T5,Rps23_T5,Rpl8_T5
Rps23_T5<==>Rps14_T5,Rps23_T5,Rps14_T5
Tbca_M0<==>Rac2_T7,Tbca_M0,Rac2_T7
Tbca_M0<==>Rpl10_M3,Tbca_M0,Rpl10_M3
Tbca_M3<==>Cox8a_T4,Tbca_M3,Cox8a_T4
F2r_T4<==>H2-Q6_T3,F2r_T4,H2-Q6_T3
Hexb_M1<==>Psme1_B2,Hexb_M1,Psme1_B2
Hexb_M1<==>Pabpc1_M5,Hexb_M1,Pabpc1_M5
Hexb_M1<==>Lst1_M1,Hexb_M1,Lst1_M1
Hexb_M1<==>H2-T23_M3,Hexb_M1,H2-T23_M3
Btf3_B3<==>Sub1_B3,Btf3_B3,Sub1_B3
Btf3_T4<==>Gm10076_M3,Btf3_T4,Gm10076_M3
Btf3_T4<==>Mtdh_B1,Btf3_T4,Mtdh_B1
Btf3_T4<==>Rps2_B1,Btf3_T4,Rps2_B1
Btf3_T4<==>Rps2_B2,Btf3_T4,Rps2_B2
Btf3_T4<==>Rps2_M0,Btf3_T4,Rps2_M0
Btf3_T4<==>Rps2_T2,Btf3_T4,Rps2_T2
Btf3_T4<==>Rps2_T4,Btf3_T4,Rps2_T4
Btf3_T4<==>H2-Q6_T3,Btf3_T4,H2-Q6_T3
Btf3_T4<==>Rpl10_B1,Btf3_T4,Rpl10_B1
Pik3r1_M3<==>Ehd1_M1,Pik3r1_M3,Ehd1_M1
Pik3r1_T3<==>Malt1_T2,Pik3r1_T3,Malt1_T2
Mast4_B3<==>Gng2_M4,Mast4_B3,Gng2_M4
Mast4_B3<==>Rps24_M3,Mast4_B3,Rps24_M3
Mast4_B3<==>D16Ertd472e_B3,Mast4_B3,D16Ertd472e_B3
Mast4_B3<==>Rpl10a_M3,Mast4_B3,Rpl10a_M3
Mast4_B3<==>Ighv1-61_B3,Mast4_B3,Ighv1-61_B3
Mast4_T7<==>Samsn1_T7,Mast4_T7,Samsn1_T7
Kif2a_T5<==>Mzb1_B3,Kif2a_T5,Mzb1_B3
Gpbp1_M3<==>Ndufa1_M0,Gpbp1_M3,Ndufa1_M0
Map3k1_M5<==>Ago2_M3,Map3k1_M5,Ago2_M3
Map3k1_M5<==>Ly6e_M5,Map3k1_M5,Ly6e_M5
Map3k1_M5<==>Rpl3_B1,Map3k1_M5,Rpl3_B1
Map3k1_M5<==>Atp5g2_M3,Map3k1_M5,Atp5g2_M3
Map3k1_M5<==>Atp5md_B2,Map3k1_M5,Atp5md_B2
Snx18_M0<==>Rpl10a_T4,Snx18_M0,Rpl10a_T4
Emb_B6_0<==>Cox6c_M3,Emb_B6_0,Cox6c_M3
Emb_B6_0<==>Il2rb_T7,Emb_B6_0,Il2rb_T7
Emb_M5<==>Crem_M5,Emb_M5,Crem_M5
Emb_T1<==>Iglv3_B7,Emb_T1,Iglv3_B7
Emb_T1<==>Igkv5-39_B3,Emb_T1,Igkv5-39_B3
Emb_T2<==>Timm23_M3,Emb_T2,Timm23_M3
Emb_T3<==>Zbtb20_B1,Emb_T3,Zbtb20_B1
Emb_T4<==>Mbd2_T4,Emb_T4,Mbd2_T4
Emb_T5<==>Mzb1_B3,Emb_T5,Mzb1_B3
Dnase1l3_M1<==>Mpeg1_M3,Dnase1l3_M1,Mpeg1_M3
Thoc7_B4<==>Psme1_M4,Thoc7_B4,Psme1_M4
Rpl15_M3<==>Rpl17_M3,Rpl15_M3,Rpl17_M3
Rpl15_T4<==>Vdac2_M4,Rpl15_T4,Vdac2_M4
Rpl15_T4<==>Eif3h_B1,Rpl15_T4,Eif3h_B1
Rpl15_T4<==>Eif3h_T4,Rpl15_T4,Eif3h_T4
Rpl15_T4<==>Rpl10a_T4,Rpl15_T4,Rpl10a_T4
Rpl15_T5<==>Selenop_M0,Rpl15_T5,Selenop_M0
Rpl15_T5<==>Rpl10a_T5,Rpl15_T5,Rpl10a_T5
Rpl15_T5<==>Rps18_T5,Rpl15_T5,Rps18_T5
Rpl15_T5<==>Rpl10_T5,Rpl15_T5,Rpl10_T5
Rpl15_T5<==>Rps4x_B1,Rpl15_T5,Rps4x_B1
Rpl15_T5<==>mt-Cytb_B2,Rpl15_T5,mt-Cytb_B2
Rpl15_T6<==>H2-K1_T6,Rpl15_T6,H2-K1_T6
Rpl15_T6<==>Ier3_M3,Rpl15_T6,Ier3_M3
Rtraf_M3<==>Psmb1_M3,Rtraf_M3,Psmb1_M3
Rtraf_M3<==>Pir_M7,Rtraf_M3,Pir_M7
Gng2_M4<==>Psme1_M3,Gng2_M4,Psme1_M3
Gng2_M4<==>Rpl17_M3,Gng2_M4,Rpl17_M3
Mrps16_M4<==>Cox7a2l_T1,Mrps16_M4,Cox7a2l_T1
Mrps16_T5<==>Ly6d_B1,Mrps16_T5,Ly6d_B1
Chchd1_M4<==>Cox8a_T4,Chchd1_M4,Cox8a_T4
Chchd1_M4<==>P2ry10_T1,Chchd1_M4,P2ry10_T1
Vdac2_M0<==>Eif3e_T2,Vdac2_M0,Eif3e_T2
Vdac2_M0<==>Rps10_T5,Vdac2_M0,Rps10_T5
Vdac2_M0<==>Pten_M0,Vdac2_M0,Pten_M0
Vdac2_M3<==>Ndufa6_M0,Vdac2_M3,Ndufa6_M0
Vdac2_M3<==>H2-Oa_M3,Vdac2_M3,H2-Oa_M3
Vdac2_M3<==>H2-Ob_M3,Vdac2_M3,H2-Ob_M3
Vdac2_M4<==>Tpt1_T4,Vdac2_M4,Tpt1_T4
Rps24_B3<==>Tpt1_B3,Rps24_B3,Tpt1_B3
Rps24_B3<==>Rbm3_T4,Rps24_B3,Rbm3_T4
Rps24_B5<==>Zbtb20_B1,Rps24_B5,Zbtb20_B1
Rps24_B5<==>Gm42418_T1,Rps24_B5,Gm42418_T1
Rps24_B5<==>Ms4a4b_T5,Rps24_B5,Ms4a4b_T5
Rps24_M0<==>Eif3h_M0,Rps24_M0,Eif3h_M0
Rps24_M0<==>Cox7a2l_M0,Rps24_M0,Cox7a2l_M0
Rps24_M0<==>Rpl17_T4,Rps24_M0,Rpl17_T4
Rps24_M3<==>Ctsb_M5,Rps24_M3,Ctsb_M5
Rps24_M3<==>Rpl30_M3,Rps24_M3,Rpl30_M3
Rps24_M3<==>Rpl35a_M5,Rps24_M3,Rpl35a_M5
Rps24_M3<==>Rps10_M3,Rps24_M3,Rps10_M3
Rps24_M3<==>Srsf3_B2,Rps24_M3,Srsf3_B2
Rps24_M3<==>Rps18_M3,Rps24_M3,Rps18_M3
Rps24_M3<==>H2-K1_B2,Rps24_M3,H2-K1_B2
Rps24_M3<==>Psmb8_B2,Rps24_M3,Psmb8_B2
Rps24_M3<==>Pla2g7_M5,Rps24_M3,Pla2g7_M5
Rps24_M3<==>Rps14_M3,Rps24_M3,Rps14_M3
Rps24_M3<==>Fau_M3,Rps24_M3,Fau_M3
Rps24_M3<==>Rps4x_M3,Rps24_M3,Rps4x_M3
Rps24_M4<==>Rpl30_M4,Rps24_M4,Rpl30_M4
Rps24_M4<==>Rpl8_M4,Rps24_M4,Rpl8_M4
Rps24_M4<==>Rps10_M4,Rps24_M4,Rps10_M4
Rps24_M4<==>Rps18_M4,Rps24_M4,Rps18_M4
Rps24_M4<==>Rps14_M4,Rps24_M4,Rps14_M4
Rps24_M5<==>mt-Co2_B1,Rps24_M5,mt-Co2_B1
Rps24_O7<==>Rpl30_O7,Rps24_O7,Rpl30_O7
Rps24_T1<==>Rps4x_T1,Rps24_T1,Rps4x_T1
Arf4_B1<==>H2-K1_B4,Arf4_B1,H2-K1_B4
Arf4_B1<==>Cox8a_B1,Arf4_B1,Cox8a_B1
Arf4_B1<==>Ahnak_O7,Arf4_B1,Ahnak_O7
Arf4_T2<==>Ly6e_M4,Arf4_T2,Ly6e_M4
Arf4_T2<==>Slc38a2_B3,Arf4_T2,Slc38a2_B3
Arf4_T2<==>Ndfip1_T0,Arf4_T2,Ndfip1_T0
Arf4_T2<==>Tnfaip8_M3,Arf4_T2,Tnfaip8_M3
Arf4_T2<==>Jak2_T1,Arf4_T2,Jak2_T1
Appl1_M3<==>Timm23_M3,Appl1_M3,Timm23_M3
Appl1_M3<==>Timm23_T4,Appl1_M3,Timm23_T4
Appl1_M3<==>Ywhaz_M3,Appl1_M3,Ywhaz_M3
Appl1_M3<==>Csf2rb_M3,Appl1_M3,Csf2rb_M3
Appl1_M3<==>Csf2rb_M4,Appl1_M3,Csf2rb_M4
Appl1_M3<==>Atp5g2_M3,Appl1_M3,Atp5g2_M3
Appl1_M3<==>Zbtb20_B1,Appl1_M3,Zbtb20_B1
Appl1_M3<==>Clic1_M3,Appl1_M3,Clic1_M3
Appl1_M3<==>Zfp36l2_M3,Appl1_M3,Zfp36l2_M3
Appl1_M3<==>Nr3c1_T4,Appl1_M3,Nr3c1_T4
Appl1_M3<==>Ehd1_M3,Appl1_M3,Ehd1_M3
Appl1_M3<==>Sat1_B1,Appl1_M3,Sat1_B1
Appl1_M4<==>Sub1_T3,Appl1_M4,Sub1_T3
Appl1_M4<==>Ywhaz_M3,Appl1_M4,Ywhaz_M3
Appl1_M4<==>Eef1d_M1,Appl1_M4,Eef1d_M1
Appl1_M4<==>Csf2rb_M5,Appl1_M4,Csf2rb_M5
Appl1_M4<==>Atf4_B3,Appl1_M4,Atf4_B3
Appl1_M4<==>Slc38a2_B3,Appl1_M4,Slc38a2_B3
Appl1_M4<==>Hnrnpm_M1,Appl1_M4,Hnrnpm_M1
Appl1_M4<==>Vapa_M0,Appl1_M4,Vapa_M0
Appl1_M4<==>Crem_T5,Appl1_M4,Crem_T5
Appl1_M4<==>Kif5b_M1,Appl1_M4,Kif5b_M1
Appl1_M4<==>Snrpd1_B5,Appl1_M4,Snrpd1_B5
Appl1_M4<==>Nr3c1_T2,Appl1_M4,Nr3c1_T2
Appl1_M4<==>Got1_T2,Appl1_M4,Got1_T2
Appl1_M4<==>Atp5md_B2,Appl1_M4,Atp5md_B2
Appl1_M4<==>Rps4x_B2,Appl1_M4,Rps4x_B2
Appl1_M4<==>mt-Atp6_B2,Appl1_M4,mt-Atp6_B2
Appl1_M4<==>mt-Co3_B2,Appl1_M4,mt-Co3_B2
Selenok_B3<==>Creld2_B3,Selenok_B3,Creld2_B3
Selenok_B3<==>Xist_B3,Selenok_B3,Xist_B3
Selenok_M0<==>Trac_T1,Selenok_M0,Trac_T1
Selenok_T1<==>H2-K1_B4,Selenok_T1,H2-K1_B4
Selenok_T1<==>Dusp5_T3,Selenok_T1,Dusp5_T3
Selenok_T2<==>Sub1_T2,Selenok_T2,Sub1_T2
Selenok_T2<==>Eif3h_B1,Selenok_T2,Eif3h_B1
Selenok_T2<==>Tspo_T3,Selenok_T2,Tspo_T3
Selenok_T2<==>Brd4_M3,Selenok_T2,Brd4_M3
Selenok_T2<==>Satb1_T5,Selenok_T2,Satb1_T5
Selenok_T2<==>Cox8a_T2,Selenok_T2,Cox8a_T2
Selenok_T3<==>Nedd8_B3,Selenok_T3,Nedd8_B3
Selenok_T7<==>Tmsb4x_T7,Selenok_T7,Tmsb4x_T7
Tkt_M0<==>Psmb1_M0,Tkt_M0,Psmb1_M0
Tkt_M0<==>Cd2ap_M4,Tkt_M0,Cd2ap_M4
Spcs1_M1<==>Slc38a2_O10,Spcs1_M1,Slc38a2_O10
Pbrm1_B4<==>Ly6a_T0,Pbrm1_B4,Ly6a_T0
Timm23_B4<==>Pfdn5_B4,Timm23_B4,Pfdn5_B4
Timm23_M1<==>Sub1_B4,Timm23_M1,Sub1_B4
Timm23_M3<==>Rap2a_M3,Timm23_M3,Rap2a_M3
Timm23_M3<==>Ywhaz_M3,Timm23_M3,Ywhaz_M3
Timm23_M3<==>Eef1d_M1,Timm23_M3,Eef1d_M1
Timm23_M3<==>Slc38a2_B3,Timm23_M3,Slc38a2_B3
Timm23_M3<==>Atp6v0c_T4,Timm23_M3,Atp6v0c_T4
Timm23_M3<==>Satb1_T3,Timm23_M3,Satb1_T3
Timm23_M3<==>Ptprcap_B1,Timm23_M3,Ptprcap_B1
Timm23_M3<==>Ehd1_M3,Timm23_M3,Ehd1_M3
Timm23_T4<==>Gpr183_M5,Timm23_T4,Gpr183_M5
Timm23_T4<==>Ly6e_M4,Timm23_T4,Ly6e_M4
Timm23_T4<==>Jak2_T1,Timm23_T4,Jak2_T1
Timm23_T4<==>Ighv1-61_B3,Timm23_T4,Ighv1-61_B3
Timm23_T5<==>Ighv1-80_B2,Timm23_T5,Ighv1-80_B2
Glud1_M3<==>Clic1_M3,Glud1_M3,Clic1_M3
Glud1_M3<==>Tmsb4x_T3,Glud1_M3,Tmsb4x_T3
Gch1_B5<==>Thoc2_M4,Gch1_B5,Thoc2_M4
Lgals3_M1<==>Hnrnpc_M0,Lgals3_M1,Hnrnpc_M0
Lgals3_M3<==>Rac2_T4,Lgals3_M3,Rac2_T4
Lgals3_M4<==>Stk24_T5,Lgals3_M4,Stk24_T5
Lgals3_M7<==>Pcbp2_B1,Lgals3_M7,Pcbp2_B1
Lgals3_T4<==>Itm2b_T4,Lgals3_T4,Itm2b_T4
Lgals3_T4<==>Malt1_B5,Lgals3_T4,Malt1_B5
Rnase6_M4<==>Dusp5_T4,Rnase6_M4,Dusp5_T4
Rnase6_M7<==>Rpl10a_M0,Rnase6_M7,Rpl10a_M0
Hnrnpc_M0<==>Psme1_T0,Hnrnpc_M0,Psme1_T0
Hnrnpc_M0<==>Ly6e_M0,Hnrnpc_M0,Ly6e_M0
Hnrnpc_M0<==>Cox17_M0,Hnrnpc_M0,Cox17_M0
Hnrnpc_M3<==>Rpl10a_M5,Hnrnpc_M3,Rpl10a_M5
Hnrnpc_M3<==>mt-Nd4_B0,Hnrnpc_M3,mt-Nd4_B0
Hnrnpc_M5<==>Sub1_B1,Hnrnpc_M5,Sub1_B1
Hnrnpc_T7<==>Ssr4_B1,Hnrnpc_T7,Ssr4_B1
Trac_B6_0<==>Pabpc1_M3,Trac_B6_0,Pabpc1_M3
Trac_T1<==>Gm42418_B7,Trac_T1,Gm42418_B7
Dad1_B3<==>Tspo_B3,Dad1_B3,Tspo_B3
Dad1_B5<==>Psmb8_B4,Dad1_B5,Psmb8_B4
Dad1_B5<==>H2-D1_B1,Dad1_B5,H2-D1_B1
Dad1_B5<==>H2-D1_B5,Dad1_B5,H2-D1_B5
Dad1_B5<==>Rpl17_T3,Dad1_B5,Rpl17_T3
Dad1_M4<==>Srsf3_B2,Dad1_M4,Srsf3_B2
Dad1_M4<==>H2-K1_B2,Dad1_M4,H2-K1_B2
Dad1_M4<==>H2-DMb2_B1,Dad1_M4,H2-DMb2_B1
Mrpl52_B1<==>Sub1_B5,Mrpl52_B1,Sub1_B5
Mrpl52_B1<==>Dgat1_T5,Mrpl52_B1,Dgat1_T5
Mrpl52_B1<==>Rbx1_B1,Mrpl52_B1,Rbx1_B1
Mrpl52_B1<==>Cox17_T4,Mrpl52_B1,Cox17_T4
Mrpl52_B1<==>Ifngr2_M3,Mrpl52_B1,Ifngr2_M3
Mrpl52_B1<==>Atp6v0c_T1,Mrpl52_B1,Atp6v0c_T1
Mrpl52_B1<==>H2-D1_B1,Mrpl52_B1,H2-D1_B1
Mrpl52_B1<==>H2-D1_B5,Mrpl52_B1,H2-D1_B5
Mrpl52_B1<==>Ndufa2_B1,Mrpl52_B1,Ndufa2_B1
Mrpl52_B1<==>Got1_T2,Mrpl52_B1,Got1_T2
Mrpl52_B1<==>Rps4x_B2,Mrpl52_B1,Rps4x_B2
Mrpl52_B1<==>Tmsb4x_T7,Mrpl52_B1,Tmsb4x_T7
Mrpl52_B1<==>mt-Co2_B2,Mrpl52_B1,mt-Co2_B2
Mrpl52_M0<==>Psme1_M0,Mrpl52_M0,Psme1_M0
Mrpl52_M0<==>Col14a1_O7,Mrpl52_M0,Col14a1_O7
Mrpl52_M0<==>mt-Co2_B0,Mrpl52_M0,mt-Co2_B0
Mrpl52_M0<==>mt-Co2_B2,Mrpl52_M0,mt-Co2_B2
Mrpl52_M0<==>mt-Nd3_B1,Mrpl52_M0,mt-Nd3_B1
Pabpn1_T5<==>Rps10_T2,Pabpn1_T5,Rps10_T2
Psme1_B1<==>Lcp1_T4,Psme1_B1,Lcp1_T4
Psme1_B1<==>Fermt3_M1,Psme1_B1,Fermt3_M1
Psme1_B1<==>Rbm3_B4,Psme1_B1,Rbm3_B4
Psme1_B1<==>Atrx_M1,Psme1_B1,Atrx_M1
Psme1_B2<==>Psme1_M4,Psme1_B2,Psme1_M4
Psme1_B2<==>Fndc1_O7,Psme1_B2,Fndc1_O7
Psme1_B2<==>mt-Nd2_M5,Psme1_B2,mt-Nd2_M5
Psme1_B2<==>mt-Nd3_B3,Psme1_B2,mt-Nd3_B3
Psme1_B3<==>mt-Cytb_B1,Psme1_B3,mt-Cytb_B1
Psme1_M0<==>Psme1_T3,Psme1_M0,Psme1_T3
Psme1_M0<==>Cox6c_M0,Psme1_M0,Cox6c_M0
Psme1_M0<==>Ywhaz_M4,Psme1_M0,Ywhaz_M4
Psme1_M0<==>Cox17_M3,Psme1_M0,Cox17_M3
Psme1_M0<==>Rps10_M2,Psme1_M0,Rps10_M2
Psme1_M0<==>Myl12a_M0,Psme1_M0,Myl12a_M0
Psme1_M0<==>Fermt3_M1,Psme1_M0,Fermt3_M1
Psme1_M1<==>Satb1_T3,Psme1_M1,Satb1_T3
Psme1_M3<==>Ly6d_B3,Psme1_M3,Ly6d_B3
Psme1_M3<==>Atp5j_M3,Psme1_M3,Atp5j_M3
Psme1_M3<==>H2-Q7_T4,Psme1_M3,H2-Q7_T4
Psme1_M3<==>Hsp90ab1_M3,Psme1_M3,Hsp90ab1_M3
Psme1_M3<==>Rpl17_M3,Psme1_M3,Rpl17_M3
Psme1_M3<==>mt-Nd3_M5,Psme1_M3,mt-Nd3_M5
Psme1_M4<==>Rpl3_T5,Psme1_M4,Rpl3_T5
Psme1_O10<==>Runx1_M4,Psme1_O10,Runx1_M4
Psme1_T1<==>Litaf_M4,Psme1_T1,Litaf_M4
Psme1_T2<==>Psmb1_T2,Psme1_T2,Psmb1_T2
Psme1_T3<==>Iglc2_B6_0,Psme1_T3,Iglc2_B6_0
Psme1_T5<==>Tmem258_T4,Psme1_T5,Tmem258_T4
Psme1_T6<==>Ly6d_B1,Psme1_T6,Ly6d_B1
Psme2_B4<==>Fau_B4,Psme2_B4,Fau_B4
Psme2_M0<==>Smdt1_M0,Psme2_M0,Smdt1_M0
Psme2_M0<==>Psmb9_M3,Psme2_M0,Psmb9_M3
Psme2_M0<==>Ms4a4c_M0,Psme2_M0,Ms4a4c_M0
Psme2_M0<==>Ostf1_M0,Psme2_M0,Ostf1_M0
Psme2_M1<==>Ywhaz_M0,Psme2_M1,Ywhaz_M0
Psme2_M3<==>Hnrnpa1_B1,Psme2_M3,Hnrnpa1_B1
Psme2_M3<==>Psmb1_M3,Psme2_M3,Psmb1_M3
Psme2_M3<==>Psmb8_M3,Psme2_M3,Psmb8_M3
Psme2_M3<==>Psmb8_T4,Psme2_M3,Psmb8_T4
Psme2_M3<==>Cox8a_M0,Psme2_M3,Cox8a_M0
Psme2_M3<==>Fam111a_B4,Psme2_M3,Fam111a_B4
Psme2_M5<==>Cox17_T4,Psme2_M5,Cox17_T4
Psme2_T5<==>Rps2_B1,Psme2_T5,Rps2_B1
Psme2_T5<==>Rps2_B5,Psme2_T5,Rps2_B5
Psme2_T5<==>Rps2_T0,Psme2_T5,Rps2_T0
Nedd8_B3<==>Sub1_B3,Nedd8_B3,Sub1_B3
Nedd8_B3<==>Smdt1_B3,Nedd8_B3,Smdt1_B3
Nedd8_B3<==>Tspo_B3,Nedd8_B3,Tspo_B3
Nedd8_B3<==>Rock1_B3,Nedd8_B3,Rock1_B3
Mrpl57_B3<==>H2-K1_B2,Mrpl57_B3,H2-K1_B2
Mrpl57_M4<==>Aif1_M4,Mrpl57_M4,Aif1_M4
Mrpl57_M4<==>Myl12a_T1,Mrpl57_M4,Myl12a_T1
Mrpl57_M4<==>mt-Nd5_M1,Mrpl57_M4,mt-Nd5_M1
Mrpl57_T5<==>H2-D1_B4,Mrpl57_T5,H2-D1_B4
Ctsb_M0<==>Selenop_M0,Ctsb_M0,Selenop_M0
Ctsb_M3<==>Iglc1_B1,Ctsb_M3,Iglc1_B1
Ctsb_M4<==>Cox17_M1,Ctsb_M4,Cox17_M1
Ctsb_M4<==>Srsf3_M3,Ctsb_M4,Srsf3_M3
Ctsb_M5<==>Pla2g7_M5,Ctsb_M5,Pla2g7_M5
Ctsb_M5<==>Cd14_M2,Ctsb_M5,Cd14_M2
Ctsb_M5<==>Cd14_M5,Ctsb_M5,Cd14_M5
Ctsb_M5<==>Csf1r_M5,Ctsb_M5,Csf1r_M5
Ctsb_M5<==>Ms4a6c_M5,Ctsb_M5,Ms4a6c_M5
Scara5_O7<==>Col14a1_O7,Scara5_O7,Col14a1_O7
Scara5_O7<==>Ly6e_B3,Scara5_O7,Ly6e_B3
Scara5_O7<==>Igfbp6_O7,Scara5_O7,Igfbp6_O7
Scara5_O7<==>Has1_O7,Scara5_O7,Has1_O7
Scara5_O7<==>Pi16_O7,Scara5_O7,Pi16_O7
Scara5_O7<==>H2-Ab1_B1,Scara5_O7,H2-Ab1_B1
Scara5_O7<==>Rpl17_B1,Scara5_O7,Rpl17_B1
Scara5_O7<==>Rpl17_T1,Scara5_O7,Rpl17_T1
Scara5_O7<==>mt-Nd4l_B3,Scara5_O7,mt-Nd4l_B3
Egr3_B5<==>Ndufb8_M0,Egr3_B5,Ndufb8_M0
Rcbtb2_M1<==>Brd4_M3,Rcbtb2_M1,Brd4_M3
Rcbtb2_M1<==>Mxi1_T5,Rcbtb2_M1,Mxi1_T5
Itm2b_B5<==>H2-K1_B2,Itm2b_B5,H2-K1_B2
Itm2b_B5<==>H2-Q6_B2,Itm2b_B5,H2-Q6_B2
Itm2b_B5<==>Smchd1_B2,Itm2b_B5,Smchd1_B2
Itm2b_B5<==>Ahnak_T4,Itm2b_B5,Ahnak_T4
Itm2b_B5<==>mt-Nd1_B3,Itm2b_B5,mt-Nd1_B3
Itm2b_M0<==>Iglc3_B4,Itm2b_M0,Iglc3_B4
Itm2b_M0<==>Xist_B0,Itm2b_M0,Xist_B0
Itm2b_M1<==>H2-DMb1_M7,Itm2b_M1,H2-DMb1_M7
Itm2b_M1<==>Got1_M1,Itm2b_M1,Got1_M1
Itm2b_M1<==>mt-Atp8_B1,Itm2b_M1,mt-Atp8_B1
Itm2b_M3<==>Csf2rb_M4,Itm2b_M3,Csf2rb_M4
Itm2b_M3<==>Snrpd1_B5,Itm2b_M3,Snrpd1_B5
Itm2b_M5<==>Hnrnpm_M1,Itm2b_M5,Hnrnpm_M1
Itm2b_O7<==>Tnfsf11_T7,Itm2b_O7,Tnfsf11_T7
Itm2b_O7<==>Rps18_T3,Itm2b_O7,Rps18_T3
Itm2b_T0<==>Tob2_B5,Itm2b_T0,Tob2_B5
Itm2b_T2<==>Nrros_M3,Itm2b_T2,Nrros_M3
Itm2b_T2<==>Elob_B1,Itm2b_T2,Elob_B1
Itm2b_T2<==>Myof_M0,Itm2b_T2,Myof_M0
Itm2b_T4<==>App_M0,Itm2b_T4,App_M0
Itm2b_T4<==>Tapbp_M5,Itm2b_T4,Tapbp_M5
Itm2b_T4<==>H2-T23_M3,Itm2b_T4,H2-T23_M3
Itm2b_T4<==>Ankrd12_T4,Itm2b_T4,Ankrd12_T4
Itm2b_T4<==>Malt1_B5,Itm2b_T4,Malt1_B5
Esd_M5<==>Pak2_B1,Esd_M5,Pak2_B1
Esd_M5<==>Cdk2ap2_M0,Esd_M5,Cdk2ap2_M0
Lcp1_B1<==>mt-Nd4_T2,Lcp1_B1,mt-Nd4_T2
Lcp1_B4<==>Hsp90ab1_T1,Lcp1_B4,Hsp90ab1_T1
Lcp1_B4<==>Xist_B3,Lcp1_B4,Xist_B3
Lcp1_T0<==>Iglc4_B3,Lcp1_T0,Iglc4_B3
Lcp1_T3<==>Rac2_T3,Lcp1_T3,Rac2_T3
Lcp1_T3<==>Pcbp2_B1,Lcp1_T3,Pcbp2_B1
Lcp1_T5<==>mt-Nd4l_T4,Lcp1_T5,mt-Nd4l_T4
Lcp1_T7<==>Srsf3_B1,Lcp1_T7,Srsf3_B1
Tpt1_B3<==>Rps14_B3,Tpt1_B3,Rps14_B3
Tpt1_B3<==>Fth1_B1,Tpt1_B3,Fth1_B1
Tpt1_B5<==>Rps4x_B1,Tpt1_B5,Rps4x_B1
Tpt1_M4<==>mt-Nd2_B5,Tpt1_M4,mt-Nd2_B5
Tpt1_T2<==>Rpl10a_T4,Tpt1_T2,Rpl10a_T4
Tpt1_T4<==>Rpl10a_B1,Tpt1_T4,Rpl10a_B1
Tpt1_T4<==>Tapbp_M4,Tpt1_T4,Tapbp_M4
Tpt1_T4<==>Cox7a2l_M0,Tpt1_T4,Cox7a2l_M0
Tpt1_T4<==>Rpl17_T4,Tpt1_T4,Rpl17_T4
Dnajc15_T5<==>Smad7_T2,Dnajc15_T5,Smad7_T2
Epsti1_M4<==>Atp5j_M0,Epsti1_M4,Atp5j_M0
Epsti1_M4<==>mt-Nd2_T4,Epsti1_M4,mt-Nd2_T4
Elf1_B3<==>Smdt1_B3,Elf1_B3,Smdt1_B3
Elf1_B3<==>Jak2_T2,Elf1_B3,Jak2_T2
Pcdh17_O10<==>Rps10_M2,Pcdh17_O10,Rps10_M2
Tbc1d4_M3<==>Cd86_M3,Tbc1d4_M3,Cd86_M3
Tbc1d4_M3<==>Cd47_M3,Tbc1d4_M3,Cd47_M3
Kctd12_M3<==>Rps18_T3,Kctd12_M3,Rps18_T3
Kctd12_M3<==>H2-Q7_M3,Kctd12_M3,H2-Q7_M3
Kctd12_M3<==>Cox7a2l_T3,Kctd12_M3,Cox7a2l_T3
Acod1_M2<==>Lnpep_M4,Acod1_M2,Lnpep_M4
Acod1_M2<==>Pik3ap1_B4,Acod1_M2,Pik3ap1_B4
Mycbp2_B1<==>Basp1_M5,Mycbp2_B1,Basp1_M5
Mycbp2_B1<==>Slc38a2_B3,Mycbp2_B1,Slc38a2_B3
Mycbp2_B1<==>Tubb5_B4,Mycbp2_B1,Tubb5_B4
Mycbp2_B1<==>Zeb1_T2,Mycbp2_B1,Zeb1_T2
Gm10076_M3<==>Rpl37_M3,Gm10076_M3,Rpl37_M3
Gm10076_M3<==>Rps2_T2,Gm10076_M3,Rps2_T2
Gm10076_M3<==>Rps2_T4,Gm10076_M3,Rps2_T4
Gm10076_M3<==>H2-T23_T5,Gm10076_M3,H2-T23_T5
Gm10076_M3<==>Rpl39_M3,Gm10076_M3,Rpl39_M3
Gm10076_M3<==>Rpl10_B1,Gm10076_M3,Rpl10_B1
Gm10076_M3<==>Rpl10_T4,Gm10076_M3,Rpl10_T4
Gm10076_M3<==>Xist_B3,Gm10076_M3,Xist_B3
Gm10076_M3<==>Xist_T4,Gm10076_M3,Xist_T4
Gm10076_M3<==>mt-Nd4l_B2,Gm10076_M3,mt-Nd4l_B2
Gm10076_M3<==>mt-Nd4l_T1,Gm10076_M3,mt-Nd4l_T1
Mbnl2_M4<==>Ly6a_T5,Mbnl2_M4,Ly6a_T5
Mbnl2_M4<==>Sod1_M3,Mbnl2_M4,Sod1_M3
Mbnl2_M4<==>Pgk1_B4,Mbnl2_M4,Pgk1_B4
Rap2a_M3<==>Sub1_T3,Rap2a_M3,Sub1_T3
Rap2a_M3<==>Ywhaz_M3,Rap2a_M3,Ywhaz_M3
Rap2a_M3<==>Ywhaz_T3,Rap2a_M3,Ywhaz_T3
Rap2a_M3<==>Tnrc6b_B3,Rap2a_M3,Tnrc6b_B3
Rap2a_M3<==>Slc38a2_B3,Rap2a_M3,Slc38a2_B3
Rap2a_M3<==>Dusp1_M3,Rap2a_M3,Dusp1_M3
Rap2a_M3<==>Satb1_T3,Rap2a_M3,Satb1_T3
Rap2a_M3<==>Zfp36l2_M3,Rap2a_M3,Zfp36l2_M3
Rap2a_M3<==>Crem_B5,Rap2a_M3,Crem_B5
Rap2a_M3<==>Ndfip1_T4,Rap2a_M3,Ndfip1_T4
Rap2a_M3<==>Ehd1_M3,Rap2a_M3,Ehd1_M3
Rap2a_M3<==>mt-Atp6_B2,Rap2a_M3,mt-Atp6_B2
Stk24_M5<==>Rps18_M3,Stk24_M5,Rps18_M3
Stk24_M5<==>H2-K1_B2,Stk24_M5,H2-K1_B2
Stk24_M5<==>Cystm1_M4,Stk24_M5,Cystm1_M4
Stk24_T4<==>Sdf2l1_B3,Stk24_T4,Sdf2l1_B3
Stk24_T4<==>Pgk1_B4,Stk24_T4,Pgk1_B4
Stk24_T5<==>Tgif1_M3,Stk24_T5,Tgif1_M3
Gpr183_M1<==>mt-Nd2_M3,Gpr183_M1,mt-Nd2_M3
Gpr183_M1<==>mt-Nd2_T4,Gpr183_M1,mt-Nd2_T4
Gpr183_M3<==>Rac2_T0,Gpr183_M3,Rac2_T0
Gpr183_M3<==>Aif1_M1,Gpr183_M3,Aif1_M1
Gpr183_M3<==>Ms4a6b_T5,Gpr183_M3,Ms4a6b_T5
Gpr183_T4<==>Ago2_M3,Gpr183_T4,Ago2_M3
Gpr183_T4<==>Rpl35a_B2,Gpr183_T4,Rpl35a_B2
Gpr183_T4<==>Pim1_T2,Gpr183_T4,Pim1_T2
Gpr183_T4<==>Crem_M3,Gpr183_T4,Crem_M3
Selenop_M1<==>Unc93b1_M1,Selenop_M1,Unc93b1_M1
Selenop_M1<==>Ms4a7_M1,Selenop_M1,Ms4a7_M1
Selenop_M1<==>Rpl39_B5,Selenop_M1,Rpl39_B5
Selenop_M1<==>P2ry10_M4,Selenop_M1,P2ry10_M4
Selenop_M1<==>mt-Atp8_B1,Selenop_M1,mt-Atp8_B1
Selenop_M1<==>mt-Nd5_M0,Selenop_M1,mt-Nd5_M0
Selenop_T4<==>Iglc1_B3,Selenop_T4,Iglc1_B3
Selenop_T4<==>Rpl10_T2,Selenop_T4,Rpl10_T2
Selenop_T4<==>mt-Cytb_B3,Selenop_T4,mt-Cytb_B3
Selenop_T4<==>Ighv7-3_B1,Selenop_T4,Ighv7-3_B1
Rpl37_M3<==>Hnrnpa1_T7,Rpl37_M3,Hnrnpa1_T7
Rpl37_M3<==>Rps28_M3,Rpl37_M3,Rps28_M3
Rpl37_M3<==>Rps28_T2,Rpl37_M3,Rps28_T2
Rpl37_M3<==>Rbm3_B1,Rpl37_M3,Rbm3_B1
Rpl37_M3<==>Rpl39_M3,Rpl37_M3,Rpl39_M3
Rpl37_M3<==>Rpl10_T4,Rpl37_M3,Rpl10_T4
Rpl37_M3<==>Rpl36a_M3,Rpl37_M3,Rpl36a_M3
Rpl37_M3<==>mt-Co3_T5,Rpl37_M3,mt-Co3_T5
Rpl37_M3<==>mt-Nd4l_T1,Rpl37_M3,mt-Nd4l_T1
Rpl37_M3<==>mt-Cytb_B3,Rpl37_M3,mt-Cytb_B3
Rpl37_M3<==>mt-Cytb_T2,Rpl37_M3,mt-Cytb_T2
Rpl37_T1<==>Rpl37_T2,Rpl37_T1,Rpl37_T2
Rpl37_T1<==>Rpl37_T5,Rpl37_T1,Rpl37_T5
Rpl37_T1<==>Rpl8_B5,Rpl37_T1,Rpl8_B5
Rpl37_T1<==>Rps28_M3,Rpl37_T1,Rps28_M3
Rpl37_T1<==>Rps28_T1,Rpl37_T1,Rps28_T1
Rpl37_T1<==>Rps28_T2,Rpl37_T1,Rps28_T2
Rpl37_T1<==>Calm2_T2,Rpl37_T1,Calm2_T2
Rpl37_T1<==>Calm2_T3,Rpl37_T1,Calm2_T3
Rpl37_T1<==>Fau_T2,Rpl37_T1,Fau_T2
Rpl37_T1<==>Fth1_B1,Rpl37_T1,Fth1_B1
Rpl37_T1<==>Ms4a7_M1,Rpl37_T1,Ms4a7_M1
Rpl37_T1<==>Atp5md_T1,Rpl37_T1,Atp5md_T1
Rpl37_T1<==>Rpl39_B1,Rpl37_T1,Rpl39_B1
Rpl37_T1<==>Rpl39_B2,Rpl37_T1,Rpl39_B2
Rpl37_T1<==>Rpl39_B5,Rpl37_T1,Rpl39_B5
Rpl37_T1<==>Rpl39_T2,Rpl37_T1,Rpl39_T2
Rpl37_T1<==>P2ry10_M4,Rpl37_T1,P2ry10_M4
Rpl37_T1<==>Rpl36a_T5,Rpl37_T1,Rpl36a_T5
Rpl37_T1<==>mt-Atp6_T4,Rpl37_T1,mt-Atp6_T4
Rpl37_T1<==>mt-Atp6_T5,Rpl37_T1,mt-Atp6_T5
Rpl37_T1<==>mt-Atp6_T6,Rpl37_T1,mt-Atp6_T6
Rpl37_T2<==>Rps28_T1,Rpl37_T2,Rps28_T1
Rpl37_T2<==>Rps28_T2,Rpl37_T2,Rps28_T2
Rpl37_T2<==>Gm42418_T1,Rpl37_T2,Gm42418_T1
Rpl37_T2<==>Rpl36_T5,Rpl37_T2,Rpl36_T5
Rpl37_T2<==>Calm2_T3,Rpl37_T2,Calm2_T3
Rpl37_T2<==>Rpl17_B5,Rpl37_T2,Rpl17_B5
Rpl37_T2<==>Rpl36a_T5,Rpl37_T2,Rpl36a_T5
Rpl37_T2<==>mt-Atp6_B5,Rpl37_T2,mt-Atp6_B5
Rpl37_T2<==>mt-Atp6_T4,Rpl37_T2,mt-Atp6_T4
Rpl37_T2<==>mt-Nd4_B0,Rpl37_T2,mt-Nd4_B0
Rpl37_T5<==>Rpl35a_T4,Rpl37_T5,Rpl35a_T4
Rpl37_T5<==>Rps28_T1,Rpl37_T5,Rps28_T1
Rpl37_T5<==>Rps28_T2,Rpl37_T5,Rps28_T2
Rpl37_T5<==>Rpl36_T5,Rpl37_T5,Rpl36_T5
Rpl37_T5<==>Fau_T2,Rpl37_T5,Fau_T2
Rpl37_T5<==>Slc25a5_T5,Rpl37_T5,Slc25a5_T5
Rpl37_T5<==>Rpl39_B1,Rpl37_T5,Rpl39_B1
Rpl37_T5<==>Rpl39_B2,Rpl37_T5,Rpl39_B2
Rpl37_T5<==>mt-Co2_T6,Rpl37_T5,mt-Co2_T6
Rpl37_T5<==>mt-Atp6_T5,Rpl37_T5,mt-Atp6_T5
Rpl37_T5<==>mt-Nd3_B2,Rpl37_T5,mt-Nd3_B2
Fyb_M5<==>Cd14_M5,Fyb_M5,Cd14_M5
Fyb_M5<==>Rps14_M3,Fyb_M5,Rps14_M3
Fyb_T2<==>Sh3bgr_M7,Fyb_T2,Sh3bgr_M7
Fyb_T2<==>H2-K1_M7,Fyb_T2,H2-K1_M7
Fyb_T3<==>Rpl24_M3,Fyb_T3,Rpl24_M3
Fyb_T6_3<==>Psmb8_B1,Fyb_T6_3,Psmb8_B1
Fyb_T6_3<==>Hsp90ab1_T1,Fyb_T6_3,Hsp90ab1_T1
Il7r_T2<==>Prdx5_M5,Il7r_T2,Prdx5_M5
Il7r_T2<==>Pgk1_M0,Il7r_T2,Pgk1_M0
Il7r_T4<==>Scaf11_B1,Il7r_T4,Scaf11_B1
Il7r_T4<==>Cd47_M3,Il7r_T4,Cd47_M3
Il7r_T4<==>Atp6v0e_M0,Il7r_T4,Atp6v0e_M0
Il7r_T5<==>Sub1_M1,Il7r_T5,Sub1_M1
Sub1_B2<==>Rps18_M3,Sub1_B2,Rps18_M3
Sub1_B2<==>H2-K1_B2,Sub1_B2,H2-K1_B2
Sub1_B2<==>Rps4x_M3,Sub1_B2,Rps4x_M3
Sub1_B3<==>Ifngr2_M4,Sub1_B3,Ifngr2_M4
Sub1_B3<==>Srsf7_O10,Sub1_B3,Srsf7_O10
Sub1_B3<==>Nars_B3,Sub1_B3,Nars_B3
Sub1_B3<==>Ctsw_T0,Sub1_B3,Ctsw_T0
Sub1_B3<==>P2ry10_T5,Sub1_B3,P2ry10_T5
Sub1_B3<==>mt-Atp6_B0,Sub1_B3,mt-Atp6_B0
Sub1_B4<==>Hsp90ab1_T5,Sub1_B4,Hsp90ab1_T5
Sub1_B4<==>Fau_T4,Sub1_B4,Fau_T4
Sub1_B5<==>Cox17_T4,Sub1_B5,Cox17_T4
Sub1_B5<==>Pten_M4,Sub1_B5,Pten_M4
Sub1_M3<==>Cd274_M2,Sub1_M3,Cd274_M2
Sub1_M4<==>H2-Q6_T3,Sub1_M4,H2-Q6_T3
Sub1_M5<==>mt-Nd1_M0,Sub1_M5,mt-Nd1_M0
Sub1_T3<==>Ywhaz_M1,Sub1_T3,Ywhaz_M1
Sub1_T3<==>Ywhaz_M3,Sub1_T3,Ywhaz_M3
Sub1_T3<==>Eef1d_M1,Sub1_T3,Eef1d_M1
Sub1_T3<==>Csf2rb_M4,Sub1_T3,Csf2rb_M4
Sub1_T3<==>Slc38a1_M4,Sub1_T3,Slc38a1_M4
Sub1_T3<==>Crem_B1,Sub1_T3,Crem_B1
Sub1_T3<==>Crem_T0,Sub1_T3,Crem_T0
Sub1_T3<==>Jak2_M4,Sub1_T3,Jak2_M4
Sub1_T3<==>mt-Co3_B2,Sub1_T3,mt-Co3_B2
Sub1_T5<==>Ago2_M4,Sub1_T5,Ago2_M4
Sub1_T5<==>Myl12a_M0,Sub1_T5,Myl12a_M0
Sub1_T5<==>Cox8a_T4,Sub1_T5,Cox8a_T4
Sub1_T5<==>Ndufa1_T4,Sub1_T5,Ndufa1_T4
Basp1_B3<==>Ighv1-80_B3,Basp1_B3,Ighv1-80_B3
Basp1_B4<==>Ankrd12_B4,Basp1_B4,Ankrd12_B4
Basp1_B4<==>Cybb_M0,Basp1_B4,Cybb_M0
Basp1_B4<==>Rps4x_T3,Basp1_B4,Rps4x_T3
Basp1_M5<==>Csf2rb_M5,Basp1_M5,Csf2rb_M5
Basp1_M5<==>Il2rb_T5,Basp1_M5,Il2rb_T5
Basp1_M5<==>H2-Ob_B1,Basp1_M5,H2-Ob_B1
Basp1_M5<==>Csnk1a1_T2,Basp1_M5,Csnk1a1_T2
Basp1_M5<==>Msn_B1,Basp1_M5,Msn_B1
Basp1_M7<==>Rps2_B3,Basp1_M7,Rps2_B3
Cct5_M1<==>Ly6a_O10,Cct5_M1,Ly6a_O10
Cct5_M1<==>Rps28_M3,Cct5_M1,Rps28_M3
Cct5_M1<==>Xist_T2,Cct5_M1,Xist_T2
Cct5_M3<==>Srsf3_B5,Cct5_M3,Srsf3_B5
Mtdh_B1<==>Psmb1_T4,Mtdh_B1,Psmb1_T4
Mtdh_B1<==>Atp5a1_M0,Mtdh_B1,Atp5a1_M0
Rpl30_M3<==>Rps10_M3,Rpl30_M3,Rps10_M3
Rpl30_M3<==>Rps18_M3,Rpl30_M3,Rps18_M3
Rpl30_M3<==>Pla2g7_M5,Rpl30_M3,Pla2g7_M5
Rpl30_M3<==>Fau_M3,Rpl30_M3,Fau_M3
Rpl30_M3<==>Ahnak_T4,Rpl30_M3,Ahnak_T4
Rpl30_M3<==>Rps4x_M3,Rpl30_M3,Rps4x_M3
Rpl30_M4<==>Rps10_M4,Rpl30_M4,Rps10_M4
Rpl30_M5<==>Rps14_M5,Rpl30_M5,Rps14_M5
Rpl30_T3<==>Grasp_M3,Rpl30_T3,Grasp_M3
Rpl30_T4<==>Eif3h_B1,Rpl30_T4,Eif3h_B1
Rpl30_T4<==>Atp5g2_T4,Rpl30_T4,Atp5g2_T4
Rpl30_T4<==>Rps2_B2,Rpl30_T4,Rps2_B2
Rpl30_T4<==>Got1_M5,Rpl30_T4,Got1_M5
Cox6c_M0<==>Rpl8_M3,Cox6c_M0,Rpl8_M3
Cox6c_M0<==>Ndufa7_M0,Cox6c_M0,Ndufa7_M0
Cox6c_M0<==>Myl12a_M0,Cox6c_M0,Myl12a_M0
Cox6c_M0<==>Ppp1ca_M0,Cox6c_M0,Ppp1ca_M0
Cox6c_M0<==>Tmem258_T4,Cox6c_M0,Tmem258_T4
Cox6c_M3<==>Ranbp1_M3,Cox6c_M3,Ranbp1_M3
Cox6c_T3<==>Rpl17_B2,Cox6c_T3,Rpl17_B2
Cox6c_T4<==>Ly6d_B1,Cox6c_T4,Ly6d_B1
Cox6c_T4<==>Hcls1_M0,Cox6c_T4,Hcls1_M0
Cox6c_T4<==>Cox17_T4,Cox6c_T4,Cox17_T4
Cox6c_T4<==>Ets2_M5,Cox6c_T4,Ets2_M5
Cox6c_T4<==>H2-Q7_T2,Cox6c_T4,H2-Q7_T2
Cox6c_T4<==>Ppp1ca_M0,Cox6c_T4,Ppp1ca_M0
Pabpc1_M0<==>Etf1_M0,Pabpc1_M0,Etf1_M0
Pabpc1_M0<==>Cd14_M0,Pabpc1_M0,Cd14_M0
Pabpc1_M1<==>Cldnd1_T5,Pabpc1_M1,Cldnd1_T5
Pabpc1_M1<==>Tmsb4x_T4,Pabpc1_M1,Tmsb4x_T4
Pabpc1_M3<==>Srsf3_T4,Pabpc1_M3,Srsf3_T4
Pabpc1_M3<==>mt-Nd4_B3,Pabpc1_M3,mt-Nd4_B3
Ywhaz_B1<==>Ywhaz_T1,Ywhaz_B1,Ywhaz_T1
Ywhaz_B2<==>Son_B2,Ywhaz_B2,Son_B2
Ywhaz_B3<==>Ndfip1_T0,Ywhaz_B3,Ndfip1_T0
Ywhaz_B3<==>Jak2_T1,Ywhaz_B3,Jak2_T1
Ywhaz_B3<==>Tmsb4x_T2,Ywhaz_B3,Tmsb4x_T2
Ywhaz_B3<==>mt-Atp6_B0,Ywhaz_B3,mt-Atp6_B0
Ywhaz_B4<==>Il2rb_T4,Ywhaz_B4,Il2rb_T4
Ywhaz_B4<==>Ndfip1_T3,Ywhaz_B4,Ndfip1_T3
Ywhaz_B6_0<==>Cldnd1_T2,Ywhaz_B6_0,Cldnd1_T2
Ywhaz_M0<==>Rac2_T0,Ywhaz_M0,Rac2_T0
Ywhaz_M0<==>Etf1_M0,Ywhaz_M0,Etf1_M0
Ywhaz_M1<==>Ywhaz_M3,Ywhaz_M1,Ywhaz_M3
Ywhaz_M1<==>Rpl3_M3,Ywhaz_M1,Rpl3_M3
Ywhaz_M3<==>Ywhaz_T3,Ywhaz_M3,Ywhaz_T3
Ywhaz_M3<==>Eef1d_M1,Ywhaz_M3,Eef1d_M1
Ywhaz_M3<==>Zbtb20_B1,Ywhaz_M3,Zbtb20_B1
Ywhaz_M3<==>Crem_M4,Ywhaz_M3,Crem_M4
Ywhaz_M3<==>Kif5b_M1,Ywhaz_M3,Kif5b_M1
Ywhaz_M3<==>Jak2_M1,Ywhaz_M3,Jak2_M1
Ywhaz_M3<==>Dusp5_M1,Ywhaz_M3,Dusp5_M1
Ywhaz_M3<==>mt-Co3_B2,Ywhaz_M3,mt-Co3_B2
Ywhaz_M5<==>Atp5md_T1,Ywhaz_M5,Atp5md_T1
Ywhaz_T1<==>Ago2_M4,Ywhaz_T1,Ago2_M4
Ywhaz_T1<==>Psmb8_T1,Ywhaz_T1,Psmb8_T1
Ywhaz_T1<==>Rps4x_B5,Ywhaz_T1,Rps4x_B5
Ywhaz_T2<==>Btg3_B3,Ywhaz_T2,Btg3_B3
Ywhaz_T2<==>Rpl36_T5,Ywhaz_T2,Rpl36_T5
Ywhaz_T2<==>Calm2_T2,Ywhaz_T2,Calm2_T2
Ywhaz_T2<==>Mbd2_T2,Ywhaz_T2,Mbd2_T2
Ywhaz_T3<==>Ly6e_M5,Ywhaz_T3,Ly6e_M5
Ywhaz_T3<==>Zbtb20_B1,Ywhaz_T3,Zbtb20_B1
Ywhaz_T3<==>Ier3_M0,Ywhaz_T3,Ier3_M0
Ywhaz_T3<==>Cebpz_B1,Ywhaz_T3,Cebpz_B1
Ywhaz_T3<==>Atp5md_T2,Ywhaz_T3,Atp5md_T2
Ywhaz_T3<==>Rps4x_B2,Ywhaz_T3,Rps4x_B2
Ywhaz_T3<==>mt-Atp6_B2,Ywhaz_T3,mt-Atp6_B2
Ywhaz_T5<==>Ly6a_M5,Ywhaz_T5,Ly6a_M5
Azin1_B3<==>Slc38a2_B3,Azin1_B3,Slc38a2_B3
Azin1_B3<==>H2-D1_M1,Azin1_B3,H2-D1_M1
Azin1_B3<==>Zeb1_T2,Azin1_B3,Zeb1_T2
Azin1_B3<==>Ehd1_M3,Azin1_B3,Ehd1_M3
Azin1_B3<==>Ighv1-61_B3,Azin1_B3,Ighv1-61_B3
Eif3e_B1<==>Eif3e_B2,Eif3e_B1,Eif3e_B2
Eif3e_B1<==>Ly6i_M0,Eif3e_B1,Ly6i_M0
Eif3e_B1<==>Clic1_B1,Eif3e_B1,Clic1_B1
Eif3e_B1<==>Gm42418_B1,Eif3e_B1,Gm42418_B1
Eif3e_B2<==>Ly6i_M0,Eif3e_B2,Ly6i_M0
Eif3e_B2<==>Gm42418_B2,Eif3e_B2,Gm42418_B2
Eif3e_B2<==>Zeb1_T2,Eif3e_B2,Zeb1_T2
Eif3e_B2<==>Rpl10_B2,Eif3e_B2,Rpl10_B2
Eif3e_M0<==>Runx1_M4,Eif3e_M0,Runx1_M4
Eif3e_M3<==>Rpl24_M3,Eif3e_M3,Rpl24_M3
Eif3e_M3<==>Crem_B1,Eif3e_M3,Crem_B1
Eif3e_T1<==>Fam49b_M5,Eif3e_T1,Fam49b_M5
Eif3e_T2<==>Pten_M0,Eif3e_T2,Pten_M0
Eif3h_B1<==>Fam49b_B4,Eif3h_B1,Fam49b_B4
Eif3h_B1<==>Rps2_B2,Eif3h_B1,Rps2_B2
Eif3h_B1<==>Rpl10_B1,Eif3h_B1,Rpl10_B1
Eif3h_B3<==>Tspo_O7,Eif3h_B3,Tspo_O7
Eif3h_B3<==>Lamp2_B3,Eif3h_B3,Lamp2_B3
Eif3h_M0<==>Fth1_M0,Eif3h_M0,Fth1_M0
Eif3h_M0<==>Rps4x_B2,Eif3h_M0,Rps4x_B2
Eif3h_M3<==>Cox7a2l_M0,Eif3h_M3,Cox7a2l_M0
Eif3h_M3<==>Rpl17_B2,Eif3h_M3,Rpl17_B2
Eif3h_T2<==>H2-D1_O10,Eif3h_T2,H2-D1_O10
Eif3h_T4<==>Rpl10a_T4,Eif3h_T4,Rpl10a_T4
Eif3h_T4<==>Mbd2_T2,Eif3h_T4,Mbd2_T2
Col14a1_O7<==>Ly6e_B3,Col14a1_O7,Ly6e_B3
Col14a1_O7<==>Igfbp6_O7,Col14a1_O7,Igfbp6_O7
Col14a1_O7<==>Pi16_O7,Col14a1_O7,Pi16_O7
Col14a1_O7<==>Lst1_M0,Col14a1_O7,Lst1_M0
Col14a1_O7<==>Hsp90ab1_T5,Col14a1_O7,Hsp90ab1_T5
Col14a1_O7<==>Eif1a_M0,Col14a1_O7,Eif1a_M0
Ndufb9_M0<==>Psmb8_T5,Ndufb9_M0,Psmb8_T5
Ndufb9_M0<==>AY036118_M0,Ndufb9_M0,AY036118_M0
Ndufb9_M0<==>Cyb561a3_M7,Ndufb9_M0,Cyb561a3_M7
Ndufb9_M0<==>Pten_M0,Ndufb9_M0,Pten_M0
Ndufb9_M0<==>Ndufb8_M0,Ndufb9_M0,Ndufb8_M0
Ndufb9_M4<==>Xist_T1,Ndufb9_M4,Xist_T1
Trib1_M4<==>mt-Nd2_T2,Trib1_M4,mt-Nd2_T2
Trib1_M4<==>mt-Co3_T2,Trib1_M4,mt-Co3_T2
Myc_B5<==>Lrg1_M2,Myc_B5,Lrg1_M2
Fam49b_B1<==>Ostf1_M1,Fam49b_B1,Ostf1_M1
Fam49b_B4<==>Zfp36l2_B3,Fam49b_B4,Zfp36l2_B3
Fam49b_B4<==>Atp5a1_M0,Fam49b_B4,Atp5a1_M0
Fam49b_M4<==>Tcf4_B1,Fam49b_M4,Tcf4_B1
Ago2_M3<==>Atp5g2_M3,Ago2_M3,Atp5g2_M3
Ago2_M3<==>Cdkn1a_M1,Ago2_M3,Cdkn1a_M1
Ago2_M3<==>Calm2_T1,Ago2_M3,Calm2_T1
Ago2_M3<==>Crem_M3,Ago2_M3,Crem_M3
Ago2_M3<==>Crem_M4,Ago2_M3,Crem_M4
Ago2_M3<==>Ms4a6c_M3,Ago2_M3,Ms4a6c_M3
Ago2_M3<==>Atp5md_B2,Ago2_M3,Atp5md_B2
Ago2_M4<==>Nr3c1_T1,Ago2_M4,Nr3c1_T1
Ago2_M4<==>Tnfaip8_M4,Ago2_M4,Tnfaip8_M4
Ago2_T5<==>Tgif1_M3,Ago2_T5,Tgif1_M3
Ly6d_B1<==>Rps2_M5,Ly6d_B1,Rps2_M5
Ly6d_B1<==>H2-D1_B4,Ly6d_B1,H2-D1_B4
Ly6d_B1<==>mt-Nd2_M5,Ly6d_B1,mt-Nd2_M5
Ly6d_B3<==>H2-Aa_M3,Ly6d_B3,H2-Aa_M3
Ly6d_B3<==>H2-Eb1_M3,Ly6d_B3,H2-Eb1_M3
Ly6d_B3<==>Hsp90ab1_M3,Ly6d_B3,Hsp90ab1_M3
Ly6d_B3<==>Ecscr_O10,Ly6d_B3,Ecscr_O10
Ly6d_B3<==>Cd74_M3,Ly6d_B3,Cd74_M3
Ly6d_M7<==>Tubb5_M4,Ly6d_M7,Tubb5_M4
Ly6e_B3<==>Rpl35a_T4,Ly6e_B3,Rpl35a_T4
Ly6e_B3<==>Pi16_O7,Ly6e_B3,Pi16_O7
Ly6e_B3<==>Prdx5_M1,Ly6e_B3,Prdx5_M1
Ly6e_B3<==>mt-Nd4l_B3,Ly6e_B3,mt-Nd4l_B3
Ly6e_M0<==>Rpl8_T4,Ly6e_M0,Rpl8_T4
Ly6e_M0<==>Lst1_M0,Ly6e_M0,Lst1_M0
Ly6e_M0<==>Lst1_M1,Ly6e_M0,Lst1_M1
Ly6e_M0<==>Rpl17_B1,Ly6e_M0,Rpl17_B1
Ly6e_M0<==>Fth1_B1,Ly6e_M0,Fth1_B1
Ly6e_M0<==>Rpl39_B5,Ly6e_M0,Rpl39_B5
Ly6e_M0<==>mt-Atp6_T4,Ly6e_M0,mt-Atp6_T4
Ly6e_M1<==>Litaf_M3,Ly6e_M1,Litaf_M3
Ly6e_M1<==>Crem_T3,Ly6e_M1,Crem_T3
Ly6e_M4<==>Slc38a2_B3,Ly6e_M4,Slc38a2_B3
Ly6e_M4<==>Ehd1_M3,Ly6e_M4,Ehd1_M3
Ly6e_M4<==>Ostf1_B1,Ly6e_M4,Ostf1_B1
Ly6e_M5<==>Atp5g2_M3,Ly6e_M5,Atp5g2_M3
Ly6e_M5<==>Zbtb20_B1,Ly6e_M5,Zbtb20_B1
Ly6e_M5<==>Srsf7_O10,Ly6e_M5,Srsf7_O10
Ly6e_M5<==>Nars_B3,Ly6e_M5,Nars_B3
Ly6e_M5<==>Rps4x_B2,Ly6e_M5,Rps4x_B2
Ly6e_M5<==>mt-Co2_T2,Ly6e_M5,mt-Co2_T2
Ly6e_M5<==>mt-Cytb_B2,Ly6e_M5,mt-Cytb_B2
Ly6e_T2<==>Iglv2_B3,Ly6e_T2,Iglv2_B3
Ly6e_T2<==>Btg3_B3,Ly6e_T2,Btg3_B3
Ly6i_M0<==>Fth1_M0,Ly6i_M0,Fth1_M0
Ly6a_B1<==>H2-K1_M5,Ly6a_B1,H2-K1_M5
Ly6a_B1<==>Tap1_M5,Ly6a_B1,Tap1_M5
Ly6a_B1<==>Ier3_M5,Ly6a_B1,Ier3_M5
Ly6a_B1<==>Myl12b_T5,Ly6a_B1,Myl12b_T5
Ly6a_B1<==>Ms4a4b_T5,Ly6a_B1,Ms4a4b_T5
Ly6a_B3<==>Malat1_M2,Ly6a_B3,Malat1_M2
Ly6a_M0<==>App_M5,Ly6a_M0,App_M5
Ly6a_T0<==>Rps18_M4,Ly6a_T0,Rps18_M4
Ly6a_T4<==>Atp5g2_B5,Ly6a_T4,Atp5g2_B5
Ly6a_T4<==>AW112010_T4,Ly6a_T4,AW112010_T4
Ly6a_T4<==>Pir_M7,Ly6a_T4,Pir_M7
Ly6a_T5<==>Atp5j_M0,Ly6a_T5,Atp5j_M0
Ly6a_T5<==>Ltb_T1,Ly6a_T5,Ltb_T1
Ly6a_T5<==>Gm42418_O10,Ly6a_T5,Gm42418_O10
Ly6a_T5<==>AW112010_T5,Ly6a_T5,AW112010_T5
Ly6c2_B3<==>Rps18_M3,Ly6c2_B3,Rps18_M3
Eef1d_M1<==>Csf2rb_M5,Eef1d_M1,Csf2rb_M5
Eef1d_M1<==>Litaf_M4,Eef1d_M1,Litaf_M4
Eef1d_M1<==>Iglc2_B4,Eef1d_M1,Iglc2_B4
Eef1d_M1<==>Dusp1_M3,Eef1d_M1,Dusp1_M3
Eef1d_M1<==>Crem_T2,Eef1d_M1,Crem_T2
Eef1d_M1<==>Eif1a_M3,Eef1d_M1,Eif1a_M3
Eef1d_M1<==>Ehd1_M3,Eef1d_M1,Ehd1_M3
Eef1d_T3<==>Eef1g_M3,Eef1d_T3,Eef1g_M3
Dgat1_T5<==>Cd86_B1,Dgat1_T5,Cd86_B1
Dgat1_T5<==>Paip2_T5,Dgat1_T5,Paip2_T5
Dgat1_T5<==>Got1_T2,Dgat1_T5,Got1_T2
Dgat1_T5<==>Ndufb11_B1,Dgat1_T5,Ndufb11_B1
Dgat1_T5<==>Tmsb4x_T7,Dgat1_T5,Tmsb4x_T7
Dgat1_T5<==>mt-Co3_B2,Dgat1_T5,mt-Co3_B2
Rpl8_B1<==>Rpl17_T4,Rpl8_B1,Rpl17_T4
Rpl8_B1<==>Rbm3_B1,Rpl8_B1,Rbm3_B1
Rpl8_B1<==>Lamp2_M3,Rpl8_B1,Lamp2_M3
Rpl8_B5<==>Malat1_T0,Rpl8_B5,Malat1_T0
Rpl8_B5<==>Fau_T2,Rpl8_B5,Fau_T2
Rpl8_B5<==>P2ry10_M4,Rpl8_B5,P2ry10_M4
Rpl8_B5<==>mt-Co2_T6,Rpl8_B5,mt-Co2_T6
Rpl8_M3<==>Rps10_M3,Rpl8_M3,Rps10_M3
Rpl8_M3<==>Rpl10a_M3,Rpl8_M3,Rpl10a_M3
Rpl8_M4<==>Rps18_M4,Rpl8_M4,Rps18_M4
Rpl8_M4<==>Rpl10_M1,Rpl8_M4,Rpl10_M1
Rpl8_T5<==>Rpl10a_T5,Rpl8_T5,Rpl10a_T5
Myh9_T1<==>Clic1_T4,Myh9_T1,Clic1_T4
Myh9_T1<==>mt-Co3_M5,Myh9_T1,mt-Co3_M5
Myh9_T4<==>Zfp36l2_T5,Myh9_T4,Zfp36l2_T5
Myh9_T4<==>Got1_M5,Myh9_T4,Got1_M5
Ncf4_M0<==>Ms4a6d_M0,Ncf4_M0,Ms4a6d_M0
Ncf4_M0<==>mt-Nd4_B1,Ncf4_M0,mt-Nd4_B1
Ncf4_M3<==>Tap1_M5,Ncf4_M3,Tap1_M5
Ncf4_M3<==>Tubb5_B4,Ncf4_M3,Tubb5_B4
Ncf4_M3<==>Got1_M5,Ncf4_M3,Got1_M5
Csf2rb2_M1<==>Slc38a2_B3,Csf2rb2_M1,Slc38a2_B3
Csf2rb2_M1<==>Srsf3_B5,Csf2rb2_M1,Srsf3_B5
Csf2rb2_M1<==>Got1_T2,Csf2rb2_M1,Got1_T2
Csf2rb2_M3<==>Slc38a2_B3,Csf2rb2_M3,Slc38a2_B3
Csf2rb2_M3<==>Ankrd12_T4,Csf2rb2_M3,Ankrd12_T4
Csf2rb2_M3<==>Tgif1_M3,Csf2rb2_M3,Tgif1_M3
Csf2rb2_M3<==>Cyb5a_M5,Csf2rb2_M3,Cyb5a_M5
Csf2rb_M1<==>Slc15a3_T7,Csf2rb_M1,Slc15a3_T7
Csf2rb_M3<==>Cdkn1a_M1,Csf2rb_M3,Cdkn1a_M1
Csf2rb_M3<==>Clic1_M3,Csf2rb_M3,Clic1_M3
Csf2rb_M3<==>Crem_M3,Csf2rb_M3,Crem_M3
Csf2rb_M4<==>Zbtb20_B1,Csf2rb_M4,Zbtb20_B1
Csf2rb_M4<==>Sh3bgr_M7,Csf2rb_M4,Sh3bgr_M7
Csf2rb_M4<==>Nr3c1_T4,Csf2rb_M4,Nr3c1_T4
Csf2rb_M4<==>Dusp5_M4,Csf2rb_M4,Dusp5_M4
Csf2rb_M4<==>mt-Atp6_B2,Csf2rb_M4,mt-Atp6_B2
Csf2rb_M5<==>Il2rb_T5,Csf2rb_M5,Il2rb_T5
Csf2rb_M5<==>Slc38a2_B3,Csf2rb_M5,Slc38a2_B3
Csf2rb_M5<==>Prr13_M3,Csf2rb_M5,Prr13_M3
Csf2rb_M5<==>Crem_T2,Csf2rb_M5,Crem_T2
Csf2rb_M5<==>Zeb1_T2,Csf2rb_M5,Zeb1_T2
Csf2rb_M5<==>Ndfip1_T4,Csf2rb_M5,Ndfip1_T4
Csf2rb_M5<==>Ehd1_M3,Csf2rb_M5,Ehd1_M3
Csf2rb_M5<==>Usp9x_M4,Csf2rb_M5,Usp9x_M4
Il2rb_T4<==>Rbx1_B1,Il2rb_T4,Rbx1_B1
Il2rb_T4<==>Slc38a2_B3,Il2rb_T4,Slc38a2_B3
Il2rb_T4<==>Vasn_O7,Il2rb_T4,Vasn_O7
Il2rb_T4<==>Iglc1_B2,Il2rb_T4,Iglc1_B2
Il2rb_T4<==>Iglc2_B2,Il2rb_T4,Iglc2_B2
Il2rb_T4<==>Cox17_B1,Il2rb_T4,Cox17_B1
Il2rb_T4<==>Has1_O7,Il2rb_T4,Has1_O7
Il2rb_T4<==>Crem_B1,Il2rb_T4,Crem_B1
Il2rb_T4<==>Crem_T3,Il2rb_T4,Crem_T3
Il2rb_T4<==>Eif1a_M3,Il2rb_T4,Eif1a_M3
Il2rb_T4<==>Ehd1_M3,Il2rb_T4,Ehd1_M3
Il2rb_T4<==>Rps4x_B2,Il2rb_T4,Rps4x_B2
Il2rb_T4<==>Sat1_B1,Il2rb_T4,Sat1_B1
Il2rb_T5<==>Myl12b_T5,Il2rb_T5,Myl12b_T5
Il2rb_T5<==>Srsf7_M5,Il2rb_T5,Srsf7_M5
Il2rb_T5<==>Zeb1_T2,Il2rb_T5,Zeb1_T2
Il2rb_T5<==>Got1_T2,Il2rb_T5,Got1_T2
Il2rb_T7<==>Eaf2_B3,Il2rb_T7,Eaf2_B3
Il2rb_T7<==>Crem_M1,Il2rb_T7,Crem_M1
Rac2_B4<==>Iglv3_B7,Rac2_B4,Iglv3_B7
Rac2_B4<==>mt-Nd1_T5,Rac2_B4,mt-Nd1_T5
Rac2_B4<==>mt-Atp6_B4,Rac2_B4,mt-Atp6_B4
Rac2_M4<==>Ighv1-83_B3,Rac2_M4,Ighv1-83_B3
Rac2_M5<==>Rac2_T5,Rac2_M5,Rac2_T5
Rac2_T0<==>Tcp1_M3,Rac2_T0,Tcp1_M3
Rac2_T0<==>Rps2_M1,Rac2_T0,Rps2_M1
Rac2_T0<==>H2-DMb1_M1,Rac2_T0,H2-DMb1_M1
Rac2_T0<==>Gm42418_M5,Rac2_T0,Gm42418_M5
Rac2_T0<==>Eif1a_M0,Rac2_T0,Eif1a_M0
Rac2_T3<==>mt-Nd5_M1,Rac2_T3,mt-Nd5_M1
Rac2_T4<==>H2-D1_B4,Rac2_T4,H2-D1_B4
Rac2_T7<==>Unc93b1_M1,Rac2_T7,Unc93b1_M1
Rpl3_B1<==>Slc38a2_M4,Rpl3_B1,Slc38a2_M4
Rpl3_M3<==>Rpl10a_M3,Rpl3_M3,Rpl10a_M3
Rpl3_M3<==>Rpl17_B0,Rpl3_M3,Rpl17_B0
Rpl3_M3<==>Entpd1_M1,Rpl3_M3,Entpd1_M1
Rpl3_M3<==>Rps4x_T2,Rpl3_M3,Rps4x_T2
Rpl3_M3<==>Morf4l2_M5,Rpl3_M3,Morf4l2_M5
Rpl3_T5<==>Rpl17_T0,Rpl3_T5,Rpl17_T0
Rpl3_T5<==>Ndufa1_M3,Rpl3_T5,Ndufa1_M3
Atf4_B3<==>Cldnd1_T5,Atf4_B3,Cldnd1_T5
Atf4_B3<==>Ier3_M1,Atf4_B3,Ier3_M1
Atf4_B3<==>Crem_T2,Atf4_B3,Crem_T2
Atf4_B3<==>Crem_T3,Atf4_B3,Crem_T3
Atf4_B3<==>Pold4_B0,Atf4_B3,Pold4_B0
Atf4_B3<==>Jak2_T2,Atf4_B3,Jak2_T2
Atf4_O7<==>Crem_T2,Atf4_O7,Crem_T2
Atf4_O7<==>Rpl17_T1,Atf4_O7,Rpl17_T1
Atf4_O7<==>Dusp5_T3,Atf4_O7,Dusp5_T3
Tnrc6b_B3<==>Slc38a2_B3,Tnrc6b_B3,Slc38a2_B3
Tnrc6b_B3<==>Satb1_T3,Tnrc6b_B3,Satb1_T3
Tnrc6b_B3<==>Zfp36l2_M3,Tnrc6b_B3,Zfp36l2_M3
Tnrc6b_B3<==>Crem_M4,Tnrc6b_B3,Crem_M4
Rbx1_B1<==>Atp5g2_M3,Rbx1_B1,Atp5g2_M3
Rbx1_B1<==>Cdkn1a_O10,Rbx1_B1,Cdkn1a_O10
Rbx1_B4<==>Iglv3_B1,Rbx1_B4,Iglv3_B1
Rbx1_B4<==>Cd47_M4,Rbx1_B4,Cd47_M4
Rbx1_M3<==>Psmb8_M3,Rbx1_M3,Psmb8_M3
Rbx1_M3<==>H2-D1_B4,Rbx1_M3,H2-D1_B4
Rbx1_M3<==>Plaat3_M5,Rbx1_M3,Plaat3_M5
Snu13_M3<==>H2-DMb1_M0,Snu13_M3,H2-DMb1_M0
Smdt1_B3<==>Mpc1_B3,Smdt1_B3,Mpc1_B3
Smdt1_M0<==>Ddx3x_M1,Smdt1_M0,Ddx3x_M1
Smdt1_M3<==>Sdf2l1_T5,Smdt1_M3,Sdf2l1_T5
Smdt1_M3<==>H2-K1_B1,Smdt1_M3,H2-K1_B1
Smdt1_M4<==>Prr13_M3,Smdt1_M4,Prr13_M3
Smdt1_M4<==>Rpl24_M3,Smdt1_M4,Rpl24_M3
Smdt1_M4<==>Has1_O7,Smdt1_M4,Has1_O7
Smdt1_M4<==>Ndfip1_B1,Smdt1_M4,Ndfip1_B1
Smdt1_M4<==>mt-Co3_B2,Smdt1_M4,mt-Co3_B2
Smdt1_T4<==>Rps2_T0,Smdt1_T4,Rps2_T0
Smdt1_T4<==>Rps2_T2,Smdt1_T4,Rps2_T2
Smdt1_T4<==>H2-T23_T5,Smdt1_T4,H2-T23_T5
Ndufa6_M0<==>Iglc2_B1,Ndufa6_M0,Iglc2_B1
Ndufa6_M3<==>AY036118_B3,Ndufa6_M3,AY036118_B3
Ndufa6_M3<==>Rbm3_T2,Ndufa6_M3,Rbm3_T2
Ndufa6_M3<==>Rpl39_T4,Ndufa6_M3,Rpl39_T4
Poldip3_M3<==>mt-Nd4_T2,Poldip3_M3,mt-Nd4_T2
Tspo_B3<==>Cdkn1a_M3,Tspo_B3,Cdkn1a_M3
Tspo_M0<==>Tspo_M5,Tspo_M0,Tspo_M5
Tspo_M0<==>Sod2_M5,Tspo_M0,Sod2_M5
Tspo_M0<==>Psmb8_M0,Tspo_M0,Psmb8_M0
Tspo_M0<==>AW112010_M0,Tspo_M0,AW112010_M0
Tspo_M0<==>Ostf1_M0,Tspo_M0,Ostf1_M0
Tspo_M1<==>Malat1_T2,Tspo_M1,Malat1_T2
Tspo_M1<==>Avpi1_T4,Tspo_M1,Avpi1_T4
Tspo_M3<==>Cox8a_B1,Tspo_M3,Cox8a_B1
Tspo_M3<==>Ostf1_M0,Tspo_M3,Ostf1_M0
Tspo_M5<==>Pcsk5_O7,Tspo_M5,Pcsk5_O7
Tspo_O7<==>Malat1_T2,Tspo_O7,Malat1_T2
Tspo_T0<==>Rps2_B1,Tspo_T0,Rps2_B1
Tspo_T0<==>Reep5_T2,Tspo_T0,Reep5_T2
Tspo_T0<==>AW112010_M5,Tspo_T0,AW112010_M5
Tspo_T3<==>Cox8a_T2,Tspo_T3,Cox8a_T2
Tspo_T4<==>Avpi1_T4,Tspo_T4,Avpi1_T4
Creld2_B3<==>H2-DMb2_B1,Creld2_B3,H2-DMb2_B1
Scaf11_B1<==>Ighv1-61_B3,Scaf11_B1,Ighv1-61_B3
Slc38a1_M1<==>Fth1_B0,Slc38a1_M1,Fth1_B0
Slc38a1_M3<==>Litaf_M4,Slc38a1_M3,Litaf_M4
Slc38a1_M3<==>Igkv3-7_B3,Slc38a1_M3,Igkv3-7_B3
Slc38a2_B3<==>H2-K1_B2,Slc38a2_B3,H2-K1_B2
Slc38a2_B3<==>Satb1_T3,Slc38a2_B3,Satb1_T3
Slc38a2_B3<==>Cebpz_B1,Slc38a2_B3,Cebpz_B1
Slc38a2_B3<==>Zfp36l2_M3,Slc38a2_B3,Zfp36l2_M3
Slc38a2_B3<==>Crem_B1,Slc38a2_B3,Crem_B1
Slc38a2_B3<==>Crem_T2,Slc38a2_B3,Crem_T2
Slc38a2_B3<==>Crem_T3,Slc38a2_B3,Crem_T3
Slc38a2_B3<==>Zeb1_T2,Slc38a2_B3,Zeb1_T2
Slc38a2_B3<==>Snrpd1_B5,Slc38a2_B3,Snrpd1_B5
Slc38a2_B3<==>Cyb5a_M5,Slc38a2_B3,Cyb5a_M5
Slc38a2_B3<==>Ehd1_M3,Slc38a2_B3,Ehd1_M3
Slc38a2_B3<==>mt-Atp6_B0,Slc38a2_B3,mt-Atp6_B0
Slc38a2_B3<==>mt-Co3_B2,Slc38a2_B3,mt-Co3_B2
Fkbp11_B3<==>Ndufb10_M3,Fkbp11_B3,Ndufb10_M3
Tuba1b_M5<==>Gm42418_B2,Tuba1b_M5,Gm42418_B2
Tuba1b_M5<==>Gm42418_T3,Tuba1b_M5,Gm42418_T3
Tuba1b_M5<==>Gm42418_T4,Tuba1b_M5,Gm42418_T4
Tmbim6_M3<==>Igkv17-121_B3,Tmbim6_M3,Igkv17-121_B3
Tmbim6_M4<==>Iglv3_B0,Tmbim6_M4,Iglv3_B0
Tmbim6_M4<==>H2-Q7_T2,Tmbim6_M4,H2-Q7_T2
Tmbim6_O10<==>Sod2_M3,Tmbim6_O10,Sod2_M3
Dazap2_M0<==>Ube2i_M0,Dazap2_M0,Ube2i_M0
Dazap2_M0<==>Tapbp_M0,Dazap2_M0,Tapbp_M0
Dazap2_M0<==>Rps18_B2,Dazap2_M0,Rps18_B2
Dazap2_M0<==>Unc93b1_B4,Dazap2_M0,Unc93b1_B4
Dazap2_M0<==>Pgk1_M0,Dazap2_M0,Pgk1_M0
Grasp_M3<==>Pla2g7_M0,Grasp_M3,Pla2g7_M0
Krt83_T7<==>AW112010_T7,Krt83_T7,AW112010_T7
Eif4b_M1<==>Atp5a1_M0,Eif4b_M1,Atp5a1_M0
Igfbp6_O7<==>Son_B2,Igfbp6_O7,Son_B2
Igfbp6_O7<==>Pi16_O7,Igfbp6_O7,Pi16_O7
Igfbp6_O7<==>Lst1_M0,Igfbp6_O7,Lst1_M0
Igfbp6_O7<==>mt-Nd3_B3,Igfbp6_O7,mt-Nd3_B3
Pfdn5_B4<==>Eif3a_B3,Pfdn5_B4,Eif3a_B3
Pfdn5_B4<==>Slc25a5_B4,Pfdn5_B4,Slc25a5_B4
Pfdn5_B4<==>mt-Co3_B4,Pfdn5_B4,mt-Co3_B4
Pfdn5_M3<==>Cox7a2l_M0,Pfdn5_M3,Cox7a2l_M0
Pfdn5_M3<==>Ndufa2_T3,Pfdn5_M3,Ndufa2_T3
Pfdn5_M3<==>Rpl17_B2,Pfdn5_M3,Rpl17_B2
Pfdn5_M3<==>Rps4x_B5,Pfdn5_M3,Rps4x_B5
Prr13_M1<==>Ostf1_T7,Prr13_M1,Ostf1_T7
Prr13_M1<==>Ighv7-2_B3,Prr13_M1,Ighv7-2_B3
Prr13_M3<==>Srsf3_B2,Prr13_M3,Srsf3_B2
Prr13_M3<==>H2-D1_B1,Prr13_M3,H2-D1_B1
Pcbp2_T2<==>D16Ertd472e_B3,Pcbp2_T2,D16Ertd472e_B3
Pcbp2_T2<==>Sat1_M3,Pcbp2_T2,Sat1_M3
Atp5g2_B1<==>Ubxn1_T7,Atp5g2_B1,Ubxn1_T7
Atp5g2_B5<==>Iglv3_B0,Atp5g2_B5,Iglv3_B0
Atp5g2_B5<==>Malt1_B5,Atp5g2_B5,Malt1_B5
Atp5g2_M3<==>Zbtb20_B1,Atp5g2_M3,Zbtb20_B1
Atp5g2_M3<==>Satb1_T3,Atp5g2_M3,Satb1_T3
Atp5g2_M3<==>Cebpz_B1,Atp5g2_M3,Cebpz_B1
Atp5g2_M3<==>Crem_M3,Atp5g2_M3,Crem_M3
Atp5g2_M3<==>Crem_M4,Atp5g2_M3,Crem_M4
Atp5g2_M3<==>Crem_T3,Atp5g2_M3,Crem_T3
Atp5g2_M3<==>Nr3c1_T4,Atp5g2_M3,Nr3c1_T4
Atp5g2_M3<==>Jak2_M3,Atp5g2_M3,Jak2_M3
Atp5g2_M3<==>Rps4x_B2,Atp5g2_M3,Rps4x_B2
Atp5g2_M3<==>mt-Cytb_T2,Atp5g2_M3,mt-Cytb_T2
Atp5g2_T1<==>Pten_M0,Atp5g2_T1,Pten_M0
Atp5g2_T3<==>Cox8a_B1,Atp5g2_T3,Cox8a_B1
Atp5g2_T4<==>Rpl10a_B1,Atp5g2_T4,Rpl10a_B1
Atp5g2_T4<==>Lrg1_M2,Atp5g2_T4,Lrg1_M2
Hnrnpa1_B1<==>Psmb8_M3,Hnrnpa1_B1,Psmb8_M3
Hnrnpa1_B1<==>Ltb_T5,Hnrnpa1_B1,Ltb_T5
Hnrnpa1_B1<==>mt-Atp8_B1,Hnrnpa1_B1,mt-Atp8_B1
Hnrnpa1_T4<==>Nckap1l_M1,Hnrnpa1_T4,Nckap1l_M1
Hnrnpa1_T4<==>Zeb1_T1,Hnrnpa1_T4,Zeb1_T1
Hnrnpa1_T7<==>Rpl36_M3,Hnrnpa1_T7,Rpl36_M3
Hnrnpa1_T7<==>Rbm3_B1,Hnrnpa1_T7,Rbm3_B1
Nckap1l_M1<==>Rps2_O7,Nckap1l_M1,Rps2_O7
Nckap1l_M1<==>Gm42418_T5,Nckap1l_M1,Gm42418_T5
Vasn_O7<==>Has1_O7,Vasn_O7,Has1_O7
Vasn_O7<==>Cdkn1a_O10,Vasn_O7,Cdkn1a_O10
Vasn_O7<==>H2-Ab1_B1,Vasn_O7,H2-Ab1_B1
Vasn_O7<==>Crem_T3,Vasn_O7,Crem_T3
Ciita_B4<==>Pgk1_B4,Ciita_B4,Pgk1_B4
Litaf_M4<==>Clic1_M3,Litaf_M4,Clic1_M3
Litaf_M4<==>Crem_M3,Litaf_M4,Crem_M3
Litaf_M4<==>Crem_M4,Litaf_M4,Crem_M4
Litaf_M4<==>Dusp5_M5,Litaf_M4,Dusp5_M5
Txndc11_B3<==>Psmb1_T4,Txndc11_B3,Psmb1_T4
Txndc11_B3<==>Rpl10_T5,Txndc11_B3,Rpl10_T5
Txndc11_B3<==>mt-Nd4l_B2,Txndc11_B3,mt-Nd4l_B2
Txndc11_B3<==>mt-Nd4_T4,Txndc11_B3,mt-Nd4_T4
Rsl1d1_T5<==>mt-Nd5_T4,Rsl1d1_T5,mt-Nd5_T4
Sdf2l1_B3<==>Mbd2_T4,Sdf2l1_B3,Mbd2_T4
Sdf2l1_T5<==>Ctsw_T3,Sdf2l1_T5,Ctsw_T3
Iglc1_B1<==>AW112010_T7,Iglc1_B1,AW112010_T7
Iglc1_B2<==>Iglc2_B2,Iglc1_B2,Iglc2_B2
Iglc1_B2<==>mt-Nd3_T4,Iglc1_B2,mt-Nd3_T4
Iglc1_B3<==>Iglv1_B4,Iglc1_B3,Iglv1_B4
Iglc1_B3<==>mt-Cytb_B3,Iglc1_B3,mt-Cytb_B3
Iglc1_B4<==>Iglv1_B4,Iglc1_B4,Iglv1_B4
Iglc1_B4<==>Cd47_O10,Iglc1_B4,Cd47_O10
Iglc1_B5<==>Cd14_M2,Iglc1_B5,Cd14_M2
Iglc3_B0<==>Srsf7_B1,Iglc3_B0,Srsf7_B1
Iglc3_B0<==>Crem_B0,Iglc3_B0,Crem_B0
Iglc3_B1<==>Psmb8_T7,Iglc3_B1,Psmb8_T7
Iglc3_B1<==>H2-Q7_M5,Iglc3_B1,H2-Q7_M5
Iglc3_B1<==>Srsf7_B1,Iglc3_B1,Srsf7_B1
Iglc3_B1<==>Rpl39_B1,Iglc3_B1,Rpl39_B1
Iglc3_B2<==>Iglc2_B2,Iglc3_B2,Iglc2_B2
Iglc3_B2<==>Cd47_T7,Iglc3_B2,Cd47_T7
Iglc3_B2<==>Malt1_B2,Iglc3_B2,Malt1_B2
Iglc3_B2<==>AW112010_T7,Iglc3_B2,AW112010_T7
Iglc3_B3<==>Hsp90ab1_B2,Iglc3_B3,Hsp90ab1_B2
Iglc3_M7<==>Ddx3x_O7,Iglc3_M7,Ddx3x_O7
Iglv1_B0<==>Rpl10a_M3,Iglv1_B0,Rpl10a_M3
Iglv1_B0<==>Srsf7_T2,Iglv1_B0,Srsf7_T2
Iglv1_B0<==>Paip2_T2,Iglv1_B0,Paip2_T2
Iglv1_B0<==>Csnk1a1_M3,Iglv1_B0,Csnk1a1_M3
Iglv1_B0<==>Mxi1_T5,Iglv1_B0,Mxi1_T5
Iglv1_B1<==>Rpl24_M4,Iglv1_B1,Rpl24_M4
Iglv1_B1<==>Psmb9_M4,Iglv1_B1,Psmb9_M4
Iglv1_B1<==>Rpl36_T5,Iglv1_B1,Rpl36_T5
Iglv1_B5<==>Son_B2,Iglv1_B5,Son_B2
Iglv1_B7<==>Tgif1_M3,Iglv1_B7,Tgif1_M3
Iglc2_B0<==>Iglc2_B5,Iglc2_B0,Iglc2_B5
Iglc2_B2<==>Iglc2_B5,Iglc2_B2,Iglc2_B5
Iglc2_B2<==>Mpc1_M4,Iglc2_B2,Mpc1_M4
Iglc2_B2<==>AW112010_T7,Iglc2_B2,AW112010_T7
Iglc2_B2<==>Sat1_B1,Iglc2_B2,Sat1_B1
Iglc2_B3<==>Rpl24_T7,Iglc2_B3,Rpl24_T7
Iglc2_B3<==>mt-Nd4_B3,Iglc2_B3,mt-Nd4_B3
Iglc2_B6_0<==>Rpl36_T1,Iglc2_B6_0,Rpl36_T1
Iglc2_B6_0<==>Malat1_T3,Iglc2_B6_0,Malat1_T3
Iglc2_B6_0<==>Rpl10_M3,Iglc2_B6_0,Rpl10_M3
Iglc2_B7<==>Cox7a2l_T2,Iglc2_B7,Cox7a2l_T2
Iglv3_B0<==>mt-Nd1_B2,Iglv3_B0,mt-Nd1_B2
Iglv3_B1<==>mt-Co3_B5,Iglv3_B1,mt-Co3_B5
Iglv3_B2<==>mt-Nd5_M0,Iglv3_B2,mt-Nd5_M0
Iglv3_B4<==>Mpeg1_M3,Iglv3_B4,Mpeg1_M3
Iglv3_B5<==>Mpeg1_M3,Iglv3_B5,Mpeg1_M3
Pak2_B1<==>Paip2_T2,Pak2_B1,Paip2_T2
Pak2_B1<==>Rps14_M5,Pak2_B1,Rps14_M5
Pak2_B1<==>Cdk2ap2_M0,Pak2_B1,Cdk2ap2_M0
Pak2_M1<==>mt-Nd4_B1,Pak2_M1,mt-Nd4_B1
Nrros_M3<==>Myof_M0,Nrros_M3,Myof_M0
Rpl35a_B3<==>Paip2_B3,Rpl35a_B3,Paip2_B3
Rpl35a_M3<==>Ube2i_M0,Rpl35a_M3,Ube2i_M0
Rpl35a_M3<==>H2-D1_M3,Rpl35a_M3,H2-D1_M3
Rpl35a_M3<==>H2-Q7_T3,Rpl35a_M3,H2-Q7_T3
Rpl35a_M3<==>Ehd1_M2,Rpl35a_M3,Ehd1_M2
Rpl35a_M3<==>Cox8a_M0,Rpl35a_M3,Cox8a_M0
Rpl35a_M3<==>Rpl39_M3,Rpl35a_M3,Rpl39_M3
Rpl35a_M5<==>Psmb8_B2,Rpl35a_M5,Psmb8_B2
Rpl35a_M5<==>Ltb_T1,Rpl35a_M5,Ltb_T1
Rpl35a_M5<==>Cd74_M4,Rpl35a_M5,Cd74_M4
Rpl35a_O7<==>Srsf3_B1,Rpl35a_O7,Srsf3_B1
Rpl35a_T4<==>Calm2_T3,Rpl35a_T4,Calm2_T3
Rpl35a_T4<==>Rpl39_T4,Rpl35a_T4,Rpl39_T4
Rpl35a_T4<==>mt-Nd3_B2,Rpl35a_T4,mt-Nd3_B2
Cd86_M0<==>Nrip1_T2,Cd86_M0,Nrip1_T2
Cd86_M0<==>mt-Nd3_B1,Cd86_M0,mt-Nd3_B1
Cd86_M0<==>mt-Nd5_M0,Cd86_M0,mt-Nd5_M0
Cd86_M0<==>Ighv1-82_B3,Cd86_M0,Ighv1-82_B3
Cd86_M0<==>Ighv1-25_B3,Cd86_M0,Ighv1-25_B3
Cd86_M3<==>Ehd1_M1,Cd86_M3,Ehd1_M1
Eaf2_B3<==>Nrip1_T1,Eaf2_B3,Nrip1_T1
Hcls1_B4<==>Psmb8_M3,Hcls1_B4,Psmb8_M3
Hcls1_M0<==>Ets2_M5,Hcls1_M0,Ets2_M5
Hcls1_M0<==>Ppp1ca_M0,Hcls1_M0,Ppp1ca_M0
Cox17_B1<==>Crem_B1,Cox17_B1,Crem_B1
Cox17_B1<==>Kif5b_M1,Cox17_B1,Kif5b_M1
Cox17_B1<==>Eif1a_M3,Cox17_B1,Eif1a_M3
Cox17_B1<==>Rps4x_B2,Cox17_B1,Rps4x_B2
Cox17_M0<==>Rps28_M3,Cox17_M0,Rps28_M3
Cox17_M0<==>Lst1_M1,Cox17_M0,Lst1_M1
Cox17_M0<==>Calm2_B1,Cox17_M0,Calm2_B1
Cox17_M0<==>Rpl17_T4,Cox17_M0,Rpl17_T4
Cox17_M0<==>Rpl39_B2,Cox17_M0,Rpl39_B2
Cox17_M0<==>mt-Co2_T2,Cox17_M0,mt-Co2_T2
Cox17_M0<==>mt-Atp6_T5,Cox17_M0,mt-Atp6_T5
Cox17_M0<==>mt-Co3_T5,Cox17_M0,mt-Co3_T5
Cox17_M1<==>Rpl24_T5,Cox17_M1,Rpl24_T5
Cox17_M3<==>Atp5md_B5,Cox17_M3,Atp5md_B5
Cox17_T4<==>Rpl36_B1,Cox17_T4,Rpl36_B1
Cox17_T4<==>Unc93b1_M0,Cox17_T4,Unc93b1_M0
Cox17_T4<==>Ppp1ca_M0,Cox17_T4,Ppp1ca_M0
Cox17_T4<==>Tmem258_T4,Cox17_T4,Tmem258_T4
Cox17_T4<==>mt-Nd3_M5,Cox17_T4,mt-Nd3_M5
Zbtb20_B1<==>Nr3c1_T4,Zbtb20_B1,Nr3c1_T4
Zbtb20_B1<==>Ehd1_M3,Zbtb20_B1,Ehd1_M3
Trat1_T0<==>Mxi1_T5,Trat1_T0,Mxi1_T5
Retnlg_M2<==>Srsf3_M3,Retnlg_M2,Srsf3_M3
Retnlg_M2<==>Atp5a1_M0,Retnlg_M2,Atp5a1_M0
Cd47_B3<==>H2-Aa_O10,Cd47_B3,H2-Aa_O10
Cd47_M0<==>Sec11c_T4,Cd47_M0,Sec11c_T4
Cd47_M0<==>Avpi1_M3,Cd47_M0,Avpi1_M3
Cd47_M0<==>mt-Cytb_M0,Cd47_M0,mt-Cytb_M0
Cd47_M3<==>Ndfip1_T3,Cd47_M3,Ndfip1_T3
Cd47_M3<==>Ighv1-61_B3,Cd47_M3,Ighv1-61_B3
Cd47_T1<==>Nrip1_M4,Cd47_T1,Nrip1_M4
Cd47_T1<==>Rps2_B4,Cd47_T1,Rps2_B4
Cd47_T4<==>H2-K1_M5,Cd47_T4,H2-K1_M5
Cd47_T4<==>Epcam_B3,Cd47_T4,Epcam_B3
Cd47_T4<==>Ndfip1_T4,Cd47_T4,Ndfip1_T4
Cd47_T7<==>AW112010_T7,Cd47_T7,AW112010_T7
Cblb_T6<==>Srsf7_M5,Cblb_T6,Srsf7_M5
Nfkbiz_M5<==>Atp6v0e_T1,Nfkbiz_M5,Atp6v0e_T1
Nfkbiz_M5<==>Ndufv2_M4,Nfkbiz_M5,Ndufv2_M4
Rpl24_B2<==>mt-Cytb_T4,Rpl24_B2,mt-Cytb_T4
Rpl24_M3<==>Elob_B1,Rpl24_M3,Elob_B1
Rpl24_M3<==>Rps2_O7,Rpl24_M3,Rps2_O7
Rpl24_M3<==>Rps18_M3,Rpl24_M3,Rps18_M3
Rpl24_M3<==>H2-DMb2_B1,Rpl24_M3,H2-DMb2_B1
Rpl24_M3<==>H2-Ob_B1,Rpl24_M3,H2-Ob_B1
Rpl24_M3<==>H2-D1_B1,Rpl24_M3,H2-D1_B1
Rpl24_M3<==>Rpl17_B0,Rpl24_M3,Rpl17_B0
Rpl24_M3<==>Ostf1_B1,Rpl24_M3,Ostf1_B1
Rpl24_T2<==>Gm42418_M7,Rpl24_T2,Gm42418_M7
Rpl24_T2<==>Mbd2_T4,Rpl24_T2,Mbd2_T4
Cldnd1_M5<==>H2-DMa_B2,Cldnd1_M5,H2-DMa_B2
Cldnd1_T2<==>Paip2_B3,Cldnd1_T2,Paip2_B3
Cldnd1_T5<==>Usp9x_M4,Cldnd1_T5,Usp9x_M4
Cggbp1_M3<==>Srsf3_B1,Cggbp1_M3,Srsf3_B1
Samsn1_T2<==>Ets2_M5,Samsn1_T2,Ets2_M5
Samsn1_T2<==>Rpl17_T5,Samsn1_T2,Rpl17_T5
Samsn1_T2<==>mt-Nd4l_B1,Samsn1_T2,mt-Nd4l_B1
Samsn1_T7<==>H2-Aa_M1,Samsn1_T7,H2-Aa_M1
Samsn1_T7<==>Cd74_M1,Samsn1_T7,Cd74_M1
Samsn1_T7<==>Atp5md_T1,Samsn1_T7,Atp5md_T1
Nrip1_M4<==>Fth1_O7,Nrip1_M4,Fth1_O7
Nrip1_M5<==>Rps4x_T5,Nrip1_M5,Rps4x_T5
Nrip1_T2<==>Ltb_B1,Nrip1_T2,Ltb_B1
Nrip1_T2<==>Sfr1_B3,Nrip1_T2,Sfr1_B3
Nrip1_T5<==>H2-Oa_B2,Nrip1_T5,H2-Oa_B2
Nrip1_T5<==>Reep5_B3,Nrip1_T5,Reep5_B3
Btg3_B3<==>Gramd3_T3,Btg3_B3,Gramd3_T3
D16Ertd472e_T2<==>Sh3bgrl_M3,D16Ertd472e_T2,Sh3bgrl_M3
Atp5j_M0<==>C3_M0,Atp5j_M0,C3_M0
App_M0<==>Tapbp_M5,App_M0,Tapbp_M5
App_M0<==>H2-K1_M5,App_M0,H2-K1_M5
App_M0<==>H2-T23_M3,App_M0,H2-T23_M3
App_M0<==>Tomm6_M0,App_M0,Tomm6_M0
App_M0<==>Cox8a_B2,App_M0,Cox8a_B2
App_M5<==>H2-T23_M5,App_M5,H2-T23_M5
Adamts1_O7<==>Ifngr2_M3,Adamts1_O7,Ifngr2_M3
Adamts1_O7<==>H2-D1_B5,Adamts1_O7,H2-D1_B5
Cct8_T5<==>H2-Q6_B2,Cct8_T5,H2-Q6_B2
Sod1_M3<==>Rps18_T3,Sod1_M3,Rps18_T3
Ifnar2_B3<==>mt-Cytb_T6,Ifnar2_B3,mt-Cytb_T6
Ifnar1_B0<==>H2-Eb1_B3,Ifnar1_B0,H2-Eb1_B3
Ifnar1_M3<==>Tmsb4x_M5,Ifnar1_M3,Tmsb4x_M5
Ifngr2_M3<==>Elob_B1,Ifngr2_M3,Elob_B1
Ifngr2_M3<==>H2-Ab1_B0,Ifngr2_M3,H2-Ab1_B0
Ifngr2_M3<==>Ndfip1_T0,Ifngr2_M3,Ndfip1_T0
Ifngr2_M3<==>Eif1a_M4,Ifngr2_M3,Eif1a_M4
Ifngr2_M4<==>Srsf7_M5,Ifngr2_M4,Srsf7_M5
Ifngr2_M4<==>P2ry10_T5,Ifngr2_M4,P2ry10_T5
Tmem50b_M4<==>Gm42418_O10,Tmem50b_M4,Gm42418_O10
Son_B5<==>H2-Aa_M0,Son_B5,H2-Aa_M0
Atp5o_M3<==>Cox7b_M0,Atp5o_M3,Cox7b_M0
Runx1_M3<==>Ezr_B3,Runx1_M3,Ezr_B3
Runx1_M4<==>Mpeg1_M4,Runx1_M4,Mpeg1_M4
Ets2_M5<==>Fndc1_O7,Ets2_M5,Fndc1_O7
Ets2_M5<==>Cdkn1a_M0,Ets2_M5,Cdkn1a_M0
Ets2_M5<==>Rps14_M5,Ets2_M5,Rps14_M5
Ets2_M5<==>Fermt3_M1,Ets2_M5,Fermt3_M1
Ets2_M5<==>Tmem258_T4,Ets2_M5,Tmem258_T4
Ets2_M5<==>mt-Nd3_M5,Ets2_M5,mt-Nd3_M5
Ezr_B3<==>AW112010_T2,Ezr_B3,AW112010_T2
Fgfr1op_M4<==>Aif1_M3,Fgfr1op_M4,Aif1_M3
Mpc1_B3<==>Rps4x_T5,Mpc1_B3,Rps4x_T5
Mpc1_B5<==>Rpl17_T3,Mpc1_B5,Rpl17_T3
Mpc1_M3<==>Dusp5_M1,Mpc1_M3,Dusp5_M1
Mpc1_M3<==>Ndufa1_M0,Mpc1_M3,Ndufa1_M0
Mpc1_M4<==>Mpp7_T7,Mpc1_M4,Mpp7_T7
Mpc1_M4<==>Ostf1_T7,Mpc1_M4,Ostf1_T7
Sod2_M5<==>Plaat3_M4,Sod2_M5,Plaat3_M4
Psmb1_B1<==>mt-Nd4l_B4,Psmb1_B1,mt-Nd4l_B4
Psmb1_M0<==>P2ry10_T4,Psmb1_M0,P2ry10_T4
Psmb1_T2<==>Ndufa2_T3,Psmb1_T2,Ndufa2_T3
Psmb1_T2<==>Iigp1_M0,Psmb1_T2,Iigp1_M0
Psmb1_T4<==>H2-D1_M3,Psmb1_T4,H2-D1_M3
Lnpep_B1<==>Psmb9_B4,Lnpep_B1,Psmb9_B4
Lnpep_B1<==>mt-Nd2_B1,Lnpep_B1,mt-Nd2_B1
Has1_O7<==>Etf1_M0,Has1_O7,Etf1_M0
Has1_O7<==>Pcsk5_O7,Has1_O7,Pcsk5_O7
Elob_B1<==>Pim1_B3,Elob_B1,Pim1_B3
Elob_B1<==>Rps18_M3,Elob_B1,Rps18_M3
Elob_B1<==>H2-Ob_B1,Elob_B1,H2-Ob_B1
Elob_B1<==>H2-D1_B2,Elob_B1,H2-D1_B2
Elob_B1<==>Rpl17_B2,Elob_B1,Rpl17_B2
Elob_B1<==>Rps4x_B2,Elob_B1,Rps4x_B2
Elob_B1<==>Rps4x_M3,Elob_B1,Rps4x_M3
Elob_M3<==>H2-Aa_M3,Elob_M3,H2-Aa_M3
Elob_M3<==>H2-Eb1_M3,Elob_M3,H2-Eb1_M3
Elob_M3<==>Gm26917_B7,Elob_M3,Gm26917_B7
Elob_M3<==>Smchd1_B2,Elob_M3,Smchd1_B2
Elob_M3<==>Cd74_M3,Elob_M3,Cd74_M3
Elob_M3<==>Rps4x_B0,Elob_M3,Rps4x_B0
Elob_T2<==>Cox8a_T1,Elob_T2,Cox8a_T1
Elob_T2<==>Fth1_T4,Elob_T2,Fth1_T4
Elob_T2<==>Ms4a6b_M1,Elob_T2,Ms4a6b_M1
Atp6v0c_B1<==>Satb1_T5,Atp6v0c_B1,Satb1_T5
Atp6v0c_B1<==>Zeb1_T6,Atp6v0c_B1,Zeb1_T6
Atp6v0c_B1<==>Xist_B0,Atp6v0c_B1,Xist_B0
Atp6v0c_B3<==>Tnfaip8_M4,Atp6v0c_B3,Tnfaip8_M4
Atp6v0c_M5<==>Psmb8_T5,Atp6v0c_M5,Psmb8_T5
Atp6v0c_M5<==>Malt1_M5,Atp6v0c_M5,Malt1_M5
Atp6v0c_T1<==>Zeb1_T6,Atp6v0c_T1,Zeb1_T6
Atp6v0c_T1<==>Ndufa2_B1,Atp6v0c_T1,Ndufa2_B1
Atp6v0c_T4<==>H2-Oa_M4,Atp6v0c_T4,H2-Oa_M4
Rps2_B0<==>Rps2_T1,Rps2_B0,Rps2_T1
Rps2_B0<==>Cox8a_B1,Rps2_B0,Cox8a_B1
Rps2_B0<==>Xist_B0,Rps2_B0,Xist_B0
Rps2_B1<==>Rps2_B2,Rps2_B1,Rps2_B2
Rps2_B1<==>Rps2_B5,Rps2_B1,Rps2_B5
Rps2_B1<==>Rps2_M4,Rps2_B1,Rps2_M4
Rps2_B1<==>Rps2_T0,Rps2_B1,Rps2_T0
Rps2_B1<==>Rps2_T1,Rps2_B1,Rps2_T1
Rps2_B1<==>Rps2_T2,Rps2_B1,Rps2_T2
Rps2_B1<==>Rps2_T4,Rps2_B1,Rps2_T4
Rps2_B1<==>Rps2_T5,Rps2_B1,Rps2_T5
Rps2_B1<==>H2-T23_T5,Rps2_B1,H2-T23_T5
Rps2_B1<==>Xist_B3,Rps2_B1,Xist_B3
Rps2_B2<==>Rps2_T2,Rps2_B2,Rps2_T2
Rps2_B2<==>Rps2_T4,Rps2_B2,Rps2_T4
Rps2_B2<==>Rps2_T5,Rps2_B2,Rps2_T5
Rps2_B2<==>Psmb8_M0,Rps2_B2,Psmb8_M0
Rps2_B2<==>Rpl10_B1,Rps2_B2,Rpl10_B1
Rps2_B3<==>Rps2_T1,Rps2_B3,Rps2_T1
Rps2_B3<==>Rps2_T3,Rps2_B3,Rps2_T3
Rps2_B4<==>Pgk1_B4,Rps2_B4,Pgk1_B4
Rps2_B5<==>Rps2_M4,Rps2_B5,Rps2_M4
Rps2_B5<==>Rps2_T1,Rps2_B5,Rps2_T1
Rps2_B5<==>Psmb8_M0,Rps2_B5,Psmb8_M0
Rps2_B5<==>H2-T23_T5,Rps2_B5,H2-T23_T5
Rps2_B5<==>Xist_B0,Rps2_B5,Xist_B0
Rps2_M0<==>Rps2_M4,Rps2_M0,Rps2_M4
Rps2_M0<==>Rps2_T6,Rps2_M0,Rps2_T6
Rps2_M0<==>Atp5a1_M0,Rps2_M0,Atp5a1_M0
Rps2_M0<==>Prdx5_M5,Rps2_M0,Prdx5_M5
Rps2_M0<==>Cox8a_M0,Rps2_M0,Cox8a_M0
Rps2_M0<==>Fth1_M5,Rps2_M0,Fth1_M5
Rps2_M0<==>Cyb561a3_M7,Rps2_M0,Cyb561a3_M7
Rps2_M1<==>mt-Cytb_T2,Rps2_M1,mt-Cytb_T2
Rps2_M4<==>Rps2_T2,Rps2_M4,Rps2_T2
Rps2_M4<==>H2-T23_T5,Rps2_M4,H2-T23_T5
Rps2_M4<==>Tomm6_T4,Rps2_M4,Tomm6_T4
Rps2_M5<==>H2-T23_B3,Rps2_M5,H2-T23_B3
Rps2_M7<==>Rps2_T6,Rps2_M7,Rps2_T6
Rps2_M7<==>Psmb8_B3,Rps2_M7,Psmb8_B3
Rps2_O7<==>H2-Ab1_B1,Rps2_O7,H2-Ab1_B1
Rps2_T1<==>Snrpd1_T5,Rps2_T1,Snrpd1_T5
Rps2_T2<==>Rps2_T3,Rps2_T2,Rps2_T3
Rps2_T2<==>Rps2_T4,Rps2_T2,Rps2_T4
Rps2_T2<==>Rpl10_B1,Rps2_T2,Rpl10_B1
Rps2_T3<==>Rps18_T3,Rps2_T3,Rps18_T3
Rps2_T3<==>H2-K1_B2,Rps2_T3,H2-K1_B2
Rps2_T3<==>Rpl10_B1,Rps2_T3,Rpl10_B1
Rps2_T3<==>mt-Nd4l_T1,Rps2_T3,mt-Nd4l_T1
Rps2_T4<==>H2-T23_T5,Rps2_T4,H2-T23_T5
Rps2_T4<==>Cox8a_M0,Rps2_T4,Cox8a_M0
Rps2_T4<==>Fth1_B0,Rps2_T4,Fth1_B0
Rps2_T4<==>Rpl10_B1,Rps2_T4,Rpl10_B1
Rps2_T4<==>Rpl10_T4,Rps2_T4,Rpl10_T4
Rps2_T5<==>Cybb_B1,Rps2_T5,Cybb_B1
Rps2_T5<==>Rpl10_B1,Rps2_T5,Rpl10_B1
Rps2_T5<==>mt-Co3_M1,Rps2_T5,mt-Co3_M1
Rps2_T6<==>Tomm6_T4,Rps2_T6,Tomm6_T4
Rps2_T6<==>Pgk1_M5,Rps2_T6,Pgk1_M5
Ndufb10_M3<==>Tmem134_B3,Ndufb10_M3,Tmem134_B3
Ndufb10_M3<==>Fkbp2_B3,Ndufb10_M3,Fkbp2_B3
Msrb1_M1<==>Prdx5_M1,Msrb1_M1,Prdx5_M1
Msrb1_M1<==>Fth1_M1,Msrb1_M1,Fth1_M1
Msrb1_M1<==>Ostf1_M1,Msrb1_M1,Ostf1_M1
Msrb1_M5<==>Ube2i_M3,Msrb1_M5,Ube2i_M3
Msrb1_M5<==>Prdx5_M5,Msrb1_M5,Prdx5_M5
Msrb1_M5<==>Cyb561a3_M7,Msrb1_M5,Cyb561a3_M7
Ube2i_M3<==>Ms4a6b_T5,Ube2i_M3,Ms4a6b_T5
Ube2i_T5<==>Ighv14-1_B3,Ube2i_T5,Ighv14-1_B3
Atp6v0e_T1<==>Nono_M4,Atp6v0e_T1,Nono_M4
Uqcc2_M4<==>H2-D1_B4,Uqcc2_M4,H2-D1_B4
Uqcc2_M4<==>Unc93b1_M3,Uqcc2_M4,Unc93b1_M3
Rps10_M2<==>Rps14_M4,Rps10_M2,Rps14_M4
Rps10_M2<==>Rpl17_M4,Rps10_M2,Rpl17_M4
Rps10_M3<==>Rps18_M3,Rps10_M3,Rps18_M3
Rps10_M3<==>Rps14_M3,Rps10_M3,Rps14_M3
Rps10_M3<==>Rps4x_M3,Rps10_M3,Rps4x_M3
Rps10_M4<==>Rps14_M4,Rps10_M4,Rps14_M4
Rps10_T1<==>Rps18_T3,Rps10_T1,Rps18_T3
Rps10_T1<==>Rpl17_T1,Rps10_T1,Rpl17_T1
Rps10_T1<==>Cfl1_T6,Rps10_T1,Cfl1_T6
Rps10_T2<==>Bloc1s2_M4,Rps10_T2,Bloc1s2_M4
Rps10_T5<==>Tmem134_M4,Rps10_T5,Tmem134_M4
Rpl10a_M0<==>Calm2_B1,Rpl10a_M0,Calm2_B1
Rpl10a_M3<==>Zeb1_T2,Rpl10a_M3,Zeb1_T2
Rpl10a_M3<==>Ighv1-61_B3,Rpl10a_M3,Ighv1-61_B3
Rpl10a_M5<==>Fas_B4,Rpl10a_M5,Fas_B4
Rpl10a_T3<==>Rpl17_T2,Rpl10a_T3,Rpl17_T2
Rpl10a_T3<==>mt-Nd3_M3,Rpl10a_T3,mt-Nd3_M3
Rpl10a_T4<==>Rps18_T5,Rpl10a_T4,Rps18_T5
Rpl10a_T5<==>Fth1_M0,Rpl10a_T5,Fth1_M0
Srsf3_B2<==>H2-DMb2_B1,Srsf3_B2,H2-DMb2_B1
Srsf3_B2<==>H2-D1_B1,Srsf3_B2,H2-D1_B1
Srsf3_B2<==>Rps14_M3,Srsf3_B2,Rps14_M3
Srsf3_B2<==>Rps4x_T2,Srsf3_B2,Rps4x_T2
Srsf3_B5<==>H2-K1_M4,Srsf3_B5,H2-K1_M4
Srsf3_B5<==>Srsf7_M1,Srsf3_B5,Srsf7_M1
Srsf3_B5<==>Crem_T3,Srsf3_B5,Crem_T3
Srsf3_M3<==>Ighv1-5_B3,Srsf3_M3,Ighv1-5_B3
Srsf3_T3<==>Brd2_M3,Srsf3_T3,Brd2_M3
Srsf3_T4<==>H2-Q6_M4,Srsf3_T4,H2-Q6_M4
Srsf3_T4<==>Calm2_B3,Srsf3_T4,Calm2_B3
Srsf3_T4<==>Sec11c_T7,Srsf3_T4,Sec11c_T7
Cdkn1a_M0<==>Etf1_M0,Cdkn1a_M0,Etf1_M0
Cdkn1a_M0<==>Cd14_M0,Cdkn1a_M0,Cd14_M0
Cdkn1a_M0<==>Ndufa1_M0,Cdkn1a_M0,Ndufa1_M0
Cdkn1a_M1<==>Emilin2_M3,Cdkn1a_M1,Emilin2_M3
Cdkn1a_M1<==>Cebpz_B1,Cdkn1a_M1,Cebpz_B1
Cdkn1a_M1<==>Crem_M3,Cdkn1a_M1,Crem_M3
Cdkn1a_O10<==>Crem_B0,Cdkn1a_O10,Crem_B0
Pim1_T2<==>Psmb9_M0,Pim1_T2,Psmb9_M0
Pim1_T2<==>AW112010_M0,Pim1_T2,AW112010_M0
Cmtr1_M4<==>Clic1_M1,Cmtr1_M4,Clic1_M1
Cmtr1_M4<==>Nr3c1_T2,Cmtr1_M4,Nr3c1_T2
Glo1_T5<==>H2-Q7_M3,Glo1_T5,H2-Q7_M3
Glo1_T5<==>Myl12a_M3,Glo1_T5,Myl12a_M3
U2af1_T5<==>Zfand5_B4,U2af1_T5,Zfand5_B4
U2af1_T5<==>Pgam1_M5,U2af1_T5,Pgam1_M5
Rps28_M3<==>Rps28_T1,Rps28_M3,Rps28_T1
Rps28_M3<==>Rps28_T2,Rps28_M3,Rps28_T2
Rps28_M3<==>Fau_T2,Rps28_M3,Fau_T2
Rps28_M3<==>Fkbp2_B3,Rps28_M3,Fkbp2_B3
Rps28_M3<==>Atp5md_B1,Rps28_M3,Atp5md_B1
Rps28_M3<==>Atp5md_T2,Rps28_M3,Atp5md_T2
Rps28_M3<==>Rpl39_B1,Rps28_M3,Rpl39_B1
Rps28_M3<==>Rpl39_B2,Rps28_M3,Rpl39_B2
Rps28_M3<==>Rpl39_T2,Rps28_M3,Rpl39_T2
Rps28_M3<==>Rpl10_B5,Rps28_M3,Rpl10_B5
Rps28_M3<==>mt-Co2_B3,Rps28_M3,mt-Co2_B3
Rps28_M3<==>mt-Atp8_B1,Rps28_M3,mt-Atp8_B1
Rps28_M3<==>mt-Atp8_B3,Rps28_M3,mt-Atp8_B3
Rps28_T1<==>Rps28_T2,Rps28_T1,Rps28_T2
Rps28_T1<==>Rpl36_M3,Rps28_T1,Rpl36_M3
Rps28_T1<==>Rpl17_B5,Rps28_T1,Rpl17_B5
Rps28_T1<==>Malat1_T3,Rps28_T1,Malat1_T3
Rps28_T1<==>Fau_T2,Rps28_T1,Fau_T2
Rps28_T1<==>Fth1_B1,Rps28_T1,Fth1_B1
Rps28_T1<==>Atp5md_B1,Rps28_T1,Atp5md_B1
Rps28_T1<==>Atp5md_B5,Rps28_T1,Atp5md_B5
Rps28_T1<==>Atp5md_T2,Rps28_T1,Atp5md_T2
Rps28_T1<==>Rpl39_B1,Rps28_T1,Rpl39_B1
Rps28_T1<==>Rpl39_B2,Rps28_T1,Rpl39_B2
Rps28_T1<==>Rpl36a_T5,Rps28_T1,Rpl36a_T5
Rps28_T1<==>mt-Co2_B3,Rps28_T1,mt-Co2_B3
Rps28_T1<==>mt-Co2_T2,Rps28_T1,mt-Co2_T2
Rps28_T1<==>mt-Co2_T6,Rps28_T1,mt-Co2_T6
Rps28_T1<==>mt-Atp8_B1,Rps28_T1,mt-Atp8_B1
Rps28_T1<==>mt-Atp6_B5,Rps28_T1,mt-Atp6_B5
Rps28_T1<==>mt-Atp6_T4,Rps28_T1,mt-Atp6_T4
Rps28_T1<==>mt-Cytb_T2,Rps28_T1,mt-Cytb_T2
Rps28_T2<==>Rpl36_T1,Rps28_T2,Rpl36_T1
Rps28_T2<==>Rpl17_B5,Rps28_T2,Rpl17_B5
Rps28_T2<==>Malat1_T3,Rps28_T2,Malat1_T3
Rps28_T2<==>Fau_T2,Rps28_T2,Fau_T2
Rps28_T2<==>Ms4a7_M1,Rps28_T2,Ms4a7_M1
Rps28_T2<==>Atp5md_T2,Rps28_T2,Atp5md_T2
Rps28_T2<==>Rpl39_B1,Rps28_T2,Rpl39_B1
Rps28_T2<==>Rpl39_B2,Rps28_T2,Rpl39_B2
Rps28_T2<==>Rpl39_T2,Rps28_T2,Rpl39_T2
Rps28_T2<==>Rpl36a_T5,Rps28_T2,Rpl36a_T5
Rps28_T2<==>mt-Co2_B3,Rps28_T2,mt-Co2_B3
Rps28_T2<==>mt-Co2_T2,Rps28_T2,mt-Co2_T2
Rps28_T2<==>mt-Co2_T6,Rps28_T2,mt-Co2_T6
Rps28_T2<==>mt-Atp6_T5,Rps28_T2,mt-Atp6_T5
Ndufa7_M0<==>Ahnak_B7,Ndufa7_M0,Ahnak_B7
Ndufa7_T4<==>Psmb8_T1,Ndufa7_T4,Psmb8_T1
Ndufa7_T4<==>Paip2_T5,Ndufa7_T4,Paip2_T5
Tapbp_M0<==>AY036118_B1,Tapbp_M0,AY036118_B1
Tapbp_M0<==>Csf1r_M5,Tapbp_M0,Csf1r_M5
Tapbp_M0<==>Cox8a_B2,Tapbp_M0,Cox8a_B2
Tapbp_M4<==>Atp5md_T1,Tapbp_M4,Atp5md_T1
Tapbp_M5<==>Nfkbie_M0,Tapbp_M5,Nfkbie_M0
Tapbp_M5<==>Cox8a_B2,Tapbp_M5,Cox8a_B2
Tapbp_O10<==>Eif3a_B3,Tapbp_O10,Eif3a_B3
Rps18_B2<==>mt-Co3_M5,Rps18_B2,mt-Co3_M5
Rps18_B5<==>Ddx39b_T5,Rps18_B5,Ddx39b_T5
Rps18_B5<==>mt-Co2_B0,Rps18_B5,mt-Co2_B0
Rps18_B5<==>mt-Nd4_B0,Rps18_B5,mt-Nd4_B0
Rps18_B5<==>mt-Cytb_B2,Rps18_B5,mt-Cytb_B2
Rps18_M3<==>H2-K1_B2,Rps18_M3,H2-K1_B2
Rps18_M3<==>H2-DMb2_B1,Rps18_M3,H2-DMb2_B1
Rps18_M3<==>H2-D1_B1,Rps18_M3,H2-D1_B1
Rps18_M3<==>Rps14_M3,Rps18_M3,Rps14_M3
Rps18_M3<==>Rpl17_M3,Rps18_M3,Rpl17_M3
Rps18_M3<==>Rps4x_M3,Rps18_M3,Rps4x_M3
Rps18_M4<==>Rps14_M4,Rps18_M4,Rps14_M4
Rps18_T3<==>H2-Q7_B3,Rps18_T3,H2-Q7_B3
Rps18_T3<==>Gm42418_B1,Rps18_T3,Gm42418_B1
Rps18_T3<==>Ighv1-25_B3,Rps18_T3,Ighv1-25_B3
Rps18_T5<==>Rpl17_T5,Rps18_T5,Rpl17_T5
Rps18_T5<==>Rpl10_T5,Rps18_T5,Rpl10_T5
Rps18_T5<==>mt-Nd4l_T4,Rps18_T5,mt-Nd4l_T4
Rps18_T5<==>Ighv1-25_B3,Rps18_T5,Ighv1-25_B3
H2-K1_B1<==>H2-T23_O10,H2-K1_B1,H2-T23_O10
H2-K1_B1<==>Crem_B0,H2-K1_B1,Crem_B0
H2-K1_B2<==>Myl12b_T5,H2-K1_B2,Myl12b_T5
H2-K1_B2<==>Ndfip1_T4,H2-K1_B2,Ndfip1_T4
H2-K1_B2<==>Fau_M3,H2-K1_B2,Fau_M3
H2-K1_B2<==>Got1_T2,H2-K1_B2,Got1_T2
H2-K1_B3<==>H2-D1_B3,H2-K1_B3,H2-D1_B3
H2-K1_B3<==>H2-Q7_B3,H2-K1_B3,H2-Q7_B3
H2-K1_B5<==>Crem_M1,H2-K1_B5,Crem_M1
H2-K1_M1<==>Zfp36l2_T5,H2-K1_M1,Zfp36l2_T5
H2-K1_M5<==>Tap1_M5,H2-K1_M5,Tap1_M5
H2-K1_M5<==>AW112010_T5,H2-K1_M5,AW112010_T5
H2-K1_M5<==>Ndufa1_T4,H2-K1_M5,Ndufa1_T4
H2-K1_M7<==>H2-Q6_B2,H2-K1_M7,H2-Q6_B2
H2-K1_M7<==>Tubb5_B4,H2-K1_M7,Tubb5_B4
H2-K1_M7<==>Ndufa1_T4,H2-K1_M7,Ndufa1_T4
H2-K1_T4<==>Tap1_M5,H2-K1_T4,Tap1_M5
H2-K1_T4<==>H2-D1_T4,H2-K1_T4,H2-D1_T4
H2-K1_T4<==>H2-Q7_T4,H2-K1_T4,H2-Q7_T4
H2-K1_T4<==>Myl12a_M3,H2-K1_T4,Myl12a_M3
H2-K1_T4<==>Rps4x_M3,H2-K1_T4,Rps4x_M3
H2-K1_T7<==>H2-D1_T7,H2-K1_T7,H2-D1_T7
H2-Oa_B2<==>Ndfip1_T2,H2-Oa_B2,Ndfip1_T2
H2-Oa_M3<==>H2-Ob_M3,H2-Oa_M3,H2-Ob_M3
Brd2_M3<==>Cfl1_T0,Brd2_M3,Cfl1_T0
Brd2_M3<==>mt-Co2_B5,Brd2_M3,mt-Co2_B5
H2-DMa_B2<==>H2-D1_M3,H2-DMa_B2,H2-D1_M3
H2-DMa_B2<==>Gm42418_T0,H2-DMa_B2,Gm42418_T0
H2-DMa_B2<==>AW112010_M3,H2-DMa_B2,AW112010_M3
H2-DMa_M3<==>Clic1_B1,H2-DMa_M3,Clic1_B1
H2-DMb2_B1<==>H2-Q7_B1,H2-DMb2_B1,H2-Q7_B1
H2-DMb2_B1<==>Fau_M3,H2-DMb2_B1,Fau_M3
H2-DMb2_B1<==>Xist_B0,H2-DMb2_B1,Xist_B0
H2-DMb2_M3<==>Psmb8_T5,H2-DMb2_M3,Psmb8_T5
H2-DMb2_M3<==>Cybb_M3,H2-DMb2_M3,Cybb_M3
H2-DMb1_M0<==>H2-Eb1_M0,H2-DMb1_M0,H2-Eb1_M0
H2-DMb1_M1<==>Malt1_B2,H2-DMb1_M1,Malt1_B2
H2-DMb1_M1<==>Xist_T3,H2-DMb1_M1,Xist_T3
H2-DMb1_M1<==>mt-Nd3_B0,H2-DMb1_M1,mt-Nd3_B0
H2-DMb1_M7<==>H2-Aa_M1,H2-DMb1_M7,H2-Aa_M1
H2-DMb1_M7<==>Rpl17_B1,H2-DMb1_M7,Rpl17_B1
Psmb9_B3<==>Ostf1_M3,Psmb9_B3,Ostf1_M3
Psmb9_B4<==>Tm9sf3_M3,Psmb9_B4,Tm9sf3_M3
Psmb9_M0<==>Psmb9_M3,Psmb9_M0,Psmb9_M3
Psmb9_M0<==>Nars_M4,Psmb9_M0,Nars_M4
Psmb9_M0<==>Sec11c_T7,Psmb9_M0,Sec11c_T7
Psmb9_M1<==>H2-Ab1_O10,Psmb9_M1,H2-Ab1_O10
Psmb9_M3<==>Gpsm3_M4,Psmb9_M3,Gpsm3_M4
Psmb9_M5<==>Clic1_M5,Psmb9_M5,Clic1_M5
Psmb9_O10<==>Atp5a1_M4,Psmb9_O10,Atp5a1_M4
Tap1_M4<==>Rbm3_M3,Tap1_M4,Rbm3_M3
Tap1_M5<==>H2-D1_T4,Tap1_M5,H2-D1_T4
Tap1_M5<==>AW112010_T5,Tap1_M5,AW112010_T5
Psmb8_B2<==>Ltb_T1,Psmb8_B2,Ltb_T1
Psmb8_B2<==>Pla2g7_M5,Psmb8_B2,Pla2g7_M5
Psmb8_B2<==>Ms4a4b_T5,Psmb8_B2,Ms4a4b_T5
Psmb8_B2<==>Mpeg1_M5,Psmb8_B2,Mpeg1_M5
Psmb8_B3<==>Lamp2_M0,Psmb8_B3,Lamp2_M0
Psmb8_B4<==>H2-D1_B5,Psmb8_B4,H2-D1_B5
Psmb8_B4<==>H2-Q6_T3,Psmb8_B4,H2-Q6_T3
Psmb8_M0<==>Cox8a_B1,Psmb8_M0,Cox8a_B1
Psmb8_M1<==>Ubxn1_M1,Psmb8_M1,Ubxn1_M1
Psmb8_M3<==>Psmb8_T4,Psmb8_M3,Psmb8_T4
Psmb8_M3<==>Clic1_T4,Psmb8_M3,Clic1_T4
Psmb8_M3<==>H2-D1_M3,Psmb8_M3,H2-D1_M3
Psmb8_M3<==>Cox8a_M4,Psmb8_M3,Cox8a_M4
Psmb8_M4<==>Ighv1-82_B2,Psmb8_M4,Ighv1-82_B2
Psmb8_T1<==>Cd14_M1,Psmb8_T1,Cd14_M1
Psmb8_T1<==>Got1_T2,Psmb8_T1,Got1_T2
Psmb8_T4<==>Clic1_T4,Psmb8_T4,Clic1_T4
Psmb8_T4<==>Cox8a_M0,Psmb8_T4,Cox8a_M0
Psmb8_T5<==>Ube2d2a_M0,Psmb8_T5,Ube2d2a_M0
Psmb8_T5<==>Pten_M0,Psmb8_T5,Pten_M0
Psmb8_T5<==>Rpl10_B2,Psmb8_T5,Rpl10_B2
Psmb8_T5<==>Pgk1_M0,Psmb8_T5,Pgk1_M0
Psmb8_T7<==>Tap2_M5,Psmb8_T7,Tap2_M5
H2-Ob_B1<==>Pgam1_T5,H2-Ob_B1,Pgam1_T5
H2-Ob_M3<==>Hsp90ab1_M3,H2-Ob_M3,Hsp90ab1_M3
H2-Ob_M3<==>AW112010_M5,H2-Ob_M3,AW112010_M5
H2-Ab1_B0<==>mt-Cytb_B2,H2-Ab1_B0,mt-Cytb_B2
H2-Ab1_B1<==>H2-Q7_B5,H2-Ab1_B1,H2-Q7_B5
H2-Ab1_B1<==>H2-Q7_T1,H2-Ab1_B1,H2-Q7_T1
H2-Ab1_B3<==>H2-Eb1_B3,H2-Ab1_B3,H2-Eb1_B3
H2-Ab1_B3<==>mt-Nd2_B1,H2-Ab1_B3,mt-Nd2_B1
H2-Ab1_M0<==>H2-Aa_M0,H2-Ab1_M0,H2-Aa_M0
H2-Ab1_M1<==>H2-Aa_M1,H2-Ab1_M1,H2-Aa_M1
H2-Ab1_M1<==>H2-Eb1_M1,H2-Ab1_M1,H2-Eb1_M1
H2-Ab1_M1<==>Cd74_M1,H2-Ab1_M1,Cd74_M1
H2-Ab1_M7<==>H2-Eb1_M7,H2-Ab1_M7,H2-Eb1_M7
H2-Ab1_M7<==>H2-Q7_B6_0,H2-Ab1_M7,H2-Q7_B6_0
H2-Aa_B0<==>Ndufv2_M4,H2-Aa_B0,Ndufv2_M4
H2-Aa_B4<==>H2-Eb1_B4,H2-Aa_B4,H2-Eb1_B4
H2-Aa_M1<==>H2-Eb1_M1,H2-Aa_M1,H2-Eb1_M1
H2-Aa_M1<==>Cd74_M1,H2-Aa_M1,Cd74_M1
H2-Aa_M1<==>mt-Nd3_B3,H2-Aa_M1,mt-Nd3_B3
H2-Aa_M3<==>H2-Eb1_M3,H2-Aa_M3,H2-Eb1_M3
H2-Aa_M3<==>H2-Q7_T4,H2-Aa_M3,H2-Q7_T4
H2-Aa_M3<==>Hsp90ab1_M3,H2-Aa_M3,Hsp90ab1_M3
H2-Aa_M3<==>Cd74_M3,H2-Aa_M3,Cd74_M3
H2-Aa_M3<==>Sec11c_T4,H2-Aa_M3,Sec11c_T4
H2-Eb1_M0<==>Cd74_M0,H2-Eb1_M0,Cd74_M0
H2-Eb1_M1<==>Cd74_M1,H2-Eb1_M1,Cd74_M1
H2-Eb1_M1<==>Sf3b2_M4,H2-Eb1_M1,Sf3b2_M4
H2-Eb1_M1<==>mt-Co2_T6,H2-Eb1_M1,mt-Co2_T6
H2-Eb1_M1<==>mt-Nd3_B3,H2-Eb1_M1,mt-Nd3_B3
H2-Eb1_M3<==>Gm26917_B7,H2-Eb1_M3,Gm26917_B7
H2-Eb1_M3<==>Cd74_M3,H2-Eb1_M3,Cd74_M3
H2-Eb1_M3<==>Cybb_M3,H2-Eb1_M3,Cybb_M3
H2-Eb1_M3<==>Igkv5-39_B4,H2-Eb1_M3,Igkv5-39_B4
Gpsm3_M4<==>Crem_T2,Gpsm3_M4,Crem_T2
Gpsm3_M4<==>Ostf1_M0,Gpsm3_M4,Ostf1_M0
Ppt2_M0<==>AW112010_T4,Ppt2_M0,AW112010_T4
Cfb_M0<==>Gm42418_B1,Cfb_M0,Gm42418_B1
Clic1_M1<==>Ssr4_M3,Clic1_M1,Ssr4_M3
Clic1_M3<==>Crem_M4,Clic1_M3,Crem_M4
Clic1_M3<==>Nr3c1_T4,Clic1_M3,Nr3c1_T4
Aif1_M1<==>mt-Co2_M1,Aif1_M1,mt-Co2_M1
Aif1_M4<==>Crem_B0,Aif1_M4,Crem_B0
Aif1_M4<==>Rpl10_B5,Aif1_M4,Rpl10_B5
Lst1_M0<==>Calm2_M3,Lst1_M0,Calm2_M3
Lst1_M0<==>Unc93b1_M0,Lst1_M0,Unc93b1_M0
Lst1_M0<==>Fermt3_M1,Lst1_M0,Fermt3_M1
Lst1_M0<==>Ndufa1_M0,Lst1_M0,Ndufa1_M0
Lst1_M0<==>mt-Nd3_B3,Lst1_M0,mt-Nd3_B3
Lst1_M1<==>Fth1_B1,Lst1_M1,Fth1_B1
H2-D1_B1<==>H2-D1_B5,H2-D1_B1,H2-D1_B5
H2-D1_B1<==>H2-Q7_B1,H2-D1_B1,H2-Q7_B1
H2-D1_B1<==>H2-Q7_B5,H2-D1_B1,H2-Q7_B5
H2-D1_B1<==>Tmsb4x_T7,H2-D1_B1,Tmsb4x_T7
H2-D1_B2<==>Reep5_T2,H2-D1_B2,Reep5_T2
H2-D1_B2<==>Cdk2ap2_M0,H2-D1_B2,Cdk2ap2_M0
H2-D1_B2<==>Rps4x_M3,H2-D1_B2,Rps4x_M3
H2-D1_B2<==>Tmsb4x_B3,H2-D1_B2,Tmsb4x_B3
H2-D1_B3<==>H2-Q7_B3,H2-D1_B3,H2-Q7_B3
H2-D1_B4<==>H2-Q7_B0,H2-D1_B4,H2-Q7_B0
H2-D1_B5<==>mt-Nd3_M5,H2-D1_B5,mt-Nd3_M5
H2-D1_M0<==>Unc93b1_M1,H2-D1_M0,Unc93b1_M1
H2-D1_M1<==>Cd74_M1,H2-D1_M1,Cd74_M1
H2-D1_M1<==>Malt1_T2,H2-D1_M1,Malt1_T2
H2-D1_M2<==>Crem_T3,H2-D1_M2,Crem_T3
H2-D1_M3<==>H2-Q7_B3,H2-D1_M3,H2-Q7_B3
H2-D1_M3<==>H2-Q7_M3,H2-D1_M3,H2-Q7_M3
H2-D1_M3<==>AW112010_M3,H2-D1_M3,AW112010_M3
H2-D1_M3<==>Ms4a4b_T1,H2-D1_M3,Ms4a4b_T1
H2-D1_M5<==>mt-Nd1_B5,H2-D1_M5,mt-Nd1_B5
H2-D1_T4<==>H2-Q7_T4,H2-D1_T4,H2-Q7_T4
H2-D1_T4<==>Fau_M3,H2-D1_T4,Fau_M3
H2-Q6_M5<==>Rpl10_M3,H2-Q6_M5,Rpl10_M3
H2-Q6_O10<==>Msn_M3,H2-Q6_O10,Msn_M3
H2-Q6_T3<==>AW112010_M3,H2-Q6_T3,AW112010_M3
H2-Q7_B1<==>H2-T23_M1,H2-Q7_B1,H2-T23_M1
H2-Q7_B1<==>H2-T23_M3,H2-Q7_B1,H2-T23_M3
H2-Q7_B1<==>mt-Co3_M3,H2-Q7_B1,mt-Co3_M3
H2-Q7_B6_0<==>Slc25a5_T1,H2-Q7_B6_0,Slc25a5_T1
H2-Q7_M3<==>H2-Q7_T3,H2-Q7_M3,H2-Q7_T3
H2-Q7_M3<==>Gm42418_T0,H2-Q7_M3,Gm42418_T0
H2-Q7_M3<==>Pla2g7_M0,H2-Q7_M3,Pla2g7_M0
H2-Q7_M3<==>AW112010_M3,H2-Q7_M3,AW112010_M3
H2-Q7_M4<==>Dusp5_T3,H2-Q7_M4,Dusp5_T3
H2-Q7_M7<==>Rpl36a_T2,H2-Q7_M7,Rpl36a_T2
H2-Q7_T1<==>Rps14_T5,H2-Q7_T1,Rps14_T5
H2-Q7_T3<==>Myl12a_M3,H2-Q7_T3,Myl12a_M3
H2-Q7_T4<==>Cd14_M2,H2-Q7_T4,Cd14_M2
H2-Q7_T4<==>Sec11c_T4,H2-Q7_T4,Sec11c_T4
H2-Q7_T4<==>AW112010_T4,H2-Q7_T4,AW112010_T4
H2-Q7_T4<==>Gm8369_T0,H2-Q7_T4,Gm8369_T0
H2-Q7_T5<==>AW112010_T4,H2-Q7_T5,AW112010_T4
H2-Q7_T6<==>Ighv1-2_B2,H2-Q7_T6,Ighv1-2_B2
Ier3_M0<==>Cebpz_B1,Ier3_M0,Cebpz_B1
Ier3_M0<==>Eif1a_M3,Ier3_M0,Eif1a_M3
Ier3_M1<==>Calm2_T1,Ier3_M1,Calm2_T1
Ier3_M1<==>Crem_T2,Ier3_M1,Crem_T2
Ier3_M1<==>Paip2_B3,Ier3_M1,Paip2_B3
Ier3_M1<==>Cd14_M1,Ier3_M1,Cd14_M1
Ier3_M1<==>Dusp5_T3,Ier3_M1,Dusp5_T3
Ier3_M1<==>Rpl36a_B4,Ier3_M1,Rpl36a_B4
Ier3_M5<==>Epcam_B3,Ier3_M5,Epcam_B3
Ier3_M5<==>Fau_M3,Ier3_M5,Fau_M3
H2-T23_M0<==>Myl12a_M0,H2-T23_M0,Myl12a_M0
H2-T23_M0<==>Calm2_M3,H2-T23_M0,Calm2_M3
H2-T23_M0<==>Unc93b1_M0,H2-T23_M0,Unc93b1_M0
H2-T23_M0<==>Ndufa1_M0,H2-T23_M0,Ndufa1_M0
H2-T23_M1<==>Ms4a7_M1,H2-T23_M1,Ms4a7_M1
H2-T23_M3<==>Eef1g_M3,H2-T23_M3,Eef1g_M3
H2-T23_M3<==>Ndufa1_T4,H2-T23_M3,Ndufa1_T4
H2-T23_M3<==>mt-Co3_M3,H2-T23_M3,mt-Co3_M3
H2-T23_M4<==>Myl12b_T3,H2-T23_M4,Myl12b_T3
H2-T23_T5<==>Rpl10_B1,H2-T23_T5,Rpl10_B1
H2-T22_O10<==>Gm8369_T6_3,H2-T22_O10,Gm8369_T6_3
Gm26917_B7<==>Gm42418_B7,Gm26917_B7,Gm42418_B7
Gm42418_B0<==>Il2rg_T2,Gm42418_B0,Il2rg_T2
Gm42418_B0<==>mt-Co1_M4,Gm42418_B0,mt-Co1_M4
Gm42418_B1<==>Gm42418_B2,Gm42418_B1,Gm42418_B2
Gm42418_B1<==>Gm42418_B5,Gm42418_B1,Gm42418_B5
Gm42418_B1<==>Gm42418_T1,Gm42418_B1,Gm42418_T1
Gm42418_B1<==>Gm42418_T2,Gm42418_B1,Gm42418_T2
Gm42418_B1<==>Gm42418_T4,Gm42418_B1,Gm42418_T4
Gm42418_B1<==>P2ry10_M3,Gm42418_B1,P2ry10_M3
Gm42418_B1<==>mt-Nd2_T4,Gm42418_B1,mt-Nd2_T4
Gm42418_B2<==>Gm42418_B5,Gm42418_B2,Gm42418_B5
Gm42418_B2<==>Gm42418_T2,Gm42418_B2,Gm42418_T2
Gm42418_B2<==>Gm42418_T3,Gm42418_B2,Gm42418_T3
Gm42418_B2<==>Gm42418_T4,Gm42418_B2,Gm42418_T4
Gm42418_B2<==>Ablim1_T6,Gm42418_B2,Ablim1_T6
Gm42418_B3<==>Gm42418_T5,Gm42418_B3,Gm42418_T5
Gm42418_B3<==>Gm42418_T7,Gm42418_B3,Gm42418_T7
Gm42418_B5<==>Gm42418_T2,Gm42418_B5,Gm42418_T2
Gm42418_B5<==>Gm42418_T3,Gm42418_B5,Gm42418_T3
Gm42418_B5<==>Gm42418_T4,Gm42418_B5,Gm42418_T4
Gm42418_B5<==>Ehd1_M2,Gm42418_B5,Ehd1_M2
Gm42418_B5<==>mt-Nd2_T4,Gm42418_B5,mt-Nd2_T4
Gm42418_B6_0<==>Eef1g_M3,Gm42418_B6_0,Eef1g_M3
Gm42418_B6_0<==>Mxi1_T5,Gm42418_B6_0,Mxi1_T5
Gm42418_B7<==>Gm47283_T5,Gm42418_B7,Gm47283_T5
Gm42418_M5<==>mt-Atp6_T3,Gm42418_M5,mt-Atp6_T3
Gm42418_O10<==>AW112010_T5,Gm42418_O10,AW112010_T5
Gm42418_T1<==>Gm42418_T2,Gm42418_T1,Gm42418_T2
Gm42418_T1<==>Gm42418_T3,Gm42418_T1,Gm42418_T3
Gm42418_T1<==>Gm42418_T6,Gm42418_T1,Gm42418_T6
Gm42418_T1<==>mt-Nd2_T4,Gm42418_T1,mt-Nd2_T4
Gm42418_T2<==>Gm42418_T3,Gm42418_T2,Gm42418_T3
Gm42418_T2<==>Gm42418_T4,Gm42418_T2,Gm42418_T4
Gm42418_T2<==>Gm42418_T6,Gm42418_T2,Gm42418_T6
Gm42418_T2<==>Tgif1_M3,Gm42418_T2,Tgif1_M3
Gm42418_T3<==>Gm42418_T4,Gm42418_T3,Gm42418_T4
Gm42418_T3<==>Gm42418_T6,Gm42418_T3,Gm42418_T6
Gm42418_T4<==>Gm42418_T5,Gm42418_T4,Gm42418_T5
Gm42418_T4<==>Gm42418_T6,Gm42418_T4,Gm42418_T6
Gm42418_T4<==>Eef1g_M3,Gm42418_T4,Eef1g_M3
Gm42418_T4<==>Sh3bgrl_O10,Gm42418_T4,Sh3bgrl_O10
Gm42418_T4<==>mt-Nd2_T4,Gm42418_T4,mt-Nd2_T4
Gm42418_T5<==>AW112010_M3,Gm42418_T5,AW112010_M3
Gm42418_T6<==>mt-Nd2_T4,Gm42418_T6,mt-Nd2_T4
AY036118_B1<==>Csf1r_M5,AY036118_B1,Csf1r_M5
AY036118_B3<==>Hsp90ab1_B3,AY036118_B3,Hsp90ab1_B3
AY036118_M0<==>Ube2d2a_M0,AY036118_M0,Ube2d2a_M0
Pla2g7_M5<==>Tomm6_M0,Pla2g7_M5,Tomm6_M0
Pla2g7_M5<==>Csf1r_M5,Pla2g7_M5,Csf1r_M5
Pla2g7_M5<==>Lamp2_M5,Pla2g7_M5,Lamp2_M5
Hsp90ab1_B1<==>Prdx5_M5,Hsp90ab1_B1,Prdx5_M5
Hsp90ab1_B2<==>Ostf1_M1,Hsp90ab1_B2,Ostf1_M1
Hsp90ab1_B3<==>mt-Nd1_T4,Hsp90ab1_B3,mt-Nd1_T4
Hsp90ab1_B5<==>mt-Atp8_B1,Hsp90ab1_B5,mt-Atp8_B1
Hsp90ab1_T5<==>Calm2_M3,Hsp90ab1_T5,Calm2_M3
Vegfa_M1<==>Tcirg1_M1,Vegfa_M1,Tcirg1_M1
Tomm6_M0<==>Tmsb4x_B0,Tomm6_M0,Tmsb4x_B0
Tomm6_M3<==>Hspa9_M3,Tomm6_M3,Hspa9_M3
Tomm6_T4<==>Ssr4_B1,Tomm6_T4,Ssr4_B1
Tomm6_T4<==>Rpl36a_M3,Tomm6_T4,Rpl36a_M3
Satb1_B0<==>Xist_B3,Satb1_B0,Xist_B3
Satb1_M5<==>Gramd3_M5,Satb1_M5,Gramd3_M5
Satb1_M5<==>Dusp5_M4,Satb1_M5,Dusp5_M4
Satb1_T3<==>Zfp36l2_M3,Satb1_T3,Zfp36l2_M3
Satb1_T3<==>Crem_T3,Satb1_T3,Crem_T3
Satb1_T3<==>Kif5b_M1,Satb1_T3,Kif5b_M1
Satb1_T3<==>Ehd1_M3,Satb1_T3,Ehd1_M3
Satb1_T5<==>Epcam_B3,Satb1_T5,Epcam_B3
Rpl36_B1<==>Rps4x_B2,Rpl36_B1,Rps4x_B2
Rpl36_B1<==>mt-Co2_B2,Rpl36_B1,mt-Co2_B2
Rpl36_B1<==>mt-Cytb_B2,Rpl36_B1,mt-Cytb_B2
Rpl36_M0<==>Unc93b1_M0,Rpl36_M0,Unc93b1_M0
Rpl36_M0<==>Scd1_B2,Rpl36_M0,Scd1_B2
Rpl36_M0<==>Ndufa1_M0,Rpl36_M0,Ndufa1_M0
Rpl36_M3<==>Atp5md_T1,Rpl36_M3,Atp5md_T1
Rpl36_M3<==>Rpl39_B1,Rpl36_M3,Rpl39_B1
Rpl36_M3<==>mt-Co2_T6,Rpl36_M3,mt-Co2_T6
Rpl36_M3<==>mt-Nd3_T3,Rpl36_M3,mt-Nd3_T3
Rpl36_T1<==>Ndufa2_T3,Rpl36_T1,Ndufa2_T3
Rpl36_T1<==>Malat1_T3,Rpl36_T1,Malat1_T3
Rpl36_T1<==>Rpl39_B1,Rpl36_T1,Rpl39_B1
Rpl36_T1<==>Rpl10_M3,Rpl36_T1,Rpl10_M3
Rpl36_T2<==>mt-Cytb_B2,Rpl36_T2,mt-Cytb_B2
Rpl36_T5<==>Nars_M4,Rpl36_T5,Nars_M4
Rpl36_T5<==>Slc25a5_T5,Rpl36_T5,Slc25a5_T5
Rpl36_T5<==>mt-Nd4_B0,Rpl36_T5,mt-Nd4_B0
Rpl36_T5<==>mt-Cytb_B2,Rpl36_T5,mt-Cytb_B2
Rpl36_T5<==>mt-Cytb_T4,Rpl36_T5,mt-Cytb_T4
C3_M0<==>Ube2d2a_M0,C3_M0,Ube2d2a_M0
C3_M0<==>Unc93b1_B4,C3_M0,Unc93b1_B4
C3_M0<==>Pten_M0,C3_M0,Pten_M0
C3_O7<==>Ahnak_O7,C3_O7,Ahnak_O7
C3_O7<==>Ddx3x_O7,C3_O7,Ddx3x_O7
Ndufv2_M4<==>Rps4x_T3,Ndufv2_M4,Rps4x_T3
Tgif1_M0<==>Calm2_M3,Tgif1_M0,Calm2_M3
Tgif1_M0<==>Ndufa1_M0,Tgif1_M0,Ndufa1_M0
Myl12b_B1<==>Srsf7_M5,Myl12b_B1,Srsf7_M5
Myl12b_B1<==>Tmem258_M3,Myl12b_B1,Tmem258_M3
Myl12b_B5<==>mt-Nd4_B0,Myl12b_B5,mt-Nd4_B0
Myl12b_T3<==>Myl12b_T5,Myl12b_T3,Myl12b_T5
Myl12b_T3<==>AW112010_T5,Myl12b_T3,AW112010_T5
Myl12b_T5<==>Smchd1_B2,Myl12b_T5,Smchd1_B2
Myl12a_M0<==>Cox7b_T4,Myl12a_M0,Cox7b_T4
Myl12a_M3<==>Fth1_M5,Myl12a_M3,Fth1_M5
Myl12a_M3<==>Ostf1_M3,Myl12a_M3,Ostf1_M3
Myl12a_M3<==>Rpl10_B1,Myl12a_M3,Rpl10_B1
Myl12a_M3<==>mt-Atp8_B3,Myl12a_M3,mt-Atp8_B3
Myl12a_T1<==>Rps4x_T3,Myl12a_T1,Rps4x_T3
Myl12a_T3<==>AW112010_T0,Myl12a_T3,AW112010_T0
Emilin2_M1<==>mt-Nd2_T4,Emilin2_M1,mt-Nd2_T4
Smchd1_B3<==>Jak2_M1,Smchd1_B3,Jak2_M1
Smchd1_B4<==>mt-Nd4_B4,Smchd1_B4,mt-Nd4_B4
Cebpz_B1<==>Zfp36l2_M3,Cebpz_B1,Zfp36l2_M3
Cebpz_B1<==>Crem_T3,Cebpz_B1,Crem_T3
Cebpz_B1<==>Snrpd1_B5,Cebpz_B1,Snrpd1_B5
Cebpz_B1<==>Txnl4a_M4,Cebpz_B1,Txnl4a_M4
Cebpz_B1<==>Ehd1_M3,Cebpz_B1,Ehd1_M3
Cebpz_B1<==>Rps4x_B2,Cebpz_B1,Rps4x_B2
Cebpz_B1<==>Sat1_B1,Cebpz_B1,Sat1_B1
Cebpz_B1<==>mt-Atp6_B2,Cebpz_B1,mt-Atp6_B2
Srsf7_T2<==>Reep5_T2,Srsf7_T2,Reep5_T2
Cox7a2l_M0<==>Rpl17_T4,Cox7a2l_M0,Rpl17_T4
Cox7a2l_M0<==>Rps4x_B1,Cox7a2l_M0,Rps4x_B1
Cox7a2l_T2<==>Cd74_M3,Cox7a2l_T2,Cd74_M3
Cox7a2l_T2<==>Fth1_M5,Cox7a2l_T2,Fth1_M5
Cox7a2l_T3<==>Ighv1-5_B2,Cox7a2l_T3,Ighv1-5_B2
Zfp36l2_M3<==>Crem_M4,Zfp36l2_M3,Crem_M4
Zfp36l2_M3<==>Ehd1_M3,Zfp36l2_M3,Ehd1_M3
Calm2_B1<==>P2ry10_T5,Calm2_B1,P2ry10_T5
Calm2_B3<==>Cd14_M1,Calm2_B3,Cd14_M1
Calm2_B3<==>Tnfaip8_M4,Calm2_B3,Tnfaip8_M4
Calm2_B3<==>Atp5md_B2,Calm2_B3,Atp5md_B2
Calm2_M2<==>mt-Nd5_M1,Calm2_M2,mt-Nd5_M1
Calm2_T1<==>Crem_T2,Calm2_T1,Crem_T2
Calm2_T1<==>mt-Atp6_B5,Calm2_T1,mt-Atp6_B5
Calm2_T2<==>Eef1g_M3,Calm2_T2,Eef1g_M3
Calm2_T3<==>Nars_M4,Calm2_T3,Nars_M4
Calm2_T3<==>Rpl39_B1,Calm2_T3,Rpl39_B1
Calm2_T3<==>Xist_B1,Calm2_T3,Xist_B1
Calm2_T3<==>mt-Co2_T2,Calm2_T3,mt-Co2_T2
Crem_B0<==>Crem_M1,Crem_B0,Crem_M1
Crem_B0<==>Csf1r_M1,Crem_B0,Csf1r_M1
Crem_B1<==>Kif5b_M1,Crem_B1,Kif5b_M1
Crem_B1<==>Snrpd1_B5,Crem_B1,Snrpd1_B5
Crem_B5<==>Igkv5-39_B3,Crem_B5,Igkv5-39_B3
Crem_B6_0<==>Ostf1_T7,Crem_B6_0,Ostf1_T7
Crem_M3<==>Crem_M4,Crem_M3,Crem_M4
Crem_M3<==>Nr3c1_T4,Crem_M3,Nr3c1_T4
Crem_M4<==>Crem_T5,Crem_M4,Crem_T5
Crem_M4<==>Snrpd1_B5,Crem_M4,Snrpd1_B5
Crem_M4<==>Nr3c1_T4,Crem_M4,Nr3c1_T4
Crem_M4<==>Got1_M3,Crem_M4,Got1_M3
Crem_M5<==>Snrpd1_B5,Crem_M5,Snrpd1_B5
Crem_M5<==>Jak2_M5,Crem_M5,Jak2_M5
Crem_M5<==>Dusp5_M5,Crem_M5,Dusp5_M5
Crem_M5<==>Rps4x_B2,Crem_M5,Rps4x_B2
Crem_M5<==>Rps4x_T2,Crem_M5,Rps4x_T2
Crem_T3<==>Ehd1_M3,Crem_T3,Ehd1_M3
Crem_T5<==>Mxi1_T5,Crem_T5,Mxi1_T5
Zeb1_T2<==>Jak2_T1,Zeb1_T2,Jak2_T1
Zeb1_T2<==>Slc25a5_B4,Zeb1_T2,Slc25a5_B4
Zeb1_T2<==>mt-Atp6_B0,Zeb1_T2,mt-Atp6_B0
Zeb1_T6<==>Ostf1_T2,Zeb1_T6,Ostf1_T2
Zeb1_T6<==>Rgs13_B4,Zeb1_T6,Rgs13_B4
Kif5b_M1<==>Paip2_T2,Kif5b_M1,Paip2_T2
Kif5b_M1<==>Cd14_M1,Kif5b_M1,Cd14_M1
Snrpd1_B5<==>Rpl17_B2,Snrpd1_B5,Rpl17_B2
Reep5_T2<==>Paip2_T2,Reep5_T2,Paip2_T2
Reep5_T2<==>Msn_T3,Reep5_T2,Msn_T3
Etf1_M0<==>Cd14_M0,Etf1_M0,Cd14_M0
Hspa9_M3<==>Fau_M3,Hspa9_M3,Fau_M3
Hspa9_M3<==>Ighv14-1_B3,Hspa9_M3,Ighv14-1_B3
Ctnna1_M4<==>Fem1c_M3,Ctnna1_M4,Fem1c_M3
Paip2_T2<==>Rpl36a_T2,Paip2_T2,Rpl36a_T2
Paip2_T5<==>mt-Co3_B2,Paip2_T5,mt-Co3_B2
Mzb1_B3<==>Rbm3_B4,Mzb1_B3,Rbm3_B4
Mzb1_B3<==>Rbbp7_M4,Mzb1_B3,Rbbp7_M4
Ube2d2a_M0<==>Rpl10_B2,Ube2d2a_M0,Rpl10_B2
Cd14_M1<==>Tnfaip8_M4,Cd14_M1,Tnfaip8_M4
Cd14_M2<==>Cd14_M5,Cd14_M2,Cd14_M5
Cd14_M2<==>Csf1r_M5,Cd14_M2,Csf1r_M5
Cd14_M5<==>Csf1r_M5,Cd14_M5,Csf1r_M5
Ndufa2_T3<==>mt-Atp6_T4,Ndufa2_T3,mt-Atp6_T4
Ndfip1_T1<==>Rps4x_B2,Ndfip1_T1,Rps4x_B2
Ndfip1_T2<==>Ms4a6b_M1,Ndfip1_T2,Ms4a6b_M1
Ndfip1_T3<==>Csf1r_M1,Ndfip1_T3,Csf1r_M1
Ndfip1_T3<==>Sat1_M3,Ndfip1_T3,Sat1_M3
Ndfip1_T4<==>Got1_T2,Ndfip1_T4,Got1_T2
Nr3c1_T1<==>Rpl39_M5,Nr3c1_T1,Rpl39_M5
Nr3c1_T2<==>Nars_B3,Nr3c1_T2,Nars_B3
Nr3c1_T2<==>Rps4x_B0,Nr3c1_T2,Rps4x_B0
Eif1a_M3<==>Atp5md_B2,Eif1a_M3,Atp5md_B2
Eif1a_M3<==>Rps4x_B2,Eif1a_M3,Rps4x_B2
Eif1a_M3<==>Sat1_B1,Eif1a_M3,Sat1_B1
Eif1a_M3<==>mt-Atp6_B2,Eif1a_M3,mt-Atp6_B2
Eif1a_M4<==>Unc93b1_M4,Eif1a_M4,Unc93b1_M4
Tnfaip8_M4<==>Nars_M4,Tnfaip8_M4,Nars_M4
Tnfaip8_M4<==>mt-Cytb_B2,Tnfaip8_M4,mt-Cytb_B2
Gramd3_T3<==>Avpi1_M4,Gramd3_T3,Avpi1_M4
Gramd3_T3<==>Igkv5-39_B4,Gramd3_T3,Igkv5-39_B4
Lmnb1_B1<==>Avpi1_M4,Lmnb1_B1,Avpi1_M4
Lmnb1_M2<==>Zfand5_M5,Lmnb1_M2,Zfand5_M5
Iigp1_M0<==>AW112010_T5,Iigp1_M0,AW112010_T5
Smim3_M4<==>Ighv1-80_B3,Smim3_M4,Ighv1-80_B3
Rps14_B3<==>Zfand5_M5,Rps14_B3,Zfand5_M5
Rps14_M3<==>Rpl17_M3,Rps14_M3,Rpl17_M3
Rps14_M3<==>Fau_M3,Rps14_M3,Fau_M3
Rps14_M3<==>Ahnak_T4,Rps14_M3,Ahnak_T4
Rps14_M3<==>Rps4x_M3,Rps14_M3,Rps4x_M3
Rps14_M4<==>Rpl17_M4,Rps14_M4,Rpl17_M4
Rps14_M5<==>mt-Nd3_B1,Rps14_M5,mt-Nd3_B1
Rps14_T2<==>Rpl17_T2,Rps14_T2,Rpl17_T2
Rps14_T2<==>Rps4x_T2,Rps14_T2,Rps4x_T2
Rps14_T2<==>mt-Nd3_M3,Rps14_T2,mt-Nd3_M3
Rps14_T5<==>Rpl17_T1,Rps14_T5,Rpl17_T1
Rps14_T5<==>Rpl17_T2,Rps14_T5,Rpl17_T2
Rps14_T5<==>Rpl17_T5,Rps14_T5,Rpl17_T5
Rps14_T5<==>Rps4x_T2,Rps14_T5,Rps4x_T2
Cd74_M1<==>Ms4a7_M1,Cd74_M1,Ms4a7_M1
Cd74_M3<==>Csf1r_M3,Cd74_M3,Csf1r_M3
Cd74_M4<==>Lamp2_M5,Cd74_M4,Lamp2_M5
Cd74_T5<==>P2ry10_T5,Cd74_T5,P2ry10_T5
Csf1r_M0<==>mt-Nd5_M0,Csf1r_M0,mt-Nd5_M0
Csf1r_M5<==>Ms4a6c_M5,Csf1r_M5,Ms4a6c_M5
Csf1r_M5<==>Mpeg1_M5,Csf1r_M5,Mpeg1_M5
Nars_B3<==>P2ry10_T5,Nars_B3,P2ry10_T5
Nars_B3<==>mt-Atp6_B0,Nars_B3,mt-Atp6_B0
Nars_M4<==>AW112010_M0,Nars_M4,AW112010_M0
Nars_M4<==>Rpl36a_T5,Nars_M4,Rpl36a_T5
Malt1_M3<==>Cd274_M3,Malt1_M3,Cd274_M3
Malt1_M4<==>Cdk2ap2_B4,Malt1_M4,Cdk2ap2_B4
Malt1_M4<==>Ssr4_M1,Malt1_M4,Ssr4_M1
Sec11c_M3<==>Cd274_M2,Sec11c_M3,Cd274_M2
Sec11c_M3<==>Ndufb11_M1,Sec11c_M3,Ndufb11_M1
Sec11c_T7<==>Ostf1_M0,Sec11c_T7,Ostf1_M0
Tcf4_B1<==>Msn_M0,Tcf4_B1,Msn_M0
Rpl17_B1<==>Rpl17_T4,Rpl17_B1,Rpl17_T4
Rpl17_B1<==>Malat1_T2,Rpl17_B1,Malat1_T2
Rpl17_B1<==>Rps4x_B1,Rpl17_B1,Rps4x_B1
Rpl17_B1<==>mt-Nd1_T6,Rpl17_B1,mt-Nd1_T6
Rpl17_B2<==>Rps4x_B2,Rpl17_B2,Rps4x_B2
Rpl17_B2<==>Sat1_B1,Rpl17_B2,Sat1_B1
Rpl17_B2<==>mt-Nd3_M3,Rpl17_B2,mt-Nd3_M3
Rpl17_B2<==>mt-Cytb_B2,Rpl17_B2,mt-Cytb_B2
Rpl17_B5<==>Fth1_B1,Rpl17_B5,Fth1_B1
Rpl17_B5<==>Ms4a7_M1,Rpl17_B5,Ms4a7_M1
Rpl17_B5<==>Atp5md_B5,Rpl17_B5,Atp5md_B5
Rpl17_B5<==>Rps4x_B1,Rpl17_B5,Rps4x_B1
Rpl17_B5<==>P2ry10_T5,Rpl17_B5,P2ry10_T5
Rpl17_B5<==>mt-Atp6_T4,Rpl17_B5,mt-Atp6_T4
Rpl17_M3<==>Mpeg1_M5,Rpl17_M3,Mpeg1_M5
Rpl17_M3<==>mt-Nd3_M5,Rpl17_M3,mt-Nd3_M5
Rpl17_T2<==>Rpl17_T3,Rpl17_T2,Rpl17_T3
Rpl17_T2<==>Rps4x_T2,Rpl17_T2,Rps4x_T2
Rpl17_T2<==>mt-Nd3_M3,Rpl17_T2,mt-Nd3_M3
Rpl17_T3<==>mt-Nd3_M5,Rpl17_T3,mt-Nd3_M5
Rpl17_T5<==>Rpl10_T5,Rpl17_T5,Rpl10_T5
Rpl17_T5<==>mt-Nd4l_B2,Rpl17_T5,mt-Nd4l_B2
Atp5a1_M0<==>Cox8a_M0,Atp5a1_M0,Cox8a_M0
Txnl4a_M4<==>Ehd1_M3,Txnl4a_M4,Ehd1_M3
Txnl4a_M4<==>Sat1_B1,Txnl4a_M4,Sat1_B1
Unc93b1_M3<==>Fermt3_T5,Unc93b1_M3,Fermt3_T5
Cdk2ap2_B4<==>Fkbp2_B3,Cdk2ap2_B4,Fkbp2_B3
Cdk2ap2_M0<==>Rps4x_M3,Cdk2ap2_M0,Rps4x_M3
Ptprcap_B1<==>Igkv3-10_B3,Ptprcap_B1,Igkv3-10_B3
Pold4_B0<==>mt-Co1_M1,Pold4_B0,mt-Co1_M1
Grk2_M4<==>Ighv1-5_B2,Grk2_M4,Ighv1-5_B2
Ctsw_T0<==>mt-Nd5_T3,Ctsw_T0,mt-Nd5_T3
Cfl1_B3<==>Cox7b_B3,Cfl1_B3,Cox7b_B3
Cfl1_M3<==>Ubxn1_M3,Cfl1_M3,Ubxn1_M3
Cfl1_T3<==>AW112010_T0,Cfl1_T3,AW112010_T0
Malat1_B1<==>Malat1_T4,Malat1_B1,Malat1_T4
Malat1_B1<==>Rbm3_B4,Malat1_B1,Rbm3_B4
Malat1_B1<==>Rbm3_T2,Malat1_B1,Rbm3_T2
Malat1_B1<==>mt-Co2_M0,Malat1_B1,mt-Co2_M0
Malat1_B1<==>mt-Atp6_T3,Malat1_B1,mt-Atp6_T3
Malat1_B7<==>mt-Nd2_M5,Malat1_B7,mt-Nd2_M5
Malat1_M2<==>Eef1g_M3,Malat1_M2,Eef1g_M3
Malat1_M2<==>Slc15a3_M3,Malat1_M2,Slc15a3_M3
Malat1_M2<==>Ms4a7_M1,Malat1_M2,Ms4a7_M1
Malat1_M2<==>P2ry10_T5,Malat1_M2,P2ry10_T5
Malat1_T0<==>Malat1_T3,Malat1_T0,Malat1_T3
Malat1_T0<==>Rbm3_T2,Malat1_T0,Rbm3_T2
Malat1_T2<==>Ms4a7_M1,Malat1_T2,Ms4a7_M1
Malat1_T2<==>mt-Co2_M0,Malat1_T2,mt-Co2_M0
Malat1_T2<==>mt-Atp6_T4,Malat1_T2,mt-Atp6_T4
Malat1_T2<==>mt-Nd4l_B1,Malat1_T2,mt-Nd4l_B1
Malat1_T3<==>Malat1_T5,Malat1_T3,Malat1_T5
Malat1_T3<==>Fau_T2,Malat1_T3,Fau_T2
Malat1_T3<==>Prdx5_M0,Malat1_T3,Prdx5_M0
Malat1_T3<==>Rbm3_T2,Malat1_T3,Rbm3_T2
Malat1_T3<==>Rpl39_B2,Malat1_T3,Rpl39_B2
Malat1_T3<==>Rpl39_B5,Malat1_T3,Rpl39_B5
Malat1_T3<==>P2ry10_M4,Malat1_T3,P2ry10_M4
Malat1_T3<==>Igkv4-57_B3,Malat1_T3,Igkv4-57_B3
Malat1_T5<==>Tmsb4x_M3,Malat1_T5,Tmsb4x_M3
Malat1_T5<==>Igkv4-57_B3,Malat1_T5,Igkv4-57_B3
Neat1_B3<==>mt-Nd4_M3,Neat1_B3,mt-Nd4_M3
Fau_M3<==>Rps4x_M3,Fau_M3,Rps4x_M3
Fau_M3<==>mt-Nd1_B3,Fau_M3,mt-Nd1_B3
Fau_T2<==>Fth1_B1,Fau_T2,Fth1_B1
Fau_T2<==>Ms4a7_M1,Fau_T2,Ms4a7_M1
Fau_T2<==>Rpl39_B1,Fau_T2,Rpl39_B1
Fau_T2<==>Rpl39_B2,Fau_T2,Rpl39_B2
Fau_T2<==>Rpl39_B5,Fau_T2,Rpl39_B5
Fau_T2<==>P2ry10_M4,Fau_T2,P2ry10_M4
Fau_T2<==>mt-Co2_T5,Fau_T2,mt-Co2_T5
Fau_T2<==>mt-Co2_T6,Fau_T2,mt-Co2_T6
Fau_T2<==>mt-Atp8_B3,Fau_T2,mt-Atp8_B3
Fau_T2<==>mt-Atp6_T0,Fau_T2,mt-Atp6_T0
Fau_T2<==>mt-Atp6_T2,Fau_T2,mt-Atp6_T2
Fau_T2<==>mt-Atp6_T4,Fau_T2,mt-Atp6_T4
Fau_T2<==>mt-Atp6_T5,Fau_T2,mt-Atp6_T5
Ehd1_M2<==>Ighv1-61_B3,Ehd1_M2,Ighv1-61_B3
Ehd1_M3<==>Ehd1_M4,Ehd1_M3,Ehd1_M4
Ehd1_M3<==>Sat1_B1,Ehd1_M3,Sat1_B1
Prdx5_M0<==>Cybb_M0,Prdx5_M0,Cybb_M0
Prdx5_M1<==>mt-Nd5_M0,Prdx5_M1,mt-Nd5_M0
Prdx5_M2<==>Ighv1-61_B3,Prdx5_M2,Ighv1-61_B3
Prdx5_M3<==>Cox8a_M2,Prdx5_M3,Cox8a_M2
Fkbp2_B3<==>Rpl39_B2,Fkbp2_B3,Rpl39_B2
Fkbp2_B3<==>Rpl10_T2,Fkbp2_B3,Rpl10_T2
Fkbp2_B3<==>mt-Atp8_B1,Fkbp2_B3,mt-Atp8_B1
Fkbp2_B3<==>mt-Atp8_B3,Fkbp2_B3,mt-Atp8_B3
Fkbp2_B3<==>mt-Nd4l_B3,Fkbp2_B3,mt-Nd4l_B3
Fermt3_M4<==>Ahnak_M1,Fermt3_M4,Ahnak_M1
Fermt3_M4<==>mt-Nd1_M5,Fermt3_M4,mt-Nd1_M5
Cox8a_B1<==>Xist_B0,Cox8a_B1,Xist_B0
Cox8a_B1<==>mt-Cytb_M0,Cox8a_B1,mt-Cytb_M0
Cox8a_M0<==>Rpl10_T4,Cox8a_M0,Rpl10_T4
Cox8a_M0<==>Rpl10_T5,Cox8a_M0,Rpl10_T5
Cox8a_M0<==>mt-Nd4l_T6,Cox8a_M0,mt-Nd4l_T6
Cox8a_M2<==>mt-Co1_M0,Cox8a_M2,mt-Co1_M0
Cox8a_M3<==>Plaat3_M5,Cox8a_M3,Plaat3_M5
Cox8a_M4<==>mt-Cytb_M4,Cox8a_M4,mt-Cytb_M4
Cox8a_M5<==>Plaat3_M5,Cox8a_M5,Plaat3_M5
Cox8a_T2<==>Ahnak_M1,Cox8a_T2,Ahnak_M1
Plaat3_T5<==>Pgk1_B4,Plaat3_T5,Pgk1_B4
Slc3a2_M0<==>Pten_M4,Slc3a2_M0,Pten_M4
Ahnak_O7<==>Ddx3x_O7,Ahnak_O7,Ddx3x_O7
Ahnak_T4<==>mt-Nd2_M5,Ahnak_T4,mt-Nd2_M5
Fth1_B0<==>Rbm3_B1,Fth1_B0,Rbm3_B1
Fth1_B0<==>Prdx4_B3,Fth1_B0,Prdx4_B3
Fth1_B1<==>Rpl39_B5,Fth1_B1,Rpl39_B5
Fth1_B1<==>Rps4x_B1,Fth1_B1,Rps4x_B1
Fth1_B1<==>mt-Co2_T2,Fth1_B1,mt-Co2_T2
Fth1_B1<==>mt-Atp6_T4,Fth1_B1,mt-Atp6_T4
Fth1_B7<==>mt-Nd3_T1,Fth1_B7,mt-Nd3_T1
Fth1_M0<==>Fth1_M5,Fth1_M0,Fth1_M5
Fth1_M0<==>Ablim1_B2,Fth1_M0,Ablim1_B2
Fth1_M0<==>Rpl10_B2,Fth1_M0,Rpl10_B2
Fth1_M0<==>Pgk1_M0,Fth1_M0,Pgk1_M0
Fth1_M3<==>Ighv1-2_B2,Fth1_M3,Ighv1-2_B2
Tmem258_T4<==>Myof_M0,Tmem258_T4,Myof_M0
AW112010_O10<==>Ighv1-2_B3,AW112010_O10,Ighv1-2_B3
AW112010_T3<==>mt-Co3_M0,AW112010_T3,mt-Co3_M0
AW112010_T5<==>Xist_B0,AW112010_T5,Xist_B0
Ms4a1_B1<==>Igkv17-127_B5,Ms4a1_B1,Igkv17-127_B5
Ms4a1_B4<==>Ighv1-25_B3,Ms4a1_B4,Ighv1-25_B3
Ms4a7_M1<==>Rpl39_B2,Ms4a7_M1,Rpl39_B2
Ms4a7_M1<==>P2ry10_T5,Ms4a7_M1,P2ry10_T5
Ms4a7_M1<==>mt-Atp6_T4,Ms4a7_M1,mt-Atp6_T4
Ms4a7_M1<==>mt-Nd4l_B3,Ms4a7_M1,mt-Nd4l_B3
Ms4a6c_M5<==>Lamp2_M5,Ms4a6c_M5,Lamp2_M5
BE692007_B2<==>Pgam1_M5,BE692007_B2,Pgam1_M5
Gm8369_T6_3<==>Xist_B0,Gm8369_T6_3,Xist_B0
Ms4a6b_T5<==>Atp5md_B1,Ms4a6b_T5,Atp5md_B1
Ms4a6b_T5<==>mt-Nd4l_B3,Ms4a6b_T5,mt-Nd4l_B3
Ms4a6b_T5<==>mt-Nd4l_B4,Ms4a6b_T5,mt-Nd4l_B4
Ms4a6d_M0<==>mt-Nd1_T2,Ms4a6d_M0,mt-Nd1_T2
Ostf1_M4<==>Rpl10_M1,Ostf1_M4,Rpl10_M1
Ostf1_T1<==>Dusp5_M1,Ostf1_T1,Dusp5_M1
Zfand5_B4<==>mt-Nd4_B2,Zfand5_B4,mt-Nd4_B2
Jak2_M4<==>Dusp5_M5,Jak2_M4,Dusp5_M5
Jak2_M4<==>Rpl10_M1,Jak2_M4,Rpl10_M1
Jak2_M5<==>mt-Nd4_T6,Jak2_M5,mt-Nd4_T6
Jak2_T1<==>mt-Atp6_B0,Jak2_T1,mt-Atp6_B0
Cd274_M3<==>Cox7b_B3,Cd274_M3,Cox7b_B3
Uhrf2_T4<==>mt-Nd4_B4,Uhrf2_T4,mt-Nd4_B4
Pgam1_M5<==>Got1_M5,Pgam1_M5,Got1_M5
Pgam1_M5<==>Pgk1_M5,Pgam1_M5,Pgk1_M5
Pgam1_T5<==>mt-Nd1_T0,Pgam1_T5,mt-Nd1_T0
Avpi1_M3<==>Avpi1_T4,Avpi1_M3,Avpi1_T4
Avpi1_M4<==>Tmsb4x_T7,Avpi1_M4,Tmsb4x_T7
Got1_M3<==>mt-Co2_T4,Got1_M3,mt-Co2_T4
Chuk_M4<==>Ighv1-2_B3,Chuk_M4,Ighv1-2_B3
Atp5md_B1<==>Rpl39_B1,Atp5md_B1,Rpl39_B1
Atp5md_B1<==>Rpl36a_B4,Atp5md_B1,Rpl36a_B4
Atp5md_B1<==>mt-Co2_T2,Atp5md_B1,mt-Co2_T2
Atp5md_B1<==>mt-Atp6_T2,Atp5md_B1,mt-Atp6_T2
Atp5md_B1<==>mt-Atp6_T5,Atp5md_B1,mt-Atp6_T5
Atp5md_B2<==>Atp5md_B5,Atp5md_B2,Atp5md_B5
Atp5md_B2<==>mt-Atp6_B2,Atp5md_B2,mt-Atp6_B2
Atp5md_B2<==>mt-Nd3_M3,Atp5md_B2,mt-Nd3_M3
Atp5md_B5<==>Pdcd4_T3,Atp5md_B5,Pdcd4_T3
Atp5md_B5<==>Rpl39_B1,Atp5md_B5,Rpl39_B1
Atp5md_B5<==>mt-Co2_B5,Atp5md_B5,mt-Co2_B5
Atp5md_T1<==>Rpl39_B1,Atp5md_T1,Rpl39_B1
Atp5md_T1<==>Rpl39_T2,Atp5md_T1,Rpl39_T2
Atp5md_T1<==>mt-Co2_T5,Atp5md_T1,mt-Co2_T5
Atp5md_T1<==>mt-Co2_T6,Atp5md_T1,mt-Co2_T6
Atp5md_T1<==>mt-Atp6_B3,Atp5md_T1,mt-Atp6_B3
Atp5md_T1<==>mt-Co3_T5,Atp5md_T1,mt-Co3_T5
Atp5md_T2<==>Rpl39_B1,Atp5md_T2,Rpl39_B1
Atp5md_T2<==>mt-Co2_T2,Atp5md_T2,mt-Co2_T2
Atp5md_T2<==>mt-Atp6_B3,Atp5md_T2,mt-Atp6_B3
Atp5md_T2<==>mt-Atp6_T2,Atp5md_T2,mt-Atp6_T2
Atp5md_T2<==>mt-Cytb_B3,Atp5md_T2,mt-Cytb_B3
Atp5md_T2<==>mt-Cytb_T2,Atp5md_T2,mt-Cytb_T2
Sfr1_B3<==>Slc25a5_M4,Sfr1_B3,Slc25a5_M4
Dusp5_M4<==>mt-Nd2_T2,Dusp5_M4,mt-Nd2_T2
Dusp5_M5<==>Rpl10_M1,Dusp5_M5,Rpl10_M1
Rbm3_B1<==>Rbm3_T2,Rbm3_B1,Rbm3_T2
Rbm3_B1<==>Lamp2_B3,Rbm3_B1,Lamp2_B3
Rbm3_B1<==>Xist_B3,Rbm3_B1,Xist_B3
Rbm3_B1<==>mt-Atp6_B4,Rbm3_B1,mt-Atp6_B4
Rbm3_B1<==>Igkv4-57_B3,Rbm3_B1,Igkv4-57_B3
Rbm3_T2<==>Lamp2_B3,Rbm3_T2,Lamp2_B3
Rbm3_T4<==>Igkv3-10_B2,Rbm3_T4,Igkv3-10_B2
Cybb_M3<==>Igkv3-10_B2,Cybb_M3,Igkv3-10_B2
Rpl39_B1<==>Rpl39_B2,Rpl39_B1,Rpl39_B2
Rpl39_B1<==>mt-Co2_T2,Rpl39_B1,mt-Co2_T2
Rpl39_B1<==>mt-Co2_T6,Rpl39_B1,mt-Co2_T6
Rpl39_B1<==>mt-Cytb_T2,Rpl39_B1,mt-Cytb_T2
Rpl39_B2<==>Rpl39_B5,Rpl39_B2,Rpl39_B5
Rpl39_B2<==>mt-Co2_T6,Rpl39_B2,mt-Co2_T6
Rpl39_B2<==>mt-Atp8_B1,Rpl39_B2,mt-Atp8_B1
Rpl39_B2<==>mt-Atp8_B3,Rpl39_B2,mt-Atp8_B3
Rpl39_B2<==>mt-Atp6_B3,Rpl39_B2,mt-Atp6_B3
Rpl39_B2<==>mt-Atp6_T5,Rpl39_B2,mt-Atp6_T5
Rpl39_B2<==>mt-Co3_T5,Rpl39_B2,mt-Co3_T5
Rpl39_B5<==>P2ry10_M4,Rpl39_B5,P2ry10_M4
Rpl39_B5<==>mt-Atp8_B3,Rpl39_B5,mt-Atp8_B3
Rpl39_B5<==>mt-Atp6_T5,Rpl39_B5,mt-Atp6_T5
Rpl39_B5<==>mt-Nd4l_B3,Rpl39_B5,mt-Nd4l_B3
Rpl39_M1<==>Rpl36a_M1,Rpl39_M1,Rpl36a_M1
Rpl39_M3<==>Rpl36a_M3,Rpl39_M3,Rpl36a_M3
Rpl39_M3<==>mt-Nd4l_T1,Rpl39_M3,mt-Nd4l_T1
Rpl39_T2<==>mt-Atp6_T2,Rpl39_T2,mt-Atp6_T2
Rpl39_T4<==>Igkv9-120_B3,Rpl39_T4,Igkv9-120_B3
Ndufa1_M3<==>mt-Co2_B0,Ndufa1_M3,mt-Co2_B0
Ndufa1_M3<==>mt-Atp6_B5,Ndufa1_M3,mt-Atp6_B5
Lamp2_B3<==>Igkv4-57_B3,Lamp2_B3,Igkv4-57_B3
Ssr4_B1<==>Xist_B0,Ssr4_B1,Xist_B0
Ssr4_B1<==>mt-Nd4l_B2,Ssr4_B1,mt-Nd4l_B2
Ssr4_O7<==>mt-Atp6_T3,Ssr4_O7,mt-Atp6_T3
Rpl10_B1<==>Rpl10_T4,Rpl10_B1,Rpl10_T4
Rpl10_B2<==>Pgk1_M0,Rpl10_B2,Pgk1_M0
Rpl10_B5<==>Xist_T4,Rpl10_B5,Xist_T4
Rpl10_B5<==>Ighv14-1_B3,Rpl10_B5,Ighv14-1_B3
Rpl10_M3<==>Rps4x_B1,Rpl10_M3,Rps4x_B1
Rpl10_T4<==>mt-Nd4l_M3,Rpl10_T4,mt-Nd4l_M3
Rpl10_T5<==>Pgk1_M0,Rpl10_T5,Pgk1_M0
Rpl10_T5<==>mt-Co3_T5,Rpl10_T5,mt-Co3_T5
Rpl10_T5<==>mt-Nd4l_T4,Rpl10_T5,mt-Nd4l_T4
Msn_T3<==>mt-Co2_B4,Msn_T3,mt-Co2_B4
Rps4x_B1<==>P2ry10_T5,Rps4x_B1,P2ry10_T5
Rps4x_B2<==>Rps4x_T2,Rps4x_B2,Rps4x_T2
Rps4x_B2<==>mt-Co2_B2,Rps4x_B2,mt-Co2_B2
Rps4x_B2<==>mt-Atp6_B2,Rps4x_B2,mt-Atp6_B2
Rps4x_B2<==>mt-Co3_B2,Rps4x_B2,mt-Co3_B2
Rps4x_M3<==>Ighv7-3_B2,Rps4x_M3,Ighv7-3_B2
Rps4x_T5<==>mt-Co3_T5,Rps4x_T5,mt-Co3_T5
Xist_B3<==>mt-Nd4l_B1,Xist_B3,mt-Nd4l_B1
Xist_B3<==>Ighv1-82_B3,Xist_B3,Ighv1-82_B3
Xist_M1<==>mt-Atp6_M1,Xist_M1,mt-Atp6_M1
Xist_T3<==>Rpl36a_T5,Xist_T3,Rpl36a_T5
Cox7b_M4<==>mt-Atp6_B5,Cox7b_M4,mt-Atp6_B5
P2ry10_M4<==>mt-Atp6_T4,P2ry10_M4,mt-Atp6_T4
P2ry10_M5<==>mt-Atp6_T7,P2ry10_M5,mt-Atp6_T7
Rpl36a_B4<==>mt-Co3_B2,Rpl36a_B4,mt-Co3_B2
Rpl36a_B4<==>mt-Co3_B5,Rpl36a_B4,mt-Co3_B5
Rpl36a_T5<==>mt-Atp6_T4,Rpl36a_T5,mt-Atp6_T4
Rpl36a_T5<==>mt-Atp6_T5,Rpl36a_T5,mt-Atp6_T5
Rpl36a_T5<==>mt-Cytb_T2,Rpl36a_T5,mt-Cytb_T2
Tmsb4x_B0<==>mt-Co1_T3,Tmsb4x_B0,mt-Co1_T3
Tmsb4x_B0<==>Igkv3-10_B2,Tmsb4x_B0,Igkv3-10_B2
Tmsb4x_B2<==>Tmsb4x_T1,Tmsb4x_B2,Tmsb4x_T1
Tmsb4x_B3<==>mt-Nd2_M5,Tmsb4x_B3,mt-Nd2_M5
Tmsb4x_T1<==>mt-Cytb_T4,Tmsb4x_T1,mt-Cytb_T4
Tmsb4x_T7<==>mt-Nd4_M3,Tmsb4x_T7,mt-Nd4_M3
mt-Nd1_B3<==>mt-Nd2_B3,mt-Nd1_B3,mt-Nd2_B3
mt-Nd1_B5<==>mt-Co3_T3,mt-Nd1_B5,mt-Co3_T3
mt-Nd1_M3<==>mt-Nd2_M3,mt-Nd1_M3,mt-Nd2_M3
mt-Nd1_T0<==>mt-Co1_T4,mt-Nd1_T0,mt-Co1_T4
mt-Nd2_B1<==>mt-Co1_M4,mt-Nd2_B1,mt-Co1_M4
mt-Nd2_B2<==>mt-Nd5_T6,mt-Nd2_B2,mt-Nd5_T6
mt-Nd2_B3<==>mt-Nd2_T2,mt-Nd2_B3,mt-Nd2_T2
mt-Nd2_B4<==>Igkv4-57_B3,mt-Nd2_B4,Igkv4-57_B3
mt-Nd2_T2<==>mt-Co3_T2,mt-Nd2_T2,mt-Co3_T2
mt-Co1_T3<==>Igkv3-10_B2,mt-Co1_T3,Igkv3-10_B2
mt-Co2_B0<==>mt-Atp6_B0,mt-Co2_B0,mt-Atp6_B0
mt-Co2_B0<==>mt-Atp6_B2,mt-Co2_B0,mt-Atp6_B2
mt-Co2_B1<==>mt-Co2_B5,mt-Co2_B1,mt-Co2_B5
mt-Co2_B1<==>mt-Atp6_B1,mt-Co2_B1,mt-Atp6_B1
mt-Co2_B2<==>mt-Atp6_B2,mt-Co2_B2,mt-Atp6_B2
mt-Co2_B2<==>mt-Co3_B2,mt-Co2_B2,mt-Co3_B2
mt-Co2_B3<==>mt-Atp8_B1,mt-Co2_B3,mt-Atp8_B1
mt-Co2_B3<==>mt-Atp6_B3,mt-Co2_B3,mt-Atp6_B3
mt-Co2_B3<==>mt-Co3_B3,mt-Co2_B3,mt-Co3_B3
mt-Co2_B3<==>mt-Cytb_B3,mt-Co2_B3,mt-Cytb_B3
mt-Co2_B4<==>mt-Atp6_B4,mt-Co2_B4,mt-Atp6_B4
mt-Co2_B5<==>mt-Atp6_B5,mt-Co2_B5,mt-Atp6_B5
mt-Co2_M0<==>mt-Atp6_M0,mt-Co2_M0,mt-Atp6_M0
mt-Co2_T2<==>mt-Atp6_T2,mt-Co2_T2,mt-Atp6_T2
mt-Co2_T2<==>mt-Atp6_T5,mt-Co2_T2,mt-Atp6_T5
mt-Co2_T2<==>mt-Cytb_T2,mt-Co2_T2,mt-Cytb_T2
mt-Co2_T5<==>mt-Atp6_T5,mt-Co2_T5,mt-Atp6_T5
mt-Co2_T5<==>mt-Co3_T5,mt-Co2_T5,mt-Co3_T5
mt-Atp8_B1<==>mt-Atp8_B3,mt-Atp8_B1,mt-Atp8_B3
mt-Atp8_B1<==>mt-Atp6_B3,mt-Atp8_B1,mt-Atp6_B3
mt-Atp8_B1<==>mt-Nd4l_B1,mt-Atp8_B1,mt-Nd4l_B1
mt-Atp8_B1<==>mt-Cytb_B3,mt-Atp8_B1,mt-Cytb_B3
mt-Atp8_B3<==>mt-Co3_T5,mt-Atp8_B3,mt-Co3_T5
mt-Atp8_B3<==>mt-Nd4l_B3,mt-Atp8_B3,mt-Nd4l_B3
mt-Atp6_B1<==>mt-Atp6_B5,mt-Atp6_B1,mt-Atp6_B5
mt-Atp6_B2<==>mt-Atp6_B5,mt-Atp6_B2,mt-Atp6_B5
mt-Atp6_B2<==>mt-Co3_B2,mt-Atp6_B2,mt-Co3_B2
mt-Atp6_B2<==>mt-Cytb_B2,mt-Atp6_B2,mt-Cytb_B2
mt-Atp6_B3<==>mt-Co3_B3,mt-Atp6_B3,mt-Co3_B3
mt-Atp6_B3<==>mt-Nd3_B2,mt-Atp6_B3,mt-Nd3_B2
mt-Atp6_B3<==>mt-Nd4l_B1,mt-Atp6_B3,mt-Nd4l_B1
mt-Atp6_B3<==>mt-Cytb_B3,mt-Atp6_B3,mt-Cytb_B3
mt-Atp6_B3<==>mt-Cytb_T2,mt-Atp6_B3,mt-Cytb_T2
mt-Atp6_B4<==>mt-Co3_B4,mt-Atp6_B4,mt-Co3_B4
mt-Atp6_B5<==>mt-Co3_B5,mt-Atp6_B5,mt-Co3_B5
mt-Atp6_B5<==>mt-Cytb_B2,mt-Atp6_B5,mt-Cytb_B2
mt-Atp6_M1<==>mt-Co3_M1,mt-Atp6_M1,mt-Co3_M1
mt-Atp6_M1<==>mt-Nd4_M1,mt-Atp6_M1,mt-Nd4_M1
mt-Atp6_T0<==>mt-Atp6_T2,mt-Atp6_T0,mt-Atp6_T2
mt-Atp6_T0<==>mt-Atp6_T4,mt-Atp6_T0,mt-Atp6_T4
mt-Atp6_T0<==>mt-Co3_T5,mt-Atp6_T0,mt-Co3_T5
mt-Atp6_T2<==>mt-Nd4_T2,mt-Atp6_T2,mt-Nd4_T2
mt-Atp6_T2<==>mt-Cytb_T2,mt-Atp6_T2,mt-Cytb_T2
mt-Atp6_T3<==>mt-Atp6_T4,mt-Atp6_T3,mt-Atp6_T4
mt-Atp6_T3<==>mt-Nd4l_B3,mt-Atp6_T3,mt-Nd4l_B3
mt-Atp6_T4<==>mt-Atp6_T5,mt-Atp6_T4,mt-Atp6_T5
mt-Atp6_T5<==>mt-Co3_T5,mt-Atp6_T5,mt-Co3_T5
mt-Atp6_T6<==>mt-Co3_T6,mt-Atp6_T6,mt-Co3_T6
mt-Co3_B5<==>mt-Cytb_B2,mt-Co3_B5,mt-Cytb_B2
mt-Co3_M1<==>mt-Nd4_M1,mt-Co3_M1,mt-Nd4_M1
mt-Nd3_B1<==>mt-Nd3_M5,mt-Nd3_B1,mt-Nd3_M5
mt-Nd3_T3<==>mt-Nd3_T4,mt-Nd3_T3,mt-Nd3_T4
mt-Nd3_T3<==>Igkv17-127_B2,mt-Nd3_T3,Igkv17-127_B2
mt-Nd4l_B1<==>mt-Nd4l_B3,mt-Nd4l_B1,mt-Nd4l_B3
mt-Nd4l_B2<==>mt-Nd4l_T1,mt-Nd4l_B2,mt-Nd4l_T1
mt-Nd4l_T1<==>mt-Nd4l_T6,mt-Nd4l_T1,mt-Nd4l_T6
mt-Nd4l_T1<==>Ighv1-25_B3,mt-Nd4l_T1,Ighv1-25_B3
mt-Nd4l_T4<==>mt-Nd4l_T6,mt-Nd4l_T4,mt-Nd4l_T6
mt-Nd4_B0<==>mt-Cytb_B2,mt-Nd4_B0,mt-Cytb_B2
mt-Nd4_B2<==>mt-Cytb_B1,mt-Nd4_B2,mt-Cytb_B1
mt-Nd4_B3<==>Ighv1-2_B3,mt-Nd4_B3,Ighv1-2_B3
mt-Nd4_T2<==>mt-Cytb_T2,mt-Nd4_T2,mt-Cytb_T2
mt-Cytb_B3<==>mt-Cytb_T2,mt-Cytb_B3,mt-Cytb_T2