gene,pval_lower,pval_median,pval_upper,log2fc_lower,log2fc_median,log2fc_upper,median_IL10_KOnonTLS_median,median_IL10_KOTLS_median,FDR_BH
Rpl7,0.078252228526237,0.2602362026171888,0.7508318840891169,-0.0015182555810172,0.0171951142045527,0.0364890624804701,2.566062799686165,2.5965668909264075,0.5636054774913702
Eloc,0.163433805324401,0.6488668531146259,1.0,-0.5255104563511847,1.0668511022129854,29.058799350153315,0.2462137035977837,0.5195586779985326,0.8418154117459485
Ptpn18,0.026229387834857,0.0885337720142295,0.2365840933218761,-0.1923650417302954,-0.125394275407656,-0.062326998897249,1.2625405682586048,1.1594481981101952,0.35901970996115135
Neurl3,0.1070588241295602,0.3615213310630785,0.7965236087650202,-0.4156677467884205,28.068811265131178,29.079054885856824,0.0,0.2936638956708531,0.6538424827072925
Cox5b,0.0998774027692641,0.3708443333042212,0.9309874465595672,-0.0819101015755731,-0.0152706703027213,0.0465946669935549,1.2266806741363263,1.2142275611703977,0.6538424827072925
Eif5b,0.0530979572855834,0.2602362026171888,0.7074539677020747,0.0165444456440397,0.0839078213851851,0.160304532442911,0.9103546018838564,0.9645697468521012,0.5636054774913702
Rpl31,0.2602362026171888,0.623604884395689,0.9769702553219756,-0.0287934726420478,0.0008115381879686,0.0282422276992546,1.889210090695636,1.8894625821486264,0.8230744602124918
Rnf149,0.4175244108041326,0.8173223156733437,1.0,-0.116740854852765,0.0070054922758485,0.1259052787325893,0.7494287174008383,0.753862164891207,0.8543904218919066
Map4k4,0.2854763088518824,0.5833604667027033,0.9769702553219756,-0.1613764734610656,-0.0650715198659194,0.0327455407722729,1.0850042703033962,1.0369346793058918,0.8080470068814829
Il1r2,0.4322062983352083,0.7941351991290153,1.0,-0.1579387604069604,0.0548657138425783,0.2684057800467202,0.8463058268472284,0.8778636724586995,0.848397744310294
Stat1,0.4952503605543905,0.8317243315691052,1.0,-1.4457733105059356,-0.2753289076619417,0.0900008120908658,0.7094118761120624,0.587352249770541,0.8543904218919066
Gls,0.2848453061960151,0.7074539677020747,1.0,-0.1422069859027874,-0.0646779577581418,0.0050082253900508,0.8722516948878983,0.8341929035989527,0.848397744310294
Sf3b1,0.0013477473616173,0.0072599549881905,0.0350891160940478,0.0755168657288376,0.1251651258140105,0.1671714359981914,1.2792815927473111,1.3956099991069,0.11597720009252092
Hspd1,0.0254083791365315,0.1391855515972279,0.4696553434230565,1.9124857605855048,28.91536545499263,29.17826803548845,0.0,0.5078683507381228,0.4373702842052263
Hspe1,0.0019961432996286,0.0101931049911082,0.0404041195882236,0.1127479181365382,0.1684759337736832,0.2373253143267671,1.0172510590982338,1.141572100391321,0.13468642100610387
Bzw1,0.078252228526237,0.2602362026171888,0.6650055421020291,-0.1336640714017298,-0.0683282214790171,-0.0016171899963174,0.9509967772579652,0.9068404186951944,0.5636054774913702
Clk1,0.1259397851414355,0.5440197437542305,1.0,-0.0815185315796005,0.0573724313269944,0.2110922671426524,0.6463323343999051,0.672056827341592,0.7816596966146192
Ndufb3,0.2240965699360729,0.5896657843618329,1.0,-0.1166882582877012,1.1806634353273204,29.08620239781009,0.2293580395585442,0.519807533580324,0.8158199557759006
Cflar,0.1486295439441445,0.4025038237820035,0.8398599725400034,-0.0057573490529096,0.0744910572876993,0.1605044833465272,1.0019057537190683,1.055129566291925,0.6791169250611708
Sumo1,0.4004478741767722,0.7941351991290153,1.0,-0.1749438842694887,-0.0203330240525793,0.1106094933791555,0.703968386125206,0.6939652913113975,0.848397744310294
Fam117b,0.0108718570889453,0.1057649195816314,0.533495368853226,0.107605695477525,2.170598796071359,29.22972404841728,0.1284710556039302,0.5888806626607275,0.38938738363921266
Nrp2,0.1381725986908074,0.4270082413995005,0.9486022066255588,-28.97918818901013,-26.834427731154086,2.182625018424758,0.1320525418865452,0.0,0.697550222365269
Eef1b2,0.0086155581188204,0.026229387834857,0.0885337720142295,0.0418380803762884,0.062899777152803,0.08431815262138,2.1336087690999936,2.228184781640348,0.20930763645144598
Rpl37a,0.0303828219765775,0.0885337720142295,0.2861474366724902,0.015313165294074,0.0259163158251153,0.0368321053344354,3.33692642705208,3.3978758851362136,0.35901970996115135
Arpc2,0.3708443333042212,0.8398599725400034,1.0,-0.0168546529145379,0.0056192545680089,0.0256406554035884,2.1057377957742203,2.1127425656920424,0.8543904218919066
Tmbim1,0.2124944962928325,0.4670774671464361,0.8847351545086489,-0.3499219174081596,-0.2011327082328936,-0.0781597240387882,0.7133298731159147,0.6226048217392802,0.718561080962515
Slc11a1,0.0020457571935227,0.006248809926394,0.0215568930747304,-1.5110227681779709,-0.543819262115395,-0.3535081017260765,0.9621631800173448,0.6593629496662423,0.11305539189906683
Dock10,0.0114049660863678,0.0937348371118185,0.371179500201751,27.77646399649069,28.978210020562194,29.177967086607108,0.0,0.5288250207219638,0.371695650812198
Trip12,0.0422550660416545,0.2084506871695787,0.6797828574036384,0.0,26.721324306899604,28.891422772374973,0.0,0.1106420302401077,0.5137366964428034
Itm2c,0.0530979572855834,0.2365840933218761,0.7074539677020747,0.0314925817604915,0.0959631807032235,0.1591273798961398,0.9618731243474138,1.0262989560684888,0.5391916545475316
Ncl,0.1748533068932927,0.5833604667027033,1.0,-0.0254974458843314,0.0116263786443927,0.0502388393963761,1.5623588202823075,1.5724655925129871,0.8080470068814829
Ptma,0.2854763088518824,0.7074539677020747,1.0,-0.0039619265798086,0.0111787262213063,0.0273211992613476,2.9030435726958226,2.925938146794,0.848397744310294
Inpp5d,0.0145441783218924,0.0737444619291525,0.3102084628221997,0.0614519574197344,0.2934750944055894,1.361727042249556,0.5566574425964427,0.6755896681027268,0.33227389742790553
Arl4c,0.0303828219765775,0.0998774027692641,0.2854763088518824,0.014450038348955,0.0390022416733594,0.0665848614920221,2.15330654835392,2.2124391695922725,0.371695650812198
Lrrfip1,0.026229387834857,0.1572127533400038,0.5833604667027033,-0.1732651936435358,-0.0949544016880459,-0.0177678786425954,0.8571307550689046,0.8021981907797,0.4692441571772703
Cops9,0.0262285730511206,0.1256927045823913,0.4020942803589493,0.0533264590617033,0.1448549347466423,0.2398071977184857,0.7239552975285286,0.7997566729184064,0.4105318980663675
Hdlbp,0.2308215440350993,0.719185966336114,1.0,-29.026012281648413,-0.2669049492016013,0.891143430548782,0.5423980173004123,0.4525038306781787,0.848397744310294
Vps4b,0.0402236306029704,0.2140949593489335,0.6037238386951937,0.0202261870216257,0.1366579449490049,0.2552012986151649,0.6894912272431876,0.7572809313614272,0.5137366964428034
Dbi,0.0606019697120061,0.4357306600317365,0.9769702553219756,-0.0907019500179284,-0.0372643176043587,0.0082074866166647,1.10323618930166,1.0752028306668626,0.697550222365269
Actr3,0.2848453061960151,0.7074539677020747,1.0,-0.043586179409178,-0.0104968540563082,0.0238228413476058,1.6126035983913138,1.5987128995560511,0.848397744310294
Ubxn4,0.4357306600317365,0.8398599725400034,1.0,-0.1082092551218409,-0.0145797682144222,0.0883522612547769,0.8378004007621892,0.8279554906980271,0.8543904218919066
Cxcr4,0.0003842020270349,0.002436734808989,0.0141379694559114,0.142724735422914,0.2078951670521081,0.2735663593361997,1.3094577427910514,1.5134548088069448,0.06989268622856254
Mapkapk2,0.0042647649140305,0.026229387834857,0.1572127533400038,0.0787429978487477,0.1476265559186047,0.2086762213430294,0.8680737517328633,0.9607329066208028,0.20930763645144598
Rab7b,0.2854763088518824,0.5833604667027033,0.9769702553219756,-0.080191502772992,-0.0004626135921073,0.0825213551542481,1.3868879903423377,1.385655933825035,0.8080470068814829
Snrpe,0.1939308522824107,0.6650055421020291,1.0,-0.0719444333771373,-0.0109275985662355,0.0449843056240514,1.0360788880885574,1.0279915121060188,0.8418154117459485
Btg2,0.000791439375139,0.0037337402771977,0.0135982839892295,-29.65654841863425,-29.59043395134312,-29.49669377376064,0.808442405985544,0.0,0.08609565815655873
Ptprc,0.2854763088518824,0.7508318840891169,1.0,-0.0341715993105616,-0.002873396665033,0.0246449727154256,1.9125442482567772,1.9092549552263025,0.848397744310294
Rgs1,0.0606019697120061,0.1939308522824107,0.5067205148778584,0.0347000930314073,0.1389631652655192,0.2415092847118169,1.572381882013249,1.730433525486305,0.4936421694461363
Ptgs2,0.0165749267498532,0.0530979572855834,0.1572127533400038,-0.4066174510281962,-0.2786013636447256,-0.1733652556958111,1.9206102595150976,1.586945844032265,0.2812756656209283
Tpr,0.0606019697120061,0.3123214216762161,0.8409943210883324,-0.1979823227689609,-0.0931507002956788,0.010279687952605,0.8387248189239747,0.7844421644150759,0.6105976525017381
Rgl1,0.0933694074585304,0.1999603557367885,0.4124404694624631,1.2248567383970526,29.34195491714736,29.46925819473345,0.0,0.6877474572295821,0.5035404247247607
Arpc5,0.0404041195882236,0.1572127533400038,0.4357306600317365,0.0176561580161164,0.0509480235868135,0.0809376650881272,1.5220938984698136,1.5764727484601564,0.4692441571772703
Ncf2,0.0998774027692641,0.3407786135629546,0.8852339144732017,-0.1340978269929399,-0.0616814637481808,0.0106884750438828,1.2831741724504186,1.2293502004506176,0.6341070404272698
Ier5,0.068964333339054,0.3407786135629546,0.8852339144732017,-0.1196037303552778,-0.0356037203825441,0.0274488705413792,1.0144894353344052,0.988486012631728,0.6341070404272698
Tor1aip1,0.1633245676678175,0.5292134476115236,0.9765379542708144,-29.14016450639319,-0.583501594270571,0.8987863209516844,0.5600673061154058,0.3573525780469471,0.7816596966146192
Soat1,9.682660612282744e-05,0.0007314819918142,0.0060989459312143,0.1735407166561434,0.252522420121553,0.3423807965827276,0.8294327370696946,0.988027909799627,0.054904659899203366
Gas5,0.4357306600317365,0.7950121719642381,1.0,-0.0780953995308036,0.0355471614540804,0.1219734435897493,0.8849623550935195,0.9056319227148566,0.848397744310294
Prdx6,0.1056023497219576,0.3887799858455599,0.9753898226476444,-0.2918693274890799,1.100680905498281,29.28524684648292,0.2835972289505545,0.5944051121804959,0.6753401231231587
Prrc2c,0.078252228526237,0.2602362026171888,0.6650055421020291,0.0232503241701944,0.0742413033507745,0.1210035171919301,1.12903041505411,1.1905481058059202,0.5636054774913702
Creg1,0.3708443333042212,0.7950121719642381,1.0,-0.0937690766459479,0.0100700657920425,0.1135612924629217,0.8628110145390278,0.8687766162331021,0.848397744310294
Fcgr2b,0.002436734808989,0.0072599549881905,0.0193733193315928,-0.3455621674687077,-0.2665193760804264,-0.2113218953386315,1.442833482020955,1.2000609451397426,0.11597720009252092
Fcgr4,0.0010843325616735,0.0089451526846172,0.0499248353716413,-29.43313989683008,-29.18328742575904,-26.906685069520183,0.609599899207679,0.0,0.1250047911319024
Fcgr3,0.0003080447056277,0.0011061781840807,0.0042647649140305,-0.3494787174198295,-0.2598656961563103,-0.1853976222549486,1.4834709594980524,1.23723390751667,0.054904659899203366
Fcer1g,0.0004776817289569,0.0013539414430926,0.0060989459312143,-0.1357420211767655,-0.1176450344595848,-0.0943783327879704,3.080843005891416,2.83894027932657,0.054904659899203366
Slamf7,0.1231319906995282,0.3358030313807797,0.6403592080734604,0.0,27.621443609927397,28.979952334101505,0.0,0.2064824040604347,0.6341070404272698
Pea15a,0.003864871256274,0.0572189122522005,0.3701927922707566,0.0,26.8767333394773,28.867485225917974,0.0,0.1232261605692352,0.2957174953581708
Igsf8,0.0028555854860965,0.0070541024006829,0.0164731558055826,0.0,28.21802167301459,29.179902022208356,0.0,0.3122273481635325,0.11597720009252092
Tagln2,0.0261380547020639,0.0885337720142295,0.3123214216762161,-0.1384297225154356,-0.0927518060442147,-0.0374392179477031,1.3968983352278588,1.30926650336336,0.35901970996115135
Slamf8,0.1521297321542522,0.3649409704960866,0.6999489208699767,-2.631686437752279,-0.3789270357554664,-0.0712807734948349,0.6620125106357841,0.509287640466978,0.6538424827072925
Ifi207,0.1934539136476827,0.4357306600317365,0.7950121719642381,-0.0187362939364621,0.0628416070019562,0.1536598998392034,1.3041229064598436,1.362113883013606,0.697550222365269
Hnrnpu,0.022495993943345,0.126022121770373,0.4365995540824121,0.0238567569114156,0.0728782836546025,0.1211733481213936,1.1924477242489675,1.254197672774083,0.4105318980663675
Acbd3,0.0311374334931085,0.0993683720971678,0.2475158700393714,0.3482480701287221,1.425748942956509,29.49455236456409,0.2685640780823935,0.7243987201370011,0.371695650812198
H3f3a,0.4704864220587896,0.8398599725400034,1.0,-0.0231995864994542,-0.0025049425487395,0.0162237734135829,2.731514071138151,2.7256892735400475,0.8543904218919066
Wdr26,0.002009391396146,0.0193733193315928,0.1413526313851675,0.0712139060131891,0.1671531462554837,0.2724316852672272,0.708827049708838,0.7943693527327187,0.19145397927691707
Srp9,0.401712336520059,0.8398599725400034,1.0,-0.035161423244241,0.0302709375499643,0.0929734216902112,0.9485466802351494,0.9686946638607172,0.8543904218919066
Celf2,0.3407786135629546,0.7508318840891169,1.0,-0.1036955236521587,-0.0110111215383793,0.0849933089642314,0.7724533212578467,0.7662797113587035,0.848397744310294
Atp5c1,0.126022121770373,0.3708443333042212,0.7950121719642381,0.0009243402266573,0.0589412001861953,0.116841347676711,0.9817259332973378,1.0232795535786787,0.6538424827072925
Vim,0.1409552191443714,0.3123214216762161,0.5833604667027033,-0.0959014022567038,-0.0665378321414224,-0.0382256489810593,2.890760230519841,2.75987453665364,0.6105976525017381
Mrc1,0.0712115730811245,0.1695664427017275,0.3620040090396372,-1.8840538532145483,-0.6812327751587018,-0.3797402436617248,1.0673941517807024,0.6683869035324643,0.48497049270403825
Abi1,0.1840924060441031,0.5063505698070192,0.954523950591348,-0.3040703000453985,-0.1638724809191387,-0.0329416660900821,0.7558185808063984,0.6735469570275365,0.7505079666201026
Il1rn,0.0530979572855834,0.1748533068932927,0.4357306600317365,-0.2232702459189484,-0.1413041477676317,-0.0585084387671445,1.86885202557888,1.6937341568775364,0.48497049270403825
Edf1,0.1123511976904639,0.3123214216762161,0.7508318840891169,-0.0089423563700116,0.0661914225088179,0.1322709774307885,1.05723636534629,1.108409848324024,0.6105976525017381
Notch1,0.079391499053565,0.2707848412204939,0.5625797445867661,-28.221795863281766,-28.08026262222597,0.0,0.2863895513855445,0.0,0.582162656810422
Rpl7a,0.1748533068932927,0.4357306600317365,0.8852339144732017,-0.0007706746509115,0.0217001160411698,0.0446096624610889,2.1648602282406726,2.196934455214875,0.697550222365269
Ralgds,0.2802663753450599,0.6531188401704424,1.0,-0.9042843268321106,1.2664261533128425,29.08041960354743,0.2024961652679022,0.4982641938760084,0.8418154117459485
Set,0.0086155581188204,0.068964333339054,0.3123214216762161,0.0502933686410646,0.1118095122362684,0.1734715901301735,0.8935828425026218,0.9658193728199816,0.31313535137732623
Fnbp1,0.003008277226185,0.0386969559840886,0.2134332142246598,1.5083207932395133,29.16079122233713,29.294490182118523,0.0,0.6020602479636966,0.250080234925005
Rpl12,0.0606019697120061,0.1748533068932927,0.4025038237820035,-0.0014678077230008,0.0195649485597621,0.0429307704499156,2.5848971403338314,2.619674516955996,0.48497049270403825
Hspa5,0.026229387834857,0.0530979572855834,0.0998774027692641,-0.1367318411877365,-0.1062092317463227,-0.0803331305678095,2.6809952087985502,2.493224915744781,0.2812756656209283
Traf1,0.1379218313284685,0.3102084628221997,0.561155358136252,-0.0370459551506863,0.0972897352879982,0.2177769352070612,0.7909259471934107,0.8455661021997884,0.6105976525017381
Rab14,0.0780200311465574,0.3407786135629546,0.8398599725400034,-0.0028333342973163,0.0625298561974861,0.1255473703069966,0.8488409725950475,0.8876799336135963,0.6341070404272698
Gsn,0.0004776817289569,0.0060547489795941,0.0463390747166933,0.1578064956041958,0.2579084460509173,0.378174549866359,0.6849763200361084,0.8178112651322538,0.11206813148606276
Ggta1,0.5443701458566098,0.8852339144732017,1.0,-0.2063579282542689,-0.1072811988244949,-0.0150754801019782,1.1021976260619113,1.0228341991996888,0.8874979398299105
Rpl35,0.259644899884806,0.623604884395689,0.9769702553219756,0.0060365013018059,0.034707707529054,0.0626651233125123,2.136462433530018,2.189059253018395,0.8230744602124918
Zeb2,0.1748533068932927,0.3708443333042212,0.6650055421020291,0.0313311854583305,0.0813755172083994,0.1274243498528434,1.7987534733062012,1.9060843592170371,0.6538424827072925
Prpf40a,0.2850570563218616,0.750306520669096,1.0,-0.1153563337328152,0.0294711103114384,0.1588229651306595,0.6949564999620482,0.7086130596213436,0.848397744310294
Cytip,0.3407786135629546,0.623604884395689,0.9769702553219756,-0.0260983307484036,0.0431482143821057,0.1025381806928445,1.92187786323453,1.9801346516249207,0.8230744602124918
March7,0.1729382428390942,0.6643195835049804,1.0,-0.1536652245890681,0.0202459681410165,0.1839060742462059,0.6335652198896331,0.6426919670004541,0.8418154117459485
Rbms1,0.4025038237820035,0.7950121719642381,1.0,-0.046377887828328,0.0011997509727664,0.0562859277561937,1.2826912873682974,1.2844334001685525,0.848397744310294
Tank,0.2850570563218616,0.7396158432298352,1.0,-0.1400385456953271,-0.0285873317995339,0.0744882571729831,0.8223402204514667,0.8073280333078494,0.848397744310294
Ppig,0.259644899884806,0.6650055421020291,1.0,-0.0156949892028267,0.0326539027662957,0.076385747480724,1.3678628336853302,1.4015960698682175,0.8418154117459485
Ssb,0.2144938077835174,0.6235293969887796,1.0,-0.1515385693071592,-0.0576540640199227,0.0514282992292004,0.7750015234205498,0.7418115340313726,0.8230744602124918
Dync1i2,0.2079617986732111,0.6435524397676282,1.0,-29.04060199493137,-0.2122294538622229,28.77442960630824,0.5021372989984283,0.3542054792327771,0.8418154117459485
Wipf1,0.0008896574579621,0.0039498902207735,0.0163162960720603,1.4504933193332457,29.47411379165547,29.55905237742285,0.0,0.7493253608821483,0.08764284716282332
Atp5g3,0.0225760625231335,0.078252228526237,0.2371753960542584,0.0507535879950544,0.1071061793228344,0.1669639547582597,1.0727481841835875,1.15435584785377,0.34083192869205453
Hnrnpa3,0.0042647649140305,0.0303828219765775,0.1748533068932927,0.0291115359715206,0.0713264939863691,0.1153425305956016,1.3342770987728314,1.4009889352087277,0.22192669965500084
Nfe2l2,0.4704864220587896,0.8398599725400034,1.0,-0.0510108043587922,-0.0079208240533715,0.0354787374634154,1.8811952607670517,1.870185692942375,0.8543904218919066
Itga4,0.0284001129148976,0.1558809193597584,0.5087699775215557,-29.193832795955245,-28.201640337171565,0.0,0.3087021591060818,0.0,0.4692441571772703
Itprid2,0.0938604747737116,0.3555064581400129,0.9080526532286632,-0.0242319704172175,0.095027547217104,0.1918309009027702,0.7261656941447223,0.7768743620029288,0.6538424827072925
Ptprj,0.3876219263218305,0.7965236087650202,1.0,-28.451032720671435,0.2218539579005445,28.85987221817184,0.1096263093450845,0.230740266647164,0.8484708006409997
Spi1,0.0606019697120061,0.1748533068932927,0.4025038237820035,0.0355086367034151,0.0967716140049142,0.1529693480125421,1.602388247181235,1.7130154406787423,0.48497049270403825
Cd44,0.4523947616595629,0.8398599725400034,1.0,-0.0543346583749756,-0.0138175383979664,0.0270008434312145,1.974970426909336,1.956651468767284,0.8543904218919066
Caprin1,0.0530979572855834,0.3863729644612357,0.9769702553219756,-0.0402990606973235,0.0560755052192692,0.1344074155128861,0.7649383534116008,0.7965942266944614,0.6731475647502417
Eif3m,0.3711308433002659,0.8256753754604262,1.0,-28.8615937704388,0.0,27.88676933701339,0.093383082044426,0.0,0.8543904218919066
Nop10,0.034683041434205,0.3086117223771977,0.930133811002879,-0.1261216740765028,0.1016925017397575,1.2810384516670432,0.5785587577966503,0.6134860666229601,0.6105976525017381
Spred1,0.013260818583478,0.153539026172033,0.7463591498785369,0.0,27.74264388220253,28.954805518163244,0.0,0.22467085806544,0.4692441571772703
Thbs1,0.0225753285026848,0.068964333339054,0.1747595480369285,-0.5867194229496897,-0.4312546809146757,-0.2870277407123326,2.297478581715615,1.7061499784857477,0.31313535137732623
Srp14,0.3700926903106895,0.7950121719642381,1.0,-0.100435030188843,-0.0427162299271421,0.0187802980600586,0.9666872775251693,0.9377208166473748,0.848397744310294
Pdia3,0.0051079054249954,0.078252228526237,0.4365995540824121,0.0052179966303778,0.0389719411572418,0.0758471514047365,1.5003968481825762,1.5412140677289612,0.34083192869205453
Serf2,0.0029456461505329,0.0101931049911082,0.0303828219765775,0.050730302707871,0.0732678686957167,0.097973255887526,2.2857396963686485,2.4049865816861185,0.13468642100610387
B2m,0.3407786135629546,0.623604884395689,0.9769702553219756,-0.0050211825531097,0.0067031070821159,0.0161492593513486,3.586996390535191,3.60383983474841,0.8230744602124918
Gatm,0.6647316628002049,0.8851346804304723,1.0,-0.0134127140649263,0.0721333808582453,0.1610510680044329,1.20114175105848,1.261795443942315,0.8874979398299105
Sppl2a,0.2602362026171888,0.623604884395689,0.9769702553219756,-0.1517364391190383,-0.0667922308107629,0.0195054780496062,0.8507335973778231,0.8104985488690432,0.8230744602124918
Dusp2,0.0328597828073952,0.1231334035266301,0.3988922925607748,-1.685385496896094,-0.4104652600967345,-0.1272271042317589,0.7593560668605768,0.5731847311382778,0.4105318980663675
Bcl2l11,0.0051079054249954,0.0463865932813986,0.2365840933218761,0.0906223242888769,0.1979546544147799,0.3130464544568367,0.7990403237944133,0.9166340690186454,0.2661006521898769
Il1b,0.0072599549881905,0.0225760625231335,0.0532855575962438,-0.1990062107894983,-0.1608701135215725,-0.1151800999809413,3.58005453961907,3.1998364212449024,0.20580968625740306
Sirpa,0.0165749267498532,0.0530979572855834,0.1572127533400038,0.0795578304324168,0.165081243512355,0.2443914002388636,1.0458771796473023,1.1737610314968898,0.2812756656209283
Snrpb,0.0303828219765775,0.1748533068932927,0.5443701458566098,-0.1585413154950442,-0.0849840147951986,-0.0158727115874207,0.8666768776443152,0.817229751299944,0.48497049270403825
Smox,0.2602362026171888,0.4357306600317365,0.7508318840891169,-0.1984303990911948,-0.096965224538493,0.0076705853996886,1.1377088298642577,1.0626147555735752,0.697550222365269
Rrbp1,0.2144938077835174,0.5833604667027033,0.9769702553219756,-0.0756859835764014,-0.0214467631087849,0.0258626368755312,1.3383216522892338,1.3197662826203425,0.8080470068814829
Snx5,0.1748533068932927,0.5443701458566098,0.9769702553219756,-0.199117982582331,-0.1028653088635812,0.0016458335531093,0.8493742339711932,0.7885734820715828,0.7816596966146192
Cd93,0.1251982264759284,0.3112672198009462,0.6233026627251221,-0.3852612309780052,-0.2019338422725985,-0.0372840139698391,0.9486316246465016,0.8251859093144795,0.6105976525017381
Cst3,0.0042647649140305,0.0141379694559114,0.0404041195882236,-0.1372377045206655,-0.1052939061685439,-0.0724439683536879,2.688476183339745,2.4987355819275576,0.15986780846299814
Fkbp1a,0.0530979572855834,0.4357306600317365,0.9769702553219756,-0.1587789095855011,-0.0637318055241082,0.0352627047053032,0.7765299754067752,0.7440537745012388,0.697550222365269
Mapre1,0.126022121770373,0.4025038237820035,0.8852339144732017,-0.0065847245448371,0.0652629221947113,0.1220447040081583,0.8702981081173093,0.911124717333428,0.6791169250611708
Chmp4b,0.1572127533400038,0.5443701458566098,0.9769702553219756,-0.030789690420359,0.021772384952995,0.07994546021292,1.0083116207979723,1.022925584435716,0.7816596966146192
Eif2s2,0.0404041195882236,0.2144938077835174,0.7508318840891169,0.000820291737187,0.0760155620329565,0.1468143295071181,1.0658866134863012,1.1215895324744238,0.5137366964428034
Eif6,0.4357306600317365,0.7949685891634857,1.0,0.0035122733257717,0.0746771041735778,0.1391590744141513,0.8673552983488322,0.913923470551448,0.848397744310294
Romo1,0.0193733193315928,0.2602362026171888,0.9309874465595672,-0.03127020621004,0.0617274682114542,0.1402675678935209,0.7519599841356157,0.7847058482713065,0.5636054774913702
Rbm39,0.0225760625231335,0.1939308522824107,0.7085384156117498,-0.0084132269643589,0.0231568057508607,0.0572578339383817,1.5861335680549749,1.6113875303050964,0.4936421694461363
Scand1,0.5443701458566098,0.8852339144732017,1.0,-0.0784281317087054,-0.0189224037977714,0.0367174168060603,0.9831449620546278,0.9698259797912472,0.8874979398299105
2900097C17Rik,0.0011619060590793,0.0098894517883623,0.0722339786717267,1.561665287966065,29.14733624796264,29.24697054804592,0.0,0.5959852839695339,0.13468642100610387
Samhd1,0.1405818917100215,0.2602362026171888,0.5067205148778584,-0.3184349556869831,-0.2069077321112985,-0.1025596374358186,1.0020024595617278,0.8662673966904038,0.5636054774913702
Rpn2,0.0422914326365376,0.1955326684531843,0.592721612902676,1.05400986375012,28.961481654386187,29.13743394213879,0.0,0.5243069609328277,0.49482641734875665
Tgm2,0.6650055421020291,0.8852339144732017,1.0,-0.0279257042039988,0.048088147684982,0.1189441570697326,1.41657902684395,1.46762085485476,0.8874979398299105
Mafb,0.068964333339054,0.2144938077835174,0.5453449038777612,-0.1060639542804565,-0.0592353559601638,-0.0130225188586491,2.3013752935479177,2.209255422470587,0.5137366964428034
Top1,0.3708443333042212,0.6650055421020291,0.9769702553219756,-0.109156264329102,-0.0603538350979952,-0.0092174905839589,1.69068960879089,1.6210372750359938,0.8418154117459485
Srsf6,0.2871457882032964,0.757708172735858,1.0,-27.95855646068058,0.0,28.8162847617581,0.0,0.1018389783354166,0.848397744310294
Serinc3,0.0101931049911082,0.078252228526237,0.3407786135629546,0.0379870598214713,0.1016275176454974,0.1651412865307626,0.9268904690467308,0.9926037482355778,0.34083192869205453
Ywhab,0.0606019697120061,0.4704864220587896,0.9769702553219756,-0.0822994887912198,-0.0258323989604805,0.0263829092699172,1.060159943952271,1.0414614799022075,0.718561080962515
Sdc4,0.0001549846396207,0.00090093559636,0.0042647649140305,-0.3936226063476504,-0.3042906973031776,-0.2108530980739198,1.627523935337171,1.3196235554517337,0.054904659899203366
Ctsa,0.0120228254076174,0.0530979572855834,0.1939308522824107,0.0356943736909725,0.0945029723015434,0.1370695739091392,1.2765198359224024,1.363177539720844,0.2812756656209283
Pltp,0.0502099148258327,0.3006184928761305,0.9486022066255588,0.0,28.32984604624552,29.08580473631229,0.0,0.358702819125783,0.6105826383805345
B4galt5,0.4356308552430793,0.7507794968518241,1.0,-0.1092504658505269,-0.0102293158147936,0.1057885389043728,0.9499019234813764,0.9423048727976469,0.848397744310294
Tmem189,0.0072599549881905,0.0530979572855834,0.2144938077835174,0.0477123404807873,0.11855795543576,0.2026844072190015,0.949565823018516,1.0296327116428814,0.2812756656209283
Cebpb,0.0350891160940478,0.1123511976904639,0.2602362026171888,-0.0771963424244083,-0.0518297424038921,-0.0280383237957805,3.1823101173723423,3.070580806691594,0.39090239196445425
Ptpn1,0.0011061781840807,0.0060989459312143,0.0303828219765775,0.1243609282580285,0.1930692561136553,0.2577805576758007,1.0332577081016998,1.181297945451365,0.11206813148606276
Gnas,9.734567564713264e-05,0.0003842020270349,0.0016520394562341,0.1293190831301311,0.1633252796197756,0.1995170304336817,1.384045869277304,1.54871641396116,0.054904659899203366
Ctsz,0.0101926944101193,0.0350891160940478,0.1123511976904639,0.0355767752252147,0.0545014984429042,0.0719493647116405,2.505545549648581,2.6031278897096923,0.23566552017196027
Atp5e,0.0350891160940478,0.0998774027692641,0.2365840933218761,0.0394815929421512,0.0720156902238793,0.1064628698689377,1.952500923172164,2.0521568993511385,0.371695650812198
Psma7,0.0998774027692641,0.4025038237820035,0.9309874465595672,-0.0184517215555542,0.0384860120136505,0.0944050338676425,1.0879198180885226,1.1181033532218805,0.6791169250611708
Rps21,0.0029456461505329,0.0120228254076174,0.068964333339054,0.015900796387427,0.027222295402321,0.0390005726804582,3.117041013422976,3.1758182519798703,0.14576126473565015
Tpd52,0.2602362026171888,0.623604884395689,0.9769702553219756,-0.0660578833302091,-0.017223418488158,0.0261636550793151,1.6795088844904975,1.66037294758078,0.8230744602124918
Fabp5,0.0266845456116697,0.1391855515972279,0.5090300328741773,0.3863740555764359,29.193648037444024,29.516910727101777,0.0,0.6456261400390697,0.4373702842052263
Nceh1,0.0003617364072468,0.0016797736877881,0.0065683596556604,0.4251895878696248,1.4811314576179626,29.669612647722968,0.3010733840681857,0.8406498169751765,0.05986102596481229
Rpl22l1,0.026229387834857,0.1123511976904639,0.3123214216762161,0.0253208959692374,0.0595714712432596,0.0968367255683931,1.6497648265977514,1.7183245253044923,0.39090239196445425
Sec62,0.025541552721972,0.1563095546272875,0.5063505698070192,-0.3459561083572399,-0.1973241527821124,-0.0531418101920966,0.7424021929036557,0.6474700683100236,0.4692441571772703
Skil,0.0072599549881905,0.0404041195882236,0.1409552191443714,-0.3330439062250193,-0.222228254853504,-0.1211527984910483,0.9830561155555624,0.8423357186872,0.250080234925005
Ndufb5,0.370833922841677,0.7950121719642381,1.0,-0.0615967369787916,0.0107215221581591,0.0790137830345752,0.8092195373065556,0.8175582612785941,0.848397744310294
Anxa5,0.3123214216762161,0.6650055421020291,1.0,-0.0126761570983385,0.0246171919023618,0.057734601249002,1.80088205295139,1.8311555444835887,0.8418154117459485
Slc7a11,0.0165308429347236,0.055822965482847,0.1591735367176479,0.6531120434248259,1.7896785033504456,29.952370990595384,0.2809079704463142,0.9795561694340248,0.2943847865821887
Ndufc1,0.1256927045823913,0.5155951800676325,1.0,-0.0477946626000574,0.0716622461051675,0.1884346403128461,0.700277183144137,0.7336054753747105,0.7626917380623093
Serp1,0.3708443333042212,0.7950121719642381,1.0,-0.0734737048383711,-0.0107303325368794,0.0536286965356025,1.0741522678108777,1.0648491944429712,0.848397744310294
Mbnl1,0.0303828219765775,0.1409552191443714,0.4704864220587896,0.0218798522010048,0.0924511448957315,0.1567366624903656,1.0125727933008806,1.078187898979085,0.4373702842052263
Ssr3,0.3123214216762161,0.7508318840891169,1.0,-0.1180804477736075,-0.0390047013092662,0.0356911631920185,0.8645517080007414,0.8419348184578985,0.848397744310294
Tiparp,0.026229387834857,0.0606019697120061,0.1409552191443714,-0.2225544851389164,-0.1592426576107609,-0.0975763993486235,1.6005519425994177,1.4356234631572335,0.2957174953581708
Ccnl1,0.068964333339054,0.2854763088518824,0.6650055421020291,-0.1639405272019618,-0.0930591812023589,-0.0328679234666257,1.0697837668373162,1.0019362409757702,0.5858990213085754
Mfsd1,0.0885337720142295,0.355603264182704,0.9309290059995644,-0.0461143785320155,0.0517108896476702,0.1637483145765065,0.7478910782328454,0.7727651311806468,0.6538424827072925
Pdcd10,0.1554044006458767,0.5426100622928722,0.976920040808018,-0.2213573522458834,-0.1021959467036003,0.0439593596193041,0.7003547482824074,0.6502421732256478,0.7816596966146192
Rapgef2,0.5057708137292355,0.8395154461798402,1.0,-0.2389300699277206,-0.0656694401095675,0.1209857983263213,0.8255527696096574,0.7913548826263284,0.8543904218919066
Fnip2,0.0132656534095822,0.0683002193625141,0.3021196005204091,0.0,27.706803664557917,28.90595651973931,0.0,0.2190680210269064,0.31313535137732623
Rps3a1,0.2602362026171888,0.5443701458566098,0.9769702553219756,-0.0045805774141119,0.0104440929432435,0.0259547954955381,3.1230142732851123,3.146002448040456,0.7816596966146192
Etv3,0.0051079054249954,0.026229387834857,0.0998774027692641,0.1380220187305509,0.2216614338834199,0.3025796853663083,1.1567137202657638,1.3499287222843577,0.20930763645144598
Hdgf,0.0110025435734545,0.0603781352637468,0.2716119325735385,0.1047790786858727,0.3789890777890787,29.355515117900303,0.5311722919712178,0.687478381980309,0.2957174953581708
Lmna,0.0303828219765775,0.0885337720142295,0.2144938077835174,-0.2526552898558719,-0.1754517778711189,-0.1020618797501113,1.5595030272127377,1.3811891764668975,0.35901970996115135
Lamtor2,0.0995825160144481,0.3854412887385442,0.8851346804304723,-0.0969553004153201,0.0628150621415832,0.2105164473843016,0.6838436675503358,0.7140603494649799,0.6731475647502417
Ubap2l,0.0972947196122992,0.3102084628221997,0.7941351991290153,-0.0111982956671033,0.1553294732033651,0.3624556021604602,0.6220223879151977,0.690329853926572,0.6105976525017381
Tpm3,0.2854763088518824,0.6650055421020291,0.9775459989389258,-0.0595729230739323,-0.0214760243300307,0.0148731286697001,1.61902870364872,1.595189411364275,0.8418154117459485
Rps27,0.0998774027692641,0.3407786135629546,0.8398599725400034,-0.0326160975454483,-0.0178439720921114,-0.0018400738230642,3.123361523701797,3.083339348647013,0.6341070404272698
S100a13,0.3786870165632432,0.8050681151872672,1.0,-27.945687119917014,1.0040769539677776,28.95717713264645,0.1150814566088085,0.275059840138115,0.8543904218919066
S100a6,0.0781874278919378,0.1747595480369285,0.3707403033567457,0.2137497229461006,0.3549706643631204,0.5131089051740524,1.0134195050614978,1.2974239427355423,0.48497049270403825
S100a11,0.1939308522824107,0.4357306600317365,0.7950121719642381,-0.2681025569788809,-0.1418517050089258,-0.0247546312979129,1.36600384511112,1.2395003976466037,0.697550222365269
S100a10,0.0024836325570125,0.0137213309190118,0.0677580553701216,-2.1683045583528617,-0.6571104077711932,-0.423397819965139,0.9587380085988856,0.6135889949087685,0.15986780846299814
Psmb4,0.0995938120003883,0.4025038237820035,0.9769702553219756,-0.1039028040020341,-0.0450707450345693,0.0137856886877774,0.9249461393141256,0.8971649812441602,0.6791169250611708
Psmd4,0.1038905584088006,0.3701927922707566,0.9486572277875804,0.0,27.79556049575513,28.90606633806776,0.0,0.232968634228597,0.6538424827072925
Cdc42se1,0.0003833917265774,0.0025258253058646,0.007339066730955,29.001204998868577,29.23931844968437,29.379079378187047,0.0,0.6337411471320273,0.0707231085642088
Ctss,0.5067205148778584,0.7950121719642381,1.0,-0.0018173680843068,0.012751650167475,0.0275696998207976,3.050905281210584,3.077426079999847,0.848397744310294
Mcl1,0.0350891160940478,0.126022121770373,0.3708443333042212,-0.0611810780513128,-0.0380689536431237,-0.0102275265632164,2.4396035113269186,2.37645392900491,0.4105318980663675
Plekho1,9.006843597368279e-05,0.0003238071447643,0.0018397974066652,29.361936933167037,29.465107020901332,29.55759680283121,0.0,0.7416437109874767,0.054904659899203366
Atp1a1,0.1748533068932927,0.4704864220587896,0.9309874465595672,-0.1402903038723353,-0.0630098565345495,0.0069144760083125,1.0580782980475,1.01418840140513,0.718561080962515
Csde1,0.0193733193315928,0.1748533068932927,0.7950121719642381,0.0037859076046453,0.045955055623687,0.0853659826135756,1.261957874184111,1.30376137585277,0.48497049270403825
Capza1,0.1409530590414853,0.623604884395689,1.0,-0.0818283494700096,0.0148278288604342,0.1231491564067825,0.7272446343225902,0.7334542066203639,0.8230744602124918
Rap1a,3.6584553538971e-05,0.0001557958930878,0.0007314819918142,0.1259251494498947,0.1604769091540157,0.1942123418305668,1.38093456685619,1.5449266820705274,0.054904659899203366
Atp5f1,0.026229387834857,0.1123511976904639,0.3708443333042212,0.0295028590724198,0.08118413073159,0.1278655669436066,1.1271396554707538,1.19250238567814,0.39090239196445425
Cd53,0.1409552191443714,0.3407786135629546,0.623604884395689,-0.1103210059883301,-0.0623444459869445,-0.0185669607976081,1.46754812822272,1.4058646943859112,0.6341070404272698
Psma5,0.2707848412204939,0.7229326699963556,1.0,0.0,27.466174805618163,28.87476880237286,0.0,0.1854139816879165,0.848397744310294
Stxbp3,0.297330213684603,0.7934700342614618,1.0,-0.2230094788725379,-0.0548219894705644,0.089124392343557,0.667592825741173,0.6431306339757205,0.848397744310294
Prpf38b,0.1748533068932927,0.5833604667027033,0.9769702553219756,-0.059491474244035,0.0503522364536046,0.1320853107938552,0.7929078885290626,0.8219079654173582,0.8080470068814829
Vcam1,0.0266933432622128,0.0640684019329092,0.1391855515972279,29.43754504402273,29.738467715952872,29.903917639229142,0.0,0.895716984143907,0.3075283292779642
1810037I17Rik,0.078252228526237,0.2144938077835174,0.4528220463166866,-0.1866082385381738,-0.1064521134429214,-0.0341944617303562,0.9291131520955463,0.8630812437337951,0.5137366964428034
Rpl34,0.3407786135629546,0.7074539677020747,1.0,-0.0173650021921682,-0.0014694136983985,0.0145682644028264,3.071388204237325,3.0675023563182267,0.848397744310294
Cisd2,0.0735572787253213,0.4692602865358969,1.0,-0.178345476576426,27.829369241145034,28.99045255692981,0.0,0.2505827966898135,0.718561080962515
Ube2d3,0.1123511976904639,0.5067205148778584,0.9769702553219756,-0.0103432442570827,0.0120180055699401,0.0363652789563114,1.6623438157017487,1.6755122671206213,0.7505079666201026
Nfkb1,0.0303828219765775,0.078252228526237,0.1576537671788357,-0.2269005721166646,-0.1729929337194902,-0.1253078480328158,1.6371810217709637,1.450343576252029,0.34083192869205453
H2afz,0.068964333339054,0.1748533068932927,0.3708443333042212,0.035686021694603,0.0646584116466587,0.0973936568749172,2.3447088808005736,2.451860637500095,0.48497049270403825
Eif4e,0.543428905082141,0.8852339144732017,1.0,-0.0641186980361045,0.0134912226237143,0.0964879790445788,1.4501977437163052,1.4592582268046463,0.8874979398299105
Lmo4,0.2192177595534986,0.6287645546232089,1.0,0.0,27.65256783142364,28.99509422592168,0.0,0.211150686245465,0.8289541661848584
Selenof,0.0404041195882236,0.2602362026171888,0.8398599725400034,-0.1246021793598573,-0.0608750246636086,0.0062673469221066,0.9520819549624772,0.9118820560406744,0.5636054774913702
Sh3glb1,0.0193733193315928,0.126022121770373,0.4704864220587896,0.0138374726862409,0.0391906181786798,0.0626819489764504,1.714034770505919,1.7613866650384589,0.4105318980663675
Bcl10,0.0019139564641017,0.0219915342300499,0.1521297321542522,-1.5605413427404782,-0.4186558614923985,-0.2106191667219309,0.6910425939217371,0.5149901077782251,0.20580968625740306
Gng5,0.3708443333042212,0.7950121719642381,1.0,-0.0408071295542083,-0.0186826603371178,0.0031502038640455,2.038603940855329,2.0120029026566275,0.848397744310294
Srsf11,0.0998774027692641,0.2602362026171888,0.5443701458566098,0.0421067972052515,0.1002051643320646,0.1568705586000434,0.8757374863103807,0.9395403126951988,0.5636054774913702
Lyn,0.3123214216762161,0.7074539677020747,1.0,-0.0437040712889386,-0.0017246615830474,0.0383586060278554,1.566321867382555,1.5640459568777212,0.848397744310294
Rps20,0.0165749267498532,0.0568499634987947,0.1572127533400038,0.0165446132763602,0.0276113037153497,0.0380233050460006,3.38715119931176,3.452828160643993,0.2957174953581708
Sdcbp,0.4704864220587896,0.8398599725400034,1.0,-0.0280624845173373,-0.0008007813748526,0.0273905245880732,1.8765709446517864,1.8765374027154935,0.8543904218919066
Rab2a,0.1939308522824107,0.6650055421020291,0.9769702553219756,-0.0595199605830833,0.0016155752715201,0.0714292214919768,0.8480036886654578,0.8490440056121289,0.8418154117459485
Pnrc1,7.658289467492398e-05,0.0003842020270349,0.0013613938934211,-0.3388396281945542,-0.2822498966490107,-0.2259903197165337,1.3142166360739198,1.0812196838934711,0.054904659899203366
Dnaja1,0.0086155581188204,0.0404041195882236,0.1748533068932927,-0.2670574134945989,-0.1844491054993121,-0.1059386621936184,1.0915967556092523,0.9637188856223172,0.250080234925005
Bag1,0.0352696696855995,0.1705620678260752,0.5692646887074264,0.0980721121524249,1.3558846200080938,29.24983105807152,0.239293061896786,0.6097972280002386,0.48497049270403825
Vcp,0.0120228254076174,0.0998774027692641,0.4357306600317365,0.0493942964898544,0.1090394580603995,0.1713598042108196,0.8800672265074041,0.9489722622972856,0.371695650812198
Tln1,0.3407786135629546,0.7950121719642381,1.0,-0.0330584426181691,0.0183143087278506,0.0645910148418097,1.26950300376702,1.28793817451406,0.848397744310294
Clta,0.0463865932813986,0.1939308522824107,0.5443701458566098,-0.0982460427131608,-0.0640114817520782,-0.0265254221356466,1.6643393153171686,1.593537473587931,0.4936421694461363
Anp32b,0.2854763088518824,0.7508318840891169,1.0,-0.2002482104148695,-0.0554364422521791,0.0669474214490556,0.7450273633517541,0.7160105400474331,0.848397744310294
Tgfbr1,0.0114049660863678,0.0897525121601609,0.3378892667395469,1.252387069778702,29.07859652806508,29.257952481760768,0.0,0.572009669105498,0.3627111831627121
Sec61b,0.0051079054249954,0.0165749267498532,0.0606019697120061,0.1260240362734735,0.1815887547846059,0.2381967988789344,1.4626017607928938,1.657605042820134,0.1740367308734586
Abca1,0.4704864220587896,0.8398599725400034,1.0,-0.12372524380169,-0.0226852441586504,0.0368882453472435,1.5117297662566664,1.4906300080319363,0.8543904218919066
Txn1,0.3407786135629546,0.7074539677020747,1.0,-0.0611319840044594,-0.0110401662143301,0.0317598736930304,1.5846816779879724,1.57380733362593,0.848397744310294
Gng10,0.384847345957915,0.7644651555480411,1.0,-0.116677342512184,0.1224580018834013,1.2281677389095882,0.5678129799098548,0.6119953545376524,0.848397744310294
Ptbp3,0.126022121770373,0.4704864220587896,0.9769702553219756,-0.0114061405863855,0.0395342549555507,0.0797091790770012,1.34678560409486,1.3844849033853035,0.718561080962515
Atp6v1g1,0.1123511976904639,0.2854763088518824,0.5833604667027033,0.0478799326369265,0.0971930243615186,0.1420950293912579,1.4440480374568474,1.5440959190077777,0.5858990213085754
Plin2,0.0161066687958685,0.0402301460241255,0.0991400475951481,0.1967587829332992,0.3237569155501117,0.4623759379746832,0.7706218810922161,0.9626807205098588,0.250080234925005
Rps6,0.0404041195882236,0.1409552191443714,0.4357306600317365,0.0109181171909222,0.0356100562295228,0.0586587352053184,2.4414604881356423,2.503944049536821,0.4373702842052263
Jak1,0.1123511976904639,0.4025038237820035,0.9309874465595672,0.0030246340470372,0.0640205828036624,0.1318981580116109,0.905573811291253,0.9464618929575054,0.6791169250611708
Pde4b,0.0001961614737065,0.0011061781840807,0.0051079054249954,-0.2293590681001511,-0.1829173531229185,-0.1367156819930228,1.4416984353693838,1.26852960390536,0.054904659899203366
Tmem59,0.2581560746231375,0.7478463329658316,1.0,-0.3210070557421192,-0.1102291311845017,0.0433441399338406,0.6499563056316163,0.6006482921403047,0.848397744310294
Scp2,0.0530979572855834,0.3407786135629546,0.9309874465595672,-0.0306327768697457,0.026008479977787,0.0859505824297376,1.0165859653093088,1.0338208746915036,0.6341070404272698
Cmpk1,0.026229387834857,0.1939308522824107,0.8398599725400034,-0.1291840720231834,-0.0709535350660306,-0.0071700179721293,0.8934898314163432,0.850139690620773,0.4936421694461363
Uqcrh,0.078252228526237,0.2365840933218761,0.6650055421020291,0.0100263293182011,0.0389946249184701,0.0675959176430928,1.7534302975984477,1.8026342910829207,0.5391916545475316
Akr1a1,0.0086155581188204,0.0606019697120061,0.2602362026171888,0.0182739563141604,0.0580385453670497,0.0955447035148186,1.2591780114728826,1.3112869015924211,0.2957174953581708
Prdx1,0.1939308522824107,0.5443701458566098,0.9769702553219756,-0.0131086713762583,0.0230328483968744,0.054740802307011,1.5360546750138813,1.5610572996443737,0.7816596966146192
Rps8,0.0165749267498532,0.0463865932813986,0.1123511976904639,0.0367813028696527,0.0496184509668923,0.0642222624782011,3.34024364093451,3.456635644248108,0.2661006521898769
Atp6v0b,0.0042647649140305,0.0225760625231335,0.126022121770373,0.0310557497306613,0.0660386720281227,0.0981764563698596,1.5993820155463236,1.6754353455655775,0.20580968625740306
Ybx1,0.0120228254076174,0.0606019697120061,0.2602362026171888,0.0312530844298869,0.0530960732313108,0.0730179262864944,2.186152992325117,2.2686460047455776,0.2957174953581708
Ppt1,0.0182742269563354,0.0835326561651569,0.3235575329816441,2.2206565153968927,29.120896175842727,29.258019708237825,0.0,0.5851476798584517,0.3572160132735437
Cap1,0.2941686751753126,0.6931194024109182,1.0,-1.09471323806111,0.8974164391193955,29.06645084989465,0.2694654511951645,0.519878898868743,0.848397744310294
Macf1,0.0137157004863109,0.2124944962928325,0.9309662587532124,-29.05115230692013,-0.289856975451052,0.8004958379931372,0.5790124263457137,0.4713805686701047,0.5137366964428034
Rragc,0.2167556301996982,0.6379600914658704,1.0,-0.1212550462590676,0.919206491952277,29.16543261848025,0.2967734400001534,0.574011742109793,0.8391958250155074
Zc3h12a,0.1572127533400038,0.4357306600317365,0.8852339144732017,-0.2594498723539044,-0.1484376419915293,-0.0235824902391084,0.91180411246557,0.8211060401140435,0.697550222365269
Stk40,0.1379218313284685,0.3671734299710243,0.7478463329658316,-0.1306157062659302,0.0554897938735715,0.387794127488344,0.6316399550544898,0.6544427001087378,0.6538424827072925
Map7d1,0.0448676997675595,0.1846693194135207,0.4984991811837578,27.917901305130723,29.023691839454514,29.16398506558657,0.0,0.5458285909717935,0.4936421694461363
Psmb2,0.1096133780222645,0.4300603691418539,0.9304576230005666,-0.3399065926427491,-0.1166302890524673,0.0475010067707612,0.6579603511169564,0.6087687805523726,0.697550222365269
Sfpq,0.5443701458566098,0.8852339144732017,1.0,-0.0660685590809849,-0.0061755652574291,0.0595625266289631,1.096663681583249,1.092412515002919,0.8874979398299105
Rnf19b,0.1572127533400038,0.5067205148778584,0.9309874465595672,-0.0292011966948314,0.0677717444637966,0.1816500833438016,0.7918573301992311,0.830387948917538,0.7505079666201026
Marcksl1,0.0145441783218924,0.0422880298131558,0.1182301390687762,-1.5228704304835776,-0.6862863324670521,-0.4125848526558167,0.9624739076571788,0.5989438983317407,0.2590141826055793
Khdrbs1,0.0117214752142881,0.1056709496709883,0.5177394847632382,0.0457664415227824,0.6539752424787029,29.19331259964792,0.3794653683104508,0.5936391975137949,0.38938738363921266
Ptp4a2,6.0057602968049e-05,0.0003080447056277,0.00200950485566,0.120698917713019,0.159889991193178,0.1971157160823611,1.415064476918504,1.5810530584054976,0.054904659899203366
Laptm5,0.0007314819918142,0.0051079054249954,0.0303828219765775,0.0296873268133475,0.0497646352488619,0.0718293947556217,2.3655038677609626,2.4487536916425,0.10356718585852742
Atpif1,0.126022121770373,0.3708443333042212,0.8398599725400034,-0.0130557595972716,0.0447466528704701,0.1032460307353438,1.2765564375376377,1.31582894061447,0.6538424827072925
Dnajc8,0.040835983997098,0.1758301470903821,0.572605200075572,0.0,28.40712286537154,28.99575846687896,0.0,0.3559559659109548,0.4865323599489162
Ptafr,0.0002462062328227,0.0011061781840807,0.0051079054249954,0.2177333426855133,0.2833435837436873,0.3414738232781907,1.20427154001935,1.463226618490956,0.054904659899203366
Cd52,0.3407786135629546,0.7508318840891169,1.0,-0.0176430956448269,0.0094322015155579,0.0330770880837254,2.6864749516906112,2.703378371142044,0.848397744310294
Sh3bgrl3,0.1939308522824107,0.3407786135629546,0.5067205148778584,-0.0022114953252876,0.0194719134063475,0.0416759488947466,2.3546877046796717,2.386665035571865,0.6341070404272698
Tmem50a,0.1409552191443714,0.5833604667027033,0.9775459989389258,-0.0957628411531826,-0.0326221744580006,0.0342011242956326,0.8842940569360803,0.8647694500123908,0.8080470068814829
Rsrp1,0.0165749267498532,0.0530979572855834,0.1572127533400038,0.201672365073225,0.2863865137679621,0.3582143041803755,0.8666653573987512,1.0573313163239837,0.2812756656209283
Runx3,0.0225760625231335,0.0885337720142295,0.2365840933218761,0.0379748830989705,0.0698513431891857,0.1028788018248391,1.8984287665784525,1.9927148280014677,0.35901970996115135
Clic4,0.0303828219765775,0.1123511976904639,0.3407786135629546,-0.1276377542987185,-0.0767436208963563,-0.0326166909357221,1.6450272716638574,1.5604698232782974,0.39090239196445425
Srrm1,0.068964333339054,0.3123214216762161,0.8409943210883324,-0.0256497306093596,0.0399498263979977,0.1051448044769173,0.8966693640278721,0.9211595650616066,0.6105976525017381
Fuca1,0.0261695737739369,0.1216589043577581,0.4318525387944709,0.0,28.0881034050975,29.109455250775493,0.0,0.2853393349770955,0.4105318980663675
Rpl11,0.5058146625573817,0.8398599725400034,1.0,-0.0103431857695047,0.0119289422647284,0.0303355166588801,2.8490114376375977,2.872801886072107,0.8543904218919066
C1qb,0.1256803486683753,0.2365840933218761,0.4357306600317365,-0.0663309059220988,-0.0420309825960111,-0.0157249484984954,3.3769032240705523,3.279550808592975,0.5391916545475316
C1qc,0.5058146625573817,0.7950121719642381,1.0,-0.0358985187869712,0.0035759570706606,0.0308148138430659,2.9359332363263126,2.9435825210787963,0.848397744310294
C1qa,0.2602362026171888,0.5067205148778584,0.9309874465595672,-0.0055457931856112,0.0170423736454451,0.0421093305045967,3.358650275571001,3.3982434667460013,0.7505079666201026
Cdc42,0.2602362026171888,0.7074539677020747,1.0,-0.0223782153699657,-0.0011924310215446,0.0163183931402199,2.043456295447611,2.0419010104536275,0.848397744310294
Micos10,0.0261380547020639,0.1939308522824107,0.7508318840891169,0.0023000094855677,0.0487406461775137,0.0960299792058179,1.0400437691205688,1.0755899047035935,0.4936421694461363
Capzb,0.0463865932813986,0.1939308522824107,0.5833604667027033,0.015563893634381,0.0518138495258944,0.0910224273939257,1.373686100292116,1.42470796808121,0.4936421694461363
Efhd2,0.2138825608416827,0.5443701458566098,0.9309874465595672,-0.0303586821605606,0.0002195594611074,0.029874884430949,2.1184955886612085,2.1185221858368863,0.7816596966146192
Tnfrsf1b,0.4357306600317365,0.7508318840891169,1.0,-0.0340172404484303,0.0535842548761579,0.1250832426495594,1.05652084920889,1.0961476686817102,0.848397744310294
Park7,0.0502099148258327,0.299117385231852,0.8466562152339597,0.0,27.829369241145034,28.967499713944807,0.0,0.2435619294274105,0.6090862402506512
Rpl22,0.0885337720142295,0.3407786135629546,0.8409943210883324,-0.0044379605173771,0.0126517245064693,0.0276294876959235,2.4734359684884413,2.495667171325149,0.6341070404272698
Gnb1,0.0606019697120061,0.3708443333042212,0.9769702553219756,-0.0304779020462947,0.0083639003821518,0.0621801138093204,1.1036941082650935,1.10919749542655,0.6538424827072925
Sri,0.1838730035474775,0.5057941036865485,0.976920040808018,-0.0306729231373925,0.0962188983504265,0.2010263306786907,0.7129019111226707,0.7639100110487806,0.7505079666201026
Fgl2,0.2144938077835174,0.623604884395689,1.0,-0.1550100471953036,-0.0553619576300385,0.0345386291595901,1.2760197096099135,1.2311444013873825,0.8230744602124918
Tomm7,0.026229387834857,0.1939308522824107,0.7508318840891169,0.0031660632645376,0.0419713749667761,0.082858076656159,1.1545340863430524,1.1886713743686912,0.4936421694461363
Rheb,0.0060989459312143,0.0606019697120061,0.2602362026171888,-0.3186236557665286,-0.2140112310149065,-0.0958079866742057,0.8396415692088288,0.7212928382122021,0.2957174953581708
Dnajb6,0.0072309297617661,0.0530979572855834,0.2854763088518824,0.0377162476172154,0.0899116590740871,0.1327906154457562,1.1957026601350524,1.2733451134631435,0.2812756656209283
Slc35f6,0.0010843325616735,0.0089451526846172,0.0585157428344865,0.0,28.812794730461317,29.051094593271237,0.0,0.4715366696570412,0.1250047911319024
Ost4,0.0350891160940478,0.2365840933218761,0.8398599725400034,0.0073600900123263,0.057546943684857,0.1079280829545185,1.044721725569735,1.0886671191961212,0.5391916545475316
Mrpl33,0.0193733193315928,0.126022121770373,0.4025038237820035,-0.1572445634174952,-0.0887096376762573,-0.0191696246784947,0.8683240255875111,0.8169619696002086,0.4105318980663675
Fosl2,0.0101931049911082,0.0303828219765775,0.0998774027692641,-0.3210373119911686,-0.2401450354361958,-0.1652480878982822,1.1122212024781488,0.9420195893970382,0.22192669965500084
Ywhah,0.1572127533400038,0.623604884395689,1.0,-0.0301809031934299,0.0431864631166593,0.1300680273340592,0.9262725003448682,0.9536011393758944,0.8230744602124918
Mrfap1,0.126022121770373,0.623604884395689,1.0,-0.0452034257963758,0.0184736686928489,0.090613008266619,0.8304655292504098,0.8399198595035625,0.8230744602124918
Wdr1,0.0015825462545157,0.0309817230180341,0.2710307777061879,0.0,28.767038658169383,29.085884242255663,0.0,0.4568162260406635,0.22353902183911142
Dhx15,0.0655913536575922,0.2167556301996982,0.533495368853226,0.0053602770681229,0.1604717615384422,0.7245521781383081,0.5985616910112446,0.6702810367142161,0.5180988234041567
Rbpj,0.259644899884806,0.6650055421020291,1.0,-0.1068307225755563,-0.0011829348968903,0.106553555896865,0.8280817527371653,0.8270998580905016,0.8418154117459485
Rpl9,0.2365840933218761,0.5833604667027033,0.9769702553219756,-0.0016887095120386,0.0218717958591505,0.0448045982350721,2.876015423970275,2.919878388628295,0.8080470068814829
Ythdc1,0.0463084946702038,0.3123214216762161,0.976965248614044,-0.3108636671422746,-0.1624195806034823,-0.0368748892338972,0.7324125161008382,0.6509558411124031,0.6105976525017381
Jchain,0.4025038237820035,0.7074539677020747,1.0,-0.1288885437745074,-0.0043896144199079,0.1194056310419643,0.7569145027429536,0.753862164891207,0.848397744310294
Cxcl2,0.0003071144753477,0.0007295309195351,0.0016520394562341,-1.1407394436548424,-0.9718836277549334,-0.8056971112884843,2.63247489234516,1.34385211998922,0.054904659899203366
Antxr2,0.01655137982787,0.0530979572855834,0.1568517087762269,-0.3917029290711759,-0.2248975864751733,-0.1029789165802112,0.9645865955843992,0.8285069226021402,0.2812756656209283
Hnrnpd,0.2471181124236603,0.6636294008061806,1.0,-0.1349228510350779,0.0151534175753423,0.1714846748832431,0.6622170890438368,0.6684112346924095,0.8418154117459485
Hnrnpdl,0.0114315851637162,0.0594420556243615,0.2133701720762083,1.4188624384585429,29.208853766961106,29.30131632452871,0.0,0.6226290436849286,0.2957174953581708
Lrrc8d,0.0296647046549776,0.1096133780222645,0.3102084628221997,0.0867269848762303,0.2401038761520762,0.439142119693398,0.6521412333539822,0.7676527917593241,0.39090239196445425
Rpl5,0.0072599549881905,0.0303828219765775,0.1123511976904639,0.040691171991733,0.0662032666212323,0.0867146201975438,2.0927273212023536,2.1921713651616,0.22192669965500084
Tmed5,0.0998774027692641,0.4357306600317365,0.9309874465595672,-0.0312102093390626,0.0366260193396081,0.1060378944263749,0.9335512759541096,0.957432948446024,0.697550222365269
Atp5k,0.3123214216762161,0.7508318840891169,1.0,-0.0825570671538566,0.0009581121189925,0.0829816378670234,0.8308332083436407,0.8298161194592906,0.848397744310294
Tpst2,0.259818835969311,0.5830326809296239,0.9769502088750937,-0.2100304212115405,-0.0652462536375656,0.05987477867873,0.7810379918313821,0.7490931261002824,0.8080470068814829
Dynll1,0.0042647649140305,0.0303828219765775,0.193833928554864,-0.2273257315555468,-0.128784857016734,-0.0438103440907554,0.9013210915444962,0.824393361944056,0.22192669965500084
Srsf9,0.0019700689968147,0.0090352102433773,0.0502535671957739,28.95014412190076,29.13018934339826,29.220889327948893,0.0,0.5875715658942695,0.1250047911319024
Cox6a1,0.0165749267498532,0.1123511976904639,0.4704864220587896,0.0260017347428087,0.0854937645612937,0.1457334123672997,0.9531849307445506,1.0126266757678302,0.39090239196445425
Pxn,0.1572127533400038,0.4704864220587896,0.8852339144732017,-0.1596973896497361,-0.061182465981023,0.0325569884554599,0.8765046367246452,0.8405042031945258,0.718561080962515
Rplp0,0.0998774027692641,0.2365840933218761,0.5067205148778584,0.0083119198459286,0.0281630191594565,0.0517260166315429,2.869211238500305,2.924320178227385,0.5391916545475316
Pebp1,0.0350464658873645,0.3082836146553551,0.9308391852423716,-0.0519903954736246,0.0794533719664157,0.2273337930332126,0.6555348974117972,0.6898866098907012,0.6105976525017381
Wsb2,0.0025258253058646,0.0072978850398355,0.0424174969639635,27.8197844360144,29.04637917384781,29.237178901266137,0.0,0.5544104403494835,0.11597720009252092
Rpl6,0.026229387834857,0.0606019697120061,0.1572127533400038,0.0280281988974476,0.0459736252074896,0.0634185903898934,2.5178876878929963,2.5994915533544485,0.2957174953581708
Erp29,0.0733142394336778,0.2365840933218761,0.5443701458566098,0.0432335902040124,0.1241576032134614,0.1997901575426824,0.9715170308518324,1.06053288890645,0.5391916545475316
Aldh2,0.0028555854860965,0.0160505745410556,0.0808823234464802,0.0,27.93823290432015,29.01185696822972,0.0,0.2571852919860425,0.1740367308734586
Vps29,0.0020049664751002,0.0261967964854033,0.1935429914223199,-0.4176833645867874,-0.2574544867158612,-0.1073433692994375,0.7090766613060073,0.5960781324515518,0.20930763645144598
Arpc3,0.0029456461505329,0.0193733193315928,0.078252228526237,-0.0860447795691397,-0.0637880477706499,-0.0394888840077505,2.189884169992405,2.0929475430850624,0.19145397927691707
Atp2a2,0.0479708569647043,0.1746656686621468,0.5099696508722849,-29.329196734864723,-29.18971571238756,-0.6199081175938375,0.626167938631278,0.0,0.48497049270403825
Rsrc2,0.126022121770373,0.4356308552430793,0.9539496918678444,-0.0474518167116989,0.0567705328955174,0.1539765525379902,0.751219948146187,0.781752632517418,0.697550222365269
Rilpl2,0.0003080447056277,0.00200950485566,0.0165749267498532,0.1012678804237224,0.1483441673251402,0.1871212035084363,1.4334057724964238,1.5888279096553302,0.06950522677224
Tmed2,0.0011061781840807,0.0120228254076174,0.1123511976904639,0.0470541042321089,0.0921101714260052,0.1440104440514094,0.998343824479934,1.0640848456698524,0.14576126473565015
Ubc,0.2602362026171888,0.5833604667027033,0.9769702553219756,-0.1386142218786259,-0.0856385405434053,-0.0228392911403568,1.3020204930158124,1.2258629322219776,0.8080470068814829
Ran,0.0141379694559114,0.0998774027692641,0.4357306600317365,0.0281760035238386,0.0898878112107992,0.1535360805138409,0.9617393948361612,1.024901893053661,0.371695650812198
Chchd2,0.2854763088518824,0.6650055421020291,1.0,-0.0123465766510288,0.0091610932563641,0.0324638724849378,1.999673196688065,2.0123666441508363,0.8418154117459485
Eif4h,0.0160505745410556,0.1727620641665807,0.6884965872447188,0.0,27.915198878873703,28.98741585588069,0.0,0.2547097885064677,0.48497049270403825
Por,0.2795444342084368,0.5393902014678562,0.9073681971194184,-0.1121832684534952,0.0063255695014437,0.1306306512324108,0.7863478092048642,0.7909129282747893,0.7816596966146192
Mdh2,0.0307905366805146,0.1059557506501259,0.3702168448612568,26.831199211943588,28.957218741381773,29.199505200127863,0.0,0.5213265291574546,0.38938738363921266
Gnb2,0.2854763088518824,0.623604884395689,0.9309874465595672,-0.0801238058768638,-0.0243122079659925,0.0363144299633182,1.07614239074874,1.0576306528330963,0.8230744602124918
Actb,0.4357306600317365,0.8398599725400034,1.0,-0.0049996779808616,0.0051007493976712,0.0155087393662368,3.7450708690764927,3.7590086840737222,0.8543904218919066
Rac1,0.2365840933218761,0.6650055421020291,1.0,-0.0239367225471521,0.0170966183930144,0.0637025400598636,1.4225586069805265,1.4399781172522623,0.8418154117459485
Bri3,0.0120228254076174,0.0463865932813986,0.1413616574992618,0.0545304794804608,0.099872459454737,0.1423925267363281,1.4374186539118177,1.5396090160366425,0.2661006521898769
Arpc1b,0.0998774027692641,0.2144938077835174,0.4025038237820035,0.0333562964576133,0.063017333879237,0.0884181217443424,2.016958107757294,2.1077135270768825,0.5137366964428034
Atp5j2,0.1572127533400038,0.5067205148778584,0.9769702553219756,0.0017782288643723,0.0528354552266005,0.0977194876867402,1.2173671636275336,1.262868144394886,0.7505079666201026
Rpl21,0.1405818917100215,0.4357306600317365,0.8852339144732017,-0.0176057292584476,0.0064743115504764,0.0276976672754961,2.511793418894575,2.52356368921211,0.697550222365269
Polr1d,0.078252228526237,0.4704864220587896,0.9769702553219756,-0.0411441568332628,0.0162025939098458,0.0709760452677329,1.02952893737602,1.0401191128957623,0.718561080962515
Pomp,0.1572127533400038,0.5067205148778584,0.9769702553219756,-0.062521421045408,-0.0124208582381816,0.0365475575188549,1.24983358671698,1.2383294272338037,0.7505079666201026
Ubl3,0.1409552191443714,0.4025038237820035,0.8398599725400034,0.0299068335187908,0.0804275423565293,0.1360937392635927,1.2760089791653138,1.3491502087471725,0.6791169250611708
Hmgb1,0.0998774027692641,0.4025038237820035,0.9309874465595672,-0.1045470487179776,-0.0266776505801775,0.0404911910823292,1.000102952336551,0.9808972387831612,0.6791169250611708
Sem1,0.3708443333042212,0.6650055421020291,0.9769702553219756,0.0048518796895444,0.0300295770553326,0.052463585168055,2.083596541172926,2.1280194634464125,0.8418154117459485
Ndufa4,0.078252228526237,0.2854763088518824,0.6650055421020291,-0.0130205858061448,0.0328353583977075,0.0833510576383615,1.3372116271052024,1.366446500104285,0.5858990213085754
Mdfic,0.0058231102667042,0.0309837249657952,0.1122865650016299,0.3257259993684326,1.712302817299729,29.47958008119851,0.2219630585397515,0.7109750061366461,0.22353902183911142
Capza2,0.078252228526237,0.2602362026171888,0.623604884395689,-0.074599549507515,-0.0410789931958809,-0.0073226977436811,1.6690446334248188,1.6227112278995826,0.5636054774913702
Arf5,0.3123214216762161,0.6650055421020291,1.0,0.005197888451655,0.057039752628219,0.1024055839972878,1.0807228080104887,1.1259760347262362,0.8418154117459485
Hilpda,0.0029456461505329,0.0165749267498532,0.068964333339054,-0.3267952777429401,-0.2251551361913341,-0.1427410444633216,1.7381558861123687,1.4872270565443886,0.1740367308734586
Atp6v1f,0.0885337720142295,0.5443701458566098,0.9769702553219756,-0.0544932578161676,-0.0239920673399253,0.0074602993529575,1.5732326229083125,1.5464567212952938,0.7816596966146192
Irf5,0.0404041195882236,0.1748533068932927,0.5067205148778584,0.0218137313720529,0.1089741216800563,0.2071218430243866,0.770937131526873,0.8319476911489373,0.48497049270403825
Mtpn,0.026229387834857,0.1659861506884661,0.5443701458566098,-0.0030452643601883,0.0581651466291943,0.1350085013292586,0.974990633502473,1.0141941203601046,0.48497049270403825
Luc7l2,0.0530979572855834,0.2854763088518824,0.8852339144732017,-0.0118278506718906,0.0438480489403486,0.1004333312415685,0.946412660046247,0.9762596740791188,0.5858990213085754
Kdm7a,0.1748533068932927,0.4704864220587896,0.9309874465595672,-0.1410915064012832,-0.0772186967342746,-0.0017969008666445,1.08721044709217,1.02931043672917,0.718561080962515
Mkrn1,0.334748840360497,0.7497778216111932,1.0,-0.0721909360231219,0.1224045447089544,1.1275726595358058,0.5819696117967088,0.6334476415505264,0.848397744310294
Tmem176b,0.156806314985113,0.3407786135629546,0.623604884395689,0.0081300602303065,0.0546156435955774,0.0988975285095426,1.8061453680872663,1.87473279728802,0.6341070404272698
Tmem176a,0.0606019697120061,0.1409552191443714,0.3123214216762161,0.0619307551315396,0.1103369502255862,0.1592965157554035,1.7065455256939712,1.841335078075521,0.4373702842052263
Tra2a,0.2140949593489335,0.6193065349631823,0.9769505848685672,-0.3343891876501916,-0.1351768045311962,0.0181587169347969,0.7132181954744903,0.6486434713279663,0.8230744602124918
Hnrnpa2b1,0.0302789861230344,0.1123511976904639,0.3708443333042212,0.0239294169892805,0.0591502865976061,0.0976114009965942,1.569206088437361,1.6339934294456175,0.39090239196445425
Skap2,0.0033027378286992,0.0479174976998167,0.368754236897688,-1.3173699088598063,-0.2709262685376106,-0.0640513315909972,0.6497053639959319,0.540421774015402,0.2726059788949035
Tax1bp1,0.3708443333042212,0.7950121719642381,1.0,-0.0242932099765996,0.0184696086910065,0.0622319806736251,1.3969750818284576,1.4146376084596048,0.848397744310294
Creb5,0.025541552721972,0.1649353212771785,0.543492631695685,-0.4109663791913995,-0.2116801469844971,-0.0407626120179587,0.7510746347154864,0.647782136994163,0.48497049270403825
Serbp1,0.0120228254076174,0.078252228526237,0.3407786135629546,0.0260483007390714,0.066798024479419,0.1099791682232491,1.25477490980147,1.3150582393249175,0.34083192869205453
Igkc,0.5067205148778584,0.7508318840891169,0.9769702553219756,-0.0094217893716844,0.0241346348995274,0.0546662976269562,2.0383861561405725,2.0731438570160066,0.848397744310294
Vamp8,0.4025038237820035,0.7950121719642381,1.0,-0.0733280538258321,-0.0146685823057575,0.0331936512531632,1.2961968702568436,1.2817874917185326,0.848397744310294
Mat2a,0.148826321503113,0.3329849262043271,0.623604884395689,-0.2543188892536598,-0.164376344053148,-0.0800545676104005,0.9524432593215616,0.8499379567576657,0.6341070404272698
Tgoln1,0.3708443333042212,0.7950121719642381,1.0,-0.0692225166450368,0.0204381305647644,0.0962036581451879,0.8700075983018555,0.8823318519909369,0.848397744310294
Tmsb10,0.3123214216762161,0.5833604667027033,0.9309874465595672,-0.0116702762658748,0.0924740195562272,0.1969247616278917,1.4584434401665762,1.55532601596663,0.8080470068814829
Hk2,9.398642455723868e-05,0.0004642339994646,0.0023839130915762,-1.7360874940247233,-0.7149557209809664,-0.4746036517745294,0.9412676675485524,0.5738937974488083,0.054904659899203366
Mob1a,0.1748533068932927,0.5067205148778584,0.9309874465595672,-0.0615962641715405,0.0112899245302894,0.0887944807851431,0.9424388427721432,0.9482676557038392,0.7505079666201026
Dusp11,0.0995663425330668,0.3848990322639616,0.9283957495025617,-0.2489669463654633,0.2775033818274791,29.17683432971843,0.493359099343662,0.5765292851753575,0.6731475647502417
Snrpg,0.2854763088518824,0.7508318840891169,1.0,-0.0397375756878527,0.0057466256494429,0.05231009139519,1.222808665510175,1.22795199952194,0.848397744310294
Pcbp1,0.1123511976904639,0.4025038237820035,0.9309874465595672,-0.0193636386896879,0.0367344642756373,0.0881758680152107,1.196760226511275,1.2281104263493487,0.6791169250611708
Mxd1,0.0782506085103795,0.2144938077835174,0.5440285038067899,-0.3619377057074125,-0.2181760435736243,-0.0990444491769312,0.92640949334086,0.7976259612791622,0.5137366964428034
Anxa4,0.0017598124888931,0.0170307125333042,0.1038905584088006,28.916725274654443,29.128240068387917,29.234025690579603,0.0,0.5867782149697665,0.17723998176252867
Gfpt1,0.0191570995619852,0.0632174246335526,0.1747006347388966,1.650720672119115,29.34666108367161,29.503493051385924,0.0,0.6844447892421784,0.305941116745094
Cnbp,0.026229387834857,0.2854763088518824,0.9309874465595672,-0.0119277685895139,0.0223604077973903,0.053607711953762,1.2884117612426789,1.3091561762280088,0.5858990213085754
Rab7,0.3708443333042212,0.7950121719642381,1.0,-0.0574267482746165,0.0038473537987026,0.0591716444984833,1.0533899416501724,1.0563333697502877,0.848397744310294
Rpn1,0.3407786135629546,0.7950121719642381,1.0,-0.0922154523951962,0.0287180892240796,0.1458544617191007,0.7433290480909296,0.7611729890462577,0.848397744310294
Slc6a6,0.0011061781840807,0.0086155581188204,0.0530979572855834,0.0742403287629388,0.1256020328312112,0.1846571219877859,1.0578384777187613,1.1545916155770302,0.1250047911319024
Foxp1,0.4528220463166866,0.8173223156733437,1.0,-0.0493887762948566,0.0339734053322176,0.1204015582719632,0.9953986116680094,1.017912642729529,0.8543904218919066
Ppp4r2,0.4025038237820035,0.7508318840891169,1.0,-0.1238288251227578,-0.0340170171372203,0.0583166298588104,1.1177578428189698,1.093315478869766,0.848397744310294
Bhlhe40,0.2124944962928325,0.4347302695803308,0.7945750891870234,0.0214394228699325,0.1285294468910222,0.2588770199411352,0.902898706346928,0.9877838215072134,0.697550222365269
Arl8b,0.0056959226171084,0.0412420339799704,0.1833843843043244,0.1020994896031204,0.6984716278326869,29.33862884176699,0.4115664630492206,0.6791456832819489,0.25393001026411094
Edem1,0.0018346734151736,0.01175112658545,0.07111221337708,29.08632664072593,29.224392405378737,29.325543543911277,0.0,0.6276850106108169,0.14576126473565015
Arpc4,0.1748533068932927,0.623604884395689,1.0,-0.0494021277162373,0.0273130340968059,0.1039054406930758,0.8096507727003763,0.8261128288793336,0.8230744602124918
Brk1,0.0606019697120061,0.2854763088518824,0.8852339144732017,0.0012000218279394,0.043206345568498,0.0855187875076181,1.1423148722957,1.177275156645855,0.5858990213085754
Irak2,0.0220077258021524,0.1391855515972279,0.5191721916264274,0.0,28.87093110515259,29.061550051813494,0.0,0.4916721633114956,0.4373702842052263
Rpl32,0.068964333339054,0.1939308522824107,0.4357306600317365,0.0071192129034213,0.0243451757920063,0.0414261383871408,3.2090223384860828,3.2639540726842897,0.4936421694461363
Plxnd1,0.0002898223597477,0.0015011546739742,0.0074450622980559,0.4125036999194458,0.8196246953245252,29.564161422697776,0.4506246787685075,0.7816759420518782,0.0569470289223761
Hnrnpf,0.4025038237820035,0.7950121719642381,1.0,-0.0477582718665192,-0.0148819628987419,0.021116742534793,1.6235529491703962,1.6069353536361712,0.848397744310294
Wnk1,0.2854763088518824,0.7508318840891169,1.0,-0.0789321683179488,-0.0270864627995877,0.0143082751604817,1.4951850281096974,1.467566436655555,0.848397744310294
Atp6v1e1,0.1256803486683753,0.4704864220587896,0.9769702553219756,-0.018845862829675,0.0687659752508393,0.1472872779052584,0.7961106182249709,0.8356649008099124,0.718561080962515
M6pr,0.0404041195882236,0.1409552191443714,0.4704864220587896,0.029720813299093,0.0885658601182379,0.1435816144131187,1.2174734281823252,1.29359741912657,0.4373702842052263
C3ar1,0.3579088004991157,0.6193065349631823,0.976869496388966,-0.5019993298512585,-0.2144718719641613,-0.0112655661667018,0.8445722301596683,0.7265672443934773,0.8230744602124918
Clec4a2,0.1916385121462446,0.4359688889782931,0.8355727536459747,-1.4951058642205814,-0.2788622010584591,0.6388466955118407,0.681157857533309,0.5559250105040443,0.697550222365269
Clec4n,0.4188222851204972,0.6860413341329031,1.0,-0.0204632634603909,0.0798395284185253,0.17102846309428,1.0650289428780677,1.1260383637641025,0.848397744310294
Grcc10,0.1360927583775825,0.5817137931590854,1.0,-0.2407925997056993,0.0691182253923625,2.3411218116891965,0.5364666042431969,0.5608449484537978,0.8080470068814829
Tpi1,0.0028555854860965,0.0070541024006829,0.019492121042638,-29.135860688982124,-28.31469178091167,-28.061416075343747,0.3338654993792157,0.0,0.11597720009252092
Ptms,0.0165749267498532,0.078252228526237,0.3123214216762161,0.04428624275777,0.0894068116113014,0.1409924268672001,1.1973868362575826,1.2734528640206575,0.34083192869205453
Chd4,0.0639976104144629,0.2771684568230089,0.8397224284314397,-0.023377187106999,0.1090065692779937,0.2513982474740568,0.6775808864253925,0.7331712162118837,0.5858990213085754
Gapdh,0.4357306600317365,0.623604884395689,0.8852339144732017,-0.0728647980386746,-0.0397829650203388,-7.796431014081272e-06,1.925745439858844,1.87265222786164,0.8230744602124918
Tnfrsf1a,0.1392241769628668,0.4353311290632924,0.8851346804304723,-0.2691433125736678,-0.1026219262966135,0.033617495851758,0.7116567636815573,0.6620286329700817,0.697550222365269
Cd9,0.0562090536736773,0.1832542295925155,0.5048625053940248,-0.6092765358908876,-0.3619174321089297,-0.1609970026961928,0.9068566142062968,0.7083493253932844,0.4936421694461363
Clec2d,0.4357306600317365,0.7074539677020747,0.9769702553219756,-0.0840748274577349,-0.033566590561316,0.0182759443335826,1.621855331268355,1.5849595168403825,0.848397744310294
Emp1,0.0072978850398355,0.0905208596874355,0.3427783535853141,-29.09122195497514,-27.695157254792,0.0,0.217306674796863,0.0,0.36456346230282244
Plbd1,0.4357306600317365,0.7950121719642381,1.0,-0.0307249188652526,0.0154767392932563,0.0592891545235069,1.6896336066526323,1.7063773246191825,0.848397744310294
H2afj,0.0303828219765775,0.126022121770373,0.3407786135629546,0.0155041668423605,0.0651386518645377,0.1201751614355549,1.2640801347167512,1.3231454660900188,0.4105318980663675
Arhgdib,0.3123214216762161,0.5443701458566098,0.8852339144732017,-0.0061907738412725,0.0331276259771695,0.0744615950085028,1.6261434033097777,1.6645441130563663,0.7816596966146192
Kras,0.026229387834857,0.126022121770373,0.4025038237820035,-0.0114964464660569,0.0632437987602278,0.1330800217253179,0.9513172466444806,0.9940161750154548,0.4105318980663675
Rps9,0.3407786135629546,0.7074539677020747,1.0,-0.0045843462991341,0.0090220823164961,0.0252577470561099,3.3227442673102425,3.3424029198891314,0.848397744310294
Rpl28,0.0885337720142295,0.2144938077835174,0.4704864220587896,0.0140604269153641,0.033093877752131,0.053001969366114,2.7816473270761715,2.845939041093195,0.5137366964428034
Ube2s,0.0953916483695426,0.2942370484552679,0.6518199117183919,-29.12976958151391,-28.49938393633673,0.0,0.3966250577229947,0.0,0.601778728666774
Rps5,0.0463865932813986,0.1409552191443714,0.3708443333042212,0.0105972049888229,0.0303892205951219,0.0480095645702869,2.741851726954864,2.802032220252366,0.4373702842052263
Chmp2a,0.0225760625231335,0.0998774027692641,0.4025038237820035,-0.2474380421185603,-0.1399045187739002,-0.0472799834951587,0.8390187778322464,0.7628375690927018,0.371695650812198
Selenow,0.0998774027692641,0.3708443333042212,0.9309874465595672,-0.0146229353547031,0.0625460241112439,0.135225795222179,0.8689623716792778,0.908477900314007,0.6538424827072925
Tmem160,0.0640018070714244,0.193833928554864,0.5070944712214955,0.0535978313570123,0.1663626930987421,0.2521210001279874,0.7418930765924086,0.832815566882701,0.4936421694461363
Ap2s1,0.3086117223771977,0.7497778216111932,1.0,-0.2216092463362356,-0.0314218963695089,0.1626349026648677,0.6002206323456036,0.5862526060096614,0.848397744310294
Calm3,0.0301879539009613,0.1744781297274887,0.5830326809296239,0.0511895513384817,0.1645345861670962,0.2828637174484933,0.6918740195862549,0.775723876382395,0.48497049270403825
Snrpd2,0.1120387965996896,0.4353311290632924,0.9769502088750937,-0.1889221418084974,-0.0728228118257967,0.0504921993486927,0.7354822888614774,0.699902704306945,0.697550222365269
Vasp,0.3704279148024535,0.7838098115506844,1.0,-0.0718737095529617,0.0203460185622384,0.1193388500912178,0.8400109731033283,0.8517293367329343,0.848397744310294
Fosb,0.0016520394562341,0.0072599549881905,0.0225760625231335,-0.6063724247380985,-0.4812291056134633,-0.3606837854393652,1.231062812385236,0.8806425233663144,0.11597720009252092
Apoe,0.7074539677020747,0.9309874465595672,1.0,-0.1236998398334117,-0.064524491593723,-0.0098550193651132,3.955766796925136,3.7825294027528,0.9309874465595672
Plaur,0.0004776817289569,0.0011061781840807,0.0029456461505329,-0.2984278491173362,-0.2358188401455907,-0.1694949179031067,1.5275701226468974,1.2971167679049576,0.054904659899203366
Rps19,0.0885337720142295,0.1939308522824107,0.4357306600317365,0.0144742643560358,0.0346185444263552,0.0543661803221353,2.9346250530483537,3.007092395208377,0.4936421694461363
Rabac1,0.0478574730003351,0.1715576929504229,0.4494500997428466,-0.7653281487028627,-0.2635924698816771,-0.0949274643010904,0.7007391272336987,0.5823463951187151,0.48497049270403825
Tgfb1,0.4357306600317365,0.8398427961250607,1.0,-0.0825668882110167,-0.0326959301625844,0.0230507685197416,1.447238503884491,1.4134352682595663,0.8543904218919066
Axl,0.008328837590629,0.0447295354021234,0.1935429914223199,0.1529548013620562,0.3566522133272799,0.6937295534501552,0.5965626085974088,0.7627346714384932,0.2661006521898769
Blvrb,0.0463865932813986,0.1748533068932927,0.4703899167634569,-0.294500864569952,-0.1894163212999289,-0.0875905591781289,1.0238606980571765,0.8977102951974885,0.48497049270403825
Rps16,0.0885337720142295,0.2602362026171888,0.623604884395689,0.0051816278816555,0.0207501626790479,0.0344251872172453,3.220357328342331,3.2681971510700523,0.5636054774913702
Zfp36,0.0042647649140305,0.0086155581188204,0.0193733193315928,-0.2392841136116133,-0.1969691922425509,-0.152393218902279,2.24837207921121,1.961512255356864,0.1250047911319024
Gmfg,0.0303828219765775,0.1748533068932927,0.5443701458566098,-0.1013023141477767,-0.0598429527097915,-0.015798056354465,1.4316141624435188,1.3722504108746312,0.48497049270403825
Eif3k,0.2365840933218761,0.5833604667027033,0.9769702553219756,-0.0397307908391593,0.0324432950720709,0.0962194660987019,0.9996019325365496,1.0208743666975049,0.8080470068814829
Psmd8,0.1408688150289272,0.6233026627251221,1.0,-0.0946050966008912,0.0469496573569146,0.1771893693800018,0.694941400082967,0.7180589765090332,0.8230744602124918
Capns1,0.0165749267498532,0.126022121770373,0.4704864220587896,0.0049533333434971,0.0957924638432919,0.1849644255272476,0.722717073296977,0.7722598071628166,0.4105318980663675
Tyrobp,0.1939308522824107,0.4357306600317365,0.7950121719642381,-0.0340562506080231,-0.0167302998904275,0.000768966991217,2.887812705660155,2.855779673335841,0.697550222365269
Psenen,0.1120270755085749,0.4014784257701335,0.8397224284314397,-0.3715831840198558,-0.1642305415070695,-0.0035523031901788,0.6821167591360681,0.6094863050493979,0.6791169250611708
Cox6b1,0.1572127533400038,0.3708443333042212,0.7950121719642381,0.0078925343380675,0.0433366893907507,0.0773484100906935,1.558934476358827,1.6067226559372023,0.6538424827072925
Fxyd5,0.0141379694559114,0.068964333339054,0.3123214216762161,-0.1004555819631387,-0.0620713838953069,-0.0270541823280937,1.62732321186428,1.5596744900694288,0.31313535137732623
Gpi1,0.2144938077835174,0.5833195295603595,0.9769502088750937,-0.0107006775037824,0.0927773063675845,0.1940176600179245,0.7267387360433841,0.7753453792827361,0.8080470068814829
Pdcd5,0.1950907960342081,0.6825115571154998,1.0,-29.10792822359957,-1.211295825873314,27.85005338303041,0.4986491393084729,0.1321597134213697,0.848397744310294
Cd33,0.0109168257616513,0.0585157428344865,0.2595762702729086,0.0,27.7420499934192,28.94128676244458,0.0,0.2244859616211265,0.2957174953581708
Rps11,0.2365840933218761,0.4704864220587896,0.7950121719642381,-0.0344756150540306,-0.0163009795901027,0.000923223773278,3.096834111808504,3.0630505431596737,0.718561080962515
Rpl13a,0.0120228254076174,0.0404041195882236,0.0998774027692641,0.0317062199568393,0.0539735721290928,0.0742900956201962,2.4447258364862687,2.536674724920326,0.250080234925005
Snrnp70,0.0141379694559114,0.1259397851414355,0.5636180676565299,0.034884888555661,0.1787413089588491,0.3101687672852059,0.6400051715222452,0.7247419464112346,0.4105318980663675
Ftl1,0.0013539414430926,0.0035498386349135,0.0086155581188204,0.0627580205077813,0.0746407259440095,0.0864305717351016,3.830013382732328,4.033309367198456,0.08349220469316553
Bax,0.1079661679708755,0.3660572002335555,0.9078729513710198,-0.3251802329391169,-0.1949603438240321,-0.0478728351673654,0.7447872538878328,0.652587470366937,0.6538424827072925
Ppp1r15a,7.658289467492398e-05,0.0003080447056277,0.0029456461505329,-0.3331507484461842,-0.258470537863542,-0.1862930900556452,0.9872844672671448,0.8258293849801421,0.054904659899203366
Rpl18,0.2144938077835174,0.4704864220587896,0.8852339144732017,-0.0039665489213058,0.0184928654575556,0.0429309133979028,2.705944103361328,2.74133446225284,0.718561080962515
Emp3,0.0165749267498532,0.0885337720142295,0.2602362026171888,-0.2181275566934904,-0.1206776041799027,-0.0280423701699904,1.0689653453518426,0.9817753504707408,0.35901970996115135
Ldha,0.2854763088518824,0.623604884395689,0.9769702553219756,-0.1055039265221721,-0.032857137597478,0.0336927467369863,1.1832631606135788,1.15846449424832,0.8230744602124918
Spty2d1,0.0655493390826368,0.2993638153612894,0.8159807226369715,-1.2552035664563306,-0.2791270140702022,0.0533925149622404,0.6269615696065765,0.5156891046776108,0.6090862402506512
Cyfip1,0.3262432816152409,0.7508318840891169,1.0,-0.0717792385435098,0.0347126720643251,0.1529995238980039,0.739383461643916,0.7554245431742598,0.848397744310294
Klf13,0.1518070932744676,0.6209355662832107,1.0,-0.1012409700390802,0.0724905254282553,0.2713764868422418,0.6133679733975583,0.6435822667729455,0.8230744602124918
Mef2a,0.047449867347905,0.3125678459235088,0.9207900075697776,-29.01371916584292,-27.921813497644717,0.0,0.2572181536562015,0.0,0.6105976525017381
Akap13,0.0225760625231335,0.126022121770373,0.4357306600317365,0.026265518641173,0.0984094679322624,0.1642747794447329,1.1015466526216713,1.178196248833011,0.4105318980663675
Iqgap1,0.00200950485566,0.0141379694559114,0.078252228526237,0.04239575249811,0.0759381436465989,0.1070931036488287,1.7529613274958948,1.8474014540686483,0.15986780846299814
Rps17,0.2144938077835174,0.5067205148778584,0.9309874465595672,-0.0057694225867613,0.0170614752854363,0.0392899190528796,2.177276145386537,2.204544503245226,0.7505079666201026
Tm6sf1,0.156806314985113,0.5067205148778584,0.9769702553219756,-0.048244457621635,0.0262952046914779,0.1068252448875644,0.8755012111330981,0.8926210386383433,0.7505079666201026
Ctsc,0.4696175280081133,0.7950121719642381,1.0,-0.0380730209934163,-0.0052481477262775,0.0272202226697782,2.124005521178335,2.1161580966670126,0.848397744310294
Picalm,0.0606019697120061,0.2365840933218761,0.6650055421020291,-0.0797281841307702,-0.0460517809813644,-0.0111834326680348,1.8023945222647528,1.747050704257345,0.5391916545475316
Prcp,0.022495993943345,0.1409552191443714,0.5443701458566098,-0.0059085492219878,0.0734288620367716,0.153267276683878,0.8271043886473439,0.8696074339475165,0.4373702842052263
Ndufc2,0.0885337720142295,0.2854763088518824,0.6650055421020291,-0.2212365221490007,-0.1249342450353679,-0.0384285177277763,0.8814629269175908,0.810074233425404,0.5858990213085754
Rps3,0.0606019697120061,0.1939308522824107,0.4357306600317365,0.0157708650069498,0.0399027887483227,0.0650537138282288,2.601663194153574,2.674449293962134,0.4936421694461363
Spcs2,0.0530979572855834,0.3407786135629546,0.8863773785221294,-0.150936063401765,-0.0450354535950581,0.0451514828814063,0.8248982913260221,0.7971010195821766,0.6341070404272698
Ucp2,0.126022121770373,0.2602362026171888,0.5067205148778584,0.0365345229928964,0.0737646884113048,0.1081054032837206,1.6459955748593735,1.7317795821893365,0.5636054774913702
P2ry6,0.4300603691418539,0.74897844105537,1.0,-0.090598978374545,0.1608649579065111,1.0422326279607763,0.6143994216536185,0.6850173396452932,0.848397744310294
Nup98,0.0881302062248746,0.4703899167634569,0.9769702553219756,-0.2135084843020399,-0.09703792962446,0.0117535292372664,0.7439795112865271,0.6966598786972411,0.718561080962515
Rhog,0.0885337720142295,0.3708443333042212,0.8852339144732017,-0.1277943642649711,-0.0576764306215204,0.0173917331909861,0.9261899340688484,0.8911661934163525,0.6538424827072925
Taf10,0.1189526670393634,0.3708443333042212,0.7950121719642381,-0.0001579285898539,0.0773852031903695,0.1483187658304965,0.8037807198908783,0.8464510892355852,0.6538424827072925
Tpp1,0.0156289357811134,0.0953916483695426,0.3615213310630785,27.909480066704045,29.029915838692965,29.18800253815858,0.0,0.5481360421199909,0.371695650812198
Eif3f,0.068964333339054,0.2602362026171888,0.623604884395689,0.0308957943863242,0.0944038254652221,0.1471761508576737,1.17054901848508,1.2499590012680135,0.5636054774913702
Rpl27a,0.068964333339054,0.1939308522824107,0.5067205148778584,0.0065974370502376,0.0219535626300729,0.0351927993704019,3.254505713792114,3.304105382111925,0.4936421694461363
Eif4g2,0.4704864220587896,0.8398599725400034,1.0,-0.0578931370209034,-0.0204616809690597,0.0246706918547286,1.4745605701006874,1.4539617840723629,0.8543904218919066
Rps13,0.5067205148778584,0.8852339144732017,1.0,-0.0258694706195885,-0.0040057299037278,0.0168696661447591,3.0603923360428,3.0503204754807323,0.8874979398299105
Rps15a,0.078252228526237,0.1939308522824107,0.4025038237820035,0.0073906512909215,0.022762178258808,0.0408671169645262,3.094897987839928,3.14452538447819,0.4936421694461363
Arl6ip1,0.0606019697120061,0.2854763088518824,0.7961333669786312,0.005232059855115,0.0637324252278547,0.1267307740344982,0.872490986057411,0.9116535881426951,0.5858990213085754
Gde1,0.0057382099220505,0.0235411960621608,0.0934102900257256,0.6807786904716115,29.46613844154152,29.61213934344173,0.0,0.7587796018499972,0.20930763645144598
Igsf6,0.3466507042969367,0.7644651555480411,1.0,-0.8779007351588854,-0.0375563476657024,1.1154729865724278,0.611008329362343,0.5902810969527083,0.848397744310294
Rbbp6,0.1256927045823913,0.4347302695803308,0.9315008045724658,-0.0343162322587869,0.0797487720211226,0.2125011532957595,0.7164559985961977,0.7593719058465518,0.697550222365269
Il4ra,0.0165749267498532,0.1122731095827606,0.4188222851204972,-0.2420431322641801,-0.1306001848260558,-0.0237911962217986,0.8137245293484017,0.7428422177571721,0.39090239196445425
Eif3c,0.0051079054249954,0.0350891160940478,0.1753302455280202,0.0661777554125799,0.1549709663377781,0.2393354759754338,0.7892637420240607,0.878074883733486,0.23566552017196027
Bola2,0.0024836325570125,0.0209539010383305,0.1458119361520474,0.1495965375731706,0.4091221053269951,2.840494576195042,0.5417167211007065,0.7133850454823314,0.20534823017563889
Coro1a,0.2144938077835174,0.5067205148778584,0.8852339144732017,0.0439320059589639,0.0993272755530955,0.1553249476744975,1.2055601174742576,1.2922998821440523,0.7505079666201026
Gdpd3,0.2144938077835174,0.5833604667027033,0.9769702553219756,-0.0963346651010148,-0.041204186217205,0.0166494165161469,1.5644931431174176,1.5209821731717013,0.8080470068814829
Aldoa,0.3400671837657861,0.623604884395689,0.9769702553219756,-0.1111929442221313,-0.0504382248375195,0.0143326473819791,1.1418182569753674,1.10131207487682,0.8230744602124918
Fus,0.4357306600317365,0.8398599725400034,1.0,-0.0335221433427749,0.0344288235971639,0.1062200870107582,0.961137423432238,0.985197268549072,0.8543904218919066
Pycard,0.1533742295948131,0.592721612902676,1.0,0.0,26.529313344608784,28.96575216068958,0.0,0.1001479670756282,0.8190841560206192
Itgam,0.0816974886263305,0.3786870165632432,0.9247966163445616,-29.15978437598302,-28.0794182707716,1.671372190814678,0.4537632183777532,0.0,0.6656740380842661
Itgax,0.0031383484813646,0.0261695737739369,0.1610377521983194,0.0,28.66193584268784,29.252249566120035,0.0,0.4247205872911225,0.20930763645144598
Rgs10,0.1572127533400038,0.3407786135629546,0.6650055421020291,-0.0009578087886955,0.0583888079442583,0.1151011947067019,1.1959785092155286,1.244464027985255,0.6341070404272698
Ifitm2,0.0060741699185588,0.0303828219765775,0.126022121770373,-0.12343745300981,-0.0812272553657935,-0.0396048634593995,2.098367290062486,1.9810663260742225,0.22192669965500084
Ifitm3,0.2854763088518824,0.623604884395689,0.9769702553219756,-0.139636284721048,-0.0517129350035949,0.0263193698808601,1.368385393770735,1.3216617881902035,0.8230744602124918
Rnh1,0.0042647649140305,0.0193733193315928,0.0998774027692641,0.1145497876850068,0.1984638231530338,0.2768572096077405,1.006622878028173,1.155810982930176,0.19145397927691707
Taldo1,0.0005920421458944,0.0029456461505329,0.0141379694559114,0.1144644156993858,0.1798928825156069,0.2391754768748578,1.1206268974533176,1.2701284827984274,0.0753060841962324
Rplp2,0.0350891160940478,0.126022121770373,0.3407786135629546,0.0051487935172619,0.0191988442810145,0.0315890433825728,2.9411776374424337,2.98046525466172,0.4105318980663675
Ctsd,0.00200950485566,0.0086155581188204,0.0263332236883999,0.181657659281766,0.2532716320623924,0.3295632452960196,1.0168884656310824,1.211398697234235,0.1250047911319024
Cd81,0.6860413341329031,0.9080526532286632,1.0,-0.1320979588944976,0.0005479044314611,0.1435393655375468,1.2076601361811088,1.210437189930626,0.9095995913091209
Rab20,0.00090093559636,0.003907301774472,0.0165749267498532,-0.329156246762654,-0.2464327539030757,-0.1594418743323306,1.0843858507972424,0.9132746017974044,0.08764284716282332
Lamp1,0.0003080447056277,0.0016520394562341,0.0086155581188204,0.0765073720497821,0.0988208896781186,0.1201642629871792,2.182057521242725,2.3360758018656376,0.05986102596481229
Ikbkb,0.0405132335960772,0.1797684749215229,0.5412330576383825,0.0,26.768112269104808,28.323706544589463,0.0,0.1142890746683105,0.4936421694461363
Zfp703,0.0998774027692641,0.4025038237820035,0.8852339144732017,-0.0461097428015684,0.0676147415557182,0.1991599124155147,0.8161880474296447,0.851567472469372,0.6791169250611708
Rab11fip1,0.4322062983352083,0.8379014845448695,1.0,-0.4276775476753294,-0.0835980877731531,0.1561974747786344,0.6369640892275223,0.6029310090504445,0.8543904218919066
Msr1,0.0263414372404881,0.1192245353176477,0.3898495201825476,1.0161391724144424,29.2817323780154,29.39868210632657,0.0,0.6617073809732301,0.4105318980663675
Asah1,0.1748533068932927,0.5443701458566098,0.9769702553219756,-0.1313716629438616,-0.0644225982354465,-0.0008066923618603,1.151399630053215,1.1013178914245665,0.7816596966146192
Hmgb2,0.3348247148526588,0.6142096440486573,0.9766847482197132,-0.3637615175671438,-0.1887270238030243,-0.0288668866398142,0.766525929403003,0.6701881868158018,0.8230744602124918
Atp6v1b2,0.0008913074791419,0.0071337741750955,0.0343078484764974,0.1769042656885782,0.292359398932381,0.4550540676302791,0.6901923441381503,0.8442126372793095,0.11597720009252092
Ndufa13,0.4704864220587896,0.8398599725400034,1.0,-0.0777029823930173,-0.0031476371237092,0.0829655299056229,1.0803175156721412,1.0761497394749626,0.8543904218919066
Uba52,0.2132833654576573,0.7112408476223725,1.0,-29.06643232673316,-0.5554714145981532,28.817562808177914,0.2685640780823935,0.2125267611501217,0.848397744310294
Jund,0.2602362026171888,0.5443701458566098,0.7950121719642381,-0.2242943501271826,-0.1514756861360461,-0.0746139394616293,1.8112790697814365,1.628080304036175,0.7816596966146192
Ifi30,0.0193733193315928,0.0463865932813986,0.1409552191443714,0.0698234653216906,0.1145601394495771,0.1511216045798932,2.026351724607979,2.19302610507522,0.2661006521898769
Rpl18a,0.126022121770373,0.3708443333042212,0.7950121719642381,-0.0003092110400109,0.0200112872385049,0.0399946361104407,2.900384501394257,2.941339723163626,0.6538424827072925
Bst2,0.1187798202783716,0.2598214307362101,0.4695190216268695,0.1316521829932337,0.2213592636723639,0.3177627456303999,0.8568858060169631,0.9988346670718184,0.5636054774913702
Pgls,0.1565612346448526,0.4203711728459999,0.8162852785468295,0.0,28.71338809730852,29.043696336529464,0.0,0.4401402577527605,0.697550222365269
Tpm4,0.0225760625231335,0.126022121770373,0.4704864220587896,-0.168573801868742,-0.0907419743209611,-0.0212096380125795,1.110163410973255,1.0419492026982575,0.4105318980663675
Sin3b,0.2731412039973264,0.7150496101826387,1.0,-28.93226718123751,-1.1603517698950307,27.67934220525269,0.1151623900599332,0.0,0.848397744310294
Smarca5,0.0016445870059056,0.0225760625231335,0.1939308522824107,-0.2043298027996601,-0.1210159349044232,-0.0554866860493141,0.8932098380634409,0.8222985229270181,0.20580968625740306
Tbc1d9,0.2132833654576573,0.3877104515085723,0.6435524397676282,1.109854713194353,29.18745508573415,29.38218910811704,0.0,0.6236172874041459,0.6744785369439069
Ndufb7,0.0604143694013455,0.3407786135629546,0.9309874465595672,-0.1288062287383551,-0.0608193846362575,0.0187225392250691,0.8747236033657886,0.8391882252587038,0.6341070404272698
Adgre5,0.0051079054249954,0.068964333339054,0.4357306600317365,-0.2288701980117341,-0.1221331307809964,-0.0353986529159804,0.8720479076030996,0.8014349198206835,0.31313535137732623
D8Ertd738e,0.1123511976904639,0.3123214216762161,0.7074539677020747,-0.1576099237988941,-0.097676691028687,-0.0395817482045079,1.2027502283816327,1.1229614343624177,0.6105976525017381
Calr,0.3708443333042212,0.7950121719642381,1.0,-0.0163977254342207,0.0159373557104539,0.050328478630766,1.7757665913281764,1.7956663008280065,0.848397744310294
Prdx2,0.4359688889782931,0.8115076042727658,1.0,-1.2370525154493373,-0.1376862654794143,0.3507591917933476,0.6466298975061948,0.5882912120365886,0.8543904218919066
Junb,0.0141379694559114,0.0225760625231335,0.0404041195882236,-0.1326053645761712,-0.1089091250349309,-0.0793537490273266,3.0506436117615063,2.828853477340044,0.20580968625740306
Trir,0.2853636966978112,0.7507794968518241,1.0,-0.1036829783141601,0.019395923842941,0.1431459350147638,0.6995135333506216,0.7061867403457425,0.848397744310294
Man2b1,0.2481102298593686,0.5060723367467839,0.9080526532286632,0.0223014178001212,0.107029867788249,0.1845179111710887,0.8499247803945613,0.9155226073422976,0.7505079666201026
Vps35,0.0129267286802738,0.071083832774942,0.3021196005204091,0.0,28.83394231182528,29.03819821202064,0.0,0.478499543952708,0.3215176436281992
Dnaja2,0.0388655867204543,0.1808553521696939,0.5412766237005128,0.036987977573319,0.2907553487530624,29.25237847134589,0.5390931365189005,0.6528501669740352,0.4936421694461363
N4bp1,0.4102422078932259,0.8159807226369715,1.0,-0.2739445682750177,-0.0544159708275435,0.3202333142431887,0.6306413067525536,0.6022529054951563,0.8543904218919066
Snx20,0.6233026627251221,0.8851346804304723,1.0,-0.1786753985059102,-0.0912028746276276,0.0098297685159546,0.961524140907395,0.904053522694424,0.8874979398299105
Lpcat2,0.3649409704960866,0.6611090895883664,0.97726762951422,-0.2788342884220137,-0.0872181101605379,0.2459210616120877,0.7091132649719545,0.6633343672848793,0.8418154117459485
Mt1,0.1572127533400038,0.4704864220587896,0.9769702553219756,-0.0930165057963798,-0.0308169066540077,0.0198996133087605,2.1795977912595688,2.1341548240345247,0.718561080962515
Herpud1,0.3776218537175021,0.7925278796640619,1.0,-0.5692089622045993,-0.0465466299673645,0.559798191995278,0.6206470009115338,0.6014955261809709,0.848397744310294
Atp6v0d1,0.0606019697120061,0.3123214216762161,0.8409943210883324,-0.0020342176672607,0.0785890276474542,0.1658465347157939,0.8253862281712285,0.8732068109129483,0.6105976525017381
Psmb10,0.3235575329816441,0.757708172735858,1.0,-28.68543683759417,0.0,28.79847424552672,0.2395967019247817,0.2446682171289705,0.848397744310294
Nfat5,0.0584861245957712,0.2652430406246158,0.8223961896759279,0.0,27.768853113876386,28.90571491884811,0.0,0.228695558666493,0.5723409463753177
Ist1,0.0885337720142295,0.4020942803589493,0.9769505848685672,-0.0589909199377001,0.0903621468243413,0.2226785455722112,0.6606789369526503,0.7006290960665773,0.6791169250611708
Gabarapl2,0.0220443518724971,0.1109810553230353,0.5405211126313189,0.0,27.81063133981789,28.936558550043998,0.0,0.2354150533105025,0.39090239196445425
Hsbp1,0.153659921092528,0.5036345793526568,0.976097163525412,-0.1855523056626712,28.291949314274703,29.065234079426425,0.0,0.5024685492053131,0.7505079666201026
Cotl1,0.0350891160940478,0.1572127533400038,0.4704864220587896,-0.0104348360389021,0.0363389755816373,0.0858658141686038,1.237620821439535,1.268965425526673,0.4692441571772703
Cox4i1,0.0463865932813986,0.1409552191443714,0.3407786135629546,0.0435205105624477,0.0657428841532094,0.0865250128436927,2.128459916071692,2.228074403725061,0.4373702842052263
Irf8,0.1748533068932927,0.4357306600317365,0.8409943210883324,-0.1445063232412836,-0.0602150789438441,0.0165311990550449,1.141152996941965,1.094698246298095,0.697550222365269
Map1lc3b,0.4704864220587896,0.8398599725400034,1.0,-0.018200510637065,0.0346690749187856,0.0868025027456403,1.1870017971259674,1.215592103008705,0.8543904218919066
Cyba,0.126022121770373,0.2602362026171888,0.4357306600317365,-0.0889130784374455,-0.0612229023824397,-0.0300645307292154,2.402058957875454,2.302404951748797,0.5636054774913702
Aprt,0.068964333339054,0.3123214216762161,0.7074539677020747,-0.0059209005448917,0.069129871639954,0.135309882077309,1.0811014070753702,1.1338694077459712,0.6105976525017381
Ankrd11,0.0141379694559114,0.0998774027692641,0.4704864220587896,0.0054553490874296,0.053849847877593,0.1131526826644383,1.162658189668336,1.2059798949504723,0.371695650812198
Rpl13,0.1572104975461028,0.3708443333042212,0.8852339144732017,-0.0045728913537178,0.0126270218006139,0.0291838131412962,3.4875851250754586,3.51886737411816,0.6538424827072925
Tcf25,0.2602362026171888,0.7508318840891169,1.0,-0.0901393389978466,-0.0256149442313025,0.0366220965510943,0.92059808228171,0.9043259091510748,0.848397744310294
Irf2bp2,0.1123511976904639,0.2602362026171888,0.5443701458566098,-0.0110682159071818,0.0777850729625238,0.1668756563928219,1.101332793008885,1.1621333609922413,0.5636054774913702
Tomm20,0.0001961614737065,0.0013539414430926,0.0086155581188204,0.094338346067246,0.1319191625804002,0.1697667629269435,1.527797376381614,1.6735523921690376,0.054904659899203366
Itgb1,0.0003080447056277,0.0035498386349135,0.0404041195882236,-0.2026580213161045,-0.1414778055857346,-0.0816904776734413,1.0610817924795564,0.9614271597574754,0.08349220469316553
Tmem123,0.0687552742483778,0.2144938077835174,0.5833604667027033,0.0048701799227936,0.0765504641639743,0.156114403157461,1.007626626017473,1.063287139048496,0.5137366964428034
Birc3,0.1085623297988349,0.4078832325412145,0.9726193334654046,-29.093706856552185,-28.01826605476947,0.7488366386828914,0.2855808863246557,0.0,0.6872072800407855
Cwc15,0.1568042593910346,0.6335369437555838,1.0,0.0,26.781497997595334,28.89693525230112,0.0,0.1191246970833295,0.8343106896490107
Ubl5,0.1939308522824107,0.5443701458566098,1.0,-0.0248763015963864,0.0219479989445269,0.0626628706734829,1.4322074176986623,1.4538474427581276,0.7816596966146192
Acp5,0.0070041222972886,0.0250969845535725,0.0871481283778434,0.292996899894521,0.4827428769764444,0.6946619113528125,0.8386800551788184,1.174999860023049,0.20930763645144598
Sept7,0.1938266551265504,0.7072109971341121,1.0,-0.153476067489651,-0.0205112569745401,0.1066741332341694,0.700418167573422,0.6908403571637571,0.848397744310294
Hspa8,0.0120228254076174,0.0303828219765775,0.0885337720142295,-0.1159949068512753,-0.0817455670821838,-0.0516530012112965,2.2605577644122823,2.1340863324019423,0.22192669965500084
Cbl,0.077967121639867,0.4017863530645414,0.9536120761111622,-0.0876112889302673,0.0813706894871159,0.3107653464419226,0.6356074448766265,0.6676782881759422,0.6791169250611708
Rps25,0.3123214216762161,0.5443701458566098,0.8852339144732017,-0.0190268742640216,0.0004539439747216,0.0224445979616302,2.5803039354996518,2.580683403555375,0.7816596966146192
Ddx6,0.0995938120003883,0.2602362026171888,0.5833604667027033,0.0237648416135586,0.0850172664204458,0.1538454273134774,1.1975348862604511,1.2693761774095251,0.5636054774913702
Atp5l,0.4025038237820035,0.7950121719642381,1.0,-0.0320502511799216,-0.0015598733149314,0.0285867263261323,1.941080568611199,1.9388105631200572,0.848397744310294
Psma4,0.412166991980859,0.789575027010139,1.0,-1.072040022050004,0.3510568658013195,29.092776703417865,0.3819409271200529,0.5480111876614465,0.848397744310294
Cox5a,0.0072599549881905,0.0303828219765775,0.126022121770373,0.0602504034492096,0.1050687274463129,0.1556237887473414,1.5375669478712712,1.6541786311849287,0.22192669965500084
Nptn,0.1694996633536239,0.6805345952050752,1.0,-0.1716113490090857,0.0762744340557554,2.999088579266989,0.5527432757430577,0.5791963116634233,0.848397744310294
Arih1,0.4685463752434656,0.8391686867294897,1.0,-0.2892767513473039,-0.1251020195839897,0.0335091390107373,0.6739611292231567,0.616450278983695,0.8543904218919066
Hexa,0.0042647649140305,0.0193733193315928,0.1123511976904639,0.0618606935444853,0.1127493011555007,0.1673279198730808,1.113948419620579,1.2032950535067102,0.19145397927691707
Pkm,0.1748533068932927,0.3407786135629546,0.623604884395689,-0.1853208249069432,-0.1094037147785004,-0.0377868046042675,1.2523974365666035,1.16097771180434,0.6341070404272698
Rplp1,0.00200950485566,0.0101931049911082,0.0465543773815031,0.0206005698080908,0.0296110837153056,0.0371288612306768,3.610150406235365,3.68470598139051,0.13468642100610387
Rpl4,0.0035498386349135,0.0141379694559114,0.0463865932813986,0.0639780342515018,0.090432489422454,0.1175880055180188,1.8461732405948337,1.9660747463048265,0.15986780846299814
Dennd4a,0.0011061781840807,0.0060989459312143,0.0303828219765775,0.1491084533526116,0.21450657999318,0.2808254544556327,0.9775142513126802,1.1352755148324538,0.11206813148606276
Plekho2,0.1748533068932927,0.4704864220587896,0.9309874465595672,-0.0732651839462746,0.0118060191111392,0.1176966069352051,0.8476669694706993,0.8535159970508851,0.718561080962515
Ppib,0.3404152302642617,0.7074539677020747,1.0,-0.0709775815716658,-0.0158061936851681,0.0387394336294291,1.23086354469384,1.2179419502552036,0.848397744310294
Rab8b,0.4696175280081133,0.8061672438187909,1.0,-0.0521773904068311,0.0080367075139219,0.0598564112828494,1.4805958439676674,1.4922262662903665,0.8543904218919066
Rps27l,0.0530979572855834,0.1748533068932927,0.4357306600317365,0.0403261203637797,0.0809001991179929,0.1185337787292528,1.4993919336769912,1.5861272810018852,0.48497049270403825
Arpp19,0.2666783526071296,0.757708172735858,1.0,-28.922205139998827,0.0181639055629162,29.00199007248709,0.2605764386546293,0.288298356556355,0.848397744310294
Mapk6,0.091564439437981,0.2976449100272373,0.6636294008061806,-0.0156178625145268,0.152305414330889,1.184489938604744,0.6142570844612338,0.6800234748724956,0.6076916913056095
Eef1a1,0.0001961614737065,0.0011061781840807,0.0051079054249954,0.0271216523418657,0.0342069789272023,0.0405877474772108,3.664292804758844,3.751458416485193,0.054904659899203366
Cox7a2,0.3123214216762161,0.7508318840891169,1.0,-0.0397650441752742,0.01791871005763,0.0685349706352688,1.1907643377645265,1.2061561589203675,0.848397744310294
Syncrip,0.0140541988017738,0.0831974817407181,0.3704357245163108,0.0558003504057944,0.1420879227070455,0.2287070041502965,0.7154179065019679,0.7897130546647594,0.35708116250760763
Bcl2a1d,0.2030390252201984,0.451935404318963,0.8169700455394158,-0.205880455181137,-0.066869846644367,0.0429536230671593,0.8851612753598346,0.8458725774365936,0.718561080962515
Bcl2a1a,0.4356233620885846,0.7508318840891169,1.0,0.0031551685710229,0.0789446081801047,0.1678330425343208,1.1518894955522636,1.2166268346295,0.848397744310294
Bcl2a1b,0.0606019697120061,0.1939308522824107,0.4704864220587896,-0.1142366925281161,-0.0673600879544395,-0.0131322305668636,1.9040397982794064,1.8170761591198537,0.4936421694461363
Ctsh,0.1939308522824107,0.5833604667027033,0.9769702553219756,-0.0227858068927129,0.0073238968745687,0.0376321859994732,1.682600611220114,1.6912405840838938,0.8080470068814829
Morf4l1,0.0885337720142295,0.5067205148778584,0.9769702553219756,-0.0113572973513037,0.0184854626831202,0.0509987972913408,1.4765219098401263,1.4951445040406577,0.7505079666201026
Atp1b3,0.3123214216762161,0.7950121719642381,1.0,-0.0393919337945758,0.0127233663722802,0.0583515547812124,1.226167843958525,1.2373452665469151,0.848397744310294
Trf,0.0060986692921304,0.026229387834857,0.1123511976904639,-0.2028862686373569,-0.1381904082436345,-0.0752905789139004,1.49495682993179,1.356070950058745,0.20930763645144598
Cdv3,0.1123511976904639,0.4025038237820035,0.9309874465595672,-0.1522137710250263,-0.0669813113172768,0.0241010644772033,0.854213212796362,0.8148321202838714,0.6791169250611708
Rpl29,0.2536953957343498,0.6979118228350982,1.0,-1.1893992939321352,1.0269643399644468,29.071994420249037,0.257212341113822,0.5195392782852262,0.848397744310294
Manf,0.0530979572855834,0.2144938077835174,0.5443701458566098,-0.1541297248035289,-0.0832888972990379,-0.0123817146377804,1.153732054128746,1.0878605642100023,0.5137366964428034
Gnai2,0.0606019697120061,0.2854763088518824,0.7074539677020747,-0.0023577519671935,0.0252017346898637,0.0516564326932423,1.868834100949164,1.90211940442126,0.5858990213085754
Rhoa,0.4704864220587896,0.8398599725400034,1.0,-0.0235630426925544,0.0040517786032875,0.0352159621984425,1.5981799320163326,1.602322221998581,0.8543904218919066
Gpx1,0.0072599549881905,0.026229387834857,0.078252228526237,0.0937901689473001,0.1301888586868122,0.1716181054519554,1.69396175976508,1.853877668113415,0.20930763645144598
Arih2,0.0009638835398694,0.0254844951577491,0.2592825649541068,27.765095560766703,28.942878165241726,29.07652171488696,0.0,0.5168020201490451,0.20930763645144598
Shisa5,0.0084715826315905,0.088256686339853,0.4322062983352083,-1.2150959299355633,-0.2402609631053428,-0.0811028468194159,0.6607018196925182,0.558699742823612,0.35901970996115135
Tma7,0.0998774027692641,0.4357306600317365,0.9309874465595672,0.0217033859681997,0.0772175018235554,0.1236760557893402,1.2043657781745436,1.27074005526062,0.697550222365269
Ccrl2,0.0041929565003192,0.0182829996797332,0.0598632154389902,-29.57508488932346,-29.492404497854253,-29.384297168094044,0.7552633273873306,0.0,0.18696354455101083
Pdcd6ip,0.1392241769628668,0.5825395548706873,0.9769502088750937,-0.0614756681597709,0.0839224283484661,0.2396007942850996,0.617417649487398,0.6542211280748439,0.8080470068814829
Csrnp1,8.597301001508356e-05,0.0009881823019094,0.0076654686605451,-29.57128821402545,-29.46698905195644,-1.1900647905898112,0.7549022999950348,0.0,0.054904659899203366
Rpsa,0.0885337720142295,0.2365840933218761,0.5443701458566098,0.0155602590502736,0.0417289299326979,0.0627144954854034,2.7657329259633023,2.8477296751812027,0.5391916545475316
Rpl14,0.0303828219765775,0.1123511976904639,0.3708443333042212,0.006114074917516,0.0284548190618902,0.0525769071906753,2.149530104596334,2.19151249645476,0.39090239196445425
Ctnnb1,0.1386261702849115,0.4850625620222958,0.9749113831903572,-29.148166973493627,-1.0398845913806545,1.3123785959269554,0.5447385243472138,0.2352794484646633,0.7398619623063811
Nktr,0.0998774027692641,0.3407786135629546,0.7508318840891169,0.0096767496635183,0.0761123861373032,0.1438491086759653,0.8734054367617108,0.9210111035405126,0.6341070404272698
Lars2,0.322783468896714,0.7384446380870644,1.0,-0.8255242713880818,1.1006630554569816,29.06011295460535,0.244157356727667,0.5103504776344581,0.848397744310294
Ccr1,0.4357306600317365,0.6650055421020291,0.9309874465595672,-0.1444692342633744,-0.0618729432203111,0.0342186767330815,1.5167428309672712,1.45328482586813,0.8418154117459485
Ccr5,0.0303828219765775,0.1409552191443714,0.4704864220587896,0.0603365503866846,0.1482786769723089,0.2387332098657791,0.875949311936709,0.97027389506894,0.4373702842052263
Tab2,0.0948734051966821,0.3841694440389005,0.9247966163445616,-0.0887894249267947,28.614106743987,28.9766265017528,0.0,0.4435133335337775,0.6731475647502417
Abracl,0.0086155581188204,0.0327359690353126,0.1123511976904639,-0.2160010931698029,-0.1587753996156218,-0.0981770419850848,1.19786220468601,1.0731040862576249,0.23331817930622797
Tnfaip3,0.0024314204795819,0.0120228254076174,0.0605460015422062,-0.5807628495031609,-0.4330621413754045,-0.3011049892957715,1.053018426025545,0.7808759626870756,0.14576126473565015
Ifngr1,0.1748533068932927,0.4357306600317365,0.8852339144732017,0.0030321798787948,0.0937568493530868,0.1844550336104526,0.8467741693840692,0.902847612552648,0.697550222365269
Sgk1,0.0417223711353741,0.1768342576806998,0.5393902014678562,0.1640632241970045,0.4369098029761101,1.525887414921754,0.6347923248541263,0.8595125091550557,0.488162176132636
Rps12,0.0007314819918142,0.002436734808989,0.0072599549881905,0.0349036669380781,0.0458337580675536,0.0566612390004629,3.341240408997517,3.450363353781725,0.06989268622856254
Stx7,0.0179320907438211,0.1191452244363206,0.5179150724201993,0.0534439741373722,28.897088422942225,29.16567247599664,0.0,0.5476482064264329,0.4105318980663675
Epb41l2,0.2602362026171888,0.623604884395689,0.9769702553219756,-0.0374488249083884,0.0248119698112338,0.0928046526080277,1.11893573680454,1.1379858733020587,0.8230744602124918
Marcks,0.4357306600317365,0.7508318840891169,0.9769702553219756,-0.0865870691115045,-0.0290233247171068,0.0230252858877599,1.855017360077725,1.8206070680836808,0.848397744310294
Cd164,0.4357306600317365,0.7950121719642381,1.0,-0.0824240179578338,-0.0104089575182416,0.0603409266311143,1.1964730439105749,1.1863871644151711,0.848397744310294
Snx3,0.0463865932813986,0.2602362026171888,0.8398599725400034,-0.1102945530896188,-0.06348887562011,-0.0067070239210721,1.1025681827410525,1.0549997707112486,0.5636054774913702
Prdm1,0.154043013897387,0.5393902014678562,1.0,-1.2920619394402708,-0.2029652891112053,0.2289735043450356,0.6370355123175395,0.5544730694952085,0.7816596966146192
Lilr4b,0.0101931049911082,0.0404041195882236,0.1572127533400038,-0.3232521462010967,-0.2135784338241337,-0.1196798178649821,0.9816253680995264,0.8470795950654831,0.250080234925005
Lilrb4a,0.1572127533400038,0.3123214216762161,0.5833604667027033,-0.1644802256069698,-0.1152700523033761,-0.073286602095302,1.3689435556550211,1.26264233312382,0.6105976525017381
Nus1,0.0549421354120346,0.2707848412204939,0.792111983985305,0.3137791090289411,28.862814604644523,29.082343136558126,0.0,0.502290882209774,0.582162656810422
Man1a,0.1409552191443714,0.4704864220587896,0.8852339144732017,-0.0184467518168741,0.0661161205033889,0.1704338924290709,0.939619968933809,0.9841523096004444,0.718561080962515
Serinc1,0.0101931049911082,0.126022121770373,0.7074539677020747,-0.1606319491272432,-0.083802401507567,-0.0050443782072505,0.8375604584736784,0.7885809134537993,0.4105318980663675
Ranbp2,0.0011061781840807,0.0120228254076174,0.0785092671134366,0.0720736366663662,0.1527897293432227,0.2384565530124065,0.7753200863952218,0.8615990952828618,0.14576126473565015
Psap,0.00200950485566,0.0086155581188204,0.0303828219765775,0.0348728911092449,0.0566928355078417,0.0786925664952385,3.38652421939697,3.521594013967996,0.1250047911319024
Vsir,0.017914057837795,0.1096133780222645,0.5034552769818403,0.0513078249109434,0.408396261860952,29.309102485899096,0.4957696608727645,0.652657915556125,0.39090239196445425
Sgpl1,0.078252228526237,0.2854763088518824,0.623604884395689,-0.0163619754733858,0.0652843327570824,0.1434622404993498,0.9301115283945504,0.973934857678064,0.5858990213085754
Sar1a,0.1759434247949103,0.6488668531146259,1.0,-29.04861450877134,-0.8853208128072367,27.869351862644628,0.5090768473101337,0.2451945815126872,0.8418154117459485
Srgn,0.0013539414430926,0.0060989459312143,0.0225760625231335,-0.1125187665459038,-0.0842221259918397,-0.0564437406783581,2.9058418053960877,2.741446254101049,0.11206813148606276
Ddx21,0.2725970650028295,0.7417137861097765,1.0,-0.3452040319304583,0.9654780283676876,29.14238897849236,0.286904179540546,0.5530544650256465,0.848397744310294
Reep3,0.1760643117321413,0.6825115571154998,1.0,-27.790137797925997,26.54231805028456,28.85620122177358,0.0,0.1118447026796237,0.848397744310294
Jmjd1c,0.1332425351509539,0.5063505698070192,1.0,-0.0420208002654386,0.0425776004258028,0.1317129485831888,0.7601720318210095,0.7831129041084253,0.7505079666201026
Specc1l,0.078252228526237,0.3123214216762161,0.7955699255569653,-0.0199078037101322,0.0672754765131452,0.1521546621457326,1.0025112688231756,1.0499611181866038,0.6105976525017381
Mif,0.1409552191443714,0.3407786135629546,0.5833604667027033,-0.1692550042739695,-0.0851566676738141,-0.010228057224624,1.14949073838083,1.0839259024559351,0.6341070404272698
Itgb2,0.022495993943345,0.0998774027692641,0.3123214216762161,0.0561121719095691,0.1199947375464015,0.1900447764304756,0.9869043223122071,1.072732068607305,0.371695650812198
Cstb,0.4025038237820035,0.7074539677020747,1.0,-0.0164359317764897,0.0231879868893438,0.0679382852074061,2.2317493789813474,2.266946259852674,0.848397744310294
Bsg,0.2365840933218761,0.7074539677020747,1.0,-0.061488016562533,0.0026744659746661,0.0571918733795416,0.9152634978272058,0.9167531723227924,0.848397744310294
Gpx4,0.0007314819918142,0.0072599549881905,0.0530979572855834,0.0557520645094268,0.0958723535192577,0.1347663196128493,1.322550119644295,1.4139021378997638,0.11597720009252092
Atp5d,0.126022121770373,0.3407786135629546,0.6650055421020291,0.0602963666987284,0.1194066165203714,0.1779010946719164,1.13630683637053,1.2370851542597814,0.6341070404272698
Rps15,0.0029329233669943,0.0141379694559114,0.0606019697120061,0.0403076170830738,0.0644102104004634,0.0856581670465157,2.2727619024269914,2.3779126867738727,0.15986780846299814
Uqcr11,0.0072599549881905,0.0606019697120061,0.3407786135629546,0.0194712168988317,0.0784266653137981,0.1413907963593412,1.0301284081077036,1.08771649284656,0.2957174953581708
Oaz1,0.068964333339054,0.1939308522824107,0.5067205148778584,0.0129789267594272,0.0345296009043752,0.058875242422339,2.053895644299585,2.10191604464306,0.4936421694461363
Timm13,0.048767869039809,0.2637536800085872,0.8355727536459747,-0.1085807524497279,0.5816875062456526,29.207265747262085,0.3832157905232607,0.59438737506939,0.5701733964891517
Gadd45b,0.0998774027692641,0.2365840933218761,0.4704864220587896,-0.25362152361083,-0.1661884785048013,-0.0677354250030983,1.6112459321901411,1.4330621662521064,0.5391916545475316
Zbtb7a,0.0160505745410556,0.0937348371118185,0.3841694440389005,0.0,27.911866318728304,28.97078367943136,0.0,0.2525276836866117,0.371695650812198
Eef2,0.0001961614737065,0.0013539414430926,0.0086155581188204,0.0716506059778791,0.0954685428406983,0.1227329091455749,1.76964805449082,1.8898461137343725,0.054904659899203366
Tle5,0.0017630946285046,0.0224211229766743,0.1304776862678799,0.3468550771115171,2.53716030919734,29.436569949861003,0.112919040454175,0.6835329773293126,0.20580968625740306
Txnrd1,0.0885337720142295,0.2365840933218761,0.4357306600317365,-0.1381242465390404,-0.0800648403631915,-0.0297572799217429,1.6507138053527426,1.5598231983537088,0.5391916545475316
Hsp90b1,0.126022121770373,0.623604884395689,1.0,-0.0154309396611517,0.0114590271642961,0.0354658978146986,2.009136705122688,2.02657548673576,0.8230744602124918
Gas2l3,0.4720125037172112,0.8317243315691052,1.0,-0.2895720070071393,1.2944117027352648,29.163709813245813,0.2172372521821725,0.5418541869186926,0.8543904218919066
Slc25a3,0.2365840933218761,0.6650055421020291,1.0,-0.0347990023684347,0.0012050903924801,0.0334739008104154,1.7765565061583224,1.7792429286403348,0.8418154117459485
Snrpf,0.3407786135629546,0.7950121719642381,1.0,-0.0496416184019465,0.0179757755720758,0.0805041440510739,0.8792309928418561,0.8919482853493693,0.848397744310294
Metap2,0.0586177818633304,0.3529773995678947,0.9753996595356684,-29.156255877360792,-0.7238876306510558,0.2107028654539672,0.5670747373146383,0.3356605919774855,0.6538424827072925
Ube2n,0.0520042646842637,0.2143941431124333,0.644611103627856,-0.2752138313937829,-0.1341641197667064,-0.0238745289820429,0.6885560883222883,0.6279936761307657,0.5137366964428034
Eea1,0.3615213310630785,0.7717551216077351,1.0,-26.71801841918979,27.824243061234053,28.91792707111618,0.0,0.249756996781572,0.848397744310294
Btg1,0.2365840933218761,0.5833604667027033,0.9769702553219756,-0.0015693310583865,0.0267969519879311,0.0536489562255442,2.607999565234895,2.6570569537830124,0.8080470068814829
Atp2b1,0.0530979572855834,0.1748533068932927,0.4357306600317365,-0.084384704191709,-0.0484272662969217,-0.0182503068677285,2.07858382228444,2.012051946808314,0.48497049270403825
Nap1l1,0.0007314819918142,0.0060989459312143,0.0530979572855834,0.0598402354099096,0.1015951726580749,0.1447758221226232,1.111407729844844,1.19200651009758,0.11206813148606276
Atxn7l3b,0.0822442579275571,0.3529773995678947,0.9527484697905292,-1.2057421186414303,2.3564920941003207,29.098669985694336,0.1014622022899272,0.502535414044591,0.6538424827072925
Cct2,0.088459307378456,0.4704864220587896,0.9769702553219756,-0.0807289928924408,0.0720129757494788,0.1980291187074155,0.6868271740645119,0.7224464879845575,0.718561080962515
Lyz2,0.1123511976904639,0.2365840933218761,0.4357306600317365,0.0086473253163048,0.0258579925627799,0.0441763332514497,4.363606063314922,4.440451482631017,0.5391916545475316
Mdm2,0.1302151763364787,0.4153519839740716,0.8379014845448695,0.0285434162568855,0.253026016188131,1.3254785390726394,0.5596510802105505,0.6620084314517425,0.697550222365269
Rap1b,0.0998774027692641,0.2365840933218761,0.5067205148778584,-0.099449830909357,-0.0690414609062127,-0.03729316030384,1.908169889643125,1.8168450967181875,0.5391916545475316
Llph,0.1939308522824107,0.7074539677020747,1.0,-0.1097755279589255,0.0084122037061189,0.1441743674893548,0.6745236327914603,0.6789854798858492,0.848397744310294
Gns,0.00090093559636,0.0026744289696895,0.0165749267498532,0.1888204021259628,0.2598073311364139,0.3290913327560186,0.8660096354871343,1.037011420964395,0.07314252251988028
Rassf3,0.0129854881857653,0.0626396652278301,0.2089544125472728,0.1055468033618631,0.3053029122675815,1.4659064769466412,0.5766355619830011,0.7056294926549176,0.3043977120162322
Lrp1,0.0004903801220168,0.0074688872187519,0.090601209123045,-29.298576376369848,-29.15391676531845,-28.06213124258745,0.597315021572952,0.0,0.11711215159002979
Naca,0.0101931049911082,0.0463865932813986,0.1409552191443714,0.0559685011425436,0.0792272622163776,0.1006408553841116,1.953009833517569,2.0626478132015524,0.2661006521898769
Ptges3,0.3123214216762161,0.7950121719642381,1.0,-0.0756334027469616,-0.005305797686629,0.0628391005816937,1.0049914576845655,1.0015942063776135,0.848397744310294
Atp5b,0.2144938077835174,0.6650055421020291,1.0,-0.0306181362699011,0.0043262105538188,0.0523612332720465,1.318705193617851,1.3218332918896876,0.8418154117459485
Myl6,0.1748533068932927,0.4704864220587896,0.8852339144732017,-0.0038278214991648,0.0230482355791068,0.0542119111998966,2.01169161668139,2.044554895902724,0.718561080962515
Rpl41,0.00200950485566,0.0051079054249954,0.0141988933882599,0.0334811640451505,0.043168960924656,0.0537625745533066,3.3643298550969924,3.4665470266512184,0.10356718585852742
Rps26,0.2365840933218761,0.5443701458566098,0.9309874465595672,0.0027185288051026,0.0206425584902864,0.0421992171981804,2.758138375895669,2.798307864155277,0.7816596966146192
Cd63,0.1409552191443714,0.4357306600317365,0.8398599725400034,-0.016196577448681,0.0644297869657936,0.1352263885094697,1.75630348388291,1.8402152731946388,0.697550222365269
Uqcr10,0.0350891160940478,0.1660330301166482,0.5443701458566098,0.0236298611946125,0.082313721262086,0.1417597132006557,1.0531295088187689,1.1155974944595202,0.48497049270403825
Ewsr1,0.0046581573886148,0.0303467893868292,0.1747618920083376,0.1010343394622313,0.235998373083758,0.4089686889965442,0.609956284866214,0.7184050317531434,0.22192669965500084
Xbp1,0.4296926595126594,0.8159807226369715,1.0,-0.185486677643452,-0.0136545207979722,0.1870332112600463,0.6592844120103337,0.6549482785527592,0.8543904218919066
Ppia,0.2602362026171888,0.6650055421020291,0.9775459989389258,-0.0216894214105201,-0.009740965971685,0.0017034780243368,2.73979425955568,2.7215658312450177,0.8418154117459485
Purb,0.0463865932813986,0.1748533068932927,0.5067205148778584,0.0141466887439535,0.1069125171126386,0.2113827043473308,0.770676132098482,0.8287820176226923,0.48497049270403825
Sec61g,0.0404041195882236,0.1939308522824107,0.623604884395689,-0.065406023070209,-0.0343449130305884,-0.004014975695984,1.6182074176058263,1.580533256029505,0.4936421694461363
Plek,0.3708443333042212,0.7508318840891169,1.0,-0.0442898373602115,-0.0102793841446598,0.0291983663480519,2.188570944839066,2.1712778871311773,0.848397744310294
Actr2,0.3123214216762161,0.7950121719642381,1.0,-0.0488925491526472,-0.0012847874112908,0.0522120970718172,1.2629922584304312,1.26080239519511,0.848397744310294
Rab1a,0.068964333339054,0.2602362026171888,0.623604884395689,-0.0422220625004639,0.0480206623433128,0.1402025110916872,0.8317906528956004,0.8609368900558703,0.5636054774913702
Cct4,0.0132656534095822,0.0683002193625141,0.3055590029293645,0.0,27.62788214218709,28.85479042817872,0.0,0.2074059634824655,0.31313535137732623
Rel,0.0606019697120061,0.3708443333042212,0.9769702553219756,-0.0644193105032238,-0.0162502362247176,0.0229955355954044,1.9597690129408964,1.939125870705356,0.6538424827072925
Rps27a,0.0606019697120061,0.1409552191443714,0.2854763088518824,0.01659570702063,0.0306800119822829,0.0447240904725974,3.414222250717051,3.4881352557392176,0.4373702842052263
Rtn4,0.3407786135629546,0.7950121719642381,1.0,-0.0649283311102696,0.000820676227051,0.0696882048725245,1.070636120659335,1.0727994277878663,0.848397744310294
Sh3pxd2b,0.0404137641918145,0.2459187268107909,0.7771447876467663,0.0,28.53822722532513,29.059463997161423,0.0,0.41601676059391,0.5583019743812551
Npm1,0.0350891160940478,0.1939308522824107,0.623604884395689,0.003415351064941,0.0299124158325138,0.0581007184928602,1.872291378649788,1.9111927588518312,0.4936421694461363
Lcp2,0.0309817230180341,0.183612694629075,0.5420173611993115,0.0,27.59227728740353,28.90354491140469,0.0,0.2023499540187785,0.4936421694461363
Havcr2,0.0081168270617908,0.0352696696855995,0.1337048576184638,0.2602120239837856,0.8743310207679371,29.57075094311294,0.4316092955441118,0.7888749488049261,0.23566552017196027
Rack1,0.026229387834857,0.0998774027692641,0.3407786135629546,0.019792659819742,0.0380364007446786,0.0545100264246126,2.6316110387815304,2.7022841720804025,0.371695650812198
Rnf130,0.0998774027692641,0.4616542341877381,0.9769702553219756,-0.0245031212835466,0.0414690363554994,0.1009968585493091,0.9742680035931736,1.0030710432208148,0.718561080962515
Sqstm1,0.0530966652937187,0.1409552191443714,0.2861474366724902,0.1127372129565219,0.1537803190624571,0.1934850886615627,1.57374845303075,1.751245515878071,0.4373702842052263
Canx,0.0051079054249954,0.068964333339054,0.4025038237820035,0.0082199629448445,0.050414990574941,0.0890062543712748,1.4146097340386412,1.4642907289619749,0.31313535137732623
Hnrnph1,0.1120270755085749,0.5048625053940248,0.976920040808018,-0.1107232625498287,0.0495114730875316,0.2318250117295565,0.6062805932236301,0.6271434200495383,0.7505079666201026
Hnrnpab,0.126022121770373,0.4025038237820035,0.8852339144732017,-0.0180230962159166,0.0387873369093348,0.0953506055322279,1.0993342846020877,1.12885856824452,0.6791169250611708
Ube2b,0.2854763088518824,0.7074539677020747,1.0,-0.1217581535897956,-0.044669864576236,0.0317328657426554,0.8244526899623968,0.79943355237809,0.848397744310294
Ppp2ca,0.2365840933218761,0.7508318840891169,1.0,-0.0431749205085496,-0.005873657211201,0.035922853757161,1.544336595497725,1.537629809708465,0.848397744310294
Hspa4,0.0016366282998855,0.0146150673811276,0.0998055309373528,0.1086379577191051,0.2161573025704569,0.3353479540290374,0.7024356740912951,0.8173936837117438,0.16368875466862912
Aff4,0.0530979572855834,0.5067205148778584,0.9769702553219756,-0.0637993464946113,0.0332885867389791,0.1210933963349229,0.7469699079617758,0.764520173533705,0.7505079666201026
Uqcrq,0.156806314985113,0.3708443333042212,0.7508318840891169,0.028406252677361,0.0828686668637526,0.1254350240539671,1.1832324804257226,1.2534074544508638,0.6538424827072925
Irf1,0.0048492339320421,0.0263414372404881,0.1076475710921284,-29.590860230984436,-29.4614187160881,-29.31489803020766,0.7392149607243033,0.0,0.20930763645144598
Fnip1,0.0058601687648223,0.0399695291779217,0.1940640559714971,0.0934127535400342,0.2265975188726058,0.3526925626188581,0.6567854559118141,0.7714946533379148,0.250080234925005
Cdc42se2,0.01648082337245,0.0687229433862707,0.1935429914223199,0.097243644953697,0.1915145313229242,0.2919251908130347,0.7544307868410799,0.8622414042904661,0.31313535137732623
Hint1,0.1572127533400038,0.5067205148778584,0.9769702553219756,-0.0168644944985414,0.0239526101332051,0.0655553682582198,1.4751698270605138,1.499241778334499,0.7505079666201026
Gm2a,0.0086155581188204,0.026229387834857,0.078252228526237,0.1150840753027764,0.1553586286033262,0.1935825264176554,1.659248739209784,1.8489518618680951,0.20930763645144598
Atox1,0.078252228526237,0.2144938077835174,0.5067205148778584,0.0075962826612371,0.0366125461924849,0.0670713364788919,2.051414023523715,2.103265841147915,0.5137366964428034
G3bp1,0.1939308522824107,0.4704864220587896,0.8398599725400034,-0.0864560000478162,-0.0125338182120726,0.0714674773664456,0.8941196022749736,0.8856575288332167,0.718561080962515
Arf1,0.1939308522824107,0.7074539677020747,1.0,-0.0396193094411174,-0.0027613164084257,0.036682945337339,1.26419663741538,1.2621000176503712,0.848397744310294
Nlrp3,0.0003080447056277,0.00090093559636,0.0035498386349135,-0.3777312438073993,-0.3184332215133406,-0.2599220981780393,1.4586518230712562,1.169950435003437,0.054904659899203366
Map2k3,0.5442826205619581,0.8397224284314397,1.0,-0.2285424823234899,-0.1366198517481806,-0.0362565497009203,0.975378667572352,0.8871221798955493,0.8543904218919066
Ubb,0.0606019697120061,0.2144938077835174,0.5067205148778584,-0.0760889029011846,-0.0366804329502239,0.0033836356833582,2.139603730547064,2.0864586878388565,0.5137366964428034
2410006H16Rik,0.2989976024354141,0.7812867426176477,1.0,-29.066844623162776,-1.3727506290491511,27.8495011365186,0.4685825736733567,0.1022193265583365,0.848397744310294
Pik3r5,0.0010843325616735,0.0089451526846172,0.0339762101752586,26.59279169832335,28.824786657251103,29.037626603338836,0.0,0.4754725698913629,0.1250047911319024
Ndel1,0.078252228526237,0.4025038237820035,0.9315615026922736,-0.244657458713841,-0.0997448183139338,0.0325722331149713,0.731330502885902,0.6817849922004506,0.6791169250611708
Rpl26,0.0193733193315928,0.0885337720142295,0.3123214216762161,0.0091074956063899,0.0224769555363036,0.0368945789324639,3.116242289607307,3.165674913851425,0.35901970996115135
Kdm6b,0.2365840933218761,0.4704864220587896,0.7950121719642381,-0.1592897716997029,-0.1168466014744765,-0.0664578723173841,1.883179293733624,1.7348721106774865,0.718561080962515
Cd68,0.5443701458566098,0.8852339144732017,1.0,-0.0602764436484157,-0.0025141647017995,0.0476346427728182,1.3282720575810512,1.327060837613311,0.8874979398299105
Eif4a1,0.2854763088518824,0.5833604667027033,0.9309874465595672,-0.0509285939324693,-0.0218631265341346,0.0081105111486757,2.02082847223574,1.9903662660312136,0.8080470068814829
Tmem256,0.2144938077835174,0.7074539677020747,1.0,-0.0838336442256926,-0.0185857253085364,0.0448189497225619,0.8913544554199329,0.8784763389317929,0.848397744310294
Eif5a,0.4025038237820035,0.8398599725400034,1.0,-0.0360866466278343,0.0063841004327464,0.048829956799774,1.4128262208721023,1.4211651766088664,0.8543904218919066
Gabarap,0.1748533068932927,0.7074539677020747,1.0,-0.0187943881583645,0.0003308827379344,0.0204014080080987,2.0223808785884887,2.0233820585947377,0.848397744310294
Mgl2,0.1668952687775852,0.4233704816999597,0.8317243315691052,-29.62974585692103,-0.8575756019577943,0.0229356929207802,0.8047357907333413,0.436474366954351,0.697550222365269
Rnasek,0.0101931049911082,0.068964333339054,0.3123214216762161,0.026362249037958,0.0832169834511888,0.1389977686508582,0.9867827281785848,1.0461573484658588,0.31313535137732623
Cxcl16,0.0404041195882236,0.126022121770373,0.3123214216762161,0.0392648015442831,0.0695283581423749,0.1042764769531623,2.096862999665789,2.200108064992755,0.4105318980663675
Psmb6,0.2713171700276053,0.7506221367518198,1.0,-0.206766128597015,-0.0268609732571784,0.1244990235184925,0.6918005752471614,0.6784693085224773,0.848397744310294
Pfn1,0.4357306600317365,0.7508318840891169,1.0,0.0237432627214714,0.0491455581252755,0.0744394376614119,2.40862717318662,2.4915418256147626,0.848397744310294
Txndc17,0.2144938077835174,0.7074539677020747,1.0,-0.0721687575665677,-0.0013837489917956,0.0615301552715873,0.8392380847745682,0.8393404529289544,0.848397744310294
Pafah1b1,0.4357306600317365,0.8398599725400034,1.0,-0.0365419890352085,0.0138163471468903,0.0676819958140894,1.1067612817016774,1.1182608292776424,0.8543904218919066
Mir22hg,0.0260991051142459,0.1563095546272875,0.5426100622928722,-0.8086856254580015,-0.2452584059595116,-0.069363932337814,0.688196025135937,0.5810250247136305,0.4692441571772703
Pitpna,0.0225760625231335,0.1123511976904639,0.4357306600317365,-0.1497199956506898,-0.092779900211183,-0.0370778960764457,1.1796669078767874,1.1071198395426376,0.39090239196445425
Crk,0.1231319906995282,0.3705898960264912,0.8749907503685159,0.0,28.705216904334247,29.009629386740997,0.0,0.4376544376934614,0.6538424827072925
Ywhae,0.4025038237820035,0.8398599725400034,1.0,-0.0482273355636199,-0.0101629112618647,0.0256914515934338,1.3670018192953326,1.3579868016485237,0.8543904218919066
Taok1,0.1759610930742036,0.6058205118059701,1.0,0.0,28.812555471321694,29.05368912365269,0.0,0.4878643049728755,0.8230744602124918
Rpl23a,0.026229387834857,0.0885337720142295,0.2602362026171888,0.0279879224099176,0.0483638828565127,0.0677183161797631,2.264258998489144,2.341373262272624,0.35901970996115135
Wsb1,0.0171937762135766,0.1386704254251414,0.5577852443309321,-29.20155852791344,-29.032052129304063,-0.4413082446880469,0.5793022421236745,0.0,0.4373702842052263
Evi2a,0.329324041732226,0.7812867426176477,1.0,-28.648346309806083,0.1191701339373465,29.05505100351894,0.2922495098818075,0.3956623357158628,0.848397744310294
Crlf3,0.0261582550810077,0.1029269517097598,0.3173469081223379,0.1273904430359034,0.411700186790258,1.6379990426934143,0.5583386394107426,0.7426797879105786,0.38183626249425084
Slfn2,0.1123511976904639,0.2854763088518824,0.5443701458566098,-0.1154515205474794,-0.074760790531418,-0.0269378938676195,2.121953576675261,2.013145218388714,0.5858990213085754
Ccl6,0.0153984701342319,0.0687435709691041,0.2364621323492348,-29.566123059595512,-29.42135248868249,-1.3630518095418749,0.7225987562764407,0.0,0.31313535137732623
Vmp1,0.2217956537617434,0.6947271227675494,1.0,-0.1942855975562324,-0.0355282672121899,0.1777090418096295,0.6314423210044937,0.6137769618759437,0.848397744310294
Cltc,0.0998774027692641,0.2854763088518824,0.5833604667027033,0.0448982018742121,0.091745073798131,0.145203082122265,1.3040151361473926,1.3894004744654225,0.5858990213085754
Scpep1,0.2833732426869957,0.6643195835049804,1.0,-0.2247027474777274,-0.065751477063954,0.0695232245102364,0.6680384530385305,0.638573084827643,0.8418154117459485
Nme2,0.5443701458566098,0.8398599725400034,1.0,-0.0082188646909853,0.0480604878070843,0.0929845564064456,1.7584962274304563,1.8207090084819448,0.8543904218919066
Nme1,0.2144913161667403,0.623604884395689,1.0,-0.0946757161773976,0.0278241037792469,0.1479185004166793,0.7085101794584335,0.7231161202915228,0.8230744602124918
Spag9,0.1939308522824107,0.5443701458566098,0.9769702553219756,-0.021527151168505,0.0249621809351465,0.0701709490951641,1.3412751074056048,1.3650021941294537,0.7816596966146192
Lrrc59,0.0307905366805146,0.1917909748758564,0.5641015087408363,1.174415298621794,29.00388343813131,29.1820741545626,0.0,0.5440450831656576,0.4936421694461363
Gngt2,0.0046601641338289,0.0152915932670179,0.0463865932813986,0.2283605222924669,0.3053289469119278,0.3804844067549811,0.8789004066502875,1.0873369899990863,0.16928766866701986
Atp5g1,0.1572127533400038,0.4357306600317365,0.8852339144732017,-0.006397519600483,0.0658435303756306,0.132919102487601,0.9892853694452344,1.0357893127927964,0.697550222365269
Psmb3,0.0835326561651569,0.3164685676139621,0.7384446380870644,-29.22891717615015,-29.079579039719462,-1.0032236464877384,0.5789954474837578,0.0,0.6171924303715082
Rpl23,0.0885337720142295,0.2854763088518824,0.623604884395689,8.218844714329676e-05,0.0128052992696597,0.0241204946456209,3.643450985263239,3.675127107990665,0.5858990213085754
Lasp1,0.1405965331178353,0.3545628295127853,0.7062330312325231,-0.0150623800770594,0.1173880233185441,0.2390184499289687,0.7663841092223656,0.8354690291369256,0.6538424827072925
Arl5c,0.3277030010223829,0.7470795476931957,1.0,-1.6792452797505957,-0.3508479004509189,-0.0702222078042997,0.6848535281315604,0.5416931329204255,0.848397744310294
Rpl19,0.2602362026171888,0.5443701458566098,0.8852339144732017,0.0030800242524499,0.0187909526559583,0.0328450933111143,3.21208867280872,3.2544236301292924,0.7816596966146192
Eif1,0.0004776817289569,0.0010035568902203,0.0035498386349135,-0.0901084679705883,-0.0765846410197908,-0.0654195215424977,2.999825002667281,2.844691154101165,0.054904659899203366
Rab5c,0.126022121770373,0.5443701458566098,0.9769702553219756,-0.1583016280089808,-0.0480339587574348,0.0444069851012498,0.7700031584407947,0.7436559139616985,0.7816596966146192
Stat3,0.0530979572855834,0.1748533068932927,0.5067205148778584,-0.2367567826519502,-0.1300652783651876,-0.0413117832296797,0.865984582943284,0.7912635293450618,0.48497049270403825
Rpl27,0.2144938077835174,0.5067205148778584,0.9309874465595672,-0.0002613178779924,0.019998032121902,0.0400577888762495,2.6321266499663203,2.6690956575017517,0.7505079666201026
Vat1,0.0028555854860965,0.0231968446835439,0.271122916523288,0.0,26.529313344608784,28.91004221429077,0.0,0.0968543378987047,0.20930763645144598
Lsm12,0.0884645027897022,0.4183659195908037,0.9309724764303514,-0.0582446994721365,0.0573714294113569,0.1607905340391833,0.729624140425841,0.760905667664797,0.697550222365269
Grn,0.4025038237820035,0.7950121719642381,1.0,-0.0875242125486969,-0.0281620332449911,0.0314074790970026,1.4508828706600174,1.4226428386042276,0.848397744310294
Ddx5,0.0035498386349135,0.0165749267498532,0.068964333339054,-0.0786148929586851,-0.060378146920672,-0.03733119730562,2.493553510822765,2.3899942810406385,0.1740367308734586
Gna13,0.0529301731854788,0.2602362026171888,0.7508318840891169,0.0053363579995348,0.0315941234763046,0.0568929635939409,1.9517513831687536,1.9950720192239972,0.5636054774913702
Prkar1a,0.126022121770373,0.623604884395689,0.9769702553219756,-0.0731902396353419,-0.0199999687876544,0.0415613876665486,0.930452155985839,0.9170458192837808,0.8230744602124918
Rpl38,0.2854763088518824,0.5833604667027033,0.9769702553219756,0.0078903096750679,0.0280090904184246,0.0463479651889921,2.802442617836754,2.8574855747264225,0.8080470068814829
Cd300a,0.0885337720142295,0.3123214216762161,0.7508318840891169,-0.0204505844143379,0.0689029818128346,0.1426498680985684,1.0178032419748826,1.0689539306227414,0.6105976525017381
Cd300c2,0.0606019697120061,0.1939308522824107,0.5833604667027033,0.0055219297530407,0.0713796149872693,0.1292195353510548,1.3328372773621524,1.3997078121066164,0.4936421694461363
Atp5h,0.4704864220587896,0.8398599725400034,1.0,-0.0400649816312679,-0.000948366532771,0.0341796475296776,1.5128499939470323,1.51226850540414,0.8543904218919066
Jpt1,0.0093593545374065,0.0606019697120061,0.2602362026171888,-0.2767305693094329,-0.165774675426546,-0.0634006458501661,0.7910446228333163,0.7077585337594935,0.2957174953581708
Sumo2,0.1572127533400038,0.6650055421020291,1.0,-0.0275065540630949,0.0148062115355195,0.0618450600643017,1.1084905406837873,1.1184612149622186,0.8418154117459485
Grb2,3.6584553538971e-05,0.0001557958930878,0.0013539414430926,0.1067691461112397,0.1499376698823357,0.1951782797671939,1.3525504536429187,1.500088321634616,0.054904659899203366
H3f3b,0.0060989459312143,0.0404041195882236,0.1939308522824107,-0.0636793592103245,-0.0447495067306995,-0.02626168672152,3.323377597868016,3.2220175510286904,0.250080234925005
Srsf2,0.3708443333042212,0.7074539677020747,1.0,-0.1089070520747128,-0.0283912885636763,0.0447060637305924,0.8696032441259329,0.8526378115975295,0.848397744310294
Syngr2,0.0141379694559114,0.0404041195882236,0.0885337720142295,0.1631238069429674,0.2150061984698146,0.2697875834516964,1.1163002528387,1.2948045083495836,0.250080234925005
Socs3,0.0007314819918142,0.002436734808989,0.0072599549881905,-0.3954724853591038,-0.3236252637425876,-0.243028478063783,1.611896668003289,1.2869261469747824,0.06989268622856254
Cyth1,0.0165749267498532,0.1409552191443714,0.623604884395689,0.0077938963873736,0.0895601718370615,0.15985341900097,0.9363881941462394,0.995297938093643,0.4373702842052263
Actg1,0.0303828219765775,0.0885337720142295,0.2365840933218761,-0.0531780558399574,-0.0352810820626068,-0.0192645666229435,3.0682861219817013,2.995162351159645,0.35901970996115135
P4hb,0.2365840933218761,0.7074539677020747,1.0,-0.119186749654217,-0.0223199548580863,0.0754546405683664,0.7901962478190337,0.7787212148447353,0.848397744310294
Arhgdia,0.0060989459312143,0.0530979572855834,0.3123214216762161,0.0145254918130894,0.0470635814434281,0.0848219093724808,1.3299759952882226,1.373202098322765,0.2812756656209283
Metrnl,0.0071777213635714,0.0585157428344865,0.4452517593524018,-29.10439624518182,-27.9011836010869,0.0,0.250664698976994,0.0,0.2957174953581708
Rab10,0.0998774027692641,0.4357306600317365,0.9769702553219756,-0.0374145977845321,0.0445405966454623,0.1264406780503484,0.8215949186279433,0.8456256217211422,0.697550222365269
Sf3b6,0.0098670914216588,0.0984022404353029,0.4322442570124838,-0.3107819048875715,-0.1731532252865009,-0.0383795288800655,0.686632764856937,0.60942520814834,0.371695650812198
Pum2,0.0917088674955202,0.4315089690365755,0.9725608775154928,0.0,27.618626782594298,28.895685006982745,0.0,0.2060796454520042,0.697550222365269
Laptm4a,0.026229387834857,0.2144938077835174,0.8398599725400034,-0.1100526758890561,-0.0510961102227784,0.0098211145616986,1.04415125371472,1.0087373948506375,0.5137366964428034
Rock2,0.261315527626321,0.6931194024109182,1.0,-29.087633397885018,-0.251896496654565,28.849890754332648,0.2802952942788712,0.2283470181208678,0.848397744310294
Pdia6,0.1748533068932927,0.6650055421020291,0.9769702553219756,-0.096398121944902,-0.0277865109517332,0.039388060971799,1.0512338594590414,1.031509396833235,0.8418154117459485
Adam17,0.004231440704146,0.0179014198739499,0.0687229433862707,0.1550281080503949,0.2461003767639078,0.3583639558588996,0.7029100099133206,0.8328431543681512,0.1846672786996937
Id2,0.1123511976904639,0.2365840933218761,0.4357306600317365,-0.1165654258587524,-0.0696671083825794,-0.0304558121873454,2.282392807676865,2.17466278072642,0.5391916545475316
Rps7,0.0885337720142295,0.2144938077835174,0.4357306600317365,0.0121554780451852,0.0365980562969303,0.0598769948813592,2.8717049776182977,2.9467364541042635,0.5137366964428034
Nampt,0.0138525143336526,0.0479842156728274,0.1503807830518504,-29.56023778717341,-29.466547550632043,-1.7159290726013396,0.7448950739686897,0.0,0.2726059788949035
Ahr,0.0072599549881905,0.0350891160940478,0.1748533068932927,0.061609645936087,0.1290928746181571,0.19498014832767,1.1321183181632326,1.23693084556448,0.23566552017196027
Tspan13,0.0141379694559114,0.0530979572855834,0.1572127533400038,0.2209940289057751,0.2994865239105679,0.3738602893699438,0.9862371636584928,1.2129584470884776,0.2812756656209283
Ifrd1,0.2854763088518824,0.623604884395689,1.0,-0.0575411599940016,-0.0226903735276436,0.0103723538134949,1.9129900115798275,1.8841837356082989,0.8230744602124918
Baz1a,0.5830326809296239,0.8851346804304723,1.0,-0.185301417850194,-0.0563135108399243,0.0672407874331757,0.7780141982309423,0.7493317392255208,0.8874979398299105
Nfkbia,0.0002462062328227,0.0007314819918142,0.00200950485566,-0.3644713286441727,-0.299759553408862,-0.2435515901692815,2.5819946318537887,2.09678777082719,0.054904659899203366
Rps29,0.2602362026171888,0.5833604667027033,0.9309874465595672,-0.004168912868035,0.0039815499778363,0.0131569866655109,3.907755455213924,3.91908302593028,0.8080470068814829
Rpl36al,0.156806314985113,0.4704864220587896,0.9769702553219756,-0.0124034230704276,0.0112840711668422,0.035934793467694,2.025531990438115,2.04088270119438,0.718561080962515
Psma3,0.0042647649140305,0.0350891160940478,0.2144938077835174,-0.1896416455006734,-0.1258758493278921,-0.0554976384668752,0.9224337339759838,0.8445817983077172,0.23566552017196027
Hif1a,0.1748533068932927,0.4357306600317365,0.8852339144732017,-0.059156643130264,0.0268041617663285,0.1051482779536717,1.158683768079935,1.18040471206022,0.697550222365269
Atp6v1d,0.1107879092645799,0.340358371306122,0.8621999971527741,-0.0576436492849034,0.1052506077289589,0.2794776867624802,0.6821422438529381,0.7309823704827154,0.6341070404272698
Zfp36l1,0.0023839130915762,0.0070087558339041,0.0192699957934071,-1.2179418205536556,-0.6636750550303332,-0.478579407151776,0.9804914932845644,0.6208878476878678,0.11597720009252092
Srsf5,0.078252228526237,0.1748533068932927,0.3123214216762161,-0.1752499887687481,-0.1127007922160635,-0.05499782485599,1.334550143878285,1.2340808533526226,0.48497049270403825
Rbm25,0.126022121770373,0.3407786135629546,0.8398599725400034,-0.0206614388351865,0.0393884656567949,0.0942887340595368,1.1201568045461865,1.149972626211715,0.6341070404272698
Npc2,0.1939308522824107,0.5833604667027033,0.9769702553219756,-0.021511031377254,-0.0067695086657471,0.0066996150008706,2.524148689667975,2.512943525151476,0.8080470068814829
Tmed10,0.2602362026171888,0.7508318840891169,1.0,-0.0402084444179323,0.0097963822955452,0.0560384110517906,1.230918733686955,1.2387101523591624,0.848397744310294
Fos,0.0110353595440653,0.0606019697120061,0.2144938077835174,-0.2140478935838173,-0.1463608558393406,-0.0680133589565474,1.79377946207187,1.6200840579430038,0.2957174953581708
Gpr65,0.0001674850985634,0.0014833929736583,0.0114182086646742,-29.40959957966334,-29.318521861328847,-29.191501933249903,0.6695060565322752,0.0,0.0569470289223761
Foxn3,0.2345389225733047,0.7478463329658316,1.0,-0.1705319231801753,0.0181604338589299,0.3309801024650294,0.60794691431535,0.6139778369389769,0.848397744310294
Calm1,0.4696175280081133,0.8398599725400034,1.0,0.0066481194226085,0.0245860883677301,0.0429936134199443,3.096750021472661,3.1483299540435885,0.8543904218919066
Ndufb1-ps,0.4025038237820035,0.8398599725400034,1.0,-0.0449735633274562,0.0031254309523976,0.0451787075972204,1.3481883255227176,1.35073762343489,0.8543904218919066
Lgmn,0.3123214216762161,0.6650055421020291,0.9769702553219756,-0.0367662003659576,0.0110329601053447,0.056743336984314,2.2597715410406924,2.2791122808515047,0.8418154117459485
Ddx24,0.0687138943605524,0.3102084628221997,0.7711301217294434,-0.0231231060926985,0.10885427540741,0.2504389062647546,0.6206257469349179,0.6684069432367822,0.6105976525017381
Ifi27l2a,0.4694947054672844,0.7945750891870234,1.0,-0.2261786819489069,0.0038509895252305,0.1760941477656922,0.9199511897326712,0.9191105154546222,0.848397744310294
Hsp90aa1,0.1572127533400038,0.3407786135629546,0.7074539677020747,-0.091040403130936,-0.0611321991178582,-0.017085552822173,1.852973471481256,1.7772852166205677,0.6341070404272698
Tnfaip2,0.0165749267498532,0.0463865932813986,0.1123511976904639,-0.259992337798775,-0.1936890437423576,-0.1223011979773064,1.9438944559329965,1.7015986804433962,0.2661006521898769
Eif5,0.0003080447056277,0.0013539414430926,0.0061279711576387,0.0947156101191702,0.1271717034537261,0.1661507572956986,1.5566446744301063,1.699014536247435,0.054904659899203366
Atp5mpl,0.2854763088518824,0.6650055421020291,1.0,-0.0170469529073002,0.0460908811508454,0.1078082083515919,1.1055267279494976,1.14176813572459,0.8418154117459485
Pld4,0.0225760625231335,0.0998774027692641,0.3123214216762161,-0.2219548118512861,-0.1340823970348889,-0.0477938311607349,1.0943188003766575,0.994895690179538,0.371695650812198
Gpr132,0.1748533068932927,0.4188222851204972,0.8852339144732017,-0.2609164165230089,-0.1447415993867785,-0.0292098403614972,0.8620854663748176,0.7821273775140696,0.697550222365269
Crip1,0.1123511976904639,0.1939308522824107,0.3708443333042212,-0.1980126743875342,-0.1355222033814335,-0.074329608197331,2.171505846421234,1.9788823113250371,0.4936421694461363
Igha,0.5833604667027033,0.8852339144732017,1.0,-0.0292033065130189,0.0074630047523698,0.0403935741069797,1.6259960010938526,1.6350486934840824,0.8874979398299105
Gdi2,0.0303828219765775,0.0998774027692641,0.2608672052730555,0.0398827392610468,0.0719056086604092,0.1049908319885762,1.6059481977099326,1.6883481724756662,0.371695650812198
Klf6,0.0606019697120061,0.2365840933218761,0.623604884395689,-0.1560213528119252,-0.0647927091282028,0.0071561516017382,1.2167604151232512,1.1652125584680475,0.5391916545475316
Larp4b,0.1123511976904639,0.3708443333042212,0.8852339144732017,-0.0193783379753364,0.0761235697783416,0.1658157991590573,0.791121830903734,0.8339301599608387,0.6538424827072925
Gpr137b,0.0074688872187519,0.0154028746151115,0.0449420536746405,29.321907757927857,29.45727779840182,29.566906230637983,0.0,0.7370962595344365,0.16928766866701986
Psma2,0.3123214216762161,0.7508318840891169,1.0,-0.0556296688272455,0.0199081348900458,0.0855168651732743,0.8178781483871486,0.8279541078587951,0.848397744310294
BC005537,0.0101931049911082,0.0350891160940478,0.126022121770373,0.0809062789494885,0.1317805609279896,0.1813612180950172,1.23243766395635,1.3494942413375677,0.23566552017196027
Uqcrfs1,0.1076475710921284,0.45382337354115,0.97578329816861,-0.5232173224038683,2.036621863839195,29.10613996766009,0.1246115989177132,0.5160114352330629,0.718561080962515
Pxdc1,0.3461113465660383,0.777038583673154,1.0,-29.15483803345001,-1.2519440307443603,28.07262519396268,0.2403191476707318,0.0,0.848397744310294
Ly86,0.5443701458566098,0.7950121719642381,1.0,0.0177443453053021,0.0884352238749788,0.158906490726661,1.1529164956015638,1.2273150712870375,0.848397744310294
Tmem14c,0.0603781352637468,0.2833732426869957,0.7948376738146442,-0.0338682322078647,0.113060518792267,0.2794806751121592,0.6536693889203348,0.7066463661104618,0.5858990213085754
Cd83,0.0606019697120061,0.1572127533400038,0.3708443333042212,-0.2339208394161316,-0.1212558009073347,-0.0472190472788562,1.6917174630612926,1.5584918637200926,0.4692441571772703
Jarid2,0.1255242036438156,0.3863729644612357,0.8852339144732017,0.0193819246905652,0.1435651087505591,0.2676083050928987,0.7586791636916692,0.8396364897475742,0.6731475647502417
Ninj1,0.0606019697120061,0.1748533068932927,0.4357306600317365,-0.1230635318295184,-0.0810835272794873,-0.0382088119348823,1.592067629002715,1.50572201751369,0.48497049270403825
Card19,0.2365840933218761,0.623604884395689,0.9769702553219756,-0.0648145564935711,0.0234444274088575,0.1203395309722448,0.9792620750816616,0.997010073880471,0.8230744602124918
Sema4d,0.0010105532131052,0.0027977672050733,0.0090352102433773,29.36911528393448,29.50825369079124,29.610845598769192,0.0,0.7636062637923409,0.07462596736998854
Syk,0.0086155581188204,0.0404041195882236,0.1939308522824107,0.048771605691833,0.0837582324093228,0.1290277953107355,1.33176783333584,1.410845287490475,0.250080234925005
Prelid1,0.1821014552397553,0.6142096440486573,1.0,-2.5872067454179524,-0.152843534834676,1.027678121688571,0.5638767821440698,0.5042093704130328,0.8230744602124918
Tmed9,0.3122162056373485,0.7727819492867245,1.0,-0.1499981530269157,-0.0500727677394829,0.0506250629993111,0.7834012713751093,0.7575402909779914,0.848397744310294
H2afy,0.0404041195882236,0.2854763088518824,0.8852339144732017,-0.0065843176976973,0.0442661330128269,0.1040125325078274,0.9059472463427952,0.9334321114939508,0.5858990213085754
Tgfbi,0.0165749267498532,0.0530979572855834,0.1409552191443714,0.0660242006534773,0.1007088458673395,0.1407912201662254,1.6635858778958286,1.7829340897906465,0.2812756656209283
Hnrnpa0,0.0998774027692641,0.3123214216762161,0.7508318840891169,-0.2339323959202304,-0.1290503768772116,-0.0294179784201688,0.797776490989446,0.7300834129504067,0.6105976525017381
Hnrnpk,0.1123511976904639,0.4025038237820035,0.8852339144732017,-0.0098787112713236,0.0250769319369844,0.0599900814311889,1.503010758555119,1.5303790226808176,0.6791169250611708
Ctsl,0.126022121770373,0.4025038237820035,0.8852339144732017,0.0320000542787197,0.1191644576656029,0.1918261206136008,1.1542419966315938,1.254305385530925,0.6791169250611708
Uqcrb,0.0016520394562341,0.0303828219765775,0.2602362026171888,-0.1359081191981556,-0.077512526226054,-0.0242543894024623,1.1392708927199937,1.0807539496388876,0.22192669965500084
Ndufs6,0.0568158662552001,0.4452517593524018,0.9735579835546024,0.0,26.68816833659676,28.903770954064083,0.0,0.108783013943281,0.711434876356555
Ell2,0.3063587664885105,0.7497778216111932,1.0,-0.5512214221049972,-0.0204665968416055,0.1989238352308479,0.6347114626611434,0.6291008582951028,0.848397744310294
Cox7c,0.2144938077835174,0.623604884395689,0.9775459989389258,-0.0387952327988441,-0.0142029165725525,0.0131228045631647,1.7585518111520249,1.7424272367004523,0.8230744602124918
Rps23,0.4025038237820035,0.7950121719642381,1.0,-0.0063304552709296,0.0061229100075895,0.01847046023559,3.3506436666168726,3.3649214425965086,0.848397744310294
Tbca,0.3400671837657861,0.7508318840891169,1.0,-0.0809826872509028,-0.0165147812093417,0.0393798665227057,0.933561707205658,0.922069193855908,0.848397744310294
Nsa2,0.3708443333042212,0.7950121719642381,1.0,-0.0449083675108906,0.0091726616156629,0.0639308416151984,1.2519054908978848,1.26035722941822,0.848397744310294
Hexb,0.0845595827428789,0.2581560746231375,0.6221055127111575,0.087525971718601,0.2393420309332152,0.4119506017649428,0.6342624900183107,0.745814215395037,0.5636054774913702
Btf3,0.3407786135629546,0.7508318840891169,1.0,-0.0120578965491182,0.0195424893637298,0.0476548964976649,1.8398588989531304,1.8634771772686824,0.848397744310294
Pik3r1,0.0002462062328227,0.002436734808989,0.0225760625231335,0.1751452844892943,0.2849821355289132,0.3953207939205208,0.8182452596035934,0.998145025554106,0.06989268622856254
Erbin,0.4020788839942289,0.8379014845448695,1.0,-0.3139810897509382,-0.1253888155320089,0.2028960551724931,0.632957496929899,0.5799989892870042,0.8543904218919066
Gpbp1,0.1748533068932927,0.5833604667027033,0.9769702553219756,-0.0959411500106694,0.0276264901128446,0.141181372041333,0.7427014018026585,0.755664980619045,0.8080470068814829
Snx18,0.0004776817289569,0.0042647649140305,0.0405536814305529,0.095523145668891,0.1602506184472522,0.2320093444897875,1.0303699638809949,1.1529732944115765,0.09287710257221976
Emb,0.3776218537175021,0.7478463329658316,1.0,-1.118008344804295,-0.3096863647484117,-0.0391794630085279,0.7524559796022445,0.6091343380242897,0.848397744310294
Dnase1l3,0.0072093433582514,0.0260991051142459,0.0779930347079525,0.4603258543282379,0.6458216335503526,0.8605193788070181,0.8426306475030025,1.3174645043969813,0.20930763645144598
Rpl15,0.2854763088518824,0.623604884395689,0.9769702553219756,-0.0126572424580069,0.0154208797286412,0.044591813041992,2.435506376356908,2.460709756865535,0.8230744602124918
Rtraf,0.2082419619466363,0.6081608513653828,1.0,0.0256275349431563,28.82605475790209,29.121746281220737,0.0,0.5359173833880939,0.8230744602124918
Vdac2,0.2602362026171888,0.6650055421020291,1.0,-0.06981835357155,0.0137410823033495,0.1066938942305747,1.0333145022127126,1.0433564119396177,0.8418154117459485
Rps24,0.0350891160940478,0.0998774027692641,0.2365840933218761,0.0135673964771465,0.0249782751990267,0.0362131116901603,3.672859185429044,3.7368564335202974,0.371695650812198
Zmiz1,0.0074546476891015,0.0658317230241873,0.378842316955761,0.9941421288859056,29.030662026658508,29.203605866446107,0.0,0.5530461698647806,0.31313535137732623
Arf4,0.1748533068932927,0.5833604667027033,1.0,-0.0211770953685424,0.0336564029588273,0.0801679471263744,1.3241247324884862,1.355430537497645,0.8080470068814829
Selenok,0.0013539414430926,0.0060989459312143,0.026229387834857,-0.182623736973081,-0.1418794797771851,-0.1046865393932044,1.5327505302762976,1.388075188159304,0.11206813148606276
Tkt,0.1409552191443714,0.4025038237820035,0.8852339144732017,-0.0009540751863535,0.0582219846946648,0.1186639530782129,0.9219459633110044,0.9606411263530618,0.6791169250611708
Prkcd,0.0141379694559114,0.078252228526237,0.2602362026171888,0.0676044405426449,0.1487877217391003,0.2374096251460122,0.7522513770330831,0.8340566324288476,0.34083192869205453
Spcs1,0.0768982533555994,0.4233704816999597,0.9763450805008288,-29.181597587787227,-0.359089837600268,-0.0219509140014631,0.6144274056295541,0.4772639318466902,0.697550222365269
Timm23,0.1503807830518504,0.6142096440486573,1.0,-0.5219926128767546,0.0718301757214269,28.989295317602995,0.5429094386148362,0.5646383686199961,0.8230744602124918
Glud1,0.4025038237820035,0.8398599725400034,1.0,-0.0444935086141347,0.0468634491603107,0.1357389623597595,0.8212042265132857,0.846032806320917,0.8543904218919066
Wapl,0.0130183402421101,0.0909436069623924,0.3867506009939578,0.0355693321233673,0.1604362532367804,0.3041321863340549,0.6674678965382377,0.7461731956673366,0.36501597879786163
Lgals3,0.068964333339054,0.2144938077835174,0.4704864220587896,0.0274772988651208,0.0659925635285479,0.1005277534768149,2.3220498511478027,2.43009715377004,0.5137366964428034
Hnrnpc,0.0141379694559114,0.126022121770373,0.5443701458566098,0.0208193003846449,0.0812538282628782,0.1360711910285714,0.8838689749005779,0.9350016761373492,0.4105318980663675
Dad1,0.068964333339054,0.3407786135629546,0.9769702553219756,-0.1417880933036026,-0.0670808603872124,0.0149398304796964,0.8926482294786235,0.8511821729501967,0.6341070404272698
Mrpl52,0.0998774027692641,0.4025038237820035,0.9769702553219756,0.0067261996568881,0.05346319536268,0.0952823854081483,1.1060904309251876,1.1473942532573376,0.6791169250611708
Mmp14,0.4444809602458485,0.8338739472468253,1.0,-1.4596953608124608,-0.2339219909203584,0.8764547348611977,0.6086040739150428,0.5200454326978468,0.8543904218919066
Psme1,0.1123511976904639,0.3708443333042212,0.8398599725400034,-0.0916044162171994,-0.0391447082080676,0.0073276561002917,1.4352720377680974,1.39714430274464,0.6538424827072925
Psme2,0.4025038237820035,0.8398599725400034,1.0,-0.0560961446014845,0.0312261414474825,0.1033656910407187,0.8673783748583312,0.8871423346040271,0.8543904218919066
Nedd8,0.1748533068932927,0.5443701458566098,0.9769702553219756,-0.0247650173216849,0.037029329696549,0.1011796509700934,1.0834216248612265,1.10945790641745,0.7816596966146192
Ctsb,0.4357306600317365,0.7950121719642381,1.0,-0.0514833106514097,-0.0142719653288703,0.0236763068932471,2.971767711625997,2.9422347137668963,0.848397744310294
Rcbtb2,0.2795444342084368,0.6209355662832107,1.0,-0.1565003771420074,0.0330490588058402,0.2865165843120406,0.6984689076557171,0.7108617619467703,0.8230744602124918
Itm2b,0.4357306600317365,0.7508318840891169,1.0,-0.0041401292951256,0.0289254027251584,0.0652072342981604,2.857761920969339,2.9173661411741625,0.848397744310294
Esd,0.4337246454262298,0.8159807226369715,1.0,-0.4121350386961451,-0.0415646158250842,0.1753313463646198,0.6639828039906359,0.6496287044233682,0.8543904218919066
Lcp1,0.1120393528174339,0.3708443333042212,0.751936391285994,0.0234773333671088,0.0611403485691523,0.1035309219839843,1.8105968757083,1.8897296411046849,0.6538424827072925
Tpt1,0.4704864220587896,0.8398599725400034,1.0,-0.0039188602419233,0.0043458605971096,0.0131296624504026,4.212514134340061,4.223823284044893,0.8543904218919066
Kctd12,0.026229387834857,0.1123511976904639,0.3123214216762161,-0.1620549320812648,-0.0938176847329253,-0.029514452721218,1.3511639979158887,1.264733946769435,0.39090239196445425
Mycbp2,0.2848453061960151,0.7508318840891169,1.0,-0.1137099640010967,-0.0294040618245138,0.057970698318897,0.8726748223377557,0.8557884259105621,0.848397744310294
Gm10076,0.2365840933218761,0.4357306600317365,0.7508318840891169,-0.0390336584900848,0.0595358402690614,0.1695880816310802,0.8811660249293485,0.9176500302623104,0.697550222365269
Dnajc3,0.006248809926394,0.0244259067258234,0.0984022404353029,-1.7346496327363046,-0.480104457875955,-0.2687009355196992,0.7234800073340557,0.5185839074868863,0.20930763645144598
Mbnl2,0.2578169495513925,0.7062330312325231,1.0,-0.2369112813705657,0.0165036779131213,0.1822169488659229,0.6370072947939798,0.6429738990546925,0.848397744310294
Gpr183,0.0002462062328227,0.00090093559636,0.0051079054249954,0.3535865776454348,0.4460218608525216,0.5428883553403734,1.0965668159575714,1.49131073782264,0.054904659899203366
Selenop,0.1409552191443714,0.2728562557345356,0.5067205148778584,-0.3700283482060051,-0.2520456785459234,-0.1261760566354503,2.1345020942097266,1.79383369340677,0.58554554150331
Rpl37,0.0303828219765775,0.1123511976904639,0.3130328514733839,0.0086374835426874,0.0254997318968498,0.0397805461059212,3.008428436676144,3.0625096401957075,0.39090239196445425
Dab2,0.0530462776109959,0.1572127533400038,0.4356333503627957,-0.3695480231815947,-0.218024907923708,-0.0600431157967631,1.0897344917218013,0.937509212175466,0.4692441571772703
Fyb,0.026229387834857,0.126022121770373,0.371635820566165,0.0212010368298203,0.0725298506762968,0.1223252067711887,1.267586068432561,1.3324644580594738,0.4105318980663675
Nipbl,0.1649353212771785,0.6220864754493118,1.0,-0.1352643274529183,0.0363615233077597,0.2405594743400563,0.6216912908557564,0.6355502346243904,0.8230744602124918
Sub1,0.3708443333042212,0.7508318840891169,1.0,-0.0186026775163024,0.0108337982872557,0.0394153361958294,1.9270776608414613,1.94110985507872,0.848397744310294
Basp1,0.1123511976904639,0.1939308522824107,0.2854763088518824,0.0666142634662101,0.1021603998599891,0.135036917310953,2.3484025911066118,2.5216117280589163,0.4936421694461363
Cct5,0.0161066687958685,0.1715576929504229,0.7941351991290153,-0.0587141657958008,0.2092990253644766,29.09619090149091,0.5278066272391058,0.6061410028219072,0.48497049270403825
Mtdh,0.0051076647342223,0.0528912887353372,0.2481102298593686,0.0657616894757198,0.1672004073679365,0.2631147000198716,0.7157285502177151,0.804357163321102,0.2812756656209283
Rpl30,0.2854763088518824,0.5833604667027033,0.9769702553219756,-0.000706272350862,0.0130958593812672,0.024953834622435,3.1096223968116314,3.1378741208461625,0.8080470068814829
Cox6c,0.4357306600317365,0.7950121719642381,1.0,-0.0057900694383143,0.0212780362108386,0.0512825974964526,1.741417696233816,1.7661120016129614,0.848397744310294
Pabpc1,0.0530979572855834,0.1572127533400038,0.3708443333042212,0.0127268315017017,0.0389846723519415,0.0606885183883714,2.2745085021466487,2.336240290294484,0.4692441571772703
Ywhaz,0.5067205148778584,0.8398599725400034,1.0,-0.0368036483666078,0.0050821843669572,0.043444058944936,1.7395478912487965,1.7464977392286314,0.8543904218919066
Eif3e,0.2365840933218761,0.7508318840891169,1.0,-0.0654216137093095,0.004014755390604,0.0675113545299827,0.9547719946576824,0.957809815350275,0.848397744310294
Trps1,0.0606019697120061,0.2144938077835174,0.5843665771450269,0.0045429023073663,0.0857462120058889,0.1662464785463212,0.8869202141886717,0.9408935273181652,0.5137366964428034
Eif3h,0.1572127533400038,0.5833604667027033,1.0,-0.1004476579121633,-0.0419770616726277,0.0258939119455067,0.9694917428104016,0.941544899955827,0.8080470068814829
Ndufb9,0.0303284034941484,0.2144938077835174,0.7074539677020747,0.0253639065196817,0.0808408928959785,0.1385420741352472,0.874361675238873,0.9253526455002796,0.5137366964428034
Trib1,0.002790968657593,0.0254844951577491,0.1386833035794435,-29.345794925006672,-29.171123954771065,-28.140872749706222,0.6046530785609676,0.0,0.20930763645144598
Fam49b,0.068964333339054,0.2144938077835174,0.5443701458566098,-0.0002212625391562,0.054715966748034,0.1009970144537905,1.2433741573418589,1.290970731167635,0.5137366964428034
Sla,0.2725970650028295,0.6998906645027011,1.0,-1.0415790947060428,-0.0595117889202508,1.4223291891154586,0.5820222019284915,0.5524491679504839,0.848397744310294
St3gal1,0.2565856418586903,0.6939082369503309,0.976869496388966,-0.1716611251602017,0.0043229555552348,0.1326980625170832,0.7292505577149276,0.7335714952722829,0.848397744310294
Ago2,0.0165749267498532,0.0606019697120061,0.1939308522824107,0.1057340418301694,0.1979554610123949,0.3028399987834727,0.8233114344007366,0.9429769414441296,0.2957174953581708
Ly6e,0.026229387834857,0.068964333339054,0.126022121770373,0.0656649343649332,0.0957256027439743,0.1304035333245979,2.1157001609873958,2.260384133796945,0.31313535137732623
Eef1d,0.0350891160940478,0.193833928554864,0.7074539677020747,-0.1743711783481683,-0.0923973705726773,-0.0116930309040315,0.8085818377430551,0.7588872075071813,0.4936421694461363
Rpl8,0.4357306600317365,0.8398599725400034,1.0,-0.0227337935257612,-5.507818475129818e-05,0.0211942617395948,2.752564604593595,2.7523843765361278,0.8543904218919066
Myh9,0.0101931049911082,0.2365840933218761,0.9769702553219756,-0.0254923321675996,0.0424726078279526,0.1083173252136286,0.9559353142197216,0.9836870088830436,0.5391916545475316
Ncf4,0.068964333339054,0.3123214216762161,0.7508318840891169,-0.0858023525416602,-0.024727338574563,0.0350166560635819,1.02814245972589,1.0117242404098823,0.6105976525017381
Csf2rb2,0.2478220764459313,0.5636180676565299,0.9309724764303514,0.1248655332663234,0.2335598583216356,0.3480551363665775,0.7859100434867273,0.923081493320286,0.8073262455104496
Csf2rb,0.0885337720142295,0.2144938077835174,0.4357306600317365,0.0982942581406601,0.1400813215061034,0.1847416975753323,1.9359377639287936,2.1345114006789165,0.5137366964428034
Rac2,0.0060989459312143,0.0303828219765775,0.1408709751318133,-0.3408147897298306,-0.2250126604197153,-0.1195270696381595,0.8298192274391422,0.7096715006592983,0.22192669965500084
Cyth4,0.1057035002901264,0.3634348364158562,0.8369200711630037,-29.18984791228081,-0.3934991272860157,-0.1062992140643209,0.6341875414087002,0.4851224717832532,0.6538424827072925
Lgals1,0.4271617141206814,0.789575027010139,1.0,-0.8066172179253819,-0.0796083549560327,0.1359176926039632,0.7526823145958972,0.7089945084366235,0.848397744310294
Ddx17,0.0224211229766743,0.2005638991755357,0.8838207591518874,-0.0045512371671337,1.122565755993508,29.195621373217776,0.2672805660080355,0.5858001442686873,0.5039810799795512
Rpl3,0.0404041195882236,0.1572127533400038,0.4025038237820035,0.024132838313662,0.0408991525704467,0.0552930212348947,2.5327257541945265,2.606640999746664,0.4692441571772703
Atf4,0.1572127533400038,0.4704864220587896,0.9321370167786264,-0.0431533253635139,0.033593531007401,0.1264512278532602,0.9258139557855738,0.9464681345695604,0.718561080962515
St13,0.088256686339853,0.3545628295127853,0.8621933143902745,-0.1191785711435349,0.0069179891295269,0.1418326969073303,0.6984497315800997,0.6976595293255469,0.6538424827072925
Rbx1,0.0086155581188204,0.0885337720142295,0.4704864220587896,-0.1230753109475316,-0.0694151321456253,-0.0162926361432409,0.9911046990478246,0.9437655890361968,0.35901970996115135
Tob2,0.0688994538388931,0.2602362026171888,0.6241171420821514,0.008378100449125,0.1180010916662289,0.225705818188281,0.7206789968950464,0.7822427908286845,0.5636054774913702
Snu13,0.026229387834857,0.1408688150289272,0.4365971414500287,-0.3322469229303948,-0.178168585641515,-0.0537710197419382,0.78438965719828,0.6920190972131859,0.4373702842052263
Smdt1,0.0882767334270297,0.3708443333042212,0.8852339144732017,-0.0161394987978197,0.0417407935608608,0.099312440815993,1.0613235391231024,1.0914007288416614,0.6538424827072925
Ndufa6,0.0086151967989167,0.078252228526237,0.4025038237820035,-0.1450754539414835,-0.0781702158805158,-0.0169147811098993,0.9610628337572776,0.910384329808218,0.34083192869205453
Poldip3,0.0261691366923745,0.197035431009625,0.8216031952664093,0.0,28.76647429045778,29.045230159125087,0.0,0.4587535623798701,0.4972396284706416
Tspo,0.4357306600317365,0.8398599725400034,1.0,-0.0200338039975643,0.0275615536604949,0.0806574431323065,1.239336659650165,1.2626424142002974,0.8543904218919066
Zcrb1,0.3615213310630785,0.7965236087650202,1.0,-28.43007802184611,5.272680796954802e-05,28.95440136968408,0.1152110057591692,0.2250118574078557,0.8484708006409997
Slc38a1,0.1746610746613487,0.4188222851204972,0.7727819492867245,0.0432134435538756,0.1087990050367058,0.1790403006788548,0.9787536826223466,1.05500811402983,0.697550222365269
Slc38a2,0.0932789850760712,0.2942370484552679,0.6564853687639753,-0.0282440558356075,1.3376794730565105,29.281310053159583,0.2402936407504365,0.5982768391564492,0.601778728666774
Tuba1b,0.018446680436098,0.1688508163626151,0.7972524029324046,-29.053614431018254,-28.407632252581426,0.3267405286963599,0.4609896370505486,0.0,0.48497049270403825
Tuba1c,0.0983745524147278,0.3094100925996987,0.6420571053087696,-1.049072419679648,-0.2968733835805587,-0.0865391655002263,0.7093700430143565,0.57691797718585,0.6105976525017381
Tmbim6,0.0404041195882236,0.2602362026171888,0.8398599725400034,-0.005313079775341,0.0334854196679252,0.0695373971842107,1.3614229414702574,1.393086820801275,0.5636054774913702
Dazap2,0.0404041195882236,0.0885337720142295,0.2365840933218761,-0.13937947466634,-0.0934093958926212,-0.0539160614468511,1.3138712505410413,1.2309724949950875,0.35901970996115135
Eif4b,0.0003833917265774,0.0028555854860965,0.0164731558055826,0.0,28.85903809251304,29.065793474049567,0.0,0.4868960127350209,0.07462596736998854
Pfdn5,0.2365840933218761,0.7074539677020747,1.0,-0.0284147631754425,-0.003970764768877,0.0246363620218601,1.7428619427519862,1.7384659766935426,0.848397744310294
Prr13,0.1386261702849115,0.5691643318798616,1.0,-2.114890527718033,0.537199190708411,29.012179561592045,0.2697979849233135,0.4877623137392081,0.8080470068814829
Pcbp2,0.068964333339054,0.3708443333042212,0.9769702553219756,-0.0114261988205011,0.0236296561452253,0.0588497994919749,1.438021899241035,1.46214233378144,0.6538424827072925
Atp5g2,0.1939308522824107,0.4704864220587896,0.8852339144732017,0.0121640883074333,0.0509435459333875,0.0838727582510736,1.52896877643445,1.5844612673253011,0.718561080962515
Hnrnpa1,0.078252228526237,0.2854763088518824,0.7074539677020747,0.0158477995595621,0.075800465629974,0.1401476975817792,0.9773894907588692,1.02815485460752,0.5858990213085754
Nckap1l,0.0087424734013862,0.0817748867448459,0.3704051478780686,27.65452203046321,28.933293754760165,29.128466151477017,0.0,0.513622137294361,0.3522610505931823
Mefv,0.0108885055324174,0.0429135933812884,0.1391256891856817,26.487713925719607,28.9588984794836,29.20938840814148,0.0,0.521791630658579,0.26148386433365367
Litaf,0.022495993943345,0.0998774027692641,0.371635820566165,0.034814823223528,0.0708512701394581,0.1031724353722391,1.5331707794247087,1.6104423393363114,0.371695650812198
Gspt1,0.0028555854860965,0.0283628803848164,0.2394448683520144,0.0,27.69821794441511,28.93274354391901,0.0,0.217768182103925,0.22192669965500084
Ube2l3,0.0165140028175047,0.0998774027692641,0.4357306600317365,0.0082821628637202,0.0732201590667064,0.137746961045365,0.9595358539128304,1.0103633442139226,0.371695650812198
Ranbp1,0.1729736415541883,0.7068454045525545,1.0,-0.2400211717034134,-0.0669479620003614,0.099436199878118,0.6506881629673957,0.62066498734874,0.848397744310294
Tra2b,0.0463865932813986,0.1572127533400038,0.4357306600317365,-0.1973209126070548,-0.1182742524103713,-0.0405413011143384,1.0589344470590265,0.9756107958680942,0.4692441571772703
Ccdc50,0.4476167645164554,0.8317243315691052,1.0,-27.65649120601793,0.6653454770885566,28.95554645669077,0.2799664200276177,0.4974988059428749,0.8543904218919066
Atp13a3,0.0286917015867272,0.1956584048190237,0.7385263667876322,0.8961010926261034,28.97892829569686,29.14626258228238,0.0,0.5432709386504164,0.49482641734875665
Ppp1r2,0.0557717450735022,0.2206574630461718,0.7385263667876322,0.9909471437653916,28.909011397673904,29.096737968048348,0.0,0.508852334814222,0.5263553276720041
Pak2,0.0042647649140305,0.0530979572855834,0.3708443333042212,-0.1480724807581322,-0.0915671682737386,-0.0246507535642499,1.0062780702206928,0.9458155444341584,0.2812756656209283
Nrros,0.0042647649140305,0.0225613821141591,0.0998774027692641,0.1415812212830632,0.2467490403992162,0.348127945735285,0.7405306932980895,0.8791212332044249,0.20580968625740306
Pcyt1a,0.0574781277705331,0.1884604180648759,0.4802943228178998,0.0684570596751714,0.26521032472344,1.382113263208643,0.612649528963912,0.7378926296470699,0.4936421694461363
Rpl35a,0.1409552191443714,0.5443701458566098,0.9769702553219756,-0.0032829101511541,0.0074004159453093,0.0188282823994521,3.490927707432715,3.509077278432134,0.7816596966146192
Slc49a4,0.003024261549375,0.026152090511442,0.1735885629185274,0.0,28.800652348950077,29.071031130644027,0.0,0.4675846683176988,0.20930763645144598
Cd86,0.0606019697120061,0.1939308522824107,0.5076617556523263,-0.1117840421880275,-0.0582992382508945,-0.0044102947263982,1.3916865971176324,1.335726141528406,0.4936421694461363
Hcls1,0.3708443333042212,0.7950121719642381,1.0,-0.0857785347275899,-0.0080644228919138,0.0682687281128756,0.8356320199336905,0.8315022600921201,0.848397744310294
Cox17,0.3708443333042212,0.7950121719642381,1.0,-0.044385422216761,0.0235974296007229,0.0899049953497961,1.060533325143696,1.0776684269297288,0.848397744310294
Atp6v1a,0.0085578205454373,0.0463390747166933,0.1747618920083376,0.0622397326984831,0.1607484645823742,0.2656960073917312,0.7933866485571534,0.8853479224716064,0.2661006521898769
Cd47,0.0404041195882236,0.2365840933218761,0.7950121719642381,-0.0808946831465365,-0.0334805942257334,0.0035063101907133,1.349047111330684,1.3173109712682325,0.5391916545475316
Nfkbiz,0.0008022009026483,0.0090132227018538,0.0618045961359472,-29.33923463282309,-29.21135888079625,-28.21263882771155,0.6215774301019282,0.0,0.1250047911319024
Rpl24,0.3708443333042212,0.7950121719642381,1.0,-0.0167689037088407,0.0028373050062426,0.0210686633121488,2.775591234182918,2.7803515912981864,0.848397744310294
Cggbp1,0.2289307202344519,0.6564853687639753,1.0,-0.105655619171795,1.124039455958226,29.149608646394004,0.256222737654434,0.5612745327237582,0.8418154117459485
Atp5j,0.3123214216762161,0.7074539677020747,1.0,-0.0326913531080124,0.0155499419974693,0.0637549766008219,1.2340616636823938,1.247383472240711,0.848397744310294
App,0.0051079054249954,0.0303828219765775,0.126022121770373,-0.1626298558479451,-0.1137520785703594,-0.0575817506514146,1.4550777236975163,1.34492873192604,0.22192669965500084
Cct8,0.0953819749139624,0.4315089690365755,1.0,-0.1532105924406916,27.84543561675044,28.996789129947192,0.0,0.2490104219405527,0.697550222365269
Bach1,0.1123511976904639,0.4025038237820035,0.9309874465595672,-0.030741382743219,0.0887381524715712,0.1979418078880386,0.9572614728642714,1.0197300982416018,0.6791169250611708
Sod1,0.0072773597486618,0.0637321574984486,0.3278674736117709,1.1975904997343436,29.14568453347774,29.27474039690328,0.0,0.5980909389534402,0.30716810335317846
Synj1,0.0010105532131052,0.0109168257616513,0.1020937969247576,28.02130854768707,29.033316423296377,29.180701544185563,0.0,0.5494132352478032,0.142646523285577
Ifnar2,0.0261380547020639,0.1123511976904639,0.4357306600317365,0.0066878047880351,0.0689554711005853,0.1240992771322086,1.1317390935181737,1.1867116166228413,0.39090239196445425
Il10rb,0.2240965699360729,0.4585208154221419,0.74787463566807,-0.958658716224666,-0.3898117649745951,-0.1933848082304048,0.715247808731747,0.5457751707540208,0.718561080962515
Ifnar1,0.0101931049911082,0.0404041195882236,0.0998774027692641,0.1033952975338301,0.1503660785248129,0.2066517755406178,1.1915006584180687,1.3233345183872225,0.250080234925005
Ifngr2,0.2144938077835174,0.7074539677020747,1.0,-0.0781515596882325,0.0295113042347618,0.1186114906726743,0.786538615110285,0.8030287520473216,0.848397744310294
Son,0.0165749267498532,0.0885337720142295,0.3123214216762161,0.027791749900312,0.062197166281796,0.1016157030498281,1.4943642175271226,1.5600884304677876,0.35901970996115135
Atp5o,0.0530979572855834,0.2602362026171888,0.7508318840891169,0.023196187920387,0.1067842422610471,0.2004941654634786,0.7676177104132935,0.826559519773691,0.5636054774913702
Runx1,0.0120228254076174,0.0530979572855834,0.1748533068932927,-0.293398527345714,-0.2022453393802929,-0.1220103070202165,1.0805687730910412,0.9393143884542275,0.2812756656209283
Ets2,0.0029456461505329,0.0141379694559114,0.068964333339054,-0.3281523504029843,-0.2379143592802045,-0.1480131468342233,1.0177722929812163,0.8620670843498383,0.15986780846299814
Ezr,0.0603697462975323,0.3112672198009462,0.8849853455425606,-0.0776771636298416,0.0791641611960138,0.2572553001276813,0.7087766532992584,0.7469391911136466,0.6105976525017381
Mpc1,0.4322062983352083,0.7912513842038924,1.0,-0.0678301503545124,0.0870518199365693,0.2395005153658272,0.695574786562556,0.7397118068629744,0.848397744310294
Qk,0.0120228254076174,0.068964333339054,0.2602362026171888,0.0878942900021058,0.1581500217550978,0.226345390876089,0.8712922718971423,0.9722777897529622,0.31313535137732623
Tcp1,0.0063945666694702,0.0817748867448459,0.4696553434230565,26.611893018311648,28.95697068454177,29.12534254353632,0.0,0.521775828653412,0.3522610505931823
Sod2,0.002436734808989,0.0120228254076174,0.0463865932813986,-0.3618698005771951,-0.2740992538803223,-0.1825870583729423,1.0870486937050088,0.8995036543640764,0.14576126473565015
Psmb1,0.3708443333042212,0.7950121719642381,1.0,-0.0654046707126836,0.0191262824257418,0.1012728411227081,0.8693722893234641,0.880429222662647,0.848397744310294
Srrm2,0.4025038237820035,0.7950121719642381,1.0,-0.0479513004678928,-0.005206826923231,0.033144524475719,1.5561319810267575,1.5501833530281002,0.848397744310294
Elob,0.1744122930544605,0.5067205148778584,0.9769702553219756,-0.0240112939518205,0.0267426454250115,0.0815972961569101,1.287338482339874,1.3112976177020874,0.7505079666201026
Atp6v0c,0.0141379694559114,0.0463865932813986,0.1409552191443714,0.0237691118711788,0.0437480376783525,0.0635670969180873,2.3963538402244,2.4708445193342685,0.2661006521898769
Rps2,0.068964333339054,0.1572127533400038,0.3708443333042212,0.0144520107195272,0.0389953389796802,0.064989269219909,2.3844028484024973,2.450234720418705,0.4692441571772703
Ndufb10,0.1882702914174963,0.6838201572316044,1.0,-0.2479443561292342,-0.081381899754575,0.0526156414882578,0.6723960589054095,0.6349455866959025,0.848397744310294
Msrb1,0.0687435709691041,0.2364621323492348,0.6215980187674579,1.1588847490600551,29.25138982664174,29.384246327579056,0.0,0.644660272483249,0.5391916545475316
Ube2i,0.340358371306122,0.7948376738146442,1.0,-0.1509497222540569,-0.033014682136527,0.0861521796364035,0.7308462652772632,0.7149210490959546,0.848397744310294
Dusp1,0.0003080447056277,0.0013539414430926,0.0086155581188204,-0.3240668106195923,-0.2481434885763252,-0.176883536918869,1.7952366348581523,1.511673606272366,0.054904659899203366
Atp6v0e,0.00200950485566,0.0120228254076174,0.068964333339054,0.0620094010386097,0.0953436118633756,0.1321244452518593,1.4234913509062437,1.5216062289248713,0.14576126473565015
Rps10,0.2602362026171888,0.4704864220587896,0.8409943210883324,0.0058794216933773,0.0209569835321537,0.0361137898309836,3.083944511874625,3.128783130529316,0.718561080962515
Rpl10a,0.026229387834857,0.0998774027692641,0.2854763088518824,0.0279973681398479,0.0496515143782886,0.0730156957107205,2.403272710742704,2.487360315181829,0.371695650812198
Srsf3,0.068964333339054,0.2365840933218761,0.5833604667027033,-0.1018039928460975,-0.0350207188190536,0.0211449131757162,1.2005760583149274,1.1712433989406013,0.5391916545475316
Cdkn1a,0.0011061781840807,0.0035498386349135,0.0101931049911082,-0.2384866155143504,-0.1999541358157504,-0.1631786392833565,2.2373695968237435,1.9490147087557448,0.08349220469316553
Pim1,0.0060989459312143,0.0141379694559114,0.0405536814305529,-0.2347336556254493,-0.1821939738547548,-0.1208286973384965,2.0985406960973627,1.8483152030637728,0.15986780846299814
Ndufv3,0.1340173130275863,0.4590693216149171,0.9023680595897688,1.0914680240142487,28.954695805279272,29.136641462322952,0.0,0.5253523178804651,0.718561080962515
U2af1,0.2534876856159844,0.7384446380870644,1.0,-28.96058789015525,0.0,28.864416291061108,0.2349430633721445,0.2141101762860107,0.848397744310294
Brd4,0.0071808910805686,0.0365344574255694,0.2358815632958036,0.0,28.83120065869848,29.07767284929758,0.0,0.4775912972173348,0.24273741204785093
Hnrnpm,0.3123214216762161,0.7508318840891169,1.0,-0.0721924146114217,-0.0029892536066806,0.0678202669850013,0.8467644684581443,0.8449531557123807,0.848397744310294
Rps28,0.0463865932813986,0.1123511976904639,0.2854763088518824,0.0269000843477825,0.0392553050537342,0.0528000895169253,3.1988032172142957,3.2857600362112622,0.39090239196445425
Ndufa7,0.0141379694559114,0.1939308522824107,0.8852339144732017,-0.1206171554415734,-0.0618764038248857,0.0010929905218385,0.8832729819800101,0.8465104021694172,0.4936421694461363
Tapbp,0.0998774027692641,0.3123214216762161,0.751936391285994,-0.0134976338680101,0.0491240977899311,0.1095487411737634,1.0350833470926135,1.0711846020167213,0.6105976525017381
Rps18,0.3708443333042212,0.7950121719642381,1.0,-0.0228034497354017,0.0009287356441799,0.025290465235723,2.793091959611877,2.795923368415954,0.848397744310294
H2-K1,0.4704864220587896,0.7950121719642381,1.0,-0.0158792531024729,0.0011099727286016,0.0173120913241883,3.2345473204753947,3.2376885687887924,0.848397744310294
Brd2,0.0530979572855834,0.1939308522824107,0.5067205148778584,-0.2400140484542985,-0.1349128704690533,-0.0228743354701835,0.98618136075365,0.8983720241215486,0.4936421694461363
H2-DMa,0.0060989459312143,0.0463865932813986,0.1748533068932927,-0.0621611766703541,-0.0396043941594145,-0.0137680795106907,2.18043902885502,2.1210079549798966,0.2661006521898769
H2-DMb1,0.0007314819918142,0.0035498386349135,0.0193733193315928,-0.1260753321459286,-0.0953667222791809,-0.0674243982897411,2.0090485085053325,1.880171467855905,0.08349220469316553
Psmb9,0.0454381479500468,0.1392241769628668,0.3102084628221997,-0.3867766902548464,-0.2250882780972807,-0.0939880387819109,0.7863708660419926,0.6748187745750105,0.4373702842052263
Tap1,0.0585186172199653,0.1955326684531843,0.4492142303493084,-29.12267268226235,-28.01778246651978,0.0,0.271764629936781,0.0,0.49482641734875665
Psmb8,0.0998774027692641,0.2854763088518824,0.6650055421020291,-0.069817672618065,-0.0279646792126529,0.0153394661422339,1.494015981145675,1.4650970170499251,0.5858990213085754
H2-Ab1,0.0303828219765775,0.0998774027692641,0.2365840933218761,-0.0328599586993985,-0.0232371543816233,-0.0144508474242871,4.74140863481585,4.66552143420118,0.371695650812198
H2-Aa,0.078252228526237,0.1748533068932927,0.3123214216762161,-0.0238137545000119,-0.0161371019621357,-0.008673308817143,4.806354072101847,4.752895335900632,0.48497049270403825
H2-Eb1,0.1939308522824107,0.3708443333042212,0.6650055421020291,-0.0327523098634897,-0.01919219450157,-0.0082814787854658,4.6573647629551,4.595491700612686,0.6538424827072925
Clic1,0.0086155581188204,0.0404041195882236,0.1413616574992618,-0.1544416840470209,-0.1071103512809635,-0.0553604752484837,1.339893771481355,1.244340110761864,0.250080234925005
Aif1,0.2144938077835174,0.4704864220587896,0.8852339144732017,-0.0201172320227644,0.0120759029253024,0.0465096720057928,2.10999292938118,2.1285421573889503,0.718561080962515
Lst1,0.078252228526237,0.2365840933218761,0.5833604667027033,0.0114446528020566,0.0557383612917394,0.0983071600900737,1.614887011474179,1.6778655508447025,0.5391916545475316
H2-D1,0.0350891160940478,0.0885337720142295,0.1939308522824107,-0.0537983059250179,-0.0370340274255003,-0.0200620421980725,3.075824440691839,2.9986898913700117,0.35901970996115135
H2-Q7,0.7074539677020747,0.9309874465595672,1.0,-0.1188820537102439,-0.0467154340917082,0.0316186144373489,1.460191712107895,1.4133585765225,0.9309874465595672
Ier3,0.0003080447056277,0.00090093559636,0.002436734808989,-0.5583840681085315,-0.4716739625954048,-0.3784227093464679,2.066971966924505,1.4890278739735576,0.054904659899203366
H2-T23,0.1409552191443714,0.3708443333042212,0.7085384156117498,-0.2094029907871627,-0.1140141795908308,-0.0373189476994437,1.0206785255952868,0.9432605722148226,0.6538424827072925
Gm42418,0.623604884395689,0.8852339144732017,1.0,-0.0640775749059458,-0.0343212753946619,-0.0004322649558221,3.806341126422376,3.716884406720098,0.8874979398299105
AY036118,0.0086151967989167,0.0303828219765775,0.126022121770373,-0.1483495668562787,-0.1020195860397797,-0.0664766037950641,1.8749603141273572,1.747086115129954,0.22192669965500084
Pla2g7,0.4357306600317365,0.7950121719642381,1.0,-0.0701685282749461,-0.0223012306130503,0.0287272882105073,1.5860235101377902,1.5606247230015562,0.848397744310294
Nfkbie,0.2854763088518824,0.7508318840891169,1.0,-0.0905353903563968,0.011691184152016,0.1049039688967264,0.834690436265981,0.8405424151331584,0.848397744310294
Hsp90ab1,0.078252228526237,0.1748533068932927,0.3407786135629546,0.0364721014698013,0.0607252581506374,0.0819386979770032,2.39174234147712,2.4942636401533687,0.48497049270403825
Vegfa,0.078252228526237,0.1748533068932927,0.3708443333042212,-0.1718656173119059,-0.0910162253520509,-0.0093409789424422,1.5124808814704738,1.4185867276347262,0.48497049270403825
Tomm6,0.0463865932813986,0.2602362026171888,0.7508318840891169,-0.1326317492617675,-0.073078861352614,-0.0075894509754172,1.0506558419129877,0.9986728320568083,0.5636054774913702
Rpl36,0.1748533068932927,0.5443701458566098,0.9769702553219756,-0.0337079562173964,-0.0126704190430799,0.0054208909490231,2.701266876545766,2.6780120849274223,0.7816596966146192
C3,0.4905984827234625,0.8573304107057271,1.0,-28.026706180241845,0.2861626944063957,29.08795036397105,0.2807271411608852,0.4837676891487145,0.8714093024977831
Adgre1,0.18411389774799,0.3863729644612357,0.7727819492867245,-0.23938721937713,-0.1189599989420985,-0.0020172380545487,1.0942278416820637,1.00410606238052,0.6731475647502417
Man2a1,0.2833335294919167,0.7497778216111932,1.0,-0.1315761058853793,0.0467115883249835,0.2023336646781874,0.6485678538368017,0.6700647675623814,0.848397744310294
Vapa,0.068964333339054,0.3708443333042212,0.8852339144732017,-0.091097450062181,-0.0324498198322473,0.0231351887373437,1.0250974253679612,1.0010540714512648,0.6538424827072925
Tgif1,0.1120393528174339,0.3786086488827284,0.8852339144732017,-0.0512117545324065,0.0232164630700986,0.1055671960957953,0.9050181703111128,0.9201579865177508,0.6656740380842661
Myl12b,0.0530979572855834,0.1939308522824107,0.5833604667027033,0.0037127170673269,0.0600676684471552,0.1112686608465186,1.222137820445135,1.274322561696721,0.4936421694461363
Myl12a,0.2365840933218761,0.7508318840891169,1.0,-0.0647896237722778,-0.0171151744894859,0.0350532353804085,1.06882453086653,1.0560266000992238,0.848397744310294
Lpin2,0.0119485424494139,0.0461965791961232,0.1744781297274887,0.1497261292616785,0.2533700937711502,0.3513012853855695,0.7909758836388208,0.9438745349072934,0.2661006521898769
Emilin2,0.1939308522824107,0.3407786135629546,0.5833604667027033,-0.2822210168411103,-0.1926522881631543,-0.0986322690175272,1.342399140722791,1.17673301637489,0.6341070404272698
Smchd1,0.488327760174263,0.8398599725400034,1.0,-0.102298293848259,-0.0134641022544619,0.0786303438683586,1.0494391894404864,1.04055522799592,0.8543904218919066
Hnrnpll,0.0008551664015477,0.0050694557321099,0.0342979749776104,0.2601278789114168,0.4400630291320427,1.4521172397799629,0.5748010002861879,0.7772836301341997,0.10356718585852742
Srsf7,0.0072599549881905,0.068964333339054,0.3407786135629546,-0.1696703960794628,-0.0872788262529523,-0.0070340316682684,1.0037695668441171,0.944873481856017,0.31313535137732623
Cox7a2l,0.0035498386349135,0.0225760625231335,0.126022121770373,0.0686569341677706,0.1369514561374372,0.208201784572851,1.0562151795343977,1.1614543372285713,0.20580968625740306
Zfp36l2,0.0035498386349135,0.0350891160940478,0.1939308522824107,0.0884822151874431,0.2070969236555547,0.3308072872717325,0.8828137257221748,1.0209671431189724,0.23566552017196027
Calm2,0.401712336520059,0.7950121719642381,1.0,-0.0592007405297112,-0.0257178532365247,0.0190630380165823,1.3945241544979077,1.3695495829407,0.848397744310294
Crem,0.4704864220587896,0.8398256197101182,1.0,-0.1242151154625216,0.0038181916929202,0.1012143171242774,0.8759211415248475,0.8794380750800063,0.8543904218919066
Kif5b,0.1572127533400038,0.4704864220587896,0.9309874465595672,-0.2035783424776894,-0.1203401392577945,-0.0383037252772643,0.9099132899062464,0.836446961455005,0.718561080962515
Wac,0.0895970157602858,0.4315089690365755,0.9753898226476444,-1.2679372133692095,27.976235264306236,29.03403260444333,0.0,0.3170476539009861,0.697550222365269
Rock1,0.1939308522824107,0.7074539677020747,1.0,-0.0549888040593943,0.0092913705731005,0.0792200865537717,0.9634776506527672,0.9694148612570272,0.848397744310294
Snrpd1,0.1369002198159468,0.4907404294081078,0.9749113831903572,-29.116089953209745,-1.106259458325441,0.5018922303293522,0.5485996707897322,0.2508958919263065,0.74658569855619
Riok3,0.2543720145319496,0.6625861113437,1.0,-0.2400442347387313,0.0569627802807058,1.221944420963006,0.5614228508127814,0.5812020229506452,0.8418154117459485
Reep5,0.2144938077835174,0.7074539677020747,1.0,-0.0502802533871444,0.0168907246097542,0.0894866293260609,0.8565283739190508,0.8661741121990583,0.848397744310294
Etf1,0.0001961614737065,0.002436734808989,0.0350891160940478,0.0814139846499851,0.1389994278586499,0.1920906656988215,1.0051137228511606,1.1066715251368988,0.06989268622856254
Hspa9,0.0050873249525651,0.0463390747166933,0.2592214612013405,0.0404325222008052,0.164879050432603,0.3017375635297658,0.6861722378080343,0.7699637802829774,0.2661006521898769
Ube2d2a,0.026229387834857,0.1409552191443714,0.5443701458566098,0.0023538285237171,0.0714173847367507,0.1353412081888513,0.9049899329917718,0.950077868724088,0.4373702842052263
Cd14,0.0004776817289569,0.0013539414430926,0.0042647649140305,-0.1741219297738223,-0.1367518922537164,-0.1063779723646867,3.3694160556356314,3.065069279914816,0.054904659899203366
Ndufa2,0.2365840933218761,0.7074539677020747,1.0,-0.0358844418936425,-0.0002381731399607,0.044944825882251,1.2846402799950924,1.2834031997649389,0.848397744310294
Ik,0.3348247148526588,0.7270319841037318,1.0,-0.1423675376359552,0.0082400191222568,0.1453804240415609,0.6477118157965026,0.6519082822911905,0.848397744310294
Diaph1,0.3963479936306768,0.7941351991290153,1.0,-0.2015246754967659,-0.0084215495658342,0.1451529363229962,0.6286200056185081,0.6279465481205573,0.848397744310294
Ndfip1,0.2854763088518824,0.7950121719642381,1.0,-0.1356853198999787,-0.0121455828385667,0.0878992861024201,0.7258093146857826,0.7205241425563867,0.848397744310294
Fem1c,0.0604143694013455,0.2365840933218761,0.7950121719642381,-0.0182979290497794,0.039983329669684,0.1090849452727101,1.10310023499586,1.1342617434552262,0.5391916545475316
Eif1a,0.0463865932813986,0.1939308522824107,0.5067205148778584,0.05673851360595,0.1572801513322882,0.2458908553014436,0.8486222509171506,0.9464781469474312,0.4936421694461363
Tnfaip8,0.0605418048852447,0.2854763088518824,0.8398599725400034,-0.2455358580403955,-0.1103578370584348,0.0274697279945189,0.7426649303207775,0.6858850090098565,0.5858990213085754
Smim3,0.0676300956165643,0.3386697196160634,0.9536120761111622,-0.301711296469354,-0.1162586806677042,0.0274938724549343,0.6326754619773289,0.5838735792824892,0.6341070404272698
Rps14,0.0193733193315928,0.0998774027692641,0.3130328514733839,0.0090135555624858,0.0253267632379732,0.0410668047567869,3.1962934634368163,3.2537983528474297,0.371695650812198
Cd74,0.4357306600317365,0.7508318840891169,0.9769702553219756,-0.0201290695537832,-0.0115183601679364,-0.0018728519927919,5.426731651864943,5.382503715432062,0.848397744310294
Csf1r,0.3407786135629546,0.7074539677020747,0.9769702553219756,-0.0220364138427866,0.0115205636103033,0.04546967056063,1.9990621720489312,2.017443832740651,0.848397744310294
Csnk1a1,0.3123214216762161,0.7508318840891169,1.0,-0.0198962541655433,0.0303738816274613,0.0784164274904813,1.2113165303141462,1.2368723497349112,0.848397744310294
Txnl1,0.3386298604467227,0.7934700342614618,1.0,-0.192161512205362,-0.004279705271303,0.5205898802254225,0.606024874249439,0.6016945594089527,0.848397744310294
Malt1,0.2144938077835174,0.4704864220587896,0.8398599725400034,-0.1055560230134493,-0.0500475037565996,0.0039914121063504,1.7911131956820088,1.7313923989914812,0.718561080962515
Sec11c,0.0519931192834092,0.2853715592715535,0.9306861800737112,-0.1030015852154293,0.0785762593623319,0.2565560344487978,0.6393914995731365,0.6768416691953335,0.5858990213085754
Tubb6,0.368754236897688,0.7941351991290153,1.0,-0.1683294999608025,-0.0274635012623396,0.1088285137514916,0.6975274968420753,0.6816473402667814,0.848397744310294
Rpl17,0.0402712445008693,0.126022121770373,0.3708443333042212,0.0123118483886229,0.0283954983350761,0.0444663274315775,2.956730158164232,3.01491199780543,0.4105318980663675
Ier3ip1,0.0463865932813986,0.2854763088518824,0.8852339144732017,-0.2119604516924682,-0.0853776772262008,0.0199790317036804,0.7514608711834129,0.7083907861876857,0.5858990213085754
Atp5a1,0.0086155581188204,0.0350891160940478,0.0998774027692641,0.1035582230549431,0.148370598212975,0.1914582975640523,1.2178663253281925,1.3499757466379825,0.23566552017196027
Gm16286,0.0572189122522005,0.3177152234928705,0.897417473577621,0.0,28.714886747636356,29.0182758302426,0.0,0.4413658632889967,0.6185978523636022
Zfp516,0.0419623444050273,0.1873902601184823,0.5694027142782776,0.9978812457218073,29.010489469843115,29.18490031273724,0.0,0.5458491968640424,0.4936421694461363
Cndp2,0.361150539023463,0.6488668531146259,0.9763450805008288,-1.2217416682266116,0.614837743039956,28.844190337171977,0.3030037713117855,0.4806476390666129,0.8418154117459485
Tcirg1,0.0007607344556539,0.0051048948655614,0.0549421354120346,28.692983640297257,28.93512698394531,29.07898509534927,0.0,0.5132644087904803,0.10356718585852742
Unc93b1,0.0885337720142295,0.2854763088518824,0.7508318840891169,-0.0689434906548142,-0.0280859962258373,0.0042736804206212,1.7050431235784198,1.6730680808579388,0.5858990213085754
Cdk2ap2,0.0574781277705331,0.3348247148526588,0.929694940624413,-1.328850718871101,-0.2269784470291357,0.0260943976038179,0.6304061810293129,0.5372444086591415,0.6341070404272698
Ppp1ca,0.0051079054249954,0.0606019697120061,0.4025038237820035,0.0165007736755617,0.077135899583349,0.1313021792655056,0.9905162952326774,1.0454038300003263,0.2957174953581708
Cfl1,0.0530979572855834,0.2365840933218761,0.6246399008383465,-0.0479284105545936,-0.023228490384532,-0.0026732397837437,2.1792029720536226,2.144557731308347,0.5391916545475316
Malat1,0.5067205148778584,0.7508318840891169,0.9769702553219756,-0.0216470243498507,-0.0074846992523313,0.0078325590668187,5.03422834582711,5.008567775664293,0.848397744310294
Neat1,0.0060989459312143,0.0350891160940478,0.1939308522824107,0.0637442796097527,0.1346162337226982,0.2051896263599805,1.0328454216430958,1.1341976342766986,0.23566552017196027
Fau,0.078252228526237,0.2365840933218761,0.5443701458566098,-0.0261245765290548,-0.0155725873956575,-0.0038520024702079,3.8288130580451383,3.788074613791145,0.5391916545475316
Ehd1,0.0885337720142295,0.2365840933218761,0.4365995540824121,0.0147671499839153,0.049413662608369,0.0856923011042413,1.6708784321421362,1.7289646393239912,0.5391916545475316
Sf1,0.0775916558284014,0.3226388332822653,0.8164705234121962,0.0812744800338396,0.7294120579526829,29.23288829629904,0.3675677085489,0.6101435596293523,0.6271458974213949
Prdx5,0.0463865932813986,0.1123511976904639,0.2854763088518824,-0.1180827705967509,-0.0779749432786685,-0.0373228728633391,2.038541308395975,1.930281595909625,0.39090239196445425
Fermt3,0.3086671242330555,0.7472171106751948,1.0,-27.86544290462831,27.67081874403149,29.015195947632467,0.0,0.24838905964351,0.848397744310294
Cox8a,0.1748533068932927,0.3407786135629546,0.5833604667027033,0.0207766804618858,0.0403897186798822,0.0659119422392391,2.27199189548221,2.33489432567182,0.6341070404272698
Slc3a2,0.1121897401356769,0.2854763088518824,0.6650055421020291,-0.0019919270017213,0.0484681518496084,0.0981587339897832,1.2931138233847588,1.337592096927393,0.5858990213085754
Ubxn1,0.297330213684603,0.6233026627251221,0.976920040808018,-0.1169048599023904,0.0474845612665675,0.1900813810981882,0.657408247716312,0.6773102858840632,0.8230744602124918
Eef1g,0.0060989459312143,0.0530979572855834,0.2602362026171888,0.0431296630724155,0.0998973187770697,0.1557180812046771,1.032684858682655,1.1061769125849277,0.2812756656209283
Ahnak,0.0404041195882236,0.1123511976904639,0.2371753960542584,-0.4572016964372153,-0.3666963856228787,-0.2687073791118754,1.7505931837552635,1.3568638597737837,0.39090239196445425
Fth1,0.0606019697120061,0.126022121770373,0.2608672052730555,0.0135031236928302,0.0233054846601783,0.0357291636042777,5.244343574255419,5.328760727733471,0.4105318980663675
Tmem258,0.0072596382305182,0.078252228526237,0.4357306600317365,-0.2842368428698636,-0.1575070198892531,-0.0599566558566133,0.7685689424389872,0.689817921444734,0.34083192869205453
Slc15a3,0.5443701458566098,0.8852339144732017,1.0,-0.0354956812606295,0.0084814620791612,0.0483809035756993,1.790677376547673,1.8025978675302736,0.8874979398299105
AW112010,0.6650055421020291,0.8852339144732017,1.0,-0.0290587216218189,0.0356705897328546,0.1109282753568877,1.633981739847334,1.6728789744400712,0.8874979398299105
Ms4a7,0.4695190216268695,0.750306520669096,0.976920040808018,-0.4095114337147397,-0.1681127405509697,0.0440439284270737,1.3618800258926376,1.2122390536593564,0.848397744310294
Ms4a6c,0.078252228526237,0.2144938077835174,0.4704864220587896,0.0190123071071223,0.0483934194247177,0.0815066865463968,1.6620666629015188,1.718020852919195,0.5137366964428034
Ms4a6b,0.2637536800085872,0.5564040634669498,0.930133811002879,-0.1470761060428484,0.0313033593615922,0.1987149960642128,0.6686631289251598,0.6833581877517114,0.7979648519965037
Ms4a6d,0.0016520394562341,0.0165749267498532,0.0998774027692641,-0.2817569423020264,-0.1907068603894618,-0.099223995034893,0.942686127102301,0.8251543082074473,0.1740367308734586
Mpeg1,0.0165749267498532,0.0606019697120061,0.1939308522824107,0.0405834362496566,0.0750252060986622,0.1102178072762456,2.0488215596706625,2.1591222075138905,0.2957174953581708
Zfp91,0.0024314204795819,0.0261967964854033,0.1572127533400038,0.0532774198830286,0.1372250305320319,0.2231457679447458,0.7797379768645909,0.856823905871678,0.20930763645144598
Gnaq,0.4124404694624631,0.8290312207275435,1.0,-27.99705054706521,0.3442659232297828,28.96801468809133,0.2416930876727972,0.2921092738542662,0.8543904218919066
Ostf1,0.5443701458566098,0.8852339144732017,1.0,-0.0228595980577598,0.0573630205466715,0.126635396367879,0.9897834157596068,1.0299027206615814,0.8874979398299105
Zfand5,0.0885337720142295,0.2854763088518824,0.7508318840891169,-0.0259329328249779,0.0344536662827678,0.1049862970856118,0.92772194020504,0.9494871262531668,0.5858990213085754
Jak2,0.1360315301529897,0.337075352842437,0.7274636671569011,0.0220192816162018,0.272613172384801,2.2022759591456174,0.5558788449312111,0.6723767789836725,0.6341070404272698
Cd274,0.6225987739533644,0.8852339144732017,1.0,-0.0674684084068947,0.0016349958715696,0.0697009940372953,1.2900731864496375,1.292489058874935,0.8874979398299105
Pten,0.1939308522824107,0.623604884395689,0.9769702553219756,-0.0903679442347021,-0.0135000059012552,0.0635598345561576,0.8910979550225593,0.8836823159300162,0.8230744602124918
Entpd1,0.0529301731854788,0.1939308522824107,0.5067205148778584,-0.205350948890316,-0.1138905345998632,-0.0181181070461229,1.0506640178311362,0.9733126152614434,0.4936421694461363
Tm9sf3,0.0885337720142295,0.4704864220587896,0.9769702553219756,-0.0164243716575998,0.0681458737472288,0.1502977734541952,0.7895982831091132,0.8294203163094389,0.718561080962515
Pik3ap1,0.3123214216762161,0.5833604667027033,0.9309874465595672,-0.0582891747573475,0.0395242310588659,0.1211894938421873,1.0191094503632423,1.049160499816385,0.8080470068814829
Pgam1,0.006631232468201,0.0326256118674943,0.1123511976904639,-0.3703661645290275,-0.2153846899082218,-0.0988925749489283,0.8848671898783415,0.7636532364960432,0.23331817930622797
Got1,0.4357306600317365,0.7508318840891169,1.0,-0.0334866125249203,0.0443892357516345,0.1151439517499113,1.2403763076151986,1.280164495034554,0.848397744310294
Ndufb8,0.2144938077835174,0.488327760174263,0.9309874465595672,0.026170539570419,0.1077328485822282,0.1821931383396017,0.8690707547674906,0.9359389330943072,0.7438775206799655
Atp5md,0.4357306600317365,0.8398599725400034,1.0,-0.0527006444336154,0.0137989839934728,0.0721368299583009,1.2886127095118889,1.301112167800635,0.8543904218919066
Mxi1,0.3102084628221997,0.74897844105537,1.0,-0.4651452429657474,-0.1945180909212658,0.033930422221698,0.7390424376150431,0.6387939215096252,0.848397744310294
Dusp5,0.0463865932813986,0.1572127533400038,0.4704864220587896,-0.1737180203894796,-0.0966277991422948,-0.0199279389319544,1.5347979998445425,1.434183411977589,0.4692441571772703
Eif3a,0.0060989459312143,0.026229387834857,0.1123511976904639,0.0394359780448969,0.0707875111355563,0.1068108915465459,1.5600827499865575,1.6379824650494583,0.20930763645144598
Csf2ra,0.3708443333042212,0.7950121719642381,1.0,-0.114095888145538,-0.0231553892989283,0.0580083489823017,0.8805899277070235,0.867569172006606,0.848397744310294
Rbm3,0.026229387834857,0.0606019697120061,0.1409552191443714,-0.1722180383507347,-0.1339097767803913,-0.0908606135492238,1.673458888119165,1.5224594813333252,0.2957174953581708
Cybb,0.4357306600317365,0.8398599725400034,1.0,-0.0355745835270669,-0.0075744751386362,0.0217449574688561,2.136546126720581,2.123609556015057,0.8543904218919066
Atp6ap2,0.0051079054249954,0.0350891160940478,0.1409552191443714,0.077972672743626,0.1356822828185194,0.1926850612727206,1.057577140283745,1.1611627495817023,0.23566552017196027
Usp9x,0.0004776817289569,0.0086155581188204,0.126022121770373,0.0825110880369941,0.1915638712664814,0.3028820070101262,0.6508490333723838,0.7433078384427805,0.1250047911319024
Ddx3x,0.2144938077835174,0.623604884395689,0.9769702553219756,-0.0806847695005503,-0.0202001121645507,0.0530112048205585,1.135219356581436,1.119093553656077,0.8230744602124918
Ndufb11,0.0885337720142295,0.3708443333042212,0.9309874465595672,-0.0014115538596689,0.0962863808244832,0.1950358268221914,0.7008475134274498,0.7495044226797416,0.6538424827072925
Slc25a5,0.068964333339054,0.2144938077835174,0.5067205148778584,0.0297816636461641,0.0785447869051079,0.12294638159778,1.4196960381333477,1.49958724547622,0.5137366964428034
Rpl39,0.0404041195882236,0.126022121770373,0.3708443333042212,0.0112556120407868,0.0256975154148853,0.0402673216958869,3.243352690954689,3.301798428138205,0.4105318980663675
Ndufa1,0.1748533068932927,0.6650055421020291,1.0,-0.0443216431703866,0.0165161016902093,0.0737304016601609,0.8892388356914525,0.9005716513239928,0.8418154117459485
Lamp2,0.2854763088518824,0.7508318840891169,1.0,-0.0463277293301844,-0.0022422284474156,0.0399380137591331,1.2687206785914724,1.2674915596134,0.848397744310294
Ssr4,0.2144938077835174,0.5067205148778584,0.8852339144732017,-0.1106625182031809,-0.0382376120806023,0.0252644752201691,1.1900039709149302,1.1608801763988676,0.7505079666201026
Rpl10,0.4025038237820035,0.7508318840891169,1.0,-0.0578439056479096,-0.0325165560724029,-0.008001909832875,2.825123281845834,2.7616093880018173,0.848397744310294
Atp6ap1,0.2345003414311489,0.750306520669096,1.0,-0.1981827938374242,-0.000304646511433,0.2425162421157902,0.5849212614207764,0.5835476228916741,0.848397744310294
Msn,0.1748533068932927,0.6650055421020291,1.0,-0.0503020804636426,-0.0082067930663176,0.0339325329200788,1.2488429825835812,1.2422793706380326,0.8418154117459485
Il2rg,0.0186291355494251,0.079391499053565,0.2710307777061879,0.0,28.05294763034443,29.101117870880746,0.0,0.2784701841179575,0.34451809183392046
Rps4x,0.3123214216762161,0.6650055421020291,1.0,-0.0044525520768111,0.0126242672682598,0.0262124929904685,3.045317747132479,3.074031597979125,0.8418154117459485
Xist,0.2365840933218761,0.5443701458566098,0.9309874465595672,-0.0850326558211026,-0.0386220626687463,0.0040014246694564,1.962328405860875,1.91062180217174,0.7816596966146192
Atrx,0.2725286921074667,0.7072109971341121,1.0,-0.1052190175075508,0.0442987233239885,0.206841054705277,0.6272410301330075,0.647626461703824,0.848397744310294
Cox7b,0.026229387834857,0.0998774027692641,0.3407786135629546,0.0284481400080876,0.0935825830726916,0.1629094281632816,1.1251120466895377,1.2006349355960488,0.371695650812198
Pgk1,0.1748533068932927,0.4704864220587896,0.9309874465595672,-0.2012337147698708,-0.0915062409647636,-0.0067850727598891,0.8703947322537935,0.8168611147520282,0.718561080962515
Sh3bgrl,0.1934539136476827,0.4704864220587896,0.9309874465595672,-0.0581551013908494,0.0143277673616805,0.0730694448540685,1.0933331689751475,1.1053253629932738,0.718561080962515
Rpl36a,0.0404041195882236,0.1572127533400038,0.5067205148778584,0.0108986667114007,0.037967926595502,0.0622116039330715,2.04808973770628,2.102710395858693,0.4692441571772703
Hnrnph2,0.1409552191443714,0.5833604667027033,1.0,-0.1912559249474411,-0.0518881298261488,0.0822123169938521,0.7216280421673459,0.6988061954815401,0.8080470068814829
Morf4l2,0.1086794219872407,0.4124404694624631,0.9274390452212824,-29.167238683989574,-0.3845189594672126,1.6465463826350768,0.4694787338800258,0.2568553189175975,0.6938912619282641
Sat1,3.6584553538971e-05,9.734567564713264e-05,0.0003080447056277,0.1975569348901481,0.2469103503686671,0.2952863248457248,1.5574449791640137,1.847441402669444,0.054904659899203366
Tmsb4x,0.0225760625231335,0.0885337720142295,0.2602362026171888,0.0047514608614424,0.0110997195548689,0.0174239093326536,5.3409176626036325,5.381432142341636,0.35901970996115135
Gm47283,0.2687536046751049,0.6088241124264973,0.976869496388966,-0.4226622303638247,-0.2305744420136222,-0.0441643098857257,0.7161028055761409,0.6116228551065631,0.8230744602124918
mt-Nd1,0.078252228526237,0.2423471615906223,0.5833604667027033,-0.0404465733355638,-0.0246211934566807,-0.0061138307783431,2.810328999243726,2.763083960048059,0.551257760213872
mt-Nd2,0.026229387834857,0.0998774027692641,0.2854763088518824,-0.0798365071190738,-0.0584787861176983,-0.0389928575592185,2.5218319752036225,2.421147628913145,0.371695650812198
mt-Co1,0.401612585178459,0.6650055421020291,0.9769702553219756,-0.0163829361617801,-0.0074891520055954,0.001307841564537,4.008321670550592,3.98781114307383,0.8418154117459485
mt-Co2,0.0995938120003883,0.2602362026171888,0.5067205148778584,-0.0176033414099779,-0.0085673059274615,0.0002075592988731,4.062730244912485,4.038777935354583,0.5636054774913702
mt-Atp8,0.0640904174696095,0.2850570563218616,0.7289778850121604,-0.2307070203261115,-0.0902668539970074,0.0214486058465155,0.7430857736616636,0.6984736504508817,0.5858990213085754
mt-Atp6,0.0060989459312143,0.0225760625231335,0.0608110288026821,-0.0497574588937814,-0.0363381924454269,-0.0224384946007085,4.03772112364004,3.9373899330647175,0.20580968625740306
mt-Co3,0.2854763088518824,0.7508318840891169,1.0,-0.0078740736151542,0.0004486262262632,0.0087776125786582,3.9657361972048495,3.966866698166524,0.848397744310294
mt-Nd3,0.0003080447056277,0.002436734808989,0.0225760625231335,0.0702070099055814,0.1029764795545065,0.1383907191925888,1.517015605696104,1.6302048167603287,0.06989268622856254
mt-Nd4l,0.0530979572855834,0.1939308522824107,0.5443701458566098,-0.1435397304191235,-0.0857254992767688,-0.0257825848865497,1.2853002385086665,1.2107177880355813,0.4936421694461363
mt-Nd4,0.0120228254076174,0.0404041195882236,0.1409552191443714,-0.0571792218653415,-0.0378159153252543,-0.0218812695448684,2.840372160106448,2.7682931441128686,0.250080234925005
mt-Nd5,0.0004776817289569,0.002436734808989,0.0225760625231335,-0.1612527397483217,-0.1186484091292773,-0.0822456014177973,1.5705367395787435,1.4456637404097474,0.06989268622856254
mt-Cytb,0.0086155581188204,0.0350891160940478,0.0885337720142295,-0.071289735507054,-0.0536676884469218,-0.0361823825586955,2.9328944014632823,2.825743547423775,0.23566552017196027
