gene,pval_lower,pval_median,pval_upper,log2fc_lower,log2fc_median,log2fc_upper,median_Salmonella_infNonTLSwk3_median,median_Salmonella_infNonTLSwk6_median,FDR_BH
Tcea1,0.0308091044172122,0.3169975086812533,1.0,-29.12595528709566,-0.8419306929054063,1.6821177680691604,0.426064618820613,0.2380448346652849,0.7721257302743612
Tram1,0.0149230023889751,0.1119097370670114,0.5576726074341468,0.4345379077445258,2.304657580399909,29.15761060329964,0.1161482004570815,0.57109938330436,0.7721257302743612
Rpl7,0.1048951048951048,0.5053613053613053,0.959129759129759,-0.0092008215353278,0.0358931252799349,0.0853973001916398,2.5297829891313475,2.5933327253591187,0.7721257302743612
Eloc,0.1605283605283605,0.6741981971505068,1.0,-0.1912265049861072,0.057198885701394,0.2485609759866051,0.6032808830809585,0.6317193079415915,0.7721257302743612
Lmbrd1,0.0176767254458421,0.2042192702898491,0.957492737513927,-0.0719357907350853,1.9312450961607224,29.181862297977244,0.1426278539162087,0.5651797385781905,0.7721257302743612
Phf3,0.1311305028696508,0.6314395816467896,1.0,-1.6373678075641305,1.418302738023464,28.90106561482277,0.1351296870554182,0.3629162811235137,0.7721257302743612
Dst,0.0518570202911714,0.3706183398171955,0.958117093999278,-0.0299748516217181,0.4661977445265434,1.5276378793721563,0.610291995198232,0.8448056382262024,0.7721257302743612
Ptpn18,0.0281274281274281,0.1303807303807303,0.7209013209013208,-0.2868810124298228,-0.1772587479787,-0.056677324098342,1.6921916181340175,1.4998583574583224,0.7721257302743612
Neurl3,0.1048951048951048,0.5053613053613053,0.960151515151514,-0.4147303987921854,-0.1215028091293962,0.1494103052023614,0.7795607349545594,0.7240897171764413,0.7721257302743612
Cox5b,0.1303807303807303,0.4418026418026417,0.959129759129759,-0.0121435977454801,0.0995835142039877,0.2117854408320112,1.296903074836595,1.3894732121343076,0.7721257302743612
Eif5b,0.0498834498834498,0.5737373737373737,1.0,-0.2570592557336454,-0.0800553818783045,0.1695500014292411,1.084291855853945,1.0226987768380176,0.7721257302743612
Rpl31,0.2786324786324786,0.7984459984459983,1.0,-0.0679461241230016,0.0122145044435966,0.0897673112629534,1.981846469943585,2.0031515793449977,0.8028438038229958
Rnf149,0.0498834498834498,0.3169975086812533,0.8784770784770783,-0.0113234638415927,0.2206360641867247,0.4410330194388374,0.7858106195200361,0.9162374492084888,0.7721257302743612
Map4k4,0.0281274281274281,0.3282051282051281,0.959129759129759,-0.088353537486755,0.2299792974937267,0.5463227329652877,0.7740638418369539,0.9096752839310376,0.7721257302743612
Tpp2,0.1480106940237816,0.5465237317126098,1.0,-28.946440861914333,-0.5485628423316542,28.15478767966253,0.253080008858846,0.1778037991400194,0.7721257302743612
Stat1,0.0206682206682206,0.1605283605283605,0.5053613053613053,-0.6243204914009862,-0.3882852105144443,-0.1558828963615777,1.4356712988923177,1.1024392090236226,0.7721257302743612
Gls,0.0829836829836829,0.4418026418026417,0.960151515151514,-0.1024988234241476,0.1385632742986268,0.3655477521897196,0.723920965365509,0.7957550697160003,0.7721257302743612
Nab1,0.1447541897224064,0.679098518159855,1.0,-28.355173271683658,0.0,28.38413575441548,0.0906603215289297,0.1162581848652662,0.7721257302743612
Stk17b,0.1947234362000748,0.7123816042098661,1.0,-0.3245587334339099,-0.0830146932543782,0.1551702487403289,0.658685495170927,0.6270177362539701,0.7721257302743612
Sf3b1,0.0379176379176379,0.5737373737373737,1.0,-0.189030160209822,-0.0369953758951159,0.0926754164594622,1.3447795838261851,1.313967271487619,0.7721257302743612
Coq10b,0.2687359373937462,0.7129894874507409,1.0,-0.4689168460877548,0.0147197411228046,0.8385509624983786,0.5440379957949679,0.5465186381294347,0.7721257302743612
Hspd1,0.0485284880562916,0.4295368450634365,1.0,-0.099324803425701,0.2449397134406317,2.2544251833434497,0.4879873645583197,0.575216589794324,0.7721257302743612
Hspe1,0.2786324786324786,0.7209013209013208,1.0,-0.130852274842298,0.0519361992059831,0.2181140234316914,1.0451370069040111,1.0850294494857329,0.7721257302743612
Bzw1,0.1303807303807303,0.7209013209013208,1.0,-0.1523581789495139,0.0286257531787463,0.1935897646182375,0.8181528710903012,0.8343893399630415,0.7721257302743612
Clk1,0.1048951048951048,0.461920478323797,0.959129759129759,-0.4492077274311982,-0.1605226407396566,0.0834036832599455,0.7488384008703525,0.6726828441444341,0.7721257302743612
Ndufb3,0.0828964098822239,0.5283087192353848,1.0,-0.0935828929679358,0.1663371105580349,0.6416752978629258,0.6252106316692512,0.6943641664551622,0.7721257302743612
Cflar,0.2786324786324786,0.7209013209013208,1.0,-0.1366128189738059,0.0403946737347503,0.2764640602918883,0.8503007888466518,0.8665490152722293,0.7721257302743612
Sumo1,0.1048951048951048,0.6453768453768453,1.0,-0.2415630390972833,-0.0092458078072097,0.298809259502215,0.6903030367530683,0.6845566102791676,0.7721257302743612
Fam117b,0.0591504362583107,0.397321419035571,0.957810850422856,-0.0157395256671467,0.6155698499660582,2.1047239036181344,0.368189128356681,0.5618663174751088,0.7721257302743612
Nrp2,0.0822168388123539,0.6339972307873878,1.0,-0.2887381703439183,0.1640450885354139,1.7117154382613289,0.5353574880576982,0.597379305032672,0.7721257302743612
Eef1b2,0.1948717948717948,0.7209013209013208,1.0,-0.0403409614693776,0.0184253423907027,0.1005655667228512,2.230788042152735,2.257800167757145,0.7721257302743612
Rpl37a,0.1303807303807303,0.5053613053613053,0.959129759129759,-0.0329022160342101,0.0087209889133614,0.0487029490169173,3.3573903310009072,3.3721577303450703,0.7721257302743612
Arpc2,0.2786324786324786,0.7209013209013208,1.0,-0.0316503743553056,0.0165131799594261,0.0648708101520745,2.1028035571933,2.130437951360776,0.7721257302743612
Aamp,0.1826273205277613,0.6945980769823016,1.0,-27.952410425661675,0.8570231626022164,28.74294798488445,0.1106768811737992,0.2196685953562664,0.7721257302743612
Tmbim1,0.0503082027202481,0.2666030678505001,0.8744592481051268,-0.0535113525116479,0.940805839505502,29.262298033980876,0.3354360253272233,0.6429652074683753,0.7721257302743612
Slc11a1,0.2786324786324786,0.7984459984459983,1.0,-0.1788895868904884,-0.0090389952187862,0.1794254272943078,1.0545984506472073,1.048036273524366,0.8028438038229958
Dock10,0.0235358787657099,0.2257768083327037,0.8784770784770783,-0.0789589640927905,0.4728924250237961,1.5039961170428129,0.4640286817879345,0.6424616068242726,0.7721257302743612
Trip12,0.0245839075307487,0.1311305028696508,0.5576726074341468,0.3630759147413562,2.141816754139337,29.3213929882459,0.1441117885067683,0.6341641870339767,0.7721257302743612
Sp140,0.144994377969939,0.6662276454096188,1.0,-26.980754908572223,0.5083593682130849,28.89066452367537,0.2313267837594124,0.3560877897961905,0.7721257302743612
Itm2c,0.0829836829836829,0.4418026418026417,0.959129759129759,-0.0396264947341354,0.0788890791510513,0.1977959894210884,1.1927295086494123,1.25770099801812,0.7721257302743612
Ncl,0.2344988344988344,0.7984459984459983,1.0,-0.1356731034872445,-0.0216483326314996,0.0892713330050643,1.544191526751645,1.52363931314414,0.8028438038229958
Ptma,0.0069930069930069,0.1048951048951048,0.7209013209013208,-0.0036291838750846,0.0390046661907979,0.0960828158303627,2.7787255636234702,2.854564722896325,0.7721257302743612
Eif4e2,0.0300874088369119,0.4239989896164244,1.0,-0.1550043970379237,0.8356066005320387,28.948310483184315,0.2777575409716269,0.5186758292529552,0.7721257302743612
Inpp5d,0.03995760576407,0.1889374480029941,0.7209013209013208,0.045704269534297,0.414452646895126,1.268416817110562,0.5683968003347986,0.7391365329748882,0.7721257302743612
Arl4c,0.0206682206682206,0.1948717948717948,0.6453768453768453,0.0218888133506297,0.1361859483067088,0.3232762174476115,1.5952011595483175,1.7544250833433277,0.7721257302743612
Lrrfip1,0.0206682206682206,0.1948717948717948,0.8784770784770783,0.0616151425131154,0.3082372365103999,0.5673667791778434,0.7289833031991482,0.9014443730361406,0.7721257302743612
Ube2f,0.0891428476634705,0.5576726074341468,1.0,-0.0140608875560438,1.4030126499804252,28.978630150006182,0.1891138244606487,0.505696366148118,0.7721257302743612
Ndufa10,0.2242111673126433,0.73646832843217,1.0,-27.309945950117548,0.78954067683323,28.84776791659884,0.1490482579429262,0.284596088897467,0.7867473755618045
Cops9,0.1948717948717948,0.7129894874507409,1.0,-0.1524561806509293,0.0280446279043499,0.2234744360206699,0.8366692063486932,0.8543892702606383,0.7721257302743612
Gpr35,0.0808578101401583,0.4589281861225893,1.0,-0.0960976811537864,0.6396278180803769,29.03424283870121,0.4115934861529849,0.64122636490069,0.7721257302743612
Hdlbp,0.1889374480029941,0.6741981971505068,1.0,-0.2790866665385721,-0.0544562053537155,0.1675541627654908,0.6755406256482215,0.6499587205348929,0.7721257302743612
Fam174a,0.0147630147630147,0.1033079701313654,0.461920478323797,-0.5315183861379607,-0.3138056258234322,-0.090973829128762,0.8120110169286592,0.6508076931747405,0.7721257302743612
St8sia4,0.0933375471780228,0.5961490715101023,1.0,-28.82508315777012,-0.6409167968024333,28.082966143658336,0.1891138244606487,0.1120332706247232,0.7721257302743612
Vps4b,0.0658827641887259,0.4305578876446536,0.959129759129759,-0.1341779204132002,0.1269591628815481,0.3869905030278041,0.6349900537434432,0.6887756405344395,0.7721257302743612
Ralb,0.261697644476288,0.6549402754623503,1.0,-28.485345279343967,-0.3457357333579959,28.1889904369094,0.253080008858846,0.1433167912247765,0.7721257302743612
Dbi,0.1303807303807303,0.6453768453768453,1.0,-0.0651672764859009,0.0338593724395163,0.1538405471331586,1.1597497447081777,1.1906840479968277,0.7721257302743612
Actr3,0.1948717948717948,0.7209013209013208,1.0,-0.082774234766697,0.0027252121558866,0.0776111088386478,1.7111973813142751,1.7166638947355914,0.7721257302743612
Ubxn4,0.2344988344988344,0.7209013209013208,1.0,-0.240953236170179,0.0226765436798102,0.2852051181659831,0.7131675073479193,0.7215886136324383,0.7721257302743612
Cxcr4,0.3822843822843822,0.7984459984459983,1.0,-0.1451813971806029,0.1002870692522055,0.3722815205226188,0.983639812595177,1.0572437185214056,0.8028438038229958
Mapkapk2,0.0649572649572649,0.5737373737373737,1.0,-0.1985033874107306,-0.0408965933621694,0.1578015401346034,1.0360300449775612,1.0078840724492737,0.7721257302743612
Rab7b,0.0046620046620046,0.1048951048951048,0.5737373737373737,0.0734020397308663,0.2593609824967913,0.5018747169706302,1.40436128107928,1.6884518776799324,0.7721257302743612
Nucks1,0.0281274281274281,0.4925984834365451,1.0,-0.4176089163898025,-0.1180320910825959,0.8125169529363157,0.5937157574800775,0.5452217120434155,0.7721257302743612
Snrpe,0.0379176379176379,0.5053613053613053,1.0,-0.0808440280620853,0.058320435854269,0.2094408133237535,0.9740895137550104,1.0119845092775772,0.7721257302743612
Btg2,0.0147630147630147,0.0829836829836829,0.4418026418026417,-0.5632124556974842,-0.4036933883626393,-0.1471878122642703,1.4445274365082523,1.086169506794885,0.7721257302743612
Adipor1,0.1266856129229834,0.5053613053613053,1.0,-0.0898226648393399,0.2215668958097666,0.9540259161673093,0.5931415835984386,0.6861538299042484,0.7721257302743612
Arl8a,0.2073914000366514,0.7011912626598479,1.0,-0.3072183919553382,1.785731412364001,28.995124570651694,0.1324391942456742,0.4762423496424885,0.7721257302743612
Ptprc,0.0003108003108003,0.0147630147630147,0.1948717948717948,-0.1599475135148896,-0.10354412772811,-0.0466411325316946,2.107264302609275,1.9586355482575128,0.7721257302743612
Rgs2,0.0235205206659124,0.3053227730344605,0.9590483657712308,-29.34912615359312,-0.960505350355732,0.768680647979366,0.6560042868403405,0.3318879612740552,0.7721257302743612
Rgs1,0.1048951048951048,0.6453768453768453,1.0,-0.2395544527538415,-0.0512664741857907,0.1856141995895455,2.067855860429135,2.007056559426357,0.7721257302743612
Ptgs2,0.0649572649572649,0.5053613053613053,0.959129759129759,-0.3562876330957275,-0.1262566269702552,0.0697795473156257,1.832998940035595,1.6815811808071812,0.7721257302743612
Tpr,0.0104118104118104,0.1605283605283605,0.7984459984459983,-0.3955133980661725,-0.2292675390304379,-0.0443490994808949,1.121460274224224,0.9585717875103216,0.7721257302743612
Rgl1,0.0262942089944858,0.2460723517436551,0.9157535305649552,-1.4623087472426224,-0.3860413488522777,0.2077919537800095,0.6625797181407975,0.5126690914640006,0.7721257302743612
Arpc5,0.0829836829836829,0.6453768453768453,1.0,-0.1198629731869067,-0.0182742370755476,0.0828954603128723,1.52086646201891,1.502631988263173,0.7721257302743612
Ncf2,0.0281274281274281,0.1303807303807303,0.5737373737373737,0.0653792036974848,0.1974450547307417,0.3626611708487505,1.047252870868105,1.1979478899393587,0.7721257302743612
Rnasel,0.0228962901495174,0.2042192702898491,0.9106823116201748,-29.249868924045707,-1.6380782868099015,0.7048227692331046,0.543284867427781,0.1385540473994715,0.7721257302743612
Glul,0.1221757823939265,0.4883708485316103,1.0,-0.8609867915163009,-0.3287394801089798,0.2646319895597172,0.6660283104087185,0.5309438389433987,0.7721257302743612
Ier5,0.3282051282051281,0.7984459984459983,1.0,-0.1937103168686413,-0.0054944311373072,0.1938432772594462,1.0588592943645323,1.053267799907711,0.8028438038229958
Tor1aip1,0.0006216006216006,0.0379176379176379,0.4433916083916068,-0.4629047248326263,-0.2944561301576204,-0.0944891119702835,0.8328226335405542,0.6769292790513539,0.7721257302743612
Soat1,0.0179620677464387,0.1605283605283605,0.7984459984459983,0.0064928508650799,0.1951869374551146,0.4184312280151102,0.9129272253516864,1.0403988424035928,0.7721257302743612
Mrps14,0.1119097370670114,0.6662276454096188,1.0,-1.3418189793406217,0.6890148766287911,28.960233259238127,0.2769138144034312,0.496434833144352,0.7721257302743612
Gas5,0.0829836829836829,0.3282051282051281,0.8784770784770783,-0.4595910429134211,-0.225196748948991,-0.0415749708116471,1.0301297946089272,0.8841413035371934,0.7721257302743612
Prdx6,0.0090090961446315,0.1010200224303009,0.4883708485316103,0.2608870503074543,1.3032296220259985,29.407096724081946,0.2763775148774917,0.6613691281465045,0.7721257302743612
Prrc2c,0.2344988344988344,0.7209013209013208,1.0,-0.116630711609543,0.0523948083805221,0.2014456860697209,1.1547799993907977,1.200211130471035,0.7721257302743612
Mpc2,0.0353813638804412,0.1501208222419232,0.4589281861225893,0.1562712099088913,1.1535428025674772,29.30424252077238,0.292319822670508,0.6467602096548624,0.7721257302743612
Creg1,0.1605283605283605,0.6453768453768453,1.0,-0.2612253135780248,-0.0779262202398208,0.1615526538296307,1.0961511797564794,1.0397308960119824,0.7721257302743612
Tmco1,0.1446069299211384,0.6536395693173636,1.0,-28.53725359365679,0.0253128743724575,28.590940689963578,0.119420452545871,0.134046056381555,0.7721257302743612
Fcgr2b,0.3282051282051281,0.7209013209013208,1.0,-0.0674045321006521,0.0586395366397555,0.205254637333215,1.37333406390613,1.4321689957229875,0.7721257302743612
Fcgr4,0.0585216810711015,0.2072440909861849,0.6453768453768453,-0.8278628737920419,-0.5126264635200801,-0.1890815427678315,0.975439637655736,0.6918842294878578,0.7721257302743612
Fcgr3,0.1048951048951048,0.3822843822843822,0.7984459984459983,-0.1937391004988923,-0.0930343210848096,0.0089101774097885,1.76940585726017,1.66020389827083,0.7721257302743612
Fcer1g,0.1303807303807303,0.4418026418026417,0.959129759129759,-0.0453818413496483,-0.0183098142711265,0.0103886288656757,3.244952438829157,3.2043465750587288,0.7721257302743612
Ndufs2,0.0820772977283139,0.5465237317126098,1.0,-28.858531907399115,-1.082131570441767,27.310118098634103,0.2781409832360702,0.1325613981214102,0.7721257302743612
Ufc1,0.1221757823939265,0.4883708485316103,1.0,-0.0210307591280854,0.9595397643087225,29.03345759248744,0.2754107326281885,0.5352552462395542,0.7721257302743612
Pfdn2,0.0513398264234592,0.5606272147226752,1.0,-0.1828853629879617,0.2653773097095453,2.092538857983492,0.4427480778244635,0.546341777880902,0.7721257302743612
Arhgap30,0.0591504362583107,0.2715886742433745,0.955270926520046,-29.092802901615897,-1.7522370908687197,0.4270511286515329,0.5057046617579397,0.134046056381555,0.7721257302743612
Cd48,0.1501208222419232,0.5606272147226752,1.0,-1.0038882876962072,-0.0458279205247322,1.140670779039043,0.5096422988842754,0.5016078573403631,0.7721257302743612
Cd84,0.0904879299312675,0.5623719669710694,1.0,-0.995536899326827,-0.1065425357765269,0.2477591555111612,0.6033338558714327,0.5696849771569696,0.7721257302743612
Pea15a,0.049646897295879,0.4589281861225893,1.0,-0.1482419539113036,0.1243412515952828,0.8788832397819119,0.5792954737041579,0.6289314613442141,0.7721257302743612
Igsf8,0.0072264664844569,0.1275273133578452,0.7525377274994569,0.0240048224051554,0.4254103937758615,1.1910072888549352,0.5127691989905889,0.690608027795651,0.7721257302743612
Tagln2,0.0498834498834498,0.1605283605283605,0.5634991458079981,0.0916336450042604,0.4918787590517745,1.4135109778311106,0.6784331442766718,0.947366239576138,0.7721257302743612
Slamf8,0.0147630147630147,0.2344988344988344,0.959129759129759,-0.0626024993886238,0.1637954721240104,0.3808610377500344,0.6989990907520308,0.7811514790406785,0.7721257302743612
Ifi207,0.1605283605283605,0.5737373737373737,1.0,-0.2847842227812767,-0.0885770209091463,0.0857262002168158,1.230384882686995,1.151199002738344,0.7721257302743612
Ifi204,0.0485974356945255,0.2630105719268568,0.8302517022358147,-1.87628610186876,-0.4621306491687,0.1975095157335405,0.6062103316516732,0.4470246634407162,0.7721257302743612
Mndal,0.0903003237575779,0.3684845482829788,0.8747345961020656,-1.0829511246176469,-0.3935968412718944,-0.0205251061876783,0.723459976971244,0.5549782448368618,0.7721257302743612
Ifi203,0.1163008546420284,0.5465237317126098,1.0,-28.989946050586862,-1.0936591470093058,27.358124728895188,0.2676607060396677,0.1287958201896267,0.7721257302743612
Hnrnpu,0.1303807303807303,0.6453768453768453,1.0,-0.1280604040524574,-0.0148855600955918,0.0907006731580989,1.277991829351885,1.2741219140186626,0.7721257302743612
Acbd3,0.0946411198588863,0.6105051285503021,1.0,-1.1482189485444152,-0.0442674955300714,28.30022300208041,0.4809051906577377,0.4778512134430165,0.7721257302743612
H3f3a,0.2344988344988344,0.6453768453768453,1.0,-0.0110034628388911,0.0239986037296767,0.0596978973499623,2.729680923686015,2.775817464816465,0.7721257302743612
Sde2,0.0819633433301909,0.5632366271431426,1.0,-0.1684713531408866,0.0517458351934825,0.7227973599733456,0.5978690117521848,0.6154648913780714,0.7721257302743612
Cnih4,0.0172872158825007,0.3706183398171955,1.0,-0.154435388323833,0.5037400229668613,2.407759686131984,0.4045925898155688,0.5770522906497803,0.7721257302743612
Wdr26,0.2344988344988344,0.7209013209013208,1.0,-0.220675303450573,0.0097022576727784,0.2012716455051901,0.7069640010556025,0.7105504147015265,0.7721257302743612
Srp9,0.0280203732959912,0.3282051282051281,0.959129759129759,-0.0745709713203664,0.1463900419551232,0.3676669708273062,0.838847455330386,0.9243772991997032,0.7721257302743612
Mia3,0.0720770195258305,0.5314002044865835,1.0,-28.428466596875808,-0.1662431251139309,2.010215893278413,0.3843888732769894,0.3482927060277556,0.7721257302743612
Eprs,0.0404794561132101,0.3648813140419181,0.957492737513927,-0.2151619930145367,0.9376872756329968,29.088198078596317,0.2803170266846848,0.5412893415398458,0.7721257302743612
Atf3,0.0619790574036473,0.2202347585707377,0.5576726074341468,-1.5324857031055352,-0.4386655905198097,-0.0935345398457097,0.8682797373080859,0.6436031102876107,0.7721257302743612
Ppp2r5a,0.2442734089479052,0.7509359138372155,1.0,-0.3895865113409892,0.0414533892647971,1.394641567963212,0.511897819131109,0.5296233893076943,0.7939431830338128
Fam107b,0.0460530998204478,0.3648813140419181,1.0,-0.0042455221804379,1.2675162021078483,29.19179097742772,0.2268737561679835,0.5737518916521335,0.7721257302743612
Camk1d,0.0354885841222526,0.2715886742433745,0.956284952863831,-29.206214740272088,-1.4107060392665671,1.53726854719315,0.4363271659747695,0.1763108510929187,0.7721257302743612
Celf2,0.0355562316423979,0.2476478461028965,0.95799832386793,-0.4623303834696437,-0.2483150665057099,0.0955583536091161,0.9174699141717128,0.7697020908522882,0.7721257302743612
Atp5c1,0.1303807303807303,0.6453768453768453,1.0,-0.1296943622883564,0.0737517079383293,0.2334772300667004,1.1334296231626548,1.1975379108774524,0.7721257302743612
Rsu1,0.1651999264393238,0.6945980769823016,1.0,-27.638469583885037,1.0156099486093455,28.381432396012965,0.0906603215289297,0.1987389030293385,0.7721257302743612
Vim,0.0206682206682206,0.2786324786324786,0.959129759129759,-0.0684274933612673,0.0607482876550069,0.1694816606434265,2.3572166848805773,2.4675009013849976,0.7721257302743612
Mrc1,0.1033079701313654,0.3051319235515994,0.7984459984459983,-0.980252425287068,-0.6219348604331221,-0.292177031179047,1.440775461630646,0.9371777643538428,0.7721257302743612
Plxdc2,0.2516139128667293,0.73646832843217,1.0,-28.15954800504486,0.0,28.47321342549273,0.0906603215289297,0.1297595968607367,0.7867473755618045
Pip4k2a,0.0496070263283971,0.1776874391005868,0.6370036025974756,-3.658736659882088,-0.7941185076444661,-0.1698514652587124,0.6691686480705985,0.3763701362016235,0.7721257302743612
Apbb1ip,0.1310404231318557,0.6355065570939342,1.0,-1.1851792414342934,0.0189225681586003,2.112339490442157,0.4634562468504822,0.4952193308241482,0.7721257302743612
Abi1,0.0379176379176379,0.4418026418026417,1.0,-0.4049932792567797,-0.1528475291443393,0.0880462691765572,0.7647426051145592,0.6926035966052454,0.7721257302743612
Il1rn,0.0206682206682206,0.1048951048951048,0.3822843822843822,0.1985378631007752,0.6309055834783167,1.3154503709449823,1.1610949526245689,1.81368954863973,0.7721257302743612
Edf1,0.2344988344988344,0.7209013209013208,1.0,-0.1803349809916221,-0.0436333626845345,0.1071488626033117,1.082248294692716,1.047898199584905,0.7721257302743612
Rpl7a,0.1303807303807303,0.5737373737373737,1.0,-0.0303106945638896,0.0308688321140847,0.0814697468843329,2.2197450737748,2.2688112410254897,0.7721257302743612
Surf4,0.1954750256864936,0.7090730856847203,1.0,-0.3510912906788519,0.5244254159281088,28.523059466264154,0.361842887239351,0.5235170003134435,0.7721257302743612
Ralgds,0.1385464150989199,0.6355065570939342,1.0,-0.2644929203310474,0.2195323418722104,1.46178893097235,0.5533257284992735,0.6563407553792335,0.7721257302743612
Set,0.1048951048951048,0.6453768453768453,1.0,-0.3121536870584678,-0.0848192754840174,0.1624615432299786,0.9688923126755302,0.9137772022858806,0.7721257302743612
Fnbp1,0.1605283605283605,0.7209013209013208,1.0,-0.2507444984482374,0.0003521840361375,0.252249493467023,0.7418900763926917,0.7451298777371085,0.7721257302743612
Swi5,0.0147630147630147,0.3822843822843822,1.0,-0.3224818200471988,-0.1195043399402857,0.0760910661902244,0.6473365728320963,0.5941930287203423,0.7721257302743612
Rpl12,0.0018648018648018,0.0281274281274281,0.1948717948717948,0.0443239830665263,0.1133700001896415,0.1937363489046319,2.525644284641535,2.731896488602864,0.7721257302743612
Hspa5,0.1948717948717948,0.7209013209013208,1.0,-0.1655334162107462,-0.0268057705819868,0.1478260371768928,2.2229476706604547,2.178653188296188,0.7721257302743612
Traf1,0.0720770195258305,0.397321419035571,0.95799832386793,0.1477160560732242,1.1449679789579763,29.379186495092256,0.3044534809617257,0.6670297385586414,0.7721257302743612
Rab14,0.0649572649572649,0.5053613053613053,1.0,-0.2240724171595879,-0.0745234433695698,0.0626165529255473,0.9372134326266776,0.8914204334690787,0.7721257302743612
Gsn,0.0104118104118104,0.1948717948717948,0.959129759129759,-0.0161983768476062,0.2621076804496872,0.633387693780298,0.5979438362414745,0.7172095241224179,0.7721257302743612
Ggta1,0.1303807303807303,0.5737373737373737,1.0,-0.1209586460881311,0.0881579599200348,0.2748742899452009,0.7542400336594073,0.8080710988092552,0.7721257302743612
Ndufa8,0.0206026175201654,0.1605283605283605,0.6453768453768453,0.0594921395102231,0.2481414104566401,0.5042404554265909,0.613680789474184,0.7254892952460915,0.7721257302743612
Ptgs1,0.2630105719268568,0.7101136277070772,1.0,-1.0611371838244013,0.2612206412958341,2.2209796179783283,0.410183825961643,0.5059933545536237,0.7721257302743612
Psmb7,0.0485974356945255,0.421330184072834,0.95799832386793,0.0532062803261251,0.4654501597843829,2.420673734460705,0.4218804267643172,0.5740729477435704,0.7721257302743612
Rpl35,0.0829836829836829,0.3822843822843822,0.959129759129759,-0.0348468510107433,0.0474256190447125,0.1300757189244605,2.14978759925329,2.2242357863034674,0.7721257302743612
Zeb2,0.0104118104118104,0.2344988344988344,0.959129759129759,-0.2675664725107085,-0.162949194263422,-0.0209174040157133,1.8328887048849,1.636740902912325,0.7721257302743612
Prpf40a,0.1033079701313654,0.6453768453768453,1.0,-0.1002710246248588,0.0928512632574287,0.5728153902443547,0.6943215470076552,0.737525312637832,0.7721257302743612
Cytip,0.0804834339913725,0.2687359373937462,0.7139381481104019,-0.0734920597061211,0.5813891845002008,1.6679579571827954,0.8516855569746176,1.2998634919394263,0.7721257302743612
Baz2b,0.0720770195258305,0.5606272147226752,1.0,-1.6397584091699522,-0.1121010116752654,1.2960172923840192,0.4746566913052457,0.4529557734752443,0.7721257302743612
March7,0.0829836829836829,0.5737373737373737,1.0,-0.1879603345924312,0.0488685947900613,0.2694964816126366,0.7684835807430099,0.7962586921106581,0.7721257302743612
Cd302,0.1303807303807303,0.6453768453768453,1.0,-0.3322078300554838,-0.137599036896376,0.0675257917511067,0.936697333906338,0.863162023900612,0.7721257302743612
Rbms1,0.1605283605283605,0.6453768453768453,1.0,-0.2970682004022673,-0.0298930820876588,0.3064867139065477,0.9052149079296116,0.8929840002638553,0.7721257302743612
Tank,0.0649572649572649,0.4418026418026417,1.0,-0.1017381947244248,0.1834195151401876,0.435856954549831,0.756793525227065,0.862349830028933,0.7721257302743612
Ppig,0.0645804195804195,0.5053613053613053,1.0,-0.1017925792733304,0.0910432051827652,0.2566340968118516,1.20870518230826,1.2843839853112264,0.7721257302743612
Ssb,0.3180689668505534,0.792746526993248,1.0,-0.1865285783620078,0.012390985867365,0.4005241396205095,0.6792311652169565,0.6838356903667435,0.8028438038229958
Dync1i2,0.0399796029462569,0.3706183398171955,1.0,-0.5644294108324553,-0.1662097420429095,0.2053355127213792,0.6479047582173835,0.5781803380750665,0.7721257302743612
Wipf1,0.1048363742972,0.6362542681663956,1.0,-0.5417573368379351,-0.0958519570489632,0.7985900648211787,0.5886362964129518,0.5506999405318318,0.7721257302743612
Atp5g3,0.0018648018648018,0.0379176379176379,0.2786324786324786,0.2014908908208788,0.3822089227432559,0.5217700399851453,0.9293734947791852,1.2216340825797176,0.7721257302743612
Hnrnpa3,0.1043473193473193,0.6453768453768453,1.0,-0.1614844570867987,0.0105783916442292,0.150281160371148,1.1784889428547252,1.1925188312631212,0.7721257302743612
Nfe2l2,0.0147630147630147,0.1948717948717948,0.7984459984459983,0.0039658733201859,0.0880487599579772,0.1795718466263432,1.7111999356599576,1.8216509754004688,0.7721257302743612
Itga4,0.0136354773848262,0.3148402731431644,1.0,-0.1898713681662018,0.9253898816415408,29.19985003999888,0.309924800245008,0.5964354174505044,0.7721257302743612
Zc3h15,0.0784784196071203,0.4399440943241552,1.0,-2.15992576632486,-0.2542415006536687,0.6698612236109484,0.5354065225639908,0.464637952538074,0.7721257302743612
Ptprj,0.0104118104118104,0.1605283605283605,0.7984459984459983,-0.5311586911851104,-0.2776382516578535,-0.0465127011146054,0.7481663879105281,0.622480497183571,0.7721257302743612
Celf1,0.1446069299211384,0.6217687412649331,1.0,-28.52071484269205,-0.232678751320889,28.16872430319609,0.2465107174568215,0.2072228496440715,0.7721257302743612
Psmc3,0.2967748350721579,0.7886676855699262,1.0,-0.7642318453229054,0.6437301490629728,2.1614999438238423,0.244129384090714,0.4378481813657238,0.8028438038229958
Spi1,0.0498834498834498,0.2786324786324786,0.8784770784770783,-0.0030890728366184,0.1068192152547144,0.234863138836066,1.4206546425321676,1.5290067103742275,0.7721257302743612
Acp2,0.1388637976716842,0.476087344441214,0.9575006903366504,-29.20219960308654,-1.1218791715192815,0.6502742973567075,0.5724432993237659,0.2391827651965955,0.7721257302743612
Cd44,0.0649572649572649,0.2344988344988344,0.6453768453768453,-0.0176515188295182,0.2411757537096787,0.5188329782748119,1.0918153961725614,1.2753417443111987,0.7721257302743612
Caprin1,0.023845234869951,0.3282051282051281,1.0,-0.0687780156591299,0.2786507744789925,0.9002127673225286,0.5602730161791227,0.6803976053445175,0.7721257302743612
Eif3m,0.0234641873132727,0.3822843822843822,1.0,-0.1243233219500561,0.0991694363728098,1.0374503460181208,0.5852980643688057,0.6230742586853505,0.7721257302743612
Nop10,0.0281274281274281,0.2786324786324786,0.8784770784770783,-0.0088753322609912,0.2465237996687159,0.712278227314867,0.6590805401633457,0.778111194167934,0.7721257302743612
Spred1,0.02880201662765,0.3648813140419181,1.0,-28.829839610471225,-0.5496611355510864,1.4134840589407571,0.5206525539610558,0.3426810270523637,0.7721257302743612
Srp14,0.1605283605283605,0.7209013209013208,1.0,-0.1423226678652828,0.018649510208611,0.2075068940114072,1.0606296470121266,1.071320327534355,0.7721257302743612
Chp1,0.2073914000366514,0.7074692626541204,1.0,-0.382925945181581,0.5236359152537878,29.03818540258162,0.367823418417089,0.537563063401172,0.7721257302743612
Rtf1,0.2496751994882275,0.7840226582999281,1.0,-1.2166413245880765,0.660694105725689,28.852860429055102,0.2485873947027557,0.4391125903807631,0.8028438038229958
Ehd4,0.1956677425436415,0.4239989896164244,0.957492737513927,-1.2755237421759096,-0.2585861040009078,0.540111018500814,0.6417805722858341,0.5425757319825047,0.7721257302743612
Zfp106,0.0457040755705546,0.491634177169701,1.0,-0.599850575586032,-0.1025777290224348,0.9735165329222248,0.5729430014921577,0.5421520636230508,0.7721257302743612
Snap23,0.0164620142375873,0.2073914000366514,0.8693781812977219,-29.11605616690435,-1.3587552094021729,0.7525979085558901,0.5140726662755133,0.2017765312243685,0.7721257302743612
Pdia3,0.0649572649572649,0.4418026418026417,0.959129759129759,-0.1455274318518607,-0.0570386762785343,0.0237401530545783,1.6347027221822923,1.573350600455265,0.7721257302743612
Serf2,0.0649572649572649,0.4418026418026417,0.959129759129759,-0.0151919295446053,0.020932212792742,0.063326326434183,2.33170757125125,2.36398827148669,0.7721257302743612
B2m,0.2786324786324786,0.7984459984459983,1.0,-0.0307026439707324,-0.0058549277067468,0.0176899395006846,3.761891337533548,3.746627730903498,0.8028438038229958
Gatm,0.1605283605283605,0.6453768453768453,1.0,-0.1576181943815916,-0.0378342381952912,0.0511662065565514,1.6110100143005626,1.57262028140175,0.7721257302743612
Eid1,0.0649572649572649,0.3716774469130736,0.959129759129759,-0.5492771303179604,-0.2445705553199813,0.1051687049191514,0.7061594486103737,0.5944195294839809,0.7721257302743612
Sppl2a,0.0205205905205905,0.1605283605283605,0.8784770784770783,-0.3967678027051871,-0.1707597874760275,0.0668278026823183,0.9524410284490914,0.8512226118511514,0.7721257302743612
Dusp2,0.1559493936014953,0.6741981971505068,1.0,-0.513923732228879,-0.1275341590831182,0.5404837770721675,0.7314298557492873,0.6626218368147112,0.7721257302743612
Bcl2l11,0.0658827641887259,0.4305578876446536,0.959129759129759,-0.1101993528951243,0.154362540307354,0.5770924120822731,0.6810043794009608,0.7564502408416249,0.7721257302743612
Il1b,0.1948717948717948,0.7209013209013208,1.0,-0.1472080510071658,-0.0351831044730044,0.0883283547997509,3.232850830583584,3.152832585963461,0.7721257302743612
Sirpa,0.0046620046620046,0.0829836829836829,0.3822843822843822,-0.3297050051879111,-0.2186985558753529,-0.1055643040561139,1.493232812413125,1.2830001579779524,0.7721257302743612
Snrpb,0.0379176379176379,0.2786324786324786,0.8784770784770783,-0.0109869235498057,0.2079170056003599,0.4414254736679219,0.69969615626232,0.8145998668989098,0.7721257302743612
Ddrgk1,0.0073620625226393,0.2697960790058185,0.959129759129759,-0.0661355777279614,0.1238622081769829,0.6206946975067349,0.6001253592046047,0.6543167373339056,0.7721257302743612
Smox,0.0235358787657099,0.1531983720915998,0.5632366271431426,0.1432686091517544,0.8057918833192039,2.450534838772471,0.4890025132029442,0.8589817713088302,0.7721257302743612
Pcna,0.1221757823939265,0.5606272147226752,1.0,-0.3972929332103447,-0.0893144489636132,0.5117302694646045,0.5475934706022845,0.5210358159174328,0.7721257302743612
Snrpb2,0.0727891754291459,0.6217687412649331,1.0,-1.9308471530156,1.0259016106966643,29.01746127287897,0.1797401904153157,0.3916735389963884,0.7721257302743612
Dstn,0.0702527659415716,0.4883708485316103,1.0,-28.895311591288127,-0.7326516095962978,0.8148265709545571,0.4533697646953972,0.2392491430008131,0.7721257302743612
Rrbp1,0.1048951048951048,0.6453768453768453,1.0,-0.1114970016454577,-0.0078199217464867,0.0890247394936845,1.638486194105585,1.6272088058963687,0.7721257302743612
Snx5,0.1948717948717948,0.7209013209013208,1.0,-0.2274080396945183,-0.0544814383981907,0.1685836751237094,1.2387927273751798,1.1947611447164024,0.7721257302743612
Xrn2,0.0376442906310159,0.3883232289789247,0.958555419076078,-28.634518915141214,-0.6645019911049508,27.79967792898105,0.421493434217247,0.2463778880618412,0.7721257302743612
Cd93,0.1303807303807303,0.5737373737373737,1.0,-0.5113461485230167,-0.2061255248924635,0.0852883715720004,0.923107653944326,0.7981878575335342,0.7721257302743612
Cst3,0.0379176379176379,0.2344988344988344,0.6453768453768453,-0.1188849326386772,-0.072673587489921,-0.0218380335430248,2.8685366545165976,2.72634521731367,0.7721257302743612
Abhd12,0.0460530998204478,0.1501208222419232,0.4295368450634365,-29.412936960771493,-1.107824184863167,-0.2826844294640198,0.6896554823972775,0.299556852564496,0.7721257302743612
Fkbp1a,0.0399796029462569,0.2687359373937462,0.8324162344076115,0.0098284223647932,0.3469399951373081,2.2377736631772382,0.557784260106392,0.6840948078536493,0.7721257302743612
Csnk2a1,0.1179173600517424,0.476087344441214,1.0,-28.755161719034906,-0.601872794170538,0.337384289661615,0.5573412436417331,0.3487454968592142,0.7721257302743612
H13,0.0128897158034169,0.2575318164737318,0.9570017810351952,0.0906960055078881,2.1105715528743243,28.99085300764307,0.112094566703016,0.4848936800980654,0.7721257302743612
Hck,0.1718517022196694,0.6453768453768453,1.0,-0.2843742950359028,-0.0883634201682623,0.1206290966333194,0.6731521360773658,0.6362968837275796,0.7721257302743612
Mapre1,0.0498834498834498,0.4418026418026417,1.0,-0.0701546280087008,0.0855368898994243,0.2833579951380521,0.793765520321608,0.840125591684916,0.7721257302743612
Chmp4b,0.1048951048951048,0.6453768453768453,1.0,-0.0823218055064872,0.080278636288198,0.2762283845245312,0.8059469177914915,0.8488255515320985,0.7721257302743612
Raly,0.0219109698020534,0.2630105719268568,0.95799832386793,-0.0727678040976191,0.5173391153511273,29.062716832750148,0.3935750455768048,0.5649077522724897,0.7721257302743612
Eif2s2,0.1605283605283605,0.7209013209013208,1.0,-0.2447132666306314,-0.0427221395628729,0.2304222525184011,0.9687447199836988,0.9395554230260614,0.7721257302743612
Eif6,0.1048951048951048,0.5053613053613053,1.0,-0.0711915277731254,0.2615464758562424,1.0657200702062186,0.6189996691242574,0.7438089842253799,0.7721257302743612
Romo1,0.0147630147630147,0.0649572649572649,0.2786324786324786,0.1974234997859256,0.3870141462590532,0.8117008948173109,0.6954502090005692,0.9012981392473453,0.7721257302743612
Rbm39,0.0495843045843046,0.3282051282051281,0.959129759129759,-0.2145816592969285,-0.0968989184198692,0.0271746317372464,1.5029363667275524,1.404209615694514,0.7721257302743612
Scand1,0.3282051282051281,0.7984459984459983,1.0,-0.2506161719304753,-0.0725298141586539,0.1531007297199526,1.18188054620376,1.120125252307755,0.8028438038229958
2900097C17Rik,0.0585216810711015,0.5623719669710694,1.0,-0.5233593663326843,-0.1662940644233495,0.7243045499480194,0.6361560536923969,0.566712752543763,0.7721257302743612
Rab5if,0.0355562316423979,0.2072440909861849,0.7123816042098661,-0.4943569037483943,-0.310245983303794,-0.0357532301391282,0.7320083914855693,0.5881418844325073,0.7721257302743612
Samhd1,0.0018648018648018,0.0281274281274281,0.3282051282051281,-0.4497628101066636,-0.2236530430119295,-0.0721888282452902,1.2917032324157525,1.1171594130081812,0.7721257302743612
Rpn2,0.0001554001554001,0.0053510343901815,0.1048951048951048,0.1968812927701944,0.4278225881196791,1.2658595741225187,0.5916617587512782,0.793024600095859,0.7721257302743612
Tgm2,0.0206682206682206,0.1303807303807303,0.5070707070707055,0.0295657712053562,0.2381586605428159,0.5723775009670918,1.2783285578400678,1.5129447700234535,0.7721257302743612
Mafb,0.1605283605283605,0.5737373737373737,1.0,-0.1871172288695303,-0.0911429680164899,0.0387667886808495,2.4099282153928048,2.257471693525544,0.7721257302743612
Top1,0.0649572649572649,0.3282051282051281,0.8784770784770783,-0.0675442254929648,0.0986418855945912,0.3154465268169074,1.479834710593305,1.5877180580912476,0.7721257302743612
Srsf6,0.0891428476634705,0.4323095522662977,1.0,0.1012204164057278,1.6922489951851216,29.111253381027133,0.1616351492076337,0.549322376407945,0.7721257302743612
Oser1,0.042540179680975,0.2202347585707377,0.8739886482858757,-29.143373686778716,-1.484001290341969,0.7593483186418296,0.4368598332685023,0.135914479485411,0.7721257302743612
Serinc3,0.3282051282051281,0.7209013209013208,1.0,-0.2786196935691552,-0.0150395635184614,0.2432352134608424,0.971013112186456,0.9584642592627716,0.7721257302743612
Ywhab,0.0281274281274281,0.3282051282051281,0.959129759129759,-0.2514731237937538,-0.0800584709816188,0.0807081117785605,1.0701717631004417,1.0158505916942115,0.7721257302743612
Sdc4,0.1948717948717948,0.7209013209013208,1.0,-0.2063097517681359,0.0481794000467327,0.2874605052901441,1.27869028208337,1.3193628172063665,0.7721257302743612
Sys1,0.1501208222419232,0.672143970444527,1.0,-0.5760638188084329,-0.0595338400905214,1.1971320623370645,0.5643845640817875,0.5387834355212735,0.7721257302743612
Ctsa,0.194013209013209,0.6453768453768453,1.0,-0.1798310559600881,-0.0522158649935661,0.0738905466328455,1.5458506439252038,1.4931733201317612,0.7721257302743612
Pltp,0.0273095485243928,0.2257768083327037,0.7209013209013208,-0.7139176544777533,-0.4424454401102448,-0.1696052063330997,0.9276426063464877,0.6847742495017958,0.7721257302743612
B4galt5,0.0176767254458421,0.1119097370670114,0.4239989896164244,0.3262305620424747,1.4186799408744688,29.402655333313724,0.2485873947027557,0.6854742347509943,0.7721257302743612
Tmem189,0.0003108003108003,0.0069930069930069,0.0649804024380514,0.3484099053058504,0.615641236680801,0.9118672121052508,0.6701914696167826,1.02261654951261,0.7721257302743612
Cebpb,0.1303807303807303,0.6453768453768453,1.0,-0.0549852704005617,0.0123686008673098,0.0773311199181129,2.8431220691330874,2.865643283475608,0.7721257302743612
Ptpn1,0.194013209013209,0.6453768453768453,1.0,-0.163502162829052,-0.0158077103383635,0.1100006116821871,1.2379350411807413,1.2283705053319476,0.7721257302743612
Dpm1,0.01495601585062,0.1501208222419232,0.7100042055409128,0.1451902611612763,1.3284317120302318,29.103854585780155,0.2268250816308807,0.5654012414337837,0.7721257302743612
Pmepa1,0.0090090961446315,0.0513398264234592,0.3186419215138367,0.2960734016698585,1.3721260994920268,29.58149672353572,0.2712235333452705,0.7399141977345922,0.7721257302743612
Gnas,0.0029526029526029,0.1303807303807303,0.8784770784770783,-0.0046485352769747,0.1064054205979129,0.2223525189646197,1.3380477783109574,1.4354720995070251,0.7721257302743612
Ctsz,0.0046620046620046,0.0379176379176379,0.1948717948717948,0.0527844072928659,0.1073762550476897,0.1639047607463176,2.46043510322566,2.6550266809022576,0.7721257302743612
Atp5e,0.0498834498834498,0.3282051282051281,0.959129759129759,-0.0091519755696227,0.0566890769461189,0.1524921672482489,1.9642461176463824,2.0433698797627518,0.7721257302743612
Psma7,0.0069930069930069,0.2344988344988344,0.959129759129759,-0.0427081716218939,0.1433566098629926,0.296431903678364,1.09252686827006,1.2037583425864375,0.7721257302743612
Rps21,0.0498834498834498,0.2344988344988344,0.7209013209013208,0.0036920219680587,0.042721346439778,0.0799018254837331,3.147872285584544,3.243569348716605,0.7721257302743612
Dnajc5,0.016383288950743,0.3112018520843261,1.0,-0.2955246990994741,1.2409519569686696,29.033557303920475,0.21438744854949,0.5115201862609348,0.7721257302743612
Gm8797,0.4001604954956691,0.7791362111653477,1.0,-26.79139157343469,0.3353926302831792,27.82251690550384,0.1389173852627705,0.2276825584352825,0.8028438038229958
Tpd52,0.0205205905205905,0.2786324786324786,0.959129759129759,-0.0305792102718182,0.0700551800115114,0.1603027673809162,1.5033071035172836,1.5834537778239135,0.7721257302743612
Fabp5,0.0652062695654512,0.2444968573844136,0.7509359138372155,0.0739020364769968,0.541717130205219,1.557232715006512,0.549426346551827,0.8132319374326671,0.7721257302743612
Ythdf3,0.2496751994882275,0.7723374412927804,1.0,-28.41965212688848,0.0915025370499816,28.48605966947144,0.1892789856124037,0.2230014858600302,0.8028438038229958
Cp,0.3514015705829848,0.7111541697294341,1.0,-1.0730269639277628,-0.0412507280008118,2.150981633614071,0.7046449634700045,0.7070749869332227,0.7721257302743612
Nceh1,0.1025458809789091,0.6355065570939342,1.0,-0.1584413728712808,0.1734671432256728,1.6654145618390763,0.542768930415142,0.6082356427095204,0.7721257302743612
Rpl22l1,0.0029526029526029,0.0829836829836829,0.5053613053613053,0.075629784038336,0.171591256473292,0.2564544148007854,1.70666637187352,1.927564241147705,0.7721257302743612
Sec62,0.4004675495719816,0.8335142129533152,1.0,-0.1495980363883029,0.022030724766869,0.1933326447479202,0.7989258309910429,0.800759481844091,0.8355484148153123
Skil,0.0069930069930069,0.2786324786324786,0.959129759129759,-0.3046941199563098,-0.1055167246103198,0.1191908437047672,1.1185033395755402,1.04238978040896,0.7721257302743612
Ndufb5,0.1948717948717948,0.7209013209013208,1.0,-0.2028849452296474,-0.0351772873751529,0.1230106271823509,0.9607485208688348,0.938045485351967,0.7721257302743612
Fxr1,0.2686826156551651,0.7898534698691263,1.0,-0.4138515690826244,0.3062056673528334,2.067525111028143,0.4235604702490803,0.5406148825223815,0.8028438038229958
Dnajc19,0.1550343725091923,0.672143970444527,1.0,-0.5541876058809844,0.1446017645659348,2.235640836053713,0.4601872850612177,0.4911684737082599,0.7721257302743612
Anxa5,0.001087801087801,0.0147630147630147,0.1303807303807303,0.1020135952681904,0.2030344988817141,0.3334589398747207,1.4687924322991726,1.6908723022828325,0.7721257302743612
Ndufc1,0.0281274281274281,0.3282051282051281,0.959129759129759,-0.0889529361945256,0.1173516404980194,0.3469754186319795,0.7946734758844236,0.866004295805962,0.7721257302743612
Rnf13,0.065257976057863,0.4186613785292437,1.0,-29.0535331952866,-0.7453187082646479,0.4119322762871106,0.541023598481466,0.3121064280506071,0.7721257302743612
Serp1,0.0829836829836829,0.5737373737373737,1.0,-0.2865293845673375,-0.126261384872912,0.0570570557451575,1.0823121490680203,0.993571149529307,0.7721257302743612
Mbnl1,0.1605283605283605,0.6453768453768453,1.0,-0.1524741022772933,-0.045487549233549,0.0826082078053038,1.1427579668446723,1.1030365013853576,0.7721257302743612
Ssr3,0.1559493936014953,0.6926761834399704,1.0,-0.3158705617690004,-0.0821326557691065,0.1878495939567094,0.6903339239117963,0.6514289908548874,0.7721257302743612
Tiparp,0.0147630147630147,0.1605283605283605,0.7131872832870052,0.0060208856815036,0.1604587602493797,0.3576089123622245,1.15276566099112,1.2877723212542862,0.7721257302743612
Ccnl1,0.0498834498834498,0.3282051282051281,0.959129759129759,-0.3002973146711464,-0.123679120108978,0.0673016808447304,1.1872865830781525,1.0944663418187228,0.7721257302743612
Mfsd1,0.0498834498834498,0.336206233495071,0.959129759129759,-0.3930142384464834,-0.1964640575704727,0.0204497128738223,0.8361585422097095,0.730628114595045,0.7721257302743612
Kpna4,0.1411232837969484,0.6741981971505068,1.0,-0.4455880341545013,0.1664421521227122,1.929289862721328,0.4742266544622082,0.5423541260002728,0.7721257302743612
Pdcd10,0.1605283605283605,0.6355065570939342,1.0,-0.1288768542120681,0.1064481130234128,1.0236814658389428,0.6035511646759308,0.6490843188172601,0.7721257302743612
Rapgef2,0.0513398264234592,0.2444968573844136,0.6355065570939342,0.0160099085200267,0.3250068631447131,1.4628830551780097,0.6506644970900182,0.7984624048724733,0.7721257302743612
Tlr2,0.1546882471302952,0.7129894874507409,1.0,-0.3081101571065784,-0.0015334947970598,0.3927610707508516,0.834569162435152,0.830094484796648,0.7721257302743612
Rps3a1,0.3822843822843822,0.7984459984459983,1.0,-0.059419871225268,0.0031710507137377,0.0678332308830595,2.704309351463273,2.707062022054275,0.8028438038229958
Etv3,0.1597746697746697,0.6453768453768453,1.0,-0.1072686215664582,0.0837591419181548,0.3193156867616093,1.120730564191,1.18247906137974,0.7721257302743612
Hdgf,0.4109392401761573,0.8292484591829462,1.0,-29.011541845028848,-0.7955110138104987,1.5872961154293437,0.4057024495851917,0.2490083628948107,0.8322878548794017
Glmp,0.1705610877239446,0.5465237317126098,1.0,-29.047574935783125,-0.9987525710615052,1.122174318905184,0.361517367242699,0.214075062281714,0.7721257302743612
Sema4a,0.1607729763491629,0.7011912626598479,1.0,-26.849643454841427,1.386337897809554,28.91209265806903,0.108605388701089,0.3624021725662537,0.7721257302743612
Lmna,0.0046620046620046,0.0649572649572649,0.4418026418026417,0.0905256815448445,0.3386958785842064,0.637507214723132,0.8521153838833088,1.07476539774256,0.7721257302743612
Lamtor2,0.0379176379176379,0.2344988344988344,0.7984459984459983,0.0265526219638206,0.248535441835754,0.3991280019621996,0.7372444727685578,0.8770309549409532,0.7721257302743612
Arhgef2,0.0483944862049927,0.476087344441214,1.0,-0.1780619101248431,1.543450884166431,29.026261744633548,0.1373594492645092,0.4942177789240879,0.7721257302743612
Krtcap2,0.0498834498834498,0.5737373737373737,1.0,-0.1902600028839879,0.0824847035207894,0.3403892374632936,0.6785216022352936,0.7173495378754469,0.7721257302743612
Dpm3,0.0933150868911135,0.4589096426585404,1.0,-28.97270010654225,-0.9786609587039096,27.530137212424247,0.2693378901781712,0.1287958201896267,0.7721257302743612
Il6ra,0.0164620142375873,0.2202347585707377,0.956284952863831,-29.120817434068325,-1.339269332183005,0.5949446336641068,0.5246879419427465,0.201607465444202,0.7721257302743612
Ubap2l,0.1048951048951048,0.5737373737373737,1.0,-0.1913903394816039,0.0535642186505838,0.2955302687395723,0.7333619254356375,0.7636049817060209,0.7721257302743612
Tpm3,0.1303807303807303,0.6453768453768453,1.0,-0.1023605872512701,0.0166301937434725,0.1415710328430318,1.4527941474940524,1.4656452681230674,0.7721257302743612
Rps27,0.1948717948717948,0.5053613053613053,0.959129759129759,-0.0482635294828744,0.0068598974880762,0.0546470947446462,3.1034271668794435,3.1124002980281302,0.7721257302743612
S100a1,0.0428360162743403,0.2976405854092169,0.8739886482858757,0.0822904118843557,1.973599388321124,29.0389740428291,0.1324391942456742,0.5275133701189735,0.7721257302743612
S100a13,0.1146659128588798,0.4945189922275712,1.0,-0.6670070567272943,-0.2019355183260662,0.1573171884935467,0.6466548702560823,0.564126117803033,0.7721257302743612
S100a11,0.039099715658779,0.2257768083327037,0.792746526993248,0.0798595390602468,0.9549044211211531,29.40845922615,0.39592234644666,0.7735520302636529,0.7721257302743612
Psmb4,0.0379176379176379,0.5053613053613053,1.0,-0.1331819724305164,0.079460661523219,0.2573164224329962,0.9141019127668316,0.9645571385874208,0.7721257302743612
Psmd4,0.0828964098822239,0.6339972307873878,1.0,-0.1670474106253515,0.0863243529727224,0.7145623063537386,0.5816438852605778,0.6216188962189819,0.7721257302743612
Ctss,0.1948717948717948,0.7209013209013208,1.0,-0.0384703106859678,-0.0008660414419605,0.0352424226367642,3.27561449441351,3.275858494910935,0.7721257302743612
Ensa,0.1705610877239446,0.6945980769823016,1.0,-28.638094091770316,0.1495945100601286,28.901024619915813,0.2607928692391185,0.262445334460887,0.7721257302743612
Mcl1,0.0829836829836829,0.6453768453768453,1.0,-0.1170670376857976,-0.0416531919036327,0.0814728254563535,2.321238909311954,2.2518663045408376,0.7721257302743612
Mrps21,0.0822168388123539,0.4935627897033893,1.0,-0.8705740630167079,-0.2059772844821803,0.137198666543485,0.6035697214741791,0.5271910344822189,0.7721257302743612
Aph1a,0.2496751994882275,0.73646832843217,1.0,-27.923811700441977,0.5476667315332597,28.92857610740988,0.230102063245034,0.2950514794402331,0.7867473755618045
Plekho1,0.1882272208161283,0.7209013209013208,1.0,-0.3010453076666659,-0.0767642069829084,0.2228361207521446,0.6272639509558142,0.5923016189387544,0.7721257302743612
Fcgr1,0.0739906272078213,0.3180689668505534,0.95799832386793,-0.6867674915523179,-0.3505279861678974,0.1583997429681851,0.7605538332301893,0.6018479026407985,0.7721257302743612
Rbm8a,0.235175815890246,0.7011912626598479,1.0,-28.3806941871039,-0.2975696633321658,26.57717551492584,0.2346663888341745,0.2062603841574265,0.7721257302743612
Tent5c,0.0012431417906453,0.0513398264234592,0.6362542681663956,0.0730449657722881,0.7959483806717207,29.34336465073179,0.4041976432637695,0.6940230992333832,0.7721257302743612
Atp1a1,0.0029526029526029,0.1605283605283605,0.8784770784770783,-0.0313700255034307,0.2362355506074208,0.531404519501737,0.7702068058760866,0.9113484462091168,0.7721257302743612
Csde1,0.1948717948717948,0.7209013209013208,1.0,-0.1518335819146168,-0.0428361679480709,0.0930311140632424,1.26439133927108,1.2250723143260738,0.7721257302743612
Capza1,0.0737879306323439,0.3442073387850138,0.959129759129759,-0.4514794161291566,-0.230737519733114,0.0392080542561945,0.7630687820672185,0.6502621915376317,0.7721257302743612
Rap1a,0.0206682206682206,0.2344988344988344,0.8784770784770783,0.0257219390101082,0.1419623666092693,0.2821490619377705,1.31626948808481,1.4448952277859624,0.7721257302743612
Atp5f1,0.1948717948717948,0.7984459984459983,1.0,-0.1482905956158613,-0.0132992380668332,0.1275826705236178,1.1960760432452788,1.1852003971698235,0.8028438038229958
Cd53,0.0147630147630147,0.1303807303807303,0.6453768453768453,-0.2638637987986431,-0.1543022491364557,-0.0387166691215296,1.4035871181724051,1.262351533476695,0.7721257302743612
Lamtor5,0.1311003359891045,0.6275008061114353,1.0,-0.1704526635681218,1.1110048932222854,28.918131123062025,0.2247535891581705,0.4801211856464405,0.7721257302743612
Psma5,0.1303807303807303,0.6453768453768453,1.0,-0.2842650892878893,-0.0855758193667977,0.3016050315034927,0.7407312566399615,0.6935271379255212,0.7721257302743612
Stxbp3,0.1411893573533081,0.6362542681663956,1.0,-0.3187038373724479,-0.0704771026216011,0.5017656441153291,0.6129914681641995,0.5876662312870427,0.7721257302743612
Prpf38b,0.1303807303807303,0.6453768453768453,1.0,-0.2058180852603104,-0.0254122878976402,0.1637456660061931,0.9116614421565404,0.900138403808318,0.7721257302743612
Vcam1,0.2344988344988344,0.7129894874507409,1.0,-0.265390925138703,0.1207795114884326,0.8275889003668501,1.6077218758971534,1.7550199210430537,0.7721257302743612
1810037I17Rik,0.0147630147630147,0.1948717948717948,0.7209013209013208,-0.3947048653443576,-0.2240478840684407,-0.0930226405169609,0.9537114048645048,0.81862756299178,0.7721257302743612
Snhg8,0.3589041079776869,0.7913911161280311,1.0,-0.2314845830358086,0.1320170625820397,1.36525809363463,0.5348159781376876,0.5758792872443912,0.8028438038229958
Camk2d,0.0808012021668319,0.4935627897033893,1.0,-0.1208479145870858,0.7938322683468259,2.3464419257336644,0.3389896497806802,0.6012396955125645,0.7721257302743612
Ostc,0.0308276094320916,0.3706183398171955,1.0,-0.1448177315124233,0.1695487865741937,1.4204949978939072,0.548482918314064,0.6160132884251297,0.7721257302743612
Rpl34,0.3282051282051281,0.7984459984459983,1.0,-0.0442454302997409,0.0046478981972339,0.0533005838718371,3.056389290863696,3.0652682726879523,0.8028438038229958
Aimp1,0.2172187573017174,0.7791362111653477,1.0,-1.9160951723811912,0.5904837795185672,28.696151757857223,0.2092842297845422,0.2718100694713909,0.8028438038229958
Tet2,0.0503082027202481,0.5623719669710694,1.0,-0.250585556662209,0.4664902801330023,2.4532484260488148,0.3939179076878404,0.5480185618256702,0.7721257302743612
Cisd2,0.1388637976716842,0.4323095522662977,0.957492737513927,0.0351566825984048,1.938090511285011,29.02871887683028,0.1334525029169147,0.5144626478669126,0.7721257302743612
Ube2d3,0.2344988344988344,0.7209013209013208,1.0,-0.0731269113067042,0.0205292944243776,0.1198497501553298,1.5205210409341725,1.53619691219134,0.7721257302743612
Nfkb1,0.3282051282051281,0.7984459984459983,1.0,-0.0796173484786779,0.0475943778667526,0.2534939345259364,1.2792403591818848,1.3191525515406175,0.8028438038229958
Ppp3ca,0.2697960790058185,0.7129894874507409,1.0,-0.3768712747946902,-0.106877737793753,0.4253964726438748,0.6736448348353082,0.6226794208523629,0.7721257302743612
H2afz,0.1048951048951048,0.5053613053613053,1.0,-0.0164374485068358,0.117325117819168,0.2894964308061344,2.1023036425697965,2.2824494888549376,0.7721257302743612
Dnajb14,0.1221757823939265,0.6339972307873878,1.0,-0.4410691207805027,0.2533170682532704,28.859748176536705,0.4216915020154758,0.5073633346577308,0.7721257302743612
Eif4e,0.0046620046620046,0.0379176379176379,0.1948717948717948,0.2664173668128398,0.5141560323222875,0.8244851556668339,0.8685654826668879,1.24262026649195,0.7721257302743612
Gbp7,0.0180440947460136,0.0822168388123539,0.3706183398171955,-1.0768386694676504,-0.663732986143999,-0.2978281879752714,0.977968279272821,0.6224224879875587,0.7721257302743612
Gbp2b,0.0355562316423979,0.1859940458034531,0.6663755535354914,-1.9738464465535344,-0.7781723803238939,-0.2494368599307855,0.7709411809292555,0.4659358360846426,0.7721257302743612
Lmo4,0.0104118104118104,0.0206682206682206,0.1275273133578452,0.3424347259835776,0.6221261558408677,1.6296328709787935,0.6220133596800337,0.9559826681189584,0.7721257302743612
Selenof,0.0281274281274281,0.4418026418026417,1.0,-0.0593540348543054,0.0611682008402034,0.2464651690038779,1.050829704699248,1.09337769970315,0.7721257302743612
Sh3glb1,0.0279409479409479,0.3282051282051281,0.959129759129759,-0.0053959108020616,0.069127375070125,0.144430973343232,1.6579091180416086,1.7405517826131014,0.7721257302743612
Bcl10,0.2039855834043977,0.7129894874507409,1.0,-0.2512073295471743,0.0587475716319783,1.247591403472858,0.5982420872011127,0.6245374350143089,0.7721257302743612
Gng5,0.2344988344988344,0.7984459984459983,1.0,-0.0701651974020982,-0.0264351277856625,0.0281631848758647,2.064034583769698,2.025178664286547,0.8028438038229958
Fubp1,0.2256382570886546,0.7090730856847203,1.0,-0.2738279723881962,0.6130862189922768,2.680526220907061,0.3104165914826129,0.529125733252661,0.7721257302743612
Srsf11,0.0649572649572649,0.4418026418026417,0.959129759129759,-0.0805194455450879,0.1899662133515818,0.4535855698302853,0.747572122395084,0.8509328795271729,0.7721257302743612
Wls,0.1776874391005868,0.6662276454096188,1.0,-27.529079459434097,-0.3101855805861248,28.30820804752105,0.3540390908452945,0.254840790323239,0.7721257302743612
Lyn,0.2786324786324786,0.7209013209013208,1.0,-0.1215110785924568,-0.0201642812380866,0.1086407386119395,1.5575090424568712,1.529595142051294,0.7721257302743612
Rps20,0.0379176379176379,0.2786324786324786,0.959129759129759,-0.0065353766740902,0.0298336192691196,0.0592288421068866,3.465829525584902,3.536719191301465,0.7721257302743612
Sdcbp,0.0147630147630147,0.2344988344988344,0.8784770784770783,-0.1487645179991435,-0.0795117027556997,0.015161371005877,1.9015151421568413,1.7982364538186686,0.7721257302743612
Rab2a,0.0029526029526029,0.0829836829836829,0.5053613053613053,0.0523982601901972,0.2492511924494082,0.4712691351297192,0.7378043215526024,0.8795527215925604,0.7721257302743612
Pnrc1,0.0046620046620046,0.0498834498834498,0.3822843822843822,-0.3409292621091598,-0.1721121467517429,-0.0337809536808912,1.389396331600625,1.22979025528818,0.7721257302743612
Dnaja1,0.0206682206682206,0.1303807303807303,0.5053613053613053,0.1668329688115273,0.3892280594884696,0.9046960517332406,0.680202945080089,0.8946945210612876,0.7721257302743612
Bag1,0.0498834498834498,0.3822843822843822,1.0,-0.0780908449553842,0.1779315045628191,0.4278128502334256,0.652951836686007,0.7371373474066352,0.7721257302743612
Dctn3,0.0090090961446315,0.1490657581328524,0.7898534698691263,-29.105702675846185,-1.116768536779747,0.2044613065681887,0.5592465355441095,0.2430909227226325,0.7721257302743612
Vcp,0.0279409479409479,0.2786324786324786,0.959129759129759,-0.0350909037695072,0.1257006913537819,0.323784912091716,0.8617406089499677,0.935132842049996,0.7721257302743612
Cd72,0.182423401990066,0.491634177169701,0.9580006439768992,-0.7769240332377225,-0.399300475158101,0.092430118766988,0.9069605859268576,0.6877498343622407,0.7721257302743612
Tln1,0.2344988344988344,0.6453768453768453,1.0,-0.1984335774145207,-0.0712818943997707,0.0710311445156384,1.4821032979258524,1.40614312201409,0.7721257302743612
Clta,0.0379176379176379,0.5737373737373737,1.0,-0.1298972478780478,-0.025628631069752,0.0914758937654466,1.7473375406611311,1.7165885100567548,0.7721257302743612
Anp32b,0.1948717948717948,0.7166414625555935,1.0,-0.1553533007581295,0.0203825233770105,0.2439844680467061,0.8339414002681967,0.8386746252273765,0.7721257302743612
Tgfbr1,0.0180440947460136,0.1605283605283605,0.7129894874507409,-0.011245024330428,0.4489573265183937,1.0782549509431498,0.5874488648897402,0.7999212512829222,0.7721257302743612
Sec61b,0.0498834498834498,0.2344988344988344,0.7209013209013208,0.0951221531676089,0.2223110116176168,0.3724202031366228,1.2893522190649476,1.5072540546269324,0.7721257302743612
Nr4a3,0.065285648928054,0.1956677425436415,0.5743139158835239,0.2959759942142244,1.2671207156451212,29.601000561307394,0.3102081918540582,0.7689862030294243,0.7721257302743612
Abca1,0.0147630147630147,0.1605283605283605,0.6453768453768453,0.032092330316996,0.2349743916407397,0.4698740795747211,1.1415410592678077,1.3341647510192614,0.7721257302743612
Rad23b,0.0325306307291984,0.4109392401761573,0.9588655791622837,-0.1879702654531743,1.8403546919529177,29.035736015896173,0.138743371464747,0.51230305475632,0.7721257302743612
Klf4,0.0018648018648018,0.0498834498834498,0.5737373737373737,-0.8566369131508134,-0.4705118338548685,-0.0891345161866995,1.0650222593249747,0.7773671875038541,0.7721257302743612
Txn1,0.0104118104118104,0.0829836829836829,0.6453768453768453,0.0371566533346518,0.1226683221653082,0.2305367503143219,1.6143875284734313,1.7519086303054974,0.7721257302743612
Gng10,0.0046620046620046,0.1303807303807303,0.6453768453768453,0.085000875756147,0.2625822863858036,0.5087310821772455,0.7407182933430252,0.8848230499949354,0.7721257302743612
Ugcg,0.1705610877239446,0.7058654396235203,1.0,-0.9304023956876216,0.4732727533982649,28.84783808926969,0.2951171323524531,0.4509955342521887,0.7721257302743612
Ptbp3,0.1303807303807303,0.6453768453768453,1.0,-0.1719386546585179,-0.0027944983411393,0.1804492212151954,1.0906581757297,1.0855404118696836,0.7721257302743612
Slc31a2,0.1651999264393238,0.6217687412649331,1.0,-28.293939356595224,-0.3891260550603603,28.37597179198208,0.1797401904153157,0.1161482004570815,0.7721257302743612
Atp6v1g1,0.0006216006216006,0.0069930069930069,0.1303807303807303,0.0907843564434357,0.181947165587696,0.2993385351917261,1.44900054304289,1.64134884280941,0.7721257302743612
Plin2,0.0649356588529593,0.3169975086812533,0.8747345961020656,-0.0946668360502001,0.3440762039198848,0.9713363205040682,0.5677246127816,0.7192713431212923,0.7721257302743612
Rps6,0.0649572649572649,0.2786324786324786,0.6453768453768453,0.0652671930256858,0.1335641193544252,0.1899870235635206,2.313476571087958,2.5369219223871826,0.7721257302743612
Jak1,0.1303807303807303,0.5737373737373737,1.0,-0.2646798646269848,-0.0937744891198067,0.0735186862879545,0.906698899984049,0.8466534417114345,0.7721257302743612
Leprot,0.0752002988766929,0.2496751994882275,0.6662276454096188,-29.0612145325382,-1.2168870979838662,0.0376966238062292,0.5319374153946215,0.2203772491428405,0.7721257302743612
Pde4b,0.0006216006216006,0.0206682206682206,0.1958624708624699,0.0796574867817684,0.2331751809598553,0.3645203106626973,1.12676841960438,1.3232613434583476,0.7721257302743612
Mier1,0.1550343725091923,0.7090730856847203,1.0,-0.7580034728439011,-0.0936630246220115,1.9632866507093811,0.4917061733751002,0.487948287272873,0.7721257302743612
Tmem59,0.1048951048951048,0.5737373737373737,1.0,-0.0646329619742356,0.1255743871179937,0.3281472549948962,0.8142060852447917,0.8889446483730701,0.7721257302743612
Scp2,0.1948717948717948,0.7209013209013208,1.0,-0.243313880746773,-0.0941744190237471,0.0370170838335858,1.10855025262371,1.0391330551655011,0.7721257302743612
Tut4,0.0946411198588863,0.6217687412649331,1.0,-28.13168787357721,0.3722345904458564,28.644385026816977,0.1161482004570815,0.19341277523241,0.7721257302743612
Nrd1,0.0009068567509923,0.0095379523581334,0.1275273133578452,0.2458214299334289,0.8762286494705295,2.7392771317976945,0.3923845155967099,0.7126190028999722,0.7721257302743612
Cmpk1,0.1048951048951048,0.6453768453768453,1.0,-0.3378832462384818,-0.1183639984607596,0.1538122314279116,0.8783215004801973,0.8104040145563349,0.7721257302743612
Uqcrh,0.0206682206682206,0.1605283605283605,0.6453768453768453,0.0174201882833546,0.0995362162120237,0.1810922012937651,1.6731431931861374,1.7915118028064123,0.7721257302743612
Akr1a1,0.1303807303807303,0.6453768453768453,1.0,-0.0776870099274017,0.0063018199697545,0.123574342472367,1.49668331835159,1.502078180307055,0.7721257302743612
Prdx1,0.0379176379176379,0.3282051282051281,0.959129759129759,-0.0456216749319974,0.0716601404177766,0.2024219899898804,1.657307770487575,1.7370544246679838,0.7721257302743612
Rps8,0.2335081585081585,0.6453768453768453,1.0,-0.0191310963104306,0.0300872823641439,0.0795126371694473,3.38813050508126,3.458894384794722,0.7721257302743612
Atp6v0b,0.1303807303807303,0.7209013209013208,1.0,-0.0556482725671642,0.0282449445888791,0.1162550953036646,1.60068483673991,1.631263391765445,0.7721257302743612
Slc2a1,0.1163008546420284,0.6536395693173636,1.0,-28.646602600351347,0.0,28.379948167949426,0.127023684269971,0.1451616264755854,0.7721257302743612
Svbp,0.0379176379176379,0.2344988344988344,0.7984459984459983,0.0265771064622572,0.1978681118751483,0.4076287654927865,0.71002618440884,0.81124706676608,0.7721257302743612
Ybx1,0.1048951048951048,0.5737373737373737,1.0,-0.05338609634716,0.0136328961875713,0.0996999843474527,2.2188488433064704,2.24697730440436,0.7721257302743612
Smap2,0.0568084358325113,0.3593635170698864,0.9563151474800834,-28.83447490329308,-0.6078123872163081,0.522543605571372,0.5181522001449339,0.3521472339953923,0.7721257302743612
Ppt1,0.0147630147630147,0.3282051282051281,0.959129759129759,-0.0569819363179422,0.2058567726020617,0.5165700095453053,0.7807023734720182,0.901734991258349,0.7721257302743612
Cap1,0.0206682206682206,0.3282051282051281,1.0,-0.1022448884660896,0.1071697886616722,0.3189799262021603,0.8689336405439567,0.9358220831465796,0.7721257302743612
Macf1,0.1948717948717948,0.7209013209013208,1.0,-0.1926759576203742,0.0118925190533664,0.2276263421569049,0.8403559283773363,0.8465256620075907,0.7721257302743612
Ndufs5,0.0827588565892864,0.6453768453768453,1.0,-0.3283613423020003,-0.044713242051427,0.6766493075677354,0.6670882601230821,0.6431083888624585,0.7721257302743612
Akirin1,0.0016625122099821,0.034915128970127,0.3694929212098171,0.7776896525412285,2.4754494344237967,29.09289476987242,0.0988875895137382,0.5326084002357026,0.7721257302743612
Rragc,0.039099715658779,0.4239989896164244,1.0,-0.1068953268021873,0.7465713749262259,28.978789788836234,0.3249210866225185,0.5521623345491161,0.7721257302743612
Zc3h12a,0.0053510343901815,0.0658827641887259,0.3716774469130736,0.2533216560234054,0.5449031285437789,0.925802336928898,0.6703630191576795,0.9683925326820706,0.7721257302743612
Thrap3,0.065285648928054,0.5606272147226752,1.0,-0.2408660569429311,0.3501538373565815,2.212192114753667,0.4277251469683892,0.5517018189811655,0.7721257302743612
Map7d1,0.0518570202911714,0.4777416340135931,1.0,-0.090568894595899,0.100883233312374,0.7112337948701796,0.6317405547706038,0.669094970580118,0.7721257302743612
Psmb2,0.1303807303807303,0.6453768453768453,1.0,-0.1229460976045212,0.1112786270147769,0.2831608376158213,0.824681023940243,0.8963113961207609,0.7721257302743612
Sfpq,0.1025458809789091,0.4418026418026417,0.959129759129759,-0.0825315812298998,0.1681056125747337,0.3581999174248731,0.7558977032286505,0.8466534417114345,0.7721257302743612
Ak2,0.0018014358695427,0.0591504362583107,0.6315599488097796,0.400691156324195,2.4015827752473866,29.133046711284784,0.1018309261624297,0.528524555282256,0.7721257302743612
Rnf19b,0.0281274281274281,0.2786324786324786,0.959129759129759,-0.5093306459314633,-0.1853355210524691,0.1220178854616126,1.0317392715314084,0.9099752195551104,0.7721257302743612
Marcksl1,0.1303807303807303,0.6453768453768453,1.0,-0.3269848992591,-0.0818787507402796,0.2314977236613626,1.409942408578685,1.33844089700334,0.7721257302743612
Eif3i,0.0822168388123539,0.5606272147226752,1.0,-0.1128972461232538,0.290749897529042,2.36374024784922,0.522460453222921,0.634887920969128,0.7721257302743612
Tmem234,0.1889374480029941,0.6453768453768453,1.0,-0.4089703630374031,-0.1150052533858043,0.2207969657571487,0.7753408690452654,0.7108160427757703,0.7721257302743612
Khdrbs1,0.1048951048951048,0.6453768453768453,1.0,-0.172228236888801,0.0749609954995861,0.4044520414633336,0.6374584029300137,0.6697822104751899,0.7721257302743612
Ptp4a2,0.1605283605283605,0.7209013209013208,1.0,-0.1130677204476372,0.0012931501235988,0.1096078363928907,1.481418902981545,1.4834347121345988,0.7721257302743612
Sdc3,0.0308276094320916,0.187959068257727,0.7123816042098661,-1.1312718481399089,-0.51409118917501,-0.1605056921165332,0.7880140072512795,0.5445293529257871,0.7721257302743612
Laptm5,0.0649572649572649,0.3822843822843822,0.959129759129759,-0.0022615716577676,0.037504217984615,0.079000109281174,2.412278009733234,2.475513454160881,0.7721257302743612
Epb41,0.1970345369219474,0.6945980769823016,1.0,-27.80203980746809,1.2723793298218768,28.93768249097422,0.0906603215289297,0.3233949835832392,0.7721257302743612
Atpif1,0.0649572649572649,0.6453768453768453,1.0,-0.0920077331650461,0.0183226986526194,0.1543892498878021,1.4185858037022887,1.433300821500494,0.7721257302743612
Dnajc8,0.1859940458034531,0.6362542681663956,1.0,-0.5240614066986082,-0.1462121814228144,0.7269942585173129,0.6981168725480162,0.6330912889493269,0.7721257302743612
Ptafr,0.0046620046620046,0.1048951048951048,0.7209013209013208,0.0193548752134816,0.3563700004946583,0.6251641536060678,0.8823714485003554,1.1246219785239848,0.7721257302743612
Stx12,0.0932356757256784,0.5009042191737003,1.0,-0.1969765096551981,2.090909620438051,28.865827567603425,0.1106768811737992,0.4338651425068214,0.7721257302743612
Fam76a,0.0090090961446315,0.1221757823939265,0.71323001110293,0.3120629266176746,2.158495820762767,29.11668367079254,0.1161482004570815,0.5265015166166919,0.7721257302743612
Wasf2,0.1889374480029941,0.7117678869696501,1.0,-0.3423474771698496,-0.0252303844337627,0.2833014621813423,0.6677861369613298,0.6561594885200183,0.7721257302743612
Cd52,0.0649572649572649,0.5053613053613053,1.0,-0.049904082164779,0.0364068331604876,0.1275263413225831,2.6528671394452825,2.7222420126352223,0.7721257302743612
Sh3bgrl3,0.0829836829836829,0.4418026418026417,0.959129759129759,-0.0225269990791472,0.0798440674554061,0.1883004895894558,1.5230912438529076,1.6008120711096765,0.7721257302743612
Tmem50a,0.1948717948717948,0.6453768453768453,1.0,-0.1720395782981766,-0.0378669480869388,0.1274316738830315,1.039454249417865,1.0151440237648417,0.7721257302743612
Rsrp1,0.1303807303807303,0.5737373737373737,1.0,-0.3893135765893499,-0.1107565538504015,0.1211283133094072,0.8209663337900457,0.7648133867851858,0.7721257302743612
Syf2,0.0924391357016531,0.5465237317126098,1.0,-29.024593896241846,-0.3582164957817026,28.700135922491864,0.2794446823671217,0.200885598800431,0.7721257302743612
Runx3,0.0006216006216006,0.0100266559492814,0.1303807303807303,0.3495640013247892,0.6414967160478187,1.0602692608466662,1.0112047685196472,1.5923835149308925,0.7721257302743612
Clic4,0.194013209013209,0.7209013209013208,1.0,-0.1621810034632754,-3.758981280063911e-05,0.1910301084790732,1.28060263242757,1.273420196468923,0.7721257302743612
Srrm1,0.0006216006216006,0.0379176379176379,0.6453768453768453,0.0478290261692359,0.32574275858385,0.6145893896410011,0.8170528454176668,1.0243252430619103,0.7721257302743612
Fuca1,0.0206682206682206,0.3282051282051281,0.959129759129759,-0.0509423764611879,0.1040549825508122,0.2886625885363344,1.038534270364285,1.115819389647595,0.7721257302743612
Rpl11,0.0498834498834498,0.3822843822843822,0.959129759129759,-0.0151769576799677,0.0298558962136576,0.0761577685468056,2.86783925141232,2.929870396297168,0.7721257302743612
C1qb,0.3822843822843822,0.7984459984459983,1.0,-0.02825367988654,-0.0035759947860715,0.0349996240421228,3.87168436943477,3.86907845116149,0.8028438038229958
C1qc,0.4418026418026417,0.8784770784770783,1.0,-0.0515116459251277,0.0066928081304436,0.0630785816489966,3.4261369129086874,3.441674075691511,0.8784770784770783
C1qa,0.3822843822843822,0.683139083139083,1.0,-0.0488289015304461,-0.0171925262097719,0.0192517171939183,3.936767338976686,3.89178152669202,0.7721257302743612
Cdc42,0.1948717948717948,0.7209013209013208,1.0,-0.0720006368200217,-0.0182162416205555,0.0540051572082949,2.021423662105667,1.9928703507146104,0.7721257302743612
Eif4g3,0.1605283605283605,0.7123816042098661,1.0,-0.4289946143625188,0.008522530218711,1.123267327619302,0.5579558955520818,0.5649725744897865,0.7721257302743612
Hp1bp3,0.1388637976716842,0.6314395816467896,1.0,-28.593267192143006,-0.0592013605755014,28.724456703609757,0.2937332522679318,0.3192465515476585,0.7721257302743612
Ddost,0.0065616501031227,0.0752002988766929,0.4323095522662977,0.6672050898734168,2.4077021458169234,29.193754016835637,0.1018309261624297,0.5739384303245547,0.7721257302743612
Micos10,0.0046620046620046,0.1048951048951048,0.7209013209013208,0.0441584662097694,0.1835838299873995,0.3782904329810748,0.992519757988511,1.12623258410811,0.7721257302743612
Capzb,0.0281274281274281,0.2786324786324786,0.959129759129759,-0.0349391366910412,0.084424026776135,0.1733051416254722,1.3496882191261,1.4345613556046226,0.7721257302743612
Sdhb,0.0379176379176379,0.3483448382440535,0.959129759129759,-0.0577149085450773,0.1483717136409804,0.6790456976009424,0.6679665938665358,0.7337683649822427,0.7721257302743612
Atp13a2,0.1454638334839635,0.5498255885806054,1.0,-28.765858747050416,-0.6230781407820304,27.826658089354623,0.4053907688331742,0.237819497949687,0.7721257302743612
Necap2,0.1705610877239446,0.7090730856847203,1.0,-28.81826761206018,-0.2359572168532333,1.7306845899524348,0.3794052300656642,0.3179178503556205,0.7721257302743612
Efhd2,0.0649572649572649,0.3822843822843822,0.959129759129759,-0.0244355473053024,0.0369236625371885,0.10294474801446,1.9480842113163013,2.0007170653313557,0.7721257302743612
Dhrs3,0.3148402731431644,0.7898534698691263,1.0,-1.0000889673983455,-0.002369774765433,0.8504333440777456,0.5219700325988463,0.5215987801697005,0.8028438038229958
Tnfrsf1b,0.0237658095149077,0.3822843822843822,0.960151515151514,-0.1599613017132883,0.1104638578869935,0.3667402146187909,0.7003667548304258,0.7578364997400587,0.7721257302743612
Eno1,0.1550343725091923,0.7058654396235203,1.0,-0.1994656944732446,0.3036077689063574,28.97930050430588,0.4236206349317123,0.5334575451543151,0.7721257302743612
Park7,0.0649572649572649,0.6453768453768453,1.0,-0.2546201602715695,-0.0188862666511519,0.325349998921244,0.6995347895162136,0.6865100492103671,0.7721257302743612
Rpl22,0.0649572649572649,0.5737373737373737,1.0,-0.0223704103700103,0.0195607352094051,0.0760648321176517,2.45715817463222,2.487227228757005,0.7721257302743612
Rer1,0.0926516686095554,0.6355065570939342,1.0,-0.3363063833230011,-0.0910307105813019,0.1795579077381747,0.6401434330750068,0.598081577236151,0.7721257302743612
Gnb1,0.1303807303807303,0.6453768453768453,1.0,-0.1883952007973695,-0.0662195270243369,0.061373856022935,1.121286456925055,1.074301862041455,0.7721257302743612
Nadk,0.0720366326038636,0.4935627897033893,1.0,-26.708728490906573,-0.2758283682749414,1.0643239140794432,0.5036416349765118,0.3879539877730368,0.7721257302743612
Ssu72,0.0497823518904928,0.4935627897033893,1.0,-0.343677864875952,-0.1272711274062603,0.5125240598825797,0.6090244921137112,0.559227394839084,0.7721257302743612
Aurkaip1,0.0272229406830318,0.3112018520843261,0.95799832386793,-28.95248506118154,-0.4647009363701282,0.3555732334710294,0.5632834390932373,0.3901826657164589,0.7721257302743612
Sdf4,0.1299941232811224,0.672143970444527,1.0,-0.3352369868872648,0.0088311138102628,0.4170114484822639,0.6286119655951192,0.6347620302580941,0.7721257302743612
Isg15,0.0135184698402608,0.3282051282051281,1.0,-0.0879211186211558,0.2131546268964578,0.6196162053815754,0.7313595682894268,0.834896149387403,0.7721257302743612
Sri,0.0379176379176379,0.3282051282051281,0.8804933954933936,0.0052206609641662,0.1467793025222584,0.3064323084506054,0.8153913852605755,0.9006182628766602,0.7721257302743612
Fgl2,0.1948717948717948,0.6453768453768453,1.0,-0.210643957089677,-0.0897615550937411,0.0279370018704503,1.5262069379213976,1.428733256646255,0.7721257302743612
Kmt2e,0.0704615426471519,0.6025243523612969,1.0,-28.808058348207013,-0.3557842949482129,28.28649527173352,0.3335290649508513,0.2219817649584432,0.7721257302743612
Tomm7,0.1303807303807303,0.5737373737373737,1.0,-0.0676680393639514,0.0673356171934462,0.2072266309816522,1.16650025330111,1.2237777549064774,0.7721257302743612
Rheb,0.0379176379176379,0.3822843822843822,0.959129759129759,-0.4531716497778597,-0.1946850052978013,0.092606919005857,0.8887659274589803,0.7787820681476523,0.7721257302743612
Dnajb6,0.0003108003108003,0.0104118104118104,0.0829836829836829,0.14903372798942,0.2803263123267171,0.4550367643355696,1.0390085913509486,1.26043846725028,0.7721257302743612
Slc35f6,0.0112423678902456,0.1826944712149479,0.8729594252880423,0.2500259798305866,2.254435764547943,29.06726030973898,0.1072847316352172,0.5066084703885165,0.7721257302743612
Ost4,0.0829836829836829,0.3282051282051281,0.8784770784770783,-0.2299397674116798,-0.0862998596020053,0.0477500646989935,1.124075471391345,1.0622886323542633,0.7721257302743612
Mrpl33,0.0379176379176379,0.3822843822843822,0.959129759129759,-0.2982114268408903,-0.1301547013830383,0.0314644385627808,1.0840646641216098,0.9898937268244028,0.7721257302743612
Fosl2,0.0379176379176379,0.4418026418026417,1.0,-0.1867937845220288,0.0999314398348865,0.4903098979535031,0.843077443823916,0.89697626206438,0.7721257302743612
Ppp1cb,0.1782588513308433,0.6945980769823016,1.0,-28.481728996855047,-0.1007751273519021,28.15634938101456,0.134208203122753,0.1120920113382922,0.7721257302743612
Ywhah,0.0206682206682206,0.3822843822843822,0.959129759129759,-0.0541409895259182,0.1228697282925384,0.3072471605602642,0.8115297781564841,0.8886762427517757,0.7721257302743612
Lrpap1,0.0904879299312675,0.5623719669710694,1.0,-0.1620120088427354,0.1016084684983113,0.6840344046960511,0.6017541377096443,0.6404050750519774,0.7721257302743612
Mrfap1,0.0828964098822239,0.5053613053613053,1.0,-0.124876221618724,0.1150697528030868,0.3129225444127634,0.7938792664448937,0.855701001898008,0.7721257302743612
Wdr1,0.0498834498834498,0.4418026418026417,1.0,-0.3351267180143568,-0.1303628312480652,0.0810702012684115,0.6925762715254259,0.631145130720761,0.7721257302743612
Cd38,0.0177903286236667,0.1550343725091923,0.6371515107233481,-0.7370452976370515,-0.4700934485554909,-0.1230171529597492,0.845780025953472,0.611507119734706,0.7721257302743612
Lap3,0.0704615426471519,0.3854182323682291,0.956284952863831,-29.18067414999807,-1.1111321475157017,1.7452804089696334,0.4226156033938272,0.1841858677568633,0.7721257302743612
Dhx15,0.2619562016970459,0.7791362111653477,1.0,-1.2277101400771142,0.834668456917588,28.46097785645144,0.2074929782148272,0.3437437691880717,0.8028438038229958
Rbpj,0.0046620046620046,0.0979798193704604,0.6003948990741995,-0.73140446561964,-0.4279787822043869,-0.0496253414084288,0.9299806819105824,0.6935056459095543,0.7721257302743612
Rpl9,0.1048951048951048,0.4418026418026417,0.959129759129759,-0.0121391327983793,0.0468155988078894,0.1056016701772717,2.771328346322157,2.853665424246701,0.7721257302743612
Smim14,0.0262521179996348,0.3514015705829848,0.9590483657712308,-0.052161825788693,1.0778412830859283,29.175280931636603,0.2690970771360605,0.5757928124437208,0.7721257302743612
Ube2k,0.1221757823939265,0.5623719669710694,1.0,-0.1877313553177954,0.423273136776898,29.01491113921433,0.4070124434459337,0.545796332403784,0.7721257302743612
Srp72,0.1782588513308433,0.6217687412649331,1.0,-27.08768052366533,0.0243040823918998,27.049474245660512,0.2890343479620832,0.3682298617452713,0.7721257302743612
Ythdc1,0.0498834498834498,0.4418026418026417,1.0,-0.3863171724898815,-0.1612791985784472,0.0660844191672718,0.9724408453090744,0.875349242717966,0.7721257302743612
Jchain,0.0100266559492814,0.1605283605283605,0.8748281581614409,0.0256485880433314,0.2391498835021805,1.298741125256056,0.584066885858147,0.6839674625230165,0.7721257302743612
Ankrd17,0.0390712095758423,0.5255516528137945,1.0,-0.9290297186518344,0.7901765034374139,28.912146817224265,0.2503564035798345,0.4687821554729093,0.7721257302743612
Pf4,0.098376499171856,0.3169975086812533,0.8324162344076115,-2.0856118709613733,-0.9880387146656712,-0.1608772551039002,1.1121367554289616,0.5616841226336151,0.7721257302743612
Cxcl2,0.0379176379176379,0.2344988344988344,0.8784770784770783,-0.0695229002653185,0.2406716379084703,0.5879475094651044,2.0325419023730387,2.3989492980020377,0.7721257302743612
G3bp2,0.0354885841222526,0.1221757823939265,0.5897737906589078,-29.248562009596395,-1.0596214625400096,-0.1355425080336677,0.6279055807833749,0.3080110514899545,0.7721257302743612
Cxcl9,0.0072260626883588,0.0621104744239398,0.2630105719268568,-3.5081092532644105,-1.5984753980722404,-0.5213847393573108,1.074777453060135,0.350004645080482,0.7721257302743612
Scarb2,0.1823911366276729,0.6314395816467896,1.0,-0.1548864023381251,1.4434869055065236,29.076649222211746,0.1663845162364695,0.5303617111711746,0.7721257302743612
Ccni,0.2201593585390122,0.7011912626598479,1.0,-27.4231713475886,-0.0316338848078428,27.76491577816014,0.3430794099019539,0.3349206820558528,0.7721257302743612
Antxr2,0.0390633300330849,0.3409871533819059,0.960151515151514,0.0215774717129076,0.6871431001188061,29.15435138714709,0.3782449458102861,0.6164214861544275,0.7721257302743612
Hnrnpd,0.0828964098822239,0.5053613053613053,1.0,-0.1456130795697373,0.117771946553447,0.4791451635398187,0.7000287142591197,0.762314673454953,0.7721257302743612
Hnrnpdl,0.0379176379176379,0.5053613053613053,1.0,-0.3283729325549075,-0.112262611492078,0.1113638323884549,0.7194869607918345,0.6659153411501906,0.7721257302743612
Rpl5,0.0206682206682206,0.2344988344988344,0.8784770784770783,0.0413319425332616,0.1119629208409145,0.1712252877813438,2.1720596093464684,2.3469673893525163,0.7721257302743612
Tmed5,0.0829836829836829,0.5053613053613053,1.0,-0.1015660887516614,0.1403420966244732,0.4054572229715152,0.6885091134825851,0.7644520605165152,0.7721257302743612
Atp5k,0.3822843822843822,0.7984459984459983,1.0,-0.1486544631259675,0.0261649853927246,0.2106765971804921,0.8964638911371214,0.9144034527186402,0.8028438038229958
Tpst2,0.0828964098822239,0.5632366271431426,1.0,-0.1948074131206496,0.0556727756245721,0.587130814322026,0.6697196238085608,0.6906392480503645,0.7721257302743612
Grk3,0.1956677425436415,0.6945980769823016,1.0,-28.0347056279799,0.2392675625403546,28.434038897325586,0.220699955404105,0.2345266337468053,0.7721257302743612
Iscu,0.0081679798054122,0.2630105719268568,0.958117093999278,-0.0862291138635848,0.6915096638945922,29.045682163339308,0.353688168257153,0.5563377923130466,0.7721257302743612
Git2,0.169000047821659,0.7090730856847203,1.0,-0.3549916209286501,0.2646164312722098,2.034308911132852,0.4850732352258582,0.5718475057149561,0.7721257302743612
Ankrd13a,0.1179173600517424,0.5897737906589078,1.0,-2.6392256705961588,-0.1538794359599891,2.1529147620763145,0.3912237066994917,0.362965172962156,0.7721257302743612
Dynll1,0.0379176379176379,0.3282051282051281,0.959129759129759,-0.4784017417518644,-0.2184659355407974,0.0313004811836168,0.9292639516939298,0.8002372167058988,0.7721257302743612
Srsf9,0.188510304358411,0.7209013209013208,1.0,-0.1657826039164375,0.0095104606296077,0.227005552525271,0.6525541941127357,0.658091136900206,0.7721257302743612
Cox6a1,0.0029526029526029,0.0649572649572649,0.4418026418026417,0.0576218722224641,0.2618336836698439,0.4958532167364621,0.8641617304072745,1.033515952850965,0.7721257302743612
Pxn,0.0498834498834498,0.4418026418026417,1.0,-0.1582245396698899,0.0763167055300529,0.5166088682042622,0.6828235763970227,0.7190155810110492,0.7721257302743612
Rplp0,0.3282051282051281,0.7984459984459983,1.0,-0.0291687075782926,0.0350681117694473,0.0946242831187163,2.7569938814490174,2.825956449612057,0.8028438038229958
Pebp1,0.0135184698402608,0.1048951048951048,0.5632366271431426,0.0773940089368182,0.2821799123944438,0.7665990199035945,0.6205703972916645,0.7509920742146265,0.7721257302743612
Rpl6,0.3282051282051281,0.7984459984459983,1.0,-0.0504974800381882,0.0134928026306745,0.065721417835575,2.668838945438993,2.6946002551408323,0.8028438038229958
Trafd1,0.1163008546420284,0.451913458279073,1.0,-29.106667661522494,-1.426396971071214,27.85271389697365,0.2568805821605923,0.1055963788159765,0.7721257302743612
Erp29,0.1048951048951048,0.6453768453768453,1.0,-0.1199392704854256,-0.0072534716615768,0.0867650691725041,1.3249854797808,1.3187057989403763,0.7721257302743612
Aldh2,0.0285866533253556,0.169000047821659,0.5894923363523545,-29.31819361971102,-1.0524759806548172,-0.1189710656539653,0.649919632296694,0.2992959408231445,0.7721257302743612
Vps29,0.023845234869951,0.3180689668505534,1.0,-0.0635252707440024,0.1485602606015553,1.1169633445229614,0.6241322002583625,0.6904998422945307,0.7721257302743612
Arpc3,0.1303807303807303,0.4418026418026417,0.959129759129759,-0.0275183918281799,0.0531879491924166,0.1264887534053811,1.9953840399496408,2.067849008566744,0.7721257302743612
Atp2a2,0.289818055067093,0.7509359138372155,1.0,-0.4349854294325165,0.0763121529695761,1.996922868923967,0.5245070332253725,0.5491927728305946,0.7939431830338128
P2rx4,0.1531214333453579,0.491634177169701,0.9580911282267016,-0.8892813431418711,-0.2474503193681934,0.0678878031941903,0.6974700282562615,0.5890121858361834,0.7721257302743612
Rsrc2,0.0379176379176379,0.5737373737373737,1.0,-0.3319448360693361,-0.1000404302520122,0.1941850846644772,0.8098987875276095,0.7557465348478131,0.7721257302743612
Sbno1,0.2976405854092169,0.7463178799324552,1.0,-2.062917841396323,0.2763167505722617,28.48438155645347,0.324013019849194,0.4304845436354717,0.792631077394327
Rilpl2,0.0104118104118104,0.1303807303807303,0.7984459984459983,-0.020999210473029,0.1034975025555556,0.2358467027004468,1.4412873123288286,1.550162866261935,0.7721257302743612
Tmed2,0.0379176379176379,0.3282051282051281,0.959129759129759,-0.0495249272612348,0.0950794483808878,0.303455766912264,0.9507376056514338,1.0080893470940642,0.7721257302743612
Ubc,0.0018648018648018,0.0379176379176379,0.3282051282051281,-0.7104420092097771,-0.443485138602221,-0.18260059271834,1.2384323491359837,0.9132506317343948,0.7721257302743612
Ran,0.1303807303807303,0.5737373737373737,1.0,-0.0834577264209502,0.0678823132596434,0.2542888626616548,0.9056041108587136,0.9496858746441266,0.7721257302743612
Cct6a,0.0704615426471519,0.5897737906589078,1.0,-27.866145230672505,0.3587434883587513,28.78514747838236,0.2462021168979877,0.3561908839153336,0.7721257302743612
Chchd2,0.0379176379176379,0.2786324786324786,0.959129759129759,-0.0061625414291481,0.0544219904027988,0.1367313628283285,1.9182478914021488,1.9887713790647317,0.7721257302743612
Gusb,0.0206026175201654,0.2268047955085498,0.95799832386793,-0.0174969911619413,0.2299935676857558,0.8955200504669902,0.6520132345063561,0.7648467745122565,0.7721257302743612
Eif4h,0.1500043975229742,0.6691858079270729,1.0,-0.2352257187804641,0.8412239688548264,29.091206714225645,0.303391477426135,0.5468137867034062,0.7721257302743612
Mdh2,0.0720770195258305,0.4883708485316103,1.0,-0.0885490155730002,0.6161038319873657,29.131418851628418,0.3768581984081373,0.5742702485708585,0.7721257302743612
Cux1,0.098376499171856,0.6314395816467896,1.0,-27.7368709153358,0.0535947333830383,28.76553639647672,0.3544193394421025,0.3904635544028552,0.7721257302743612
Fis1,0.1947234362000748,0.7111541697294341,1.0,-0.2830582272139798,-0.0776771950283052,0.1035712105552546,0.6638034776963819,0.6266248163002948,0.7721257302743612
Gnb2,0.0379176379176379,0.5053613053613053,1.0,-0.196521342714603,-0.0813354392737091,0.0566488660454606,1.2134955058361174,1.142746160574095,0.7721257302743612
Pilra,0.2039855834043977,0.7123816042098661,1.0,-0.4082563201296587,-0.0006898515872526,0.9574385790108144,0.5614145051963287,0.5653311637670455,0.7721257302743612
Lamtor4,0.0235358787657099,0.3716774469130736,1.0,-0.0275802399884018,0.3218625255274471,1.09633958299623,0.6142574843168067,0.7660878131223818,0.7721257302743612
Ttyh3,0.0561971119187938,0.5244497218060842,1.0,-0.6614480843146776,2.2892054757729823,28.871124705462435,0.0906603215289297,0.3534329103837328,0.7721257302743612
Gna12,0.1705610877239446,0.6536395693173636,1.0,-27.155849499394705,-0.0044744744777421,28.326525896389352,0.2210618034470937,0.235277316290734,0.7721257302743612
Actb,0.0281274281274281,0.5053613053613053,1.0,-0.034432575429251,-0.0109990780697178,0.0166691400602265,3.951607245819075,3.92204157780018,0.7721257302743612
Rac1,0.0829836829836829,0.5737373737373737,1.0,-0.09768660562982,0.0384063596932387,0.1559526937344357,1.4396335703089338,1.4790853838334748,0.7721257302743612
Bri3,0.194013209013209,0.7209013209013208,1.0,-0.1062394504932304,0.050100746706671,0.2067058350000006,1.3251054781185423,1.373376341496285,0.7721257302743612
Arpc1b,0.0206682206682206,0.2344988344988344,0.959129759129759,-0.0256838745762719,0.0539192421499126,0.1349349556983952,2.0959873360799435,2.1785285121878117,0.7721257302743612
Atp5j2,0.0206682206682206,0.3282051282051281,0.959129759129759,-0.032703838526025,0.0849627351669241,0.2130305793182749,1.2778739273201876,1.3557268784989611,0.7721257302743612
Rpl21,0.0069930069930069,0.1605283605283605,0.7209013209013208,0.0093474593244524,0.0550506743923277,0.1061772769179001,2.584075523032004,2.68619273404952,0.7721257302743612
Polr1d,0.0829836829836829,0.6453768453768453,1.0,-0.1294376239437476,0.0137717602530138,0.1765025270435886,0.951676070731873,0.9538197070079856,0.7721257302743612
Pomp,0.1048951048951048,0.5737373737373737,1.0,-0.1206525382298332,0.063112276563743,0.2353040111559447,1.25805992502774,1.31793284497939,0.7721257302743612
Ubl3,0.1303807303807303,0.6453768453768453,1.0,-0.0493899341806613,0.0943366767004849,0.276408319618468,1.2787598248318726,1.3664936814961826,0.7721257302743612
Hmgb1,0.2786324786324786,0.7209013209013208,1.0,-0.1756849748722856,-0.0232260092040476,0.1258583684167572,1.17190261636585,1.1495455617799712,0.7721257302743612
Alox5ap,0.0238375009673449,0.2042192702898491,0.8293276535635627,-29.361359624026147,-0.7341168338318325,0.0598811259339388,0.724078723593291,0.447203557888553,0.7721257302743612
Sem1,0.0069930069930069,0.1948717948717948,0.8784770784770783,-4.160413582226099e-05,0.0808405883691956,0.1393077554930205,1.877868553115959,1.9868461446710763,0.7721257302743612
Ndufa4,0.1048951048951048,0.6453768453768453,1.0,-0.1454160608138675,-0.0413202041293747,0.1026605185516424,1.5362613116400574,1.48921796322594,0.7721257302743612
Mdfic,0.0399796029462569,0.3928223240072478,1.0,-0.0856701286945454,0.4240069131326104,2.4477053204311496,0.4339003574800925,0.5782242818816042,0.7721257302743612
Capza2,0.0046620046620046,0.1303807303807303,0.6453768453768453,0.0218028522094671,0.0986306370926071,0.1787780479650637,1.5141611879225925,1.624540740860731,0.7721257302743612
Ndufa5,0.0640930207850402,0.3056410254213622,0.8324162344076115,0.04292354091564,1.1909003699048548,2.3021839505314494,0.263895072703628,0.6182108337074257,0.7721257302743612
Arf5,0.2786324786324786,0.7984459984459983,1.0,-0.1048372840722683,0.0148033277559575,0.1387714544576893,1.0949076893876342,1.1063508148010586,0.8028438038229958
Hilpda,0.0281274281274281,0.1605283605283605,0.6453768453768453,-0.0202322430904092,0.3430015007028064,0.679192433536666,1.1349118723313776,1.429834371763885,0.7721257302743612
Atp6v1f,0.0147630147630147,0.2344988344988344,0.959129759129759,-0.0121001458620106,0.0696888390098823,0.1760271621313485,1.40134133155274,1.472270679059286,0.7721257302743612
Irf5,0.2267790958291536,0.7129894874507409,1.0,-0.2052536999010254,-0.0060839632599793,0.5586244849485089,0.6615371797595955,0.6528270876115816,0.7721257302743612
Akr1b3,0.2202347585707377,0.7117678869696501,1.0,-26.43396795790907,0.3596967252924552,28.790937218144887,0.2858046600617843,0.347141088608643,0.7721257302743612
1810058I24Rik,0.0050512239326032,0.1275273133578452,0.8757597205742569,-0.0342896680054417,1.0670403968912257,29.165358297616606,0.2815361811012927,0.5864079130380253,0.7721257302743612
Mtpn,0.0498834498834498,0.5053613053613053,1.0,-0.0664926999940477,0.0954922739083218,0.3013304539749161,0.9348279057961488,1.001438534926328,0.7721257302743612
Luc7l2,0.0649572649572649,0.6453768453768453,1.0,-0.1301727582599494,0.0377306698460788,0.2211451072047677,0.9900670612274232,1.013788545875116,0.7721257302743612
Tbxas1,0.0946411198588863,0.4503513435848739,1.0,-29.164956245641022,-0.7614261953585739,1.018324810475474,0.528805682748571,0.2808931151161192,0.7721257302743612
Kdm7a,0.0206682206682206,0.2786324786324786,0.959129759129759,-0.0694143937711751,0.1635247094317439,0.3755842687311554,0.7928914710326871,0.8894555035064053,0.7721257302743612
Mkrn1,0.003772187582871,0.0503082027202481,0.3731239318668313,0.0954891339925983,0.6824147371768776,2.497071695323936,0.4155794285037087,0.6749347518017432,0.7721257302743612
Ndufb2,0.1559265180741878,0.6741981971505068,1.0,-0.3088986769607332,-0.0149212234440591,0.6718949751264751,0.5690243751013216,0.5623751347653677,0.7721257302743612
Mrps33,0.0458036999646769,0.4935627897033893,1.0,-0.3770984735186538,-0.1567369419811059,0.3818728098870333,0.6171102383436986,0.5476782797306423,0.7721257302743612
Zyx,0.1607729763491629,0.7058654396235203,1.0,-0.750626810511654,0.6820284021290344,28.920423928202773,0.2861978768792075,0.4720792461202954,0.7721257302743612
Pdia4,0.1603794428964133,0.6727535536421879,1.0,-28.42295382484709,0.7749074999041143,28.67169614581169,0.1161482004570815,0.2159274341487311,0.7721257302743612
Tmem176b,0.3282051282051281,0.6453768453768453,1.0,-0.15891914653605,-0.0829099669487548,-0.014528134229809,2.225906269584805,2.1045462848172525,0.7721257302743612
Tmem176a,0.4418026418026417,0.7984459984459983,1.0,-0.2032093657318938,-0.0875166303657774,0.064565272967688,2.2245785106011526,2.093761676659125,0.8028438038229958
Tra2a,0.1715686186773866,0.7209013209013208,1.0,-0.199358163718376,0.0288105621526654,0.2713203658887012,0.7944981505981763,0.8109531662078385,0.7721257302743612
Hnrnpa2b1,0.0829836829836829,0.5737373737373737,1.0,-0.0988710196877651,0.0271665440603383,0.1750287574573756,1.448259011238235,1.4734120811349514,0.7721257302743612
Skap2,0.1605283605283605,0.6453768453768453,1.0,-0.2895550882952394,-0.089441880021714,0.1460307495636089,0.8539738046767845,0.8045695441765304,0.7721257302743612
Tax1bp1,0.0206682206682206,0.2344988344988344,0.8784770784770783,-0.0484025265010498,0.1329790797872491,0.3190142808868598,1.250124669407835,1.38173813853908,0.7721257302743612
Creb5,0.0379176379176379,0.3282051282051281,0.959129759129759,-0.0420267904838935,0.2420523506965946,0.494283042594919,0.853692795634646,1.0098271954130311,0.7721257302743612
Hpgds,0.1149164463964125,0.4418026418026417,0.959129759129759,-0.7908093089881285,-0.2969901281884467,0.0105043781098704,0.7991999678594284,0.651357003062927,0.7721257302743612
Gng12,0.042540179680975,0.2976405854092169,0.9141283452014198,-29.164555336103994,-1.7076838800511058,0.3305061611151463,0.498353422466989,0.1303894781100147,0.7721257302743612
Serbp1,0.0206682206682206,0.1303807303807303,0.5737373737373737,0.0677804919279917,0.1848393971512675,0.3200370659878088,1.1335988388725542,1.2941468914106775,0.7721257302743612
Igkc,0.5053613053613053,0.8784770784770783,1.0,-0.1110917746137375,-0.0318206703937098,0.0525926432783655,2.058829620066155,2.013351591599528,0.8784770784770783
Vamp8,0.1605283605283605,0.6453768453768453,1.0,-0.0966197099063674,-0.0029897702783604,0.0994970516798323,1.4781052783474171,1.4766413548455688,0.7721257302743612
Mat2a,0.0379176379176379,0.4418026418026417,1.0,-0.1597700406868626,0.1094796379388432,0.3707386127037672,0.7096557681470538,0.7632268340962213,0.7721257302743612
Tgoln1,0.1948717948717948,0.7209013209013208,1.0,-0.3059909288243156,-0.0277183337783342,0.2098388220220297,0.8146437889585585,0.8013979874108563,0.7721257302743612
Kcmf1,0.1388637976716842,0.5372487561593727,1.0,-28.750940912663783,-0.6544770221780974,27.78606576993639,0.2502179623119582,0.1140344644556507,0.7721257302743612
Tmsb10,0.1605283605283605,0.7209013209013208,1.0,-0.1547998994641591,0.103661259477062,0.3731349604893914,1.0437016654052926,1.1159449447015275,0.7721257302743612
Hk2,0.1605283605283605,0.5737373737373737,1.0,-0.1052759286485671,0.0996685712193325,0.3893058769618802,0.9879140956638568,1.0598571860270316,0.7721257302743612
Aup1,0.0443066977513867,0.4004675495719816,1.0,-0.1015421104533015,0.1461548759033734,0.7603078813517179,0.5761383332088572,0.6355977797112702,0.7721257302743612
Mob1a,0.2268047955085498,0.7209013209013208,1.0,-0.1834105031780271,0.0420178976613807,0.2524137219931185,0.7956817329736495,0.8295189627902333,0.7721257302743612
Cct7,0.0288623671067265,0.4883708485316103,1.0,-0.4927577867274201,1.050051393338444,29.01617449170373,0.2210618034470937,0.4885300661020987,0.7721257302743612
Dusp11,0.1221757823939265,0.6314395816467896,1.0,-0.2893289532563625,0.5622635069620094,28.93583314144092,0.3548649860311312,0.5126302181395914,0.7721257302743612
Snrpg,0.0829836829836829,0.5053613053613053,1.0,-0.1813888614671099,-0.0878142027866912,0.0285695759546605,1.3056638472717323,1.2240796362888076,0.7721257302743612
Pcbp1,0.1303807303807303,0.6453768453768453,1.0,-0.1426898849048146,0.0128069359011119,0.2317512304464344,0.9592696325606876,0.9602455827014288,0.7721257302743612
Mxd1,0.0498834498834498,0.3822843822843822,0.959129759129759,-0.4812070536053542,-0.2316607619453921,0.0348077994527526,1.0751381815006695,0.9154856917432403,0.7721257302743612
Anxa4,0.187959068257727,0.7123816042098661,1.0,-0.2499916495090064,0.0418027543393953,0.7778936889586061,0.6210845294734081,0.6288058897443644,0.7721257302743612
Gfpt1,0.003772187582871,0.0379176379176379,0.2697960790058185,0.229541384756225,0.6158532104128549,1.8331380286068908,0.5336099943926533,0.8181278676006282,0.7721257302743612
Rab43,0.0100225501653525,0.2344988344988344,0.9580911282267016,-0.0524418774041112,0.1285883703724031,0.427681236513779,0.7292879340063605,0.7926684221782747,0.7721257302743612
Cnbp,0.001087801087801,0.0439005439005439,0.3282051282051281,0.0731574242946759,0.1838197476942711,0.2918988839300211,1.0519032162491075,1.1981129701158326,0.7721257302743612
Rab7,0.0206682206682206,0.1303807303807303,0.5737373737373737,-0.0025760007840915,0.2083987277562163,0.3870806381567291,0.8779265421931085,1.0144631625915548,0.7721257302743612
Rpn1,0.1275273133578452,0.6453768453768453,1.0,-0.2780026951132144,0.002278761482777,0.3301493541738327,0.7263664029850058,0.7291545911416977,0.7721257302743612
Slc6a6,0.1303807303807303,0.4418026418026417,0.8784770784770783,0.0209131047078562,0.1577916592754112,0.2988633166622799,1.000601451438927,1.1135532495981924,0.7721257302743612
Foxp1,0.1303807303807303,0.6453768453768453,1.0,-0.328820165990071,-0.0645667810238663,0.2327544359428519,0.7710461759501832,0.7378562097669377,0.7721257302743612
Ppp4r2,0.0829836829836829,0.3425972460834598,0.8784770784770783,0.047420171286652,0.3177354260562448,1.2839031294424634,0.6352168833706923,0.7815724036875985,0.7721257302743612
Bhlhe40,0.1311305028696508,0.4109392401761573,0.9157395749897528,0.2083283398205187,1.876749663700438,29.486699850477347,0.1901852110489945,0.6888394519341485,0.7721257302743612
Arl8b,0.1550343725091923,0.6741981971505068,1.0,-0.2654932795734115,0.0761362048061021,0.6099757668347433,0.5635831076071582,0.5865655546601451,0.7721257302743612
Edem1,0.0235438968213817,0.3112018520843261,1.0,-0.1271417404214543,1.9307138488587363,29.056592295876545,0.134208203122753,0.5202712053207645,0.7721257302743612
Arpc4,0.0829836829836829,0.3822843822843822,0.959129759129759,-0.058580718972946,0.1478065986464621,0.3326293263770851,0.8928090100524845,0.9911216098967708,0.7721257302743612
Brk1,0.1605283605283605,0.6453768453768453,1.0,-0.0920201026224316,0.0263477928944162,0.1689344002619649,1.163752278374584,1.1835450265808136,0.7721257302743612
Rpl32,0.1948717948717948,0.5737373737373737,1.0,-0.0020505775857003,0.0424334730327519,0.0967050516586608,3.3146913058828624,3.4104386291955158,0.7721257302743612
Plxnd1,0.1048951048951048,0.672143970444527,1.0,-0.3463788938642188,-0.032879605474365,1.0868831431572594,0.5911568435467682,0.5807026354910205,0.7721257302743612
Rassf4,0.0702527659415716,0.2496751994882275,0.7791362111653477,-29.1935784279608,-1.483605226557799,0.5558439219803007,0.5090427181614432,0.1796349697152815,0.7721257302743612
Hnrnpf,0.1297435897435897,0.6453768453768453,1.0,-0.1258255632762542,-0.0266726567973165,0.0969997684801657,1.4782549909136526,1.4455144947631589,0.7721257302743612
Wnk1,0.0649572649572649,0.5737373737373737,1.0,-0.1550344511457785,-0.0301149560170514,0.1163023244373221,1.4264491094490974,1.3917827930955702,0.7721257302743612
Atp6v1e1,0.1048951048951048,0.5737373737373737,1.0,-0.1763626162928316,0.0494462524715434,0.3483775344749357,0.8121819241489054,0.8379974124967049,0.7721257302743612
M6pr,0.1605283605283605,0.7209013209013208,1.0,-0.1217392910228442,-0.0129356613988903,0.1146597331969432,1.2578670373636274,1.245432860906515,0.7721257302743612
Apobec1,0.2496751994882275,0.7090730856847203,1.0,-2.200671564762672,-0.1193638185773682,2.620763780846989,0.4455862266869472,0.4383492899873577,0.7721257302743612
C3ar1,0.2268047955085498,0.7129894874507409,1.0,-0.5059387738595589,-0.1748286609342945,0.2576039041185501,0.9827472128879576,0.8557556813905316,0.7721257302743612
Clec4a1,0.0568537936122416,0.187959068257727,0.5632937056926836,-1.1806431275266254,-0.5924781038840062,-0.2009704287905896,0.9608331268240532,0.6355284975401423,0.7721257302743612
Clec4a3,0.0262942089944858,0.1025458809789091,0.3148402731431644,-1.4108168605022278,-0.8508006932959785,-0.4903180191591382,1.1385965757456074,0.6293459015547502,0.7721257302743612
Clec4a2,0.2344988344988344,0.7129894874507409,1.0,-0.3188665629002342,-0.1019658167629195,0.1102584762872155,1.048865807428153,0.9742968010893412,0.7721257302743612
Clec4n,0.1297435897435897,0.6453768453768453,1.0,-0.1065442740305648,0.043764051970076,0.2342452136161513,1.4238993277402323,1.4630859570175323,0.7721257302743612
Phb2,0.1119097370670114,0.6536395693173636,1.0,-26.831474712134323,0.9068161799114396,28.854854019441063,0.144474620157757,0.3505977853595462,0.7721257302743612
Grcc10,0.2338174659110182,0.6453768453768453,1.0,-0.3029086980649625,-0.0954959352949883,0.1261919292356051,0.8502297638476555,0.7898523813722289,0.7721257302743612
Tpi1,0.1010200224303009,0.491634177169701,1.0,-0.4443969473710277,-0.1681851095840749,0.0830871468690589,0.6675528364734665,0.5914106073853026,0.7721257302743612
Ptms,0.0206682206682206,0.3282051282051281,1.0,-0.0531668362340598,0.1302585809918629,0.3224954704086915,1.3514362842815075,1.4795009591019,0.7721257302743612
Mlf2,0.3147493126166935,0.7509359138372155,1.0,-0.2759830984067052,1.2797273629504988,28.983732704203483,0.1663845162364695,0.4872406823761062,0.7939431830338128
Chd4,0.0824710687398865,0.4945189922275712,0.959129759129759,-0.0876264344465798,0.1297125563831335,0.3508957309018885,0.8960167370008267,0.9796106592259368,0.7721257302743612
Gapdh,0.1605283605283605,0.7209013209013208,1.0,-0.0456837218736059,0.0408173398697904,0.1233199534955114,1.9709276799979327,2.0262851503509376,0.7721257302743612
Tnfrsf1a,0.1948717948717948,0.7209013209013208,1.0,-0.0893054980744936,0.1040102693664306,0.2871770015819055,0.7478166679269858,0.7995520956937258,0.7721257302743612
Cd9,0.0172872158825007,0.1249984823508817,0.5976650726349879,0.2044205554734638,0.973732286208893,3.030276154015613,0.5022722697959585,0.9751479960450448,0.7721257302743612
Clec2d,0.0379176379176379,0.3282051282051281,0.959129759129759,-0.0527195601456325,0.1450453454829656,0.4160157612923956,1.196931173896515,1.3242738796668423,0.7721257302743612
Clec12a,0.1948717948717948,0.7209013209013208,1.0,-0.2458012421088392,0.0634043080934814,0.3582913859148394,0.8626073372545682,0.919431100432034,0.7721257302743612
Klra2,0.1048951048951048,0.5737373737373737,1.0,-0.3715627789253996,-0.1456619071221109,0.1177121707223691,0.9178052354621552,0.8272757706389471,0.7721257302743612
Hebp1,0.0147630147630147,0.2344988344988344,0.959129759129759,-0.0434010019631389,0.176993378351745,0.4361303866665454,0.879536116386493,0.9936712772946754,0.7721257302743612
Plbd1,0.0046620046620046,0.1303807303807303,0.7209013209013208,-0.2108189361847166,-0.1094767171402336,0.0013679494516571,1.6363636220352462,1.5185079919273927,0.7721257302743612
H2afj,0.3282051282051281,0.7984459984459983,1.0,-0.1494256189133484,-0.0393838830101763,0.1089109000670238,1.45778929324323,1.4180648486953262,0.8028438038229958
Wbp11,0.2147580662912051,0.7011912626598479,1.0,-0.4325268241872084,0.8404182411372854,28.87870718298529,0.2409751673865575,0.457741413119639,0.7721257302743612
Arhgdib,0.0649572649572649,0.4418026418026417,1.0,-0.0523797671561581,0.0695064132930624,0.1847220208873616,1.5270461662070298,1.6051059819323577,0.7721257302743612
Kras,0.0379176379176379,0.3282051282051281,0.959129759129759,-0.0695618714056917,0.1682179345683618,0.4070155063859501,0.8553752313201819,0.9588418496222634,0.7721257302743612
Ndufa3,0.3112018520843261,0.7898534698691263,1.0,-0.4726404550615583,-0.0505233150510876,0.962607153882428,0.591960708411811,0.5645396309960424,0.8028438038229958
Rps9,0.2344988344988344,0.7209013209013208,1.0,-0.0111933511263184,0.0231616929186526,0.0649663287722154,3.3280484215778574,3.3799359613733504,0.7721257302743612
Pirb,0.0273095485243928,0.1149164463964125,0.3169975086812533,-0.6650228590104159,-0.4562508124167956,-0.2271926648646641,0.947143829405514,0.6918142158462797,0.7721257302743612
Lair1,0.0498834498834498,0.2344988344988344,0.8784770784770783,-0.5392496760839799,-0.3088077708918363,0.0315867449416051,1.009255458117088,0.807833060907896,0.7721257302743612
Rpl28,0.0649572649572649,0.5053613053613053,1.0,-0.0163176683591162,0.0342803374782314,0.0877285845282013,2.811890106975857,2.8817600894548123,0.7721257302743612
Ube2s,0.0235358787657099,0.2042192702898491,0.8003088341170477,0.0390439832856263,0.371576197277156,2.323454248616139,0.4629748432522457,0.590372122829327,0.7721257302743612
Epn1,0.2575318164737318,0.7898534698691263,1.0,-0.3651996053565655,0.3496302924524596,28.849586222833093,0.374158608971066,0.4914105893064085,0.8028438038229958
Rps5,0.1297435897435897,0.5053613053613053,1.0,-0.0203474480563048,0.0481968656299332,0.1143018015229276,2.7384830710858923,2.8333595365637727,0.7721257302743612
Chmp2a,0.0379176379176379,0.4418026418026417,0.959129759129759,-0.1075209419750719,0.0939484781389155,0.3393461262565967,0.8657880261138988,0.9256899340089452,0.7721257302743612
Selenow,0.1948717948717948,0.7209013209013208,1.0,-0.2527402514751065,-0.0476353900295395,0.1416453830564199,1.0420265898812515,1.0096018750126872,0.7721257302743612
Nop53,0.0822168388123539,0.634751893940661,1.0,-0.3872728838478232,-0.0559559228750172,1.935581308744334,0.546990746118326,0.5184888409568287,0.7721257302743612
C5ar1,0.0550394824230302,0.4001604954956691,1.0,-29.017797523503013,-1.062232672029688,27.528003258793586,0.370264628742105,0.143190255647928,0.7721257302743612
Tmem160,0.0069930069930069,0.1048951048951048,0.7209013209013208,0.0807204172977722,0.2388809418529057,0.4177527852081366,0.8579854817094028,1.0141312429053515,0.7721257302743612
Ap2s1,0.0379176379176379,0.5510230464863792,1.0,-0.3088829790280324,-0.0707565215421221,0.192236590198866,0.7538460625292418,0.7151859594156558,0.7721257302743612
Calm3,0.0281274281274281,0.5053613053613053,1.0,-0.1424386064978765,0.083582134023722,0.2742174968115624,0.8114684115970334,0.8610325748898735,0.7721257302743612
Snrpd2,0.0147630147630147,0.2344988344988344,0.8784770784770783,0.0397673848437909,0.2902524767336595,0.5218607155475824,0.6431246125417702,0.797791420976261,0.7721257302743612
Vasp,0.1605283605283605,0.5053613053613053,0.959129759129759,-0.0158023272714241,0.1624437739788032,0.3546919164895769,0.9128777101083908,1.0252967574104646,0.7721257302743612
Fosb,0.0281274281274281,0.2344988344988344,0.7228399378399359,-0.4885535052144598,-0.3181648861336053,-0.0911324739924594,2.141312962304195,1.7104173673283876,0.7721257302743612
Apoe,0.1048951048951048,0.3822843822843822,0.6472649572649555,-0.2968580856823062,-0.2097380140282632,-0.1039342112083101,4.644956934198545,4.012998977953924,0.7721257302743612
Plaur,0.000930972271575,0.0069930069930069,0.0391217128409659,0.4444830377388734,0.8635603152887255,1.5048320594376372,0.7454660529725665,1.3590815156356963,0.7721257302743612
Rps19,0.1048951048951048,0.4418026418026417,0.7984459984459983,0.0382289985829023,0.0853729095339227,0.1372928710060066,2.806984189411712,2.97687109609006,0.7721257302743612
Rabac1,0.0177903286236667,0.1025458809789091,0.3169975086812533,0.1094754316029869,0.260291073975745,0.4001552313452423,0.6874897025259663,0.825447298762402,0.7721257302743612
Pou2f2,0.0946411198588863,0.33179983649777,0.8292484591829462,-29.349478247702383,-0.905996415518144,0.3526888200818814,0.6652663765085187,0.3566528075110392,0.7721257302743612
Tgfb1,0.0649572649572649,0.4418026418026417,1.0,-0.0849193162518927,0.0584347051576387,0.2306198676279759,1.1775533459572376,1.22011221960231,0.7721257302743612
Axl,0.0104118104118104,0.1605283605283605,0.6453768453768453,0.1030758884177135,0.3082677711720823,0.5267683586389409,0.8062304359600726,1.0039265570148408,0.7721257302743612
Blvrb,0.2786324786324786,0.7984459984459983,1.0,-0.1353629186790911,-0.0151396076828606,0.1342247015115756,1.3181133934799487,1.30400942191781,0.8028438038229958
Pld3,0.1609642233598949,0.6275008061114353,1.0,-0.5953441503635459,2.397908912611916,29.01457444318542,0.0988875895137382,0.4497850833255587,0.7721257302743612
Fbl,0.0133130027638166,0.187959068257727,0.8744592481051268,0.0204120473142565,0.5841477402977144,2.5229082934446363,0.4183927487458395,0.6228299882363625,0.7721257302743612
Rps16,0.1605283605283605,0.6453768453768453,1.0,-0.0035242134014303,0.0374826822636911,0.092344962774111,3.146022611282325,3.2287246468117625,0.7721257302743612
Zfp36,0.001087801087801,0.0206682206682206,0.1948717948717948,-0.3264975167677569,-0.216545158695068,-0.0998307413507589,2.298894583810965,1.9770915769964497,0.7721257302743612
Gmfg,0.1948717948717948,0.7209013209013208,1.0,-0.09164044879322,0.002911337695637,0.1098748603988702,1.570017450420135,1.576180144459406,0.7721257302743612
Nfkbib,0.214678763047535,0.7111541697294341,1.0,-0.3354818472314343,0.1078745981323645,1.7120867790521983,0.5445919038564437,0.572786458056817,0.7721257302743612
Hnrnpl,0.0219109698020534,0.4109392401761573,1.0,-0.3360711466436815,0.8743435106397655,29.01991886002069,0.2778631392727451,0.5182965289425883,0.7721257302743612
Eif3k,0.0649572649572649,0.5737373737373737,1.0,-0.1868531973966583,-0.0497042829160439,0.1162844102988715,1.1331772385641636,1.0908416361325894,0.7721257302743612
Psmd8,0.1605283605283605,0.7209013209013208,1.0,-0.1810050877961546,0.0469934520517106,0.3000037137252548,0.7672519599164173,0.7865362840889758,0.7721257302743612
Capns1,0.0046620046620046,0.1048951048951048,0.7209013209013208,0.0069624246887019,0.2361988232423561,0.5420749064611909,0.7715795231242227,0.9123818505478436,0.7721257302743612
Tbcb,0.0892626890842453,0.6275008061114353,1.0,-0.7694218697644174,1.1636377820538455,28.9159694487582,0.2142571258625562,0.4487085423446283,0.7721257302743612
Tyrobp,0.0379176379176379,0.2786324786324786,0.8784770784770783,-0.0043786151424107,0.0278179912144875,0.0635432470906544,3.0161522449320737,3.07422198192843,0.7721257302743612
Psenen,0.2786324786324786,0.7984459984459983,1.0,-0.1524731364232077,0.0118164125568608,0.2403892224418321,0.8451068791050205,0.8548806306302157,0.8028438038229958
Cox6b1,0.0018648018648018,0.0379176379176379,0.2786324786324786,0.0442567178463401,0.1121821328654543,0.1863927458177806,1.6237242720800724,1.7534834678349525,0.7721257302743612
Usf2,0.1119097370670114,0.4503513435848739,1.0,-28.97472799530397,-0.510079883395221,0.8113874220593417,0.509535758939587,0.3515839874268682,0.7721257302743612
Fxyd5,0.0649572649572649,0.3282051282051281,0.959129759129759,-0.0318702569222949,0.0760791191819186,0.1774904470969289,1.5641200954362,1.65068306595571,0.7721257302743612
Gpi1,0.0649572649572649,0.5053613053613053,1.0,-0.1348613708197023,0.0798451235487671,0.2903934494274163,0.8607162290114758,0.9063968653805756,0.7721257302743612
Pdcd5,0.1859940458034531,0.6453768453768453,1.0,-0.367103939261472,0.0600431250772745,1.2896772066044,0.5250289808226117,0.5489556970371222,0.7721257302743612
Cd33,0.0503082027202481,0.2900470430093371,0.8744592481051268,-0.003871933414937,1.0944845204615912,29.146282689450658,0.288471884424837,0.6133545185769658,0.7721257302743612
Fcgrt,0.1022985256696753,0.1889374480029941,0.5632366271431426,-0.715173856418119,-0.438475074656624,-0.1741475747373367,1.061025286252331,0.7835156979926254,0.7721257302743612
Rps11,0.1948717948717948,0.6453768453768453,1.0,-0.0781295764431997,-0.0344684960396359,0.0054088363196261,3.3514142273277225,3.2733033352644902,0.7721257302743612
Rpl13a,0.3282051282051281,0.7984459984459983,1.0,-0.0484122609521345,-0.0031342640983968,0.0492406755883141,2.5718619825271,2.567684997278245,0.8028438038229958
Snrnp70,0.3822843822843822,0.7984459984459983,1.0,-0.3207539350925465,-0.100531102054779,0.1474011805068601,0.804434321413915,0.7452210300489652,0.8028438038229958
Ftl1,0.0495843045843046,0.3822843822843822,0.959129759129759,-0.0152290446111083,0.0138272479343076,0.0390320663527979,3.99055170999398,4.033412572781944,0.7721257302743612
Bax,0.2786324786324786,0.7922976624962125,1.0,-0.1435735334802319,0.0550088120577468,0.3367104787322715,0.7103043311353445,0.7424103352682974,0.8028438038229958
Nucb1,0.0946411198588863,0.483357294887874,1.0,-28.57677225450269,-0.3334930149764235,1.7721457133533736,0.4998794202787211,0.3560410944928338,0.7721257302743612
Ppp1r15a,0.1048951048951048,0.4418026418026417,0.959129759129759,-0.3826291490256893,-0.1445016599516991,0.0943452800498269,0.9510157741672812,0.8673643803822416,0.7721257302743612
Rpl18,0.1948717948717948,0.7209013209013208,1.0,-0.0364291995110788,0.0130473567181573,0.0687081117368575,2.693024305746192,2.721859881266735,0.7721257302743612
Emp3,0.001087801087801,0.0649572649572649,0.5737373737373737,-0.5109916915462186,-0.2837154912719453,-0.0556744986177807,0.973081581016558,0.7947571227910297,0.7721257302743612
Ldha,0.0829836829836829,0.4735819735819735,1.0,-0.3065569577928027,-0.1305433705237783,0.093352904335073,1.2466273376352577,1.138471787874475,0.7721257302743612
Spty2d1,0.0019314838702512,0.0649572649572649,0.3719426202973561,0.183105190747998,0.4103658051595517,0.7017864827616773,0.667555410726691,0.8869621809878387,0.7721257302743612
Cyfip1,0.1303807303807303,0.5737373737373737,1.0,-0.2808998671653203,-0.0839286752126245,0.1085539131481848,0.8851844494106842,0.8286692699570868,0.7721257302743612
Klf13,0.0281274281274281,0.2268047955085498,0.8747345961020656,0.0145577761436446,0.227735916276135,0.9358377646460556,0.6905774118344672,0.8119137158056946,0.7721257302743612
Selenos,0.31038761774803,0.7682801928996925,1.0,-0.3100705544719201,0.023738101043563,0.8246367996892464,0.5830005435448016,0.599781370597344,0.8028438038229958
Mef2a,0.0206682206682206,0.3716774469130736,0.959129759129759,-0.4964413720264087,-0.2617071089124475,0.0397911979578588,0.800725074602886,0.6592366919642125,0.7721257302743612
Arrdc4,0.1057235593879482,0.6314395816467896,1.0,-1.5422182141376408,0.5782522619748856,28.88003443075292,0.233691730059752,0.3971090555403183,0.7721257302743612
Chd2,0.0585216810711015,0.4004675495719816,1.0,-0.1296150227862161,0.1278974276820575,0.5415434502953987,0.6594199306218242,0.7138995153786047,0.7721257302743612
Akap13,0.0046620046620046,0.0649572649572649,0.4418026418026417,-0.4145298280481507,-0.2593325077404992,-0.0865234901468322,1.1335468445353976,0.9459593310043696,0.7721257302743612
Furin,0.0704615426471519,0.5465237317126098,1.0,-26.676869544246244,1.4553485021968893,28.873970062168805,0.1161482004570815,0.3364332551078445,0.7721257302743612
Iqgap1,0.1048951048951048,0.5053613053613053,0.959129759129759,0.0084531692897493,0.0851758914426006,0.1782439032632019,1.6667587055495725,1.7689702972763612,0.7721257302743612
Sec11a,0.0820772977283139,0.574872695668895,1.0,-1.5315237038981184,1.537264205487091,28.763901604038484,0.1324391942456742,0.3620174645442362,0.7721257302743612
Rps17,0.0498834498834498,0.4418026418026417,0.959129759129759,-0.0258686834347372,0.0323169205844237,0.0995573054704787,2.2314347272895123,2.28091881504496,0.7721257302743612
Tm6sf1,0.2344988344988344,0.7209013209013208,1.0,-0.2394737234668227,0.0034972815493814,0.2374854937198065,0.85788952469349,0.8651992788722168,0.7721257302743612
Ctsc,0.1048951048951048,0.4418026418026417,0.959129759129759,-0.2256588183480031,-0.1284800891258632,-0.0335752918691346,2.6937816336494027,2.463760432951729,0.7721257302743612
Picalm,0.1605283605283605,0.7209013209013208,1.0,-0.0908334502219745,-0.0123346516428232,0.0611574678465577,1.6419124956003075,1.630667375508689,0.7721257302743612
Pcf11,0.1776874391005868,0.6217687412649331,1.0,-28.555643606492485,-0.4878594699530015,27.977191273070225,0.2268293559083842,0.2053717041067715,0.7721257302743612
Prcp,0.0104118104118104,0.2344988344988344,0.959129759129759,-0.0523877493556113,0.1584509807826566,0.4981399242100874,0.8373415066874312,0.9325070428008498,0.7721257302743612
Ndufc2,0.2344988344988344,0.7209013209013208,1.0,-0.1400738675876935,0.0553534696256911,0.2809171064130898,1.0406471252008267,1.07521407943719,0.7721257302743612
Acer3,0.2715886742433745,0.7840226582999281,1.0,-1.8872338840041287,1.387405196351735,28.739676476669327,0.1106768811737992,0.2434489937432443,0.8028438038229958
Uvrag,0.2496751994882275,0.7090730856847203,1.0,-27.995830124003135,0.4999614545952578,28.657903006887345,0.1334525029169147,0.2072228496440715,0.7721257302743612
Rps3,0.0829836829836829,0.4418026418026417,1.0,-0.0240029442047094,0.0491288410575674,0.1121531249911216,2.4793959542793558,2.561420367200134,0.7721257302743612
Spcs2,0.0649572649572649,0.2344988344988344,0.7209013209013208,0.0427656637802062,0.2279041865244681,0.4408474180812318,0.7464965591538444,0.877174915666177,0.7721257302743612
Ucp2,0.0146542346542346,0.2344988344988344,0.959129759129759,-0.0150210535912316,0.0589652741433401,0.1325711443688147,1.8841073751055224,1.9646396173660663,0.7721257302743612
P2ry6,0.0649572649572649,0.5737373737373737,1.0,-0.0847317460068093,0.1000899839859457,0.3433422233220696,0.7203532967915975,0.7708544447962923,0.7721257302743612
Lamtor1,0.0343416738180014,0.2444968573844136,0.95799832386793,-1.2379384155671025,-0.2763696946840729,0.0779732159399426,0.6385241955008155,0.5339274359207189,0.7721257302743612
Nup98,0.044406322145509,0.3695514440500871,0.959129759129759,-0.1436509086221623,0.3895302807197842,2.1996376890873983,0.484248835370595,0.6314035040244146,0.7721257302743612
Rhog,0.194013209013209,0.7209013209013208,1.0,-0.2507595232633411,-0.0505988684919556,0.2281072262879721,0.8345258218750848,0.8080360800098403,0.7721257302743612
Timm10b,0.0206682206682206,0.3282051282051281,0.959129759129759,-0.3297510031219126,-0.120397894413706,0.1172759765597847,0.7691545427213365,0.7061526499271582,0.7721257302743612
Taf10,0.0829836829836829,0.6453768453768453,1.0,-0.1196265579978193,0.0427880951898133,0.2852988910317987,0.8789614717201832,0.9079011044924368,0.7721257302743612
Tpp1,0.0104118104118104,0.1033079701313654,0.4004675495719816,-0.680085124337591,-0.4686995490597299,-0.2467546454842555,0.8704654921708945,0.6216584321900122,0.7721257302743612
Eif3f,0.1605283605283605,0.6453768453768453,1.0,-0.0723991887608339,0.0713893279141274,0.2305896924170141,1.2796791701409114,1.34764879875832,0.7721257302743612
Rpl27a,0.0649572649572649,0.3282051282051281,0.959129759129759,-0.0108394046476551,0.0234933730386621,0.0555524090589444,3.289196087302358,3.339799920898568,0.7721257302743612
Dennd5a,0.0229215547738114,0.3056410254213622,1.0,-29.001685885078125,-0.8027733647040697,0.8263685040987147,0.5120556822390421,0.2753555103702947,0.7721257302743612
Eif4g2,0.1948717948717948,0.6453768453768453,1.0,-0.1478547253546919,-0.0363542929673991,0.1084231848003118,1.234803641481835,1.207085060188595,0.7721257302743612
Copb1,0.0376442906310159,0.3112018520843261,0.957810850422856,-0.0078417277054808,0.6734851474959109,29.00430809105129,0.3435332769917155,0.5424993412838317,0.7721257302743612
Psma1,0.1549884724987525,0.7111541697294341,1.0,-0.3886746971376742,-0.0320577306514084,1.0442061729828669,0.5872935199855293,0.5712276689613532,0.7721257302743612
1110004F10Rik,0.1447541897224064,0.6025243523612969,1.0,-28.859327747107084,-1.1642064346053598,27.684518336730093,0.1951443385328545,0.1060398487702152,0.7721257302743612
Rps13,0.0104118104118104,0.1948717948717948,0.8784770784770783,5.642636753228739e-05,0.0489985239981204,0.1109128009269394,2.9427226754463174,3.0431669468104765,0.7721257302743612
Rps15a,0.0281274281274281,0.3282051282051281,0.959129759129759,-0.0158600434218765,0.0348200311327105,0.0777949193412477,3.01913159641682,3.0964075753265976,0.7721257302743612
Arl6ip1,0.0146542346542346,0.2344988344988344,0.8784770784770783,-0.455131542555984,-0.1978141121100248,0.0910931917487763,0.9543903595697664,0.8340675358742031,0.7721257302743612
Smg1,0.0496329132677271,0.3654215579150202,0.956284952863831,-29.03400525962865,-1.6977159286834298,26.942224016800463,0.2715676523872622,0.1120920113382922,0.7721257302743612
Gde1,0.0009068567509923,0.0052500290754202,0.0404213463806162,0.6305412922004596,1.19565170028596,2.898201352279684,0.4200016843784684,0.9628372686877448,0.7721257302743612
Igsf6,0.0147630147630147,0.1303807303807303,0.5753002960980977,0.0617532157575177,0.3111992656814802,0.615242954408556,0.7303737419319449,0.904962228006795,0.7721257302743612
Ndufab1,0.0513398264234592,0.3442073387850138,0.959129759129759,-0.0661352116174367,0.2228092839818233,0.8780608113975378,0.5685645159246873,0.6591618378553679,0.7721257302743612
Prkcb,0.1479470225102861,0.6945980769823016,1.0,-28.0147904133348,0.6768311862202295,28.934556489082105,0.1530938899581185,0.261296454686959,0.7721257302743612
Rbbp6,0.0234641873132727,0.2697960790058185,0.959129759129759,-0.0385130057654503,0.2190458422507117,0.68272396902311,0.6693502170537513,0.77902883672844,0.7721257302743612
Arhgap17,0.0354473202125828,0.3706183398171955,1.0,-0.6019022944174658,-0.2725922669078738,0.6643515034224697,0.7184243190506345,0.5873264257438444,0.7721257302743612
Il4ra,0.2786324786324786,0.792746526993248,1.0,-0.2713683682324436,-0.0089679677060616,0.2623274767014381,0.7682739579292119,0.7664015105357735,0.8028438038229958
Eif3c,0.1948717948717948,0.7209013209013208,1.0,-0.1000332149519941,0.0760349476049988,0.278408497881545,0.8665259203424869,0.909341606660819,0.7721257302743612
Bola2,0.103288917902554,0.5737373737373737,1.0,-0.204053020243512,0.0244056268557302,0.84931209692965,0.6692531373077968,0.6752552040656635,0.7721257302743612
Coro1a,0.0379176379176379,0.3282051282051281,0.959129759129759,0.0045003651316262,0.1175949928216203,0.2671726555570266,1.2909803232214037,1.403975120379155,0.7721257302743612
Gdpd3,0.1948717948717948,0.5737373737373737,1.0,-0.0757500610703297,0.1190580819243749,0.2998249225253821,1.4167205967565877,1.54301281980725,0.7721257302743612
Aldoa,0.2344988344988344,0.7209013209013208,1.0,-0.1370912648766477,-0.012636333851015,0.1212372659300209,1.3046940746234426,1.2943960444155476,0.7721257302743612
Itgal,0.0904879299312675,0.5465237317126098,1.0,-0.4277872446592319,0.7147053567830696,29.00260069525873,0.3000095296099465,0.5079003715098658,0.7721257302743612
Fus,0.2344988344988344,0.7209013209013208,1.0,-0.2239821546916705,-0.0412917349634679,0.1570282952579069,0.961063404591453,0.9369147224769624,0.7721257302743612
Pycard,0.0498834498834498,0.2344988344988344,0.7984459984459983,-0.5041568634412361,-0.2808851823774118,-0.0136121608654239,1.0440159718399626,0.86230484033785,0.7721257302743612
Itgam,0.0498834498834498,0.4418026418026417,1.0,-0.4249041706342313,-0.1439168826791624,0.1803888243951439,0.8114838665924822,0.7521913988779987,0.7721257302743612
Itgax,0.0018014358695427,0.0376442906310159,0.2687359373937462,0.645566875445654,2.5039171262359528,29.393398482527864,0.1106768811737992,0.6296034665210762,0.7721257302743612
Rgs10,0.1948717948717948,0.6453768453768453,1.0,-0.0802677911814295,0.0692842451252228,0.1991833443888029,1.4953009516059623,1.568448613987185,0.7721257302743612
Ptpre,0.0147319011399459,0.3169975086812533,0.960151515151514,-0.0790917541020883,0.1193402231034539,0.4043382405367482,0.6373957655920512,0.6900264249991808,0.7721257302743612
Ifitm2,0.0001554001554001,0.0018648018648018,0.0498834498834498,-0.3379112165425445,-0.232938246447136,-0.1415795302073369,2.1146588708531446,1.803994570636344,0.7721257302743612
Ifitm3,0.0018648018648018,0.1303807303807303,0.8784770784770783,-0.3914376041451097,-0.2203534846151341,0.0164979868831889,1.36471799095048,1.17501619686489,0.7721257302743612
Rnh1,0.0281274281274281,0.336206233495071,0.959129759129759,-0.0718811790805198,0.1638471837848756,0.4159925494421989,0.7418442294862082,0.826811581362667,0.7721257302743612
Taldo1,0.1948717948717948,0.7209013209013208,1.0,-0.1670623412929932,-0.0090234934711792,0.2016609902830102,1.1114982395044677,1.104420678313625,0.7721257302743612
Rplp2,0.0649572649572649,0.3822843822843822,0.959129759129759,-0.0234492546188331,0.0307867043958754,0.0817293938693069,2.9086690930364525,2.9656045730528287,0.7721257302743612
Ctsd,0.1303807303807303,0.5737373737373737,1.0,-0.28309386268919,-0.0815756077144746,0.1318366255348015,1.4339413451578125,1.357331553646975,0.7721257302743612
Mrpl23,0.0518570202911714,0.3913759659281819,0.959129759129759,-0.0490624141205261,0.2055640837962485,0.9145419005708324,0.6184830582854783,0.7137089067022205,0.7721257302743612
Cd81,0.3282051282051281,0.7209013209013208,1.0,-0.351560180979389,-0.1578581657336194,0.0402442719837255,1.559110756419285,1.3947285730953252,0.7721257302743612
Pet100,0.0704615426471519,0.3112018520843261,0.956284952863831,0.314317752121763,1.726998875106296,29.01749158869585,0.1490482579429262,0.4965500979376911,0.7721257302743612
Arglu1,0.1776874391005868,0.7090730856847203,1.0,-2.681901983074537,0.4547422861307355,28.99120328473141,0.2931284953899364,0.4144339569722345,0.7721257302743612
Rab20,0.0104118104118104,0.1948717948717948,0.7209013209013208,0.0613128295332719,0.234520574671999,0.47498882386465,0.9254846911604632,1.0898134114086786,0.7721257302743612
Lamp1,0.3282051282051281,0.7209013209013208,1.0,-0.0881176521712946,-0.0337807851063387,0.020564621410135,2.4238053581796573,2.3652372651641898,0.7721257302743612
Cln8,0.1123380312444478,0.4239989896164244,1.0,0.1032431967450705,1.2193335420620046,29.108235140377964,0.2376309609784852,0.5632873462040264,0.7721257302743612
Ikbkb,0.0070948503736257,0.0892626890842453,0.7091557986478488,0.1142883412884444,1.9311306113523727,29.26046128858776,0.1570508781487075,0.5691477875292532,0.7721257302743612
Tm2d2,0.2202347585707377,0.7011912626598479,1.0,-2.2728466246582646,-0.0429673250614646,1.6465367494611287,0.4546565894186523,0.473789435103088,0.7721257302743612
Tacc1,0.1453569715806971,0.6355065570939342,1.0,-2.223866144635382,0.0231473227402055,2.051002124727241,0.473109465820729,0.4517788013952225,0.7721257302743612
Nsd3,0.0550394824230302,0.4001604954956691,1.0,-29.083796955086605,-1.5578750804288035,27.675392488582013,0.26717546468377,0.0855183463591022,0.7721257302743612
Zfp703,0.1303807303807303,0.6453768453768453,1.0,-0.1525355049042268,0.1120420660755734,0.3446474342196219,0.7433796586891259,0.8118593246339402,0.7721257302743612
Plpbp,0.0310325195001449,0.3112018520843261,0.957492737513927,-0.0096667556878827,2.108747147243781,29.14526903352252,0.1250586409808731,0.5489422999999605,0.7721257302743612
Leprotl1,0.044406322145509,0.397321419035571,1.0,-29.00427635570781,-0.9144704781409824,1.0688719501227466,0.4756922692662565,0.2319530646256732,0.7721257302743612
Saraf,0.1604138863551888,0.6453768453768453,1.0,-0.3729305717105101,-0.059625028778705,0.9514434476333352,0.5564012821005992,0.5400648997592825,0.7721257302743612
Msr1,0.1020568260290285,0.5632366271431426,1.0,-0.1575873844781609,0.071967883243276,0.3212578516608099,0.7127566448037805,0.7454039829412876,0.7721257302743612
Asah1,0.0498834498834498,0.3822843822843822,0.959129759129759,-0.1771374983926805,-0.0714795775796604,0.0276204772513164,1.383551553521575,1.3204657607107813,0.7721257302743612
Slc25a4,0.1010200224303009,0.5269301860245896,1.0,-0.1684956835923299,0.6562854909820484,29.090517042490216,0.363983299074865,0.5518787606240103,0.7721257302743612
Hmgb2,0.0649572649572649,0.4418026418026417,1.0,-0.3734351928937745,-0.1312957667256367,0.15596424044319,1.0681552299296362,0.9741359496865566,0.7721257302743612
Atp6v1b2,0.1033079701313654,0.4518615600632193,1.0,-0.078518781075661,0.1165052589685202,0.4092655194485649,0.6481733322151075,0.7007540227863198,0.7721257302743612
Ndufa13,0.0498834498834498,0.4418026418026417,1.0,-0.0707338873599031,0.0694078753528715,0.2435951679174514,1.1912181223006524,1.249376037099731,0.7721257302743612
Rex1bd,0.044406322145509,0.3684845482829788,0.95799832386793,-0.1403250246196738,0.6756394462687282,29.037999381471725,0.3414705801912689,0.5416146868801333,0.7721257302743612
Uba52,0.4295368450634365,0.7922976624962125,1.0,-0.2663976927030597,0.0813023721615333,0.810389276184522,0.740174516322419,0.7716146711070937,0.8028438038229958
Fkbp8,0.0946411198588863,0.4041303296058642,1.0,-1.32763660015435,-0.4661094113290387,0.5544474231033204,0.5743710778906054,0.3916009817661551,0.7721257302743612
Lrrc25,0.1947234362000748,0.7129894874507409,1.0,-0.4152709822316955,-0.0482664847779148,0.2634797377448805,0.6145234198863657,0.5911984907254906,0.7721257302743612
Jund,0.0104118104118104,0.1048951048951048,0.5737373737373737,-0.2811223530383974,-0.1620016126429485,-0.0461380055164907,1.9335941412110675,1.725582737097725,0.7721257302743612
Ifi30,0.001087801087801,0.0206682206682206,0.1948717948717948,0.0897404169320326,0.179549899794538,0.2563796427239437,1.9758203866973,2.237258238324309,0.7721257302743612
Rpl18a,0.1948717948717948,0.5737373737373737,1.0,-0.0660150450227504,-0.0192724175271908,0.0244155756685617,2.948788094641324,2.9078095079350854,0.7721257302743612
Use1,0.11250638569044,0.6314395816467896,1.0,-2.1388346438668986,0.1877598951942295,28.81062663424336,0.3476834494637912,0.3728873058043905,0.7721257302743612
Bst2,0.3282051282051281,0.7209013209013208,1.0,-0.2717674197930249,-0.0551419194775743,0.1560600294772577,0.9305127116272444,0.8986527715429338,0.7721257302743612
Pgls,0.0053510343901815,0.0829836829836829,0.5737373737373737,0.0513238866038193,0.2695629139913021,0.6686825494842163,0.6210063897465825,0.7446437836921465,0.7721257302743612
Tpm4,0.0046620046620046,0.0379176379176379,0.2786324786324786,0.1549526856556628,0.3966249763186904,0.6387964573370076,0.8888222507099491,1.1730419412945077,0.7721257302743612
Fam32a,0.2496751994882275,0.7463178799324552,1.0,-28.56207412722917,0.3074120223510274,28.951209222002536,0.2530340598687015,0.3485145424467507,0.792631077394327
Sin3b,0.0235358787657099,0.3282051282051281,0.959129759129759,-0.0660540104989413,0.1279434278032208,0.5139597940205101,0.6201049802659511,0.6738946831799008,0.7721257302743612
Smarca5,0.1605283605283605,0.7209013209013208,1.0,-0.1921989775401727,0.0374160790745263,0.2987743743274486,0.841342596047579,0.8602295661355428,0.7721257302743612
Tbc1d9,0.0310325195001449,0.2900470430093371,0.7936590752979896,0.0204761868112123,0.9822999425558954,29.22771512953439,0.3085342770065197,0.6188792358306812,0.7721257302743612
Ndufb7,0.0649572649572649,0.6453768453768453,1.0,-0.1237351038206067,0.026196494214784,0.1901467775603382,0.950384640719208,0.9691238092799928,0.7721257302743612
Tecr,0.1163008546420284,0.6536395693173636,1.0,-28.603245356775425,-0.1251706250555308,28.49024219777564,0.2338990335085266,0.210668953566975,0.7721257302743612
Adgre5,0.0379176379176379,0.4418026418026417,0.959129759129759,-0.0777909803390081,0.1853587588609288,0.4273176326095848,0.7148898408508462,0.8157699902205402,0.7721257302743612
D8Ertd738e,0.1043473193473193,0.5053613053613053,0.959129759129759,-0.067062972060856,0.0756063718876047,0.2718401033786894,1.1075172381634577,1.1669694893643774,0.7721257302743612
Calr,0.0069930069930069,0.1048951048951048,0.4418026418026417,0.0394504164884574,0.1590378453440238,0.3336329623376931,1.684839413623285,1.8794122275551648,0.7721257302743612
Prdx2,0.0904879299312675,0.6314395816467896,1.0,-0.3678782493726605,0.1910579711113502,2.319501272766993,0.4809051906577377,0.5472243208236245,0.7721257302743612
Junb,0.0147630147630147,0.2344988344988344,0.959129759129759,-0.0996836006924084,-0.0580800160096086,0.0024258940337635,2.9888626176079747,2.870090504533795,0.7721257302743612
Trir,0.0379176379176379,0.3822843822843822,1.0,-0.3227148866437574,-0.1038668791183736,0.0531679692404217,0.7109024969312463,0.6635222017041595,0.7721257302743612
Man2b1,0.0046620046620046,0.0829836829836829,0.5737373737373737,0.0516011290574687,0.2362595796719809,0.4971858738461595,1.069465433191785,1.25413577301281,0.7721257302743612
Dnaja2,0.0399796029462569,0.2697960790058185,0.9580911282267016,-0.1139659710186229,0.1965174422629602,1.7978950045130824,0.5888417277352207,0.6571576133622715,0.7721257302743612
N4bp1,0.1269615081462767,0.6453768453768453,1.0,-0.4487196764223857,-0.0928309250517554,0.1928497899362842,0.6731860574679829,0.6403033863725974,0.7721257302743612
Snx20,0.0649572649572649,0.5737373737373737,1.0,-0.3260932652533585,-0.0895513386117139,0.1402012397557128,0.8046017695497896,0.7570094699975758,0.7721257302743612
Lpcat2,0.0104118104118104,0.1948717948717948,0.959129759129759,-0.0162428840614674,0.155807729538369,0.3920876016090536,0.9236900755092096,1.0234287073029,0.7721257302743612
Mt1,0.001087801087801,0.0206682206682206,0.1605283605283605,0.1108376958076594,0.2562523439660291,0.3773272028027607,2.027577183055305,2.4215539476086474,0.7721257302743612
Herpud1,0.1048951048951048,0.6741981971505068,1.0,-0.2498336705896159,0.0221813913401103,0.3969503979475766,0.8819027421453656,0.8943663325560391,0.7721257302743612
Atp6v0d1,0.0649572649572649,0.3282051282051281,0.959129759129759,-0.0981660240356051,0.1510597754057302,0.3646135713091603,0.7426415152862228,0.828859034235265,0.7721257302743612
Psmb10,0.0829836829836829,0.5053613053613053,1.0,-0.5571250911695713,-0.2655788628670203,0.0717153895540706,0.8565688960340416,0.719822585991193,0.7721257302743612
Nfat5,0.1411232837969484,0.6453768453768453,1.0,-0.2200364054408077,0.0698820017112447,0.970046858973635,0.5975357158663763,0.6250101282283664,0.7721257302743612
Zfhx3,0.0829836829836829,0.3822843822843822,0.91629779799785,-0.5480088160171613,-0.3209263729822291,-0.0502055358732822,0.788339668243055,0.631444701392058,0.7721257302743612
Ist1,0.0822168388123539,0.4935627897033893,1.0,-0.1975201443009709,0.4728060787851452,2.353213061080252,0.4025495800529752,0.5614841624954527,0.7721257302743612
Gabarapl2,0.0308276094320916,0.1718517022196694,0.5992415158356712,-0.4893223948672662,-0.2497001876101188,-0.0721175841207731,0.689993699795125,0.5805516649278396,0.7721257302743612
Cmip,0.2171619622484127,0.7463178799324552,1.0,-1.41866504823745,0.2042166036927427,28.57968673500538,0.37687966062257,0.4193353861324655,0.792631077394327
Hsbp1,0.0273095485243928,0.2344988344988344,0.959129759129759,-0.4390007095835094,-0.2049191333847186,0.0244005190223433,0.751341231846932,0.655434062376044,0.7721257302743612
Cotl1,0.0649572649572649,0.5737373737373737,1.0,-0.1172347537510721,0.0385569915532852,0.1694007476703571,1.4259457610005812,1.4607495536053738,0.7721257302743612
Cox4i1,0.0649572649572649,0.5053613053613053,1.0,-0.0188324316000856,0.0265710288252099,0.0789628068020623,2.220667056665435,2.2585339054622224,0.7721257302743612
Irf8,0.0649572649572649,0.5053613053613053,1.0,-0.3398093692025764,-0.0765195378316607,0.1625811239188734,1.2939525387233524,1.2333142330541125,0.7721257302743612
Map1lc3b,0.0649572649572649,0.3822843822843822,0.959129759129759,-0.0567000678081444,0.0844811132654849,0.2089414617052655,1.1673779170303775,1.24079771474041,0.7721257302743612
Cyba,0.0046620046620046,0.1048951048951048,0.6453768453768453,0.0122933443682728,0.0777822642368835,0.1267731046917699,2.482474358977135,2.618238314429268,0.7721257302743612
Aprt,0.0046417026422158,0.0829836829836829,0.5737373737373737,0.0997662040221598,0.4328337707801972,0.8417577995003689,0.7373520082527559,1.0020640069655349,0.7721257302743612
Trappc2l,0.0308276094320916,0.3148402731431644,0.9578155372589828,-2.085440289816124,-0.2563159074264631,1.0900539112382006,0.546990746118326,0.461922530793373,0.7721257302743612
Ankrd11,0.0069930069930069,0.1605283605283605,0.7228399378399359,0.0570877945635868,0.1819150631070294,0.3138258791267019,1.1576925501906974,1.31738103422679,0.7721257302743612
Rpl13,0.0379176379176379,0.2344988344988344,0.7228399378399359,0.020987041262675,0.0593543401454786,0.1109450804877743,3.3262704971976147,3.4612937166537026,0.7721257302743612
Tcf25,0.0829836829836829,0.4418026418026417,1.0,-0.0791687285688796,0.1221463811673878,0.4218669771290851,0.8758632833668869,0.9538569578184348,0.7721257302743612
Irf2bp2,0.0069347319347319,0.1303807303807303,0.5737373737373737,-0.4824703761372014,-0.3141241472133254,-0.0886069017183306,1.399108244806374,1.12848016829141,0.7721257302743612
Tomm20,0.0104118104118104,0.1048951048951048,0.5053613053613053,0.0449814618076592,0.2119249647367575,0.3972766480547347,1.322237490277105,1.5347017207913638,0.7721257302743612
Itgb1,0.1948717948717948,0.7209013209013208,1.0,-0.1993447979788722,-0.0314432165388125,0.1422630847007925,1.22324194161308,1.1983915855939589,0.7721257302743612
Dcun1d5,0.0204149374567776,0.1956677425436415,0.914168625946128,0.2387620680146016,2.1160736942169804,29.03843154760101,0.119420452545871,0.5252840870678943,0.7721257302743612
Tmem123,0.0281274281274281,0.3282051282051281,0.959129759129759,-0.0331070579627814,0.1853417199185676,0.4282910359499924,0.8646594400768193,0.9859646818883522,0.7721257302743612
Birc3,0.0568537936122416,0.5053613053613053,1.0,-0.7010718360055149,-0.0759449132273173,0.5731229861463721,0.5900882971879617,0.5587838900299522,0.7721257302743612
Cwc15,0.1528981467231426,0.7090730856847203,1.0,-0.2336579335833108,0.1378384904629112,0.9611411123270446,0.5342638579625529,0.5809675988663963,0.7721257302743612
Ubl5,0.1605283605283605,0.7209013209013208,1.0,-0.1195533967893327,-0.0121543677883427,0.1037192809339294,1.4186899390802965,1.4051328290008,0.7721257302743612
Cdc37,0.0229215547738114,0.3084214387528441,0.957810850422856,-28.822384190616635,-0.9888309925640392,0.4395393995588738,0.4746566913052457,0.2274012115102875,0.7721257302743612
Acp5,0.001087801087801,0.0498834498834498,0.2798717948717937,0.1348115829641185,0.3221766597716576,0.5360273428210117,1.4087670330406774,1.755474354052365,0.7721257302743612
Sept7,0.0379176379176379,0.5737373737373737,1.0,-0.2051973245363478,0.0837034243290471,0.3645471212973093,0.617003018845526,0.6584467023356081,0.7721257302743612
Aplp2,0.1221757823939265,0.5686223313199822,1.0,-0.3343443751261706,0.427039196412078,28.56655193957969,0.3995324607954617,0.5384365126387326,0.7721257302743612
Hspa8,0.0206682206682206,0.2344988344988344,0.7984459984459983,-0.1343121439510791,-0.0592926609935433,0.0120829775046916,2.33701918437789,2.250742170556535,0.7721257302743612
Sorl1,0.1501208222419232,0.5498255885806054,0.9570017810351952,-0.1425869071215472,1.0455429268521843,2.3765067453156674,0.2268293559083842,0.4663871571196587,0.7721257302743612
Cbl,0.1303093949551582,0.7209013209013208,1.0,0.0013321728623109,0.1935848207757466,0.4712876200223236,0.7538460625292418,0.8683106928646923,0.7721257302743612
Rps25,0.1948717948717948,0.5053613053613053,0.959129759129759,-0.0077766380058153,0.0344642710554743,0.0822826990941637,2.595729988224156,2.65664183955906,0.7721257302743612
Ddx6,0.1605283605283605,0.683139083139083,1.0,-0.2326066910247264,0.014828769226086,0.2079732906441444,0.9121972360734284,0.9203070374807676,0.7721257302743612
Arcn1,0.0933375471780228,0.6217687412649331,1.0,-28.351089422103733,-0.3418028319115038,27.9171163120394,0.1161482004570815,0.062276386637268,0.7721257302743612
Atp5l,0.1048951048951048,0.6453768453768453,1.0,-0.0521384639178152,0.0198114214249637,0.0854567027961515,2.042635015012868,2.0743373293482303,0.7721257302743612
Cadm1,0.0112746152015495,0.1501208222419232,0.7123816042098661,0.3350246938103638,1.9791600634691344,29.236897574568555,0.1464064940458745,0.592882794949888,0.7721257302743612
Rbm7,0.0379176379176379,0.2786324786324786,0.8784770784770783,-0.0643136465068341,0.1899466880201492,0.4186746361293801,0.6777249649605527,0.7759942157159907,0.7721257302743612
Sdhd,0.1705610877239446,0.6854434826775221,1.0,-2.361892652532098,1.7688377780077262,28.876069415939213,0.1071027169142727,0.3098749801599747,0.7721257302743612
Timm8b,0.2859747346155502,0.7463178799324552,1.0,-0.2454259012749269,1.026111939166154,29.036616525569123,0.2406394147360892,0.5249691864963026,0.792631077394327
Psma4,0.3180689668505534,0.7984459984459983,1.0,-0.2601345058463889,0.0061808633668779,0.2688760850769592,0.7621999029547515,0.7774466759824682,0.8028438038229958
Cox5a,0.0206682206682206,0.2344988344988344,0.8784770784770783,-0.004986475411061,0.1004279676875668,0.2209633852280026,1.6262522109541502,1.7436933432640225,0.7721257302743612
Scamp2,0.0147630147630147,0.2476478461028965,0.959129759129759,-0.6001823613118601,-0.2484110563424388,0.2970049896379587,0.6849060551562081,0.5727939525933154,0.7721257302743612
Nptn,0.1025458809789091,0.5576726074341468,1.0,-0.3445918338587737,-0.1073783965035019,0.3929782812293658,0.6074731340636534,0.5604254611139943,0.7721257302743612
Arih1,0.1275273133578452,0.6355065570939342,1.0,-0.1848693087997701,0.0426517364107334,0.5934258749648433,0.6331829648794913,0.6503431280123354,0.7721257302743612
Hexa,0.1948717948717948,0.7209013209013208,1.0,-0.1263215704504368,0.0083423597521161,0.1581277284449579,1.276099125195255,1.27496747744727,0.7721257302743612
Pkm,0.0829836829836829,0.5737373737373737,1.0,-0.0921134033957204,0.0708304852232703,0.2670585939323395,1.102835678892105,1.1597053617584976,0.7721257302743612
Rplp1,0.0046192696192696,0.0379176379176379,0.3282051282051281,0.0291700805585185,0.0537080328745301,0.0843935351115118,3.605068207235605,3.7409469745401,0.7721257302743612
Rpl4,0.0147630147630147,0.1948717948717948,0.8784770784770783,0.0294152009688912,0.1084394818928437,0.1859842945378522,1.895894067492075,2.0458665900584747,0.7721257302743612
Rab11a,0.1275062708469737,0.6339972307873878,1.0,-0.4267623922747149,0.4967310347095628,28.86981109625592,0.3395270042498275,0.4926175044160978,0.7721257302743612
Dennd4a,0.1303807303807303,0.5053613053613053,1.0,-0.1324522296337656,0.1822551690454666,0.7828489217221173,0.8340921977738146,0.9359907100111876,0.7721257302743612
Spg21,0.1221757823939265,0.6339972307873878,1.0,-1.090717323250466,0.2136019137767944,28.96813978597729,0.3974172541713153,0.488966124168722,0.7721257302743612
Plekho2,0.1048951048951048,0.6453768453768453,1.0,-0.3211560228700223,-0.0231772705149377,0.2637760875444175,1.0085217412914649,0.9898332524520446,0.7721257302743612
Ppib,0.0003108003108003,0.0206682206682206,0.3282051282051281,0.0516201837440716,0.1988408183905389,0.3832577120200319,1.2669319956871,1.4531695114933971,0.7721257302743612
Rab8b,0.4418026418026417,0.8784770784770783,1.0,-0.1230642656893091,0.0152268499881241,0.1080489007203515,1.141494129893025,1.151776630917605,0.8784770784770783
Rps27l,0.0104118104118104,0.0649572649572649,0.3282051282051281,0.0857318285355826,0.1814826940628443,0.2835909379779613,1.32219531075498,1.5026652245468577,0.7721257302743612
Bnip2,0.1149164463964125,0.6314395816467896,1.0,-0.8583255834386355,-0.1937264085650247,0.5565390811833041,0.5959367020779623,0.5202805133202536,0.7721257302743612
Adam10,0.0590766031498228,0.3252709799742125,0.956284952863831,-29.16803085156288,-1.639348387658878,26.76489468548103,0.4517409863672247,0.1286602978984262,0.7721257302743612
Arpp19,0.0311904703243524,0.3282051282051281,0.959129759129759,-0.0367927499164714,0.1607226656365495,0.5532539039815197,0.6392226483755005,0.7118110222896182,0.7721257302743612
Myo5a,0.1826944712149479,0.7011912626598479,1.0,-1.6367188896465743,0.4376896000996024,28.95368364679992,0.292319822670508,0.4589034640295563,0.7721257302743612
Mapk6,0.0498834498834498,0.3711478933651345,0.959129759129759,-0.0632433038571331,0.190651977242346,0.8379258764188362,0.5927489428575514,0.676279705887088,0.7721257302743612
Eef1a1,0.1605283605283605,0.5737373737373737,1.0,-0.0032427462888315,0.0241453218646064,0.0504211243408977,3.75674146832693,3.8201241110266775,0.7721257302743612
Cox7a2,0.1605283605283605,0.7209013209013208,1.0,-0.076196074972478,0.0290791292154888,0.1563659110930747,1.297522612550565,1.3204596491430265,0.7721257302743612
Tmem30a,0.1388637976716842,0.5809841599453014,1.0,-28.44631539990388,-0.0269191383832494,28.55287048528148,0.2406394147360892,0.2054952020658425,0.7721257302743612
Syncrip,0.0095379523581334,0.1859940458034531,0.8744661318050502,-0.0063606479193262,1.3302744813308365,29.28521169383661,0.2459648379655982,0.6116467879295926,0.7721257302743612
Bcl2a1d,0.1043473193473193,0.6453768453768453,1.0,-0.1856192725618376,0.1029361594980867,0.3909588550142615,0.8541355547715606,0.9189835677722432,0.7721257302743612
Bcl2a1a,0.0029526029526029,0.0649572649572649,0.4433916083916068,0.0971282453533812,0.4132082680475762,0.7981611214644893,0.8675751182773634,1.16331113837782,0.7721257302743612
Bcl2a1b,0.0029526029526029,0.0281274281274281,0.1948717948717948,0.1119261058726442,0.238991126752929,0.3988638347627136,1.556792576445727,1.8506598520938151,0.7721257302743612
Tmed3,0.0641787341204117,0.3112018520843261,0.956284952863831,-0.0042461501087847,2.299472044577265,29.032534832405062,0.0988875895137382,0.4762313770132112,0.7721257302743612
Ctsh,0.0104118104118104,0.1605283605283605,0.7209013209013208,0.0368866428398834,0.1148161829490849,0.1905707365991723,1.8378571856831312,1.989371416927435,0.7721257302743612
Morf4l1,0.1948717948717948,0.7209013209013208,1.0,-0.1471977214589802,-0.0480251901892717,0.0549624703440214,1.507114797018137,1.45943605955897,0.7721257302743612
U2surp,0.0621104744239398,0.5255516528137945,1.0,-0.2123309202909487,0.6603514728032138,2.51045785342853,0.3396189586906115,0.5407497261743943,0.7721257302743612
Atp1b3,0.0029526029526029,0.0829836829836829,0.5737373737373737,-0.3603147699721823,-0.2240126528477999,-0.0725181570285861,1.2482456578634864,1.0706759426937675,0.7721257302743612
Rnf7,0.1531983720915998,0.7090730856847203,1.0,-0.6227868778567286,0.0920293518166457,1.512741724027896,0.4653480929763,0.5130169199757685,0.7721257302743612
Anapc13,0.2172187573017174,0.6217687412649331,1.0,-28.49748387201669,-0.2981842425131624,27.9607181978782,0.265891697162589,0.222433198969276,0.7721257302743612
Trf,0.1948717948717948,0.5737373737373737,1.0,-0.2684244795228533,-0.1383710402130566,0.0186574449783543,1.5883429604334889,1.4466093102390023,0.7721257302743612
Cdv3,0.0818084869467632,0.3282051282051281,0.959129759129759,-0.0274682042839966,0.2318818534668187,0.5279920871425431,0.621421064274584,0.7355384491211678,0.7721257302743612
Rpl29,0.0518570202911714,0.5053613053613053,1.0,-0.1495447493280728,0.1409338783279082,0.558773212034443,0.7177560841878537,0.7931266735600322,0.7721257302743612
Manf,0.0498834498834498,0.3282051282051281,0.959129759129759,-0.0272743730801153,0.2126990020095151,0.4678552668213167,0.8466816413551752,0.9856803375748168,0.7721257302743612
Gnai2,0.0146542346542346,0.4418026418026417,1.0,-0.0235910365000138,0.0331854650477862,0.0913131341718158,2.009675372537377,2.057575211296282,0.7721257302743612
Rhoa,0.0281274281274281,0.3822843822843822,1.0,-0.1067376882116944,-0.0401793469481417,0.0303970691242829,1.5437715759540689,1.50353830463836,0.7721257302743612
Gpx1,0.0649572649572649,0.5053613053613053,1.0,-0.0025833107556272,0.065304200163739,0.1429451009317554,1.883977812598168,1.9714512641176176,0.7721257302743612
Arih2,0.0036194871540827,0.0649572649572649,0.3448676138108178,0.1109450606034769,0.6149502489378987,29.14051262800799,0.4042267641914787,0.6328953494089423,0.7721257302743612
Shisa5,0.0649572649572649,0.5053613053613053,1.0,-0.3071282758944307,-0.1066815548520913,0.0937958061392789,0.7158896657737646,0.665318677887043,0.7721257302743612
Tma7,0.0206682206682206,0.2786324786324786,0.959129759129759,-0.0190368878820414,0.1170780617396431,0.2367554505491902,1.2076852539819427,1.311534767028165,0.7721257302743612
Ccdc12,0.1705610877239446,0.7058654396235203,1.0,-0.3389096723758057,0.4128207831655199,29.02963027520753,0.425636556615203,0.565197619387819,0.7721257302743612
Ccrl2,0.0046620046620046,0.1303807303807303,0.7209013209013208,-0.3637976533694467,-0.191368167797947,0.0054540708563257,1.6506431125953336,1.4468593211383662,0.7721257302743612
Pdcd6ip,0.1146659128588798,0.5283087192353848,1.0,-0.4340815529749035,-0.1765817510209146,0.1458895446763914,0.692173754708018,0.6136677483565365,0.7721257302743612
Cmtm7,0.0129063396350218,0.2630105719268568,0.957810850422856,-2.1968871469782227,-0.3717732090624186,0.4093562850189253,0.582477095953129,0.4230943279417155,0.7721257302743612
Rps27rt,0.3056410254213622,0.7840226582999281,1.0,-1.3240024447487446,0.860074978110748,2.2771690209206445,0.2352834290793445,0.4348931248706217,0.8028438038229958
Tgfbr2,0.1303807303807303,0.5737373737373737,1.0,-0.3315290265507786,-0.1137824918827426,0.1603960456662924,0.967179575492627,0.8973292040598322,0.7721257302743612
Itga9,0.2073914000366514,0.6662276454096188,1.0,-28.89016350146993,-0.3609549761395976,28.24576038171869,0.3829801441994377,0.262445334460887,0.7721257302743612
Cx3cr1,0.1889374480029941,0.4305578876446536,0.9580911282267016,-1.1409519996971804,-0.7980570977276503,0.0443152659484826,1.5207562778518775,0.848791512877247,0.7721257302743612
Csrnp1,0.0206026175201654,0.1411893573533081,0.5737373737373737,0.0253092236965511,0.3655944739099458,0.8350513661774193,0.6547288414983695,0.8464005391977782,0.7721257302743612
Rpsa,0.2786324786324786,0.7209013209013208,1.0,-0.0073666078705997,0.0510079949634309,0.1238377785315771,2.7027003938736027,2.80176052027391,0.7721257302743612
Rpl14,0.0829836829836829,0.3822843822843822,0.7984459984459983,0.0319564751274038,0.0956067269373477,0.151919022630094,2.140336034568874,2.2846047693166627,0.7721257302743612
Ctnnb1,0.1124914694748543,0.634751893940661,1.0,-0.247751285465424,0.2014442479158711,28.82404054794469,0.5158289112749952,0.5860511380504416,0.7721257302743612
Nktr,0.0649572649572649,0.5053613053613053,1.0,-0.177070972280409,0.0988856390076259,0.3638769632027381,0.910741240411223,0.975426799809777,0.7721257302743612
Higd1a,0.042540179680975,0.5465237317126098,1.0,-1.9246884430988496,1.5889960838447568,28.84861426533157,0.1072847316352172,0.342915041806105,0.7721257302743612
Lars2,0.214946955169527,0.7090730856847203,1.0,-27.932829872602685,0.2200650212629917,28.49225855923757,0.2956716149818632,0.3558392813184377,0.7721257302743612
Ccr1,0.1948717948717948,0.7209013209013208,1.0,-0.2232264947420016,0.03109129748193,0.3129480876106325,1.21571123991421,1.2471093923312688,0.7721257302743612
Ccr5,0.0379176379176379,0.4418026418026417,1.0,-0.2933483986149494,-0.1267490271398555,0.1085703613333095,1.19293535641388,1.0878086393901425,0.7721257302743612
Tab2,0.0924099689689086,0.672143970444527,1.0,-0.5666982619837209,0.0781611322230674,2.2552147542711496,0.501435480468155,0.5374347955203309,0.7721257302743612
Sash1,0.0485974356945255,0.1010200224303009,0.6315035228753045,-1.0711418848273495,-0.5693618371271862,-0.0441973066330732,0.8206075036380547,0.5526495223837926,0.7721257302743612
Sf3b5,0.0342631263337962,0.3148402731431644,0.957810850422856,-1.4113385165942205,-0.2906029380144598,0.0819566363005264,0.6015958506211763,0.491484833118911,0.7721257302743612
Aig1,0.0727891754291459,0.574872695668895,1.0,-1.3249448510859454,0.8713420092803907,28.93258002128605,0.2268293559083842,0.4641823367187945,0.7721257302743612
Abracl,0.0281274281274281,0.1605283605283605,0.5053613053613053,0.0723836812933852,0.2402661676331301,0.3810886826200953,1.030921996992261,1.23038874759197,0.7721257302743612
Tnfaip3,0.0147630147630147,0.1948717948717948,0.7984459984459983,0.0071954587102667,0.2099464305311281,0.3968893572599599,1.1536097581498477,1.3309564672957537,0.7721257302743612
Ifngr1,0.1048951048951048,0.5053613053613053,1.0,-0.3737383261325178,-0.1758958526283807,0.0185920488833388,0.9577522585954656,0.8515095197172289,0.7721257302743612
Bclaf1,0.0498834498834498,0.5053613053613053,1.0,-0.1412037382939054,0.1017560143667291,0.4627115607467297,0.6403208182439988,0.685682615620131,0.7721257302743612
Sgk1,0.0006216006216006,0.0177903286236667,0.2697960790058185,0.3148405716295381,0.7913252183153979,2.688221780045487,0.6173829416260901,1.0524913586266305,0.7721257302743612
Rps12,0.0104118104118104,0.1048951048951048,0.5737373737373737,0.0186385548804985,0.0491625453361786,0.0804408666003489,3.3432358166703477,3.45621472053735,0.7721257302743612
Stx7,0.001087801087801,0.0498834498834498,0.4630064989997337,-0.4538973593958211,-0.2659282812041983,-0.1139151448799896,0.7330425822686535,0.6105498891112138,0.7721257302743612
Epb41l2,0.0046620046620046,0.0649572649572649,0.3837723387723373,0.0788702374288436,0.2371909308033668,0.4132071608328459,0.9773552805848528,1.1568615868422252,0.7721257302743612
Marcks,0.0147630147630147,0.1303807303807303,0.7209013209013208,-0.4222260896238491,-0.2557646983401817,-0.052032334749102,2.0051502507609875,1.6848403057733226,0.7721257302743612
Cd164,0.0829836829836829,0.5053613053613053,1.0,-0.0790491694521231,0.090306973181962,0.2892805124150691,0.9358530913997628,0.9931011976788048,0.7721257302743612
Snx3,0.0649572649572649,0.4735819735819735,1.0,-0.252065757229768,-0.1026840421802508,0.0303090348767838,1.1148173999366475,1.0379170666133812,0.7721257302743612
Prdm1,0.0164243642779131,0.2687359373937462,0.95799832386793,-0.0893759306445101,0.5767609818550602,2.27693743645419,0.418730674645465,0.62858274644563,0.7721257302743612
Lilr4b,0.0029526029526029,0.0649572649572649,0.5053613053613053,0.1361119128966761,0.358195547087678,0.6955962342868203,0.8745908807474387,1.122598461127575,0.7721257302743612
Lilrb4a,0.0147630147630147,0.1303807303807303,0.5737373737373737,0.0032910091508873,0.1692536290463317,0.359985820082833,1.2053346515397751,1.355752537897265,0.7721257302743612
Nus1,0.0036682922906106,0.0621104744239398,0.3979883583000917,0.2713104458032277,1.3077031966976178,29.395447361656068,0.2650652470218505,0.6724603880329756,0.7721257302743612
Man1a,0.0829836829836829,0.5737373737373737,1.0,-0.2514715878191472,0.0212751918560673,0.3068571064357648,0.8227661443160998,0.8361224945703623,0.7721257302743612
Serinc1,0.0829836829836829,0.5737373737373737,1.0,-0.2733514647476817,-0.0436377781361676,0.1705970514323911,0.8063107073761565,0.7826782197940754,0.7721257302743612
Smpdl3a,0.1956677425436415,0.7058654396235203,1.0,-1.0604346827722326,0.5989265618957251,28.995385295417485,0.3000095296099465,0.5011641448792792,0.7721257302743612
Ranbp2,0.1048951048951048,0.6453768453768453,1.0,-0.1807544485948088,0.0429510475447831,0.2631685554574579,0.714042876778517,0.7367832115701585,0.7721257302743612
Psap,0.0206682206682206,0.4418026418026417,1.0,-0.011646964416949,0.0200772726806051,0.0542996906393357,3.3943588850132285,3.4409997180509877,0.7721257302743612
Vsir,0.0583057252914102,0.2268047955085498,0.5632366271431426,-0.7076902096261088,-0.5013003852602568,-0.222864165377578,1.0040209140708365,0.7025940504385887,0.7721257302743612
Slc29a3,0.1411893573533081,0.6314395816467896,1.0,-1.0884442607824307,-0.0948525149200093,1.2148760535325336,0.528822216252786,0.4950123246087212,0.7721257302743612
Sgpl1,0.0498834498834498,0.5737373737373737,1.0,-0.1373421301053279,0.074840841534271,0.2821192478777242,0.8329052672375288,0.8832856277918268,0.7721257302743612
Sar1a,0.0518440904444786,0.5623719669710694,1.0,-0.4501249243413729,-0.1469921670037303,0.718902828129279,0.5632100198828327,0.5112556927266247,0.7721257302743612
Vps26a,0.1219191312607537,0.5967990595834041,1.0,-28.88779726222636,-0.6411461867028101,1.4008419005991593,0.4494434885309767,0.2616174285975478,0.7721257302743612
Srgn,0.0147630147630147,0.1605283605283605,0.7209013209013208,0.0179531531393707,0.1061158174784553,0.1755860466800858,2.5878133215417174,2.79073044202351,0.7721257302743612
Ddx21,0.0496329132677271,0.2575318164737318,0.7913911161280311,0.1172554854489739,1.7918480712461502,29.13776575301296,0.1584657006480335,0.543535774866549,0.7721257302743612
Ccar1,0.1776874391005868,0.7791362111653477,1.0,-1.3472513004941615,0.4311462157462103,2.118423760350031,0.2532797970363947,0.4361223614512405,0.8028438038229958
Reep3,0.003772187582871,0.042192962545883,0.4420163593471973,-28.776111522678804,-0.8038336226934151,-0.2037107166549609,0.6331714773528663,0.3629825329212585,0.7721257302743612
Jmjd1c,0.0103263403263403,0.2344988344988344,0.959129759129759,-0.0325118766237335,0.2203885742663976,0.4526846713625292,0.9323300075395344,1.0866250819801926,0.7721257302743612
Specc1l,0.0147630147630147,0.0658827641887259,0.2344988344988344,0.2062729561727758,0.4706250624233156,1.4025019236221143,0.6387273413847285,0.88392534260668,0.7721257302743612
Mif,0.1048951048951048,0.6453768453768453,1.0,-0.0926964502355566,0.0446404648858771,0.2307091414015022,1.103130932925085,1.13543722801769,0.7721257302743612
Itgb2,0.0069930069930069,0.1048951048951048,0.7209013209013208,0.0242444524014454,0.1843509141599676,0.3659599485737382,0.9412614888372688,1.0673891729682388,0.7721257302743612
Pttg1ip,0.0820772977283139,0.6134009519686345,1.0,-1.2541812175343725,2.358692605163354,28.914864062621238,0.0906603215289297,0.3514065584149347,0.7721257302743612
Rrp1,0.0904572989100919,0.4883708485316103,1.0,-0.0805317982731382,0.5833487881655494,28.996007849259414,0.3683422369767712,0.5547518012366892,0.7721257302743612
Cstb,0.0018648018648018,0.0069930069930069,0.0382167832167829,0.2814426960591216,0.4542475731427978,0.6799964255614971,1.49641070447948,2.0587383926391776,0.7721257302743612
Bsg,0.0498834498834498,0.5053613053613053,1.0,-0.055590813074445,0.0962841425351571,0.2620036386440243,1.0191100018092225,1.09570178575425,0.7721257302743612
Ptbp1,0.1386704653016333,0.6294701938791125,1.0,-1.0198077523294755,2.178216723759358,28.96899102143101,0.1074533036221125,0.3632468248258044,0.7721257302743612
Gpx4,0.1948717948717948,0.6453768453768453,1.0,-0.0964918293205292,0.0356805031544316,0.1910955179494773,1.2245940829043,1.25913157264665,0.7721257302743612
Sbno2,0.1480106940237816,0.7074692626541204,1.0,-27.88597621578725,0.7070879671669452,28.715019341032203,0.1106768811737992,0.228174248914609,0.7721257302743612
Atp5d,0.0379176379176379,0.4418026418026417,1.0,-0.0745643925485517,0.059412477901413,0.1995467371242922,1.12828655520694,1.1723120215850076,0.7721257302743612
Ndufs7,0.1048554265260114,0.6355065570939342,1.0,-0.7358079132651728,-0.0565675154975278,28.420407425925443,0.5458675388679927,0.5152893503995665,0.7721257302743612
Rps15,0.0379176379176379,0.2344988344988344,0.8804933954933936,0.0036516439346283,0.0650186670048149,0.123527947875084,2.3099406472014463,2.4149794925821477,0.7721257302743612
Uqcr11,0.0069930069930069,0.1048951048951048,0.5053613053613053,0.0344964075783215,0.1628028741791261,0.2789750515725828,1.0831358421891124,1.2149811719916783,0.7721257302743612
Dot1l,0.0096538748156927,0.1179173600517424,0.6314395816467896,0.2927274265755547,2.502162160151986,29.205248732549936,0.1071027169142727,0.5318158607324313,0.7721257302743612
Oaz1,0.2786324786324786,0.7209013209013208,1.0,-0.0582764402498365,-0.0125413011039348,0.0258008926272241,2.07393018554808,2.056586281186784,0.7721257302743612
Timm13,0.0658678363072091,0.5623719669710694,1.0,-0.160567837566618,0.1281698484154204,1.050241478983575,0.550858728277566,0.6016553147848508,0.7721257302743612
Gadd45b,0.1303807303807303,0.6453768453768453,1.0,-0.1098632490967847,0.0284622038048348,0.1841900235885255,1.6048204897090623,1.634445541806325,0.7721257302743612
Zbtb7a,0.0641787341204117,0.5576726074341468,1.0,-28.901925938624803,-0.503793869917543,27.944349087194343,0.2675736997023982,0.19955065058159,0.7721257302743612
Eef2,0.0104118104118104,0.0829836829836829,0.3282051282051281,0.1205954533751202,0.1823466803654566,0.2644823918253594,1.705055643302765,1.932452725367955,0.7721257302743612
Mrpl54,0.1309772023566816,0.6339972307873878,1.0,-0.2559418097676834,0.418191335384473,29.08500317799922,0.4101750092710705,0.551788126867325,0.7721257302743612
Pip5k1c,0.0785934912071024,0.6217687412649331,1.0,0.1107611149277995,1.1179121903285387,2.326334068771973,0.222425791785457,0.4950975407353317,0.7721257302743612
Tle5,0.0649572649572649,0.3822843822843822,1.0,-0.0605795709429387,0.1594618887577993,0.6121569342777328,0.7110799745752813,0.7951368216463376,0.7721257302743612
Txnrd1,0.3282051282051281,0.7209013209013208,1.0,-0.1137468244365822,0.1676768438563714,0.5641971907561893,1.186469993223125,1.344640473956343,0.7721257302743612
Hsp90b1,0.2786324786324786,0.7209013209013208,1.0,-0.0234612929872463,0.0505387912362397,0.1269297030274485,1.9161146055903748,1.988765604821657,0.7721257302743612
Slc25a3,0.2344988344988344,0.7209013209013208,1.0,-0.0864651262782506,0.013194963288968,0.0942864210013558,1.6941512525493323,1.70867680589653,0.7721257302743612
Snrpf,0.0206682206682206,0.2344988344988344,0.9580911282267016,-0.0008762735172077,0.1735939930292848,0.3811275836542281,0.7756076146389486,0.8727487718076412,0.7721257302743612
Metap2,0.0739427870157715,0.4460769926937578,1.0,-0.1247603785066983,0.2766928595256542,1.3867149988900116,0.4792476022495268,0.5876465543318563,0.7721257302743612
Ndufa12,0.1454638334839635,0.6275008061114353,1.0,-28.612067052346543,-0.3708546355580022,28.351705294942448,0.2074929782148272,0.1286602978984262,0.7721257302743612
Ube2n,0.1022985256696753,0.5283087192353848,1.0,-0.4407703147191826,-0.1211593312374043,0.4401674469673134,0.6566106520126354,0.6006858403344018,0.7721257302743612
Eea1,0.1266856129229834,0.6275008061114353,1.0,-0.1618687789943595,0.4069133496232407,2.2973310570766263,0.4066099773309433,0.5445069119802997,0.7721257302743612
Btg1,0.0379176379176379,0.2786324786324786,0.959129759129759,-0.0083875558095073,0.0853059184801741,0.1761917993610223,2.4006950182486,2.547144039323294,0.7721257302743612
Atp2b1,0.0379176379176379,0.4418026418026417,1.0,-0.0561138875874688,0.0335183661798514,0.1176977268396357,2.0129127929295603,2.06338555852625,0.7721257302743612
Ppp1r12a,0.0548784312548176,0.3514015705829848,0.957492737513927,-28.97394566618117,-0.8961744885158689,27.479135263106656,0.3861223540236495,0.2198678349980755,0.7721257302743612
Nap1l1,0.2344988344988344,0.7209013209013208,1.0,-0.1356115157877527,0.0103814843059459,0.1601411126126699,1.1726020673546818,1.1771940482126726,0.7721257302743612
Atxn7l3b,0.1823521106301157,0.7011912626598479,1.0,-0.7748907321187885,-0.0948485244299104,1.554920891692874,0.579636329557514,0.5255770491557248,0.7721257302743612
Cct2,0.0829836829836829,0.5053613053613053,1.0,-0.1077169269743493,0.0760095815234814,0.369593768140576,0.7295547149940844,0.7680682757986865,0.7721257302743612
Lyz2,0.0829836829836829,0.3822843822843822,0.8804933954933936,0.0097066624810562,0.0668346911631468,0.1158165845338251,4.387414178404905,4.600642776353475,0.7721257302743612
Mdm2,0.0235441024125527,0.3593635170698864,1.0,-0.7241063592834547,0.9382764921175896,28.994754732090367,0.253628655668624,0.494503097096752,0.7721257302743612
Rap1b,0.1297435897435897,0.6453768453768453,1.0,-0.0764304936213662,0.0115300532322549,0.0923664810180825,1.7124251372026826,1.7278713998862174,0.7721257302743612
Tmbim4,0.103288917902554,0.5283087192353848,1.0,-0.0550803692696469,0.2041390438170456,1.4128928051641922,0.5724067099387324,0.6481298599000965,0.7721257302743612
Llph,0.0640930207850402,0.3169975086812533,0.95799832386793,-0.085658316433836,0.2451962906416248,1.391611563723854,0.48921376194308,0.5748414367790347,0.7721257302743612
Gns,0.194013209013209,0.7209013209013208,1.0,-0.1286821241748906,0.0609571142282925,0.2221132931961211,1.12180183513075,1.1778701447106,0.7721257302743612
Rassf3,0.225004182996181,0.7126855458303034,1.0,-0.0872086121906059,0.1198735194189112,0.385334216873735,0.6547694852136001,0.712138493932434,0.7721257302743612
Os9,0.2865635592998756,0.7840226582999281,1.0,-0.855504416772754,1.6408959471798292,28.98139596625533,0.120933897362515,0.3836677251153411,0.8028438038229958
Lrp1,0.2630105719268568,0.7463178799324552,1.0,-1.4585406287720315,-0.284995560127347,0.929784717336025,0.5725197105333217,0.4804624395802745,0.792631077394327
Naca,0.2786324786324786,0.7984459984459983,1.0,-0.0652056538444027,0.0015297228858106,0.075748075365387,2.029719789535945,2.0305347823345263,0.8028438038229958
Ptges3,0.1048951048951048,0.6453768453768453,1.0,-0.1459694522245495,0.0549212085809107,0.2964702554426326,0.8731774925505925,0.9020622174252102,0.7721257302743612
Atp5b,0.0281274281274281,0.1605283605283605,0.5737373737373737,0.0391188548150459,0.1615545746548299,0.3006797933012493,1.2345590752839302,1.3847740250917249,0.7721257302743612
Myl6,0.0147630147630147,0.1777000777000776,0.7984459984459983,0.0162147946223334,0.074550198804585,0.1359162440879029,1.9047123791949123,2.0095203657952903,0.7721257302743612
Rpl41,0.1303807303807303,0.4418026418026417,0.8784770784770783,0.0225598806668843,0.0558073266827037,0.090002220130936,3.312382178338892,3.442714804915055,0.7721257302743612
Rps26,0.0498834498834498,0.1948717948717948,0.6453768453768453,0.0070725483768153,0.081721412591633,0.1531365867159425,2.684467902660052,2.8356268182664497,0.7721257302743612
Sarnp,0.0184000650737719,0.1826944712149479,0.8739030607634299,0.0553763585637769,2.0316489962251096,28.96695089649077,0.119420452545871,0.4814884038307568,0.7721257302743612
Cd63,0.0379176379176379,0.2344988344988344,0.7984459984459983,-0.0396597017569163,0.0901594191376271,0.3251597437394348,1.886003350986405,2.003037042858546,0.7721257302743612
Tcn2,0.2808875253195705,0.7874819012707261,1.0,-0.6863523647983891,0.3601104351426866,28.766900709121067,0.3555869666410942,0.4735512234768877,0.8028438038229958
Uqcr10,0.0104118104118104,0.2786324786324786,0.959129759129759,-0.0595376399756398,0.1196379553902155,0.3872238710352328,1.0824422384104777,1.1770651001384038,0.7721257302743612
Ewsr1,0.0100266559492814,0.1605283605283605,0.7984459984459983,0.0902728837358369,0.3002172866358125,0.5812654367269208,0.6085286944417605,0.7505150663923157,0.7721257302743612
Mrps24,0.0513398264234592,0.4305578876446536,1.0,-0.1865476108245575,0.6206996333227255,28.918351852870533,0.366409502223481,0.5633237962322468,0.7721257302743612
Ppia,0.0104118104118104,0.1303807303807303,0.8784770784770783,0.0056935682163453,0.051811834363454,0.1201209642094369,2.6921988528876177,2.78885116681831,0.7721257302743612
Purb,0.0649572649572649,0.5737373737373737,1.0,-0.2006152187214376,0.1129396937884174,0.4973906831756289,0.6184062594945507,0.6658516197207479,0.7721257302743612
Tns3,0.2202347585707377,0.7509359138372155,1.0,-0.5736959901673409,0.0040391871983457,1.2477586195533503,0.5876738942865113,0.570998587337632,0.7939431830338128
Sec61g,0.0281274281274281,0.2344988344988344,0.8784770784770783,-0.0263992328288078,0.1085246217079762,0.2302530123962528,1.491546615742895,1.6194013338306126,0.7721257302743612
Plek,0.0829836829836829,0.2786324786324786,0.7209013209013208,-0.0239348220259167,0.1053334306675532,0.2590778351505788,1.9212559738250723,2.068845415021485,0.7721257302743612
Actr2,0.1303807303807303,0.5737373737373737,1.0,-0.0745617860933628,0.0697563504077911,0.205681961071146,1.1887999906496725,1.2410299496126826,0.7721257302743612
Rab1a,0.0829836829836829,0.4418026418026417,1.0,-0.3978283312425577,-0.1629846059017363,0.0637680842533093,0.8749562403847095,0.7826302739118035,0.7721257302743612
Peli1,0.0982726694236656,0.6358804126301649,1.0,-0.4676777586240047,0.0345799645312544,1.105645629760329,0.5356092644942805,0.5400514150649105,0.7721257302743612
Mdh1,0.2355589199240795,0.7011912626598479,1.0,-26.98144090183156,0.271773774789379,28.75871257976993,0.2409512883749687,0.2622755912900335,0.7721257302743612
Commd1,0.2619562016970459,0.7791362111653477,1.0,-27.84306399099968,0.8144792178703035,28.433977979799145,0.1018309261624297,0.149111703504395,0.8028438038229958
Cct4,0.1048951048951048,0.6355065570939342,1.0,-0.4285385936329272,-0.0667048008506555,1.340785682230227,0.554666532126511,0.5249969382429083,0.7721257302743612
Rel,0.0498834498834498,0.3282051282051281,0.959129759129759,-0.0059809782077243,0.157450336032992,0.3197514987171072,1.679957941891585,1.8707702718939263,0.7721257302743612
Rps27a,0.1948717948717948,0.7209013209013208,1.0,-0.0397117218135976,0.0144907059498075,0.0693809998080898,3.450362913724955,3.49147269054308,0.7721257302743612
Rtn4,0.2344988344988344,0.7209013209013208,1.0,-0.3162206905189565,-0.1370632426561178,0.0822812429726926,1.0143227480241603,0.9180161318850876,0.7721257302743612
Npm1,0.0498834498834498,0.4418026418026417,1.0,-0.0439481854013014,0.0565377967073794,0.1490387425129872,1.8216771686476751,1.8975498537719648,0.7721257302743612
Lcp2,0.0147630147630147,0.1033079701313654,0.3822843822843822,-0.7887810851613806,-0.4832945187169766,-0.1185307237039084,0.8480724669736958,0.5973202738771448,0.7721257302743612
Dock2,0.0737730027508271,0.4935627897033893,1.0,-0.4105799934204943,-0.1729564914439134,0.3039349959196148,0.6675600047314078,0.590224629475412,0.7721257302743612
Rack1,0.1605283605283605,0.5737373737373737,1.0,0.0129353315888965,0.0497869422349293,0.0929925394731595,2.583606329573925,2.6773395279211214,0.7721257302743612
Rnf130,0.1605283605283605,0.7209013209013208,1.0,-0.1268461605760015,0.0163484400651544,0.2448064914086646,1.0652569999146262,1.07193422861986,0.7721257302743612
Sqstm1,0.0829836829836829,0.5053613053613053,1.0,-0.1706115367427531,0.0507272596281285,0.2576853669858698,1.2409360495872814,1.28705183457567,0.7721257302743612
Canx,0.0206682206682206,0.1948717948717948,0.8784770784770783,-0.2266521583071085,-0.1076193511593678,0.0153052672645812,1.3465078421163723,1.2520323169108574,0.7721257302743612
Hnrnph1,0.11250638569044,0.6339972307873878,1.0,-0.699849900526504,-0.0886602269624269,1.889628430187459,0.5560684572723384,0.5184686217077249,0.7721257302743612
Hnrnpab,0.0104118104118104,0.0649572649572649,0.4418026418026417,0.0787544559395157,0.2282694836675502,0.3949743992071173,0.957310320082847,1.1276056418172176,0.7721257302743612
Sar1b,0.2865635592998756,0.775736826229064,1.0,-27.0097694293584,1.3609430317234312,28.70718239896957,0.1018309261624297,0.265589995012471,0.8028438038229958
Ube2b,0.0069930069930069,0.1303807303807303,0.8784770784770783,0.05613272344824,0.1927439813802928,0.3964421486598175,0.7504055404014256,0.8537917990183128,0.7721257302743612
Ppp2ca,0.1048951048951048,0.4418026418026417,0.959129759129759,-0.1222602042186044,0.0187120213884004,0.2326097836143214,1.32186833756469,1.33504420726994,0.7721257302743612
Skp1a,0.2073120967929814,0.7011912626598479,1.0,-26.991751133553123,1.0355094223570884,28.89098669387592,0.1334525029169147,0.3428519911963992,0.7721257302743612
Vdac1,0.0739427870157715,0.6314395816467896,1.0,-0.764564256544511,-0.0092598711994024,2.106015493985497,0.5411272111805132,0.5289333020319293,0.7721257302743612
Hspa4,0.1600448854489842,0.6741981971505068,1.0,-0.1608274152984941,0.094790132214165,0.3476807300014214,0.7211185168162128,0.7704219572079671,0.7721257302743612
Aff4,0.2344988344988344,0.7209013209013208,1.0,-0.2013911592708517,-0.0124883353332398,0.1693401893985279,0.8146610636109193,0.8087527808968933,0.7721257302743612
Uqcrq,0.001087801087801,0.0104118104118104,0.1303807303807303,0.1500096743950822,0.2599638166945507,0.3777374288160365,1.132048507465603,1.3590909867900338,0.7721257302743612
Irf1,0.0046620046620046,0.0649572649572649,0.3822843822843822,-0.7121319186607248,-0.4734725462469187,-0.21854458100225,1.2170135130355262,0.8709778693471504,0.7721257302743612
Fnip1,0.1048951048951048,0.5053613053613053,1.0,-0.3834084927139367,-0.1296657892942964,0.2169450338316466,0.6808990084168647,0.6233748702206192,0.7721257302743612
Cdc42se2,0.0104118104118104,0.2268047955085498,0.91629779799785,-0.0437298306415843,0.2085017702616465,0.7930184733144658,0.6818954108030206,0.7856181527504685,0.7721257302743612
Hint1,0.0069930069930069,0.1605283605283605,0.7209013209013208,0.0123808949519689,0.1246928182054773,0.2312606801920225,1.4980106830150726,1.639822586048125,0.7721257302743612
Tnip1,0.0924391357016531,0.5176341185833455,1.0,-1.4905921744795907,1.9036006615972043,28.946059949157075,0.1074533036221125,0.346281618711293,0.7721257302743612
Anxa6,0.0704615426471519,0.5176341185833455,1.0,-28.94144126367494,-0.5578409788134302,27.87443377827532,0.3811577901553825,0.240033831769747,0.7721257302743612
Gm2a,0.0379176379176379,0.3282051282051281,0.959129759129759,-0.0116019850563478,0.0890298503213453,0.1697376082961105,1.6125658885865723,1.7131296902494024,0.7721257302743612
Atox1,0.0379176379176379,0.1948717948717948,0.5737373737373737,0.0314094613088574,0.0966821112197131,0.1783517648176685,1.818609253528724,1.9391371682839773,0.7721257302743612
G3bp1,0.2932663384219456,0.792746526993248,1.0,-0.2981064561969134,-0.0355589055308242,0.2871972349792094,0.6530499976377722,0.6347023245875079,0.8028438038229958
Arf1,0.0281274281274281,0.3282051282051281,0.959129759129759,-0.1819502113746148,-0.0713655000171813,0.0480282399347342,1.347645341102305,1.2760269799433226,0.7721257302743612
Nlrp3,0.0018648018648018,0.0206682206682206,0.1303807303807303,0.2254494970233777,0.4105791275472578,0.625537156540856,1.034967578545265,1.3761267435653377,0.7721257302743612
Map2k3,0.0443066977513867,0.2247435616597343,0.6339972307873878,0.0951777678837175,0.7419390828970048,29.258107381962624,0.4159389060915295,0.6896467852965396,0.7721257302743612
Ncor1,0.0498834498834498,0.5737373737373737,1.0,-0.3259614044641446,-0.0877479864643653,0.2783426346195096,0.668492790206466,0.6275259062638272,0.7721257302743612
Ubb,0.0281274281274281,0.1948717948717948,0.7209013209013208,-0.179949769196061,-0.0865684851844929,-0.0005317051725416,2.318659784784898,2.1803240209153625,0.7721257302743612
2410006H16Rik,0.1048951048951048,0.5053613053613053,1.0,-0.4545742486289084,-0.1784066707747984,0.1327928330629664,0.8801888643949562,0.7805248713853921,0.7721257302743612
Gas7,0.0460119303785743,0.214946955169527,0.7471383382132768,-29.282553861033463,-1.1234640500765165,0.256958120135109,0.5763032897122575,0.2540777632902344,0.7721257302743612
Ndel1,0.0311904703243524,0.1605283605283605,0.5737373737373737,0.0697997545804595,0.2734415995940356,0.5331261441537082,0.7190474655830514,0.8663681671383658,0.7721257302743612
Rpl26,0.2344988344988344,0.7209013209013208,1.0,-0.0515441330203401,-0.0069851663540227,0.0328592213755839,3.17995870901217,3.1647393668088477,0.7721257302743612
Kdm6b,0.0147630147630147,0.1303807303807303,0.5737373737373737,0.0303300760649681,0.2912774235316379,0.5223247819127358,1.4095310164804775,1.7279639730050838,0.7721257302743612
Cd68,0.0281274281274281,0.5737373737373737,1.0,-0.094070068448082,0.0515966590977744,0.1927453053566379,1.3146506231256887,1.3696260882478024,0.7721257302743612
Eif4a1,0.001087801087801,0.0206682206682206,0.1605283605283605,0.0690499366943345,0.1453874484394519,0.258130914688999,1.69008815805676,1.8706011976134136,0.7721257302743612
Polr2a,0.2575318164737318,0.7791362111653477,1.0,-27.842297728419283,0.819396400095024,28.772489945815977,0.1951443385328545,0.2944749676201023,0.8028438038229958
Tmem256,0.0498834498834498,0.5053613053613053,0.960151515151514,-0.1094408947943903,0.0500841682230532,0.3077182384706399,0.9913930011571336,1.013596182705126,0.7721257302743612
Eif5a,0.0104118104118104,0.0829836829836829,0.3822843822843822,0.1082203498353571,0.209550808906274,0.3159143321917306,1.27600804435784,1.47589087291301,0.7721257302743612
Gabarap,0.1303807303807303,0.6453768453768453,1.0,-0.0268083125754234,0.0203823185347259,0.0693861985629558,1.9814195643749823,2.00872786047872,0.7721257302743612
Rnasek,0.194013209013209,0.5053613053613053,0.959129759129759,-0.0007681142398518,0.1097090759010603,0.2876160507772887,1.0585771549367875,1.137524033361975,0.7721257302743612
Arrb2,0.0111092245500982,0.11250638569044,0.5606272147226752,-29.240507966079655,-0.9966803843119788,-0.0744861989693505,0.621421064274584,0.3214616849369095,0.7721257302743612
Cxcl16,0.0069930069930069,0.1048951048951048,0.5755283605283589,0.0777556062679744,0.1764017021783532,0.2509141551905618,1.901106166939155,2.1535610045709426,0.7721257302743612
Psmb6,0.1605283605283605,0.6453768453768453,1.0,-0.2046127534057576,-0.0055837416744921,0.2468133719548704,0.7880833837439453,0.7829276393388177,0.7721257302743612
Pfn1,0.1948717948717948,0.7209013209013208,1.0,-0.0368093338049446,0.023678416174856,0.0866949250728398,2.6295825044511023,2.6786294138889373,0.7721257302743612
Scimp,0.3048204222666003,0.7791362111653477,1.0,-28.1351909545188,0.1506044008185305,28.367373480125128,0.0988875895137382,0.1303894781100147,0.8028438038229958
Txndc17,0.1605283605283605,0.5053613053613053,1.0,-0.2213252634719585,-0.0956753890203278,0.0614150624379411,0.9529129421952104,0.888450319154395,0.7721257302743612
Pafah1b1,0.0029526029526029,0.0498834498834498,0.3822843822843822,-0.5020844572834988,-0.3376958461615049,-0.1049822434751158,1.075428381494465,0.8490021438683055,0.7721257302743612
Mir22hg,0.0129063396350218,0.1550343725091923,0.7923088841086383,-0.0599160910061767,0.2847229532921768,2.2367068506023635,0.6198394709754252,0.7311572641434199,0.7721257302743612
Slc43a2,0.0667418660979042,0.4239989896164244,1.0,-0.3360806478617323,1.0973661337218283,29.12343504894533,0.244562846528994,0.5381922692013549,0.7721257302743612
Pitpna,0.1303807303807303,0.6453768453768453,1.0,-0.1400993974048202,0.0245733639425281,0.1863496117146006,1.0459787714632025,1.0649547479693826,0.7721257302743612
Crk,0.2496751994882275,0.7463178799324552,1.0,-28.67948762091131,-0.1012328559963687,28.428023865057032,0.3319068395286125,0.2521784615560802,0.792631077394327
Ywhae,0.0829836829836829,0.6453768453768453,1.0,-0.1839251291125166,-0.0758479505812475,0.1123165506642658,1.318175541412835,1.2536233248866024,0.7721257302743612
Abr,0.0343416738180014,0.2630105719268568,0.9570017810351952,-1.7196540296832283,-0.3430939413849082,0.6477564124348035,0.595327577225333,0.462152673292144,0.7721257302743612
Taok1,0.3148402731431644,0.7840226582999281,1.0,-0.5815566929847135,0.8197218600103593,29.006923768086864,0.292319822670508,0.5124052999862609,0.8028438038229958
Nufip2,0.0485974356945255,0.4323095522662977,1.0,-0.4617121181380993,2.164464449593442,28.96437546066108,0.1074533036221125,0.4480583961270667,0.7721257302743612
Rpl23a,0.0649572649572649,0.3822843822843822,0.959129759129759,-0.0027927036713843,0.0824336612445935,0.1477480409672785,2.224521092721408,2.3563024247081223,0.7721257302743612
Wsb1,0.1550343725091923,0.7123816042098661,1.0,-0.4023452516569588,0.0185269320235138,1.5587723862858671,0.556900848977392,0.5630092643723267,0.7721257302743612
Evi2a,0.0379176379176379,0.3716774469130736,0.959129759129759,-0.052952932258264,0.159259570086367,0.4531744190124012,0.8162602232291729,0.9127522620677532,0.7721257302743612
Crlf3,0.2697960790058185,0.7525377274994569,1.0,-0.2611938836918416,-0.0572959624201106,0.2920096327331797,0.6791477832168402,0.6512161912959882,0.794614065733681
Adap2,0.0404213463806162,0.4935627897033893,1.0,-0.1481411422331719,0.1871367948560259,0.9997880588550596,0.5757909266620376,0.649075864247623,0.7721257302743612
Ccl8,0.1411232837969484,0.3648813140419181,0.7123816042098661,-1.650818258759717,-0.951949803339289,-0.0593502510555966,2.4379928907862425,1.2458151616225277,0.7721257302743612
Slfn2,0.0645804195804195,0.3822843822843822,0.959129759129759,-0.0427711370964291,0.1314583076854982,0.306441940690964,1.7197533688507098,1.89363489646698,0.7721257302743612
AI662270,0.0070215739531767,0.0946411198588863,0.4503513435848739,-29.358071344254164,-2.3086463647817537,-0.4866551727812283,0.599745699460343,0.1198932700654715,0.7721257302743612
Ccl6,0.0784305794150706,0.4186613785292437,0.95799832386793,-1.6200599569874754,-0.4480255886765155,0.8704839378110557,0.6496895593886984,0.4473666948434682,0.7721257302743612
Wfdc17,0.065285648928054,0.4945189922275712,1.0,-0.3130714002857479,0.2138283120168825,1.0471264680287278,0.6965500104233817,0.8113401545129785,0.7721257302743612
Ggnbp2,0.1385464150989199,0.672143970444527,1.0,-1.0925219756410984,-0.0639773520538221,1.3310658478739692,0.491872657353387,0.4802090335437932,0.7721257302743612
Med13,0.1832329769288219,0.7011912626598479,1.0,-27.49593901381288,0.5272102318897225,28.53065039521045,0.1018309261624297,0.1198932700654715,0.7721257302743612
Vmp1,0.0104118104118104,0.1948717948717948,0.7984459984459983,-0.398522140467018,-0.229901562215573,-0.0484281857160171,1.1732307102257271,1.002355658453192,0.7721257302743612
Cltc,0.1948717948717948,0.7209013209013208,1.0,-0.2156182809195968,-0.050573703886269,0.1308173029114075,1.3336743866611025,1.2895392470061775,0.7721257302743612
Supt4a,0.0355562316423979,0.3706183398171955,1.0,-0.8640732755499416,-0.1899013341815455,0.3148685503047226,0.5971939215784381,0.5280766004805806,0.7721257302743612
Scpep1,0.1889374480029941,0.6362542681663956,1.0,-0.3842746159628501,-0.1708215753687716,0.0993856157423764,0.698939087478869,0.6200865314489781,0.7721257302743612
Nme2,0.001087801087801,0.0206682206682206,0.2786324786324786,0.0480134776779562,0.1563876505571563,0.2662658053957484,1.7383476409228225,1.9381296896902325,0.7721257302743612
Nme1,0.0046620046620046,0.0828964098822239,0.4418026418026417,0.1041235041811255,0.3131140667946127,0.6720320438385529,0.6180639328506924,0.7680058622384305,0.7721257302743612
Spag9,0.0104118104118104,0.0829836829836829,0.5053613053613053,0.0475697190940092,0.1842477065687683,0.3582385442466606,1.1055807509268487,1.2513715245780164,0.7721257302743612
Luc7l3,0.1705610877239446,0.7058654396235203,1.0,-26.980754908572223,1.4905809316340508,28.836546653383976,0.0906603215289297,0.2491517911004482,0.7721257302743612
Lrrc59,0.0522595003179697,0.2976405854092169,0.8715033902986823,0.4886121619028844,2.3628011587528546,29.13783812456,0.1106768811737992,0.5537651823895138,0.7721257302743612
Spop,0.0018882244778923,0.0288663193874748,0.220841311041079,-29.39268207299189,-2.107944075867838,-0.8538570639192415,0.6392553353280515,0.1367815399925665,0.7721257302743612
Gngt2,0.001087801087801,0.0404213463806162,0.3282051282051281,0.1691807067723767,0.3465921385702728,0.5276580058267686,0.9715701911496852,1.2398154701700088,0.7721257302743612
Snf8,0.0131325729425316,0.2202347585707377,0.956284952863831,0.2668150413876103,2.3157228896384194,29.08557397520556,0.0906603215289297,0.5228216756974833,0.7721257302743612
Atp5g1,0.0003108003108003,0.0281274281274281,0.3822843822843822,0.1074911252317476,0.3113538404348926,0.5330203979870339,0.9308780171857928,1.1614649900054523,0.7721257302743612
Psmb3,0.0147630147630147,0.3282051282051281,0.959129759129759,-0.3438204022835985,-0.1540991187873844,0.0581220450961526,0.7419405148110623,0.6624119258676007,0.7721257302743612
Rpl23,0.0206682206682206,0.1303807303807303,0.4418026418026417,0.0244339826993452,0.0571639984681878,0.0885928307875312,3.5933213392016,3.738426725631215,0.7721257302743612
Lasp1,0.01724598026631,0.2344988344988344,0.95799832386793,-0.0307075668531227,0.2213355787889157,1.1634329028876855,0.593271939564159,0.6898421366982885,0.7721257302743612
Arl5c,0.1501208222419232,0.672143970444527,1.0,-0.7399461192700685,0.1181226668296145,1.976956651779885,0.4992903783478127,0.5326934909638655,0.7721257302743612
Rpl19,0.2775291375291375,0.7984459984459983,1.0,-0.0347450846637735,0.0086544287521071,0.0480024176856935,3.244799382413817,3.268252173571965,0.8028438038229958
Mien1,0.1273935250837472,0.6339972307873878,1.0,-0.9992462136060294,0.1081920820282454,28.48767486817986,0.4387628721607861,0.4775188406323275,0.7721257302743612
Igfbp4,0.0591504362583107,0.1501208222419232,0.4503513435848739,-29.107241383932884,-1.4910823382427807,-0.4169224473110898,0.6799954166962933,0.238674715914563,0.7721257302743612
Eif1,0.2775291375291375,0.5737373737373737,1.0,-0.0153127142610889,0.025012981051595,0.0752562671539336,2.724127033082805,2.773660359106437,0.7721257302743612
Rab5c,0.3822843822843822,0.7984459984459983,1.0,-0.1487981582837975,0.0188631374169465,0.1831123133818588,0.8024650757611015,0.8144944454805672,0.8028438038229958
Stat3,0.0828964098822239,0.5737373737373737,1.0,-0.1303287268949283,0.134752622217208,0.6797223469861072,0.6983830080311665,0.7628868786428582,0.7721257302743612
Rpl27,0.0379176379176379,0.3822843822843822,0.959129759129759,-0.0191001164900114,0.0376918273816713,0.1053288043710408,2.55141826476612,2.615089535827752,0.7721257302743612
Lsm12,0.0180440947460136,0.1275273133578452,0.6362542681663956,0.0800026810590702,0.4742412382586499,2.463716897812375,0.5274911041132968,0.7244687753420682,0.7721257302743612
Grn,0.0206682206682206,0.2344988344988344,0.8784770784770783,-0.2513009785347512,-0.1287704538738439,-0.0081910390696223,1.90995499600161,1.7457324356446124,0.7721257302743612
Nmt1,0.2237103149867649,0.6339972307873878,1.0,-0.6547567194795418,-0.0604026609981703,0.3683858417543802,0.5662855721728386,0.5428343088563423,0.7721257302743612
Limd2,0.3180421803963209,0.7922976624962125,1.0,-0.3611410512340166,0.0013818443406705,0.7692375479186173,0.5532128558716667,0.5453759943401404,0.8028438038229958
Ddx5,0.1605283605283605,0.5737373737373737,1.0,-0.0955788444004192,-0.0428195627230608,0.0168903266955079,2.499336942487445,2.426606798714308,0.7721257302743612
Bptf,0.110299158884617,0.6136987693023748,1.0,-28.674829431064552,-0.7730935110671087,28.102016121603263,0.1892789856124037,0.0805334057444212,0.7721257302743612
Gna13,0.0069930069930069,0.0649572649572649,0.3822843822843822,0.0655326244528683,0.1534671469801223,0.2726775718366102,1.6480982476212325,1.83369008507901,0.7721257302743612
Prkar1a,0.0649572649572649,0.5737373737373737,1.0,-0.1053582481970393,0.0483054034267289,0.2378138822739103,0.7970811770648771,0.8215423833455631,0.7721257302743612
Fam104a,0.0739906272078213,0.5632366271431426,1.0,-0.4897114736729938,-0.1489996744853016,0.4328263745325805,0.5938611571313208,0.53557136594876,0.7721257302743612
Rpl38,0.0649572649572649,0.2786324786324786,0.6453768453768453,-0.0442786695279703,0.0299709656163918,0.100079804747601,2.711745784889162,2.76135677081397,0.7721257302743612
Cd300a,0.0829836829836829,0.5737373737373737,1.0,-0.3033453225416738,-0.1069042635834211,0.0945701696208353,1.0424886611469573,0.9724918755431186,0.7721257302743612
Cd300c2,0.0498834498834498,0.4418026418026417,0.959129759129759,-0.0464910952466084,0.0448448953653519,0.1491077212943369,1.7714372106963012,1.8234437461799549,0.7721257302743612
Atp5h,0.0281274281274281,0.2344988344988344,0.959129759129759,0.0100146755989113,0.0957958717142859,0.1647856140163614,1.5236184257485386,1.6268474636966213,0.7721257302743612
Nt5c,0.1447541897224064,0.6293010994055783,1.0,-28.701211485423016,-0.0199114221313909,28.071492598385305,0.138743371464747,0.099775325290795,0.7721257302743612
Jpt1,0.0206682206682206,0.2786324786324786,0.959129759129759,-0.3217477761576266,-0.1501616820285002,0.071864020996271,0.8577146229032673,0.7694721360464277,0.7721257302743612
Sumo2,0.0498834498834498,0.2786324786324786,0.8784770784770783,-0.0205380317048288,0.1050979429464844,0.2909968657052209,1.0780041570651524,1.1587958659157165,0.7721257302743612
Grb2,0.0379176379176379,0.5053613053613053,0.960151515151514,-0.0608925131034759,0.0299810480550537,0.1286843446226552,1.2287715819232674,1.2563932044073924,0.7721257302743612
H3f3b,0.0147630147630147,0.0649572649572649,0.2344988344988344,-0.1267936876038227,-0.0856112370883549,-0.0326297218906921,3.464207339841135,3.263894251173298,0.7721257302743612
Ubald2,0.0133028361855967,0.1266856129229834,0.7534706210586978,-1.2502407335795591,-0.2652603095882202,0.0326345689018677,0.7048955191522039,0.5882790600731684,0.7721257302743612
Srsf2,0.0824710687398865,0.4418026418026417,1.0,-0.0927945169766687,0.1462463198681615,0.4589635408035035,0.6314706706846511,0.6984964273021999,0.7721257302743612
Syngr2,0.0147630147630147,0.3822843822843822,0.959129759129759,-0.1125121398761952,0.1361612110781766,0.3516651530815948,0.9442852948851342,1.0385371958579652,0.7721257302743612
Socs3,0.0649572649572649,0.2344988344988344,0.8784770784770783,-0.2676574280116706,-0.1549237923308506,-0.0029608118376401,1.832271368756795,1.6424042557634912,0.7721257302743612
Cyth1,0.0206682206682206,0.1550343725091923,0.5752816033212863,0.0666642251157428,0.2731592034464428,0.5518925419150226,0.672672653634157,0.8135589572266465,0.7721257302743612
Timp2,0.0621104744239398,0.2355589199240795,0.7923375497044032,-1.7636900803658466,-0.7389365122265523,0.4867596728651147,0.6742929590815763,0.396273782969385,0.7721257302743612
Lgals3bp,0.0379176379176379,0.2932663384219456,0.959129759129759,-0.0511843541052087,0.2022468758787775,0.5416741057420119,0.69190070367392,0.7962588921823317,0.7721257302743612
Actg1,0.2344988344988344,0.7209013209013208,1.0,-0.0301254241930836,0.0484030400979922,0.1150393629921301,2.898708508129375,2.9984216773479653,0.7721257302743612
P4hb,0.0029526029526029,0.0829836829836829,0.5737373737373737,0.029286474858785,0.2393003327223328,0.4567862802923128,0.7686776621378033,0.916419252750271,0.7721257302743612
Arhgdia,0.1303807303807303,0.6453768453768453,1.0,-0.1208137297489576,-0.0140206127152423,0.0975971027142861,1.301760971970015,1.2866241910462572,0.7721257302743612
Cenpx,0.0910794106250847,0.5465237317126098,1.0,-1.249498765431847,1.8493044324612848,28.993090478035025,0.112757832697237,0.3782499723002846,0.7721257302743612
Metrnl,0.0649572649572649,0.4935627897033893,1.0,-0.4835250826120986,-0.2192615895350237,0.0542136384572097,0.7419719321712315,0.6388908594039078,0.7721257302743612
Rab10,0.0147630147630147,0.2786324786324786,0.959129759129759,-0.0405053090927787,0.2125779877765931,0.454395447778598,0.6784638641069539,0.7902119826002397,0.7721257302743612
Sf3b6,0.0227996182731164,0.1550343725091923,0.7928890137795667,0.0169480722290919,0.3404857694884372,1.2486993382206717,0.5607265103110114,0.7114348928270735,0.7721257302743612
Rhob,0.1531983720915998,0.6314395816467896,1.0,-0.9026511202614022,-0.2019593332225113,0.9729616708881572,0.6312186795322452,0.5620302561937731,0.7721257302743612
Pum2,0.235175815890246,0.6945980769823016,1.0,-1.6878156887578135,0.2039354827740992,1.9343287477531956,0.3083028581637067,0.3849760237045262,0.7721257302743612
Laptm4a,0.1605283605283605,0.5737373737373737,1.0,-0.2000844310446792,-0.0271480076416477,0.107747543346629,1.2335089317054275,1.2068058753663875,0.7721257302743612
Fam49a,0.2073914000366514,0.6945980769823016,1.0,-28.075193704188877,0.7357162834693374,27.996427659385034,0.1161482004570815,0.1898371640111925,0.7721257302743612
Rock2,0.1303093949551582,0.6362542681663956,1.0,-0.3635302920854446,-0.0179505827889086,0.430483098642607,0.6941236022100548,0.6901869329794348,0.7721257302743612
Pdia6,0.0498834498834498,0.3282051282051281,0.8784770784770783,-0.0388368060603497,0.1525207378449474,0.3686106323697993,0.9193248823672724,1.021466797509272,0.7721257302743612
Adam17,0.0829836829836829,0.5737373737373737,1.0,-0.2364335938363788,-0.0625899030871629,0.1189099801320917,0.9412164302666436,0.904892478596799,0.7721257302743612
Ywhaq,0.0621104744239398,0.3648813140419181,0.957492737513927,-1.2300814838379102,-0.1654685047941729,0.2638495473827125,0.6114512145258775,0.552871167738378,0.7721257302743612
Id2,0.0006216006216006,0.0281274281274281,0.3282051282051281,-0.2814521559842028,-0.195332773476552,-0.1041528615382348,2.2834581720665903,1.99032680367168,0.7721257302743612
Rps7,0.0498834498834498,0.3282051282051281,0.959129759129759,0.0047777288851504,0.0611587599997919,0.12257143838567,2.84411779701223,2.96655108624367,0.7721257302743612
Nampt,0.0046620046620046,0.1303807303807303,0.7984459984459983,-0.4412480304306042,-0.1989847844876253,0.019929890242735,0.824411035890587,0.7193089340367349,0.7721257302743612
Ahr,0.0281274281274281,0.1303807303807303,0.5053613053613053,0.0751364165704194,0.3669861782288,0.6051779165217489,0.7472592914901618,0.9626831018190796,0.7721257302743612
Tspan13,0.023845234869951,0.1033079701313654,0.3822843822843822,0.1942820388656363,0.5471653393999237,1.6597011812160796,0.6286119655951192,0.9167139519409888,0.7721257302743612
Ifrd1,0.1303807303807303,0.6453768453768453,1.0,-0.1168695542502199,0.0023052004150587,0.1323318800175819,1.9237684456495847,1.9273734276592949,0.7721257302743612
Hectd1,0.0047293973166576,0.0822168388123539,0.6314395816467896,0.2268302382181278,2.232562333968797,29.052333423829257,0.108605388701089,0.512231062267992,0.7721257302743612
Sptssa,0.0619790574036473,0.4285076835071348,1.0,-0.5517533852480883,1.2987587552525106,28.98927273180572,0.1951443385328545,0.4777844720716706,0.7721257302743612
Snx6,0.0752002988766929,0.2355589199240795,0.6662276454096188,-29.131331046667366,-1.3434579083648102,0.1160230237544319,0.5630817816918653,0.2150516436185734,0.7721257302743612
Baz1a,0.1219340474763394,0.4295368450634365,0.9590483657712308,-0.0620270005569594,0.2513044114097811,1.312005683152174,0.5714034571195921,0.678785640074462,0.7721257302743612
Psma6,0.0829836829836829,0.6362542681663956,1.0,-0.320279496300882,-0.0070167109078264,0.5066480565781549,0.5980826542031115,0.5905152849838274,0.7721257302743612
Nfkbia,0.0829836829836829,0.4418026418026417,1.0,-0.0352161754703217,0.0695544699490736,0.1688901748729823,2.17732923806378,2.2803269447954024,0.7721257302743612
Mia2,0.1826944712149479,0.7101136277070772,1.0,-0.7587006604252728,-0.0301216701054161,0.7526487153605453,0.5394776739156022,0.5243522634863208,0.7721257302743612
Rps29,0.1948717948717948,0.4418026418026417,0.7984459984459983,-0.0021421104582837,0.0223949752179547,0.0620724239733869,4.003320574880002,4.063589178101084,0.7721257302743612
Rpl36al,0.0206682206682206,0.2344988344988344,0.8784770784770783,-0.0146195093340159,0.069190395657239,0.1600236711363885,1.8953201309319725,1.9887348654037675,0.7721257302743612
Arf6,0.0640530266738591,0.476087344441214,1.0,-1.4580750174327024,1.7041632382972018,28.804044310880077,0.119420452545871,0.3507851744550964,0.7721257302743612
Psma3,0.2786324786324786,0.7209013209013208,1.0,-0.197400606056181,-0.0023846475229683,0.1576050562476573,0.9753843299910496,0.974106185389852,0.7721257302743612
Hif1a,0.1303807303807303,0.5737373737373737,1.0,-0.1684929437247281,0.070294757924929,0.3091971291237997,0.9493261919125668,0.9883038670299312,0.7721257302743612
Atp6v1d,0.103288917902554,0.5053613053613053,1.0,-0.0715073475915432,0.2443049069572971,1.9620064240762392,0.580233502383769,0.6781428006296848,0.7721257302743612
Zfp36l1,0.1048951048951048,0.3282051282051281,0.6453768453768453,-0.7003813414057011,-0.455605542407529,-0.2197578421235453,1.2403338960770038,0.9063141094634553,0.7721257302743612
Susd6,0.1303807303807303,0.4295368450634365,0.8747345961020656,-0.632455192396909,-0.3559479966336735,-0.0595485779856247,0.8743516573838803,0.6789981590904941,0.7721257302743612
Srsf5,0.0498834498834498,0.4418026418026417,1.0,-0.1688479197212773,-0.0482898845270292,0.0359471266474804,1.5041813898803214,1.4576562216986375,0.7721257302743612
Rbm25,0.0649572649572649,0.3822843822843822,0.959129759129759,-0.0292938534770816,0.1227651190382272,0.277330474433207,0.9974041834149682,1.0808727742691124,0.7721257302743612
Npc2,0.3822843822843822,0.7984459984459983,1.0,-0.0312386174482532,0.0089042472699273,0.0587714433194885,2.5388564654720724,2.551892714722753,0.8028438038229958
Tmed10,0.2344988344988344,0.7209013209013208,1.0,-0.1035896084245988,-0.0020214467902575,0.1339037830782255,1.267465378975635,1.2674151854676,0.7721257302743612
Fos,0.0379176379176379,0.2344988344988344,0.7984459984459983,-0.5792931198715341,-0.3669334899709585,-0.0263113533022406,2.00034186663403,1.54885767532261,0.7721257302743612
Jdp2,0.3648813140419181,0.7898534698691263,1.0,-2.407310482464528,-0.167473018560861,2.3411712388222696,0.4441677670274669,0.3827511300014722,0.8028438038229958
Slirp,0.2073914000366514,0.7011912626598479,1.0,-1.0133639175936755,0.9849451986764324,28.87269234110505,0.2215248268332597,0.4424456071355422,0.7721257302743612
Gpr65,0.1605283605283605,0.5053613053613053,0.959129759129759,-0.3670712880635416,-0.1838546542586224,0.0449707649663067,1.1700424167678125,1.020072631055274,0.7721257302743612
Foxn3,0.1249984823508817,0.6916356414176135,1.0,-0.2507740483760194,0.02824381996028,0.3622413556825095,0.5727723386408415,0.5809599907965872,0.7721257302743612
Calm1,0.0279409479409479,0.1948717948717948,0.7209013209013208,0.0092036451305467,0.0642174804705328,0.1103266572249056,2.976967424722525,3.11997955385104,0.7721257302743612
Ndufb1-ps,0.2786324786324786,0.7209013209013208,1.0,-0.0279106724206132,0.0862619814809433,0.2320835823164923,1.303391520252725,1.3729507230030429,0.7721257302743612
Lgmn,0.1605283605283605,0.6453768453768453,1.0,-0.1249381058612509,-0.033288153868217,0.0638188207731521,2.3959552432915787,2.344519817137315,0.7721257302743612
Ddx24,0.0828964098822239,0.4945189922275712,1.0,-0.1143520125928327,0.0682135404954259,0.5478798583557173,0.6884550311089443,0.7218452967196496,0.7721257302743612
Ifi27,0.0822168388123539,0.4945189922275712,1.0,-0.1239836908282129,0.2058971590791526,1.4807127297619789,0.6050312997723822,0.6862600762582205,0.7721257302743612
Ifi27l2a,0.0658678363072091,0.4999401487944382,1.0,-0.1420363997403843,0.3353465748246932,1.1173264201164088,0.5862601613610152,0.7337004516244299,0.7721257302743612
Papola,0.0621104744239398,0.5576726074341468,1.0,-2.4724645348836534,-0.3251914781183389,1.532212744147447,0.4745072982432172,0.38141150093965,0.7721257302743612
Evl,0.214946955169527,0.7463178799324552,1.0,-27.67787487468617,0.7617504057289815,28.8204873133998,0.1840683434130032,0.3288898677644255,0.792631077394327
Dync1h1,0.1221757823939265,0.6136987693023748,1.0,-2.3786215241940543,-0.110949039638404,28.41552333941977,0.353713963535997,0.343038935458876,0.7721257302743612
Hsp90aa1,0.1048951048951048,0.6453768453768453,1.0,-0.1504129742565211,-0.0397832988332396,0.0646648330344625,1.527556923339555,1.4843179218727711,0.7721257302743612
Tnfaip2,0.0206682206682206,0.2344988344988344,0.8784770784770783,-0.0250177499178962,0.1573605837457747,0.271377979946208,1.7752901237048624,1.9824334273299065,0.7721257302743612
Eif5,0.1948717948717948,0.7209013209013208,1.0,-0.1341794036069331,-0.0017973994931509,0.1504796826642483,1.394296190449981,1.3926865451164063,0.7721257302743612
Ckb,0.0485338272976736,0.3169975086812533,0.9167532094366038,-28.91499548009963,-0.6377460764914569,0.5557145693595376,0.5808361127738406,0.3687217411889636,0.7721257302743612
Atp5mpl,0.0104118104118104,0.1948717948717948,0.8784770784770783,-0.0242746365110848,0.1523317122895918,0.3199411384826131,1.1101792619670388,1.2379612049459965,0.7721257302743612
Siva1,0.4186613785292437,0.8621866944007625,1.0,-27.71320738673139,1.0563291898000675,28.918663043142324,0.1578657038168457,0.2916551302960721,0.8637638651832029
Pld4,0.0649572649572649,0.3822843822843822,0.959129759129759,-0.288399482046014,-0.158576919423711,0.0348076031756202,1.5464262206187926,1.3782364603581374,0.7721257302743612
Gpr132,0.0069519576779363,0.0498834498834498,0.3183223708844175,0.1338863220520966,0.3920749070456872,1.4795837663965394,0.6087661789070822,0.7930848812125363,0.7721257302743612
Crip1,0.065285648928054,0.1948717948717948,0.5053613053613053,0.2764505461879998,0.6593035084299012,1.6481172969706652,0.7053161925055751,1.11135040893244,0.7721257302743612
Igha,0.1605283605283605,0.7209013209013208,1.0,-0.0996369108491637,0.0683072060341227,0.2047487913438116,1.210534049986543,1.2670877046368023,0.7721257302743612
Gdi2,0.1948717948717948,0.7209013209013208,1.0,-0.1048346955945277,-0.024173964580366,0.1061998691723254,1.7041650096467675,1.6710347290455776,0.7721257302743612
Klf6,0.001087801087801,0.0281274281274281,0.2786324786324786,-0.634861596018145,-0.3425888659397761,-0.140236261452888,1.41353683423594,1.1263895454569162,0.7721257302743612
Larp4b,0.0147630147630147,0.2344988344988344,0.8784770784770783,0.0606515189191955,0.366206335061224,0.6923199585425946,0.590856273686453,0.7646706708401593,0.7721257302743612
Gpr137b,0.0129063396350218,0.1266856129229834,0.6460460235035367,0.1001654656061067,0.5170264949551147,2.4402012397215014,0.485000729486731,0.7063798697716122,0.7721257302743612
Arid4b,0.0639694561718719,0.5576726074341468,1.0,-28.65572682739889,-0.2841256058404716,27.849985183868743,0.3337536057701608,0.2407994725813385,0.7721257302743612
Psma2,0.0829836829836829,0.5737373737373737,1.0,-0.1709033329168467,0.019347914086789,0.23154163980453,0.9615753081455272,0.972581567910795,0.7721257302743612
Hfe,0.0703044724339834,0.5244497218060842,1.0,-28.887602221173115,-0.5871492617615417,27.84376118678641,0.2409058065390272,0.1537651179776715,0.7721257302743612
BC005537,0.0069930069930069,0.1048951048951048,0.7209013209013208,0.0029115993658908,0.1767641398090054,0.3656494575306847,1.0261435616468764,1.1582765365428438,0.7721257302743612
Uqcrfs1,0.0822168388123539,0.5992415158356712,1.0,-0.1533950490648534,0.1104570285734614,1.1364781653728928,0.5553250587256873,0.5973842925442385,0.7721257302743612
Ly86,0.0103263403263403,0.0498834498834498,0.3282051282051281,-0.4473771096149248,-0.3179004264345804,-0.162156640814031,1.49117808797059,1.1896440742640486,0.7721257302743612
Ssr1,0.1501208222419232,0.4935627897033893,1.0,-0.7889291166052353,-0.1535655927234075,0.431301155286698,0.5809588647037051,0.5298920754357139,0.7721257302743612
Tmem14c,0.0147630147630147,0.0829836829836829,0.461920478323797,0.072520257490009,0.2141580329991368,0.3629437353332879,0.8793895759562929,1.01995861540065,0.7721257302743612
Nol7,0.1123380312444478,0.5623719669710694,1.0,-0.2918043733022984,0.3905827179139138,28.997700646563903,0.4060827984320362,0.5313693011576568,0.7721257302743612
Cd83,0.0829836829836829,0.5737373737373737,1.0,-0.1968120167052184,-0.0565208726647044,0.0969880305861062,1.5860460782888963,1.5264523545876687,0.7721257302743612
Jarid2,0.065285648928054,0.4935627897033893,1.0,-0.2129364050301176,0.2388769028180804,1.463353055301832,0.5441435687254412,0.6374569659070705,0.7721257302743612
Dek,0.1266856129229834,0.6355065570939342,1.0,-0.3882618730384501,-0.1545802912588651,0.2997528032657333,0.7214732080437026,0.6491618087293094,0.7721257302743612
Ninj1,0.0498834498834498,0.1948717948717948,0.8784770784770783,-0.006928873628792,0.1996774131154396,0.4062443065445818,1.2863630389257077,1.47732881793722,0.7721257302743612
Card19,0.169000047821659,0.6355065570939342,1.0,-0.1776490136938036,0.151467652145717,0.6257009439667667,0.653334262483316,0.7160336589922035,0.7721257302743612
Sema4d,0.0235438968213817,0.3409871533819059,0.9580006439768992,-0.0226258527523187,1.131868476845722,29.175690146331508,0.2485873947027557,0.5794324660462048,0.7721257302743612
Syk,0.0379176379176379,0.2344988344988344,0.7984459984459983,0.0404214512459628,0.1899160026416364,0.3941576640361626,1.094541146990189,1.248938974058755,0.7721257302743612
Nfil3,0.1411232837969484,0.6512409567880072,1.0,-0.5238482175542086,0.2390895597406871,2.763332771561632,0.5046836916579487,0.598580033447397,0.7721257302743612
Higd2a,0.126101171853193,0.6453768453768453,1.0,-0.2298366881020988,0.0163626033104025,0.9117645364763172,0.5938726446579458,0.6040871631183344,0.7721257302743612
Prelid1,0.0822168388123539,0.3716774469130736,0.959129759129759,-0.0711247498981393,0.5293417877908568,2.560007146986734,0.4882640285824354,0.7122072788318834,0.7721257302743612
Lman2,0.0133130027638166,0.18697655703059,0.7984459984459983,0.0260775460241819,0.3166829843518614,2.6445985359468622,0.536554280459042,0.6672457517510706,0.7721257302743612
Tmed9,0.0829836829836829,0.6453768453768453,1.0,-0.2097907881466008,0.0044699783873609,0.2316858071999005,0.853998922749253,0.8552531462287822,0.7721257302743612
Ddx46,0.2516139128667293,0.7011912626598479,1.0,-27.95293186956869,1.272074133249402,28.879543211431557,0.120933897362515,0.2438070647638562,0.7721257302743612
H2afy,0.1605283605283605,0.6453768453768453,1.0,-0.1376933747081821,0.0783637319354071,0.2938476514116481,0.9300655541122156,0.9748388791672736,0.7721257302743612
Tgfbi,0.0147630147630147,0.1048951048951048,0.3822843822843822,0.142489620861162,0.2837464212677807,0.5030707810812959,1.5387419740696124,1.8656763739848023,0.7721257302743612
Hnrnpa0,0.0649572649572649,0.5053613053613053,1.0,-0.0967972898903259,0.0889031624213537,0.5613785863344923,0.6321781203267656,0.6712639236302155,0.7721257302743612
Hnrnpk,0.1048951048951048,0.7209013209013208,1.0,-0.1226724858448562,-0.0189304833666959,0.0839171647540826,1.4267972093835186,1.4078331987001138,0.7721257302743612
Tut7,0.0206682206682206,0.3282051282051281,0.959129759129759,-0.4293166890756604,-0.1563863086832916,0.1246094812401263,0.7178499887754497,0.6539825033427311,0.7721257302743612
Ctsl,0.0649572649572649,0.6453768453768453,1.0,-0.2477742552682649,-0.061795285424158,0.1321869217849328,1.3866689003744477,1.3314394403093277,0.7721257302743612
Uqcrb,0.0104118104118104,0.1454545454545454,0.7984459984459983,-0.0125096361022932,0.107668520003116,0.2560371444738828,1.14491858342645,1.2282568728610852,0.7721257302743612
Ndufs6,0.0046620046620046,0.1303807303807303,0.7984459984459983,0.0212112716380029,0.2574353503714367,0.8046965792895908,0.5489122897425078,0.6590652817211707,0.7721257302743612
Sdha,0.1454638334839635,0.6217687412649331,1.0,-0.4796199839679189,1.183311299262741,28.937805805382485,0.1797401904153157,0.4874102215691422,0.7721257302743612
Ell2,0.035525867696788,0.1550343725091923,0.4004675495719816,0.3035559314033399,1.2487464127252317,29.51096046084138,0.3042920003193282,0.7328515937801332,0.7721257302743612
Mef2c,0.0354885841222526,0.0752002988766929,0.2237103149867649,-1.8155543462541008,-1.2408506268080337,-0.5476393340121893,0.8510821147650043,0.3555384629663293,0.7721257302743612
Cox7c,0.0147630147630147,0.1048951048951048,0.4418026418026417,0.0443389845646389,0.1476141412055533,0.2709362002078314,1.62951618762489,1.804303110194624,0.7721257302743612
Tmem167,0.0424886615917809,0.3593635170698864,0.957810850422856,0.1667491744800288,1.3678933555446715,29.117756126773617,0.2193792983382332,0.551245522688824,0.7721257302743612
Rps23,0.0825330225330225,0.3822843822843822,0.8784770784770783,-0.0072404408516331,0.0346479520099985,0.0701286333872973,3.30645957584854,3.390812880133825,0.7721257302743612
Tbca,0.1048951048951048,0.5053613053613053,0.959129759129759,-0.2045425575777189,-0.0949136737799843,0.0430827115029154,1.0036470059147178,0.9396870039781142,0.7721257302743612
Nsa2,0.1605283605283605,0.5737373737373737,1.0,-0.1634642927608746,-0.0616549812220322,0.0597924159112802,1.3138611863735126,1.2572183681516975,0.7721257302743612
Hexb,0.1605283605283605,0.7209013209013208,1.0,-0.2269009645213325,0.0136955674981246,0.3649693915232642,1.0168536360539502,1.0283356729649853,0.7721257302743612
Btf3,0.1048951048951048,0.5053613053613053,1.0,-0.031709794682783,0.044433232991036,0.1145678819617033,1.71549299838164,1.77171366159773,0.7721257302743612
Fcho2,0.0904879299312675,0.5060765554054584,1.0,-2.1521044077390825,-0.171032049749276,1.2621595446279648,0.5128893614043663,0.4718291868202943,0.7721257302743612
Pik3r1,0.1889374480029941,0.6453768453768453,1.0,-0.1416584898768928,0.0680645428357011,0.2577064137700423,0.8810680932835253,0.9259681767621136,0.7721257302743612
Erbin,0.1266856129229834,0.5283087192353848,1.0,-0.0628959418768771,0.2651583260167245,2.113837451293891,0.5045344874397173,0.5928424248354978,0.7721257302743612
Gpbp1,0.0177903286236667,0.1025458809789091,0.4935627897033893,-1.9127036189546465,-0.6277941183458411,-0.2579829629836502,0.6956908870641417,0.4551485655789171,0.7721257302743612
Map3k1,0.1609671969711517,0.6662276454096188,1.0,-0.679863349007557,0.5360747287795684,29.0364471696597,0.2944864640468925,0.5115593942990928,0.7721257302743612
Snx18,0.001087801087801,0.0206682206682206,0.2344988344988344,0.1318263491033508,0.3681183244689477,0.6709217033770948,0.919242797604744,1.1842417143337625,0.7721257302743612
Ndufs4,0.0219109698020534,0.1649836223964053,0.7898534698691263,0.2588842123457539,1.8268569227169165,29.089772206258534,0.1490757206635192,0.548371025071864,0.7721257302743612
Dnase1l3,0.0001554001554001,0.0069930069930069,0.1048951048951048,0.264616226747261,0.5253033023026872,0.7757224947301338,1.3292640286183377,1.9142966942711128,0.7721257302743612
Rpl15,0.3822843822843822,0.7984459984459983,1.0,-0.0698896481981624,-0.0047516136111745,0.0670732827875292,2.436072559955467,2.4240600876200813,0.8028438038229958
Rtraf,0.0205205905205905,0.2786324786324786,0.959129759129759,-0.4578611102270188,-0.2361300669223433,0.029218003406754,0.7530214791952414,0.6400965929648692,0.7721257302743612
Gng2,0.1033079701313654,0.7129894874507409,1.0,-0.2110493989122919,0.0380145059942616,0.3009285250727956,0.6888838470533962,0.7050367494155335,0.7721257302743612
Vdac2,0.1048951048951048,0.5737373737373737,1.0,-0.0675394253995369,0.0352704820786902,0.1735581131611922,1.1801530339419386,1.2035177421677274,0.7721257302743612
Rps24,0.0069930069930069,0.1303807303807303,0.7209013209013208,0.01921861772549,0.0489408466527708,0.0816042882088487,3.62020382850416,3.740868880070695,0.7721257302743612
Zmiz1,0.1605283605283605,0.7123816042098661,1.0,-0.269639996127107,-0.0546944800153283,0.2627282887496129,0.6853012243240558,0.6558728004927166,0.7721257302743612
Arf4,0.1605283605283605,0.7209013209013208,1.0,-0.1214240667810116,-0.0070225865961405,0.127262542491662,1.2904226898299525,1.278658337250416,0.7721257302743612
Selenok,0.1303807303807303,0.5053613053613053,1.0,-0.1528601691404314,-0.0602499636178599,0.0412838185265428,1.5468808810486725,1.4861329097275375,0.7721257302743612
Tkt,0.0379176379176379,0.3282051282051281,0.8784770784770783,0.0271954316510277,0.1843924488245044,0.375516109109459,0.9119568893861394,1.0350773670645277,0.7721257302743612
Prkcd,0.2932663384219456,0.7209013209013208,1.0,-0.2717281776606097,-0.0324683721959829,0.2692441641703643,0.7158635097945458,0.6930385868391356,0.7721257302743612
Spcs1,0.1048951048951048,0.6453768453768453,1.0,-0.4274306110506084,-0.1553949920536506,0.0902417154728846,0.7230128598512202,0.6501915185380256,0.7721257302743612
Pbrm1,0.0111092245500982,0.11250638569044,0.7090730856847203,-29.27063733449696,-2.042645160642725,-0.1170040086968655,0.5584846587912927,0.1203426199476582,0.7721257302743612
Stab1,0.0325306307291984,0.2172187573017174,0.8623664815731863,-29.52613226693053,-1.9898760904853052,0.7095325339898463,0.511144808989692,0.1232261605692352,0.7721257302743612
Nisch,0.0234952560416185,0.1388637976716842,0.5897737906589078,-2.474566929461254,-0.7478690461412427,0.0724933897244589,0.5876423311837393,0.3452400861556035,0.7721257302743612
Timm23,0.0027417331272205,0.0498834498834498,0.3822843822843822,0.0786519192404002,0.3031524113885633,1.2800058013459126,0.5263297399123773,0.6479072090137311,0.7721257302743612
Glud1,0.0498834498834498,0.5053613053613053,1.0,-0.0932092407493667,0.1259238810918223,0.3448402535011511,0.8109845717292122,0.8874513215833012,0.7721257302743612
Wapl,0.0218799010737075,0.1605283605283605,0.7928890137795667,0.041036777354168,0.6095418911160599,2.082276975377584,0.4413680806134342,0.672643054448312,0.7721257302743612
Ghitm,0.2444968573844136,0.6355065570939342,1.0,-0.47918617297284,-0.0555752663939705,0.2455265078273323,0.5604288097801513,0.5404121458498415,0.7721257302743612
Lgals3,0.0658827641887259,0.3169975086812533,0.792746526993248,0.2009910582767182,0.7678541839361805,1.4957600001660052,1.0569336318174387,1.7868822146905226,0.7721257302743612
Exoc5,0.2976405854092169,0.8224803816580755,1.0,-27.03378770468519,1.1705209054988155,28.771457983342813,0.1323458996738797,0.2044841698146204,0.8265047504979927
Hnrnpc,0.1048951048951048,0.6453768453768453,1.0,-0.2096308712345737,-0.0274148615920536,0.1394516692223835,0.8237756768759847,0.8110269129624758,0.7721257302743612
Dad1,0.0003108003108003,0.0046620046620046,0.0498834498834498,0.1887383468820183,0.3696760002186796,0.5969151003193659,0.71578677041494,0.9260231921050052,0.7721257302743612
Mrpl52,0.2786324786324786,0.6453768453768453,1.0,-0.0649107404666831,0.0467904316790551,0.2241536608721206,1.1377102767048075,1.1748057624863275,0.7721257302743612
Mmp14,0.0147630147630147,0.2786324786324786,0.959129759129759,-0.0038361545092021,0.2217061239773732,0.4896832855252155,0.8603061304305655,1.015646348120792,0.7721257302743612
Psmb5,0.0308276094320916,0.5053613053613053,1.0,-0.1898493749471171,0.155568174306561,1.3532165805711676,0.5220378424329675,0.578739660953975,0.7721257302743612
Acin1,0.0930560409417801,0.6854434826775221,1.0,-27.51583767213813,0.7779690608954855,28.834136309597213,0.1426278539162087,0.3121963678366917,0.7721257302743612
Pabpn1,0.2573354010490942,0.7509359138372155,1.0,-0.1526884805933509,0.1917570177613692,2.247098263918683,0.495101264829773,0.5505147302101693,0.7939431830338128
Psme1,0.0498834498834498,0.4418026418026417,0.959129759129759,-0.1527392547791048,-0.076022722819188,0.0004871107531758,1.6478152848584775,1.5673463886306438,0.7721257302743612
Psme2,0.0018648018648018,0.1048951048951048,0.8784770784770783,-0.2806771657925708,-0.147118923724536,-0.0201874431770964,1.0996776186431112,0.9962895653706474,0.7721257302743612
Nedd8,0.0649572649572649,0.6453768453768453,1.0,-0.0978740542048391,0.0171092463748834,0.1582199052688716,1.153297258947065,1.1620962915427426,0.7721257302743612
Ctsb,0.1048951048951048,0.5053613053613053,0.8784770784770783,-0.107936472993883,-0.0736844499581873,-0.0287928617758329,3.25639307221514,3.094543088464538,0.7721257302743612
Dpysl2,0.1119097370670114,0.476087344441214,1.0,-28.86913583494863,-0.5764451302035429,2.0069768363803195,0.391670399214148,0.2373625186335805,0.7721257302743612
Bnip3l,0.082182863095549,0.6217687412649331,1.0,-1.6836465430396184,0.4728456826877396,28.854405701840964,0.2990699429719925,0.4209594236986057,0.7721257302743612
Rcbtb2,0.0785934912071024,0.6327184062170887,1.0,-0.6329582056679416,0.3263754836085404,2.4173402661567,0.4237848567617575,0.5727557080977412,0.7721257302743612
Itm2b,0.1605283605283605,0.5053613053613053,0.959129759129759,-0.1497656410721585,-0.0612898662104074,0.0325901587384299,3.4244631663928478,3.28334824388221,0.7721257302743612
Esd,0.0498512995287267,0.4305578876446536,1.0,-0.1000090324166688,0.1228952992474029,0.702841044615101,0.646199021177202,0.6990292103510285,0.7721257302743612
Lcp1,0.1605283605283605,0.5053613053613053,0.959129759129759,0.0007318938452653,0.068044411041127,0.13661772813869,1.9052260472994176,1.99916457216383,0.7721257302743612
Tpt1,0.0649572649572649,0.3282051282051281,0.7209013209013208,0.0179358031357624,0.0460575246593625,0.0815267177455206,3.994497817624152,4.127173156342373,0.7721257302743612
Epsti1,0.169000047821659,0.7111541697294341,1.0,-0.969316142321692,0.0887319636881125,1.9547509073021787,0.4821548581660362,0.5176166710998785,0.7721257302743612
Kctd12,0.0825330225330225,0.3822843822843822,0.959129759129759,-0.3388576169541759,-0.1542018832126917,0.0510001729280175,1.4550399588386749,1.301787036445095,0.7721257302743612
Mycbp2,0.1605283605283605,0.7209013209013208,1.0,-0.1623899767597679,0.0167580919860487,0.2443751513508482,0.9234394197145992,0.93319864053691,0.7721257302743612
Gm10076,0.0829836829836829,0.5053613053613053,1.0,-0.0715259006936936,0.1918769189723637,0.4510767879997238,0.901335969463993,1.0265245512748915,0.7721257302743612
Tpm3-rs7,0.2202347585707377,0.7123816042098661,1.0,-0.4415956362611282,0.250289568727916,2.10707147787376,0.4419867799234345,0.532130233279975,0.7721257302743612
Dnajc3,0.0147630147630147,0.2306518150036921,0.8784770784770783,-0.0598170792743526,0.1975374209042763,0.4082856784766795,0.7098117313505574,0.8107934848942537,0.7721257302743612
Mbnl2,0.1299941232811224,0.6453768453768453,1.0,-0.272470402430934,-0.0706810134612935,0.1867481939709765,0.6609881204960433,0.6252084753454906,0.7721257302743612
Tm9sf2,0.1383475099493835,0.5897737906589078,1.0,-28.745214731852307,-0.66557153588046,27.799568593261288,0.2145887588596667,0.1173585830780135,0.7721257302743612
Selenop,0.0829836829836829,0.4418026418026417,0.8784770784770783,-0.4810425145054026,-0.2266407598885154,-0.060108547085916,2.6009708711891326,2.237441787696765,0.7721257302743612
Oxct1,0.1705610877239446,0.6275008061114353,1.0,-28.30682808539584,-0.1393620466805538,28.01393038063921,0.3227983635659321,0.269676943052567,0.7721257302743612
Rpl37,0.3822843822843822,0.7984459984459983,1.0,-0.0567882429037871,-0.0137458597869252,0.0214181689008597,3.108534620871513,3.08254563906641,0.8028438038229958
Dab2,0.0281274281274281,0.1605283605283605,0.5737373737373737,-0.5764097816721304,-0.3371041159474345,-0.1469022055950051,1.0838383272758123,0.8673553975163955,0.7721257302743612
Fyb,0.1297435897435897,0.3822843822843822,1.0,-0.3094812059198908,-0.1876586438017564,-0.0028246557313264,2.043587446281625,1.8012366815496423,0.7721257302743612
Nipbl,0.1303807303807303,0.6453768453768453,1.0,-0.2628820266765486,0.0073998974071437,0.2848054651598736,0.7104059830112217,0.7107102347036116,0.7721257302743612
Sub1,0.1605283605283605,0.5053613053613053,1.0,-0.0318771673662729,0.0520712651227012,0.1493338751152928,1.7249099525366174,1.7870391455066237,0.7721257302743612
Basp1,0.0018648018648018,0.0281274281274281,0.2786324786324786,0.0792330806744136,0.2172617380646829,0.3597419351021201,2.071556141212988,2.404736336792835,0.7721257302743612
Otulinl,0.1048363742972,0.6355065570939342,1.0,-1.0229860611098276,-0.0413252421124814,2.2826597321499253,0.546049159504493,0.5322490049223378,0.7721257302743612
Cct5,0.1605283605283605,0.7123816042098661,1.0,-0.1806918421173341,0.0558718822051027,0.3696845474427372,0.6422916409159315,0.6710710223534945,0.7721257302743612
Mtdh,0.2344988344988344,0.7209013209013208,1.0,-0.1520087376635379,0.01060970670166,0.2654780450337311,0.8382323170690222,0.8379510086577333,0.7721257302743612
Rpl30,0.1048951048951048,0.5737373737373737,1.0,-0.0073702544142879,0.0271586083906661,0.0644656986059337,3.12523015286915,3.1852813524835204,0.7721257302743612
Cox6c,0.1605283605283605,0.7209013209013208,1.0,-0.0390461660705423,0.0336860426692879,0.1257820242828239,1.79088952775968,1.8292638803079124,0.7721257302743612
Pabpc1,0.0006216006216006,0.0206682206682206,0.1948717948717948,0.0888789590548237,0.1883090793294154,0.2628442049691423,1.9471148847782649,2.220484712113394,0.7721257302743612
Ywhaz,0.3282051282051281,0.7984459984459983,1.0,-0.1059701497377139,-0.0051223608052464,0.1282964616036007,1.4717244217789651,1.461897011469801,0.8028438038229958
Atp6v1c1,0.0235441024125527,0.3056410254213622,0.9570017810351952,0.0555936538858679,2.037922557707634,29.07150779263906,0.1161482004570815,0.5102003320493061,0.7721257302743612
Eif3e,0.1303807303807303,0.6453768453768453,1.0,-0.1211555284457718,0.0198419846585856,0.2648332144906437,0.97356660680641,0.981498196053499,0.7721257302743612
Eny2,0.2575318164737318,0.7090730856847203,1.0,-0.8130184383799048,0.1008310232072954,2.2787979640710354,0.3963190795973005,0.4465748627789837,0.7721257302743612
Trps1,0.0822168388123539,0.461920478323797,1.0,-0.0972065870735721,0.1512548023311437,0.7413694360225037,0.6941510649306477,0.764499601975354,0.7721257302743612
Eif3h,0.0147630147630147,0.3282051282051281,0.959129759129759,-0.0134737705060811,0.2064991540125423,0.4803478962533347,0.9643145928987044,1.1106215833990565,0.7721257302743612
Derl1,0.0513398264234592,0.5576726074341468,1.0,-0.9149293467102312,-0.1474792807170643,1.5234601079697498,0.5290344005911998,0.5074016632203484,0.7721257302743612
Ndufb9,0.0379176379176379,0.2268047955085498,0.7209013209013208,0.0015248847941396,0.1588101157137643,0.291966946650712,0.9491924824630548,1.0592804319448774,0.7721257302743612
Trib1,0.1302883524442867,0.672143970444527,1.0,-0.4435025180455009,0.0641114548725599,1.1641921715408174,0.4990334417133255,0.5283051046887842,0.7721257302743612
Fam49b,0.0281274281274281,0.2344988344988344,0.959129759129759,-0.2257361527885796,-0.1174339650092515,-0.0003537973670173,1.339131924280635,1.23740371587872,0.7721257302743612
Sla,0.0095379523581334,0.1025458809789091,0.6731499112886595,0.012789196604396,0.5682497448777725,2.7065935495886424,0.4495462197039167,0.6645373136124895,0.7721257302743612
St3gal1,0.0892626890842453,0.6217687412649331,1.0,-2.3268751956311324,0.8364848028063783,28.9404126838176,0.1761993506576342,0.3362069530552272,0.7721257302743612
Ago2,0.0128439764044415,0.0828964098822239,0.3183223708844175,0.1594473937238285,0.4540756759323965,0.9432242970219048,0.5995765176380872,0.8209397578689708,0.7721257302743612
Ly6e,0.1048951048951048,0.3822843822843822,0.959129759129759,-0.1445409138109764,-0.0798161130232977,0.0034381741835519,2.589973757326665,2.455186714126875,0.7721257302743612
Ly6a,0.0206682206682206,0.3822843822843822,1.0,-0.8235114484488646,-0.3507330162975635,0.1332854228842486,0.8589437487249268,0.6580534171442337,0.7721257302743612
Eef1d,0.1048951048951048,0.5737373737373737,1.0,-0.3484236203918563,-0.1590880463343758,0.0420438019638788,0.9576687733744216,0.8641155931466977,0.7721257302743612
Grina,0.0513398264234592,0.4418026418026417,1.0,-0.421104447583343,-0.144888361211509,0.2476462087442262,0.6549066016817976,0.591114202369539,0.7721257302743612
Vps28,0.0399796029462569,0.4503513435848739,1.0,-1.7870925450128556,-0.3030538370862287,1.8174798408123984,0.5323999937771953,0.4075325512744803,0.7721257302743612
Rpl8,0.0281274281274281,0.1948717948717948,0.7209013209013208,0.0358400862405791,0.0889865548901414,0.1529963516353749,2.5419325860652275,2.7063979435261225,0.7721257302743612
Myh9,0.1303807303807303,0.6453768453768453,1.0,-0.1733196665139814,0.0173005640220508,0.2353968776702921,1.109232248686895,1.1268880317750825,0.7721257302743612
Ncf4,0.0829836829836829,0.6453768453768453,1.0,-0.1710465954367969,-0.0123587317778826,0.1621798419955753,1.057568667420425,1.0498158379381874,0.7721257302743612
Csf2rb2,0.0503082027202481,0.4935627897033893,1.0,-0.3012194435699546,0.1535151077857847,1.4771196964229223,0.5743096343532925,0.6407786822664749,0.7721257302743612
Csf2rb,0.0498834498834498,0.2786324786324786,0.959129759129759,-0.056182699447194,0.1803300461882691,0.3875964615589157,1.405961967758215,1.58763401520167,0.7721257302743612
Rac2,0.001087801087801,0.0206682206682206,0.1303807303807303,-0.5331186947461507,-0.4003755313510311,-0.2234886172224062,1.28634504146646,0.9729933574676068,0.7721257302743612
Cyth4,0.0379176379176379,0.2344988344988344,0.8784770784770783,-0.3683799011048689,-0.1914387908023714,-0.0324580249092538,0.988546055367489,0.8704159087748653,0.7721257302743612
Maff,0.0288663193874748,0.2355589199240795,0.8693781812977219,0.3264418596408331,2.2423709429226752,29.297970268841446,0.1334525029169147,0.6125659193886315,0.7721257302743612
Ddx17,0.0512712666552358,0.3648813140419181,0.957492737513927,-2.177386415533537,-0.390604354762763,0.1810552950908475,0.6014648219240165,0.4620832822715055,0.7721257302743612
Tomm22,0.0550010566151723,0.5576726074341468,1.0,-27.03338092965632,1.3025462034115665,28.93260615845833,0.144474620157757,0.360867759126226,0.7721257302743612
Rpl3,0.0206682206682206,0.1048951048951048,0.3822843822843822,0.0582056269273496,0.1145991884949421,0.1701043121100717,2.583672629751105,2.796851866319847,0.7721257302743612
Atf4,0.194013209013209,0.7209013209013208,1.0,-0.3172176157401243,-0.0242644896828211,0.2701194622291127,0.7047829673572384,0.6923727939331197,0.7721257302743612
St13,0.0379176379176379,0.2344988344988344,0.7226974510536173,-0.4230399610813943,-0.221887872373829,-0.0183069459889119,0.7907545228657444,0.6756936787086445,0.7721257302743612
Rbx1,0.2786324786324786,0.7984459984459983,1.0,-0.177479477688812,-0.0161348500641545,0.1704010333377485,1.0046487079718545,0.99043171203722,0.8028438038229958
Tob2,0.1272120416838094,0.6453768453768453,1.0,-0.3674962856709579,0.0330716297462093,0.5290195900717737,0.7241332242542153,0.7356085177589538,0.7721257302743612
Snu13,0.0498834498834498,0.4305578876446536,1.0,-0.0080158492303664,0.2512863901848052,0.6035232759223538,0.6185012689376943,0.7353266904274285,0.7721257302743612
Smdt1,0.1605283605283605,0.5737373737373737,1.0,-0.0912644144701746,0.0641882486958564,0.1934213763527942,1.10943570231204,1.1563889743328175,0.7721257302743612
Ndufa6,0.0825330225330225,0.4418026418026417,1.0,-0.063659127041196,0.1154023698127214,0.3009050619424693,0.986432173664529,1.063713598538345,0.7721257302743612
Poldip3,0.0308276094320916,0.3282051282051281,0.959129759129759,-0.0893423691569704,0.1773362051389607,1.2426121069400191,0.5454745920135522,0.6023915907985893,0.7721257302743612
Tspo,0.1048951048951048,0.5053613053613053,1.0,-0.0514875649191905,0.05281417432812,0.1704758105176022,1.4532253249859477,1.507302466139595,0.7721257302743612
5031439G07Rik,0.1388637976716842,0.5465237317126098,1.0,-28.14067620853285,-0.2327302373003657,28.382162644741527,0.3504129233662483,0.3179666007675567,0.7721257302743612
Pim3,0.1550343725091923,0.7090730856847203,1.0,-1.1727611102727304,0.418127425127782,2.5050499108478124,0.3267728975920451,0.4852710408843415,0.7721257302743612
Zcrb1,0.0739906272078213,0.397321419035571,1.0,-0.8801900241981924,-0.2935020182102862,0.3546956609847606,0.589532768269247,0.4843419185123032,0.7721257302743612
Scaf11,0.1219340474763394,0.6355065570939342,1.0,-0.2957234469050076,0.0449058830140693,1.453759649395601,0.5653360527686679,0.5736705463101948,0.7721257302743612
Slc38a2,0.331321996180736,0.7886676855699262,1.0,-3.2528274953313305,0.5370117679010947,28.96953264342116,0.278676889025463,0.4598376278609818,0.8028438038229958
Arf3,0.1454638334839635,0.6314395816467896,1.0,-28.864758556830072,-0.2720246150809326,28.776785447180597,0.3845452769474493,0.3029709205089848,0.7721257302743612
Tuba1b,0.1303807303807303,0.6453768453768453,1.0,-0.3213727019153093,0.0220597692997476,0.3992504348070023,0.7071622502676707,0.7189079903501173,0.7721257302743612
Tmbim6,0.194013209013209,0.5737373737373737,0.959129759129759,-0.193190029257639,-0.0703433819260027,0.041476132648579,1.4918747752416124,1.4247922322939923,0.7721257302743612
Cox14,0.1048554265260114,0.6453768453768453,1.0,-0.2366418972104437,0.1043592574153572,1.023773385982066,0.545298605333179,0.5817745843781903,0.7721257302743612
Dazap2,0.0829836829836829,0.4418026418026417,1.0,-0.0957928598724259,0.094097647408961,0.27858655766888,1.1302645215171137,1.20933663327631,0.7721257302743612
Eif4b,0.0513034170099589,0.4418026418026417,1.0,-0.3831069386801204,-0.1494319978479146,0.2327534926891964,0.653807039873284,0.5859673487280479,0.7721257302743612
Pfdn5,0.3822843822843822,0.7984459984459983,1.0,-0.0489836528703711,0.0077960271320682,0.0715289954021434,1.7786319784346851,1.7889529810022649,0.8028438038229958
Prr13,0.0403587536690418,0.3822843822843822,0.960151515151514,-0.0775553718219939,0.1547643954238695,0.3543755798021309,0.6839145820478478,0.7680849466671344,0.7721257302743612
Pcbp2,0.1948717948717948,0.7209013209013208,1.0,-0.129230554405656,0.0122126452056423,0.1765107029905461,1.376491650056235,1.383943132552365,0.7721257302743612
Atp5g2,0.0379176379176379,0.3282051282051281,0.959129759129759,0.0033900568686967,0.0805010779870059,0.1691452800551544,1.58265811996851,1.6731427827076102,0.7721257302743612
Hnrnpa1,0.0829836829836829,0.5053613053613053,1.0,-0.0921415166596872,0.1265253362317961,0.4058594874121055,0.9512753492137912,1.0365382201866358,0.7721257302743612
Nckap1l,0.0649572649572649,0.4418026418026417,1.0,-0.3586947957476703,-0.1274544627793207,0.0693131590945213,0.7815677176372196,0.715304943281416,0.7721257302743612
Crebbp,0.312686223816409,0.7840226582999281,1.0,-2.058140294780377,0.1344084453100492,28.831492039145743,0.3480927183582017,0.3592144343993653,0.8028438038229958
Glyr1,0.1182122887796561,0.6662276454096188,1.0,-28.073679517352147,0.0,28.31164950079342,0.1140715232111472,0.109758357543328,0.7721257302743612
Ubn1,0.1056915496789565,0.6314395816467896,1.0,-0.3056073746842105,0.5082583556503073,29.07590987903185,0.3839980435525827,0.5459933053170418,0.7721257302743612
Ciita,0.0046620046620046,0.1048951048951048,0.6453768453768453,-0.718096866316909,-0.42949182433711,-0.100310150807592,1.0470475416860334,0.7857497270124478,0.7721257302743612
Litaf,0.2344988344988344,0.7209013209013208,1.0,-0.0690034926812123,0.0467914764117262,0.1605797152309282,1.3837845172701164,1.4334534228125588,0.7721257302743612
Zc3h7a,0.0924391357016531,0.5655630979387989,1.0,-28.87559558043713,-1.1360189604941464,27.76693115350086,0.2034181542261667,0.0805334057444212,0.7721257302743612
Gspt1,0.1826944712149479,0.7090730856847203,1.0,-0.5237419926019317,0.2667068320115706,2.193511674985478,0.4191016646761257,0.5197813185650717,0.7721257302743612
Sdf2l1,0.0198840216798765,0.1948717948717948,0.8744592481051268,0.0393521971934879,0.4720273449406287,1.4791638950807842,0.4842990982234122,0.687684110749154,0.7721257302743612
Ube2l3,0.0018648018648018,0.0281274281274281,0.1948717948717948,0.1316204117466957,0.2956494436698395,0.4833705169406425,0.7948699929870164,0.9734891978325492,0.7721257302743612
Ranbp1,0.1948717948717948,0.7209013209013208,1.0,-0.2557483277177417,-0.0457031133675478,0.2743982227309306,0.6597683466361631,0.6410660369963079,0.7721257302743612
Ap2m1,0.0549699828704037,0.5009042191737003,1.0,-0.4641428932065605,2.102030428690874,28.996052267425835,0.1018309261624297,0.414266474960143,0.7721257302743612
Psmd2,0.1221757823939265,0.5576726074341468,1.0,-0.337942665261825,0.6975650409121436,2.160254927119777,0.3253267103631042,0.5322423958049656,0.7721257302743612
Eif4g1,0.1385171647886641,0.6136987693023748,1.0,-2.275204006472628,-0.0597126617551887,28.540494985892416,0.4082246996430941,0.3980105199773527,0.7721257302743612
Tra2b,0.2775291375291375,0.7209013209013208,1.0,-0.08776688860178,0.1016638753643591,0.2624016401502995,0.931215173800957,1.000068311159982,0.7721257302743612
Dnajb11,0.1703212404551248,0.7058654396235203,1.0,-2.0704586116720063,1.014824829508613,28.943719037001536,0.189547911042668,0.3958638407002166,0.7721257302743612
Eif4a2,0.2202347585707377,0.7111541697294341,1.0,-0.931276566230114,0.4014581813966373,28.946820269988745,0.3885442642102032,0.5277462472760812,0.7721257302743612
Ccdc50,0.0281274281274281,0.4418026418026417,1.0,-0.3869856713011128,-0.1345249147404484,0.18148674048332,0.8019645230849046,0.7322117278953391,0.7721257302743612
Atp13a3,0.0090090961446315,0.0984722781285988,0.6314395816467896,0.5595551023911025,2.1436346227477223,29.21475170417812,0.134208203122753,0.5899081543050176,0.7721257302743612
Acap2,0.1878274533316575,0.7463178799324552,1.0,-0.7685355008316067,0.2569231184617186,2.3370114677794227,0.374091917653004,0.4824184297140862,0.792631077394327
Ppp1r2,0.0404794561132101,0.3684845482829788,1.0,-0.4903624681124732,0.4066881366579019,28.9446493290429,0.3667560701500875,0.5054921254347525,0.7721257302743612
0610012G03Rik,0.1116374942010936,0.5606272147226752,1.0,-2.432575932539561,-0.1451626709855513,1.7459663895364292,0.4730397485243332,0.4095739235463604,0.7721257302743612
Pak2,0.0495843045843046,0.3282051282051281,0.959129759129759,-0.0558985422802698,0.1637114115467106,0.4700526009099576,0.855823516774471,0.9560227469568408,0.7721257302743612
Nrros,0.2786324786324786,0.7984459984459983,1.0,-0.2218286186128823,0.0431805923333691,0.3628838265334808,0.7617206696924164,0.7848039404414927,0.8028438038229958
Rpl35a,0.0147630147630147,0.2344988344988344,0.959129759129759,0.0036350314573582,0.0330592920025955,0.059243962973209,3.3905643579996,3.466437166743188,0.7721257302743612
Itgb5,0.1948717948717948,0.7209013209013208,1.0,-0.2346960084213566,0.0021671422962798,0.2736719435083288,0.8664384105033962,0.8622196073975645,0.7721257302743612
Slc49a4,0.0310325195001449,0.3514015705829848,1.0,-0.1476867577979797,2.2661025188037858,29.00515640623157,0.1018309261624297,0.4950768454359635,0.7721257302743612
Cd86,0.1048951048951048,0.7209013209013208,1.0,-0.0859424449476519,0.0320314948450571,0.1383249087695762,1.338980705189025,1.3710084835887777,0.7721257302743612
Hcls1,0.1605283605283605,0.7209013209013208,1.0,-0.2319914089119573,-0.0403080858460576,0.1799571922498178,0.9652434703426316,0.9327136484985132,0.7721257302743612
Ndufb4,0.1048951048951048,0.5053613053613053,1.0,-0.3876586344123371,-0.1906771336666372,0.0904808828607827,0.7289947462402655,0.637940940120209,0.7721257302743612
Lrrc58,0.2496751994882275,0.7723374412927804,1.0,-27.857993389118032,0.1623223316712184,28.413595238795043,0.1106768811737992,0.1350474189782555,0.8028438038229958
Cox17,0.0018648018648018,0.0379176379176379,0.2786324786324786,-0.5057370669764386,-0.3237115724178794,-0.1467290539085965,1.0445508955523266,0.8348791351637067,0.7721257302743612
Atp6v1a,0.0649572649572649,0.5737373737373737,1.0,-0.2774276696193251,-0.03864691017635,0.1707064401585339,0.8088092562196572,0.7924481696703075,0.7721257302743612
Naa50,0.1219340474763394,0.6314395816467896,1.0,-1.830130026407188,-0.2347930828821531,1.725146076486627,0.4488372675513762,0.3734790201529503,0.7721257302743612
Cd47,0.0498834498834498,0.3282051282051281,0.959129759129759,-0.2040147371036051,-0.0785978957403316,0.0138087760346304,1.5299648901776,1.4510790458545624,0.7721257302743612
Nfkbiz,0.0006216006216006,0.0206682206682206,0.1948717948717948,-0.7844865169365242,-0.5005963845396832,-0.2267549280626479,1.24904331430594,0.8951028367131746,0.7721257302743612
Rpl24,0.1605283605283605,0.5737373737373737,1.0,0.0023802832089791,0.0577816425077854,0.1114809329717044,2.7191349664335496,2.82769684328356,0.7721257302743612
Cggbp1,0.031199774449795,0.3706183398171955,1.0,-0.6823349557779653,-0.129428673470398,0.1406349088299403,0.64934022168636,0.5999310600405205,0.7721257302743612
Nrip1,0.0829836829836829,0.6453768453768453,1.0,-0.2470718252585865,0.0708981628337771,0.4133394611232729,0.6318268597510994,0.661358594703461,0.7721257302743612
Atp5j,0.1043473193473193,0.5737373737373737,1.0,-0.076462051954658,0.0397670407184228,0.1680415920563598,1.261930029213839,1.2933058268963475,0.7721257302743612
App,0.1048951048951048,0.5737373737373737,1.0,-0.0395655422785488,0.0333794312043759,0.0981397449684865,1.478120312641225,1.5142748612134298,0.7721257302743612
Cct8,0.1009563288227583,0.6314395816467896,1.0,-0.1192525704578619,0.1274923297133274,1.5055496423914303,0.5703739252747225,0.620367344133405,0.7721257302743612
Bach1,0.1048951048951048,0.4418026418026417,0.959129759129759,-0.0771624064861209,0.2675375469855685,0.5532545215457365,0.762898231611403,0.9225811507759424,0.7721257302743612
Sod1,0.1382498950445215,0.6355065570939342,1.0,-0.4956734388328391,-0.0369426315988771,0.9859593338589004,0.5628602199534383,0.5428302474797881,0.7721257302743612
Synj1,0.0808012021668319,0.6105051285503021,1.0,-0.942865750418564,0.2169584129807564,3.432918345902735,0.451894620498671,0.541084752422953,0.7721257302743612
Ifnar2,0.0829836829836829,0.6453768453768453,1.0,-0.0717614001465262,0.0580862769434733,0.2052520285092858,1.1085325307994212,1.1552388907323077,0.7721257302743612
Il10rb,0.1718517022196694,0.6731710837975169,1.0,-0.3074898082693544,-0.0981706371153018,0.3360843344901234,0.62384642561713,0.5837059338324457,0.7721257302743612
Ifnar1,0.0046620046620046,0.1303807303807303,0.7209013209013208,0.0132775880745915,0.1570048100043178,0.3565300519969773,1.1940676708905351,1.3343145025474974,0.7721257302743612
Ifngr2,0.3180689668505534,0.7509359138372155,1.0,-0.4056898013568928,0.0179353059979873,1.0301008269559346,0.5844091167449226,0.6105429989391341,0.7939431830338128
Son,0.0206682206682206,0.2344988344988344,0.8784770784770783,-0.019372730034423,0.0915150269597194,0.1964996426342898,1.4857162438942726,1.589590332230404,0.7721257302743612
Atp5o,0.0379176379176379,0.2786324786324786,0.959129759129759,0.0434218362216748,0.232962761123027,0.4572748670585672,0.7478813780278599,0.880126869019726,0.7721257302743612
Runx1,0.0104118104118104,0.1605283605283605,0.7984459984459983,-0.3739808342282386,-0.2260683289028754,-0.0484216378685288,1.1173036661185811,0.957020311692676,0.7721257302743612
Ets2,0.0825330225330225,0.5737373737373737,1.0,-0.2667674292583482,-0.1076111929964594,0.0939129190989256,1.022408185461831,0.9434339877510032,0.7721257302743612
Hmgn1,0.0590766031498228,0.5465237317126098,1.0,-27.239595376013355,1.5281819008344546,28.97779320433873,0.1106768811737992,0.342055694254115,0.7721257302743612
Ezr,0.0720770195258305,0.5967990595834041,1.0,-0.2450882634408719,0.1233766634760712,2.064324930662622,0.5277266398647498,0.570786141230293,0.7721257302743612
Rnaset2a,0.2515654450322667,0.6854434826775221,1.0,-0.8143549040113938,1.048012396601374,29.18536592605929,0.2406394147360892,0.378741151586892,0.7721257302743612
Mpc1,0.0177903286236667,0.1550343725091923,0.7131872832870052,0.1099906033757771,0.4895038411315546,1.6081577290895812,0.5501934227332188,0.7711860471921921,0.7721257302743612
Qk,0.0649572649572649,0.5053613053613053,1.0,-0.2981193203996983,-0.0838160116843627,0.099600214432427,0.887161163923119,0.8420822131932503,0.7721257302743612
Tcp1,0.0177903286236667,0.1859940458034531,0.9157535305649552,-1.1218468606280727,-0.2896945262444989,0.1614474183486333,0.6250571726956751,0.5144039318770697,0.7721257302743612
Sod2,0.1605283605283605,0.7209013209013208,1.0,-0.2514713816589801,0.0145702333092258,0.3036770216962833,0.9963094646946034,1.0062751280312203,0.7721257302743612
Psmb1,0.0206682206682206,0.2344988344988344,0.959129759129759,-0.0566272439398595,0.1328432061186029,0.3099429879285363,0.9312499569834952,1.0149128661168736,0.7721257302743612
Lnpep,0.0100266559492814,0.1550343725091923,0.8744592481051268,-1.661280270297021,-0.3746887985672649,0.1605449432346336,0.6240721240364362,0.480686789094474,0.7721257302743612
Srrm2,0.1605283605283605,0.7209013209013208,1.0,-0.102164371187992,-0.0239318996986616,0.0544478556397449,1.5920327001134802,1.5664531409095035,0.7721257302743612
Elob,0.1303807303807303,0.5737373737373737,1.0,-0.0514302134020702,0.0668058655527395,0.2099220456131093,1.2515918602028313,1.3146095352828024,0.7721257302743612
Atp6v0c,0.1048951048951048,0.5053613053613053,0.959129759129759,0.0086333436451558,0.0510497556331392,0.0924987561150311,2.325141229742065,2.407328322539435,0.7721257302743612
Rps2,0.2344988344988344,0.5737373737373737,1.0,-0.0126061811388996,0.073642597109473,0.1587514739662758,2.06074926536811,2.17413855723608,0.7721257302743612
Ndufb10,0.0029526029526029,0.1948717948717948,0.958117093999278,-0.4382858404174577,-0.2425059125343553,0.0703203269028097,0.728953949615898,0.6129533698591911,0.7721257302743612
Msrb1,0.0046417026422158,0.0308276094320916,0.1605283605283605,0.3187200318108458,0.9017224884560368,2.7907690783281685,0.4534351743763367,0.8458039602028256,0.7721257302743612
Ube2i,0.0379176379176379,0.3282051282051281,0.959129759129759,-0.0399455804484312,0.1732718549836616,0.5186363969300476,0.7517090375537194,0.8473906219639991,0.7721257302743612
Dusp1,0.0001554001554001,0.0069930069930069,0.1613869463869456,-0.6581298412797157,-0.3997351318850703,-0.1906440320371762,2.043277913155348,1.5535135390901176,0.7721257302743612
Atp6v0e,0.0146542346542346,0.1948717948717948,0.7984459984459983,0.0069305362187847,0.1262901995741147,0.234841315706857,1.3575881213496526,1.4786470003503862,0.7721257302743612
Cuta,0.1454638334839635,0.6314395816467896,1.0,-28.04512892069816,-0.2792467579177736,27.80618724885448,0.3740074064187452,0.2460836300333365,0.7721257302743612
Rps10,0.326965811965812,0.7209013209013208,1.0,-0.0158156608174885,0.0396596295008472,0.0869215060717575,3.014135098500285,3.1013394972364114,0.7721257302743612
Rpl10a,0.0046620046620046,0.0498834498834498,0.2344988344988344,0.0412848580808385,0.1047063769875339,0.1656612955092127,2.403997346028308,2.59070418263123,0.7721257302743612
Srsf3,0.0018648018648018,0.0206682206682206,0.1948717948717948,0.1225147309400142,0.2824405359821647,0.4541072993373752,1.0230886577210652,1.243339649120054,0.7721257302743612
Cdkn1a,0.0379176379176379,0.4418026418026417,1.0,-0.0349933785599792,0.0576558024654639,0.1773283548323244,1.9112965664140005,1.99246585576145,0.7721257302743612
Pim1,0.0046620046620046,0.0206682206682206,0.1605283605283605,-0.2260573032314699,-0.1440487170249352,-0.0597910222803823,2.076505530513165,1.882236061057235,0.7721257302743612
Ndufv3,0.1411893573533081,0.5737373737373737,1.0,-0.1212382443783391,0.1418938366791214,0.4169375023631351,0.7124255254969822,0.7895658373211771,0.7721257302743612
U2af1,0.0844127274172293,0.6358804126301649,1.0,-0.2439502801862234,0.3836490618555842,2.235681808477247,0.4257284995367972,0.5534992178979687,0.7721257302743612
Hnrnpm,0.1048951048951048,0.6453768453768453,1.0,-0.2300056170370611,0.0664352311168546,0.4028220120501793,0.7814747412244825,0.8143412242017722,0.7721257302743612
Rab11b,0.2573354010490942,0.7463178799324552,1.0,-2.736422336450553,-0.0449558265841638,28.424159892240404,0.2516485844383708,0.2346610684880075,0.792631077394327
Rps28,0.4418026418026417,0.7984459984459983,1.0,-0.0728859937068262,-0.0280245217457963,0.0223220339080133,3.299568487351745,3.2376669587251774,0.8028438038229958
Ndufa7,0.1303807303807303,0.6453768453768453,1.0,-0.1306080825811147,0.0593062094734985,0.3297288999599363,0.9330379127460215,0.9767379048918584,0.7721257302743612
Tapbp,0.1303807303807303,0.6453768453768453,1.0,-0.0904757848048604,0.0386398566305203,0.1673455541756704,1.12030588312453,1.149005703667185,0.7721257302743612
Rps18,0.0829836829836829,0.3282051282051281,0.7984459984459983,0.005828374080724,0.0836492232970337,0.1558211584526103,2.7065971112658627,2.867452419240734,0.7721257302743612
H2-K1,0.1303807303807303,0.4418026418026417,0.959129759129759,-0.0572479231546722,-0.0256799888886615,0.0082993966352488,3.481224255387133,3.4246404492167226,0.7721257302743612
Brd2,0.0281274281274281,0.2786324786324786,0.959129759129759,0.0004263383127217,0.2216060174681161,0.5115941463286495,0.8648016318883227,1.005505248739749,0.7721257302743612
H2-DMa,0.0281274281274281,0.2786324786324786,0.959129759129759,-0.1113258294395448,-0.0646769354902556,-0.0070391717871753,2.438430567576165,2.332306687608304,0.7721257302743612
H2-DMb2,0.0229215547738114,0.2692660081997823,0.91629779799785,-0.0046053440944825,0.7613719196784955,2.6306695127110773,0.4289545485154885,0.7110117550321096,0.7721257302743612
H2-DMb1,0.0206682206682206,0.3822843822843822,0.959129759129759,-0.0289497947089556,0.0371296166093555,0.1289126852305747,2.05400351336167,2.106926940891179,0.7721257302743612
Psmb9,0.0046620046620046,0.0498834498834498,0.4418026418026417,-0.4350953840581426,-0.2797308958545709,-0.1048356347594132,1.18879723134165,0.9781715066920226,0.7721257302743612
Tap1,0.0046620046620046,0.0829836829836829,0.5737373737373737,-0.4612256657872438,-0.2588268404990175,-0.0610443724436801,1.0084130349893003,0.84043091791626,0.7721257302743612
Psmb8,0.1303807303807303,0.6453768453768453,1.0,-0.1059371832651645,-0.0069463247736624,0.0998902229333976,1.7910522672069624,1.7860072723276077,0.7721257302743612
Tap2,0.0325306307291984,0.4109392401761573,1.0,-28.987603842276684,-1.1236838972164511,26.463242256326986,0.4070362295386547,0.1912640071261877,0.7721257302743612
H2-Ab1,0.0046620046620046,0.0498834498834498,0.2786324786324786,0.013271086886068,0.0296939141268722,0.0424644905389933,4.8063339252973805,4.908313087361615,0.7721257302743612
H2-Aa,0.001087801087801,0.0281274281274281,0.3822843822843822,0.0074642984858456,0.0218280965525931,0.0400361493596444,4.817176995170457,4.88909656833186,0.7721257302743612
H2-Eb1,0.0104118104118104,0.1048951048951048,0.5053613053613053,0.0088173509969829,0.0257422592907141,0.0455934908424846,4.762376537336555,4.848406141935501,0.7721257302743612
Gpsm3,0.1549115337525106,0.6741981971505068,1.0,-0.3679269792161614,0.2376916077551485,1.8763826989052783,0.429363043949689,0.5183967547665854,0.7721257302743612
Cfb,0.2201025634857074,0.7058654396235203,1.0,-28.537195907599585,-0.1206664990353225,2.4668472809808413,0.4251286147760497,0.406519337000407,0.7721257302743612
Neu1,0.1447541897224064,0.6136987693023748,1.0,-28.75144908516086,-0.8474098109923398,27.69768923290556,0.2306817041421255,0.1286602978984262,0.7721257302743612
Clic1,0.0046620046620046,0.1048951048951048,0.7984459984459983,-0.2077310590483997,-0.1136514812536089,-0.0173523973368541,1.6106121044803712,1.483040670080195,0.7721257302743612
Aif1,0.3282051282051281,0.7209013209013208,1.0,-0.0958059522463604,-0.014620586874483,0.0724915313646977,2.3978667835702696,2.366468654755732,0.7721257302743612
Lst1,0.0829836829836829,0.2786324786324786,0.7209013209013208,-0.2704726443149771,-0.1426642123365268,-0.0386342391190976,2.097168008259715,1.893201303741048,0.7721257302743612
H2-D1,0.1605283605283605,0.5737373737373737,0.959129759129759,-0.0519866303349766,-0.0197570333440319,0.012070888704556,3.30592824195744,3.261193662328685,0.7721257302743612
H2-Q6,0.0008598969101507,0.0100266559492814,0.1267066554338549,0.1517588995312421,0.4119102699161897,1.5510687710589297,0.5848730010373597,0.7785847748717727,0.7721257302743612
H2-Q7,0.0069930069930069,0.1605283605283605,0.7984459984459983,-0.0033410566416496,0.1053722962087364,0.2246357437223207,1.70509409272641,1.8391611247779716,0.7721257302743612
Ier3,0.2344988344988344,0.7209013209013208,1.0,-0.3254592311367326,-0.1003611806308062,0.2029244881087681,1.5648682341798898,1.4546182595479498,0.7721257302743612
Tubb5,0.031199774449795,0.461920478323797,1.0,-0.1205993494730461,0.3511857152219119,1.457637986972768,0.5024497754563247,0.6341800963144089,0.7721257302743612
Ppp1r18,0.1182122887796561,0.5244497218060842,1.0,-28.913732032133545,-1.0573555741424103,1.0526583423769824,0.3355292805740522,0.123518163657654,0.7721257302743612
Ppp1r10,0.1832329769288219,0.7011912626598479,1.0,-1.2140182134435005,0.9865002624210576,28.91926090104852,0.2157081056153617,0.431381069995717,0.7721257302743612
H2-T23,0.0147630147630147,0.1048951048951048,0.5053613053613053,-0.2738375946541104,-0.1741309044135882,-0.079446100360733,1.52097850772127,1.3517622231337474,0.7721257302743612
H2-T22,0.0104118104118104,0.3822843822843822,1.0,-0.1396535752420774,0.1645785366115114,0.507348147473452,0.5638950441160621,0.6330242123570853,0.7721257302743612
H2-M3,0.0219109698020534,0.2172187573017174,0.9492133243491852,-29.127494782069338,-1.792406090606539,27.09768391309858,0.480340739564247,0.1433167912247765,0.7721257302743612
H2-M2,0.0104118104118104,0.1048951048951048,0.4418026418026417,0.1776666848017475,0.5248067801556491,0.8962819308438753,1.2860923926503625,1.853820867975564,0.7721257302743612
Gm26917,0.0262942089944858,0.1776874391005868,0.7791362111653477,-29.29452669049009,-3.164115670353409,-0.0626590555343378,0.5206525539610558,0.062276386637268,0.7721257302743612
Gm42418,0.0649572649572649,0.3822843822843822,0.959129759129759,-0.1159827525013776,-0.0675861245526644,0.0052530891244404,3.274555796238765,3.117615017454325,0.7721257302743612
AY036118,0.2344988344988344,0.5737373737373737,0.960151515151514,-0.1276271566922182,-0.0607245316169616,0.0078356822999022,1.77113643526487,1.69890890402796,0.7721257302743612
Cd2ap,0.0098572108477122,0.1119097370670114,0.6314395816467896,-29.323456463431043,-1.3250347415288837,-0.1418970193934238,0.6316491163889145,0.2516459856565557,0.7721257302743612
Pla2g7,0.1048951048951048,0.5737373737373737,1.0,-0.0618892690416775,0.0471849161000471,0.1501817951261423,1.8300135376607976,1.8864894937521528,0.7721257302743612
Nfkbie,0.1948717948717948,0.7209013209013208,1.0,-0.1700370259127148,0.0942723559082234,0.304830212953897,0.7691799262764576,0.8272572230531477,0.7721257302743612
Hsp90ab1,0.2344988344988344,0.7209013209013208,1.0,-0.0490166573679148,0.0052243015752271,0.0666857398894755,2.413193198369237,2.421772776359166,0.7721257302743612
Vegfa,0.0177903286236667,0.1025458809789091,0.4295368450634365,0.1565987875310138,0.7004591975195379,3.0694680393606477,0.5995715926359948,0.9539691173210082,0.7721257302743612
Cnpy3,0.1782588513308433,0.7011912626598479,1.0,-28.41885420318604,-0.2237347883823732,28.03672024409765,0.1891138244606487,0.120856403386026,0.7721257302743612
Tomm6,0.1303807303807303,0.5737373737373737,0.959129759129759,0.0075581562763504,0.1385124209521486,0.2613645258575264,0.99813449394576,1.0987163579705823,0.7721257302743612
Micos13,0.023845234869951,0.2687359373937462,0.9580911282267016,-0.0723742612992188,0.2382565815460452,1.1722843758127606,0.6201440546228443,0.7345400644261814,0.7721257302743612
Rpl36,0.0069930069930069,0.0649572649572649,0.3282051282051281,0.0516409853723898,0.1003346074539202,0.1419455124042948,2.58447501144068,2.7691736582420177,0.7721257302743612
Ndufa11,0.2069347835833251,0.7123816042098661,1.0,-0.236834732088134,-0.0356875102999427,0.196986067823268,0.676271854469111,0.656735586952012,0.7721257302743612
C3,0.1048951048951048,0.6453768453768453,1.0,-0.2585678407597505,-0.0528486076033334,0.2501640687676835,1.0342831552123868,0.9897430746218828,0.7721257302743612
Adgre1,0.1303807303807303,0.3822843822843822,0.8784770784770783,-0.5338339858297411,-0.2906975283197518,-0.0457450628913624,1.71196710058238,1.3923473948328624,0.7721257302743612
Man2a1,0.2267790958291536,0.7129894874507409,1.0,-0.3000664629812002,-0.064095593437994,0.4238314214369253,0.6267174127278088,0.5982793827397362,0.7721257302743612
Vapa,0.0829836829836829,0.5737373737373737,1.0,-0.183055715361227,0.0840326049955577,0.3125543360770687,0.8161496497541605,0.863816596456249,0.7721257302743612
Ndufv2,0.1776874391005868,0.7090730856847203,1.0,-28.60857730731261,-0.0282411049687572,28.29161786420153,0.2666473973684272,0.262320994982147,0.7721257302743612
Tgif1,0.1605283605283605,0.7209013209013208,1.0,-0.2457025836340947,-0.0168852764731423,0.2433884087274375,0.9640825494547084,0.9590133226438518,0.7721257302743612
Myl12b,0.0006216006216006,0.0147630147630147,0.1948717948717948,0.0961390967112372,0.2406853296562451,0.3834065735364497,1.16342050527065,1.3743821409905874,0.7721257302743612
Myl12a,0.1948717948717948,0.7209013209013208,1.0,-0.1212900055154424,0.004447697468706,0.1404646210315333,1.072025823270092,1.075662956203245,0.7721257302743612
Lpin2,0.0498834498834498,0.5053613053613053,1.0,-0.1475740204341645,0.1723413743848337,0.4613235253018352,0.7772261219225463,0.873462237569175,0.7721257302743612
Emilin2,0.0658827641887259,0.1889374480029941,0.5632366271431426,0.2399472704568288,0.4999972519314269,1.1270581906145116,0.663095571240133,0.9248713653956288,0.7721257302743612
Smchd1,0.1948717948717948,0.6453768453768453,1.0,-0.1820649739251898,0.0543980078099202,0.3204748775956864,0.93282435040233,0.9668320677559776,0.7721257302743612
Birc6,0.1275273133578452,0.6355065570939342,1.0,-0.6180381068494203,-0.0673876743003994,0.4352530783789123,0.5979906180362444,0.5676778693525251,0.7721257302743612
Hnrnpll,0.0131325729425316,0.187959068257727,0.9157395749897528,-0.0169075695189399,0.8692895333175392,29.29392816419609,0.3641925519198772,0.6347182944956382,0.7721257302743612
Srsf7,0.0829836829836829,0.4418026418026417,1.0,0.0274343704842858,0.2106563281565671,0.411551883137465,0.7921272812749135,0.9207012268165168,0.7721257302743612
Cox7a2l,0.0498834498834498,0.4418026418026417,1.0,-0.2343390078381353,-0.0790262720946212,0.0989636761141946,1.354658512114614,1.2817430077544625,0.7721257302743612
Zfp36l2,0.0046620046620046,0.1948717948717948,0.959129759129759,-0.5209951407607609,-0.2871008602585361,0.0281607200689669,1.2231888990283624,1.0024083090673572,0.7721257302743612
Calm2,0.1303807303807303,0.5737373737373737,1.0,-0.2090457035924435,-0.089409922987195,0.0441509930108006,1.4665801886969851,1.3721039708466414,0.7721257302743612
Crem,0.2976405854092169,0.73646832843217,1.0,0.1704078780120198,2.395289890587468,29.28086564646905,0.108605388701089,0.5750488658035771,0.7867473755618045
Kif5b,0.1048951048951048,0.6453768453768453,1.0,-0.2485827952733812,-0.005855377414819,0.2202469743430045,0.7547893501014802,0.7490897438230555,0.7721257302743612
Mpp7,0.2626265037812578,0.7509359138372155,1.0,-0.418111803263528,0.0063293746824065,0.7820093864113558,0.6997299968402431,0.6963613469729966,0.7939431830338128
Wac,0.1550343725091923,0.7101136277070772,1.0,-0.5482715220049077,0.0769460093980715,2.538059057602005,0.4917504024496797,0.5318270227157038,0.7721257302743612
Rock1,0.1604138863551888,0.6453768453768453,1.0,-0.2090574627754088,0.0432247854479657,0.3104120551931095,0.8324247098793895,0.8611785691777785,0.7721257302743612
Snrpd1,0.1550343725091923,0.6741981971505068,1.0,-0.2149488480592825,0.0370735111552687,0.6475987648268303,0.5881096394717775,0.5980783944563426,0.7721257302743612
Riok3,0.0822168388123539,0.6314395816467896,1.0,-1.1029765177485047,0.1252020726331489,2.2846136045347647,0.429753239196738,0.4815594225572787,0.7721257302743612
Impact,0.0128897158034169,0.2202347585707377,0.95799832386793,-0.066874345164386,0.4224137879466572,2.429837759003576,0.47632850365816,0.6412911235924175,0.7721257302743612
Galnt1,0.1826944712149479,0.6339972307873878,1.0,-1.77704089846442,-0.1359643108554712,2.2417185311785386,0.5298899463751789,0.4560480508603581,0.7721257302743612
Map3k2,0.0591504362583107,0.3684845482829788,1.0,-29.043130310184992,-0.6175722794728212,1.5893705706488346,0.512909176865693,0.3058586790991822,0.7721257302743612
Reep5,0.0279409479409479,0.2344988344988344,0.959129759129759,-0.0528094233944144,0.1487389553521377,0.4403129919616937,0.951718559302037,1.0468891151922004,0.7721257302743612
Etf1,0.0147630147630147,0.1605283605283605,0.8784770784770783,-0.0278016637144801,0.1616663233780597,0.3363231035241271,0.9189380194967294,1.0292975361396532,0.7721257302743612
Hspa9,0.0399796029462569,0.2257768083327037,0.792746526993248,-0.0743393045895042,0.2558652225658454,1.3600400458504396,0.5694679291409743,0.675000535787418,0.7721257302743612
Matr3,0.1386704653016333,0.6945980769823016,1.0,-1.1479608038831437,0.5674572636459987,28.80120423752369,0.2528729554627857,0.4145823122015932,0.7721257302743612
Paip2,0.03995760576407,0.4295368450634365,1.0,-0.1997868405746563,0.2645910584094775,2.773553983510817,0.482439929640389,0.5829717318018746,0.7721257302743612
Ube2d2a,0.0498834498834498,0.4418026418026417,1.0,-0.0209610458785609,0.1347204406279575,0.2782653738060762,0.7964547050361762,0.8781130354941602,0.7721257302743612
Sra1,0.1605800667639071,0.6217687412649331,1.0,-0.402527389192692,1.5841014210040334,28.997501435954835,0.1490482579429262,0.4826016237965558,0.7721257302743612
Cd14,0.1605283605283605,0.5053613053613053,0.959129759129759,0.019301686056386,0.1012311623305045,0.1880169918411238,2.963748047619561,3.1774653628448126,0.7721257302743612
Ndufa2,0.0147630147630147,0.2344988344988344,0.959129759129759,-0.0256544242567298,0.1129707380759171,0.2173734467041651,1.2070550184811626,1.3073703761030224,0.7721257302743612
Ik,0.2344988344988344,0.7209013209013208,1.0,-0.2970766853196511,-0.0699561669207525,0.1411395293108724,0.81911208568811,0.78224702584204,0.7721257302743612
Zmat2,0.1452988325886565,0.6787937265610245,1.0,-1.0669666745401132,0.8604077497629299,28.92477110110733,0.2306817041421255,0.4282649913561962,0.7721257302743612
Diaph1,0.1605283605283605,0.7209013209013208,1.0,-0.2324079185286629,0.0149432060974067,0.8772733807753341,0.5995089428271247,0.6020706711525983,0.7721257302743612
Ndfip1,0.0281274281274281,0.2786324786324786,0.959129759129759,-0.4295791640778129,-0.1695543298302354,0.0888744160347869,0.7778909698405487,0.6945046640897043,0.7721257302743612
Fem1c,0.0099600411136154,0.1605283605283605,0.7984459984459983,-0.0025704196198454,0.2748532678053939,0.7053089156922244,0.7131833051639687,0.865780689040557,0.7721257302743612
Tmed7,0.0984722781285988,0.6217687412649331,1.0,-0.4842967495920565,0.4612109095014497,28.62823377637117,0.3594047453852919,0.5333256977193994,0.7721257302743612
Eif1a,0.1605283605283605,0.6453768453768453,1.0,-0.096370557170267,0.1321324560517506,0.3156867375191263,0.780434001630254,0.8623557129771178,0.7721257302743612
Ap3s1,0.1500043975229742,0.6217687412649331,1.0,-28.42366156702176,-0.1917241428596642,28.20447361396337,0.2512778875124997,0.226593806331133,0.7721257302743612
Tnfaip8,0.1303807303807303,0.6453768453768453,1.0,-0.3107926170797345,-0.0080258371185944,0.2777915737352587,0.7480465704403503,0.7557457841243753,0.7721257302743612
Smim3,0.4239989896164244,0.8324162344076115,1.0,-0.4217979494612319,0.4912399151364868,1.1582577247850645,0.3720280492601477,0.5513125999713465,0.8349571875040938
Rps14,0.0379176379176379,0.2786324786324786,0.7984459984459983,-0.0041317281374334,0.0492813119606075,0.0921012624214734,3.062179898423928,3.16920261302544,0.7721257302743612
Cd74,0.1303807303807303,0.5053613053613053,1.0,-0.008263326304839,0.0100668741807766,0.0286859420645556,5.58719660730892,5.6267361057850325,0.7721257302743612
Csf1r,0.0206682206682206,0.1948717948717948,0.7984459984459983,0.0212796491416112,0.0856876282860462,0.1391761690203936,2.0899891253629024,2.217281490133208,0.7721257302743612
Csnk1a1,0.0206682206682206,0.1605283605283605,0.7984459984459983,-0.0086196993441524,0.1690788646127279,0.4456975632912297,0.985801831976052,1.103913981993355,0.7721257302743612
Txnl1,0.0073620625226393,0.1048951048951048,0.6453768453768453,0.010331136757446,0.2613808301500564,1.4038338490724005,0.6005353750439948,0.7157552784574679,0.7721257302743612
Nars,0.1124914694748543,0.4239989896164244,0.8739030607634299,0.0765133368192952,1.138995504578595,29.28565207300125,0.2724891363199275,0.6155457206703352,0.7721257302743612
Malt1,0.0104118104118104,0.1048951048951048,0.3822843822843822,0.1952459747248026,0.4203562222827129,0.8174108771385199,1.5140867179497302,2.0075306187262703,0.7721257302743612
Sec11c,0.1718517022196694,0.6741981971505068,1.0,-0.2761569007030786,-0.040434768303165,0.1933172755999646,0.6997618483341828,0.6789345041802093,0.7721257302743612
Tubb6,0.023845234869951,0.2202347585707377,0.792746526993248,0.0328962829075995,0.455847660065574,1.8635789729618988,0.5323114868391693,0.7248726980971743,0.7721257302743612
Tcf4,0.0050512239326032,0.0513398264234592,0.3148402731431644,-29.19914564532664,-0.8148550754544663,-0.1528806899489461,0.6419198699294024,0.3666433520834672,0.7721257302743612
Rpl17,0.3822843822843822,0.7984459984459983,1.0,-0.0196128755106792,0.0272530836421775,0.0796594629022018,3.003403580428357,3.063290496335448,0.8028438038229958
BC031181,0.1832329769288219,0.6025243523612969,1.0,-28.445168505042183,-0.7324981502722703,27.5738345743134,0.2431160754194735,0.1673687226115482,0.7721257302743612
Ier3ip1,0.1303807303807303,0.7129894874507409,1.0,-0.2384862340345505,0.0499441154238602,0.297458827787072,0.6630687869115102,0.686391963784296,0.7721257302743612
Atp5a1,0.0147630147630147,0.1948717948717948,0.8784770784770783,-0.0062484891146406,0.1185851021785864,0.2578744593552093,1.2814189649801624,1.3888848869447474,0.7721257302743612
Gm16286,0.0925975751425982,0.5992415158356712,1.0,-0.6563110869511504,-0.1674568565692886,0.5742659615044258,0.6255000767144518,0.5478731613173448,0.7721257302743612
Cndp2,0.2202347585707377,0.7090730856847203,1.0,-1.2542987558655847,-0.1138760962512201,0.5479814512291664,0.574650221748912,0.5364739547954699,0.7721257302743612
Cyb5a,0.1048951048951048,0.2786324786324786,0.7131872832870052,-0.5611006370574528,-0.3625295177650427,-0.119607731368329,0.9200459208258196,0.7183746549917658,0.7721257302743612
Tcirg1,0.0404103027947572,0.2786324786324786,0.8784770784770783,-0.1304174899719455,0.1775842138357301,1.8484762002277533,0.6401601755209312,0.7023957658996487,0.7721257302743612
Ndufs8,0.0567389362798848,0.483357294887874,1.0,-0.2746172976981242,0.6490871409002734,28.857091546350837,0.325081843533784,0.4931735053417585,0.7721257302743612
Unc93b1,0.3282051282051281,0.7984459984459983,1.0,-0.111047377069415,-0.0131128174411278,0.0709578098374891,2.01358428644301,1.9923723368502475,0.8028438038229958
Cdk2ap2,0.3684845482829788,0.7913911161280311,1.0,-0.3096747261325644,-0.1075855464841014,0.4133238832674548,0.6638929572636529,0.6100439248871721,0.8028438038229958
Tmem134,0.0658678363072091,0.4589281861225893,1.0,-0.0386505574167831,0.3216994169793652,1.0688173904937048,0.4926636722241799,0.6173274416964458,0.7721257302743612
Ppp1ca,0.0006216006216006,0.0649572649572649,0.6453768453768453,0.0313611251356717,0.1675567914721071,0.3076936009414541,0.9948202286754246,1.117872800002675,0.7721257302743612
Pold4,0.1303807303807303,0.6453768453768453,1.0,-0.362827008063958,-0.0581024054656029,0.2880760859074201,0.6499432970651342,0.6235011797104004,0.7721257302743612
Grk2,0.3180689668505534,0.7922976624962125,1.0,-0.4177980442268018,-0.0764345895056644,0.4489878873807308,0.6499437468999028,0.6130099946266496,0.8028438038229958
Sf3b2,0.1409191416789937,0.7123816042098661,1.0,-0.2510783922965005,-0.033834260530231,0.1906265943920458,0.6865341344047959,0.6711619828973625,0.7721257302743612
Drap1,0.1604138863551888,0.6741981971505068,1.0,-0.1452090980305129,0.0482691508143135,0.2825420463557087,0.6462264096661128,0.6686245510650906,0.7721257302743612
Cfl1,0.0495843045843046,0.5737373737373737,1.0,-0.0368765593568923,0.0168273304654809,0.0609727430163396,2.2493407436333137,2.27517763744167,0.7721257302743612
Malat1,0.0825330225330225,0.6453768453768453,1.0,-0.0464657077012183,-0.0083215641039558,0.0270161374928761,5.162087801659204,5.133013571347775,0.7721257302743612
Neat1,0.0046620046620046,0.1048951048951048,0.6453768453768453,-0.4439105242025801,-0.2607625328220866,-0.0465506299667825,1.3553810723777324,1.1305538125482064,0.7721257302743612
Fau,0.2786324786324786,0.7984459984459983,1.0,-0.0430078096914349,-0.0051315585999652,0.0323969884258417,3.7972510854093873,3.7825912600932026,0.8028438038229958
Ehd1,0.1605283605283605,0.7209013209013208,1.0,-0.15714998499897,-0.0294923804037497,0.1244977784668923,1.3753386119898852,1.3527316011971664,0.7721257302743612
Sf1,0.0926516686095554,0.672143970444527,1.0,-0.3351785948480567,-0.053383646528311,0.6295190955756155,0.6451600776804465,0.6164579702491275,0.7721257302743612
Prdx5,0.0029526029526029,0.0649572649572649,0.4418026418026417,0.0189670623050162,0.1015805762355052,0.2031204265089168,2.093030799377895,2.241618171810055,0.7721257302743612
Trmt112,0.1119097370670114,0.6314395816467896,1.0,-28.879699847743336,-1.1031683444620994,26.87964428904447,0.364085061523647,0.1335839382077722,0.7721257302743612
Ppp1r14b,0.0355562316423979,0.461920478323797,1.0,-0.4648101194556213,-0.1274626645355092,0.3509733924137582,0.5583621427155918,0.5089991722816313,0.7721257302743612
Fkbp2,0.1048951048951048,0.6453768453768453,1.0,-0.3064434047922525,-0.0948587761217215,0.20406653911976,0.686209593422832,0.6444940301762647,0.7721257302743612
Fermt3,0.1605283605283605,0.6453768453768453,1.0,-0.1361394024106952,0.0343150383979252,0.220676521763885,0.9417000077903132,0.959491388893834,0.7721257302743612
Cox8a,0.0046620046620046,0.1048951048951048,0.7209013209013208,0.0018181521038952,0.0456825557263681,0.0830963327828027,2.3923635432269403,2.470014488920554,0.7721257302743612
Rtn3,0.0737879306323439,0.4418026418026417,1.0,-0.5695773454579516,-0.119461329688704,0.0764651140601623,0.66049494532702,0.6069166262391059,0.7721257302743612
Plaat3,0.0591504362583107,0.3056410254213622,0.9570017810351952,-28.962297779762736,-0.9570624527649896,0.5348832896170628,0.4984721063542544,0.234500624178195,0.7721257302743612
Slc3a2,0.1303807303807303,0.6453768453768453,1.0,-0.096641928227247,0.0447819133925531,0.1330171475298623,1.31411983775539,1.3653066427962577,0.7721257302743612
Hnrnpul2,0.0133130027638166,0.0926516686095554,0.6460460235035367,-2.084554968250259,-0.441906309774375,-0.0541691643364896,0.6351550622160227,0.4879979358734559,0.7721257302743612
Ubxn1,0.1303807303807303,0.6453768453768453,1.0,-0.1307323590309851,0.0504028459748637,0.2721376815848926,0.8243822360012165,0.8490450552733069,0.7721257302743612
Eef1g,0.0069930069930069,0.1605283605283605,0.7984459984459983,0.0009060614958143,0.1682182623958728,0.3641473841717257,0.972485049095421,1.09548843472072,0.7721257302743612
Ahnak,0.0983439098548344,0.5244497218060842,1.0,-27.5384274431301,1.1874978111360246,29.270488986175582,0.194936287843031,0.434810236122311,0.7721257302743612
Fth1,0.0069930069930069,0.0281274281274281,0.1948717948717948,0.0258628834558576,0.046001227408506,0.0692286509663944,5.128340060356195,5.291146896355908,0.7721257302743612
Tmem258,0.2786324786324786,0.7525377274994569,1.0,-0.2207640363911034,-0.0116592638211997,0.1678770016934842,0.8260103992200817,0.8260689378480242,0.794614065733681
Slc15a3,0.0147630147630147,0.1303807303807303,0.5737373737373737,0.0374576908975972,0.1586558082527526,0.3970794168996329,1.64127478127274,1.820681401009784,0.7721257302743612
AW112010,0.1948717948717948,0.7209013209013208,1.0,-0.1465286650719378,-0.0498684278733984,0.0483835656087291,2.505099972569868,2.416845009693445,0.7721257302743612
Ms4a7,0.1604138863551888,0.5737373737373737,1.0,-0.3340817040398905,-0.1555486270246881,0.0022411769995158,2.235951907078568,2.009254490407534,0.7721257302743612
Ms4a6c,0.1605283605283605,0.5053613053613053,0.959129759129759,-0.1488201737684923,-0.0927681143635529,-0.0095811947087057,2.024063062785005,1.895546427006376,0.7721257302743612
Ms4a6b,0.3282051282051281,0.7984459984459983,1.0,-0.2455254684475689,0.0083159489949026,0.3228022889910282,1.008344362837664,1.0179185245378113,0.8028438038229958
Ms4a6d,0.1948717948717948,0.6453768453768453,1.0,-0.2744243827681515,-0.0810162174412827,0.1371371074201833,1.2052332493249476,1.1305477628915712,0.7721257302743612
Mpeg1,0.0069930069930069,0.1948717948717948,0.959129759129759,-0.0229448139375297,0.044539272059882,0.1155297217105561,2.1131468457600424,2.1769667041661176,0.7721257302743612
Zfp91,0.1297435897435897,0.6935938423006238,1.0,-0.1615312318709796,0.0448337843597772,0.2580958208818598,0.8439674660279778,0.8698654106422928,0.7721257302743612
Gnaq,0.1025458809789091,0.4305578876446536,1.0,-0.4972471882063592,-0.1843462105727798,0.077256875614879,0.6378732526082072,0.5611878251589981,0.7721257302743612
Ostf1,0.2786324786324786,0.7984459984459983,1.0,-0.1646006624941939,-0.0252771493051096,0.1235821697868998,1.2512255015219749,1.2334318317712525,0.8028438038229958
Zfand5,0.2786324786324786,0.7984459984459983,1.0,-0.2383084881627223,-0.0171001837440955,0.1975917918795733,1.1109332952458373,1.09376493644295,0.8028438038229958
Jak2,0.2496751994882275,0.7791362111653477,1.0,-27.843233720527028,0.7184491646779191,28.560967026147235,0.1161482004570815,0.2025802490400207,0.8028438038229958
Plgrkt,0.0095379523581334,0.1859940458034531,0.957492737513927,0.0259937701182044,1.3303366651207034,29.04635563744316,0.2095644706875374,0.5179748780945785,0.7721257302743612
Cd274,0.1297435897435897,0.5737373737373737,1.0,-0.1126727589510468,0.092774806563211,0.3164830678311102,1.1753455985599588,1.2526948705164611,0.7721257302743612
Pten,0.0649572649572649,0.3822843822843822,0.959129759129759,-0.0394164311343622,0.1895681733895655,0.4067314261278862,0.6824103696713124,0.7817361584296855,0.7721257302743612
Lipa,0.3648813140419181,0.8292484591829462,1.0,-29.11505517720278,-0.1236105847053786,28.648556623303584,0.4059187449316722,0.3773374646065962,0.8322878548794017
March5,0.1446069299211384,0.6605839604359846,1.0,-28.600584261885253,-0.1879978479498771,28.37506509795528,0.1379189716094837,0.1161482004570815,0.7721257302743612
Myof,0.0822168388123539,0.5623719669710694,1.0,-0.1555049135354561,0.0961945822806586,0.7802125788717018,0.6374864818382447,0.6746522588648323,0.7721257302743612
Entpd1,0.0069930069930069,0.0518570202911714,0.2786324786324786,0.1903260245578198,0.3961801523938328,0.667964680826682,0.7500661888258877,0.9827271931169116,0.7721257302743612
Tm9sf3,0.1303807303807303,0.6453768453768453,1.0,-0.1620740431532823,0.003012135121902,0.1564748773354653,0.791009363177254,0.79402194662712,0.7721257302743612
Pik3ap1,0.3282051282051281,0.7984459984459983,1.0,-0.1831050250657343,0.0072508124229184,0.1933929561792605,0.959733664948835,0.9624610204205192,0.8028438038229958
Pgam1,0.1605283605283605,0.7209013209013208,1.0,-0.2528201931096955,-0.0239571474605707,0.1872747964351765,0.9881010824049404,0.970020079082655,0.7721257302743612
Got1,0.0072271806584611,0.0640930207850402,0.3409871533819059,0.4585189255473714,2.344459341273484,29.421578773239425,0.134208203122753,0.6422601248616691,0.7721257302743612
Ndufb8,0.0498834498834498,0.5053613053613053,1.0,-0.0772485115924387,0.051879495081743,0.1960420120969825,1.05820298667568,1.0917583600587566,0.7721257302743612
Atp5md,0.0018648018648018,0.0281274281274281,0.1948717948717948,0.1262759777964442,0.2296047197846529,0.3577093934399508,1.15801186005004,1.34907348712425,0.7721257302743612
Sfr1,0.2496751994882275,0.7058654396235203,1.0,-26.724521068372976,-0.0153679779198675,2.12443238520869,0.2935503408212763,0.3441938101304276,0.7721257302743612
Mxi1,0.1782588513308433,0.7011912626598479,1.0,-0.6670125463438793,1.242381525436567,29.08407037540452,0.1663845162364695,0.5267557070093858,0.7721257302743612
Dusp5,0.0311904703243524,0.1550343725091923,0.6362542681663956,0.2130427692765189,0.8126618812274159,1.97665659958946,0.6562327331428265,1.1551350380211065,0.7721257302743612
Acsl5,0.0591504362583107,0.4001604954956691,0.8663732920582183,-29.12201488571026,-1.3856892849287608,0.8592302296327283,0.2966210353677706,0.138609212163163,0.7721257302743612
Eif3a,0.0104118104118104,0.2786324786324786,0.959129759129759,-0.0620093096299817,0.0603273300428113,0.2105912000246642,1.3810215290750776,1.4419475525936298,0.7721257302743612
Csf2ra,0.1048951048951048,0.3822843822843822,0.959129759129759,-0.0021671148581239,0.1894656416817439,0.3926183368909919,1.0151907737412738,1.1583416710355623,0.7721257302743612
Rbm3,0.0104118104118104,0.0379176379176379,0.1948717948717948,0.3010198147511917,0.5705758038156781,0.727998730251702,1.1804617131144286,1.759106711811695,0.7721257302743612
Cybb,0.1605283605283605,0.6453768453768453,1.0,-0.0326763366245289,0.0219932573800472,0.1031927643315712,2.355182623253924,2.3926724618731474,0.7721257302743612
Atp6ap2,0.1048951048951048,0.6453768453768453,1.0,-0.1426851501383199,-0.0037700726598239,0.160333647476367,1.057158404160462,1.0494921264354304,0.7721257302743612
Usp9x,0.0456414828589801,0.4935627897033893,1.0,-0.3169063860509332,-0.1050344875714255,0.2053248336621222,0.6495741446622773,0.6039377679760588,0.7721257302743612
Ddx3x,0.0104118104118104,0.0829836829836829,0.4418026418026417,0.1250176700550132,0.2874555971231373,0.4611648064090987,0.8469961579254522,1.0293402269737064,0.7721257302743612
Ndufb11,0.0104118104118104,0.1605283605283605,0.7984459984459983,0.0223919349810094,0.2507264655369863,0.590442325008132,0.7523939596955039,0.9000727108579732,0.7721257302743612
Cfp,0.2344988344988344,0.5992415158356712,1.0,-0.3109189372864429,-0.1051565789001972,0.2017070100058368,0.9599739792878668,0.8924491697477756,0.7721257302743612
Slc25a5,0.0206682206682206,0.1605283605283605,0.7984459984459983,0.016943913406536,0.1103643809143867,0.2397432075468453,1.53152505931868,1.65423559418329,0.7721257302743612
Ube2a,0.0933375471780228,0.5465237317126098,1.0,-28.739761742810632,-0.1412133615657704,28.343717198118437,0.2415287629855422,0.1995326571745677,0.7721257302743612
Rpl39,0.0829836829836829,0.3282051282051281,0.7984459984459983,-0.0168859848937076,0.0319669293217282,0.0727069861586065,3.3361976456990527,3.41087852689004,0.7721257302743612
Ndufa1,0.0379176379176379,0.4418026418026417,1.0,-0.0850198814481081,0.0795503673862874,0.2691956401429128,0.9760412649973438,1.0335092668278776,0.7721257302743612
Lamp2,0.0649572649572649,0.4418026418026417,0.959129759129759,-0.1926521691365122,-0.0989322653586936,0.0101758223687243,1.45176378608569,1.3574944939332512,0.7721257302743612
Thoc2,0.1447541897224064,0.6136987693023748,1.0,-28.598762616269354,-0.7297849112281731,27.833059265320475,0.1324391942456742,0.0855183463591022,0.7721257302743612
Hprt,0.0073620625226393,0.1550343725091923,0.7509759591787715,-0.6884984454947869,-0.2716444540779144,-0.0207816073981614,0.66997042652015,0.5527065370330955,0.7721257302743612
Bcap31,0.0219109698020534,0.1454638334839635,0.7898534698691263,-29.10729145289934,-0.7918037877597877,0.0257535943417333,0.5631254227695746,0.3354431413863602,0.7721257302743612
Ssr4,0.0147630147630147,0.1948717948717948,0.8784770784770783,0.0067372662953275,0.1303101177722497,0.2611928309966791,1.3179210333907638,1.4495361843283212,0.7721257302743612
Emd,0.024610569200446,0.214946955169527,0.8729594252880423,0.0766891000563244,1.5265492964964036,29.081628518811694,0.1797401904153157,0.544528152726458,0.7721257302743612
Rpl10,0.1048951048951048,0.5053613053613053,1.0,-0.0079457579578061,0.0345659157976338,0.0793751505827456,2.9125890572294937,2.98399056320724,0.7721257302743612
Atp6ap1,0.1605283605283605,0.7129894874507409,1.0,-0.2473019234072815,0.0321523577574558,0.3026804965094726,0.7209681143809443,0.7386150162422942,0.7721257302743612
Fundc2,0.0621104744239398,0.4589281861225893,1.0,-0.1875206319731832,0.5280934139283711,29.01261406561411,0.367606739144661,0.5349514220550229,0.7721257302743612
Msn,0.2344988344988344,0.7209013209013208,1.0,-0.1507880673908469,-0.0397421911720619,0.0675868364074832,1.2787185444526852,1.24276151952688,0.7721257302743612
Il2rg,0.031199774449795,0.2344988344988344,0.7984459984459983,0.0016385317572624,0.2400899116106867,0.5208750524537071,0.6523875122272161,0.7720758235022193,0.7721257302743612
Nono,0.0752002988766929,0.4323095522662977,1.0,-29.052853323439923,-1.6172590234670174,0.994930566926637,0.3697960758895927,0.1287958201896267,0.7721257302743612
Rps4x,0.1605283605283605,0.5737373737373737,0.959129759129759,-0.0087624879990539,0.0319813468164141,0.0681603913706726,3.132662814466321,3.2045993233769003,0.7721257302743612
Xist,0.0649572649572649,0.5053613053613053,1.0,-0.0354560055440222,0.0586794306192129,0.1467287332189314,2.1783895401016875,2.274684130258845,0.7721257302743612
Rlim,0.1705610877239446,0.6945980769823016,1.0,-27.99537280840336,0.8224485586474292,28.81527173552764,0.1334525029169147,0.244205006906855,0.7721257302743612
Atrx,0.1048951048951048,0.5737373737373737,1.0,-0.3125401241602297,-0.0948050749866914,0.1447009616323119,0.8807144676065835,0.822003405061926,0.7721257302743612
Cox7b,0.1048951048951048,0.6453768453768453,1.0,-0.1829450113038351,0.0038637657809945,0.1898920645215157,1.2357680284936687,1.2424540048210864,0.7721257302743612
Pgk1,0.0281274281274281,0.336206233495071,0.959129759129759,-0.0328975006858016,0.2528564791808928,0.4649149430967176,0.6613083113709735,0.7920500400070066,0.7721257302743612
Sh3bgrl,0.0379176379176379,0.4418026418026417,0.959129759129759,-0.283391862263028,-0.137367106257273,0.0050766626730848,1.179064692561405,1.076114109149305,0.7721257302743612
Gm6377,0.187959068257727,0.7123816042098661,1.0,-0.3623859131280922,-0.024652429443833,1.0327408386687469,0.5552949540152681,0.540035286491507,0.7721257302743612
Diaph2,0.1480106940237816,0.476087344441214,1.0,-28.87370962153097,-1.8311567335466803,27.271879029490915,0.2409512883749687,0.062276386637268,0.7721257302743612
Rpl36a,0.0379176379176379,0.2786324786324786,0.8784770784770783,-0.0198421309100121,0.0483561859209782,0.1137743898237449,2.12635198530328,2.197882667090474,0.7721257302743612
Hnrnph2,0.031199774449795,0.3180689668505534,0.959129759129759,-0.102033713303492,0.1574318128526132,0.6446755257981276,0.591081687609011,0.6555290822941745,0.7721257302743612
Morf4l2,0.0375617252106905,0.3169975086812533,0.9580911282267016,-0.0483362578711676,0.5404344231553695,2.475787252888993,0.420379605151405,0.6183014775156563,0.7721257302743612
Huwe1,0.1859940458034531,0.7090730856847203,1.0,-0.6610532903911757,0.0886171541672092,1.21889996326344,0.4749215830768414,0.52344092785268,0.7721257302743612
Sat1,0.0206682206682206,0.1948717948717948,0.8784770784770783,-0.2197723323399644,-0.0872413659585243,0.0460644075841889,1.7057104140957975,1.604348655548925,0.7721257302743612
Tmsb4x,0.1948717948717948,0.5737373737373737,1.0,-0.0097946848461505,0.0171172892848067,0.0412084670927795,5.433768112424612,5.497057766006622,0.7721257302743612
Gm47283,0.0658827641887259,0.3282051282051281,0.792746526993248,0.2465884572898484,0.5966602977292282,1.3089743344650278,0.661411657663785,1.0156552708122422,0.7721257302743612
mt-Nd1,0.0001554001554001,0.0046620046620046,0.0379176379176379,0.0792513993416949,0.117386796298648,0.1652244912670663,2.894150419786139,3.140583257790156,0.7721257302743612
mt-Nd2,0.0281274281274281,0.1303807303807303,0.6453768453768453,0.0163268709025514,0.062889161024454,0.0972923689523484,2.5547397222526427,2.667157870986194,0.7721257302743612
mt-Co1,0.0104118104118104,0.1303807303807303,0.5053613053613053,0.0133019821748772,0.0333904677848025,0.0489630387192362,4.170384337059256,4.268814571873539,0.7721257302743612
mt-Co2,0.0006216006216006,0.0379176379176379,0.2344988344988344,0.0141197517892104,0.0335580671220911,0.0558655355284548,4.18562902272836,4.285813857631037,0.7721257302743612
mt-Atp8,0.3169975086812533,0.7922976624962125,1.0,-0.3259920571658997,-0.0872733771112801,0.2358253273401621,0.7043868808116033,0.6611426041862509,0.8028438038229958
mt-Atp6,0.0003108003108003,0.0206682206682206,0.1048951048951048,0.0363572141590863,0.0560914350828743,0.0802289804268018,4.163741150855823,4.32588425024025,0.7721257302743612
mt-Co3,0.0003108003108003,0.0206682206682206,0.1303807303807303,0.0208828290450371,0.0430464769391809,0.079669021598985,4.027874071604256,4.151347726734297,0.7721257302743612
mt-Nd3,0.0649572649572649,0.3282051282051281,0.7984459984459983,0.0044617937133632,0.1114920215289141,0.2356144776788008,1.50959685615438,1.6306719648985837,0.7721257302743612
mt-Nd4l,0.0379176379176379,0.3282051282051281,0.959129759129759,-0.0483988402544745,0.0915561978028348,0.2897212603315104,1.2456330201624195,1.3254857866673413,0.7721257302743612
mt-Nd4,0.0281274281274281,0.1948717948717948,0.7209013209013208,0.005558534385547,0.0497439782857081,0.0963926594590311,2.8725586385992896,2.974265160059264,0.7721257302743612
mt-Nd5,0.0206682206682206,0.2344988344988344,0.7984459984459983,0.0311077212964779,0.0997401634508521,0.1809481140027016,1.58439165281644,1.6970726593233425,0.7721257302743612
mt-Cytb,0.0104118104118104,0.1605283605283605,0.6472649572649555,0.0204045431376129,0.0571030477418404,0.0965275088742939,3.118554009223603,3.24383133055984,0.7721257302743612
AC149090.1,0.0641270276279999,0.3684845482829788,0.956284952863831,-2.414537795764532,-0.4920805441565896,0.5291457583289698,0.5892445251171767,0.3976323305031277,0.7721257302743612
