gene,pval_lower,pval_median,pval_upper,log2fc_lower,log2fc_median,log2fc_upper,median_Salmonella_infNonTLSwk3_median,median_IL10_KOnonTLS_median,FDR_BH
Tcea1,0.0001720247930818,0.0017888776467873,0.0298677932975399,-29.26725193128988,-28.700591716808184,0.0,0.4362535880205249,0.0,0.015103363283548733
Tram1,0.0043495700900777,0.0978412151825437,0.6993022710519221,-28.626020522825847,-26.79139157343469,0.0,0.1161482004570815,0.0,0.16511054089787933
Rpl7,0.1349368897356513,0.5713582599031516,1.0,-0.0083129019698483,0.0214965501846127,0.0636675036378279,2.529916066534052,2.565993246955282,0.6566085399521933
Eloc,0.015050925640298,0.1060951416416458,0.5116328864705768,-29.327146880214727,-1.3675145687582424,-0.1212467701081737,0.6018961051782086,0.2410593227305895,0.177643114127085
Lmbrd1,0.0032593368359413,0.060676213535144,0.6993022710519221,-29.08858129317777,-27.743768920275865,0.0,0.2247535891581705,0.0,0.11333740608731749
Phf3,0.0027786850681888,0.0480139728942661,0.1513756600246135,-28.894703147756413,-26.752752288847915,0.0,0.1130830449570816,0.0,0.09405334517166845
Dst,0.0001720247930818,0.0007335473709934,0.009501095540355,-29.63149186556766,-29.215375760976872,-27.999626669037205,0.6233104929306162,0.0,0.008403295832266164
Ptpn18,0.0015241724220052,0.0029848376597602,0.0473446058585377,-0.5116371827895791,-0.423917402026751,-0.3243422757375642,1.6936312534989,1.26346832824087,0.01575089260689785
Neurl3,0.0006698549598351,0.0040854564497672,0.0346624028784926,-29.797175808448305,-29.49602041658161,-1.4012946141818188,0.7779121204439361,0.0,0.019614143453152353
Cox5b,0.1813447646264983,0.6238787012780821,1.0,-0.2056523336271,-0.0843445666920855,0.0479559938342849,1.306616883713585,1.2275787468755024,0.6856226164622518
Eif5b,0.0003016591251885,0.0824958323410335,0.8506311026434865,-0.3765786591587316,-0.2331706075967608,-0.0222925812755809,1.0676163851422462,0.9095645425311012,0.14454739258206256
Rpl31,0.0252441057394617,0.2379772961816305,0.7920774787647853,-0.1378702997671947,-0.07035828076171,0.0028305265323133,1.98177909041244,1.888962423223508,0.342944988924165
Rnf149,0.113209885108326,0.6238787012780821,1.0,-0.2933516338808751,-0.0592402055810132,0.1504105604020694,0.784510501508749,0.7506830002257603,0.6856226164622518
Map4k4,0.0004763038818766,0.038707628800508,0.4726680955783123,0.1698472127196806,0.4755782683385445,0.7570196192772963,0.7770816067040403,1.08535483464814,0.07907540420871273
Il1r2,0.0027978174746771,0.0313842213899098,0.1933680647293799,2.0608491074338198,29.632518364555764,29.763647195341903,0.0,0.8396562287964983,0.06698530592239087
Tpp2,0.0007335473709934,0.009501095540355,0.0298677932975399,-29.10238727678289,-27.982897743867312,0.0,0.2652721057502077,0.0,0.025859005270075664
Stat1,0.0007205978134571,0.0045475302289993,0.0301271852138698,-1.2646467024956396,-1.017743332853999,-0.7982686545064764,1.4343015899983151,0.7080466972309526,0.021547198205467886
Gls,0.0978804477256489,0.343145193299992,0.910105580693816,0.0869275714328139,0.2662604905212443,0.4307135743164262,0.724566072064817,0.8711505286561266,0.4566858822595482
Nab1,0.0102224535836243,0.0959961730355479,0.6198274870882445,-28.78120696371404,-26.43396795790907,0.0,0.0906603215289297,0.0,0.16511054089787933
Stk17b,0.0040811106100138,0.0320726224833987,0.1345471852401349,-29.47516795228228,-29.29656948533651,-2.3016549805742854,0.6613083113709735,0.0,0.06813550081567095
Sf3b1,0.0073033261887751,0.3053901722632373,0.9699293482575216,-0.2032326947384981,-0.0765517936365831,0.0558479337477958,1.3506324020360974,1.2793202074461587,0.4178051487501583
Coq10b,0.0020527232777102,0.0127264932339823,0.0784585157148273,-29.26253371788678,-29.019851019875908,-28.18757038793041,0.5443091385770831,0.0,0.03300136497637244
Hspd1,0.0209005866866838,0.1737771549010672,0.8276618833231979,-29.15573841042553,-28.832598311505908,-26.79139157343469,0.486218355681241,0.0,0.2688347439067792
Hspe1,0.1344451059776137,0.6238787012780821,1.0,-0.1868023570433883,-0.0473879571212549,0.1004795161345532,1.0483018551888426,1.0161670071249411,0.6856226164622518
Bzw1,0.0010637453361911,0.038707628800508,0.4726680955783123,0.0724188408766652,0.2230748600422504,0.3627809374638978,0.8146999920064009,0.9500955222159652,0.07907540420871273
Clk1,0.0108378913446471,0.122681892061482,0.7358064902039397,-0.425324447529483,-0.2151677857764177,-0.0061354155297758,0.7486200687608515,0.6452064251221206,0.2005909888268134
Ndufb3,0.0208004792731061,0.1403112941755949,0.5500677299187197,-29.39036719720437,-1.526498025413043,-0.226357246161776,0.6203651964407435,0.228737573464762,0.22231324452275553
Cflar,0.2379772961816305,0.4726680955783123,0.7920774787647853,0.1084472481247878,0.2535557780807316,0.4449043919922706,0.8447819032250168,1.0028077453956368,0.5858093703902911
Sumo1,0.1323070956882162,0.6158964889935725,1.0,-0.1608746588480826,0.0394652017784865,0.3065823199094222,0.6864962574946275,0.7038448063922524,0.6856226164622518
Fam117b,0.1629905926979724,0.6564077338807045,1.0,-28.97569761813348,-1.9851447387456955,1.003691258679539,0.3675609014430172,0.10838537715752,0.717266813267363
Nrp2,0.15135041160973,0.6324656723597698,1.0,-29.279314749738287,-1.4902111965487124,0.8606664309697297,0.5353574880576982,0.1467957147829092,0.6946376619970773
Eef1b2,0.0040684289910296,0.2702706993728666,0.9699293482575216,-0.1197095774971639,-0.0639549788104705,0.0101753530985736,2.228191870808809,2.133596788291444,0.37717036689659866
Rpl37a,0.343145193299992,0.7920774787647853,1.0,-0.0455645187144485,-0.0065068147075826,0.0292335023471434,3.3573516731764426,3.3367424546160427,0.7955939159624091
Arpc2,0.2379772961816305,0.7344923394458999,1.0,-0.0437581272197311,0.0017286750940247,0.0340880869529139,2.10269148645506,2.1060673337657727,0.7498201547642859
Aamp,0.0027786850681888,0.009501095540355,0.088567502575371,-28.724888674215418,-26.72177866725089,0.0,0.1106768811737992,0.0,0.025859005270075664
Tmbim1,0.0785410702493339,0.3646530466961222,0.9075217374946134,0.1359154044219865,1.137889192289344,29.416621173029394,0.3266961973292119,0.7158018970675858,0.48141649490881194
Slc11a1,0.025205396979626,0.2799063505905702,0.9384797984036732,-0.2809373384805228,-0.1309135630941661,0.0698949662797512,1.0537261741843456,0.9621943637454512,0.39001577718932406
Dock10,0.0085680166882523,0.0815766989182437,0.3755800555101831,-29.28377022565288,-28.789638743841763,-27.12540431656389,0.4640286817879345,0.0,0.14454739258206256
Pid1,0.0001720247930818,0.0007335473709934,0.009501095540355,-29.35290174305669,-29.05227627942049,-27.2241254665763,0.5566812601115158,0.0,0.008403295832266164
Trip12,0.0208842993590189,0.1991048209933474,0.7035921884209926,-28.882299844295726,-27.0097694293584,0.0,0.1351296870554182,0.0,0.2995675195328003
Sp110,0.0007335473709934,0.0027786850681888,0.0298677932975399,-29.053985679495604,-27.857070056018745,0.0,0.2431160754194735,0.0,0.015103363283548733
Sp140,0.0007335473709934,0.009501095540355,0.088567502575371,-29.04975155650644,-27.785357080854865,0.0,0.2313267837594124,0.0,0.025859005270075664
Itm2c,0.0473446058585377,0.2379772961816305,0.4268635389378423,-0.435402953019925,-0.3088716077687676,-0.19948629952286,1.191503009982205,0.9617204602301628,0.342944988924165
Ncl,0.1152655394141462,0.6238787012780821,1.0,-0.1022348275417347,0.0177975928212391,0.1355404506156079,1.53948626323531,1.562269822054959,0.6856226164622518
Ptma,1.5876796062554575e-05,0.0004763038818766,0.0096288798920377,0.0305543235183542,0.0654092658883694,0.11737128752053,2.774863676831895,2.9035159225734226,0.008403295832266164
Eif4e2,0.0057606676070176,0.0263812634735321,0.1991048209933474,-28.983505687189428,-28.02281153891643,0.0,0.2727136239087134,0.0,0.0592432839790237
Inpp5d,0.1629460407254464,0.6689706667452711,1.0,-1.11977023665018,-0.0115414731486985,0.843603550624177,0.5428734831823598,0.5581337232420333,0.717266813267363
Arl4c,1.5876796062554575e-05,1.5876796062554575e-05,0.0015241724220052,0.3293547389596277,0.435618046870728,0.6127906116899153,1.591329666760775,2.1534784839456678,0.007037632866909919
Lrrfip1,0.0095014686036357,0.1568627450980392,0.8506311026434865,-0.0192722981997192,0.2233931826709616,0.4568512574393606,0.7309708796363343,0.8564873875284684,0.24421083304777733
Ube2f,0.0133949167537699,0.0959961730355479,0.441731037735325,-28.56325701173226,-27.494679596709204,0.0,0.1891138244606487,0.0,0.16511054089787933
Ndufa10,0.0027786850681888,0.009501095540355,0.0298677932975399,-28.68874546893435,-27.15120428216984,0.0,0.1490482579429262,0.0,0.025859005270075664
Cops9,0.0096380947292846,0.1318811298530948,0.7274831814757029,-0.3717809844303963,-0.2136950582335645,-0.0373937188616848,0.8366692063486932,0.7230002570723675,0.21370174130179195
Gpr35,0.0667539188091713,0.3593189318418578,0.9015911946491584,-29.277373988373323,-28.32720388486129,0.4240825256176077,0.433288584876107,0.0,0.47576244815929963
Hdlbp,0.0115088720869014,0.085410464849813,0.4386743921253033,-1.5572047442865389,-0.319506006678792,-0.0402196940165075,0.6735359599141773,0.5419541058809414,0.1492209858862563
Fam174a,3.529139494825728e-05,8.600635107884218e-05,0.0006255118296727,-29.728539753060662,-29.59364222521434,-29.45481596767598,0.8101659568727307,0.0,0.007037632866909919
St8sia4,0.0027786850681888,0.037650276439806,0.3519631185845171,-29.034716068771093,-27.494679596709204,0.0,0.1891138244606487,0.0,0.07832988546672283
Vps4b,0.2939626650378599,0.7843493017003418,1.0,-0.0711497198226425,0.1275421844165398,0.3328257180164405,0.6349900537434432,0.6904091143003299,0.7955939159624091
Ralb,0.0027786850681888,0.009501095540355,0.0298677932975399,-28.88295861986465,-27.92598923843138,0.0,0.2550118827469635,0.0,0.025859005270075664
Dbi,0.0201317774073192,0.2379772961816305,0.9699293482575216,-0.1420230829948253,-0.0726573197121699,0.0272375570879409,1.16215986274563,1.1036965621754635,0.342944988924165
Actr3,0.004096213384139,0.1349368897356513,0.6238787012780821,-0.1555766884066035,-0.0877832368066512,-0.0249967183508324,1.7106171391766876,1.6124917543157702,0.21480718594681517
Ubxn4,0.015860919266492,0.1813447646264983,0.8506311026434865,0.0256444667027506,0.2361064742115869,0.4492084987432497,0.7082661339238465,0.837387061722549,0.2751332975473277
Cxcr4,0.0123997777248551,0.0978804477256489,0.4726680955783123,0.1901024485315389,0.415598447107761,0.6474801597573087,0.9838803688991828,1.3107549243442325,0.16511054089787933
Mapkapk2,0.0010637453361911,0.0824958323410335,0.6798328967214403,-0.400917592890605,-0.2545185317642593,-0.0586697643841057,1.0383587388941125,0.8692193962053926,0.14454739258206256
Srgap2,0.0007335473709934,0.009501095540355,0.088567502575371,-28.891019241244813,-26.79139157343469,0.0,0.1161482004570815,0.0,0.025859005270075664
Rab7b,0.1894959005389581,0.6995681542011702,1.0,-0.1905684081582127,-0.0109244081404592,0.2237856047664508,1.3969154746313124,1.3878691420142175,0.7370304767777172
Nucks1,3.529139494825728e-05,0.0001720247930818,0.0077371208623235,-29.35460116731768,-29.137767137509066,-28.232671052326157,0.5906659206683931,0.0,0.007037632866909919
Snrpe,0.0054933714376438,0.2379772961816305,0.9699293482575216,-0.029040363539179,0.0894981156864594,0.2313207239788657,0.9740895137550104,1.0370420189192262,0.342944988924165
Btg2,0.0029316408379423,0.0076818062802948,0.0537837273320141,-0.9977818200017728,-0.8426181291204553,-0.6139454660537039,1.44680933818458,0.8075667670136962,0.025859005270075664
Adipor1,0.0001720247930818,0.0032593368359413,0.0333863238295691,-29.427183401824937,-29.15870362762807,-28.376334519837613,0.599300204467064,0.0,0.01661802724803874
Arl8a,0.0516126376600038,0.2870251802988596,0.7513591117305192,-28.80006485667775,-26.980754908572223,0.0,0.1324391942456742,0.0,0.39900770622025095
Ptprc,1.5876796062554575e-05,0.0004763038818766,0.0252441057394617,-0.1869414473702462,-0.1381740671568945,-0.091290834688845,2.107439796218285,1.9128418489361676,0.008403295832266164
Rgs2,3.529139494825728e-05,0.0007335473709934,0.009501095540355,-29.578884604125182,-29.24746033976952,-27.876028712320903,0.6373277940215818,0.0,0.008403295832266164
Rgs1,0.0015241724220052,0.0473446058585377,0.3837421608319441,-0.5917823113779721,-0.4118829807742759,-0.2012183989779187,2.081656413133381,1.5696499691178,0.09375682341789195
Ptgs2,0.1568627450980392,0.6784313725490196,1.0,-0.1505473597427946,0.0713072440205614,0.2638900312382043,1.8259033426953648,1.9197626884463512,0.717266813267363
Tpr,6.271334444709062e-05,0.0252441057394617,0.2379772961816305,-0.5817375561560332,-0.4268738125981781,-0.2604265019731282,1.12019659357729,0.8373937490662324,0.05697235833968289
Rgl1,0.1108917813247131,0.395707125195179,0.9034642790425516,-29.46747739228648,-29.293737148900235,-1.2087830466748988,0.663196547960393,0.0,0.5097721684009068
Arpc5,0.1813447646264983,0.7344923394458999,1.0,-0.0727412210540165,-0.0009962140371465,0.0839308467664017,1.522701216645975,1.5228366390599624,0.7498201547642859
Ncf2,0.004096213384139,0.0054933714376438,0.1349368897356513,0.1960572580106578,0.2966837085181859,0.4513243983815798,1.046483973769649,1.282623452974415,0.02437010368170411
Rnasel,0.0003293696124103,0.0057606676070176,0.0959961730355479,-29.3527447573546,-29.012387375058715,-26.992263195885617,0.5415008771107224,0.0,0.02524650936731684
Glul,0.0007335473709934,0.0007335473709934,0.0027786850681888,-29.588787895422907,-29.29739031670565,-28.6725052745492,0.6597711351276393,0.0,0.008403295832266164
Ier5,0.1568627450980392,0.6784313725490196,1.0,-0.2159945717255235,-0.0624713138172506,0.1134407354412699,1.0569905258650794,1.0140890306691994,0.717266813267363
Tor1aip1,0.0002345546750104,0.0017100293456709,0.0202047101341657,-1.8168061385299847,-0.5690112102526736,-0.3342149406602553,0.8317679093652341,0.5612464099195239,0.015103363283548733
Soat1,0.0690958164642375,0.3837421608319441,0.970681114551083,-0.3072415488809346,-0.1408798430699241,0.0823703261623735,0.9139518446006708,0.82884540462957,0.49541605642355124
Mrps14,0.0001720247930818,0.0027786850681888,0.0298677932975399,-29.044597987561776,-28.049455319984627,0.0,0.2777983188419706,0.0,0.015103363283548733
Gas5,0.0573787409700722,0.2702706993728666,0.7920774787647853,-0.4266106826421006,-0.2159316603247795,-0.0567704234690271,1.028407278387785,0.8847712529434734,0.37717036689659866
Prdx6,0.2911284248433565,0.80467369892984,1.0,-28.68033303476552,0.0036643298145817,29.09592059921004,0.2766623430742307,0.2837285783225547,0.8077977787371106
Prrc2c,0.1349368897356513,0.6784313725490196,1.0,-0.1625909557856442,-0.027799442678935,0.0958570988866088,1.1531007994046651,1.1295959073518,0.717266813267363
Mpc2,0.0077371208623235,0.0416622142499834,0.3415080702827691,-29.08148319581572,-28.144928818074558,0.0,0.296802666665594,0.0,0.08453879797362103
Creg1,0.0010637453361911,0.1349368897356513,0.8506311026434865,-0.4951421945111685,-0.3438986598085771,-0.0956296258001897,1.091113516387841,0.8630689729569891,0.21480718594681517
Tmco1,0.0027786850681888,0.009501095540355,0.088567502575371,-28.88332705673754,-26.72177866725089,0.0,0.1106768811737992,0.0,0.025859005270075664
Fcgr2b,0.1813447646264983,0.5208065412399778,0.9116011748829072,-0.0343430455563456,0.07063098049798,0.2041704962694411,1.37333406390613,1.442067898621545,0.6218072820873086
Fcgr4,0.0130238645462553,0.042065641372109,0.1295450020706858,-2.3104603186522485,-0.7303133673454657,-0.3228304193341337,0.9809127120691172,0.6196403915591315,0.08526182629733178
Fcgr3,0.004096213384139,0.0252441057394617,0.1152655394141462,-0.3629494852717522,-0.25439440296326,-0.1476863171314047,1.767573198380755,1.4829742161886912,0.05697235833968289
Fcer1g,0.0054933714376438,0.0201317774073192,0.0824958323410335,-0.0963977903734685,-0.07563403515292,-0.0559089688372593,3.2450752172662627,3.080825921948074,0.047396122152906395
Ndufs2,0.0007335473709934,0.0027786850681888,0.0298677932975399,-28.986086122921733,-28.0146891952102,0.0,0.2711825657104212,0.0,0.015103363283548733
Ufc1,0.0007335473709934,0.009501095540355,0.0298677932975399,-28.941259262226897,-27.95122741065943,0.0,0.2595122508857977,0.0,0.025859005270075664
Pfdn2,0.0046673221553265,0.0681058013499822,0.4917430513478364,-29.14137212510056,-28.72982688571541,-26.7896512507801,0.4522145729070181,0.0,0.12543974704139405
Arhgap30,0.0007335473709934,0.0027786850681888,0.009501095540355,-29.244029263840847,-28.91371983973286,-27.71320738673139,0.5057046617579397,0.0,0.015103363283548733
Cd48,0.0007335473709934,0.0007335473709934,0.009501095540355,-29.443509152095483,-28.925365452632413,-27.807449038025315,0.5098032924470645,0.0,0.008403295832266164
Cd84,0.0001720247930818,0.0017888776467873,0.0209745868814239,-29.39281927093057,-29.16728154409123,-28.910449136082335,0.6028741921262328,0.0,0.015103363283548733
Copa,0.0027786850681888,0.009501095540355,0.088567502575371,-28.75002463701868,-27.15120428216984,0.0,0.1490482579429262,0.0,0.025859005270075664
Pea15a,0.0007335473709934,0.0075721656792071,0.0574925880906693,-29.313013225708847,-29.098605410027265,-28.29174337631949,0.574848046250942,0.0,0.025859005270075664
Igsf8,0.0001720247930818,0.0007335473709934,0.0027786850681888,-29.299304438382265,-28.951954937093625,-28.20862076357298,0.5192863039571692,0.0,0.008403295832266164
Tagln2,0.004096213384139,0.0054933714376438,0.0097222837672139,0.6666423566363151,1.0590453166641796,2.026258188862883,0.6687215102141493,1.3972449105141789,0.02437010368170411
Slamf8,0.2299948384840083,0.7274683619586189,1.0,-0.3271314320460745,-0.0792616702584051,0.1652309383877569,0.6968915480302067,0.6618849353584803,0.7498201547642859
Ifi207,0.2082876875446535,0.6238787012780821,1.0,-0.0302402022420096,0.0874638811227349,0.2092869842508816,1.2338106529076511,1.30573965501956,0.6856226164622518
Ifi204,0.035546625817065,0.139432096005046,0.4426317947321485,-29.334289317944663,-29.16830567266039,-28.45973024014421,0.603302228381154,0.0,0.22137902962204672
Mndal,0.0003565717551321,0.0017888776467873,0.0043495700900777,-29.64152578494628,-29.419909481246645,-29.156191090637197,0.7182493191273123,0.0,0.015103363283548733
Ifi203,0.0007335473709934,0.0027786850681888,0.0298677932975399,-29.16204210004795,-27.995830124003135,0.0,0.2676607060396677,0.0,0.015103363283548733
Ifi202b,0.0057606676070176,0.022438890030895,0.1513756600246135,-29.152974556746127,-28.457996904024185,0.0,0.3687318764115477,0.0,0.05227077343104241
Hnrnpu,0.0095578312296578,0.1349368897356513,0.6252425180598543,-0.199464705081743,-0.110809567447945,-0.0108805431782003,1.2848708831507625,1.1915205867381848,0.21480718594681517
Acbd3,0.1345471852401349,0.5990513446131561,1.0,-29.198475400070546,-0.8963886462476205,1.370298885535577,0.4636405117422447,0.2685640780823935,0.6840901790219638
H3f3a,0.2702706993728666,0.7920774787647853,1.0,-0.0325571538494973,0.0019276268290477,0.0383732756155175,2.7283217623031,2.7315292986177324,0.7955939159624091
Sde2,0.0032593368359413,0.0130722697176655,0.0634788370139077,-29.29140036511479,-29.15317269707785,-28.568309506934806,0.5970070364773652,0.0,0.03365691065287988
Cnih4,0.0133972710618509,0.15135041160973,0.8052484035396734,-29.22976051634986,-28.588991137743903,-1.069398427938182,0.4045925898155688,0.0,0.23825212577786992
Wdr26,0.1813447646264983,0.6708558092938122,1.0,-0.2197379953309378,-0.0036869345540736,0.1718789670443486,0.706584985973718,0.7101148942892708,0.717266813267363
Srp9,0.0021592442645074,0.0978804477256489,0.910105580693816,-0.0445414642182421,0.1754724098144839,0.3579477061333654,0.8394554208595785,0.9487902816588084,0.16511054089787933
Mia3,0.0001720247930818,0.0027786850681888,0.009501095540355,-29.09854951491567,-28.518354702920195,-26.43396795790907,0.3844856995677215,0.0,0.015103363283548733
Marc2,0.0007335473709934,0.009501095540355,0.088567502575371,-28.474904406420958,-26.43396795790907,0.0,0.0906603215289297,0.0,0.025859005270075664
Eprs,0.0007335473709934,0.009501095540355,0.0379093688511672,-29.12468365018964,-27.966899459357627,0.0,0.262346709456003,0.0,0.025859005270075664
Atf3,0.0001720247930818,0.0007335473709934,0.0027786850681888,-30.2090978363111,-29.694982801016707,-29.425227368324368,0.8691215997869315,0.0,0.008403295832266164
Ppp2r5a,0.0001720247930818,0.0027786850681888,0.0298677932975399,-29.25851109173113,-28.951864915162744,-27.77331338176672,0.5192597473492648,0.0,0.015103363283548733
Fam107b,0.0007335473709934,0.0174080378282394,0.2870251802988596,-28.940048054248795,-27.842297728419283,0.0,0.2406394147360892,0.0,0.04240719847794524
Camk1d,0.0007335473709934,0.0027786850681888,0.0298677932975399,-29.294933020095318,-28.6897112952143,0.0,0.4329759314165787,0.0,0.015103363283548733
Celf2,0.0095578312296578,0.1813447646264983,0.910105580693816,-0.4179421991835818,-0.2442937284424121,0.0667082065800981,0.9174699141717128,0.7728820318669114,0.2751332975473277
Atp5c1,0.0003016591251885,0.0573787409700722,0.5713582599031516,-0.3989854405494162,-0.2152195891923992,-0.0758992107149114,1.1353963505549465,0.9818095991203152,0.10801853593650658
Rsu1,0.0027786850681888,0.009501095540355,0.0928926209113315,-28.60324183099793,-26.43396795790907,0.0,0.0906603215289297,0.0,0.025859005270075664
Vim,3.175359212510915e-05,0.0007144558228149,0.0201317774073192,0.1791321098189731,0.2943010208516687,0.3532540126458073,2.3572166848805773,2.8926574471961675,0.008403295832266164
Mrc1,0.1108684798278423,0.343421302464597,0.6701526554660717,-0.7330096221516388,-0.4308239110902772,-0.154459468437777,1.4388154016606625,1.068228538411545,0.45671752936144056
Pip4k2a,0.0007335473709934,0.0024238779803224,0.0164403505940268,-29.559129839989865,-29.317794614980425,-28.86956101866504,0.6691686480705985,0.0,0.015103363283548733
Apbb1ip,3.529139494825728e-05,0.0007335473709934,0.009501095540355,-29.227713533321356,-28.763852875921312,-26.694520459866308,0.455808590095115,0.0,0.008403295832266164
Abi1,0.0895124226007759,0.64330403310901,1.0,-0.2167233753038009,-0.0150610401824858,0.1734007665390784,0.7617596589136297,0.7569893443469364,0.7052576014096353
Acbd5,0.0027786850681888,0.009501095540355,0.088567502575371,-28.779723738030867,-26.831474712134323,0.0,0.119420452545871,0.0,0.025859005270075664
Il1rn,0.0010637453361911,0.0337983621149569,0.2379772961816305,0.2579416867282454,0.7016955515728951,1.4479618958953964,1.1465179448855212,1.866710733154304,0.071299575090993
Edf1,0.0824958323410335,0.5713582599031516,1.0,-0.1725127651091901,-0.0359986286173611,0.0969977624889971,1.082248294692716,1.05714327585207,0.6566085399521933
Notch1,0.0634788370139077,0.2542440808894587,0.6422997782082179,-0.2217639123081546,27.94636112917536,28.21998983487513,0.0,0.287627706329013,0.3632058298420839
Rpl7a,0.0473446058585377,0.343145193299992,0.9699293482575216,-0.0975255267169306,-0.0380393453330812,0.0100100922735421,2.221249024398345,2.16410514943915,0.4566858822595482
Surf4,0.0252225734369385,0.0980199619453154,0.4081284363130516,-29.156564551808337,-28.430788175856183,-26.43396795790907,0.361842887239351,0.0,0.16519192841808275
Ralgds,0.0443913162157827,0.2484670041644341,0.9048278886373488,-29.450815142090903,-1.6167896339900312,0.4156088771835261,0.5694309787060828,0.205831476156199,0.35551405338942743
Set,0.0314201794077955,0.4726680955783123,0.970681114551083,-0.3239707844374091,-0.1178348449179629,0.101091788242517,0.9688952194066064,0.8938876276806011,0.5858093703902911
Fnbp1,0.0004592558527205,0.0036211088724564,0.0392118247441357,-29.636509981089837,-29.457352948974115,-2.468916307570536,0.7416885638628542,0.0,0.018155698224781396
Swi5,6.034243330066384e-05,0.0001712003574158,0.0017902749655317,-29.43715951182832,-29.264841531756574,-29.1371185820103,0.6450525831627135,0.0,0.007037632866909919
Cdk9,0.0027786850681888,0.009501095540355,0.088567502575371,-28.29279063265428,-26.601600549271083,0.0,0.1018309261624297,0.0,0.025859005270075664
Rpl12,0.0690958164642375,0.5208065412399778,1.0,-0.0351370158773204,0.0337657916436526,0.101478464541174,2.5255612524390387,2.5852398192343564,0.6218072820873086
Hspa5,0.0004763038818766,0.0054933714376438,0.0314201794077955,0.1528046190120972,0.2640526704705961,0.4500765713815151,2.2320903613798624,2.680810501887595,0.02437010368170411
Traf1,0.0462891564011131,0.2872414592292746,0.9384422959212506,0.3708473348024148,1.390850729417291,29.596209029380585,0.3044534809617257,0.7909866521019447,0.39900770622025095
Rab14,0.0095578312296578,0.1813447646264983,0.7920774787647853,-0.2702404937775164,-0.144624685754279,-0.0123131847784358,0.9360556134310336,0.8480805513538037,0.2751332975473277
Gsn,0.0405991304587522,0.4364817611675816,1.0,-0.0601353176761055,0.176842461660589,0.4719451543388495,0.600964680462257,0.6825017121089324,0.5509288617247717
Ggta1,0.0015241724220052,0.015049240840804,0.1349368897356513,0.3609809016809017,0.5386515579795808,0.678852912156075,0.7559236790196378,1.100737263611415,0.037779647603127936
Ndufa8,0.0001217557504524,0.0004954208174452,0.0060874038647452,-29.353728690140866,-29.189792964865017,-28.96535759514374,0.6123549727064048,0.0,0.008403295832266164
Ptgs1,0.0007335473709934,0.0027786850681888,0.009501095540355,-29.369143840902662,-28.621394902650884,-26.72177866725089,0.4129508671226755,0.0,0.015103363283548733
Psmb7,0.0001720247930818,0.0007335473709934,0.009501095540355,-28.96283512903589,-28.654394205353192,-26.72177866725089,0.4225057638970612,0.0,0.008403295832266164
Rpl35,0.2702706993728666,0.7344923394458999,1.0,-0.0742932214219198,-0.0108879269077926,0.0587497836888529,2.151407513659517,2.135459411059066,0.7498201547642859
Zeb2,0.1568627450980392,0.7344923394458999,1.0,-0.1274485811613948,-0.0289876319741321,0.1083270502403866,1.835409310361324,1.7992450914571538,0.7498201547642859
Prpf40a,0.231052016598276,0.7280611426419807,1.0,-0.1586770935812184,0.0063998386649702,0.5613650741119904,0.689523586299671,0.6928724070063048,0.7498201547642859
Cytip,0.0060878386813011,0.0096401527677365,0.0226430210233521,0.5476609463294607,1.154390022485744,2.149280196101195,0.8607919260577658,1.9197646007197613,0.02600398883696433
Baz2b,0.0001720247930818,0.0007335473709934,0.009501095540355,-29.25192729736471,-28.822309183320225,-27.0097694293584,0.4746566913052457,0.0,0.008403295832266164
March7,0.0005935583603352,0.0314201794077955,0.5118010169025737,-0.5097291625216023,-0.2843422902788881,-0.0527592400073021,0.7697037608318638,0.634353808394365,0.06698530592239087
Cd302,0.0001805445970892,0.0014100895501992,0.0187008311270478,-29.9609599703842,-29.764185458887315,-1.34234751486359,0.9364934557797926,0.0,0.0141792338103364
Rbms1,1.5876796062554575e-05,0.0015241724220052,0.0576716678574261,0.2861223520155495,0.495862901126505,0.8392526743800799,0.9095918632140584,1.282292268501895,0.014390396648445412
Tank,0.1323180178891167,0.6158964889935725,1.0,-0.1206857886875368,0.1213888400838901,0.3368870837651876,0.7566608287950682,0.8215726617926693,0.6856226164622518
Ppig,0.004096213384139,0.0690958164642375,0.6238787012780821,0.0402360403253469,0.1812499390800361,0.3317380648787892,1.20870518230826,1.36725627481928,0.12543974704139405
Ssb,0.1136029476053177,0.3747677914932922,0.9392473587541448,0.0306728495429737,0.1850710745047572,0.5767003976573365,0.6822688528201877,0.7758144762960633,0.4928453203170282
Dync1i2,0.010408775719352,0.1006037656841813,0.5545116269975416,-29.29768613494059,-0.4569510717250531,0.0345375958117325,0.6554049964667472,0.5021843196616751,0.16907410945995188
Wipf1,0.0261221285241381,0.1345471852401349,0.5991845254169879,-29.379394956049747,-29.108440412941757,-1.0260065419299018,0.591862628354896,0.0,0.21480718594681517
Atp5g3,0.0314201794077955,0.2702706993728666,0.7344923394458999,0.0176224397816629,0.2022010366412261,0.3321824463235285,0.9279779431323504,1.0731943543678912,0.37717036689659866
Hnrnpa3,0.0029848376597602,0.0824958323410335,0.910105580693816,0.0026788382259791,0.1773108265271575,0.297953241413192,1.1800138015739652,1.3339619828285474,0.14454739258206256
Nfe2l2,0.0201317774073192,0.0978804477256489,0.4268635389378423,0.0639219163125404,0.1334869974939744,0.2110327499971059,1.7124050690353874,1.8803475630499848,0.16511054089787933
Itga4,0.1200552062409918,0.6587504662497987,1.0,-28.73543611456816,0.2698101803973661,29.058407405341423,0.3017995311462219,0.3080644048577142,0.717266813267363
Itprid2,0.0008074274754744,0.0046591558569937,0.0326369643904696,1.6688837352312758,29.43186522540061,29.521330242739893,0.0,0.7266577099270821,0.021829077780726007
Zc3h15,0.0012730863420067,0.0130722697176655,0.0983979471614266,-29.28886290920486,-29.006875745635057,-28.128620127514957,0.5394357157394982,0.0,0.03365691065287988
Ptprj,0.0014100895501992,0.0088116873156729,0.0761203448711755,-29.65178633934529,-29.21772230665745,-0.4046768406302033,0.7468032111274472,0.0,0.025859005270075664
Ptpmt1,0.0027786850681888,0.009501095540355,0.0298677932975399,-28.49594059203785,-26.99989762501431,0.0,0.134208203122753,0.0,0.025859005270075664
Celf1,0.0007335473709934,0.009501095540355,0.1223341709161366,-28.956816877651093,-27.87707513644576,0.0,0.2465107174568215,0.0,0.025859005270075664
Psmc3,0.0027786850681888,0.009501095540355,0.009501095540355,-28.679852497238304,-27.86752966846856,-26.72177866725089,0.2448850842965522,0.0,0.025859005270075664
Spi1,0.0029848376597602,0.038707628800508,0.1813447646264983,0.0697210037104703,0.1735990964362095,0.3005685125848387,1.4189889026489224,1.60228446006359,0.07907540420871273
Acp2,0.0001720247930818,0.0027786850681888,0.009501095540355,-29.30839608959715,-29.08835960643946,-27.151463434906017,0.5707800240610197,0.0,0.015103363283548733
Cd44,0.0004763038818766,0.0029848376597602,0.004096213384139,0.6444001292648482,0.8846012500102677,1.122998704923304,1.0651204106584644,1.972940976230984,0.01575089260689785
Caprin1,0.0067178249354394,0.1131952949438642,0.786954781707833,0.1295591544193879,0.4372466501814683,1.0318479705398138,0.5668218657535294,0.7640202164179529,0.18900690391918284
Lmo2,0.0007335473709934,0.0027786850681888,0.009501095540355,-29.30253459778208,-28.80467836492231,-28.05001887620345,0.468891329832872,0.0,0.015103363283548733
Eif3m,0.010833988856928,0.1345471852401349,0.7498482066597265,-29.27615222213525,-28.188630772200785,-0.1243805408918712,0.5843344784225964,0.0,0.21480718594681517
Nop10,0.0181755328890937,0.1879938007844447,0.8475780384387605,-1.3726238330082057,-0.1956587598261321,0.2614884213951975,0.6584382911827521,0.5777014968213177,0.2842679861485755
Spred1,0.0012730863420067,0.0262516959988351,0.258002078736204,-29.32456836902105,-28.933548419444637,-26.79139157343469,0.5127031130358375,0.0,0.0590255524942752
Thbs1,0.0001808387981124,0.0003743686170781,0.0008074274754744,3.529630909810752,31.09057393028165,31.170605684095744,0.0,2.298603831829251,0.008403295832266164
Srp14,0.0690958164642375,0.4726680955783123,0.9699293482575216,-0.2713146736457023,-0.1230569689489948,0.0824741859220803,1.0499980031466385,0.9676533368326412,0.5858093703902911
Chp1,0.016633341135281,0.0939799938364451,0.3887558059849098,-29.094671581914515,-28.486155441447767,0.0,0.375999483082367,0.0,0.16356133542689005
Rtf1,0.0007335473709934,0.009501095540355,0.0298677932975399,-29.06659879352844,-27.8976713164475,0.0,0.2500595237643122,0.0,0.025859005270075664
Ehd4,0.0007335473709934,0.0027786850681888,0.0027786850681888,-29.53204391802185,-29.2602675991619,-28.47833942364704,0.6430107414249803,0.0,0.015103363283548733
Zfp106,3.529139494825728e-05,0.0007335473709934,0.0292545655864068,-29.372312054472214,-29.08564342589486,-28.001595409096325,0.5697064201136682,0.0,0.008403295832266164
Snap23,0.0004954208174452,0.0079084084763313,0.0959961730355479,-29.2744824122691,-28.901479646922407,-26.991751133553123,0.5014322839752077,0.0,0.025859005270075664
Pdia3,0.004096213384139,0.038707628800508,0.3837421608319441,-0.1927229774771487,-0.1257578267405308,-0.0507490086774948,1.6353009780888212,1.49942674234216,0.07907540420871273
Serf2,0.0821608319441137,0.343145193299992,0.910105580693816,-0.0640926415940352,-0.0294016229121402,0.0030409077702498,2.3333483992385875,2.28631715785542,0.4566858822595482
B2m,0.0015241724220052,0.0252441057394617,0.1568627450980392,-0.0936129495710785,-0.0670452373842042,-0.0478068536124072,3.758510888298251,3.58699728224756,0.05697235833968289
Gatm,0.0022988170023958,0.015049240840804,0.0490556423358853,-0.5442997889220051,-0.428460470288836,-0.3378915743961894,1.6108912678461575,1.200138167562565,0.037779647603127936
Eid1,0.0001720247930818,0.0001720247930818,0.0007335473709934,-29.620251028103358,-29.379819472253985,-29.07280322776112,0.698565169220389,0.0,0.007037632866909919
Secisbp2l,0.0027786850681888,0.009501095540355,0.088567502575371,-28.83145149954064,-26.694520459866308,0.0,0.108605388701089,0.0,0.025859005270075664
Usp8,0.0001720247930818,0.0027786850681888,0.009501095540355,-29.128728312545423,-28.746338376487817,-26.67913461123288,0.4503084700390197,0.0,0.015103363283548733
Sppl2a,0.0095014686036357,0.1568627450980392,0.910105580693816,-0.3323533126298563,-0.1750357664294025,0.0363159181546799,0.9572714766615752,0.8500781804999984,0.24421083304777733
Dusp2,0.1514414012898421,0.615497508592667,1.0,-0.2743225141478731,0.0633447255556977,0.6838875239745195,0.7307720661939953,0.7607596016137695,0.6856226164622518
Bcl2l11,0.0252441057394617,0.211799218447295,0.7871838474924749,0.0152920255195286,0.2302486018370295,0.6660264179453702,0.674969057606063,0.8000669065627951,0.31396935740344306
Il1b,0.0123997777248551,0.1152655394141462,0.5713582599031516,0.0448932271295645,0.1450933938180306,0.2603344045898086,3.23192218998963,3.579622378562328,0.18983678465842097
Sirpa,1.5876796062554575e-05,0.0054933714376438,0.0690958164642375,-0.5956709586978585,-0.5148122181430996,-0.4131006646833882,1.4940128749259038,1.0449109668030665,0.02437010368170411
Snrpb,0.004096213384139,0.0690958164642375,0.3837421608319441,0.1149757755840884,0.2999273077618384,0.4981809845260385,0.7025194094570998,0.8653418597784084,0.12543974704139405
Ddrgk1,0.0001720247930818,0.0004954208174452,0.0043495700900777,-29.28922606779971,-29.155199133240924,-28.55790260985266,0.5978461928239118,0.0,0.008403295832266164
Smox,0.0002345546750104,0.0013600451325973,0.0097222837672139,0.5673235452800537,1.1830669348025888,2.854145132277045,0.503310695757544,1.1371234836440165,0.013829672415736589
Pcna,0.0167851008185547,0.107951344335968,0.395707125195179,-29.28776726591897,-29.02845765065477,-28.426055481607552,0.5475660078816915,0.0,0.1805840418189483
Snrpb2,0.0007335473709934,0.009501095540355,0.088567502575371,-28.98123460259376,-27.421337802739348,0.0,0.1797401904153157,0.0,0.025859005270075664
Dstn,0.0209992968843078,0.1387749168664838,0.5264792305547628,-29.139100610754184,-28.755188820502383,-27.497987323746315,0.4532965456444985,0.0,0.22072284668570796
Rrbp1,1.5876796062554575e-05,6.35071842502183e-05,0.0015241724220052,-0.3929192425117856,-0.2883644118907318,-0.2019491180003842,1.6332903331556925,1.337752681203835,0.007037632866909919
Snx5,0.004096213384139,0.038707628800508,0.2082876875446535,-0.7202294667773862,-0.5454796690642032,-0.3115672493212144,1.2391833481448495,0.848206224151204,0.07907540420871273
Xrn2,0.0001720247930818,0.0027786850681888,0.0298677932975399,-29.22652333275382,-28.598531578178296,0.0,0.40645814979103,0.0,0.015103363283548733
Cd93,0.3747677914932922,0.7870583697675441,1.0,-0.1402374015946292,0.0424453621513563,0.2751158319596922,0.9223586145912596,0.9473504666036744,0.7955939159624091
Cst3,0.0314201794077955,0.1568627450980392,0.4738715567198528,-0.1464443554843964,-0.0932973521654265,-0.0370479437741658,2.8685366545165976,2.688069667100521,0.24421083304777733
Abhd12,0.0007335473709934,0.0007335473709934,0.0027786850681888,-29.55127688192064,-29.361526847986823,-28.906782548331847,0.6897636451281437,0.0,0.008403295832266164
Fkbp1a,0.0022725832923102,0.0278317489826975,0.2968939270753236,0.2215367838409986,0.4854892941974499,2.346147149204007,0.558515742429732,0.7766765836278504,0.06203875081118532
Csnk2a1,0.0007335473709934,0.0027786850681888,0.009501095540355,-29.217701952300903,-29.057280593427222,-28.12275611565786,0.5586155878431268,0.0,0.015103363283548733
H13,0.0007335473709934,0.009501095540355,0.088567502575371,-28.56329688263613,-26.676869544246244,0.0,0.1072847316352172,0.0,0.025859005270075664
Hck,0.0004592558527205,0.0027171818924305,0.0209734342700645,-29.476627595450864,-29.330375596273853,-29.14722183428281,0.6750296467545869,0.0,0.015103363283548733
Mapre1,0.0201317774073192,0.2379772961816305,0.910105580693816,-0.0117293577752861,0.1331181539484738,0.3246410466054911,0.793891981417955,0.8710965099849461,0.342944988924165
Chmp4b,0.0001111375724378,0.0095578312296578,0.1574747955862501,0.1952854685957034,0.3236566015471183,0.4966363554692123,0.8059469177914915,1.008145131459251,0.025859005270075664
Raly,0.0012730863420067,0.0328859991554654,0.2870251802988596,-29.147908046688123,-28.57156235727721,0.0,0.3989322118404272,0.0,0.06969983427563509
Eif2s2,0.0252441057394617,0.343145193299992,0.9699293482575216,-0.0209349002695743,0.1369359635841556,0.3881521237012895,0.9668953751889652,1.0662320502263314,0.4566858822595482
Dynlrb1,0.0007335473709934,0.009501095540355,0.088567502575371,-28.532961081131155,-26.79139157343469,0.0,0.1161482004570815,0.0,0.025859005270075664
Trpc4ap,0.0007335473709934,0.009501095540355,0.0313352860294843,-28.694181123051997,-27.08768052366533,0.0,0.1426278539162087,0.0,0.025859005270075664
Eif6,0.0226430210233521,0.0978804477256489,0.4171856441993936,0.2055163019701731,0.4801762344279803,1.3837315183921928,0.6221890743690869,0.8678014115924702,0.16511054089787933
Romo1,0.0252441057394617,0.3543584984365135,0.9699293482575216,-0.0539310337327833,0.1183194646976544,0.5959250849798671,0.6960482718646637,0.7535304622725003,0.46988196495977247
Rbm39,0.0473446058585377,0.3837421608319441,1.0,-0.0264150798403248,0.0754840867869718,0.182003738745062,1.5042944554673077,1.58652574005318,0.49541605642355124
Scand1,0.015860919266492,0.1014710712432214,0.4726680955783123,-0.4257249912645468,-0.2609578715288032,-0.0270442600058764,1.1750521035475874,0.9831837765626747,0.17037350551969455
2900097C17Rik,0.0020527232777102,0.0261221285241381,0.2232473668684829,-29.507588855112616,-29.242326609198518,-1.5744107632761997,0.6433061908323203,0.0,0.05880727938891786
Rab5if,6.034243330066384e-05,0.0004954208174452,0.0060874038647452,-29.58251015654981,-29.433991700566345,-29.19425537571258,0.725294798508774,0.0,0.008403295832266164
Samhd1,0.0015241724220052,0.0141303484956735,0.0978804477256489,-0.5546466882100856,-0.3661061069153309,-0.2506355217691288,1.287647602399154,1.0009171437928035,0.035670754221993076
Rpn2,0.0085623697104893,0.0794960921881719,0.4422340873513004,-29.322047395918865,-29.14305898786048,-2.288705747488581,0.5936894092964217,0.0,0.14345755419799716
Tgm2,0.0573787409700722,0.343145193299992,0.9699293482575216,-0.015497523322294,0.1535407640424952,0.4694698643621061,1.272217698875805,1.4157751019885825,0.4566858822595482
Mafb,0.1152655394141462,0.5208065412399778,1.0,-0.130069395902319,-0.0642115404304075,0.0612610736045429,2.40870064997203,2.3002167663370723,0.6218072820873086
Top1,0.0073033261887751,0.0573787409700722,0.343145193299992,0.0645784742644885,0.1846742443619302,0.3773522177082438,1.4866859725223824,1.6920535906798788,0.10801853593650658
Srsf6,0.1818309083777154,0.6837320643963538,1.0,-28.88457778023724,-26.49662705472954,27.89083369882616,0.1616351492076337,0.0,0.722448941364507
Oser1,0.0001720247930818,0.0027786850681888,0.009501095540355,-29.204002106683085,-28.66761121377008,-26.980754908572223,0.4263937972265925,0.0,0.015103363283548733
Serinc3,0.1152655394141462,0.6238787012780821,1.0,-0.3107860058782135,-0.0741019905590127,0.1973662456572137,0.9739709562188258,0.9256390105708384,0.6856226164622518
Ywhab,0.0978804477256489,0.6238787012780821,1.0,-0.1489026662952751,-0.0191331994644535,0.1380589741736749,1.071403170022542,1.0595610705198748,0.6856226164622518
Sdc4,0.0001111375724378,0.0095578312296578,0.1354850361197105,0.1318182490025436,0.3532143715127249,0.5511128718114723,1.276189030446545,1.6281431159840565,0.025859005270075664
Sys1,0.0009361006688602,0.0127264932339823,0.0980199619453154,-29.35737364578246,-29.095577930360697,-27.86610973226748,0.5736431454049504,0.0,0.03300136497637244
Ctsa,0.004096213384139,0.015860919266492,0.1152655394141462,-0.366826442367913,-0.2745125272961756,-0.1661663543640066,1.5457697434228923,1.276754211041365,0.03938033452997328
Pltp,0.0013047195219101,0.0094129018442965,0.0261221285241381,-30.031586191532583,-29.78837550017869,-2.188022107460836,0.9415445446115108,0.0,0.025859005270075664
B4galt5,0.0019453844438525,0.0088116873156729,0.0258795734445141,0.8303654907543355,1.910645235402732,29.84732245113132,0.2485873947027557,0.9520839726848518,0.025859005270075664
Tmem189,0.0001111375724378,0.0073033261887751,0.1152655394141462,0.2823729554756851,0.488665831631941,0.7247923405069435,0.6750898627248832,0.947777493595019,0.025859005270075664
Cebpb,1.5876796062554575e-05,6.35071842502183e-05,0.0054933714376438,0.1128670169301156,0.1632226064618309,0.2118601810558146,2.8426993669143026,3.1822793946891954,0.007037632866909919
Ptpn1,6.35071842502183e-05,0.0015241724220052,0.0201317774073192,-0.3856031014702936,-0.2643290634902456,-0.1621011629285154,1.240172929198555,1.0329924308850411,0.014390396648445412
Dpm1,0.0027786850681888,0.009501095540355,0.0298677932975399,-28.903022147705183,-27.730989103072726,0.0,0.2227714478768152,0.0,0.025859005270075664
Pmepa1,0.0007335473709934,0.0174080378282394,0.1895443459628006,-29.121533215189952,-28.014907127138446,0.0,0.2712235333452705,0.0,0.04240719847794524
Gnas,0.0201317774073192,0.4726680955783123,0.970681114551083,-0.0556429239278161,0.048394288185929,0.1578192007563643,1.3374927479758325,1.3831318572405988,0.5858093703902911
Ctsz,0.0978804477256489,0.5208065412399778,1.0,-0.0199948843675054,0.0263339986706545,0.0834303181680702,2.460178452486164,2.505300273508944,0.6218072820873086
Atp5e,0.2702706993728666,0.7920774787647853,1.0,-0.0708965136374918,-0.0104625634788048,0.0821630645645131,1.9648711305186124,1.9517697847002724,0.7955939159624091
Psma7,0.0573787409700722,0.5713582599031516,1.0,-0.1555308181589901,0.0042765345329334,0.1536628856069812,1.0895618532035034,1.0896147809341088,0.6566085399521933
Rps21,0.0824958323410335,0.6238787012780821,1.0,-0.0476729490176132,-0.0133378127516593,0.0176015539936068,3.146026603233186,3.117067271230571,0.6856226164622518
Dnajc5,0.0007335473709934,0.009501095540355,0.0298677932975399,-28.8917454739539,-27.67677915013521,0.0,0.2145560205363852,0.0,0.025859005270075664
Gm8797,0.009501095540355,0.009501095540355,0.0298677932975399,-28.29130380216992,-27.04965193081109,0.0,0.1389173852627705,0.0,0.025859005270075664
Tpd52,0.0001905215527506,0.0201317774073192,0.3053901722632373,0.0676246467788277,0.1585242546375923,0.2203714885364413,1.502417933882895,1.678699290335325,0.047396122152906395
Fabp5,0.0451489060553276,0.2164552034529163,0.715864503000013,-29.422111477297147,-29.01080590939457,-0.5271861102563823,0.5558632777620343,0.0,0.32060877107183183
Ythdf3,0.0027786850681888,0.009501095540355,0.0298677932975399,-28.65461092484907,-27.49593901381288,0.0,0.1892789856124037,0.0,0.025859005270075664
Cp,0.0007335473709934,0.0027786850681888,0.009501095540355,-30.08212539013874,-29.36352967769072,-27.309945950117548,0.6907219716794972,0.0,0.015103363283548733
Nceh1,0.2166433052467157,0.661093198618893,1.0,-29.18207561808324,-0.8097306135249229,1.059661876268588,0.542768930415142,0.2979489546167629,0.717266813267363
Rpl22l1,0.015860919266492,0.3053901722632373,0.9699293482575216,-0.1431327293329645,-0.0487732664866325,0.0336203502034696,1.7061710644564465,1.6502961982514712,0.4178051487501583
Sec62,0.038707628800508,0.2469822236945287,0.8506311026434865,-0.252626226257454,-0.1002295253940688,0.0412496170068317,0.8003327619391626,0.7423176905621898,0.35366916525877923
Skil,0.0003016591251885,0.1152655394141462,0.910105580693816,-0.3420261360417508,-0.1868890512794231,0.0281599895109779,1.1185033395755402,0.9833191636662152,0.18983678465842097
Ndufb5,0.0073033261887751,0.1349368897356513,0.6238787012780821,-0.3906671555077831,-0.2477477705804743,-0.0967282239936258,0.9609635402773752,0.8101088285425405,0.21480718594681517
Fxr1,0.0007335473709934,0.0102224535836243,0.0480139728942661,-29.222940061085247,-28.63485059484524,-26.980754908572223,0.4168203877317815,0.0,0.027090250346061467
Dnajc19,0.0001720247930818,0.0027786850681888,0.009501095540355,-29.05912859662872,-28.76922861156132,-26.991751133553123,0.4575160668129262,0.0,0.015103363283548733
Anxa5,1.5876796062554575e-05,0.0001905215527506,0.0054933714376438,0.1959494878461251,0.2918982963911146,0.4205387428150644,1.47204253487442,1.800997963798869,0.007037632866909919
4932438A13Rik,0.0007335473709934,0.009501095540355,0.0298677932975399,-28.88475026908985,-27.64281891077952,0.0,0.2095644706875374,0.0,0.025859005270075664
Slc7a11,0.1393927218975006,0.5421509813369536,1.0,-26.831474712134323,28.01689874349661,29.20829857147799,0.0,0.2839415015511612,0.6443160053971675
Ndufc1,0.0473446058585377,0.3330233645922859,0.9691140344788748,-0.3576650140139557,-0.180053526671738,0.045166148821017,0.7941020454782316,0.6998003319507577,0.45389479662051013
Rnf13,3.529139494825728e-05,0.0007335473709934,0.009501095540355,-29.16162226211847,-28.991796017975503,-28.0067079761734,0.5338266225620872,0.0,0.008403295832266164
Serp1,0.2379772961816305,0.7344923394458999,1.0,-0.1577026859495139,-0.0189138974466516,0.1397491524339193,1.0823121490680203,1.0742859601084764,0.7498201547642859
Selenot,0.0001720247930818,0.0007335473709934,0.0298677932975399,-29.088152189322276,-28.622865882235565,-26.55928615155001,0.41337460966785,0.0,0.008403295832266164
Mbnl1,0.0201317774073192,0.0978804477256489,0.5208065412399778,-0.2564933992002387,-0.168726925248431,-0.0431598434431773,1.1417664532994,1.0141356567722577,0.16511054089787933
Ssr3,0.0001905215527506,0.0095578312296578,0.2082876875446535,0.1837599640119208,0.3294737555762267,0.573957427278922,0.6899229453019728,0.8644268422120802,0.025859005270075664
Tiparp,1.5876796062554575e-05,0.0001905215527506,0.004096213384139,0.3506313729254502,0.4817533521458187,0.6640793177951847,1.147388388036094,1.60180964561174,0.007037632866909919
Ccnl1,0.004096213384139,0.1568627450980392,0.910105580693816,-0.2970736271644822,-0.1453911451003751,0.0302443204860415,1.1872865830781525,1.0697946017328774,0.24421083304777733
Mfsd1,0.0158023845678657,0.1647559752760604,0.8506311026434865,-0.3270347760864937,-0.1666579111538449,0.0049917098794816,0.8379622040292017,0.748099704537061,0.25597280278941575
Kpna4,0.0001720247930818,0.0007335473709934,0.0102224535836243,-29.249957675839777,-28.83341980900381,-27.5691107602906,0.4783262765010795,0.0,0.008403295832266164
Pdcd10,0.1879938007844447,0.615497508592667,1.0,0.005782644028295,0.207100025107402,1.3101311459941236,0.6035660860809731,0.7004999119206725,0.6856226164622518
Rapgef2,0.0201629911921204,0.1055784182012198,0.4392125759501381,0.1371228342975973,0.3241184689021564,1.4437146075851568,0.6611804327097228,0.8255859787036501,0.1771055949436588
Tlr2,0.00315340827298,0.0136230507097753,0.0573225174744465,-29.84290027931756,-29.63325692293087,-29.2518550669831,0.832720396845837,0.0,0.034534624348309936
Rps3a1,0.0002988806858775,0.0029848376597602,0.0054933714376438,0.1550521763304314,0.209529260169344,0.26192478228327,2.7017575376282226,3.12353665797799,0.01575089260689785
Etv3,0.1813447646264983,0.6784313725490196,1.0,-0.1407564313885342,0.0468787180652581,0.2589693969206154,1.1229383347948114,1.1602800028906874,0.717266813267363
Hdgf,0.2477657271612335,0.7498482066597265,1.0,-28.540317949578192,0.1886952919749442,2.269779028859229,0.4046891409139512,0.5304590388068504,0.7646339459459747
Glmp,0.0027786850681888,0.0027786850681888,0.009501095540355,-29.138988571633263,-28.42948971879451,-26.72109721206628,0.361517367242699,0.0,0.015103363283548733
Sema4a,0.0027786850681888,0.009501095540355,0.0298677932975399,-28.88871378598942,-26.694520459866308,0.0,0.108605388701089,0.0,0.025859005270075664
Lmna,0.0001111375724378,0.0004763038818766,0.0029848376597602,0.6786273743393862,0.8715234764506071,1.1406174673031844,0.8531116981714403,1.5592924900349088,0.008403295832266164
Lamtor2,0.0583492399385958,0.2630889109848705,0.7868234305012446,-0.3345345574919713,-0.122447087941195,0.0432055574755358,0.7407182648313952,0.6817877129045318,0.37260636062802477
Arhgef2,0.0007335473709934,0.009501095540355,0.088567502575371,-29.003564724452247,-27.23412254926736,0.0,0.1578657038168457,0.0,0.025859005270075664
Ash1l,0.0007335473709934,0.009501095540355,0.088567502575371,-28.8339034954022,-26.676869544246244,0.0,0.1072847316352172,0.0,0.025859005270075664
Krtcap2,0.0008069537006686,0.0067255636975068,0.0506205147565935,-29.50630195105431,-29.300100456389035,-0.4668489766416722,0.6792368503043149,0.0,0.025859005270075664
Dpm3,0.0007335473709934,0.0027786850681888,0.0298677932975399,-29.085987227601308,-28.02893211638632,0.0,0.2738730585201652,0.0,0.015103363283548733
Il6ra,0.0001720247930818,0.0007335473709934,0.009501095540355,-29.195891841719195,-28.96807987899478,-26.55928615155001,0.5251229021310628,0.0,0.008403295832266164
Ubap2l,0.0301271852138698,0.1996030161831719,0.7274683619586189,-0.5399272174980004,-0.2479110124167017,-0.0177147966500974,0.7337316379638397,0.6220592729179153,0.29957003258005066
Tpm3,0.0001905215527506,0.0252441057394617,0.4268635389378423,0.057745111457789,0.1587033421288465,0.274602277382916,1.4501346889024775,1.619095551180425,0.05697235833968289
Rps27,0.3837421608319441,0.7920774787647853,1.0,-0.0416912037474508,0.0082599495681006,0.0430103417172534,3.106883896339597,3.1238847875367277,0.7955939159624091
S100a1,0.0027786850681888,0.009501095540355,0.088567502575371,-28.64711744072559,-26.980754908572223,0.0,0.1324391942456742,0.0,0.025859005270075664
S100a13,0.0261221285241381,0.1272502504022597,0.5099432166060393,-29.421989952013487,-2.632910021037713,-0.2509726799890411,0.6466548702560823,0.1049530276599015,0.20749815606134242
S100a6,0.0055091537897213,0.0231027265714595,0.0803998392271052,2.086725806772177,29.890253341923795,30.009850595840536,0.0,1.0165147948768634,0.05367899241892387
S100a11,0.0057852199149455,0.0094769206997081,0.0959063034015804,0.9193734869600788,1.816724264732496,30.332627282587406,0.381555226554229,1.3640997041193588,0.025859005270075664
S100a10,0.0069870186828277,0.0130238645462553,0.0444162068920732,3.2873950200028217,29.83574917049463,29.919250789685176,0.0,0.9589941842198356,0.03365691065287988
Psmb4,0.0473446058585377,0.5713582599031516,1.0,-0.1943360194939911,0.0122417453277012,0.2154715020932032,0.9171004671947652,0.9255132875018246,0.6566085399521933
Psmd4,0.0006238547844523,0.0133972710618509,0.1346528785307935,-29.349877682497347,-29.11130634193461,-28.52920712455764,0.5799311291471393,0.0,0.0340576694128513
Cers2,0.0027786850681888,0.009501095540355,0.0298677932975399,-28.521452440789165,-26.980754908572223,0.0,0.1324391942456742,0.0,0.025859005270075664
Ctss,0.0123997777248551,0.038707628800508,0.1568627450980392,-0.1338890978741026,-0.1038407064988575,-0.0657598582683428,3.27561449441351,3.05058928808646,0.07907540420871273
Ensa,0.0007335473709934,0.009501095540355,0.088567502575371,-29.10260498577568,-27.80203980746809,0.0,0.2340172765691565,0.0,0.025859005270075664
Mcl1,0.0123997777248551,0.2702706993728666,0.910105580693816,0.0013335215193195,0.0754188349445352,0.1863361633163942,2.315111222798829,2.4395487669695064,0.37717036689659866
Mrps21,0.0003565717551321,0.0017888776467873,0.0133949167537699,-29.33589452520508,-29.162549554670317,-28.89262992993354,0.6008999463943687,0.0,0.015103363283548733
Aph1a,0.0007335473709934,0.009501095540355,0.0298677932975399,-29.059516738670265,-27.8607386483264,0.0,0.2437350757565072,0.0,0.025859005270075664
Plekho1,0.0003188669522625,0.0046531078421473,0.063706798901467,-29.37727996499849,-29.209478958195056,-28.70857029350333,0.6219384533153532,0.0,0.021829077780726007
Fcgr1,0.0011483811028681,0.0060874038647452,0.0265593042074621,-29.781307682192843,-29.499499360052518,-28.95921159931444,0.7589866968752865,0.0,0.025859005270075664
Rbm8a,0.0286888103198488,0.1403889715411655,0.4417381028168079,-28.85281890184913,-27.791662891302128,0.0,0.2323400924306529,0.0,0.22231324452275553
Tent5c,0.0007335473709934,0.0027786850681888,0.0481039395134095,-29.27579625878738,-28.604254753858136,-26.674419850500698,0.4080739507230068,0.0,0.015103363283548733
Atp1a1,6.271334444709062e-05,0.0123997777248551,0.271148686195125,0.1782589131107315,0.465200802806885,0.764906024968337,0.7666847384682183,1.0590813587124024,0.03229294630501832
Csde1,0.1152655394141462,0.6784313725490196,1.0,-0.0896011407145078,0.006706563435707,0.1266794409509013,1.2570573477150575,1.2630561551190662,0.717266813267363
Capza1,0.0689678582813591,0.4402287704455589,0.9699293482575216,-0.2063578877786788,-0.0692480298977771,0.0933920421420789,0.7609989112148192,0.7262088357531521,0.5548844529989286
Cttnbp2nl,0.0027786850681888,0.009501095540355,0.088567502575371,-28.88055576884181,-26.748652425338435,0.0,0.112757832697237,0.0,0.025859005270075664
Rap1a,0.1152655394141462,0.5208065412399778,0.9699293482575216,-0.0321255862367168,0.0721860297845233,0.2066544959261083,1.318027660617715,1.3811897228642,0.6218072820873086
Atp5f1,0.0314201794077955,0.3837421608319441,0.9699293482575216,-0.2037760973194835,-0.0925334787845621,0.0355091203342982,1.1992754107870074,1.1258130011382863,0.49541605642355124
Cd53,0.0573787409700722,0.4268635389378423,0.9699293482575216,-0.0263065253487888,0.0621257244893767,0.1642720684790227,1.4020631346696826,1.4666006476610824,0.5399182428214497
Lamtor5,0.0027786850681888,0.0292545655864068,0.1513756600246135,-28.646589682485647,-27.7352666078888,0.0,0.2234329320922987,0.0,0.06449544910036091
Psma5,0.0003180691750843,0.0051351318928053,0.0639564373212809,-29.63436669433665,-29.46042446090888,-2.7653641969565768,0.7407312566399615,0.0,0.023710685525453044
Stxbp3,0.2453774716711445,0.7567332360489443,1.0,-0.106916035397951,0.1164161147494496,1.1263087672305236,0.6116783723192313,0.6676782192100293,0.7712202461985299
Prpf38b,0.0123997777248551,0.0978804477256489,0.7344923394458999,-0.3714222911505374,-0.2042688972710117,-0.0141859435439156,0.9140212841395948,0.7925677260960557,0.16511054089787933
Vcam1,0.0022878731639293,0.0127264932339823,0.0699109621062245,-30.955967689613068,-30.57978293790873,-29.76360905771561,1.604840681796835,0.0,0.03300136497637244
1810037I17Rik,0.1568627450980392,0.6238787012780821,1.0,-0.1912871378214516,-0.0444036588162705,0.0741540809752414,0.9575362237239786,0.9288274880479456,0.6856226164622518
Snhg8,0.0007335473709934,0.0102224535836243,0.0480139728942661,-29.25537816980896,-28.994467329762603,-27.79997908257814,0.5348159781376876,0.0,0.027090250346061467
Camk2d,0.0007335473709934,0.0027786850681888,0.0103017651628779,-29.251435723270625,-28.433587340315466,-26.980754908572223,0.362557498380602,0.0,0.015103363283548733
Ostc,0.0022819944167739,0.0333863238295691,0.3314499666551759,-29.326925455553365,-29.030871452462844,-27.864907903711725,0.548482918314064,0.0,0.07059491370504682
Rpl34,0.3053901722632373,0.7920774787647853,1.0,-0.0356613769145194,0.009186068841501,0.0563316659343682,3.0546454866711987,3.07115092536204,0.7955939159624091
Aimp1,0.0027786850681888,0.009501095540355,0.0298677932975399,-28.89529296893549,-27.64088837013824,0.0,0.2092842297845422,0.0,0.025859005270075664
Tet2,0.0017888776467873,0.0102224535836243,0.0634824145505806,-29.260819361098463,-28.52796109766797,-26.601600549271083,0.387054396051291,0.0,0.027090250346061467
Cisd2,0.1403650496527625,0.5681936364839564,1.0,-28.803051216722157,-26.991751133553123,26.606195827588856,0.1334525029169147,0.0,0.6566085399521933
Ube2d3,0.0029848376597602,0.0314201794077955,0.2379772961816305,0.058135572689839,0.1316221648335996,0.2119193073311692,1.5205210409341725,1.6619789030028849,0.06698530592239087
Nfkb1,0.0054933714376438,0.0201317774073192,0.0824958323410335,0.2626032394146725,0.3596155821767565,0.5564038506274115,1.2776119331624298,1.637623485219145,0.047396122152906395
Ppp3ca,0.0017888776467873,0.0102029298672555,0.0553942414206647,-29.578520358946683,-29.336563747393967,-28.787198040651365,0.6779312552640515,0.0,0.027090250346061467
H2afz,0.0473446058585377,0.343145193299992,0.9699293482575216,0.0278612277539508,0.1628965228660283,0.3268898514227554,2.097742190424737,2.34440902765479,0.4566858822595482
Dnajb14,0.0001720247930818,0.0027786850681888,0.0298677932975399,-29.17366428909314,-28.651612711043335,0.0,0.4216915020154758,0.0,0.015103363283548733
Eif4e,0.0001905215527506,0.0021592442645074,0.015860919266492,0.5073877584606983,0.7503574837276505,1.0267188069178284,0.8662706387440717,1.450564804508116,0.015103363283548733
Gbp7,8.600635107884218e-05,0.0004954208174452,0.0024238779803224,-30.15886787910492,-29.868993732819767,-29.565090226327563,0.9805348941118636,0.0,0.008403295832266164
Gbp3,0.0027786850681888,0.009501095540355,0.0298677932975399,-28.705276152125386,-28.243193059138022,0.0,0.3177227279795025,0.0,0.025859005270075664
Gbp2b,0.0001720247930818,0.0007335473709934,0.0027786850681888,-29.794094555082573,-29.51064916046739,-29.13622179230736,0.7648752149431439,0.0,0.008403295832266164
Lmo4,0.0167715029972043,0.1147275126605767,0.509590923973197,-29.447145699142133,-29.195924409867185,-28.088893391500484,0.6168893421769903,0.0,0.18983678465842097
Selenof,0.0573787409700722,0.343145193299992,1.0,-0.2542568029234816,-0.137723328913226,0.025701282650843,1.0498398057944407,0.9525496802336028,0.4566858822595482
Sh3glb1,0.0095578312296578,0.2702706993728666,0.9699293482575216,-0.0217763489879194,0.0504568178102318,0.1191408072061804,1.655139097961963,1.71421828092774,0.37717036689659866
Bcl10,0.0966610330578377,0.5622453293122838,1.0,-0.0932161781259497,0.1958287196179872,1.3523689174489,0.6057834755733376,0.691208544700727,0.6566085399521933
Gng5,0.2082876875446535,0.7344923394458999,1.0,-0.0592823839852774,-0.017693825451238,0.0291156792540871,2.0631885242775576,2.037633440920515,0.7498201547642859
Fubp1,0.0032593368359413,0.037650276439806,0.2049892224528732,-29.10728445274394,-28.157982616680552,-26.43396795790907,0.299500384003993,0.0,0.07832988546672283
Srsf11,0.0573787409700722,0.3837421608319441,0.9699293482575216,-0.0307275955447724,0.2317916642985142,0.4551864426891235,0.747009776857934,0.8757056902742206,0.49541605642355124
Wls,0.0007335473709934,0.0027786850681888,0.0298677932975399,-29.14944743253741,-28.393370555683365,0.0,0.35257881519483,0.0,0.015103363283548733
Lyn,0.1349368897356513,0.6784313725490196,1.0,-0.0821742494603126,0.0070048434863878,0.1196478842136774,1.5578664568748049,1.5671888572533663,0.717266813267363
Rps20,0.0029848376597602,0.0824958323410335,0.5713582599031516,-0.0643787652705671,-0.0327481496490007,-0.0046727746658752,3.46610571790194,3.3880209783677,0.14454739258206256
Sdcbp,0.2379772961816305,0.7344923394458999,1.0,-0.0760271840642319,-0.0198961459552069,0.0639453494657535,1.9008697397454148,1.8771195989421023,0.7498201547642859
Rab2a,0.0003016591251885,0.0573787409700722,0.6798328967214403,0.0255443188371066,0.2152992406504946,0.4113962329575923,0.7304590529707475,0.8482122442054777,0.10801853593650658
Pnrc1,0.0385254425656902,0.4268635389378423,0.9699293482575216,-0.219971513801702,-0.0764051359771773,0.0473445686600146,1.3902498479213865,1.3138302076003887,0.5399182428214497
Ndufb6,0.0027786850681888,0.009501095540355,0.088567502575371,-28.56854600010376,-26.674419850500698,0.0,0.1071027169142727,0.0,0.025859005270075664
Dnaja1,0.0002462939704825,0.0054933714376438,0.0252441057394617,0.4774116386405388,0.6853847191236164,1.175621001858562,0.6799621293108871,1.0926759056522275,0.02437010368170411
Bag1,0.0055091537897213,0.0534444192530722,0.3481170935585413,-29.40316674931042,-1.4743633476524352,-0.2060761331857354,0.6537269993071467,0.239293061896786,0.10345925010487775
Dctn3,0.0001712003574158,0.0032593368359413,0.0333863238295691,-29.210504465330985,-29.0610343239662,-28.41583008072873,0.5600709353993727,0.0,0.01661802724803874
Vcp,0.0473446058585377,0.6238787012780821,1.0,-0.1153874220299543,0.0335098889618705,0.2244257449377603,0.8606250379912244,0.8796976820715035,0.6856226164622518
Cd72,0.0001720247930818,0.0007335473709934,0.0007335473709934,-30.02098920841764,-29.754066425861357,-29.352626479097086,0.9054541981495564,0.0,0.008403295832266164
Tln1,0.0073033261887751,0.1152655394141462,0.4726680955783123,-0.3316985421536837,-0.223213551768883,-0.089738338096928,1.4801982762557802,1.268946704468474,0.18983678465842097
Clta,0.0123997777248551,0.343145193299992,0.9699293482575216,-0.1736136764358063,-0.0681120169898022,0.0393405642381341,1.7467424168653125,1.6640904300007635,0.4566858822595482
Anp32b,0.0167076850903374,0.2630889109848705,0.9108149361365616,-0.2942130233981399,-0.1535570000417397,0.0542078285935723,0.8364211796752872,0.7449994050257887,0.37260636062802477
Tgfbr1,0.00315340827298,0.0434205798404524,0.3522675423008745,-29.55975812773198,-29.09489109793018,-1.2005234207803115,0.5883751672237112,0.0,0.08781145196784229
Sec61b,0.0314201794077955,0.0978804477256489,0.4268635389378423,0.0582861143126482,0.1779790008917644,0.3052212352004579,1.2907090161152086,1.4622934209731913,0.16511054089787933
Nr4a3,0.0027698148909922,0.0416622142499834,0.4080870011060801,-29.184430679553845,-28.208661548741222,0.0,0.3102081918540582,0.0,0.08453879797362103
Abca1,0.0095578312296578,0.0473446058585377,0.2702706993728666,0.231341285938942,0.4058678258957686,0.6179095131894929,1.140952666533127,1.5115511785125475,0.09375682341789195
Rad23b,0.0007335473709934,0.009501095540355,0.088567502575371,-28.965482954707845,-27.04784361711582,0.0,0.138743371464747,0.0,0.025859005270075664
Klf4,0.0002869558651326,0.0013981399053915,0.0107501831253363,-30.30314236731603,-29.95880079610607,-2.176544616647732,1.061001112500766,0.0,0.014137615803120753
Txn1,0.2379772961816305,0.6784313725490196,1.0,-0.0896443067374383,-0.0241038155344713,0.0712946571791005,1.6167681565365313,1.5848038045453063,0.717266813267363
Gng10,0.0177390308677953,0.1318811298530948,0.5882629608687542,-1.490713105198382,-0.3821412464332581,-0.1288303576154041,0.7379202313322843,0.5692527937181187,0.21370174130179195
Ugcg,0.1914582510091332,0.5264792305547628,1.0,-29.07597124592147,-28.131415727315392,0.0,0.2947795127161055,0.0,0.6281657266342258
Ptbp3,6.35071842502183e-05,0.004096213384139,0.0690958164642375,0.1947788152805679,0.3164527823115011,0.4812431425474082,1.0857463749284624,1.346558887444529,0.019614143453152353
Slc31a2,0.0027786850681888,0.009501095540355,0.088567502575371,-28.752830942324184,-27.421337802739348,0.0,0.1797401904153157,0.0,0.025859005270075664
Atp6v1g1,0.0690958164642375,0.4726680955783123,0.9699293482575216,-0.0885805762752017,0.0011583596969462,0.111629570911469,1.44587253259405,1.4461436394779712,0.5858093703902911
Plin2,0.27368209801914,0.6083787677123833,0.9697698106146188,0.0438670578855289,0.4430122393308271,1.015739982867251,0.5643666182725728,0.7687539567247279,0.6856226164622518
Rps6,0.0824958323410335,0.3837421608319441,0.7344923394458999,0.0193149010103916,0.0764504067182813,0.1269748629938075,2.314620260808778,2.4422117313506213,0.49541605642355124
Jun,0.0006834348667358,0.0032593368359413,0.037650276439806,-29.866636436102823,-29.13935164151197,-26.694520459866308,0.5913150021670546,0.0,0.01661802724803874
Jak1,0.0978804477256489,0.6784313725490196,1.0,-0.120883108494744,-0.0015231675425849,0.138820477894604,0.9041084803800532,0.904889756563316,0.717266813267363
Leprot,0.0007335473709934,0.0027786850681888,0.0027786850681888,-29.252541547418264,-28.987139095978137,-28.478774964134985,0.5321062444590953,0.0,0.015103363283548733
Pde4b,1.5876796062554575e-05,6.35071842502183e-05,0.0054933714376438,0.2302114348647997,0.355679461475496,0.4901842138080151,1.12676841960438,1.4416930785255189,0.007037632866909919
Mier1,0.0009361006688602,0.0102224535836243,0.0978412151825437,-29.295363011275345,-28.90592998923244,0.0,0.5029818305158605,0.0,0.027090250346061467
Tmem59,0.0004452140236486,0.0184394950081998,0.2632684556945702,-0.5388118880571343,-0.3313592258428593,-0.1370894708314951,0.8131030205666208,0.6496731024894242,0.04473925732552498
Scp2,0.0073033261887751,0.1152655394141462,0.7920774787647853,-0.2657103470648343,-0.1267555013817467,-0.0175584130920253,1.10855025262371,1.01705488353327,0.18983678465842097
Tut4,0.0027786850681888,0.0759886785541828,0.5098433838583576,-28.869615622570127,-26.79139157343469,0.0,0.1161482004570815,0.0,0.13740210607699385
Nrd1,0.0006834348667358,0.0133949167537699,0.1403889715411655,-29.123971234707152,-28.556630174669344,-26.67913461123288,0.394822834850719,0.0,0.0340576694128513
Osbpl9,0.0007335473709934,0.009501095540355,0.088567502575371,-28.901479646922407,-27.80811879923901,0.0,0.2350054205736622,0.0,0.025859005270075664
Cmpk1,0.0314201794077955,0.5208065412399778,1.0,-0.1400660501701534,0.0164991199672858,0.2694495793337259,0.8809381266317158,0.892658292364574,0.6218072820873086
Uqcrh,0.0314201794077955,0.2379772961816305,0.7920774787647853,0.0030386079352522,0.0663781164840426,0.1549249683301049,1.6770651580779226,1.7537428124115424,0.342944988924165
Akr1a1,1.5876796062554575e-05,0.0123997777248551,0.3053901722632373,-0.3055526816238081,-0.2464812057906521,-0.1419624200231236,1.4942734962581974,1.2597172704705448,0.03229294630501832
Prdx1,0.0473446058585377,0.3837421608319441,1.0,-0.2194444427865605,-0.1100377109342432,0.0300699829544288,1.66018563850558,1.5365551931299537,0.49541605642355124
Rps8,0.343145193299992,0.7344923394458999,1.0,-0.0569475674223767,-0.0207442982202289,0.0265789946152982,3.389441582027517,3.3401225403726214,0.7498201547642859
Atp6v0b,0.1563145987139795,0.6238787012780821,1.0,-0.0699466329862766,-0.001223490235233,0.0776208109618385,1.6017811364032777,1.6012852490998326,0.6856226164622518
Slc2a1,0.0007335473709934,0.009501095540355,0.088567502575371,-29.034459021030376,-26.991751133553123,0.0,0.1334525029169147,0.0,0.025859005270075664
Svbp,0.0004954208174452,0.0027171818924305,0.016633341135281,-29.51885618135118,-29.399562749987325,-29.23223742003093,0.7081907444493453,0.0,0.015103363283548733
Ybx1,0.0688028895768834,0.5713582599031516,1.0,-0.081964181491845,-0.0243517353621546,0.0661338151017755,2.218329590534037,2.184945196789665,0.6566085399521933
Smap2,0.0001720247930818,0.0007335473709934,0.0077371208623235,-29.170766021074837,-28.94703313296237,-28.01194315720721,0.5175177697332864,0.0,0.008403295832266164
Ppt1,0.0022878731639293,0.0108361377218406,0.0573225174744465,-29.799107827750017,-29.52687447049598,-2.7944742104324063,0.780486427833766,0.0,0.02863271427230874
Cap1,0.0004037970002509,0.0055091537897213,0.0348159459468036,-29.797933716994343,-1.659429106426209,-0.545056411467191,0.8630869799838332,0.2723501008197835,0.024380362736908443
Macf1,0.0031156560380675,0.0084615809064038,0.0814425488288658,-1.527821047044091,-0.5396177324539497,-0.2929549464153909,0.8403559283773363,0.5807098827655823,0.025859005270075664
Ndufs5,0.0001264884392376,0.0032593368359413,0.0785364702949126,-29.569522322860717,-29.30562526001841,-28.589307690221315,0.6635478468988627,0.0,0.01661802724803874
Akirin1,0.009501095540355,0.060676213535144,0.2914741136837093,-28.26696606281184,-26.55928615155001,0.0,0.0988875895137382,0.0,0.11333740608731749
Rragc,0.2641630604693034,0.7498482066597265,1.0,-28.565657824405463,0.1791393486435205,28.134932418095403,0.3097693779782825,0.301158034129833,0.7646339459459747
Zc3h12a,0.0183547386540149,0.1318811298530948,0.5626868690234494,0.1564343411717672,0.4377071758690828,0.7196419739918105,0.6703630191576795,0.9118945493998624,0.21370174130179195
Stk40,0.0202098651191521,0.082022527544501,0.3646530466961222,1.0247645568559312,29.183520973085137,29.35103506161796,0.0,0.6316514587067084,0.14454739258206256
Thrap3,0.0007335473709934,0.0027786850681888,0.0292545655864068,-29.201337569087222,-28.660143739746783,-26.79139157343469,0.4241928378408536,0.0,0.015103363283548733
Map7d1,0.0036211088724564,0.035546625817065,0.2838788176757985,-29.343005195754447,-29.23475695080593,-28.349009282451235,0.6317405547706038,0.0,0.07481324735917168
Psmb2,0.0010374103461443,0.0201473842997198,0.1813447646264983,-0.5695125479981735,-0.3254942610613642,-0.1600011262599543,0.822864811090776,0.6557526721992577,0.047396122152906395
Sfpq,0.0001905215527506,0.0073033261887751,0.0573787409700722,0.3285662712857122,0.5462838806334581,0.7052067519598736,0.7480197317208875,1.0973718295068713,0.025859005270075664
Ak2,0.0027786850681888,0.0298677932975399,0.4198490637342591,-28.56866965873818,-26.601600549271083,0.0,0.1018309261624297,0.0,0.0652907075707092
Rnf19b,0.0007144558228149,0.0201317774073192,0.2702706993728666,-0.5728454197520666,-0.3797718219668615,-0.1287328840118755,1.0286589400225368,0.7934427755499075,0.047396122152906395
Marcksl1,3.175359212510915e-05,0.0015241724220052,0.0573787409700722,-0.8012604214463024,-0.5587465962880953,-0.2535743101011223,1.409942408578685,0.9623483299807776,0.014390396648445412
Eif3i,0.0108361377218406,0.082022527544501,0.4728549669282957,-29.31515658763333,-28.839760406986432,-2.275873410448217,0.4836080663959925,0.0,0.14454739258206256
Tmem234,0.0003565717551321,0.001636845327579,0.0100063359359423,-29.751274940030783,-29.520959337859544,-29.25801634215151,0.7703609516078909,0.0,0.015103363283548733
Khdrbs1,0.0040114305565442,0.0639564373212809,0.5319548693997629,-29.33603015518932,-0.8409067537526592,-0.0715664122743761,0.6413603670962835,0.3499407725486914,0.11889040591362564
Ptp4a2,0.0252441057394617,0.2379772961816305,0.910105580693816,-0.150667043810237,-0.0627260192530795,0.0249835802388302,1.47747352624498,1.4151819659495162,0.342944988924165
Sdc3,0.0015404776337769,0.0060874038647452,0.016633341135281,-29.682918446795743,-29.54902797798477,-29.283132597338422,0.7854956124402335,0.0,0.025859005270075664
Laptm5,0.0573787409700722,0.3053901722632373,0.8506311026434865,-0.0625104416985192,-0.0277106163632767,0.0060962232288305,2.411203745372885,2.365210786372275,0.4178051487501583
Epb41,0.009501095540355,0.0978412151825437,0.6194547807579892,-28.299965191762347,-26.55928615155001,0.0,0.0988875895137382,0.0,0.16511054089787933
Atpif1,0.0010637453361911,0.0350639041041517,0.4738715567198528,-0.2576852527480512,-0.1544889425800619,-0.0278435251069337,1.4228040520909548,1.2752263626268925,0.07388319723924863
Dnajc8,0.0030009890826976,0.0252225734369385,0.1131393705897797,-29.656769687570826,-29.35296165298282,-28.485733662787084,0.6856807307765629,0.0,0.05697235833968289
Ptafr,0.0003016591251885,0.0201317774073192,0.3053901722632373,0.1161112384542805,0.4308744232993488,0.7250543930505747,0.891378646029364,1.202396863143015,0.047396122152906395
Stx12,0.0027786850681888,0.009501095540355,0.088567502575371,-28.603711603196345,-26.72177866725089,0.0,0.1106768811737992,0.0,0.025859005270075664
Fam76a,0.0027786850681888,0.0298677932975399,0.2870251802988596,-28.555045160020324,-26.79139157343469,0.0,0.1161482004570815,0.0,0.0652907075707092
Wasf2,0.0001712003574158,0.0015404776337769,0.0102029298672555,-29.521252320675107,-29.31673648833369,-29.00645651272676,0.6686780459079414,0.0,0.014390396648445412
Nudc,0.0007335473709934,0.009501095540355,0.0298677932975399,-28.99756422157528,-27.89940812179989,0.0,0.2503564035798345,0.0,0.025859005270075664
Arid1a,0.0027786850681888,0.009501095540355,0.088567502575371,-28.72046156283948,-26.79139157343469,0.0,0.1161482004570815,0.0,0.025859005270075664
Cd52,0.1152655394141462,0.6238787012780821,1.0,-0.07044087132785,0.0174065350548201,0.1088554317979665,2.65291302812799,2.686452940673445,0.6856226164622518
Sh3bgrl3,6.35071842502183e-05,0.0003016591251885,0.0029848376597602,0.5385259576796815,0.6324475783612492,0.7376355805897172,1.5189716321115574,2.3541459041720927,0.008403295832266164
Tmem50a,0.004096213384139,0.038707628800508,0.343145193299992,-0.3337990373345615,-0.2359663253277807,-0.0945516716405657,1.0402021682574674,0.8846199576253851,0.07907540420871273
Rsrp1,0.2379772961816305,0.7344923394458999,1.0,-0.145345940601939,0.0764934289181115,0.2293187346339294,0.8213758839671155,0.8676401634217468,0.7498201547642859
Syf2,0.0027786850681888,0.0292545655864068,0.2870251802988596,-29.160887529942308,-28.054018127424907,0.0,0.278676889025463,0.0,0.06449544910036091
Runx3,1.5876796062554575e-05,1.5876796062554575e-05,0.0004452140236486,0.6162211198315386,0.9058794517700632,1.281203825653766,1.0115818720820535,1.8981096043106136,0.007037632866909919
Clic4,1.5876796062554575e-05,0.0001905215527506,0.0095578312296578,0.2124308047311287,0.3638226271030078,0.5598914456560344,1.279238581726535,1.6448904598019651,0.007037632866909919
Srrm1,0.015860919266492,0.3837421608319441,0.9699293482575216,-0.1414009940592938,0.15549034651801,0.4218990701573583,0.8091990892971698,0.8963016216498795,0.49541605642355124
Fuca1,9.016783792651294e-05,0.0001762973367313,0.0007884764832411,-30.10040556528483,-29.95000215961689,-29.75807183309284,1.0372072479422778,0.0,0.007037632866909919
Rpl11,0.3837421608319441,0.7920774787647853,1.0,-0.0410989948940779,-0.0094861949950062,0.0255989974617863,2.866643057894071,2.84884968145962,0.7955939159624091
C1qb,0.0054933714376438,0.0123997777248551,0.0978804477256489,-0.2277632641196001,-0.1981166005126383,-0.1589810180833157,3.87168436943477,3.37682908570014,0.03229294630501832
C1qc,0.004096213384139,0.0095578312296578,0.0473446058585377,-0.2838743895162465,-0.2208940106957908,-0.1608615715772535,3.423014430222892,2.9343329926878714,0.025859005270075664
C1qa,0.0029848376597602,0.0095578312296578,0.0473446058585377,-0.2614989757825172,-0.2299250866952274,-0.1920458035159405,3.935781983140708,3.3585199391970275,0.025859005270075664
Cdc42,0.0978804477256489,0.5208065412399778,1.0,-0.0303218591070587,0.0169254333852959,0.0880309398686763,2.019620373664347,2.043294239741784,0.6218072820873086
Eif4g3,0.0001720247930818,0.0007335473709934,0.009501095540355,-29.322586516064,-29.06840471376733,-27.91745404672807,0.5629395510546439,0.0,0.008403295832266164
Hp1bp3,0.0007335473709934,0.0027786850681888,0.0298677932975399,-29.23267518317222,-28.15466392690236,0.0,0.2988122229555187,0.0,0.015103363283548733
Ddost,0.0007335473709934,0.009501095540355,0.088567502575371,-28.34831174476661,-26.674419850500698,0.0,0.1071027169142727,0.0,0.025859005270075664
Micos10,0.004096213384139,0.3053901722632373,0.9699293482575216,-0.0624508370816017,0.0736059884302563,0.2687097964705591,0.9901330718527082,1.0401903492760138,0.4178051487501583
Capzb,0.0824958323410335,0.5713582599031516,1.0,-0.0884061261043852,0.0264578849066501,0.0987158923723255,1.349636492808395,1.3743225316118126,0.6566085399521933
Sdhb,0.0001720247930818,0.0009361006688602,0.0102224535836243,-29.487302070230346,-29.316044018110105,-28.77921612015756,0.668357271210454,0.0,0.010268740670527042
Atp13a2,0.0007335473709934,0.0027786850681888,0.0298677932975399,-29.16642928234929,-28.59473800017924,0.0,0.4053907688331742,0.0,0.015103363283548733
Necap2,0.0007335473709934,0.0027786850681888,0.009501095540355,-28.98607153664417,-28.524454665554728,-26.740141123434768,0.3861149552812722,0.0,0.015103363283548733
Efhd2,0.0073033261887751,0.0473446058585377,0.2082876875446535,0.0617881946211997,0.1193456146924089,0.1807945200441173,1.95073037496528,2.1181065731952247,0.09375682341789195
Dhrs3,0.0007335473709934,0.0007335473709934,0.009501095540355,-29.259528874350718,-28.96807987899478,-28.258926609025757,0.5251229021310628,0.0,0.008403295832266164
Tnfrsf1b,0.0001111375724378,0.0021592442645074,0.0252441057394617,0.3398515905491989,0.5869225823601837,0.8377763461723295,0.7059229664133385,1.0580433033928536,0.015103363283548733
Tardbp,0.0007335473709934,0.0298677932975399,0.3519631185845171,-28.40113477047192,-26.676869544246244,0.0,0.1072847316352172,0.0,0.0652907075707092
Eno1,0.0046673221553265,0.0634788370139077,0.3897805604748862,-29.094511048850176,-28.66206933620786,0.0,0.4247590169161822,0.0,0.1183282131773151
Park7,0.0002329080848932,0.0028994032786874,0.0527868735231963,-29.582619783256703,-29.37747785546945,-29.048679047865715,0.6978015914945103,0.0,0.01571233513300657
Rpl22,0.0473446058585377,0.5208065412399778,1.0,-0.0227313331777072,0.0119681294803031,0.0637616827117622,2.4521071377393118,2.47397547474213,0.6218072820873086
Rer1,0.0004954208174452,0.0030009890826976,0.022438890030895,-29.39656844216417,-29.253284848785608,-29.01731852915157,0.6399060415677691,0.0,0.015790087906054233
Gnb1,0.0573787409700722,0.5713582599031516,1.0,-0.1176949353026085,-0.0226342024679793,0.0534772473782233,1.120858139019154,1.1032555678323364,0.6566085399521933
Nadk,0.0001720247930818,0.0007335473709934,0.009501095540355,-29.2594239487979,-28.85663608407779,-27.699498837020112,0.4860861004647573,0.0,0.008403295832266164
Cdk11b,0.0027786850681888,0.009501095540355,0.088567502575371,-28.406197682032648,-26.601600549271083,0.0,0.1018309261624297,0.0,0.025859005270075664
Ssu72,0.0001720247930818,0.0007335473709934,0.0027786850681888,-29.34897766855953,-29.182388548554343,-28.61609078867968,0.6092202037271854,0.0,0.008403295832266164
Aurkaip1,3.529139494825728e-05,0.0007335473709934,0.009501095540355,-29.303612340597933,-29.06928581766989,-27.842297728419283,0.5632834390932373,0.0,0.008403295832266164
Sdf4,8.600635107884218e-05,0.0006834348667358,0.0102029298672555,-29.515643540117853,-29.228742068133453,-28.85362454812076,0.6291122006991219,0.0,0.008403295832266164
Isg15,0.0001217557504524,0.0008420439376285,0.0102029298672555,-29.66386433434743,-29.434914064042047,-29.03490528295997,0.7257583688719454,0.0,0.009501203397776247
Sri,0.0278317489826975,0.1768036740169494,0.6243361043066393,-0.3331821643504903,-0.1900696091539521,-0.0185254022540126,0.8164370804388434,0.7121981472686227,0.2728172634021129
Fgl2,0.015860919266492,0.0978804477256489,0.2702706993728666,-0.3534819942758364,-0.2547474298090845,-0.1703471602693864,1.5257908779634577,1.2749109066857724,0.16511054089787933
Kmt2e,0.0004954208174452,0.009501095540355,0.1223341709161366,-28.963350303824424,-28.27323715229856,0.0,0.324408672667822,0.0,0.025859005270075664
Tomm7,0.0690958164642375,0.5713582599031516,1.0,-0.1379696940633863,-0.0143456464137209,0.1228765261087203,1.1639037576770326,1.1538620104224062,0.6566085399521933
Rheb,0.0824958323410335,0.5208065412399778,1.0,-0.3340398219278289,-0.0767147780446318,0.2043152039123915,0.8852628691971546,0.8407033135338667,0.6218072820873086
Dnajb6,3.175359212510915e-05,0.0073033261887751,0.2379772961816305,0.1052924998754403,0.210103626045255,0.3905439447213062,1.036721698043602,1.19639252536919,0.025859005270075664
Slc35f6,0.0043223142587243,0.060676213535144,0.4198490637342591,-28.55521827679436,-26.676869544246244,0.0,0.1072847316352172,0.0,0.11333740608731749
Ost4,0.015860919266492,0.2379772961816305,0.910105580693816,-0.2212586867039113,-0.095862442484052,0.0113257083006308,1.115149667914209,1.0446970394204724,0.342944988924165
Mrpl33,0.004096213384139,0.0314201794077955,0.2082876875446535,-0.4387964581909869,-0.3153832329909878,-0.1604059879193538,1.0839526980210523,0.8684286549918281,0.06698530592239087
Fosl2,3.175359212510915e-05,0.004096213384139,0.098315075017861,0.1470346354111923,0.4087207355874732,0.7739199768899563,0.8320154347254896,1.1116071488258,0.019614143453152353
Ppp1cb,0.0027786850681888,0.0292545655864068,0.2914741136837093,-28.6990371738352,-26.99989762501431,0.0,0.134208203122753,0.0,0.06449544910036091
Ywhah,0.0004763038818766,0.0573787409700722,0.6784313725490196,0.0411867626829923,0.1823623738717966,0.3511452702626136,0.8117449456488346,0.9254572898009432,0.10801853593650658
Lrpap1,0.0001720247930818,0.0007335473709934,0.0102224535836243,-29.38594972215824,-29.1645989183169,-28.535686977115507,0.6017541377096443,0.0,0.008403295832266164
Mrfap1,0.0471816514623035,0.4726680955783123,1.0,-0.1494923611315188,0.0715455509934724,0.262117538855988,0.7931961349597647,0.830356263528719,0.5858093703902911
Wdr1,6.034243330066384e-05,0.0006255118296727,0.0060568372158396,-29.518241649335597,-29.37167443861412,-29.216683645810225,0.6946323869913476,0.0,0.008403295832266164
Cd38,0.0001720247930818,0.0001720247930818,0.0027786850681888,-29.88063239339593,-29.653735737350267,-29.2765507393928,0.844625015535575,0.0,0.007037632866909919
Lap3,0.0007195093065456,0.0027786850681888,0.0298677932975399,-29.23307711082138,-28.582177157320587,0.0,0.4018776780931019,0.0,0.015103363283548733
Dhx15,0.0853257664171802,0.3119748130387528,0.9034293146939671,0.3122151917948638,1.533029595003109,29.18518361536725,0.2074929782148272,0.5967569334380347,0.4261693672453906
Rbpj,0.0252441057394617,0.5713582599031516,1.0,-0.3998429835272319,-0.1487507693300929,0.2001919792991726,0.920285289220725,0.8269993156277716,0.6566085399521933
Rpl9,0.0824958323410335,0.4268635389378423,0.9699293482575216,0.0102283988910028,0.0583917617037574,0.1115123882622458,2.766806546362522,2.876547072407991,0.5399182428214497
Smim14,0.0027786850681888,0.009501095540355,0.0298677932975399,-29.15473757000795,-27.959792401048645,0.0,0.261057505341554,0.0,0.025859005270075664
Ube2k,0.0043495700900777,0.049813305277135,0.3423037314405578,-29.09495901662459,-28.60053838288544,0.0,0.4070239309725587,0.0,0.0969484758619509
Atp8a1,0.0007335473709934,0.009501095540355,0.0298677932975399,-29.053954353029976,-27.981772293909792,0.0,0.2650652470218505,0.0,0.025859005270075664
Fip1l1,0.0001720247930818,0.0027786850681888,0.088567502575371,-28.91371983973286,-27.76811948200048,0.0,0.2285792931384135,0.0,0.015103363283548733
Srp72,0.0027786850681888,0.009501095540355,0.0298677932975399,-29.169928340740544,-28.088396554102964,0.0,0.2853973205104925,0.0,0.025859005270075664
Ythdc1,0.0007144558228149,0.0201317774073192,0.2702706993728666,-0.6001571318895415,-0.4168921491175084,-0.2196909971072919,0.9734641060989102,0.7316887471962792,0.047396122152906395
Jchain,0.0022725832923102,0.025205396979626,0.1647559752760604,0.1777088874363214,0.3735534224007538,1.3905050033954642,0.5868351685634388,0.7560815659483873,0.05697235833968289
Ankrd17,0.0007335473709934,0.0027786850681888,0.088567502575371,-28.99039224902716,-27.89940812179989,0.0,0.2503564035798345,0.0,0.015103363283548733
Pf4,0.0573225174744465,0.1569155794666105,0.3645242864117604,-30.33152823759427,-30.045633984855264,-3.3981240580152754,1.1121367554289616,0.0,0.24421083304777733
Cxcl2,0.0021592442645074,0.0252441057394617,0.1568627450980392,0.1849188917425562,0.3713931608529403,0.6882303193484178,2.041951220044055,2.631540181446771,0.05697235833968289
G3bp2,0.0007335473709934,0.0007335473709934,0.0027786850681888,-29.44755198046901,-29.221543610327,-28.786358565849028,0.6259809914516625,0.0,0.008403295832266164
Naaa,0.0007335473709934,0.009501095540355,0.0298677932975399,-28.86195200019544,-27.494679596709204,0.0,0.1891138244606487,0.0,0.025859005270075664
Cxcl9,3.529139494825728e-05,0.0001720247930818,0.0007335473709934,-30.374558020013183,-29.98861698598849,-29.517241346515792,1.065303398715443,0.0,0.007037632866909919
Scarb2,0.0027786850681888,0.009501095540355,0.0298677932975399,-29.073267838476653,-27.15120428216984,0.0,0.1490482579429262,0.0,0.025859005270075664
Ccni,0.0007335473709934,0.0027786850681888,0.0298677932975399,-28.969414455518613,-28.35465965465872,0.0,0.3432441078959161,0.0,0.015103363283548733
Cxcl13,0.0027786850681888,0.009501095540355,0.088567502575371,-29.66213328373104,-26.55928615155001,0.0,0.0988875895137382,0.0,0.025859005270075664
Bmp2k,0.0007335473709934,0.009501095540355,0.0298677932975399,-29.138064005220567,-28.13500031142128,0.0,0.2947671078279015,0.0,0.025859005270075664
Antxr2,0.0002462939704825,0.0017731114297543,0.0184394950081998,0.7488444610605496,1.363964759377799,29.84882508840645,0.3775375985812107,0.9636848437875456,0.015103363283548733
Hnrnpd,0.0527432189776043,0.4116651794395698,0.969182212422568,-0.3352073957140132,-0.0959159481956679,0.2849298300525819,0.6995006288330857,0.6614088195170247,0.5295763857751395
Hnrnpdl,0.0009397821682753,0.0059596923407427,0.0462891564011131,-29.580302819570186,-29.41056616581345,-1.711622548057477,0.719568286318865,0.0,0.025859005270075664
Plac8,0.163532702145277,0.4416039908528433,0.9595657057843286,-28.47501511842588,-26.55928615155001,0.0,0.0988875895137382,0.0,0.5562304964813127
Gbp8,0.0007335473709934,0.009501095540355,0.0298677932975399,-29.11662978369358,-28.169577323166976,0.0,0.30191711855626,0.0,0.025859005270075664
Lrrc8c,0.0007335473709934,0.009501095540355,0.0298677932975399,-29.025748900511,-27.842297728419283,0.0,0.2406394147360892,0.0,0.025859005270075664
Lrrc8d,0.0031445185030225,0.0313842213899098,0.291183571126642,2.218086428165123,29.269228672697015,29.368705720413107,0.0,0.65061192840591,0.06698530592239087
Rpl5,0.004096213384139,0.2082876875446535,0.910105580693816,-0.1194759396962688,-0.0509373693602065,0.0039743951551949,2.1702350470810634,2.0921956155360264,0.3090169790621498
Tmed5,3.175359212510915e-05,0.004096213384139,0.0824958323410335,0.2167103889573666,0.4278572402411252,0.6913031281949238,0.6904429449412572,0.9317271595753084,0.019614143453152353
Atp5k,0.0978804477256489,0.4268635389378423,0.9699293482575216,-0.2896018302119562,-0.1195509545132527,0.0733638089636169,0.9021038079777236,0.8298911181873843,0.5399182428214497
Tpst2,0.0247131318485893,0.1763147943584485,0.6422030526876021,0.0210888291114625,0.2356217242345281,0.8682589664486839,0.6656900232086262,0.7809788748376505,0.27252756429444214
Grk3,0.0027786850681888,0.009501095540355,0.088567502575371,-28.95282260211788,-27.59516146311301,0.0,0.2027548882319457,0.0,0.025859005270075664
Iscu,0.0001720247930818,0.0027786850681888,0.0298677932975399,-29.072256755136703,-28.37324479822017,0.0,0.3477452349359505,0.0,0.015103363283548733
Selplg,0.0027786850681888,0.009501095540355,0.088567502575371,-28.34894575182284,-26.55928615155001,0.0,0.0988875895137382,0.0,0.025859005270075664
Git2,0.0007335473709934,0.0027786850681888,0.009501095540355,-29.36056668865784,-28.853627340549973,-27.30984634006901,0.4850732352258582,0.0,0.015103363283548733
Ankrd13a,0.0007335473709934,0.0027786850681888,0.0100102629842841,-29.080976736931778,-28.54209617889892,-25.895303997761864,0.390865274124513,0.0,0.015103363283548733
Dynll1,0.1568627450980392,0.6784313725490196,1.0,-0.2243265144377456,-0.0495570012718515,0.1901846953763426,0.936852266141444,0.901151939557393,0.717266813267363
Srsf9,0.0006255118296727,0.0020527232777102,0.0160894282812627,-29.426768461123253,-29.27620734004205,-29.062776646769247,0.6501544927072928,0.0,0.015103363283548733
Cox6a1,0.0123997777248551,0.2702706993728666,0.9699293482575216,-0.0256196497273492,0.1474971689119445,0.3782278396978616,0.8586750349787953,0.9531979527167542,0.37717036689659866
Pxn,0.0001111375724378,0.0095578312296578,0.2029832516101894,0.1641596157320709,0.3698474925239381,0.7398671488918849,0.6793196357896762,0.8771900461076495,0.025859005270075664
Rplp0,0.1568627450980392,0.6238787012780821,1.0,-0.0023002600251595,0.0585080773607575,0.1107931109615173,2.7547502351596678,2.868667817761711,0.6856226164622518
Taok3,0.0027786850681888,0.009501095540355,0.088567502575371,-28.52022811457398,-26.748652425338435,0.0,0.112757832697237,0.0,0.025859005270075664
Pebp1,0.231052016598276,0.7238736488706577,1.0,-0.1242243292065898,0.0873899230920521,0.5411331132624901,0.6149696962502451,0.6564049614739695,0.7498201547642859
Rpl6,0.0095578312296578,0.0573787409700722,0.3441601174882899,-0.1351959182835892,-0.0851236049146872,-0.0364907277386681,2.6726687942152223,2.5178565406520548,0.10801853593650658
Trafd1,0.0027786850681888,0.009501095540355,0.0298677932975399,-29.176256043460658,-27.9365226044307,0.0,0.2568805821605923,0.0,0.025859005270075664
Erp29,1.5876796062554575e-05,1.5876796062554575e-05,0.0004763038818766,-0.5482266234021993,-0.4445091395784453,-0.3530645626245799,1.3240933447543926,0.971187992700686,0.007037632866909919
Aldh2,3.529139494825728e-05,0.0007335473709934,0.0077371208623235,-29.47722648502495,-29.28218638583531,-29.096743208066197,0.6528545573153073,0.0,0.008403295832266164
Ppp1cc,0.0007335473709934,0.009501095540355,0.088567502575371,-28.60807714176257,-26.676869544246244,0.0,0.1072847316352172,0.0,0.025859005270075664
Vps29,0.0120973099549592,0.1996030161831719,0.8176419984553024,-0.0236114887087221,0.1878884514457428,1.094324774719015,0.6249828453429813,0.7113362012197973,0.29957003258005066
Arpc3,0.004096213384139,0.0252441057394617,0.1813447646264983,0.0649647330847943,0.1363001556504841,0.2043496014957173,1.9913949678895728,2.189654381047289,0.05697235833968289
Atp2a2,0.3219977377938485,0.7770968489780832,1.0,-0.2953208109276309,0.2094776630201014,2.1888145069250284,0.54418717369627,0.6278316564044628,0.7910828440103096
P2rx4,0.0007335473709934,0.0007335473709934,0.0007335473709934,-29.60482559453031,-29.366265449061505,-29.09778103670597,0.6920329293024072,0.0,0.008403295832266164
Rsrc2,0.0054933714376438,0.2630889109848705,0.9699293482575216,-0.287401307325125,-0.119466093651469,0.1365259519882751,0.8127567225749245,0.7511715342036736,0.37260636062802477
Denr,0.0007335473709934,0.009501095540355,0.0298677932975399,-29.048564090020037,-27.781328350691,0.0,0.2306817041421255,0.0,0.025859005270075664
Sbno1,0.0043495700900777,0.0416622142499834,0.2870251802988596,-29.12454636219928,-28.210115003781254,0.0,0.3105208711404394,0.0,0.08453879797362103
Rilpl2,0.1344451059776137,0.6784313725490196,1.0,-0.1110951086252324,0.001170867086496,0.1256847212063085,1.4331553971356898,1.434428887050785,0.717266813267363
Tmed2,0.0252441057394617,0.343145193299992,0.9699293482575216,-0.0517791638600225,0.0730734412615974,0.2533710741118571,0.9518275551159996,0.9991391527555264,0.4566858822595482
Ubc,0.0978804477256489,0.6238787012780821,1.0,-0.1835336210649821,0.0589228794571745,0.3062543967858107,1.253084542932475,1.301711695544205,0.6856226164622518
Ran,0.0571278875922839,0.343145193299992,0.9699293482575216,-0.0407274188370749,0.0837574335407344,0.2638374312448606,0.90871190010419,0.9625124125859496,0.4566858822595482
Cct6a,0.0023046672386087,0.037650276439806,0.4469684694114323,-28.986237322837336,-27.88917790738744,0.0,0.2485873947027557,0.0,0.07832988546672283
Chchd2,0.0073033261887751,0.0978804477256489,0.6784313725490196,0.0021127982978906,0.0630804344421862,0.1313028879436768,1.9109829611369773,1.999596226645965,0.16511054089787933
Gusb,0.0001720247930818,0.0007335473709934,0.0102224535836243,-29.48016462849396,-29.28242726320598,-28.593021952525287,0.6529636411950515,0.0,0.008403295832266164
Ncf1,3.529139494825728e-05,0.0027786850681888,0.0298677932975399,-29.34759009604112,-28.80006485667775,0.0,0.4673942852011315,0.0,0.015103363283548733
Eif4h,0.0130722697176655,0.1165400811894109,0.6185519578391343,-29.173095600376303,-28.208366551758747,0.0,0.310144768106826,0.0,0.191587236106116
Por,0.0085680166882523,0.030173926796862,0.0865723655317356,1.5244581473367655,29.52497021866368,29.610073827501225,0.0,0.7860997992318584,0.06572179001482578
Mdh2,0.0202098651191521,0.163532702145277,0.7753707093270263,-29.142668626393164,-28.485167642909644,0.0,0.3757421281956498,0.0,0.2542905419956627
Rasa4,0.0007335473709934,0.0027786850681888,0.0298677932975399,-29.177119719751303,-28.425327206767616,0.0,0.3604758085224619,0.0,0.015103363283548733
Cux1,0.0001720247930818,0.0027786850681888,0.0298677932975399,-29.13152303757228,-28.300966223164835,0.0,0.3307042209934667,0.0,0.015103363283548733
Fis1,0.0085680166882523,0.0462891564011131,0.1819959085278635,-29.43123759743253,-29.30173097291436,-1.4411521450924465,0.6638034776963819,0.0,0.09340398337348352
Gnb2,0.0054933714376438,0.0824958323410335,0.4726680955783123,-0.276902961951864,-0.1720012308312352,-0.0386040150198584,1.2114397043907874,1.07591382508629,0.14454739258206256
Tsc22d4,0.0027786850681888,0.009501095540355,0.0298677932975399,-28.7725116450624,-26.67913461123288,0.0,0.1074533036221125,0.0,0.025859005270075664
Pilra,0.0001720247930818,0.0007335473709934,0.0027786850681888,-29.35353854608134,-29.064884492922037,-28.03152823944904,0.5615676140338686,0.0,0.008403295832266164
Lamtor4,0.0006834348667358,0.0100012950659087,0.0995964768261884,-29.504837560942228,-29.19451677574225,-28.498849529658717,0.6143632903835785,0.0,0.026897985244122954
Ttyh3,0.0027786850681888,0.009501095540355,0.088567502575371,-28.41461729066087,-26.43396795790907,0.0,0.0906603215289297,0.0,0.025859005270075664
Gna12,0.0027786850681888,0.009501095540355,0.0298677932975399,-29.142333661991334,-27.71987453371016,0.0,0.2210618034470937,0.0,0.025859005270075664
Actb,0.0007144558228149,0.0021592442645074,0.0573787409700722,-0.0927953738418967,-0.0777140029562146,-0.0502793833242635,3.9541277011607834,3.745606337981285,0.015103363283548733
Rac1,0.0978804477256489,0.6238787012780821,1.0,-0.1428063839688143,-0.0202089156175286,0.0973739451423733,1.4418901381118312,1.422344340807555,0.6856226164622518
Bri3,0.0252441057394617,0.2379772961816305,0.7344923394458999,0.0160972965171916,0.1165574667894252,0.2667707895694778,1.32248210685581,1.4389731238406462,0.342944988924165
Arpc1b,0.0690958164642375,0.5208065412399778,0.9699293482575216,-0.1228029054829291,-0.0577221864004876,0.0225731075572899,2.1019242671853977,2.0172350351945925,0.6218072820873086
Atp5j2,0.038707628800508,0.4726680955783123,0.9699293482575216,-0.1645109110433274,-0.0683944202942775,0.0468569705523026,1.275351726827144,1.2183537575611012,0.5858093703902911
Rpl21,0.0573787409700722,0.3053901722632373,0.910105580693816,-0.0815313480791278,-0.0400786444212888,0.0078794780663053,2.583162440921197,2.5124365194230247,0.4178051487501583
Polr1d,0.0054584424863062,0.1813447646264983,0.910105580693816,-0.0138446326411225,0.1166539218117133,0.2878433173873641,0.9509677428196268,1.0294639963041687,0.2751332975473277
Pomp,0.0978804477256489,0.6238787012780821,1.0,-0.1592097627121431,-0.0163228177085831,0.1362561425634912,1.25805992502774,1.2482185817511775,0.6856226164622518
Ubl3,0.1568627450980392,0.6784313725490196,1.0,-0.1359086663375487,0.001503175082822,0.166172736693532,1.2709695430020538,1.27523172806066,0.717266813267363
Hmgb1,0.015860919266492,0.1152655394141462,0.5713582599031516,-0.3491426466016623,-0.2277003383309091,-0.0832662430339533,1.17216873643037,0.9982377729856002,0.18983678465842097
Alox5ap,0.00315340827298,0.0256231161316959,0.1819959085278635,-29.75753926934459,-29.423052411764843,-28.921741181269045,0.7198157405309407,0.0,0.05775571631179274
Sem1,6.35071842502183e-05,0.0054933714376438,0.0824958323410335,0.0742354196293523,0.1467391645678307,0.2024319204018234,1.882383056040484,2.0838693074625487,0.02437010368170411
Ndufa4,0.0004763038818766,0.038707628800508,0.4268635389378423,-0.2859969242892162,-0.201839755031263,-0.0758506608858571,1.5362613116400574,1.3366604679241123,0.07907540420871273
Mdfic,0.1345471852401349,0.5768654408307012,1.0,-29.07157544406782,-1.0657561248054606,1.3604590509249987,0.4147233044572213,0.223428575004872,0.6625167816647013
Capza2,0.0010637453361911,0.0252441057394617,0.2082876875446535,0.0656199822330613,0.1402728452545219,0.2142256638248249,1.5135948705217277,1.6697514814468286,0.05697235833968289
Ndufa5,0.0027786850681888,0.0292545655864068,0.0480139728942661,-29.140390867645728,-27.975389178312977,-26.831474712134323,0.263895072703628,0.0,0.06449544910036091
Arf5,0.2379772961816305,0.7344923394458999,1.0,-0.1273525099441136,-0.0177999264556398,0.1007513763952536,1.0949076893876342,1.0815970110537538,0.7498201547642859
Hilpda,1.5876796062554575e-05,0.0073033261887751,0.1568627450980392,0.2976789990477827,0.6158357698669856,0.9055433888870756,1.1349118723313776,1.736685071128811,0.025859005270075664
Atp6v1f,1.5876796062554575e-05,0.0051696922141582,0.1152655394141462,0.0877915404268437,0.1613358749538703,0.2642468180949943,1.402794535405055,1.5741295476817951,0.023809523937980512
Irf5,0.0337983621149569,0.1768036740169494,0.5622453293122838,0.0698324657500099,0.2354737197119797,0.8469790828078814,0.65344914737049,0.772049603436767,0.2728172634021129
Akr1b3,0.0007335473709934,0.0027786850681888,0.0298677932975399,-28.912124354114784,-27.842297728419283,0.0,0.2406394147360892,0.0,0.015103363283548733
1810058I24Rik,0.0032593368359413,0.0286888103198488,0.1853939469443623,-29.138369760223146,-28.11974072574677,0.0,0.291665745889777,0.0,0.06379207208713308
Mtpn,0.0473446058585377,0.5208065412399778,1.0,-0.0918560405925772,0.0612534580293963,0.2391325247695337,0.9342076210539512,0.974746798251211,0.6218072820873086
Luc7l2,0.047128681432087,0.5208065412399778,1.0,-0.2087167691341127,-0.0590835565130856,0.1026552571008913,0.9855855918403528,0.9458005484964032,0.6218072820873086
Tbxas1,0.0001720247930818,0.0007335473709934,0.009501095540355,-29.277880043388173,-28.965554726639255,-27.04784361711582,0.5242045822428087,0.0,0.008403295832266164
Kdm7a,3.175359212510915e-05,0.0015241724220052,0.0573787409700722,0.26278840592383,0.4680837393073452,0.6618760650279114,0.7864063836121282,1.0869554120016238,0.014390396648445412
Mkrn1,0.1837423781416224,0.6098397785958921,1.0,-0.8305224255558331,0.4138662404978678,2.2922131201979115,0.4216288149349064,0.5847478562993458,0.6856226164622518
Ndufb2,0.0004954208174452,0.0035319278065916,0.0265593042074621,-29.275298820155594,-29.059335223949528,-28.480432104151756,0.559411713347318,0.0,0.017856953435560884
Mrps33,0.0001720247930818,0.0007335473709934,0.0077371208623235,-29.344775891727444,-29.201216846221957,-28.635881871200223,0.6172231119834956,0.0,0.008403295832266164
Zyx,0.0032593368359413,0.037650276439806,0.2870251802988596,-29.142668626393164,-27.982235882334145,0.0,0.265150435452063,0.0,0.07832988546672283
Pdia4,0.0007335473709934,0.009501095540355,0.088567502575371,-28.87154976705288,-26.79139157343469,0.0,0.1161482004570815,0.0,0.025859005270075664
Tmem176b,0.0007144558228149,0.0201317774073192,0.0978804477256489,-0.3793140644723328,-0.3024546298857529,-0.2369982337588294,2.225747013143988,1.8062924275937613,0.047396122152906395
Tmem176a,0.0473446058585377,0.2379772961816305,0.3837421608319441,-0.4844901386503199,-0.3760275795008866,-0.2298159531834428,2.2161839980758224,1.70787353148215,0.342944988924165
Tra2a,0.0252441057394617,0.1736964858864386,0.7282219225620786,-0.3581281659997488,-0.1591204196770983,0.089549495676827,0.7957699422957909,0.7122459191965479,0.2688347439067792
Hnrnpa2b1,0.0015241724220052,0.0573787409700722,0.5726712709375237,0.0131727501602378,0.1146297184840827,0.2385253859331476,1.4480530413203865,1.56944831526368,0.10801853593650658
Snx10,0.0007335473709934,0.009501095540355,0.088567502575371,-29.00362489104407,-27.84416628032578,0.0,0.2409512883749687,0.0,0.025859005270075664
Skap2,0.0041647687668991,0.0301271852138698,0.2614677393748564,-0.5851284177189501,-0.3950740206152747,-0.1860480345470115,0.8480917998314769,0.6488615490246741,0.06572179001482578
Tax1bp1,0.0123997777248551,0.2082876875446535,0.910105580693816,-0.0372383613488659,0.149741178867375,0.3290515093666374,1.254217051699109,1.3974521473989063,0.3090169790621498
Creb5,0.0246652122519422,0.231052016598276,0.8469967641740412,-0.5054324420547629,-0.1778889307992669,0.0823996282248974,0.8437881428662317,0.7495249627670131,0.34083467811155627
Hpgds,0.0001720247930818,0.0007335473709934,0.0027786850681888,-29.76653598247931,-29.57065213974444,-29.34083907974945,0.7973578703220316,0.0,0.008403295832266164
Gng12,0.0007335473709934,0.0027786850681888,0.009501095540355,-29.231183023851063,-28.912146483568087,-27.67517220475278,0.505153457361353,0.0,0.015103363283548733
Serbp1,0.0054584424863062,0.0978804477256489,0.5208065412399778,0.0308498634067822,0.143601659038074,0.2724189435829531,1.133537976564624,1.256005811851724,0.16511054089787933
Igkc,0.2379772961816305,0.6238787012780821,1.0,-0.077426830095154,-0.0120317835705431,0.076690846309914,2.056049374294755,2.0377899917940074,0.6856226164622518
Vamp8,1.5876796062554575e-05,0.0029848376597602,0.1152655394141462,-0.2801172782378274,-0.1903852570975527,-0.0819577446944893,1.4761204214469277,1.2953949878894837,0.01575089260689785
Mat2a,0.015860919266492,0.1349368897356513,0.5629036537954418,0.245711066988777,0.4201282790901177,0.6258393594314551,0.7105173984933293,0.951979244732092,0.21480718594681517
Tgoln1,0.0473446058585377,0.5713582599031516,1.0,-0.1390157223802591,0.1088094684433555,0.274709005284791,0.8080872593189455,0.87100209762662,0.6566085399521933
Kcmf1,0.0007335473709934,0.009501095540355,0.0298677932975399,-29.088571793889702,-27.898610124345275,0.0,0.2502179623119582,0.0,0.025859005270075664
Tmsb10,0.0123997777248551,0.1152655394141462,0.4268635389378423,0.2543770706846536,0.4753615215490907,0.7375678639517199,1.0437016654052926,1.457642852161295,0.18983678465842097
Hk2,0.0978804477256489,0.5713582599031516,1.0,-0.2465981659956671,-0.0708902820804402,0.1975984869410917,0.9837506123522446,0.9394304364892998,0.6566085399521933
Aup1,0.0001720247930818,0.0007335473709934,0.0043495700900777,-29.303022771910303,-29.10093673385825,-28.471099915246786,0.575777723217251,0.0,0.008403295832266164
Mob1a,0.0095578312296578,0.153337090086624,0.7344923394458999,0.0261708218242087,0.2403138752152504,0.4263070938027451,0.7959856153138124,0.940960105751104,0.24112956825090304
Tex261,0.0007335473709934,0.009501095540355,0.0298677932975399,-28.867928083852792,-27.806035985315177,0.0,0.2346663888341745,0.0,0.025859005270075664
Cct7,0.0007335473709934,0.009501095540355,0.088567502575371,-28.93267187251234,-27.71987453371016,0.0,0.2210618034470937,0.0,0.025859005270075664
Dusp11,0.2529155251788194,0.715864503000013,1.0,-28.5654138729598,0.3407475722333002,28.9670294197056,0.3285968414497692,0.4834483483452234,0.7498201547642859
Snrpg,0.0314201794077955,0.3837421608319441,0.9699293482575216,-0.1765938558589916,-0.0853889122774124,0.0373046560344275,1.3009760841574298,1.22329309579324,0.49541605642355124
Pcbp1,0.0001905215527506,0.0095578312296578,0.0978804477256489,0.1839045783209563,0.3159106781745825,0.5285647356056368,0.9636045894145492,1.1972945337295038,0.025859005270075664
Mxd1,0.0758721322565368,0.3837421608319441,0.9699293482575216,-0.4375458598067718,-0.2094021740462654,0.0469405770271327,1.0720203673494118,0.9238074238013612,0.49541605642355124
Anxa4,0.0006238547844523,0.0063045067742644,0.0776614993339602,-29.39897740308364,-29.212161852739825,-28.515648129743408,0.6219234825200073,0.0,0.025859005270075664
Gfpt1,0.107951344335968,0.3431319879068183,0.8960753233659321,-29.32772364988737,-28.98673430739583,-1.2221812726514298,0.5341325920936855,0.0,0.4566858822595482
Rab43,0.0001720247930818,0.0017888776467873,0.0102224535836243,-29.56917993885636,-29.441913286121743,-29.212613717453625,0.7292879340063605,0.0,0.015103363283548733
Cnbp,1.5876796062554575e-05,0.0029848376597602,0.0314201794077955,0.1961487064411198,0.2940543751432347,0.3781049596996398,1.050439957618314,1.2879005659369174,0.01575089260689785
Rab7,0.0073033261887751,0.0978804477256489,0.6252425180598543,0.0688352621761027,0.2520532220570495,0.4124482039055028,0.8837899403560243,1.0523088923810802,0.16511054089787933
Rpn1,0.1349368897356513,0.6708558092938122,1.0,-0.2152046412496696,0.0271638933173822,0.2908393879482949,0.7251757839045527,0.7436355857445569,0.717266813267363
Slc6a6,0.343145193299992,0.8506311026434865,1.0,-0.0319095176969637,0.0824736137544119,0.1976981996519312,1.0005189660592393,1.058445516417955,0.8506311026434865
Frmd4b,0.0007335473709934,0.0027786850681888,0.0298677932975399,-29.15135461965069,-28.27445748410009,0.0,0.324683196175018,0.0,0.015103363283548733
Foxp1,0.0029848376597602,0.0690958164642375,0.5208065412399778,0.120561447082488,0.3694707864253056,0.6005698086085719,0.7703621346790602,0.9955851806407204,0.12543974704139405
Ppp4r2,0.0015241724220052,0.0048460129906725,0.0185720504973171,0.6358654111191218,0.8269046022872166,1.8058437364319788,0.6317329426722408,1.11728073245418,0.022490470546454422
Bhlhe40,0.10896999584124,0.2530295898202138,0.4816284476790233,0.5827526396442313,2.631840803747739,29.811926113827,0.1464064940458745,0.9031906087575944,0.36175636459288074
Arl8b,0.0667388355564883,0.4917430513478364,1.0,-29.149491583217458,-0.4266370186211525,0.4336041426588344,0.559308680626786,0.3979891756333175,0.6071315981852551
Edem1,0.0574109566690162,0.5136893790987446,1.0,-28.911250581051565,-26.99989762501431,0.0,0.134208203122753,0.0,0.6218072820873086
Arpc4,0.0095578312296578,0.1568627450980392,0.7344923394458999,-0.3011865397391666,-0.1459610809397705,-0.0058025153824755,0.8934055119232331,0.8087602395941405,0.24421083304777733
Brk1,0.1148309121219338,0.6784313725490196,1.0,-0.1271098109365568,-0.0268935085885089,0.0937854432609375,1.1647700481958576,1.1435765725455198,0.717266813267363
Rpl32,0.0314201794077955,0.2379772961816305,0.910105580693816,-0.0846256538199776,-0.0450417403898473,-0.0002544683892595,3.3146017430826,3.2090635017256,0.342944988924165
Plxnd1,0.0207857139192572,0.2690653160474152,0.936468000897405,-29.2749464865883,-0.5700000869238037,0.5872603043846327,0.5912891307124866,0.3717881886172707,0.37717036689659866
Washc2,0.0007335473709934,0.009501095540355,0.088567502575371,-28.98111751714717,-27.15120428216984,0.0,0.1490482579429262,0.0,0.025859005270075664
Rassf4,0.0007335473709934,0.0027786850681888,0.009501095540355,-29.399887789744568,-28.90889935759808,-27.15147007984797,0.5040181736766756,0.0,0.015103363283548733
Hnrnpf,0.0003016591251885,0.0123997777248551,0.1349368897356513,0.0723680064215426,0.1342073520024013,0.2549958967154104,1.47980429279122,1.6219303738647874,0.03229294630501832
Wnk1,0.015860919266492,0.3837421608319441,0.9699293482575216,-0.0464696919847444,0.0697124193130377,0.2132591373014343,1.42696866742,1.4943172452796336,0.49541605642355124
Il17ra,0.0027786850681888,0.009501095540355,0.088567502575371,-28.36007699254492,-26.67913461123288,0.0,0.1074533036221125,0.0,0.025859005270075664
Atp6v1e1,0.0893370078442824,0.6238787012780821,1.0,-0.2372234293445385,-0.0119548056778785,0.2559380239206745,0.8024688809451059,0.7957196241008057,0.6856226164622518
M6pr,0.0201317774073192,0.4268635389378423,0.9699293482575216,-0.1628020064231144,-0.0503295359756425,0.0721696611636113,1.2603670447764976,1.2171555530152671,0.5399182428214497
Apobec1,0.0027786850681888,0.0027786850681888,0.009501095540355,-29.49418571485947,-28.720987687702312,-26.55928615155001,0.442464873069593,0.0,0.015103363283548733
C3ar1,0.1736964858864386,0.5103655506712139,0.9691140344788748,-0.4407356578376143,-0.2074864804127564,0.1897898344218751,0.9825635504901952,0.8469012740746982,0.6218072820873086
Clec4a1,0.0018447703965623,0.0094129018442965,0.0475094191629123,-30.009411843097205,-29.83102622829117,-2.045761277681241,0.9608331268240532,0.0,0.025859005270075664
Clec4a3,0.0001720247930818,0.0004954208174452,0.0017888776467873,-30.22568904237713,-30.07217818429869,-29.816045090925947,1.128827726325905,0.0,0.008403295832266164
Clec4a2,0.0082716821301705,0.0218317488739345,0.0785410702493339,-1.5459188882722668,-0.6266781832816932,-0.413087313803481,1.048715171176645,0.6816573259378023,0.05092199157451217
Clec4n,0.0021592442645074,0.0252441057394617,0.1574747955862501,-0.5609881880590055,-0.416470550898672,-0.2287928618899302,1.4255881979839775,1.0630498964908812,0.05697235833968289
Phb2,0.0027786850681888,0.009501095540355,0.0298677932975399,-28.85464211146159,-26.99989762501431,0.0,0.134208203122753,0.0,0.025859005270075664
Ptpn6,0.0027786850681888,0.0027786850681888,0.009501095540355,-29.57828507540377,-29.34074610651165,-28.63786440837297,0.6798994229597668,0.0,0.015103363283548733
Grcc10,0.00152132035021,0.0094769206997081,0.0946475624588327,-3.0663933985236653,-0.6561520913019335,-0.3984345775366454,0.8498902509689958,0.5397177337483623,0.025859005270075664
Tpi1,0.2530295898202138,0.549957305307333,0.9693458899457784,-1.3344908924708652,-0.9964931622451174,-0.112898046066508,0.6696983684833445,0.3319384108526522,0.6527362115450969
Ptms,0.0015241724220052,0.0978804477256489,0.7344923394458999,-0.3522232781722686,-0.1779146543994973,0.0061219147233631,1.3514362842815075,1.1971255747785738,0.16511054089787933
Mlf2,0.0027786850681888,0.009501095540355,0.0298677932975399,-29.02010426535822,-27.309945950117548,0.0,0.1663845162364695,0.0,0.025859005270075664
Chd4,0.0047981709084513,0.0365306772221386,0.2013400470565268,-0.6190438252302075,-0.398370777922641,-0.1647290778821911,0.8964741295984513,0.6782561705150469,0.0767059463713119
Gapdh,0.3837421608319441,0.7920774787647853,1.0,-0.1100198482803122,-0.0347347361168328,0.0470202888189419,1.9755230769557075,1.9270047343924877,0.7955939159624091
Tnfrsf1a,0.1323180178891167,0.511323918706056,1.0,-0.2422761429108089,-0.0542447638508832,0.1213813232802892,0.7412132777616898,0.7121281902995907,0.6218072820873086
Cd9,0.0365306772221386,0.2453774716711445,0.8459049925451292,0.0894679288196836,0.8047676910881446,2.9066483775197614,0.5248101824907787,0.9042993913494272,0.3519280695124972
Clec2d,0.0007144558228149,0.0073033261887751,0.0576716678574261,0.270902731991852,0.4411757296329613,0.699795823735335,1.196931173896515,1.6237682861170586,0.025859005270075664
Clec12a,0.0001720247930818,0.0001720247930818,0.0009361006688602,-29.987375464138843,-29.684128748320447,-29.43869601381037,0.8626073372545682,0.0,0.007037632866909919
Klra2,0.0013981399053915,0.0024538461290358,0.0231027265714595,-29.950332704533515,-29.646501144175488,-1.5714237803481643,0.920599265671854,0.0,0.015103363283548733
Cdkn1b,0.0027786850681888,0.009501095540355,0.088567502575371,-28.962998628908476,-26.99989762501431,0.0,0.134208203122753,0.0,0.025859005270075664
Hebp1,0.0004954208174452,0.0008503839505192,0.0020527232777102,-29.90445652060152,-29.70600029328832,-29.46504490215478,0.8757842668605085,0.0,0.009501203397776247
Emp1,0.0693646054720646,0.4080870011060801,0.9306075226498878,0.0,27.695157254792,29.071083236052225,0.0,0.2178924942900232,0.5253467083940292
Plbd1,0.0201317774073192,0.3837421608319441,0.970681114551083,-0.0347048026088731,0.0474411288010622,0.1410148263339952,1.6358833802806614,1.69104168825501,0.49541605642355124
H2afj,0.0095578312296578,0.0824958323410335,0.3837421608319441,-0.3196104954273885,-0.2009156887315498,-0.0573320616241229,1.452375556210337,1.2634337455232738,0.14454739258206256
Wbp11,0.0007335473709934,0.009501095540355,0.0298677932975399,-28.958715923565737,-27.842297728419283,0.0,0.2406394147360892,0.0,0.025859005270075664
Arhgdib,0.0314201794077955,0.2379772961816305,0.9699293482575216,-0.0106830050271602,0.0904565845380236,0.19735197982437,1.52414495836254,1.6244115576706812,0.342944988924165
Aebp2,0.0027786850681888,0.009501095540355,0.088567502575371,-28.633040625566764,-26.676869544246244,0.0,0.1072847316352172,0.0,0.025859005270075664
Kras,0.038707628800508,0.4268635389378423,0.9699293482575216,-0.0733183410766694,0.1504511716422726,0.3787835109168768,0.8584703742236245,0.9503320077278816,0.5399182428214497
Resf1,0.0007335473709934,0.009501095540355,0.088567502575371,-28.8755404287647,-26.831474712134323,0.0,0.119420452545871,0.0,0.025859005270075664
Ndufa3,0.0001720247930818,0.0017888776467873,0.0292545655864068,-29.306180949052727,-29.14092618120673,-28.103223667420703,0.591960708411811,0.0,0.015103363283548733
Rps9,0.3837421608319441,0.7920774787647853,1.0,-0.0333060092788896,-0.0014639993138424,0.0407224166099479,3.3280484215778574,3.322910334035884,0.7955939159624091
Pirb,0.0001720247930818,0.0001720247930818,0.0007335473709934,-29.96708602606005,-29.822862243584755,-29.66956591024203,0.949677377802342,0.0,0.007037632866909919
Lair1,0.0001720247930818,0.0001720247930818,0.0007335473709934,-30.06843195830558,-29.895997529997928,-29.59640772633306,0.9990610011334088,0.0,0.007037632866909919
Rpl28,0.0690958164642375,0.5713582599031516,0.970681114551083,-0.069412585843065,-0.0166334531945839,0.0336878215209489,2.811642960577075,2.781792217875049,0.6566085399521933
Ube2s,0.3522675423008745,0.7843493017003418,1.0,-28.600709364460933,-0.0397320770700354,1.881645136256334,0.459290046656537,0.3726018559387495,0.7955939159624091
Epn1,0.0007335473709934,0.0027786850681888,0.0298677932975399,-29.05728856746919,-28.48621622389975,0.0,0.376015324719985,0.0,0.015103363283548733
Rps5,0.343145193299992,0.7920774787647853,1.0,-0.0607765839567017,0.0017272840516685,0.0592974607439824,2.738967610406244,2.7425658905594323,0.7955939159624091
Chmp2a,0.0758721322565368,0.5890143815020004,1.0,-0.2518822534965795,-0.0494874164097948,0.168631114283398,0.8661986254127687,0.8393331500454448,0.674330190081354
Selenow,0.0010637453361911,0.0824958323410335,0.6784313725490196,-0.4242793358393102,-0.2626858775444132,-0.0763137692933971,1.0420265898812515,0.8692576803843246,0.14454739258206256
Nop53,0.0001720247930818,0.0043495700900777,0.0978456838516129,-29.274027871826757,-29.034716068771093,-26.99989762501431,0.549946511481038,0.0,0.020663311976484612
C5ar1,0.0077371208623235,0.1170097644977258,0.6320389366818032,-29.209478958195056,-28.46398149890582,0.0,0.370264628742105,0.0,0.19218482190642802
Tmem160,0.0047806219703435,0.0970382453253622,0.5626868690234494,-0.3469513673694077,-0.2090698650411864,-0.0209031123975138,0.8580684758386015,0.744181016606299,0.16511054089787933
Ap2s1,0.0017100293456709,0.0482901904027378,0.3330507686534451,-0.6335153504010241,-0.3245038849398823,-0.0806123875989899,0.7491888915285283,0.5984034804522667,0.09449215635562748
Calm3,0.007750865708345,0.1136029476053177,0.5622563678050629,-0.4394162880486288,-0.2351370400023917,-0.0575788068591679,0.8102235300514842,0.6912218165867499,0.18951275130472353
Snrpd2,0.122681892061482,0.64330403310901,1.0,-0.0791690710794397,0.1850828715873353,0.386059161402235,0.6429939128125145,0.7357988654958898,0.7052576014096353
Vasp,0.1349368897356513,0.5713582599031516,1.0,-0.2875665706493685,-0.1237798777418585,0.0783812596352462,0.9135277691749828,0.8388152798537183,0.6566085399521933
Fosb,3.175359212510915e-05,0.0015241724220052,0.0201317774073192,-0.936459936285157,-0.7932031126429866,-0.5451629111677151,2.1351457345397,1.2307201609614626,0.014390396648445412
Apoe,0.0688028895768834,0.2379772961816305,0.5208065412399778,-0.2902384749060804,-0.2273896231842099,-0.1415689788015912,4.639870551186204,3.959827955150154,0.342944988924165
Plaur,1.5876796062554575e-05,0.0002462939704825,0.000438774688297,0.618798580550784,1.049109929592094,1.669358555705223,0.7401839793787395,1.52764567398005,0.008403295832266164
Rps19,0.1813447646264983,0.5208065412399778,0.9699293482575216,0.0258565201670247,0.0636908520588324,0.1065722102005672,2.807059729454201,2.934099265609637,0.6218072820873086
Rabac1,0.3713264582342768,0.816281639940913,1.0,-0.1166601799272353,0.0293531389880429,0.1734834096919171,0.684862396839119,0.6997694879858696,0.8185428079185887
Pou2f2,0.0007335473709934,0.0027786850681888,0.0102224535836243,-29.59209176709925,-29.29226361549383,-28.384583317803656,0.6574315973096669,0.0,0.015103363283548733
Tgfb1,3.175359212510915e-05,0.0029848376597602,0.0314201794077955,0.1687060275233587,0.2951387937393782,0.4622796871881034,1.1775839901315823,1.4453960049952377,0.01575089260689785
Axl,0.0092079327359871,0.0365306772221386,0.231052016598276,-0.8593561001096625,-0.4496356099680864,-0.1757967719257733,0.8106694884752175,0.5981287800158543,0.0767059463713119
Blvrb,0.004096213384139,0.0252441057394617,0.2082876875446535,-0.4768679077610769,-0.3594562375143638,-0.2174019200714067,1.3121675384329723,1.0244593421478174,0.05697235833968289
Pld3,0.0027786850681888,0.009501095540355,0.0298677932975399,-28.65618026943197,-26.55928615155001,0.0,0.0988875895137382,0.0,0.025859005270075664
Fbl,0.0043495700900777,0.0385392543410508,0.2978424776621277,-29.183235511796223,-28.641682097425985,-26.79139157343469,0.4187988113426032,0.0,0.07907540420871273
Rps16,0.0978804477256489,0.6238787012780821,0.9699293482575216,-0.0009084688365326,0.0358787224505373,0.0872372289346473,3.14218246805724,3.220524589659452,0.6856226164622518
Zfp36,0.0978804477256489,0.5713582599031516,1.0,-0.1207399426678578,-0.0316209075047134,0.065148066179925,2.296417217978055,2.24893385846781,0.6566085399521933
Gmfg,0.0015241724220052,0.0573787409700722,0.4738715567198528,-0.233751023418292,-0.1357856517236207,-0.0332679161173561,1.5717253072404438,1.431981185561285,0.10801853593650658
Nfkbib,0.0910462894294271,0.3752159399982679,0.9671227617061148,-29.214621616174824,-28.67475457681212,0.1654022940814759,0.516879581021333,0.0,0.4928453203170282
Hnrnpl,0.0001720247930818,0.0027786850681888,0.088567502575371,-29.019270877247827,-27.941752299254425,0.0,0.2578186683424414,0.0,0.015103363283548733
Eif3k,0.004096213384139,0.1349368897356513,0.7359319679288707,-0.2815748905787713,-0.1787660458788722,-0.0373545375525026,1.1324604568477086,0.9988317875949956,0.21480718594681517
Psmd8,0.0205784570295527,0.2469822236945287,0.969182212422568,-0.3191528479183503,-0.1353614685397453,0.0862373380762095,0.7661302649348345,0.6964156616983379,0.35366916525877923
Capns1,0.0314201794077955,0.4335461546917006,0.9699293482575216,-0.2961552615558516,-0.1023333383957682,0.1929125298635362,0.7731841650628695,0.7232948286324626,0.547605401250508
Tbcb,0.0027786850681888,0.037650276439806,0.1853939469443623,-28.92143565325143,-27.12540431656389,0.0,0.1464064940458745,0.0,0.07832988546672283
Tyrobp,0.004096213384139,0.0573787409700722,0.2379772961816305,-0.0901975771584729,-0.062413951632331,-0.0303687408140236,3.014209430142897,2.888257280662479,0.10801853593650658
Psenen,0.0096401527677365,0.1214136242215987,0.5890143815020004,-0.482048678627865,-0.3183834866147464,-0.1173396066467252,0.849033268137393,0.6824441455792145,0.19905675710243986
Cox6b1,0.0824958323410335,0.5208065412399778,1.0,-0.1176100059023494,-0.0575322015274442,0.0142190783208505,1.6237242720800724,1.55880540363957,0.6218072820873086
Usf2,0.0007335473709934,0.0007335473709934,0.009501095540355,-29.20848710803881,-28.922752151739918,-27.67253318027229,0.5088807043058015,0.0,0.008403295832266164
Fxyd5,0.0690958164642375,0.3837421608319441,0.9699293482575216,-0.0428684100329647,0.0572282458428229,0.1471041084029052,1.565949429406025,1.6282111845161935,0.49541605642355124
Gpi1,0.015860919266492,0.1349368897356513,0.7344923394458999,-0.4574503920698283,-0.2353936722913939,-0.0235358725967015,0.8611796312437168,0.7283117179656018,0.21480718594681517
Pdcd5,0.0604934175739786,0.4298413900500577,0.9697698106146188,-29.027257965984475,-0.1616980288915508,0.9872345889361868,0.5250289808226117,0.49438192673542,0.5433051089319864
Cd33,0.0060874038647452,0.0516126376600038,0.2870251802988596,-29.208922080235784,-28.14530927659181,0.0,0.2968824892797844,0.0,0.10034250715854658
Fcgrt,0.0022878731639293,0.0094129018442965,0.017025100617029,-30.210727593251985,-29.967145465487267,-29.76651884446736,1.0495657959042834,0.0,0.025859005270075664
Rps11,0.0004763038818766,0.0095578312296578,0.0824958323410335,-0.1474426502539645,-0.1133318233000064,-0.0807046039583779,3.3478461135291724,3.0971151991282677,0.025859005270075664
Rpl13a,0.015860919266492,0.0824958323410335,0.4268635389378423,-0.1112953256223609,-0.0718289405688959,-0.0263748818170688,2.5702569775003825,2.444831635547424,0.14454739258206256
Snrnp70,0.0278317489826975,0.1152655394141462,0.5208065412399778,-0.5030853511027433,-0.3230108034068035,-0.0972988932730362,0.7989113924773017,0.6384511806310457,0.18983678465842097
Ftl1,0.0010637453361911,0.0314201794077955,0.1574747955862501,-0.0870268645928748,-0.0600472010953144,-0.0379960288027622,3.9905355217265503,3.829624843639878,0.06698530592239087
Bax,0.3311849615084903,0.7855571560139146,1.0,-0.1152779542648515,0.0590428354337185,0.2797055556029519,0.7158062473309965,0.745215630308521,0.7955939159624091
Nucb1,0.0007335473709934,0.0007335473709934,0.009501095540355,-29.20910809640465,-28.79090416243984,-26.991450811916952,0.4644358697954952,0.0,0.008403295832266164
Ppp1r15a,0.1813447646264983,0.6784313725490196,1.0,-0.1325355425376759,0.0545229473171279,0.2024413240075824,0.951593520773953,0.9885756566782712,0.717266813267363
Rpl18,0.2702706993728666,0.7344923394458999,1.0,-0.0319984704594301,0.0063483188001589,0.0521523027985688,2.6929828340490127,2.705445219018724,0.7498201547642859
Emp3,0.0252441057394617,0.1813447646264983,0.7344923394458999,0.0167320942499474,0.1346418834066022,0.3152671378877137,0.973081581016558,1.0672626629630924,0.2751332975473277
Saa3,0.0007335473709934,0.009501095540355,0.0298677932975399,-28.89858979486456,-27.662940611365677,0.0,0.2125078073362289,0.0,0.025859005270075664
Ldha,0.2076141144716996,0.6784313725490196,1.0,-0.2181569567689785,-0.0780261365240152,0.1244743904237363,1.2502557729671435,1.1821381713625423,0.717266813267363
Spty2d1,0.1273457631960635,0.5063113778682997,1.0,-0.4619535940618676,-0.0753607318721219,0.2101139073299044,0.6528269584641015,0.6270954038142258,0.6218072820873086
Cyfip1,0.0200250059537985,0.1152655394141462,0.4726680955783123,-0.4384617960877904,-0.2561834005802995,-0.071276819620395,0.8845818202205625,0.7386115035211134,0.18983678465842097
Ube3a,0.0027786850681888,0.009501095540355,0.0978412151825437,-29.083753461840782,-27.49593901381288,0.0,0.1892789856124037,0.0,0.025859005270075664
Klf13,0.0393640263447279,0.2939626650378599,0.9079337295311132,-0.424722497229847,-0.1804862418939482,0.4187893989734362,0.6868802081870735,0.6090772893690755,0.40771833235136123
Selenos,0.0036211088724564,0.0434205798404524,0.2207435730732253,-29.422713193663743,-29.118921990057636,-28.34165966216684,0.5830005435448016,0.0,0.08781145196784229
Mef2a,0.0008885929513129,0.0092079327359871,0.1110514202640834,-29.68455188528733,-1.5239815436518969,-0.4334213642788389,0.8004026906527142,0.2674903306048817,0.025859005270075664
Arrdc4,0.0043223142587243,0.0480139728942661,0.3519631185845171,-29.16180397587879,-27.71987453371016,0.0,0.2210618034470937,0.0,0.09405334517166845
Chd2,0.0001720247930818,0.0009361006688602,0.0127264932339823,-29.509461080836463,-29.296622253655546,-28.86329743313922,0.6594199306218242,0.0,0.010268740670527042
1810026B05Rik,0.0007335473709934,0.009501095540355,0.088567502575371,-29.03001561596644,-26.79139157343469,0.0,0.1161482004570815,0.0,0.025859005270075664
Akap13,0.038707628800508,0.5713582599031516,1.0,-0.1559773045843037,-0.0413872353043185,0.0833852237674516,1.1322781191461735,1.1011313909336211,0.6566085399521933
Furin,0.0174080378282394,0.1513756600246135,0.6993022710519221,-28.550731000831348,-26.79139157343469,0.0,0.1161482004570815,0.0,0.23825212577786992
Iqgap1,0.0978804477256489,0.5208065412399778,0.8521179645947434,0.0102533233595097,0.0741950125642774,0.1652749486289823,1.6653894044505702,1.7534600512450589,0.6218072820873086
Sec11a,0.0007335473709934,0.009501095540355,0.088567502575371,-28.72432251446462,-26.849643454841427,0.0,0.120933897362515,0.0,0.025859005270075664
Rps17,0.1568627450980392,0.6238787012780821,1.0,-0.081256201246124,-0.0339210553335313,0.0322223670951493,2.2341848276565424,2.177831937824789,0.6856226164622518
Tm6sf1,0.2372350559657061,0.7344923394458999,1.0,-0.1845414367052367,0.0184245077774783,0.226222068954364,0.8563164449428946,0.8743617088232765,0.7498201547642859
Ctsc,0.0029848376597602,0.0073033261887751,0.0573787409700722,-0.4270998761212659,-0.3435110666659723,-0.2560904190396502,2.6942990495503176,2.123884973157697,0.025859005270075664
Picalm,6.35071842502183e-05,0.0073033261887751,0.1354850361197105,0.0784418412278112,0.1325654984837562,0.1892155842683835,1.6432539068621923,1.8028237228581336,0.025859005270075664
Pcf11,0.0007335473709934,0.009501095540355,0.0480139728942661,-29.02383015128113,-27.752807401348303,0.0,0.2261660899141632,0.0,0.025859005270075664
Prcp,0.0573787409700722,0.5713582599031516,1.0,-0.2202571481254943,-0.0053140677365633,0.2814750615011512,0.8310741079002932,0.8280396948071699,0.6566085399521933
Ndufc2,0.015860919266492,0.2082876875446535,0.8506311026434865,-0.4079284743870897,-0.237587776882245,-0.0208189539002045,1.0402512788288716,0.8809086927843603,0.3090169790621498
Pak1,0.0001720247930818,0.0027786850681888,0.009501095540355,-29.353069983109098,-28.82100151559734,-27.106240845973534,0.4742266544622082,0.0,0.015103363283548733
Acer3,0.0027786850681888,0.009501095540355,0.0298677932975399,-28.44344587205389,-26.72177866725089,0.0,0.1106768811737992,0.0,0.025859005270075664
Uvrag,0.0027786850681888,0.009501095540355,0.1223341709161366,-28.55456900812249,-26.991751133553123,0.0,0.1334525029169147,0.0,0.025859005270075664
Rps3,0.0473446058585377,0.2379772961816305,0.7920774787647853,0.0164153881325134,0.0697290707958856,0.1173844243520776,2.480932734854105,2.6028036698539,0.342944988924165
Spcs2,0.0201317774073192,0.2347782495776725,0.9078907895431816,-0.0155209782964048,0.1423073607482335,0.3433505782053504,0.7501685908360386,0.8260836189421605,0.342944988924165
Ucp2,0.0021592442645074,0.0314201794077955,0.1813447646264983,-0.2601793168799909,-0.1952868831382343,-0.1192172220397949,1.8832957716381495,1.64467891589453,0.06698530592239087
P2ry6,0.2109355616159889,0.531643923280555,1.0,-0.9829022802981794,-0.2265033168271207,0.0405951392623484,0.7181235968049291,0.6144762782661572,0.6339100798009253
Arap1,0.0001720247930818,0.0027786850681888,0.009501095540355,-29.23018124842397,-28.643101880267743,-26.55928615155001,0.4192111581803189,0.0,0.015103363283548733
Lamtor1,0.0001720247930818,0.0001720247930818,0.0007335473709934,-29.50238815461925,-29.253863738776257,-28.89344795071697,0.6401628592056665,0.0,0.007037632866909919
Il18bp,0.0007335473709934,0.0027786850681888,0.0298677932975399,-29.25446996440129,-28.261222226617804,0.0,0.321718179858078,0.0,0.015103363283548733
Nup98,0.0029316408379423,0.0490556423358853,0.5622453293122838,0.1120641651990246,0.6257484030589731,2.3814256214361005,0.484248835370595,0.7447422204888454,0.09557665514311345
Rhog,0.0029848376597602,0.1349368897356513,0.8506311026434865,-0.0056592854916206,0.1493656638418726,0.4050080488907205,0.8330966215329725,0.9260216741785368,0.21480718594681517
Timm10b,8.600635107884218e-05,0.0001762973367313,0.001733213021381,-29.655484443606003,-29.517376053186503,-29.312935790400232,0.768449946573481,0.0,0.007037632866909919
Taf10,0.0895124226007759,0.4268635389378423,1.0,-0.2520677415724984,-0.1305410666886242,0.0760747239189713,0.879957983155955,0.8054173459450225,0.5399182428214497
Tpp1,0.000975934543285,0.0060568372158396,0.0136230507097753,-29.82977620802332,-29.694265496880806,-29.5185262416806,0.8686895822472888,0.0,0.025859005270075664
Eif3f,0.0824958323410335,0.496737318409145,1.0,-0.2677843870128473,-0.1260485389930705,0.0225517159351231,1.2797986790444025,1.1694684684748888,0.6128797180099198
Rpl27a,0.2702706993728666,0.6784313725490196,1.0,-0.0459130468430195,-0.015350522230611,0.0144277296399352,3.289196087302358,3.254961499761163,0.717266813267363
Dennd5a,3.529139494825728e-05,0.0007335473709934,0.009501095540355,-29.245576536499254,-28.91371983973286,-26.991751133553123,0.5057046617579397,0.0,0.008403295832266164
Eif4g2,0.0001905215527506,0.004096213384139,0.0690958164642375,0.1454258268129754,0.2547633501038994,0.3810465243033673,1.234803641481835,1.4736304124045911,0.019614143453152353
Copb1,0.0032593368359413,0.0289716879531278,0.2585335341795734,-28.94866413443282,-28.405937695937634,0.0,0.3556635018488732,0.0,0.06434203091430836
Psma1,0.0020527232777102,0.0265593042074621,0.1892992055774022,-29.436851327195026,-29.11298455077798,-27.99533510243142,0.5806061240732853,0.0,0.05942192906737503
1110004F10Rik,0.0027786850681888,0.009501095540355,0.0298677932975399,-28.99984875761436,-27.539966374853897,0.0,0.1951443385328545,0.0,0.025859005270075664
Rps13,0.004096213384139,0.0978804477256489,0.6784313725490196,0.0151236055932742,0.057483452200603,0.1130254781612677,2.944491825286669,3.06031891413287,0.16511054089787933
Rps15a,0.0473446058585377,0.3634436770659681,0.9699293482575216,-0.0102872091704401,0.0352821716976247,0.0797063512728085,3.016663686724592,3.094567872476797,0.4808721165858203
Arl6ip1,0.0157743907279511,0.4726680955783123,0.9699293482575216,-0.3755467448633781,-0.1156107481509523,0.1390150904928307,0.9455149707746384,0.8723010690554408,0.5858093703902911
Smg1,0.0007335473709934,0.0027786850681888,0.0298677932975399,-29.075090885791425,-28.019705796305438,0.0,0.2721271747322367,0.0,0.015103363283548733
Itpripl2,0.037650276439806,0.3678756913689345,1.0,-27.80811879923901,-26.601600549271083,0.0,0.1018309261624297,0.0,0.4853170563977926
Gde1,0.0763383804326096,0.3225593316295753,0.869620790844832,-29.152442979402966,-28.48808929521251,0.2382981041801421,0.42657382964192,0.0,0.4399641222679211
Igsf6,0.0331803938153168,0.1736964858864386,0.6671736522987992,-1.5333067743058464,-0.2907912876696417,0.0645312773316488,0.7306652710493287,0.6079960207222226,0.2688347439067792
Ndufab1,0.0012730863420067,0.0079084084763313,0.0674951717858581,-29.32572937818865,-29.06449110073189,-28.054891727456774,0.5614145051963287,0.0,0.025859005270075664
Prkcb,0.0007335473709934,0.009501095540355,0.088567502575371,-28.824762003469093,-27.189841473940056,0.0,0.1530938899581185,0.0,0.025859005270075664
Rbbp6,0.2168320175010968,0.7274683619586189,1.0,-0.105472507762308,0.0866321911387925,0.5538924480835316,0.6719938476463633,0.7164468258443822,0.7498201547642859
Arhgap17,6.034243330066384e-05,0.0011483811028681,0.0211130810184994,-29.54771551916339,-29.412662082289145,-28.60049766480901,0.7146502311053013,0.0,0.01194580342638656
Il4ra,0.2379772961816305,0.7283560871056942,1.0,-0.1484149852016126,0.0809896082856722,0.3643256514295325,0.7688313618947075,0.8151954675826495,0.7498201547642859
Il21r,0.0001720247930818,0.0035319278065916,0.0516126376600038,-29.29866576216867,-29.02499786812571,-28.05423228257099,0.5462544420384112,0.0,0.017856953435560884
Eif3c,0.0690958164642375,0.343145193299992,0.9699293482575216,-0.2727678026570798,-0.1362874812595333,0.0942054317798905,0.8685372159922099,0.7894640006399105,0.4566858822595482
Bola2,0.023363841563721,0.1819959085278635,0.8465908220029265,-29.17644351954318,-0.329595706405505,0.6949698868921119,0.6687652971494003,0.5309249985417239,0.2758899450883023
Coro1a,0.0573787409700722,0.4268635389378423,0.9699293482575216,-0.2179159172243653,-0.0958694096813582,0.0518551513441155,1.2871002444904338,1.20444449779578,0.5399182428214497
Gdpd3,0.0978804477256489,0.5208065412399778,1.0,-0.0655193202778674,0.1413693777783642,0.3084969266624874,1.4167205967565877,1.5633490109602124,0.6218072820873086
Ypel3,0.0007335473709934,0.0027786850681888,0.009501095540355,-29.129350524758816,-28.540982635512663,-26.43396795790907,0.3905637013728732,0.0,0.015103363283548733
Aldoa,0.0252441057394617,0.1813447646264983,0.6238787012780821,-0.311020998010476,-0.1996556660019293,-0.0707297819188727,1.304996792536925,1.1417051235478677,0.2751332975473277
Itgal,0.0007322945583869,0.0174080378282394,0.1992519310298355,-29.057175832036627,-28.16043309163774,0.0,0.3000095296099465,0.0,0.04240719847794524
Fus,0.2379772961816305,0.7344923394458999,1.0,-0.172410731512652,0.0025087354087522,0.1677777942047654,0.9579000431201464,0.9624319658070613,0.7498201547642859
Pycard,0.0001529566816353,0.0003348594455668,0.0024538461290358,-30.119419160739263,-29.95940459338726,-29.692144071129537,1.0440159718399626,0.0,0.008403295832266164
Itgam,0.0040114305565442,0.0200474885286189,0.1837871594137701,-29.68464354305021,-0.8624495786884812,-0.308924917988524,0.8121015818725086,0.4700446382661279,0.047396122152906395
Itgax,0.0133949167537699,0.1853939469443623,0.8685181258352878,-28.62693958179736,-26.72177866725089,0.0,0.1106768811737992,0.0,0.2805711069977389
Rgs10,0.0073033261887751,0.0573787409700722,0.3053901722632373,-0.4631629223132554,-0.3231846227666449,-0.1890230695439396,1.4953009516059623,1.1961514743630113,0.10801853593650658
Ptpre,0.0006834348667358,0.0023050978559082,0.0098787108853839,-29.398278657832563,-29.24495594199036,-28.99079273540989,0.6362224060475534,0.0,0.015103363283548733
Ifitm2,0.1349368897356513,0.6784313725490196,1.0,-0.0887195015924995,-0.017523283182146,0.0581211763273277,2.1158883544432303,2.0974829643118875,0.717266813267363
Ifitm3,0.0978804477256489,0.5713582599031516,1.0,-0.1246030422767236,0.0104340257014609,0.2421095233915897,1.3637373428962023,1.3685287825488723,0.6566085399521933
Rnh1,1.5876796062554575e-05,0.0007144558228149,0.0201317774073192,0.2532160645321594,0.4396213941250558,0.6716997813512129,0.7448382210333234,1.0065081838623346,0.008403295832266164
Taldo1,0.1813447646264983,0.6784313725490196,1.0,-0.1147844644965636,0.0084265584270148,0.1962975258145892,1.1154323460408526,1.1204928251320705,0.717266813267363
Rplp2,0.1349368897356513,0.5208065412399778,0.9699293482575216,-0.0290984129169151,0.0175527117038727,0.0601635734980241,2.9082356301586976,2.941354453761519,0.6218072820873086
Ap2a2,0.0027786850681888,0.009501095540355,0.0298677932975399,-28.80511826634275,-27.494679596709204,0.0,0.1891138244606487,0.0,0.025859005270075664
Ctsd,3.175359212510915e-05,0.004096213384139,0.0573787409700722,-0.6888380765628579,-0.5045344016550044,-0.2802705333097749,1.4404722484550176,1.0166080761486658,0.019614143453152353
Mrpl23,0.0001217557504524,0.0009361006688602,0.0133949167537699,-29.432619170651773,-29.18681619839488,-28.576728282665297,0.6110928175192046,0.0,0.010268740670527042
Cd81,0.1152655394141462,0.3543584984365135,0.7920774787647853,-0.5384907022828479,-0.3734711942831922,-0.1991053488469856,1.559110756419285,1.20425492619191,0.46988196495977247
Pet100,0.0027786850681888,0.009501095540355,0.088567502575371,-28.44052515676324,-27.15120428216984,0.0,0.1490482579429262,0.0,0.025859005270075664
Arglu1,0.0043495700900777,0.0174080378282394,0.1513756600246135,-29.02923078948685,-28.194785677890675,0.0,0.3072389052358705,0.0,0.04240719847794524
Rab20,0.0123997777248551,0.1568627450980392,0.6784313725490196,0.0697389779828373,0.2340384712218225,0.4794915564194519,0.922356928395941,1.0863849982236724,0.24421083304777733
Lamp1,0.0073033261887751,0.0690958164642375,0.2082876875446535,-0.2016921340589107,-0.151115999563788,-0.1061085527844324,2.4240745037569824,2.181818783780588,0.12543974704139405
Cln8,0.0027786850681888,0.0333863238295691,0.2870251802988596,-28.94472277700967,-27.908742464993868,0.0,0.2519814794718568,0.0,0.07059491370504682
Ikbkb,0.0130722697176655,0.1991048209933474,0.8685181258352878,-29.00336026811557,-27.22665677811508,0.0,0.1570508781487075,0.0,0.2995675195328003
Tm2d2,0.0007335473709934,0.0027786850681888,0.009501095540355,-29.132316351110973,-28.74685287971788,-26.980754908572223,0.4504691239245059,0.0,0.015103363283548733
Tacc1,0.0001720247930818,0.0027786850681888,0.037650276439806,-29.283092160553235,-28.82030844309904,-26.980754908572223,0.473998890098553,0.0,0.015103363283548733
Nsd3,0.0007335473709934,0.009501095540355,0.0298677932975399,-29.10943204616404,-27.9711443188353,0.0,0.2631208910798155,0.0,0.025859005270075664
Zfp703,0.1813447646264983,0.6784313725490196,1.0,-0.1546940700324882,0.1187659040291869,0.3347077370981056,0.7444225227621815,0.8155174388056577,0.717266813267363
Plpbp,0.0032593368359413,0.0480139728942661,0.3519631185845171,-29.07807267571035,-27.106240845973534,0.0,0.144474620157757,0.0,0.09405334517166845
Rab11fip1,0.0211509943557161,0.1242523979293443,0.3522675423008745,2.5130635019305902,29.23798039393568,29.34994259397556,0.0,0.6358241970648397,0.20297548759215991
Leprotl1,0.0001720247930818,0.0007335473709934,0.009501095540355,-29.112058359995245,-28.817365181739167,-26.72177866725089,0.4730328643863727,0.0,0.008403295832266164
Saraf,0.0035729616071004,0.0312774598307818,0.2484670041644341,-29.325730218258855,-29.0515505059394,-2.447948973786205,0.5592507299345897,0.0,0.06698530592239087
Msr1,0.0108361377218406,0.0636286676217824,0.2838788176757985,-29.53016360318194,-29.375115236537333,-0.9954930440406392,0.7119450467518736,0.0,0.11848548188829851
Asah1,0.004096213384139,0.0054933714376438,0.0473446058585377,-0.3627190595856046,-0.2681191917943639,-0.1703017816100272,1.3879742277070326,1.15120670196494,0.02437010368170411
Slc25a4,0.0001720247930818,0.0027786850681888,0.0298677932975399,-29.181063518891825,-28.194596262988703,0.0,0.3071986971359562,0.0,0.015103363283548733
Hmgb2,0.0027631497736189,0.0218317488739345,0.1593172111499421,-0.6962078768310116,-0.4802754618646182,-0.2003876421314357,1.0606621344157356,0.7662498488993801,0.05092199157451217
Atp6v1b2,0.4115694846036937,0.7868234305012446,1.0,-0.1031934576275518,0.0867819192038443,0.3466811661490797,0.6509277248909311,0.6934217905578595,0.7955939159624091
Ndufa13,0.0073033261887751,0.2082876875446535,0.9116011748829072,-0.2794705734056931,-0.1429427895275195,0.0164409085917573,1.1924383820006674,1.0795090744706664,0.3090169790621498
Rex1bd,0.0001720247930818,0.0027786850681888,0.0298677932975399,-28.98078245404289,-28.366773229975397,0.0,0.3461382729407644,0.0,0.015103363283548733
Uba52,0.0052733146843808,0.085410464849813,0.3812717308922573,-29.61740280043624,-1.3425511787813444,0.1676381944626055,0.74319067228612,0.265281188539538,0.1492209858862563
Fkbp8,0.0001720247930818,0.0007335473709934,0.0027786850681888,-29.236610418300096,-29.06513320364206,-28.11650767976644,0.5616645009516771,0.0,0.008403295832266164
Lrrc25,0.0006255118296727,0.0046673221553265,0.0263812634735321,-29.39519743007527,-29.166345272121735,-28.939808679018,0.6024830137217148,0.0,0.021829077780726007
Jund,0.015860919266492,0.1349368897356513,0.5208065412399778,-0.206080979744228,-0.1020671010700143,-0.0038866049677454,1.934195850990624,1.8108783877665888,0.21480718594681517
Ifi30,0.2082876875446535,0.7344923394458999,1.0,-0.0327285762902203,0.0389418817531973,0.1123613897073572,1.9728082128232172,2.02715109985204,0.7498201547642859
Rpl18a,0.0978804477256489,0.3837421608319441,0.910105580693816,-0.0669873647659076,-0.024032447814124,0.0108113072336124,2.949793056952835,2.90049981839761,0.49541605642355124
Use1,0.0007335473709934,0.0170206894817602,0.2049892224528732,-29.07193218845877,-28.364471801653988,0.0,0.3455865424600343,0.0,0.04204015295610162
Bst2,0.2028472404323827,0.5626868690234494,0.9699293482575216,-0.3020215952538748,-0.1283714088290909,0.0649331084539691,0.9302414601740274,0.8565130573936839,0.6566085399521933
Pgls,0.0046591558569937,0.0391489942439858,0.173817623591589,-29.410606765885618,-29.20806911703849,-28.83768629221344,0.6201617358858883,0.0,0.07988689919009505
Tpm4,0.0029848376597602,0.0201317774073192,0.2379772961816305,0.1077794600196467,0.322724996953972,0.5602454130599225,0.8868704046658991,1.110563214185635,0.047396122152906395
Fam32a,0.0007335473709934,0.009501095540355,0.0298677932975399,-29.078482993722567,-27.91413129285089,0.0,0.2529244772722978,0.0,0.025859005270075664
Sin3b,0.0067341442234306,0.1060951416416458,0.5768654408307012,-29.30704329153768,-2.20763754755034,-0.1958210073708739,0.6201049802659511,0.1304982437297475,0.177643114127085
Smarca5,0.0573787409700722,0.5208065412399778,1.0,-0.1125601574790492,0.0913796822685954,0.3023717409629221,0.841342596047579,0.8927721900717335,0.6218072820873086
Tbc1d9,0.4916001149710901,0.8327859255946153,1.0,-29.158541770733443,-28.010296696445305,0.8818472860426638,0.3085342770065197,0.0,0.8341685253604061
Ndufb7,0.0123997777248551,0.2379772961816305,0.9699293482575216,-0.2487667398913099,-0.1163802987650938,0.0266578030339918,0.9506805268487676,0.8745739154689149,0.342944988924165
Tecr,0.0007335473709934,0.009501095540355,0.088567502575371,-28.901479646922407,-27.678002515547536,0.0,0.2147380352573297,0.0,0.025859005270075664
Pkn1,0.0007335473709934,0.0027786850681888,0.0298677932975399,-28.980910093949586,-27.93241914713053,0.0,0.256150974857199,0.0,0.015103363283548733
Adgre5,0.0001111375724378,0.0473446058585377,0.7344923394458999,0.0478862388535701,0.2893731375450444,0.4808643067698623,0.7144315026539427,0.8727356677948866,0.09375682341789195
D8Ertd738e,0.0473446058585377,0.3053901722632373,0.910105580693816,-0.0162875808123959,0.1142120910050402,0.2987796265760457,1.1112953730080348,1.2024464041044374,0.4178051487501583
Ier2,0.0001720247930818,0.0001720247930818,0.0027786850681888,-29.71831320032666,-29.31098627032385,-28.799938171399265,0.666018157283176,0.0,0.007037632866909919
Calr,0.0978804477256489,0.4268635389378423,0.9699293482575216,-0.0445682766947249,0.0740170796251254,0.2566617387324797,1.6890878791241049,1.7760244983885876,0.5399182428214497
Prdx2,0.1403112941755949,0.5028277071539042,1.0,0.0069635174468155,0.4001894740098652,2.506751039957226,0.4967270924647175,0.6459248185525949,0.6195494553768323
Junb,0.0095578312296578,0.2082876875446535,0.910105580693816,-0.0027971914924993,0.0303535647286791,0.0882008388801409,2.990695769341925,3.051543539220204,0.3090169790621498
Trir,0.0824958323410335,0.6238787012780821,1.0,-0.2432125725460047,-0.0267759771986218,0.1048819474843254,0.7109520794701555,0.7002690852006046,0.6856226164622518
Man2b1,0.015860919266492,0.122681892061482,0.5208065412399778,-0.5202624630430027,-0.3283616648210068,-0.0900719553415329,1.0655257903599713,0.8499296128272924,0.2005909888268134
Vps35,0.0035319278065916,0.0160894282812627,0.0674459761625369,-29.327909547597887,-29.189252593962298,-28.93563524906449,0.6121256540783337,0.0,0.03989296601244587
Dnaja2,0.1502475799802687,0.6564077338807045,1.0,-28.71395559191932,-0.1219611817084305,1.0315243150475903,0.5852280433258921,0.5458938848730582,0.717266813267363
N4bp1,0.0488002359715315,0.2614677393748564,0.7843493017003418,-0.5996004987815798,-0.1380490469739161,0.1594052377310043,0.678897113871543,0.6308330041641587,0.3720570819720834
Snx20,0.069716785684335,0.2628192489331313,0.7863688891690132,0.0932834591438012,0.2704850836335132,0.46196118478922,0.7996862269896103,0.9639777613797772,0.37260636062802477
Lpcat2,0.0143349236323432,0.0946475624588327,0.4143554061444077,-0.7493057460580904,-0.3842318548640232,-0.1467456912744519,0.9240294459722432,0.7127282887334505,0.16456492608115963
Mt1,0.0314201794077955,0.2702706993728666,0.910105580693816,-0.0186180679814791,0.0993342583620816,0.2007290641810996,2.0337999073482447,2.1791477310679914,0.37717036689659866
Herpud1,0.0022206758115434,0.0440591665839547,0.3311849615084903,-1.0492036135486151,-0.496714448439494,-0.1092330556518072,0.8760372660957607,0.6240277276620082,0.08900345035374778
Cmtm3,0.0007335473709934,0.0027786850681888,0.0298677932975399,-28.986205982896717,-28.010522647484592,0.0,0.2704005119442455,0.0,0.015103363283548733
Atp6v0d1,0.0690958164642375,0.3589564923966421,0.9699293482575216,-0.1057304683704177,0.1489361410677,0.3586505272314749,0.7402406515852651,0.8238973117307054,0.47563049138940133
Psmb10,0.0011754406106422,0.0134733445921782,0.0803998392271052,-29.901636275803675,-1.926850121025252,-0.5791330069233243,0.8536565230422485,0.2395967019247817,0.03420302063372026
Pla2g15,0.0007335473709934,0.009501095540355,0.0298677932975399,-28.993618942778387,-27.885110403652103,0.0,0.2478875197526552,0.0,0.025859005270075664
Nfat5,0.0006238547844523,0.0130722697176655,0.1773491205528489,-29.435409848923246,-29.16708131734306,-28.30714016426586,0.6027904798939852,0.0,0.03365691065287988
Zfhx3,3.529139494825728e-05,0.0001720247930818,0.0007335473709934,-29.70494599844631,-29.54865686130839,-29.36086287454556,0.7852935821215659,0.0,0.007037632866909919
Ist1,0.0098748436651656,0.1295450020706858,0.6701526554660717,0.1097027563081999,0.7321894175940966,29.235627327085005,0.3994046615227608,0.6617690817518018,0.21104991336448364
Gabarapl2,0.0003358190952205,0.0015404776337769,0.0050666118127268,-29.490754739895507,-29.3570348103523,-29.225070056485528,0.687619304963209,0.0,0.014390396648445412
Maf,0.0007335473709934,0.0007335473709934,0.0029467453299928,-29.668857288643647,-29.351191296503064,-28.458837969239063,0.6848397941957618,0.0,0.008403295832266164
Cmip,0.0075721656792071,0.0815766989182437,0.5681936364839564,-29.09318983200933,-28.312189769847684,0.0,0.334022531200425,0.0,0.14454739258206256
Hsbp1,0.0006056643678553,0.0051351318928053,0.0475871965527543,-29.67363301115136,-29.38426113492332,-0.5868619898429338,0.752673939355364,0.0,0.023710685525453044
Cotl1,1.5876796062554575e-05,0.0073033261887751,0.2082876875446535,-0.364116715001744,-0.2057994454483213,-0.087966777082332,1.425027074083871,1.2373246799318212,0.025859005270075664
Cox4i1,0.0385254425656902,0.3053901722632373,0.9699293482575216,-0.097341879760282,-0.0590680897084686,-0.0091741456875292,2.216062045680151,2.1280654497789326,0.4178051487501583
Irf8,0.0054933714376438,0.1568627450980392,0.8506311026434865,-0.4384062490894758,-0.1878901044926894,0.0236451465358064,1.29714117306772,1.1397821671253088,0.24421083304777733
Map1lc3b,0.1349368897356513,0.6238787012780821,1.0,-0.1049670927097593,0.0188403083317925,0.1212544056958762,1.170496324159115,1.1864066629687624,0.6856226164622518
Cyba,0.0201317774073192,0.2082876875446535,0.6798328967214403,-0.1113363817438898,-0.0487545091108912,-0.0086863943057463,2.48248869420783,2.40189816250461,0.3090169790621498
Aprt,1.5876796062554575e-05,0.004096213384139,0.0978804477256489,0.235230491985991,0.5437983082018523,0.9113217311973628,0.7391901803958962,1.080310498990715,0.019614143453152353
Trappc2l,3.529139494825728e-05,0.0007335473709934,0.0133949167537699,-29.23688136300592,-29.03581046896036,-27.881971432946028,0.5503646500366552,0.0,0.008403295832266164
Ankrd11,0.1349368897356513,0.6784313725490196,1.0,-0.1167608164492156,0.0023452372717145,0.1325905107825461,1.1576925501906974,1.1637772575268313,0.717266813267363
Rpl13,0.0054933714376438,0.0690958164642375,0.4268635389378423,0.041031240759599,0.0692417647930683,0.1089687465585971,3.32337967714179,3.4876805430785485,0.12543974704139405
Tcf25,0.2076141144716996,0.7314242132757971,1.0,-0.1149536384030035,0.0608458739590589,0.351969255259061,0.8814807764311583,0.920602292256216,0.7498201547642859
Ntpcr,0.0007335473709934,0.0027786850681888,0.0298677932975399,-29.37401661392408,-28.322534896863285,0.0,0.3356854796582782,0.0,0.015103363283548733
Irf2bp2,0.0007144558228149,0.0473446058585377,0.4268635389378423,-0.503347893227846,-0.3510412569715633,-0.109310644760199,1.3980402869063049,1.100589692161286,0.09375682341789195
Tomm20,0.004096213384139,0.0824958323410335,0.6784313725490196,0.0646418773945592,0.2093684414472198,0.3678061567683707,1.3210093148335251,1.5281145232571327,0.14454739258206256
Itgb1,0.0007144558228149,0.0824958323410335,0.8506311026434865,-0.3642726554481966,-0.2026418718793017,-0.0432987875194884,1.2232734927622977,1.0616820034612025,0.14454739258206256
Dcun1d5,0.0032593368359413,0.0480139728942661,0.3519631185845171,-28.656642513229198,-26.72177866725089,0.0,0.1106768811737992,0.0,0.09405334517166845
Tmem123,0.0201317774073192,0.2379772961816305,0.910105580693816,0.0098196133262751,0.2244356313880191,0.4463990455971404,0.8642831566330357,1.007110975563508,0.342944988924165
Birc3,0.0300726318400439,0.2605614339576592,0.936468000897405,-29.210939331230666,-0.9646438231517218,0.2258027228542936,0.5788119297022507,0.282355767379379,0.37135133501052214
Cwc15,0.0108361377218406,0.0834045094198544,0.4591881861735847,-29.26644965098408,-28.9579494605982,-27.30984634006901,0.5223768741724553,0.0,0.1459982224854318
Ubl5,0.038707628800508,0.5208065412399778,1.0,-0.075780143771985,0.0152712920973257,0.1193573792624611,1.4168862973203926,1.43344859485288,0.6218072820873086
Icam1,0.0007335473709934,0.009501095540355,0.088567502575371,-29.17196107950568,-27.95832918767376,0.0,0.2607928692391185,0.0,0.025859005270075664
Cdc37,3.529139494825728e-05,0.0001720247930818,0.0032593368359413,-29.086010329703488,-28.822309183320225,-27.75239608276974,0.4746566913052457,0.0,0.007037632866909919
Acp5,0.0035547256400419,0.0137700451484554,0.141176505580472,-0.963596488807024,-0.7487223847608288,-0.4956153806946657,1.41154353447494,0.8395199822594612,0.034839515706095246
Sept7,0.0073033261887751,0.343145193299992,0.9699293482575216,-0.072984947913961,0.1836851985787739,0.4369629905831876,0.6170019685684672,0.7024035712637613,0.4566858822595482
Aplp2,0.057408745689152,0.2657669625640667,0.7605323733294866,-29.12926959371373,-28.568036727720543,0.0,0.3979568377245835,0.0,0.37581109550075054
Fli1,0.009501095540355,0.009501095540355,0.0298677932975399,-28.05600303749182,-26.748652425338435,0.0,0.112757832697237,0.0,0.025859005270075664
Hspa8,0.0157743907279511,0.2379772961816305,0.910105580693816,-0.1025834215423154,-0.0493800629425337,0.0133387793493632,2.33552984281886,2.26117413952766,0.342944988924165
Sorl1,0.0027786850681888,0.009501095540355,0.060676213535144,-28.58737080394209,-27.757032129208387,-26.43396795790907,0.2268293559083842,0.0,0.025859005270075664
Cbl,0.0335975653949324,0.1996030161831719,0.5622453293122838,-0.4773196608691379,-0.259928461880893,-0.0042894940971756,0.755452965529008,0.6343167968962122,0.29957003258005066
Rps25,0.343145193299992,0.7920774787647853,1.0,-0.0379215746057073,-0.008173523843633,0.0359810743472961,2.594648835220553,2.580808325686105,0.7955939159624091
Ddx6,0.004096213384139,0.0201317774073192,0.2379772961816305,0.1726382985905428,0.3972392974310927,0.5856755171481791,0.9121972360734284,1.1980522206061974,0.047396122152906395
Arcn1,0.0174080378282394,0.060676213535144,0.4198490637342591,-28.43458495864028,-26.752752288847915,0.0,0.1130830449570816,0.0,0.11333740608731749
Atp5l,0.015860919266492,0.1152655394141462,0.5713582599031516,-0.147147885112521,-0.0769498000950779,-0.0258305733895297,2.0464939658886525,1.9416308425841136,0.18983678465842097
Il10ra,0.0027786850681888,0.0292545655864068,0.2914741136837093,-28.920858366552167,-27.189841473940056,0.0,0.1530938899581185,0.0,0.06449544910036091
Cadm1,0.0027786850681888,0.009501095540355,0.088567502575371,-28.91447928526332,-26.831474712134323,0.0,0.119420452545871,0.0,0.025859005270075664
Rbm7,8.600635107884218e-05,0.0010531774138967,0.0108361377218406,-29.528157759468296,-29.33490844604975,-29.1399357957203,0.677153865062079,0.0,0.011259526657929186
Sdhd,0.0027275566257589,0.009501095540355,0.088567502575371,-28.902240843384792,-26.991751133553123,0.0,0.1334525029169147,0.0,0.025859005270075664
Timm8b,0.0043495700900777,0.0480139728942661,0.2871364036334807,-29.02604100633936,-27.842297728419283,0.0,0.2406394147360892,0.0,0.09405334517166845
Rdx,0.0027786850681888,0.009501095540355,0.088567502575371,-28.45549877570511,-26.676869544246244,0.0,0.1072847316352172,0.0,0.025859005270075664
Psma4,0.0110508192098248,0.0534444192530722,0.2284401293091837,-29.62311481411564,-0.9929441798932273,-0.2528292895604658,0.76528462668299,0.3855079746261172,0.10345925010487775
Cox5a,0.0201317774073192,0.4268635389378423,0.9699293482575216,-0.1793731051159958,-0.0778670298549639,0.0275959097261221,1.6244638304861023,1.538089877175375,0.5399182428214497
Scamp2,0.0001720247930818,0.0001720247930818,0.0007335473709934,-29.61029832712289,-29.357667954643823,-28.83574665704227,0.687921141298648,0.0,0.007037632866909919
Nptn,0.0802281043620933,0.5028277071539042,1.0,-29.112658697829172,-0.1653420891300615,0.2570855910289262,0.6075903702162222,0.5455941385942269,0.6195494553768323
Arih1,0.2282245285150198,0.7264717268578031,1.0,-0.1447500484340013,0.0835494049319121,0.5673221245132133,0.6369193294236277,0.6738063321798271,0.7498201547642859
Hexa,0.0003016591251885,0.0573787409700722,0.5713582599031516,-0.3065272360731726,-0.1967645053070029,-0.0539062606940933,1.2792137572844249,1.1145051357902689,0.10801853593650658
Pkm,0.0312657775660871,0.1813447646264983,0.8506311026434865,0.0315343627230867,0.1830416414957836,0.3553707272377965,1.1015687215082712,1.2512478154564677,0.2751332975473277
Rplp1,0.1568627450980392,0.6784313725490196,1.0,-0.0220424594163827,0.0020162702702449,0.0327494049403154,3.605068207235605,3.6096333750628182,0.717266813267363
Anp32a,0.0027786850681888,0.009501095540355,0.088567502575371,-28.55184485521176,-26.979738268106324,0.0,0.1323458996738797,0.0,0.025859005270075664
Rpl4,0.1152655394141462,0.6238787012780821,1.0,-0.100645560426127,-0.0366735652134533,0.0264937048758639,1.8945671202683112,1.8465798192754477,0.6856226164622518
Rab11a,0.0012730863420067,0.0174080378282394,0.1513756600246135,-28.95203828094164,-28.3839815261189,0.0,0.3502931840071069,0.0,0.04240719847794524
Dennd4a,0.069716785684335,0.4177118661563722,0.9699293482575216,-0.0530443289945644,0.2415193304645055,0.7999881532783234,0.8268939429663388,0.9782007431285296,0.5365922482207478
Spg21,0.0007195093065456,0.0027786850681888,0.0298677932975399,-29.158088753077724,-28.465724153500155,0.0,0.3707121475847735,0.0,0.015103363283548733
Plekho2,0.0029641978248789,0.0978804477256489,0.6238787012780821,-0.522752889558124,-0.2488786691213177,0.0155798533667288,1.0063800339642892,0.8485490066126963,0.16511054089787933
Ppib,0.0573787409700722,0.5713582599031516,1.0,-0.1744923553061191,-0.0427525372347346,0.1246033071599349,1.2677907387071174,1.2316653225938574,0.6566085399521933
Rab8b,0.0007144558228149,0.0123997777248551,0.1152655394141462,0.2552145530556657,0.3787347085521957,0.444768201202843,1.141494129893025,1.4799659900854825,0.03229294630501832
Rps27l,0.0095578312296578,0.0314201794077955,0.3053901722632373,0.0983868723681469,0.1792340913969914,0.2676686036202038,1.3216490473704314,1.4990048939844387,0.06698530592239087
Vps13c,0.0027786850681888,0.009501095540355,0.0298677932975399,-29.017156893839037,-27.86307071736072,0.0,0.244129384090714,0.0,0.025859005270075664
Bnip2,0.0012730863420067,0.0102029298672555,0.0674459761625369,-29.38842306552533,-29.150411094263312,-28.24637024487873,0.5958653403394174,0.0,0.027090250346061467
Adam10,0.0007335473709934,0.0027786850681888,0.0298677932975399,-29.21620678948212,-28.7523871159052,0.0,0.4522006603941427,0.0,0.015103363283548733
Arpp19,0.0108361377218406,0.0814252386094282,0.5087557841299859,-29.362324635346823,-1.270528732211351,-0.0134649732451086,0.6387886266886837,0.2607372262691725,0.14454739258206256
Myo5a,0.0007335473709934,0.0027786850681888,0.0298677932975399,-29.155456413599094,-28.1288977199424,0.0,0.2935228781006832,0.0,0.015103363283548733
Mapk6,0.2299505807347836,0.7264717268578031,1.0,-0.8905750931359592,0.0404745778565056,0.7003419833999246,0.5943850710537333,0.6193513389658065,0.7498201547642859
Tmod3,0.0027786850681888,0.037650276439806,0.4229493766189898,-28.381481228169445,-26.43396795790907,0.0,0.0906603215289297,0.0,0.07832988546672283
Eef1a1,0.015860919266492,0.0978804477256489,0.428008652853853,-0.0592146093002625,-0.0362812777270095,-0.0103977553291187,3.75674146832693,3.6648966956535713,0.16511054089787933
Cox7a2,0.0201317774073192,0.1813447646264983,0.7344923394458999,-0.2101724365489229,-0.1225161021711181,-0.0131308101237382,1.29928588976783,1.19177156972402,0.2751332975473277
Tmem30a,0.0027786850681888,0.0174080378282394,0.1406636387532514,-28.926580770477525,-27.842297728419283,0.0,0.2406394147360892,0.0,0.04240719847794524
Syncrip,0.0065278418616526,0.1006037656841813,0.5613582450978213,0.2297452810589415,1.5860874969559529,29.457285394765787,0.2410445829467632,0.7169096460202726,0.16907410945995188
Bcl2a1d,0.1348714179394879,0.6238787012780821,1.0,-0.2036876965884597,0.05498016605654,0.3442457168896357,0.8528220083907412,0.8847268118625277,0.6856226164622518
Bcl2a1a,0.0015241724220052,0.0690958164642375,0.6238787012780821,0.0922086549550411,0.4083898978743213,0.7484914677803195,0.8634899799003775,1.151034243184757,0.12543974704139405
Bcl2a1b,1.5876796062554575e-05,0.0004763038818766,0.015860919266492,0.1909832160306101,0.2849920801933979,0.4336504513222302,1.557630697723505,1.904857282891504,0.008403295832266164
Tmed3,0.0027786850681888,0.009501095540355,0.088567502575371,-28.016858585229528,-26.55928615155001,0.0,0.0988875895137382,0.0,0.025859005270075664
Ctsh,0.0003016591251885,0.015860919266492,0.1568627450980392,-0.2007533179570844,-0.1284289698368979,-0.0500930608477316,1.8402854618433064,1.6820408521186236,0.03938033452997328
Morf4l1,0.038707628800508,0.5713582599031516,1.0,-0.1228002229689,-0.0267771548144191,0.0636214113454292,1.503629558801995,1.4763349007537774,0.6566085399521933
U2surp,0.0007335473709934,0.009501095540355,0.0784585157148273,-29.186012691081,-28.314208186734472,-26.55928615155001,0.3337536057701608,0.0,0.025859005270075664
Atp1b3,0.1152655394141462,0.6238787012780821,1.0,-0.1344255851265751,-0.0260058584340823,0.1165456266589475,1.24675933609265,1.22567244631226,0.6856226164622518
Rnf7,0.0001720247930818,0.0027786850681888,0.0134710525997763,-29.191823169070343,-28.792077207965647,-26.831474712134323,0.4648136556910849,0.0,0.015103363283548733
Copb2,0.0007335473709934,0.009501095540355,0.088567502575371,-28.85688524010973,-26.694520459866308,0.0,0.108605388701089,0.0,0.025859005270075664
Anapc13,0.0027786850681888,0.009501095540355,0.0298677932975399,-28.76077882440498,-27.98626349226801,0.0,0.265891697162589,0.0,0.025859005270075664
Trf,0.3053901722632373,0.7344923394458999,0.9699293482575216,-0.1969723362266269,-0.0869119735328136,0.0748646636510388,1.588074284064505,1.4937297731319463,0.7498201547642859
Cdv3,0.0015241724220052,0.0201317774073192,0.1349368897356513,0.2122944451427999,0.446999800254212,0.8724961700835002,0.621421064274584,0.8543091826127371,0.047396122152906395
Rpl29,0.0021327309671185,0.0285790520850156,0.2818899644466004,-29.62142101576584,-1.5775672246350474,-0.229875637776458,0.7210895062127362,0.2526406621177825,0.06362617991866941
Manf,0.0004763038818766,0.0073033261887751,0.0573787409700722,0.1945882250446211,0.4527356713370236,0.6815565226954605,0.8414927501348035,1.1552855337992374,0.025859005270075664
Gnai2,0.0007144558228149,0.0123997777248551,0.1820183376994516,-0.1590771789599576,-0.1060048716995648,-0.049521170631593,2.0091153768903327,1.8678646023789187,0.03229294630501832
Rhoa,0.0095578312296578,0.1568627450980392,0.8506311026434865,0.0019580013168303,0.048347179762036,0.0991331521746519,1.544350347070489,1.5974458541487713,0.24421083304777733
Gpx1,0.0004719377629594,0.015860919266492,0.1813447646264983,-0.212401289325218,-0.1498248981088672,-0.0824058704471246,1.880749712346295,1.6939496608116924,0.03938033452997328
Impdh2,0.0027786850681888,0.009501095540355,0.088567502575371,-28.72644488490795,-26.676869544246244,0.0,0.1072847316352172,0.0,0.025859005270075664
Arih2,0.0035719357620876,0.0694138010953858,0.7039203384624914,-29.07196094153483,-28.58046761280889,0.0,0.4015362713817347,0.0,0.12589076150565962
Shisa5,0.0447818196211835,0.3341195270386536,0.970681114551083,-0.2645618196100826,-0.1146823760711895,0.0569859168145663,0.7153679180764565,0.6597256005124559,0.45476343492455185
Tma7,0.1349368897356513,0.6784313725490196,1.0,-0.1205981642718767,-0.0034407505973048,0.0984177110685994,1.2069163631175075,1.20492804361075,0.717266813267363
Ccdc12,0.0007335473709934,0.0102224535836243,0.1223341709161366,-29.223699725457816,-28.665046827290283,0.0,0.425636556615203,0.0,0.027090250346061467
Ccrl2,0.0002345546750104,0.0003168535922656,0.0004482953448531,-1.288241145136269,-1.1331049243695532,-0.9754966269720818,1.65534592361782,0.75442944367818,0.008403295832266164
Pdcd6ip,0.0487874848323117,0.2939626650378599,0.938276068097927,-0.3990791437684137,-0.158601713684,0.1873361555082223,0.6900188246104004,0.6166970842065289,0.40771833235136123
Cmtm6,0.0001720247930818,0.0027786850681888,0.0298677932975399,-29.105077592453583,-28.552643513575912,0.0,0.3937333046942077,0.0,0.015103363283548733
Cmtm7,3.529139494825728e-05,0.0001720247930818,0.0027786850681888,-29.272784570359885,-29.117887757644176,-28.41303888248537,0.5825827546345195,0.0,0.007037632866909919
Rps27rt,0.0027786850681888,0.009501095540355,0.037650276439806,-28.947553058859963,-27.64088837013824,-26.601600549271083,0.2092842297845422,0.0,0.025859005270075664
Tgfbr2,0.0003565717551321,0.0006255118296727,0.0017902749655317,-30.04562829648338,-29.86022803011126,-29.57678253158425,0.9745953029742976,0.0,0.008403295832266164
Itga9,0.0007335473709934,0.0027786850681888,0.0298677932975399,-29.165207165834275,-28.478005561584364,0.0,0.3738814252442473,0.0,0.015103363283548733
Cx3cr1,0.0007335473709934,0.0007335473709934,0.0027786850681888,-30.67167880777356,-30.496492326602045,-29.563436681727215,1.5148127523977075,0.0,0.008403295832266164
Csrnp1,0.0314201794077955,0.3346656880218249,0.969182212422568,-0.0704892512407379,0.199125609716816,0.6396750351077852,0.6562208551922246,0.7543445464868677,0.45476343492455185
Rpsa,0.1568627450980392,0.5208065412399778,0.9699293482575216,-0.0125954831506727,0.0322507970432105,0.0938027671182014,2.70519363715563,2.76508032448849,0.6218072820873086
Rpl14,0.2702706993728666,0.7344923394458999,1.0,-0.0443169598128073,0.0063346412595052,0.0561378648583493,2.1412621249166373,2.1496180356362924,0.7498201547642859
Ctnnb1,0.1677378966418669,0.6671736522987992,1.0,-2.249914286292788,0.0054266869198374,2.038006010446264,0.5158289112749952,0.5481074135464452,0.717266813267363
Nktr,0.0314201794077955,0.5208065412399778,1.0,-0.3347084100679794,-0.0648536138052092,0.1942498709803603,0.9130652644837552,0.8743384831306023,0.6218072820873086
Higd1a,0.0007335473709934,0.0298677932975399,0.4198490637342591,-28.82591106084084,-26.676869544246244,0.0,0.1072847316352172,0.0,0.0652907075707092
Lars2,0.2743295558591245,0.7802566569665166,1.0,-28.86246804773489,-0.4457069508291915,28.016578702392504,0.2798638958801289,0.2451700108484975,0.7938530349125323
Ccr1,0.0095578312296578,0.052361673414305,0.1813447646264983,0.113570419694811,0.3202698693668336,0.5476502674268781,1.2114404954067113,1.51819597912439,0.1016895159655494
Ccr5,0.0003016591251885,0.038707628800508,0.3837421608319441,-0.5560758645617682,-0.4446669335093948,-0.2276125391912087,1.19248013248493,0.8759210590926078,0.07907540420871273
Tab2,0.0168210442963698,0.2207435730732253,0.9034293146939671,-29.223665396092024,-28.74498746502727,0.0696663720902382,0.5045793555483212,0.0,0.32642636214259624
Sash1,0.0007335473709934,0.0007335473709934,0.0027786850681888,-29.829724852313824,-29.60819004977605,-29.095539111976493,0.8183768237816845,0.0,0.008403295832266164
Sf3b5,0.0001712003574158,0.0024238779803224,0.0133949167537699,-29.326364132617947,-29.155191304935716,-28.825324163679525,0.5978429488190148,0.0,0.015103363283548733
Fuca2,0.0007335473709934,0.009501095540355,0.088567502575371,-28.420470248473904,-26.43396795790907,0.0,0.0906603215289297,0.0,0.025859005270075664
Aig1,0.0007335473709934,0.009501095540355,0.088567502575371,-28.97496033977369,-27.675645210591007,0.0,0.21438744854949,0.0,0.025859005270075664
Abracl,0.0252441057394617,0.2082876875446535,0.6784313725490196,0.0564287876023063,0.2120506141339185,0.3272487809445649,1.030921996992261,1.199384826780285,0.3090169790621498
Tnfaip3,0.0095578312296578,0.1813447646264983,0.7920774787647853,-0.2965572812675588,-0.1302108090887091,0.033956646861713,1.15131474715772,1.053567286038885,0.2751332975473277
Ifngr1,0.1568627450980392,0.5369408750268727,0.970681114551083,-0.3625504197259925,-0.1761294467914047,0.0070307352625717,0.951493594230426,0.8451202627695793,0.6385433533499604
Bclaf1,3.529139494825728e-05,0.0007335473709934,0.0130803358935681,-29.443837012412832,-29.25244136934252,-28.93407240846908,0.6395321158442613,0.0,0.008403295832266164
Sgk1,0.1503572166736621,0.6689706667452711,1.0,-1.0825520083881743,0.030833912769967,1.6026578529792863,0.6054599262323723,0.6321781228544175,0.717266813267363
Rps12,0.2379772961816305,0.7344923394458999,1.0,-0.0260311093304424,0.0005635585222064,0.0257760202348099,3.342408464837938,3.3412784252692536,0.7498201547642859
Stx7,0.0001529566816353,0.0006056643678553,0.0092079327359871,-29.565373690406197,-29.392058654104183,-0.4617409375564697,0.7336083384165244,0.0,0.008403295832266164
Epb41l2,0.0095578312296578,0.1152655394141462,0.5713582599031516,0.0663699254795085,0.1972123532812381,0.3689886799136149,0.9760164987019264,1.1181709163629563,0.18983678465842097
Arhgap18,0.0007335473709934,0.009501095540355,0.088567502575371,-28.517119366411038,-26.79139157343469,0.0,0.1161482004570815,0.0,0.025859005270075664
Calhm6,0.0007335473709934,0.0027786850681888,0.0298677932975399,-29.243186280088224,-28.024069784029766,0.0,0.2729515745874999,0.0,0.015103363283548733
Marcks,0.0473446058585377,0.3837421608319441,0.9699293482575216,-0.259952668479236,-0.1145387046465835,0.0909480576790667,2.00780886893202,1.855048600085975,0.49541605642355124
Cd164,0.0010637453361911,0.0201317774073192,0.2379772961816305,0.2001002333177437,0.3555040877363228,0.5303191932550667,0.9332749392385388,1.1955572853235124,0.047396122152906395
Snx3,0.1148309121219338,0.6784313725490196,1.0,-0.1136266840000493,-0.0109401256183503,0.1139066968496933,1.1134735026646123,1.1014374413944512,0.717266813267363
Prdm1,0.0371110989756413,0.4816284476790233,1.0,-0.2157054084153591,0.5986619674474303,2.296486857101144,0.4150192152285979,0.6400746107040968,0.5962705132004325
Lilr4b,0.0314201794077955,0.3053901722632373,0.9699293482575216,-0.0301157849494586,0.1571658686422443,0.4671459969244675,0.8836959539862326,0.9812599665940752,0.4178051487501583
Lilrb4a,0.0252441057394617,0.2082876875446535,0.7920774787647853,0.0367055083074017,0.1778481052749659,0.3418651642558158,1.2104587946030574,1.37001679155849,0.3090169790621498
Nus1,0.0910462894294271,0.5530999753299775,1.0,-29.001193395569643,-27.421337802739348,27.725744353452185,0.2650652470218505,0.0,0.6560360126784136
Man1a,0.0201317774073192,0.3053901722632373,0.9699293482575216,-0.079699416141947,0.1909164414461537,0.443724043391745,0.8187398392459053,0.940018309843682,0.4178051487501583
Serinc1,0.0694397181312483,0.5626868690234494,1.0,-0.1438707203974287,0.0451306720732224,0.2519413364110916,0.8095597782128889,0.8369502552579247,0.6566085399521933
Smpdl3a,0.0001720247930818,0.0027786850681888,0.0298677932975399,-29.170192084361304,-28.16043309163774,0.0,0.3000095296099465,0.0,0.015103363283548733
Ranbp2,0.1318811298530948,0.5890143815020004,1.0,-0.0901405220434284,0.1136655513155742,0.3374291887458588,0.7136901477905134,0.7748988396241449,0.674330190081354
Psap,0.1152655394141462,0.6784313725490196,1.0,-0.0334770104872338,-0.0035753648336939,0.0277631014410436,3.3927803997129926,3.3850709913370336,0.717266813267363
Vsir,0.0038166558486919,0.0315432613391559,0.1273457631960635,-29.90300095734225,-1.0072445561903416,-0.6198128363032175,1.0036473890506052,0.5002562982257961,0.06716859179279079
Slc29a3,0.0001720247930818,0.0007335473709934,0.009501095540355,-29.199366501133795,-28.9827622747695,-27.7139117295036,0.530494396725346,0.0,0.008403295832266164
Sgpl1,0.0978804477256489,0.5713582599031516,0.970681114551083,-0.042338156703641,0.1518934632713046,0.3351493847769791,0.8342124853205828,0.9296546284313676,0.6566085399521933
Sar1a,0.0258280988285341,0.3851731387553683,1.0,-29.127127132933516,-0.2146878448920702,0.6159562185785384,0.574782862705029,0.5121923709385677,0.4969090385938821
Vps26a,0.0012730863420067,0.0252225734369385,0.2872505174358191,-29.13279019891823,-28.73857295233613,-26.72177866725089,0.447891159355478,0.0,0.05697235833968289
Srgn,0.0004763038818766,0.0314201794077955,0.2082876875446535,0.0865339333851381,0.1667492996234621,0.2373185413326985,2.5863620744798275,2.907419221405448,0.06698530592239087
Ddx21,0.1393927218975006,0.663270284205586,1.0,-28.55080572418313,0.3336566778719239,29.016447891182796,0.1464064940458745,0.286904179540546,0.717266813267363
Ccar1,0.0007335473709934,0.009501095540355,0.009501095540355,-29.05513198578476,-27.86881721831375,-26.601600549271083,0.2451037323711167,0.0,0.025859005270075664
Reep3,0.0013981399053915,0.0200474885286189,0.2220158135065854,-29.41210335918269,-29.21111911051748,-1.22869849283098,0.6328169585751293,0.0,0.047396122152906395
Jmjd1c,0.0003016591251885,0.0314201794077955,0.343145193299992,-0.5381039465710077,-0.306764434129707,-0.1191600968224972,0.9422194193682448,0.760923363574791,0.06698530592239087
Arid5b,0.0007335473709934,0.009501095540355,0.088567502575371,-28.8293238762554,-26.43396795790907,0.0,0.0906603215289297,0.0,0.025859005270075664
Specc1l,0.0015241724220052,0.0119192660182159,0.0586340835608684,0.3805448192323091,0.6354526337660844,1.335577806296312,0.6408352060956295,1.0040534582663294,0.031403015273611036
Mif,0.2379772961816305,0.7344923394458999,1.0,-0.0680762683944562,0.0558985258012028,0.2198438383014495,1.1053889533921,1.150142104763901,0.7498201547642859
Itgb2,0.0978804477256489,0.5208065412399778,1.0,-0.0661844637496205,0.066463736381696,0.2447211224681608,0.9436723579344388,0.9863655490505924,0.6218072820873086
Pttg1ip,0.0027786850681888,0.0133949167537699,0.1223341709161366,-28.610494971781414,-26.43396795790907,0.0,0.0906603215289297,0.0,0.0340576694128513
Rrp1,0.0027786850681888,0.0133949167537699,0.0978412151825437,-29.07198860273385,-28.4325960871254,0.0,0.3622966143821807,0.0,0.0340576694128513
Cstb,1.5876796062554575e-05,6.35071842502183e-05,0.0010637453361911,0.4076477148507343,0.5747975722809493,0.7802304704797917,1.49641070447948,2.2334249807561903,0.007037632866909919
Bsg,0.004096213384139,0.2082876875446535,0.910105580693816,-0.3039905729679626,-0.1618194268031539,0.0083003281924342,1.0224596261311736,0.9148887670682504,0.3090169790621498
Ptbp1,0.0027786850681888,0.009501095540355,0.088567502575371,-28.29887302280573,-26.67913461123288,0.0,0.1074533036221125,0.0,0.025859005270075664
Gpx4,0.0314201794077955,0.2702706993728666,0.9699293482575216,-0.0097139449285344,0.1083416237944534,0.2399970890976539,1.22571986487379,1.3211313351868823,0.37717036689659866
Sbno2,0.0007335473709934,0.009501095540355,0.1223341709161366,-28.61126258320326,-26.72177866725089,0.0,0.1106768811737992,0.0,0.025859005270075664
Atp5d,0.0824958323410335,0.5208065412399778,0.9699293482575216,-0.0931733238912682,0.0133276789069866,0.1167031589848576,1.1295683574828286,1.13872192739528,0.6218072820873086
Ndufs7,3.529139494825728e-05,0.0007335473709934,0.0298677932975399,-29.18297618198156,-29.018071316179338,0.0,0.5436381005191768,0.0,0.008403295832266164
Rps15,0.038707628800508,0.5713582599031516,1.0,-0.0708599404981791,-0.0219937251110356,0.0258942804286096,2.3102666331600465,2.2741017058976776,0.6566085399521933
Uqcr11,0.1813447646264983,0.6784313725490196,1.0,-0.1902629364342682,-0.0750795565736307,0.0446311737745113,1.0807295536717838,1.02993654281758,0.717266813267363
Dot1l,0.0077371208623235,0.060676213535144,0.4198490637342591,-28.44460965901318,-26.674419850500698,0.0,0.1071027169142727,0.0,0.11333740608731749
Oaz1,0.1568627450980392,0.6238787012780821,1.0,-0.0565173821833715,-0.0138951809789287,0.0189464343546526,2.0735127265693425,2.05336037161075,0.6856226164622518
Timm13,0.1110142319919403,0.4917430513478364,1.0,-29.15899906696304,-0.4494958093548936,0.5395455774861085,0.5524604576058829,0.378690433666728,0.6071315981852551
Gadd45b,0.2082876875446535,0.7344923394458999,1.0,-0.1207882529926501,0.0117391343916695,0.1378671945549106,1.5970845330700023,1.6115912638432763,0.7498201547642859
Zbtb7a,0.0057606676070176,0.0939799938364451,0.6319793444436901,-29.04173419687722,-27.96333471239765,0.0,0.2616992786592075,0.0,0.16356133542689005
Eef2,0.0690958164642375,0.343145193299992,0.9699293482575216,-0.0037257869137821,0.0556754359898426,0.1215557183568058,1.70419235782984,1.7703321596778976,0.4566858822595482
Mrpl54,0.0024238779803224,0.0209734342700645,0.1892992055774022,-29.25384557211681,-28.62658902765098,0.0,0.4144402908556787,0.0,0.049173466358570915
Pip5k1c,0.009501095540355,0.009501095540355,0.009501095540355,-28.26427295665865,-27.728748853662392,-26.601600549271083,0.222425791785457,0.0,0.025859005270075664
Tle5,0.0021486562907486,0.0170587733597712,0.1739487527246216,-29.551958818945028,-2.563430213943259,-0.3572730604135871,0.7130137915944683,0.1211909469429815,0.04206591250842762
Txnrd1,0.0021592442645074,0.0252441057394617,0.1152655394141462,0.180420268034755,0.4659438793404619,0.8897289875365123,1.186469993223125,1.6508435126710312,0.05697235833968289
Hsp90b1,0.1152655394141462,0.4726680955783123,0.9699293482575216,-0.0063587915869227,0.0661463433133955,0.1365773546675131,1.9161146055903748,2.0086979161366365,0.5858093703902911
Gas2l3,0.0939799938364451,0.3752159399982679,0.7275983637286653,-26.849643454841427,27.692169174412847,28.98485481094218,0.0,0.2194299616618567,0.4928453203170282
Slc25a3,0.015860919266492,0.1813447646264983,0.910105580693816,-0.0059686246313376,0.07339505004598,0.1511784064685977,1.6863655776186337,1.77687225035359,0.2751332975473277
Snrpf,0.0048448169386169,0.0978804477256489,0.7567532154368943,0.0280027920375359,0.1855225580728566,0.3778958701573185,0.7757367536543243,0.879615141592798,0.16511054089787933
Metap2,0.1752941248576644,0.6985956961394035,1.0,-0.9801535436436336,0.2184415906606382,1.345762322207326,0.4821683064171296,0.5679882782159844,0.7368637587484385
Ndufa12,0.0007335473709934,0.0027786850681888,0.0298677932975399,-28.922530386044446,-27.744506503523187,0.0,0.2248685246516827,0.0,0.015103363283548733
Ube2n,0.2296667431313273,0.7280611426419807,1.0,-0.1381425689062904,0.0704459671385261,0.6569163108738549,0.6570242678486085,0.6882115812280739,0.7498201547642859
Eea1,0.107951344335968,0.3456245407326798,0.8991953164370099,-29.12831237572861,-28.56672887795534,-0.0303049909885433,0.4153826778994845,0.0,0.45931014590759944
Btg1,0.0001905215527506,0.0690958164642375,0.5208065412399778,0.0370265718025866,0.1168625808227743,0.1897289098571109,2.4042204540559724,2.6078452994693,0.12543974704139405
Atp2b1,0.038707628800508,0.4268635389378423,0.9699293482575216,-0.036967913940116,0.0459719748579844,0.1153779797644676,2.00940730413412,2.0789499743269317,0.5399182428214497
Ppp1r12a,0.0007335473709934,0.0027786850681888,0.037650276439806,-29.139288518750757,-28.557086754531472,0.0,0.3949478016364423,0.0,0.015103363283548733
Nap1l1,0.0573787409700722,0.4268635389378423,1.0,-0.2129909970420901,-0.0756497469254427,0.0615222093153125,1.1727514698232262,1.1115817906797711,0.5399182428214497
Atxn7l3b,0.0208004792731061,0.2644485340756903,0.9663185553224448,-29.260221536100065,-2.630180631854228,0.4137006172490683,0.579185491015183,0.0,0.37423912953635613
Rab21,0.0102029298672555,0.0480139728942661,0.1678253583141733,-28.97515614896914,-27.88917790738744,-26.72177866725089,0.2485873947027557,0.0,0.09405334517166845
Cct2,0.1131952949438642,0.5369408750268727,1.0,-0.2374905492842806,-0.0816112612849009,0.1791427747551751,0.7295547149940844,0.6878170877900498,0.6385433533499604
Lyz2,0.0824958323410335,0.5208065412399778,0.9699293482575216,-0.0597118421630334,-0.0084505431975257,0.0312557320738481,4.389352032175835,4.364585865926585,0.6218072820873086
Mdm2,0.0687656265374276,0.3646530466961222,0.9677512981486178,-0.6298452799332368,1.0557967146707474,29.14110670368656,0.253628655668624,0.5542540287575571,0.48141649490881194
Rap1b,0.0007144558228149,0.0573787409700722,0.3837421608319441,0.0815521965183967,0.1573642988708822,0.2213387671072411,1.7089841854050487,1.908729079470313,0.10801853593650658
Dyrk2,0.0027786850681888,0.009501095540355,0.088567502575371,-29.16081755929581,-27.421337802739348,0.0,0.1797401904153157,0.0,0.025859005270075664
Tmbim4,0.0006834348667358,0.0032593368359413,0.0292545655864068,-29.32556050631857,-29.08676823164241,-27.952410425661675,0.5701507683015641,0.0,0.01661802724803874
Llph,0.0013430421695079,0.0184394950081998,0.2315792029737146,0.1812155081052467,0.4744212183917886,2.307655382887648,0.4885127993701663,0.6746438883319551,0.04473925732552498
Gns,0.0054933714376438,0.0536666629062044,0.3053901722632373,-0.5208393041060123,-0.3748189225036747,-0.2196637349620621,1.118667770731039,0.8654304403435125,0.10377848275665595
Rassf3,0.0604086950282213,0.2408721217561525,0.6671736522987992,-1.3928096516323232,-0.1999619745114027,0.0690577558768369,0.652874043964513,0.5760041642948893,0.3460147145862191
Os9,0.0027786850681888,0.009501095540355,0.088567502575371,-28.456919738541373,-26.849643454841427,0.0,0.120933897362515,0.0,0.025859005270075664
Lrp1,0.3591540354930749,0.7834864023544712,1.0,-1.0807386586204792,0.0519735697490255,1.1865513070372788,0.5728742293110587,0.5974895397643065,0.7955939159624091
Naca,0.2082876875446535,0.6784313725490196,1.0,-0.1093702268747709,-0.0577063094022065,0.0092141309207443,2.031431093539465,1.95251696026239,0.717266813267363
Ptges3,0.0015241724220052,0.0573787409700722,0.4726680955783123,0.0724941497891343,0.221188811388928,0.4468087880773562,0.8591419152907736,1.0045074585161435,0.10801853593650658
Atp5b,0.0978804477256489,0.3837421608319441,0.910105580693816,-0.0178057659006526,0.0900813116082803,0.2239136327339486,1.2360802855682975,1.3175495542529598,0.49541605642355124
Myl6,0.0007144558228149,0.0314201794077955,0.3441601174882899,0.0210044787749628,0.0784754110276723,0.1354356039016391,1.90438478616403,2.011334141477715,0.06698530592239087
Rpl41,0.0824958323410335,0.3837421608319441,0.9699293482575216,-0.0009783338569148,0.0216718287713615,0.0501551178372236,3.31566136520596,3.363948529553319,0.49541605642355124
Rps26,0.0824958323410335,0.3837421608319441,0.910105580693816,-0.0233841671866286,0.0364727957758701,0.0887273736313563,2.687386907414937,2.75788384823438,0.49541605642355124
Sarnp,0.0098787108853839,0.1513756600246135,0.8685181258352878,-28.803532354253505,-26.831474712134323,0.0,0.119420452545871,0.0,0.23825212577786992
Cd63,0.0690958164642375,0.5713582599031516,1.0,-0.213862523433637,-0.0974393944266073,0.1161774550830445,1.882044527722896,1.7562880875547462,0.6566085399521933
Tcn2,0.0027786850681888,0.0027786850681888,0.0298677932975399,-29.13733458366119,-28.405627209070563,0.0,0.3555869666410942,0.0,0.015103363283548733
Osm,0.0007335473709934,0.009501095540355,0.0480139728942661,-28.92916943020186,-27.720872777394924,0.0,0.2212241004943215,0.0,0.025859005270075664
Uqcr10,0.0573787409700722,0.5713582599031516,1.0,-0.2036002440489811,-0.0336352280311745,0.2288347186292926,1.0824422384104777,1.0525082254907336,0.6566085399521933
Ewsr1,0.1135383082090007,0.5877471709496872,1.0,-0.2463391787887645,-0.0115085082060891,0.2903698218725781,0.6125879398624967,0.6087931464608902,0.674330190081354
Xbp1,0.0046591558569937,0.0367103646724126,0.1569155794666105,1.3425224754600753,29.237945214863046,29.37093811541652,0.0,0.6588075886643543,0.07699392822371588
Mrps24,0.0007335473709934,0.0043495700900777,0.0379093688511672,-29.14157390641482,-28.412223939375167,0.0,0.3572166127758755,0.0,0.020663311976484612
Ppia,0.004096213384139,0.2379772961816305,0.9699293482575216,-0.0080751152121221,0.0264228067925806,0.0880074980410425,2.693919516907856,2.7398752941132165,0.342944988924165
Purb,0.0120318597994687,0.2416773839263875,0.969182212422568,0.0266026592966328,0.3079911346394671,0.6951191426002403,0.6211338735998051,0.7699667383466282,0.3468961656675348
Tns3,0.0007335473709934,0.0027786850681888,0.009501095540355,-29.246599094341292,-29.142333661991334,-27.189841473940056,0.5925385019514353,0.0,0.015103363283548733
Sec61g,0.0029848376597602,0.1568627450980392,0.7920774787647853,-0.0065934079383866,0.1165282233270738,0.2152164906015134,1.4892529786822626,1.6172925990049412,0.24421083304777733
Plek,0.0021592442645074,0.0201317774073192,0.1349368897356513,0.0823815381534096,0.1841645939741496,0.318323155039598,1.9275586820570552,2.189568404262588,0.047396122152906395
Actr2,0.047128681432087,0.343145193299992,0.9699293482575216,-0.0255884186810053,0.0849112808365309,0.2050697604173935,1.1913842771514376,1.2627646177225162,0.4566858822595482
Rab1a,0.0573787409700722,0.4268635389378423,0.9699293482575216,-0.2327855380157363,-0.0774802248821833,0.111145648704523,0.8756775351969348,0.8327332980662847,0.5399182428214497
Peli1,0.0035729616071004,0.0574109566690162,0.4100603786037863,-29.28985368805172,-28.998629527910524,-27.703444128953954,0.5363611586104164,0.0,0.10801853593650658
Mdh1,0.0027786850681888,0.009501095540355,0.0298677932975399,-29.00982377012058,-27.83623710068,0.0,0.239630631309097,0.0,0.025859005270075664
Commd1,0.0027786850681888,0.009501095540355,0.088567502575371,-28.35232360064237,-26.601600549271083,0.0,0.1018309261624297,0.0,0.025859005270075664
Cct4,0.0001712003574158,0.0043495700900777,0.0674459761625369,-29.348749225940274,-29.01872080403497,-27.842297728419283,0.5438828905572958,0.0,0.020663311976484612
Usp34,0.0007335473709934,0.009501095540355,0.088567502575371,-29.00566889036764,-27.04204496261848,0.0,0.1381887574387458,0.0,0.025859005270075664
Rel,0.0073033261887751,0.0690958164642375,0.5208065412399778,0.0750029657954819,0.224835531944589,0.3794880821886662,1.679957941891585,1.9614198684681536,0.12543974704139405
Rps27a,0.3837421608319441,0.7344923394458999,1.0,-0.0596061184306466,-0.0179117629686035,0.0306818975742933,3.457218035516126,3.414597641072261,0.7498201547642859
Rtn4,0.2694633642930857,0.6784313725490196,1.0,-0.0556714981805677,0.0821106762426881,0.2731353508736316,1.0130781951776169,1.0700843268564275,0.717266813267363
Npm1,0.0314201794077955,0.4726680955783123,0.9699293482575216,-0.0605387952525262,0.0382532474979586,0.1244239736923112,1.823198166423925,1.8726283058457525,0.5858093703902911
Lcp2,0.0001762973367313,0.0008503839505192,0.0040854564497672,-29.810142056054172,-29.64872738567023,-29.323317312779167,0.8416979624133221,0.0,0.009501203397776247
Dock2,0.0001720247930818,0.0007335473709934,0.0027786850681888,-29.52804660274668,-29.306470260016123,-28.824201676189137,0.6639366069272403,0.0,0.008403295832266164
Clint1,0.0060874038647452,0.0553942414206647,0.3420894233366809,-29.082848840938365,-27.77766903162664,0.0,0.2300973337196702,0.0,0.10682162270225534
Havcr2,0.1491328671438686,0.5440817680488805,0.9690035556036756,-1.1340344203181003,28.105833407859645,29.24433558912673,0.0,0.4970437857767916,0.6461863518165838
Rack1,0.047128681432087,0.4268635389378423,0.9699293482575216,-0.0075580797273912,0.0251189231845692,0.0688588731345088,2.5851971965604,2.6309848529574014,0.5399182428214497
Irgm1,0.0043495700900777,0.0480139728942661,0.1513756600246135,-29.144253773015727,-27.86881721831375,0.0,0.2451037323711167,0.0,0.09405334517166845
Rnf130,0.0095578312296578,0.3053901722632373,0.9699293482575216,-0.2572714275678329,-0.117231517284075,0.0983779724752888,1.0575353450125895,0.9733071212115704,0.4178051487501583
Sqstm1,0.004096213384139,0.0252441057394617,0.1568627450980392,0.1321339674556422,0.3329283151740146,0.5232765838098793,1.2477302536093702,1.5734062521315986,0.05697235833968289
Canx,0.0824958323410335,0.5208065412399778,1.0,-0.0140370485652615,0.0681772159026048,0.1671132124482961,1.3465078421163723,1.4153395430180835,0.6218072820873086
Hnrnph1,0.2282245285150198,0.7264717268578031,1.0,-0.1625437541210337,0.1447783112495931,2.132306438150436,0.5560684572723384,0.6070239418927533,0.7498201547642859
Hnrnpab,0.004096213384139,0.0690958164642375,0.5208065412399778,0.0576271751945477,0.194513035245314,0.3551659759840715,0.958665884262683,1.0989268177134377,0.12543974704139405
Sar1b,0.0027786850681888,0.009501095540355,0.088567502575371,-28.364832257137294,-26.601600549271083,0.0,0.1018309261624297,0.0,0.025859005270075664
Ube2b,0.0201317774073192,0.2379772961816305,0.910105580693816,0.0224824413379615,0.1395674110100856,0.3164586495480439,0.7492883446090506,0.8249605767378226,0.342944988924165
Ppp2ca,0.0001111375724378,0.0073033261887751,0.098315075017861,0.1144498206053984,0.2281212249484324,0.4435263382867507,1.32186833756469,1.5454435308882564,0.025859005270075664
Skp1a,0.0027786850681888,0.009501095540355,0.0298677932975399,-28.59098276054083,-26.980754908572223,0.0,0.1324391942456742,0.0,0.025859005270075664
Vdac1,3.529139494825728e-05,0.0007335473709934,0.0292545655864068,-29.30716173804769,-29.03063979588008,-26.99989762501431,0.5483952062070894,0.0,0.008403295832266164
Hspa4,0.1037030213498498,0.5355561233584674,1.0,-0.2812793564696565,-0.0438220586211529,0.1711541142224028,0.7215888542742273,0.7020459962324916,0.6381544327049545
Aff4,0.2702706993728666,0.487289549942672,0.9699293482575216,-0.2936301348564385,-0.1314347184357427,0.0353087729534019,0.8153604561026015,0.7473253395602171,0.6024549763635494
Uqcrq,0.0073033261887751,0.2379772961816305,0.9699293482575216,-0.0328757458552385,0.0701734395222497,0.1649603205969516,1.1277665974668345,1.1832380963513962,0.342944988924165
Irf1,0.0022206758115434,0.015860919266492,0.082463866341761,-0.9577873831408906,-0.7096753951347381,-0.4425945175348475,1.2109718557217124,0.7406213133977865,0.03938033452997328
Fnip1,0.1120849235472829,0.3920190369701373,0.9390344660872572,-0.2877186514573773,-0.0604756830057768,0.2660606983942916,0.6842881841143167,0.6577895528552777,0.5053806673190516
Rapgef6,0.009501095540355,0.009501095540355,0.088567502575371,-27.75040641242869,-26.43396795790907,0.0,0.0906603215289297,0.0,0.025859005270075664
Cdc42se2,0.1996030161831719,0.6985956961394035,1.0,-0.0587633777707753,0.1475266515550702,0.8112872271335146,0.6818282983095283,0.7537448236830228,0.7368637587484385
Hint1,0.0690958164642375,0.6238787012780821,1.0,-0.1220610410257013,-0.0194822688273883,0.0808169958176252,1.496885097163945,1.4752584730306175,0.6856226164622518
Anxa6,0.0007335473709934,0.0027786850681888,0.0298677932975399,-29.200210383946462,-28.51051089391633,0.0,0.3824009562631905,0.0,0.015103363283548733
Gm2a,0.1813447646264983,0.6784313725490196,1.0,-0.0536117686581372,0.0405223987962962,0.1181213451213776,1.61222727998507,1.6604019647987989,0.717266813267363
Atox1,0.0029848376597602,0.0252441057394617,0.1152655394141462,0.1205291829963079,0.1786279277298878,0.2422307603801417,1.81352038647608,2.0525706662505847,0.05697235833968289
G3bp1,0.0026120715148522,0.025205396979626,0.1568627450980392,0.2444085201925837,0.4545500304911666,0.7657030089888882,0.6519316177027981,0.8934274960464829,0.05697235833968289
Arf1,0.0054933714376438,0.1568627450980392,0.910105580693816,-0.1789838552699753,-0.0935888112597668,0.0046355065579919,1.3482577134430649,1.2636649886890474,0.24421083304777733
Nlrp3,6.35071842502183e-05,0.0015241724220052,0.0095578312296578,0.365889449527766,0.5022399468646995,0.66687245546584,1.032892187750032,1.4608527981340176,0.014390396648445412
Alkbh5,0.0027786850681888,0.009501095540355,0.088567502575371,-28.48313975920469,-26.676869544246244,0.0,0.1072847316352172,0.0,0.025859005270075664
Map2k3,0.025599132197727,0.0721281765335909,0.2596551285404619,0.6048114570816462,1.214031270441811,29.833610364704334,0.4159389060915295,0.9729298170886264,0.13068268220800752
Ncor1,9.016783792651294e-05,0.0011483811028681,0.0164451753575581,-29.457714456952974,-29.31431235455877,-28.899683177907438,0.667555410726691,0.0,0.01194580342638656
Ubb,0.015860919266492,0.1152655394141462,0.6784313725490196,-0.1646245602416162,-0.112143665912969,-0.0387969257640918,2.313232332681608,2.14080263255469,0.18983678465842097
2410006H16Rik,0.0009535613008391,0.0069870186828277,0.0677482396388079,-29.788943637318912,-0.9760365953693332,-0.5143661028612513,0.8801888643949562,0.4663748113116429,0.025859005270075664
Gas7,0.0009361006688602,0.0057606676070176,0.0265593042074621,-29.433481807839904,-29.098554670485743,-28.240361001757528,0.5748278292177987,0.0,0.02524650936731684
Ndel1,0.2379772961816305,0.7344923394458999,1.0,-0.1724131308069523,0.0115251721136551,0.2760815707530307,0.7243872254946224,0.7317360244508058,0.7498201547642859
Rpl26,0.038707628800508,0.3837421608319441,0.9699293482575216,-0.0733849055895363,-0.0284047298338116,0.0073506435444216,3.1776012782374776,3.116597457608957,0.49541605642355124
Kdm6b,0.0021592442645074,0.0314201794077955,0.1820183376994516,0.1729589576816188,0.4002366510157727,0.6326751528053414,1.42092190678003,1.882278886744564,0.06698530592239087
Cd68,0.1349368897356513,0.6784313725490196,1.0,-0.1165298508546772,0.0109352919720967,0.1439315216052081,1.3157099695313774,1.3279786326108587,0.717266813267363
Eif4a1,1.5876796062554575e-05,0.0001905215527506,0.0029848376597602,0.1945512126722333,0.2550485105836503,0.3530890876918256,1.692590268883555,2.0232329988519604,0.007037632866909919
Polr2a,0.0027786850681888,0.009501095540355,0.088567502575371,-28.78998941077202,-27.539966374853897,0.0,0.1951443385328545,0.0,0.025859005270075664
Tmem256,0.0095578312296578,0.2702706993728666,0.9699293482575216,-0.2398624512771107,-0.1451044510552998,0.0727660458652814,0.9906199759947508,0.8910074581109855,0.37717036689659866
Eif5a,0.004096213384139,0.0573787409700722,0.4268635389378423,0.0441123655560261,0.1477259168569308,0.2442719359705867,1.27600804435784,1.414385693868366,0.10801853593650658
Ctdnep1,0.0007335473709934,0.009501095540355,0.088567502575371,-28.500771132460784,-26.694520459866308,0.0,0.108605388701089,0.0,0.025859005270075664
Gabarap,0.0201317774073192,0.343145193299992,0.9699293482575216,-0.0152126297860902,0.0287887922628412,0.078062779815409,1.98214768232224,2.0216828889058647,0.4566858822595482
Mgl2,0.0036211088724564,0.017025100617029,0.0834045094198544,28.907151582663715,29.579750637665832,29.745504666713803,0.0,0.8024023756789821,0.04204015295610162
Rnasek,0.0690958164642375,0.4268635389378423,1.0,-0.2116969600326993,-0.1013598263212683,0.0702200194690753,1.0600755793385874,0.9866544929773082,0.5399182428214497
Arrb2,3.529139494825728e-05,0.0001720247930818,0.0027786850681888,-29.53615401030626,-29.210995906661115,-28.850546003364432,0.621421064274584,0.0,0.007037632866909919
Cxcl16,0.004096213384139,0.0824958323410335,0.6784313725490196,0.0458140369921679,0.1415339337573324,0.2113882325592544,1.901106166939155,2.096177082384335,0.14454739258206256
Psmb6,0.004096213384139,0.0966610330578377,0.6712057066317096,-0.3906185263096058,-0.1940739981369837,0.024502047795097,0.7910187665021816,0.6910677564142003,0.16511054089787933
Pfn1,0.0123997777248551,0.0473446058585377,0.1813447646264983,-0.1793441446446272,-0.125051092280924,-0.0686394991172784,2.6268792096765203,2.408433059617881,0.09375682341789195
Scimp,0.0027786850681888,0.009501095540355,0.088567502575371,-28.60587625343776,-26.55928615155001,0.0,0.0988875895137382,0.0,0.025859005270075664
Txndc17,0.0200250059537985,0.1349368897356513,0.7920774787647853,-0.2693359143463915,-0.1786342957311297,-0.035143435295853,0.9547300713544262,0.8400044200665059,0.21480718594681517
Pafah1b1,0.0824958323410335,0.5208065412399778,0.9699293482575216,-0.0751985767166056,0.0507842346822874,0.2287038966368666,1.0705269098657075,1.1071386911136074,0.6218072820873086
Mir22hg,0.0440591665839547,0.3343926075302393,0.9689946775534558,-0.0688793575973672,0.1665619907935972,2.332846455060353,0.6159549885239635,0.6893055201284238,0.45476343492455185
Slc43a2,0.0007335473709934,0.009501095540355,0.0313352860294843,-29.032895389329425,-27.86563001432668,0.0,0.244562846528994,0.0,0.025859005270075664
Pitpna,0.0004763038818766,0.0690958164642375,0.7344923394458999,0.0393195407669994,0.1764230054528095,0.3030170725861115,1.0440292424300377,1.1795181429057575,0.12543974704139405
Crk,0.0834045094198544,0.3752159399982679,0.9313314772282482,-29.025388176322675,-28.26575911030888,0.0,0.3227314885293185,0.0,0.4928453203170282
Ywhae,0.0123287290624751,0.343145193299992,0.9699293482575216,-0.0433725397378267,0.0490346396622228,0.2336639202114178,1.3179855289711302,1.36575307210525,0.4566858822595482
Abr,0.0001720247930818,0.0017888776467873,0.0292545655864068,-29.29306022596951,-29.164838121524145,-28.081707775989667,0.6018539186401255,0.0,0.015103363283548733
Cpd,0.0027786850681888,0.009501095540355,0.088567502575371,-28.96648169102282,-26.84559325626125,0.0,0.1205948656230272,0.0,0.025859005270075664
Taok1,0.0910462894294271,0.3752159399982679,0.8619216394303847,-29.16324850013692,-27.981772293909792,26.976805008849468,0.2920680607355372,0.0,0.4928453203170282
Nufip2,0.0077371208623235,0.1403889715411655,0.6993022710519221,-28.54590284364364,-26.67913461123288,0.0,0.1074533036221125,0.0,0.22231324452275553
Rpl23a,0.1813447646264983,0.6784313725490196,1.0,-0.0520957328583282,0.0268770573550324,0.0810512816058512,2.2222584015552,2.2654106395109954,0.717266813267363
2610507B11Rik,0.0027786850681888,0.009501095540355,0.0298677932975399,-28.72257161484669,-27.67253318027229,0.0,0.2139254928654457,0.0,0.025859005270075664
Wsb1,0.0661505887018515,0.5087557841299859,1.0,-0.9617765095272848,0.0149822598297648,1.4714803203086873,0.556900848977392,0.5769340963891212,0.6218072820873086
Evi2a,0.0024059978987341,0.0189954919346161,0.1022478165299936,-29.72709984710952,-1.4816459493726166,-0.3605541770308201,0.8145661022959452,0.2873712255742775,0.04596502727494003
Suz12,0.0007335473709934,0.0027786850681888,0.0298677932975399,-28.94820473568908,-28.012716177535367,0.0,0.2708119521814239,0.0,0.015103363283548733
Crlf3,0.1059989585138545,0.3722354789288683,0.8465908220029265,-1.4836064972029184,-0.2861850383587043,0.0753700481251687,0.6786185907774067,0.5625831573299862,0.4907110100955948
Adap2,0.0001720247930818,0.0007335473709934,0.0027786850681888,-29.390222383970197,-29.0915576451527,-28.24603946628097,0.5720466821055382,0.0,0.008403295832266164
Ccl2,0.0012730863420067,0.0133949167537699,0.0480139728942661,-29.561085371848737,-29.05207965526128,-27.12540431656389,0.5566053954809236,0.0,0.0340576694128513
Ccl7,0.0133949167537699,0.0959961730355479,0.2435871921094869,-29.31037936476432,-26.740141123434768,0.0,0.112094566703016,0.0,0.16511054089787933
Ccl8,0.0001720247930818,0.0007335473709934,0.0024238779803224,-31.595713251801985,-31.18304677362786,-30.47724024945632,2.4379928907862425,0.0,0.008403295832266164
Slfn2,0.0015241724220052,0.0201317774073192,0.1349368897356513,0.1414044124531015,0.3115780939582373,0.4609977033117371,1.7149322579016677,2.121030943886168,0.047396122152906395
AI662270,0.0040854564497672,0.0553942414206647,0.3522675423008745,-29.393730269184758,-29.152884067468182,-1.1856247674176057,0.6016581137791963,0.0,0.10682162270225534
Ccl6,0.1996030161831719,0.7264717268578031,1.0,-0.1437182714478702,0.2030830485578181,1.4659706353038504,0.6387273413847285,0.7208677737310305,0.7498201547642859
Ccl4,0.0027786850681888,0.009501095540355,0.088567502575371,-28.906963261174923,-27.0097694293584,0.0,0.1351296870554182,0.0,0.025859005270075664
Wfdc17,0.0020527232777102,0.0133972710618509,0.1165400811894109,-29.797626895885845,-29.366471856492897,-28.5959180271284,0.6921319460413472,0.0,0.0340576694128513
Ggnbp2,0.0001720247930818,0.0007335473709934,0.009501095540355,-29.22704902824614,-28.88043968069788,-27.421337802739348,0.4941727999939515,0.0,0.008403295832266164
Med13,0.009501095540355,0.0480139728942661,0.3519631185845171,-27.82414758253829,-26.601600549271083,0.0,0.1018309261624297,0.0,0.09405334517166845
Vmp1,0.0002345546750104,0.0009971025540068,0.0059733731716288,-1.1309747447092928,-0.899744444657328,-0.6909843454892496,1.17185606576759,0.6304687240460245,0.010806919896720408
Cltc,0.2694633642930857,0.6784313725490196,1.0,-0.2144726507631245,-0.0331827031849611,0.144428853179703,1.33394022338205,1.303719291601015,0.717266813267363
Supt4a,9.016783792651294e-05,0.0015404776337769,0.0209734342700645,-29.41058737539861,-29.14529101230318,-28.615465291712155,0.5937543799791255,0.0,0.014390396648445412
Scpep1,0.3341195270386536,0.7863512101793072,1.0,-0.2606816952737274,-0.0528861737777466,0.2005226993911271,0.6939852891156271,0.6665274182926376,0.7955939159624091
Nme2,0.0690958164642375,0.6238787012780821,1.0,-0.0889600913402388,0.0195156206458669,0.1387535726160746,1.737198212045615,1.7588787514623174,0.6856226164622518
Nme1,0.0120318597994687,0.1813447646264983,0.8470876226357773,0.0096034913002113,0.2023192718636022,0.5716287942525118,0.6187284873485452,0.710109890633634,0.2751332975473277
Spag9,1.5876796062554575e-05,0.0010637453361911,0.015860919266492,0.1893034190682743,0.2818191380884264,0.4269161773233355,1.1034617582272088,1.3409808935368426,0.011259526657929186
Luc7l3,0.047855178928159,0.1853939469443623,0.6993022710519221,-28.147407293224344,-26.43396795790907,0.0,0.0906603215289297,0.0,0.2805711069977389
Lrrc59,0.1914582510091332,0.7275983637286653,1.0,-28.567255449631784,-26.43396795790907,27.716206735577444,0.1106768811737992,0.0,0.7498201547642859
Spop,3.529139494825728e-05,0.0006544733482043,0.0079084084763313,-29.44024651670588,-29.251545127011305,-28.854194118338707,0.6391348655926736,0.0,0.008403295832266164
Gngt2,0.1050616947607938,0.343145193299992,0.9086001449859272,-0.3076865339804459,-0.1459165976588609,0.010925240828606,0.9748237369225082,0.8785750111536947,0.4566858822595482
Snf8,0.0174080378282394,0.060676213535144,0.3519631185845171,-28.55327520807176,-26.43396795790907,0.0,0.0906603215289297,0.0,0.11333740608731749
Atp5g1,0.0095578312296578,0.3053901722632373,0.9699293482575216,-0.0882822790261771,0.0975656901911545,0.295477667322181,0.9258936948580698,0.9911996740443668,0.4178051487501583
Psmb3,0.0012547060309404,0.0137818194726874,0.1310062727677834,-1.5053477094554213,-0.3550329229130886,-0.1532951510875773,0.7438322012491163,0.5810065493182923,0.034839515706095246
Rpl23,0.1349368897356513,0.6238787012780821,1.0,-0.0120862315836594,0.020231439693844,0.0479194710330152,3.5933213392016,3.643409167340352,0.6856226164622518
Lasp1,0.0721281765335909,0.2217640684635702,0.557660088570619,0.1354908844353345,0.371736013655939,1.3159320359390396,0.5930706815487761,0.7654761680214496,0.3274004599666085
Arl5c,0.144747399408133,0.6150966618402355,0.9699526571120032,0.0839976282165028,0.4622195556505096,2.343127285644893,0.504466897609811,0.6904930444441273,0.6856226164622518
Rpl19,0.2702706993728666,0.7344923394458999,1.0,-0.0560078884056982,-0.0143607828286268,0.0200122846559511,3.2414755237796,3.2119794200944414,0.7498201547642859
Mien1,0.0001720247930818,0.0032593368359413,0.0978412151825437,-29.11290194723215,-28.676681780106872,0.0,0.4290831467039943,0.0,0.01661802724803874
Igfbp4,0.0007335473709934,0.0007335473709934,0.0027786850681888,-29.56641097694283,-29.341660119316085,-28.749248962965225,0.680330306588942,0.0,0.008403295832266164
Eif1,0.004096213384139,0.0054933714376438,0.0389235532269586,0.1080148754756024,0.1379910330261792,0.1821437669410726,2.7249666493237314,2.9993304240385563,0.02437010368170411
Rab5c,0.1152655394141462,0.487289549942672,1.0,-0.1782368465382421,-0.0603055964486099,0.0878379292383728,0.8021251627907687,0.768250758049049,0.6024549763635494
Stat3,0.0029848376597602,0.0490556423358853,0.4268635389378423,0.132622382619413,0.3102525331721874,0.9038224334056046,0.6983830080311665,0.8660786619768932,0.09557665514311345
Rpl27,0.0054933714376438,0.1813447646264983,0.7920774787647853,-0.006762845981974,0.0439231090007753,0.1159458860022684,2.554287947593865,2.6314774757897514,0.2751332975473277
Tmem106a,0.0007335473709934,0.0027786850681888,0.0298677932975399,-29.17011499954416,-28.422640699464377,0.0,0.3598051749118407,0.0,0.015103363283548733
Lsm12,0.0474107926964984,0.1736964858864386,0.5613582450978213,0.1736284153810641,0.5112990214491105,2.8510299864684896,0.5106258401216028,0.730644649573879,0.2688347439067792
Grn,0.004096213384139,0.0054933714376438,0.0314201794077955,-0.5208609600912093,-0.3969949394676468,-0.2922158572572067,1.9085073167469964,1.44857163190098,0.02437010368170411
Nmt1,0.0007335473709934,0.0007335473709934,0.0027786850681888,-29.21496034671478,-29.076954534947483,-28.52219326425981,0.5662855721728386,0.0,0.008403295832266164
Limd2,0.0001720247930818,0.0007335473709934,0.0027786850681888,-29.283554687519885,-29.04325944474395,-28.255354818511563,0.5532128558716667,0.0,0.008403295832266164
Ddx5,0.1813447646264983,0.7344923394458999,1.0,-0.0502761177912991,-0.0045473828740955,0.0466622303249533,2.501852445795892,2.493577013413424,0.7498201547642859
Bptf,0.0007335473709934,0.009501095540355,0.1513756600246135,-28.794180559823843,-27.49593901381288,0.0,0.1892789856124037,0.0,0.025859005270075664
Gna13,1.5876796062554575e-05,6.35071842502183e-05,0.0054933714376438,0.1648486121084282,0.2442406737520882,0.3622571289019183,1.6480982476212325,1.95200176398943,0.007037632866909919
Prkar1a,6.271334444709062e-05,0.015860919266492,0.3837421608319441,0.0959068857856865,0.2272891989592217,0.3890661481240846,0.7947797999782584,0.930717238130784,0.03938033452997328
Fam104a,0.0039116228596311,0.0320726224833987,0.2542440808894587,-29.323164018045432,-29.15011319961451,-28.169315162721148,0.5957423165606123,0.0,0.06813550081567095
Rpl38,0.0073033261887751,0.1349368897356513,0.7344923394458999,-0.0200330262751562,0.0517123557939853,0.1272682055644822,2.70556337408418,2.802174303797752,0.21480718594681517
Cd300a,0.0978804477256489,0.6238787012780821,1.0,-0.2119892252676651,-0.0376964783412493,0.1566815140959959,1.0396572201428105,1.0175846139949964,0.6856226164622518
Cd300c2,0.0029848376597602,0.004096213384139,0.0055096749813439,-0.5007727445461296,-0.4086125751476476,-0.2994911735474504,1.7695470024152071,1.3330711195060236,0.019614143453152353
Atp5h,0.2379772961816305,0.7344923394458999,1.0,-0.0790162026632441,-0.0087789585668795,0.0520398273068703,1.5231475426893049,1.5123204658147738,0.7498201547642859
Nt5c,0.0027786850681888,0.009501095540355,0.088567502575371,-28.972203300929102,-27.04784361711582,0.0,0.138743371464747,0.0,0.025859005270075664
Jpt1,0.0252441057394617,0.3053901722632373,0.9699293482575216,-0.2671595036267478,-0.1148296980757137,0.0883458532422899,0.8603205779578905,0.7904773011848488,0.4178051487501583
Sumo2,0.0573787409700722,0.5713582599031516,1.0,-0.0746431104828967,0.0403236500429918,0.2207659498121244,1.0783564436936544,1.1085195545920126,0.6566085399521933
Grb2,0.0001905215527506,0.015860919266492,0.2379772961816305,0.0564131857635144,0.137412570244534,0.2202085794239047,1.2285979650647323,1.352760057034696,0.03938033452997328
H3f3b,0.004096213384139,0.0473446058585377,0.2379772961816305,-0.085758097374436,-0.0605704053327832,-0.0172491294146562,3.4652146278688,3.323940729873311,0.09375682341789195
Ubald2,3.529139494825728e-05,0.0001217557504524,0.0011483811028681,-29.594319548321625,-29.392279560333765,-29.167593620857,0.7046245784158369,0.0,0.007037632866909919
Srsf2,0.004096213384139,0.015860919266492,0.1152655394141462,0.2382033765602246,0.4701684160275544,0.7588712862993551,0.6286934720170045,0.8693975876202917,0.03938033452997328
Sec14l1,0.0027786850681888,0.009501095540355,0.0298677932975399,-29.00741682460652,-27.106240845973534,0.0,0.144474620157757,0.0,0.025859005270075664
Syngr2,0.0029848376597602,0.0978804477256489,0.6784313725490196,0.0286103314454559,0.2400060638756421,0.4617077983263946,0.9448627629703976,1.1166087609471775,0.16511054089787933
Socs3,0.0573787409700722,0.1813447646264983,0.6238787012780821,-0.2808036714995089,-0.1906184717645019,-0.06189169832852,1.841146678268164,1.6127451530214536,0.2751332975473277
Cyth1,0.0001111375724378,0.004096213384139,0.069716785684335,0.2937444276586445,0.4773867116834295,0.7795203115150355,0.6726665455586263,0.9366445792768808,0.019614143453152353
Timp2,0.0001720247930818,0.0007335473709934,0.009501095540355,-29.72539886835522,-29.32880029446559,-28.36887614330819,0.6742929590815763,0.0,0.008403295832266164
Lgals3bp,0.0001720247930818,0.0006834348667358,0.0077371208623235,-29.530480452275377,-29.354994475549272,-28.861652452034637,0.6866475251000765,0.0,0.008403295832266164
Actg1,0.0573787409700722,0.2702706993728666,0.8506311026434865,0.0070073943364864,0.0844309992636229,0.1479655366776049,2.8968066186309565,3.068370974993354,0.37717036689659866
P4hb,0.0824958323410335,0.6238787012780821,1.0,-0.1554729648519635,0.0313608784983914,0.2062723660492625,0.7700428177901324,0.7901679155317851,0.6856226164622518
Arhgdia,0.0314201794077955,0.4268635389378423,0.9699293482575216,-0.040851295067166,0.0300299070708238,0.1281282214637452,1.30014367945959,1.329385326062109,0.5399182428214497
Anapc11,0.009501095540355,0.009501095540355,0.0298677932975399,-27.83623710068,-27.421337802739348,0.0,0.1797401904153157,0.0,0.025859005270075664
Mafg,0.0027786850681888,0.009501095540355,0.0978412151825437,-28.9251844681652,-27.79383045701773,0.0,0.2326894323260432,0.0,0.025859005270075664
Cenpx,0.0027786850681888,0.009501095540355,0.088567502575371,-28.653400325196184,-26.748652425338435,0.0,0.112757832697237,0.0,0.025859005270075664
Metrnl,0.0038101075934757,0.030173926796862,0.1819959085278635,-29.59750492717521,-1.5902021859269455,-0.3254976998568925,0.7391325742001598,0.2519733063965503,0.06572179001482578
Rab10,0.0010637453361911,0.0573787409700722,0.6784313725490196,0.0456417028371555,0.2716297414527868,0.4534514712671919,0.6809551400023812,0.8215857121262233,0.10801853593650658
Sf3b6,0.0365306772221386,0.2614677393748564,0.9075217374946134,0.0017585152193879,0.2999915494685355,1.0788930046395753,0.5586556553209082,0.6856897243584466,0.3720570819720834
Rhob,0.0035719357620876,0.0265593042074621,0.1353557116058846,-29.77613214112578,-29.217518451581743,-28.13500031142128,0.6242369214415154,0.0,0.05942192906737503
Pum2,0.0553942414206647,0.2216595552360846,0.7515884432704931,-29.134468958347668,-28.220118954299075,-26.831474712134323,0.3173682092017655,0.0,0.3274004599666085
Laptm4a,0.004096213384139,0.0095578312296578,0.1157573231721834,-0.411180729751372,-0.2297328694482562,-0.1137227702333994,1.2236334806769724,1.0442886921134251,0.025859005270075664
Fam49a,0.0027786850681888,0.0298677932975399,0.2615722360139493,-28.96735042437794,-26.79139157343469,0.0,0.1161482004570815,0.0,0.0652907075707092
Rock2,0.0027969507821507,0.056833321083365,0.4981862273259854,-29.583097516456693,-1.3052541452344255,-0.0798035714210904,0.6961734665394665,0.2803014594065807,0.10801853593650658
Pdia6,0.015860919266492,0.3053901722632373,0.9699293482575216,0.0268885575135968,0.194641122366739,0.3844062950834807,0.9171751871446924,1.051612196575736,0.4178051487501583
Adam17,0.004096213384139,0.0086867138133009,0.1152655394141462,-0.6197394475499627,-0.4228196027225628,-0.244081878202705,0.9399626785135482,0.7036437970756205,0.025859005270075664
Ywhaq,0.0009361006688602,0.0057606676070176,0.02101953872444,-29.386205713140782,-29.18766215739942,-28.78228930326556,0.6114512145258775,0.0,0.02524650936731684
Id2,0.1813447646264983,0.7344923394458999,1.0,-0.0805956520184136,-0.0058000263664714,0.0697870709317606,2.2882409380383626,2.281183951798428,0.7498201547642859
Rps7,0.2702706993728666,0.7344923394458999,1.0,-0.0371277033984017,0.0131691270907491,0.0709776848731451,2.8438244383984426,2.8723613450128127,0.7498201547642859
Nampt,0.0147089871357653,0.1323180178891167,0.5622453293122838,-0.382211437234039,-0.1482121519390959,0.0601024812116341,0.823611773011742,0.7448131677973825,0.21421790016037678
Ahr,0.0010637453361911,0.0054933714376438,0.0123997777248551,0.3566232595934984,0.5927272068199416,0.7715785713079949,0.750182912101061,1.1305613128468175,0.02437010368170411
Tspan13,0.0022725832923102,0.0184394950081998,0.082463866341761,0.3459365734136556,0.6518329826822127,1.6951809116183698,0.6262597693770617,0.9859644414717282,0.04473925732552498
Ifrd1,0.0824958323410335,0.5713582599031516,1.0,-0.1125205920348785,-0.0052940641718619,0.1125978069513332,1.9213472954134725,1.9151688750335447,0.6566085399521933
Hectd1,0.0102224535836243,0.0759886785541828,0.4469684694114323,-28.515467753025536,-26.694520459866308,0.0,0.108605388701089,0.0,0.13740210607699385
Sptssa,0.0007335473709934,0.009501095540355,0.088567502575371,-28.857218202905063,-27.539966374853897,0.0,0.1951443385328545,0.0,0.025859005270075664
Snx6,0.0007335473709934,0.0027786850681888,0.009501095540355,-29.290169397413564,-29.0580071209318,-27.785013795920843,0.5588969721873078,0.0,0.015103363283548733
Baz1a,0.0884270503925346,0.2596551285404619,0.531643923280555,0.1661829525472315,0.4303422952658472,1.515082379660314,0.5765512126927688,0.7793598137882127,0.37035128657071403
Psma6,0.0003565717551321,0.0035319278065916,0.0385392543410508,-29.42451101972337,-29.165467632656128,-28.717260695328488,0.6021165912099617,0.0,0.017856953435560884
Nfkbia,0.0001905215527506,0.0021592442645074,0.0690958164642375,0.164803526702732,0.2494482821567246,0.3331149325949236,2.17732923806378,2.583415125305081,0.015103363283548733
Mia2,0.0001720247930818,0.0007335473709934,0.009501095540355,-29.206896235076616,-29.00566889036764,-27.926126977599814,0.5389846284162256,0.0,0.008403295832266164
Rps29,0.2702706993728666,0.6784313725490196,0.9699293482575216,-0.054125321211046,-0.0350039445375749,0.0026569466692852,4.003320574880002,3.90747565930695,0.717266813267363
Rpl36al,0.0010637453361911,0.0824958323410335,0.5713582599031516,0.0186896022806722,0.0912039965031361,0.1764488699478534,1.899869310987428,2.0251944077569948,0.14454739258206256
Arf6,0.0027786850681888,0.009501095540355,0.088567502575371,-28.55183882412379,-26.831474712134323,0.0,0.119420452545871,0.0,0.025859005270075664
Psma3,0.1152655394141462,0.6238787012780821,1.0,-0.2533131567842274,-0.0793263087968548,0.0634547935269845,0.9741492189254376,0.9226009557094826,0.6856226164622518
Ppm1a,0.0027786850681888,0.009501095540355,0.088567502575371,-27.898610124345275,-26.55928615155001,0.0,0.0988875895137382,0.0,0.025859005270075664
Hif1a,0.0054933714376438,0.0690958164642375,0.4268635389378423,0.0609870621053061,0.2940533476148445,0.5137957472978224,0.9445411430052753,1.1586375650286689,0.12543974704139405
Max,0.0027786850681888,0.009501095540355,0.0298677932975399,-28.77978027275841,-27.71431219507234,0.0,0.2202111363193495,0.0,0.025859005270075664
Atp6v1d,0.1271090481973704,0.511323918706056,1.0,-0.0426920516223208,0.2585033165627642,1.9782528575420804,0.580233502383769,0.6795544363168371,0.6218072820873086
Zfp36l1,0.1568627450980392,0.5208065412399778,0.910105580693816,-0.5354223868769675,-0.3438431828451279,-0.1629143333050466,1.24108052657788,0.9812265248410088,0.6218072820873086
Susd6,0.0004592558527205,0.0052733146843808,0.0471866693782339,-29.904346870618564,-29.703638397828545,-29.38858442948332,0.8743516573838803,0.0,0.024225125834338192
Srsf5,0.0029848376597602,0.0824958323410335,0.3441601174882899,-0.2941215205803725,-0.1732979596536061,-0.102233159917894,1.5011315108620038,1.3340517893309625,0.14454739258206256
Cox16,0.0027786850681888,0.009501095540355,0.088567502575371,-28.04528704783264,-26.43396795790907,0.0,0.0906603215289297,0.0,0.025859005270075664
Rbm25,0.0314201794077955,0.2702706993728666,0.7920774787647853,0.0520908658848132,0.1666533802433293,0.3275155788155341,0.9974041834149682,1.1211917869923198,0.37717036689659866
Npc2,0.2082876875446535,0.7344923394458999,1.0,-0.0329133208908953,-0.007688128092665,0.0365671842061046,2.5389023493391427,2.524649978617626,0.7498201547642859
Tmed10,0.0690958164642375,0.6238787012780821,1.0,-0.1337811583019699,-0.0434574749463811,0.0785724912898963,1.2675006436727625,1.23082445914392,0.6856226164622518
Fos,0.1813447646264983,0.6238787012780821,0.9699293482575216,-0.3546463971664035,-0.1565487418942127,0.1528883200808971,1.9978762309284923,1.78995752752026,0.6856226164622518
Jdp2,0.0815766989182437,0.2838788176757985,0.8991953164370099,-29.285027357242907,-28.60965670590899,0.0,0.4438285567590128,0.0,0.3949428593337396
Sptlc2,0.0007335473709934,0.009501095540355,0.0298677932975399,-28.80317397532926,-27.623720402277257,0.0,0.2068085219860112,0.0,0.025859005270075664
Slirp,0.0027786850681888,0.009501095540355,0.0298677932975399,-28.9458192893658,-27.73635465820568,0.0,0.223601504079194,0.0,0.025859005270075664
Snw1,0.0027786850681888,0.009501095540355,0.088567502575371,-28.29189047330315,-26.55928615155001,0.0,0.0988875895137382,0.0,0.025859005270075664
Gpr65,0.0029316408379423,0.0076818062802948,0.0278317489826975,-0.9738089047393436,-0.7966103059052627,-0.5878611568197606,1.1700424167678125,0.6714272002219094,0.025859005270075664
Foxn3,0.1123452636989943,0.5695553850714925,0.9699526571120032,-0.2747188845694968,0.0855500925097164,0.454094919270657,0.5744902182662168,0.6069964188573556,0.6566085399521933
Calm1,0.0095578312296578,0.0824958323410335,0.3837421608319441,0.0053544653234175,0.0539291476963164,0.0936958381432511,2.9774361778081326,3.0948927009744813,0.14454739258206256
Ndufb1-ps,0.1563145987139795,0.5713582599031516,1.0,-0.0282513221078244,0.0494686115940119,0.199499415706156,1.303570826587695,1.347903432231865,0.6566085399521933
Lgmn,0.0314201794077955,0.2702706993728666,0.910105580693816,-0.1726540097471103,-0.0848269175143583,0.0094319805617224,2.397301724403831,2.258541151992364,0.37717036689659866
Ddx24,0.0301271852138698,0.3057440507765872,0.9689946775534558,-0.3173781115428464,-0.1585278580976309,0.2563383176767485,0.6890170486013959,0.620121026871052,0.4179733624664825
Ifi27,0.0007335473709934,0.0007335473709934,0.009501095540355,-29.421923171892367,-29.15471213910352,-27.942861837337027,0.5976444187489682,0.0,0.008403295832266164
Ifi27l2a,0.0201629911921204,0.1503886102513491,0.4858458918005767,0.2222471854527443,0.6534345523166688,1.465837534818483,0.5881149954354675,0.9200479123866472,0.2375247683725496
Papola,0.0009361006688602,0.0133949167537699,0.1403889715411655,-29.27406648876748,-28.814261097494537,-27.03924569170755,0.4720161870351982,0.0,0.0340576694128513
Evl,0.0007335473709934,0.009501095540355,0.0298677932975399,-28.948544443671643,-27.45566629624191,0.0,0.1840683434130032,0.0,0.025859005270075664
Dync1h1,0.0007335473709934,0.0027786850681888,0.0298677932975399,-29.161967897569376,-28.27566089745087,0.0,0.3249541412396119,0.0,0.015103363283548733
Hsp90aa1,1.5876796062554575e-05,0.004096213384139,0.0824958323410335,0.186040421649575,0.2834739085587755,0.3583279541809643,1.52372109436164,1.8528586529529525,0.019614143453152353
Tnfaip2,0.0201317774073192,0.3837421608319441,0.9699293482575216,-0.0467899997861469,0.1320476760748793,0.2470186934522716,1.7729652031083123,1.94493623431007,0.49541605642355124
Eif5,0.0010637453361911,0.0824958323410335,0.5713582599031516,0.0337776064682564,0.1529337842780299,0.2794980971388144,1.3975541876712625,1.556205477753151,0.14454739258206256
Ckb,0.0001720247930818,0.0007335473709934,0.009501095540355,-29.410320913166977,-29.12247298704428,-27.97458838973175,0.5844372872834456,0.0,0.008403295832266164
Atp5mpl,0.1563145987139795,0.6784313725490196,1.0,-0.1615500379616889,-0.0044777671935874,0.1357244528827217,1.1099138732078335,1.1060990280450826,0.717266813267363
Siva1,0.0027786850681888,0.009501095540355,0.0298677932975399,-28.40941412384552,-26.76536345426106,0.0,0.1140715232111472,0.0,0.025859005270075664
Pld4,1.5876796062554575e-05,0.0054933714376438,0.1349368897356513,-0.6156778265952239,-0.4953398421804674,-0.3175380205546697,1.5464262206187926,1.0941723996181023,0.02437010368170411
Gpr132,0.0021592442645074,0.0201317774073192,0.0824958323410335,0.2597282086673865,0.506941209033,1.5759626058537597,0.6087661789070822,0.8604078059710247,0.047396122152906395
Crip1,0.004096213384139,0.0073033261887751,0.0278317489826975,1.296092540144025,1.6184517149269897,2.430520081177609,0.708953507617863,2.1748708387478173,0.025859005270075664
Igha,3.175359212510915e-05,0.0021592442645074,0.015860919266492,0.2721219860347726,0.4229790154157851,0.5334355983740485,1.2143589438565066,1.6261412954434125,0.015103363283548733
Ighm,0.0027786850681888,0.009501095540355,0.0298677932975399,-28.868651777341,-28.408080971066543,0.0,0.356192270040245,0.0,0.025859005270075664
Gdi2,0.0690958164642375,0.5208065412399778,1.0,-0.1532280766544879,-0.0848332064010133,0.0380005795038746,1.7045095384657176,1.6068374925467612,0.6218072820873086
Klf6,0.0004763038818766,0.0473446058585377,0.6238787012780821,-0.4923857912252765,-0.21011292427157,-0.0451307306111779,1.4073816673687651,1.2163427934719988,0.09375682341789195
Larp4b,0.0029843143638779,0.0895124226007759,0.6784313725490196,0.1366894201982045,0.4101800787919353,0.6875971860674838,0.593327119783743,0.7920334259086783,0.1560862089666709
Gpr137b,0.0133972710618509,0.1272502504022597,0.571377961054083,-29.241245244323228,-28.84973249835818,-26.831474712134323,0.4837654496592962,0.0,0.20749815606134242
Arid4b,0.0001720247930818,0.0027786850681888,0.0298677932975399,-29.07680446451797,-28.32107293755037,0.0,0.3353454840743702,0.0,0.015103363283548733
Psma2,0.0004763038818766,0.1152655394141462,0.8506311026434865,-0.4118694502708688,-0.2306058768944847,-0.0461827364678168,0.9598092854554222,0.8180145124693855,0.18983678465842097
Hfe,0.0007335473709934,0.0027786850681888,0.0298677932975399,-29.056307232713333,-27.85390316082412,0.0,0.2425829906775307,0.0,0.015103363283548733
BC005537,6.35071842502183e-05,0.004096213384139,0.0978804477256489,0.1274472912362492,0.2633285344597103,0.4234990262172724,1.0256613209187044,1.2322204916891302,0.019614143453152353
Uqcrfs1,0.0320554124560615,0.2408516040602033,0.9048278886373488,-29.236305642571462,-2.380230815512854,0.1540139822144312,0.554088152454494,0.110388787963826,0.3460147145862191
Ripk1,0.0007335473709934,0.009501095540355,0.088567502575371,-28.67948762091131,-26.831474712134323,0.0,0.119420452545871,0.0,0.025859005270075664
Psmg4,0.0001720247930818,0.0007335473709934,0.009501095540355,-29.116836067044872,-28.5328919440594,-26.43396795790907,0.3883795346906675,0.0,0.008403295832266164
Pxdc1,0.0574109566690162,0.4728549669282957,1.0,-28.352373824928847,0.4066766400512696,29.1231877994587,0.1071027169142727,0.2185260455693985,0.5858093703902911
Ly86,0.0054933714376438,0.0314201794077955,0.1813447646264983,-0.4736624701710099,-0.3679158291747764,-0.2265294367921915,1.491715701678835,1.1528988562069324,0.06698530592239087
Ssr1,0.0032593368359413,0.0252225734369385,0.1634815784592863,-29.354371689520782,-29.111886603772614,-28.41929509384263,0.580560589083617,0.0,0.05697235833968289
Tmem14c,0.0047981709084513,0.0120318597994687,0.0405991304587522,-0.5783656297456709,-0.4305118435592611,-0.2807261299241302,0.8798304138693902,0.6534026203477137,0.031653584646858066
Hivep1,0.0007335473709934,0.009501095540355,0.0298677932975399,-28.983765806998186,-27.82164070076879,0.0,0.2372187610508536,0.0,0.025859005270075664
Nol7,0.0001720247930818,0.0032593368359413,0.0480139728942661,-29.186855774046315,-28.591650702176004,0.0,0.404524179642696,0.0,0.01661802724803874
Cd83,0.015860919266492,0.2702706993728666,0.9699293482575216,-0.0242034120234669,0.1030178731193618,0.2454500612895251,1.581931536516335,1.69188952965068,0.37717036689659866
Jarid2,0.0029274285613342,0.0630780763154188,0.5884208870531396,0.0734850884900915,0.5253202531128256,1.6820954458570323,0.5221755958373819,0.7602102307056573,0.11770238982567839
Dtnbp1,0.022438890030895,0.2344447180424608,0.9242203280316528,-28.7791959260139,-26.980754908572223,0.0,0.1324391942456742,0.0,0.342944988924165
Dek,0.0022878731639293,0.01432324947024,0.0674459761625369,-29.652152865756197,-29.41832979503605,-28.96874175468356,0.7174632988190586,0.0,0.036086525416608055
Ninj1,0.0095578312296578,0.0473446058585377,0.3053901722632373,0.1108544831166434,0.3086955586405594,0.5000326102923541,1.2863630389257077,1.5925342654268788,0.09375682341789195
Card19,0.0073033261887751,0.0337983621149569,0.1813447646264983,0.2912340524863923,0.5882022836615604,1.0907880154823382,0.6535404234674105,0.9823714667159796,0.071299575090993
Sema4d,0.016633341135281,0.0959961730355479,0.4205270488761878,-29.10692822570941,-28.040630391226266,0.0,0.2761028207292562,0.0,0.16511054089787933
Syk,0.0072580773199968,0.0824958323410335,0.384591403465054,0.1443420888523961,0.2804945269351679,0.4784004548945097,1.0945335267115013,1.3312953460224548,0.14454739258206256
Nfil3,0.0972806142445542,0.4223831781386828,0.9663185553224448,-29.279759509368937,-28.83262401552716,-0.0458318009549968,0.5093167622430812,0.0,0.5399182428214497
Higd2a,0.0004954208174452,0.0032593368359413,0.0292545655864068,-29.32381521490876,-29.15223736399596,-28.263887171197723,0.5966201082330005,0.0,0.01661802724803874
Nsd1,0.0027786850681888,0.009501095540355,0.088567502575371,-28.943244031728888,-26.99989762501431,0.0,0.134208203122753,0.0,0.025859005270075664
Prelid1,0.1677378966418669,0.5899139332199306,1.0,-1.2489441745518317,0.0364646979827041,1.995089821455288,0.4966871488941664,0.5643542003610509,0.6749331347206539
Lman2,0.0015395900725586,0.0252225734369385,0.2983119407725079,-29.26688310893887,-28.999148890249145,-26.72177866725089,0.536554280459042,0.0,0.05697235833968289
Tmed9,0.0095578312296578,0.2379772961816305,0.9699293482575216,-0.3022791682850781,-0.1162302347380919,0.0863835471074043,0.8501790342717055,0.7833871282090455,0.342944988924165
Ddx46,0.0027786850681888,0.009501095540355,0.088567502575371,-28.627162877070663,-26.849643454841427,0.0,0.120933897362515,0.0,0.025859005270075664
H2afy,0.1563145987139795,0.6238787012780821,1.0,-0.2161972174960308,-0.0310146324609812,0.1648223877999011,0.9246961938945704,0.9062480206918512,0.6856226164622518
Tgfbi,0.0690958164642375,0.5208065412399778,0.9699293482575216,0.0030591516256227,0.1086362901488603,0.358470918531527,1.53995923821233,1.6640757888021236,0.6218072820873086
Hnrnpa0,6.35071842502183e-05,0.0029848376597602,0.0573787409700722,0.1671087650588193,0.3416262338146475,0.7903583984617364,0.6319114658645355,0.8005248273101527,0.01575089260689785
Hnrnpk,0.0021592442645074,0.1349368897356513,0.910105580693816,-0.0074286794320986,0.075022719555421,0.168084379583299,1.424763574610385,1.5028651556443535,0.21480718594681517
Tut7,0.0001529566816353,0.0012455000145158,0.0208004792731061,-29.60661554107813,-29.410142802019525,-1.7892762240359694,0.7167248199858565,0.0,0.012808835376554535
Ctsl,0.0003016591251885,0.0690958164642375,0.5208065412399778,-0.3980756972358613,-0.2676828219144467,-0.1091155111170767,1.3935381368266777,1.1549605954234488,0.12543974704139405
Uqcrb,0.0824958323410335,0.6238787012780821,1.0,-0.1101879056255484,-0.0113979285844577,0.1165741750310151,1.1483146626344838,1.1378383129231513,0.6856226164622518
Ndufs6,0.0035729616071004,0.0416622142499834,0.2911284248433565,-29.23530817583555,-29.02773446107205,-28.058429842011154,0.5479997110359534,0.0,0.08453879797362103
Sdha,0.0007335473709934,0.009501095540355,0.0298677932975399,-28.808648483883605,-27.45611080246111,0.0,0.1841250651230385,0.0,0.025859005270075664
Ell2,0.1006037656841813,0.4602017451187122,0.9689946775534558,0.1067891511012556,1.0446903335825306,29.282720890832728,0.3042920003193282,0.6331007755694179,0.5788500060214518
Mef2c,0.0007335473709934,0.0007335473709934,0.0017888776467873,-29.80006944336407,-29.66398988765893,-29.35893108904468,0.850649741987623,0.0,0.008403295832266164
Cox7c,0.0201317774073192,0.1349368897356513,0.5713582599031516,0.0181253016112332,0.1118383410554812,0.2189157811030389,1.6260281398950975,1.758332886160975,0.21480718594681517
Tmem167,0.0174080378282394,0.1678253583141733,0.6994095189861488,-28.669373692520335,-27.708852158353903,0.0,0.2193792983382332,0.0,0.2605179232835795
Rps23,0.1152655394141462,0.6238787012780821,1.0,-0.0193392630600494,0.018705281049023,0.0428860091603794,3.30645957584854,3.3501954196999915,0.6856226164622518
Tent2,0.0007335473709934,0.009501095540355,0.088567502575371,-28.865928227206435,-26.979738268106324,0.0,0.1323458996738797,0.0,0.025859005270075664
Tbca,0.047128681432087,0.2702706993728666,0.9699293482575216,-0.2232954832962249,-0.1071576100440364,0.0383518612092845,1.0073098757303187,0.9342454286669152,0.37717036689659866
Nsa2,0.0690958164642375,0.4268635389378423,0.9699293482575216,-0.167066370005879,-0.0663844790011988,0.0358732615842256,1.3095799018239602,1.2510922054433276,0.5399182428214497
Hexb,0.0041647687668991,0.0201629911921204,0.1006037656841813,-0.9555130081658114,-0.6956103386202057,-0.3488075707337464,1.020025192080472,0.6322345163061149,0.047396122152906395
Btf3,0.0029848376597602,0.0573787409700722,0.4268635389378423,0.0359281951272081,0.1002699034641891,0.1588885778659724,1.7157887747453977,1.83883104740105,0.10801853593650658
Fcho2,3.529139494825728e-05,0.0007335473709934,0.009501095540355,-29.165669022638284,-28.924453971688116,-27.52010111213586,0.5094813053214863,0.0,0.008403295832266164
Pik3r1,0.0371711945619992,0.343145193299992,0.9384797984036732,-0.3018130181452788,-0.1126105041538066,0.0701346964831662,0.8806974881983856,0.8163061425290035,0.4566858822595482
Erbin,0.1837871594137701,0.6133484776563917,1.0,-0.1540634776967555,0.3419843976683675,29.063681344219063,0.5057046617579397,0.6334778999946172,0.6856226164622518
Gpbp1,0.1349368897356513,0.5890143815020004,1.0,-0.0773979998486886,0.09640775888026,0.3359978794868462,0.6927541523861602,0.7434328000227565,0.674330190081354
Map3k1,0.0012595978677313,0.0174080378282394,0.1513756600246135,-29.134809656698494,-28.1336260866743,0.0,0.2944864640468925,0.0,0.04240719847794524
Snx18,0.0021592442645074,0.1813447646264983,0.9699293482575216,-0.0472681041207106,0.1671346863210253,0.4769980219643354,0.919889610450782,1.0305321488497587,0.2751332975473277
Ndufs4,0.0027786850681888,0.0292545655864068,0.1513756600246135,-28.73368933345926,-27.15147007984797,0.0,0.1490757206635192,0.0,0.06449544910036091
Emb,0.0211509943557161,0.0573225174744465,0.1569155794666105,28.60043214274376,29.481371183184,29.58441161321335,0.0,0.7504947375336563,0.10801853593650658
Dnase1l3,0.0015241724220052,0.0167293970345386,0.0895124226007759,-0.9405843254202452,-0.6734377690790418,-0.4033804437787642,1.3459325428783702,0.8442824414178084,0.04142299402532814
Slc4a7,0.0027786850681888,0.009501095540355,0.0298677932975399,-28.535072703873933,-27.62848728098829,0.0,0.2074929782148272,0.0,0.025859005270075664
Rpl15,0.3045121854409781,0.7920774787647853,1.0,-0.0506217663008174,0.0012834404546874,0.0696334017257632,2.4303626512769325,2.435552088240134,0.7955939159624091
Rtraf,0.000603661726761,0.0069870186828277,0.0640112911057951,-29.667898003965657,-29.347143916625523,-0.5084475754809411,0.7501817033011438,0.0,0.025859005270075664
Gng2,0.0004954208174452,0.0017888776467873,0.0035319278065916,-29.58496991504399,-29.34823546610949,-29.10557395596884,0.6834381133475902,0.0,0.015103363283548733
Vdac2,0.004096213384139,0.0573787409700722,0.3837421608319441,-0.2647563710382998,-0.1888243808550378,-0.0815695952761463,1.17883974005921,1.0333171201849427,0.10801853593650658
Rps24,0.0690958164642375,0.4268635389378423,0.910105580693816,-0.0053325217108276,0.0222070666867946,0.0522380139933076,3.619462256888064,3.673778009393375,0.5399182428214497
Zmiz1,0.0008503839505192,0.0040854564497672,0.0444162068920732,-29.483429921156773,-29.3421104881474,-1.419969591703643,0.6861544173746823,0.0,0.019614143453152353
Arf4,0.0312657775660871,0.343145193299992,0.9699293482575216,-0.0317100992848349,0.0438526106598899,0.1459975172646172,1.284254028475495,1.3243167361636488,0.4566858822595482
Selenok,0.2702706993728666,0.7344923394458999,1.0,-0.0775546886798017,-0.0143222511863082,0.0746486373470594,1.5461971313435598,1.5322725917777962,0.7498201547642859
Tkt,0.2702706993728666,0.7920774787647853,1.0,-0.1288340638508242,0.0167605810217318,0.2082428911452308,0.909023619424159,0.922419120218101,0.7955939159624091
Prkcd,0.2799063505905702,0.8168936927471406,1.0,-0.1215033272120284,0.0817345870088672,0.3460922796858391,0.7136978387284498,0.7521410910259756,0.8187029811031697
Spcs1,0.0072729390010882,0.1318811298530948,0.6439456989499159,-0.513956493767554,-0.2379594304272298,-0.0039775424969475,0.7224810308581617,0.6161188649411734,0.21370174130179195
Pbrm1,0.0001720247930818,0.0001720247930818,0.0027786850681888,-29.27789499852748,-29.04173898504625,-28.279971270398967,0.552630130661984,0.0,0.007037632866909919
Stab1,0.0007335473709934,0.0027786850681888,0.009501095540355,-29.625804587322836,-28.929156831196465,-27.15147007984797,0.511144808989692,0.0,0.015103363283548733
Nisch,0.0001720247930818,0.0007335473709934,0.0027786850681888,-29.25016248373778,-29.130224701093898,-28.539938689126316,0.5875859663258378,0.0,0.008403295832266164
Timm23,0.1629460407254464,0.6689706667452711,1.0,-2.321917775338185,0.028024405998618,1.0217027293824372,0.5230073136510207,0.5417995019429853,0.717266813267363
Glud1,0.0824958323410335,0.6238787012780821,1.0,-0.1762019725215628,0.0115986567532602,0.2331359581156434,0.8154477107942306,0.8214220112857273,0.6856226164622518
Wapl,0.0694015268921112,0.4602017451187122,1.0,0.0306306035924856,0.5895340800435851,1.5453641118003898,0.434673185997944,0.6666702179942786,0.5788500060214518
Ghitm,0.0001720247930818,0.0010422408858642,0.0102224535836243,-29.25050465209541,-29.055709595104744,-28.761376482053038,0.5580076239378547,0.0,0.011228904782227392
Psmc6,0.0007335473709934,0.0027786850681888,0.0298677932975399,-29.151801891351862,-28.47370571953837,0.0,0.3727713681106985,0.0,0.015103363283548733
Mapk1ip1l,0.0027786850681888,0.009501095540355,0.088567502575371,-28.364652567017213,-26.43396795790907,0.0,0.0906603215289297,0.0,0.025859005270075664
Lgals3,0.0007114333862529,0.0061455131856455,0.0488066211306404,0.6003117788702453,1.1367116849909809,1.9296239543511853,1.0569336318174387,2.32042204396243,0.025859005270075664
Exoc5,0.0027786850681888,0.009501095540355,0.088567502575371,-28.569402221703086,-26.979738268106324,0.0,0.1323458996738797,0.0,0.025859005270075664
Hnrnpc,0.0073033261887751,0.343145193299992,0.9699293482575216,-0.0584283734334177,0.1078904906633385,0.259132827741781,0.8209011832566182,0.8833942566890143,0.4566858822595482
Dad1,0.0001905215527506,0.0054933714376438,0.0824958323410335,0.1721549500295957,0.317917112749763,0.5440639962538779,0.714205291038125,0.8924568774405789,0.02437010368170411
Mrpl52,0.1568627450980392,0.7344923394458999,1.0,-0.1222171446562389,-0.0353520688349737,0.1333193391264784,1.1334325932178322,1.1064460973901429,0.7498201547642859
Mmp14,0.007318906196645,0.0325325182293942,0.1838923254480368,-1.5334395478622125,-0.5342199266745545,-0.2232743525605828,0.8727317928111205,0.6106620169491249,0.06903148651254808
Psmb5,0.0004954208174452,0.0035729616071004,0.060746279122113,-29.26825332970197,-28.954852537768424,-27.707621213476752,0.5203303197533582,0.0,0.017964056969032565
Acin1,0.0007335473709934,0.009501095540355,0.088567502575371,-28.9394130908094,-27.08768052366533,0.0,0.1426278539162087,0.0,0.025859005270075664
Pabpn1,0.0007335473709934,0.0102224535836243,0.0480139728942661,-29.150045601446635,-28.690470037200143,-26.79139157343469,0.4332036128281775,0.0,0.027090250346061467
Psme1,0.0029848376597602,0.0573787409700722,0.2702706993728666,-0.2836932152412231,-0.1992305230732084,-0.1324220708375942,1.645280528843275,1.4354143406816826,0.10801853593650658
Psme2,0.0007144558228149,0.0073033261887751,0.0824958323410335,-0.4568140769049167,-0.3414204229199798,-0.2243897794667734,1.0992576924212356,0.8684239173269382,0.025859005270075664
Nedd8,0.0029848376597602,0.2082876875446535,0.9699293482575216,-0.1807190463633556,-0.090473365622178,0.0303110319859378,1.153297258947065,1.0824225443334374,0.3090169790621498
Ctsb,0.038707628800508,0.2082876875446535,0.4726680955783123,-0.1745538959337201,-0.1321962833379653,-0.0809605077427463,3.25639307221514,2.9711284375663176,0.3090169790621498
Dpysl2,0.0007335473709934,0.0027786850681888,0.009501095540355,-29.190019823269385,-28.55663843269401,-26.674419850500698,0.3948250894825445,0.0,0.015103363283548733
Bnip3l,0.0007335473709934,0.0027786850681888,0.0298677932975399,-29.160553551194123,-28.020356530727124,0.0,0.272249946668277,0.0,0.015103363283548733
Fndc3a,0.0027786850681888,0.0298677932975399,0.1513756600246135,-28.595555928856896,-26.676869544246244,0.0,0.1072847316352172,0.0,0.0652907075707092
Rcbtb2,0.0443574427540741,0.3646530466961222,0.968815717976914,-0.011621051324968,0.679345450603421,2.5907125809842544,0.427647268534201,0.698308889399406,0.48141649490881194
Lpar6,0.0007335473709934,0.0027786850681888,0.0298677932975399,-28.91503045366133,-27.842297728419283,0.0,0.2406394147360892,0.0,0.015103363283548733
Itm2b,0.015860919266492,0.0473446058585377,0.1568627450980392,-0.3537862198352405,-0.2615226766505268,-0.1637926067135866,3.43354692637592,2.858892167185084,0.09375682341789195
Esd,0.2277923043425441,0.7274683619586189,1.0,-0.1956430999409618,0.0529420069830446,0.7119818868307667,0.646140565392235,0.6646071956382822,0.7498201547642859
Lcp1,0.0978804477256489,0.5208065412399778,0.910105580693816,-0.1386234079807784,-0.0738667711451254,-0.0142940471387087,1.90577258308948,1.8094952599826075,0.6218072820873086
Tpt1,0.0001905215527506,0.0252441057394617,0.2379772961816305,0.051139382583081,0.0771615147558161,0.1123170063438439,3.989644470754308,4.2130984252361605,0.05697235833968289
Epsti1,3.529139494825728e-05,0.0007335473709934,0.009501095540355,-29.206062991404867,-28.85951490104093,-26.980754908572223,0.4870568376211162,0.0,0.008403295832266164
Elf1,0.0027786850681888,0.009501095540355,0.088567502575371,-28.988992761311845,-27.15120428216984,0.0,0.1490482579429262,0.0,0.025859005270075664
Sugt1,0.0027786850681888,0.009501095540355,0.0298677932975399,-29.061544837934875,-27.842297728419283,0.0,0.2406394147360892,0.0,0.025859005270075664
Kctd12,0.0690958164642375,0.5713582599031516,1.0,-0.2461806459100821,-0.0971841559721633,0.0886416933295583,1.4472870607809152,1.3511315489792488,0.6566085399521933
Mycbp2,0.1813447646264983,0.5713582599031516,1.0,-0.2268702122975928,-0.0729121828997898,0.1080119429486967,0.92025684692912,0.8732488472681088,0.6566085399521933
Gm10076,0.0824958323410335,0.6238787012780821,1.0,-0.2402222457640062,-0.0230099410361923,0.1972997509363099,0.8941492546180757,0.8790699820540374,0.6856226164622518
Tpm3-rs7,0.0007335473709934,0.0027786850681888,0.009501095540355,-29.26903462216812,-28.737571474683044,-26.831474712134323,0.447580354005011,0.0,0.015103363283548733
Dnajc3,0.1763147943584485,0.6708558092938122,1.0,-0.2223146910649834,0.0227374299198121,0.2589965123383306,0.713168219573879,0.7250231342038942,0.717266813267363
Mbnl2,0.0946475624588327,0.5087557841299859,1.0,-0.2396630004096644,-0.0559985902033714,0.2016704078147077,0.6657707765753578,0.6389178228294181,0.6218072820873086
Gpr183,0.0002040915427345,0.0006383494096834,0.0059733731716288,2.071216041909964,30.015400086657003,30.082617160863144,0.0,1.0964342744407225,0.008403295832266164
Tm9sf2,0.0027786850681888,0.0027786850681888,0.0298677932975399,-28.84803879209976,-27.676999268933272,0.0,0.2145887588596667,0.0,0.015103363283548733
Selenop,0.0314201794077955,0.1813447646264983,0.4726680955783123,-0.5259897718731491,-0.3064644073770003,-0.1335191207154779,2.6339446686378905,2.129659428287371,0.2751332975473277
Oxct1,0.0001720247930818,0.0027786850681888,0.0298677932975399,-29.119217842569167,-28.04750768571723,0.0,0.277422373537492,0.0,0.015103363283548733
Rpl37,0.0473446058585377,0.1813447646264983,0.5713582599031516,-0.0845553289474078,-0.0472674747595846,-0.0199264441789692,3.108316622972048,3.00920780405066,0.2751332975473277
Dab2,0.2702706993728666,0.7920774787647853,1.0,-0.207541605739787,-0.0034485577174888,0.1639750115926945,1.0942635059105077,1.0889890824807638,0.7955939159624091
Fyb,1.5876796062554575e-05,0.004096213384139,0.0054933714376438,-0.8019174745605321,-0.6893267379630353,-0.5130600035441727,2.043587446281625,1.2671935548818736,0.019614143453152353
Nipbl,0.0117839589140831,0.1318811298530948,0.8468301921511491,-0.4789514249056649,-0.1921306684648061,0.0755246706157204,0.7086688185505726,0.6204722993532203,0.21370174130179195
Sub1,0.004096213384139,0.0690958164642375,0.2702706993728666,0.0838078349085664,0.1617622188070255,0.257883220222197,1.7242406015585725,1.9271812767669112,0.12543974704139405
Basp1,0.0021592442645074,0.0824958323410335,0.6784313725490196,0.0503983390789976,0.181982760376701,0.3039755940645566,2.070571316487705,2.3475830985909765,0.14454739258206256
Otulinl,0.0001217557504524,0.0027786850681888,0.0480139728942661,-29.30700922950988,-29.024455601129254,-26.72177866725089,0.546049159504493,0.0,0.015103363283548733
Cct5,0.0107416479401867,0.1110173717526384,0.6133821610921769,-29.205066219160425,-0.3120097287858081,0.0627254285604716,0.6471764215284626,0.5256676811568504,0.18554149849702264
Mtdh,0.0131850319410747,0.0966610330578377,0.64330403310901,-0.3789705665612332,-0.2210834024972615,0.0018159084974118,0.8367344569909545,0.7168173646801412,0.16511054089787933
Rpl30,0.4268635389378423,0.7920774787647853,1.0,-0.0356602324162288,-0.0061733382166224,0.0250954768776474,3.1252009612765104,3.1099062248806124,0.7955939159624091
Cox6c,0.0978804477256489,0.6238787012780821,1.0,-0.1045973869527885,-0.0393777294176111,0.0409563210600352,1.7924411978594463,1.7410307163687686,0.6856226164622518
Pabpc1,6.35071842502183e-05,0.0015241724220052,0.0573787409700722,0.1247001893932176,0.2248008038506158,0.2930148850198288,1.9463602755022849,2.27591574980337,0.014390396648445412
Ywhaz,0.0001905215527506,0.004096213384139,0.0573787409700722,0.1665956411366527,0.2420527917630363,0.3393791085636841,1.4722731117090413,1.7386693862193336,0.019614143453152353
Zfp706,0.0017888776467873,0.0133949167537699,0.1223341709161366,-29.0534330127904,-28.28605568885171,0.0,0.3273263562213512,0.0,0.0340576694128513
Atp6v1c1,0.0416622142499834,0.1991048209933474,0.6993022710519221,-28.61894094231373,-26.79139157343469,0.0,0.1161482004570815,0.0,0.2995675195328003
Eif3e,0.1323180178891167,0.6238787012780821,1.0,-0.1360380297906502,-0.0263481984022157,0.2064801978493912,0.9739104634680462,0.9548800337269234,0.6856226164622518
Eny2,0.0007335473709934,0.0027786850681888,0.009501095540355,-29.05546672959369,-28.53774305703283,-26.676869544246244,0.3896876726790155,0.0,0.015103363283548733
Trps1,0.0054933714376438,0.0824958323410335,0.5208065412399778,0.1675158462826139,0.3634326035968392,0.7207155539424763,0.6935612470474949,0.8872396973570739,0.14454739258206256
Eif3h,0.0978804477256489,0.6238787012780821,1.0,-0.2096516040818527,-0.0008725156142039,0.2625708009648079,0.9713355110581788,0.9689083110652912,0.6856226164622518
Derl1,0.0001720247930818,0.0012730863420067,0.0292545655864068,-29.30723837666237,-29.09798110487432,-27.421337802739348,0.574599342991468,0.0,0.013018566548204108
Ndufb9,0.1425303019847767,0.4402287704455589,0.9692348066076554,-0.2698371687739975,-0.1202839637391673,0.0047004268831636,0.9503957367971028,0.8741189890185715,0.5548844529989286
Trib1,0.1590939961274773,0.6958441207714297,1.0,-0.8350024076643874,0.2573503665840098,1.4329282337698106,0.4990334417133255,0.6052465179291817,0.7348178871623615
Fam49b,0.0073033261887751,0.1349368897356513,0.7920774787647853,-0.1948381850816732,-0.1050368514085732,-0.001715576480048,1.3348393060053012,1.2433611538995424,0.21480718594681517
Sla,0.187056212051365,0.6671736522987992,1.0,-1.1931052985483153,0.2940860591447305,2.2880125043342523,0.4514969771283335,0.5811916365803684,0.717266813267363
St3gal1,0.0040114305565442,0.0130238645462553,0.0785843275342765,0.5865101379109728,2.087368298272959,29.505068350596044,0.1665570266930317,0.7275842165586959,0.03365691065287988
Ago2,0.0048448169386169,0.0473446058585377,0.2974397791804603,0.2021828599111821,0.4795320634801704,1.007181616493474,0.59582397665986,0.8246386083733148,0.09375682341789195
Ly6e,0.004096213384139,0.0095578312296578,0.038707628800508,-0.3546572061896223,-0.293767716761802,-0.209671567473443,2.589973757326665,2.11616209669246,0.025859005270075664
Ly6a,3.529139494825728e-05,0.0001720247930818,0.0007335473709934,-30.02248163120753,-29.67524927513541,-29.220732807767536,0.857314483663116,0.0,0.007037632866909919
Eef1d,0.004096213384139,0.1813447646264983,0.6784313725490196,-0.417930384463266,-0.2387158867367958,-0.0513759791784962,0.9518835715626764,0.8088395228823673,0.2751332975473277
Grina,0.0001720247930818,0.0011483811028681,0.0134645749923361,-29.56036136391977,-29.28637871103972,-28.933847540249847,0.6547544454327517,0.0,0.01194580342638656
Vps28,0.0001720247930818,0.0007335473709934,0.009501095540355,-29.191354989685653,-29.005899613147253,-26.99989762501431,0.5390708323419933,0.0,0.008403295832266164
Rpl8,0.004096213384139,0.0824958323410335,0.4738715567198528,0.0627860290438493,0.1142700736765642,0.1709077376774828,2.542815109812099,2.7520149236893485,0.14454739258206256
Myh9,0.004096213384139,0.0978804477256489,0.7359319679288707,-0.3943766507391262,-0.2241972284278934,-0.0255981388266357,1.109232248686895,0.9550525988551228,0.16511054089787933
Ncf4,0.0573787409700722,0.5713582599031516,1.0,-0.1534299387415327,-0.0369155722531758,0.1603524098088405,1.0530829063080804,1.0284593439620586,0.6566085399521933
Csf2rb2,0.0022725832923102,0.0583492399385958,0.5633450568354126,0.0166049777817255,0.4744589041806841,1.516159277731108,0.5641999458262934,0.7861346358065848,0.10966991099569927
Csf2rb,1.5876796062554575e-05,0.0003016591251885,0.0054933714376438,0.270280520842883,0.4568165743308916,0.6430756167394943,1.414303259101775,1.937232401816995,0.008403295832266164
Rac2,1.5876796062554575e-05,3.175359212510915e-05,0.0015241724220052,-0.7259908575193906,-0.6314006531756081,-0.4883314595530225,1.28480527768912,0.8291154367307674,0.007037632866909919
Cyth4,0.0035547256400419,0.0047981709084513,0.0163617647545641,-0.8296129861675724,-0.6454086758880633,-0.4531376761014564,0.988092473027937,0.6340913314236135,0.022325679548320963
Lgals1,0.010408775719352,0.0992117754970578,0.3692489912258264,1.4307333982138095,29.434886514886657,29.55650276723851,0.0,0.7536149968088718,0.16704494292992988
Maff,0.0634788370139077,0.2978424776621277,0.8791114169586121,-28.670399583307724,-26.84559325626125,0.0,0.1205948656230272,0.0,0.41278321942454144
Ddx17,0.0367103646724126,0.2408516040602033,0.8733381708570462,-29.300574876764188,-1.195448625800752,0.0625609135590185,0.602464590777334,0.2602969810931755,0.3460147145862191
Tomm22,0.0007335473709934,0.009501095540355,0.1223341709161366,-28.796856091454437,-26.55928615155001,0.0,0.0988875895137382,0.0,0.025859005270075664
Rpl3,0.1344451059776137,0.5713582599031516,1.0,-0.0677765650480137,-0.0288409698626403,0.0240510260613917,2.58495280615254,2.532938159097901,0.6566085399521933
Atf4,0.004096213384139,0.038707628800508,0.3053901722632373,0.1518064217990374,0.3884946608550067,0.617363237979409,0.704351238066342,0.9252448637228394,0.07907540420871273
St13,0.0047981709084513,0.0488002359715315,0.2968939270753236,-0.3784642780453355,-0.1835947471380237,0.0006935803476274,0.7891772847421958,0.696452209306652,0.09538707031152485
Rbx1,0.2974397791804603,0.7344923394458999,1.0,-0.1342647027162605,-0.0150490281587713,0.121659474899593,1.0003942237018757,0.991384773013767,0.7498201547642859
Tob2,0.0686514839956567,0.5713582599031516,1.0,-0.3634857880716639,-0.0008057013999069,0.4803985792514825,0.7197671314631633,0.7207110013894615,0.6566085399521933
Aco2,0.0027786850681888,0.009501095540355,0.088567502575371,-28.419531736110205,-26.43396795790907,0.0,0.0906603215289297,0.0,0.025859005270075664
Snu13,0.0004763038818766,0.038707628800508,0.5713582599031516,0.107397976132504,0.3511251197968595,0.7062327631807113,0.6159220846063185,0.7850188132209837,0.07907540420871273
Smdt1,0.0821608319441137,0.5713582599031516,1.0,-0.1944067692767462,-0.061881026689215,0.0496014136801043,1.1091471225729586,1.0605740307290938,0.6566085399521933
Ndufa6,0.1152655394141462,0.6784313725490196,1.0,-0.1730302265484755,-0.0336076694311716,0.1162261216405727,0.986432173664529,0.9612802288434532,0.717266813267363
Poldip3,0.0017171816394193,0.0471866693782339,0.5440817680488805,-29.196686456830847,-29.004681441845666,-2.286269487812976,0.5411181616673113,0.0,0.09375682341789195
Tspo,0.0073033261887751,0.0978804477256489,0.4726680955783123,-0.2972289231241347,-0.231345231949357,-0.1203870515645286,1.45467854736865,1.2391509534208325,0.16511054089787933
5031439G07Rik,0.0077371208623235,0.0674459761625369,0.5055179696547507,-29.192399029973902,-28.480951108592137,0.0,0.3748657292478672,0.0,0.12507911562929486
Pim3,0.0007322945583869,0.0102224535836243,0.0480139728942661,-29.22318179500668,-28.18752296486322,-26.43396795790907,0.3056961114997495,0.0,0.027090250346061467
Zcrb1,0.0557432987804457,0.2748445680378338,0.8110050576483668,-29.29902269852681,-2.39741499215842,-0.0621040487513223,0.5867396138792917,0.110388787963826,0.38325783370452937
Scaf11,0.0001720247930818,0.0046531078421473,0.0959961730355479,-29.31947233876101,-29.065615203038377,-27.697302501509206,0.5618521120702165,0.0,0.021829077780726007
Slc38a1,0.0008074274754744,0.001641642300541,0.0123495997997617,1.4744666391851786,29.84916063519718,29.907117523217323,0.0,0.9785879039040736,0.015103363283548733
Slc38a2,0.1905017381754802,0.6422997782082179,1.0,-28.66206933620786,-0.2490558832740603,28.53532018577594,0.278676889025463,0.2451700108484975,0.7050106722600815
Arf3,0.0007335473709934,0.0032593368359413,0.0379093688511672,-29.157366284016867,-28.53603463302612,0.0,0.3892264818344719,0.0,0.01661802724803874
Tuba1b,0.0055032578120878,0.0554174053687391,0.4117324351071907,-29.470283118907567,-0.7039069649506795,-0.1364332809642432,0.7071622502676707,0.466969098317566,0.10682162270225534
Tuba1c,0.0046591558569937,0.0573225174744465,0.319203121372773,0.8297173931919318,29.33583905637,29.461713060370936,0.0,0.7099755912529628,0.10801853593650658
Tmbim6,0.0573787409700722,0.3837421608319441,0.8521179645947434,-0.2441846562403432,-0.1332688868684305,-0.0383712588589797,1.4918747752416124,1.3615134633815926,0.49541605642355124
Cox14,0.0004954208174452,0.0032593368359413,0.0292545655864068,-29.31092245754524,-29.02247122734028,-28.196430267638544,0.545298605333179,0.0,0.01661802724803874
Larp4,0.0007335473709934,0.009501095540355,0.088567502575371,-28.67653593907136,-26.694520459866308,0.0,0.108605388701089,0.0,0.025859005270075664
Dazap2,0.0004763038818766,0.0690958164642375,0.7920774787647853,0.0171732701655023,0.2161279057376358,0.3944722260169317,1.1298981246799018,1.3135857422779762,0.12543974704139405
Eif4b,3.529139494825728e-05,0.0001720247930818,0.0027786850681888,-29.40803984616996,-29.283098129875327,-28.9429627773006,0.6532672740446638,0.0,0.007037632866909919
Pfdn5,0.1152655394141462,0.5208065412399778,0.9699293482575216,-0.0834004542324314,-0.0290244802497117,0.0240179614296019,1.780918637087375,1.74418110491386,0.6218072820873086
Prr13,0.0011754406106422,0.0189954919346161,0.1677378966418669,-29.47489614697538,-1.386519336352991,-0.2433135814122842,0.6874897025259663,0.2637418085334807,0.04596502727494003
Pcbp2,0.0573787409700722,0.4726680955783123,1.0,-0.0709042232628206,0.0690162300983155,0.2358234616953197,1.37454332566596,1.437752372466686,0.5858093703902911
Atp5g2,0.1349368897356513,0.6784313725490196,1.0,-0.1283038776722375,-0.0459726285972168,0.0357493351780424,1.5786769635387474,1.5284427592480812,0.717266813267363
Hnrnpa1,0.0824958323410335,0.5713582599031516,1.0,-0.1475530480567928,0.049646371613657,0.2954163817868918,0.9471718130871803,0.9779941402702262,0.6566085399521933
Nckap1l,0.0001690707571864,0.000975934543285,0.0100200172673944,-29.72481484991891,-29.542742522840413,-29.38586683815628,0.7826040803760768,0.0,0.010641213996059338
Crebbp,0.0130636253055734,0.0674459761625369,0.3419837545941894,-28.938630814506723,-28.374896398338134,0.0,0.3480927183582017,0.0,0.12507911562929486
Glyr1,0.0027786850681888,0.009501095540355,0.2615722360139493,-28.16191592958369,-26.76536345426106,0.0,0.1140715232111472,0.0,0.025859005270075664
Ubn1,0.0102029298672555,0.0815766989182437,0.5055179696547507,-29.254427318327554,-28.516523723374824,0.0,0.3839980435525827,0.0,0.14454739258206256
Usp7,0.0027786850681888,0.009501095540355,0.088567502575371,-28.37236899782042,-26.55928615155001,0.0,0.0988875895137382,0.0,0.025859005270075664
Ciita,3.529139494825728e-05,3.529139494825728e-05,0.0003565717551321,-30.20049439480455,-29.958517895446363,-29.681857928164465,1.0433079488188934,0.0,0.007037632866909919
Litaf,0.038707628800508,0.0824958323410335,0.5713582599031516,0.0432232834356177,0.1467501564696803,0.236075100870308,1.3851158204902738,1.532906186168205,0.14454739258206256
Zc3h7a,0.0007335473709934,0.009501095540355,0.0298677932975399,-28.968525301175653,-27.676999268933272,0.0,0.2145887588596667,0.0,0.025859005270075664
Gspt1,0.0003565717551321,0.0077371208623235,0.0978456838516129,-29.15149083471026,-28.62843844766117,0.0,0.4149719109392252,0.0,0.025859005270075664
Ntan1,0.0007335473709934,0.0027786850681888,0.0298677932975399,-29.018869058747185,-27.916156769291774,0.0,0.2532797970363947,0.0,0.015103363283548733
Sdf2l1,0.0009361006688602,0.0057606676070176,0.0481039395134095,-29.28203716775488,-29.02247122734028,-27.895355937960144,0.545298605333179,0.0,0.02524650936731684
Ube2l3,0.0003016591251885,0.0252441057394617,0.2379772961816305,0.1208326022250363,0.2781219798885091,0.4489235589780042,0.7884702486794503,0.9593381142575136,0.05697235833968289
Ranbp1,0.231052016598276,0.7274683619586189,1.0,-0.1984143151885987,-0.0234450970717969,0.324326251933618,0.6589078265816487,0.6501710152280441,0.7498201547642859
Ap2m1,0.0327278317817653,0.2576148676122398,0.9248778444493698,-28.724150090759533,-26.601600549271083,0.0,0.1018309261624297,0.0,0.3677310018755158
Psmd2,0.0027786850681888,0.0027786850681888,0.0102224535836243,-28.90090263747293,-28.277314040651028,-26.831474712134323,0.3253267103631042,0.0,0.015103363283548733
Eif4g1,0.0024238779803224,0.0209734342700645,0.1403889715411655,-29.18203732169141,-28.6235964432264,0.0,0.413581507750106,0.0,0.049173466358570915
Tra2b,0.0690958164642375,0.2702706993728666,0.910105580693816,0.0124641856505771,0.1821546869581736,0.3236018696217922,0.933032302960173,1.05781129888132,0.37717036689659866
Dnajb11,0.0057606676070176,0.0480139728942661,0.1853939469443623,-28.741617232108776,-27.497987323746315,0.0,0.189547911042668,0.0,0.09405334517166845
Eif4a2,0.0006834348667358,0.009501095540355,0.037650276439806,-29.15933270674874,-28.439895038137085,0.0,0.3641342070590402,0.0,0.025859005270075664
Ccdc50,0.0005026588905531,0.0088116873156729,0.0927576203686832,-29.648917817559152,-1.489445303833826,-0.3737546059941069,0.7970708044549925,0.2772319295089652,0.025859005270075664
Atp13a3,0.2484494722393541,0.7605323733294866,1.0,-28.56596774443382,-26.694520459866308,27.816449477466467,0.134208203122753,0.0,0.7746559345674568
Acap2,0.0001720247930818,0.0027786850681888,0.0298677932975399,-28.94948200788553,-28.47881755940313,0.0,0.374091917653004,0.0,0.015103363283548733
Ppp1r2,0.0697461565081122,0.4728549669282957,1.0,-28.93625485316449,-28.373884321519185,0.0,0.3600598672819602,0.0,0.5858093703902911
0610012G03Rik,0.0007335473709934,0.0007335473709934,0.009501095540355,-29.36498985202641,-28.81922710210098,-27.33701297116465,0.4736466278037477,0.0,0.008403295832266164
Pak2,0.004096213384139,0.0824958323410335,0.5713582599031516,0.0459415795015707,0.228935629676536,0.5232955676872966,0.862475176879901,1.0071914259097765,0.14454739258206256
Nrros,0.1568627450980392,0.6784313725490196,1.0,-0.2411098398778305,-0.0273018754015072,0.2257583536708557,0.7568584656906108,0.7424710217321273,0.717266813267363
Pcyt1a,0.0992117754970578,0.2838788176757985,0.7418046375136514,0.7242736824822513,29.09451293348557,29.305500754723543,0.0,0.6117458233364657,0.3949428593337396
Rpl35a,1.5876796062554575e-05,0.0201317774073192,0.343145193299992,0.0134641899964252,0.0428469814930396,0.0664629631915165,3.389819686770804,3.490831379040155,0.047396122152906395
Itgb5,3.529139494825728e-05,0.0001720247930818,0.0007335473709934,-29.856120586090125,-29.695620828870517,-29.449375936590165,0.8695060513933373,0.0,0.007037632866909919
Slc49a4,0.0173077098013777,0.1513756600246135,0.7826235030086006,-28.624937823409407,-26.601600549271083,0.0,0.1018309261624297,0.0,0.23825212577786992
Cd86,0.038707628800508,0.4726680955783123,1.0,-0.0380913351368079,0.0604946551273383,0.1664292177529212,1.3368364910531652,1.3932424835423962,0.5858093703902911
Hcls1,0.0095578312296578,0.1349368897356513,0.8506311026434865,-0.3624331665617011,-0.2001647508665254,0.0098044206139787,0.964966082252904,0.8375788071633543,0.21480718594681517
Ndufb4,0.001733213021381,0.0067255636975068,0.0528350804245408,-29.59976936079355,-29.423522028080768,-1.4578038786112453,0.7334354425148919,0.0,0.025859005270075664
Lrrc58,0.0292545655864068,0.1223341709161366,0.6993022710519221,-28.12890109433672,-26.72177866725089,0.0,0.1106768811737992,0.0,0.2003844790572011
Gsk3b,0.0027786850681888,0.009501095540355,0.088567502575371,-28.52986825880177,-27.0097694293584,0.0,0.1351296870554182,0.0,0.025859005270075664
Cox17,0.2379772961816305,0.7344923394458999,1.0,-0.127891691874207,0.0211091765163987,0.1695110841082172,1.0429805721247547,1.0605883586934448,0.7498201547642859
Atp6v1a,0.0337983621149569,0.4634263265270245,1.0,-0.2409903303193975,-0.0219311925184014,0.1724531999605887,0.8055505400665279,0.794490678121023,0.5825011465374406
Naa50,0.0009361006688602,0.0133949167537699,0.0978412151825437,-29.188445020036447,-28.745050593760457,0.0,0.4499066936997672,0.0,0.0340576694128513
Cd47,0.0015241724220052,0.0252441057394617,0.1813447646264983,-0.2959013643526914,-0.1860071320754412,-0.0981557846610101,1.5330635692770174,1.349492921745601,0.05697235833968289
Nfkbiz,0.0002219962051443,0.0004045515741784,0.0035547256400419,-2.074073913586577,-1.0273977949916904,-0.759168382852613,1.2504238874794802,0.6234585201709244,0.008403295832266164
Rpl24,0.1813447646264983,0.6784313725490196,1.0,-0.0178836229870389,0.0318112600528919,0.0676350886948446,2.7171237210622112,2.7758066687715623,0.717266813267363
Cldnd1,0.0416622142499834,0.1991048209933474,0.6993022710519221,-28.751727904263603,-27.421337802739348,0.0,0.1797401904153157,0.0,0.2995675195328003
Cggbp1,0.0170924461025135,0.1201027001322815,0.5029759090783061,-29.44049499120347,-1.338252376123768,-0.1076281162521464,0.64934022168636,0.256327508885051,0.19708602650900225
Nrip1,0.0001712003574158,0.0006255118296727,0.0057606676070176,-29.51021691923188,-29.23476952879325,-28.941437769150028,0.6317460625592295,0.0,0.008403295832266164
Atp5j,0.0824958323410335,0.5713582599031516,1.0,-0.1388031809645149,-0.0240123406277833,0.096313909777625,1.2561171167151,1.2352243863308452,0.6566085399521933
App,0.0473446058585377,0.5208065412399778,1.0,-0.0805578509809284,-0.0232956958318805,0.0299466126552614,1.4770812938740974,1.455336669627225,0.6218072820873086
Usp16,0.0027786850681888,0.0298677932975399,0.2914741136837093,-28.89982992254234,-26.99989762501431,0.0,0.134208203122753,0.0,0.0652907075707092
Cct8,0.0059596923407427,0.0763383804326096,0.5445775271330989,-29.288690227597108,-29.079344922783584,-1.0243702139612991,0.5747674389260022,0.0,0.13789667523255825
Bach1,0.038707628800508,0.1813447646264983,0.7920774787647853,0.0305254931196861,0.330097717777609,0.5373328725853282,0.760863167731191,0.9576060477185092,0.2751332975473277
Sod1,0.0209901392215157,0.1905325723446617,0.7607078002704829,-29.277106298601776,-29.028345857078055,-1.0381214189449544,0.5628602199534383,0.0,0.2876263185519914
Synj1,0.0008393315234626,0.0265593042074621,0.360635163831405,-29.13483034237891,-28.67948762091131,0.0,0.429918400348493,0.0,0.05942192906737503
Ifnar2,0.0978804477256489,0.6238787012780821,1.0,-0.0837488849662046,0.0424636901347608,0.1884840525043889,1.10195361843081,1.133418331456966,0.6856226164622518
Il10rb,0.4814160902666895,0.8437706440141102,1.0,-0.0059643185677465,0.2014992202829944,0.6572845472899396,0.62384642561713,0.7156465550089087,0.8442370733363955
Ifnar1,0.1349368897356513,0.6784313725490196,1.0,-0.1364276563822345,-0.0059892941742906,0.1567829619649144,1.1974419961953524,1.1912614109660251,0.717266813267363
Ifngr2,0.1131952949438642,0.3346656880218249,0.9078340000264986,-0.0070114345235403,0.4381848143150095,1.4158043679674317,0.581561941160655,0.7862028226000695,0.45476343492455185
Son,0.2379772961816305,0.7344923394458999,1.0,-0.100045291469037,0.0047499325282462,0.0946991775467854,1.4916421184121824,1.495704100494045,0.7498201547642859
Atp5o,0.1349368897356513,0.6784313725490196,1.0,-0.1468711731184413,0.0311273967252341,0.2503947920315428,0.7516332995302144,0.768785020111139,0.717266813267363
Runx1,0.0573787409700722,0.5713582599031516,1.0,-0.1690352454760615,-0.0470558849803056,0.1220630838846903,1.1173733111956523,1.079573381560155,0.6566085399521933
Ets2,0.0573787409700722,0.5713582599031516,1.0,-0.1209009467314113,-0.0051443046554717,0.167633910419478,1.0209492496004249,1.0164626622747832,0.6566085399521933
Hmgn1,0.0007335473709934,0.009501095540355,0.088567502575371,-28.801748066240656,-26.72177866725089,0.0,0.1106768811737992,0.0,0.025859005270075664
Ezr,0.0567485985376077,0.3481170935585413,0.9364982771966828,0.0909441170505588,0.4344708708458139,2.394876703595703,0.5277266398647498,0.7089586234190657,0.46228315432205414
Rnaset2a,0.0007335473709934,0.009501095540355,0.088567502575371,-28.996059476441584,-27.842297728419283,0.0,0.2406394147360892,0.0,0.025859005270075664
Mpc1,0.2165006116559475,0.6695616611056714,1.0,-0.0154509195561907,0.3435733032369884,1.4851169244130082,0.5471176311514537,0.6958411214072386,0.717266813267363
Qk,0.0573787409700722,0.5713582599031516,1.0,-0.2304653726009708,-0.0287735201685226,0.1442546385520103,0.887161163923119,0.8707870177974165,0.6566085399521933
Tcp1,0.0007884764832411,0.0106046072675885,0.0972806142445542,-29.37851788162373,-29.202999079036857,-28.55649524033189,0.619025755383751,0.0,0.02806189934844325
Sod2,0.0690958164642375,0.4726680955783123,0.9699293482575216,-0.0991839353156625,0.130184704063097,0.3842587052981606,0.992087813908244,1.0871109065416098,0.5858093703902911
Psmb1,0.1152655394141462,0.6238787012780821,1.0,-0.2522426296519298,-0.0990908513639379,0.074377688228826,0.9350741161358992,0.8696090821530784,0.6856226164622518
Lnpep,3.529139494825728e-05,0.0001720247930818,0.0027786850681888,-29.38690527374814,-29.217137532448103,-28.736117545079598,0.6240721240364362,0.0,0.007037632866909919
Srrm2,0.0690958164642375,0.4726680955783123,0.9699293482575216,-0.0996868775222932,-0.0333762008704469,0.0424813277326169,1.5924666239435488,1.556995966805094,0.5858093703902911
Elob,0.1568627450980392,0.6238787012780821,1.0,-0.0669369317259205,0.0371256562883528,0.167226893532295,1.251454213099925,1.28636641290002,0.6856226164622518
Atp6v0c,0.0201317774073192,0.2082876875446535,0.6784313725490196,0.0100290580016485,0.0438773749565046,0.0852427808472899,2.3244215037362137,2.394863270858975,0.3090169790621498
Rps2,0.0095578312296578,0.038707628800508,0.2082876875446535,0.1272861809631432,0.2079809449284433,0.2899971914752466,2.0631205361816525,2.3849909978328325,0.07907540420871273
Ndufb10,0.0149354467126296,0.262549586881392,0.9691122863264724,-0.2570143445214704,-0.1069455306600127,0.1262098225855993,0.722861680001005,0.6710679613526361,0.37260636062802477
Msrb1,0.1147275126605767,0.5639121314176332,1.0,-29.255529407594448,-28.66192047324009,0.0,0.445720761898869,0.0,0.6566085399521933
Ube2i,0.1349368897356513,0.5890143815020004,1.0,-0.2511059094681989,-0.0452445119379553,0.310851138447786,0.7537628507957185,0.730546097291062,0.674330190081354
Dusp1,3.175359212510915e-05,0.038707628800508,0.6238787012780821,-0.4210472230061596,-0.1857100481946825,-0.0191205250786032,2.0432406425476324,1.7955108330340417,0.07907540420871273
Atp6v0e,0.0054933714376438,0.3053901722632373,0.9699293482575216,-0.0411391158754676,0.0707983581729933,0.1642751398726915,1.3573786416454512,1.42399181226705,0.4178051487501583
Cuta,0.0001720247930818,0.0027786850681888,0.0298677932975399,-29.08329425555545,-28.51015911491018,0.0,0.3823082255076104,0.0,0.015103363283548733
Uqcc2,0.0007335473709934,0.0027786850681888,0.0298677932975399,-29.068972069550824,-28.427497481023085,0.0,0.3610184873840877,0.0,0.015103363283548733
Rps10,0.3053901722632373,0.7344923394458999,1.0,-0.0197721627223511,0.0316030314590252,0.0758777888847372,3.013311198645648,3.0845112907766814,0.7498201547642859
Ilrun,0.0007335473709934,0.009501095540355,0.0298677932975399,-28.935944055739117,-27.72060813217349,0.0,0.22117424012542,0.0,0.025859005270075664
Rpl10a,0.2694633642930857,0.7344923394458999,1.0,-0.0596481857369707,-0.0015906141063962,0.0492356891889802,2.4037021824567426,2.402727235368455,0.7498201547642859
Srsf3,0.0029848376597602,0.0473446058585377,0.3837421608319441,0.092517295258841,0.2244135108062172,0.3911417058376618,1.0276047008174871,1.20139390500155,0.09375682341789195
Cdkn1a,1.5876796062554575e-05,0.0004763038818766,0.0201317774073192,0.1476993757148016,0.2272532110883092,0.3285308136842985,1.9112965664140005,2.2376295343049124,0.008403295832266164
Pim1,0.0824958323410335,0.6238787012780821,1.0,-0.058011858023376,0.0127921673947384,0.0809631448288191,2.080676813550305,2.0996445075871577,0.6856226164622518
Zfand3,0.0027786850681888,0.009501095540355,0.0298677932975399,-28.86431437101578,-27.04784361711582,0.0,0.138743371464747,0.0,0.025859005270075664
Ndufv3,0.0008074274754744,0.0065360274816589,0.0639564373212809,-29.605021236170103,-29.404548669833027,-1.5145085104379734,0.7137924096202546,0.0,0.025859005270075664
U2af1,0.134431060190722,0.5920806954901741,1.0,-29.17209658235335,-0.9954689441001412,1.878856927854124,0.4028937674422298,0.2370523778068685,0.6769842443696873
Myo1f,0.0027786850681888,0.009501095540355,0.088567502575371,-28.645111562569728,-26.43396795790907,0.0,0.0906603215289297,0.0,0.025859005270075664
Hnrnpm,0.0227297337183223,0.4268635389378423,1.0,-0.1213380019570118,0.1209468863496367,0.4673397661257373,0.7815676109906418,0.8476841383895007,0.5399182428214497
Rab11b,0.0007335473709934,0.009501095540355,0.037650276439806,-28.99090292952591,-27.8240439063974,0.0,0.2376238422931469,0.0,0.025859005270075664
Rps28,0.343145193299992,0.7344923394458999,1.0,-0.0814286954794941,-0.0448161322900469,0.0004517412743841,3.2978286955677274,3.199190622392981,0.7498201547642859
Ndufa7,0.0473446058585377,0.5208065412399778,1.0,-0.238429397312538,-0.0797811247018016,0.1925898714395624,0.934536004474369,0.8837814940510802,0.6218072820873086
Tapbp,0.0201317774073192,0.2379772961816305,0.910105580693816,-0.210322657657123,-0.1095859398527279,0.0097685912231939,1.1177909197579077,1.0345560559865925,0.342944988924165
Rps18,0.1813447646264983,0.6238787012780821,1.0,-0.0206736866743224,0.0450506316900097,0.1068438281364095,2.7065971112658627,2.7924111574198576,0.6856226164622518
H2-K1,0.0003016591251885,0.0047947924108914,0.0694308168611571,-0.1335737592859094,-0.1069789163552649,-0.0792118638222433,3.4821494741640957,3.234749956052162,0.022325679548320963
Brd2,0.038707628800508,0.2702706993728666,0.9699293482575216,-0.0099953867679241,0.1981783309270484,0.4546942998385749,0.8606335483116738,0.9862432561017356,0.37717036689659866
H2-DMa,3.175359212510915e-05,0.0029848376597602,0.0824958323410335,-0.1966912995473962,-0.162337756197876,-0.1132465445853165,2.438134375763285,2.180534416765819,0.01575089260689785
H2-DMb2,0.0001720247930818,0.0027786850681888,0.009501095540355,-29.368005969231717,-28.55615426685594,-26.79139157343469,0.3946926091298828,0.0,0.015103363283548733
H2-DMb1,0.0473446058585377,0.4726680955783123,0.9699293482575216,-0.0923500782587297,-0.029701029035151,0.0541269610887151,2.051223306057956,2.00893536944998,0.5858093703902911
Psmb9,0.0002462939704825,0.0005935583603352,0.0029639058244674,-0.7353439355785725,-0.5947774569062743,-0.4608388979365524,1.1887223240652776,0.786070278290109,0.008403295832266164
Tap1,0.0001808387981124,0.001542396104861,0.0123495997997617,-30.003731038390608,-1.860591174611368,-0.7134195629358409,1.0064658825049109,0.2731188309946235,0.014390396648445412
Psmb8,0.0001111375724378,0.0029848376597602,0.0314201794077955,-0.3447981266272024,-0.2565598450703841,-0.1530853316738324,1.787736178326485,1.493506628129945,0.01575089260689785
Tap2,0.0001720247930818,0.0027786850681888,0.0298677932975399,-29.112840518403665,-28.5744876051746,0.0,0.3997436391907328,0.0,0.015103363283548733
H2-Ab1,0.0314201794077955,0.0978804477256489,0.343145193299992,-0.0334200474160784,-0.0200447157182719,-0.0090347167915731,4.8063339252973805,4.7417642950628,0.16511054089787933
H2-Aa,0.1813447646264983,0.6784313725490196,1.0,-0.0151921987219103,-0.0027476474585394,0.0160880371441172,4.81644273963097,4.806374976570563,0.717266813267363
H2-Eb1,0.0095578312296578,0.0978804477256489,0.4268635389378423,-0.0492281749974019,-0.0316739321354046,-0.0146036560703434,4.760157796364894,4.657214523065156,0.16511054089787933
Gpsm3,0.0001720247930818,0.0007335473709934,0.009501095540355,-29.135410924195888,-28.699188283917834,-26.740141123434768,0.435831898249672,0.0,0.008403295832266164
Cfb,0.0001720247930818,0.0027786850681888,0.0298677932975399,-29.16724637629365,-28.70975623881908,0.0,0.4390339418985772,0.0,0.015103363283548733
Neu1,0.0027786850681888,0.009501095540355,0.0298677932975399,-29.11984960458362,-27.494679596709204,0.0,0.1891138244606487,0.0,0.025859005270075664
Clic1,6.35071842502183e-05,0.0015241724220052,0.0573787409700722,-0.3387175734437849,-0.263337139772403,-0.18307577803597,1.6106951485564314,1.340694556352745,0.014390396648445412
Csnk2b,0.0007335473709934,0.009501095540355,0.0298677932975399,-28.829119803474896,-27.70996030566279,0.0,0.2195478703251285,0.0,0.025859005270075664
Aif1,0.0015241724220052,0.0201317774073192,0.1349368897356513,-0.2532076568662301,-0.1849739462179001,-0.100694339880457,2.4005663249981875,2.1097477686391364,0.047396122152906395
Lst1,0.004096213384139,0.0054933714376438,0.0314201794077955,-0.4679199736925271,-0.3775685317456807,-0.2882992076017091,2.097168008259715,1.6146143883518638,0.02437010368170411
H2-D1,0.0001905215527506,0.0073033261887751,0.0573787409700722,-0.1316507116892849,-0.10317997985187,-0.0757949674728947,3.304990602162355,3.076796862708848,0.025859005270075664
H2-Q6,0.0030690378069328,0.02101953872444,0.1403889715411655,-29.317716182835444,-29.11448849281551,-27.88597621578725,0.5812116943609575,0.0,0.04921780736253092
H2-Q7,0.0001111375724378,0.0201317774073192,0.271148686195125,-0.3351295491572718,-0.2214178979575239,-0.1111564046686289,1.7017885043838823,1.4616072057829852,0.047396122152906395
Ier3,3.175359212510915e-05,0.0015241724220052,0.0473446058585377,0.2615131603535537,0.4002083614305703,0.6751973281437875,1.5634360313418676,2.067108129621928,0.014390396648445412
Tubb5,0.0001720247930818,0.0017888776467873,0.0292545655864068,-29.355669131693062,-28.88938966601054,-27.761337951292536,0.4972477710238923,0.0,0.015103363283548733
Ppp1r18,0.0027786850681888,0.0027786850681888,0.009501095540355,-29.01578941231371,-28.30547202054369,-26.79139157343469,0.331738684620893,0.0,0.015103363283548733
Ppp1r10,0.0007335473709934,0.009501095540355,0.088567502575371,-28.9871497569257,-27.15120428216984,0.0,0.1490482579429262,0.0,0.025859005270075664
H2-T23,1.5876796062554575e-05,1.5876796062554575e-05,0.0007144558228149,-0.6694731939503795,-0.5742704300169031,-0.4869221491039018,1.519669291390275,1.0221595093206577,0.007037632866909919
H2-T22,3.529139494825728e-05,0.0001720247930818,0.0007335473709934,-29.354003395149597,-29.07644156616956,-28.78920736700419,0.566084257845727,0.0,0.007037632866909919
H2-M3,0.0001720247930818,0.0027786850681888,0.0298677932975399,-29.14092618120673,-28.72312963169116,0.0,0.4431222807971127,0.0,0.015103363283548733
H2-M2,3.529139494825728e-05,0.0001720247930818,0.0007335473709934,-30.58989151418227,-30.270500989127303,-29.916455644501884,1.2951760576764038,0.0,0.007037632866909919
Gm26917,0.0001720247930818,0.0007335473709934,0.009501095540355,-29.33598777798285,-28.96046728357447,-27.72289315984128,0.5223593399381123,0.0,0.008403295832266164
Gm42418,1.5876796062554575e-05,6.35071842502183e-05,0.0010637453361911,0.1802909581905663,0.2179836464961434,0.2623571486051227,3.273929372616905,3.8059079639944287,0.007037632866909919
AY036118,0.0201317774073192,0.2082876875446535,0.6784313725490196,0.0334332817368407,0.0828211965259747,0.1413949765303375,1.771435482763195,1.874900609416295,0.3090169790621498
Cd2ap,0.0001720247930818,0.0001720247930818,0.0027786850681888,-29.409110207401483,-29.22849663706913,-28.680367052760843,0.6290051811276247,0.0,0.007037632866909919
Pla2g7,0.0123997777248551,0.0978804477256489,0.3053901722632373,-0.3098577693566156,-0.20578830922917,-0.1023226226948704,1.8300135376607976,1.58474803821479,0.16511054089787933
Nfkbie,0.082463866341761,0.5208065412399778,1.0,-0.1268214443322186,0.1320467656017708,0.2846880682851927,0.763059088533731,0.8345456005937728,0.6218072820873086
Hsp90ab1,0.2379772961816305,0.7344923394458999,1.0,-0.0617335791286313,-0.0140267914881723,0.0416423613725234,2.416512312350433,2.391608602787131,0.7498201547642859
Vegfa,0.0003269429143729,0.0007761696331711,0.0059733731716288,0.8705056313027606,1.3748587600880495,4.011318385457838,0.5842540048627337,1.51132439124355,0.008835641736098685
Cnpy3,0.0007335473709934,0.009501095540355,0.088567502575371,-28.678933276284823,-27.12540431656389,0.0,0.1464064940458745,0.0,0.025859005270075664
Tomm6,0.1568627450980392,0.6784313725490196,1.0,-0.0270188221876062,0.0740478495056374,0.1848188623955543,0.99813449394576,1.0496693633183962,0.717266813267363
Rab5a,0.0027786850681888,0.0102224535836243,0.1223341709161366,-28.56854600010376,-26.43396795790907,0.0,0.0906603215289297,0.0,0.027090250346061467
Mydgf,0.0027786850681888,0.009501095540355,0.088567502575371,-28.277782790256897,-26.55928615155001,0.0,0.0988875895137382,0.0,0.025859005270075664
Micos13,0.0009361006688602,0.0077371208623235,0.0553942414206647,-29.474904597256952,-29.208028142650356,-28.14047785773744,0.6201440546228443,0.0,0.025859005270075664
Rpl36,0.0314201794077955,0.2379772961816305,0.7920774787647853,0.0211572444389796,0.0645182381218544,0.0949137692029998,2.5844432552896848,2.7019558897240765,0.342944988924165
Ndufa11,0.0013981399053915,0.0100012950659087,0.0434205798404524,-29.489741739175606,-29.33737170596069,-29.158685944082475,0.6783110262869809,0.0,0.026897985244122954
C3,0.0009535613008391,0.0078519943084563,0.0534444192530722,-30.03200075323769,-1.8622811232899728,-0.747609174004053,1.0389336541393772,0.2774151184569194,0.025859005270075664
Adgre1,0.0252441057394617,0.0639774891491002,0.1894959005389581,-0.8372103187304046,-0.6378741109138779,-0.4364363455414545,1.7089289272580674,1.093174122634946,0.11889040591362564
Man2a1,0.2939626650378599,0.7280611426419807,1.0,-0.1717451482681729,0.0373270961101284,0.3434515772681386,0.6343858434619762,0.6486640455792673,0.7498201547642859
Vapa,0.0001111375724378,0.0073033261887751,0.1568627450980392,0.0939020814808041,0.3265631929563047,0.5193151764595378,0.8170332695928675,1.0249162145732125,0.025859005270075664
Ralbp1,0.0007335473709934,0.0027786850681888,0.0298677932975399,-29.240429062662407,-28.75315040139097,0.0,0.4524397353690612,0.0,0.015103363283548733
Ndufv2,0.0007335473709934,0.0027786850681888,0.0298677932975399,-29.020104915450496,-27.99533510243142,0.0,0.2675688813010924,0.0,0.015103363283548733
Tgif1,0.0314201794077955,0.343145193299992,0.9699293482575216,-0.2640580688321518,-0.0882553278385129,0.1405494487058881,0.9626592267656842,0.9042519447997128,0.4566858822595482
Myl12b,0.1148309121219338,0.5713582599031516,1.0,-0.069017893913868,0.0781670071534405,0.2117111674983225,1.15595436677804,1.2221623721229449,0.6566085399521933
Myl12a,0.1813447646264983,0.6784313725490196,1.0,-0.120775729151824,-0.0026009536270508,0.1194439661231855,1.0699683448547386,1.0685922310486424,0.717266813267363
Lpin2,0.0970382453253622,0.6158964889935725,1.0,-0.2889614518887883,0.0290810582895442,0.3096667422812461,0.7782041369473358,0.7912022477042734,0.6856226164622518
Emilin2,0.0010637453361911,0.0096401527677365,0.0339210937820955,0.8138225627554786,1.0161018181938897,1.676141826583574,0.663095571240133,1.34069921650728,0.02600398883696433
Smchd1,0.0978804477256489,0.4726680955783123,0.9699293482575216,-0.0245636093116499,0.1676816324664525,0.4170061181150906,0.9338605797151638,1.049181447395661,0.5858093703902911
Birc6,0.0002391009389611,0.0017191380645145,0.0266125418602717,-29.355013163118134,-29.155547611455315,-28.62949689505817,0.5979906180362444,0.0,0.015103363283548733
Hnrnpll,0.144747399408133,0.6646080249871684,1.0,-0.6839901722439611,0.6500720477039741,29.14491369894065,0.3471999396060674,0.5754642707404986,0.717266813267363
Srsf7,0.0007144558228149,0.0314201794077955,0.2387846312614107,0.1722286902423326,0.3312483381178351,0.5309708015236249,0.7979954315465584,1.0038946592601516,0.06698530592239087
Cox7a2l,1.5876796062554575e-05,0.0007144558228149,0.0314201794077955,-0.4767620558329926,-0.3522890592912212,-0.2021229398681466,1.3475300354560065,1.0561799652456938,0.008403295832266164
Zfp36l2,3.175359212510915e-05,0.0095578312296578,0.3053901722632373,-0.6764857107459247,-0.4817976283824081,-0.1831590598920159,1.2407417826459175,0.8794448802083662,0.025859005270075664
Rhoq,0.009501095540355,0.009501095540355,0.088567502575371,-27.963616054331,-26.601600549271083,0.0,0.1018309261624297,0.0,0.025859005270075664
Calm2,0.0314201794077955,0.3053901722632373,0.9699293482575216,-0.1752580822075416,-0.0705048094323227,0.0601902360166817,1.4630678773121877,1.3941760424301477,0.4178051487501583
Crem,0.0057852199149455,0.0143349236323432,0.0694015268921112,1.0491970867832447,3.016077814283697,29.75930420654876,0.108605388701089,0.8754751518945285,0.036086525416608055
Kif5b,0.0015241724220052,0.0690958164642375,0.6784313725490196,0.0757907349403104,0.2674465917055504,0.4746653543110563,0.7568885224275386,0.9098874519603796,0.12543974704139405
Mpp7,0.0052322807109009,0.0527200179360818,0.3645242864117604,-29.5900803716945,-29.286933654508044,-0.4529020051344435,0.6997299968402431,0.0,0.10227570467771496
Wac,0.0252225734369385,0.1905325723446617,0.8438020369923158,-29.2235162865836,-28.75002463701868,0.0,0.4880909473793571,0.0,0.2876263185519914
Rock1,0.0073033261887751,0.1813447646264983,0.9699293482575216,-0.010260716166816,0.2096829052730014,0.4510842952253794,0.8316944156789535,0.9628484449381364,0.2751332975473277
Snrpd1,0.1503886102513491,0.6113007894794009,1.0,-1.1881070052202978,-0.101924292359488,0.4000482303436816,0.5840632496611673,0.5453728253834469,0.6856226164622518
Riok3,0.1201027001322815,0.6646080249871684,1.0,-0.9240736040234054,0.3374702904877078,2.5018091440343087,0.4218804267643172,0.5650326822981685,0.717266813267363
Impact,3.529139494825728e-05,0.0007335473709934,0.0298677932975399,-29.26324468220208,-28.82627021435714,-26.831474712134323,0.4759616887036245,0.0,0.008403295832266164
Galnt1,0.0007335473709934,0.0027786850681888,0.009501095540355,-29.298707260099278,-29.001569297572512,-26.674419850500698,0.5374552123133493,0.0,0.015103363283548733
Map3k2,0.0007335473709934,0.0027786850681888,0.009501095540355,-29.127812578430422,-28.941437769150028,-26.831474712134323,0.5155145000210875,0.0,0.015103363283548733
Reep5,0.0573787409700722,0.4268635389378423,1.0,-0.3298478229441107,-0.1638693018784913,0.1513697987397932,0.9622507851191996,0.8566176779130292,0.5399182428214497
Etf1,0.0073033261887751,0.2082876875446535,0.910105580693816,-0.0190618548026983,0.1313639126700791,0.268061923663411,0.9193957545523342,1.0062061424138729,0.3090169790621498
Hspa9,0.0693857719702426,0.4143554061444077,0.9699526571120032,-0.0167668767445129,0.2654711686220291,1.2955045141970438,0.5733519453253535,0.6831900540963599,0.5326585831827968
Matr3,0.0007335473709934,0.009501095540355,0.0298677932975399,-28.96229124856404,-27.981772293909792,0.0,0.2650652470218505,0.0,0.025859005270075664
Paip2,0.0085680166882523,0.139432096005046,0.8624951009991264,-29.262934201705622,-28.74683407554804,0.0,0.4640700818278512,0.0,0.22137902962204672
Tmem173,0.0027786850681888,0.009501095540355,0.088567502575371,-29.01111628496671,-26.55928615155001,0.0,0.0988875895137382,0.0,0.025859005270075664
Ube2d2a,0.0073033261887751,0.1568627450980392,0.8521179645947434,0.023675926827957,0.172432053988376,0.3132141802976743,0.8022903239425238,0.9043583498075306,0.24421083304777733
Sra1,0.0102224535836243,0.0959961730355479,0.543861579123601,-29.070772471667084,-27.15120428216984,0.0,0.1490482579429262,0.0,0.16511054089787933
Cd14,0.0073033261887751,0.0473446058585377,0.2082876875446535,0.109905077014527,0.1871839363003223,0.2726461687494713,2.9635407343351776,3.369146036837215,0.09375682341789195
Ndufa2,0.0573787409700722,0.4726680955783123,1.0,-0.0364392887121902,0.0864104704013324,0.1714939732020541,1.2088800068270724,1.2843347604422637,0.5858093703902911
Ik,0.0059733731716288,0.0267227434121398,0.1310281441949162,-0.5262078310903083,-0.3465688834048833,-0.1770156869211247,0.8206968635363447,0.6475476614898936,0.05971378466169511
Zmat2,0.0007335473709934,0.009501095540355,0.088567502575371,-29.14859108735977,-27.93084278403253,0.0,0.2558835592927127,0.0,0.025859005270075664
Diaph1,0.2614677393748564,0.7280611426419807,1.0,-0.1703049731338288,0.0794823183074344,1.126310170090816,0.598382304562981,0.6284281811331252,0.7498201547642859
Ndfip1,0.0473446058585377,0.3837421608319441,0.9699293482575216,-0.2986467419931322,-0.1026896720247164,0.13241347685372,0.777864710985632,0.7239806979734562,0.49541605642355124
Fem1c,1.5876796062554575e-05,6.35071842502183e-05,0.0054933714376438,0.3877171989656569,0.6292631210614508,0.998309087770532,0.7131833051639687,1.1025107444143225,0.007037632866909919
Tmed7,0.0043495700900777,0.0380947653904284,0.2870251802988596,-29.032563700287067,-28.40822168724896,0.0,0.356227013669093,0.0,0.07907540420871273
Eif1a,0.1807327141382869,0.6784313725490196,1.0,-0.086653378890898,0.1061714889575553,0.2776427252099136,0.7825140286569515,0.8466894117189725,0.717266813267363
Ap3s1,0.0007335473709934,0.0027786850681888,0.0298677932975399,-28.87883580818484,-27.925308435696124,0.0,0.2548915719218285,0.0,0.015103363283548733
Tnfaip8,0.0978804477256489,0.6238787012780821,1.0,-0.2493199622321453,-0.0172143558477581,0.2302608697691257,0.7487397214298297,0.7428582810117585,0.6856226164622518
Snx2,0.0007335473709934,0.0027786850681888,0.0298677932975399,-29.018359851112717,-28.11355102584739,0.0,0.290417071589115,0.0,0.015103363283548733
Iigp1,0.0001720247930818,0.0027786850681888,0.0298677932975399,-29.33129327434863,-28.70925238156433,0.0,0.4388803321590432,0.0,0.015103363283548733
Smim3,0.347739750334385,0.8145487507042003,1.0,-0.1479041527967182,0.7838935461547495,1.4411062730674973,0.3713453296281682,0.6340940726669294,0.8172578928905778
Rps14,0.0029848376597602,0.0690958164642375,0.343145193299992,0.0235026356329278,0.0643918434514612,0.0988885305365557,3.0593865277636585,3.19721263303642,0.12543974704139405
Cd74,0.0015241724220052,0.0201317774073192,0.0978804477256489,-0.0533958202382083,-0.0425649113910045,-0.0269857981446765,5.5869378905332,5.426257970850132,0.047396122152906395
Csf1r,0.0314201794077955,0.1813447646264983,0.7344923394458999,-0.1256643772635242,-0.0644928040717262,-0.0110380558185268,2.0890012750528,1.999026417155805,0.2751332975473277
Csnk1a1,0.0010637453361911,0.0054933714376438,0.1349368897356513,0.159157478401552,0.295255583460109,0.5728656672739777,0.987255936758554,1.2121733127172274,0.02437010368170411
Txnl1,0.196477071436179,0.6708558092938122,1.0,-0.4159705697281677,-0.0047184536970794,1.099944956457161,0.6108030925653434,0.60665200410108,0.717266813267363
Nars,0.0007335473709934,0.0174080378282394,0.1223341709161366,-29.15031094202658,-28.131415727315392,0.0,0.2940356255045615,0.0,0.04240719847794524
Malt1,0.1152655394141462,0.343145193299992,0.7920774787647853,0.0359889366281433,0.247265883497319,0.6180214390451222,1.5140867179497302,1.7906933631303723,0.4566858822595482
Sec11c,0.0226430210233521,0.262549586881392,0.9691140344788748,-0.3357604715622622,-0.1306327960634601,0.0978940018885506,0.7001428715447641,0.6402150820746977,0.37260636062802477
Tubb6,0.1373958142275489,0.5613582450978213,0.9689976177727812,-0.0319422923621386,0.4096587352137124,2.0766858879340298,0.5246244824090807,0.6973272705369802,0.6566085399521933
Tcf4,3.529139494825728e-05,0.0001720247930818,0.0007335473709934,-29.564877981369232,-29.24749771826524,-29.05684725595277,0.6373443066331812,0.0,0.007037632866909919
Rpl17,0.1807327141382869,0.5208065412399778,0.9699293482575216,-0.064463421408713,-0.022960780052342,0.0260754098515707,3.00204952210948,2.957756615883011,0.6218072820873086
BC031181,0.0007335473709934,0.009501095540355,0.0298677932975399,-28.644594995445512,-27.847619770885387,0.0,0.2415287629855422,0.0,0.025859005270075664
Ier3ip1,0.0123997777248551,0.343145193299992,0.9699293482575216,-0.0642818165476237,0.160310713789664,0.4022714906569082,0.6732293996940538,0.7518894869255772,0.4566858822595482
Atp5a1,0.1349368897356513,0.5713582599031516,1.0,-0.186346086576674,-0.0669456852903582,0.0606139136341028,1.27673245483583,1.2174486084618474,0.6566085399521933
Gm16286,0.0013981399053915,0.0233936089818559,0.2542440808894587,-29.379365242336284,-29.220434822735797,-28.314208186734472,0.6255000767144518,0.0,0.05428516956046048
Cndp2,0.4917430513478364,0.8420478676208448,1.0,-29.11749747716664,-0.9368637102627028,0.1726816207685841,0.5766050815776287,0.298622308922044,0.8429793365009564
Cyb5a,0.0001720247930818,0.0001720247930818,0.0007335473709934,-29.9125381761694,-29.779046394047597,-29.585590956550543,0.9212684668666884,0.0,0.007037632866909919
Tmx3,0.0027786850681888,0.009501095540355,0.088567502575371,-28.61355597359089,-26.601600549271083,0.0,0.1018309261624297,0.0,0.025859005270075664
Tcirg1,0.0006834348667358,0.0060874038647452,0.0983979471614266,-29.46329739309218,-29.240974892377174,-27.255953041850105,0.6344692005598169,0.0,0.025859005270075664
Ndufs8,0.0007335473709934,0.0027786850681888,0.0298677932975399,-28.925914861923488,-28.235270755894927,0.0,0.3159847585752795,0.0,0.015103363283548733
Unc93b1,0.0073033261887751,0.0473446058585377,0.2082876875446535,-0.3384520082989595,-0.2423564745113202,-0.1586251120491321,2.01358428644301,1.7055600773068489,0.09375682341789195
Cdk2ap2,0.2282245285150198,0.5087557841299859,0.9689946775534558,-0.2646839693272456,-0.0705388329347189,0.4063462268217412,0.6635453383456065,0.631091395318803,0.6218072820873086
Tmem134,0.0002391009389611,0.0035729616071004,0.0265593042074621,-29.22441923639688,-28.851547649799727,-28.144586687691397,0.4843744904925965,0.0,0.017964056969032565
Ppp1ca,0.0824958323410335,0.6238787012780821,1.0,-0.1302206074716261,-0.0088265130367451,0.1254609500198647,0.9966447693050744,0.990297115005338,0.6856226164622518
Pold4,0.0005255587240814,0.0067341442234306,0.0866607707954692,-29.55717783305393,-29.2885192784166,-28.844921346775585,0.6557266441575533,0.0,0.025859005270075664
Grk2,0.0006834348667358,0.0032593368359413,0.0209734342700645,-29.568473706819784,-29.25540483455228,-28.75188840729467,0.6408470505005355,0.0,0.01661802724803874
Sf3b2,3.529139494825728e-05,0.0003565717551321,0.0035329536516043,-29.49942318003997,-29.354751383837694,-29.14988926234997,0.686531835882538,0.0,0.008403295832266164
Drap1,0.0003188669522625,0.0040854564497672,0.0573225174744465,-29.43795955271923,-29.26353400109268,-2.133554506856993,0.6458961241116485,0.0,0.019614143453152353
Cfl1,0.0824958323410335,0.2379772961816305,0.8506311026434865,-0.0903018651854733,-0.0467145535797575,-0.0094621738184071,2.2501296282276453,2.178747415850146,0.342944988924165
Malat1,0.038707628800508,0.3837421608319441,0.9699293482575216,-0.0666326638211571,-0.0365403577951554,-0.0091405477927866,5.165130775400969,5.035216540211462,0.49541605642355124
Neat1,6.35071842502183e-05,0.0073033261887751,0.0978804477256489,-0.5480085551173027,-0.3937092902820165,-0.2017167082531357,1.3594919795423674,1.0323742512256224,0.025859005270075664
Fau,0.2379772961816305,0.7920774787647853,1.0,-0.0258696349583441,0.0137529322089016,0.0482493764961525,3.791695711525475,3.82919741456738,0.7955939159624091
Ehd1,0.0001905215527506,0.0015241724220052,0.0095578312296578,0.2067043720151661,0.2873711952717766,0.4254171637820191,1.3684794729720244,1.6708894174447213,0.014390396648445412
Sf1,0.0162040469252918,0.1503886102513491,0.8145487507042003,-29.36811093517346,-0.7937291608481193,0.0398118737266439,0.6457199963625191,0.3622638394498098,0.2375247683725496
Prdx5,0.1568627450980392,0.5713582599031516,1.0,-0.1044442203745166,-0.0344843144197791,0.061598377847261,2.088959132289241,2.038959568246828,0.6566085399521933
Trmt112,3.529139494825728e-05,0.0027786850681888,0.0298677932975399,-28.95722375796005,-28.444529037892643,0.0,0.3653075870207429,0.0,0.015103363283548733
Ppp1r14b,3.529139494825728e-05,0.0001720247930818,0.0032593368359413,-29.3051408668089,-29.046680183279737,-28.52374010042829,0.5545261215070503,0.0,0.007037632866909919
Fkbp2,8.600635107884218e-05,0.0003359251183343,0.0032593368359413,-29.512384834652305,-29.3543194826103,-29.120983569576783,0.6863263388404275,0.0,0.008403295832266164
Fermt3,0.0005255587240814,0.0011754406106422,0.0041361053392015,-29.92769240001033,-29.777300525262195,-1.6155979800730134,0.9432737376654264,0.0,0.01215741431578504
Cox8a,0.0054584424863062,0.0573787409700722,0.3053901722632373,-0.1198366459627473,-0.0756704914494666,-0.0376893089158075,2.394733010813786,2.272393163436115,0.10801853593650658
Rtn3,6.034243330066384e-05,0.0004954208174452,0.0050666118127268,-29.433223980038303,-29.29870681547997,-29.149491583217458,0.660373423778846,0.0,0.008403295832266164
Plaat3,0.0007335473709934,0.0007335473709934,0.009501095540355,-29.235379681064305,-28.88944330482616,-27.709932601980068,0.4972662588377637,0.0,0.008403295832266164
Slc3a2,0.0978804477256489,0.5208065412399778,0.9699293482575216,-0.1569365094157268,-0.0322642033217366,0.0532059572447128,1.31411983775539,1.2918827224492588,0.6218072820873086
Hnrnpul2,3.529139494825728e-05,0.0001720247930818,0.0007335473709934,-29.47553394793891,-29.26181047726683,-29.02229457598327,0.6436988175938935,0.0,0.007037632866909919
Ubxn1,0.0017100293456709,0.027304566629281,0.2968939270753236,-0.5031593800330217,-0.3225821793369678,-0.1083243166135777,0.824029080105485,0.6573178730783145,0.06093867521454823
Eef1g,0.0473446058585377,0.4268635389378423,1.0,-0.0788334778659393,0.0888525063727315,0.2793505204588929,0.9706279823553248,1.0324127284185725,0.5399182428214497
Ahnak,0.0002040915427345,0.0002423343526326,0.0013430421695079,1.5047476207613488,3.168773463135742,30.740408847989094,0.194936287843031,1.75000303564302,0.008403295832266164
Fth1,0.0690958164642375,0.2379772961816305,0.7920774787647853,0.0139420118158816,0.0321722520375035,0.0524614928606224,5.128268649492149,5.245617628986308,0.342944988924165
Tmem258,0.0573787409700722,0.343145193299992,0.9699293482575216,-0.2617127416037011,-0.1118916932937922,0.0286430691914427,0.8272837794397312,0.7685506050462527,0.4566858822595482
Slc15a3,0.0029848376597602,0.0690958164642375,0.5208065412399778,0.0373035208931217,0.1319820900355298,0.3447422999543857,1.6361512863989476,1.7910717434588936,0.12543974704139405
AW112010,1.5876796062554575e-05,0.0007144558228149,0.0201317774073192,-0.720819386560261,-0.6131268652745405,-0.5141142068897987,2.501332883129995,1.6344196012867314,0.008403295832266164
Ms4a7,0.0047981709084513,0.0172342139511669,0.0966610330578377,-0.9596667755537504,-0.7210088990169181,-0.5213712220933188,2.23724249120311,1.3579676022002038,0.04240719847794524
Ms4a6c,0.004096213384139,0.0314201794077955,0.1152655394141462,-0.338897568726501,-0.2820937214102184,-0.2097958858968339,2.0221451519448124,1.66224579082973,0.06698530592239087
Ms4a6b,0.0005414641473833,0.011838928302451,0.0885825631941919,-0.8684121021522542,-0.5889021337059346,-0.2961571466761165,1.0031932989201962,0.6704543586028516,0.031236822488974216
Ms4a6d,0.0073033261887751,0.0690958164642375,0.343145193299992,-0.5211091940524183,-0.3655285262303229,-0.1492775462135121,1.21487127443443,0.9419140591489792,0.12543974704139405
Mpeg1,0.015860919266492,0.343145193299992,0.9699293482575216,-0.0992675055363306,-0.0458837087774475,0.01535041703263,2.1140221639559025,2.0482264261903103,0.4566858822595482
Zfp91,0.0167076850903374,0.2168710243767676,0.9384797984036732,-0.3157888053981454,-0.1277022229734813,0.0847977555268286,0.850857155791374,0.778840405907715,0.320962022994235
Gnaq,0.016182915161716,0.1345471852401349,0.6085030104609834,-29.365578540201582,-1.312427651680825,-0.0621558660685778,0.6345643791122724,0.2554064740788285,0.21480718594681517
Ostf1,0.0007144558228149,0.0123997777248551,0.0978804477256489,-0.4657665292717142,-0.3463375900999014,-0.2026962705481583,1.2546877797728864,0.990369529892594,0.03229294630501832
Zfand5,0.0073033261887751,0.1152655394141462,0.6784313725490196,-0.4369537995975607,-0.2584938897384049,-0.0708529822563666,1.1135369128920716,0.9264336421085942,0.18983678465842097
Jak2,0.0462891564011131,0.3190687002989552,0.9042011148711016,-0.3888092579133239,2.125930821230357,29.218975152245616,0.134208203122753,0.5553436038106739,0.43553118215769904
Plgrkt,0.0027786850681888,0.0416622142499834,0.3887558059849098,-28.858373845215617,-27.662940611365677,0.0,0.2125078073362289,0.0,0.08453879797362103
Cd274,0.0573787409700722,0.343145193299992,0.9699293482575216,-0.0483890034938455,0.1459583867182602,0.3314256094155508,1.1678693171012946,1.2914465792965224,0.4566858822595482
Pten,0.0252441057394617,0.1318811298530948,0.4881274747251039,0.2006911441297761,0.3882256190485997,0.5808179815582877,0.6779107284759488,0.8910781127660569,0.21370174130179195
Lipa,0.0007335473709934,0.0027786850681888,0.0298677932975399,-29.30857240474397,-28.54982468137523,0.0,0.3929647538027125,0.0,0.015103363283548733
March5,0.0007335473709934,0.009501095540355,0.088567502575371,-28.935623618784863,-27.106240845973534,0.0,0.144474620157757,0.0,0.025859005270075664
Myof,0.0001720247930818,0.0007335473709934,0.0027786850681888,-29.401779288113453,-29.23671251958558,-28.657445398142578,0.6325974869631458,0.0,0.008403295832266164
Entpd1,0.0010637453361911,0.015860919266492,0.0824958323410335,0.3155838846794093,0.494462049286499,0.7695418189878496,0.747271955213842,1.0515070293160729,0.03938033452997328
Tm9sf3,0.1152655394141462,0.6784313725490196,1.0,-0.1482358486631126,-0.0009536517288997,0.1294141692609834,0.7905131490644666,0.7892552947625646,0.717266813267363
Pik3ap1,0.2799063505905702,0.6995681542011702,1.0,-0.0652776237851695,0.0818724608590508,0.239384556651276,0.9642570904396396,1.0178516992658804,0.7370304767777172
Pgam1,0.1349368897356513,0.5208065412399778,0.9699293482575216,-0.3702779555694457,-0.1706519333484765,0.0117996124815871,0.9940804237819084,0.8843997784682367,0.6218072820873086
Got1,0.0002040915427345,0.0002345546750104,0.0004045515741784,1.4810287133113962,3.2449511070344705,30.24552442102857,0.134208203122753,1.237627360921867,0.008403295832266164
Ndufb8,0.0021592442645074,0.0824958323410335,0.4726680955783123,-0.394051771389829,-0.2787764649257926,-0.1422413014076744,1.0553515697206,0.8691992141602954,0.14454739258206256
Atp5md,0.0029848376597602,0.0573787409700722,0.3053901722632373,0.0772588806429822,0.1630913378197208,0.275022200170866,1.153583173485275,1.2879752306739776,0.10801853593650658
Sfr1,0.0451932221121192,0.2397600352369628,0.7039203384624914,-29.17046680051138,-28.129032695715185,-2.298739405608963,0.294489322730558,0.0,0.3452391915504397
Mxi1,0.0022937128878084,0.0210812718331533,0.1757859143287375,0.5826987855554024,1.774323933559386,29.498338699615985,0.221363221398326,0.7387606711876249,0.049298581418614304
Dusp5,3.175359212510915e-05,0.0017731114297543,0.0079333250866563,0.6202205598225254,1.216509282842592,2.344330235394742,0.6562327331428265,1.536705800200085,0.015103363283548733
Acsl5,0.0007335473709934,0.009501095540355,0.0100102629842841,-29.19797828178744,-28.14067620853285,-26.33452519362505,0.2959290742676517,0.0,0.025859005270075664
Eif3a,0.0003016591251885,0.0314201794077955,0.4268635389378423,0.0660381631361197,0.1817645464204649,0.3162330126372259,1.3776007423548902,1.5607409944431725,0.06698530592239087
Csf2ra,0.00152006923977,0.0824958323410335,0.5713582599031516,-0.4012809080213906,-0.2000352733094166,-0.0100216386520124,1.0098993740753512,0.8815968326737778,0.14454739258206256
Rbm3,0.0054933714376438,0.0314201794077955,0.2387846312614107,0.2285005452071792,0.5042369612273885,0.6523402189568634,1.1758374008997332,1.6737127924624524,0.06698530592239087
Cybb,1.5876796062554575e-05,0.0073033261887751,0.2379772961816305,-0.193897262493838,-0.1421597419582317,-0.06618230198602,2.3563416920913225,2.1367485728955926,0.025859005270075664
Atp6ap2,0.1152655394141462,0.6238787012780821,1.0,-0.1183482979878542,0.0053212574461855,0.1401309718264328,1.0532197433332602,1.0561200218434936,0.6856226164622518
Usp9x,0.0978804477256489,0.6158964889935725,1.0,-0.2065453453075729,-0.0043440238060144,0.2955424706468072,0.6490507299370841,0.6491668495664173,0.6856226164622518
Ddx3x,0.0001905215527506,0.004096213384139,0.0828804477256486,0.2965940035497777,0.4291746133592719,0.570664004980645,0.8391778668348752,1.1356249331053876,0.019614143453152353
Ndufb11,0.0690958164642375,0.5713582599031516,1.0,-0.3277331739337199,-0.105907178671235,0.1986563380429028,0.7546513065246566,0.7019442216373483,0.6566085399521933
Cfp,0.0013981399053915,0.0040854564497672,0.0211509943557161,-30.02470332730996,-29.83820249458177,-29.53663753800689,0.9599074871158152,0.0,0.019614143453152353
Slc25a5,0.038707628800508,0.3837421608319441,0.9699293482575216,-0.1984046713096874,-0.1099064041933759,0.0140740354038784,1.53073828923175,1.4197209449477213,0.49541605642355124
Ube2a,0.0057606676070176,0.037650276439806,0.1513756600246135,-29.055461034216822,-27.84410372472285,0.0,0.2409415564469641,0.0,0.07832988546672283
Rpl39,0.1152655394141462,0.343145193299992,0.910105580693816,-0.085981220307854,-0.0413650449931594,-0.0075744059378195,3.3347532017847024,3.242502208460131,0.4566858822595482
Ndufa1,0.0095578312296578,0.3053901722632373,0.9699293482575216,-0.2890378717517816,-0.1314027100937501,0.0237203855031226,0.974933531252773,0.8891986148792925,0.4178051487501583
Lamp2,0.004096213384139,0.038707628800508,0.3441601174882899,-0.2588222017697694,-0.1963860804157736,-0.1091881585344695,1.4530600441785313,1.2688861474464024,0.07907540420871273
Thoc2,0.0027786850681888,0.009501095540355,0.0298677932975399,-28.866739334325068,-26.84559325626125,0.0,0.1205948656230272,0.0,0.025859005270075664
Hprt,3.529139494825728e-05,0.0001720247930818,0.0017888776467873,-29.515262118500704,-29.322270449345435,-29.13152303757228,0.671247908591565,0.0,0.007037632866909919
Bcap31,0.0001720247930818,0.0007335473709934,0.0027786850681888,-29.28618488592864,-29.08260464187884,-28.812129004365776,0.5685078593555045,0.0,0.008403295832266164
Ssr4,0.0040684289910296,0.1349368897356513,0.5726712709375237,-0.2589582503638336,-0.1479238156549289,-0.0429485586130654,1.31761435693492,1.1897056264896124,0.21480718594681517
Emd,0.0043495700900777,0.1165400811894109,0.7826235030086006,-28.843637577450824,-27.675645210591007,0.0,0.21438744854949,0.0,0.191587236106116
Rpl10,0.0095014686036357,0.0824958323410335,0.4268635389378423,-0.0815195533264039,-0.0415346231446034,-0.0026638914892329,2.90822606343419,2.82414191026374,0.14454739258206256
Atp6ap1,0.0132051666645675,0.1503886102513491,0.669000216463291,-0.6526468140454327,-0.303718418545257,-0.0539462826168007,0.7203520983160537,0.586126639608942,0.2375247683725496
Fundc2,0.0007335473709934,0.0027786850681888,0.0298677932975399,-29.094710573868017,-28.428168074985912,0.0,0.3611863351179435,0.0,0.015103363283548733
Msn,0.0688028895768834,0.5208065412399778,0.9699293482575216,-0.1403799319693697,-0.0374887732585953,0.0557399896769031,1.28034419977777,1.248709452926981,0.6218072820873086
Il2rg,0.0004592558527205,0.0046673221553265,0.0366239015107788,-29.456897794021128,-29.280819833133503,-29.00875761505805,0.652236451803246,0.0,0.021829077780726007
Nono,0.0007335473709934,0.0027786850681888,0.009501095540355,-29.15473259360421,-28.435055260301084,-26.99989762501431,0.3629147005802382,0.0,0.015103363283548733
Rps4x,0.0314201794077955,0.2379772961816305,0.6784313725490196,-0.0762700028276411,-0.0392420188153415,-0.0082591148216085,3.125821475081483,3.045864000300914,0.342944988924165
Xist,0.0010637453361911,0.0226879415733904,0.3837421608319441,-0.239017704460427,-0.1513462060360128,-0.0622671084880397,2.1789247181950224,1.9625965972423411,0.052783000318556074
Rlim,0.0043495700900777,0.0480139728942661,0.1853939469443623,-28.91062152039802,-26.991751133553123,0.0,0.1334525029169147,0.0,0.09405334517166845
Atrx,0.0005846946730053,0.024688445310765,0.2597004438113217,-0.7076899652862999,-0.4888142666754708,-0.2640187517063634,0.8807144676065835,0.6270151970479827,0.05697235833968289
Magt1,0.0027786850681888,0.009501095540355,0.088567502575371,-28.442217473740374,-26.676869544246244,0.0,0.1072847316352172,0.0,0.025859005270075664
Cox7b,0.015860919266492,0.2379772961816305,0.9699293482575216,-0.3060240205816165,-0.1392082415732856,0.0325382805168237,1.24266717544725,1.1256592540928538,0.342944988924165
Pgk1,0.0084438130264523,0.0895124226007759,0.4726680955783123,0.0990824045014718,0.3951170537814938,0.5906152388626756,0.6595472648711656,0.8698777622021177,0.1560862089666709
Sh3bgrl,0.038707628800508,0.3837421608319441,0.9699293482575216,-0.2220536734770078,-0.1049030670754331,0.0238304571240835,1.1763977275279,1.094283274296589,0.49541605642355124
Gm6377,0.0001720247930818,0.0007335473709934,0.0133949167537699,-29.21809746454872,-29.03285399010005,-27.781328350691,0.5492371563765125,0.0,0.008403295832266164
Diaph2,0.0027786850681888,0.009501095540355,0.0298677932975399,-28.932387598672573,-27.84416628032578,0.0,0.2409512883749687,0.0,0.025859005270075664
Rpl36a,0.0571278875922839,0.5713582599031516,1.0,-0.1055761186719472,-0.0521290690447909,0.0078638454333862,2.12526498531445,2.048989576004234,0.6566085399521933
Hnrnph2,0.0029316408379423,0.0490556423358853,0.4386743921253033,0.0772345133647124,0.2813758668964232,0.8400223789810101,0.596303050669587,0.7210596598089157,0.09557665514311345
Tceal9,0.0027786850681888,0.009501095540355,0.088567502575371,-29.10826800098697,-27.189841473940056,0.0,0.1530938899581185,0.0,0.025859005270075664
Morf4l2,0.2318338701841888,0.7227912249010906,1.0,-1.5104279146394055,0.2142636920384021,2.5509403586950365,0.420379605151405,0.5457486085875095,0.7498201547642859
Huwe1,0.0001720247930818,0.0007335473709934,0.009501095540355,-29.29535305417205,-28.811827473197507,-27.69935718510145,0.4712207462880916,0.0,0.008403295832266164
Smc1a,0.0007335473709934,0.0027786850681888,0.009501095540355,-29.241018177536723,-28.82722137540255,-27.0097694293584,0.4762755911396897,0.0,0.015103363283548733
Sat1,0.0007144558228149,0.0473446058585377,0.5208065412399778,-0.2471276426334945,-0.1376631309947112,-0.0205161978927139,1.7080310996181776,1.5571631517685236,0.09375682341789195
Sh3kbp1,0.0007335473709934,0.009501095540355,0.088567502575371,-29.01019895419517,-27.421337802739348,0.0,0.1797401904153157,0.0,0.025859005270075664
Mospd2,0.0027786850681888,0.009501095540355,0.088567502575371,-28.46093825500148,-26.674419850500698,0.0,0.1071027169142727,0.0,0.025859005270075664
Tmsb4x,0.0123287290624751,0.3053901722632373,0.910105580693816,-0.0472723962678421,-0.0249360537684893,-0.0052847856911879,5.433234842265911,5.340673101625013,0.4178051487501583
Gm47283,0.3140483223727142,0.7868234305012446,1.0,-0.2255307876555302,0.1155189887074408,0.4826955750929526,0.661411657663785,0.7158989898425827,0.7955939159624091
mt-Nd1,0.1344451059776137,0.4726680955783123,0.910105580693816,-0.0792726457592738,-0.0405055586601161,0.003739524569491,2.8911938448914776,2.8102474195678537,0.5858093703902911
mt-Nd2,0.1568627450980392,0.5208065412399778,0.970681114551083,-0.0547008626868908,-0.0179296284771307,0.0157383863798909,2.555614282202514,2.522138374537241,0.6218072820873086
mt-Co1,1.5876796062554575e-05,0.0010637453361911,0.0073033261887751,-0.0732123431678497,-0.0559182793123806,-0.0426280803815735,4.167552469591035,4.008859815474006,0.011259526657929186
mt-Co2,0.015860919266492,0.0690958164642375,0.2379772961816305,-0.0595452053386723,-0.042744124202662,-0.0228650234717488,4.185445008955224,4.062666829572894,0.12543974704139405
mt-Atp8,0.0821176473869336,0.5369408750268727,0.969182212422568,-0.1335644744179308,0.0873832088596271,0.3785689949247819,0.7043590074690954,0.7440101549483856,0.6385433533499604
mt-Atp6,0.0073033261887751,0.0473446058585377,0.2082876875446535,-0.0569812796540817,-0.0434141036990239,-0.0216354136615428,4.1640852867930604,4.037877882173496,0.09375682341789195
mt-Co3,0.0824958323410335,0.4726680955783123,1.0,-0.0421910862321014,-0.0227808972226849,0.0110749819854247,4.027773023227515,3.965696141018684,0.5858093703902911
mt-Nd3,0.2082876875446535,0.7344923394458999,1.0,-0.0853431944476827,0.0091771512607895,0.1066674999827467,1.5090085533729924,1.516362829744934,0.7498201547642859
mt-Nd4l,0.1349368897356513,0.6784313725490196,1.0,-0.0810065066177196,0.0456140260252855,0.2186436098496919,1.2456330201624195,1.2848704685548125,0.717266813267363
mt-Nd4,0.0978804477256489,0.5976184805906168,1.0,-0.0536438767177149,-0.0149604677782159,0.0245229500281082,2.87133207557792,2.840741437160039,0.6828847537051872
mt-Nd5,0.1349368897356513,0.6238787012780821,1.0,-0.0681666724189397,-0.0130366791795372,0.0568027275577202,1.58439165281644,1.5706594891120225,0.6856226164622518
mt-Cytb,0.0073033261887751,0.0690958164642375,0.2090299277605772,-0.1239329771129242,-0.0868290972360427,-0.0485755428162653,3.1150644502350526,2.932994913726975,0.12543974704139405
AC149090.1,3.529139494825728e-05,0.0007335473709934,0.0027786850681888,-29.3510311309132,-29.13429121048646,-28.17441825177952,0.5892445251171767,0.0,0.008403295832266164
