gene,pval_lower,pval_median,pval_upper,log2fc_lower,log2fc_median,log2fc_upper,median_Salmonella_infNonTLSwk6_median,median_Salmonella_infTLSwk6_median,FDR_BH
Atp6v1h,0.0485974356945255,0.4041303296058642,1.0,-1.435732980506446,0.7311913065335361,28.97164710675213,0.2342566767144027,0.4457595712912521,0.7801472889302248
Tram1,0.11250638569044,0.6453768453768453,1.0,-1.2227830248240927,-0.093347149764121,0.1523200995776852,0.5707406458385589,0.5342513859514232,0.7801472889302248
Rpl7,0.326965811965812,0.7984459984459983,1.0,-0.0437045162139977,-0.0105788064605404,0.0264072605668861,2.594408306847495,2.574106805102195,0.8016992708494454
Eloc,0.1033079701313654,0.5053613053613053,1.0,-0.5062044104658036,-0.1057031257088881,0.1326736095730963,0.6304338702298125,0.5860665122234155,0.7801472889302248
Lmbrd1,0.0235438968213817,0.2042192702898491,0.8729594252880423,-29.14194834307088,-1.0423185712894485,0.0198529098148545,0.5660306630694125,0.270336811561549,0.7801472889302248
Phf3,0.0752002988766929,0.3112018520843261,0.8729594252880423,-0.2122936264743287,0.5605204905569858,3.3102782704672937,0.3675831069943819,0.5761224990536415,0.7801472889302248
Dst,0.1605283605283605,0.7209013209013208,1.0,-0.2821201504794612,0.0159224161978825,0.2467590155070448,0.8416264518901293,0.8502296215829015,0.7801472889302248
Ptpn18,0.0103263403263403,0.1605283605283605,0.7984459984459983,-0.1748465932986551,-0.0747034805770896,0.0178826308825558,1.5010169319670126,1.425248778279815,0.7801472889302248
Neurl3,0.1303807303807303,0.7129894874507409,1.0,-0.1893222785637616,0.0784299326322824,0.3088785396513108,0.7178985379108269,0.7608651861644307,0.7801472889302248
Cox5b,0.1048951048951048,0.6453768453768453,1.0,-0.1441081489084567,-0.0152925563470685,0.0945775478332286,1.3910754265822227,1.3771863623327374,0.7801472889302248
Mgat4a,0.0131325729425316,0.065285648928054,0.3706183398171955,0.1306718422658713,0.4940366078193503,2.3762049602252087,0.5078922779211432,0.685617329131645,0.7801472889302248
Mrpl30,0.0050527393002986,0.0720770195258305,0.4883708485316103,0.4037581745459354,2.669780096876167,29.12558758092561,0.0855183463591022,0.5307327195980218,0.7801472889302248
Eif5b,0.1303807303807303,0.6453768453768453,1.0,-0.0908439830321984,0.0510832440490349,0.2013677821554145,1.0237143341802786,1.0549439084433812,0.7801472889302248
Rpl31,0.1048951048951048,0.5053613053613053,1.0,-0.0377912809840496,0.0279280619681323,0.0965903629392641,2.003093072788418,2.046054525494055,0.7801472889302248
Rnf149,0.2344988344988344,0.7209013209013208,1.0,-0.1580451373949872,0.0077259281787631,0.1665238061763656,0.9154482376096482,0.9224513899297352,0.7801472889302248
Map4k4,0.001087801087801,0.0281274281274281,0.2798717948717937,-0.6901774952817694,-0.3751645882747884,-0.1588522336863816,0.9092732944038482,0.7048632412291032,0.7801472889302248
Il1r2,0.2072440909861849,0.7123816042098661,1.0,-0.7356119339775171,-0.0123408839141159,0.7243930278856561,0.6762588692593567,0.6584217694011225,0.7801472889302248
Stat1,0.0281274281274281,0.1303807303807303,0.6453768453768453,0.0155347476011744,0.3012275086513707,0.5674204640977828,1.1076612048094887,1.3595632300439302,0.7801472889302248
Gls,0.0498834498834498,0.3282051282051281,0.8004467754467735,-0.4396846076469818,-0.1821803041531411,0.0378372716707227,0.7981536248743565,0.7040429422203482,0.7801472889302248
Stk17b,0.0822168388123539,0.5737373737373737,1.0,-1.4797439719219458,-0.1397974159790208,0.2326184481199911,0.62681146379958,0.5709436916854848,0.7801472889302248
Sf3b1,0.0001554001554001,0.0006216006216006,0.0281274281274281,0.1750992451779848,0.2539603492129286,0.3329757884365839,1.3140780149425275,1.5680804527059051,0.5361305361305175
Coq10b,0.1385464150989199,0.6741981971505068,1.0,-0.799465856361761,-0.0289218869718567,0.390724489767505,0.5435836087801482,0.532294480799888,0.7801472889302248
Hspd1,0.1550343725091923,0.6453768453768453,1.0,-0.1977389511536867,0.1556474111288536,0.3529708179490845,0.5757703439461397,0.640041416660478,0.7801472889302248
Hspe1,0.0069930069930069,0.1303807303807303,0.6453768453768453,0.0393957221550378,0.1770359073280604,0.3118255568853305,1.0863425029778877,1.2243441872993388,0.7801472889302248
Bzw1,0.0046620046620046,0.0649572649572649,0.3282051282051281,-0.4848115792496825,-0.301680659868398,-0.1069226247093795,0.8360545970732365,0.6796755158054436,0.7801472889302248
Clk1,0.0829836829836829,0.4418026418026417,1.0,-0.1047679044973912,0.116444338167875,0.3251927845815993,0.6718973312216312,0.7302047129063768,0.7801472889302248
Ndufb3,0.1303807303807303,0.6453768453768453,1.0,-0.4669816745471246,-0.1161161932871984,0.0979665817821374,0.6911350661181723,0.6412619330646759,0.7801472889302248
Cflar,0.1048951048951048,0.5053613053613053,0.959129759129759,-0.0573779888017833,0.1484713672099893,0.3218077666908495,0.8653784852957322,0.9617766085220268,0.7801472889302248
Sumo1,0.0379176379176379,0.5053613053613053,1.0,-0.0892551248617603,0.1136259995693855,0.3099166067776879,0.68509731524351,0.7436871169193877,0.7801472889302248
Fam117b,0.2202347585707377,0.6314395816467896,1.0,-2.2381975005662484,-0.5085032534123998,0.0905209658813524,0.5623596311389435,0.3932603260101555,0.7801472889302248
Nrp2,0.0498512995287267,0.4274785219508331,1.0,-1.6506332028522193,-0.193159233336104,0.1708618527685615,0.5961216186867857,0.528476442571534,0.7801472889302248
Eef1b2,0.0104118104118104,0.0829836829836829,0.3282051282051281,0.0275623916927962,0.0731212570843518,0.114560171540685,2.257108554560185,2.3772283318568177,0.7801472889302248
Rpl37a,0.326965811965812,0.7209013209013208,1.0,0.0103053894475703,0.0368634613249882,0.0604507355139357,3.37220498078233,3.4609011718197973,0.7801472889302248
Arpc2,0.0147630147630147,0.2344988344988344,0.959129759129759,-0.0994219425575441,-0.0450594700195463,0.0163509447112856,2.132694286249622,2.0669589273709548,0.7801472889302248
Aamp,0.1775092803161707,0.6854434826775221,1.0,-28.75274085083487,-1.1033412866758507,27.70758403151169,0.2196685953562664,0.0989907303536672,0.7801472889302248
Tmbim1,0.0281274281274281,0.2786324786324786,0.959129759129759,-0.5996691619557083,-0.1637720416591836,0.0814768581435741,0.6470544810890295,0.5791398488683723,0.7801472889302248
Slc11a1,0.0003108003108003,0.0104118104118104,0.1612385877152257,-0.6385068825279767,-0.4508758949273682,-0.2068104901643977,1.04822767225716,0.7626232272437037,0.6907835753989593
Dock10,0.0104118104118104,0.2786324786324786,0.959129759129759,-0.0180001715870097,0.2003035428349877,0.3926111620972237,0.644283844691075,0.73907016213382,0.7801472889302248
Trip12,0.2476478461028965,0.7525377274994569,1.0,-0.4403394333514974,0.0090078373562806,0.261021004459774,0.6319267781765638,0.6387482073616282,0.7993396428180808
Sp140,0.0424886615917809,0.3648813140419181,0.9590483657712308,-0.9298805208575645,0.4494219543644272,28.795147761401463,0.3558263405112885,0.4848984769386339,0.7801472889302248
Itm2c,0.1605283605283605,0.6453768453768453,1.0,-0.1537813550618426,-0.0219732867918243,0.0920853899742137,1.2572806194322852,1.2428249956190287,0.7801472889302248
Ncl,0.3822843822843822,0.7984459984459983,1.0,-0.0338795517668281,0.0266356327721904,0.1071336693211602,1.5248644535523623,1.549831719596975,0.8016992708494454
Ptma,0.1605283605283605,0.7209013209013208,1.0,-0.0443674131945265,0.001635404062617,0.0416240685091226,2.8559709872825287,2.8609034615945776,0.7801472889302248
Eif4e2,0.1605283605283605,0.705132174172284,1.0,-0.5761551663350805,0.058947210245654,0.7030983121753634,0.5138418021162332,0.5361017056485236,0.7801472889302248
Inpp5d,0.1948717948717948,0.7209013209013208,1.0,-0.2568279873968324,-0.0181425792273408,0.2097483103573645,0.7440207404546966,0.7342658800719153,0.7801472889302248
Arl4c,0.2786324786324786,0.7984459984459983,1.0,-0.0733419338033853,0.00428224731422,0.0844252943090458,1.752902063354456,1.7603919706828126,0.8016992708494454
Lrrfip1,0.1605283605283605,0.7209013209013208,1.0,-0.1359103017347064,0.0199473138355384,0.16505417327274,0.9032452910701776,0.916680347348822,0.7801472889302248
Ube2f,0.0177903286236667,0.2268047955085498,0.917340311144601,-0.1073803289545733,0.2013258983295572,1.22847072393944,0.5049158545661052,0.5683748870691658,0.7801472889302248
Ndufa10,0.116191076702653,0.5897737906589078,1.0,-1.141347581482168,0.4104598265453323,28.80299036053709,0.3099534858813759,0.4307082155575937,0.7801472889302248
Cops9,0.1303807303807303,0.7209013209013208,1.0,-0.2280360289648075,-0.062747790139751,0.1130491992900117,0.856244713183661,0.8191437412328162,0.7801472889302248
Gpr35,0.0065616501031227,0.0621104744239398,0.3695475343523985,-29.40671763526457,-1.9820085069155984,-0.4011378038476784,0.6428211983713362,0.182543568963817,0.7801472889302248
Hdlbp,0.2263157778954907,0.7209013209013208,1.0,-0.2880640894307658,-0.0238220691759026,0.2166402559206267,0.6500162558227025,0.6367096895641018,0.7801472889302248
Fam174a,0.1025458809789091,0.5623719669710694,1.0,-0.577072513262845,-0.1328328382033068,0.0938161394529637,0.6562397518712988,0.6024458140468434,0.7801472889302248
Vps4b,0.1948717948717948,0.7209013209013208,1.0,-0.1279662428357231,0.0930720081456629,0.3010512328280082,0.6902622015488883,0.738505007047373,0.7801472889302248
Ralb,0.1163008546420284,0.5655630979387989,1.0,-28.595099896349424,-1.0218860584387963,27.30424837963134,0.1325613981214102,0.0789282381222247,0.7801472889302248
Dbi,0.0006216006216006,0.0206682206682206,0.2344988344988344,-0.4214450439586603,-0.2813974436320243,-0.1517724749355452,1.1906215518263574,0.9744462840596116,0.7801472889302248
Actr3,0.0379176379176379,0.2786324786324786,0.959129759129759,-0.1335514875750157,-0.0728506398744878,0.0045774827068966,1.7152704244640886,1.6289987072984649,0.7801472889302248
Ubxn4,0.1948717948717948,0.6453768453768453,1.0,-0.0999738331746911,0.0951052197985294,0.2727698995552082,0.724559790863383,0.771112067967849,0.7801472889302248
Cxcr4,0.2786324786324786,0.7596736596736595,1.0,-0.2066157125935235,0.039621626319221,0.2484353175792934,1.051328746279612,1.0886827289345424,0.8016992708494454
Mapkapk2,0.0206682206682206,0.1605283605283605,0.5737373737373737,0.0668881060787262,0.1757606343177388,0.2864796128758897,1.01120357384751,1.141748370860555,0.7801472889302248
Rab7b,0.0379176379176379,0.3282051282051281,0.959129759129759,-0.3399248709719658,-0.1887093056790552,-0.0309428773482501,1.689700792026305,1.478470380042775,0.7801472889302248
Nucks1,0.0029526029526029,0.1303807303807303,0.959129759129759,-0.0319416409786453,0.2205987522872722,0.4700731781022016,0.5451960268247068,0.6365433366834123,0.7801472889302248
Snrpe,0.1605283605283605,0.7209013209013208,1.0,-0.1150907287683245,0.0254739372522758,0.14380625508911,1.0109535282712008,1.0288777422710726,0.7801472889302248
Btg2,0.0046620046620046,0.0498834498834498,0.2786324786324786,-0.650648502123549,-0.4230624354927194,-0.2058462189611489,1.0833441033119338,0.8086562664179661,0.7801472889302248
Adipor1,0.2344988344988344,0.7209013209013208,1.0,-0.2218089088235726,0.0007035836983228,0.188681930942937,0.6840699687015063,0.6905474588532278,0.7801472889302248
Arl8a,0.1705220617263874,0.7090730856847203,1.0,-1.3713292184494985,0.0192527948409001,1.1941192882946852,0.4820018781909497,0.4835829551245793,0.7801472889302248
Ptprc,0.1048951048951048,0.6453768453768453,1.0,-0.0996760311769473,-0.0363626656534013,0.036132545522251,1.9580611163884296,1.9104292103352176,0.7801472889302248
Rgs2,0.1219191312607537,0.6662276454096188,1.0,-28.895572060030943,-0.5779340964078128,28.246977319189245,0.3100558680629026,0.201022303285114,0.7801472889302248
Rgs1,0.0379176379176379,0.5053613053613053,1.0,-0.0260372685522189,0.1255366712224922,0.2561471178949168,2.0011836464878003,2.19192351164686,0.7801472889302248
Ptgs2,0.0029526029526029,0.1048951048951048,0.7209013209013208,-0.5617459228579988,-0.2610038699143015,-0.050582459136844,1.6810070285278251,1.401740144414205,0.7801472889302248
Tpr,0.0206682206682206,0.2344988344988344,0.8784770784770783,-0.0051501911637937,0.1350941555186741,0.2855219167519901,0.959684537010157,1.0548548270164175,0.7801472889302248
Rgl1,0.0172289358817037,0.1550343725091923,0.6355065570939342,0.029019756833612,0.3512346536004297,1.451750298099566,0.5096130194304873,0.6344479547802937,0.7801472889302248
Arpc5,0.1303807303807303,0.6453768453768453,1.0,-0.099040741332105,-0.0094168533778929,0.0724226727032982,1.5045731034462313,1.49419357920099,0.7801472889302248
Ncf2,0.0046620046620046,0.0829836829836829,0.6453768453768453,-0.3227674892562078,-0.1553143707770207,-0.0189674821279529,1.1958591523095914,1.0741670349386545,0.7801472889302248
Rnasel,0.2202347585707377,0.73646832843217,1.0,-28.72405361765017,-0.6377753371551567,28.21938682878904,0.1385540473994715,0.0957576094818935,0.7945014800159432
Glul,0.182423401990066,0.6741981971505068,1.0,-1.0449674914608067,0.0282304350831089,0.4421770129820823,0.5296552706800025,0.538687731679342,0.7801472889302248
Ier5,0.1605283605283605,0.7209013209013208,1.0,-0.3056540031047802,-0.0926554938818993,0.0912891923201174,1.056076219504751,0.984417616449928,0.7801472889302248
Tor1aip1,0.0498834498834498,0.5053613053613053,1.0,-0.3563193632009199,-0.0733923400648784,0.1668018910690579,0.6775908545156615,0.6423994155810813,0.7801472889302248
Soat1,0.0069930069930069,0.0649572649572649,0.4418026418026417,0.092554726767588,0.2538917329791779,0.4024229305363949,1.0407780672272244,1.242044136280494,0.7801472889302248
Mrps14,0.0325306307291984,0.3514015705829848,1.0,-28.983455671778792,-1.1441559800806007,1.0716909788677171,0.4961196906330132,0.2019647070767372,0.7801472889302248
Gas5,0.0498834498834498,0.2786324786324786,0.7209013209013208,0.0612869679968157,0.2081672386685544,0.3780901004866171,0.883877812271049,1.0176793345109485,0.7801472889302248
Prdx6,0.0069930069930069,0.1048951048951048,0.5053613053613053,0.1252922032961316,0.4405338162719612,0.7195420294572477,0.6630586414664412,0.8963106870097693,0.7801472889302248
Prrc2c,0.0649572649572649,0.5053613053613053,0.959129759129759,-0.0645282676266861,0.0575069220684015,0.2024342076912245,1.198201035659515,1.2444892974864836,0.7801472889302248
Mpc2,0.1948717948717948,0.6741981971505068,1.0,-0.2862824493330327,-0.0686309135811403,0.1252890183597733,0.6479219326454488,0.6183602675375475,0.7801472889302248
Creg1,0.0046620046620046,0.0829836829836829,0.6453768453768453,0.0112452333049479,0.1672388452800899,0.3123348398142447,1.0371118460378876,1.15956997756957,0.7801472889302248
Tmco1,0.0095379523581334,0.1221757823939265,0.8293276535635627,-0.3356218960763333,1.4802715257144363,28.982675512427686,0.134046056381555,0.4756775666079795,0.7801472889302248
Fcgr2b,0.0006216006216006,0.0046620046620046,0.0379176379176379,-0.7860618715996848,-0.6002686650595919,-0.4453312234100463,1.4294683984778624,0.944859826156274,0.6907835753989593
Fcgr4,0.2267790958291536,0.7129894874507409,1.0,-0.755635152182821,-0.008537104821349,0.3599152821581536,0.700551729546898,0.6950540743753024,0.7801472889302248
Fcgr3,0.0281274281274281,0.1605283605283605,0.5053613053613053,-0.2771032834134843,-0.195406951158355,-0.1015096632881926,1.659008010250011,1.448198801723083,0.7801472889302248
Fcer1g,0.0018648018648018,0.0379176379176379,0.3282051282051281,-0.1294397039683863,-0.0806116214396962,-0.0222780949153952,3.2051410164480965,3.03289072896822,0.7801472889302248
Ndufs2,0.1782588513308433,0.6136987693023748,1.0,-27.307166809894657,0.887019884192242,28.491289453973707,0.1325613981214102,0.2305517834099305,0.7801472889302248
Ufc1,0.1609671969711517,0.7090730856847203,1.0,-2.293701452074551,-0.3331364683271539,0.1945125396361797,0.5301397834261038,0.4158904038008959,0.7801472889302248
Pfdn2,0.103288917902554,0.6453768453768453,1.0,-0.5360803614645997,-0.0292065253522578,0.2328583010374678,0.5451920927207508,0.5314068361775185,0.7801472889302248
Arhgap30,0.0891428476634705,0.476087344441214,1.0,-1.1888577491710952,1.1045147422320407,28.908469263926527,0.134046056381555,0.3391021634844052,0.7801472889302248
Slamf7,0.0550394824230302,0.2496751994882275,0.6945980769823016,-0.1445175392210762,2.337611306100204,29.277251967662192,0.0855183463591022,0.4645555646965487,0.7801472889302248
Cd48,0.169000047821659,0.672143970444527,1.0,-0.3675414670998337,0.0320835351407282,1.1339455155655334,0.5028954935876733,0.5046396341681154,0.7801472889302248
Cd84,0.1501208222419232,0.6314395816467896,1.0,-27.23479552403748,-0.3741826245966819,0.5224401365297534,0.5709443052029071,0.4264291552408575,0.7801472889302248
Pea15a,0.0122413863708278,0.1559493936014953,0.8345239341485672,-2.4594613993586774,-0.3317954196239122,0.0269188573805432,0.626894531711219,0.5030109985711028,0.7801472889302248
Igsf8,0.1605283605283605,0.7209013209013208,1.0,-0.219280480093326,0.000892506159731,0.1980721674404839,0.6912149768785227,0.6934253202033882,0.7801472889302248
Slamf9,0.0310325195001449,0.3056410254213622,0.956284952863831,-29.021476264771294,-2.3471005227755746,0.2967459076779451,0.4811265827986184,0.0957576094818935,0.7801472889302248
Tagln2,0.1948717948717948,0.6453768453768453,1.0,-0.0966316783128343,0.0945285506337166,0.2617397105504091,0.9479832262212032,1.0142440913482669,0.7801472889302248
Slamf8,0.0829836829836829,0.2786324786324786,0.7525377274994569,-0.5636562354866715,-0.3764816482838578,-0.1920913477538879,0.7814140618955029,0.6060306052947178,0.7801472889302248
Ifi207,0.2344988344988344,0.7209013209013208,1.0,-0.5118387902183501,-0.078818221431876,0.2387548796340393,1.145993742505875,1.0820900363685515,0.7801472889302248
Ifi204,0.3593635170698864,0.7840226582999281,1.0,-28.90465238805737,-0.7599908261642128,0.91770587689397,0.441655297928518,0.233372286623187,0.8016992708494454
Mndal,0.0822168388123539,0.5623719669710694,1.0,-1.1594130969945011,-0.2194903869877566,0.4833653373121266,0.5523829642610825,0.4644517341145737,0.7801472889302248
Hnrnpu,0.1303807303807303,0.7209013209013208,1.0,-0.1193722591871624,0.0115221639671332,0.1149833810071291,1.2774877944632688,1.2861758283775298,0.7801472889302248
Acbd3,0.0984722781285988,0.5967990595834041,1.0,-1.8465428429037372,0.0674544628813336,1.0526760452193793,0.47934954618808,0.4806335684491585,0.7801472889302248
H3f3a,0.2344988344988344,0.7209013209013208,1.0,-0.0197395003101555,0.0130896446581258,0.0507932400320206,2.77621693060137,2.801586638650273,0.7801472889302248
Sde2,0.0281274281274281,0.3822843822843822,0.959129759129759,-0.0490699097633353,0.1682755088083981,0.3872373804395405,0.6152089272303165,0.6902233290492372,0.7801472889302248
Cnih4,0.1048951048951048,0.5864894447865224,1.0,-0.2412783792628915,0.0830124080864737,0.3060338632247702,0.5777536139864532,0.6143947875273608,0.7801472889302248
Wdr26,0.1948717948717948,0.6453768453768453,1.0,-0.1477219745548584,0.0336266316759515,0.2283115118090956,0.711909574798913,0.7346609908697646,0.7801472889302248
Srp9,0.0829836829836829,0.6453768453768453,1.0,-0.0700853204291151,0.0254394229943286,0.1150113235103043,0.9255352528848212,0.9419333291443284,0.7801472889302248
Mia3,0.0485974356945255,0.2666030678505001,0.9575006903366504,-0.2569273157778567,0.5048228799790575,28.84803871674613,0.348067176955134,0.5049314884695385,0.7801472889302248
Eprs,0.1526279310488281,0.6453768453768453,1.0,-0.4096643802445748,0.0895546206929907,0.5240273589840508,0.5422195235014422,0.5737070811581605,0.7801472889302248
Atf3,0.2198343713637155,0.672143970444527,1.0,-0.2649754111783279,0.0713433278839535,1.153362554258852,0.6416866367034271,0.6666248700212918,0.7801472889302248
Nenf,0.0485974356945255,0.3593635170698864,1.0,-0.3222804874455198,1.3738289756377715,28.997677274473965,0.162051711928063,0.4648821966038988,0.7801472889302248
Ppp2r5a,0.028759925632799,0.1541163723003961,0.672143970444527,-29.11312002996768,-1.5932998649632126,-0.2311346130620001,0.530990579145888,0.1877978779075635,0.7801472889302248
Fam107b,0.0785934912071024,0.4503513435848739,0.95799832386793,-2.658339088374456,-0.5008881791593616,0.2739790248731467,0.5739335662193634,0.406757129396156,0.7801472889302248
Frmd4a,0.1182049155614583,0.7011912626598479,1.0,-28.429319684634017,0.0,28.42621268166563,0.1987389030293385,0.1828893687656102,0.7801472889302248
Celf2,0.1948717948717948,0.5737373737373737,1.0,-0.1955566645934494,0.1241726359784768,0.410926985487694,0.7679929901951666,0.8400054067190075,0.7801472889302248
Atp5c1,0.0379176379176379,0.5053613053613053,1.0,-0.0969727569040644,0.0469476398157382,0.1676353615559574,1.1964250902123812,1.2379308928910149,0.7801472889302248
Rsu1,0.2172187573017174,0.7011912626598479,1.0,-28.328949659142843,0.1427122157773174,28.568641706696685,0.1409818887424727,0.1927873499890917,0.7801472889302248
Vim,0.3282051282051281,0.7984459984459983,1.0,-0.0204607683245726,0.0757155893544318,0.1571553225567971,2.469638105191214,2.609356220357545,0.8016992708494454
Pip4k2a,0.1010200224303009,0.6339972307873878,1.0,-26.677977060762323,-0.2859279987980886,27.38977978411907,0.3732466380167267,0.3101004757388838,0.7801472889302248
Apbb1ip,0.0272229406830318,0.2237103149867649,0.7922976624962125,-0.0151007850212521,0.3432587879278503,1.3711583188956311,0.4986601385105805,0.6198547509737955,0.7801472889302248
Abi1,0.1597746697746697,0.7209013209013208,1.0,-0.1798962211742598,0.0016907685539336,0.2026420495253951,0.689167412556405,0.6918113180874907,0.7801472889302248
Il1rn,0.0829836829836829,0.3282051282051281,0.7984459984459983,-0.4625668520700654,-0.246800855230009,-0.0577282845953465,1.812612175541,1.5172904365053523,0.7801472889302248
Edf1,0.2344988344988344,0.7209013209013208,1.0,-0.0744744923530325,0.0451926530490477,0.1649986691501884,1.0476379740888473,1.0821916817280623,0.7801472889302248
Rpl7a,0.2786324786324786,0.7209013209013208,1.0,-0.0293251950797967,0.0196183604426302,0.0805327022289384,2.2708303650498576,2.2999141838032573,0.7801472889302248
Surf4,0.0904879299312675,0.5623719669710694,1.0,-0.1876659445780066,0.0955785068042895,0.7376104902235471,0.523185836532819,0.5567752104277894,0.7801472889302248
Ralgds,0.2897616788999157,0.7922976624962125,1.0,-0.1635684578314116,0.0322386770395899,0.2644512935527755,0.6590396520602102,0.6732209885569628,0.8016992708494454
Set,0.0649572649572649,0.5053613053613053,1.0,-0.0806968471761045,0.082935664823245,0.245133610703541,0.9173533660524712,0.9711123488031486,0.7801472889302248
Fnbp1,0.1948717948717948,0.6741981971505068,1.0,-0.1607023418560594,0.0379623370850503,0.2906452160683951,0.7423168903657478,0.7527123152658051,0.7801472889302248
Swi5,0.0180440947460136,0.3822843822843822,1.0,-0.7483338808212933,-0.1328729717718151,0.1034642465313582,0.5977947544618427,0.553610299804076,0.7801472889302248
Rpl12,0.3282051282051281,0.7984459984459983,1.0,-0.0433007629398437,0.0014253590673079,0.0482995183076841,2.7308980113420125,2.7361920432805724,0.8016992708494454
Hspa5,0.0281274281274281,0.3822843822843822,1.0,-0.2240895369698015,-0.0829983228019319,0.1073096812068775,2.178553453322676,2.059409231644768,0.7801472889302248
Traf1,0.0498834498834498,0.5737373737373737,1.0,-0.1353386557162817,0.112396718541832,0.3969059552253615,0.664094906381504,0.7155692987346696,0.7801472889302248
Rab14,0.0147630147630147,0.2344988344988344,0.959129759129759,-0.048839540770226,0.0900037598786727,0.247292786017605,0.8909477291915092,0.9454901932650698,0.7801472889302248
Gsn,0.0281274281274281,0.4418026418026417,1.0,-0.1156077327260869,0.1012227070059074,0.3553738481965752,0.7193621707746931,0.767181104284405,0.7801472889302248
Ggta1,0.1048951048951048,0.5737373737373737,1.0,-0.1579018828322599,0.0997738225264544,0.3395099798781293,0.8117149568963912,0.8711668807371437,0.7801472889302248
Ndufa8,0.0825330225330225,0.6453768453768453,1.0,-0.3230524590579653,-0.0769187014668204,0.1109180201926019,0.7254519568660873,0.6943540031677973,0.7801472889302248
Ptgs1,0.0325306307291984,0.483357294887874,1.0,-29.04064730886987,-1.155803594899382,0.6289551159596392,0.4962996770502172,0.1927873499890917,0.7801472889302248
Psmb7,0.1859115564387405,0.7525377274994569,1.0,-1.1419060354252233,-0.190656817515097,0.0911613097229755,0.5733517958527505,0.5034262460087019,0.7993396428180808
Rpl35,0.1048951048951048,0.4418026418026417,1.0,-0.115151524181684,-0.0459656390207575,0.0190197413355628,2.2250802789680453,2.1529299895876823,0.7801472889302248
Zeb2,0.0018648018648018,0.0498834498834498,0.3822843822843822,-0.237931780565901,-0.1551733363686743,-0.0621755620239008,1.63654068182589,1.46946189814495,0.7801472889302248
Prpf40a,0.0829836829836829,0.6453768453768453,1.0,-0.1596610801886535,0.0194272244571527,0.2121787817493478,0.7362581156487502,0.7446589947176915,0.7801472889302248
Cytip,0.2335081585081585,0.7209013209013208,1.0,-0.3941611745702386,-0.1056652909982067,0.1551554040784342,1.3023261297415023,1.21526907734998,0.7801472889302248
Baz2b,0.0902981419300414,0.6314395816467896,1.0,-2.004151272999141,-0.2094660786183211,1.4779059963236778,0.44626708355249,0.3822209808809582,0.7801472889302248
March7,0.1048951048951048,0.7209013209013208,1.0,-0.1158200560512908,0.0330026243901745,0.1923355998634831,0.7954669025887451,0.8113043406971803,0.7801472889302248
Cd302,0.001087801087801,0.0072324526252633,0.0301059138517914,-1.80677773046556,-0.8972266937280445,-0.5386628131548327,0.8579295817254212,0.458019089382232,0.6907835753989593
Rbms1,0.0147630147630147,0.3282051282051281,0.959129759129759,-0.4060104236009598,-0.1942294298979406,0.0550038248870946,0.892498171880153,0.7801441408573242,0.7801472889302248
Tank,0.2786324786324786,0.7984459984459983,1.0,-0.2174678316324985,-0.0449657816731222,0.1599179399733036,0.8648457324599497,0.8330986240824658,0.8016992708494454
Ppig,0.0147630147630147,0.3282051282051281,0.959129759129759,-0.282199914480348,-0.1202374180925699,0.0256497936372989,1.2853039379710824,1.17757727830361,0.7801472889302248
Ssb,0.1048951048951048,0.5053613053613053,1.0,-0.125303415696914,0.1827708153720172,0.371670167122424,0.6839542091020085,0.7779859092445915,0.7801472889302248
Dync1i2,0.1275273133578452,0.6355065570939342,1.0,-0.5023560293017831,-0.1115179168018754,0.1372640806302841,0.5780339757726272,0.5374625883059012,0.7801472889302248
Hat1,0.1446069299211384,0.6854434826775221,1.0,-28.815286215976247,-0.9328288444150497,27.76439894373535,0.198274502888285,0.083898638411943,0.7801472889302248
Wipf1,0.0100225501653525,0.1411893573533081,0.7984459984459983,-0.0042799813113513,0.3885355978426874,0.8831687793069456,0.5496971914073314,0.714320707232187,0.7801472889302248
Atp5g3,0.1948717948717948,0.7209013209013208,1.0,-0.1121178317786633,0.0056897678048038,0.1310161298831491,1.222985015390846,1.2302676092821474,0.7801472889302248
Hnrnpa3,0.0829836829836829,0.5053613053613053,0.959129759129759,-0.05236108154654,0.0610833203165229,0.1808925290313582,1.1923242587587324,1.2456450322482686,0.7801472889302248
Nfe2l2,0.0649572649572649,0.4418026418026417,1.0,-0.1718903397568952,-0.0692067439047011,0.0619815831344278,1.8248607050400665,1.73606511025417,0.7801472889302248
Itga4,0.0219109698020534,0.1776874391005868,0.7123816042098661,-29.235430940378823,-1.424019141912039,-0.1570242739829855,0.5969519665156376,0.2198291332173527,0.7801472889302248
Itprid2,0.0177874885442211,0.1454638334839635,0.7111541697294341,-29.03603765308414,-0.7685435615995803,-0.0635104877469532,0.57303307214581,0.3422092976276704,0.7801472889302248
Zc3h15,0.0720770195258305,0.397321419035571,1.0,-0.2308978135790245,0.2553371997697509,2.0883327246183803,0.4674317418562412,0.5506594130452126,0.7801472889302248
Ptprj,0.0829836829836829,0.6453768453768453,1.0,-0.2926167720383822,0.0201634444351564,0.2251281380132438,0.6208057163049849,0.6313485273637635,0.7801472889302248
Psmc3,0.0149149405234499,0.169000047821659,0.8739030607634299,0.0137491992419348,0.3913773013517938,1.9400236549846457,0.4377873140935329,0.5734338602583628,0.7801472889302248
Spi1,0.0146542346542346,0.1948717948717948,0.8784770784770783,-0.004337770605361,0.0890163352661077,0.1715032724503955,1.52955923082031,1.622610079771985,0.7801472889302248
Acp2,0.0069768551490836,0.0399796029462569,0.2697960790058185,0.2990701687491711,1.4465701821941566,29.475479126990244,0.2481294691221565,0.6851386888663551,0.7801472889302248
Cd82,0.1832329769288219,0.7413931041823126,1.0,-28.590555510801245,-0.0483065038595584,28.55483556615068,0.2163609274888058,0.2007770321863227,0.7993144404465558
Hsd17b12,0.062036473469799,0.4274785219508331,1.0,-28.85844797884327,-0.9256570097042562,0.8842649122719567,0.4472987117696182,0.2164450247431245,0.7801472889302248
Cd44,0.1948717948717948,0.5737373737373737,1.0,0.0557285105495153,0.1956240681773233,0.3410014866497457,1.2783795845990849,1.46666709063838,0.7801472889302248
Caprin1,0.1048951048951048,0.6453768453768453,1.0,-0.1731694214969338,0.072599560386486,0.2291423734010695,0.6831076117395942,0.7237374291979579,0.7801472889302248
Eif3m,0.0498834498834498,0.3282051282051281,0.959129759129759,0.0147939700866938,0.1863064590007627,0.3679597927316629,0.622476174111269,0.713154938842304,0.7801472889302248
Nop10,0.0046620046620046,0.1777000777000776,0.959129759129759,-0.3844304708327699,-0.1894012328447714,0.0140580360574224,0.781411725741209,0.683559075229645,0.7801472889302248
Emc7,0.1607029055205888,0.7011912626598479,1.0,-28.95257488580312,-0.4033767878548822,1.5316025863751084,0.4831659292383587,0.3390584461954128,0.7801472889302248
Spred1,0.0892626890842453,0.5531274454486008,1.0,-28.804828178132528,-1.57096279943547,26.415668481451448,0.333350006572194,0.0957576094818935,0.7801472889302248
Srp14,0.0379176379176379,0.2786324786324786,0.959129759129759,-0.049472340296514,0.0549375291438118,0.1604560463643142,1.0738092931363026,1.11354504681904,0.7801472889302248
Chp1,0.3648813140419181,0.7898534698691263,1.0,-2.254855877101988,-0.3120984212020729,0.4916283297529406,0.5341639753182303,0.4193404048527654,0.8016992708494454
Rtf1,0.1859115564387405,0.7123816042098661,1.0,-2.187422270539684,-0.1381369965819445,1.8737473862390084,0.4403083661319047,0.3626141334267652,0.7801472889302248
Zfp106,0.065285648928054,0.5114977119723254,1.0,-0.8194771470748541,0.1188074220661596,0.5748638584108714,0.5422750359660995,0.5923186041591202,0.7801472889302248
Snap23,0.0310325195001449,0.2575318164737318,0.9167278587780092,-0.5467018942682521,1.2086971489780438,29.006807318793477,0.2017765312243685,0.4610731355160905,0.7801472889302248
Pdia3,0.1605283605283605,0.6453768453768453,1.0,-0.0987091410638457,-0.0044566087936896,0.0999342335180678,1.574657378976286,1.56920127928275,0.7801472889302248
Serf2,0.1048951048951048,0.6453768453768453,1.0,-0.0268361177657071,0.0165865631806677,0.0553620220491078,2.364025755155604,2.394526289171188,0.7801472889302248
B2m,0.0147630147630147,0.1948717948717948,0.8784770784770783,-0.0023552733470521,0.0182507778138857,0.0366967409997988,3.74482471507842,3.794191582932068,0.7801472889302248
Gatm,0.0069930069930069,0.1048951048951048,0.4418026418026417,-0.2641208200408844,-0.1582872468239958,-0.0575311338828535,1.5725466126760823,1.408227917097075,0.7801472889302248
Eid1,0.1048951048951048,0.6453768453768453,1.0,-0.1656055464779032,0.0698836070762216,0.3035845877650884,0.5934330386628591,0.6265611231761418,0.7801472889302248
Sppl2a,0.0147630147630147,0.1948717948717948,0.8784770784770783,-0.4317290869155093,-0.201589283273198,0.0093287617342324,0.8516018571374337,0.7375645187213874,0.7801472889302248
Dusp2,0.065285648928054,0.2444968573844136,0.7898919110255989,-29.33164496049933,-1.564400120418208,-0.2282354113268205,0.6626218368147112,0.2189535320665935,0.7801472889302248
Bcl2l11,0.1303807303807303,0.5737373737373737,1.0,-0.1260428871863853,0.151139051724933,0.4531105998107043,0.7568182053273067,0.8435348242056445,0.7801472889302248
Il1b,0.0281274281274281,0.2786324786324786,0.959129759129759,-0.2417349353560696,-0.0956187083413863,0.0419796602589709,3.155570724179372,2.959970302449989,0.7801472889302248
Sirpa,0.0498834498834498,0.5737373737373737,1.0,-0.0678124818938925,0.0356716996420719,0.1777527333069937,1.283215033636465,1.3114995265007747,0.7801472889302248
Snrpb,0.1605283605283605,0.7209013209013208,1.0,-0.1423583348622794,0.0476509328693972,0.2598735954189942,0.8132450215596343,0.8419880607817591,0.7801472889302248
Ddrgk1,0.0379176379176379,0.3822843822843822,0.959129759129759,-0.4868536344784551,-0.1456089098290244,0.132657062285545,0.6550126099511138,0.5898425824879324,0.7801472889302248
Smox,0.4418026418026417,0.8559956457151967,1.0,-0.2802398796939873,-0.054230276207256,0.1785041903291648,0.8608773225663873,0.8304578536688685,0.8589834141121084
Pcna,0.1454638334839635,0.6314395816467896,1.0,-28.90183557292029,-0.662135902423524,0.0555278758134294,0.5223650709704281,0.3361364660656737,0.7801472889302248
Snrpb2,0.11250638569044,0.6314395816467896,1.0,-0.7936525998005813,0.2115172885795275,28.49108178491205,0.3894243660132264,0.4925816344071827,0.7801472889302248
Dstn,0.0591504362583107,0.451913458279073,1.0,-28.743878471644024,-1.1951619811110257,26.77120276990987,0.2430797638466217,0.1114139404542762,0.7801472889302248
Rrbp1,0.0206682206682206,0.1948717948717948,0.7984459984459983,0.0029502412452938,0.0881031714670255,0.1629061437017985,1.6283365112172614,1.7349251921125113,0.7801472889302248
Snx5,0.0829836829836829,0.4418026418026417,1.0,-0.2860188597767886,-0.1613724761806925,0.0041119542646708,1.1950391345607565,1.062682946593165,0.7801472889302248
Xrn2,0.0752002988766929,0.476087344441214,1.0,-26.77048929513404,0.7292378167440301,28.719937454244647,0.2463778880618412,0.4557675951666118,0.7801472889302248
Cd93,0.004717887507192,0.0308276094320916,0.2687359373937462,-29.58133492689981,-0.9822332106494174,-0.2059300919383607,0.7965116509103,0.4090894378384913,0.7801472889302248
Cst3,0.0825330225330225,0.4418026418026417,1.0,-0.129397177897719,-0.0460640213541344,0.0308047599343167,2.7253220496043125,2.639074601255725,0.7801472889302248
Abhd12,0.11250638569044,0.6355065570939342,1.0,-2.099698143334725,0.1515929130056635,28.66044319754348,0.3559393159578788,0.3562971594718968,0.7801472889302248
Fkbp1a,0.0518570202911714,0.3159188909122088,0.91629779799785,-0.6768783220425576,-0.2121381705000494,0.0708709196051084,0.6838319909052475,0.588687514627928,0.7801472889302248
Srxn1,0.0550394824230302,0.2808875253195705,0.8729594252880423,-29.267403156211223,-1.341697241383584,-0.0797381228310021,0.6114984880340666,0.239184935428852,0.7801472889302248
Csnk2a1,0.1480106940237816,0.5465237317126098,1.0,-28.819944939503007,-1.15799197102646,2.5147523908815463,0.3474427555318875,0.1145341639348662,0.7801472889302248
H13,0.1010200224303009,0.4883708485316103,1.0,-28.933727939922885,-1.1806764049716656,0.1204382326044047,0.4832430966734867,0.2071715499361697,0.7801472889302248
Hck,0.1559265180741878,0.5992415158356712,1.0,-0.6908263326109485,-0.1260400288917635,0.1724020989586736,0.6365773367185281,0.5817646820328353,0.7801472889302248
Mapre1,0.1048951048951048,0.6453768453768453,1.0,-0.1197505830638453,0.0826010402251139,0.2439943563011838,0.8398394256607885,0.890353391110489,0.7801472889302248
Chmp4b,0.0147630147630147,0.3822843822843822,1.0,-0.0594882044819418,0.1040620629043137,0.24613598391327,0.8466913051136526,0.9123961862745902,0.7801472889302248
Raly,0.0147630147630147,0.1605283605283605,0.7535317258743749,0.0185644644008247,0.2047473812798199,0.4058733744638713,0.5666310355594211,0.652034318323907,0.7801472889302248
Eif2s2,0.0825330225330225,0.5053613053613053,1.0,-0.0784570207552737,0.1041847662798859,0.2640830506903736,0.9435512114755148,1.0157913022902076,0.7801472889302248
Eif6,0.0649572649572649,0.5053613053613053,1.0,-0.3342102263964726,-0.1107420325387738,0.0977258935662178,0.7404568244809525,0.6835059476048535,0.7801472889302248
Romo1,0.0379176379176379,0.3822843822843822,0.959129759129759,-0.2652479685077409,-0.1186127336047637,0.0825763108924134,0.90123343769505,0.8310008434762862,0.7801472889302248
Rbm39,0.1605283605283605,0.7209013209013208,1.0,-0.1175799116483801,-0.0135620854387589,0.088203509673239,1.4065135976328276,1.395779178783755,0.7801472889302248
Scand1,0.1605283605283605,0.6453768453768453,1.0,-0.0734648874804769,0.0630360736545767,0.2017919002165532,1.1208948033274124,1.1701807101538848,0.7801472889302248
2900097C17Rik,0.0281274281274281,0.2676695026221232,0.959129759129759,0.0043349617879968,0.217664907045143,0.4798219273541416,0.565131401699852,0.6546240350092967,0.7801472889302248
Rab5if,0.2687359373937462,0.7711955986842916,1.0,-0.6830346959222889,-0.0408913234774907,0.1809657325996659,0.5882155329382415,0.5736322796303819,0.8016992708494454
Samhd1,0.0104118104118104,0.1605283605283605,0.7209013209013208,-0.3559845047320298,-0.1890348579003352,-0.0166254391562052,1.1115505887163124,0.9689520461588804,0.7801472889302248
Rpn2,0.0498834498834498,0.5737373737373737,1.0,-0.3174481035674842,-0.1029360905157719,0.0995393692222926,0.7930791882328018,0.7347764221705468,0.7801472889302248
Tgm2,0.1048951048951048,0.5737373737373737,1.0,-0.0863479085969289,0.0949716263789903,0.2954003496610504,1.51645907526483,1.6161408834724886,0.7801472889302248
Mafb,0.1605283605283605,0.6453768453768453,1.0,-0.1333468838246989,-0.0161651003407752,0.1027973746989992,2.2595426617583287,2.2289413846213098,0.7801472889302248
Top1,0.2786324786324786,0.7209013209013208,1.0,-0.1398849952581344,-0.0299909865700496,0.0960983758515732,1.5910969232189625,1.56109115742978,0.7801472889302248
Srsf6,0.0550394824230302,0.2073914000366514,0.6217687412649331,-29.109127645714437,-2.588272389048208,-0.5537450484371564,0.549322376407945,0.083898638411943,0.7801472889302248
Oser1,0.0640434571260127,0.476087344441214,1.0,-2.0233956315415647,1.073905134968975,28.887725740378844,0.137667793696019,0.3443568815434301,0.7801472889302248
Serinc3,0.1303807303807303,0.6453768453768453,1.0,-0.155246801974219,0.0414782179655545,0.1801656113236739,0.9589339849591564,0.991523889780835,0.7801472889302248
Ywhab,0.0281274281274281,0.3282051282051281,0.959129759129759,-0.2979885260052244,-0.125206575693785,0.0100277913660901,1.0128276981347462,0.9262594700002362,0.7801472889302248
Sdc4,0.0046192696192696,0.0281274281274281,0.1948717948717948,-0.7497540974909145,-0.430421913997569,-0.1729430887100443,1.3223539957330526,0.9832897437095762,0.7801472889302248
Sys1,0.0518440904444786,0.2932663384219456,0.8345378388321095,0.0462027359717314,0.23781621006595,0.7122603140575482,0.5389450946932002,0.6337938743965802,0.7801472889302248
Ctsa,0.0829836829836829,0.3822843822843822,0.959129759129759,-0.0269014800087115,0.0837599522301611,0.2018068373211637,1.4898145450594,1.5781425713325512,0.7801472889302248
Pltp,0.2784115686418121,0.7525377274994569,1.0,-0.5048375736575018,-0.0029620890038159,0.226939320699906,0.6831528600810635,0.6870778193207068,0.7993396428180808
B4galt5,0.0442956541655277,0.2072440909861849,0.6355252498707458,-1.450348577741954,-0.4467031438676029,-0.0495369388427186,0.6854742347509943,0.5066000222931133,0.7801472889302248
Ube2v1,0.039099715658779,0.3514015705829848,1.0,-1.1172077906245217,1.157653977711667,28.979244281593385,0.1436468614588475,0.3936572157515382,0.7801472889302248
Tmem189,0.1605283605283605,0.5737373737373737,1.0,-0.2726112629994737,-0.0882849963250017,0.0706436849582188,1.0244283471457305,0.9684283285174684,0.7801472889302248
Cebpb,0.0147630147630147,0.1948717948717948,0.7984459984459983,-0.1320875506541851,-0.0643082787004491,-0.0026254035065811,2.86551223453748,2.739318394383215,0.7801472889302248
Ptpn1,0.0018648018648018,0.0281274281274281,0.2344988344988344,0.0896116440290889,0.2173624003931035,0.3607498322351773,1.2313983590840665,1.4261763905470826,0.7801472889302248
Dpm1,0.1859115564387405,0.7123816042098661,1.0,-0.5255149850082298,0.0311384988275894,0.385890871180244,0.5639300611452681,0.5779447967460956,0.7801472889302248
Rtf2,0.0829836829836829,0.5737373737373737,1.0,-0.1066798833355789,0.1068275857997591,0.2743982322482618,0.6081294219087249,0.6577259435556191,0.7801472889302248
Pmepa1,0.0104021815502471,0.1889374480029941,0.7984459984459983,-0.6123563558301135,-0.3264791053919755,-0.032170702203007,0.7379813967481247,0.593603223775389,0.7801472889302248
Gnas,0.0147630147630147,0.1948717948717948,0.7209013209013208,0.0025633949873625,0.1249851988540601,0.2594525553259092,1.435708717690815,1.567522695978715,0.7801472889302248
Ctsz,0.0104118104118104,0.1605283605283605,0.7984459984459983,0.0012445092670509,0.0599609390588546,0.1065457758880767,2.65367815735473,2.771804029620651,0.7801472889302248
Atp5e,0.0829836829836829,0.5737373737373737,1.0,-0.037690507596236,0.0204760662914483,0.0788841898878986,2.042977180188553,2.068849466584441,0.7801472889302248
Psma7,0.1605283605283605,0.6453768453768453,1.0,-0.0772538576682481,0.0168712452518135,0.115391561958105,1.2016021259496823,1.2146086033998675,0.7801472889302248
Rps21,0.2786324786324786,0.7209013209013208,1.0,-0.0233073909520987,0.0144371940475989,0.0484537618680442,3.24472780743251,3.276539841417045,0.7801472889302248
Dnajc5,0.1531214333453579,0.672143970444527,1.0,-1.3106250437723432,-0.0747080699384536,0.5792500221890715,0.5097963378281081,0.4838831426075042,0.7801472889302248
Gm8797,0.2715886742433745,0.7840226582999281,1.0,-27.77391509530921,0.5590802826140078,27.897586359108104,0.2276825584352825,0.2946256222359245,0.8016992708494454
Tpd52,0.0281274281274281,0.4418026418026417,1.0,-0.1340893809719263,-0.0424586653513211,0.0594018689135673,1.5848702244981236,1.5364091092321377,0.7801472889302248
Fabp5,0.2344988344988344,0.7525377274994569,1.0,-0.4841568908456265,-0.0179528015009887,0.5256946489902421,0.8058563749950451,0.7853001019480002,0.7993396428180808
Rbis,0.2147580662912051,0.6945980769823016,1.0,-28.27835272099602,0.0043227292712127,28.387462177535635,0.2427502115326465,0.2539422837465607,0.7801472889302248
Ythdf3,0.1705610877239446,0.7090730856847203,1.0,-27.50302409420856,0.5196053285745879,28.67896401813581,0.2323367234122052,0.322367891282454,0.7801472889302248
Cp,0.0704615426471519,0.3593635170698864,0.957492737513927,-29.45909845768644,-0.9042050541212484,0.3750823435355639,0.7002436212791123,0.3647164547544362,0.7801472889302248
Nceh1,0.0379176379176379,0.336206233495071,1.0,-0.1000822849956043,0.1530518192109713,0.4363154667061015,0.607501488679359,0.6747434541672858,0.7801472889302248
Rpl22l1,0.0281274281274281,0.2786324786324786,0.8784770784770783,-0.0360559342376115,0.0266671085932727,0.1047029027935019,1.93081805975195,1.9659765583476876,0.7801472889302248
Sec62,0.0585216810711015,0.1718517022196694,0.4004675495719816,-0.8133606343962074,-0.4982230607433016,-0.2142615076223055,0.8011680785254931,0.5712931902360583,0.7801472889302248
Skil,0.0046620046620046,0.0649572649572649,0.3822843822843822,-0.6312760780982656,-0.4271840212848465,-0.2113142525612587,1.0394213691499776,0.76842879450556,0.7801472889302248
Ndufb5,0.2344988344988344,0.7209013209013208,1.0,-0.0894686809430918,0.0700771622122572,0.2096094918510504,0.9391040599044508,0.983893006034413,0.7801472889302248
Fxr1,0.266513255452409,0.7898534698691263,1.0,-0.8424647133522757,-0.0903415304600678,0.4916012965580997,0.5422079544162444,0.5041076954534015,0.8016992708494454
Dnajc19,0.1266856129229834,0.672143970444527,1.0,-1.3815017774462035,-0.2337134275518298,0.5013955524553458,0.4929591621193414,0.4152184036564613,0.7801472889302248
Anxa5,0.0206682206682206,0.1948717948717948,0.7209013209013208,-0.1678038350613277,-0.0957217829666778,-0.0330805209270916,1.6905180935353377,1.584062684271221,0.7801472889302248
Slc7a11,0.0011487415455531,0.0164620142375873,0.169000047821659,0.5022852002526259,1.3941882452147734,29.948343417781835,0.4025270161288125,1.0633536710799851,0.767485798914543
Ndufc1,0.0147630147630147,0.2344988344988344,0.8784770784770783,-0.4471125627916871,-0.2352624490124124,0.0061268851492821,0.8634485473788758,0.7269092315865585,0.7801472889302248
Rnf13,0.1782445660250868,0.7238112490808021,1.0,-28.864270429519983,-0.3385724888163821,28.09336561457336,0.32166980128984,0.2524726063651357,0.7828052693820587
Serp1,0.0281274281274281,0.3822843822843822,0.959129759129759,-0.3131832656013908,-0.1015174242449578,0.0982011603535722,0.9931602319259588,0.92679842258117,0.7801472889302248
Mbnl1,0.0206682206682206,0.3282051282051281,0.959129759129759,-0.2524865061589235,-0.1152937219434551,0.0443660804584328,1.1038594162094175,1.0176169664469634,0.7801472889302248
Ssr3,0.0828964098822239,0.5053613053613053,1.0,-0.7319051031182083,-0.1657115485972522,0.1312891885415926,0.648196726189887,0.5841332045068954,0.7801472889302248
Tiparp,0.0001554001554001,0.0006216006216006,0.0046620046620046,-0.8526003472334478,-0.6636868173436729,-0.4339555163242007,1.2868885944243875,0.813797820481045,0.5361305361305175
Ccnl1,0.1303807303807303,0.6453768453768453,1.0,-0.1090652465084557,0.0344778160817843,0.1902681574974574,1.085946733263315,1.1164563340306926,0.7801472889302248
Mfsd1,0.2344988344988344,0.7984459984459983,1.0,-0.1957132657498457,-0.0143335366524113,0.1716351567325284,0.7305153100589271,0.7230546614167346,0.8016992708494454
Kpna4,0.0003108003108003,0.0135184698402608,0.1149164463964125,0.2494982225128729,0.4398201875808576,0.960203893280255,0.5405139227864755,0.7309448647292676,0.7073944573944543
Pdcd10,0.0829815011561465,0.5632366271431426,1.0,-0.3551910517301961,-0.0698486751935965,0.1347492937868681,0.6493873612750805,0.6203600476023208,0.7801472889302248
Rapgef2,0.0820111835222406,0.4004675495719816,0.959129759129759,-0.7476054438904742,-0.3305021440345567,-0.0283377770540553,0.7993690473894506,0.634562178090048,0.7801472889302248
Fnip2,0.0785934912071024,0.5176341185833455,1.0,-1.1804276087426389,1.0986452763961312,29.029931280239985,0.2071921843785535,0.4169503190891042,0.7801472889302248
Tlr2,0.0036194871540827,0.0129063396350218,0.0621104744239398,-29.75102240751403,-2.626688136661894,-0.9550572750349084,0.8378166015634788,0.1145341639348662,0.7073944573944543
Rps3a1,0.5053613053613053,0.8784770784770783,1.0,-0.0463815824788985,-1.619220491549978e-05,0.0532145042579277,2.7068280620069647,2.709851817215817,0.8784770784770783
Etv3,0.1048951048951048,0.5737373737373737,1.0,-0.1013598205585128,0.0679341393598348,0.2583334696849307,1.1864856703725,1.2385527573810236,0.7801472889302248
Hdgf,0.0513140358308789,0.2444968573844136,0.7013081170839396,0.07925670392746,1.2187809287243934,29.251235036673243,0.2490083628948107,0.5651098897301172,0.7801472889302248
Mef2d,0.2619562016970459,0.73646832843217,1.0,-28.83300773785321,-1.9067426991013063,1.847703519503797,0.3089908030049835,0.0956797034091505,0.7945014800159432
Glmp,0.2619562016970459,0.7723374412927804,1.0,-27.85702019990008,0.0304468455054178,28.559812736713223,0.214075062281714,0.201890830848571,0.8016992708494454
Sema4a,0.0667792049996952,0.5418862439359913,1.0,-28.92313253252869,-1.2453306296462665,26.787983700797685,0.3662738189364011,0.1158741639200872,0.7801472889302248
Lmna,0.0003108003108003,0.0104118104118104,0.1311344211344204,-0.7836813022911165,-0.430189020803725,-0.1722941650219707,1.0739706178584074,0.7998276197685505,0.6907835753989593
Lamtor2,0.2786324786324786,0.7209013209013208,1.0,-0.1728518359873614,-0.0454236858952038,0.0915617995589348,0.8782838816121629,0.8530604832675626,0.7801472889302248
Arhgef2,0.0902981419300414,0.6339972307873878,1.0,-0.7221624529387342,0.0651626163127977,1.0579462079277206,0.4954404769222791,0.511539963086832,0.7801472889302248
Krtcap2,0.0829836829836829,0.6453768453768453,1.0,-0.2645764660048994,-0.0311253509720503,0.1875081109954822,0.7193491708817781,0.7034945132865476,0.7801472889302248
Dpm3,0.0376442906310159,0.2597440090853888,0.8292484591829462,-0.3277746403301635,1.645044987256735,28.94297865200081,0.1287958201896267,0.409046176860854,0.7801472889302248
Ubap2l,0.0018648018648018,0.0649572649572649,0.4418026418026417,-0.4736108524120054,-0.2390605964031432,-0.0617515084621313,0.7636890669681045,0.6461454519769889,0.7801472889302248
Tpm3,0.1048951048951048,0.3822843822843822,0.8784770784770783,-0.1783931804270423,-0.0952870807012864,0.0007205833392967,1.4675828796003865,1.373776490537194,0.7801472889302248
Rps27,0.3822843822843822,0.7984459984459983,1.0,-0.0139954940275167,0.0416824784197123,0.0897085603417703,3.108380850198265,3.2070887180723826,0.8016992708494454
Jtb,0.0310325195001449,0.2976405854092169,0.956284952863831,-0.4506140400704703,2.555406661321352,28.944429111197277,0.0855183463591022,0.3505988758831282,0.7801472889302248
S100a1,0.1825692954120889,0.7111541697294341,1.0,-1.8436925195187024,-0.1087238474744234,0.610301095568421,0.5259480385184991,0.4772040285012631,0.7801472889302248
S100a13,0.1687882556393265,0.7111541697294341,1.0,-0.4530923577327883,0.0319838620886758,0.3718761974914136,0.563015285397203,0.5705111199499849,0.7801472889302248
S100a11,0.1948717948717948,0.7209013209013208,1.0,-0.2194886364311252,0.0774226890271942,0.3832707336195914,0.7823491159350062,0.8244138902673057,0.7801472889302248
Psmb4,0.1297435897435897,0.5053613053613053,1.0,-0.2320962259663858,-0.0601777288867485,0.066263226915432,0.9664551773814942,0.9253957177408676,0.7801472889302248
Psmd4,0.1303807303807303,0.6362542681663956,1.0,-0.1541390847926083,0.1037423798391975,0.2772361489737712,0.6238945975509631,0.6681417873704045,0.7801472889302248
Ctss,0.1303807303807303,0.5737373737373737,1.0,-0.0521976696297703,-0.0260898659426151,0.0050146112470262,3.273706939256888,3.2118862291720114,0.7801472889302248
Ensa,0.0946411198588863,0.5677499551957851,1.0,-1.0450807267421427,0.7161655311650538,28.943127256411216,0.2554088025630687,0.4747811295146336,0.7801472889302248
Mcl1,0.0046620046620046,0.1303807303807303,0.8784770784770783,-0.1293035710464703,-0.0547340714353875,0.0185439661342782,2.25256170350606,2.169492019448085,0.7801472889302248
Mrps21,0.0719221631424029,0.5737373737373737,1.0,-0.3441603054508313,0.1355145641779672,0.8630201898330755,0.5259410198795372,0.5800412533514655,0.7801472889302248
BC028528,0.1179173600517424,0.6599336073634912,1.0,-28.645103316205404,-0.3719819457359076,27.538277862751247,0.377164393259914,0.3184048375175941,0.7801472889302248
Aph1a,0.1826944712149479,0.634751893940661,1.0,-1.1717011917987965,0.493466781452861,28.87136360699559,0.2793323372534255,0.4682968064957338,0.7801472889302248
Plekho1,0.0206682206682206,0.0649572649572649,0.2344988344988344,0.2961342885977862,0.5086304845280205,0.6903775477223649,0.5935915605787955,0.8418371246829065,0.7801472889302248
Rbm8a,0.183219514285975,0.7090730856847203,1.0,-28.159766811525177,0.0553084809718227,28.32378820309847,0.2072228496440715,0.2135884739801187,0.7801472889302248
Tent5c,0.0116259193851638,0.1948717948717948,0.8784770784770783,0.0372196924151946,0.3227875862757901,0.5697304551976426,0.6941899683595217,0.870215262459217,0.7801472889302248
Atp1a1,0.0046620046620046,0.1303807303807303,0.7209013209013208,-0.40762637160476,-0.1829369246882786,-0.0173450239851176,0.908967666610665,0.798229359077095,0.7801472889302248
Csde1,0.0281274281274281,0.3282051282051281,0.959129759129759,-0.1908025421679752,-0.0646782556369715,0.0496922275013021,1.22711165312898,1.17398137262562,0.7801472889302248
Bcas2,0.2619562016970459,0.7479383313388265,1.0,-28.356119938055414,-0.514255823178003,27.8169621101922,0.1801761681546647,0.0989907303536672,0.7993396428180808
Capza1,0.3282051282051281,0.7984459984459983,1.0,-0.2245218321913266,0.0155953430918149,0.2560609458065143,0.6497669030864999,0.6543200630491838,0.8016992708494454
Rap1a,0.0281274281274281,0.3822843822843822,1.0,-0.029448976743315,0.054012721164527,0.1587247945358549,1.4453245387890774,1.5005018238917511,0.7801472889302248
Atp5f1,0.1605283605283605,0.6453768453768453,1.0,-0.0973860718169864,0.012945018940447,0.1279734680891191,1.185590999919375,1.1936541763187212,0.7801472889302248
Cd53,0.1948717948717948,0.6453768453768453,1.0,-0.1473330081502782,0.0142738923274356,0.1658906372323146,1.2626195560156823,1.2710460638792462,0.7801472889302248
Psma5,0.3709906942098721,0.7984459984459983,1.0,-0.2805662497592531,-0.0618055407469259,0.0877221375690292,0.6940712913800406,0.6673735541967722,0.8016992708494454
Stxbp3,0.0649572649572649,0.5737373737373737,1.0,-0.378674948504335,-0.1056395652731227,0.0978174965968441,0.5865101220128426,0.5485311345721624,0.7801472889302248
Prpf38b,0.0498834498834498,0.4418026418026417,1.0,-0.0544130689469475,0.0840262617923951,0.2456489491779815,0.900138403808318,0.954012226885405,0.7801472889302248
Vcam1,0.1605283605283605,0.6453768453768453,1.0,-0.3512200839613084,-0.0984988379960707,0.1607873960442486,1.7523520747566002,1.6421867907481276,0.7801472889302248
1810037I17Rik,0.1948717948717948,0.7209013209013208,1.0,-0.1593173109891698,0.0829761943601574,0.2582160135935085,0.8199113433770835,0.8651281741403231,0.7801472889302248
Snhg8,0.0403587536690418,0.3716774469130736,1.0,-0.1076424603811756,0.1539115543872828,0.4490669433223107,0.5724269928208188,0.6416876162104068,0.7801472889302248
Camk2d,0.009862424592123,0.1221757823939265,0.6339972307873878,-1.7358253881486003,-0.5135137828279397,-0.151218987818483,0.6030709512174297,0.4260525009360222,0.7801472889302248
Ostc,0.0379176379176379,0.3282051282051281,1.0,-0.4499454165723511,-0.1474411050278099,0.0821578904755055,0.6163830663345152,0.5584869330836635,0.7801472889302248
Rpl34,0.2344988344988344,0.7209013209013208,1.0,-0.0348042156303139,0.0071958770449696,0.0438385074874303,3.06615423861769,3.0796335161207447,0.7801472889302248
Aimp1,0.1774702543186136,0.6314395816467896,1.0,-1.2396953092317018,0.4821014131957539,3.0687363227250897,0.2689435255094862,0.4412855562611277,0.7801472889302248
Tet2,0.1266856129229834,0.6741981971505068,1.0,-1.0327215716417824,-0.1023734328341747,0.2270888983324431,0.5479949223383408,0.5119525809990415,0.7801472889302248
Cisd2,0.138855863107365,0.4883708485316103,1.0,-29.05073046917933,-1.2583640453622973,0.1068659309259744,0.5161006046560508,0.20503373399157,0.7801472889302248
Ube2d3,0.2344988344988344,0.7209013209013208,1.0,-0.1260760293920575,-0.0287688651187329,0.0729698211136653,1.5413297009908449,1.5165250931594425,0.7801472889302248
Nfkb1,0.0379176379176379,0.1948717948717948,0.5053613053613053,-0.4867739253355914,-0.33431758085017,-0.1781262279647272,1.3192463786356488,1.0470278984827075,0.7801472889302248
Ppp3ca,0.0069930069930069,0.2786324786324786,0.959129759129759,-0.630346535145025,-0.2214551933075643,0.0212106182803085,0.6307303122979628,0.5405186902865139,0.7801472889302248
H2afz,0.0069930069930069,0.0281274281274281,0.1948717948717948,0.068517712295647,0.1353736332399432,0.210409455933121,2.285194788962867,2.510294015397955,0.7801472889302248
Dnajb14,0.2687359373937462,0.7898534698691263,1.0,-2.076380665522209,-0.1480389455375299,0.5056089093819698,0.5081021768258167,0.4391407614128967,0.8016992708494454
Eif4e,0.0498834498834498,0.2344988344988344,0.7209013209013208,-0.5184621126804141,-0.2029473737877974,0.0928770646592341,1.24262026649195,1.0741204670143876,0.7801472889302248
Gbp7,0.0307142744211515,0.239497845941624,0.9141283452014198,-2.189548659813222,-0.4222800547354293,0.0941278931819211,0.6243791441069377,0.4725864635402158,0.7801472889302248
Lmo4,0.0069930069930069,0.0513398264234592,0.2344988344988344,-1.0608398928117464,-0.6086904363423569,-0.3405242465587336,0.9586276252470398,0.6256558410452417,0.7801472889302248
Selenof,0.0029526029526029,0.1948717948717948,0.959129759129759,-0.1906095514842114,-0.1097750277655644,0.0095415631883614,1.0951889510541477,1.014896553538795,0.7801472889302248
Sh3glb1,0.0649572649572649,0.3282051282051281,0.959129759129759,-0.0256175456752227,0.043796720637408,0.0999536375189815,1.74285754687575,1.79830627366984,0.7801472889302248
Bcl10,0.0498834498834498,0.5053613053613053,1.0,-0.2907605377953636,-0.0774923786979958,0.0849162575854736,0.6243024123859146,0.5881762084317075,0.7801472889302248
Gng5,0.0206682206682206,0.3282051282051281,0.959129759129759,-0.0877149413329188,-0.038261273193644,0.0176206421395153,2.0255541216288826,1.974507719616741,0.7801472889302248
Fubp1,0.0180440947460136,0.1275273133578452,0.6751527823269899,0.098063009896931,0.4719670539802985,1.4834759889409666,0.5292164950906852,0.7350715635766137,0.7801472889302248
Srsf11,0.0649572649572649,0.5053613053613053,1.0,-0.0614916481466562,0.1224158224809922,0.3038605777125437,0.8509845515684878,0.923050045251494,0.7801472889302248
Lyn,0.1948717948717948,0.6453768453768453,1.0,-0.0938498457079772,-0.0101581665474546,0.066882017673345,1.5305534606239326,1.5220419858359076,0.7801472889302248
Rps20,0.0498834498834498,0.3822843822843822,0.959129759129759,-0.004022456272224,0.0271373879476389,0.0529472517301808,3.5376249681019702,3.6019117974286097,0.7801472889302248
Sdcbp,0.0206682206682206,0.2344988344988344,0.6472649572649555,-0.1337926421314452,-0.0737332059993045,-0.0215046345414757,1.79836072810416,1.7093953113417824,0.7801472889302248
Rab2a,0.1948717948717948,0.5737373737373737,1.0,-0.2097925770742699,-0.0761766140174328,0.098363715814019,0.878804872113386,0.8302001403103015,0.7801472889302248
Chd7,0.0946411198588863,0.3112018520843261,0.9141283452014198,-0.4968026379810182,0.7246352121566636,28.77728762630733,0.3247898028940749,0.5294589126851043,0.7801472889302248
Asph,0.1826944712149479,0.6314395816467896,1.0,-2.7837653538968783,-0.6727095568041608,0.1642513112446273,0.5404944646091535,0.332539569504283,0.7801472889302248
Pnrc1,0.0146542346542346,0.1048951048951048,0.4418026418026417,-0.3659626515047922,-0.214070866163607,-0.0757514237173605,1.2254034594441898,1.0586759276036162,0.7801472889302248
Ndufb6,0.2250942853510419,0.73646832843217,1.0,-27.796724555524214,0.4004417259987942,28.33091240819206,0.1120920113382922,0.1158741639200872,0.7945014800159432
Dnaja1,0.1048951048951048,0.7209013209013208,1.0,-0.2874693007504489,-0.1058437466507247,0.0669955879074041,0.894736563589671,0.8309589640399591,0.7801472889302248
Bag1,0.1948717948717948,0.7209013209013208,1.0,-0.2378332027674259,-0.0342296131639395,0.168639763234887,0.7363238875857397,0.714817128416675,0.7801472889302248
Dctn3,0.0889959591373168,0.4883708485316103,1.0,-1.5251971207964932,0.5372910997157614,28.78596987175787,0.244205006906855,0.4001702605964095,0.7801472889302248
Vcp,0.0498834498834498,0.4418026418026417,1.0,-0.2854162137485009,-0.0641112343674427,0.0943645463886674,0.9357877547509784,0.8933986412701025,0.7801472889302248
Cd72,0.0984722781285988,0.397321419035571,0.957492737513927,-1.662469852955314,-0.5637566611296049,0.1183641426874888,0.6886767987045788,0.4954111024027305,0.7801472889302248
Tln1,0.0649572649572649,0.3282051282051281,0.959129759129759,-0.0074641840682833,0.1104695192807723,0.1983706109232574,1.4049530691750187,1.5185160329890426,0.7801472889302248
Clta,0.0206682206682206,0.1948717948717948,0.8784770784770783,-0.1820042833695927,-0.10943091778496,-0.0237543612049728,1.7153839570554987,1.5889940278136865,0.7801472889302248
Anp32b,0.0379176379176379,0.3282051282051281,0.959129759129759,-0.111279520941592,0.1027660219252002,0.3017319120669361,0.8420332151270667,0.8967214203596603,0.7801472889302248
Tgfbr1,0.4305578876446536,0.8747345961020656,1.0,-0.1822862732018187,0.0765291625453209,0.3227579980410263,0.7993593575524317,0.8420426243687585,0.8772774292302692
Sec61b,0.0069930069930069,0.0649572649572649,0.4418026418026417,0.1012542899263519,0.2800090684007333,0.4350072627649389,1.5064464042186825,1.830947891948003,0.7801472889302248
Nr4a3,0.0828964098822239,0.4945189922275712,1.0,-0.6562193740851485,-0.0891091885703963,0.2342312229397227,0.7741317060659515,0.7355680538727085,0.7801472889302248
Abca1,0.0147630147630147,0.2344988344988344,0.959129759129759,-0.279721843778246,-0.1103274105719136,0.0295542957511444,1.331573580851506,1.2325661991858698,0.7801472889302248
Rad23b,0.11250638569044,0.5967990595834041,1.0,-0.5490270668488565,0.0706123114387673,0.6745704694182915,0.5135794900629277,0.5405964933659491,0.7801472889302248
Klf4,0.0008598969101507,0.0090090961446315,0.0844690322532518,-29.63645738245497,-3.0614241545952696,-1.0320167611451123,0.7768589200247352,0.0957576094818935,0.6907835753989593
Txn1,0.1605283605283605,0.7209013209013208,1.0,-0.0596444769346125,0.0181111625129059,0.0892068689482269,1.750834996697325,1.7747995157880223,0.7801472889302248
Gng10,0.0280203732959912,0.1948717948717948,0.7209013209013208,-0.4891513637501252,-0.2554256448495338,-0.0319736750260853,0.8869146988082582,0.7412256631827367,0.7801472889302248
Ptbp3,0.1303807303807303,0.5737373737373737,1.0,-0.0737670493239459,0.0509236129962569,0.171313229081814,1.0851205692687989,1.1247569955765666,0.7801472889302248
Slc31a2,0.1384465972897402,0.6246347736881842,1.0,-28.434259164532644,0.0,28.3466861357714,0.1331686326880572,0.1104532279786527,0.7801472889302248
Atp6v1g1,0.2786324786324786,0.7984459984459983,1.0,-0.0474620777939388,0.0203713095145624,0.0793757660270881,1.6404861708300162,1.6654944008675177,0.8016992708494454
Plin2,0.0205205905205905,0.3282051282051281,0.959129759129759,-0.0703407898843806,0.2337234123883128,0.4744476927813898,0.721993692333978,0.8545072480442722,0.7801472889302248
Rps6,0.2344988344988344,0.7984459984459983,1.0,-0.0636068019753915,-0.0183139432953597,0.0422808018194947,2.537919449530504,2.5055109221826424,0.8016992708494454
Jak1,0.0649572649572649,0.5053613053613053,1.0,-0.0289038657583159,0.1270870117319913,0.3021509537462343,0.8482893820641049,0.9307420828722992,0.7801472889302248
Leprot,0.065257976057863,0.430047366354045,1.0,-2.0087508211547096,0.4900950360060023,28.745054549386477,0.2228478993172026,0.376141098318284,0.7801472889302248
Pde4b,0.0001554001554001,0.0029526029526029,0.0379176379176379,-0.492881935640569,-0.3709339868734401,-0.2358837389646824,1.31956352839966,1.0170232411222504,0.6907835753989593
Mier1,0.0376442906310159,0.3148402731431644,0.957810850422856,-28.87372165085206,-0.9946854352202028,0.081272798910807,0.4899712617513435,0.2323902300614277,0.7801472889302248
Tmem59,0.0649572649572649,0.3822843822843822,0.959129759129759,-0.0557574603497648,0.0654147074328189,0.1868971798148767,0.8881521708368996,0.9328892283628109,0.7801472889302248
Scp2,0.0147630147630147,0.3282051282051281,0.959129759129759,-0.2010013368465763,-0.0892548976964547,0.031654463574979,1.042346854959424,0.9768088111293116,0.7801472889302248
Tut4,0.1606432843974674,0.6945980769823016,1.0,-28.569708954988425,-0.2237521493321294,28.07209551964933,0.2127562115382039,0.1697766228056682,0.7801472889302248
Nrd1,0.0649572649572649,0.5737373737373737,1.0,-0.2619277941004841,-0.0427956958103781,0.1493128120483451,0.7154984602670362,0.691784099402122,0.7801472889302248
Cmpk1,0.0825330225330225,0.5737373737373737,1.0,-0.2825699020918774,-0.0232439510035827,0.2221643540151067,0.8102203712837829,0.7964359402117026,0.7801472889302248
Uqcrh,0.0281274281274281,0.1303807303807303,0.5737373737373737,0.048793326413728,0.1017988244299806,0.1666211842291845,1.7910396320902024,1.9197558554701224,0.7801472889302248
Akr1a1,0.0281274281274281,0.3822843822843822,0.959129759129759,-0.1424207150240561,-0.0497131280699747,0.0384442617643056,1.501381309730777,1.455117689049675,0.7801472889302248
Prdx1,0.0498834498834498,0.5053613053613053,1.0,-0.1069204172611264,-0.0310229500472314,0.0428456444871432,1.73920815253638,1.7014812726084865,0.7801472889302248
Rps8,0.1948717948717948,0.7209013209013208,1.0,-0.0251726297927423,0.0078859874391301,0.0427480911390133,3.46002741264108,3.481669816507011,0.7801472889302248
Atp6v0b,0.0069930069930069,0.1303807303807303,0.7984459984459983,-0.0043660443847608,0.08409560122772,0.1805158911012666,1.6317771443168274,1.727673819853145,0.7801472889302248
Slc2a1,0.1479470225102861,0.6854434826775221,1.0,-28.05066944592803,0.0025609326503032,28.354923847309557,0.138609212163163,0.206156876643488,0.7801472889302248
Svbp,0.0281274281274281,0.3822843822843822,0.959129759129759,-0.1798475321404722,0.209212971477983,0.5367105415376694,0.8119492911379103,0.9474010722616116,0.7801472889302248
Ybx1,0.1605283605283605,0.5737373737373737,1.0,-0.089558992346264,-0.0294977117391491,0.0228066971315049,2.24923749570127,2.2065951068356924,0.7801472889302248
Smap2,0.1454638334839635,0.672143970444527,1.0,-2.1257102766333857,0.1349839496390298,28.438534488179823,0.3530556271023392,0.3711928117803857,0.7801472889302248
Ppt1,0.0281274281274281,0.2786324786324786,0.959129759129759,0.0063937002328045,0.1428751515896578,0.2549237933355272,0.9004753234632122,1.0000442920008414,0.7801472889302248
Cap1,0.2344988344988344,0.7209013209013208,1.0,-0.1572168440150712,0.0561308587140253,0.2015889700670633,0.9365080909784662,0.9793414136607042,0.7801472889302248
Macf1,0.1605283605283605,0.7209013209013208,1.0,-0.193700915230636,0.051974663488184,0.2223628187621384,0.8459202862114423,0.881009721596952,0.7801472889302248
Ndufs5,0.1605283605283605,0.6932899006801865,1.0,-0.1519296585103288,0.007205474999907,0.1855459402341457,0.6416455365434652,0.6444937649527022,0.7801472889302248
Akirin1,0.0652558332244787,0.5632366271431426,1.0,-2.212754710925068,-0.1779389550973986,0.2918888221565697,0.5294629360233195,0.4648884279032035,0.7801472889302248
Rragc,0.1025458809789091,0.5737373737373737,1.0,-0.133190417364486,0.1297481499862372,0.353769291949011,0.5533499798225963,0.6081336320555379,0.7801472889302248
Zc3h12a,0.0649572649572649,0.3822843822843822,0.959129759129759,-0.407719792586342,-0.1285189724298524,0.0899908654870812,0.9723893895225671,0.8916275707207253,0.7801472889302248
Stk40,0.044406322145509,0.3148402731431644,0.8748281581614409,-0.3821068001442279,0.3353652440407807,1.5353101142267458,0.4539224021557204,0.5693641898876782,0.7801472889302248
Thrap3,0.1947234362000748,0.7209013209013208,1.0,-0.6435589040961766,0.0544038194257082,0.3474544218254453,0.5495634183633561,0.5761992762331409,0.7801472889302248
Map7d1,0.0649572649572649,0.5053613053613053,1.0,-0.0751505837695945,0.1216825508835907,0.3251996071592485,0.6684296139928061,0.7274382382366642,0.7801472889302248
Psmb2,0.0206682206682206,0.3282051282051281,0.959129759129759,-0.2813927548463453,-0.128831783366986,0.0347748258966386,0.8976005829802476,0.8183538060526275,0.7801472889302248
Sfpq,0.2775291375291375,0.7209013209013208,1.0,-0.1676478024856128,0.0300729112561161,0.229800396246531,0.8440210014792987,0.8612417870301086,0.7801472889302248
Ak2,0.0069930069930069,0.1303807303807303,0.7131872832870052,0.1093840658320137,0.3910057967682624,0.725053581529067,0.5298597985068497,0.6906982565602,0.7801472889302248
Rnf19b,0.0829836829836829,0.5737373737373737,1.0,-0.1216829883799962,0.1382985645854481,0.4190155455005728,0.9099752195551104,1.0051188050364397,0.7801472889302248
Rbbp4,0.0310273967484435,0.2496751994882275,0.8729594252880423,-0.4380163511808756,1.8677107219174385,29.11740940263183,0.1232261605692352,0.4448160865958353,0.7801472889302248
Marcksl1,0.0069930069930069,0.0649572649572649,0.1948717948717948,-0.6544128535829856,-0.4794510181922844,-0.3304255330917062,1.3373508535872425,0.9602824843153004,0.7801472889302248
Eif3i,0.0827588565892864,0.5737373737373737,1.0,-0.1172260354103111,0.0574662859783577,0.2971302006331381,0.634633546574224,0.6601644187439974,0.7801472889302248
Tmem234,0.0029526029526029,0.0379176379176379,0.3282051282051281,0.1075675872974846,0.3358079986015352,0.5496763176776276,0.7127317921177015,0.901397388744897,0.7801472889302248
Khdrbs1,0.01495601585062,0.1266856129229834,0.7123816042098661,-1.336068153570543,-0.3506376161340161,-0.0503976167287191,0.6704814910226833,0.5313081134443082,0.7801472889302248
Ptp4a2,0.0006216006216006,0.0379176379176379,0.4418026418026417,0.0107861033748193,0.0904493664702129,0.187446003783641,1.4825517927257574,1.5803641154210488,0.7801472889302248
Sdc3,0.039099715658779,0.3706183398171955,1.0,-28.518596091560678,-0.5643598243284886,0.5491083409343956,0.5445293529257871,0.3700341017822196,0.7801472889302248
Laptm5,0.0069930069930069,0.1948717948717948,0.8784770784770783,0.000216448082893,0.0383809493018334,0.074317779214181,2.4744635722233523,2.5419168333704603,0.7801472889302248
Epb41,0.0164620142375873,0.2073914000366514,0.957492737513927,-0.2475284125375846,0.7142245593209268,29.079314956404176,0.331537227335542,0.527269206569186,0.7801472889302248
Atpif1,0.0046620046620046,0.1303807303807303,0.5737373737373737,-0.1960149075726225,-0.1104257395015602,-0.0291212509406964,1.4338659176684123,1.327409688960021,0.7801472889302248
Dnajc8,0.0281274281274281,0.2786324786324786,0.959129759129759,-0.0108149993010244,0.209899349531576,0.460591605648284,0.6301899247197195,0.7243931758374076,0.7801472889302248
Ptafr,0.0829836829836829,0.4418026418026417,1.0,-0.0173659213622623,0.1379999370956169,0.2897261008664246,1.1242098267064011,1.2393175827939371,0.7801472889302248
Fam76a,0.1550343725091923,0.6662276454096188,1.0,-1.2901079191694975,-0.2329137221603408,0.3305605277614673,0.5302850326240914,0.4427807931210107,0.7801472889302248
Wasf2,0.1048554265260114,0.5623719669710694,1.0,-0.1634258272890147,0.0804544488472551,0.3582009304617446,0.65503612895021,0.6934023131814245,0.7801472889302248
Cd52,0.1605283605283605,0.7209013209013208,1.0,-0.0313237034585475,0.0058578686423436,0.0398822975407847,2.72321158905901,2.7364009581021937,0.7801472889302248
Sh3bgrl3,0.1303807303807303,0.683139083139083,1.0,-0.0828012730879096,0.0043656062363829,0.1038397582343417,1.606118680827755,1.6115297397021475,0.7801472889302248
Tmem50a,0.0147630147630147,0.1605283605283605,0.7984459984459983,-0.4445755296198663,-0.2395248470702878,-0.0210235693228095,1.0137095549391644,0.8547880258473259,0.7801472889302248
Rsrp1,0.0829836829836829,0.3282051282051281,0.8784770784770783,-0.0231237289276405,0.2318272904205877,0.467647733299712,0.7647008050721985,0.8969864288786578,0.7801472889302248
Syf2,0.0288663193874748,0.3648813140419181,1.0,-0.7609009105725874,0.866058450659525,28.93231123772462,0.2378951729892921,0.4499149444668048,0.7801472889302248
Runx3,0.0498834498834498,0.1605283605283605,0.5053613053613053,0.0693215590182957,0.1703335002533429,0.2580246586733507,1.591781845263804,1.7938350346967575,0.7801472889302248
Clic4,0.0829836829836829,0.5053613053613053,1.0,-0.181249991871637,-0.048296842377206,0.0499125507868657,1.27348773123055,1.2334709350563338,0.7801472889302248
Srrm1,0.0829836829836829,0.5737373737373737,1.0,-0.0712161204192768,0.068709102945613,0.2134866373307848,1.0277822810572073,1.0722182151522313,0.7801472889302248
Fuca1,0.1948717948717948,0.7209013209013208,1.0,-0.1574083456227586,0.0384918607184647,0.1794419349890443,1.1166425305588148,1.1520478647783947,0.7801472889302248
Rpl11,0.2344988344988344,0.7209013209013208,1.0,-0.0471991927395166,0.0054532910300421,0.0554634081754098,2.9267770188214817,2.9400125646352664,0.7801472889302248
C1qb,0.0104118104118104,0.1605283605283605,0.7984459984459983,-0.0609756105984241,-0.0358103344662913,-0.0103208976523688,3.8684947836096377,3.7696931256145776,0.7801472889302248
C1qc,0.2335081585081585,0.7209013209013208,1.0,-0.0411823738773939,-0.0044553508871484,0.0336398325477725,3.4400744070757376,3.42639001328354,0.7801472889302248
C1qa,0.2344988344988344,0.7209013209013208,1.0,-0.0259450289940839,-0.004466843342988,0.0210644872072021,3.890335681418045,3.876677128610255,0.7801472889302248
Cdc42,0.0069930069930069,0.0829836829836829,0.5053613053613053,-0.1652153254334399,-0.1042989363179471,-0.0341980828746136,1.99370966286057,1.85789991505583,0.7801472889302248
Eif4g3,0.2268047955085498,0.7525377274994569,1.0,-0.8512465931451643,-0.0049425384521191,0.3750796361235287,0.5677502069614653,0.5707097954666505,0.7993396428180808
Hp1bp3,0.2236234260763643,0.7090730856847203,1.0,-28.31973585781336,-0.2721074968961472,28.316783901205444,0.3216588490524733,0.2303329409346088,0.7801472889302248
Ddost,0.0228962901495174,0.2630105719268568,0.8739030607634299,-2.5993528780362785,-0.4563339412269698,0.0173370964737543,0.5736213890271814,0.3972766929493009,0.7801472889302248
Micos10,0.0379176379176379,0.3822843822843822,0.959129759129759,-0.2198299337183857,-0.1063577434889067,0.0186298811449556,1.124324753351693,1.0449459675334287,0.7801472889302248
Capzb,0.1303807303807303,0.7209013209013208,1.0,-0.0770021430186171,0.0199239818288424,0.1085765550091861,1.4332303710947387,1.4544677672901225,0.7801472889302248
Sdhb,0.0379176379176379,0.5053613053613053,1.0,-0.2166050962947941,-0.0523895997969792,0.0926535112849066,0.7329418390550231,0.7091383798177395,0.7801472889302248
Atp13a2,0.1119097370670114,0.483357294887874,1.0,-1.0498677180263607,0.7533942944585676,28.963352978195168,0.2380448346652849,0.4441602987594757,0.7801472889302248
Necap2,0.1249279148519578,0.6662276454096188,1.0,-26.96986626673435,-0.2189729036590477,28.33414798779189,0.3134158109981882,0.2884929314338809,0.7801472889302248
Efhd2,0.0379176379176379,0.2344988344988344,0.8784770784770783,-0.1057097599715473,-0.0500817152909975,-0.000919273270351,2.000828008253488,1.9335110504261317,0.7801472889302248
Dhrs3,0.11250638569044,0.5980202877095376,1.0,-2.295917609616525,-0.4226295656805188,0.7170125269484223,0.5231048066084947,0.3740944407816577,0.7801472889302248
Tnfrsf1b,0.1605283605283605,0.7209013209013208,1.0,-0.1769543906823102,0.0153383266871108,0.2018669372854577,0.7575844738320157,0.7634130417015178,0.7801472889302248
Eno1,0.0095247309527959,0.0946411198588863,0.5577900914225697,-29.060917711355163,-1.240680602691301,-0.0957334365059826,0.5339353341357811,0.2240166710560292,0.7801472889302248
Park7,0.0829836829836829,0.5737373737373737,1.0,-0.2326137028380458,0.0696274658322684,0.3841073209004112,0.6859829726963,0.7171922074761625,0.7801472889302248
Rpl22,0.1048951048951048,0.5053613053613053,1.0,-0.0108369188428345,0.029834048376921,0.0660689430080824,2.487227228757005,2.5394021489623,0.7801472889302248
Rer1,0.1048951048951048,0.6453768453768453,1.0,-0.2989601585624165,-0.0272015712616783,0.2378323527424541,0.597348231441533,0.5893321705865233,0.7801472889302248
Gnb1,0.1948717948717948,0.7209013209013208,1.0,-0.1234294479574416,-0.0082237892119902,0.1057583335908388,1.074344867432875,1.0683685774679574,0.7801472889302248
Nadk,0.0521938356417137,0.4883708485316103,1.0,-28.954225709544588,-0.706782556157409,26.321320086134115,0.3888304662342177,0.2304083278549535,0.7801472889302248
Cdk11b,0.1454638334839635,0.7011912626598479,1.0,-1.6344786090978871,0.0299643792209622,2.3507473284101588,0.3576800033405587,0.369622980913418,0.7801472889302248
Ssu72,0.039099715658779,0.3169975086812533,0.9580006439768992,-29.097727393590063,-1.0323956587549614,0.0417645304468222,0.5579575001716324,0.2677686205559355,0.7801472889302248
Mrpl20,0.0703694842059654,0.5092691688785229,1.0,-28.863793351550992,-0.664343649567344,0.9874697616112844,0.4415212089944813,0.2304083278549535,0.7801472889302248
Aurkaip1,0.1607729763491629,0.6314395816467896,1.0,-28.933860373779517,-1.762755525462718,2.8416486977070905,0.4301495066629313,0.083898638411943,0.7801472889302248
Sdf4,0.0104118104118104,0.1048951048951048,0.5755283605283589,0.0452266960391259,0.2107595082964769,0.3736709319859156,0.6340850134309906,0.7304140275950655,0.7801472889302248
Isg15,0.049646897295879,0.3706183398171955,0.959129759129759,-0.533588797089702,-0.255585198404477,0.0915832269175531,0.837770797841396,0.6897954792471733,0.7801472889302248
Sri,0.0046620046620046,0.1048951048951048,0.5737373737373737,0.0709051552613087,0.1606063688202242,0.2754510586834628,0.900114201092557,1.0071007369967435,0.7801472889302248
Fgl2,0.1303807303807303,0.7209013209013208,1.0,-0.082495238288621,0.0494851255507697,0.174577074367572,1.4282932884797277,1.4825738237661374,0.7801472889302248
Kmt2e,0.0942572866723539,0.6025243523612969,1.0,-28.692400634855268,-0.8486887497010643,27.786522010202635,0.2227389626459082,0.1114139404542762,0.7801472889302248
Tomm7,0.1605283605283605,0.6453768453768453,1.0,-0.1102933775895236,0.0246381786044505,0.1430429085233852,1.2216488008508724,1.2397754586013223,0.7801472889302248
Rheb,0.0498834498834498,0.2697960790058185,0.7984459984459983,-0.398887593310895,-0.2223889330437526,-0.0428418161368071,0.784687446344027,0.6740735179504656,0.7801472889302248
Dnajb6,0.0829836829836829,0.5053613053613053,1.0,-0.0496211560745408,0.0545845222104925,0.1666284748093183,1.2595584856064024,1.3059638566443377,0.7801472889302248
Slc35f6,0.1823521106301157,0.7111541697294341,1.0,-2.234001578913944,-0.2602369446376376,0.6244676736249057,0.5039831256711422,0.3990613369440114,0.7801472889302248
Ost4,0.2344988344988344,0.6453768453768453,1.0,-0.2126654301004979,-0.0902837112595327,0.0463712467519584,1.0640602128747298,0.995814831043038,0.7801472889302248
Mrpl33,0.0001554001554001,0.0206682206682206,0.2344988344988344,-0.5338375980177993,-0.3285872823179451,-0.1621043018303649,0.989228275556846,0.782722736247955,0.7801472889302248
Fosl2,0.0206682206682206,0.2786324786324786,0.959129759129759,-0.2509045728336938,-0.1006104619029274,0.0377355415236969,0.8973623900073312,0.8389920831314818,0.7801472889302248
Ppp1cb,0.1479292814162472,0.6217687412649331,1.0,-28.2916199708481,-0.4145171062850854,27.60021109032884,0.1055963788159765,0.0792258561832072,0.7801472889302248
Ywhah,0.0147630147630147,0.2786324786324786,0.959129759129759,-0.4354816848986362,-0.2049981502762211,0.0006809700815722,0.8879961661667659,0.7668726443507115,0.7801472889302248
Rnf4,0.11250638569044,0.7011912626598479,1.0,-1.88877306990612,0.2042641616990611,28.566986910846254,0.3112550563367,0.367620225881057,0.7801472889302248
Lrpap1,0.2786324786324786,0.7525377274994569,1.0,-0.5243674982318604,-0.0162301148043524,0.3134274571986423,0.6417371560860209,0.634386009626416,0.7993396428180808
Mrfap1,0.1048951048951048,0.5737373737373737,1.0,-0.2640760322967889,-0.082827548268182,0.0936451727761313,0.8564112292021002,0.8056924571586563,0.7801472889302248
Wdr1,0.0018648018648018,0.0829836829836829,0.6453768453768453,0.1094206574872429,0.2934033087241935,0.4645605735771453,0.6295270528345558,0.7752709594388092,0.7801472889302248
Cd38,0.3169975086812533,0.7913911161280311,1.0,-1.1898405032245174,-0.1966032296642112,0.1255226887957736,0.6103369324694546,0.5309910767319335,0.8016992708494454
Dhx15,0.2630105719268568,0.7840226582999281,1.0,-2.295518268989384,0.2448950137238035,1.935894019060832,0.3481523385976202,0.4106250539446132,0.8016992708494454
Rbpj,0.1605283605283605,0.6741981971505068,1.0,-0.3490289648643524,-0.0928294991993417,0.1582813234758874,0.6946257888785613,0.65099068003951,0.7801472889302248
Rpl9,0.1303807303807303,0.5053613053613053,0.959129759129759,-0.0097857989534676,0.0246778289095673,0.0680220485933971,2.8546405731302498,2.9024372812612604,0.7801472889302248
Smim14,0.0904879299312675,0.6314395816467896,1.0,-0.3954653944156264,0.1069247751980468,0.3731518572857557,0.5757507989183146,0.6268478679174653,0.7801472889302248
Ube2k,0.2687359373937462,0.7209013209013208,1.0,-0.850691629768332,-0.0279006855002572,0.3304970511029246,0.54507021756153,0.5351298990357625,0.7801472889302248
Srp72,0.1700500810868941,0.6662276454096188,1.0,-1.3735536070332106,0.1298320078618826,28.164082702161107,0.3637337349414468,0.4021669567442352,0.7801472889302248
Rest,0.0286120421752924,0.3514015705829848,1.0,-0.6550728946221449,1.9183551207237368,29.01310338461984,0.117988518483186,0.4024928315785955,0.7801472889302248
Stap1,0.0460530998204478,0.2976405854092169,0.9538571530616036,-1.3604059902343968,1.2637589877772943,29.070792700471443,0.2080605630953432,0.5058760487273778,0.7801472889302248
Ythdc1,0.0498834498834498,0.4418026418026417,0.960151515151514,-0.2443553015720129,-0.0996053385521707,0.0622770055666028,0.8737347571281248,0.8156464073140093,0.7801472889302248
Jchain,0.2344988344988344,0.6453768453768453,1.0,-0.2358285526558877,-0.0698367706791925,0.15637152279134,0.6851462421138586,0.6498146916532774,0.7801472889302248
Utp3,0.214946955169527,0.7132001928632389,1.0,-27.97658773859239,0.3193619919689834,28.45700472312613,0.2203772491428405,0.3039405597164583,0.7801472889302248
Ankrd17,0.0739427870157715,0.6314395816467896,1.0,-1.863239127011325,-0.2191677961618903,0.9785694643898424,0.4671678821493165,0.3989442266325798,0.7801472889302248
Cxcl2,0.001087801087801,0.0069930069930069,0.0282042367854872,-2.209337460594676,-1.728032985701911,-1.2424693815951386,2.4002440866520662,0.7076849905649762,0.6907835753989593
G3bp2,0.1782588513308433,0.7058654396235203,1.0,-28.746485342282703,-0.4818580580211201,26.91282752565153,0.3132416117417005,0.2071715499361697,0.7801472889302248
Cxcl9,0.2630105719268568,0.7463178799324552,1.0,-2.428812683686329,0.3000924961828743,2.2220926050197654,0.3451081479351636,0.4522298243656577,0.7993396428180808
Scarb2,0.187959068257727,0.7111541697294341,1.0,-1.2837298996175923,-0.0001821630094147,0.4658489315081443,0.5310467943527692,0.5294884337100415,0.7801472889302248
Ccni,0.1776874391005868,0.7058654396235203,1.0,-26.837175449770204,-0.1142019684074466,28.134144592326592,0.33782015995608,0.3023362089878472,0.7801472889302248
Anxa3,0.1859940458034531,0.7090730856847203,1.0,-2.163498454715847,-0.1765548646904232,1.0095510082388768,0.4842757758154291,0.415700253226594,0.7801472889302248
Hnrnpd,0.0649572649572649,0.5737373737373737,1.0,-0.1201594678050131,0.1058446506264656,0.2921870677768093,0.7584085963311157,0.8139747233525475,0.7801472889302248
Hnrnpdl,0.0279409479409479,0.4418026418026417,0.959129759129759,-0.1348252242149327,0.063491639872017,0.2494123192766222,0.6664012258691798,0.697689732983256,0.7801472889302248
Lin54,0.1182049155614583,0.6854434826775221,1.0,-28.792712976610343,-0.8914069732274648,27.79147216452325,0.262320994982147,0.1075753849577857,0.7801472889302248
Lrrc8d,0.169000047821659,0.7090730856847203,1.0,-1.9267861931172712,-0.0132327449815732,1.3720420393704995,0.4856451433757632,0.4625756699284587,0.7801472889302248
Rpl5,0.1297435897435897,0.5053613053613053,1.0,-0.0990509628395251,-0.0479606165934314,0.0214315010097745,2.345952599356388,2.2693665467648234,0.7801472889302248
Tmed5,0.1303807303807303,0.7209013209013208,1.0,-0.2604681269576021,-0.0665778296360662,0.1808512608273482,0.759704164748409,0.7255284297548033,0.7801472889302248
Atp5k,0.3822843822843822,0.7984459984459983,1.0,-0.1196975104216299,0.0701978559207428,0.2522036816957759,0.9118218977072,0.956662858400946,0.8016992708494454
Tpst2,0.0104118104118104,0.1048951048951048,0.5737373737373737,-0.8020189148446818,-0.2825738873300127,-0.0603031193664608,0.6942236228796778,0.5745182661230612,0.7801472889302248
Grk3,0.2147580662912051,0.7463178799324552,1.0,-28.479265759774847,-0.5067843627995156,27.976898692381468,0.2372606250248859,0.182543568963817,0.7993396428180808
Iscu,0.1948717948717948,0.7126855458303034,1.0,-0.4977721418483525,-0.0289829844125183,0.2372655392692569,0.5546763990712724,0.5479251110454451,0.7801472889302248
Gltp,0.1163008546420284,0.6854434826775221,1.0,-28.83797676979854,-0.7080443823009397,27.68638423454064,0.270109787309301,0.191325462989544,0.7801472889302248
Git2,0.0822168388123539,0.412233269594203,0.95799832386793,-0.0993728338118083,0.2050809528161911,0.5393239487371486,0.573142183653893,0.6653616262207014,0.7801472889302248
Ankrd13a,0.0704615426471519,0.4323095522662977,1.0,-28.840636277177683,-1.4632467175142994,0.7870925846202079,0.3635592575657212,0.0990543100452525,0.7801472889302248
Dynll1,0.000930972271575,0.0498834498834498,0.5737373737373737,-0.9223253183134242,-0.3620600082038811,-0.0809495946727244,0.8019939389568502,0.6217893807863271,0.7801472889302248
Srsf9,0.0069930069930069,0.1303807303807303,0.5753002960980977,0.0292155334013095,0.160649089694096,0.3365127985931109,0.657677926970884,0.7330763632120325,0.7801472889302248
Cox6a1,0.0829836829836829,0.5737373737373737,1.0,-0.195163468435544,-0.0544356657985768,0.0687418550369017,1.03657270303548,0.9958768701950048,0.7801472889302248
Pxn,0.0029526029526029,0.0829836829836829,0.6472649572649555,-0.4973240257533476,-0.2081230232562148,-0.0238523181807844,0.7184479544814109,0.6238543082036163,0.7801472889302248
Rplp0,0.1048951048951048,0.3822843822843822,0.8784770784770783,-0.0025701654523747,0.0397526591248628,0.0783978597426284,2.8260034514425976,2.90478043978937,0.7801472889302248
Pebp1,0.1948717948717948,0.7209013209013208,1.0,-0.0722011115302641,0.0659810417233683,0.2307100057731948,0.7528028690321907,0.788798298866167,0.7801472889302248
Wsb2,0.023845234869951,0.187959068257727,0.7984459984459983,0.0745705160022926,0.3999914819512405,0.98091052636683,0.5123158269002612,0.6753648549818805,0.7801472889302248
Rpl6,0.0104118104118104,0.2786324786324786,0.959129759129759,-0.0103289151938924,0.0315882089364109,0.0761337343113476,2.6939334399773163,2.75278912792447,0.7801472889302248
Erp29,0.0829836829836829,0.5053613053613053,1.0,-0.061378828715388,0.0518812087438321,0.170595381426929,1.31949477985701,1.3662927091741726,0.7801472889302248
Aldh2,0.0844092388901283,0.4589281861225893,1.0,-0.4744905864103171,0.6893824086014645,29.044875334350937,0.3512483771685697,0.549040233940102,0.7801472889302248
Vps29,0.0206682206682206,0.2786324786324786,0.960151515151514,-0.7779263228973659,-0.1977077302574457,0.0753579215949836,0.6906581746917313,0.6027640159646631,0.7801472889302248
Arpc3,0.001087801087801,0.0147630147630147,0.1303807303807303,-0.1720747794688326,-0.1109495808456738,-0.0558661024435265,2.0661330101578823,1.9153494657648773,0.7073944573944543
Atp2a2,0.0984722781285988,0.6314395816467896,1.0,-1.495900543019001,-0.3099989181008432,0.2392575491688475,0.549653721348362,0.4175054834851417,0.7801472889302248
P2rx4,0.169000047821659,0.6741981971505068,1.0,-0.7301223167080617,-0.0744856731185865,0.5139843392672825,0.5890667386688588,0.5505800387622521,0.7801472889302248
Rsrc2,0.1889374480029941,0.7209013209013208,1.0,-0.2281922009127016,-0.0012630095441735,0.20629140584339,0.759541402349289,0.7586319181888133,0.7801472889302248
Vps37b,0.0503082027202481,0.2932663384219456,0.957492737513927,0.0241174413750396,0.4199087771921385,2.1315270920996543,0.4545035649606532,0.6021839836904777,0.7801472889302248
Sbno1,0.0177903286236667,0.1889374480029941,0.8739030607634299,-0.1947320646576639,0.4736381448858184,2.1727434074861227,0.4311979760078097,0.593521942701088,0.7801472889302248
Rilpl2,0.0829836829836829,0.3822843822843822,0.959129759129759,-0.1882174490551278,-0.0709072473684333,0.0359229912315184,1.5492759284326176,1.4775950712790025,0.7801472889302248
Tmed2,0.1303807303807303,0.6453768453768453,1.0,-0.1339050298318014,0.0138102120119302,0.1674098322599497,1.007135027052756,1.0195265689885749,0.7801472889302248
Ubc,0.0379176379176379,0.3822843822843822,0.959129759129759,-0.0421243944449044,0.1615046233343918,0.3725464132771148,0.9109919134009286,1.0266537986539237,0.7801472889302248
Ran,0.0147630147630147,0.1948717948717948,0.8784770784770783,-0.2784259757503325,-0.1108787042167441,0.0117926042283768,0.9478218134265012,0.8808056594318968,0.7801472889302248
Cct6a,0.0308091044172122,0.2742142788191485,0.957492737513927,-0.0717930063326111,0.6590804395965776,29.107152135743203,0.3562936476564006,0.5795336404509153,0.7801472889302248
Chchd2,0.1948717948717948,0.6453768453768453,1.0,-0.0919399013667833,-0.0237245723762538,0.0245627303396958,1.99031467830283,1.96118719245295,0.7801472889302248
Gusb,0.0006216006216006,0.0281274281274281,0.3822843822843822,-0.6126878627921919,-0.3816698848971134,-0.1466959657185161,0.7669370295836273,0.5862221831997553,0.7801472889302248
Rabgef1,0.0983267628906228,0.4004675495719816,0.91629779799785,-0.5229939881835121,-0.2157293537449737,0.0025239278023273,0.6525268913078954,0.5664305978220081,0.7801472889302248
Sbds,0.1038262693385791,0.6217687412649331,1.0,-27.69049348005595,0.7723381108943114,28.56273998846202,0.086835316867127,0.1624088120368092,0.7801472889302248
Lat2,0.1446069299211384,0.7011912626598479,1.0,-28.736380603619768,-0.9230196481475208,28.105141796042368,0.2268516463836015,0.1013496131376832,0.7801472889302248
Eif4h,0.0829815011561465,0.5606272147226752,1.0,-0.1955922792418395,0.1741180324268014,0.6936297876450216,0.5456601299926624,0.6176821671638375,0.7801472889302248
Por,0.0550394824230302,0.2355589199240795,0.7463178799324552,-0.0936147961585725,1.2545760410089055,29.215136280358323,0.2229529058025764,0.5479208597077447,0.7801472889302248
Mdh2,0.0147630147630147,0.3706183398171955,1.0,-0.0766898047050398,0.1199478212622979,0.2928902108349066,0.5762168332788653,0.6278927086517176,0.7801472889302248
Cux1,0.042540179680975,0.476087344441214,1.0,-28.927742146618076,-1.575533872425354,1.7999615217918026,0.3701843514467631,0.1155035794310055,0.7801472889302248
Fis1,0.0046620046620046,0.1605283605283605,0.7984459984459983,0.0012688190365061,0.1719361744307631,0.3786288460347196,0.6300538278233974,0.7077650234678973,0.7801472889302248
Gnb2,0.0003108003108003,0.0147630147630147,0.1948717948717948,-0.2908865665565802,-0.1914886546368385,-0.081171472878954,1.142746160574095,1.0013598659416103,0.7073944573944543
Pilra,0.266513255452409,0.7525377274994569,1.0,-0.6889656223262858,-0.0230170186297249,0.3133921157672109,0.5682535913701156,0.5560578372599555,0.7993396428180808
Lamtor4,0.0829836829836829,0.5053613053613053,1.0,-0.1357238333863685,0.0515275279037871,0.2790540258543238,0.7652548900037068,0.796138373805146,0.7801472889302248
Mafk,0.2344988344988344,0.7129894874507409,1.0,-0.7358372712036112,-0.0430528525145558,0.5596228032949788,0.552134751416821,0.534107576227765,0.7801472889302248
Ttyh3,0.2147580662912051,0.7123816042098661,1.0,-26.81080252717984,-0.1555153091259632,2.068146217154745,0.3525904560802013,0.3201593418269205,0.7801472889302248
Gna12,0.1705610877239446,0.7011912626598479,1.0,-28.224998289781382,0.0375319846161572,27.777600824830756,0.2384278273450037,0.2719066606958635,0.7801472889302248
Actb,0.0281274281274281,0.3282051282051281,0.959129759129759,-0.0522039929975357,-0.0203381224900689,0.005556967661406,3.9212701723387866,3.865786282358025,0.7801472889302248
Rac1,0.1303807303807303,0.6453768453768453,1.0,-0.0721780857774158,-0.002807952489793,0.0558512030791079,1.4790069561730923,1.4766998017638475,0.7801472889302248
Bri3,0.1303807303807303,0.6453768453768453,1.0,-0.1135307195197393,0.0014960086669727,0.1372740199683048,1.3766083210479538,1.3739314009690449,0.7801472889302248
Arpc1a,0.1705220617263874,0.6536395693173636,1.0,-28.782155384295866,-1.1315159302150746,0.905500405696644,0.4301279906971822,0.1937600201180735,0.7801472889302248
Arpc1b,0.2344988344988344,0.5737373737373737,1.0,-0.0110892991883048,0.0439385599912262,0.0973706715537502,2.180147990461544,2.242538810906305,0.7801472889302248
Atp5j2,0.1605283605283605,0.6453768453768453,1.0,-0.0721859378091264,0.0310548445727681,0.1395489336872338,1.3558856216196788,1.38254813470722,0.7801472889302248
Rpl21,0.1948717948717948,0.7209013209013208,1.0,-0.029056399004263,0.0100968370054379,0.0492269878482075,2.687718532971908,2.7081478495613114,0.7801472889302248
Polr1d,0.1048951048951048,0.7209013209013208,1.0,-0.1052565056086565,0.0132820589213223,0.1519242008766508,0.9534931001427962,0.9678275821983808,0.7801472889302248
Pomp,0.0379176379176379,0.4418026418026417,0.959129759129759,-0.2457651086627582,-0.0832163710068329,0.0355810219274531,1.313711331393823,1.2433062823165375,0.7801472889302248
Ubl3,0.2344988344988344,0.7209013209013208,1.0,-0.0965626264066978,0.0113049932189709,0.1075687471903998,1.3664936814961826,1.3773280072541312,0.7801472889302248
Hmgb1,0.2786324786324786,0.7984459984459983,1.0,-0.1397512951162129,-0.0214703330173983,0.0976354032652232,1.1484771284730575,1.1310547196371288,0.8016992708494454
Alox5ap,0.2629842126711115,0.7840226582999281,1.0,-28.924652322946816,-0.6180567634275878,28.19252702241518,0.444614104475428,0.31953823098728,0.8016992708494454
Sem1,0.3809324009324009,0.7984459984459983,1.0,-0.065735004692753,-0.0015604425011956,0.0540859137411331,1.988726355151705,1.983920424348504,0.8016992708494454
Ndufa4,0.1048951048951048,0.5737373737373737,1.0,-0.1521333356368958,-0.0437524841221005,0.0482121018746455,1.48890925208787,1.4435737866186051,0.7801472889302248
Mdfic,0.1411893573533081,0.6741981971505068,1.0,-0.1226655653577669,0.1261193576552957,0.3761849411482517,0.5788085605183534,0.6374578113514522,0.7801472889302248
Capza2,0.0006216006216006,0.0147630147630147,0.2344988344988344,-0.2692535344423494,-0.16828243153533,-0.0717100976370903,1.6250229645739476,1.44386839388627,0.7073944573944543
Ndufa5,0.0069930069930069,0.1411893573533081,0.8335142129533152,-1.3144847134976865,-0.4160030192804753,-0.1112057426355009,0.618599226777622,0.466528970885964,0.7801472889302248
Arf5,0.0147630147630147,0.1303807303807303,0.5053613053613053,-0.2691824994286789,-0.161050864494076,-0.056278128309396,1.1072969644297976,0.993164413644038,0.7801472889302248
Hilpda,0.001087801087801,0.0379176379176379,0.2786324786324786,-0.5834151425843455,-0.3480214036393934,-0.1287137689718728,1.4307180916802786,1.1236085895950796,0.7801472889302248
Atp6v1f,0.1043473193473193,0.6453768453768453,1.0,-0.1114118353505409,-0.0252922040966125,0.0742364846584437,1.4711411758647264,1.4448701012546077,0.7801472889302248
Irf5,0.0829836829836829,0.5053613053613053,1.0,-0.0535649543154609,0.164094184620391,0.4152428655301103,0.651142460141831,0.7300946229642751,0.7801472889302248
Lncpint,0.0785934912071024,0.5576726074341468,1.0,-28.893781356880023,-0.7640097478369812,0.9789888481879552,0.4687754133052363,0.2417609668043157,0.7801472889302248
Mkln1,0.0404794561132101,0.2172187573017174,0.7851533033220025,-0.0256700048020798,2.2006576595114984,29.08575864622953,0.1082852378045482,0.4360335057470077,0.7801472889302248
Akr1b3,0.214946955169527,0.7011912626598479,1.0,-27.146399478699102,0.0211479306655556,2.379645099166588,0.347141088608643,0.3527621384468712,0.7801472889302248
1810058I24Rik,0.1025458809789091,0.4589281861225893,1.0,-1.105753478892018,-0.221775944684201,0.0830358793182778,0.5879513093151616,0.5058785297016797,0.7801472889302248
Mtpn,0.1048951048951048,0.6453768453768453,1.0,-0.1376459925082342,0.0496030530105993,0.2308696917914034,1.0018086076039154,1.039296068866604,0.7801472889302248
Luc7l2,0.0046620046620046,0.0649572649572649,0.5053613053613053,0.0903911294412308,0.2199762115453533,0.3472859941555687,1.009859726257945,1.1790622754914075,0.7801472889302248
Kdm7a,0.1948717948717948,0.7209013209013208,1.0,-0.2234559729678573,-0.0548745884904439,0.0957879285721494,0.8902666711789979,0.855603185421401,0.7801472889302248
Mkrn1,0.0829836829836829,0.6453768453768453,1.0,-0.1450903384705791,0.046787374321117,0.2197204644612219,0.675194085886524,0.6994034562870393,0.7801472889302248
Ndufb2,0.0238375009673449,0.3282051282051281,0.959129759129759,-0.1771293273426498,0.1497477291469817,0.4521793260812333,0.5626493791849609,0.6283928157822545,0.7801472889302248
Mrps33,0.065285648928054,0.4305578876446536,0.9580911282267016,-1.4995162053702409,-0.5344299153389664,-0.0046631300899393,0.546642689144424,0.3837264493351867,0.7801472889302248
Tmem176b,0.2786324786324786,0.7984459984459983,1.0,-0.0433091258818649,0.0292162132933584,0.0955473143436429,2.105434874989097,2.1456528861674578,0.8016992708494454
Tmem176a,0.3282051282051281,0.7984459984459983,1.0,-0.0841667935399923,-0.00429584132986,0.0893464705657877,2.09804671110966,2.087187885946433,0.8016992708494454
Tra2a,0.0829836829836829,0.5053613053613053,1.0,-0.2608344175488089,-0.100252975024915,0.0868273829048433,0.808037800859291,0.75369530513616,0.7801472889302248
Cycs,0.0390633300330849,0.4503513435848739,1.0,-28.96790097420908,-0.7878093925949252,0.4000102291951588,0.5061972247311772,0.2822396739003319,0.7801472889302248
Hnrnpa2b1,0.2775291375291375,0.7984459984459983,1.0,-0.1235145293899618,0.0012522354337817,0.1217658073412039,1.4751002749467887,1.4738653019751375,0.8016992708494454
Skap2,0.0206682206682206,0.3282051282051281,0.959129759129759,-0.4330005388558721,-0.2495304234489116,-0.0571358025449298,0.8058642320930124,0.676780796409457,0.7801472889302248
Tax1bp1,0.3282051282051281,0.7209013209013208,1.0,-0.0161977304078753,0.0517243141449828,0.1332270426187391,1.3839843363832038,1.43188437998327,0.7801472889302248
Creb5,0.2344988344988344,0.6453768453768453,1.0,-0.1376660689485505,0.0700967501986034,0.2391535512611742,1.012097622696993,1.068661289471596,0.7801472889302248
Hpgds,0.1033079701313654,0.6453768453768453,1.0,-0.343495921455442,-0.0070528730606453,0.4696627676418927,0.6507471964152237,0.6447454384213718,0.7801472889302248
Serbp1,0.2344988344988344,0.7984459984459983,1.0,-0.1423765223764523,-0.0373284406088231,0.0803865934288672,1.2949859223557127,1.2603355911188174,0.8016992708494454
Igkc,0.3282051282051281,0.7984459984459983,1.0,-0.1202049032760563,-0.0324637344556297,0.0419387006770801,2.01280892916191,1.966526344919605,0.8016992708494454
Vamp8,0.1605283605283605,0.7209013209013208,1.0,-0.0882023403868948,0.0018867552066634,0.0772306852362472,1.4766413548455688,1.475796834739615,0.7801472889302248
Mat2a,0.0498834498834498,0.3822843822843822,0.959129759129759,-0.4482280819012965,-0.174701656889264,0.0689131647579002,0.758451102561938,0.6759819595076708,0.7801472889302248
Tgoln1,0.0029526029526029,0.0829836829836829,0.6453768453768453,0.0745616414680441,0.273496987955802,0.4595259061335385,0.8046330142726592,0.9704445021264592,0.7801472889302248
Kcmf1,0.312686223816409,0.7840226582999281,1.0,-28.31224876507385,-0.0502230149719817,28.105269175290736,0.099775325290795,0.0789282381222247,0.8016992708494454
Tmsb10,0.0379176379176379,0.2344988344988344,0.6472649572649555,0.0670513378363403,0.2430178900252863,0.4666510163538955,1.1166313820244151,1.3207764770150914,0.7801472889302248
Hk2,0.1948717948717948,0.5737373737373737,1.0,-0.3481779479505132,-0.1133876946685921,0.0783422910624879,1.0577358622255502,0.9841828448034398,0.7801472889302248
Aup1,0.0281274281274281,0.3822843822843822,1.0,-0.0813608394987739,0.0903801557795423,0.2725363217828001,0.639143871072524,0.6821481957891635,0.7801472889302248
Mob1a,0.0281274281274281,0.2344988344988344,0.8784770784770783,-0.44540894479359,-0.2644917838180973,-0.059532424339616,0.8280131028593776,0.6845061824505088,0.7801472889302248
Cct7,0.0485974356945255,0.3648813140419181,0.9590483657712308,-29.01724323420989,-1.304202224839429,0.3971260548770229,0.4879143139282428,0.1991479573112955,0.7801472889302248
Dusp11,0.1823521106301157,0.7111541697294341,1.0,-0.6421657146659547,0.0010215924691571,0.4889306987570433,0.5132078060841794,0.5091247967933865,0.7801472889302248
Snrpg,0.1303807303807303,0.6453768453768453,1.0,-0.116218542387248,-0.0312929022967594,0.0338328127088306,1.2241592440971751,1.2005538762601748,0.7801472889302248
Pcbp1,0.1948717948717948,0.6453768453768453,1.0,-0.1704469104899408,-0.0122834287904592,0.1133257751143449,0.9637112185570428,0.956217520917959,0.7801472889302248
Mxd1,0.0104118104118104,0.1303807303807303,0.5737373737373737,0.0852218156415872,0.28059916364137,0.4953095286956486,0.9155288806453216,1.1096194970449471,0.7801472889302248
Anxa4,0.1266856129229834,0.461920478323797,1.0,-0.1151332595497927,0.1310719733550213,0.419780449636282,0.6293016515205581,0.6852449242638445,0.7801472889302248
Gfpt1,0.0828964098822239,0.5623719669710694,1.0,-0.3815831909089964,-0.1185959899255875,0.1693657881727111,0.8180853373763886,0.7506188020781301,0.7801472889302248
Rab43,0.0206682206682206,0.2786324786324786,0.959129759129759,-0.2920452478926811,-0.1300816014316042,0.0354971461623298,0.7944482826412175,0.7251891281274669,0.7801472889302248
Cnbp,0.1048951048951048,0.5737373737373737,1.0,-0.148384103475323,-0.0342820772950683,0.0740905038508338,1.1981538808929977,1.16936232161229,0.7801472889302248
Rab7,0.0379176379176379,0.4418026418026417,0.959129759129759,-0.2028865797399804,-0.0279550625666935,0.0846533433991342,1.0135769700940989,0.992072484735717,0.7801472889302248
Rpn1,0.0829836829836829,0.3822843822843822,0.959129759129759,-0.3679733673478386,-0.0662230282887625,0.1644885789925723,0.7324636838034677,0.697331694728623,0.7801472889302248
Sec61a1,0.2067874394589557,0.6854434826775221,1.0,-26.80556304451581,1.0550033153724585,28.29573570910345,0.0855183463591022,0.1779825481674772,0.7801472889302248
Slc6a6,0.0104118104118104,0.1948717948717948,0.7209013209013208,0.0636666196379427,0.1825115039257369,0.3012185620093198,1.11317007539055,1.2631272001570826,0.7801472889302248
Arl6ip5,0.0288623671067265,0.3648813140419181,1.0,-28.901995585056262,-1.3125738405039806,0.81560902083204,0.4299225730090728,0.1656262037314805,0.7801472889302248
Foxp1,0.0104118104118104,0.1559493936014953,0.7984459984459983,-0.8742351018664297,-0.2373981373393454,0.0253340286936827,0.7432915390401711,0.6357379000044855,0.7801472889302248
Ppp4r2,0.001087801087801,0.0281274281274281,0.2344988344988344,-0.8742287042152491,-0.4531191488705698,-0.2151291498635083,0.7768265706445665,0.5767524006636948,0.7801472889302248
Bhlhe40,0.0073528361343985,0.0828964098822239,0.4295623711279668,0.2069572301904168,0.5260954771217672,0.8199183086314805,0.689412988690639,0.9958270791002244,0.7801472889302248
Arl8b,0.0206497951338542,0.2202347585707377,0.8739169654469724,-2.463096840770691,-0.479691743485617,-0.0119060250574849,0.5883260051304552,0.4259072171824019,0.7801472889302248
Edem1,0.0399796029462569,0.3442073387850138,0.959129759129759,-0.0746381821479922,0.194391498142031,1.1512758917075734,0.5201775215719207,0.5939442835131128,0.7801472889302248
Camk1,0.03995760576407,0.2697960790058185,0.8744592481051268,-1.1275994468486947,-0.2467639486345924,0.0611809719764263,0.6357671598822243,0.5363387572301477,0.7801472889302248
Arpc4,0.4418026418026417,0.7984459984459983,1.0,-0.1182017729988699,0.0319260503070082,0.1883387500266008,0.9900389779513316,1.0142752283424936,0.8016992708494454
Brk1,0.1303807303807303,0.5737373737373737,1.0,-0.046726531579941,0.0490526643246855,0.1437461258489552,1.1829782773350073,1.22610537745314,0.7801472889302248
Irak2,0.0164620142375873,0.0984722781285988,0.5606272147226752,0.181266602961567,2.265406177469247,29.22936555771192,0.1198288365092905,0.5636459006727215,0.7801472889302248
Rpl32,0.1303807303807303,0.6453768453768453,1.0,-0.0257860258851884,0.0119953051681382,0.0434820922636378,3.4095632186720914,3.4380083286522805,0.7801472889302248
Plxnd1,0.0737647931515574,0.5255516528137945,1.0,-0.2803583622467204,0.1643754493095147,0.4877935113460869,0.578399143804305,0.6479237720504716,0.7801472889302248
Hnrnpf,0.0069930069930069,0.1605283605283605,0.8784770784770783,-0.1739195756405293,-0.0778023494471286,0.0108838573876534,1.447142489478665,1.369204136544775,0.7801472889302248
Wnk1,0.0103263403263403,0.1605283605283605,0.8784770784770783,-0.2666251779753589,-0.1461441123914415,-0.0019012204942442,1.39075362749417,1.2557482065721612,0.7801472889302248
Il17ra,0.0069930069930069,0.039539659302518,0.1718517022196694,0.3619987756580639,0.6447332542345938,1.467998602606339,0.5418604313930194,0.8423515780292586,0.7801472889302248
Atp6v1e1,0.1048951048951048,0.5737373737373737,1.0,-0.1866522809456676,-0.0245903089649515,0.1660323743822559,0.8361743491739614,0.8202993667266498,0.7801472889302248
M6pr,0.0649572649572649,0.3822843822843822,0.959129759129759,0.0392191294956923,0.1235041700846059,0.216235829635912,1.2467349712728877,1.3602621683736875,0.7801472889302248
Apobec1,0.0235358787657099,0.239497845941624,0.95799832386793,-0.0287707208533422,0.5405746988401634,2.9001628334426277,0.4304001431396647,0.6072417546508035,0.7801472889302248
C3ar1,0.0376442906310159,0.1249984823508817,0.3883232289789247,-29.83197423687734,-2.836548698128419,-1.5683966512008112,0.8538832814786019,0.1160987765518427,0.7801472889302248
Clec4a1,0.0325306307291984,0.2202347585707377,0.7898534698691263,-29.359964746099852,-1.268809671397071,0.0309827175087471,0.6383106114395797,0.25460963628902,0.7801472889302248
Clec4a2,0.0029526029526029,0.0829836829836829,0.5634991458079981,-0.5823213623138185,-0.3164266257905962,-0.1044852600282764,0.9726568042856204,0.78271403733276,0.7801472889302248
Clec4n,0.0018648018648018,0.0379176379176379,0.2786324786324786,-0.3095719267796964,-0.1759016214220684,-0.0586550463983038,1.459522554162091,1.29329144832693,0.7801472889302248
Phb2,0.009862424592123,0.1266856129229834,0.8293276535635627,-0.1652147606247677,0.6894696310378212,29.026013092890334,0.3530406668862892,0.5558697978270097,0.7801472889302248
Grcc10,0.0829815011561465,0.4418026418026417,1.0,-0.291525656691759,-0.108626062182413,0.0883087236880368,0.7894876974223738,0.7315316939078292,0.7801472889302248
Tpi1,0.187959068257727,0.7111541697294341,1.0,-0.5248590143498747,-0.0498527421124744,0.2169762760116692,0.5921056546194117,0.5759825410330095,0.7801472889302248
Ptms,0.0206682206682206,0.1605283605283605,0.6453768453768453,-0.3632124099390733,-0.2125225051003312,-0.0362563199974252,1.4823100262587736,1.276903630903229,0.7801472889302248
Mlf2,0.1559265180741878,0.7117678869696501,1.0,-0.6974510284148385,0.0532521980881536,0.8996133881537485,0.4854118056077901,0.4961751367326882,0.7801472889302248
Chd4,0.2786324786324786,0.7209013209013208,1.0,-0.2248308729830305,-0.0115194340388792,0.1582318067726964,0.9791812278400942,0.974915744745517,0.7801472889302248
Gapdh,0.1605283605283605,0.7209013209013208,1.0,-0.1063203238515785,-0.021956456367973,0.0540179558788748,2.0274209842887263,1.998869607876115,0.7801472889302248
Tnfrsf1a,0.0829836829836829,0.5053613053613053,1.0,-0.3647928547383271,-0.1279968466096924,0.1040937976562716,0.8018402511923337,0.7357226159444779,0.7801472889302248
Cd9,0.0205205905205905,0.2344988344988344,0.959129759129759,-0.4841759751288451,-0.2313871117170424,0.0238804592425532,0.97433543680423,0.8295241995281952,0.7801472889302248
Clec2d,0.2344988344988344,0.7209013209013208,1.0,-0.1496317436564231,-0.0156449854670276,0.1313678270624265,1.3226885187194748,1.3075581545785924,0.7801472889302248
Clec12a,0.0012511461372881,0.0133130027638166,0.1275273133578452,-29.850994675642028,-1.5447661898650664,-0.583404121026677,0.922069457102282,0.3188936276818074,0.7073944573944543
Gabarapl1,0.2172187573017174,0.7463178799324552,1.0,-27.92599326982004,0.485684053142019,28.6701448576903,0.1559698839430605,0.2158837770725495,0.7993396428180808
Klra2,0.0829836829836829,0.4418026418026417,0.959129759129759,-0.2755494521344017,-0.1132939586120833,0.0587516399936088,0.8279744746644102,0.7669337159758198,0.7801472889302248
Hebp1,0.1948717948717948,0.7209013209013208,1.0,-0.2353256257703443,-0.0082956774756855,0.1728622054753321,0.9919544681187118,0.9912442226639137,0.7801472889302248
Plbd1,0.0147630147630147,0.1605283605283605,0.6453768453768453,-0.2789484275102801,-0.1626194718391454,-0.0259073367344746,1.5217187088666213,1.352287954365575,0.7801472889302248
H2afj,0.0029526029526029,0.0379176379176379,0.1605283605283605,0.0973837102266117,0.1614513922012076,0.2287916655114433,1.41893873001194,1.585999799943885,0.7801472889302248
Wbp11,0.0550394824230302,0.2690958710469373,0.8664484142892058,-28.92453105291677,-1.9439451795142408,-0.1043412887093381,0.4614591818609066,0.1075753849577857,0.7801472889302248
Arhgdib,0.0206682206682206,0.2786324786324786,0.8784770784770783,-0.0189011616714206,0.0747681254578751,0.1617133168283121,1.6033320724165976,1.6898161452824514,0.7801472889302248
Kras,0.1048951048951048,0.6453768453768453,1.0,-0.1384799827444179,0.0484340097326718,0.2107835446506505,0.9624000054566724,0.996579989421646,0.7801472889302248
Ndufa3,0.0844127274172293,0.4295368450634365,1.0,-1.5716493302563366,-0.3453491769428429,0.0751493081589521,0.5667004379857685,0.446012871227091,0.7801472889302248
Rps9,0.1605283605283605,0.5053613053613053,0.959129759129759,-0.0132558104454194,0.0157889079916819,0.0435658401458277,3.38048976305381,3.4195149619735448,0.7801472889302248
Pirb,0.0036133296425017,0.0206682206682206,0.1385464150989199,-29.41656745205865,-1.3962125292857803,-0.4932794199338062,0.6938377608085582,0.265803368628783,0.7801472889302248
Lair1,0.0829836829836829,0.5737373737373737,1.0,-0.345017499351023,-0.1299377898949918,0.1183731829899585,0.806381589053407,0.7361761505909237,0.7801472889302248
Ppp1r12c,0.2573354010490942,0.7815794347326379,1.0,-28.53954820351673,-0.1595475177259461,28.27582874261405,0.272335557770196,0.2474088684363482,0.8016992708494454
Rpl28,0.0206682206682206,0.1303807303807303,0.5737373737373737,0.0119936832552763,0.0460205407355421,0.0841137292932315,2.881291533737774,2.9728359787475123,0.7801472889302248
Ube2s,0.1303807303807303,0.6741981971505068,1.0,-0.5350674089452107,0.0393881862892936,0.3239853454257645,0.5902193460081622,0.6026603297160815,0.7801472889302248
Epn1,0.1531983720915998,0.6355065570939342,1.0,-1.4315759932550651,-0.3085017669646434,0.3053565337879549,0.4905142925751067,0.3920205569829554,0.7801472889302248
Rps5,0.1297435897435897,0.5737373737373737,1.0,-0.0157689646484337,0.0312063970228913,0.0799763291826403,2.833758824887105,2.896793497739668,0.7801472889302248
Chmp2a,0.0029526029526029,0.0829836829836829,0.6453768453768453,-0.3836999632315551,-0.2044793043319493,-0.0398714339756237,0.92372676722095,0.8029063600093973,0.7801472889302248
Selenow,0.2344988344988344,0.6453768453768453,1.0,-0.0888573869992704,0.0972016109616877,0.2722140636017564,1.007541886624741,1.0784620124939477,0.7801472889302248
Nop53,0.2257768083327037,0.7509359138372155,1.0,-1.0004366324724074,-0.132213483358966,0.2875047608843507,0.5216595724512192,0.4763971091339818,0.7993396428180808
Napa,0.2073914000366514,0.7011912626598479,1.0,-28.222494765938933,0.2081703299843195,28.44718229692956,0.209533682834123,0.2418754312607805,0.7801472889302248
Tmem160,0.0281274281274281,0.4418026418026417,1.0,-0.0791187351539449,0.0699899843351701,0.2299550433281788,1.015376517607018,1.0651009079505815,0.7801472889302248
Ap2s1,0.0206682206682206,0.3282051282051281,1.0,-0.503444127144767,-0.1914070025081291,0.0431189783993845,0.7153477824500245,0.6283158683026253,0.7801472889302248
Calm3,0.0829836829836829,0.5737373737373737,1.0,-0.130001335575643,0.0799816895094536,0.2896294134881506,0.8588318716439749,0.9086589561350248,0.7801472889302248
Snrpd2,0.1303807303807303,0.6453768453768453,1.0,-0.2374509163080518,-0.0870599769169635,0.1045078280842372,0.7972358890602782,0.753193437832285,0.7801472889302248
Vasp,0.1303807303807303,0.6453768453768453,1.0,-0.197158445843809,-0.0416106077557391,0.0979338629966985,1.0247514952183847,0.997546727501887,0.7801472889302248
Fosb,0.0046192696192696,0.1303807303807303,0.7209013209013208,-0.4098708276669387,-0.1553226176990875,-0.0014684771241763,1.7135671907240335,1.550108330688015,0.7801472889302248
Apoe,0.3822843822843822,0.7984459984459983,1.0,-0.1041808750005449,0.00530401551739,0.1188946212587445,4.007161978997558,3.99254983651426,0.8016992708494454
Plaur,0.0147630147630147,0.1605283605283605,0.5737373737373737,-0.4408415496852259,-0.2635030826426202,-0.1153683838894392,1.3598319367729823,1.1350435055079986,0.7801472889302248
Rps19,0.0147630147630147,0.1948717948717948,0.8784770784770783,-0.0043441151038887,0.0382003549804023,0.0821895888145396,2.980560484196559,3.058885071109554,0.7801472889302248
Rabac1,0.0029526029526029,0.0649572649572649,0.5053613053613053,-0.4823278467449831,-0.2626729449405349,-0.1161017178310065,0.8254031677129136,0.686737978723915,0.7801472889302248
Tgfb1,0.0649572649572649,0.5053613053613053,1.0,-0.1792591691234523,-0.0561058943394366,0.0692047037107214,1.221387541139725,1.174264064813539,0.7801472889302248
Axl,0.0649572649572649,0.5737373737373737,1.0,-0.0849241419339921,0.0781254455828963,0.2421313539120616,1.0041905277065208,1.0603133009449976,0.7801472889302248
Blvrb,0.0206682206682206,0.2786324786324786,0.959129759129759,-0.2424671416609523,-0.063051805210346,0.0570448078900268,1.30489407535809,1.2503609500243975,0.7801472889302248
Pld3,0.0065616501031227,0.0513398264234592,0.3685378930713342,0.2293477234518545,0.6557947870214967,29.15226275520092,0.450183679765915,0.708410204315442,0.7801472889302248
Fbl,0.0829836829836829,0.6355065570939342,1.0,-0.321604316795714,-0.0964398495372776,0.1142900920986698,0.6229928748591249,0.5880485332000973,0.7801472889302248
Rps16,0.3282051282051281,0.7984459984459983,1.0,-0.0247152599320868,-8.787699491670055e-06,0.0285581350380182,3.2296151105065865,3.22819940719262,0.8016992708494454
Zfp36,0.0001554001554001,0.0069930069930069,0.0382167832167829,-0.5583895510173306,-0.4282076409698175,-0.2780686786173837,1.9740939365839407,1.4647456758720474,0.6907835753989593
Med29,0.0460530998204478,0.3514015705829848,0.957492737513927,-27.9142610369447,0.600993088405368,29.021176983826685,0.2719770891232027,0.508038798201356,0.7801472889302248
Gmfg,0.0829836829836829,0.3822843822843822,0.959129759129759,-0.1461720611521755,-0.0798338297997293,-0.0031060225087204,1.5739930340148498,1.4903583905567124,0.7801472889302248
Nfkbib,0.2687359373937462,0.7898534698691263,1.0,-0.7765496279739987,-0.0578119026935024,0.3764613603118324,0.5707467657283553,0.5502696326059899,0.8016992708494454
Hnrnpl,0.1385464150989199,0.6362542681663956,1.0,-1.365222361606761,-0.0511231743935899,0.7649285442164178,0.519630881345639,0.4883318736925484,0.7801472889302248
Eif3k,0.0829836829836829,0.5737373737373737,1.0,-0.1232488572177493,0.0403177508023223,0.1950649192927937,1.0912872617717826,1.12049376074382,0.7801472889302248
Psmd8,0.0147630147630147,0.1605283605283605,0.7209013209013208,0.0490996201346824,0.2451133947213136,0.4332816392821844,0.7906377085399952,0.9339222624733172,0.7801472889302248
Capns1,0.0829836829836829,0.5053613053613053,1.0,-0.0845896851916686,0.0709960223681785,0.2162766977294344,0.9095868488931772,0.9529012463831156,0.7801472889302248
Tbcb,0.2202347585707377,0.7463178799324552,1.0,-2.141755398822073,-0.2981154666340071,1.0064982343200906,0.454384792417815,0.347823002272614,0.7993396428180808
Tyrobp,0.2344988344988344,0.7209013209013208,1.0,-0.0346459366263104,0.0006837140975303,0.0324045378179184,3.07526040943744,3.080906045460277,0.7801472889302248
Psenen,0.1043473193473193,0.5737373737373737,1.0,-0.2512676208829261,-0.0779941529823343,0.0969712803123387,0.8537713607189991,0.8121836946303986,0.7801472889302248
Cox6b1,0.0649572649572649,0.3282051282051281,0.959129759129759,-0.1293319039331457,-0.0617266735973564,0.0117987880094781,1.75272821149781,1.679304916839925,0.7801472889302248
Usf2,0.1119097370670114,0.483357294887874,1.0,-0.8718201532174595,0.4340079800053605,28.83470833915464,0.3519292544445921,0.452123971280191,0.7801472889302248
Fxyd5,0.0829836829836829,0.4418026418026417,1.0,-0.0561673875554484,0.1076702703277911,0.1942691688955461,1.651632068060275,1.78715807024362,0.7801472889302248
Gpi1,0.0104118104118104,0.2344988344988344,0.8784770784770783,0.004443805974747,0.1373291335671851,0.2586752305363301,0.9043099640058884,0.9956219212636748,0.7801472889302248
Pdcd5,0.1604138863551888,0.6453768453768453,1.0,-0.768409010228897,-0.0320976985646393,0.2728399173553688,0.5518433556215134,0.5437130359324092,0.7801472889302248
Cd33,0.0658827641887259,0.4945189922275712,1.0,-0.1177855620053139,0.0968193640625567,0.3707632129017151,0.6160796593131654,0.657945479011659,0.7801472889302248
Fcgrt,0.0072324526252633,0.0513398264234592,0.2268047955085498,-3.122576094289216,-0.9988001566766472,-0.3090957742128218,0.779237472588637,0.3897151188999868,0.7801472889302248
Rps11,0.2786324786324786,0.7984459984459983,1.0,-0.0350309874095775,0.0049769947900312,0.0388098351840559,3.2718530769551726,3.2853747111361367,0.8016992708494454
Rpl13a,0.1048951048951048,0.3822843822843822,0.959129759129759,-0.0051349165770361,0.042105852031143,0.0914233916183387,2.56451058824022,2.6413592529716885,0.7801472889302248
Snrnp70,0.1948717948717948,0.6453768453768453,1.0,-0.1356808172232217,0.0673093020634866,0.254746029938156,0.744395876953867,0.7839805980866061,0.7801472889302248
Ftl1,0.0029526029526029,0.0498834498834498,0.2344988344988344,0.0321528064324766,0.0656956582088447,0.0941930930654114,4.03382573388936,4.222876535728428,0.7801472889302248
Bax,0.2344988344988344,0.7209013209013208,1.0,-0.2645086486507654,-0.0144877777916886,0.2291929620776905,0.74229365201314,0.7318693741673363,0.7801472889302248
Nucb1,0.0390633300330849,0.3112018520843261,1.0,-0.3889567610762826,0.5739151056507124,2.505280167377164,0.3585779405300044,0.535851331094467,0.7801472889302248
Ppp1r15a,0.001087801087801,0.0206682206682206,0.2344988344988344,-0.5898103573788899,-0.4098589548940339,-0.183350323671943,0.8615461713871175,0.6464763421776476,0.7801472889302248
Rpl18,0.0379176379176379,0.3822843822843822,0.959129759129759,-0.0106906934777309,0.0321057322810014,0.0779801144650882,2.7231964500176287,2.778802155388207,0.7801472889302248
Emp3,0.0011487415455531,0.0235358787657099,0.1889374480029941,-29.549321589736167,-0.7070489130671431,-0.2553749507478515,0.8008086288267253,0.489206097731965,0.7801472889302248
Ldha,0.1605283605283605,0.6453768453768453,1.0,-0.111283846708299,0.0610316482888035,0.2372420291244295,1.1422368538015926,1.1937047273579724,0.7801472889302248
Spty2d1,0.0379176379176379,0.3282051282051281,0.959129759129759,-0.3551850442805844,-0.1347261229573696,0.0613808154524552,0.8880472459033151,0.8144020632467294,0.7801472889302248
Cyfip1,0.1048951048951048,0.5053613053613053,1.0,-0.0623199377258831,0.0897672019362553,0.2378371017657215,0.8281883189466503,0.884167688146544,0.7801472889302248
Nipa2,0.312686223816409,0.7840226582999281,1.0,-28.36140702807115,-0.0139601073970063,28.334329787641483,0.1341860685565465,0.1325254318555647,0.8016992708494454
Klf13,0.0069930069930069,0.1303807303807303,0.6472649572649555,0.0492539266013445,0.2282829743116803,0.3691733264276343,0.8116586800548533,0.9523956368729816,0.7801472889302248
Selenos,0.0658827641887259,0.4295368450634365,0.959129759129759,-0.9400703282899188,-0.1910086029524691,0.1325943897038982,0.6028763502242589,0.5278806838453247,0.7801472889302248
Mef2a,0.0649572649572649,0.6453768453768453,1.0,-0.2874287999665381,-0.0673815831411518,0.1296930197538387,0.6621689463568218,0.6296825759009463,0.7801472889302248
Chd2,0.1025458809789091,0.5992415158356712,1.0,-0.2654089399221324,-0.047388008561876,0.1320322164640843,0.7172625620224773,0.699667159901483,0.7801472889302248
Akap13,0.1048951048951048,0.4418026418026417,0.959129759129759,-0.0783781962975601,0.081769658749111,0.2519177950510306,0.9472347614623022,0.9960266888491688,0.7801472889302248
AU020206,0.0030115803014323,0.042540179680975,0.3593635170698864,0.382631724539485,2.479669542623331,29.286030973155714,0.099775325290795,0.5731076897319318,0.7801472889302248
Furin,0.1782445660250868,0.6854434826775221,1.0,-28.786482466347863,-0.2851659064282245,27.913829264633023,0.3332729117431219,0.267386956822097,0.7801472889302248
Crtc3,0.187959068257727,0.7011912626598479,1.0,-0.968211817807356,0.1847507603082012,1.884684037977484,0.4464580698441892,0.488858660954625,0.7801472889302248
Iqgap1,0.0104118104118104,0.2344988344988344,0.959129759129759,-0.015081716747641,0.0521530136695669,0.1305749427972333,1.76913052991667,1.8337590678647424,0.7801472889302248
Rps17,0.2786324786324786,0.7984459984459983,1.0,-0.0330017657617694,0.0063466401931444,0.0446150795591504,2.2807771814033027,2.289288198582516,0.8016992708494454
Tm6sf1,0.1303807303807303,0.5737373737373737,1.0,-0.3265721518231276,-0.1270458723755291,0.1023722964563175,0.8676396002947706,0.7933043685344761,0.7801472889302248
Ctsc,0.1303807303807303,0.7209013209013208,1.0,-0.0479204302618988,0.0159028354729435,0.0754640458779502,2.460597927264492,2.4864676208206387,0.7801472889302248
Picalm,0.1048951048951048,0.5053613053613053,1.0,-0.3077510869274164,-0.1237715854216848,0.0183660754392733,1.6304819523549412,1.4916830765932136,0.7801472889302248
Pcf11,0.2575318164737318,0.7463178799324552,1.0,-28.461949822470896,-0.0805545430213406,28.082633786868477,0.2053717041067715,0.20503373399157,0.7993396428180808
Prcp,0.0281274281274281,0.2786324786324786,0.959129759129759,-0.1953608808029292,-0.0787646557883013,0.0213128726803193,0.932916721671217,0.8894505473865175,0.7801472889302248
Ndufc2,0.0069930069930069,0.0829836829836829,0.3837723387723373,-0.3560740550815565,-0.2103206223329646,-0.0725597270245498,1.0755302212037676,0.9306831592502371,0.7801472889302248
Acer3,0.2202347585707377,0.7723374412927804,1.0,-28.71092333194855,-0.7420501637412191,1.992168590364395,0.2434489937432443,0.1466052618033832,0.8016992708494454
Uvrag,0.1179173600517424,0.6314395816467896,1.0,-28.47629757570388,0.0,28.504486896034397,0.2072228496440715,0.2218184956720926,0.7801472889302248
Rps3,0.001087801087801,0.0649572649572649,0.3822843822843822,0.0269957798811796,0.0764805010301926,0.1272204454915187,2.561453120897905,2.69856530607663,0.7801472889302248
Spcs2,0.1948717948717948,0.7209013209013208,1.0,-0.181601463557565,-0.0276504677755726,0.1351808290234067,0.8786205841983812,0.8608328025516505,0.7801472889302248
Ucp2,0.1048951048951048,0.5737373737373737,1.0,-0.0789614238518652,-0.0188844632021197,0.0366156195394723,1.9651754260465624,1.94003345472243,0.7801472889302248
P2ry6,0.0069930069930069,0.1303807303807303,0.7209013209013208,-0.6820180247120299,-0.3240408300356072,-0.0192362777267659,0.7709636772339233,0.6146776868905802,0.7801472889302248
Lamtor1,0.0946411198588863,0.3695514440500871,0.8744661318050502,-0.0319457345925602,0.2991263142176897,1.3191195754338585,0.5321119778103133,0.6390252153936031,0.7801472889302248
Nup98,0.1048951048951048,0.6453768453768453,1.0,-0.3621596625920718,-0.0825757157008738,0.1535998302742038,0.6316620166092916,0.6030191807923617,0.7801472889302248
Rhog,0.0179620677464387,0.2786324786324786,0.959129759129759,-0.4237609680723156,-0.1455220789108233,0.0895477489807738,0.8078065817379088,0.7290880710912464,0.7801472889302248
Timm10b,0.1048951048951048,0.5737373737373737,1.0,-0.3590677713372672,-0.1340944526289299,0.0639010466892886,0.7056966987935092,0.6381976581387283,0.7801472889302248
Taf10,0.0498834498834498,0.2786324786324786,0.959129759129759,-0.0447989963647326,0.1321547566053207,0.2838473624351166,0.907744690788284,0.9941636197423054,0.7801472889302248
Tpp1,0.0311229657917358,0.2786324786324786,0.959129759129759,-0.0861431277850877,0.2415080342196096,0.4559640686011418,0.6209670096237553,0.7408891308890645,0.7801472889302248
Eif3f,0.0498834498834498,0.3822843822843822,1.0,-0.0409197937681873,0.041660213291227,0.1403110762995541,1.348567888011695,1.384208808296265,0.7801472889302248
Rpl27a,0.1303807303807303,0.5053613053613053,0.959129759129759,-0.0061794690838568,0.031482009199277,0.0631097445982938,3.340313943342891,3.414949173465825,0.7801472889302248
Dennd5a,0.044406322145509,0.2575318164737318,0.8729594252880423,-0.2766498427878665,0.8557123967771028,29.057675237043483,0.2789311215915122,0.5358879038983133,0.7801472889302248
Eif4g2,0.1948717948717948,0.7209013209013208,1.0,-0.1172037213778303,0.0079527769279287,0.1383559614997188,1.2077653248956048,1.2144630077693337,0.7801472889302248
Copb1,0.1025458809789091,0.5606272147226752,1.0,-1.4995678623477788,-0.4287639995190051,0.1361296354767494,0.5428175588103734,0.398780104827755,0.7801472889302248
Psma1,0.0147630147630147,0.2786324786324786,0.959129759129759,-0.0202510316556526,0.1749897559679503,0.3773685069967913,0.5743570566360622,0.6500878571201683,0.7801472889302248
Rps13,0.1303807303807303,0.5737373737373737,1.0,-0.0529587206325932,-0.0158469593710163,0.0220976517471132,3.0429990819313524,3.009725013018416,0.7801472889302248
Rps15a,0.1948717948717948,0.7209013209013208,1.0,-0.0311787101327839,0.0070263666377787,0.0420776332378823,3.09547949081491,3.109315556430777,0.7801472889302248
Arl6ip1,0.0281274281274281,0.3822843822843822,0.959129759129759,-0.061279575017801,0.1077485869689509,0.2634356795384107,0.8340863331767798,0.9023946694207214,0.7801472889302248
Smg1,0.0248545333757487,0.3648813140419181,1.0,-0.6364653854275627,2.020202812215869,28.78682523242962,0.0937729010708497,0.3286370556487345,0.7801472889302248
Itpripl2,0.0785934912071024,0.5283087192353848,1.0,-2.688112616364968,-0.5406355437780286,0.358815632754499,0.5327338020241921,0.3588456609841887,0.7801472889302248
Gde1,0.0279409479409479,0.1948717948717948,0.7984459984459983,0.0015250121993756,0.1795705242633363,0.3594288923398805,0.9625180408519692,1.0865453455577438,0.7801472889302248
Igsf6,0.0498834498834498,0.4418026418026417,1.0,-0.3086388097589424,-0.0849633024158145,0.1245568652363991,0.9052082159809862,0.859450536516013,0.7801472889302248
Ndufab1,0.0281274281274281,0.2786324786324786,0.8784770784770783,-0.936570189400182,-0.2665195432098901,0.0046669357951453,0.6653497573225721,0.554098894078052,0.7801472889302248
Prkcb,0.0052500290754202,0.0404213463806162,0.3648813140419181,0.1431044147538774,1.1947895244597166,29.262528902703792,0.26241252639759,0.6134794122140376,0.7801472889302248
Rbbp6,0.1948717948717948,0.7209013209013208,1.0,-0.1069917960485793,0.0584032432076709,0.2484667572573668,0.7784023168367191,0.810020698251665,0.7801472889302248
Arhgap17,0.0658827641887259,0.5737373737373737,1.0,-0.1607230872852696,0.0956673186058465,0.4698084741167295,0.587092405305611,0.6239714139969766,0.7801472889302248
Il4ra,0.0498834498834498,0.4418026418026417,0.959129759129759,-0.3198309117608204,-0.145510602093239,0.0390358782745615,0.7647906848365125,0.6900998129427313,0.7801472889302248
Eif3c,0.0104118104118104,0.1948717948717948,0.7984459984459983,-0.0308070359299934,0.1253413231146639,0.30434625458061,0.9119954852431986,0.99478601048626,0.7801472889302248
Bola2,0.0649572649572649,0.5053613053613053,1.0,-0.0766198034582557,0.1209498171263629,0.3324402790711165,0.6772085775571932,0.7318188050356436,0.7801472889302248
Coro1a,0.1303807303807303,0.6453768453768453,1.0,-0.1524261324123125,-0.0117983936349108,0.0923005225099312,1.4037262242541113,1.3874250273589612,0.7801472889302248
Gdpd3,0.0829836829836829,0.5053613053613053,1.0,-0.0602960687592621,0.1079511544311807,0.2452369888911392,1.5379504104116286,1.66327801584367,0.7801472889302248
Aldoa,0.0829836829836829,0.4418026418026417,0.959129759129759,-0.1662070096032088,-0.0679190563697333,0.0255003345838239,1.2965897166064575,1.2384318080243877,0.7801472889302248
Tmem219,0.1480106940237816,0.7011912626598479,1.0,-28.643186877366347,-0.4143452277369369,28.462272676695324,0.281870838624248,0.1945968963078782,0.7801472889302248
Itgal,0.0245839075307487,0.214946955169527,0.7013883082354695,-29.052692275863016,-1.527413138039311,-0.2254580915860506,0.5089299964883092,0.1656262037314805,0.7801472889302248
Fus,0.1048951048951048,0.5737373737373737,1.0,-0.0823408346392855,0.0804910793251654,0.2392137355546875,0.935018148671736,0.9830950343942384,0.7801472889302248
Pycard,0.1948717948717948,0.7209013209013208,1.0,-0.2105915222442101,0.0183020351397204,0.2857624122639471,0.8592286860190175,0.8704794547922403,0.7801472889302248
Itgam,0.0008598969101507,0.0090090961446315,0.1455802582029124,-29.53748985356243,-1.8272552916575464,-0.631855359977086,0.7522381857257239,0.20503373399157,0.6907835753989593
Itgax,0.0498834498834498,0.3442073387850138,0.959129759129759,-0.0720825606121792,0.244286201674905,0.5674788600705056,0.6300992415701803,0.7414491379871657,0.7801472889302248
Rgs10,0.1605283605283605,0.6453768453768453,1.0,-0.0374657717585517,0.0364816014191209,0.111271749707252,1.56702021046747,1.6089842866727977,0.7801472889302248
Ptpre,0.0829836829836829,0.5992415158356712,1.0,-0.156691809024009,0.0723040668853655,0.2943842895889146,0.6895243481861899,0.7248523651228621,0.7801472889302248
Glrx3,0.2496751994882275,0.7058654396235203,1.0,-1.048421419400582,0.0521274845398591,1.6563163285271305,0.4341938576561375,0.4333865605695099,0.7801472889302248
Ifitm2,0.1303807303807303,0.7209013209013208,1.0,-0.1707506289810813,-0.0284271074386115,0.1306249472761451,1.8023068330717864,1.7623272028455137,0.7801472889302248
Ifitm3,0.0104118104118104,0.2786324786324786,0.959129759129759,-0.0490968885714624,0.1557865271804815,0.3493920598072985,1.17501619686489,1.311275601381055,0.7801472889302248
Rnh1,0.1048951048951048,0.3822843822843822,0.959129759129759,-0.0493667548899475,0.1383548063334599,0.3383576179628204,0.82516004005564,0.9077887471393326,0.7801472889302248
Taldo1,0.0147630147630147,0.2344988344988344,0.959129759129759,0.0032325329775305,0.1544200613073588,0.2894393871043111,1.1045078864653677,1.230972835681435,0.7801472889302248
Rplp2,0.2344988344988344,0.7209013209013208,1.0,-0.0278928458051562,0.0063695147776598,0.0492654061379386,2.96712666155637,2.98190344610345,0.7801472889302248
Ctsd,0.0279409479409479,0.2146853146853146,0.7984459984459983,0.0015506969449425,0.1300183327868903,0.2663641129503868,1.35862785806819,1.4876286949793112,0.7801472889302248
Mrpl23,0.0147319011399459,0.1029269255551373,0.4011942819592673,-0.90653456786211,-0.40294282520963,-0.1144415650664854,0.7137089067022205,0.540910581278807,0.7801472889302248
Cd81,0.0279409479409479,0.3822843822843822,1.0,-0.4142888789120003,-0.1043891818931713,0.1201572025558148,1.3936940114780465,1.3020182111044365,0.7801472889302248
Pet100,0.3706183398171955,0.7913911161280311,1.0,-28.577170833464447,-0.2487587400745504,0.4358805581019964,0.4939020049898515,0.402608391481316,0.8016992708494454
Arglu1,0.0229215547738114,0.2444968573844136,0.95799832386793,-0.1903019201093847,0.411443473117199,28.901309155612296,0.4163882910938478,0.5705070003429094,0.7801472889302248
Irs2,0.062036473469799,0.4883708485316103,1.0,-28.97212979548666,-0.909659773635124,0.8261278876212959,0.4506835217062075,0.2279989897927627,0.7801472889302248
Rab20,0.0281274281274281,0.3822843822843822,0.959129759129759,-0.1978445452093569,-0.0843409540079173,0.0302193786602021,1.0887073384200725,1.0248643721807351,0.7801472889302248
Lamp1,0.0147630147630147,0.1048951048951048,0.5053613053613053,0.0446588053132725,0.0963374645834846,0.1636723498317268,2.3633757982767447,2.5325099232851374,0.7801472889302248
Cln8,0.0658678363072091,0.5623719669710694,1.0,-1.0041745864157543,-0.2370265708669046,0.2146943002297065,0.563196323119557,0.4777331093093432,0.7801472889302248
Vdac3,0.1689050447871006,0.6854434826775221,1.0,-28.70501621108128,-0.8762771331065249,27.303355707571903,0.210668953566975,0.124814845103642,0.7801472889302248
Ikbkb,0.0180440947460136,0.1718517022196694,0.7525377274994569,0.0265045417502501,0.2752027506575689,0.5614164061628669,0.571561946138646,0.6897692231134207,0.7801472889302248
Tm2d2,0.1454638334839635,0.7011912626598479,1.0,-28.07902889613897,-0.2541787940109433,2.2976243079645853,0.4705487913177487,0.3706666782816317,0.7801472889302248
Tacc1,0.0502654335446051,0.3716774469130736,0.959129759129759,-0.1995094908389088,0.272240983029148,2.936570214360525,0.4378237156229991,0.5394901355155011,0.7801472889302248
Nsd3,0.1163008546420284,0.4109392401761573,0.958555419076078,-0.9074103740578172,2.4857542409634146,28.963688082850467,0.0855183463591022,0.3386013575008482,0.7801472889302248
Zfp703,0.0069930069930069,0.1605283605283605,0.7984459984459983,-0.5381380716398547,-0.2716383225105057,0.0230036628322298,0.8105868965699015,0.6713371592017306,0.7801472889302248
Plpbp,0.1266856129229834,0.7090730856847203,1.0,-0.5305725249765854,-0.0018710241084434,0.2528557229370007,0.5500727091591111,0.5497085471979772,0.7801472889302248
Rab11fip1,0.1309772023566816,0.5576726074341468,1.0,-0.1616565723984593,1.069155317704241,29.104133851026518,0.2667281823205091,0.5503196417826779,0.7801472889302248
Leprotl1,0.1384465972897402,0.6945980769823016,1.0,-28.73291333506785,-0.2166417664964978,27.940467255387883,0.2327460324694293,0.201022303285114,0.7801472889302248
Saraf,0.1879099426963701,0.7209013209013208,1.0,-0.4371500346199499,0.0486667047321987,0.2760640381096871,0.5397217262046226,0.558304931905725,0.7801472889302248
Msr1,0.1948717948717948,0.7209013209013208,1.0,-0.1918677186122812,0.0657301664775696,0.3518556522771416,0.7429440881361089,0.7751292044169171,0.7801472889302248
Asah1,0.0281274281274281,0.2344988344988344,0.8784770784770783,-0.1858792327939092,-0.0875101242439225,0.0101920093352609,1.3190975845944926,1.2379958803121975,0.7801472889302248
Slc25a4,0.0147630147630147,0.2786324786324786,0.960151515151514,-0.0714562777946941,0.1884381899730605,0.534333802909178,0.5521946648394254,0.6286420413253182,0.7801472889302248
Hmgb2,0.1948717948717948,0.7209013209013208,1.0,-0.2509875750838534,-0.043298669806128,0.1512643715977233,0.9723636781262156,0.9420396164665716,0.7801472889302248
Atp6v1b2,0.1948717948717948,0.6453768453768453,1.0,-0.08843725090645,0.1298057392561412,0.3264544603286939,0.7009056630693487,0.7679215438685905,0.7801472889302248
Ndufa13,0.0498834498834498,0.5053613053613053,1.0,-0.2050423264148199,-0.0710238536082995,0.0656749518032022,1.24953479674277,1.188409044769935,0.7801472889302248
Rex1bd,0.1025077345151939,0.5360376922632022,1.0,-2.807460795019852,-0.6352557953006237,0.1698651112865323,0.5391422177846361,0.3469585611818385,0.7801472889302248
Uba52,0.3282051282051281,0.7984459984459983,1.0,-0.36753128924003,-0.1549478344411887,0.1209004253158203,0.7706857736197373,0.6882390361596288,0.8016992708494454
Fkbp8,0.2237103149867649,0.7840226582999281,1.0,-1.4185468506167402,-0.0300395612886386,1.213504525241598,0.3932794942532315,0.4366046249044716,0.8016992708494454
Lrrc25,0.0234641873132727,0.2687359373937462,0.9575006903366504,-1.125399448491819,-0.4068000598655761,-0.000638069133489,0.5914513911930768,0.4460213334233512,0.7801472889302248
Jund,0.1303807303807303,0.5053613053613053,1.0,-0.1555029726507408,-0.0460119151554223,0.0849269230297864,1.7281603436369777,1.6711029218917113,0.7801472889302248
Ifi30,0.0029254079254079,0.0498834498834498,0.3822843822843822,0.0589174045707985,0.169490175075177,0.262465334228631,2.2388109995582,2.51694483747676,0.7801472889302248
Rpl18a,0.0069930069930069,0.0829836829836829,0.5737373737373737,0.0306953005092755,0.0682012781095861,0.1038738959152124,2.9086841682637825,3.04923192102149,0.7801472889302248
Use1,0.0591504362583107,0.4239989896164244,1.0,-0.6605617670149317,0.3929672405809825,2.4151509544028844,0.3690949129124695,0.500211466330786,0.7801472889302248
Bst2,0.0104118104118104,0.1048951048951048,0.5737373737373737,0.0539623903544827,0.3558689145273448,0.6004650590173436,0.895494608599244,1.1454752253891725,0.7801472889302248
Pgls,0.0006216006216006,0.0206682206682206,0.2786324786324786,-0.5331776264907238,-0.2443890893085114,-0.0932572045845243,0.7432766001656594,0.6278900156029861,0.7801472889302248
Tpm4,0.0018648018648018,0.0281274281274281,0.3282051282051281,-0.5440644033706185,-0.3179797274263948,-0.1294624140227943,1.1708813864482088,0.9398665139086744,0.7801472889302248
Fam32a,0.0219109698020534,0.214946955169527,0.8729594252880423,-0.1205075111220789,0.6846531150900215,29.180223457938983,0.356077861449567,0.582650311346363,0.7801472889302248
Sin3b,0.0649572649572649,0.6453768453768453,1.0,-0.1433651274958375,0.0505209624960462,0.1931992219496103,0.6739565507118583,0.7018301211928843,0.7801472889302248
Smarca5,0.0281274281274281,0.3282051282051281,0.959129759129759,-0.2889103725685116,-0.1045670439890515,0.0752057463545151,0.8634903330587242,0.8048463121284002,0.7801472889302248
Tbc1d9,0.1033079701313654,0.5992415158356712,1.0,-0.0994137868087681,0.148236639424786,0.3965915635348283,0.6210393479693618,0.6900692516114821,0.7801472889302248
Ndufb7,0.0147630147630147,0.1303807303807303,0.6453768453768453,-0.3564697495922379,-0.1745715344212568,-0.0169488880670634,0.9673252732493678,0.8576822317874886,0.7801472889302248
Tecr,0.0641270276279999,0.5176341185833455,1.0,-1.4473084279201192,0.8432752158210044,28.75299792715496,0.210668953566975,0.4048154571188882,0.7801472889302248
D8Ertd738e,0.0046620046620046,0.1303807303807303,0.7984459984459983,-0.2366799147333764,-0.1200814778412575,-0.0060315185082709,1.17069270726036,1.0798388570508288,0.7801472889302248
Calr,0.0498834498834498,0.5053613053613053,1.0,-0.1382127518702852,-0.0270427926792476,0.0686287568564994,1.8817077909285065,1.845724979459595,0.7801472889302248
Prdx2,0.0568084358325113,0.3169975086812533,0.957492737513927,-29.06900436447192,-0.7228766885497582,0.0606094709541348,0.5485669363730306,0.3366766921477526,0.7801472889302248
Junb,0.0029526029526029,0.0498834498834498,0.3282051282051281,-0.2021021886875771,-0.1381404561955002,-0.0644484699986598,2.86984884688276,2.606136159530261,0.7801472889302248
Trir,0.0018648018648018,0.0649572649572649,0.7209013209013208,-1.020795369035343,-0.2970691363305913,-0.0557899865732828,0.6637884387493898,0.5425906617700688,0.7801472889302248
Man2b1,0.0498834498834498,0.3822843822843822,0.959129759129759,-0.0525344419256287,0.0719340529541212,0.1935199525482956,1.25413577301281,1.3176433658186548,0.7801472889302248
Dnaja2,0.2786324786324786,0.7209013209013208,1.0,-0.1561392569308544,0.0274686703090065,0.209848330815039,0.6555055977510588,0.6701279953915336,0.7801472889302248
N4bp1,0.0238375009673449,0.2444968573844136,0.95799832386793,-0.9462159089533756,-0.2631953956740921,0.0855551107060898,0.6415762539484577,0.5282347166384085,0.7801472889302248
Adcy7,0.2073914000366514,0.7101136277070772,1.0,-1.4351814296848708,1.399300471632429,28.77181422646088,0.1145982762575445,0.3408383484665845,0.7801472889302248
Snx20,0.0237658095149077,0.3282051282051281,0.959129759129759,-0.4772086279057922,-0.1729568001331103,0.0567454858519647,0.7573557975251674,0.6761243778915811,0.7801472889302248
Lpcat2,0.1297435897435897,0.6453768453768453,1.0,-0.1928280331027175,-0.051061857330104,0.0872243568665323,1.0230492328950198,0.992003293536058,0.7801472889302248
Mt1,0.1048951048951048,0.6453768453768453,1.0,-0.0396895365696638,0.0657531333351529,0.1824126797873563,2.42121554751358,2.5424744024842374,0.7801472889302248
Herpud1,0.0498834498834498,0.4418026418026417,1.0,-0.3878021434953571,-0.1630984525840224,0.0718240267433064,0.8942889371139902,0.7956656194060914,0.7801472889302248
Atp6v0d1,0.0104118104118104,0.1948717948717948,0.8003532133873983,-0.3004140647781804,-0.1478667008490846,0.0469233909005255,0.830132704886122,0.7448517745310038,0.7801472889302248
Psmb10,0.1948717948717948,0.7209013209013208,1.0,-0.1872539357212089,0.0264792159998819,0.2136001280090934,0.7251044193671743,0.7450810785134994,0.7801472889302248
Nfat5,0.0485974356945255,0.4858640717097421,1.0,-2.512910219188878,-0.5573443578186189,0.0866995323202727,0.628383507975278,0.4256978239472299,0.7801472889302248
Zfhx3,0.0829836829836829,0.4418026418026417,0.959129759129759,-0.5984383395240981,-0.130168766424739,0.1181332395596013,0.6312507235704783,0.580624830427459,0.7801472889302248
Ist1,0.2268047955085498,0.7209013209013208,1.0,-0.1091409085749167,0.1321828704400912,0.4516087541453289,0.5624692032695158,0.6185741630701094,0.7801472889302248
Glg1,0.2243131265111537,0.7463178799324552,1.0,-27.623228409999527,1.1274391693950463,28.489924469965175,0.1120920113382922,0.1656262037314805,0.7993396428180808
Gabarapl2,0.1275273133578452,0.6741981971505068,1.0,-0.274480998232118,0.0057222345240215,0.2678537383307732,0.581358485526758,0.5846953231832283,0.7801472889302248
Cmip,0.1501208222419232,0.7058654396235203,1.0,-0.5868378910343133,0.3367839257884791,1.4872564657725789,0.419320349882552,0.5489413446788407,0.7801472889302248
Hsbp1,0.0829836829836829,0.6453768453768453,1.0,-0.2594782224583479,-0.0616019156993385,0.1375339848052672,0.6527426100153806,0.6249612512729678,0.7801472889302248
Cotl1,0.1297435897435897,0.6453768453768453,1.0,-0.0937963755378824,-0.001294364423414,0.0712576932510078,1.45912105734937,1.4602316095868826,0.7801472889302248
Cox4i1,0.2786324786324786,0.7209013209013208,1.0,-0.0449071648473778,-0.0033726301420683,0.0428193378086055,2.258381404932442,2.252908164498767,0.7801472889302248
Irf8,0.2786324786324786,0.6453768453768453,1.0,-0.2099803992881825,-0.0783434322200166,0.0707024013975571,1.233819920315385,1.1688697970007211,0.7801472889302248
Map1lc3b,0.0498834498834498,0.4418026418026417,0.959129759129759,-0.231569476494733,-0.0804321345012016,0.060108251844029,1.2429437055676864,1.17700152114259,0.7801472889302248
Cyba,0.1303807303807303,0.6453768453768453,1.0,-0.0447532418738483,-0.00284974390633,0.0469982274461092,2.61785841696676,2.6161487950038538,0.7801472889302248
Aprt,0.1303807303807303,0.6453768453768453,1.0,-0.2739007201865808,-0.0813607736321121,0.1301850325126183,1.0049473796825563,0.9453349618787436,0.7801472889302248
Trappc2l,0.0073588222752049,0.0828964098822239,0.5743139158835239,0.0311148077637286,0.3491442064498801,2.261888516957595,0.4569970508931672,0.5812728384918471,0.7801472889302248
Ankrd11,0.1297435897435897,0.5737373737373737,1.0,-0.161245456344918,-0.0736392999759518,0.0244745983522638,1.3191083022517751,1.250056944567164,0.7801472889302248
Rpl13,0.1303807303807303,0.5053613053613053,1.0,-0.0342617590241801,0.0087016583893681,0.0498759383966682,3.461710949750434,3.4826670723221422,0.7801472889302248
Tcf25,0.0649572649572649,0.5053613053613053,1.0,-0.0642785261822721,0.0864470166080522,0.2295551316920768,0.9548815590827872,1.0147229296154148,0.7801472889302248
Irf2bp2,0.1048951048951048,0.3822843822843822,0.8784770784770783,0.016009355227393,0.1391329076886817,0.2615706977290196,1.1277688136065576,1.2405657565761152,0.7801472889302248
Tomm20,0.001087801087801,0.0498834498834498,0.3822843822843822,0.0734890057592327,0.1768158200407404,0.2890955347670935,1.53715111018099,1.74017947208057,0.7801472889302248
Itgb1,0.0495843045843046,0.2786324786324786,0.8784770784770783,-0.2635638472820699,-0.1377697136122507,0.0207899878429525,1.1981382095334423,1.0894444041987397,0.7801472889302248
Dcun1d5,0.0404103027947572,0.4295368450634365,1.0,-0.2503882086814529,0.156567832196302,0.6708307202899461,0.5243985095776725,0.5841272208805415,0.7801472889302248
Tmem123,0.0645804195804195,0.3282051282051281,0.8784770784770783,-0.019055870757228,0.1271047028963325,0.2656346468562214,0.9862441968890104,1.0763816739815426,0.7801472889302248
Cwc15,0.1275273133578452,0.5992415158356712,1.0,-0.1863949353929365,0.0936947949493388,0.3618063415444816,0.5827256160556187,0.6218088026820918,0.7801472889302248
Taf1d,0.0065288595774301,0.0785934912071024,0.5967990595834041,0.1357966709505754,1.700556546670539,29.22186540136647,0.1760990822384455,0.5771472246192012,0.7801472889302248
Ubl5,0.0829836829836829,0.3282051282051281,0.8784770784770783,-0.0292082414639034,0.0758573379371846,0.1782368840683071,1.408232359127623,1.48671156320989,0.7801472889302248
Cdc37,0.2496751994882275,0.7840226582999281,1.0,-28.32338417561796,-0.0134809944307006,28.184158920123703,0.2290173900570165,0.2335663823180604,0.8016992708494454
Ldlr,0.0245839075307487,0.3409871533819059,1.0,-0.594824197657863,0.9489995167937946,29.005923897993817,0.2401478356533427,0.4721238769435805,0.7801472889302248
Acp5,0.0006216006216006,0.0147630147630147,0.1948717948717948,0.1636323205367006,0.2990617922435531,0.4437435208442277,1.7504549104946112,2.1511895478907777,0.7073944573944543
Sept7,0.1048951048951048,0.3822843822843822,0.959129759129759,-0.3698691865929037,-0.1342268896403355,0.0785692834508633,0.6602720192192083,0.6025405540550071,0.7801472889302248
Aplp2,0.0122413863708278,0.1179173600517424,0.6362745843018256,-29.126490241505195,-2.2587799036087186,-0.5423672906729097,0.5394860110113339,0.1083949240500855,0.7801472889302248
Hspa8,0.2775291375291375,0.7209013209013208,1.0,-0.07306422662215,-0.007630143603759,0.0653601795337028,2.2472309076706725,2.2372779226959603,0.7801472889302248
Sorl1,0.0719072352608861,0.3648813140419181,0.95799832386793,-0.12587634425994,0.3226032110188027,1.4135566766138552,0.4677401703303215,0.587038957956621,0.7801472889302248
Cbl,0.3282051282051281,0.792746526993248,1.0,-0.2013960921701427,-0.0060077426288635,0.1938310025522987,0.8695270678512065,0.865526224024938,0.8016992708494454
Rps25,0.3282051282051281,0.7984459984459983,1.0,-0.0735473079743262,-0.0210893230517747,0.0222417616922656,2.65574822127878,2.61792368894531,0.8016992708494454
Ddx6,0.1605283605283605,0.7209013209013208,1.0,-0.0863060176578111,0.0280979169966116,0.155654529650934,0.920270684200879,0.938755026205678,0.7801472889302248
Atp5l,0.2786324786324786,0.7984459984459983,1.0,-0.0500895634401767,-0.0005350255723539,0.0460687813756468,2.073323680557855,2.069982864126352,0.8016992708494454
Cadm1,0.0502654335446051,0.4295368450634365,1.0,-2.2405627511923303,-0.4554338353365265,0.1921231890259859,0.592646553101061,0.431738859176471,0.7801472889302248
Rbm7,0.0498834498834498,0.3822843822843822,0.959129759129759,-0.3502628136691519,-0.1144128412767648,0.0796253101204384,0.7745352471263031,0.7167271697741551,0.7801472889302248
Sdhd,0.1181742865686442,0.6136987693023748,1.0,-28.83194768108495,-1.7802141911370124,1.6606868971896978,0.3217176960877299,0.124814845103642,0.7801472889302248
Timm8b,0.0177903286236667,0.1559493936014953,0.6355065570939342,0.0488072629962216,0.2796555471388044,0.8632515609257053,0.5244085484056396,0.6340834896543486,0.7801472889302248
Psma4,0.0498834498834498,0.5053613053613053,1.0,-0.1571137204376016,0.065533495554698,0.2841908242365364,0.7768185895509109,0.8052517241266361,0.7801472889302248
Cox5a,0.1948717948717948,0.6453768453768453,1.0,-0.0660899069855926,0.0143987957705101,0.1336907750054855,1.74509582698793,1.75923776531474,0.7801472889302248
Scamp2,0.0518570202911714,0.4900025128506556,1.0,-1.610049422369627,-0.2252960187509585,0.1347844305511861,0.5739798991300032,0.492408494603256,0.7801472889302248
Nptn,0.0926516686095554,0.5283087192353848,1.0,-0.2470726302296446,0.0768480128746197,0.2845355003578522,0.559548684740373,0.5926524241268745,0.7801472889302248
Arih1,0.1948717948717948,0.7209013209013208,1.0,-0.23800514529008,-0.0237936226998821,0.1957079859831855,0.6523219840565139,0.6433724085722132,0.7801472889302248
Hexa,0.0147630147630147,0.2786324786324786,0.959129759129759,-0.2201373432345858,-0.0983115210991743,0.0295233938196707,1.276506956872415,1.1898843063867726,0.7801472889302248
Pkm,0.1948717948717948,0.7209013209013208,1.0,-0.1725236564413701,-0.0074500096293552,0.1463637559125342,1.16178074658154,1.1549101576680223,0.7801472889302248
Rplp1,0.0649572649572649,0.2786324786324786,0.7984459984459983,-3.4782862606053976e-05,0.016446895618129,0.033408193130326,3.74120893551689,3.7803919495449128,0.7801472889302248
Fem1b,0.1220693218353719,0.6217687412649331,1.0,-28.8433240768736,-0.9565719267773704,26.59476535522773,0.3716328727384554,0.182543568963817,0.7801472889302248
Rpl4,0.0104118104118104,0.1948717948717948,0.959129759129759,-0.0002775253296073,0.0467310021228585,0.1123500539086913,2.0468136843168434,2.112073513157625,0.7801472889302248
Rab11a,0.1117076503738006,0.5576726074341468,1.0,-28.906360851149035,-0.7505972808436376,0.2842767004676785,0.4955455909095142,0.2948060478350972,0.7801472889302248
Dennd4a,0.1048951048951048,0.5053613053613053,1.0,-0.0610765425504443,0.103085248369139,0.2634930061069766,0.937055550411689,1.0020595974674436,0.7801472889302248
Plekho2,0.0069930069930069,0.1303807303807303,0.7209013209013208,0.0777965932374133,0.2297770065783468,0.3763524884480387,0.986838442480132,1.160926203064585,0.7801472889302248
Ppib,0.0829836829836829,0.5053613053613053,1.0,-0.1610516937297955,-0.0801784244411427,0.006652314365302,1.4541164972717002,1.374090922364255,0.7801472889302248
Rab8b,0.2344988344988344,0.7209013209013208,1.0,-0.1734808249957499,-0.0253702188453636,0.1205513404224877,1.1487953284083026,1.1297446504594726,0.7801472889302248
Rps27l,0.1303807303807303,0.5737373737373737,1.0,-0.1154529083512951,-0.0195852678010039,0.0661502154857186,1.50318757826902,1.48140486173557,0.7801472889302248
Bnip2,0.1385464150989199,0.5737373737373737,1.0,-2.292253695360836,-0.2550146099895025,0.479222179549038,0.5160428737067565,0.4384969663498037,0.7801472889302248
Adam10,0.1832329769288219,0.6854434826775221,1.0,-28.45128413360905,-0.2425875010928828,27.700155713996207,0.1178997815173967,0.0957576094818935,0.7801472889302248
Arpp19,0.0206026175201654,0.1605283605283605,0.8784770784770783,-0.6120399953658681,-0.2272477746027825,-0.0112727073110225,0.7077969150348813,0.6060997280174127,0.7801472889302248
Myo5a,0.0037683700721513,0.0404213463806162,0.3282051282051281,0.1303302544687701,0.4837538443854799,2.4726169848314457,0.4635481804289607,0.6437967350034477,0.7801472889302248
Mapk6,0.3180689668505534,0.7984459984459983,1.0,-0.1684787946710587,0.0150493126773555,0.1918482387380689,0.6756018912215495,0.6826262330436652,0.8016992708494454
Tmod3,0.2715886742433745,0.7791362111653477,1.0,-27.068784538706797,1.1790308914254275,28.728722468837628,0.1407719378927737,0.2305517834099305,0.8016992708494454
Eef1a1,0.0279409479409479,0.2344988344988344,0.8784770784770783,-0.0032204941956826,0.0213912642309003,0.0429363468422214,3.8199389205604177,3.8817960750762985,0.7801472889302248
Cox7a2,0.0103263403263403,0.1303807303807303,0.6453768453768453,-0.2384051297396988,-0.1250266830412234,-0.0169937090324572,1.32439017185811,1.2161625173345976,0.7801472889302248
Tmem30a,0.0235441024125527,0.2202347585707377,0.8729594252880423,-0.5262993586565107,1.1192458107931151,28.9669131389274,0.2054952020658425,0.4614003532487917,0.7801472889302248
Syncrip,0.2069347835833251,0.7209013209013208,1.0,-0.2141947335109607,0.0697665915900054,0.3143333178780717,0.6151207158529874,0.6472375853978276,0.7801472889302248
Bcl2a1d,0.2344988344988344,0.7984459984459983,1.0,-0.5245282610391615,-0.1157540331873636,0.110211765551368,0.9208406089056632,0.8482091681117726,0.8016992708494454
Bcl2a1a,0.1948717948717948,0.6453768453768453,1.0,-0.2357430094575128,-0.059740841666116,0.1058863045720429,1.1635309353717114,1.1092059867380235,0.7801472889302248
Bcl2a1b,0.0498834498834498,0.2344988344988344,0.7984459984459983,-0.2751801001555155,-0.1562160154321148,-0.0272939968199857,1.84739377616315,1.6521805513359176,0.7801472889302248
Tmed3,0.0946411198588863,0.5531274454486008,1.0,-29.006463257282952,-1.1551876194978958,0.7039964129328493,0.478390698116217,0.1920525956389407,0.7801472889302248
Ctsh,0.2786324786324786,0.7209013209013208,1.0,-0.0983431499575208,-0.0435644929623951,0.0152310903736947,1.9874526057389608,1.9258731002668876,0.7801472889302248
Morf4l1,0.2786324786324786,0.7984459984459983,1.0,-0.0700139076169009,0.0129393017135697,0.0951030845770801,1.4592105202108288,1.475410935515765,0.8016992708494454
U2surp,0.2257251459990552,0.6876947299051773,1.0,-2.647890819037793,-0.6095737893803392,0.1595712199396602,0.5380736545836108,0.360536662344161,0.7801472889302248
Atp1b3,0.1948717948717948,0.7209013209013208,1.0,-0.1414775661200383,-0.0045178983574072,0.1576714372088287,1.0708816971238524,1.0636576553636323,0.7801472889302248
Rnf7,0.169000047821659,0.7090730856847203,1.0,-2.610849239654351,-0.5613294379793732,0.3211035861869504,0.5123914472969369,0.333168139929768,0.7801472889302248
Anapc13,0.0567389362798848,0.4675077652819017,1.0,-1.495700928902077,0.8395161360187211,28.83899290911024,0.2204192550748992,0.3971348711888087,0.7801472889302248
Trf,0.001087801087801,0.0069930069930069,0.0379176379176379,-0.7256016454348262,-0.5103675484148491,-0.3116217654299362,1.4463729814501425,1.008067266669593,0.6907835753989593
Cdv3,0.0829836829836829,0.6453768453768453,1.0,-0.1695752821651274,0.0466870339887205,0.2874674247603444,0.7386844618424868,0.7629042739758771,0.7801472889302248
Rpl29,0.1048951048951048,0.6453768453768453,1.0,-0.0710282760275765,0.1136221210531448,0.3302735283702632,0.7925603784840692,0.8526805991204338,0.7801472889302248
Manf,0.1605283605283605,0.6453768453768453,1.0,-0.2849822029458512,-0.0951374440253076,0.0552999901576496,0.986074940568074,0.9232042720465096,0.7801472889302248
Gnai2,0.0829836829836829,0.5737373737373737,1.0,-0.06552871022514,-0.020893122817032,0.0340243817794945,2.0590972410057526,2.029030187491975,0.7801472889302248
Rhoa,0.0649572649572649,0.4418026418026417,1.0,-0.1226977598520426,-0.0425333002983135,0.0275048099765763,1.5010439143200989,1.4592429400830125,0.7801472889302248
Gpx1,0.0001554001554001,0.0281274281274281,0.3822843822843822,0.0365450649027297,0.1193469954735945,0.1978305844286196,1.97305185698459,2.141258829981028,0.7801472889302248
Arih2,0.2344988344988344,0.7209013209013208,1.0,-0.1751919801206236,0.0189981574046806,0.2099946203958477,0.6335834823291203,0.643361516170316,0.7801472889302248
Shisa5,0.1048951048951048,0.6453768453768453,1.0,-0.1809847961816449,0.0411667248967832,0.266711167743857,0.6632880483485821,0.677614846335485,0.7801472889302248
Tma7,0.0376728826728826,0.2786324786324786,0.959129759129759,-0.195517461090008,-0.0840305577195564,0.0278141434770451,1.3123061339217,1.23496066324353,0.7801472889302248
Ccdc12,0.0234641873132727,0.1948717948717948,0.834544722532033,0.0343893618614119,0.2054037533094029,0.7411370444226377,0.5650881407227231,0.648118035339801,0.7801472889302248
Ccrl2,0.0379176379176379,0.3282051282051281,0.959129759129759,-0.3913315500516941,-0.1842091231425138,0.0070231717839322,1.447162972588745,1.2817543499145376,0.7801472889302248
Pdcd6ip,0.0135184698402608,0.2344988344988344,0.91629779799785,-1.1876573102197847,-0.2368645418017125,0.0485498797551341,0.6145213059439601,0.5189422089669791,0.7801472889302248
Rps27rt,0.0640530266738591,0.3514015705829848,0.9570017810351952,-28.910364755017365,-1.5841057076749685,0.5614729481867445,0.4417857979285602,0.1190322183831942,0.7801472889302248
Tgfbr2,0.0029526029526029,0.0649572649572649,0.6472649572649555,-0.4742756668013768,-0.276109558521338,-0.0581674794838201,0.896962137823292,0.7373049924951043,0.7801472889302248
Itga9,0.1384465972897402,0.6275008061114353,1.0,-1.5071083162810428,0.5181387745828772,28.810316350991428,0.2681961681772083,0.4201628041664195,0.7801472889302248
Cx3cr1,0.0829836829836829,0.5737373737373737,1.0,-0.2388364722979563,0.1520298302093446,0.5190795221583961,0.8442318390298509,0.9431281456896444,0.7801472889302248
Csrnp1,0.0069930069930069,0.0389486204319474,0.2476478461028965,-0.8896459700069874,-0.5210845696850982,-0.2194090887035457,0.8445293259567398,0.579546032676937,0.7801472889302248
Rpsa,0.0829836829836829,0.4418026418026417,0.959129759129759,-0.0204458874947105,0.0296867623593298,0.0749793842636823,2.800990056700408,2.858181860379244,0.7801472889302248
Rpl14,0.0281274281274281,0.2786324786324786,0.8784770784770783,-0.0163978709084353,0.0385666053063056,0.093333665012992,2.287474629661359,2.351682305451435,0.7801472889302248
Ctnnb1,0.2687359373937462,0.7922976624962125,1.0,-0.7409016587785334,-0.0023786287385987,0.2578075419446394,0.5845895979321293,0.5859407577384428,0.8016992708494454
Nktr,0.0069930069930069,0.1948717948717948,0.959129759129759,-0.0207769072467174,0.131400840009218,0.2711370359635702,0.9739314414033424,1.0695798405387866,0.7801472889302248
Higd1a,0.1501208222419232,0.7090730856847203,1.0,-28.409426758190115,-0.2875578793291466,27.721643148292085,0.3408547434113868,0.2611394257382495,0.7801472889302248
Lars2,0.2629842126711115,0.7723374412927804,1.0,-28.789296634188297,-0.5828873676936941,26.32214407881515,0.3586364470266707,0.2064642976513937,0.8016992708494454
Ccr1,0.0829836829836829,0.3822843822843822,0.959129759129759,-0.5606305638003826,-0.2211214866273445,0.0359712933072038,1.24510711216058,1.0756846962626183,0.7801472889302248
Ccr5,0.2344988344988344,0.7209013209013208,1.0,-0.2761741787366792,-0.0799277392732835,0.137237006480643,1.0891037410819011,1.0279609840231172,0.7801472889302248
Tab2,0.1249279148519578,0.672143970444527,1.0,-1.8972939738463608,-0.1230827922169431,0.4618392682052091,0.5372950161600167,0.4931055955082015,0.7801472889302248
Sash1,0.1221757823939265,0.6339972307873878,1.0,-1.991111099805108,-0.0742315989999141,0.6171740671153413,0.551474758273538,0.5164958069442227,0.7801472889302248
Sf3b5,0.1878274533316575,0.7090730856847203,1.0,-0.6369351851328152,0.0626774178721116,1.199640498798569,0.4952558907967772,0.5066441969074253,0.7801472889302248
Aig1,0.138855863107365,0.7011912626598479,1.0,-28.44082636182216,0.0343962040073696,1.900946537954704,0.4618636684365955,0.465785491331336,0.7801472889302248
Abracl,0.0498834498834498,0.1948717948717948,0.5737373737373737,-0.2924588610006513,-0.1443539538502186,-0.0172309443580813,1.23108935915949,1.112379949761779,0.7801472889302248
Tnfaip3,0.0003108003108003,0.0069930069930069,0.0829836829836829,-0.8164853696082597,-0.4973985155782512,-0.2737013690901317,1.3282087511529537,0.9497707838718636,0.6907835753989593
Ifngr1,0.3282051282051281,0.7209013209013208,1.0,-0.2307752410571215,-0.0040454854638062,0.1839970611680826,0.854676221231853,0.8499196760279457,0.7801472889302248
Bclaf1,0.1048951048951048,0.6453768453768453,1.0,-0.2568178448917249,-0.0591168933663193,0.1977828687110327,0.686010958594246,0.6550109105923063,0.7801472889302248
Sgk1,0.1948717948717948,0.7984459984459983,1.0,-0.2948524320611108,0.0268400012934122,0.3440315100000129,1.0524213254940027,1.080882381896265,0.8016992708494454
Rps12,0.1605283605283605,0.6453768453768453,1.0,-0.0167492995433393,0.0101264097456442,0.0376431910878002,3.4572654142879973,3.478616659962625,0.7801472889302248
Stx7,0.0069930069930069,0.1605283605283605,0.8004467754467735,0.0370977460071805,0.2163756506374976,0.4087438365609924,0.6120555214588268,0.7092508772793873,0.7801472889302248
Epb41l2,0.1948717948717948,0.7209013209013208,1.0,-0.1121641341206885,0.017765129153461,0.1883123121696149,1.159595841098185,1.1685648425279176,0.7801472889302248
Rwdd1,0.0727891754291459,0.491634177169701,1.0,-27.755485732165223,0.6912801827696773,28.75539506319533,0.220841253698301,0.3394772978072612,0.7801472889302248
Marcks,0.0018648018648018,0.0379176379176379,0.3282051282051281,-0.3923812625886114,-0.2617345053452842,-0.133068441719849,1.6861853966879474,1.4011701239412575,0.7801472889302248
Cd164,0.0069930069930069,0.1605283605283605,0.8784770784770783,-0.3210242650587787,-0.1433771728696171,0.0438497016679408,0.9914624360594966,0.8987707542484853,0.7801472889302248
Snx3,0.1048951048951048,0.6453768453768453,1.0,-0.1648060241134946,-0.0166689269272906,0.1396765812939638,1.0354154804781524,1.0196383422130508,0.7801472889302248
Prdm1,0.2786324786324786,0.7525377274994569,1.0,-0.1127389634303924,0.1410404605472402,0.3659066644504657,0.6310926078344509,0.6985495264042715,0.7993396428180808
Lilr4b,0.1048951048951048,0.5737373737373737,0.959129759129759,-0.4126571723712368,-0.1954561340285662,-0.0295644378578392,1.1278644842981076,0.9845966228769903,0.7801472889302248
Lilrb4a,0.0649572649572649,0.3822843822843822,0.959129759129759,-0.2725663288971698,-0.1165040958700244,0.0106617637576,1.3552545877797302,1.2512113548939574,0.7801472889302248
Nus1,0.0135184698402608,0.1605283605283605,0.7111541697294341,-1.2993762653974086,-0.3344112983198976,-0.0054501167631242,0.6689282676039848,0.5262314274385806,0.7801472889302248
Man1a,0.0147630147630147,0.2344988344988344,0.959129759129759,-0.408266149198029,-0.1618853866723478,0.1164731445803372,0.8359491372325083,0.7428955704343521,0.7801472889302248
Serinc1,0.1597746697746697,0.5737373737373737,1.0,-0.3520972583449466,-0.1597485621337157,0.0450562363141796,0.7805415818220282,0.6980148098002623,0.7801472889302248
Smpdl3a,0.0065616501031227,0.0822168388123539,0.4305578876446536,0.0866707222415239,0.3690220826654632,1.5616637453018274,0.5027542522490309,0.6383014951337785,0.7801472889302248
Ranbp2,0.0281274281274281,0.5053613053613053,1.0,-0.0549403812038683,0.1266468878214179,0.3341654181550417,0.7395694045471822,0.8019840805035879,0.7801472889302248
Sowahc,0.0485974356945255,0.5244497218060842,1.0,-28.943391639047647,-1.530394622485985,26.57964260950932,0.2741272524742916,0.083898638411943,0.7801472889302248
Psap,0.1048951048951048,0.6453768453768453,1.0,-0.038231446951801,0.0081073744562975,0.0457040045595245,3.441553016379678,3.464201608271278,0.7801472889302248
Vsir,0.1048951048951048,0.5737373737373737,1.0,-0.1451830101627992,0.1036697427656948,0.3559120539120571,0.7015968485898543,0.7556127699183597,0.7801472889302248
Slc29a3,0.0343416738180014,0.3442073387850138,1.0,-0.6429018848852162,0.2227947836624383,1.090294291656969,0.4960652340867744,0.5756410445151328,0.7801472889302248
Sgpl1,0.1048951048951048,0.4418026418026417,0.959129759129759,-0.0699742749125839,0.0719362279217617,0.2250288001654221,0.8844977988867828,0.9291042597972332,0.7801472889302248
Sar1a,0.2257768083327037,0.7123816042098661,1.0,-0.5176024322597697,0.1144543015375124,0.37011497147736,0.5141796997199735,0.5560197843538337,0.7801472889302248
Vps26a,0.0561971119187938,0.4001604954956691,0.9570017810351952,-28.871173778124387,-1.9429050734763016,26.56079011408972,0.261964452877684,0.083182955853602,0.7801472889302248
Srgn,0.3282051282051281,0.7984459984459983,1.0,-0.0702185651582667,-0.0194102376917735,0.0378413312670144,2.791273514246928,2.7502193678847875,0.8016992708494454
Ddx21,0.0822168388123539,0.2697960790058185,0.7129894874507409,0.0924592519609184,0.3408394589976563,0.598593107149609,0.5427557733653302,0.6906250276167277,0.7801472889302248
Ccar1,0.0785934912071024,0.559149911078411,1.0,-1.4633798928288888,0.0382751638761085,2.0301042540664684,0.4359257631254667,0.4190335069447675,0.7801472889302248
Reep3,0.1057722078507525,0.7011912626598479,1.0,-28.74586076931922,-0.4463449617616444,1.7505254083556498,0.3657938956928815,0.2770692745559747,0.7801472889302248
Jmjd1c,0.0829836829836829,0.5053613053613053,0.960151515151514,-0.1050164222851033,0.0585678542593493,0.2211308886466434,1.087503781001055,1.1347870844926762,0.7801472889302248
Specc1l,0.1303807303807303,0.6453768453768453,1.0,-0.2037677874769815,0.0136160301291135,0.2363681638332924,0.8847610801480277,0.8966932104858449,0.7801472889302248
Snrpd3,0.2900470430093371,0.7840226582999281,1.0,-2.3021906247274075,-0.0466987104486882,0.913043568936856,0.4503900254286848,0.4218564424291751,0.8016992708494454
Mif,0.0649572649572649,0.5053613053613053,1.0,-0.187280812899695,-0.0378907855277795,0.0946312662005597,1.1355144601356235,1.1079624196792923,0.7801472889302248
Itgb2,0.1048951048951048,0.4418026418026417,0.960151515151514,-0.0090222491855027,0.1313678014617253,0.2334553619921041,1.0661080586740252,1.1736993190590623,0.7801472889302248
Pttg1ip,0.1454460923899246,0.6787937265610245,1.0,-28.76105032192537,-0.4537566582273418,2.248398502298437,0.3514226121138247,0.2486185322785332,0.7801472889302248
Rrp1,0.0324880551967707,0.2575318164737318,0.8739030607634299,-29.08123844575796,-1.204568608578953,-0.1346988008578813,0.554046929601677,0.233372286623187,0.7801472889302248
Cstb,0.3822843822843822,0.8784770784770783,1.0,-0.1228745827264115,-0.0494816389507367,0.0407070983586021,2.062886798525628,1.9884640673779148,0.8784770784770783
Pdxk,0.1163008546420284,0.5897737906589078,1.0,-27.727190005230508,0.8055675029913005,28.586107404361297,0.1082852378045482,0.2076833519457665,0.7801472889302248
Bsg,0.2344988344988344,0.6453768453768453,1.0,-0.1857125795019229,-0.0908586272559798,0.029814160619982,1.0959174079555098,1.02616445708672,0.7801472889302248
Ptbp1,0.2070983085993262,0.7090730856847203,1.0,-28.51983385493516,-0.2139273112008308,26.7503032874508,0.3632468248258044,0.3041357063508045,0.7801472889302248
Gpx4,0.0206682206682206,0.1605283605283605,0.7984459984459983,0.0266291670640187,0.1658283455665627,0.2651900704169299,1.25765662454052,1.4193697776626264,0.7801472889302248
Sbno2,0.0932822583292896,0.6217687412649331,1.0,-1.6324878364199895,0.4579023885603529,28.78039742444706,0.2270078434638385,0.3393090131162216,0.7801472889302248
Atp5d,0.0649572649572649,0.5053613053613053,1.0,-0.1630451066556832,-0.0280106664908835,0.0812770520845596,1.1710323250128738,1.15088317187842,0.7801472889302248
Cirbp,0.1388637976716842,0.6787937265610245,1.0,-26.740108234650663,0.1813760366897421,28.50877961574493,0.2289280764445762,0.2646805137767329,0.7801472889302248
Ndufs7,0.2202347585707377,0.7090730856847203,1.0,-2.190370640950117,-0.5094202971114703,0.5029978417132466,0.5133803192279037,0.3549353579353082,0.7801472889302248
Rps15,0.1948717948717948,0.7209013209013208,1.0,-0.0426740543736926,0.0151601234660483,0.0758031472653847,2.4151925940347247,2.4391479712562063,0.7801472889302248
Uqcr11,0.0069930069930069,0.0498834498834498,0.2786324786324786,-0.3280798034885801,-0.1993877931707607,-0.0689890155388481,1.2176495941248349,1.0633833429895023,0.7801472889302248
Dot1l,0.2257768083327037,0.7123816042098661,1.0,-0.8857509428679161,0.0175324258429946,0.7488452137057827,0.5370619781581742,0.539959590902445,0.7801472889302248
Oaz1,0.2786324786324786,0.7984459984459983,1.0,-0.0447539824944085,0.0046500990546687,0.0615648674795306,2.058674172552172,2.067135332138108,0.8016992708494454
Timm13,0.0018648018648018,0.0585216810711015,0.6453768453768453,0.0534175385303874,0.2646558315224036,0.4974811422374979,0.6010432356495355,0.720179803387569,0.7801472889302248
Gadd45b,0.0147630147630147,0.1948717948717948,0.7984459984459983,-0.3164515188003152,-0.155864879587194,-0.0061801499235637,1.63712512800939,1.46863335421527,0.7801472889302248
Eef2,0.0649572649572649,0.3282051282051281,0.959129759129759,-0.0092130007526989,0.0522607514910467,0.1113716315566774,1.9329716288261007,2.005961335394869,0.7801472889302248
Mrpl54,0.1266856129229834,0.6453768453768453,1.0,-0.400603713113681,0.1051111450994376,0.3251058945334115,0.5501534006180503,0.5918489417619365,0.7801472889302248
Pip5k1c,0.0104118104118104,0.1385464150989199,0.7922976624962125,0.034839073479531,0.3429320817400028,1.4554572174596612,0.4978012892133852,0.6224448711548383,0.7801472889302248
Tle5,0.0147630147630147,0.3282051282051281,1.0,-0.1089666560832138,0.1191359140905893,0.3159424191036785,0.7963725437196405,0.8621430966181199,0.7801472889302248
Txnrd1,0.1048951048951048,0.5737373737373737,1.0,-0.3076864815181451,-0.1305739446675371,0.070393120771887,1.3463940444990086,1.22162743288294,0.7801472889302248
Rtcb,0.0522595003179697,0.3593635170698864,0.9563151474800834,-1.1882542198112918,1.2831712066610017,29.033490546037843,0.162051711928063,0.381924906584979,0.7801472889302248
Hsp90b1,0.0379176379176379,0.3822843822843822,1.0,-0.1884085922950132,-0.0856073879270209,0.0170539108306396,1.988765604821657,1.87514983925244,0.7801472889302248
Slc25a3,0.1297435897435897,0.6453768453768453,1.0,-0.0901902524314043,-0.0305835874567382,0.0430027605987042,1.7085713053261902,1.669081438565925,0.7801472889302248
Snrpf,0.0495843045843046,0.3282051282051281,0.959129759129759,-0.3992451624628491,-0.184691299252166,0.0043508820073855,0.8729845175984385,0.7683435051603158,0.7801472889302248
Metap2,0.2257768083327037,0.7525377274994569,1.0,-0.2082032344143175,0.0613847218860736,0.2735763893611971,0.5865808082326442,0.6163977259821615,0.7993396428180808
Ndufa12,0.0667792049996952,0.3648813140419181,0.9590483657712308,-0.5586224029240515,1.5624533471386628,29.020346877656007,0.1281278219989017,0.4507161680639102,0.7801472889302248
Ube2n,0.0379176379176379,0.2697960790058185,0.8784770784770783,-0.0557630677817193,0.1593688711796231,0.3832172071439805,0.6018579318570685,0.6676950645045471,0.7801472889302248
Eea1,0.1948717948717948,0.7123816042098661,1.0,-0.7919687913545723,0.0160055904751829,0.3256813156748135,0.5434022540562705,0.5539371829872888,0.7801472889302248
Btg1,0.1597746697746697,0.7209013209013208,1.0,-0.085948330592075,-0.0199539056599846,0.0408090736952379,2.54978080193908,2.5153546618962626,0.7801472889302248
Atp2b1,0.0069930069930069,0.0281274281274281,0.1613869463869456,-0.2432927184930124,-0.1486322007942919,-0.0770533479922358,2.0632232144140223,1.8644073218024135,0.7801472889302248
Nap1l1,0.0649572649572649,0.3282051282051281,0.8784770784770783,0.062917892416399,0.1547641698881317,0.2416053456775478,1.1771940482126726,1.312969442192065,0.7801472889302248
Atxn7l3b,0.2687359373937462,0.7525377274994569,1.0,-0.96193272574898,-0.127762035378755,0.4279221395145118,0.5261382283797404,0.4709556928856695,0.7993396428180808
Cct2,0.1605283605283605,0.6453768453768453,1.0,-0.2400897106779156,-0.046344738592886,0.1251571436934017,0.7680988644848523,0.7435023762709307,0.7801472889302248
Lyz2,0.0046620046620046,0.1048951048951048,0.6472649572649555,0.002877499332317,0.0603224515001571,0.115912076486021,4.59524106943186,4.794424801679988,0.7801472889302248
Mdm2,0.1266856129229834,0.6339972307873878,1.0,-0.4115362143312267,0.1924515769323225,1.3846275874280702,0.493540560945206,0.5514152773014332,0.7801472889302248
Rap1b,0.0018648018648018,0.0379176379176379,0.3282051282051281,-0.2109344728454402,-0.1101207877822437,-0.0322879179873892,1.7259321812611763,1.6028849434540224,0.7801472889302248
Tmbim4,0.1048554265260114,0.4900025128506556,0.958117093999278,-0.6978058476981617,-0.176970215542795,-0.0031016708481173,0.649140088953126,0.5769187938472824,0.7801472889302248
Llph,0.0379176379176379,0.3282051282051281,0.959129759129759,-0.0139330688372474,0.2363399943699279,0.4417688933864315,0.5732629993451941,0.6764996080537724,0.7801472889302248
Gns,0.1048951048951048,0.4418026418026417,0.959129759129759,0.0039753264872761,0.1097015238701414,0.2501764709832659,1.1773464380754262,1.267386170682966,0.7801472889302248
Rassf3,0.1605283605283605,0.6362542681663956,1.0,-0.74828923849506,-0.1624234900195034,0.0742532892785616,0.711740256405281,0.6434532575228245,0.7801472889302248
Os9,0.0399796029462569,0.4274785219508331,1.0,-0.838126357908281,0.2441530113554876,2.6323054062478564,0.4122153483569327,0.5004178784808027,0.7801472889302248
Dctn2,0.1480106940237816,0.6854434826775221,1.0,-27.64219954098028,0.7220597988024904,28.375494657978727,0.0855183463591022,0.1325254318555647,0.7801472889302248
R3hdm2,0.2243131265111537,0.7173273000417575,1.0,-28.30802435373445,0.0,28.47579720102248,0.0987248534746892,0.1104532279786527,0.7801472889302248
Naca,0.3282051282051281,0.7984459984459983,1.0,-0.0628664817224431,-0.0022058904988485,0.0721086336882889,2.0309276942267127,2.030002594944732,0.8016992708494454
Ptges3,0.1605283605283605,0.6453768453768453,1.0,-0.1412043065322451,0.0421305103110004,0.2181058390113287,0.9044596209822968,0.9283026343431624,0.7801472889302248
Atp5b,0.0829836829836829,0.5053613053613053,1.0,-0.0823474205095208,0.0620873857058608,0.1612641423194683,1.3860645626403298,1.4510708396048302,0.7801472889302248
Myl6,0.194013209013209,0.7209013209013208,1.0,-0.0721377256529952,-0.014887763406704,0.0525445649887282,2.0077661374426734,1.9850738540809725,0.7801472889302248
Rpl41,0.4418026418026417,0.7984459984459983,1.0,-0.0379851754607752,0.0011218617275836,0.0402460124734918,3.438177896315654,3.4405053656535776,0.8016992708494454
Rps26,0.1048951048951048,0.4418026418026417,0.959129759129759,-0.0911981920487315,-0.0328899995857987,0.0293612900849915,2.8393794185093912,2.7782956743859035,0.7801472889302248
Sarnp,0.0164472853130528,0.1283047202853903,0.6344882892506367,-28.988557149508168,-2.082936608307824,-0.4317916079348947,0.47990820611257,0.1145341639348662,0.7801472889302248
Cd63,0.1303807303807303,0.5053613053613053,1.0,-0.0843539740428567,0.0748742142046407,0.214934324907737,2.004593371631861,2.1034997559163275,0.7801472889302248
Tcn2,0.0399212201383759,0.3180689668505534,0.960151515151514,-0.7135541330577948,0.2463915065385592,1.045148464104236,0.4741611696667585,0.5607582594949125,0.7801472889302248
Uqcr10,0.0379176379176379,0.3282051282051281,0.959129759129759,-0.2112843345618362,-0.090248582663853,0.0211958973940348,1.1782919283979083,1.107992976156685,0.7801472889302248
Ewsr1,0.1043473193473193,0.5053613053613053,1.0,-0.0312585917606861,0.1244278880615726,0.3038338154353086,0.7533868937208463,0.8197029726403353,0.7801472889302248
Xbp1,0.1953434107604242,0.5897737906589078,1.0,-0.8974325273123102,0.4487929765123702,28.83488689733049,0.231954330704267,0.329741939485355,0.7801472889302248
Mrps24,0.1275062708469737,0.6355065570939342,1.0,-0.1929143887837415,0.0751839145487321,0.59849692470657,0.5666095118211876,0.5968367734708244,0.7801472889302248
Ppia,0.0649572649572649,0.3822843822843822,0.959129759129759,-0.0644680738067587,-0.0320529622461811,0.0081297986891891,2.792006102472196,2.7254417207034978,0.7801472889302248
Purb,0.1605283605283605,0.6453768453768453,1.0,-0.2731251026900327,-0.027985640100154,0.2352027063225163,0.6657982932566737,0.651730421845118,0.7801472889302248
Tns3,0.1266856129229834,0.5992415158356712,1.0,-0.2747213613972673,0.0869750980151669,0.6213884472354096,0.5720136164695635,0.6052265270399655,0.7801472889302248
Sec61g,0.1605283605283605,0.6453768453768453,1.0,-0.1063597052103362,-0.0281162018053107,0.0469816022243702,1.6188345265770776,1.587971677412525,0.7801472889302248
Plek,0.3282051282051281,0.7209013209013208,1.0,-0.1535515527509454,-0.0432632357093841,0.0620606194024771,2.070908638788575,2.0108465438405823,0.7801472889302248
Actr2,0.0498834498834498,0.5053613053613053,1.0,-0.1802314300081705,-0.0649676947437813,0.0481155316653297,1.240993453558615,1.1882351236106374,0.7801472889302248
Rab1a,0.1605283605283605,0.7209013209013208,1.0,-0.1803501209033043,-0.0044783379778481,0.2086062565543972,0.7834586452147962,0.7800173387058229,0.7801472889302248
Peli1,0.1888638629480056,0.7129894874507409,1.0,-0.516121226047726,0.0621744519652223,0.4504085289571599,0.5392948324202478,0.5674265970606744,0.7801472889302248
Cct4,0.1408478062534215,0.6355065570939342,1.0,-0.4493167472305134,0.1066164544556305,0.4011269882737791,0.5243034857011812,0.572483128964868,0.7801472889302248
Rel,0.0069930069930069,0.1048951048951048,0.4433916083916068,-0.3468960468313656,-0.225714360119413,-0.0290138342764107,1.8688782721616928,1.5979268513217513,0.7801472889302248
Rps27a,0.1597746697746697,0.7209013209013208,1.0,-0.0193972030719239,0.0041262260809962,0.0428869012512321,3.489252792131495,3.497605764576015,0.7801472889302248
Rtn4,0.0498834498834498,0.3822843822843822,0.959129759129759,-0.3300095312677363,-0.1211486879009696,0.0837292634856174,0.919191594071716,0.8488637791172338,0.7801472889302248
Cpeb4,0.0820772977283139,0.5465237317126098,1.0,-27.97203523364169,0.8976833464463756,28.76408876757028,0.1140344644556507,0.2468030426986875,0.7801472889302248
Sh3pxd2b,0.11250638569044,0.5176341185833455,1.0,-29.10691000119065,-1.388094578760498,-0.2094108817794296,0.5367469257463303,0.201968736921314,0.7801472889302248
Npm1,0.2344988344988344,0.6453768453768453,1.0,-0.0306242599952004,0.0353864644382436,0.0978426971213283,1.8980874007252624,1.944722559548645,0.7801472889302248
Lcp2,0.0006216006216006,0.0069930069930069,0.0521845264078234,0.4058536853067795,0.6517516259306135,0.8913104190223854,0.5965713043317453,0.9506735914143872,0.6907835753989593
Dock2,0.1889374480029941,0.7209013209013208,1.0,-0.174109771582591,0.0187733192200804,0.2148512536499326,0.5898024099777517,0.6024010538462024,0.7801472889302248
Havcr2,0.0029526029526029,0.0829836829836829,0.4004675495719816,0.280626970502532,0.5474598626260178,0.9026681765276328,0.6534689521154856,0.9576933398166338,0.7801472889302248
Rack1,0.2344988344988344,0.5737373737373737,1.0,-0.059898090411453,-0.0273730230847984,0.0082310578284347,2.67761925949687,2.6261417041114976,0.7801472889302248
Rnf130,0.2344988344988344,0.7209013209013208,1.0,-0.1221395983636702,-0.0050157285703608,0.1107865632785908,1.074051694121795,1.0735315965100367,0.7801472889302248
Sqstm1,0.1303807303807303,0.4418026418026417,0.8784770784770783,0.0154669301405273,0.1268773370083664,0.2500087656805722,1.29046288288024,1.4091574122433277,0.7801472889302248
Canx,0.1303807303807303,0.6453768453768453,1.0,-0.088641298970332,0.0093115939603792,0.128128553338698,1.2520179731394274,1.256349993717115,0.7801472889302248
Hnrnph1,0.2444968573844136,0.7123816042098661,1.0,-0.7777843899894249,0.0364607849152562,0.602642100729756,0.5196026694179581,0.5304174315062551,0.7801472889302248
Hnrnpab,0.0206682206682206,0.1948717948717948,0.8784770784770783,-0.2396575706041558,-0.1381100889058411,-0.008282179595461,1.1286568346389725,1.016483898292896,0.7801472889302248
Nhp2,0.1177820856927099,0.5465237317126098,1.0,-1.3037221809479844,0.9334286313433656,28.87127866447144,0.200326411319797,0.4274611499925472,0.7801472889302248
Ube2b,0.1048951048951048,0.6453768453768453,1.0,-0.265341935633291,-0.0823691297274416,0.0982272389532143,0.8542191818400865,0.8112502033621057,0.7801472889302248
Ppp2ca,0.1303807303807303,0.4418026418026417,0.959129759129759,-0.1672824555902842,-0.0050200101631766,0.1228845697224336,1.3357087292274024,1.3265004091112451,0.7801472889302248
Skp1a,0.0219109698020534,0.169000047821659,0.7111541697294341,0.0033635300969167,0.7571585419883294,29.08240683180057,0.3377684309881112,0.5549752347425022,0.7801472889302248
Vdac1,0.0180440947460136,0.2257768083327037,0.957810850422856,-0.1083116665464165,0.2731268898164228,0.9010675580262216,0.5316753752369243,0.6417031910280442,0.7801472889302248
Hspa4,0.1605283605283605,0.7209013209013208,1.0,-0.2195093087953456,-0.013811472972794,0.2159659895874615,0.7741470339947842,0.7638771094971998,0.7801472889302248
Aff4,0.1948717948717948,0.5737373737373737,1.0,-0.2410520108234257,-0.0711720970953754,0.0996205557328489,0.8082898884399068,0.7693378941118763,0.7801472889302248
Uqcrq,0.0829836829836829,0.5053613053613053,1.0,-0.2069171258514019,-0.0819665906447595,0.0409783541214365,1.360372241711705,1.28231962647804,0.7801472889302248
Irf1,0.1559493936014953,0.6453768453768453,1.0,-0.4330675389740021,-0.1364934326645528,0.1762976728810084,0.8704841272388537,0.7888548471375535,0.7801472889302248
Fnip1,0.0649572649572649,0.5053613053613053,1.0,-0.1202253431132737,0.165385028034291,0.3829866663377619,0.6237680276816713,0.7052098024139417,0.7801472889302248
Cdc42se2,0.1303807303807303,0.5053613053613053,0.959129759129759,-0.0743749656813618,0.1872823039420527,0.4039169399631982,0.7847960972993667,0.8925041491218615,0.7801472889302248
Hint1,0.1948717948717948,0.6453768453768453,1.0,-0.1258545599155999,-0.0609924326943524,0.0351522643962098,1.640219561303945,1.5710179277943477,0.7801472889302248
Tnip1,0.1782588513308433,0.6945980769823016,1.0,-28.739458614715456,-0.3991700487596987,27.512497762119438,0.3448298343493604,0.2657289145368357,0.7801472889302248
Anxa6,0.1780664072406708,0.7011912626598479,1.0,-28.547124395574308,-0.5767663227653308,27.874413273702867,0.2357201371928062,0.1410655461345542,0.7801472889302248
Gm2a,0.0379176379176379,0.3822843822843822,0.959129759129759,-0.0237307838943188,0.0542021370772363,0.1431817980810438,1.7132783545335075,1.7831306631179702,0.7801472889302248
Atox1,0.0649572649572649,0.4418026418026417,1.0,-0.0282745332878623,0.0493013106047317,0.1105634366437944,1.93912732954018,2.01184034389965,0.7801472889302248
G3bp1,0.1048951048951048,0.4418026418026417,0.960151515151514,-0.0513914909117748,0.2206486654763878,0.4714597574275109,0.6345711639909506,0.737872737411266,0.7801472889302248
Larp1,0.1501208222419232,0.6662276454096188,1.0,-28.263521075363855,0.1906097209167369,1.5925805986573074,0.3778147111415919,0.433845205864361,0.7801472889302248
Arf1,0.1303807303807303,0.6453768453768453,1.0,-0.1041952451061646,0.0359894333741691,0.1500228750011174,1.2768861989695262,1.312435061407405,0.7801472889302248
Nlrp3,0.0069930069930069,0.1048951048951048,0.5053613053613053,-0.4833435815634098,-0.3074067689879173,-0.1084562273642905,1.380460159873285,1.1150813024005024,0.7801472889302248
Map2k3,0.1559493936014953,0.5992415158356712,1.0,-0.471669198593104,-0.0797708965246088,0.2221922898499399,0.6991046051141865,0.6619744545509647,0.7801472889302248
Ncor1,0.1889129885093625,0.7209013209013208,1.0,-0.4328374626263159,-0.0111982432191973,0.2573005470998412,0.6280316042432819,0.6259386069623012,0.7801472889302248
Ubb,0.1048951048951048,0.3822843822843822,0.8784770784770783,0.01119406147052,0.0843604901859446,0.1682980255657074,2.180315992413875,2.30543198844118,0.7801472889302248
2410006H16Rik,0.1303807303807303,0.4418026418026417,0.959129759129759,0.0054419757235118,0.2532674245418324,0.4916687768700622,0.7810776468492823,0.932626629246148,0.7801472889302248
Gas7,0.0728488583209919,0.4109392401761573,1.0,-28.922588302977616,-1.666812851596393,26.783362332731524,0.2627063542799812,0.0990543100452525,0.7801472889302248
Pik3r5,0.0820772977283139,0.5176341185833455,1.0,-27.023719448279117,0.6357988357756746,28.894358210511832,0.2234724566458812,0.329848579095212,0.7801472889302248
Ndel1,0.0029526029526029,0.0379176379176379,0.3282051282051281,-0.3623274872129677,-0.2147388859540515,-0.0696406554502752,0.8663681671383658,0.7504563011472277,0.7801472889302248
Rpl26,0.0104118104118104,0.0829836829836829,0.4418026418026417,0.0203093405914735,0.0560851845908763,0.0817591062420072,3.1632764545040004,3.290745260369106,0.7801472889302248
Per1,0.2241357672809178,0.7058654396235203,1.0,-28.427464342077453,-0.1983067860502065,28.418025450457016,0.2407280214765195,0.124814845103642,0.7801472889302248
Kdm6b,0.0649572649572649,0.3822843822843822,0.959129759129759,-0.1677115764196636,-0.0781702459626011,0.0157764341694834,1.7300915968381911,1.63957915699374,0.7801472889302248
Cd68,0.1303807303807303,0.7209013209013208,1.0,-0.1478777537821782,-0.0235823097903102,0.0979723003289811,1.3690371695106425,1.3424816490855325,0.7801472889302248
Eif4a1,0.1605283605283605,0.6453768453768453,1.0,-0.0775090652866777,-0.0077156617815283,0.0552763790564442,1.868851495397175,1.8624553404609523,0.7801472889302248
Tmem256,0.0649572649572649,0.3822843822843822,0.959129759129759,-0.2624556858556474,-0.0955999090363469,0.0533245356206505,1.0178221096441105,0.954023680396138,0.7801472889302248
Eif5a,0.0829836829836829,0.5737373737373737,1.0,-0.1180844669663308,-0.0475661224435115,0.0310692925856923,1.4755905674750824,1.42840550118759,0.7801472889302248
Gabarap,0.0206682206682206,0.1948717948717948,0.7209013209013208,-0.1159567113623754,-0.0636181938397361,-0.0192379592801752,2.0080543745233523,1.923741833645305,0.7801472889302248
Rnasek,0.0146542346542346,0.0829836829836829,0.3822843822843822,0.0547420723508912,0.1421310073536815,0.2204804134296031,1.13731218373886,1.2587898910995436,0.7801472889302248
Arrb2,0.0399290996811333,0.2400278886542465,0.8739030607634299,-0.2864879526941593,0.7949798247272009,29.178874982718717,0.3385068387928661,0.5897083419604062,0.7801472889302248
Cxcl16,0.0379176379176379,0.5053613053613053,1.0,-0.0350153189150525,0.0330773854580008,0.0978917491490066,2.15370577600874,2.1990573843531624,0.7801472889302248
Psmb6,0.0379176379176379,0.5737373737373737,1.0,-0.2139821537930059,-0.0324139890353747,0.1499568911948096,0.783752361625043,0.7652574743856531,0.7801472889302248
Pfn1,0.0279409479409479,0.3282051282051281,0.959129759129759,-0.076081734073481,-0.0402527783581041,0.0046453606659163,2.6799356701089723,2.602928637766367,0.7801472889302248
C1qbp,0.0183696972935656,0.2619562016970459,0.956284952863831,-1.0563326224796852,2.0852125692943715,28.943659273167597,0.1055963788159765,0.3741068816134553,0.7801472889302248
Txndc17,0.0645804195804195,0.5053613053613053,1.0,-0.0758939440899644,0.08468598457934,0.2361098200343695,0.8877107008804568,0.9398207757579912,0.7801472889302248
Emc6,0.0549699828704037,0.4900025128506556,1.0,-0.9953701928531876,0.3588930878261454,28.95904510900617,0.336263898139586,0.4605508250010139,0.7801472889302248
Pafah1b1,0.0379176379176379,0.2786324786324786,0.959129759129759,0.0140350264180841,0.2050266430562861,0.3705413270382435,0.8517507445432322,0.9829198899187622,0.7801472889302248
Mir22hg,0.0069930069930069,0.1048951048951048,0.5737373737373737,-1.039593167956573,-0.4093426933197014,-0.0572411655189397,0.7303384061609215,0.5548355785108714,0.7801472889302248
Slc43a2,0.2687359373937462,0.7336096004168879,1.0,-0.6406207485291109,0.0948347467966956,0.8828455965455692,0.5364720326551903,0.5703437803409053,0.7929051132325386
Pitpna,0.1297435897435897,0.6453768453768453,1.0,-0.1658415055789356,-0.0187640236730098,0.1300086420930186,1.0654018752680026,1.052007427302473,0.7801472889302248
Crk,0.1249984823508817,0.6599336073634912,1.0,-1.534826570725749,0.5653349335324154,28.86178328748703,0.2521784615560802,0.4185124819357235,0.7801472889302248
Ywhae,0.0649572649572649,0.3282051282051281,0.7984459984459983,-0.2376843377844917,-0.1113347051090541,-0.0048623948633117,1.2499646484008835,1.15504013444612,0.7801472889302248
Abr,0.0984722781285988,0.5576726074341468,1.0,-0.7518874383613191,0.1783347042387901,1.5983221634506537,0.4594786908523103,0.5090701472545578,0.7801472889302248
Taok1,0.0640434571260127,0.476087344441214,1.0,-28.78777224890404,-0.6247665442789214,0.2050975473347598,0.5111098584360465,0.3288258294722637,0.7801472889302248
Nufip2,0.0641787341204117,0.5576726074341468,1.0,-28.810534797970003,-0.7144020958197037,1.2802846138115525,0.4470879704413236,0.2618811865794203,0.7801472889302248
Rpl23a,0.1948717948717948,0.7209013209013208,1.0,-0.0324326794878973,0.0178662547947287,0.0651605802737904,2.3558058666761896,2.38519494980007,0.7801472889302248
Lgals9,0.1385464150989199,0.6327184062170887,1.0,-28.88898973124036,-0.3565614724475765,2.1087890716428035,0.3748465307833041,0.2728393492531032,0.7801472889302248
Wsb1,0.0069768551490836,0.1348384589842854,0.7914137797872357,-29.16395272962356,-0.9331886980130916,-0.0073038191182692,0.5642962536663505,0.285405934190473,0.7801472889302248
Evi2a,0.194013209013209,0.7209013209013208,1.0,-0.1760074133772422,0.0026417461026292,0.1845761241584771,0.91361281698598,0.9162987545649236,0.7801472889302248
Crlf3,0.1303807303807303,0.6453768453768453,1.0,-0.3571658568881041,0.014254990337073,0.238627777000999,0.6498149381033003,0.6588712878279259,0.7801472889302248
Adap2,0.0498834498834498,0.5053613053613053,1.0,-0.1411519088612088,0.0834336436384312,0.3059021372777177,0.6513073485462473,0.6884463348118608,0.7801472889302248
Psmd11,0.0496329132677271,0.4186613785292437,1.0,-1.732811293671351,2.161696807650107,28.778016618834076,0.0855183463591022,0.2969568510586632,0.7801472889302248
Ccl8,0.01495601585062,0.0904879299312675,0.3649713948979445,-30.385906562305436,-2.1760271131778413,-0.926808274120454,1.217497764716477,0.2748766329572637,0.7801472889302248
Slfn2,0.0281274281274281,0.1948717948717948,0.7984459984459983,-0.4109850918230522,-0.2167513623414766,-0.0106538026859296,1.8929348757227025,1.62135619415184,0.7801472889302248
AI662270,0.0620315563254161,0.4186613785292437,1.0,-0.4256813177899432,1.6824394623764265,28.93398146959085,0.1198932700654715,0.4348176262367355,0.7801472889302248
Wfdc17,0.0009303693835604,0.0090090961446315,0.0824236160903266,-29.81105142259552,-2.4478873922154545,-0.8135363756415747,0.8138639530657807,0.1569337288434442,0.6907835753989593
Ggnbp2,0.0658678363072091,0.5255516528137945,1.0,-0.702646557426875,0.137708743265102,1.2995066053118889,0.4825119745687052,0.5229846754460629,0.7801472889302248
Med13,0.170318266843868,0.7011912626598479,1.0,-28.13825839957425,0.0,28.511630353313635,0.1198932700654715,0.1829529484571955,0.7801472889302248
Vmp1,0.0281274281274281,0.1948717948717948,0.7984459984459983,0.0463626257846723,0.1677001215849312,0.2848306397715213,1.0030451278796817,1.123207041388875,0.7801472889302248
Cltc,0.0006216006216006,0.0147630147630147,0.1303807303807303,-0.3556786293337102,-0.2336554005350751,-0.124660211755245,1.2904301234480562,1.0959084943480226,0.7073944573944543
Supt4a,0.0029526029526029,0.0649572649572649,0.4627115361082861,0.0570889497752359,0.3705633741865314,0.9697752707964687,0.531321991486644,0.6827123259930723,0.7801472889302248
Scpep1,0.1559265180741878,0.5606272147226752,1.0,-1.1103705725050068,-0.2631849376132436,0.2012146951621394,0.6208158042656493,0.5093038971975392,0.7801472889302248
Nme2,0.0649572649572649,0.3822843822843822,1.0,-0.168619617850728,-0.063622981961005,0.0413399878880298,1.93933677374851,1.854868975691504,0.7801472889302248
Nme1,0.001087801087801,0.0281274281274281,0.2344988344988344,-0.88493837429801,-0.4803705368259343,-0.1988448643957872,0.7708675661570212,0.5501890164558795,0.7801472889302248
Spag9,0.1043473193473193,0.5737373737373737,1.0,-0.1959830691242925,-0.0355505845689029,0.1144904641164083,1.2546779652326174,1.2288598069850338,0.7801472889302248
Luc7l3,0.2073344619461417,0.6945980769823016,1.0,-28.81771592588825,-0.9374183845720756,27.762935871616,0.2574441945411247,0.124814845103642,0.7801472889302248
Lrrc59,0.0658827641887259,0.4305578876446536,1.0,-0.172444175895819,0.096518936745771,0.316524712367761,0.5557798959361797,0.5929196593028447,0.7801472889302248
Spop,0.0129063396350218,0.1776874391005868,0.8694313115227459,-0.3215435437030844,1.5164354760686671,29.11280549672013,0.1367815399925665,0.494630576249641,0.7801472889302248
Gngt2,0.0829836829836829,0.5737373737373737,1.0,-0.1074737695379666,0.0323582829397812,0.155238094412431,1.2370327898162574,1.268257363870565,0.7801472889302248
Snf8,0.1603910108278813,0.6741981971505068,1.0,-0.8809035307686419,0.0393817785592918,0.7936000458179557,0.5269221726068061,0.538313940985871,0.7801472889302248
Atp5g1,0.0829836829836829,0.4418026418026417,0.959129759129759,-0.2571481222920671,-0.1165823569362434,0.0071504231683906,1.1626963768044023,1.0700995741059538,0.7801472889302248
Psmb3,0.0498834498834498,0.5737373737373737,1.0,-0.1367078926361782,0.0627287722714193,0.2221067915789941,0.6612291695608962,0.6927080133579202,0.7801472889302248
Rpl23,0.1303807303807303,0.5053613053613053,1.0,-0.0127298467591088,0.0225191389384342,0.0478772165397435,3.738010849313208,3.803982178995795,0.7801472889302248
Lasp1,0.0069930069930069,0.1948717948717948,0.8784770784770783,0.0008291206831034,0.1549470494871051,0.3346685000951021,0.6924996321795596,0.7683366885586782,0.7801472889302248
Arl5c,0.1411893573533081,0.6741981971505068,1.0,-0.9381796547934405,0.0555361037364076,0.9949613819053912,0.5328859108769529,0.5434958922452814,0.7801472889302248
Rpl19,0.0147630147630147,0.0829836829836829,0.4418026418026417,0.0165304787963121,0.051366078257698,0.0860745373425501,3.2678451021153703,3.38539528756805,0.7801472889302248
Mien1,0.0785934912071024,0.476087344441214,1.0,-28.970704400587948,-1.492224301514796,0.1572477621220663,0.4778378998038205,0.122404436546066,0.7801472889302248
Eif1,0.0206682206682206,0.0649572649572649,0.1948717948717948,-0.1280207695787225,-0.0896814446423288,-0.0544317458042604,2.7735528105006475,2.604546396722995,0.7801472889302248
Rab5c,0.2344988344988344,0.7209013209013208,1.0,-0.2692385076058178,-0.1007825759411432,0.0918369293509954,0.8157838846265815,0.7612733796002196,0.7801472889302248
Stat3,0.1605283605283605,0.7209013209013208,1.0,-0.250863840380876,-0.0298762556249716,0.2256101150252431,0.7645139207914717,0.7477849006795352,0.7801472889302248
Rpl27,0.0046620046620046,0.0498834498834498,0.2344988344988344,0.0367348703452817,0.0780534697101882,0.1075143538473532,2.612739230852906,2.760891255962874,0.7801472889302248
Lsm12,0.2344988344988344,0.7984459984459983,1.0,-0.2996960886942417,-0.0540860974885235,0.1959464427900804,0.7269456835416305,0.7033703349383498,0.8016992708494454
Grn,0.2335081585081585,0.7209013209013208,1.0,-0.0892686686202435,0.0102029007019027,0.1028438839524161,1.7457324356446124,1.755371587433535,0.7801472889302248
Nmt1,0.1686509059388473,0.7090730856847203,1.0,-0.8546984872267988,-0.0297162340785094,0.7094641631916002,0.5469823541152012,0.5269926021137672,0.7801472889302248
Limd2,0.0053338086469771,0.1048951048951048,0.5623719669710694,0.0822646846615235,0.3285717088450476,0.6706347707380814,0.5460172342444796,0.693006105718028,0.7801472889302248
Ddx5,0.0069930069930069,0.1048951048951048,0.4418026418026417,-0.0944169558114274,-0.052107614994589,-0.0080552374997505,2.426331006191836,2.3402883675181023,0.7801472889302248
Bptf,0.0891497456677056,0.6025243523612969,1.0,-28.348661929689907,0.0,28.023692692112714,0.0805334057444212,0.0956797034091505,0.7801472889302248
Psmd12,0.002566807444097,0.0288663193874748,0.2631537060635289,0.2281479633683411,1.4168871641668224,29.22647286665504,0.2218545636812427,0.5941401001988803,0.7801472889302248
Gna13,0.2344988344988344,0.7209013209013208,1.0,-0.1086961180326089,-0.011688322436411,0.0808927272308803,1.8345633404719772,1.8172949768548772,0.7801472889302248
Prkar1a,0.0104118104118104,0.0829836829836829,0.3822843822843822,-0.3852814653344095,-0.213710542992855,-0.0741785059760098,0.8207364950605995,0.7032636249797615,0.7801472889302248
Fam104a,0.1550343725091923,0.705132174172284,1.0,-0.7433033887943566,0.0936644753421326,0.4955946571651821,0.5371802056777514,0.5671148888266337,0.7801472889302248
Rpl38,0.2786324786324786,0.7209013209013208,1.0,-0.0040292721094996,0.0620358182924343,0.1065385920877095,2.761638410202825,2.885890091735712,0.7801472889302248
Cd300a,0.2344988344988344,0.7209013209013208,1.0,-0.1970689679625444,-0.0045574998591499,0.1357706134736167,0.971988493921694,0.9740172003105598,0.7801472889302248
Cd300c2,0.1303807303807303,0.6453768453768453,1.0,-0.1022563275613139,-0.0161533504347395,0.050890880192964,1.822709577392105,1.803391578399585,0.7801472889302248
Atp5h,0.0069930069930069,0.1605283605283605,0.7984459984459983,-0.1851632317283138,-0.102188828567399,-0.0117564232710009,1.6255354318327275,1.512518754894445,0.7801472889302248
Jpt1,0.0147630147630147,0.2786324786324786,0.959129759129759,-0.325275446519437,-0.1450135172487406,0.008392367588873,0.767829317969668,0.6971636722589665,0.7801472889302248
Sumo2,0.1948717948717948,0.7209013209013208,1.0,-0.1284585850124479,-0.0305580390658466,0.0751578404546896,1.1583455028159877,1.1357895597008023,0.7801472889302248
Grb2,0.0104118104118104,0.2344988344988344,0.8784770784770783,0.0165313979010539,0.133851109780588,0.2432663612055819,1.25620328099239,1.380247317671497,0.7801472889302248
H3f3b,0.2344988344988344,0.6453768453768453,1.0,-0.0336439349601272,0.0160116865106074,0.0738572908100799,3.2671434547683518,3.3066042651042977,0.7801472889302248
Ubald2,0.0568537936122416,0.397321419035571,0.95799832386793,-0.1571121098271778,0.1492362335936384,1.1727386546066434,0.5911912665662944,0.6487781152985597,0.7801472889302248
Srsf2,0.031199774449795,0.3282051282051281,0.960151515151514,-0.4664230309896462,-0.1289874795296838,0.0804295304574096,0.6992264960775498,0.6381624115637111,0.7801472889302248
Syngr2,0.0104118104118104,0.1948717948717948,0.8784770784770783,-0.0511573421483082,0.1566452180586863,0.3557084625796006,1.0415019083239057,1.1617494164952975,0.7801472889302248
Socs3,0.1303807303807303,0.683139083139083,1.0,-0.1120682954181755,-0.0144078292889941,0.0778349188156196,1.640063343344715,1.6264910174519849,0.7801472889302248
Cyth1,0.0379176379176379,0.3282051282051281,0.959129759129759,-0.3683765839656661,-0.1814408726104886,0.0640219135356284,0.8136595388802879,0.7166565455488132,0.7801472889302248
Timp2,0.0720770195258305,0.3684845482829788,0.957492737513927,-0.1579597314692886,0.5712592974042093,1.3691244511929326,0.396273782969385,0.5996324022222075,0.7801472889302248
Lgals3bp,0.0001554001554001,0.0069930069930069,0.1605283605283605,0.210212265589617,0.4390224054909173,0.684135335508686,0.7976828741608663,1.0751117058039923,0.6907835753989593
Actg1,0.1948717948717948,0.7209013209013208,1.0,-0.0529760212825217,-0.0178718980719959,0.0211888899412676,2.9993286619217505,2.960830994430282,0.7801472889302248
P4hb,0.0829836829836829,0.5053613053613053,1.0,-0.0550177895538612,0.136670765683181,0.2918465243096099,0.9158409373724734,1.0087268997681789,0.7801472889302248
Arhgdia,0.1303807303807303,0.6453768453768453,1.0,-0.061230594405289,0.0400621436129975,0.1325591689797901,1.2845647188858311,1.3259531191380023,0.7801472889302248
Alyref,0.2051138764162604,0.7058654396235203,1.0,-27.626607858132985,0.2184759275237546,28.32814631065366,0.162051711928063,0.188417401777299,0.7801472889302248
Cenpx,0.042540179680975,0.2715886742433745,0.955270926520046,-28.981534718344637,-2.4151904404832587,26.5128838161908,0.3753135894482085,0.0789282381222247,0.7801472889302248
Csnk1d,0.3252709799742125,0.7840226582999281,1.0,-28.132531844525225,-0.4087469012125316,27.58278034257425,0.1428097923816892,0.1075753849577857,0.8016992708494454
Metrnl,0.0377496913309418,0.3180689668505534,0.95799832386793,-1.2890374542807048,-0.3000321522672616,0.1260003329856472,0.6351619816152965,0.5124535514808942,0.7801472889302248
Rab10,0.194013209013209,0.7209013209013208,1.0,-0.1622391389375823,0.0172065614678265,0.2258917010966709,0.7897824224503485,0.7934316419703787,0.7801472889302248
Itsn2,0.214164782834668,0.7791362111653477,1.0,-28.38738236097881,-0.4498660366763131,27.971981349883627,0.1173585830780135,0.083898638411943,0.8016992708494454
Sf3b6,0.0281274281274281,0.2344988344988344,0.8784770784770783,-0.3648828179334372,-0.1931444395905714,-0.0172638404966073,0.7115805525611555,0.6191762002058827,0.7801472889302248
Rhob,0.0112340966919031,0.2073914000366514,0.957492737513927,-29.225446064437207,-1.4272586194655528,-0.0983926802135994,0.5602590263155895,0.2102466320642067,0.7801472889302248
Pum2,0.032493177948472,0.312686223816409,0.958555419076078,-28.91762374698294,-1.5725032121639289,0.5257507119753364,0.3963954223505159,0.124814845103642,0.7801472889302248
Laptm4a,0.0147630147630147,0.2344988344988344,0.959129759129759,-0.0379024868680535,0.0647212301509757,0.1738982452324249,1.2051106056057213,1.261281834670211,0.7801472889302248
Fam49a,0.3654215579150202,0.7791362111653477,1.0,-27.81485837889587,-0.3042808015082039,27.88948857626828,0.1898371640111925,0.1145341639348662,0.8016992708494454
Rock2,0.0308276094320916,0.3282051282051281,1.0,-0.8211484266132296,-0.1569495628179367,0.0903379716122182,0.6893325293995525,0.6209312388474333,0.7801472889302248
Pdia6,0.0281274281274281,0.2786324786324786,0.8784770784770783,-0.3219494264846239,-0.1350253823995257,0.04000032070778,1.0240421329982723,0.9307044798816646,0.7801472889302248
Odc1,0.187959068257727,0.7111541697294341,1.0,-2.466609374438898,-0.3146140598647365,1.0442205907684723,0.4790679596890045,0.3731884782569007,0.7801472889302248
Adam17,0.001087801087801,0.0829836829836829,0.7984459984459983,0.0239007300068003,0.1542455376321931,0.2899317352583717,0.9042513139986282,1.0078452559639937,0.7801472889302248
Ywhaq,0.1275273133578452,0.672143970444527,1.0,-0.3826712320331697,0.0052803682246172,1.064477744721999,0.5562020367166242,0.5556607929348657,0.7801472889302248
Id2,0.1303807303807303,0.6453768453768453,1.0,-0.0689085372430106,0.0554414003257448,0.1601939052203867,1.9974324733333064,2.0750347345248104,0.7801472889302248
Rps7,0.0829836829836829,0.3822843822843822,0.959129759129759,-0.0061774654590283,0.0397109897454603,0.0804570833692819,2.966535386386395,3.050226150960025,0.7801472889302248
Nampt,0.0379176379176379,0.3822843822843822,0.960151515151514,-0.1236610493808704,0.1237663602715238,0.4107428752666308,0.7154392500528866,0.7812650607855831,0.7801472889302248
Ahr,0.0147630147630147,0.1048951048951048,0.5053613053613053,0.0935679511306189,0.276681852528986,0.4382833953306025,0.965993759107536,1.1642367142305088,0.7801472889302248
Tspan13,0.0104118104118104,0.0829836829836829,0.3282051282051281,0.1549853683071391,0.3484339383589786,0.5596475154224553,0.9159262438814963,1.1764755873936987,0.7801472889302248
Ifrd1,0.2344988344988344,0.7984459984459983,1.0,-0.0713996907247666,0.0177869640735276,0.1203382452351228,1.9260610044175213,1.946814583917425,0.8016992708494454
Hectd1,0.169000047821659,0.7123816042098661,1.0,-2.199550731860229,-0.18745172320127,0.2953613182513719,0.5150171539406057,0.4432944866452785,0.7801472889302248
Sptssa,0.2201593585390122,0.7463178799324552,1.0,-1.606144896987421,-0.1375144734417608,0.8664472111348235,0.4783812610809478,0.4140619281894101,0.7993396428180808
Baz1a,0.0720770195258305,0.2786324786324786,0.8745596938644254,-0.9920928853787492,-0.331552499735234,-0.0206774231684902,0.6818142357233897,0.5423771805813102,0.7801472889302248
Psma6,0.1025458809789091,0.6453768453768453,1.0,-0.2216728926677612,0.0483174301985587,0.2882870170638863,0.5893948161571789,0.6067931291559675,0.7801472889302248
Nfkbia,0.0147630147630147,0.1303807303807303,0.5053613053613053,-0.4211254964505052,-0.2681776248808872,-0.1337252597848267,2.283477488204905,1.898480910303061,0.7801472889302248
Mia2,0.2202347585707377,0.7123816042098661,1.0,-0.971203265703335,0.0050407733498494,0.6959921642944451,0.5259460111653744,0.5182425367375023,0.7801472889302248
Rps29,0.5737373737373737,0.8784770784770783,1.0,-0.0185141650587429,-0.0006361955010099,0.0179427500142567,4.0638723758445945,4.063457770100392,0.8784770784770783
Rpl36al,0.2344988344988344,0.5737373737373737,1.0,0.0165761642069412,0.066302844294879,0.1127180352393785,1.988676755203775,2.0836196086998275,0.7801472889302248
Arf6,0.01724598026631,0.2042192702898491,0.8744592481051268,-0.0330242901527692,0.6011269586392287,28.891554054711783,0.3631933874342417,0.5473274392580736,0.7801472889302248
Psma3,0.0379176379176379,0.3282051282051281,0.959129759129759,-0.2602434468884543,-0.1046741803598283,0.0426061265626843,0.9764509807855876,0.9074283120716552,0.7801472889302248
Hif1a,0.0003108003108003,0.0104118104118104,0.0829836829836829,0.1532995575506514,0.2856483895331744,0.4245043790768861,0.9846336896200436,1.204893952055205,0.6907835753989593
Atp6v1d,0.1303807303807303,0.6453768453768453,1.0,-0.1792871900811412,0.0592225210630929,0.2666083021382557,0.6734185661785267,0.7048513067882497,0.7801472889302248
Zfp36l1,0.0100266559492814,0.0518570202911714,0.3180689668505534,-2.42005906368442,-0.932491713149669,-0.3023271641444718,0.905864864039594,0.4740848245250634,0.7801472889302248
Susd6,0.1048951048951048,0.5632366271431426,1.0,-0.4766038473294823,-0.1745312454699042,0.091791062195912,0.6805032083997717,0.603655727926341,0.7801472889302248
Srsf5,0.0006216006216006,0.0206682206682206,0.1948717948717948,-0.3378018872449277,-0.2094072327777021,-0.1062632392436832,1.4576562216986375,1.2614621494697025,0.7801472889302248
Rbm25,0.0069930069930069,0.0649572649572649,0.5070707070707055,0.0868953461144763,0.2195136115826105,0.3484122763128837,1.08050269941759,1.2577755902025252,0.7801472889302248
Npc2,0.2335081585081585,0.7209013209013208,1.0,-0.0510136959545467,-0.0107011016601044,0.0306320929673142,2.549666731311823,2.530739335310435,0.7801472889302248
Tmed10,0.1605283605283605,0.6453768453768453,1.0,-0.0930296965427402,0.0052723296888887,0.1130450728123957,1.2682252523986135,1.271070454461495,0.7801472889302248
Fos,0.0001554001554001,0.0046620046620046,0.0829836829836829,-0.7173765832471116,-0.4406258283208656,-0.2352737197186625,1.55401240445494,1.14387760346114,0.6907835753989593
Jdp2,0.2976405854092169,0.7815794347326379,1.0,-1.5560701595361766,0.0552573846065355,27.83553741498805,0.3787708310402757,0.423317652737272,0.8016992708494454
Gpr65,0.1048951048951048,0.3822843822843822,0.8804674297208172,-0.50192615031565,-0.1832284860529602,0.0460070364887273,1.021178228920662,0.905645197296395,0.7801472889302248
Foxn3,0.1550343725091923,0.5576726074341468,1.0,-1.4568767262082818,-0.4538866495293632,0.0240932159415497,0.5822220131626137,0.4352656494402205,0.7801472889302248
Calm1,0.0649572649572649,0.5053613053613053,1.0,-0.0382907312027695,0.0320848120617692,0.0834737616563579,3.122548336703885,3.1991059155451973,0.7801472889302248
Ndufb1-ps,0.3282051282051281,0.7984459984459983,1.0,-0.1674460303489198,-0.0416713521858075,0.0758220908029727,1.37216624386665,1.3332188286620852,0.8016992708494454
Lgmn,0.001087801087801,0.0498834498834498,0.3822843822843822,-0.2903542191628864,-0.1384735303874665,-0.0481199131735071,2.3402709963979973,2.1358435775547875,0.7801472889302248
Tmem251,0.0752002988766929,0.476087344441214,1.0,-28.9651388313144,-0.8834440403427268,0.2225749509218449,0.5002694078466198,0.2733662366359932,0.7801472889302248
Ddx24,0.0825330225330225,0.3822843822843822,0.959129759129759,-0.0767977215255186,0.1313202984102297,0.3281404822338631,0.7224975145428008,0.793760522293512,0.7801472889302248
Ifi27,0.2929004919272089,0.7984459984459983,1.0,-0.1786406448876739,-0.0021823550751259,0.1826718451611394,0.6838760884019714,0.6840277504434842,0.8016992708494454
Ifi27l2a,0.0218824132775722,0.1501208222419232,0.6339972307873878,-2.622729119918395,-0.8138278433419363,-0.1398714643698429,0.7331383588568202,0.4126312009270659,0.7801472889302248
Papola,0.0703470731856912,0.483357294887874,1.0,-0.6687552909631236,0.3955537570206376,2.652812290032112,0.38141150093965,0.5033459862711035,0.7801472889302248
Evl,0.0443596685838957,0.5009042191737003,1.0,-28.84569313175465,-1.6631823406827635,26.73948060104803,0.3290422362270473,0.0956797034091505,0.7801472889302248
Ppp2r5c,0.0310325195001449,0.2202347585707377,0.8293276535635627,0.0812710970318761,1.9966838024285467,29.072186398680323,0.1297595968607367,0.5158169785288025,0.7801472889302248
Dync1h1,0.0228962901495174,0.2202347585707377,0.8324162344076115,-0.3372869095637563,0.6159533204169977,2.393292018580897,0.3429463062925557,0.5248931709313907,0.7801472889302248
Hsp90aa1,0.1048951048951048,0.5053613053613053,1.0,-0.0653943395495057,0.0415643288782777,0.1336469039232253,1.4901244785231575,1.53783524861437,0.7801472889302248
Traf3,0.0785086613988421,0.5176341185833455,1.0,-26.740108234650663,0.7534042597479841,28.84632708362277,0.2225758495620085,0.3863657795089095,0.7801472889302248
Tnfaip2,0.0029254079254079,0.0379176379176379,0.2344988344988344,-0.370428443880379,-0.2197357345634728,-0.0664319846792507,1.9840392966306128,1.71145478014901,0.7801472889302248
Eif5,0.2786324786324786,0.7984459984459983,1.0,-0.0642594780887396,0.0381844504004585,0.1406309566683454,1.3949769348392,1.4342440819496576,0.8016992708494454
Atp5mpl,0.2344988344988344,0.7209013209013208,1.0,-0.1066100169857654,-0.0230015305901468,0.0719422326718153,1.24110728250084,1.2199081430486238,0.7801472889302248
Siva1,0.11250638569044,0.5465237317126098,1.0,-1.8083961074023391,0.4179548035834451,28.75598781965772,0.3459449508723986,0.4259440342518688,0.7801472889302248
Pld4,0.1048951048951048,0.5737373737373737,1.0,-0.1523815683071134,-0.0439435417052064,0.0708488318894671,1.3782364603581374,1.339428304532135,0.7801472889302248
Gpr132,0.0018648018648018,0.0379176379176379,0.3282051282051281,-0.9123206347564558,-0.3931951152411197,-0.1686711114425836,0.7953297288911553,0.6010997021075755,0.7801472889302248
Crip1,0.1303807303807303,0.6453768453768453,1.0,-0.4133871555399779,-0.1560414112853327,0.1100691706738407,1.1189209804977986,0.9945670095934523,0.7801472889302248
Igha,0.0206682206682206,0.2786324786324786,0.959129759129759,-0.036570127452458,0.0827290974891744,0.2110532926412326,1.2682201828885376,1.3466291911317276,0.7801472889302248
Gdi2,0.1605283605283605,0.6453768453768453,1.0,-0.1130566396865034,-0.0218770243942694,0.0997828171886131,1.6751532300460852,1.6475475640266024,0.7801472889302248
Klf6,0.0829836829836829,0.3282051282051281,0.7209013209013208,-0.5443480270903819,-0.3405128748003084,-0.0912197815052167,1.12224420576298,0.8757155955937432,0.7801472889302248
Gtpbp4,0.009862424592123,0.1266856129229834,0.7123816042098661,0.0512526168145718,0.4617942029776694,2.1095697816643493,0.4371746522004672,0.5960249736710977,0.7801472889302248
Larp4b,0.0069930069930069,0.1948717948717948,0.8784770784770783,-0.0029306678266654,0.1640921227462018,0.3330400959970263,0.7653908026317342,0.8578208439552867,0.7801472889302248
Gpr137b,0.0379176379176379,0.3282051282051281,0.959129759129759,-0.036031443868678,0.2182961617343401,0.4387045717019315,0.7095575841320281,0.8244571629299424,0.7801472889302248
Arid4b,0.0081679798054122,0.0936463942342208,0.7111541697294341,-0.0784814292676271,1.2296676776806532,29.171490859932028,0.2315113983737834,0.5614297286730983,0.7801472889302248
Psma2,0.0379176379176379,0.3282051282051281,0.959129759129759,-0.3187802848839846,-0.1147998308371257,0.0561781175206488,0.9693373994734058,0.8991506310819702,0.7801472889302248
Elmo1,0.2243131265111537,0.7011912626598479,1.0,-27.92454076097405,0.0,28.192362726607,0.109758357543328,0.1062111274394205,0.7801472889302248
BC005537,0.1048951048951048,0.5737373737373737,1.0,-0.2108630915521852,-0.0789984644817,0.0724901020557004,1.1599375545769923,1.09805833254292,0.7801472889302248
Uqcrfs1,0.0147630147630147,0.1948717948717948,0.8784770784770783,-0.0209567393054925,0.213931051500041,0.4435709016670807,0.5998786968633385,0.6978332016146405,0.7801472889302248
Pxdc1,0.1122573730726518,0.5967990595834041,1.0,-1.586020170853868,-0.2726390829516469,0.3216693700177168,0.6580669250627791,0.5610778241854695,0.7801472889302248
Prpf4b,0.0158169227594249,0.1388637976716842,0.7463178799324552,-0.0334190316920896,2.039205662554448,29.103106850975777,0.1287958201896267,0.4781583715592429,0.7801472889302248
Ly86,0.1948717948717948,0.7209013209013208,1.0,-0.1334370565306979,-0.0133919115703614,0.1127776145826,1.1913572416132852,1.180233731524215,0.7801472889302248
Ssr1,0.0206682206682206,0.2257768083327037,0.9575053771727772,-0.0539441253567341,0.1869898012579246,0.8251253895737869,0.5291645561041198,0.5972251361846903,0.7801472889302248
Tmem14c,0.0649572649572649,0.4418026418026417,0.959129759129759,-0.068272635950211,0.0968829346493929,0.2570506498802989,1.01684855489172,1.08635866505799,0.7801472889302248
Nol7,0.0262329846413724,0.3016408054152895,0.957810850422856,-28.959512975447943,-0.5859319776929994,-0.0064500426604203,0.5305897464261545,0.3491550558770705,0.7801472889302248
Mcur1,0.1831086237888724,0.6854434826775221,1.0,-28.025979968114697,0.0448840180784998,28.47421534905105,0.1297595968607367,0.1325254318555647,0.7801472889302248
Cd83,0.0498834498834498,0.1605283605283605,0.5053613053613053,-0.7860015066607078,-0.4508817266633576,-0.1555897059722385,1.52419440162851,1.1063722698538574,0.7801472889302248
Jarid2,0.0029526029526029,0.1605283605283605,0.91629779799785,-0.0166595317304789,0.2206934613474584,0.465270270226899,0.63904741648107,0.7436385859432053,0.7801472889302248
Dek,0.1030415625933202,0.6453768453768453,1.0,-0.2610885826964174,-0.0323843465319314,0.1358847215665922,0.6489559075644167,0.6387921298737973,0.7801472889302248
Fam120a,0.0641787341204117,0.4589281861225893,1.0,-28.87457440425621,-1.743427930031136,1.141570383841804,0.3932709431135367,0.108142507135942,0.7801472889302248
Ninj1,0.0829836829836829,0.4418026418026417,1.0,-0.1951402641876324,-0.0785661157508939,0.032669556632999,1.476171175335705,1.4011544889869474,0.7801472889302248
Card19,0.0379176379176379,0.3282051282051281,0.959129759129759,-0.0485776556679516,0.1950343092491901,0.47651388190602,0.7189870957356566,0.8313930870409463,0.7801472889302248
Sema4d,0.0010838803673954,0.0235358787657099,0.1303807303807303,0.4166160331619609,0.6858478364790039,1.0940020744321908,0.5796589004418498,0.9381043304547292,0.7801472889302248
Syk,0.3282051282051281,0.7209013209013208,1.0,-0.1173999674696067,0.0186573458114971,0.2016990720423213,1.249901126649445,1.2605985477725352,0.7801472889302248
Nfil3,0.0984722781285988,0.461920478323797,1.0,-2.535826152713521,-0.5857946499191278,0.3727541613686113,0.5997902267901867,0.3878747678735375,0.7801472889302248
Higd2a,0.1550343725091923,0.6355065570939342,1.0,-0.9915515804144764,-0.1352622593321493,0.2462179188086796,0.6054461969746381,0.5470726916632893,0.7801472889302248
Nsd1,0.0424256619974834,0.5244497218060842,1.0,-27.440707442019573,1.5256954917465295,28.585667332995364,0.062276386637268,0.2148648942737545,0.7801472889302248
Prelid1,0.003772187582871,0.065285648928054,0.3685378930713342,-2.167178218921005,-0.5946743419834757,-0.2288591106217473,0.7119885617352325,0.4690294077027555,0.7801472889302248
Lman2,0.0206682206682206,0.2786324786324786,0.959129759129759,-0.31937814477138,-0.1358040460953831,0.0505149885411124,0.6689020699901088,0.6057553384713386,0.7801472889302248
Tmed9,0.0829836829836829,0.6453768453768453,1.0,-0.2033929321039623,-0.0004434311852602,0.1803061263184887,0.8565031953267761,0.8536901806197562,0.7801472889302248
H2afy,0.0379176379176379,0.3822843822843822,0.959129759129759,-0.2932754144162419,-0.1152848797444807,0.0343622952536379,0.9760527052030404,0.8993314469389015,0.7801472889302248
Cxcl14,0.0550394824230302,0.3056410254213622,0.8693781812977219,0.1077085831689305,2.0311208080015604,29.48320645687489,0.145774145099922,0.6351328446654063,0.7801472889302248
Tgfbi,0.0829836829836829,0.5053613053613053,1.0,-0.063975779709828,0.0195635263226503,0.1237651589620047,1.86979598752091,1.89585598433466,0.7801472889302248
Hnrnpa0,0.0237658095149077,0.2786324786324786,0.91629779799785,-1.0319337756834854,-0.2752289495195064,-0.0406627377622027,0.6703814248708555,0.5550446606192467,0.7801472889302248
Hnrnpk,0.0279409479409479,0.2344988344988344,0.8784770784770783,-0.1700426080443099,-0.0842616188139781,0.0050416801112022,1.4082174681427526,1.327759570354665,0.7801472889302248
Tut7,0.0649572649572649,0.5283087192353848,1.0,-0.6288412737710755,-0.1504293300749988,0.1476695622665636,0.653132501445042,0.5864664686841352,0.7801472889302248
Ctsl,0.0498834498834498,0.3822843822843822,0.8784770784770783,-0.0345155724544505,0.1227589762968788,0.2836511690920086,1.3293739534042013,1.4463474706297048,0.7801472889302248
Uqcrb,0.0046620046620046,0.0649572649572649,0.4418026418026417,-0.2997874508275497,-0.1761857152181543,-0.0607159911508945,1.2297585105025777,1.0914989974119345,0.7801472889302248
Ndufs6,0.0498834498834498,0.4418026418026417,1.0,-0.3962938831538487,-0.1018203128174776,0.0759878463581534,0.658555350874594,0.6136570081384456,0.7801472889302248
Pdcd6,0.1009563288227583,0.5576726074341468,1.0,-28.949339302182032,-1.2316260964408965,0.4218221098180776,0.4811201200787507,0.1950709199311195,0.7801472889302248
Sdha,0.2073914000366514,0.7090730856847203,1.0,-28.90044366947956,-0.3297694762994971,1.0681641501852863,0.4857763940079215,0.359817814550206,0.7801472889302248
Ell2,0.0829836829836829,0.6453768453768453,1.0,-0.1622502275580981,0.071094114975357,0.3446479073751868,0.7330685236360195,0.7620073651538022,0.7801472889302248
Glrx,0.1221757823939265,0.6217687412649331,1.0,-27.73303347958213,0.4759468261755808,2.630696488178219,0.2232025052589165,0.3291488307672002,0.7801472889302248
Cox7c,0.0495843045843046,0.4418026418026417,1.0,-0.1392230375289412,-0.0312003696783516,0.0323226400361886,1.804467258178295,1.7744705326199477,0.7801472889302248
Tmem167,0.1025458809789091,0.5632366271431426,1.0,-0.3205537685938246,0.0798060727949313,0.426724504882856,0.549777641641644,0.5750618932706094,0.7801472889302248
Rps23,0.0206682206682206,0.1048951048951048,0.3282051282051281,0.0244885517574301,0.0514153311494178,0.0850492316013584,3.38999198985244,3.51230432600728,0.7801472889302248
Tbca,0.2344988344988344,0.7209013209013208,1.0,-0.2025461582962238,-0.0443371028401018,0.0822174114072816,0.9438170572154354,0.9163607571929252,0.7801472889302248
Nsa2,0.1948717948717948,0.6453768453768453,1.0,-0.062423731895622,0.0612957269090424,0.1552679676292527,1.2559263067194664,1.3188087950535523,0.7801472889302248
Hexb,0.1605283605283605,0.7209013209013208,1.0,-0.1590396832734035,0.0195742820295436,0.2475289727771832,1.029074198729344,1.037014050873118,0.7801472889302248
Btf3,0.2344988344988344,0.7209013209013208,1.0,-0.0676276560554281,0.0063341210116433,0.0805035945440338,1.7756221632068574,1.7777646509233,0.7801472889302248
Fcho2,0.0667141932277131,0.4883708485316103,1.0,-28.935369472967952,-1.112240215770313,1.0475653586559364,0.4666822967666535,0.2164450247431245,0.7801472889302248
Pik3r1,0.0018648018648018,0.1303807303807303,0.7209013209013208,0.0543366022635017,0.2683863061845065,0.4481884970764342,0.924960699477558,1.124030685349045,0.7801472889302248
Erbin,0.1266856129229834,0.6355065570939342,1.0,-0.5882476131295492,-0.103471363739418,0.1425753022429726,0.59448510662295,0.5570760634748,0.7801472889302248
Gpbp1,0.009862424592123,0.1149164463964125,0.5992415158356712,0.1442637498992409,0.4766466150824177,1.9073212923171996,0.45545243005774,0.6378452247330768,0.7801472889302248
Map3k1,0.1717804108597191,0.7090730856847203,1.0,-1.1109573392121963,0.1214438088145456,0.949953446518779,0.5070931625341673,0.5445184868255792,0.7801472889302248
Snx18,0.1605283605283605,0.7209013209013208,1.0,-0.1232145250674765,0.0556121663900128,0.2065357265428767,1.1879417768730451,1.2359572438974826,0.7801472889302248
Ndufs4,0.0513398264234592,0.4900025128506556,1.0,-2.3102592175548544,-0.3306833005171882,0.108593758392343,0.5491884431883982,0.4376262948874022,0.7801472889302248
Dnase1l3,0.0147630147630147,0.2786324786324786,0.8804933954933936,-0.050758694598676,0.153803473131811,0.4204178767185152,1.910777852867685,2.104282087839275,0.7801472889302248
Rpl15,0.0069930069930069,0.0649572649572649,0.3282051282051281,0.0313026902309474,0.0807875067940259,0.1327221401331889,2.42497722710175,2.56052211192214,0.7801472889302248
Rtraf,0.1146659128588798,0.461920478323797,0.9580911282267016,0.0870670186118223,0.2724216735709158,0.4229057004643296,0.6421832711264281,0.7756623637391495,0.7801472889302248
Gng2,0.0018648018648018,0.0498834498834498,0.4418026418026417,-0.4335989935472362,-0.223650098484296,-0.0612948496940774,0.704185574408422,0.6071601526349625,0.7801472889302248
Chchd1,0.1297301265164504,0.6314395816467896,1.0,-28.78193326666732,-0.7705144652750652,1.2954526858103992,0.4065963750687227,0.2164450247431245,0.7801472889302248
Vdac2,0.1303807303807303,0.5737373737373737,1.0,-0.2057490950072697,-0.0764976587841938,0.0813940070768842,1.20340319910853,1.147236877331715,0.7801472889302248
Rps24,0.1605283605283605,0.7209013209013208,1.0,-0.0286118338906319,-0.0057457835343473,0.0182246985801067,3.741186574010072,3.727571021121768,0.7801472889302248
Zmiz1,0.1605283605283605,0.6741981971505068,1.0,-0.1483225226544215,0.0966407288051232,0.3163262309962316,0.6556614250517097,0.7057234562192748,0.7801472889302248
Arf4,0.1303807303807303,0.6453768453768453,1.0,-0.1068866342455585,0.0141371941583726,0.1289728368154189,1.2782320744702638,1.2926175279543275,0.7801472889302248
Selenok,0.0379176379176379,0.3282051282051281,0.959129759129759,-0.1789434252792252,-0.0863130397687373,0.0144297388779244,1.4889929966210826,1.4016616129661137,0.7801472889302248
Tkt,0.0281274281274281,0.4418026418026417,1.0,-0.2368381900618217,-0.0718332246874091,0.0724055261214545,1.03228478132213,0.9884974279813656,0.7801472889302248
Prkcd,0.1303807303807303,0.5510230464863792,1.0,-0.1146710759577826,0.0827771055146794,0.3071605982860766,0.6931897158328697,0.7328800422861168,0.7801472889302248
Spcs1,0.0649572649572649,0.5053613053613053,1.0,-0.4849135509706076,-0.1048133989647542,0.1076431401488271,0.6504387424790714,0.605645244468536,0.7801472889302248
Gnl3,0.1559265180741878,0.672143970444527,1.0,-1.53979643549679,-0.2523089546099312,0.1772318355284135,0.5555471627515609,0.464685443461224,0.7801472889302248
Pbrm1,0.1651999264393238,0.7011912626598479,1.0,-28.43022914870659,-0.1294712364788344,28.31741586452568,0.120856403386026,0.090550766622461,0.7801472889302248
Stab1,0.0892626890842453,0.5897737906589078,1.0,-27.337521280326342,1.174378570268205,28.848199865718613,0.1232261605692352,0.3078025009501216,0.7801472889302248
Nisch,0.0035975433034111,0.0621104744239398,0.4295368450634365,0.1325815029442568,0.7715798540506447,2.906481390056934,0.342854463581927,0.5899260125838317,0.7801472889302248
Dph3,0.1299238276477972,0.6136987693023748,1.0,-28.68062844292093,-0.8562240214624779,27.646154564047624,0.2067380075348442,0.1038384375587447,0.7801472889302248
Timm23,0.0379176379176379,0.4418026418026417,1.0,-0.0472816594894684,0.1258013915820146,0.2702477070378435,0.6479781072178211,0.7097178434813187,0.7801472889302248
Glud1,0.1948717948717948,0.7209013209013208,1.0,-0.2042125671129895,-0.0222219036533282,0.1256671257307579,0.8925774472284427,0.8807374009625291,0.7801472889302248
Wapl,0.1948717948717948,0.6453768453768453,1.0,-0.1522115683122004,0.0540601704543401,0.2430229426646375,0.6725791445664342,0.6992257458726097,0.7801472889302248
Ghitm,0.1559493936014953,0.7111541697294341,1.0,-0.6636741602905462,-0.0248049201155034,0.348614052838247,0.5407659083917631,0.5330037336723198,0.7801472889302248
Lgals3,0.0379176379176379,0.2344988344988344,0.959129759129759,-0.0085197997628616,0.1406628390606254,0.2900758579764392,1.78984931207989,1.9711253243579447,0.7801472889302248
Ktn1,0.0401598302967059,0.3056410254213622,0.956284952863831,-0.8255561729066653,2.198026044948625,28.93928121255681,0.086835316867127,0.3366712311373782,0.7801472889302248
Hnrnpc,0.1303807303807303,0.7209013209013208,1.0,-0.1180050340462036,0.0384480386030012,0.2068849120800742,0.8115944492284488,0.8307809173801075,0.7801472889302248
Tox4,0.1119097370670114,0.6536395693173636,1.0,-27.8177693064004,1.004270112710679,28.608711336310723,0.0805334057444212,0.2344109984206605,0.7801472889302248
Dad1,0.1048951048951048,0.6453768453768453,1.0,-0.1373981949728938,-0.0023301455733121,0.1248781162078783,0.9274844324469972,0.9257827824987152,0.7801472889302248
Mrpl52,0.0498834498834498,0.5737373737373737,1.0,-0.1689905600251832,-0.0560721966700736,0.0620922748873712,1.177291740007,1.130243054239063,0.7801472889302248
Mmp14,0.1303807303807303,0.6453768453768453,1.0,-0.2058862360245018,-0.0490419063589875,0.1123669708089344,1.013936691635505,0.9753125773512265,0.7801472889302248
Psmb5,0.0379176379176379,0.5053613053613053,1.0,-0.1527419198566426,0.1335977536483614,0.354127262469936,0.5813401351600949,0.6424851967331082,0.7801472889302248
Acin1,0.0984722781285988,0.6275008061114353,1.0,-28.508316416894537,-0.3670723146796671,27.670616362985875,0.3162679736093443,0.22660760334098,0.7801472889302248
Slc7a8,0.0933375471780228,0.6549402754623503,1.0,-28.396172470545903,-0.8930303334802725,27.56407529951035,0.123518163657654,0.083898638411943,0.7801472889302248
Pabpn1,0.1025458809789091,0.6355065570939342,1.0,-0.8271155169371405,-0.1415668848021388,0.1902998432696549,0.5511038301434654,0.5008993258731678,0.7801472889302248
Psme1,0.1303807303807303,0.6453768453768453,1.0,-0.0618741401994678,0.0248532350483737,0.1046874352711119,1.5675329009113814,1.59422295067596,0.7801472889302248
Psme2,0.0498834498834498,0.4418026418026417,1.0,-0.2090612174475595,-0.0453732496509358,0.0767196969386776,0.9967479474483568,0.9664067676742616,0.7801472889302248
Nedd8,0.1948717948717948,0.7209013209013208,1.0,-0.1791122231042404,0.0139902451093642,0.1366699147052587,1.1635917043555977,1.1773275270162862,0.7801472889302248
Ctsb,0.2344988344988344,0.7209013209013208,1.0,-0.0501837283984799,-0.0063301441742591,0.0438325683450278,3.0953587392269686,3.0790258369268937,0.7801472889302248
Dpysl2,0.2495457409356322,0.7117678869696501,1.0,-2.356325599497206,0.3231429822077844,28.57776176708895,0.2354350880529002,0.3231502568972723,0.7801472889302248
Bnip3l,0.0288663193874748,0.3684845482829788,1.0,-0.5178814064519528,0.3433424671929956,2.343820913652757,0.4152054072317467,0.5286008813738001,0.7801472889302248
Rcbtb2,0.2257768083327037,0.7209013209013208,1.0,-0.3477420450347356,-0.026500180472621,0.9086344515211964,0.573883364533465,0.5569314791498177,0.7801472889302248
Itm2b,0.2344988344988344,0.7209013209013208,1.0,-0.043334348690205,0.0040800912381416,0.0547703500573452,3.279943510201249,3.294684013537543,0.7801472889302248
Esd,0.0829836829836829,0.5737373737373737,1.0,-0.1711375054788258,0.0223331182212149,0.2278310229480026,0.6992230317666035,0.7093115131022618,0.7801472889302248
Lcp1,0.1948717948717948,0.7209013209013208,1.0,-0.065242475708495,0.0120455124045733,0.10348514335112,2.0007404821542103,2.014070973204233,0.7801472889302248
Tpt1,0.2786324786324786,0.7984459984459983,1.0,-0.0228608247613086,-0.0021845118085635,0.0216993624809805,4.12923225983259,4.118281656861666,0.8016992708494454
Epsti1,0.0399796029462569,0.2687359373937462,0.95799832386793,-0.0930316197112119,0.1926586286059715,1.160055415976313,0.5208387958346625,0.5879442852676042,0.7801472889302248
Kctd12,0.0498834498834498,0.5737373737373737,1.0,-0.3210339487708402,-0.0796906915645209,0.1348352919677435,1.296030186526455,1.2319719594973857,0.7801472889302248
Mycbp2,0.0104118104118104,0.1948717948717948,0.8804933954933936,-0.3464326692737031,-0.1813010261459067,0.0080929827371605,0.933614947887482,0.8206418061064475,0.7801472889302248
Gm10076,0.1948717948717948,0.7209013209013208,1.0,-0.1517846622725097,0.0300612553282298,0.2721999369694111,1.02613487092704,1.04461325109125,0.7801472889302248
Tpm3-rs7,0.1221757823939265,0.3169975086812533,0.8744592481051268,-28.990019986400146,-1.3330665713653684,-0.1924177453753802,0.5311356843224749,0.2066296950030382,0.7801472889302248
Dnajc3,0.0001554001554001,0.0069930069930069,0.1048951048951048,-0.6155570309934413,-0.3762943905403401,-0.1750007715107952,0.8112392723380107,0.6231400325785498,0.6907835753989593
Mbnl2,0.1266856129229834,0.5053613053613053,1.0,-1.062085113334822,-0.2566859578205794,-0.0079302377643155,0.624041869294825,0.5241457380084745,0.7801472889302248
Gpr183,0.001087801087801,0.023845234869951,0.2344988344988344,0.3116383130733297,0.599063385539427,1.061702927479236,0.9853675502544124,1.4932270592860877,0.7801472889302248
Tm9sf2,0.0844092388901283,0.6025243523612969,1.0,-27.79982114803032,0.6346109873237389,28.69659435279615,0.1295248880042205,0.207449234095338,0.7801472889302248
Selenop,0.0649572649572649,0.3282051282051281,1.0,-0.4537379748670324,-0.1675934195409099,0.0486084429935109,2.2361603912666115,1.9968027129015424,0.7801472889302248
Rpl37,0.1948717948717948,0.5053613053613053,0.959129759129759,-0.0191596519154472,0.0148546846460739,0.0534099074483416,3.08274660694014,3.1117473337122803,0.7801472889302248
Dab2,0.0007853381460163,0.002566807444097,0.0313608873543254,-29.772711027538648,-2.1575463735652662,-0.4315140968335082,0.863972824324609,0.1783619346492255,0.6907835753989593
Fyb,0.2344988344988344,0.7209013209013208,1.0,-0.0930731099909059,-0.0249210263823717,0.0529211796474061,1.7993055282836976,1.76735758337937,0.7801472889302248
Nipbl,0.1605283605283605,0.7209013209013208,1.0,-0.1705974331167493,-0.0013218748387164,0.1968145582194316,0.7117738709312583,0.7063296294440705,0.7801472889302248
Sub1,0.1048951048951048,0.6453768453768453,1.0,-0.050185634753093,0.0217462743185055,0.1013538472313888,1.789974639416445,1.8152290408429912,0.7801472889302248
Basp1,0.0829836829836829,0.3282051282051281,0.8784770784770783,0.0316987832242914,0.1073568898383849,0.1697329895190127,2.4093622541399538,2.60275936555994,0.7801472889302248
Otulin,0.0485338272976736,0.4883708485316103,1.0,-28.887787358132268,-0.9759074926702564,1.7776315656160446,0.3616757090965549,0.1569337288434442,0.7801472889302248
Otulinl,0.1249279148519578,0.5623719669710694,1.0,-0.1846328975036807,0.1715935144785229,1.210911253696735,0.5275568696905027,0.5882738803329867,0.7801472889302248
Cct5,0.1605283605283605,0.6453768453768453,1.0,-0.2574416674756066,-0.0368996963163007,0.1824429838079065,0.672100922864338,0.6508263770207278,0.7801472889302248
Mtdh,0.0206682206682206,0.1605283605283605,0.7209013209013208,-0.007508378628431,0.2015234558413358,0.3397731099366363,0.8381004381254668,0.9740534926355696,0.7801472889302248
Rpl30,0.1303807303807303,0.6453768453768453,1.0,-0.0211433231730491,0.0061051174022203,0.0336821329479153,3.1858141810172125,3.1982132850375784,0.7801472889302248
Cox6c,0.1303807303807303,0.6453768453768453,1.0,-0.0951098417587917,-0.025963195627056,0.0588186358793684,1.8296397408145728,1.7992551176101448,0.7801472889302248
Pabpc1,0.2344988344988344,0.7209013209013208,1.0,-0.0385178371523014,0.0181247614572778,0.0641062646620743,2.22155359080229,2.249672892008915,0.7801472889302248
Ywhaz,0.0281274281274281,0.2786324786324786,0.8784770784770783,-0.0398323998796985,0.0758806387754089,0.1869398231021168,1.4681986086380912,1.54469723724437,0.7801472889302248
Atp6v1c1,0.1025458809789091,0.5992415158356712,1.0,-2.231339756812584,-0.422978604277393,0.3272437233228221,0.5090770623695711,0.3668770419424023,0.7801472889302248
Eif3e,0.0206682206682206,0.2786324786324786,0.7209013209013208,0.001653137371183,0.1301142778100961,0.2455389418830103,0.9821066068331836,1.0733190585571108,0.7801472889302248
Eny2,0.0752002988766929,0.4109392401761573,0.9575006903366504,-28.90721868664076,-1.9226486516985972,-0.0432557785756703,0.4452389694844045,0.1075753849577857,0.7801472889302248
Trps1,0.1605283605283605,0.5737373737373737,1.0,-0.1086137726629231,0.1439437027060768,0.3408809833367212,0.7656118543214092,0.8464192227239785,0.7801472889302248
Eif3h,0.0829836829836829,0.5737373737373737,1.0,-0.081388390708624,0.0258701564199909,0.138577412623142,1.1140574609728089,1.1309993218486325,0.7801472889302248
Derl1,0.0069930069930069,0.1303807303807303,0.8784770784770783,-0.0122749207785648,0.2435949691337791,0.962433901365386,0.5076352280604274,0.6053486239134103,0.7801472889302248
Ndufb9,0.3282051282051281,0.7984459984459983,1.0,-0.2173407852406999,-0.0111537709819961,0.1213056607321987,1.0613080714203162,1.056101694678032,0.8016992708494454
Trib1,0.1025077345151939,0.5737373737373737,1.0,-0.5566800166704114,0.1611470701705906,0.5980430133638833,0.52713306114062,0.5894608908726565,0.7801472889302248
Fam49b,0.0645804195804195,0.3822843822843822,0.959129759129759,-0.0107906400328088,0.0637611636487059,0.1630220493369951,1.2369517291374177,1.2874075461433003,0.7801472889302248
Sla,0.0046620046620046,0.0404213463806162,0.3719426202973561,-2.727212960057708,-0.5964365784605473,-0.153334206574849,0.6655668746661243,0.4352656494402205,0.7801472889302248
Ago2,0.1948717948717948,0.7209013209013208,1.0,-0.1195257023255079,0.0692311885224745,0.2571871294339342,0.8216557063234688,0.8672105192887347,0.7801472889302248
Ly6e,0.0069930069930069,0.1048951048951048,0.6453768453768453,0.0127462785755231,0.0735936983722073,0.1179825557879332,2.4550582448932574,2.587285572932901,0.7801472889302248
Ly6a,0.0649572649572649,0.5053613053613053,1.0,-0.1572436788592007,0.2065917613604763,0.5406253075636219,0.658643506306857,0.7638343571827562,0.7801472889302248
Eef1d,0.0281274281274281,0.3282051282051281,0.959129759129759,-0.0122892560922442,0.1568195838019891,0.3075755809323602,0.8606569150297461,0.9593595944141984,0.7801472889302248
Grina,0.1303093949551582,0.6741981971505068,1.0,-0.6291857093209844,-0.0551484668831055,0.129802544007266,0.5905818206606634,0.5694882951603288,0.7801472889302248
Cyc1,0.0641787341204117,0.4109392401761573,0.956302873568115,-0.131894354025546,1.811759619537637,28.999611976468067,0.123518163657654,0.4567959613679955,0.7801472889302248
Vps28,0.0065616501031227,0.0262942089944858,0.226323584276958,0.2686482020405134,0.6403278222235043,2.1132980732431386,0.4039454066341322,0.6280713821863095,0.7801472889302248
Rpl8,0.3822843822843822,0.7984459984459983,1.0,-0.0649275920823858,-0.0312292766091627,0.0072556146447566,2.705963654566459,2.645026990200657,0.8016992708494454
Myh9,0.0003108003108003,0.0147630147630147,0.2786324786324786,0.0785072028622719,0.196501321204121,0.3331261706696162,1.1312807210945426,1.294282970469925,0.7073944573944543
Ncf4,0.1303807303807303,0.5053613053613053,0.960151515151514,-0.256289705540398,-0.1040426501470854,0.0680300267331363,1.052609119978082,0.9751543467079872,0.7801472889302248
Csf2rb2,0.0649572649572649,0.4518615600632193,1.0,-0.4980214216887338,-0.1117986259458804,0.1619789856879133,0.6391834599168242,0.5925228901392687,0.7801472889302248
Csf2rb,0.2344988344988344,0.7209013209013208,1.0,-0.1379704053988431,-0.0094297337476033,0.1461344374022412,1.5876166558238676,1.57357719554632,0.7801472889302248
Rac2,0.002566807444097,0.0399796029462569,0.3282051282051281,-1.2219851654729117,-0.5272637987999544,-0.0872457573601298,0.9740222931743604,0.6791885209409437,0.7801472889302248
Cyth4,0.0379176379176379,0.3822843822843822,0.959129759129759,-0.4040108645153492,-0.1818042962789168,0.0344725629968662,0.8705676537243335,0.7646950445619775,0.7801472889302248
Maff,0.2237103149867649,0.7123816042098661,1.0,-0.9190401690787338,-0.1615703826522752,0.3963941554124511,0.6104996691037252,0.5409579704751732,0.7801472889302248
Ddx17,0.0177903286236667,0.1550343725091923,0.7914137797872357,-0.2151613214193883,0.5104882459039357,2.3423070675056468,0.4576938865562732,0.6440359620859732,0.7801472889302248
Tomm22,0.0892626890842453,0.6136987693023748,1.0,-28.80260604091686,-0.6905423888937102,27.39369408354124,0.3612402445587495,0.208713483515585,0.7801472889302248
Rpl3,0.1948717948717948,0.7209013209013208,1.0,-0.0235802112562288,0.0077049592788563,0.0495955700068032,2.7968390202170514,2.8092797141180625,0.7801472889302248
Atf4,0.1605283605283605,0.7209013209013208,1.0,-0.2730295949372757,-0.0570507667122138,0.2015975459637141,0.692090658257643,0.6633471784607492,0.7801472889302248
St13,0.2786324786324786,0.7922976624962125,1.0,-0.1787681948874588,0.0074159206664582,0.1866617113538075,0.6791026232361123,0.682192465125667,0.8016992708494454
Rbx1,0.1605283605283605,0.5737373737373737,1.0,-0.0463517774873463,0.0686492780511607,0.201087700744925,0.9888904962697412,1.0354112566962823,0.7801472889302248
Tob2,0.2267790958291536,0.7169454041760308,1.0,-0.4723846454729563,-0.1339461155453354,0.1882689448722332,0.734533195915944,0.6736668923959013,0.7801472889302248
Snu13,0.2344988344988344,0.7209013209013208,1.0,-0.2688910462232494,-0.0863332644648628,0.1023195089456481,0.7366035179604666,0.6907741378847381,0.7801472889302248
Smdt1,0.1948717948717948,0.7209013209013208,1.0,-0.1926959750400205,-0.0115869771650508,0.1236939799151454,1.1559004574773724,1.1477686979175874,0.7801472889302248
Ndufa6,0.1303807303807303,0.5737373737373737,1.0,-0.2275539934340452,-0.0630337334210085,0.0701451747479919,1.06371250171448,1.0164994563239689,0.7801472889302248
Poldip3,0.2697960790058185,0.7913911161280311,1.0,-0.2206771300932382,0.0077704287218306,0.1827764648132234,0.6023915907985893,0.616238309161241,0.8016992708494454
Tspo,0.1048951048951048,0.5053613053613053,0.959129759129759,-0.0362722536263028,0.0510381952902578,0.1461211897754432,1.504102334292666,1.5545413821523475,0.7801472889302248
5031439G07Rik,0.126572867159757,0.6217687412649331,1.0,-1.5682742479735368,0.142854633421709,28.39700358006377,0.3201406116089864,0.3402734409820169,0.7801472889302248
Zcrb1,0.056715944432522,0.4295368450634365,1.0,-0.3534054025101363,0.2277918811807259,0.753168040025932,0.485336576619772,0.5741299147777249,0.7801472889302248
Scaf11,0.0518570202911714,0.4945189922275712,1.0,-1.0716158519934338,-0.2411739628473957,0.2508502981724709,0.574491536717752,0.478330889028566,0.7801472889302248
Slc38a1,0.0658827641887259,0.3442073387850138,0.95799832386793,-0.0172462995302962,0.2817944292088289,0.726756139056403,0.5658477626794824,0.6802520402446586,0.7801472889302248
Slc38a2,0.2496751994882275,0.7463178799324552,1.0,-2.110028752011605,-0.1255119059630917,26.69848208245123,0.4484835854338924,0.3846280607043734,0.7993396428180808
Arf3,0.0129063396350218,0.1275273133578452,0.7129894874507409,0.0439339182784036,0.8873627936854309,29.188717164430862,0.3094040381276035,0.5804652746365662,0.7801472889302248
Tuba1b,0.0036194871540827,0.0513398264234592,0.3981268046862669,-2.8285322831595408,-1.022630299920397,-0.2361383259992019,0.7241023898935551,0.3588679382258711,0.7801472889302248
Tuba1c,0.1605283605283605,0.7209013209013208,1.0,-0.3129261342795048,-0.0799605043544006,0.1986758546981495,0.6336063117921168,0.5934551982424537,0.7801472889302248
Tmbim6,0.1048951048951048,0.6453768453768453,1.0,-0.098477728977166,0.0169960388720735,0.1240076434702728,1.424630096490815,1.441750579651025,0.7801472889302248
Cox14,0.0498834498834498,0.3716774469130736,0.959129759129759,-0.6251245749126072,-0.1928328675334512,0.0743792106846234,0.5828139343987875,0.5122331186020523,0.7801472889302248
Dazap2,0.0498834498834498,0.5737373737373737,1.0,-0.1542377421202237,-0.04382433724143,0.0746101176933741,1.2096063401646,1.16655287536179,0.7801472889302248
Eif4b,0.0006216006216006,0.0379176379176379,0.2484224619161354,0.1561265184703106,0.354532336532939,0.5994638999333494,0.5859673487280479,0.7458774082031234,0.7801472889302248
Pfdn5,0.0649572649572649,0.5737373737373737,1.0,-0.038932404076832,0.0260072039664424,0.080300691806764,1.788891708155315,1.8209929926694863,0.7801472889302248
Prr13,0.0498834498834498,0.5737373737373737,1.0,-0.2930843486349963,-0.0912439869462708,0.1290888918004162,0.7673875064152516,0.71785976399983,0.7801472889302248
Pcbp2,0.0281274281274281,0.3282051282051281,1.0,-0.0359940501665453,0.0424356135473158,0.1142810480967711,1.384325542341545,1.4282440593300323,0.7801472889302248
Atp5g2,0.1605283605283605,0.7209013209013208,1.0,-0.0813997435377863,0.0113588333574107,0.0807135704408699,1.6735853760531012,1.69093451921462,0.7801472889302248
Hnrnpa1,0.1948717948717948,0.7209013209013208,1.0,-0.1425144918314072,0.0115279348988723,0.1782625386183212,1.0371229444590262,1.041596889873761,0.7801472889302248
Nckap1l,0.1303807303807303,0.6453768453768453,1.0,-0.1305395568915654,0.0383055061391783,0.2263345845139692,0.7141532020305108,0.7299613531499507,0.7801472889302248
Crebbp,0.169000047821659,0.672143970444527,1.0,-26.490694623475186,-0.0558260431301703,1.9477496553815692,0.3571043634637872,0.3545904404230877,0.7801472889302248
Glyr1,0.0309783644973281,0.3854182323682291,0.957492737513927,-1.8569192012343256,1.8132239420269367,28.871853122567696,0.109758357543328,0.300588674555545,0.7801472889302248
Ubn1,0.0498834498834498,0.4858640717097421,1.0,-1.3267069639000697,-0.3317556862088818,0.062595771590847,0.5453648320727428,0.4344539431118098,0.7801472889302248
Ciita,0.0649572649572649,0.4418026418026417,1.0,-0.7798207918709837,-0.2668099752868184,0.0422693468449112,0.7825346729577121,0.6484467544640052,0.7801472889302248
Litaf,0.0069930069930069,0.1605283605283605,0.7984459984459983,0.004649192440664,0.1124237826377653,0.2004284059003843,1.4318880037499435,1.5488294944599563,0.7801472889302248
Zc3h7a,0.0701828574655269,0.3854182323682291,0.956284952863831,-26.26308402814542,1.902633812823352,28.95803020903396,0.0864469848545585,0.317190057612704,0.7801472889302248
Rsl1d1,0.1119097370670114,0.6536395693173636,1.0,-27.516980305222557,0.4608623290658408,28.63655927036679,0.2222998863516687,0.2939416538082256,0.7801472889302248
Gspt1,0.0808012021668319,0.4295368450634365,1.0,-0.2324509695770455,0.0878678059781717,0.6923739229623854,0.5189410036630505,0.547880856516744,0.7801472889302248
Mapk1,0.1383475099493835,0.6854434826775221,1.0,-28.38509188578873,0.0,27.74512010077615,0.099775325290795,0.083898638411943,0.7801472889302248
Sdf2l1,0.0828964098822239,0.5992415158356712,1.0,-0.4567322085918551,-0.0897413231726917,0.164043704132512,0.6899206461066045,0.6499626931891067,0.7801472889302248
Ube2l3,0.0829836829836829,0.5053613053613053,1.0,-0.21596547426662,-0.084521134920257,0.0541588361875157,0.9731490488732836,0.9191387812637,0.7801472889302248
Ranbp1,0.0404103027947572,0.5053613053613053,1.0,-0.2695661046956528,-0.0749160355405028,0.1237660180799284,0.6422591356462483,0.6096612949453275,0.7801472889302248
Ap2m1,0.187959068257727,0.7123816042098661,1.0,-2.0162223431658,0.1496404735271372,1.324828947490637,0.414266474960143,0.4640631709016907,0.7801472889302248
Psmd2,0.2666030678505001,0.7898534698691263,1.0,-1.26117370102874,-0.048084507878936,0.660919102566087,0.5301932118752786,0.5144412045764948,0.8016992708494454
Eif4g1,0.1221757823939265,0.6314395816467896,1.0,-27.99362324085904,0.0467839260317619,2.3948433720460303,0.3971397766490819,0.4164203168798007,0.7801472889302248
Tra2b,0.0829836829836829,0.4418026418026417,0.959129759129759,-0.3349437043754865,-0.1126195582646074,0.0820194071458757,1.0003289607374797,0.9228962110244068,0.7801472889302248
Dnajb11,0.1311003359891045,0.6662276454096188,1.0,-28.926285514204075,-0.5121362407914806,1.6231756184095745,0.3953363011426901,0.2582833419811275,0.7801472889302248
Eif4a2,0.1859115564387405,0.7090730856847203,1.0,-1.5269227013634163,-0.4048935685212795,0.7940512385352255,0.5289342084059709,0.3878582699202112,0.7801472889302248
Ccdc50,0.0206682206682206,0.2344988344988344,0.8784770784770783,-0.3800900750894009,-0.1916768792008044,0.0283469806689727,0.7300937301574233,0.6353650785073525,0.7801472889302248
Atp13a3,0.0404103027947572,0.4305578876446536,1.0,-1.0114614768858294,-0.1953975020189525,0.1300979319335444,0.5904265740177148,0.515128593533458,0.7801472889302248
Acap2,0.138270937555393,0.672143970444527,1.0,-0.7948454903522142,0.0188440148901567,0.9278923321216788,0.4896502905752808,0.4894752210356849,0.7801472889302248
Ppp1r2,0.044406322145509,0.3180689668505534,0.95799832386793,-0.1354697100515214,0.2607690519148903,1.24819293510608,0.5054921254347525,0.6062037909589031,0.7801472889302248
0610012G03Rik,0.0129063396350218,0.1275273133578452,0.6362542681663956,0.0272072493064815,0.5740367230695194,29.114636003376333,0.407116335796153,0.61919943521154,0.7801472889302248
Pak2,0.0104118104118104,0.1303807303807303,0.6472649572649555,-0.4334388129683869,-0.2485160665679958,-0.0441793944019165,0.9569925060556514,0.8068486925539928,0.7801472889302248
Nrros,0.1605283605283605,0.7209013209013208,1.0,-0.3340495656663834,-0.0869663900010743,0.2214476786132754,0.782327511567396,0.7369040268484744,0.7801472889302248
Pcyt1a,0.2202347585707377,0.7129894874507409,1.0,-0.5866422380539851,0.0515226747728481,0.3800835404841789,0.5701421567527782,0.591697656498489,0.7801472889302248
Rpl35a,0.1605283605283605,0.7209013209013208,1.0,-0.0316082429132643,-0.0052002285030135,0.0244206822908811,3.4670120859545914,3.453320658514455,0.7801472889302248
Itgb5,0.0649572649572649,0.4418026418026417,1.0,-0.3234320336052937,-0.133290583661279,0.0804048625060565,0.8629358450376672,0.7841195128106138,0.7801472889302248
Slc49a4,0.0424886615917809,0.476087344441214,1.0,-28.89068720737468,-0.6127866355070185,0.747282597376093,0.498872238083888,0.3202454512005183,0.7801472889302248
Kpna1,0.0095379523581334,0.0844690322532518,0.4935866947664938,0.449736895837433,2.5570891591553235,29.14928293826239,0.098903443161492,0.5408486281087319,0.7801472889302248
Cd86,0.1605283605283605,0.6453768453768453,1.0,-0.1623788838454372,-0.0344588890360632,0.0763625719907914,1.3732452046291312,1.3412209684752412,0.7801472889302248
Hcls1,0.0498834498834498,0.2786324786324786,0.8784770784770783,0.010310704492334,0.1663263035812159,0.3098986337358489,0.9330781121654532,1.047093820530904,0.7801472889302248
Ndufb4,0.0147630147630147,0.2072440909861849,0.8804674297208172,-0.4388246444349766,-0.1408371755891728,0.0338647741811668,0.6414928946885088,0.5841458393114513,0.7801472889302248
Lrrc58,0.1446069299211384,0.6275008061114353,1.0,-27.57676239829371,1.2292572663493262,28.88931420276477,0.1350474189782555,0.3026463048889052,0.7801472889302248
Cox17,0.1605283605283605,0.7209013209013208,1.0,-0.1091476122708283,0.0676356740969496,0.2221816377995925,0.8353734651871695,0.8784470384994445,0.7801472889302248
Atp6v1a,0.0379176379176379,0.2786324786324786,0.8784770784770783,-0.0259699368169644,0.1248039774164725,0.2974499062178851,0.7945096094255303,0.8644884441757742,0.7801472889302248
Naa50,0.2495457409356322,0.7123816042098661,1.0,-28.766626876789964,-0.2577259147324059,1.4692425570183998,0.372444620290707,0.3058552393377393,0.7801472889302248
Cd47,0.0001554001554001,0.0029526029526029,0.0654079254079249,-0.3041604531739822,-0.1826897638902758,-0.0902271319100124,1.4523687360002602,1.278542116001407,0.6907835753989593
Nfkbiz,0.0645804195804195,0.5737373737373737,1.0,-0.5066197692177481,-0.143948684498205,0.1595111754805234,0.8843039818200427,0.7963780280230408,0.7801472889302248
Rpl24,0.1948717948717948,0.6453768453768453,1.0,-0.0496978403319813,0.0166797749158627,0.0658847076031668,2.829498810949352,2.86582378372961,0.7801472889302248
Pcnp,0.1501208222419232,0.6945980769823016,1.0,-28.20456587178584,0.050338523535727,28.033607669102278,0.327745690266826,0.3300941596568038,0.7801472889302248
Cggbp1,0.0177903286236667,0.2111691776030892,0.9157535305649552,-29.18362819490371,-0.6874349755894517,0.0656336236686657,0.6001685337494667,0.3639742980099132,0.7801472889302248
Nrip1,0.0645804195804195,0.3706183398171955,0.959129759129759,-0.6464061116674709,-0.2557583902745938,0.0847777660301686,0.6651883047565901,0.5582829557367067,0.7801472889302248
Atp5j,0.0829836829836829,0.5737373737373737,1.0,-0.178650057700245,-0.0597612061845724,0.0527454821647776,1.2925711602383312,1.2461470920700035,0.7801472889302248
App,0.0018453768453768,0.0649572649572649,0.5737373737373737,-0.1697150086673975,-0.0973196671281248,-0.0218586436201166,1.5127520044827123,1.4140224068581926,0.7801472889302248
Cct8,0.1275062708469737,0.6453768453768453,1.0,-0.9126932582625504,-0.1438054774550842,0.074392786432926,0.6218788272660607,0.5673360349536141,0.7801472889302248
Bach1,0.0649572649572649,0.5737373737373737,1.0,-0.0864181304254635,0.0900610920768042,0.3033694590313917,0.9250299780490268,0.9891677349238384,0.7801472889302248
Sod1,0.0069930069930069,0.1303807303807303,0.792451370894957,0.025147800717797,0.31170486333755,0.8847577115443696,0.546608733565274,0.6754178058123195,0.7801472889302248
Synj1,0.1498393966276672,0.6314395816467896,1.0,-1.693427018638057,-0.2355865866364219,1.0594446057007207,0.541084752422953,0.451802446532333,0.7801472889302248
Ifnar2,0.0003108003108003,0.0147630147630147,0.1948717948717948,0.0634196668830261,0.1401732394838463,0.2476578190352424,1.1557714952921565,1.27103099370196,0.7073944573944543
Il10rb,0.1033079701313654,0.5632366271431426,1.0,-1.0856479939730563,-0.0882429551234191,0.1458962357820105,0.58408569477064,0.5520400854547882,0.7801472889302248
Ifnar1,0.0829836829836829,0.6453768453768453,1.0,-0.0833618023433674,0.0324386891959281,0.1514603710224771,1.3309466726847523,1.3605096918413375,0.7801472889302248
Ifngr2,0.1303807303807303,0.6453768453768453,1.0,-0.4175547583214303,-0.0554982374657583,0.1999476358974617,0.6107356712373619,0.5893438504297595,0.7801472889302248
Tmem50b,0.0496329132677271,0.4323095522662977,1.0,-1.1472915352981796,2.169841729397474,28.921986489642915,0.099775325290795,0.3352643296709383,0.7801472889302248
Son,0.0104118104118104,0.1605283605283605,0.7984459984459983,0.012793703689098,0.0813987639109806,0.1590150185118323,1.59175024779682,1.68654329103025,0.7801472889302248
Atp5o,0.0104118104118104,0.1605283605283605,0.7984459984459983,-0.5002977363305837,-0.3005630096490012,-0.1046491674842164,0.8817828749044334,0.7093321838255399,0.7801472889302248
Runx1,0.0018648018648018,0.0649572649572649,0.4418026418026417,-0.5244207006731753,-0.3462595885664966,-0.167414791889899,0.9540838435984906,0.7493514761345855,0.7801472889302248
Ets2,0.0018648018648018,0.0379176379176379,0.3282051282051281,-0.520857243641647,-0.3073298286062432,-0.0903015790830462,0.9434339877510032,0.7617026071493546,0.7801472889302248
Gtf2h5,0.1221757823939265,0.5606272147226752,1.0,-1.5296619485756324,0.4133008521377639,28.76660915473032,0.304118030318387,0.4001929741729686,0.7801472889302248
Ezr,0.2344988344988344,0.7525377274994569,1.0,-0.2692439841197715,0.0510822830141645,0.3003089465612187,0.5705457014517447,0.5920380357469294,0.7993396428180808
Rnaset2a,0.3054410144210585,0.7509359138372155,1.0,-0.5300092968861578,0.4036388579046363,1.1000901434469832,0.38649676940166,0.5328141850195975,0.7993396428180808
Mpc1,0.0649572649572649,0.3822843822843822,0.959129759129759,-0.3841561745349526,-0.1792015662596572,0.0093650961209482,0.7705440313755776,0.6833713543442802,0.7801472889302248
Qk,0.1948717948717948,0.7209013209013208,1.0,-0.2207451113636127,-0.0417195100219682,0.1746653099536132,0.8411404840926551,0.8148585790862042,0.7801472889302248
Tcp1,0.1249984823508817,0.6355065570939342,1.0,-1.0051777917940392,0.0139309299084456,0.9070545751619984,0.5138630141172771,0.5086096502516158,0.7801472889302248
Sod2,0.0206682206682206,0.3822843822843822,0.959129759129759,-0.3217538534799417,-0.103024883699006,0.0728804123423769,1.0058639396378126,0.9398491089562692,0.7801472889302248
Psmb1,0.0206682206682206,0.2786324786324786,0.959129759129759,-0.0487100182727888,0.079392331348841,0.2366669916158508,1.015741025768632,1.0703205469934025,0.7801472889302248
Chd1,0.1447541897224064,0.6945980769823016,1.0,-28.465589717116025,-0.296173570616726,28.119326378005088,0.1987389030293385,0.138826367699363,0.7801472889302248
Lnpep,0.2042192702898491,0.7525377274994569,1.0,-1.227488701612788,-0.0986863838592204,1.1640403265645418,0.4785609436221822,0.4422964149930513,0.7993396428180808
Srrm2,0.0495843045843046,0.4418026418026417,1.0,-0.1448107522711743,-0.0573742456429511,0.0250720596998873,1.5665240044577375,1.5049769299204927,0.7801472889302248
Elob,0.194013209013209,0.6453768453768453,1.0,-0.1234176141044346,-0.0402739281999518,0.046771536361966,1.3149355007662749,1.27825952796818,0.7801472889302248
Atp6v0c,0.0379176379176379,0.2786324786324786,0.959129759129759,-0.0247518881855909,0.0317519131386041,0.0824963903790152,2.4089477364658918,2.46298792437777,0.7801472889302248
Rps2,0.2344988344988344,0.7209013209013208,1.0,-0.0409230158962696,0.0062326376061065,0.0542827539670207,2.1728085537476884,2.182828107799935,0.7801472889302248
Ndufb10,0.1048951048951048,0.5737373737373737,1.0,-0.1455083706486764,0.0569077106359672,0.2708267487074619,0.6135141721244313,0.6373751391151933,0.7801472889302248
Msrb1,0.0585216810711015,0.2072440909861849,0.6453768453768453,0.0942038802069616,0.2967489039477955,0.5349498967738764,0.8465532914563256,1.0334570956758884,0.7801472889302248
Ube2i,0.0825330225330225,0.5737373737373737,1.0,-0.2671025073529896,-0.1083260502482027,0.0762782507944148,0.8471075058078239,0.7836990160889314,0.7801472889302248
Dusp1,0.0829836829836829,0.3822843822843822,0.8784770784770783,-0.3412396322606753,-0.1824410002234135,-0.0136441269990241,1.5471919185136724,1.3600035841684175,0.7801472889302248
Atp6v0e,0.0649572649572649,0.4418026418026417,0.959129759129759,-0.0386519206209359,0.0598871291924118,0.1326710338192008,1.48411020772013,1.5458336003132227,0.7801472889302248
Cuta,0.3593635170698864,0.7906222929985787,1.0,-28.736670705037536,-0.3995791487413137,26.561716429717634,0.244205006906855,0.205265437484673,0.8016992708494454
Uqcc2,0.1388637976716842,0.5372487561593727,1.0,-1.226801987894827,1.854335577011324,28.85645624180383,0.1055963788159765,0.263641212803005,0.7801472889302248
Rps10,0.2344988344988344,0.7209013209013208,1.0,-0.0327530860609207,0.0038479169755699,0.0438180784629104,3.098687179830834,3.105157824421505,0.7801472889302248
Rpl10a,0.3822843822843822,0.8784770784770783,1.0,-0.0569329929578129,-0.0026394455992603,0.046204809929666,2.59265362418583,2.586069173494245,0.8784770784770783
Srsf3,0.0046620046620046,0.1948717948717948,0.959129759129759,-0.2382152832274605,-0.0994627075306128,0.0306845316199195,1.24004976859877,1.15906204517929,0.7801472889302248
Cdkn1a,0.0003108003108003,0.0069930069930069,0.0829836829836829,-0.3755398508893351,-0.2592283869966805,-0.1608863824316433,1.9892296983242213,1.6638710311377225,0.6907835753989593
Pim1,0.0206682206682206,0.1048951048951048,0.5053613053613053,-0.3049049332771276,-0.2056823087897223,-0.1062579521551907,1.8844944578064824,1.6350383761035838,0.7801472889302248
Ndufv3,0.0652774393287843,0.2932663384219456,0.8794225964650968,-0.4055266667346826,-0.2040577268407947,-0.0024530904460819,0.7904918213124897,0.6830902880013627,0.7801472889302248
U2af1,0.1859115564387405,0.6355065570939342,1.0,-0.4068522840762704,0.0960916080979131,0.4039423813879901,0.5526153404704655,0.5942452726181018,0.7801472889302248
Brd4,0.0100225501653525,0.3169975086812533,0.95799832386793,-28.89554165351882,-0.7167726588748775,0.2841441826565721,0.5282257172097664,0.3046712099032207,0.7801472889302248
Hnrnpm,0.0281274281274281,0.3282051282051281,0.959129759129759,-0.4276251335250478,-0.1843621134731796,0.0426847039142724,0.8172654466439384,0.7194196904034103,0.7801472889302248
Rab11b,0.3125100938565328,0.7791362111653477,1.0,-28.561378129135857,-0.3185387412389678,26.329834610684557,0.2346610684880075,0.20503373399157,0.8016992708494454
Rps28,0.5053613053613053,0.8784770784770783,1.0,-0.0074246243552071,0.0268890397587383,0.0597681945451012,3.237674517551395,3.2999675143605325,0.8784770784770783
Ndufa7,0.0498834498834498,0.2786324786324786,0.959129759129759,-0.2993828883455344,-0.118952248306842,0.0305858105296296,0.9744882768552224,0.8967443647057429,0.7801472889302248
Tapbp,0.0829836829836829,0.3822843822843822,0.959129759129759,-0.0288839259639291,0.1043146144720008,0.2287444285149321,1.147890409239785,1.2340411650744652,0.7801472889302248
Rps18,0.3282051282051281,0.7984459984459983,1.0,-0.0428257521900792,0.0114575230089987,0.0623014308068914,2.863534156890138,2.883591459356845,0.8016992708494454
H2-K1,0.0649572649572649,0.3822843822843822,0.959129759129759,-0.0033770375687041,0.0174421233881697,0.042126481031827,3.4272306546884423,3.4621130098950874,0.7801472889302248
Brd2,0.0003108003108003,0.0104118104118104,0.1605283605283605,-0.5560426850701695,-0.3587424404695113,-0.1624641713421521,1.002303110940124,0.7832488450298958,0.6907835753989593
H2-DMa,0.0379176379176379,0.3282051282051281,0.959129759129759,-0.0781402799387699,-0.0335934017067997,0.0127116123382256,2.332473809505685,2.2799278563425265,0.7801472889302248
H2-DMb2,0.0498834498834498,0.4418026418026417,1.0,-0.1105164920233305,0.2325156925062949,0.4679693011704345,0.7126888839116913,0.8360252997978668,0.7801472889302248
H2-DMb1,0.0379176379176379,0.2786324786324786,0.959129759129759,-0.1020805762586605,-0.0316726844978586,0.0221976875422378,2.1056936989082478,2.06176946693092,0.7801472889302248
Psmb9,0.0829836829836829,0.5053613053613053,1.0,-0.1938998198162402,-0.0243426452114222,0.099242246933143,0.9763815399225004,0.9669494137820602,0.7801472889302248
Tap1,0.2344988344988344,0.7209013209013208,1.0,-0.15402194518487,0.0108558169203731,0.1849215821520208,0.8427913000446612,0.8489248685081283,0.7801472889302248
Psmb8,0.1048951048951048,0.3822843822843822,0.8784770784770783,-0.0304002112886405,0.0402267112567692,0.1132225152616732,1.7840161471765688,1.838201697002825,0.7801472889302248
Tap2,0.0214681709862187,0.2042192702898491,0.8292484591829462,-0.3297412650291246,1.304587664200166,29.02065682024209,0.1979569427806722,0.4779726634482922,0.7801472889302248
H2-Ab1,0.0498834498834498,0.2344988344988344,0.7209013209013208,-0.0506411771932523,-0.0272666351410486,-0.0014936432038408,4.90871921792141,4.817445662682378,0.7801472889302248
H2-Aa,0.1605283605283605,0.5737373737373737,1.0,-0.0302528740632835,-0.0065042662379146,0.0147824390905269,4.887264641412115,4.866206472968109,0.7801472889302248
H2-Eb1,0.1948717948717948,0.5053613053613053,1.0,-0.0306815690529744,-0.0130503209734079,0.0064763775323139,4.847414300778048,4.8051919054785,0.7801472889302248
Gpsm3,0.0485284880562916,0.3169975086812533,0.91629779799785,-0.0259729886563458,0.1973254849008516,0.7697959941319725,0.5183087380667293,0.5915915280419886,0.7801472889302248
Cfb,0.1221757823939265,0.4295368450634365,1.0,-0.7384134722809332,0.6307040786734317,29.2192101708725,0.4024720984321591,0.619001303530468,0.7801472889302248
Neu1,0.183219514285975,0.7011912626598479,1.0,-1.5199836767151058,1.0137220631655808,28.61032446291744,0.1325613981214102,0.2827093419194119,0.7801472889302248
Clic1,0.0829836829836829,0.5737373737373737,1.0,-0.1199434417842514,-0.0238589143948233,0.0741716426473595,1.4826698120130075,1.462865961520285,0.7801472889302248
Aif1,0.1303807303807303,0.5737373737373737,1.0,-0.1038068169538351,-0.0328117870033727,0.0354478164100773,2.3673718574197133,2.312197079518186,0.7801472889302248
Lst1,0.1303807303807303,0.6453768453768453,1.0,-0.0681881734232152,0.01691809259752,0.1164674004206098,1.8936253683373716,1.9155983118153976,0.7801472889302248
Ddx39b,0.098376499171856,0.4900025128506556,1.0,-28.929269993767512,-1.453550716869365,0.8863839243628028,0.3659110517914745,0.1153787800374662,0.7801472889302248
H2-D1,0.0829836829836829,0.3822843822843822,0.959129759129759,-0.0033344138659572,0.0217381627891639,0.0483828575492916,3.261458769953683,3.309974109506663,0.7801472889302248
H2-Q4,0.0720366326038636,0.483357294887874,1.0,-2.505407124666009,0.6084623197120335,28.778552305477465,0.233126395150688,0.3842789257012247,0.7801472889302248
H2-Q6,0.1048951048951048,0.5053613053613053,0.959129759129759,-0.3300185848876959,-0.1197426560905373,0.1168818611205579,0.785379890042355,0.7219013377223826,0.7801472889302248
H2-Q7,0.0379176379176379,0.2786324786324786,0.959129759129759,0.002397329951376,0.0972304853231645,0.1761419951854158,1.8388860825575,1.964961970570335,0.7801472889302248
Ier3,0.0003108003108003,0.0019325930854399,0.0180440947460136,-3.0421077845037496,-1.529093661792471,-0.9177304650452902,1.4536496976505524,0.5075062058899703,0.6907835753989593
Tubb5,0.0649572649572649,0.3442073387850138,0.959129759129759,-0.0759322623134835,0.1667267171236728,0.3997728827377778,0.6313117363894927,0.709706788115795,0.7801472889302248
Ppp1r18,0.0089646567741591,0.1776874391005868,0.8739169654469724,-0.0772051064668803,1.721431835002892,29.078684407099438,0.1352645292182535,0.5142540243914551,0.7801472889302248
Ppp1r10,0.2976405854092169,0.7463178799324552,1.0,-28.77807762048357,-0.2710940522610126,1.3394535148832547,0.4328086316188175,0.3244431926194045,0.7993396428180808
Abcf1,0.0460530998204478,0.4239989896164244,1.0,-2.102901864716777,0.9498238184145532,28.87863401010725,0.1784795792984418,0.332539569504283,0.7801472889302248
H2-T23,0.0029526029526029,0.0379176379176379,0.2344988344988344,0.1221458996599983,0.1986853702070194,0.2770247905418593,1.3507936605229476,1.5471865586394773,0.7801472889302248
H2-T22,0.0649572649572649,0.5737373737373737,1.0,-0.4955665006654861,-0.0483969024152053,0.1645269110571562,0.6348311973002587,0.6186501225451437,0.7801472889302248
H2-M3,0.0752002988766929,0.4109392401761573,0.956284952863831,-1.5050987709516843,1.37798107933908,28.93472482467193,0.1433167912247765,0.357708624367287,0.7801472889302248
H2-M2,0.0104118104118104,0.1033079701313654,0.3822843822843822,-0.8471505075527475,-0.4129572263699853,-0.1635185178822272,1.8548529990880172,1.3873302931610574,0.7801472889302248
Gm26917,0.0728488583209919,0.483357294887874,1.0,-0.8635831890234255,2.116536410271744,28.915551904697896,0.062276386637268,0.3194688394645527,0.7801472889302248
Gm42418,0.1605283605283605,0.6453768453768453,1.0,-0.0791104633395282,-0.0123836684074528,0.0386132990793306,3.1175431283206274,3.0961768607400177,0.7801472889302248
AY036118,0.2786324786324786,0.7209013209013208,1.0,-0.0680333872154426,0.0651354899967772,0.1440614068949977,1.6977709030720576,1.7736373369671374,0.7801472889302248
Cd2ap,0.2073914000366514,0.6217687412649331,1.0,-0.5694713538665679,0.8754283519352835,28.99379368520784,0.2526164833884632,0.4571923260671562,0.7801472889302248
Pla2g7,0.0003069153069153,0.0281274281274281,0.3282051282051281,0.0924115642968192,0.1729758370862226,0.2436519449715702,1.88654215251811,2.1303374850599424,0.7801472889302248
Nfkbie,0.1605283605283605,0.7209013209013208,1.0,-0.2199432529566674,-0.0184035652485232,0.2002502132319357,0.8265979636718904,0.8142112057879785,0.7801472889302248
Hsp90ab1,0.1948717948717948,0.7209013209013208,1.0,-0.0680675830074053,-0.0164420041144996,0.0355535366481134,2.42245004055639,2.3956021228897098,0.7801472889302248
Vegfa,0.0379176379176379,0.3822843822843822,0.959129759129759,0.0047003800940808,0.2469034917964716,0.4579342310699314,0.9563559255228352,1.1316668696089476,0.7801472889302248
Tomm6,0.1048951048951048,0.5737373737373737,1.0,-0.222788963663898,-0.1052882336306356,0.0293550502772173,1.1002780395972862,1.0220834412705686,0.7801472889302248
Micos13,0.0206682206682206,0.2344988344988344,0.8784770784770783,-0.0721284737982153,0.127058648126805,0.3333595093276863,0.7341912625547171,0.8039950931229735,0.7801472889302248
Rpl36,0.3822843822843822,0.7984459984459983,1.0,-0.0499672403300258,0.0001365892508936,0.0558664200016239,2.7691736582420177,2.7662119256713664,0.8016992708494454
Ndufa11,0.0649572649572649,0.3442073387850138,0.91629779799785,-0.846448283741216,-0.2558513508316566,-0.043816858909588,0.6584157630761598,0.5558721857068842,0.7801472889302248
C3,0.1605283605283605,0.7209013209013208,1.0,-0.2330655005854785,-0.0023753244639014,0.1782973848922629,0.9916619136709026,0.994452336580417,0.7801472889302248
Adgre1,0.0281274281274281,0.1948717948717948,0.6453768453768453,-0.6890878208108401,-0.262040585661715,-0.0075376051372385,1.3805692793434137,1.168953214476415,0.7801472889302248
Man2a1,0.0649572649572649,0.4418026418026417,1.0,-0.0748577984904884,0.1723285568350931,0.4119459760057847,0.5973693490566376,0.6720086508951117,0.7801472889302248
Vapa,0.1597746697746697,0.6453768453768453,1.0,-0.2100597581820071,-0.0492835132262493,0.14386221626832,0.866385831335681,0.8371014766085292,0.7801472889302248
Ndufv2,0.1163008546420284,0.6536395693173636,1.0,-28.78592209430973,-0.4835154693571207,28.20368684013315,0.2730371550489953,0.2007114480937592,0.7801472889302248
Tgif1,0.0018648018648018,0.0281274281274281,0.2786324786324786,-0.6302544464467262,-0.4370208125130531,-0.2450362273186153,0.9534347085851352,0.7040260665375475,0.7801472889302248
Myl12b,0.2344988344988344,0.7209013209013208,1.0,-0.0807693341035924,0.006266402000746,0.0975947934268924,1.37323933647774,1.3774392013919226,0.7801472889302248
Myl12a,0.1605283605283605,0.7209013209013208,1.0,-0.1153905454622207,0.0150090180233923,0.1368588963332491,1.07627606574267,1.0892062269962812,0.7801472889302248
Lpin2,0.194013209013209,0.7209013209013208,1.0,-0.1333812982738799,0.0478590591578586,0.1974293321580633,0.8767480583312885,0.9050115166656908,0.7801472889302248
Emilin2,0.0281274281274281,0.1948717948717948,0.7209013209013208,-0.53781755164674,-0.2497484619166503,-0.0076668708500355,0.9302436595242384,0.780989113189035,0.7801472889302248
Smchd1,0.0147630147630147,0.2786324786324786,0.959129759129759,-0.3674867810406649,-0.1661265078292547,0.0495545661110954,0.966379687177193,0.8599297164695037,0.7801472889302248
Birc6,0.0234641873132727,0.2687359373937462,0.9580911282267016,-0.0402058686618347,0.240976770292852,0.7840550011905129,0.5654270125560953,0.6703744841576716,0.7801472889302248
Hnrnpll,0.0820111835222406,0.5737373737373737,1.0,-0.3131446646876513,-0.0495399637000099,0.1750328175742362,0.6366164564655289,0.6139711629933335,0.7801472889302248
Srsf7,0.0104118104118104,0.1303807303807303,0.7209013209013208,-0.3744412342436134,-0.2260287225401432,-0.0414350576843764,0.920392103462521,0.7847124662381006,0.7801472889302248
Cox7a2l,0.0649572649572649,0.2344988344988344,0.5737373737373737,0.0545893273993595,0.1821011514304018,0.3067840768583004,1.2796200194091425,1.46054001228168,0.7801472889302248
Zfp36l2,0.1948717948717948,0.7984459984459983,1.0,-0.2230827136353596,0.0347045268289363,0.244492202426169,1.0032986703339506,1.027348865051512,0.8016992708494454
Cript,0.0892626890842453,0.5554000264413739,1.0,-27.56821714466324,0.4014545857210155,28.72504784871659,0.2132169673507217,0.2940616502847867,0.7801472889302248
Calm2,0.0147630147630147,0.1948717948717948,0.959129759129759,-0.2155228077289532,-0.0967205570879511,0.0330015506711018,1.3742057524574511,1.2841992739274375,0.7801472889302248
Fbxo11,0.0561971119187938,0.476087344441214,1.0,-28.965009366867644,-1.309069958202889,1.4722945429748395,0.3758206329961737,0.1158741639200872,0.7801472889302248
Crem,0.0785086613988421,0.3883232289789247,0.956284952863831,-29.25616966937036,-1.9847248626670224,0.019223341485581,0.5812815550560012,0.136140168969361,0.7801472889302248
Kif5b,0.0281274281274281,0.3282051282051281,0.959129759129759,-0.3650806866960467,-0.1232005732287164,0.0886507141579091,0.7436355263476235,0.6855542157642625,0.7801472889302248
Mpp7,0.187959068257727,0.7209013209013208,1.0,-0.2613423256559481,0.0855396901709506,0.5543068994817064,0.7007958663041307,0.7400413645920868,0.7801472889302248
Wac,0.1550343725091923,0.7123816042098661,1.0,-0.997027322841994,-0.052318773427699,0.5586989461849333,0.527309037383705,0.5119367003091497,0.7801472889302248
Rock1,0.0046620046620046,0.1948717948717948,0.959129759129759,-0.007348587630946,0.1416910939442963,0.2872526079353759,0.861184837718332,0.9555044683491984,0.7801472889302248
Snrpd1,0.0133130027638166,0.1385464150989199,0.6751527823269899,-1.0893202944453184,-0.3702609205517048,-0.0462458650353609,0.5995602102480966,0.4650252468083496,0.7801472889302248
Riok3,0.0308276094320916,0.3706183398171955,1.0,-0.3942391510180007,0.2067099002920485,1.3359958432756,0.4837636323407627,0.5602540023063313,0.7801472889302248
Npc1,0.0300384093191748,0.3593635170698864,1.0,-0.4826244170687976,0.2261447920601759,1.965250885081663,0.425525899791769,0.4973928051214519,0.7801472889302248
Impact,0.0281274281274281,0.3822843822843822,1.0,-0.0827067686561311,0.1682080771685559,0.4319763430308146,0.644186369477873,0.718267958641057,0.7801472889302248
Galnt1,0.2444968573844136,0.7840226582999281,1.0,-1.9209463571694736,-0.0132496359013323,1.7615845859001371,0.4501184264813717,0.4256925795489812,0.8016992708494454
Map3k2,0.0443596685838957,0.5244497218060842,1.0,-28.711547453497733,-0.7713010271742425,27.708999884785324,0.295992352303917,0.1466052618033832,0.7801472889302248
Reep5,0.1048951048951048,0.7209013209013208,1.0,-0.1354616559358716,-0.0176679677467939,0.1010445373233768,1.0488082937499863,1.037838515322695,0.7801472889302248
Etf1,0.1605283605283605,0.7209013209013208,1.0,-0.1389638079781749,0.0077468185878031,0.1590057897988591,1.030168435259581,1.0331512221368,0.7801472889302248
Hspa9,0.1275273133578452,0.5632366271431426,1.0,-0.4237947578364193,-0.0608841145549649,0.1720408433064858,0.6762547398716269,0.6543394749263389,0.7801472889302248
Ctnna1,0.1705610877239446,0.7058654396235203,1.0,-28.880986400550885,-0.7812323340298714,26.79882550112572,0.3979188319639573,0.2323902300614277,0.7801472889302248
Matr3,0.1311305028696508,0.7090730856847203,1.0,-1.4913857994677038,-0.0051197244351204,1.3785455893652014,0.4236398278755144,0.403402562952371,0.7801472889302248
Paip2,0.1275273133578452,0.5623719669710694,1.0,-0.6231697237603984,-0.0859691400489212,0.1556555234674819,0.5807434730656733,0.55107226234167,0.7801472889302248
Ube2d2a,0.0498834498834498,0.5053613053613053,1.0,-0.0788992323268177,0.0434537762313058,0.1907679136520534,0.877206104022012,0.9028283649506026,0.7801472889302248
Sra1,0.1249279148519578,0.6339972307873878,1.0,-0.77889144406462,0.1692184828553475,1.2326067893571897,0.4821873519425952,0.5259032817383928,0.7801472889302248
Cd14,0.0018648018648018,0.0104118104118104,0.0498834498834498,-0.3107256770777059,-0.2037423086488264,-0.1216805969167981,3.1786949730863525,2.76481241386676,0.6907835753989593
Ndufa2,0.0379176379176379,0.4418026418026417,1.0,-0.1713804744850774,-0.0488471693252514,0.0445203607647416,1.3083885633198125,1.2680585824569175,0.7801472889302248
Ik,0.2344988344988344,0.7209013209013208,1.0,-0.2436057023801705,-0.0611788581502204,0.1435275356270924,0.7819540809999246,0.748132565190734,0.7801472889302248
Zmat2,0.0822168388123539,0.3883232289789247,0.957810850422856,-0.1191873179456268,0.3713097419321837,1.7131384040178432,0.4283263257315929,0.559205311842491,0.7801472889302248
Diaph1,0.0829836829836829,0.5283087192353848,1.0,-0.589221737988948,-0.0915236581980216,0.1571251851150354,0.6020180996703177,0.5642982456383938,0.7801472889302248
Ndfip1,0.0649572649572649,0.4418026418026417,1.0,-0.177327230733334,0.1147255349018163,0.3492418020440189,0.6955505548419163,0.7451171001848087,0.7801472889302248
Fem1c,0.0829836829836829,0.5737373737373737,1.0,-0.0782056848163527,0.1355713468535603,0.3133327647546562,0.8647372919841955,0.95592967246283,0.7801472889302248
Tmed7,0.0808578101401583,0.491634177169701,1.0,-0.5532438482461943,0.1418285035396409,1.0882687683733274,0.5349001016689571,0.5782096809853695,0.7801472889302248
Eif1a,0.2786324786324786,0.7209013209013208,1.0,-0.1989663220520803,-0.0270968032571251,0.1857969798332206,0.8619808440001208,0.8373052136968115,0.7801472889302248
Ap3s1,0.091125993228696,0.574872695668895,1.0,-28.71499542189702,-1.56234434796776,27.685679599617497,0.2218503688816202,0.1013496131376832,0.7801472889302248
Tnfaip8,0.0046620046620046,0.1048951048951048,0.6355065570939342,-1.1759486580494576,-0.4233118056428681,-0.1311580406815213,0.751086782155507,0.5653590508823225,0.7801472889302248
Isoc1,0.2967484758164126,0.7058654396235203,1.0,-28.86610724926085,-0.4281077821075765,28.04732058230754,0.2329845181125632,0.1075753849577857,0.7801472889302248
Smim3,0.1889129885093625,0.7123816042098661,1.0,-0.226353801401161,0.1315164549822443,0.5247193786547288,0.5532211698316738,0.6053464624264717,0.7801472889302248
Rps14,0.1303807303807303,0.4418026418026417,0.959129759129759,0.001319339076266,0.0307974164323408,0.064396678758967,3.1691274756969863,3.2394768110362064,0.7801472889302248
Cd74,0.2344988344988344,0.7209013209013208,1.0,-0.014231535977938,0.004100000666708,0.0210305655413031,5.624830672078049,5.64156585998383,0.7801472889302248
Csf1r,0.1303807303807303,0.6453768453768453,1.0,-0.0397271073261276,0.0102858598221878,0.0720668010625581,2.21640995183142,2.2293022868107126,0.7801472889302248
Csnk1a1,0.1303807303807303,0.5737373737373737,1.0,-0.1559126240988848,-0.0128235327788222,0.0907547174483066,1.1048019855636624,1.0968274411484389,0.7801472889302248
Txnl1,0.1048951048951048,0.6453768453768453,1.0,-0.275198329585284,-0.0723925757592189,0.1245820389636833,0.7172643395761348,0.6836262003455701,0.7801472889302248
Nars,0.082182863095549,0.4274785219508331,0.95799832386793,-1.6012396175965176,-0.3087239168989555,0.0128430454733396,0.617800925913618,0.5059844029559637,0.7801472889302248
Malt1,0.2344988344988344,0.7209013209013208,1.0,-0.090131304080133,0.0051416502513015,0.1077744359716229,2.011335083466334,2.02471822465441,0.7801472889302248
Sec11c,0.0147630147630147,0.1605283605283605,0.6453768453768453,0.0600138526237584,0.2393484652739221,0.4231752924893633,0.677217052452901,0.8007437762568348,0.7801472889302248
Tubb6,0.0829836829836829,0.4418026418026417,1.0,-0.3121406204413127,-0.1219920199170856,0.0377696892334524,0.7263663478494116,0.6661774647341898,0.7801472889302248
Tcf4,0.2202347585707377,0.7090730856847203,1.0,-28.80205550910242,-0.0409637967307672,28.03038496806898,0.3662658831576714,0.3390541180463499,0.7801472889302248
Rpl17,0.2786324786324786,0.7209013209013208,1.0,-0.0183839380677306,0.0166086535662365,0.0558244014925293,3.0642702457336477,3.1006886489316647,0.7801472889302248
BC031181,0.3654215579150202,0.7723374412927804,1.0,-27.775273138734764,-0.7136755610177343,27.349032436347592,0.1673687226115482,0.1062111274394205,0.8016992708494454
Ier3ip1,0.1605283605283605,0.6453768453768453,1.0,-0.1904389968729167,0.0255800998212858,0.2394699888893721,0.689275102588922,0.6976949286321434,0.7801472889302248
Atp5a1,0.0379176379176379,0.3282051282051281,0.959129759129759,-0.0374122289073535,0.0539774838497452,0.1452370353436458,1.3886767206919024,1.4416909617311275,0.7801472889302248
Gm16286,0.0375617252106905,0.2630105719268568,0.957810850422856,-28.950393700871864,-0.73847864187195,0.014155359605476,0.5493097852888745,0.3239628024149375,0.7801472889302248
Zfp516,0.214946955169527,0.6945980769823016,1.0,-28.58416419011955,0.2420346200296071,28.40152942504193,0.2834459236064512,0.3739158591900423,0.7801472889302248
Cndp2,0.0206497951338542,0.2597440090853888,0.957492737513927,-28.99648825148681,-0.6555288268573357,0.6987183918329481,0.5304965339398775,0.3147551639968765,0.7801472889302248
Cyb5a,0.1605283605283605,0.7126855458303034,1.0,-0.2210623971013129,-0.0360261784750213,0.1548461268242711,0.7196914899144633,0.701055637035595,0.7801472889302248
Tcirg1,0.3282051282051281,0.7984459984459983,1.0,-0.1506413581071524,0.053367365002627,0.2916178976823976,0.7076197992279931,0.7355890291815543,0.8016992708494454
Ndufs8,0.0219109698020534,0.3148402731431644,0.95799832386793,-28.83912607052906,-0.7072078856018332,0.2554936713658886,0.4926848903737397,0.3032935258128515,0.7801472889302248
Unc93b1,0.0379176379176379,0.2344988344988344,0.959129759129759,-0.1232577006072478,-0.0552295605301105,-0.0031759615440968,1.9921047323480676,1.919100699557795,0.7801472889302248
Cdk2ap2,0.0498834498834498,0.3822843822843822,0.959129759129759,-0.0538370169807658,0.1757377278042611,0.4017520048983989,0.6098069328118267,0.6838691642223275,0.7801472889302248
Tmem134,0.0458395301651684,0.2932663384219456,0.959129759129759,-0.0629261252435887,0.1690427739171837,0.3372832332681942,0.6189291571370106,0.7003945568256883,0.7801472889302248
Ppp1ca,0.0829836829836829,0.5053613053613053,0.959129759129759,-0.0601783733515064,0.0765770694060458,0.2252983836847307,1.12064807898961,1.1819516031658206,0.7801472889302248
Pold4,0.2784115686418121,0.7209013209013208,1.0,-0.0757856876710899,0.110919948449136,0.2845525226738195,0.6227386635652837,0.6763251317626937,0.7801472889302248
Grk2,0.2268047955085498,0.7922976624962125,1.0,-0.2559011708054085,0.0919832878890146,0.2981418113993371,0.61042218855594,0.660040327297177,0.8016992708494454
Sf3b2,0.2268047955085498,0.7922976624962125,1.0,-0.5778408926815691,-0.0651350458488781,0.1241995328214439,0.6699085229058923,0.6436253720836278,0.8016992708494454
Drap1,0.1947234362000748,0.6741981971505068,1.0,-0.3278958073333859,-0.0804575882241665,0.0885549928345482,0.670479600534341,0.6354004043120014,0.7801472889302248
Cfl1,0.0206682206682206,0.3282051282051281,0.959129759129759,-0.1050308621296269,-0.0361502689238315,0.0145434102644189,2.2757714259489727,2.2242150235136475,0.7801472889302248
Malat1,0.1605283605283605,0.7209013209013208,1.0,-0.0427901486774693,-0.0070350152118673,0.0251817170744009,5.133737316153067,5.107768063780915,0.7801472889302248
Neat1,0.0379176379176379,0.3282051282051281,0.959129759129759,-0.0518732641242725,0.1551864577824313,0.3512296362406816,1.13033329225487,1.25391452514384,0.7801472889302248
Fau,0.1948717948717948,0.7209013209013208,1.0,-0.0340150038318212,-0.0005394688559846,0.0291981729911888,3.7840604406447222,3.782108199963053,0.7801472889302248
Ehd1,0.0281274281274281,0.2344988344988344,0.7984459984459983,-0.0121769563996987,0.173166533945444,0.3306580859486668,1.3483055656595175,1.514081231513295,0.7801472889302248
Sf1,0.0498834498834498,0.5283087192353848,1.0,-0.108423163495432,0.0913481189965687,0.3173333702316062,0.6164579702491275,0.6566031230828002,0.7801472889302248
Prdx5,0.1303807303807303,0.5737373737373737,1.0,-0.1011036811526692,-0.013511340289172,0.0543005420210521,2.241043397178593,2.2199617269036875,0.7801472889302248
Trmt112,0.1181645029262154,0.6217687412649331,1.0,-2.5390602353241163,1.0529114027311126,28.94099739763844,0.1335839382077722,0.3797619460661602,0.7801472889302248
Fkbp2,0.0206682206682206,0.3282051282051281,0.959129759129759,-0.830205526988872,-0.2042131574696273,0.0670386431820656,0.6444940301762647,0.561634524112451,0.7801472889302248
Fermt3,0.0649572649572649,0.5053613053613053,1.0,-0.215002230857294,-0.055078050431989,0.1128040878124962,0.9616309301357452,0.9227938804338482,0.7801472889302248
Cox8a,0.0498834498834498,0.3282051282051281,0.959129759129759,-0.0830427166092155,-0.0399993239781218,0.006580814648501,2.4697203037989826,2.4014868671134746,0.7801472889302248
Rtn3,0.0046620046620046,0.0658827641887259,0.6453768453768453,0.0485680384392585,0.30132690898256,0.6840654302491473,0.6066939403771088,0.7439207157833884,0.7801472889302248
Plaat3,0.045965276816961,0.4323095522662977,1.0,-1.275717870700766,0.6441410446184841,28.796302867592036,0.2639456654172832,0.4282276041938965,0.7801472889302248
Slc3a2,0.0205205905205905,0.3822843822843822,0.959129759129759,-0.0414400293785078,0.0529440836772061,0.1632105784195523,1.362688874688614,1.4111577043054089,0.7801472889302248
Hnrnpul2,0.1501208222419232,0.672143970444527,1.0,-0.8733913206160484,0.1128653367379122,1.8528236724027496,0.4879941483220215,0.525245618243313,0.7801472889302248
Ubxn1,0.1948717948717948,0.7209013209013208,1.0,-0.1562763542184484,0.0213505711240047,0.1931251465840616,0.8498517256466156,0.8670217021828449,0.7801472889302248
Eef1g,0.1303807303807303,0.6453768453768453,1.0,-0.1301588311342714,-0.0156921072397074,0.0972608806298477,1.0958320508593362,1.0842944957595149,0.7801472889302248
Fth1,0.0147630147630147,0.0649572649572649,0.2786324786324786,0.0227069920413461,0.044773977502062,0.07053020845112,5.292642168439875,5.459656978845083,0.7801472889302248
Tmem258,0.1948717948717948,0.7209013209013208,1.0,-0.2704569609308855,-0.0921441745382906,0.0995256207180485,0.8264266813401393,0.7750428319543448,0.7801472889302248
Slc15a3,0.1303807303807303,0.5053613053613053,1.0,-0.1583250510543432,-0.0600764874275401,0.0354523135896425,1.8271908255982223,1.7484395811320723,0.7801472889302248
AW112010,0.3809324009324009,0.7984459984459983,1.0,-0.062581709217546,-0.0010267377395737,0.0637429896695273,2.4153878578288186,2.405795774416405,0.8016992708494454
Ms4a7,0.0206682206682206,0.0829836829836829,0.2344988344988344,-0.6778343069014716,-0.4693196215695748,-0.278831354008095,2.0055575207379124,1.4521661763773774,0.7801472889302248
Ms4a6c,0.0147630147630147,0.1777000777000776,0.7984459984459983,0.0223261177630587,0.0766434323999946,0.1205747786558896,1.896509057361155,2.00165051576318,0.7801472889302248
Ms4a6b,0.1303807303807303,0.5053613053613053,0.959129759129759,-0.0773566400140395,0.0795886628611304,0.231378274323079,1.0180638384019371,1.0755274049872874,0.7801472889302248
Ms4a6d,0.0498834498834498,0.2786324786324786,0.8784770784770783,-0.2935201068477822,-0.1483424728316766,-0.0044712776274335,1.1313123573551,1.0197501346735018,0.7801472889302248
Mpeg1,0.1303807303807303,0.5737373737373737,1.0,-0.0844588714931364,-0.0169843080994296,0.0741529076904502,2.1739281044691925,2.1435159177261878,0.7801472889302248
Zfp91,0.1597746697746697,0.6453768453768453,1.0,-0.1819264248920351,0.0098479410623703,0.1906653884351388,0.8714952363486382,0.8772234782377479,0.7801472889302248
Gnaq,0.3164042294247706,0.7913911161280311,1.0,-0.6916011146709242,0.0096097003733644,0.3439180000619958,0.5611203354337153,0.5650111558735538,0.8016992708494454
Ostf1,0.1605283605283605,0.7209013209013208,1.0,-0.1538927875489673,-0.0094746855260209,0.115617723542768,1.2347705367632802,1.2216555997595702,0.7801472889302248
Zfand5,0.0206682206682206,0.1948717948717948,0.7984459984459983,0.0492055881438112,0.2173820908622354,0.3671728028315887,1.0922331493265487,1.2676015020944462,0.7801472889302248
Jak2,0.1479292814162472,0.6854434826775221,1.0,-28.676666317185003,-1.260297656265481,27.573784949993613,0.2069510086124277,0.083898638411943,0.7801472889302248
Plgrkt,0.0822168388123539,0.6314395816467896,1.0,-0.825402226746628,-0.1151520523473666,0.4251586315024819,0.5204920674285536,0.4795394607588495,0.7801472889302248
Cd274,0.0206682206682206,0.3822843822843822,0.959129759129759,-0.050415464903563,0.0808897396040016,0.2248134186361444,1.2494359833162665,1.3210158048827076,0.7801472889302248
Pten,0.0281274281274281,0.3282051282051281,0.959129759129759,-0.0484409008473242,0.161282584252898,0.3640621089599613,0.778937080971515,0.8715192078353855,0.7801472889302248
Lipa,0.1826944712149479,0.5176341185833455,0.957810850422856,0.1854883452420419,0.8861711832687336,29.414996511384537,0.3843701082113905,0.7012852289340814,0.7801472889302248
March5,0.0026797462914421,0.0288663193874748,0.2202347585707377,0.3302104294449061,2.400367792656733,29.26992771648599,0.1145982762575445,0.5974265178300135,0.7801472889302248
Myof,0.0498834498834498,0.4935627897033893,1.0,-0.3270839184897137,-0.0936429437342138,0.1201850342886068,0.6764418954237603,0.6352368768306824,0.7801472889302248
Entpd1,0.1303807303807303,0.5737373737373737,1.0,-0.2296701538166898,-0.0446839396522818,0.1187328064703418,0.9841005025804412,0.9593431971706112,0.7801472889302248
Tm9sf3,0.0379176379176379,0.4418026418026417,1.0,-0.2576521379111053,-0.0948273452335173,0.072546274129507,0.792852745586024,0.7391942080374849,0.7801472889302248
Pik3ap1,0.0376728826728826,0.4418026418026417,1.0,-0.3579523832821759,-0.1034722162865507,0.0994701799715151,0.9578779456872896,0.898381362661735,0.7801472889302248
Pgam1,0.0206682206682206,0.3282051282051281,0.959129759129759,-0.3475046479771539,-0.1698744119401329,0.0034012027183797,0.9718843770814408,0.8657730025703739,0.7801472889302248
Got1,0.1605283605283605,0.6741981971505068,1.0,-0.2949445130727595,-0.0045792698710338,0.2610067924489785,0.6431924405321081,0.6406246932587676,0.7801472889302248
Ndufb8,0.2344988344988344,0.7984459984459983,1.0,-0.1559599827695473,0.0133456518818465,0.178247972467658,1.094469036560765,1.10965342183263,0.8016992708494454
Atp5md,0.0498834498834498,0.3282051282051281,0.8784770784770783,-0.2247695667229534,-0.1081550091680269,0.005207453851958,1.3492762587212674,1.2516307655298915,0.7801472889302248
Slk,0.0069664750229345,0.1388637976716842,0.8754509755325331,-0.2825303694645604,1.340561900192364,29.080321583971102,0.1955530486027602,0.4800792358311607,0.7801472889302248
Sfr1,0.1036924195583296,0.5897737906589078,1.0,-28.82845846872283,-0.6553675596517543,27.129817117319423,0.337832330206383,0.2183726014936109,0.7801472889302248
Dusp5,0.0829836829836829,0.4418026418026417,0.959129759129759,-0.5565164136812109,-0.2138197654224962,0.0773318171115927,1.1560473972406875,0.9935251958403104,0.7801472889302248
Acsl5,0.1776874391005868,0.6217687412649331,1.0,-27.727086905999823,1.0370743309275037,28.794343950662743,0.138609212163163,0.3153696451476221,0.7801472889302248
Shtn1,0.1775092803161707,0.7011912626598479,1.0,-27.72237040808957,0.3622211435298086,28.52578091814299,0.2238775515331162,0.2726876935139162,0.7801472889302248
Eif3a,0.1048951048951048,0.5737373737373737,1.0,-0.1434404125709924,-0.015607305405651,0.1155262396484171,1.4431101709417475,1.4316837873073949,0.7801472889302248
Csf2ra,0.0829836829836829,0.5737373737373737,1.0,-0.1023316639151455,0.0290617552482414,0.1492742727820642,1.1613453591259926,1.1855273211942374,0.7801472889302248
Rbm3,0.0206682206682206,0.1948717948717948,0.8784770784770783,-0.1854996375143776,-0.1166491227761382,-0.0434835398896741,1.7586742172990375,1.6240624410211877,0.7801472889302248
Cybb,0.1048951048951048,0.4418026418026417,0.959129759129759,-0.084594080451401,-0.0424882791727072,0.0023751131230355,2.391874703591521,2.320831206886995,0.7801472889302248
Atp6ap2,0.1303807303807303,0.6453768453768453,1.0,-0.1226976027334782,0.0147432466590517,0.1433368247353474,1.055669660220465,1.0676274926721434,0.7801472889302248
Usp9x,0.0206682206682206,0.2786324786324786,0.959129759129759,-0.0421872272638457,0.2241068283239835,0.4392595955353463,0.604322471485196,0.7044925590379172,0.7801472889302248
Ddx3x,0.1048951048951048,0.5737373737373737,1.0,-0.2778660837651537,-0.1231880942584671,0.0533004393228385,1.0304305896194743,0.9492248073545432,0.7801472889302248
Ndufb11,0.2344988344988344,0.7984459984459983,1.0,-0.130908796470934,0.0019774880319624,0.1045616489102983,0.899678231655955,0.9021868890023752,0.8016992708494454
Uba1,0.1501208222419232,0.6314395816467896,1.0,-0.7837998855545395,0.3865442067397841,28.578594733550155,0.3430933819777835,0.4210928937204983,0.7801472889302248
Cfp,0.0046620046620046,0.1948717948717948,0.8784770784770783,-0.0944301255486626,0.2282110427607347,0.490437390480724,0.8922751131861922,1.048809583483278,0.7801472889302248
Slc25a5,0.1605283605283605,0.7209013209013208,1.0,-0.0525659859082852,0.0086829080172426,0.0685975722325739,1.6554854587015375,1.6666081408422535,0.7801472889302248
Ube2a,0.1119097370670114,0.6217687412649331,1.0,-28.26341974429794,0.0,28.466509682374948,0.2101505814837667,0.2102138673440167,0.7801472889302248
Rpl39,0.3809324009324009,0.7984459984459983,1.0,-0.0214150930546234,0.0115132015332869,0.0445384685656371,3.41125429371552,3.4388399010164417,0.8016992708494454
Ndufa1,0.0206682206682206,0.2344988344988344,0.959129759129759,-0.2522177567681016,-0.1299759299275671,-0.0079900854199937,1.033491003932849,0.944137350898484,0.7801472889302248
Lamp2,0.0046620046620046,0.1303807303807303,0.8004467754467735,-0.2014278987756527,-0.098199451029727,0.0014508081871616,1.3576001373146,1.2679010815411824,0.7801472889302248
Thoc2,0.0235441024125527,0.2976405854092169,0.9570140549471634,-0.3804428932735936,2.37192085487423,28.905388122401224,0.0855183463591022,0.391103187041415,0.7801472889302248
Hprt,0.1559265180741878,0.6362542681663956,1.0,-0.252182340985011,0.0898933695505891,0.5341917515481717,0.5552593859654407,0.599742799388865,0.7801472889302248
Bcap31,0.0925975751425982,0.5531274454486008,1.0,-0.4870513106853198,0.4910402672817784,28.84557592170141,0.3362846824952488,0.4674724689629282,0.7801472889302248
Ssr4,0.1048951048951048,0.6453768453768453,1.0,-0.1079998294520624,-0.0056365380885728,0.1036984975668223,1.4494440341206087,1.4428079305765775,0.7801472889302248
Flna,0.0704615426471519,0.4323095522662977,1.0,-27.09068395539396,1.077075456737461,28.961231318664375,0.143409730085474,0.3836179020838564,0.7801472889302248
Emd,0.0485974356945255,0.3648813140419181,1.0,-29.05488279426277,-0.8809457928971842,0.0364935336231639,0.542463141396356,0.3004975704489787,0.7801472889302248
Rpl10,0.1297435897435897,0.3822843822843822,0.959129759129759,0.0028118439803607,0.0315910732955076,0.059820747792526,2.9840597097906625,3.0502974618825625,0.7801472889302248
Atp6ap1,0.0824479312591,0.5737373737373737,1.0,-0.3600863221402136,-0.1379169361216328,0.1121948046302875,0.7383616463651839,0.6712069112842581,0.7801472889302248
Fundc2,0.0129063396350218,0.1776874391005868,0.7463178799324552,-29.02697318258248,-1.1776070310605389,-0.0991011294119662,0.5349168031482933,0.233372286623187,0.7801472889302248
Msn,0.3282051282051281,0.7984459984459983,1.0,-0.0563010572201068,0.0571436589464428,0.141884798526183,1.2458116864363311,1.2975978087084798,0.8016992708494454
Il2rg,0.0104118104118104,0.1948717948717948,0.7984459984459983,-0.001443863339459,0.2171607165159042,0.4478131074277151,0.7693452785824437,0.8916994766594193,0.7801472889302248
Nono,0.0376442906310159,0.3694929212098171,1.0,-1.138541424943736,1.7817361359151649,28.943659273167597,0.120856403386026,0.4204782419879223,0.7801472889302248
Rps4x,0.1303807303807303,0.5737373737373737,1.0,-0.0531892248680706,-0.0119002582531356,0.0262275881028264,3.2079072122761225,3.17726469030025,0.7801472889302248
Xist,0.0829836829836829,0.5737373737373737,1.0,-0.0583775062047455,0.0087492431213756,0.064081692618386,2.2757805311914563,2.2844736621800226,0.7801472889302248
Rlim,0.0199311992935653,0.2073177455114181,0.8729830161749269,-0.346147945537424,0.8755910852472121,29.089495366300486,0.2547743592691962,0.5178835764267807,0.7801472889302248
Atrx,0.0649572649572649,0.3822843822843822,1.0,-0.1169281619640023,0.0972655272823988,0.2719658722805639,0.8214801327051808,0.8840118244720054,0.7801472889302248
Cox7b,0.1048951048951048,0.6453768453768453,1.0,-0.1381019290546661,-0.0043926621999842,0.1157465128608772,1.2417614913495236,1.2362048199079876,0.7801472889302248
Pgk1,0.2344988344988344,0.7209013209013208,1.0,-0.2636339928300241,-0.0410456610299159,0.1364828994853386,0.7934722765496293,0.7684284753602032,0.7801472889302248
Sh3bgrl,0.0379176379176379,0.2786324786324786,0.959129759129759,-0.259871655756161,-0.1172457103871609,0.0299851879411215,1.0763845268852377,0.9908869433334098,0.7801472889302248
Gm6377,0.1009563288227583,0.491634177169701,1.0,-1.9479312410993044,-0.4817624236881888,0.1514246661047298,0.5410678977042627,0.394513741922066,0.7801472889302248
Rpl36a,0.0206682206682206,0.2344988344988344,0.959129759129759,0.0017081836183277,0.0509733698676826,0.099963513346414,2.1952241771268453,2.272954065056261,0.7801472889302248
Gla,0.1500043975229742,0.6662276454096188,1.0,-27.01357239196717,-0.1000257744730845,27.282757351939523,0.3636115137729153,0.3414058896259047,0.7801472889302248
Hnrnph2,0.1303807303807303,0.6453768453768453,1.0,-0.2047568674101254,0.0066180849429805,0.2189011668844092,0.6621937324589211,0.6646186257294664,0.7801472889302248
Morf4l2,0.0199311992935653,0.1550343725091923,0.7090730856847203,-2.9604023970802222,-0.7691550520062211,-0.1475889789690722,0.6149706330212177,0.3564135289008818,0.7801472889302248
Huwe1,0.1275062708469737,0.6662276454096188,1.0,-2.159606831690396,-0.3737750503462093,0.2710451403457216,0.5208338125378593,0.3904189368894162,0.7801472889302248
Sat1,0.0001554001554001,0.0018648018648018,0.0379176379176379,0.1270296259394221,0.2512095811242255,0.3688685637985886,1.6029119256850626,1.9083964623519576,0.6907835753989593
Tmsb4x,0.3282051282051281,0.7209013209013208,1.0,-0.0321471377489567,-0.0048426861492611,0.0220525396782971,5.496943004645565,5.480182799798005,0.7801472889302248
Gm47283,0.1303807303807303,0.5737373737373737,0.959129759129759,-0.5884542069199831,-0.38073259729867,-0.1532468597069682,1.014306658670658,0.7797833851785332,0.7801472889302248
mt-Nd1,0.0029526029526029,0.1303807303807303,0.6453768453768453,-0.0708145859136491,-0.0421111086550301,-0.010993360587188,3.13972901507738,3.05098085947818,0.7801472889302248
mt-Nd2,0.1303807303807303,0.7209013209013208,1.0,-0.0552551943475897,-0.0100545205497876,0.0275256230248993,2.6667579882213324,2.6496538771823377,0.7801472889302248
mt-Co1,0.0379176379176379,0.3822843822843822,0.959129759129759,-0.0064941279089362,0.0116062354391824,0.0264166773178217,4.268134662219516,4.302058789029337,0.7801472889302248
mt-Co2,0.1303807303807303,0.6453768453768453,1.0,-0.0226126145082592,-0.0066215006633128,0.0115090345801028,4.285876513863195,4.264050862909465,0.7801472889302248
mt-Atp8,0.3282051282051281,0.7984459984459983,1.0,-0.3022173552013495,0.067766167427417,0.3691791396485402,0.6642791391568529,0.6990049521289257,0.8016992708494454
mt-Atp6,0.0147630147630147,0.1948717948717948,0.8784770784770783,-0.068396780249249,-0.0426606910914353,-0.0168107191851765,4.325735829186918,4.199841698550353,0.7801472889302248
mt-Co3,0.1048951048951048,0.6453768453768453,1.0,-0.0369333406093284,-0.0066847473525013,0.0166125627174579,4.151692775606295,4.134369087443435,0.7801472889302248
mt-Nd3,0.3282051282051281,0.7984459984459983,1.0,-0.1005871306751999,-0.0083478947650474,0.0758634858413133,1.6303374988358426,1.6234506341114725,0.8016992708494454
mt-Nd4l,0.0498834498834498,0.3282051282051281,0.8784770784770783,-0.2125205403069698,-0.0965331799042781,0.0378090159423202,1.3272782279677038,1.2387585683152111,0.7801472889302248
mt-Nd4,0.0379176379176379,0.4418026418026417,1.0,-0.0666524306491888,-0.0220668144650564,0.0233210948402239,2.973653384257948,2.9308290867874973,0.7801472889302248
mt-Nd5,0.1048951048951048,0.5737373737373737,1.0,-0.0383171400959925,0.039477212439438,0.1147265922025144,1.698476774027505,1.7448437208481176,0.7801472889302248
mt-Cytb,0.0649572649572649,0.3822843822843822,0.959129759129759,-0.077210954193785,-0.0435088609516704,-0.0020376756790007,3.2436197435863288,3.14647234197635,0.7801472889302248
AC149090.1,0.0269849932278037,0.2257768083327037,0.9157395749897528,-0.0195771197257185,0.6108764095496435,2.3611449383170413,0.3966251367992333,0.6223016788713923,0.7801472889302248
