gene,pval_lower,pval_median,pval_upper,log2fc_lower,log2fc_median,log2fc_upper,median_Salmonella_infNonTLSwk6_median,median_IL10_KOnonTLS_median,FDR_BH
Tcea1,0.0007335473709934,0.009501095540355,0.088567502575371,-28.88582826330257,-27.829504312888844,0.0,0.238514925409308,0.0,0.01993396992760822
Atp6v1h,0.0027786850681888,0.009501095540355,0.060676213535144,-28.788838119738237,-27.776881603564213,0.0,0.2299718460205934,0.0,0.01993396992760822
Tram1,0.0001720247930818,0.0008503839505192,0.0065537839558987,-29.17840999277571,-29.08874678736893,-28.975084247369168,0.5709332287788838,0.0,0.004916618599995501
Rpl7,0.1152655394141462,0.4726680955783123,1.0,-0.0431176718925283,-0.016278823370148,0.0188212505121394,2.595828548914759,2.566151302211225,0.5528582654427506
Eloc,0.0246637587729408,0.10896999584124,0.3481170935585413,-29.32563767789876,-1.396940545375281,-0.1629788040470031,0.6313293296144978,0.2419366709738442,0.16133564214096066
Lmbrd1,0.0006206439352771,0.0023050978559082,0.0174080378282394,-29.233926307869137,-29.07468713474311,-28.83254440439485,0.5653962729617875,0.0,0.009280909725010856
Phf3,0.0003316841937808,0.0075721656792071,0.0759886785541828,-28.943290208850733,-28.452303074344947,-26.57217975593698,0.3672794897110584,0.0,0.019696201575475955
Dst,3.529139494825728e-05,0.0001720247930818,0.0001720247930818,-29.76673765350387,-29.64929878879653,-29.488395758987423,0.8420313968646114,0.0,0.002385890623763593
Ptpn18,6.35071842502183e-05,0.0010637453361911,0.015860919266492,-0.3402008413328657,-0.2494667735716383,-0.1722245248980183,1.5015490841131052,1.2639175323272238,0.0057498897314234906
Neurl3,0.0006051899264875,0.00315340827298,0.0256231161316959,-29.564356335784773,-29.40324223826159,-1.4000504036955828,0.7198408263262402,0.0,0.009899101228066082
Cox5b,0.004096213384139,0.0314201794077955,0.1813447646264983,-0.2485310529914114,-0.1835673726344426,-0.1141543298240079,1.39204648673819,1.2255618219932312,0.05509085199428251
Mgat4a,3.529139494825728e-05,0.0007335473709934,0.009501095540355,-29.152760126506717,-28.93853829670149,-27.04644791371005,0.5144794794237002,0.0,0.004351269632483577
Mrpl30,0.0007335473709934,0.009501095540355,0.088567502575371,-28.55796867189252,-26.37177860260144,0.0,0.086835316867127,0.0,0.01993396992760822
Eif5b,0.0001905215527506,0.0123997777248551,0.1574747955862501,-0.2702047113983994,-0.1673577259297616,-0.057938943418358,1.021084356054475,0.9100173597868676,0.024922325526193913
Rpl31,0.0010637453361911,0.038707628800508,0.2090299277605772,-0.1283200032660795,-0.0839419731257293,-0.038021445516632,2.003370510445139,1.8882098085765129,0.06603066089498424
Rnf149,6.35071842502183e-05,0.0029639058244674,0.0573787409700722,-0.4147282063408606,-0.2905920217053185,-0.164770280462579,0.9144006866546333,0.7491509225399452,0.009467531952051885
Map4k4,0.0054933714376438,0.0824958323410335,0.3837421608319441,0.1092981025359307,0.250675526463111,0.3903161401944398,0.9107660103678126,1.0846792555760252,0.12539091987276887
Il1r2,0.1736964858864386,0.5622453293122838,1.0,-0.0661452202510358,0.3142076511571685,1.087434260278392,0.6807374346133406,0.8454177413491695,0.642013885408464
Tpp2,0.0007335473709934,0.009501095540355,0.0298677932975399,-28.755819065795983,-27.318454714070302,0.0,0.1673687226115482,0.0,0.01993396992760822
Stat1,0.0092079327359871,0.0331970060098276,0.1295450020706858,-0.8707049299682273,-0.6350657751443365,-0.4073607328358732,1.0965070464968223,0.710502603927761,0.05781785508098667
Gls,0.2702706993728666,0.7344923394458999,1.0,-0.0224455956116951,0.1388505323449366,0.2953078102002331,0.7937862259258893,0.8722660000256154,0.7577173936576279
Nab1,0.0075721656792071,0.0759886785541828,0.5098433838583576,-28.64474737930047,-26.837175449770204,0.0,0.1198932700654715,0.0,0.11805383989667685
Stk17b,0.0016408810607041,0.0169230724566994,0.144747399408133,-29.402689809617964,-29.223456327004847,-2.3788661351999743,0.62847382757605,0.0,0.03278733126022249
Sf3b1,0.0824958323410335,0.4726680955783123,1.0,-0.1013993981358099,-0.0393903349604266,0.0307437679063211,1.314834922367125,1.2795836832890752,0.5528582654427506
Coq10b,0.0001712003574158,0.0035729616071004,0.0516126376600038,-29.17122072432013,-29.01706792070992,-28.556522515740564,0.5432601254132887,0.0,0.011082853745623822
Hspd1,0.0027171818924305,0.0320895709002733,0.2408516040602033,-29.21158176261414,-29.10123660268893,-28.880835562333,0.5762926359881362,0.0,0.05610301055961657
Hspe1,0.0573787409700722,0.343145193299992,0.910105580693816,-0.1792529402953427,-0.0963115759044817,0.0034955927510499,1.0873990200893906,1.0171802033009576,0.427061490571584
Bzw1,0.0201317774073192,0.1349368897356513,0.4268635389378423,0.0857260243124768,0.1864267003914889,0.2893421312881513,0.8372641866123818,0.9509290948756184,0.19411787208427947
Clk1,0.1813447646264983,0.5713582599031516,1.0,-0.2368736967771171,-0.0616465170007145,0.1111645400188627,0.6747172222598026,0.6463817509560696,0.6427780423910455
Ndufb3,0.0027978174746771,0.0170924461025135,0.0946475624588327,-29.461096865495627,-1.6203204960528257,-0.4231344018790109,0.6909381314318322,0.228737573464762,0.03304539579819276
Cflar,0.1568627450980392,0.4268635389378423,0.7920774787647853,0.0822506104498673,0.2069849986629775,0.3205510218676268,0.866697542339488,1.003340990644343,0.5070739178409869
Sumo1,0.1768036740169494,0.6712057066317096,1.0,-0.1351742604905862,0.0331184299730378,0.1981013151710682,0.6861464478570055,0.7041096695438208,0.7252744983306371
Fam117b,0.0434205798404524,0.224994298489295,0.7802566569665166,-29.208699500934912,-2.378751293403448,-0.0321661933974395,0.5640687181538463,0.10838537715752,0.3020312882732858
Nrp2,0.082022527544501,0.3388103085407754,0.905874626961447,-29.34354730071524,-2.281259446359065,-0.1093771776238394,0.5931795902788392,0.1196651418415887,0.427061490571584
Eef1b2,0.0573787409700722,0.1568627450980392,0.3063340477891553,-0.1124332415614402,-0.0823986754372394,-0.0549772327303687,2.2582387016514827,2.1339232029136603,0.22001900513084985
Klf7,0.0007335473709934,0.0032593368359413,0.060676213535144,-28.996359259480688,-28.474065850559715,0.0,0.372861822797732,0.0,0.01017915965686283
Rpl37a,0.038707628800508,0.3053901722632373,0.8506311026434865,-0.0322637478713035,-0.0146977075045437,0.0016529187640292,3.371153415146975,3.337410483495539,0.3890849684274299
Arpc2,0.2082876875446535,0.6238787012780821,1.0,-0.0498899245496733,-0.0183334949850358,0.0175700570302593,2.1325028148680127,2.1054846924576704,0.6858161174699494
Aamp,0.0007335473709934,0.009501095540355,0.0298677932975399,-28.87107657956959,-27.71075339709235,0.0,0.2196685953562664,0.0,0.01993396992760822
Tmbim1,0.2153107493499366,0.7868234305012446,1.0,-0.0278289167255512,0.1499332206491756,0.3637828092044115,0.645461861911075,0.7154045868041601,0.7999588467126936
Slc11a1,0.0277670579016166,0.1813447646264983,0.5118010169025737,-0.2240278440458489,-0.1226120207832422,-0.0156524787854736,1.0468569269303627,0.9621552357027692,0.2489232794685292
Cul3,0.0027786850681888,0.009501095540355,0.088567502575371,-28.351597230449336,-26.26308402814542,0.0,0.0805334057444212,0.0,0.01993396992760822
Dock10,0.0003359251183343,0.0027978174746771,0.0320726224833987,-29.39745238749285,-29.25999618347151,-29.12569322734778,0.6428897849998829,0.0,0.009327760084370551
Trip12,0.0006255118296727,0.0020527232777102,0.0127351376460744,-29.35377327068048,-29.239626310775364,-29.124764050813027,0.6338763973195788,0.0,0.009280909725010856
Sp140,0.0007335473709934,0.0027786850681888,0.0298677932975399,-28.944382141275558,-28.404172073052276,0.0,0.3552285306354187,0.0,0.009280909725010856
Itm2c,1.5876796062554575e-05,0.0001905215527506,0.0015241724220052,-0.477814192584762,-0.389238412603156,-0.3013773946591468,1.2570775029753751,0.9614722510581816,0.00240057156465756
Ncl,0.1344451059776137,0.5208065412399778,0.9699293482575216,-0.0104841050327595,0.0345250620973673,0.084639013620292,1.5252959201297165,1.5617672587207263,0.5988128073287851
Ptma,0.0073033261887751,0.0824958323410335,0.5208065412399778,-0.0017489796618538,0.0245050507657258,0.05181916915237,2.8549491603281787,2.902774529478271,0.12539091987276887
Eif4e2,0.0004570259517539,0.0023050978559082,0.0407414450451619,-29.103181474401424,-28.9447554880957,-28.22035386689779,0.516701376216244,0.0,0.009280909725010856
Inpp5d,0.0046993949313229,0.0335975653949324,0.1737374509882648,-1.5610225184593431,-0.4279228338617176,-0.1742066087408379,0.7443137747273054,0.5570652952175865,0.05845976378718239
Arl4c,6.35071842502183e-05,0.0007144558228149,0.004096213384139,0.2539096961494774,0.2977813431451346,0.3416077546843414,1.7513526671956776,2.153258192544257,0.004351269632483577
Lrrfip1,0.1152655394141462,0.5208065412399778,1.0,-0.179358828411525,-0.0749423679033538,0.0257168257718471,0.901862204968387,0.8568610625406353,0.5988128073287851
Ube2f,0.0006238547844523,0.0127264932339823,0.1403889715411655,-29.043953935352164,-28.914335315802177,-27.868413927774363,0.5059204494766495,0.0,0.025550882569764465
Ndufa10,0.0001720247930818,0.0027786850681888,0.0298677932975399,-28.925984117105987,-28.13289187014906,0.0,0.2943366435297199,0.0,0.009280909725010856
Cops9,0.0029843143638779,0.0323085927088115,0.2023498679699781,-0.3470208192143411,-0.2380744814672159,-0.1089878354509838,0.856244713183661,0.7244476485174987,0.056431930094644936
Gpr35,0.007578779259748,0.0554174053687391,0.3122865812940756,-29.457744403584424,-29.20321146821816,-0.467452555675272,0.6399252970741796,0.0,0.090723655563339
Hdlbp,0.0184328959552221,0.1492176721126898,0.6113519816838257,-1.818373640219608,-0.2711178653664738,-0.020672886742607,0.6512268223246549,0.5415332246569847,0.21382014662736018
Fam174a,3.529139494825728e-05,0.0007335473709934,0.0035319278065916,-29.4246143924219,-29.285038726089297,-29.11881436866049,0.6541465890716713,0.0,0.004351269632483577
St8sia4,0.0027786850681888,0.060676213535144,0.4198490637342591,-28.544564022758884,-26.76001546360804,0.0,0.1136494491714522,0.0,0.09673249749450967
Vps4b,0.1528728780095813,0.4629209642261225,0.9692169978474025,-0.192062803826082,0.0041744651239101,0.2313257846237062,0.6902622015488883,0.69202972601095,0.547769819715755
Ralb,0.0027786850681888,0.009501095540355,0.0303214477874576,-28.64387506068461,-27.027298307193004,0.0,0.1367815399925665,0.0,0.01993396992760822
Dbi,0.0054933714376438,0.0978804477256489,0.6238787012780821,-0.1681646253922967,-0.1082126838106898,-0.0155501418695438,1.190086472977805,1.1038090448376423,0.14538827479248825
Actr3,0.0015241724220052,0.0314201794077955,0.343145193299992,-0.1426716681830452,-0.0892417796534212,-0.0298526462779634,1.7157913412382138,1.6131862488083275,0.05509085199428251
Ubxn4,0.0252441057394617,0.1813447646264983,0.5713582599031516,0.0493874306237267,0.2069940284823106,0.368124748020054,0.722807035784139,0.8378030142721815,0.2489232794685292
Cxcr4,0.0007144558228149,0.004096213384139,0.0314201794077955,0.1730339824380418,0.3105780305350396,0.4882051326520453,1.059336847328703,1.3109755367489475,0.012129306082369453
Mapkapk2,6.35071842502183e-05,0.004096213384139,0.038707628800508,-0.2919142488903132,-0.217401646287848,-0.1264996664967894,1.0109866874894724,0.8682151605419592,0.012129306082369453
Rab7b,0.0003016591251885,0.004096213384139,0.0473446058585377,-0.3695317221574336,-0.2798572739686464,-0.1933316149078375,1.6846699997793375,1.38671087583992,0.012129306082369453
Nucks1,3.529139494825728e-05,0.0001720247930818,0.0027786850681888,-29.169935934519625,-29.01902531337625,-28.83301596398758,0.5439976999534882,0.0,0.002385890623763593
Snrpe,0.1568627450980392,0.5713582599031516,1.0,-0.0476395484255289,0.0342955247748334,0.1190053807259827,1.0118047656895803,1.0360107800452465,0.6427780423910455
Btg2,0.009720230492227,0.0473446058585377,0.1318920520539954,-0.5784504026860625,-0.4308885779592163,-0.3128350731607012,1.08517643285436,0.8081598102087044,0.0782084944878376
Adipor1,3.529139494825728e-05,0.0003565717551321,0.0008503839505192,-29.48583113270688,-29.35986353197154,-29.24858408300896,0.6889688567886896,0.0,0.003375422780447392
Arl8a,0.0102219654907151,0.0795454707916674,0.3840086155051595,-29.01418008568781,-28.84258609664361,-27.773628641730745,0.4813750464370482,0.0,0.12305637183435764
Ptprc,0.0095578312296578,0.1813447646264983,0.910105580693816,-0.0727400192803104,-0.0349331158722618,0.0016588991628512,1.9594432107249724,1.912766234818806,0.2489232794685292
Rgs2,0.0007335473709934,0.0027786850681888,0.0298677932975399,-29.00885476663021,-28.34221043222141,0.0,0.340294932807784,0.0,0.009280909725010856
Rgs1,3.175359212510915e-05,0.0003016591251885,0.0095578312296578,-0.4610576274372011,-0.3549708081803487,-0.2437770159840893,2.004618942923188,1.56702568160418,0.0031674208144792503
Ptgs2,0.0314201794077955,0.2082876875446535,0.5713582599031516,0.0958201210817385,0.1887314316252172,0.3096306439810433,1.6843373519241611,1.918052918144228,0.2800158978249315
Tpr,0.0001111375724378,0.0095578312296578,0.1813447646264983,-0.3026280233991015,-0.1949416406222888,-0.0963785604047935,0.9568450479811724,0.837672879716468,0.01993396992760822
Rgl1,0.4917430513478364,0.8690473292760903,1.0,-29.123508952784388,-28.913814032672384,-0.6930217329527648,0.5119175418453518,0.0,0.8690473292760903
Arpc5,0.1344451059776137,0.6238787012780821,1.0,-0.0374460769018503,0.0187153358399603,0.0918631310465547,1.50444781473692,1.5225359436048476,0.6858161174699494
Ncf2,0.0015241724220052,0.0824958323410335,0.522070334206556,0.0216598790124762,0.0996477341655436,0.179208622357655,1.1965884116017562,1.2834693724938424,0.12539091987276887
Rnasel,0.0027786850681888,0.0634788370139077,0.5056261050098407,-28.903156805593376,-27.045873624523157,0.0,0.1385540473994715,0.0,0.10093632308477753
Glul,0.0001720247930818,0.0007335473709934,0.0027786850681888,-29.15940723327143,-28.97978019579449,-28.57310759131651,0.5293989887950667,0.0,0.004351269632483577
Ier5,0.1813447646264983,0.7344923394458999,1.0,-0.1607917841867611,-0.0566480818295496,0.0706005435088346,1.05367316877853,1.01398986668868,0.7577173936576279
Tor1aip1,0.0075446480277566,0.0785410702493339,0.4602443516485702,-1.5032504084013465,-0.2751846049041395,-0.0718126591721141,0.6776016463598953,0.560552894706377,0.12160553842841783
Soat1,3.175359212510915e-05,0.0004763038818766,0.015860919266492,-0.4509250986263117,-0.3315682187034444,-0.2023100718182065,1.0392711608149476,0.828180167187852,0.004203899479171731
Mrps14,0.0001720247930818,0.0007335473709934,0.009501095540355,-29.016280318957623,-28.888182862812503,-26.88014798013543,0.4968320078147239,0.0,0.004351269632483577
Gas5,0.3837421608319441,0.7920774787647853,1.0,-0.0810100374119262,0.0049679491228919,0.1359601740788511,0.883468028581105,0.8848497924186203,0.7999588467126936
Prdx6,0.0115206170324675,0.090108576081082,0.4602017451187122,-29.42308372291336,-1.273027166734631,-0.0490975398735911,0.6634811461024981,0.2820330483239295,0.13662105269720895
Prrc2c,0.0573787409700722,0.3053901722632373,0.9699293482575216,-0.1523904182514961,-0.083634714485175,0.0022862145532869,1.199358309479035,1.1293511783736987,0.3890849684274299
Mpc2,6.034243330066384e-05,0.0001762973367313,0.0014016983486011,-29.351533854790443,-29.26865568457614,-29.15943702217928,0.6467602096548624,0.0,0.002385890623763593
Creg1,0.0003016591251885,0.0073033261887751,0.0690958164642375,-0.4027177620635876,-0.2654364007900544,-0.1497962513417139,1.038542921967774,0.8639908528237417,0.019212128766193125
Tmco1,0.0007335473709934,0.009501095540355,0.088567502575371,-28.70004182323888,-26.998153545896237,0.0,0.134046056381555,0.0,0.01993396992760822
Fcgr2b,0.2076141144716996,0.6784313725490196,1.0,-0.0678076610744081,0.0106087327670199,0.0925397676388034,1.4326580368862625,1.4422372038034426,0.7252744983306371
Fcgr4,0.1060951416416458,0.3330233645922859,0.9071710289327192,-1.5094517017624394,-0.2059789294431046,0.1442348544957751,0.6986587477194812,0.6127088974245993,0.42223017842477883
Fcgr3,0.038707628800508,0.1152655394141462,0.3053901722632373,-0.225568824257218,-0.163383130633085,-0.1042703399300328,1.659008010250011,1.4840888982094174,0.16833744245375307
Fcer1g,0.0095578312296578,0.0473446058585377,0.1349368897356513,-0.0798502275737192,-0.0571145572784857,-0.036700891419717,3.206031749131816,3.080205800318006,0.0782084944878376
Ndufs2,0.0027786850681888,0.009501095540355,0.088567502575371,-28.54037696150368,-26.982085493799172,0.0,0.1325613981214102,0.0,0.01993396992760822
Ufc1,3.529139494825728e-05,0.0001720247930818,0.0007335473709934,-29.118508194588816,-28.986996981229996,-28.76685290088569,0.5320538313046279,0.0,0.002385890623763593
Pfdn2,0.0008420439376285,0.0083421375777317,0.1299021832636205,-29.14740640411014,-29.023027332733207,-28.78212345092131,0.5455609178060328,0.0,0.01993396992760822
Arhgap30,0.0027786850681888,0.009501095540355,0.0298677932975399,-28.806317555094974,-26.998153545896237,0.0,0.134046056381555,0.0,0.01993396992760822
Slamf7,0.3838606169161923,0.6185519578391343,0.9242203280316528,-27.95023633280109,-26.349730637477315,0.0,0.0855183463591022,0.0,0.6858161174699494
Cd48,0.0001720247930818,0.0007335473709934,0.009501095540355,-29.058941543421724,-28.9039572315139,-27.868539476049506,0.5022941489111382,0.0,0.004351269632483577
Cd84,6.034243330066384e-05,0.0012730863420067,0.0266266857419356,-29.284683277647765,-29.075060488134465,-28.092921543529705,0.5655426101480415,0.0,0.006664552283227051
Pea15a,3.529139494825728e-05,0.0006834348667358,0.0078085805683866,-29.35051122069997,-29.22650216791352,-29.07317550745921,0.6281361968113539,0.0,0.004351269632483577
Igsf8,3.529139494825728e-05,3.529139494825728e-05,0.0001720247930818,-29.473655258681795,-29.369004517455387,-29.234199413932767,0.6933480569647865,0.0,0.0013718591185205543
Slamf9,0.0001720247930818,0.0007335473709934,0.009501095540355,-29.03750808268743,-28.826202088167683,-26.837175449770204,0.4759393214882239,0.0,0.004351269632483577
Tagln2,0.0001111375724378,0.0073033261887751,0.0824958323410335,0.4571750550589658,0.5620144284397008,0.6888198723135582,0.945844992677856,1.3976135055408287,0.019212128766193125
Slamf8,0.0488002359715315,0.1996030161831719,0.5613804222031828,-0.4527655052764107,-0.2557714025702037,-0.0728574094494585,0.7822940827231368,0.6596985509175087,0.27275595405135006
Ifi207,0.0690958164642375,0.2379772961816305,0.6784313725490196,0.0378373282029187,0.1838343258619154,0.3374071513274375,1.1493439798650875,1.3042139788100724,0.3155185196834825
Ifi204,0.2319705926008954,0.5830482147869495,1.0,-28.98364404236841,-28.719522836125904,-26.70975557011085,0.4444032995631827,0.0,0.6555255928712349
Mndal,0.0002391009389611,0.0024238779803224,0.0174080378282394,-29.27650957149006,-29.055046636362743,-28.46843075336253,0.5577512627266416,0.0,0.009280909725010856
Ifi203,0.0007335473709934,0.009501095540355,0.088567502575371,-28.713472510969243,-26.837175449770204,0.0,0.1198932700654715,0.0,0.01993396992760822
Hnrnpu,0.015860919266492,0.1813447646264983,0.7344923394458999,-0.1584216489710083,-0.0954501326102307,-0.0121242049092511,1.2759358104172625,1.1929008091655948,0.2489232794685292
Acbd3,0.4078373860045269,0.7826235030086005,1.0,-29.008353610696805,-0.847635471273831,0.4686449440900003,0.4766239787184155,0.2620976495968796,0.7999588467126936
H3f3a,0.2379772961816305,0.5208065412399778,0.9699293482575216,-0.0431720933203242,-0.0231426647427455,0.0010934716036354,2.7764020457665124,2.73103624158806,0.5988128073287851
Sde2,0.0002391009389611,0.0011293135916274,0.0078085805683866,-29.32641134049821,-29.199564184820417,-29.07082727857249,0.6165164645284905,0.0,0.006086300684080412
Cnih4,0.0018447703965623,0.017025100617029,0.1570797294414272,-29.260022644312755,-29.111478961457973,-28.944076154282964,0.5803309650402759,0.0,0.03295006231706778
Wdr26,0.1136029476053177,0.6712057066317096,1.0,-0.1471928375278952,-0.0104645182800356,0.1159274749447198,0.712814202016895,0.708976918264804,0.7252744983306371
Srp9,0.1563145987139795,0.6238787012780821,1.0,-0.0567618316010954,0.0313453312464989,0.1050024602171184,0.927451628440491,0.9485571563795432,0.6858161174699494
Degs1,0.0500763384597823,0.2740127914304309,0.8685181258352878,-28.48159191479014,-26.5262605219829,0.0,0.0966496054412682,0.0,0.3563141423084678
Mia3,0.0001720247930818,0.0027786850681888,0.0298677932975399,-28.891754692157114,-28.371311545992988,0.0,0.3472288451171914,0.0,0.009280909725010856
Eprs,3.529139494825728e-05,0.0001720247930818,0.0027786850681888,-29.186186237733967,-29.016880204001183,-28.57433772846508,0.5431894435534378,0.0,0.002385890623763593
Atf3,0.0007335473709934,0.0027786850681888,0.009501095540355,-29.483410571852637,-29.25812377241304,-28.168887858097776,0.6420559451042358,0.0,0.009280909725010856
Nenf,0.0007335473709934,0.009501095540355,0.0298677932975399,-28.829844179496806,-27.322792963825247,0.0,0.1678727654532445,0.0,0.01993396992760822
Ppp2r5a,3.529139494825728e-05,0.0006536448255941,0.007576289558785,-29.13486837289692,-28.98824071294893,-28.717848123949093,0.5325127073993985,0.0,0.004351269632483577
Fam107b,0.0006834348667358,0.0027786850681888,0.0292545655864068,-29.318580552964647,-29.09963178897707,-28.390407396973288,0.5752571568700805,0.0,0.009280909725010856
Frmd4a,0.0007335473709934,0.009501095540355,0.088567502575371,-28.774767752122266,-27.24366715692228,0.0,0.1589135770173887,0.0,0.01993396992760822
Camk1d,0.0007335473709934,0.009501095540355,0.088567502575371,-28.66661120055824,-27.345717851169283,0.0,0.1705616244418162,0.0,0.01993396992760822
Celf2,0.2702706993728666,0.7344923394458999,1.0,-0.1670857361827718,-0.0004330950588145,0.1455678886972677,0.772044342585338,0.773405655486612,0.7577173936576279
Atp5c1,1.5876796062554575e-05,0.0015241724220052,0.0314201794077955,-0.371318419675768,-0.2878655610986286,-0.2104246386320149,1.1968535369298063,0.9816616776308598,0.007505830229119948
Rsu1,0.0027786850681888,0.009501095540355,0.0298677932975399,-28.494484515262748,-27.304996416361156,0.0,0.165814669721676,0.0,0.01993396992760822
Vim,0.004096213384139,0.0314201794077955,0.2379772961816305,0.1522437542319,0.226332578752743,0.2772471967972169,2.4684445780873263,2.8909694369366763,0.05509085199428251
Mrc1,0.2081516763668467,0.5713582599031516,0.9699293482575216,-0.0583360343543478,0.1941100498463215,0.4366925353121618,0.9371777643538428,1.0701487492679675,0.6427780423910455
Plxdc2,0.0027786850681888,0.009501095540355,0.088567502575371,-28.47449941812885,-26.88517624824865,0.0,0.1239494162982012,0.0,0.01993396992760822
Pip4k2a,0.0003293696124103,0.0102224535836243,0.1403889715411655,-28.987212592718883,-28.503749432512272,-26.57217975593698,0.380613076592762,0.0,0.02110330248280406
Apbb1ip,3.529139494825728e-05,0.0007335473709934,0.009501095540355,-29.005507942195468,-28.887005029279628,-27.87830723610412,0.4964265469691272,0.0,0.004351269632483577
Abi1,0.1349368897356513,0.5208065412399778,0.970681114551083,-0.0042996757306465,0.1325797946659858,0.2801534804314813,0.6907353250979043,0.7567979165448127,0.5988128073287851
Il1rn,0.3053901722632373,0.7920774787647853,1.0,-0.0576196205302178,0.0414427373318052,0.1959420772526748,1.8160565211684512,1.8664137864531165,0.7999588467126936
Edf1,0.4268635389378423,0.8506311026434865,1.0,-0.0683355806431413,0.0132434927126941,0.0863698296263907,1.04674152409515,1.057280848556005,0.8510969466208379
Notch1,0.1507667859152457,0.2911284248433565,0.6422997782082179,-0.1182583430737861,27.97502412630372,28.20873745183238,0.0,0.282824728401997,0.3772995634385638
Rpl7a,0.0029848376597602,0.0473446058585377,0.1568627450980392,-0.1006662112105935,-0.0697172021780238,-0.0403309708136653,2.2704813970058897,2.1645361459427326,0.0782084944878376
Surf4,0.0030602414090703,0.0407178355783717,0.2230253415820004,-29.090162583206745,-28.96132844522257,-28.318514329077168,0.5226713049544036,0.0,0.06894484300434207
Ralgds,0.0170924461025135,0.0927576203686832,0.2939626650378599,-29.40692602330303,-1.6353434571750016,-0.2239341577456303,0.6556762414132846,0.2157447377640615,0.14028822219667564
Set,0.1568627450980392,0.5713582599031516,1.0,-0.1292933691677382,-0.0356093683153583,0.071198512981886,0.9149969570709082,0.8935894077010031,0.6427780423910455
Fnbp1,0.0003188669522625,0.0016408810607041,0.0162040469252918,-29.60857252157985,-29.466434234932517,-1.7420336346901677,0.745404232826984,0.0,0.007994372527750376
Swi5,8.600635107884218e-05,0.0003316841937808,0.0043495700900777,-29.29246639416751,-29.15153520880377,-29.028306479240378,0.5963298057306553,0.0,0.003317487519982519
Rpl12,0.0015241724220052,0.0123997777248551,0.0978804477256489,-0.1159738961820106,-0.0782460394830458,-0.0384921905458957,2.7282410297973803,2.584860322527226,0.024922325526193913
Hspa5,0.0007144558228149,0.0054933714376438,0.0252441057394617,0.2523529469139678,0.297376099701718,0.3504264503749354,2.1823910535285678,2.6799747146571464,0.015369662506240769
Traf1,0.1214136242215987,0.4602017451187122,1.0,0.0583319839831661,0.2430356435569742,0.4375000667799442,0.6655166033510872,0.7903504509879374,0.5452584878935715
Rab14,0.0201317774073192,0.343145193299992,0.9699293482575216,-0.1546719549608198,-0.0691115605524922,0.0417680579060955,0.8909923176374938,0.849537008428799,0.427061490571584
Gsn,0.0583492399385958,0.3747677914932922,0.9699293482575216,-0.2511681960851607,-0.0831726523583235,0.1230859261788638,0.7194299883983342,0.6833400362590574,0.46194037896013174
Ggta1,0.0054933714376438,0.0252441057394617,0.1152655394141462,0.299627319265758,0.4463342238908359,0.56667600717044,0.8069966148028356,1.1008259473018125,0.04570959483250399
Ndufa8,6.034243330066384e-05,8.600635107884218e-05,0.0004954208174452,-29.562958035916136,-29.433977600976373,-29.29813048583071,0.7252874527803714,0.0,0.002385890623763593
Ptgs1,0.0001720247930818,0.0007335473709934,0.0027786850681888,-29.15093758411033,-28.887006938135187,-27.825696223202065,0.4964272038003887,0.0,0.004351269632483577
Psmb7,0.0001720247930818,0.0007335473709934,0.0027786850681888,-29.22690840195134,-29.100062532464317,-28.93809586827784,0.5754289385065472,0.0,0.004351269632483577
Rpl35,0.038707628800508,0.2541239977772486,0.8521179645947434,-0.1086773842222881,-0.0546559927371385,-0.0004983921379892,2.221107599380425,2.136498209289708,0.3358669094613457
Zeb2,0.0029848376597602,0.0573787409700722,0.2379772961816305,0.0706840527745385,0.1357451840969647,0.1869441314989268,1.6366862571776035,1.7986485658402265,0.09252511893408819
Prpf40a,0.0185720504973171,0.2974397791804603,0.9692169978474025,-0.2501084500900143,-0.0910117795846619,0.0852780708329356,0.7394660188414606,0.6935566188810572,0.3845877399594486
Cytip,0.0003016591251885,0.0021592442645074,0.0095578312296578,0.4058206028437967,0.5644043737397768,0.7402314147253632,1.2994134637982524,1.9215923468398224,0.009280909725010856
Baz2b,0.0001720247930818,0.0007335473709934,0.009501095540355,-29.05050688790416,-28.737353914076586,-27.033768835442764,0.4475128632957008,0.0,0.004351269632483577
March7,1.5876796062554575e-05,0.0013600451325973,0.0408264300091681,-0.4714327036699059,-0.3231749155612867,-0.1553826739533881,0.7943394795600176,0.6345384847197647,0.007019215980947081
Cd302,0.0001219709860793,0.0002329080848932,0.0010701382541962,-29.758694488077044,-29.644920595214856,-1.495118010463677,0.8607455329437789,0.0,0.0027704731297672172
Rbms1,1.5876796062554575e-05,1.5876796062554575e-05,0.0003016591251885,0.4155342534993732,0.5259719673706515,0.6783042334609333,0.891327786628824,1.2820709987395376,0.0013718591185205543
Tank,0.1152655394141462,0.4268635389378423,0.9692169978474025,-0.2306144857633161,-0.0681154792539856,0.1221304534245269,0.8621450620199808,0.8230861226816709,0.5070739178409869
Ppig,0.0095578312296578,0.1568627450980392,0.8506311026434865,-0.0029506960095804,0.092721654288615,0.1859417333976567,1.2839996940443987,1.3681936773548462,0.22001900513084985
Ssb,0.0571278875922839,0.343145193299992,0.9699293482575216,0.0221759528455245,0.1783305036671501,0.3453813422907048,0.6816429570729345,0.7748285836782751,0.427061490571584
Dync1i2,0.0553680807158474,0.3685705775343052,0.9689946775534558,-29.13288456869093,-0.2589490688486047,0.0785421737389247,0.5763934784370812,0.4936230664653677,0.4562184587772193
Hat1,0.0007335473709934,0.009501095540355,0.088567502575371,-28.85216576267732,-27.562923932486125,0.0,0.198274502888285,0.0,0.01993396992760822
Wipf1,0.0187008311270478,0.1242523979293443,0.6565248704991591,-29.21457184758417,-29.017750481728307,-0.9995961257780184,0.5511925350060946,0.0,0.18088376973459128
Atp5g3,0.0021592442645074,0.0201317774073192,0.0978804477256489,-0.2531076075009456,-0.1890453110452453,-0.1211758558999547,1.2214877452392274,1.0729087479753074,0.0379183065187342
Hnrnpa3,6.35071842502183e-05,0.004096213384139,0.0573787409700722,0.0906027747488558,0.161734580190789,0.2594328582227787,1.1937556612422024,1.3332353524700098,0.012129306082369453
Nfe2l2,0.2082876875446535,0.6784313725490196,1.0,-0.0127719794353159,0.0448588179098718,0.1032505739453889,1.8226182031943112,1.8805262690321751,0.7252744983306371
Itga4,0.0638836071466009,0.291183571126642,0.8152362286271158,-29.15397406697659,-0.916623751191404,0.0832884015813279,0.5937523765902324,0.313483541281187,0.3772995634385638
Itprid2,0.0167293970345386,0.1123793122104393,0.511323918706056,0.1948726197956311,0.3395540449557488,0.4746159608251083,0.5733799804697113,0.7255141514954243,0.16624858575584825
Zc3h15,0.0030690378069328,0.0328859991554654,0.2576195704007057,-29.0075518547258,-28.76101288653605,-26.951266012703066,0.454912277494012,0.0,0.057330840130758856
Itgav,0.0027786850681888,0.0298677932975399,0.1853939469443623,-28.59399768730484,-26.982085493799172,0.0,0.1325613981214102,0.0,0.05339379486751996
Ptprj,0.015050925640298,0.0761203448711755,0.3685705775343052,-29.316351052390893,-29.060886211967777,-0.1547914133007585,0.6218494155764253,0.0,0.11815791850436502
Celf1,0.0007335473709934,0.0102224535836243,0.1853939469443623,-28.782998295273675,-27.626607858132985,0.0,0.2072228496440715,0.0,0.02110330248280406
Psmc3,0.0007335473709934,0.0027786850681888,0.009501095540355,-28.969609380007824,-28.68675329414565,-27.44831489655364,0.4320890083969755,0.0,0.009280909725010856
Spi1,0.0314201794077955,0.1813447646264983,0.4726680955783123,-0.0066424910032546,0.0667046983559628,0.1442143054289877,1.5286812343606235,1.6028223733494775,0.2489232794685292
Acp2,0.0007335473709934,0.009501095540355,0.0298677932975399,-29.00152935220081,-27.88651785214533,0.0,0.2481294691221565,0.0,0.01993396992760822
Cd82,0.0007335473709934,0.009501095540355,0.0298677932975399,-28.74318191420808,-27.62488526307677,0.0,0.206975718288335,0.0,0.01993396992760822
Hsd17b12,0.0007335473709934,0.0027786850681888,0.0292545655864068,-28.99208808810115,-28.743878471644024,-26.837156061075778,0.4495413140398515,0.0,0.009280909725010856
Cd44,1.5876796062554575e-05,0.0010637453361911,0.0123997777248551,0.5109300267113622,0.6269079865971678,0.7362727141482698,1.2772507157259425,1.9731856578103728,0.0057498897314234906
Caprin1,0.0201317774073192,0.2082876875446535,0.8506311026434865,0.0232941736077921,0.1664321372620749,0.2680867155812642,0.6801261512983663,0.7653687512888033,0.2800158978249315
Eif3m,0.0009397821682753,0.010408775719352,0.1295450020706858,-29.32246137823589,-2.7977939752921577,-0.3273434075543224,0.621343302760784,0.093383082044426,0.021439496323851302
Nop10,0.0002345546750104,0.0017519219857639,0.0273133437824658,-1.5850919080452694,-0.4407994945341693,-0.2380449780436967,0.7784561791467195,0.5779276440468337,0.008445166565065627
Emc7,0.0001720247930818,0.0007335473709934,0.009501095540355,-29.073576660788348,-28.84947863609005,-26.991816831722847,0.4836803318855115,0.0,0.004351269632483577
Spred1,0.0057606676070176,0.1170097644977258,0.7605323733294866,-28.855672277020084,-28.337158589091896,0.0,0.3391054158311463,0.0,0.1706120029827175
Thbs1,0.0002345546750104,0.0002423343526326,0.0005851107704714,1.223847360874143,1.6524238237481024,2.968986853103662,0.7294460745169722,2.295522868390917,0.0027704731297672172
Srp14,0.0201317774073192,0.1349368897356513,0.4268635389378423,-0.2114644098077366,-0.1485036643603829,-0.0760071834339684,1.0714541509808313,0.9672791983210832,0.19411787208427947
Chp1,0.0075342824676229,0.0407178355783717,0.1352511889289831,-29.13373455144958,-28.992313714091352,-28.43077319446311,0.5340182150692361,0.0,0.06894484300434207
Rtf1,0.0001720247930818,0.0007335473709934,0.009501095540355,-28.978913709020052,-28.694993266039653,-26.79139157343469,0.4345639868157849,0.0,0.004351269632483577
Ehd4,0.0001720247930818,0.0007335473709934,0.009501095540355,-29.14510085545044,-29.002684084653367,-28.012093451698103,0.5378707088565409,0.0,0.004351269632483577
Zfp106,6.034243330066384e-05,0.0007335473709934,0.0164451753575581,-29.13969954068026,-29.008740898659436,-28.484176041708118,0.5401335404041931,0.0,0.004351269632483577
Snap23,0.0075721656792071,0.060676213535144,0.3895331374286428,-28.857512074811957,-27.588183149537613,0.0,0.2017765312243685,0.0,0.09673249749450967
Pdia3,0.0010550130983567,0.1152655394141462,0.7920774787647853,-0.1254234511057241,-0.0708390978246974,-0.0129853097348659,1.57493176313235,1.49968866130652,0.16833744245375307
Serf2,0.0054933714376438,0.0573787409700722,0.2702706993728666,-0.0815988466924331,-0.0493375744290306,-0.0216153002326283,2.3657710645619403,2.286729610220765,0.09252511893408819
B2m,6.35071842502183e-05,0.0003016591251885,0.0015241724220052,-0.0741445480021546,-0.0626845075482782,-0.0494990489825171,3.74765176310387,3.5875853425934725,0.0031674208144792503
Gatm,0.0038003384534461,0.0121288692700313,0.0337983621149569,-0.4771025065544597,-0.3899792768356503,-0.3049959470377636,1.5725466126760823,1.2003930020557076,0.024842426184245724
Eid1,3.529139494825728e-05,3.529139494825728e-05,0.0007335473709934,-29.311362075528702,-29.14403829815817,-28.94458295983674,0.5932390461156954,0.0,0.0013718591185205543
Sppl2a,0.2702706993728666,0.7344923394458999,1.0,-0.1135060722578544,-0.0024721026730258,0.1605313724008752,0.852939784241688,0.8503554303913525,0.7577173936576279
Dusp2,0.2023371148299164,0.7280611426419807,1.0,-0.0446346102577102,0.1924437847364468,0.4018432409440385,0.6630706919510466,0.756980416061011,0.7577173936576279
Bcl2l11,0.1813447646264983,0.6784313725490196,1.0,-0.101395481992632,0.0768364109599636,0.2709615343578498,0.7559291394253098,0.7998152915948763,0.7252744983306371
Il1b,0.0029848376597602,0.015860919266492,0.0824958323410335,0.1197873326871336,0.1808978171491383,0.2394024371597056,3.155630566318768,3.5776347638064,0.030959294337479574
Sirpa,0.0004763038818766,0.0054933714376438,0.038707628800508,-0.380103610832052,-0.2912211638862475,-0.1994599739927386,1.2823720151223164,1.04619323976758,0.015369662506240769
Snrpb,0.0473446058585377,0.4268635389378423,1.0,-0.0521592332213063,0.0926858067674739,0.262518000163637,0.8139957088315299,0.8660053670332455,0.5070739178409869
Ddrgk1,3.529139494825728e-05,3.529139494825728e-05,0.0002391009389611,-29.389957950596266,-29.288756017333423,-29.150425552366315,0.6558342556003178,0.0,0.0013718591185205543
Smox,0.0010637453361911,0.015860919266492,0.0824958323410335,0.2190237872684705,0.3994852636384454,0.5322759309709817,0.860077879817836,1.1361659083635165,0.030959294337479574
Pcna,0.0527200179360818,0.2657669625640667,0.7424858535716098,-29.07003290241264,-28.956798834190256,-28.79246134533393,0.5212806278689751,0.0,0.34957252743308126
Snrpb2,0.0001720247930818,0.0027786850681888,0.0298677932975399,-29.045558544524773,-28.559326981221567,0.0,0.3955615565405965,0.0,0.009280909725010856
Dstn,0.0500763384597823,0.3195901668534657,0.9638969075506822,-28.816060797685203,-27.85685456044379,0.0,0.2430797638466217,0.0,0.4054800241953346
Rrbp1,1.5876796062554575e-05,0.0029848376597602,0.0314201794077955,-0.3438959951218679,-0.2808440282733583,-0.2228267175611043,1.6271661728977724,1.3390837722869064,0.009467531952051885
Snx5,1.5876796062554575e-05,6.35071842502183e-05,0.0015241724220052,-0.6006465949911972,-0.4953955237839355,-0.396714141527564,1.1940817270955677,0.8475730780828102,0.0018714133165346587
Xrn2,0.0027786850681888,0.0077371208623235,0.0298677932975399,-28.865983744857765,-27.868048300934323,0.0,0.2449731335261142,0.0,0.01993396992760822
Cd93,0.1528728780095813,0.511323918706056,0.969182212422568,0.0228659662948425,0.2418488330946385,0.504310523705016,0.7984037798174831,0.946927227550691,0.596544571823732
Cst3,0.5208065412399778,0.8506311026434865,1.0,-0.0552415125483529,-0.0210870776004616,0.0158820183599072,2.728608275977805,2.689123418573755,0.8510969466208379
Abhd12,0.0007284142121966,0.0027786850681888,0.0298677932975399,-29.00250623565718,-28.046037696561772,0.0,0.2771396120061017,0.0,0.009280909725010856
Fkbp1a,0.0021592442645074,0.0824958323410335,0.5713582599031516,0.0302810473135232,0.1838588441373095,0.3876976694200547,0.6857341273833251,0.7761046232098816,0.12539091987276887
Srxn1,0.0079084084763313,0.0416622142499834,0.1905325723446617,-29.349046408537312,-29.18094090165475,-28.659303482538217,0.6086092702850117,0.0,0.07028334758515205
Csnk2a1,0.0027786850681888,0.0027786850681888,0.0298677932975399,-28.913253154018832,-28.392618530471477,0.0,0.352395076388405,0.0,0.009280909725010856
H13,3.529139494825728e-05,0.0001720247930818,0.0027786850681888,-29.0282579842856,-28.85264655832313,-27.88134045201213,0.484743582928055,0.0,0.002385890623763593
Hck,0.000244141310286,0.0012889029319584,0.0060568372158396,-29.336744313333163,-29.245452947707346,-29.11780402047767,0.6364416212226847,0.0,0.006728073304822848
Mapre1,0.1807327141382869,0.6784313725490196,1.0,-0.0379898573682,0.0543219528519363,0.151690659379563,0.8394580960625879,0.8712921441293526,0.7252744983306371
Chmp4b,3.175359212510915e-05,0.0010637453361911,0.0123997777248551,0.1646820584754918,0.2493581917788535,0.3392885556650994,0.8486531502356047,1.0082838707418094,0.0057498897314234906
Raly,0.0001712003574158,0.0023050978559082,0.0263812634735321,-29.19823622731632,-29.075992552116222,-28.91193197603688,0.5659081021572424,0.0,0.009280909725010856
Eif2s2,0.0021433674684448,0.0473446058585377,0.3837421608319441,0.0688247159991021,0.1735424913258699,0.3025736547426366,0.942904256421804,1.0650530010781225,0.0782084944878376
Eif6,0.0123287290624751,0.1152655394141462,0.4268635389378423,0.092356223079583,0.2299338260034777,0.4061853184114746,0.7402216521457918,0.867698733220746,0.16833744245375307
Romo1,0.0010637453361911,0.0054933714376438,0.0573787409700722,-0.3502107995540109,-0.2599451687438352,-0.1706187716454275,0.8998702787423101,0.751449097908145,0.015369662506240769
Rbm39,1.5876796062554575e-05,0.0007144558228149,0.0473446058585377,0.1073727490711312,0.1726331611302179,0.2347559429700188,1.4082963788342189,1.5863054160840913,0.004351269632483577
Scand1,0.0010637453361911,0.015860919266492,0.1349368897356513,-0.2731486220531358,-0.1866963659734012,-0.0867936509252979,1.1191635861546614,0.9836934277970606,0.030959294337479574
2900097C17Rik,0.0029959097924971,0.0283779386412889,0.2217640684635702,-29.236206177073143,-29.070048046449426,-1.5577450996850908,0.5649408924263942,0.0,0.05123171333758381
Rab5if,0.0001720247930818,0.0006834348667358,0.0060874038647452,-29.2372028358163,-29.13124556560688,-28.99760567729941,0.5880018959484068,0.0,0.004351269632483577
Samhd1,0.1568627450980392,0.4268635389378423,0.8506311026434865,-0.2689413780481524,-0.1526216449506832,0.023188926722734,1.1170186914559,1.0021295613261705,0.5070739178409869
Rpn2,0.0001219709860793,0.0002869558651326,0.0010701382541962,-29.636446963749115,-29.56107033794394,-2.8974907461857757,0.79285647560606,0.0,0.0031674208144792503
Tgm2,0.0573787409700722,0.3053901722632373,0.7935413193617515,-0.2065900670431119,-0.0961977426921393,0.0417764881680445,1.5149700205876826,1.417215707791565,0.3890849684274299
Mafb,0.1349368897356513,0.5713582599031516,1.0,-0.0463048930022658,0.030791524462422,0.111128938959203,2.2561362030261485,2.3017324801648,0.6427780423910455
Top1,0.1152655394141462,0.3837421608319441,0.8506311026434865,0.0028616331784644,0.0884896077151937,0.1873152287920235,1.5921229120873863,1.6914775035521137,0.4650619012638484
Srsf6,0.1077424726482235,0.3752159399982679,0.9034293146939671,-29.13899840620576,-29.00477870631594,-0.762800686800069,0.549322376407945,0.0,0.46194037896013174
Oser1,0.0027786850681888,0.009501095540355,0.0298677932975399,-28.525997777746543,-26.998153545896237,0.0,0.134046056381555,0.0,0.01993396992760822
Serinc3,0.1349368897356513,0.5713582599031516,1.0,-0.173485624471939,-0.0491888055513999,0.0598745120969731,0.956521420971603,0.926530749597866,0.6427780423910455
Ywhab,0.0095578312296578,0.1948162260855759,0.910105580693816,-0.0227249091041294,0.0657426695207852,0.1780245664432788,1.0117854010974727,1.0599368665403888,0.2666136667103724
Sdc4,0.0001905215527506,0.0054933714376438,0.0475954592363258,0.1608189011717043,0.301120108496461,0.4769596979770281,1.3246804672495749,1.6282684560479224,0.015369662506240769
Sys1,0.0003313637627428,0.0035729616071004,0.0516126376600038,-29.113654323607985,-28.999871713820685,-28.5653689520792,0.536823173914833,0.0,0.011082853745623822
Ctsa,6.35071842502183e-05,0.0029848376597602,0.038707628800508,-0.2995894140815859,-0.224157749757786,-0.1290449684153395,1.4920925392257725,1.2772654885455823,0.009467531952051885
Pltp,0.0007884764832411,0.0065216096837837,0.0391489942439858,-29.48644854508373,-29.34092158800132,-1.544429981907055,0.6825669331219429,0.0,0.017664677823950904
B4galt5,0.0300697993080905,0.0694015268921112,0.2013400470565268,0.2689710093878503,0.4660322715179869,0.6665248782779866,0.6869835053617328,0.9517510878712372,0.10846585939425762
Ube2v1,0.0027786850681888,0.009501095540355,0.0298677932975399,-28.86002219521532,-26.9582522249244,0.0,0.1303894781100147,0.0,0.01993396992760822
Tmem189,0.038707628800508,0.2082876875446535,0.7920774787647853,-0.2426303819023993,-0.1136920011561195,0.00431447773951,1.02419346321023,0.9495309637599704,0.2800158978249315
Cebpb,1.5876796062554575e-05,3.175359212510915e-05,0.0029848376597602,0.1108602604472495,0.1490680978031074,0.1944883050616227,2.869620176881965,3.183108712241805,0.0013718591185205543
Ptpn1,3.175359212510915e-05,0.0010637453361911,0.0314201794077955,-0.3378025157603992,-0.2494670389971856,-0.1475377669162517,1.2294852544639925,1.032847445822766,0.0057498897314234906
Dpm1,0.0001720247930818,0.0001720247930818,0.0027786850681888,-29.204577870424217,-29.073513234433754,-28.72567466249505,0.5649364052239317,0.0,0.002385890623763593
Rtf2,0.0008420439376285,0.0060568372158396,0.0312774598307818,-29.316081963861752,-29.187265585763605,-29.067040518380697,0.611283160378875,0.0,0.016565631127752917
Pmepa1,3.529139494825728e-05,0.0001712003574158,0.0017888776467873,-29.686018492928223,-29.45281801842017,-29.188730069615044,0.7348212039496929,0.0,0.002385890623763593
Gnas,0.0123997777248551,0.1568627450980392,0.7344923394458999,-0.1244341498894012,-0.0538223035520587,0.0103590649315777,1.435708717690815,1.3839000290492187,0.22001900513084985
Ctsz,0.0001111375724378,0.0073033261887751,0.0978804477256489,-0.109529202982586,-0.0810435473429795,-0.0407180314425088,2.6534270405544613,2.506135991256876,0.019212128766193125
Atp5e,0.0252441057394617,0.1568627450980392,0.5713582599031516,-0.1041474855656586,-0.0654433034110003,-0.0225623237407402,2.043229559565108,1.9529552269091512,0.22001900513084985
Psma7,0.0073033261887751,0.0824958323410335,0.4268635389378423,-0.211367399899503,-0.1397849192828969,-0.0675463795305543,1.200129285939485,1.0900939147949749,0.12539091987276887
Rps21,0.0073033261887751,0.038707628800508,0.2082876875446535,-0.0818085276845536,-0.0574361990419674,-0.0331978996553763,3.2440622257451475,3.1174445883458275,0.06603066089498424
Dnajc5,3.529139494825728e-05,0.0007335473709934,0.0027786850681888,-29.075348546188597,-28.92881777257832,-27.94443513396181,0.5110246951164092,0.0,0.004351269632483577
Gm8797,0.0027786850681888,0.009501095540355,0.0298677932975399,-27.976565859403003,-27.76244854385455,0.0,0.2276825584352825,0.0,0.01993396992760822
Tpd52,0.004096213384139,0.0978804477256489,0.5713582599031516,0.0191249917677231,0.0817457026498809,0.1424492066649527,1.5861473809192612,1.6782401794150374,0.14538827479248825
Fabp5,0.0040854564497672,0.0167889920924848,0.0667539188091713,-29.81867167406608,-29.557646190697145,-0.9752827762097804,0.8114745336573492,0.0,0.032596693467555504
Rbis,0.0007335473709934,0.0077371208623235,0.088567502575371,-28.860201216701643,-28.02848269865501,0.0,0.2737877568891489,0.0,0.01993396992760822
Ythdf3,0.0007335473709934,0.009501095540355,0.0298677932975399,-28.762371963558373,-27.777090070022503,0.0,0.2300050128955547,0.0,0.01993396992760822
Cp,0.0001720247930818,0.0007335473709934,0.0027786850681888,-29.747726918446357,-29.37589356084803,-28.628781989240974,0.6966667937668498,0.0,0.004351269632483577
Nceh1,0.1110173717526384,0.4143554061444077,0.9071710289327192,-29.23831349961433,-1.0138837786368309,0.0823765240861934,0.6086328970555643,0.2990720420258665,0.5010108054439661
Rpl22l1,3.175359212510915e-05,0.0029848376597602,0.0314201794077955,-0.2710768521767562,-0.2252382241241566,-0.1667141122159668,1.928865985848237,1.6501058277537086,0.009467531952051885
Sec62,0.0697012614538326,0.2799063505905702,0.7350683412489255,-0.2636715202530528,-0.1163570446006983,0.0034557948074903,0.800743162147926,0.7420779664761263,0.36320234554614467
Skil,0.1568627450980392,0.5208065412399778,0.9699293482575216,-0.170177873848282,-0.0803228755432932,0.0429874391432479,1.041090353115735,0.9827619735159888,0.5988128073287851
Ndufb5,0.0095578312296578,0.0690958164642375,0.3053901722632373,-0.2987283498816078,-0.2122455708427091,-0.1003840364684112,0.9380630270783248,0.8085390268362452,0.10826591482003595
Fxr1,0.0006787345155035,0.0032593368359413,0.0133949167537699,-29.122297656339036,-29.010639763601045,-28.518871831383024,0.5408449281979137,0.0,0.01017915965686283
Dnajc19,3.529139494825728e-05,0.0001720247930818,0.0027786850681888,-29.06778584986544,-28.88011793389436,-28.324840126892543,0.4940623679497037,0.0,0.002385890623763593
Anxa5,0.0201317774073192,0.1349368897356513,0.428008652853853,0.0429507415430058,0.0894448893848539,0.1422784073016675,1.6911726939035674,1.8001002600707112,0.19411787208427947
Slc7a11,0.3188913531174501,0.7729485515890469,1.0,-29.241652505775093,-0.6467480448129657,28.01689874349661,0.3927456952344887,0.2743016523914615,0.7960411520592946
Ndufc1,0.0013600451325973,0.0184394950081998,0.2702706993728666,-0.4297697339691229,-0.3003903639398547,-0.1081582357300662,0.865283673842689,0.7014772376693637,0.03535042747112385
Ufm1,0.0057606676070176,0.0480139728942661,0.3519631185845171,-28.74970496589652,-27.46523837660833,0.0,0.1852936716498972,0.0,0.07909966499352945
Rnf13,0.0007335473709934,0.0027786850681888,0.0298677932975399,-29.05529938448013,-28.28017610395125,0.0,0.3260015242184101,0.0,0.009280909725010856
Serp1,0.0252441057394617,0.2379772961816305,0.910105580693816,-0.0147592334341775,0.1133552486803897,0.2278330710206397,0.993571149529307,1.0749701434962802,0.3155185196834825
Mbnl1,0.0252441057394617,0.1568627450980392,0.6784313725490196,-0.210464567010751,-0.1216993756515162,-0.0434366969080148,1.102558074605535,1.0138579996727954,0.22001900513084985
Ssr3,0.0001905215527506,0.0029848376597602,0.0473446058585377,0.2460599754694379,0.4054321372581349,0.6072144368589766,0.6525695386883175,0.8646678854940835,0.009467531952051885
Tiparp,0.0001111375724378,0.0021592442645074,0.015860919266492,0.2317820753436632,0.3151110248604083,0.4030961857173947,1.2896771598634211,1.6023352193223477,0.009280909725010856
Ccnl1,0.1813447646264983,0.6784313725490196,1.0,-0.124347465207078,-0.0268751223282712,0.0926404369548314,1.089272237662653,1.06971584154245,0.7252744983306371
Mfsd1,0.2702706993728666,0.7344923394458999,1.0,-0.1237135947813546,0.0301612261637965,0.2036974862849878,0.7293672137975751,0.7480473553800582,0.7577173936576279
Kpna4,3.529139494825728e-05,0.0001720247930818,0.0027786850681888,-29.13217120478535,-29.015076773177924,-28.50417755416673,0.542510857614933,0.0,0.002385890623763593
Pdcd10,0.1528728780095813,0.6995681542011702,1.0,-0.0696443963966961,0.1035358438559712,0.250562682152418,0.6493873612750805,0.6990604487699263,0.7452542377408384
Rapgef2,0.3837421608319441,0.7868234305012446,1.0,-0.1667263217182036,0.046068445950987,0.2592941498530604,0.7998227555139676,0.8250937679112224,0.7999588467126936
Fnip2,0.0174080378282394,0.1196719677069312,0.6343630339682178,-28.88296456060454,-27.51049824109628,0.0,0.191211472319187,0.0,0.17435461323808873
Tlr2,0.0010531774138967,0.0052610445939054,0.0302041841616882,-29.820626931685435,-29.62216340094856,-29.347444691302133,0.8268232866986487,0.0,0.015042141585391496
Rps3a1,3.175359212510915e-05,0.0001111375724378,0.0004763038818766,0.1716099438510282,0.206068068081859,0.2346403922526268,2.70914963610506,3.123479711549659,0.002385890623763593
Etv3,0.4268635389378423,0.8213542907041359,1.0,-0.1355893295529147,-0.0304879251952875,0.0771487103425748,1.18454818005122,1.1589202420438176,0.8281535811900973
Hdgf,0.3283012843928902,0.8145487507042003,1.0,-27.7030398517064,1.0626398933943633,29.10978063427003,0.2490083628948107,0.5336820820541077,0.821745205707661
Mef2d,0.0027275566257589,0.0027786850681888,0.0298677932975399,-28.84527819753041,-28.20298866126147,0.0,0.3089908030049835,0.0,0.009280909725010856
Glmp,0.0027275566257589,0.009501095540355,0.0298677932975399,-28.800193439849657,-27.673541511034006,0.0,0.214075062281714,0.0,0.01993396992760822
Sema4a,0.0001720247930818,0.0027786850681888,0.0298677932975399,-28.994996289344268,-28.445180406364877,0.0,0.3654706732009522,0.0,0.009280909725010856
Lmna,0.0021592442645074,0.0123997777248551,0.0690958164642375,0.3709411793222645,0.5444778796697208,0.6893107126902484,1.066846334838781,1.5599035558368124,0.024922325526193913
Lamtor2,0.0004386095771341,0.0038003384534461,0.0588875147222805,-0.4883759701039457,-0.3630135559598471,-0.2278906058078542,0.8778815245252855,0.6822845305457468,0.011688919788629671
Ssr2,0.0027786850681888,0.009501095540355,0.0298677932975399,-28.5390028162966,-26.77201011549146,0.0,0.1145982762575445,0.0,0.01993396992760822
Arhgef2,3.529139494825728e-05,0.0001720247930818,0.0027786850681888,-29.076996804129404,-28.88401351519619,-27.893317104929235,0.495398243451189,0.0,0.002385890623763593
Krtcap2,0.0001219709860793,0.0005255587240814,0.008528797440388,-29.53476212722609,-29.390381360756194,-0.6134062775689813,0.7169341963323386,0.0,0.004351269632483577
Dpm3,0.0007335473709934,0.009501095540355,0.088567502575371,-28.629559108968557,-26.888842997252414,0.0,0.1243445451275491,0.0,0.01993396992760822
Il6ra,0.0007335473709934,0.009501095540355,0.088567502575371,-28.820181298773143,-27.46735181448548,0.0,0.1855688568740151,0.0,0.01993396992760822
Ubap2l,0.0022988170023958,0.0226430210233521,0.1318811298530948,-0.5326761432035432,-0.3042946170647232,-0.1324883148493673,0.7654175854124737,0.6212515266652165,0.04191367721343899
Tpm3,0.0003016591251885,0.0073033261887751,0.0824958323410335,0.0936300309081916,0.1432875991594746,0.1953944134239083,1.4681713122033049,1.619481899807616,0.019212128766193125
Rps27,0.2702706993728666,0.7344923394458999,1.0,-0.0306193574977067,0.0048287063692594,0.0240499261881099,3.1117901533280525,3.1241116781514924,0.7577173936576279
Jtb,0.0027786850681888,0.009501095540355,0.088567502575371,-28.352828839162598,-26.349730637477315,0.0,0.0855183463591022,0.0,0.01993396992760822
S100a1,0.0001720247930818,0.0007335473709934,0.0027786850681888,-29.0615795066552,-28.975413918536244,-28.430622142777157,0.5277991973554298,0.0,0.004351269632483577
S100a13,0.0444162068920732,0.2569136720452983,0.8437706440141102,-29.23992412041046,-2.251088385921644,-0.0474081855452898,0.564153994133453,0.1150814566088085,0.3391483228517052
S100a6,0.0002219962051443,0.0014100895501992,0.0055091537897213,2.8333984147115894,29.91174484450928,30.01597671777287,0.0,1.015653657425935,0.007216340639254729
S100a11,0.0001905215527506,0.0010637453361911,0.0095578312296578,0.5990398100319368,0.8114254036802433,1.0574966124437253,0.7807467552622374,1.36606686243024,0.0057498897314234906
S100a10,0.0004250825598774,0.0012547060309404,0.0040114305565442,1.9639892734797515,29.811645878467186,29.91653082072391,0.0,0.960049392208548,0.006664552283227051
Psmb4,0.0252441057394617,0.3053901722632373,0.9699293482575216,-0.1251483500031646,-0.0582338267090595,0.0145495782760031,0.9635666986555872,0.9251964514420928,0.3890849684274299
Psmd4,0.0006238547844523,0.0050666118127268,0.0385544978386242,-29.33652481932124,-29.209334835891543,-29.087028952013934,0.6208531468049022,0.0,0.01450893382735402
Ctss,0.0003016591251885,0.0015241724220052,0.0073033261887751,-0.1198616884168148,-0.1019406007729266,-0.0793272197004648,3.2730873866421124,3.050102309548484,0.007505830229119948
Ensa,0.0001720247930818,0.0027786850681888,0.0298677932975399,-29.00505426018239,-28.02509048811082,0.0,0.2731558668952177,0.0,0.009280909725010856
Mcl1,6.35071842502183e-05,0.0021592442645074,0.0316023656426131,0.0646491726612447,0.1139619788011155,0.141730625380315,2.25362575750969,2.43993362448594,0.009280909725010856
Mrps21,0.0002391009389611,0.0027171818924305,0.022438890030895,-29.199648260834117,-28.96470320980812,-28.361097270483903,0.5238952900556326,0.0,0.009280909725010856
BC028528,0.0001720247930818,0.0027786850681888,0.0298677932975399,-28.99751245587037,-28.51072547069321,0.0,0.382457836244732,0.0,0.009280909725010856
Aph1a,0.0007335473709934,0.0027786850681888,0.0298677932975399,-29.021795130256653,-28.07009365128468,0.0,0.281799467811091,0.0,0.009280909725010856
Plekho1,0.0003188669522625,0.0040854564497672,0.0535018912412565,-29.303757682176844,-29.140509631929906,-28.87204286225745,0.5923016189387544,0.0,0.012129306082369453
Fcgr1,0.0006238547844523,0.0059087524114286,0.0385392543410508,-29.304103175808624,-29.161343520274613,-28.99052377405481,0.6003978295433083,0.0,0.01623351978297752
Rbm8a,0.0328859991554654,0.191007279352083,0.6185519578391343,-28.739767233217453,-27.60011415896981,0.0,0.2034521311693237,0.0,0.2619897142464382
Tent5c,3.529139494825728e-05,3.529139494825728e-05,0.000172131606673,-29.51935404820723,-29.366696980628596,-29.22279145949357,0.6922399576166552,0.0,0.0013718591185205543
Atp1a1,0.0123997777248551,0.0690958164642375,0.2702706993728666,0.1309518489178986,0.2214424831483323,0.302768449045134,0.9118871628348802,1.060478136314705,0.10826591482003595
Csde1,0.0573787409700722,0.5208065412399778,1.0,-0.0445573716265192,0.0419580462820701,0.1172215731975448,1.2268010422621525,1.2625538575914974,0.5988128073287851
Bcas2,0.0027786850681888,0.009501095540355,0.0298677932975399,-28.79068798066508,-27.566299073338808,0.0,0.1987389030293385,0.0,0.01993396992760822
Capza1,0.1425303019847767,0.5890143815020004,1.0,-0.0540175906037848,0.1604017023324767,0.3723373217810234,0.6500327954736591,0.7268162247115627,0.661419345423574
Rap1a,0.0015241724220052,0.0978804477256489,0.7920774787647853,-0.11678435322168,-0.063827329004776,0.001886683396528,1.4451002897833625,1.3816270220632787,0.14538827479248825
Atp5f1,0.0573787409700722,0.3837421608319441,0.9699293482575216,-0.1511504575754055,-0.0740653238797896,0.0054184807185691,1.185949359628315,1.1272155438071925,0.4650619012638484
Cd53,6.35071842502183e-05,0.0029848376597602,0.038707628800508,0.1439662774512763,0.2179581747022932,0.2941041552398191,1.2637224794738535,1.4677081332416164,0.009467531952051885
Lamtor5,0.0004954208174452,0.0043495700900777,0.0292545655864068,-28.96345985251397,-28.845018570789488,-27.820496032675297,0.4821873519425952,0.0,0.012653924449955348
Psma5,0.0007028644920767,0.0031156560380675,0.0208004792731061,-29.469947404829465,-29.368444918401995,-2.494946401318634,0.6944388100570229,0.0,0.009814316519912627
Stxbp3,0.1131952949438642,0.5598677791524032,1.0,0.0096202783426436,0.1742644677167564,0.3542298277991083,0.590250590693627,0.6650642652126529,0.6404999577404137
Prpf38b,0.0007144558228149,0.0314201794077955,0.3837421608319441,-0.274984754219219,-0.1795839450026539,-0.0512633704729827,0.8987533449594278,0.7928401494729017,0.05509085199428251
Vcam1,0.0002329080848932,0.0005866867131432,0.0016408810607041,-30.85898916001702,-30.704857783216355,-30.578162867889382,1.7501819683739412,0.0,0.004351269632483577
1810037I17Rik,0.0252441057394617,0.1568627450980392,0.6238787012780821,0.0885520026128369,0.1834336909522882,0.2892772375903629,0.820052853541235,0.9295139884468344,0.22001900513084985
Snhg8,0.0004954208174452,0.0032593368359413,0.0102029298672555,-29.26716333521056,-29.10464312502292,-28.888891920059272,0.57725884087186,0.0,0.01017915965686283
Camk2d,3.529139494825728e-05,0.0001720247930818,0.0007335473709934,-29.341996731567647,-29.17777676442753,-29.035476038972075,0.6072759316157881,0.0,0.002385890623763593
Ostc,0.0001264884392376,0.0016408810607041,0.0168261457043862,-29.32324150957948,-29.197674536411498,-29.084773643849804,0.6162082443206229,0.0,0.007994372527750376
Rpl34,0.3053901722632373,0.7920774787647853,1.0,-0.0227555445465432,0.0022414759315322,0.0272428479728494,3.0667375986418173,3.072250665262941,0.7999588467126936
Aimp1,0.0007335473709934,0.0027786850681888,0.009501095540355,-28.960176842954315,-28.00272802266825,-25.8921819270462,0.2689435255094862,0.0,0.009280909725010856
Tet2,8.600635107884218e-05,0.0004954208174452,0.0043495700900777,-29.18131827321074,-29.026792149303045,-28.83118242196389,0.5469342418484677,0.0,0.004330783892212346
Cisd2,0.0209901392215157,0.1491328671438686,0.6319793444436901,-29.092338991642297,-28.933156452096984,-0.9363094489020845,0.5174955546097935,0.0,0.21382014662736018
Ube2d3,0.004096213384139,0.0573787409700722,0.3837421608319441,0.0352899005597535,0.1116815743822924,0.1792760484000076,1.5370464274058435,1.6619912093879,0.09252511893408819
Nfkb1,0.0004763038818766,0.004096213384139,0.0201317774073192,0.2432600695971761,0.3096606866938748,0.4008326990042346,1.32068536948378,1.638002681750285,0.012129306082369453
Ppp3ca,3.529139494825728e-05,0.000244141310286,0.0036211088724564,-29.346126341385045,-29.21377880431096,-29.078666950272403,0.6226209201441735,0.0,0.0027704731297672172
H2afz,0.0978804477256489,0.4268635389378423,0.9699293482575216,-0.0050387812844383,0.0354292608800288,0.0764736495037863,2.2851471692645298,2.342972974913191,0.5070739178409869
Dnajb14,0.0001720247930818,0.0007335473709934,0.0027786850681888,-29.100771620006697,-28.91574622884184,-28.362741200303784,0.5064154673587793,0.0,0.004351269632483577
Eif4e,0.1568627450980392,0.4726680955783123,0.8506311026434865,0.0844642293386413,0.2274100694118305,0.336464537910119,1.2388241785963352,1.450830385662483,0.5528582654427506
Gbp7,0.0001217557504524,0.0017888776467873,0.0102224535836243,-29.41042440751624,-29.214677947769367,-28.892197894517555,0.6230091324425251,0.0,0.008445166565065627
Gbp2b,0.0001720247930818,0.0007335473709934,0.009501095540355,-29.055936791061285,-28.77474839605232,-27.519241176324,0.4592640722242456,0.0,0.004351269632483577
Lmo4,0.0001219709860793,0.0003348594455668,0.0016408810607041,-29.988782526764822,-29.831733355148792,-29.709317725853765,0.9556346321620884,0.0,0.003317487519982519
Selenof,3.175359212510915e-05,0.0010637453361911,0.038707628800508,-0.2679107136457567,-0.2003924168687118,-0.1261306453970385,1.0937285911060126,0.9522130617735788,0.0057498897314234906
Sh3glb1,0.0978804477256489,0.5713582599031516,1.0,-0.0559193389480152,-0.0230501330510802,0.0209421540222044,1.7418556363661848,1.7134352789700449,0.6427780423910455
Bcl10,0.0573787409700722,0.343145193299992,0.9699293482575216,0.0158712028935358,0.147392026407017,0.2795378809658499,0.6247379886591875,0.6913717338384475,0.427061490571584
Gng5,0.3053901722632373,0.7920774787647853,1.0,-0.0263345348274979,0.0089551897011006,0.0374662475554123,2.02552334826521,2.0377887380547435,0.7999588467126936
Fubp1,0.0004954208174452,0.0079084084763313,0.0980199619453154,-29.152538800194897,-28.982928341038832,-27.976079496306944,0.5305554645834818,0.0,0.01993396992760822
Srsf11,0.3045121854409781,0.7920774787647853,1.0,-0.0532197893270256,0.0369811108438178,0.1442927302660201,0.8524456813228627,0.8758548432573661,0.7999588467126936
Wls,0.0007335473709934,0.0027786850681888,0.0298677932975399,-28.934805117820492,-27.99794630435736,0.0,0.2680536663709973,0.0,0.009280909725010856
Lyn,0.3053901722632373,0.7920774787647853,1.0,-0.0391196782612752,0.0356520329338142,0.0809761996366959,1.5275332788023523,1.5661821175413424,0.7999588467126936
Rps20,0.0001111375724378,0.0007144558228149,0.0095578312296578,-0.0758627486159675,-0.0617187767855407,-0.0455174155588623,3.5363668870067,3.387778609463666,0.004351269632483577
Sdcbp,0.004096213384139,0.0690958164642375,0.3837421608319441,0.0237480277975413,0.0614400983251174,0.0966101073746083,1.797685955386625,1.876695267729464,0.10826591482003595
Rab2a,0.0573787409700722,0.5208065412399778,0.9699293482575216,-0.1385174416512868,-0.0495364287860596,0.0560707997925437,0.8790723947288983,0.8479493660780334,0.5988128073287851
Chd7,0.0007335473709934,0.0027786850681888,0.0298677932975399,-28.91776297530931,-28.270447454689744,0.0,0.323781995014494,0.0,0.009280909725010856
Asph,3.529139494825728e-05,0.0001720247930818,0.0027786850681888,-29.19462992492595,-29.015353260497875,-28.74097556175007,0.5426148378347555,0.0,0.002385890623763593
Pnrc1,0.004096213384139,0.0473446058585377,0.2702706993728666,0.038484315643305,0.0976630719038268,0.184532989115405,1.2289876673808824,1.3135549325570337,0.0782084944878376
Ndufb6,0.0027786850681888,0.009501095540355,0.0298677932975399,-27.90565059072045,-26.740108234650663,0.0,0.1120920113382922,0.0,0.01993396992760822
Dnaja1,0.0003016591251885,0.0073033261887751,0.0573787409700722,0.2062557221881203,0.2903678550485128,0.3941068480540371,0.8963008010090635,1.0922003554291937,0.019212128766193125
Bag1,0.0011754406106422,0.0065360274816589,0.0382688146348018,-29.544350872969925,-1.6196811542599658,-0.3757755390456965,0.7368210921292687,0.239293061896786,0.017664677823950904
Chmp5,0.0027786850681888,0.009501095540355,0.0298677932975399,-28.820974348656435,-27.687256032303125,0.0,0.2161198021779005,0.0,0.01993396992760822
Dctn3,0.0057606676070176,0.060676213535144,0.3354105003875558,-28.91175372690602,-27.856920787616527,0.0,0.2430909227226325,0.0,0.09673249749450967
Vcp,0.0123997777248551,0.1349368897356513,0.7359319679288707,-0.1793325301610448,-0.0877414192118212,-0.0214290856946092,0.935132842049996,0.8808810266538021,0.19411787208427947
Cd72,3.529139494825728e-05,0.0001720247930818,0.0007335473709934,-29.577589698826376,-29.34825650571856,-29.15980781661374,0.6834480803712463,0.0,0.002385890623763593
Tln1,6.35071842502183e-05,0.0073033261887751,0.1157573231721834,-0.2293663361097333,-0.1460170465066332,-0.0742979550551995,1.40673827932327,1.269889040758884,0.019212128766193125
Clta,0.0978804477256489,0.3837421608319441,0.9699293482575216,-0.0760822542466252,-0.0453206941790717,0.0008269348031013,1.71725211125336,1.6642434315312689,0.4650619012638484
Anp32b,0.0314201794077955,0.2023371148299164,0.6995681542011702,-0.2816230251259355,-0.1730128873321308,-0.0208847514679882,0.8404824956188754,0.7451021838365783,0.27607909544007264
Tgfbr1,0.0001264884392376,0.0005255587240814,0.0031165998439403,-29.699661265848523,-29.56276499536401,-1.825355854624468,0.8002999446947889,0.0,0.004351269632483577
Sec61b,0.2082876875446535,0.7344923394458999,1.0,-0.125695554206285,-0.0422079587691267,0.0462313187732324,1.5079762700014552,1.4638112571617288,0.7577173936576279
Nr4a3,3.529139494825728e-05,0.0003359251183343,0.0022878731639293,-29.73975882957625,-29.52635175170796,-29.296212321529318,0.7732457467338821,0.0,0.003317487519982519
Abca1,0.015860919266492,0.0978804477256489,0.5208065412399778,0.0737178602806522,0.1842161192262182,0.2773811067337766,1.3303404375987025,1.5123756252406813,0.14538827479248825
Rad23b,0.0007335473709934,0.0007335473709934,0.0027786850681888,-29.070040208374643,-28.934330417401448,-28.383611316960984,0.5129810942458153,0.0,0.004351269632483577
Klf4,0.0016408810607041,0.0130238645462553,0.0940200437466162,-29.686375240723827,-29.526366663163337,-1.5956489702328969,0.7782381962178809,0.0,0.026090570752202228
Txn1,0.0010637453361911,0.0123997777248551,0.0828804477256486,-0.1991834999266887,-0.146093704753297,-0.0843346136974268,1.7522347940984877,1.5840558328903875,0.024922325526193913
Gng10,0.0009960140226776,0.003760918126399,0.0210812718331533,-1.718579584835367,-0.6405457332817714,-0.4555412956073729,0.889002588450597,0.5692738460303872,0.01158717945519557
Ugcg,0.1394156665265819,0.3381204808125648,0.8397467778155911,-28.944433576044304,-28.77119538004067,-27.601392723070813,0.458134312047181,0.0,0.427061490571584
Ptbp3,1.5876796062554575e-05,0.0001111375724378,0.0010637453361911,0.2197919165814502,0.3075031806134666,0.4247750876838322,1.0860682161078978,1.34826892019247,0.002385890623763593
Slc31a2,0.0007335473709934,0.009501095540355,0.088567502575371,-28.73457567176973,-26.988679071601435,0.0,0.1331686326880572,0.0,0.01993396992760822
Atp6v1g1,0.0004763038818766,0.0073033261887751,0.0690958164642375,-0.2278966162084545,-0.1826949992319423,-0.136273811934941,1.63883594842639,1.4449819910085588,0.019212128766193125
Plin2,0.4161290067702085,0.8464825110542755,1.0,-0.0868688198898183,0.0941670264010968,0.2560705827449757,0.7213357193672236,0.7700814388324995,0.8510969466208379
Rps6,0.0252441057394617,0.1568627450980392,0.6238787012780821,-0.0926207372215749,-0.0559082865056875,-0.0175417148988911,2.540076421213305,2.442210925831508,0.22001900513084985
Jak1,0.015860919266492,0.2082876875446535,0.8506311026434865,-0.0043378046840456,0.0950723099382226,0.2176730426653043,0.8473328869201086,0.9053071060693538,0.2800158978249315
Leprot,0.0007335473709934,0.009501095540355,0.0298677932975399,-28.820941036013,-27.71540005923242,0.0,0.2203772491428405,0.0,0.01993396992760822
Pde4b,0.0007144558228149,0.0314201794077955,0.2387846312614107,0.0594690827195938,0.1251990533675896,0.201601367709816,1.323685219722465,1.44138873378008,0.05509085199428251
Mier1,0.001264661700178,0.0057606676070176,0.022438890030895,-29.04651430734308,-28.86812189546571,-28.34860177590624,0.4899712617513435,0.0,0.01591806744669492
Tmem59,0.0002423343526326,0.0022988170023958,0.0184394950081998,-0.564186883473232,-0.4548643137114754,-0.3448843761400756,0.8869491351211738,0.6483197199821176,0.009280909725010856
Magoh,0.0007335473709934,0.0043495700900777,0.0286888103198488,-28.86619159944397,-28.675878239197186,-27.76506733902075,0.4288441607526527,0.0,0.012653924449955348
Scp2,0.0573787409700722,0.4726680955783123,0.9699293482575216,-0.1212281928233504,-0.0303578442150731,0.0649712127041833,1.0396639811995343,1.0173516682587838,0.5528582654427506
Tut4,0.0027786850681888,0.060676213535144,0.4198490637342591,-28.86263278963985,-27.56782972324065,0.0,0.1989498700771992,0.0,0.09673249749450967
Nrd1,3.529139494825728e-05,9.016783792651294e-05,0.0003364412842543,-29.553820565950407,-29.406093089710957,-29.28593352378532,0.7114036263976674,0.0,0.002385890623763593
Cmpk1,0.0201317774073192,0.3053901722632373,0.7920774787647853,0.0216301447061965,0.1403477714486662,0.2746639190871763,0.8114913002751403,0.893472310360738,0.3890849684274299
Uqcrh,0.0824958323410335,0.4268635389378423,0.9699293482575216,-0.0685518080462754,-0.0320794915281262,0.0214183467408644,1.79328721048661,1.7537443711878349,0.5070739178409869
Akr1a1,1.5876796062554575e-05,6.35071842502183e-05,0.0007144558228149,-0.3133462771365647,-0.2560423639492177,-0.1831861372871834,1.503412226643585,1.2592040064195738,0.0018714133165346587
Prdx1,1.5876796062554575e-05,0.0001111375724378,0.0054933714376438,-0.2181297167596003,-0.1795251875946259,-0.134178060393818,1.73943455495304,1.5367755655444413,0.002385890623763593
Rps8,0.0573787409700722,0.2082876875446535,0.5713582599031516,-0.0737525617487768,-0.0497461797641028,-0.0207990697705463,3.457465540150048,3.340307210430645,0.2800158978249315
Atp6v0b,0.0688028895768834,0.4726680955783123,0.9699293482575216,-0.0708869976365619,-0.0267558344582146,0.0233390856513262,1.6301540525020477,1.6001562008882717,0.5528582654427506
Slc2a1,0.0007335473709934,0.009501095540355,0.088567502575371,-28.772588256920724,-27.04644791371005,0.0,0.138609212163163,0.0,0.01993396992760822
Svbp,6.034243330066384e-05,0.0001762973367313,0.0006238547844523,-29.73798711241488,-29.603955754737264,-29.47275789951573,0.8159784650054585,0.0,0.002385890623763593
Ybx1,0.0314201794077955,0.2702706993728666,0.910105580693816,-0.0783496689329198,-0.0408444272741769,-0.0033771265107786,2.248906618797148,2.1855320963236773,0.35194908606858677
Smap2,0.0007335473709934,0.0027786850681888,0.0298677932975399,-28.96604641669772,-28.37209804990949,0.0,0.3474181886779727,0.0,0.009280909725010856
Ppt1,0.0001219709860793,0.0002329080848932,0.0006056643678553,-29.8173807573224,-29.746308137782947,-3.1263346390705435,0.9013695459312404,0.0,0.0027704731297672172
Cap1,0.0001808387981124,0.0002040915427345,0.0005026588905531,-29.849939298671284,-1.805267825443944,-0.6927577453870919,0.9354719197803056,0.2694654511951645,0.0025539400587392567
Macf1,0.0001111375724378,0.0005026588905531,0.0029316408379423,-1.695055298350474,-0.5568780347103797,-0.3977869748034762,0.8475026487513628,0.5780195917604349,0.004351269632483577
Ndufs5,9.016783792651294e-05,0.000975934543285,0.0078110762660852,-29.377881421550025,-29.254788059237168,-29.16695134448787,0.640573136701591,0.0,0.005571976283067797
Akirin1,3.529139494825728e-05,0.0001720247930818,0.0043495700900777,-29.112958508579705,-28.975566793742534,-28.728162317719537,0.5278551328820577,0.0,0.002385890623763593
Rragc,0.1272684290643955,0.5543742897628018,1.0,-29.07883594061001,-0.83790493657112,0.1648179820273412,0.5549675764018396,0.3008134825673734,0.6354089255938763
Zc3h12a,0.0201317774073192,0.2379772961816305,0.8506311026434865,-0.2684285309904316,-0.0961053731767827,0.0412985502735988,0.972440184525308,0.9106997879652368,0.3155185196834825
Stk40,0.0865723655317356,0.2217640684635702,0.6113519816838257,0.1165714997715197,0.5046167836127509,1.603541770914001,0.4472484199938993,0.6344876259630033,0.29791393609039907
Thrap3,3.529139494825728e-05,0.0001720247930818,0.0027786850681888,-29.19045726682752,-29.04227785704896,-28.81403960411172,0.5528365867427658,0.0,0.002385890623763593
Map7d1,0.0012455000145158,0.0059596923407427,0.0391489942439858,-29.44810175214206,-29.310491676056056,-29.15525895357183,0.665945472371297,0.0,0.01634888574555092
Psmb2,0.0002423343526326,0.0017731114297543,0.015049240840804,-0.558958260607109,-0.4473266897376006,-0.3125283062735189,0.8972094452937449,0.6569769466888152,0.008445166565065627
Sfpq,0.0095578312296578,0.0473446058585377,0.1568627450980392,0.2625714837977221,0.3741878274785856,0.4725632049628961,0.8463755343427178,1.0972485549946625,0.0782084944878376
Ak2,3.529139494825728e-05,0.0002391009389611,0.0075721656792071,-29.143282711866423,-28.97842366119284,-28.661444094353115,0.5289014385870955,0.0,0.0027704731297672172
Rnf19b,0.0201317774073192,0.2379772961816305,0.9116011748829072,-0.4083341484180907,-0.2066288725617668,0.0527797119518173,0.9135963962838812,0.7918597350554005,0.3155185196834825
Rbbp4,0.0027786850681888,0.009501095540355,0.0298677932975399,-28.551384829731088,-26.8767333394773,0.0,0.1232261605692352,0.0,0.01993396992760822
Marcksl1,1.5876796062554575e-05,0.0001905215527506,0.0029848376597602,-0.5854440260117509,-0.4769665234859774,-0.3533284081203715,1.3370066323979723,0.9616091478882308,0.00240057156465756
Eif3i,0.0007884764832411,0.0065360274816589,0.0557432987804457,-29.36255968722713,-29.23864980574628,-29.060428553217157,0.6348102399712805,0.0,0.017664677823950904
Tmem234,8.600635107884218e-05,0.000244141310286,0.0018447703965623,-29.58460163870109,-29.40040837741949,-29.262160604767324,0.7086059680757367,0.0,0.0027704731297672172
Khdrbs1,0.0067255636975068,0.042065641372109,0.2939626650378599,-29.386700737547876,-0.8720436741938744,-0.2037124458988562,0.6679640578887902,0.3602465525822241,0.07089845644542725
Ptp4a2,0.015860919266492,0.2082876875446535,0.8521179645947434,-0.1346452612468142,-0.0683555399100332,0.0213524955184648,1.4811666590622488,1.4156386475461888,0.2800158978249315
Sdc3,0.0034288832126691,0.0202098651191521,0.1131393705897797,-29.275549494090495,-29.015519614432,-28.42137477537011,0.5426774910118269,0.0,0.03798706128877663
Laptm5,3.175359212510915e-05,0.0015241724220052,0.0201317774073192,-0.0931551123707117,-0.0649187778211172,-0.0388560712502135,2.473085935447642,2.3668189846476486,0.007505830229119948
Epb41,0.0007335473709934,0.037650276439806,0.4591881861735847,-28.956573067330847,-28.306498685434605,0.0,0.3319748437991107,0.0,0.0652628605839901
Atpif1,1.5876796062554575e-05,0.0003016591251885,0.015860919266492,-0.2351943496964851,-0.1684949639264015,-0.1121637807485076,1.433192165166535,1.2782495185207223,0.0031674208144792503
Dnajc8,0.0004592558527205,0.0050666118127268,0.0471866693782339,-29.380363339773396,-29.231661736182737,-29.01136209388484,0.6303866466447807,0.0,0.01450893382735402
Ptafr,0.0252441057394617,0.1813447646264983,0.6784313725490196,0.0012372926907437,0.0953029975308402,0.1713034628485757,1.125080437519645,1.2029767843210637,0.2489232794685292
Stx12,0.0007335473709934,0.0027786850681888,0.009501095540355,-28.881355583489917,-28.69639863905704,-27.702246628565533,0.4349874798078045,0.0,0.009280909725010856
Fam76a,3.529139494825728e-05,0.0007877956543109,0.0133949167537699,-29.15588491102396,-28.98075252775408,-28.479172248105115,0.5297559093222144,0.0,0.0046023850954680185
Wasf2,0.0006834348667358,0.0035319278065916,0.0209734342700645,-29.45283648348174,-29.29408744419151,-29.114854494518667,0.6582623512751937,0.0,0.010992899663786802
Cd52,0.0314201794077955,0.3053901722632373,0.9699293482575216,-0.0515134085002823,-0.0197178531423886,0.0085012904763196,2.722885498649388,2.6861584239689225,0.3890849684274299
Sh3bgrl3,1.5876796062554575e-05,1.5876796062554575e-05,1.5876796062554575e-05,0.505733240257129,0.5547585761769378,0.6016440005399183,1.601487603872825,2.354754946886075,0.0013718591185205543
Tmem50a,0.0010637453361911,0.0314201794077955,0.2387846312614107,-0.2993073788024079,-0.1972933596246865,-0.0862919523822121,1.0152539764867847,0.8841567573319868,0.05509085199428251
Rsrp1,0.0824958323410335,0.3053901722632373,0.7920774787647853,0.0103032302173737,0.1834649975320187,0.3610089117713683,0.7639789264864019,0.8674060020892398,0.3890849684274299
Syf2,0.002408002971984,0.0286888103198488,0.2446731418142203,-28.93231295955959,-27.825747147920147,0.0,0.2378951729892921,0.0,0.05163985857572784
Runx3,1.5876796062554575e-05,1.5876796062554575e-05,0.0004763038818766,0.188205276655362,0.2537602799558616,0.3304838649045515,1.59105099318664,1.8983246450606788,0.0013718591185205543
Clic4,1.5876796062554575e-05,1.5876796062554575e-05,0.0010637453361911,0.2943817152850658,0.3686618909736192,0.4367518013556943,1.2735782189819802,1.6452747369324212,0.0013718591185205543
Srrm1,0.0001111375724378,0.0029848376597602,0.0978804477256489,-0.2904495281338576,-0.1948618126732457,-0.1042382687409682,1.027386050463906,0.8961963362349712,0.009467531952051885
Fuca1,9.016783792651294e-05,0.0001219709860793,0.0003895119682041,-30.12884946721099,-30.051486659316524,-29.963566737218724,1.112988071077855,0.0,0.002385890623763593
Rpl11,0.015860919266492,0.1349368897356513,0.7344923394458999,-0.0742082224503678,-0.0389072764723159,-0.0024710922665243,2.9296402141488214,2.8492165020202487,0.19411787208427947
C1qb,1.5876796062554575e-05,3.175359212510915e-05,0.0004763038818766,-0.2172698913523176,-0.1963546013366152,-0.1749365549135368,3.86884288841479,3.3761300667785763,0.0013718591185205543
C1qc,1.5876796062554575e-05,3.175359212510915e-05,0.0001905215527506,-0.2552590130406341,-0.229801778907217,-0.2014324008631749,3.441775820668357,2.93393946717903,0.0013718591185205543
C1qa,1.5876796062554575e-05,1.5876796062554575e-05,3.175359212510915e-05,-0.2362567323710519,-0.2123914340642222,-0.1877059179334625,3.890526025400968,3.358650275571001,0.0013718591185205543
Cdc42,0.0073033261887751,0.1152655394141462,0.5713582599031516,0.0076637601924784,0.0355326857130139,0.064494889530283,1.99370966286057,2.0432622329122125,0.16833744245375307
Eif4g3,3.529139494825728e-05,0.0001720247930818,0.0024238779803224,-29.23758711440705,-29.079384920339223,-28.76262871803272,0.5672403535010783,0.0,0.002385890623763593
Hp1bp3,0.0001720247930818,0.0027786850681888,0.0298677932975399,-28.960339798506848,-28.283432528227788,0.0,0.326709354818089,0.0,0.009280909725010856
Ddost,3.529139494825728e-05,0.0001720247930818,0.0027786850681888,-29.239049199130843,-29.09588913606065,-28.735297648174427,0.5737668068246049,0.0,0.002385890623763593
Micos10,0.0123997777248551,0.0824958323410335,0.428008652853853,-0.1950423136848106,-0.1133671624844546,-0.0292490797323094,1.12368842159026,1.0389856782858238,0.12539091987276887
Capzb,0.0201317774073192,0.1813447646264983,0.7344923394458999,-0.1131528650625437,-0.0585219481904331,-0.0100789375324117,1.43216702100418,1.3736978570382612,0.2489232794685292
Sdhb,3.529139494825728e-05,6.034243330066384e-05,0.0001762973367313,-29.56868909902195,-29.4481414551752,-29.34597406732164,0.732443103195222,0.0,0.0018714133165346587
Atp13a2,0.0007335473709934,0.0027786850681888,0.0298677932975399,-28.840402066050707,-27.82080516596471,0.0,0.237081057994175,0.0,0.009280909725010856
Necap2,0.0007335473709934,0.0027786850681888,0.0298677932975399,-29.01860423348484,-28.201761218287277,0.0,0.3087343148063932,0.0,0.009280909725010856
Efhd2,0.047128681432087,0.1349368897356513,0.4268635389378423,0.0422871309025328,0.0819713756482462,0.1202844091013686,2.0007159695963863,2.1181897536134886,0.19411787208427947
Dhrs3,3.529139494825728e-05,0.0007335473709934,0.009501095540355,-29.16212970521992,-28.967798747544627,-27.97584040983312,0.5250205837781474,0.0,0.004351269632483577
Tnfrsf1b,0.0007144558228149,0.0073033261887751,0.038707628800508,0.3428604862468999,0.4776341581996399,0.6016930891452148,0.7591650278405858,1.0575364227712174,0.019212128766193125
Pgd,0.0027786850681888,0.009501095540355,0.088567502575371,-28.34361473913313,-26.559517425723595,0.0,0.098903443161492,0.0,0.01993396992760822
Eno1,0.0020512277346933,0.0209901392215157,0.1173123185975081,-29.153167145685348,-28.99752764135981,-28.68549768238144,0.5359516588138329,0.0,0.0393470258704425
Park7,0.0001762973367313,0.0007884764832411,0.0059596923407427,-29.50384540651116,-29.355728606866936,-29.20313198437064,0.687248033576005,0.0,0.0046023850954680185
Rpl22,0.4268635389378423,0.7920774787647853,1.0,-0.0267412328208049,-0.0068188980198327,0.0176322000909176,2.487158286353625,2.4736096953862816,0.7999588467126936
Rer1,0.0002391009389611,0.0012730863420067,0.0130722697176655,-29.307748020932404,-29.159513144105667,-28.93732720349641,0.5996366258010495,0.0,0.006664552283227051
Gnb1,0.1349368897356513,0.7064618559974598,1.0,-0.0427920526161486,0.0377903570165169,0.1278030660703941,1.0757622084257277,1.10421364399866,0.752159563465827
Nadk,0.0001720247930818,0.0027786850681888,0.0298677932975399,-29.03228133516658,-28.52862803273217,0.0,0.3872333719511502,0.0,0.009280909725010856
Cdk11b,0.0001720247930818,0.0027786850681888,0.009501095540355,-28.9985901097124,-28.414910930994303,-26.555513627174413,0.3578831969126679,0.0,0.009280909725010856
Ssu72,3.529139494825728e-05,0.0001720247930818,0.0007335473709934,-29.1636147856529,-29.0637484232583,-28.904347119756565,0.5611255719193968,0.0,0.002385890623763593
Mrpl20,0.0030690378069328,0.0286888103198488,0.2227959761712598,-28.99261268405796,-28.750564518952068,-27.61435158742372,0.4516295201653268,0.0,0.05163985857572784
Ccnl2,0.0075721656792071,0.0759886785541828,0.4198490637342591,-28.33077162748496,-26.349730637477315,0.0,0.0855183463591022,0.0,0.11805383989667685
Aurkaip1,0.0001720247930818,0.0017888776467873,0.0298677932975399,-28.983836320513785,-28.62928014789911,0.0,0.4152144075070664,0.0,0.008445166565065627
Sdf4,3.529139494825728e-05,0.0003565717551321,0.0017888776467873,-29.35287842239076,-29.23624596461825,-29.12680363103961,0.6323930410593523,0.0,0.003375422780447392
Isg15,8.600635107884218e-05,0.0001762973367313,0.0012730863420067,-29.820370156064904,-29.6415712658092,-29.44133590554352,0.8375333060341861,0.0,0.002385890623763593
Sri,0.0001111375724378,0.0021592442645074,0.0226430210233521,-0.4527460960181151,-0.3377425880910458,-0.223518479190501,0.901094344189237,0.7117087333685648,0.009280909725010856
Fgl2,0.0003016591251885,0.0201317774073192,0.2379772961816305,-0.2800360041054178,-0.165419849000084,-0.0723724322433037,1.4297940822336002,1.2747372526839849,0.0379183065187342
Kmt2e,0.0001720247930818,0.009501095540355,0.1853939469443623,-28.798968245808176,-27.71420421551352,0.0,0.2201946550735209,0.0,0.01993396992760822
Tomm7,0.0095014686036357,0.1568627450980392,0.8506311026434865,-0.1419145710775037,-0.0798957866599408,-0.0116489766383413,1.22154800097457,1.154299863476635,0.22001900513084985
Rheb,0.0573787409700722,0.4268635389378423,0.9699293482575216,-0.0556986686736052,0.1111063510153698,0.2585175137506914,0.7755358038338573,0.8392029172640675,0.5070739178409869
Dnajb6,0.015860919266492,0.1568627450980392,0.8506311026434865,-0.141547168360217,-0.0752031808902054,0.0001169217871762,1.2601669055357352,1.1957525428141689,0.22001900513084985
Slc35f6,0.0001720247930818,0.0017888776467873,0.0293578595424857,-29.12988288609859,-28.91755668735734,-28.073231511621252,0.5070513733618277,0.0,0.008445166565065627
Ost4,0.4726680955783123,0.8506311026434865,1.0,-0.1055720579598858,-0.0179187870024017,0.0875363397285253,1.0621260560573549,1.0456355981842949,0.8510969466208379
Mrpl33,0.004096213384139,0.0473446058585377,0.343145193299992,-0.2870155814953603,-0.185296957221261,-0.0550855684452748,0.9913059394098152,0.8682008150340721,0.0782084944878376
Fosl2,6.35071842502183e-05,0.0029848376597602,0.0473446058585377,0.1885518572418815,0.3039070232928239,0.4086010326429508,0.8977357792116235,1.1100206322264037,0.009467531952051885
Ppp1cb,0.0027786850681888,0.0298677932975399,0.1853939469443623,-28.420569057147222,-26.653985134410185,0.0,0.1055963788159765,0.0,0.05339379486751996
Ywhah,0.0314201794077955,0.3053901722632373,0.910105580693816,-0.0090368963263249,0.0624678556546409,0.1681931881814672,0.8868657340301798,0.926310729037092,0.3890849684274299
Rnf4,0.0007335473709934,0.0027786850681888,0.0298677932975399,-28.90929123720284,-28.216814772092984,0.0,0.31196626048434,0.0,0.009280909725010856
Lrpap1,3.529139494825728e-05,0.0001720247930818,0.0006834348667358,-29.41756295429137,-29.254104713537657,-29.122225979719776,0.640269797281226,0.0,0.002385890623763593
Mrfap1,0.0974958323410336,0.5713582599031516,1.0,-0.1400813572362882,-0.0412315394277472,0.0737981738881296,0.8547555146369538,0.8310086777355068,0.6427780423910455
Tmem128,0.0017624943898925,0.0292545655864068,0.1872984041711002,-28.60528273644488,-26.37177860260144,0.0,0.086835316867127,0.0,0.05260638910075318
Wdr1,6.034243330066384e-05,0.0001762973367313,0.00315340827298,-29.383510946731487,-29.22836387107501,-29.121119910820017,0.6289472878593535,0.0,0.002385890623763593
Cd38,0.0001720247930818,0.0001720247930818,0.0027786850681888,-29.31660096542032,-29.194185574250437,-29.041269211138104,0.6142222672412864,0.0,0.002385890623763593
Lap3,0.0027786850681888,0.009501095540355,0.0298677932975399,-28.781649463913624,-27.60257704783671,0.0,0.2037997499858537,0.0,0.01993396992760822
Dhx15,0.2528979932537393,0.5990513446131561,1.0,-0.1634178999719681,0.7805527273634798,2.537499998066485,0.345196750711782,0.5990974691187646,0.6710403473992865
Rbpj,0.0004763038818766,0.0123997777248551,0.1813447646264983,0.099492134269837,0.2620590261961545,0.4363482893024197,0.6936599760774493,0.8274292361584331,0.024922325526193913
Rpl9,0.3422013177740732,0.7344923394458999,1.0,-0.0189673849486886,0.0100501307733675,0.0416509812781789,2.8557268966731626,2.8765363368679475,0.7577173936576279
Smim14,3.529139494825728e-05,0.0001720247930818,0.0027786850681888,-29.22821972117461,-29.10107980603463,-28.90588854182578,0.575834825969127,0.0,0.002385890623763593
Ube2k,0.0012730863420067,0.0065216096837837,0.0674459761625369,-29.17466968152877,-29.021600639711867,-28.75236047760245,0.5449696466836073,0.0,0.017664677823950904
Rbm47,0.0516126376600038,0.3887558059849098,0.9595657057843286,-28.555943733766878,-26.349730637477315,0.0,0.0855183463591022,0.0,0.47068048875707763
Srp72,0.0001720247930818,0.0007335473709934,0.0298677932975399,-28.942031623219165,-28.45538854645073,0.0,0.3680658204260847,0.0,0.004351269632483577
Rest,0.0286888103198488,0.2740127914304309,0.9242203280316528,-28.787146504282248,-26.77201011549146,0.0,0.1145982762575445,0.0,0.3563141423084678
Stap1,0.0027786850681888,0.009501095540355,0.060676213535144,-28.78164300411151,-27.61753148106596,0.0,0.2059232480961155,0.0,0.01993396992760822
Ythdc1,0.0001111375724378,0.0123997777248551,0.2082876875446535,-0.3774068566778095,-0.2519064975920569,-0.1100860635231397,0.8726765202655825,0.7332567313774178,0.024922325526193913
Jchain,0.0473446058585377,0.2379772961816305,0.6784313725490196,0.0073763935143288,0.142768329943872,0.2932538540615864,0.6840777631462158,0.7553963197400025,0.3155185196834825
Utp3,0.0007335473709934,0.009501095540355,0.0480139728942661,-28.861860155766863,-27.71540005923242,0.0,0.2203772491428405,0.0,0.01993396992760822
Ankrd17,3.529139494825728e-05,0.0007335473709934,0.009501095540355,-29.01253769848484,-28.79526392703709,-27.500187219996068,0.4658414985470193,0.0,0.004351269632483577
Pf4,0.2530295898202138,0.6564077338807045,1.0,-29.342019983572342,-29.06524630689047,-1.3096098495387278,0.5637843302977774,0.0,0.7202744323123407
Cxcl2,0.1807327141382869,0.5208065412399778,0.9699293482575216,-0.0706912839541901,0.1418232003818469,0.3813031547514854,2.3976122907433424,2.631145881536455,0.5988128073287851
G3bp2,0.0007335473709934,0.0027786850681888,0.0298677932975399,-28.838749781828284,-28.240719859735066,0.0,0.3171785252975652,0.0,0.009280909725010856
Cxcl9,0.0007335473709934,0.0027786850681888,0.009501095540355,-29.231631646551268,-28.334942179225365,-26.455831421387533,0.3385861813849297,0.0,0.009280909725010856
Scarb2,3.529139494825728e-05,0.0007335473709934,0.0027786850681888,-29.11066647550512,-28.98201569341224,-28.45106544024776,0.5302199498369033,0.0,0.004351269632483577
Ccni,0.0007335473709934,0.0027786850681888,0.009501095540355,-28.87989385881804,-28.401554398420863,-26.57217975593698,0.3545845400071251,0.0,0.009280909725010856
Anxa3,0.0001720247930818,0.0007335473709934,0.009501095540355,-29.047359135109627,-28.834799245438127,-27.24366715692228,0.4787838666138591,0.0,0.004351269632483577
Antxr2,6.35071842502183e-05,0.0007144558228149,0.0055096749813439,0.4570171399066334,0.6455341114565878,0.8367421749944541,0.6165164645284905,0.9637822316249582,0.004351269632483577
Hnrnpd,0.0075096696567038,0.0583492399385958,0.314522698428203,-0.3682186342554838,-0.205985144908837,-0.0447048633759996,0.7620736041431092,0.6615026740937405,0.09392428314344892
Hnrnpdl,0.0016408810607041,0.0088116873156729,0.0554255527040317,-29.414711152541454,-29.30659049893125,-1.4825030258511056,0.6662555367248205,0.0,0.01993396992760822
Lin54,0.0007335473709934,0.0027786850681888,0.0298677932975399,-28.914768964824944,-27.95459559337054,0.0,0.2601244126728232,0.0,0.009280909725010856
Lrrc8d,0.2109355616159889,0.6689706667452711,1.0,0.1087525161354292,0.4159900409124835,1.6525826768946612,0.4855040239905029,0.6526994427400727,0.7252744983306371
Rpl5,0.0003016591251885,0.004096213384139,0.015860919266492,-0.1971848290776114,-0.1643979304123501,-0.1311497304534421,2.345623552429125,2.092186180407664,0.012129306082369453
Tmed5,0.0003016591251885,0.0123997777248551,0.0694308168611571,0.1668583098445069,0.2932460073895421,0.4026760792967818,0.7632448231414786,0.9321713169555116,0.024922325526193913
Atp5k,0.0201317774073192,0.1568627450980392,0.4268635389378423,-0.2236771552535358,-0.1395863537611343,-0.0391491558511926,0.913173278645351,0.8299340794127084,0.22001900513084985
Tpst2,0.0978804477256489,0.343145193299992,0.910105580693816,0.0221815274607373,0.1765036165831189,0.3159172282655194,0.6904725841743087,0.7813391871152299,0.427061490571584
Grk3,0.0007335473709934,0.0027786850681888,0.0298677932975399,-28.857338234735572,-27.821897460760933,0.0,0.2372606250248859,0.0,0.009280909725010856
Iscu,3.529139494825728e-05,0.0001720247930818,0.0007335473709934,-29.202431570250308,-29.05039233732467,-28.87346539729376,0.5559548001550303,0.0,0.002385890623763593
Gltp,0.0007335473709934,0.0027786850681888,0.0298677932975399,-28.965142169095127,-27.971448534050435,0.0,0.2631752409771573,0.0,0.009280909725010856
Git2,0.0001720247930818,0.0007335473709934,0.0027786850681888,-29.29970337763384,-29.09431784511219,-28.841421345481976,0.573142183653893,0.0,0.004351269632483577
Ankrd13a,0.0007335473709934,0.0027786850681888,0.009501095540355,-28.89281317000768,-28.394229379735293,-25.8921819270462,0.3527887737851741,0.0,0.009280909725010856
Dynll1,0.004096213384139,0.0573787409700722,0.3837421608319441,0.043435408343042,0.1747790933261437,0.3589774788499932,0.8007073059580458,0.9018654179314964,0.09252511893408819
Srsf9,0.0001712003574158,0.0007884764832411,0.0079084084763313,-29.38016398421716,-29.292806012553115,-29.183013006034656,0.657677926970884,0.0,0.0046023850954680185
Cox6a1,0.0029848376597602,0.0573787409700722,0.5713582599031516,-0.2084286129704204,-0.1207131589821058,-0.0187343900643941,1.0359793243664333,0.952700792763768,0.09252511893408819
Pxn,0.004096213384139,0.0314201794077955,0.2082876875446535,0.1256006186837083,0.2862438799751093,0.4381148160396937,0.7198041700408371,0.8787083533661351,0.05509085199428251
Rplp0,0.1568627450980392,0.5713582599031516,0.9699293482575216,-0.006584051178118,0.0217878699198175,0.050478030921217,2.82636072881221,2.869133498455619,0.6427780423910455
Pebp1,0.0017731114297543,0.022796347982707,0.2310651962576619,-0.3491113790166276,-0.2019382009164112,-0.0547690952555766,0.7519866546235713,0.656144569938016,0.04198480621411864
Wsb2,0.0002391009389611,0.0043495700900777,0.037650276439806,-29.156357574828288,-28.92696459387328,-28.353188832522022,0.5103686922312884,0.0,0.012653924449955348
Rpl6,0.0010637453361911,0.0252441057394617,0.1568627450980392,-0.1272857678603728,-0.0983539755689023,-0.0560605844861139,2.696412028257035,2.5180059570486977,0.04570959483250399
Erp29,1.5876796062554575e-05,3.175359212510915e-05,0.0007144558228149,-0.5190791216694728,-0.4410511180816212,-0.3577822368122654,1.31946886746781,0.9713633556279846,0.0013718591185205543
Aldh2,0.0007335473709934,0.009501095540355,0.1223341709161366,-29.08707565344471,-28.387916323041534,0.0,0.3512483771685697,0.0,0.01993396992760822
Vps29,0.0978804477256489,0.6238787012780821,1.0,-0.0886618422188978,0.0436354468071476,0.1802904837465091,0.6916268853149494,0.7116032326134936,0.6858161174699494
Arpc3,0.0015241724220052,0.0252441057394617,0.2082876875446535,0.0421416421150252,0.0831963517463713,0.124949321377588,2.067016334136353,2.1900275136884373,0.04570959483250399
Atp2a2,0.2644485340756903,0.5576034811198041,1.0,-0.5190836983652974,0.1940648405411386,0.7677294314040723,0.5500873982020535,0.6289155582320325,0.6383092481239862
P2rx4,3.529139494825728e-05,0.0001720247930818,0.0027786850681888,-29.27390722650667,-29.13372224325012,-28.626637976357703,0.5890121858361834,0.0,0.002385890623763593
Rsrc2,0.0824958323410335,0.5713582599031516,1.0,-0.1825152308317011,-0.0101876092497082,0.1548625148419861,0.7550245403359768,0.7499818592263143,0.6427780423910455
Vps37b,0.0001720247930818,0.0007335473709934,0.0103017651628779,-29.08357622061577,-28.75094972072796,-27.139019625520262,0.4517505090493138,0.0,0.004351269632483577
Sbno1,0.0024238779803224,0.037650276439806,0.2219791843062437,-28.9868499080376,-28.71302649469423,-26.93899170451101,0.4400299575325395,0.0,0.0652628605839901
Rilpl2,0.0007144558228149,0.0252441057394617,0.343145193299992,-0.1865344168742763,-0.1135529556309693,-0.0365917660248929,1.551265847186765,1.4342026359580975,0.04570959483250399
Tmed2,0.2379772961816305,0.6784313725490196,1.0,-0.1148251945038363,-0.0181626531710623,0.0793938268757099,1.0111031203105805,0.9988523683574296,0.7252744983306371
Ubc,1.5876796062554575e-05,0.0001905215527506,0.0029848376597602,0.3561359534025404,0.5131129770100149,0.6390348575059552,0.913111921889426,1.3011809241468335,0.00240057156465756
Ran,0.1349368897356513,0.6784313725490196,1.0,-0.0734918189957104,0.0262104185452023,0.1236496462494587,0.9468060649165436,0.9626459416118822,0.7252744983306371
Cct6a,0.0009361006688602,0.0174080378282394,0.2740127914304309,-29.03270375041077,-28.414774359119605,0.0,0.3578489683681282,0.0,0.03340807259684179
Chchd2,0.1344451059776137,0.6784313725490196,1.0,-0.0327216613726853,0.0060762166725215,0.0509051999092702,1.99055732431228,1.999442872061341,0.7252744983306371
Gusb,3.529139494825728e-05,3.529139494825728e-05,9.016783792651294e-05,-29.62138757696025,-29.507167297015755,-29.374382144726635,0.7630314574107373,0.0,0.0013718591185205543
Rabgef1,8.600635107884218e-05,0.0003565717551321,0.0017888776467873,-29.418540490085064,-29.285761380291028,-29.16653016866757,0.654474335239893,0.0,0.003375422780447392
Lat2,0.0007335473709934,0.009501095540355,0.088567502575371,-28.784749255236072,-27.72501171760269,0.0,0.2218503688816202,0.0,0.01993396992760822
Eif4h,0.0017191380645145,0.014856239495519,0.1378965058107773,-29.160189596082294,-29.01181659036156,-28.50041157608446,0.5415624284263229,0.0,0.02953465675550948
Por,0.0200474885286189,0.060587266201943,0.1273457631960635,0.6749370423942054,1.8047489493989497,29.57351564655916,0.2275873864782395,0.7860617273316417,0.09673249749450967
Mdh2,0.0057527580604245,0.0320726224833987,0.1491328671438686,-29.201660388056943,-29.10085787861244,-28.995530763067208,0.5758007711745435,0.0,0.05610301055961657
Cux1,0.0001720247930818,0.0027786850681888,0.0099949322915058,-28.974751383991062,-28.468518811654803,-25.8921819270462,0.3714310855042986,0.0,0.009280909725010856
Fis1,0.007578779259748,0.0573225174744465,0.3000955782005055,-29.346429118542467,-29.222606621427555,-1.35242129229719,0.6289632105288808,0.0,0.09252511893408819
Gnb2,0.0690958164642375,0.2379772961816305,0.6238787012780821,-0.1546120683769012,-0.0898813310333956,-0.0200395325816122,1.143374208676995,1.0758658586277114,0.3155185196834825
Pilra,3.529139494825728e-05,0.0001720247930818,0.0027786850681888,-29.180922189968385,-29.08011378828008,-28.64863617605421,0.5675270149711558,0.0,0.002385890623763593
Lamtor4,6.034243330066384e-05,0.000244141310286,0.002419263668759,-29.6443810598796,-29.52115869909932,-29.33544882621544,0.7704674126961315,0.0,0.0027704731297672172
Mafk,3.529139494825728e-05,0.0007335473709934,0.0027786850681888,-29.188990503712617,-29.042208683425443,-28.502312677223998,0.5528100823010565,0.0,0.004351269632483577
Ttyh3,0.0001720247930818,0.0027786850681888,0.009501095540355,-28.91717018162998,-28.32318574464356,-26.5262605219829,0.3358372395631466,0.0,0.009280909725010856
Gna12,0.0027786850681888,0.009501095540355,0.0298677932975399,-28.86522637333381,-27.80978699844748,0.0,0.235277316290734,0.0,0.01993396992760822
Actb,0.0010637453361911,0.0029848376597602,0.0824958323410335,-0.0808124322487216,-0.0657227555509079,-0.0484376650448116,3.9208070294647888,3.745360155411304,0.009467531952051885
Rac1,0.038707628800508,0.343145193299992,0.9699293482575216,-0.10484706723726,-0.0575838884370652,-0.0012846707129927,1.4802926013459765,1.4227002864563087,0.427061490571584
Bri3,0.038707628800508,0.3053901722632373,0.910105580693816,-0.0143307101459049,0.0685037108865747,0.1886866188319242,1.3748807718760152,1.439535957528945,0.3890849684274299
Arpc1a,0.0001720247930818,0.0007335473709934,0.009501095540355,-28.88616050529556,-28.67209347285736,-26.76489468548103,0.4277206980172192,0.0,0.004351269632483577
Arpc1b,0.0010637453361911,0.0054933714376438,0.038707628800508,-0.1472572257950959,-0.1092554222439947,-0.0734855013466473,2.177444590144193,2.0170151698373084,0.015369662506240769
Atp5j2,0.0007144558228149,0.0201317774073192,0.3053901722632373,-0.2434177368183417,-0.1537211344621285,-0.0632704462653482,1.3550716354451424,1.2167065463508062,0.0379183065187342
Rpl21,1.5876796062554575e-05,0.0001905215527506,0.0021592442645074,-0.125665391171905,-0.0984401268807427,-0.0711855008115498,2.688680401570954,2.512456352522332,0.00240057156465756
Polr1d,0.0073033261887751,0.1152655394141462,0.6784313725490196,0.0229777653822878,0.1095318757349419,0.1740717751290584,0.9529008752705864,1.02970167046075,0.16833744245375307
Pomp,0.0821608319441137,0.3837421608319441,0.9699293482575216,-0.1655871568105371,-0.0755866646098923,0.0420237546481613,1.3129466246418675,1.247854763524971,0.4650619012638484
Ubl3,0.0690958164642375,0.343145193299992,0.8506311026434865,-0.1662061341789851,-0.1009865997680369,-0.0174861855642783,1.3675403147303062,1.2757670514469388,0.427061490571584
Hmgb1,0.0015241724220052,0.0226879415733904,0.1568627450980392,-0.2981706476527124,-0.204610114580409,-0.1218579404024902,1.150654592753595,0.9992011039450028,0.041954321107878806
Alox5ap,0.082022527544501,0.3028084907143252,0.7605323733294866,-29.26136570936656,-28.701429144076485,0.0,0.4365068765541737,0.0,0.3890849684274299
Sem1,0.0029848376597602,0.0473446058585377,0.2379772961816305,0.0333183146223486,0.0666791675804399,0.1055445510837145,1.988534218186444,2.0834274338292538,0.0782084944878376
Ndufa4,0.0007144558228149,0.0201317774073192,0.1813447646264983,-0.2371050985688791,-0.156829179075057,-0.0827821370110847,1.4899789043692175,1.3369247073299777,0.0379183065187342
Mdfic,0.0231027265714595,0.1753959025219387,0.6083787677123833,-29.24178588703284,-1.3311065603884575,-0.0193232921020676,0.5839801421665887,0.240212978357539,0.2448039067284813
Capza2,0.0473446058585377,0.3053901722632373,0.910105580693816,-0.0046419646880197,0.040458267958672,0.0855447546020395,1.6255350938914626,1.6704488174364438,0.3890849684274299
Ndufa5,3.529139494825728e-05,0.0003565717551321,0.0024238779803224,-29.31494870130948,-29.20413902066005,-29.05987587634336,0.6184745692313267,0.0,0.003375422780447392
Arf5,0.343145193299992,0.7920774787647853,1.0,-0.1042658065767585,-0.0362514677993358,0.0495025438421085,1.109506764923094,1.0803899485600623,0.7999588467126936
Hilpda,0.0251162975311582,0.1813447646264983,0.5208065412399778,0.1193107054486129,0.2837116630836442,0.4231854694897037,1.42625079179559,1.7371681473815377,0.2489232794685292
Atp6v1f,0.0001111375724378,0.0054933714376438,0.0828804477256486,0.0549893459033131,0.0940155092321825,0.1371515688877915,1.47288557978107,1.5738889225832162,0.015369662506240769
Irf5,0.0314201794077955,0.1813447646264983,0.6238787012780821,0.0977084824430761,0.2410185856802338,0.3828289982847744,0.6531142556709522,0.773212559548756,0.2489232794685292
Lncpint,0.0001720247930818,0.0017561162195911,0.009501095540355,-29.007408236238405,-28.778014529220744,-26.83639990199315,0.4603048893705692,0.0,0.008445166565065627
Mkln1,0.0027786850681888,0.009501095540355,0.088567502575371,-28.094523069456805,-26.69026135056855,0.0,0.1082852378045482,0.0,0.01993396992760822
Akr1b3,0.0007335473709934,0.0027786850681888,0.0298677932975399,-28.97309795674761,-28.36555194296352,0.0,0.3458453789178847,0.0,0.009280909725010856
1810058I24Rik,0.0001217557504524,0.0003359251183343,0.0017191380645145,-29.268001867359853,-29.132457403992305,-29.02186464062952,0.5884960135122177,0.0,0.003317487519982519
Mtpn,0.1152655394141462,0.6238787012780821,1.0,-0.1332596936420536,-0.0437862941977992,0.0674343705966814,1.0032289068205746,0.9742069576443658,0.6858161174699494
Luc7l2,0.0054933714376438,0.1349368897356513,0.7344923394458999,-0.1822972538222926,-0.0979481851411743,-0.0183792692993094,1.0126677533742523,0.9459737088484226,0.19411787208427947
Tbxas1,0.0007335473709934,0.0027786850681888,0.0298677932975399,-28.960180430320182,-28.06544602768272,0.0,0.2808931151161192,0.0,0.009280909725010856
Kdm7a,0.0010637453361911,0.0201317774073192,0.0978804477256489,0.17449379279355,0.2911168626971579,0.4239511863946457,0.8894051175220378,1.0867929670413825,0.0379183065187342
Mkrn1,0.0393921086962645,0.1996030161831719,0.6153675711520564,-1.24312059850534,-0.2175569211985109,-0.037513487822559,0.6749961462587644,0.5824665345118001,0.27275595405135006
Ndufb2,0.0001712003574158,0.0019929015570309,0.0209734342700645,-29.20126493216651,-29.07254960114621,-28.87394750148592,0.5645591877655822,0.0,0.009280909725010856
Mrps33,3.529139494825728e-05,0.0001217557504524,0.0024238779803224,-29.16998602834077,-29.02878985145112,-28.86460390630216,0.5476921116863424,0.0,0.002385890623763593
Zyx,0.0006819867908092,0.0075721656792071,0.0939799938364451,-29.025082448188915,-28.82244322258508,-27.728191452912448,0.474700793203388,0.0,0.019696201575475955
Pdia4,0.0007335473709934,0.0027786850681888,0.0298677932975399,-28.75149120308552,-27.71540005923242,0.0,0.2203772491428405,0.0,0.009280909725010856
Tmem176b,1.5876796062554575e-05,0.0015241724220052,0.0095578312296578,-0.2692788899504689,-0.2209562620015085,-0.1714010262954253,2.1047755244006447,1.8063694992713517,0.007505830229119948
Tmem176a,3.175359212510915e-05,0.0007144558228149,0.015860919266492,-0.3504828606957991,-0.2952572069651981,-0.2287815137493845,2.09804671110966,1.7065498218882538,0.004351269632483577
Tra2a,0.0060878386813011,0.0608560799381436,0.4171856441993936,-0.3319207940571574,-0.190319547116769,-0.0444836735942097,0.8101581101636183,0.7123861952225017,0.09693466263904825
Cycs,0.0019929015570309,0.02101953872444,0.1916725572253502,-29.11647780402066,-28.923170950905604,-27.94798956736102,0.509028413679085,0.0,0.0393470258704425
Hnrnpa2b1,0.0201317774073192,0.1349368897356513,0.5208065412399778,0.0248564375526588,0.0904775167199747,0.1692090728980456,1.4774672883829012,1.5704367004547914,0.19411787208427947
Skap2,1.5876796062554575e-05,0.0029848376597602,0.082463866341761,-0.471382885061663,-0.3116767882103166,-0.1544691778412081,0.8067199572616073,0.6501231077776013,0.009467531952051885
Tax1bp1,0.343145193299992,0.8506311026434865,1.0,-0.0508907428167556,0.0144793651747197,0.0742285946775942,1.383460255499245,1.396009699528714,0.8510969466208379
Creb5,0.0003016591251885,0.0029639058244674,0.022796347982707,-0.587567364179404,-0.4337344150560653,-0.3065401636935599,1.0077798394977586,0.7478020410287393,0.009467531952051885
Hpgds,3.529139494825728e-05,0.0001720247930818,0.0012730863420067,-29.474697712261264,-29.280436205283763,-28.95139796955265,0.6520630441273689,0.0,0.002385890623763593
Gng12,0.0007335473709934,0.009501095540355,0.088567502575371,-28.900202555865903,-26.933008550500585,0.0,0.1281278219989017,0.0,0.01993396992760822
Serbp1,0.2694633642930857,0.7344923394458999,1.0,-0.1012356981919331,-0.0422344198267784,0.0276559547593169,1.2941468914106775,1.254827420953275,0.7577173936576279
Igkc,0.3045121854409781,0.4726680955783123,0.7920774787647853,-0.031423373975771,0.0219907781334039,0.0697984486663195,2.010126862137594,2.03859751491959,0.5528582654427506
Chmp3,0.0007335473709934,0.009501095540355,0.088567502575371,-28.74928241193597,-27.28553910824588,0.0,0.163610154753366,0.0,0.01993396992760822
Vamp8,3.175359212510915e-05,0.0029848376597602,0.0253985075811699,-0.2366971225183472,-0.1880430720565239,-0.1291125046892935,1.4757102918139375,1.2947459659366751,0.009467531952051885
Mat2a,0.1152655394141462,0.3837421608319441,0.8506311026434865,0.1319594238853849,0.3161283890102588,0.4900346445242201,0.7635635259869828,0.9517322972486416,0.4650619012638484
Tgoln1,0.0690958164642375,0.3837421608319441,0.9699293482575216,-0.0163730236708896,0.1226278434887939,0.2896442284634429,0.800519353791108,0.869933449483326,0.4650619012638484
Kcmf1,0.0027786850681888,0.009501095540355,0.088567502575371,-28.61607391111822,-26.57217975593698,0.0,0.099775325290795,0.0,0.01993396992760822
Tmsb10,0.0015241724220052,0.0201317774073192,0.1349368897356513,0.2325862488597055,0.379024148920956,0.5141798489765945,1.121954109546475,1.4566458791110426,0.0379183065187342
Hk2,0.0824958323410335,0.3837421608319441,0.7920774787647853,-0.3042683054461158,-0.1661965986245596,-0.0328504001228448,1.05336161313013,0.9404735524542024,0.4650619012638484
Aup1,3.529139494825728e-05,0.0001720247930818,0.0008525268684777,-29.35362096897828,-29.248808079661,-29.100701008101776,0.6379234524927603,0.0,0.002385890623763593
Mob1a,0.0123287290624751,0.1152655394141462,0.4726680955783123,0.0686899866117889,0.1830941953306022,0.3442826148767596,0.8310216089368911,0.9418799314651304,0.16833744245375307
Cct7,3.529139494825728e-05,0.0007335473709934,0.009501095540355,-29.076316171424864,-28.851279920203027,-27.863460164390816,0.4842846105446855,0.0,0.004351269632483577
Dusp11,0.2642601625249305,0.7770968489780832,1.0,-28.978487431728315,-0.1127085316800124,0.3499563206329141,0.5104054865302976,0.482878196710453,0.7994121301142781
Snrpg,0.3053901722632373,0.7344923394458999,1.0,-0.0619891097287221,-0.0049001174414477,0.0480566649209171,1.2246313311758024,1.2241344846517517,0.7577173936576279
Pcbp1,0.0003016591251885,0.004096213384139,0.0252441057394617,0.2256617342817613,0.3204712796127508,0.4039063396823063,0.95900084967043,1.1983442310879275,0.012129306082369453
Mxd1,0.343145193299992,0.7920774787647853,1.0,-0.1248220596383794,0.0200834443795474,0.2089216931254116,0.9156807369563597,0.9245518930693032,0.7999588467126936
Anxa4,0.0019929015570309,0.0102029298672555,0.0516126376600038,-29.400377576330623,-29.222751172480088,-29.05604928873465,0.6265051699122104,0.0,0.02110330248280406
Gfpt1,0.0007048903820158,0.0040114305565442,0.0211997876611097,-29.704145357672967,-29.595079921569106,-1.8198352758673333,0.8143659003710769,0.0,0.012129306082369453
Rab43,3.529139494825728e-05,6.034243330066384e-05,0.0003954119647408,-29.66601866489985,-29.568618988837684,-29.447732210603757,0.796234966191496,0.0,0.0018714133165346587
Isy1,0.0075268782274024,0.0978412151825437,0.4205270488761878,-28.647959120924156,-26.26308402814542,0.0,0.0805334057444212,0.0,0.14538827479248825
Cnbp,0.0095578312296578,0.0978804477256489,0.522070334206556,0.0408924923385286,0.1041054391091811,0.179928713414357,1.19945267598204,1.2884355594392436,0.14538827479248825
Rab7,0.2379772961816305,0.7344923394458999,1.0,-0.0561891477178863,0.0533268677282747,0.1454497832624908,1.0158903261140555,1.0521548699445562,0.7577173936576279
Rpn1,0.2379772961816305,0.6784313725490196,1.0,-0.1299940394050159,0.0187802010819949,0.1679365426528471,0.7350076508147758,0.7430327639161736,0.7252744983306371
Sec61a1,0.009501095540355,0.009501095540355,0.088567502575371,-27.73604208752243,-26.349730637477315,0.0,0.0855183463591022,0.0,0.01993396992760822
Slc6a6,0.0252441057394617,0.2082876875446535,0.6784313725490196,-0.1677747896203564,-0.0725277979986148,0.0199488302072204,1.1124796619598376,1.05820906324465,0.2800158978249315
Arl6ip5,0.0003565717551321,0.0102224535836243,0.1678253583141733,-29.00072772800263,-28.666239274299866,-26.872558895243145,0.4259885129561942,0.0,0.02110330248280406
Foxp1,0.0073033261887751,0.0473446058585377,0.3063340477891553,0.2193114097952812,0.4276137699977363,0.5770653168693126,0.7390666358852487,0.9955769176308722,0.0782084944878376
Ppp4r2,0.0021592442645074,0.015860919266492,0.0694308168611571,0.3365913454202512,0.5153810490793416,0.7324490811552392,0.7810237951912167,1.118408665998985,0.030959294337479574
Bhlhe40,0.1123793122104393,0.2782729813185302,0.6421748224203866,0.1898265830874312,0.3894010538744314,0.6000759429271108,0.6877000675255711,0.9023878388915624,0.36133954290615117
Arl8b,0.090108576081082,0.3646530466961222,0.906650744208171,-29.154156672674937,-0.4744501491578213,0.1083289019000402,0.5875391868573668,0.4202063268763066,0.45198176140693025
Edem1,0.0060568372158396,0.082022527544501,0.4424008295311139,-29.093235099885558,-28.956388521301232,-27.91924748587721,0.5216457879135308,0.0,0.12539091987276887
Camk1,3.529139494825728e-05,0.0001720247930818,0.0007335473709934,-29.388875178195143,-29.242673700318488,-29.040004571850183,0.6352167427833506,0.0,0.002385890623763593
Arpc4,0.0001905215527506,0.0054933714376438,0.0690958164642375,-0.4242375837617592,-0.2923227009225508,-0.1494602934760726,0.9894295294210048,0.8085712725007301,0.015369662506240769
Brk1,0.0314201794077955,0.3053901722632373,0.910105580693816,-0.1354030713016115,-0.0522975897531628,0.018676237537186,1.185557722072486,1.14280323631624,0.3890849684274299
Irak2,0.0980199619453154,0.5681936364839564,1.0,-28.887969907420192,-26.83639990199315,0.0,0.1198288365092905,0.0,0.6427780423910455
Rpl32,0.0004763038818766,0.0054933714376438,0.0314201794077955,-0.1186155192990751,-0.0877546091077675,-0.0630830966667652,3.410538905009446,3.2087846382035026,0.015369662506240769
Plxnd1,0.0325325182293942,0.2596551285404619,0.9071797966467664,-29.17558329222134,-0.352402336607935,0.0737532829185162,0.5806521353616747,0.4593761012972602,0.3422726694396998
Rassf4,0.0027786850681888,0.009501095540355,0.0298677932975399,-28.52846534011809,-27.42049299540444,0.0,0.1796349697152815,0.0,0.01993396992760822
Hnrnpf,0.0001111375724378,0.004096213384139,0.038707628800508,0.0860252877690183,0.1662079575530518,0.2398210028630296,1.4462529154730537,1.6230199792430289,0.012129306082369453
Wnk1,0.004096213384139,0.0690958164642375,0.6238787012780821,0.0321217022995504,0.1064664791804781,0.1815830175125691,1.3899743640990887,1.494734443189215,0.10826591482003595
Il17ra,0.0001720247930818,0.0001720247930818,0.0027786850681888,-29.16667145454155,-29.01164933988224,-28.27939438422958,0.541223535797704,0.0,0.002385890623763593
Atp6v1e1,0.0252441057394617,0.343145193299992,0.9699293482575216,-0.1945753735895885,-0.0744410968031001,0.0505240640680156,0.8355398220997048,0.7941734116384995,0.427061490571584
M6pr,0.038707628800508,0.3837421608319441,0.9699293482575216,-0.0943361800608092,-0.034959007382977,0.0301528753228708,1.2473011440637038,1.2168374491829712,0.4650619012638484
Apobec1,0.0001720247930818,0.0007335473709934,0.009501095540355,-29.134667242451695,-28.671573562927485,-26.37177860260144,0.4275664936815507,0.0,0.004351269632483577
C3ar1,0.3742280472974733,0.7868234305012446,1.0,-0.2635412806955434,-0.0091466015419749,0.2300109338900368,0.8494719404840569,0.847919088380391,0.7999588467126936
Clec4a1,0.0050666118127268,0.0527200179360818,0.2484670041644341,-29.469912803536445,-29.228314614700334,-1.4068871489762245,0.6359012710649061,0.0,0.08646272241402285
Clec4a3,3.529139494825728e-05,0.0007335473709934,0.0102224535836243,-29.414333144465083,-29.222392286396804,-28.658034088210208,0.6263493383447458,0.0,0.004351269632483577
Clec4a2,0.0005677918037157,0.0028677490529391,0.0177390308677953,-1.4319640960625322,-0.5385956430772632,-0.3470122643537144,0.974870278998045,0.6795248455254255,0.009467531952051885
Clec4n,6.35071842502183e-05,0.0004763038818766,0.0073033261887751,-0.569986436274149,-0.4553194560624756,-0.3388369358950398,1.45620731040228,1.06440671636265,0.004203899479171731
Phb2,0.0001720247930818,0.0027786850681888,0.0298677932975399,-28.973162000017357,-28.406394520211744,0.0,0.355776139269331,0.0,0.009280909725010856
Grcc10,0.0005684668718268,0.007318906196645,0.0406856313618821,-3.0765831196998024,-0.5495940693580639,-0.3265761080391851,0.7872699021642463,0.5423599278731965,0.019212128766193125
Tpi1,0.5543742897628018,0.8459049925451292,1.0,-1.1567430079101564,-0.8306493169870748,0.0343866444334441,0.5923996027560938,0.331865463449061,0.8510288663986514
Ptms,1.5876796062554575e-05,1.5876796062554575e-05,0.0015241724220052,-0.3779744328263864,-0.3054260012152714,-0.2296336996321972,1.47994488062928,1.1973351735788351,0.0013718591185205543
Mlf2,0.0001720247930818,0.0007335473709934,0.0027786850681888,-29.078691027182487,-28.85789138733245,-28.23901562931045,0.4865090454644029,0.0,0.004351269632483577
Chd4,1.5876796062554575e-05,0.0003010990182408,0.0010238557219044,-0.7084489670515186,-0.5336067668385132,-0.375565245574366,0.9806238624688284,0.679259787439622,0.0031674208144792503
Gapdh,0.1813447646264983,0.3837421608319441,0.7344923394458999,-0.1228957027649955,-0.0730858514968204,-0.0236341832990882,2.0266369075887374,1.926871435393695,0.4650619012638484
Tnfrsf1a,0.0405991304587522,0.231052016598276,0.7920774787647853,-0.3059220226150194,-0.1743341653298218,-0.0234526041594943,0.8033361540151043,0.7112533007004256,0.3099354143355729
Cd9,0.0490556423358853,0.343145193299992,0.9699293482575216,-0.2813915610838526,-0.1065135011722271,0.076056645183047,0.972982451008238,0.9059589209980436,0.427061490571584
Clec2d,0.0073033261887751,0.0473446058585377,0.1813447646264983,0.1841730212234124,0.2926074380743826,0.3924913108969929,1.3237148880881349,1.6230083134147375,0.0782084944878376
Clec12a,3.529139494825728e-05,6.034243330066384e-05,0.0003565717551321,-29.924376526964444,-29.77869377051193,-29.612997224497136,0.9210433205282664,0.0,0.0018714133165346587
Gabarapl1,0.0027786850681888,0.009501095540355,0.088567502575371,-28.665448048658675,-27.13780459987556,0.0,0.1476703139125917,0.0,0.01993396992760822
Klra2,0.0001808387981124,0.0003348594455668,0.001177192095739,-29.71909097734213,-29.544645122518027,-1.405803580170913,0.827226985965833,0.0,0.003317487519982519
Hebp1,6.034243330066384e-05,9.016783792651294e-05,0.0001762973367313,-30.006098579326,-29.8884736699794,-29.77979341327431,0.9938643213902696,0.0,0.002385890623763593
Emp1,0.1634815784592863,0.5264792305547628,0.9663185553224448,-26.792757060622343,26.70801884616624,29.06270528416967,0.0,0.2175995845434431,0.604574201271874
Plbd1,0.0001905215527506,0.0073033261887751,0.0824958323410335,0.092446505828245,0.1534743611185502,0.2222208673183216,1.519383996045875,1.6899530448190752,0.019212128766193125
H2afj,1.5876796062554575e-05,0.0021592442645074,0.0252441057394617,-0.2149591806938118,-0.1643517934540223,-0.1158217090864772,1.417328461463625,1.2645140174646312,0.009280909725010856
Wbp11,0.0007335473709934,0.0027786850681888,0.009501095540355,-28.96104665922944,-28.769952398916203,-27.86805111975025,0.457739767776421,0.0,0.009280909725010856
Arhgdib,0.2702706993728666,0.6784313725490196,1.0,-0.0423035809875274,0.0174318295941821,0.0908737471589995,1.6077449695601589,1.6252871280258,0.7252744983306371
Kras,0.1568627450980392,0.6784313725490196,1.0,-0.1160843044302972,-0.0120269042991229,0.0775674095927028,0.9597222781357092,0.9513506893139384,0.7252744983306371
Ndufa3,0.0001720247930818,0.0024238779803224,0.0164403505940268,-29.254123007512977,-29.06879078119584,-28.6940231779256,0.5630901910366335,0.0,0.009280909725010856
Rps9,0.0978804477256489,0.4268635389378423,0.9699293482575216,-0.0413476716341541,-0.0242921923226164,-0.0073201990405591,3.380032293572903,3.323602973534311,0.5070739178409869
Pirb,3.529139494825728e-05,0.0001720247930818,0.0003565717551321,-29.5349536477225,-29.370892734801664,-29.18880017687445,0.6942561180527764,0.0,0.002385890623763593
Lair1,3.529139494825728e-05,3.529139494825728e-05,6.034243330066384e-05,-29.701596188601663,-29.590142491208653,-29.436937411882056,0.8082030157452685,0.0,0.0013718591185205543
Ppp1r12c,0.0007335473709934,0.0027786850681888,0.0298677932975399,-28.95882793021767,-27.967441715316863,0.0,0.262445334460887,0.0,0.009280909725010856
Rpl28,0.0095578312296578,0.0473446058585377,0.2702706993728666,-0.0764726994992164,-0.0510753205867773,-0.0233839484059656,2.8823581133478027,2.781957271963255,0.0782084944878376
Ube2s,0.0661505887018515,0.2939626650378599,0.8437706440141102,-29.14774879750665,-0.5820465673447783,0.0351345407652229,0.5906213919624544,0.3899278164436661,0.38063060880522326
Epn1,0.0001720247930818,0.0027786850681888,0.0027786850681888,-29.04894887157372,-28.87017813509169,-28.37227087249881,0.4906701042791666,0.0,0.009280909725010856
Clcn4,0.0007335473709934,0.009501095540355,0.088567502575371,-28.663294079246118,-26.940510544734632,0.0,0.1287958201896267,0.0,0.01993396992760822
Rps5,0.038707628800508,0.2379772961816305,0.6784313725490196,-0.0736860718539784,-0.0466009659432532,-0.0098302979327305,2.8331521855490176,2.7420026836485523,0.3155185196834825
Chmp2a,0.0123997777248551,0.1152655394141462,0.5208065412399778,-0.27817248898397,-0.1435099351083574,-0.02865394978561,0.9246124658614624,0.8396225787932998,0.16833744245375307
Selenow,0.0021592442645074,0.0201317774073192,0.1349368897356513,-0.3163648760092383,-0.2118326008661721,-0.1017781533078354,1.0082301614964488,0.8689599492762106,0.0379183065187342
Nop53,3.529139494825728e-05,0.0012730863420067,0.02101953872444,-29.09767044533528,-28.96383591157798,-28.71397371585011,0.5235804364422192,0.0,0.006664552283227051
Napa,0.0007335473709934,0.009501095540355,0.0298677932975399,-28.71052796778301,-27.591050719180963,0.0,0.2021783901321946,0.0,0.01993396992760822
C5ar1,0.0286888103198488,0.3838606169161923,0.9638969075506822,-28.663799322088973,-26.993171322164176,0.0,0.1335839382077722,0.0,0.4650619012638484
Tmem160,0.0002462939704825,0.0022988170023958,0.0097222837672139,-0.5524177392442766,-0.4498970786410247,-0.3364559985281227,1.015376517607018,0.7428692530307103,0.009280909725010856
Ap2s1,0.0059733731716288,0.0482901904027378,0.2973227869577579,-0.4597382547979087,-0.2579212247804602,-0.1041622767418404,0.7161400502867703,0.5994556498792649,0.0794115012293447
Calm3,0.0003016591251885,0.0048460129906725,0.0473446058585377,-0.4287425268251561,-0.3143079039334678,-0.2007875815966981,0.8606965981307565,0.6935655317340033,0.013942780683399462
Snrpd2,0.0201317774073192,0.2028472404323827,0.7344923394458999,-0.2778653441824269,-0.1133703075080239,0.0393640413227906,0.7969771928136073,0.7366177195574237,0.27636234770317913
Vasp,0.0001111375724378,0.004096213384139,0.0573787409700722,-0.396144607316461,-0.2847000686226855,-0.1725220925190057,1.0213140646346304,0.8400740831592739,0.012129306082369453
Fosb,1.5876796062554575e-05,0.0001905215527506,0.0010637453361911,-0.5803568400680637,-0.4732305400369191,-0.3683816551375843,1.710859559330567,1.23115139408463,0.00240057156465756
Apoe,0.343145193299992,0.7344923394458999,1.0,-0.0888966306234704,-0.0187848057594535,0.0526148807927049,4.014836113086775,3.9585363824121087,0.7577173936576279
Plaur,0.0010637453361911,0.0473446058585377,0.2702706993728666,0.0899407724391518,0.1680122288057948,0.2618070763602152,1.3599598558861263,1.528122894204296,0.0782084944878376
Rps19,0.0978804477256489,0.4726680955783123,0.9699293482575216,-0.0540883693128265,-0.021119302189685,0.0109878822630949,2.9781738129677,2.935215434661264,0.5528582654427506
Rabac1,0.007750865708345,0.0490556423358853,0.2315792029737146,-0.3469347836083146,-0.2302451573306146,-0.1044748813790634,0.8235776690656604,0.7006421897917032,0.08059771452127917
Pou2f2,0.0007335473709934,0.0027786850681888,0.037650276439806,-29.05225451929888,-28.432538100896156,0.0,0.362282253629396,0.0,0.009280909725010856
Tgfb1,0.0003016591251885,0.0054933714376438,0.0824958323410335,0.1502730235432915,0.2436879371675007,0.3098976291921299,1.2195571793762174,1.4470612556413749,0.015369662506240769
Axl,1.5876796062554575e-05,0.0002423343526326,0.0007761696331711,-1.0553992115573834,-0.757242648711618,-0.5797187430071679,1.0026749907901091,0.593513807961332,0.0027704731297672172
Blvrb,1.5876796062554575e-05,6.35071842502183e-05,0.004096213384139,-0.4528413542703529,-0.3485826780010537,-0.2551681258170681,1.3053864724890236,1.0245332629492032,0.0018714133165346587
Pld3,0.0001720247930818,0.0027786850681888,0.0298677932975399,-29.05803407356604,-28.721132692115564,0.0,0.4425093471836977,0.0,0.009280909725010856
Fbl,0.0001712003574158,0.0012730863420067,0.0130722697176655,-29.338876386948066,-29.21723891309266,-29.12071005736949,0.6241159803252815,0.0,0.006664552283227051
Rps16,0.3837421608319441,0.7920774787647853,1.0,-0.0220988899783666,-0.0025118471963638,0.0186861295511988,3.22809699989836,3.2209391400485075,0.7999588467126936
Zfp36,1.5876796062554575e-05,0.0010637453361911,0.0314201794077955,0.0996210221053376,0.1835481774606761,0.2440769606135228,1.97846588752516,2.247713637921975,0.0057498897314234906
Med29,0.0007335473709934,0.0027786850681888,0.0298677932975399,-28.929535824763096,-28.276408746288784,0.0,0.3251226311614682,0.0,0.009280909725010856
Gmfg,0.0007144558228149,0.015860919266492,0.0978804477256489,-0.1862633850391712,-0.1376194767963778,-0.0871846520356896,1.5743430534595049,1.4308119888332749,0.030959294337479574
Nfkbib,0.0471866693782339,0.1919503185370208,0.5992845301906365,-29.26723297969849,-29.06684309858734,-0.2073181401851045,0.5740866328832185,0.0,0.262888479735485
Hnrnpl,3.529139494825728e-05,0.0007335473709934,0.0027786850681888,-29.070349735644868,-28.956016898542067,-28.031872827111076,0.5207504340166149,0.0,0.004351269632483577
Eif3k,0.0201317774073192,0.1813447646264983,0.8506311026434865,-0.2249441144094544,-0.1327532565303673,-0.0157024475693585,1.0927605489431826,0.999190873453726,0.2489232794685292
Psmd8,0.0201317774073192,0.1568627450980392,0.6238787012780821,-0.3668788969299709,-0.1867500083079733,-0.0144720852456682,0.7876166574423058,0.6949246924772331,0.22001900513084985
Capns1,1.5876796062554575e-05,0.0003016591251885,0.0123997777248551,-0.421464421875117,-0.331929223477858,-0.21921984554002,0.9106311910827668,0.7230297732771505,0.0031674208144792503
Tbcb,0.0007335473709934,0.0077371208623235,0.0480139728942661,-28.99235543519479,-28.75413869667961,-27.54468368152555,0.452749778196277,0.0,0.01993396992760822
Tyrobp,1.5876796062554575e-05,6.35071842502183e-05,0.0007144558228149,-0.1156076288864045,-0.0895887095036751,-0.0671104452125896,3.0731282492586303,2.888593246664615,0.0018714133165346587
Psenen,0.0054933714376438,0.022796347982707,0.082463866341761,-0.4421072595531698,-0.3258392328107871,-0.2096547015116412,0.8540559819694137,0.6815817699782167,0.04198480621411864
Cox6b1,0.0003016591251885,0.0021592442645074,0.0201317774073192,-0.2234352419155,-0.1678912867759974,-0.1235352226983109,1.75272821149781,1.558319725036545,0.009280909725010856
Usf2,0.0001720247930818,0.0027786850681888,0.0298677932975399,-28.95414914475051,-28.39894562230345,0.0,0.353943936168177,0.0,0.009280909725010856
Fxyd5,0.343145193299992,0.7344923394458999,1.0,-0.0829350237322714,-0.0201007019987958,0.0510607184294003,1.6522591272107412,1.62771809102777,0.7577173936576279
Gpi1,0.0001905215527506,0.004096213384139,0.0690958164642375,-0.4259338080208212,-0.3123320723291138,-0.1939548506500451,0.9046202852636468,0.7293169587135476,0.012129306082369453
Pdcd5,0.1147275126605767,0.6043785767664298,1.0,-29.061071831692196,-0.2084640190487919,0.1740717705934935,0.5500112897432967,0.4873609008203755,0.6765929287697716
Etfb,0.0007335473709934,0.0027786850681888,0.0298677932975399,-28.94969517340809,-28.40908449543592,0.0,0.3564401200441467,0.0,0.009280909725010856
Cd33,0.0003359251183343,0.0043495700900777,0.0366717853315355,-29.34394572449504,-29.19585130026762,-28.93648099458379,0.614931853297549,0.0,0.012653924449955348
Fcgrt,0.0007884764832411,0.00315340827298,0.015050925640298,-29.67983045967032,-29.54322017450477,-29.36947968803969,0.7823398284436155,0.0,0.009899101228066082
Rps11,0.0001111375724378,0.0029848376597602,0.015860919266492,-0.1044829526026639,-0.0792652428547339,-0.0548500686518704,3.27089841503801,3.0966413812156777,0.009467531952051885
Rpl13a,0.0054933714376438,0.0314201794077955,0.1813447646264983,-0.0918058094968239,-0.0691694776053228,-0.0421551386444652,2.565763748505103,2.445594242116857,0.05509085199428251
Snrnp70,0.0054933714376438,0.069716785684335,0.3747677914932922,-0.4057953203994603,-0.2189865158781328,-0.0591715830315714,0.745149247266809,0.6409156478299307,0.10886544226092311
Ftl1,0.0003016591251885,0.0015241724220052,0.015860919266492,-0.0898173332247675,-0.0743978677732541,-0.0562544614656286,4.033573377560353,3.829662289677839,0.007505830229119948
Bax,0.1323180178891167,0.6238787012780821,1.0,-0.1254830479130258,0.0090709705527393,0.1544843223502944,0.7403509367940746,0.7445496489613329,0.6858161174699494
Nucb1,0.0007335473709934,0.0027786850681888,0.0298677932975399,-28.942174772905123,-28.396647456451923,0.0,0.3533806454663737,0.0,0.009280909725010856
Ppp1r15a,0.0004763038818766,0.0580064122654703,0.5208065412399778,0.0390802687461096,0.1931829610726878,0.3564460807123528,0.8633512528164959,0.988225360233198,0.09345477531659103
Rpl18,0.2082876875446535,0.6238787012780821,1.0,-0.0434447667395017,-0.009637487959622,0.0305392831583999,2.7255535608447023,2.7074621094375475,0.6858161174699494
Kdelr1,0.0027786850681888,0.009501095540355,0.088567502575371,-28.569905155071204,-26.57217975593698,0.0,0.099775325290795,0.0,0.01993396992760822
Emp3,3.175359212510915e-05,0.0010637453361911,0.0253985075811699,0.2405491670271477,0.4229302401614752,0.6302951103116867,0.796175212732021,1.0677813325192012,0.0057498897314234906
Ldha,0.1568627450980392,0.6238787012780821,1.0,-0.0719806981518166,0.0611230776724598,0.1918693551831662,1.1362964251987713,1.1840546465731614,0.6858161174699494
Spty2d1,0.0002345546750104,0.0013094543395349,0.0147089871357653,-0.8215836117491333,-0.5080789653458498,-0.3391720496734886,0.886490944912559,0.6263154684231311,0.006796514427074609
Cyfip1,0.0123997777248551,0.1152655394141462,0.6252425180598543,-0.2925872650022706,-0.169722914775481,-0.0590360274220721,0.8281760112421594,0.7395233821803725,0.16833744245375307
Nipa2,0.0027786850681888,0.009501095540355,0.0298677932975399,-28.780708001352323,-27.428288306132835,0.0,0.1806082179379767,0.0,0.01993396992760822
Klf13,0.0005851107704714,0.0057852199149455,0.0405991304587522,-0.5998495780959614,-0.4097021884829973,-0.2738117344492161,0.8103981287151647,0.6117335781884042,0.01591806744669492
Selenos,0.002419263668759,0.0187008311270478,0.0910462894294271,-29.2744833417832,-29.156871450096723,-28.98289556224757,0.5985396089038144,0.0,0.035813855837648144
Mef2a,0.000277215933798,0.0040114305565442,0.0802713616470359,-29.384006824036163,-1.2029792719637062,-0.2237940396677472,0.661786012058956,0.2741423933121698,0.012129306082369453
Arrdc4,0.0023050978559082,0.0174080378282394,0.0939799938364451,-28.985487781103597,-28.564783843937413,-26.76489468548103,0.39706126397811,0.0,0.03340807259684179
Chd2,0.0001720247930818,0.0006255118296727,0.0018447703965623,-29.556098735256697,-29.41300269588657,-29.31151637160747,0.7148189780595409,0.0,0.004351269632483577
Akap13,0.0073033261887751,0.0573787409700722,0.3053901722632373,0.0868738943664269,0.2124174883729916,0.3379753621152208,0.9479049630976356,1.100764838453259,0.09252511893408819
AU020206,0.0007335473709934,0.009501095540355,0.088567502575371,-28.67154837343979,-26.57217975593698,0.0,0.099775325290795,0.0,0.01993396992760822
Furin,0.0057606676070176,0.0411900249141776,0.3354105003875558,-28.936210526313957,-28.33649891151233,0.0,0.3389504042030192,0.0,0.06955099400942927
Crtc3,0.0043495700900777,0.037650276439806,0.1914819863595043,-28.987901789778338,-28.71770799654019,-26.940510544734632,0.4414601562782272,0.0,0.0652628605839901
Iqgap1,0.2082876875446535,0.7344923394458999,1.0,-0.0571275431420165,-0.0123306478254744,0.033676249377376,1.768474662578295,1.75129285395318,0.7577173936576279
Sec11a,0.0001720247930818,0.0027786850681888,0.0298677932975399,-28.84184351514737,-28.45961337266505,0.0,0.3691452538359168,0.0,0.009280909725010856
Rps17,0.0054933714376438,0.0690958164642375,0.3837421608319441,-0.0914998057525675,-0.0656552411883581,-0.0319278782867908,2.279923196508713,2.17688094859824,0.10826591482003595
Tm6sf1,0.2082876875446535,0.7344923394458999,1.0,-0.1397429923320672,0.0129035798176928,0.1735447565034185,0.8671418590105369,0.8731285440448925,0.7577173936576279
Ctsc,1.5876796062554575e-05,0.0001111375724378,0.0015241724220052,-0.2552682664538763,-0.2114739948625018,-0.1653553007726912,2.46072183906509,2.124661688506408,0.002385890623763593
Picalm,3.175359212510915e-05,0.0007144558228149,0.015860919266492,0.0951902198685305,0.1499814080522042,0.215100141744957,1.62881995825448,1.8025133607498365,0.004351269632483577
Pcf11,0.0007335473709934,0.009501095540355,0.0763031491547122,-28.71776475858924,-27.600922669016697,0.0,0.20357411766557,0.0,0.01993396992760822
Prcp,3.175359212510915e-05,0.0029848376597602,0.0690958164642375,-0.2782042893399972,-0.1746029164934039,-0.1027040791024874,0.9326151818202992,0.8280060863963585,0.009467531952051885
Ndufc2,1.5876796062554575e-05,0.0015241724220052,0.038707628800508,-0.3958957577790709,-0.2869251125650278,-0.1782714805114762,1.074018212568888,0.8809123208106451,0.007505830229119948
Acer3,0.0007335473709934,0.0027786850681888,0.0298677932975399,-28.849550535859905,-27.94865974572952,0.0,0.2591216552075821,0.0,0.009280909725010856
Uvrag,0.0007335473709934,0.009501095540355,0.1406636387532514,-28.76097055397153,-27.58529593358712,0.0,0.2013796416977218,0.0,0.01993396992760822
Rps3,0.1349368897356513,0.6238787012780821,1.0,-0.0214911253937773,0.0219818254379085,0.0657278818582639,2.561588620628801,2.6017959525995376,0.6858161174699494
Spcs2,0.1349368897356513,0.5208065412399778,1.0,-0.1966253027335126,-0.0972808121684807,0.0505433747983967,0.8820031418775003,0.8246684049263093,0.5988128073287851
Ucp2,0.0001111375724378,0.0007144558228149,0.0029848376597602,-0.288087330329052,-0.2553647290458517,-0.2165174738869304,1.964831324995925,1.6455843345868324,0.004351269632483577
P2ry6,0.0946475624588327,0.2596551285404619,0.5848945387849915,-1.2838332303304576,-0.3211962625163398,-0.1398053119228111,0.7700174660889694,0.6157388289157322,0.3422726694396998
Lamtor1,3.529139494825728e-05,0.0007335473709934,0.009501095540355,-29.169320860208984,-28.990868982642176,-27.97439097863317,0.5334837107441452,0.0,0.004351269632483577
Nup98,0.0123930050134845,0.1647559752760604,0.7920774787647853,0.0662874417741347,0.2371477766959919,0.4105452972357138,0.6312971715617819,0.7444827193764831,0.23083525063601407
Rhog,0.0007144558228149,0.038707628800508,0.2702706993728666,0.095978465562976,0.2042741677876498,0.3303263627567983,0.8030594584420062,0.925856502553996,0.06603066089498424
Timm10b,9.016783792651294e-05,0.0003188669522625,0.0024338068041074,-29.516203782023407,-29.396150924083926,-29.249092536419973,0.7065179263452315,0.0,0.003291355490302754
Taf10,0.0095578312296578,0.1349368897356513,0.6238787012780821,-0.2732206930688125,-0.1718250469442201,-0.0420839602480608,0.9057645961714637,0.8043979599208662,0.19411787208427947
Tpp1,0.0012430720417246,0.0136230507097753,0.0999747527220477,-29.379635967083548,-29.210076228522464,-29.06462653528744,0.621025054502874,0.0,0.027142108666040866
Eif3f,0.0004763038818766,0.0123997777248551,0.1152655394141462,-0.2618777675772725,-0.2002060154010847,-0.1214917932848438,1.3466632919493151,1.1704882402951,0.024922325526193913
Rpl27a,0.0015241724220052,0.0314201794077955,0.2082876875446535,-0.0637372846069025,-0.0382888330505558,-0.0202853664975563,3.341359422109109,3.25471866595521,0.05509085199428251
Dennd5a,0.0007335473709934,0.0027786850681888,0.0298677932975399,-28.85939267100742,-28.05533367554971,0.0,0.2789311215915122,0.0,0.009280909725010856
Eif4g2,0.0001111375724378,0.0015241724220052,0.0095578312296578,0.2197374593198106,0.2866455812893894,0.3570922155836746,1.207810033197895,1.4732394958527877,0.007505830229119948
Copb1,0.0003316841937808,0.0023050978559082,0.0333863238295691,-29.15201160805745,-29.01585455172944,-28.80824802925646,0.5428034123994886,0.0,0.009280909725010856
Psma1,0.0017137839925278,0.0133972710618509,0.0911196320396025,-29.207117828998754,-29.089402724579948,-28.954360280123684,0.5711928668846655,0.0,0.026750616644810484
1110004F10Rik,0.009501095540355,0.009501095540355,0.088567502575371,-27.775273138734764,-26.48266774584301,0.0,0.0937729010708497,0.0,0.01993396992760822
Rps13,0.2082876875446535,0.7344923394458999,1.0,-0.0167566552059915,0.0081390929934759,0.0390476258940096,3.043111730648717,3.0596113650525862,0.7577173936576279
Rps15a,0.1813447646264983,0.6784313725490196,1.0,-0.0234703572632561,-0.0001721252678648,0.0271601626169525,3.09621952740652,3.0955389603255448,0.7252744983306371
Arl6ip1,0.0573787409700722,0.4268635389378423,0.9699293482575216,-0.0341457076101798,0.0645688147582983,0.1968812849909941,0.8348555645438991,0.8720860181729133,0.5070739178409869
Smg1,0.0027786850681888,0.009501095540355,0.088567502575371,-28.61697675557653,-26.46077366223989,0.0,0.0923605639646957,0.0,0.01993396992760822
Itpripl2,0.0007335473709934,0.0133972710618509,0.163532702145277,-29.152522921660733,-28.98996209522465,-28.44793722077336,0.5331484648183993,0.0,0.026750616644810484
Gde1,0.0001529566816353,0.0003188669522625,0.0010701382541962,-29.9442830409912,-29.810777778464136,-1.017586240785989,0.9624605723613652,0.0,0.003291355490302754
Igsf6,0.000277215933798,0.0013094543395349,0.011838928302451,-1.752724630914503,-0.5783372666169551,-0.3587110011497083,0.9028924797197916,0.6105992612755688,0.006796514427074609
Ndufab1,0.0001217557504524,0.0004954208174452,0.0039116228596311,-29.420389472173277,-29.299161213098436,-29.17429000598058,0.6605814686044448,0.0,0.004330783892212346
Prkcb,0.0001720247930818,0.0027786850681888,0.0298677932975399,-28.99898367231092,-27.95292809700812,0.0,0.2598183510460025,0.0,0.009280909725010856
Rbbp6,0.007750865708345,0.1152655394141462,0.6784313725490196,-0.293788760471159,-0.123769085023853,0.0450199741470546,0.7837057359248458,0.717537544122401,0.16833744245375307
Arhgap17,6.034243330066384e-05,0.0007335473709934,0.0077414030526737,-29.26347816471314,-29.12371257934563,-28.730421181221494,0.5849396823075967,0.0,0.004351269632483577
Il4ra,0.0201317774073192,0.3053901722632373,0.9699293482575216,-0.0543048575958389,0.0916360340101845,0.2496409105656745,0.7632324873447649,0.8140381760748986,0.3890849684274299
Eif3c,0.0054584424863062,0.0690958164642375,0.4268635389378423,-0.3126852590935569,-0.207448314312267,-0.0859368076211651,0.9109790440671136,0.7897084895974833,0.10826591482003595
Bola2,0.0043194691495863,0.0401454534659647,0.2957986736283067,-29.19948259563908,-0.3636628811240247,-0.0556687254265409,0.6764677324341877,0.5310505395478271,0.06816518910996051
Coro1a,0.0073033261887751,0.038707628800508,0.2082876875446535,-0.2762268905764754,-0.214884034964885,-0.1499039826798739,1.4030006302087077,1.2054836041103425,0.06603066089498424
Gdpd3,0.343145193299992,0.7920774787647853,1.0,-0.0562539879552755,0.0249717485918458,0.1061478775984423,1.537124262573315,1.5638443985165664,0.7999588467126936
Aldoa,0.015860919266492,0.0824958323410335,0.343145193299992,-0.2654996917998284,-0.1853178486906372,-0.121335454356209,1.29627587259495,1.141039603437224,0.12539091987276887
Tmem219,0.0007335473709934,0.0027786850681888,0.0298677932975399,-28.812079718105235,-28.07045899363894,0.0,0.281870838624248,0.0,0.009280909725010856
Mvp,0.0007335473709934,0.009501095540355,0.088567502575371,-28.76043471401438,-26.9582522249244,0.0,0.1303894781100147,0.0,0.01993396992760822
Itgal,0.0004954208174452,0.0033956323212665,0.0266266857419356,-29.117213994643283,-28.91661469721821,-28.33904517614372,0.5067204084098988,0.0,0.010586723977737024
Fus,0.2702706993728666,0.7344923394458999,1.0,-0.0522130546277627,0.0406719833781484,0.1396724928951182,0.9355654052534634,0.9610246162904684,0.7577173936576279
Pycard,0.0001219709860793,0.0003895119682041,0.0031156560380675,-29.82591868962978,-29.67727448500211,-29.46662082350644,0.859340940309153,0.0,0.0036682389995303646
Itgam,0.0021358168527197,0.0210812718331533,0.1677378966418669,-29.49741863518091,-0.708858820782155,-0.2499200577190599,0.752047594100975,0.4595846662984343,0.03942219410355279
Itgax,0.0001217557504524,0.0020527232777102,0.016633341135281,-29.42919269324572,-29.235228788661136,-28.953717834656768,0.6319472012548497,0.0,0.009280909725010856
Rgs10,3.175359212510915e-05,0.0007144558228149,0.0054933714376438,-0.4535908563610224,-0.3927059757888071,-0.3216778834830994,1.56702021046747,1.1965808299186524,0.004351269632483577
Ptpre,8.600635107884218e-05,0.0004570259517539,0.0023050978559082,-29.51325981399402,-29.36048487541408,-29.225125364641578,0.6892656474947123,0.0,0.004203899479171731
Glrx3,0.0007335473709934,0.0027786850681888,0.009501095540355,-28.92186068403184,-28.483709719202185,-26.95604585203204,0.375362611636129,0.0,0.009280909725010856
Ifitm2,1.5876796062554575e-05,3.175359212510915e-05,0.0029848376597602,0.1529617385627109,0.2144363008294373,0.2872781951086487,1.80722730011685,2.0960289021529928,0.0013718591185205543
Ifitm3,0.0029848376597602,0.0314201794077955,0.1813447646264983,0.1274662704154317,0.2179079487002579,0.3546985215768325,1.1757624442145975,1.36860172574107,0.05509085199428251
Rnh1,0.0015241724220052,0.015860919266492,0.0978804477256489,0.1501887943473444,0.2828068935224955,0.440865731217973,0.8265317649256322,1.006083073156124,0.030959294337479574
Taldo1,0.2702706993728666,0.7344923394458999,1.0,-0.0760002894777016,0.0187318067940013,0.1243555477592776,1.10450293563358,1.1195227685508329,0.7577173936576279
Rplp2,0.0824958323410335,0.4726680955783123,0.9699293482575216,-0.0365095117275052,-0.0123155964479837,0.0071087738184907,2.9671928145548048,2.9415823138084902,0.5528582654427506
Ctsd,0.0001905215527506,0.004096213384139,0.015860919266492,-0.4915129664126778,-0.4191750754053546,-0.3341694101396045,1.35862785806819,1.0173622905136437,0.012129306082369453
Mrpl23,3.529139494825728e-05,8.600635107884218e-05,0.0004954208174452,-29.50996867700979,-29.409516031699653,-29.306816574930725,0.713093509944658,0.0,0.002385890623763593
Cd81,0.0978804477256489,0.343145193299992,0.7344923394458999,-0.3681147359408986,-0.2124100036683441,-0.0673574392099775,1.3942995061125525,1.20548643347862,0.427061490571584
Pet100,0.0007335473709934,0.0007335473709934,0.0027786850681888,-29.040357002515304,-28.88561917191328,-28.27834479854826,0.4959499099123462,0.0,0.004351269632483577
Elavl1,0.0007335473709934,0.009501095540355,0.088567502575371,-28.65522871502689,-27.095567680714986,0.0,0.143409730085474,0.0,0.01993396992760822
Arglu1,0.0017191380645145,0.0174080378282394,0.1513756600246135,-29.11461267851258,-28.63805077778415,0.0,0.4177460039766673,0.0,0.03340807259684179
Irs2,0.0001720247930818,0.0027786850681888,0.009501095540355,-29.064150256315347,-28.73821762980811,-27.52710785690403,0.447780861462715,0.0,0.009280909725010856
Rab20,0.2379772961816305,0.7344923394458999,1.0,-0.0981426810904789,-0.0051033136983807,0.0772992420550901,1.088695127942,1.084027954800591,0.7577173936576279
Lamp1,6.35071842502183e-05,0.0010637453361911,0.015860919266492,-0.1497433457419097,-0.1151928938550853,-0.0826562074640917,2.3633757982767447,2.1818438790270958,0.0057498897314234906
Cln8,0.0001720247930818,0.0023050978559082,0.0407178355783717,-29.19827724724873,-29.06406977302252,-28.55856854281168,0.5612505724559929,0.0,0.009280909725010856
Vdac3,0.0007335473709934,0.009501095540355,0.0298677932975399,-28.79124137095127,-27.7401597447814,0.0,0.2241920281087375,0.0,0.01993396992760822
Ikbkb,0.0011274101871841,0.0075721656792071,0.0516126376600038,-29.311752582972435,-29.08753848894148,-28.851814044412027,0.5704552540278724,0.0,0.019696201575475955
Tm2d2,0.0007335473709934,0.0027786850681888,0.0292698962791851,-28.98512954930589,-28.809213546216,-26.349730637477315,0.470367631494641,0.0,0.009280909725010856
Tacc1,3.529139494825728e-05,0.0008348240199268,0.0298677932975399,-29.125621663641684,-28.755425476732043,-26.77201011549146,0.4531548576345959,0.0,0.004857399631867081
Zfp703,0.2379772961816305,0.7344923394458999,1.0,-0.1524702139653186,0.0076117410562236,0.2185752388765987,0.8074900176414497,0.8154486670227651,0.7577173936576279
Plpbp,8.600635107884218e-05,0.0007335473709934,0.0102224535836243,-29.178219022384773,-29.034455608513515,-28.83748673531729,0.5498472347069925,0.0,0.004351269632483577
Rab11fip1,0.056833321083365,0.3140483223727142,0.7826235030086005,0.1399496799425144,1.2769928531496857,29.25788977561332,0.256551306883328,0.6368435127953533,0.3987257018588942
Leprotl1,0.0007335473709934,0.009501095540355,0.0298677932975399,-28.89319027795731,-27.774012059796792,0.0,0.2295148170589197,0.0,0.01993396992760822
Saraf,0.0013981399053915,0.0168210442963698,0.1514895408061519,-29.10220789136768,-29.00801441139139,-2.101198618189071,0.5407895462528443,0.0,0.03262425470219493
Msr1,0.0012455000145158,0.007578779259748,0.0444162068920732,-29.60955006347784,-29.44326197025753,-1.2414914752030113,0.7430422101293617,0.0,0.019696201575475955
Asah1,1.5876796062554575e-05,0.0015241724220052,0.0201317774073192,-0.2518843465788385,-0.1954015115237262,-0.1330376205786837,1.3203174714464,1.1521705411635688,0.007505830229119948
Slc25a4,3.529139494825728e-05,0.0001720247930818,0.0027786850681888,-29.22957156711242,-29.03757724807972,-28.73507703429266,0.5510382750815788,0.0,0.002385890623763593
Hmgb2,0.0045475302289993,0.0224902655857913,0.1310062727677834,-0.4983500668093328,-0.3523901280053064,-0.1877299908007054,0.9741359496865566,0.7639738879660926,0.041715446929178376
Atp6v1b2,0.0943429700559059,0.3731444996234598,0.969182212422568,-0.2296986707059932,-0.0303643894666491,0.1280777778240494,0.7052253543296454,0.6917865370021472,0.4615673668328104
Ndufa13,6.35071842502183e-05,0.0029848376597602,0.0690958164642375,-0.2962085433454978,-0.2122501401339673,-0.1357184774300912,1.2501296642933963,1.07923119317685,0.009467531952051885
Cope,0.0007335473709934,0.009501095540355,0.088567502575371,-28.468742226448164,-26.69026135056855,0.0,0.1082852378045482,0.0,0.01993396992760822
Rex1bd,0.0001720247930818,0.0007335473709934,0.0027786850681888,-29.16195275411015,-29.0106011546685,-28.47318002291384,0.5408304544765885,0.0,0.004351269632483577
Uba52,0.0040114305565442,0.0153587763822579,0.0721969773686782,-29.613640150937822,-1.4899761638950864,-0.3175893301580217,0.7639569126930681,0.268842577597703,0.03050052657650563
Fkbp8,0.0007335473709934,0.0027786850681888,0.009501095540355,-29.09746339307204,-28.56010718583139,-27.705166515495197,0.3957756190858961,0.0,0.009280909725010856
Lrrc25,9.006380075532118e-05,0.0019929015570309,0.0225374493669608,-29.312800396418982,-29.148503755798917,-28.8772378402496,0.5950780873797877,0.0,0.009280909725010856
Jund,0.4268635389378423,0.8506311026434865,1.0,-0.0350855780362352,0.0651590675651586,0.1500005180775423,1.725582737097725,1.81159308813362,0.8510969466208379
Ifi30,0.0001111375724378,0.004096213384139,0.0573787409700722,-0.1970920999300759,-0.1436702846920174,-0.0750869826795173,2.240280123990531,2.02693901672576,0.012129306082369453
Rpl18a,0.1568627450980392,0.6238787012780821,1.0,-0.0402453126682495,-0.0048898949604118,0.0240939065810155,2.909991608363355,2.900338973756165,0.6858161174699494
Myo9b,0.0027786850681888,0.009501095540355,0.088567502575371,-28.43758075599441,-26.653985134410185,0.0,0.1055963788159765,0.0,0.01993396992760822
Use1,0.0006834348667358,0.0102224535836243,0.1166849334325789,-28.99198147705349,-28.43166105532299,-26.48266774584301,0.362061933611533,0.0,0.02110330248280406
Bst2,0.3747677914932922,0.7283560871056942,1.0,-0.1990329416557835,-0.0654364599880647,0.0817940247768748,0.8954095292198366,0.8554661343183236,0.7577173936576279
Pgls,0.0001529566816353,0.0005255587240814,0.0027978174746771,-29.57361876006125,-29.469690711384075,-29.362804203752045,0.7434655800006498,0.0,0.004351269632483577
Tpm4,0.0573787409700722,0.4268635389378423,1.0,-0.1715175998794393,-0.0796578657063031,0.0441701690060591,1.1741620547316187,1.111316315725919,0.5070739178409869
Fam32a,0.0007335473709934,0.0027786850681888,0.0298677932975399,-29.00248407297684,-28.36297129600734,0.0,0.3452272946829242,0.0,0.009280909725010856
Sin3b,0.0010697142331887,0.0065360274816589,0.0534444192530722,-29.40517308182697,-2.337120004569261,-0.3477082391713187,0.6733272197451029,0.1325254318555647,0.017664677823950904
Smarca5,0.2694633642930857,0.7344923394458999,1.0,-0.1101892747242921,0.0485417655496265,0.169490596915918,0.8622858068679125,0.8927470307734391,0.7577173936576279
Tbc1d9,0.1060951416416458,0.2644485340756903,0.549957305307333,-29.34221131686041,-29.18705543276257,-1.1525376420353048,0.6205783343548472,0.0,0.34808895659674793
Ndufb7,0.0010637453361911,0.0314201794077955,0.343145193299992,-0.222650607087685,-0.1450360667493882,-0.0580881619902845,0.9676179492821424,0.8751901198398936,0.05509085199428251
Tecr,0.0007335473709934,0.009501095540355,0.0298677932975399,-28.82850342921281,-27.6842975635728,0.0,0.2156830635051088,0.0,0.01993396992760822
Adgre5,0.0473446058585377,0.4726680955783123,0.9699293482575216,-0.0289523172621743,0.0973045546758636,0.2661538489291261,0.8159111176344176,0.8725783888224827,0.5528582654427506
D8Ertd738e,0.2702706993728666,0.7344923394458999,1.0,-0.0427490811237897,0.0404257851029705,0.1155427200011538,1.1689635656253925,1.2026741206857623,0.7577173936576279
Calr,0.0003016591251885,0.0095578312296578,0.1568627450980392,-0.1274419089048813,-0.0849770513808845,-0.0407379209115046,1.8832807848319164,1.7742987409989512,0.01993396992760822
Prdx2,0.2212100421565603,0.6083787677123833,1.0,-0.0927873189278041,0.2447344061155373,0.7191631292750267,0.548451598738127,0.6459064759715663,0.6802374593699659
Junb,6.35071842502183e-05,0.0015241724220052,0.0252441057394617,0.0594194338601379,0.0888406338866465,0.1193838780596108,2.87024752403714,3.0519769614724224,0.007505830229119948
Trir,0.038707628800508,0.3837421608319441,1.0,-0.0651517178736259,0.0758774134867399,0.2111986884929173,0.6632838424210493,0.7001294209863682,0.4650619012638484
Man2b1,1.5876796062554575e-05,6.35071842502183e-05,0.0013600451325973,-0.657380124143033,-0.5600759495705747,-0.4533398088628994,1.253783245167345,0.8493575352388092,0.0018714133165346587
Dnaja2,0.0177228662486632,0.0927576203686832,0.4619060063130333,-29.268172704635763,-0.3117857081669399,-0.0379032949705226,0.6558788679118117,0.5374941041118337,0.14028822219667564
N4bp1,0.1123793122104393,0.511323918706056,1.0,-0.4095070050209407,-0.0300586902450967,0.1789796218088247,0.6400115152829813,0.6289252964941581,0.596544571823732
Adcy7,0.0007335473709934,0.009501095540355,0.088567502575371,-28.78709549530405,-26.77201011549146,0.0,0.1145982762575445,0.0,0.01993396992760822
Snx20,0.0183750306146571,0.0586340835608684,0.1768036740169494,0.205166640008626,0.3501900748072836,0.51093820419604,0.756262969899527,0.9631935400926108,0.09429971009305155
Lpcat2,0.0009535613008391,0.0057852199149455,0.0223451479201085,-1.0302575806373353,-0.5433746080784424,-0.3798135816308313,1.0228819922059609,0.7097855240928007,0.01591806744669492
Mt1,0.0073033261887751,0.0690958164642375,0.3053901722632373,-0.2423218314174854,-0.1521833899829905,-0.0753205056146934,2.42065537501216,2.1796040091908075,0.10826591482003595
Herpud1,0.000438284562591,0.0057852199149455,0.0568569910481066,-1.0134966937371324,-0.5193395931979096,-0.3317266463180821,0.8949105352803143,0.6241994732690925,0.01591806744669492
Atp6v0d1,0.1568627450980392,0.6784313725490196,1.0,-0.122789582214484,-0.0070010695783453,0.1190676481272903,0.8291641720788996,0.8240507395593835,0.7252744983306371
Psmb10,0.0018472674374462,0.0088116873156729,0.0382688146348018,-29.57212140308163,-1.5969055357078614,-0.3517538015441973,0.7253324758215944,0.2437707962765477,0.01993396992760822
Nfat5,0.0013981399053915,0.0108361377218406,0.0695869155788162,-29.342739087918357,-29.223647506858168,-29.060883662329548,0.626894531711219,0.0,0.022269542877168477
Zfhx3,3.529139494825728e-05,0.0001720247930818,0.0007335473709934,-29.43096370562501,-29.23748048362456,-29.08506234063825,0.6329342930713115,0.0,0.002385890623763593
Ist1,0.0408207475204077,0.2702706993728666,0.9077328576334536,0.0115805265128451,0.2142231670898133,0.5264766836244746,0.5656393019307853,0.659906505307421,0.35194908606858677
Glg1,0.0027786850681888,0.009501095540355,0.088567502575371,-28.57708558245464,-26.740108234650663,0.0,0.1120920113382922,0.0,0.01993396992760822
Gabarapl2,0.0006238547844523,0.0046673221553265,0.0385392543410508,-29.245981113274848,-29.116082824248465,-28.8701135535405,0.5818543555933268,0.0,0.013513783799970706
Cmip,0.0130722697176655,0.0775142426650912,0.3902382214906656,-29.125457229794748,-28.653529600812504,-27.03403726772418,0.422252170317242,0.0,0.1201174905420879
Hsbp1,0.0012544758805298,0.0110508192098248,0.0678321608017135,-29.37868999017989,-29.20036505618986,-0.404842812468473,0.6576963608251579,0.0,0.02268522100713473
Cotl1,1.5876796062554575e-05,1.5876796062554575e-05,0.0029848376597602,-0.3074282505121731,-0.235948612337326,-0.1711658453614792,1.4573360352319051,1.2380809379255138,0.0013718591185205543
Cox4i1,0.004096213384139,0.038707628800508,0.2702706993728666,-0.1116914822557318,-0.0856794283122369,-0.0590566514068078,2.259135928145,2.1275684022081247,0.06603066089498424
Irf8,0.1349368897356513,0.4726680955783123,0.9699293482575216,-0.2191706902069345,-0.1072251044834769,0.0141784647612622,1.229678183646075,1.139947613310825,0.5528582654427506
Map1lc3b,0.0314201794077955,0.3837421608319441,0.9699293482575216,-0.1486077618077217,-0.0639041100542609,0.0280345753228713,1.2414576738313787,1.1859359102406075,0.4650619012638484
Cyba,3.175359212510915e-05,0.0004763038818766,0.0073033261887751,-0.1617112189254172,-0.124739618529272,-0.0982201996535297,2.617754778657635,2.4021072402632377,0.004203899479171731
Aprt,0.0200250059537985,0.2082876875446535,0.7344923394458999,0.0041607059621566,0.104655535784538,0.2603370787848095,1.0043728677197832,1.0795075975258912,0.2800158978249315
Trappc2l,0.0001720247930818,0.0027786850681888,0.0379093688511672,-29.02083964546015,-28.80532063091195,-26.876646986498315,0.4691001221167445,0.0,0.009280909725010856
Ankrd11,0.0001905215527506,0.0073033261887751,0.1152655394141462,-0.2486174908612571,-0.1798010413947708,-0.1043817757782091,1.3169578001115765,1.1628132225038774,0.019212128766193125
Rpl13,0.2702706993728666,0.7344923394458999,1.0,-0.0180603330134502,0.0121211495100348,0.0402481687820453,3.459043106599394,3.48898221778964,0.7577173936576279
Tcf25,0.0095578312296578,0.2379772961816305,0.910105580693816,-0.1544190872200936,-0.0542150858715224,0.0375810575065399,0.9541637219740616,0.9207057557626296,0.3155185196834825
Irf2bp2,0.343145193299992,0.7344923394458999,1.0,-0.1401537757239447,-0.0358578282451737,0.0650969407507653,1.1289709564791963,1.1005588551601524,0.7577173936576279
Tomm20,0.2076141144716996,0.7344923394458999,1.0,-0.0867174331865224,-0.0086435975691905,0.085364711068691,1.5358359390277436,1.5265163539351323,0.7577173936576279
Itgb1,0.0007085020242914,0.0473446058585377,0.343145193299992,-0.2514774890551879,-0.1730817833298924,-0.076283566713482,1.198665541325955,1.0610752653514677,0.0782084944878376
Dcun1d5,6.034243330066384e-05,0.0012730863420067,0.0166527085526049,-29.061830643357546,-28.968354254132915,-28.45398671852732,0.5252227807378865,0.0,0.006664552283227051
Tmem123,0.1813447646264983,0.7344923394458999,1.0,-0.0658614969553129,0.0320034695516108,0.1406295701632456,0.983363190920191,1.0068233311785837,0.7577173936576279
Birc3,0.1059326750212593,0.5543742897628018,1.0,-29.163790501796925,-0.9142381484182552,0.3320087304549648,0.5591123064435057,0.2796781825853925,0.6354089255938763
Cwc15,0.0067341442234306,0.0407178355783717,0.1819959085278635,-29.271906595775427,-29.11335461874999,-28.88032073630864,0.5817308898809788,0.0,0.06894484300434207
Taf1d,0.0007335473709934,0.009501095540355,0.0298677932975399,-28.808238931942213,-27.39181215770135,0.0,0.1760990822384455,0.0,0.01993396992760822
Ubl5,0.1568627450980392,0.6238787012780821,1.0,-0.0515975069481549,0.0257964151692574,0.0881955158785258,1.4067588903351824,1.43303870835792,0.6858161174699494
Cdc37,0.0007335473709934,0.009501095540355,0.037650276439806,-28.78715554345055,-27.77088191654361,0.0,0.2290173900570165,0.0,0.01993396992760822
Ldlr,0.0057606676070176,0.060676213535144,0.3528829357695261,-28.85994665172888,-27.87457345504029,0.0,0.2460836300333365,0.0,0.09673249749450967
Acp5,0.0002345546750104,0.0002423343526326,0.0002423343526326,-1.2355537213794854,-1.0590710968630774,-0.8918219156565634,1.7515169924588911,0.8374014172954435,0.0027704731297672172
Sept7,0.0573787409700722,0.5208065412399778,1.0,-0.0633297261695163,0.0921638126932412,0.2563705390894824,0.6568902301628283,0.7018920465012276,0.5988128073287851
Aplp2,0.0100012950659087,0.0834045094198544,0.3528412522433088,-29.198109809922343,-29.009778426073623,-28.49415648604684,0.5406430394088854,0.0,0.1266666988446168
Hspa8,0.1349368897356513,0.6784313725490196,1.0,-0.0274752576494151,0.0107486396184243,0.0564155230749871,2.245603687316628,2.2606520637457104,0.7252744983306371
Sorl1,0.0001720247930818,0.0027786850681888,0.0174080378282394,-29.080571746063896,-28.794848539437893,-27.632428300935253,0.4657073905603095,0.0,0.009280909725010856
Cbl,0.0005684668718268,0.0061455131856455,0.0583563610291526,-0.630236907153227,-0.4517422343448266,-0.2971322425800073,0.8687674154047738,0.6345516280221963,0.0167579889405587
Rps25,0.1349368897356513,0.3837421608319441,0.7920774787647853,-0.072182273093988,-0.0424781198816709,-0.0072053957111427,2.6557785951940884,2.579428075096198,0.4650619012638484
Ddx6,1.5876796062554575e-05,0.0004763038818766,0.0054933714376438,0.3033401209226052,0.3795301901604613,0.4803540171639958,0.9205352816085434,1.1975389726542314,0.004203899479171731
Arcn1,0.022438890030895,0.0759886785541828,0.8822739356449067,-28.252734417161527,-25.8921819270462,0.0,0.062276386637268,0.0,0.11805383989667685
Atp5l,0.0003016591251885,0.004096213384139,0.0473446058585377,-0.1367832799283855,-0.0972233386648971,-0.0539501322260921,2.076005667368969,1.940976636627744,0.012129306082369453
Cadm1,3.529139494825728e-05,3.529139494825728e-05,0.0007335473709934,-29.26591635971694,-29.13816529825801,-28.94790634660256,0.5908289575091821,0.0,0.0013718591185205543
Rbm7,6.034243330066384e-05,0.0001690707571864,0.0005866867131432,-29.64945114415268,-29.52986005676072,-29.395283148683056,0.7751458353008276,0.0,0.002385890623763593
Sdhd,0.0001720247930818,0.0027786850681888,0.0298677932975399,-28.91291344961917,-28.248764708017333,0.0,0.3189521369326072,0.0,0.009280909725010856
Timm8b,0.0017191380645145,0.0102224535836243,0.0516126376600038,-29.106579232512743,-28.96783449577078,-28.342482601640757,0.5250335972609661,0.0,0.02110330248280406
Psma4,0.0013080856318201,0.0100244642435443,0.0814252386094282,-29.579348789782216,-0.93030862268089,-0.2850622516835386,0.7732657989973504,0.4024409355646711,0.020883347973723414
Cox5a,0.004096213384139,0.0314201794077955,0.1152655394141462,-0.2279735414385973,-0.1820709152831998,-0.1323395901500742,1.746319407814643,1.5380328530258964,0.05509085199428251
Scamp2,3.529139494825728e-05,0.0001720247930818,0.0007335473709934,-29.25077372289114,-29.092316133665268,-28.94484546476877,0.572347511389114,0.0,0.002385890623763593
Nptn,0.2216027354857294,0.7264717268578031,1.0,-29.003335871538194,-0.0417170745483809,0.2182834823196962,0.560527243829638,0.5464352533384538,0.7577173936576279
Arih1,0.2614224241039966,0.7283560871056942,1.0,-0.106368242556217,0.0480090352944248,0.1742758511687068,0.6491327490972261,0.6738106194509422,0.7577173936576279
Hexa,0.0001905215527506,0.0029848376597602,0.038707628800508,-0.2776294361321153,-0.1950278097809919,-0.1223202622208864,1.2746053788819862,1.1148280027049449,0.009467531952051885
Pkm,0.0978804477256489,0.343145193299992,0.8506311026434865,0.0022012309498212,0.1096206113222138,0.2210867416186057,1.1611070664164562,1.252881910264575,0.427061490571584
Rplp1,0.0004763038818766,0.0054933714376438,0.015860919266492,-0.0619922092091341,-0.0512042210045095,-0.0417439671753175,3.741617856020605,3.6102318306150583,0.015369662506240769
Fem1b,0.0001720247930818,0.0043495700900777,0.1223341709161366,-28.92930520630731,-28.37819692678597,0.0,0.3488900726059782,0.0,0.012653924449955348
Rpl4,1.5876796062554575e-05,0.0003016591251885,0.0201317774073192,-0.18547560962642,-0.1490585937127489,-0.096207918750637,2.047930192163065,1.8467021336670748,0.0031674208144792503
Rab11a,0.0017191380645145,0.0075721656792071,0.0286888103198488,-29.02593872860704,-28.877827403013796,-28.23265555067829,0.4932785827070686,0.0,0.019696201575475955
Dennd4a,0.1568627450980392,0.6238787012780821,1.0,-0.0512281660606288,0.0627796415282622,0.1885027190187293,0.9357646638127892,0.9773583826658974,0.6858161174699494
Spg21,0.0001720247930818,0.0007335473709934,0.009501095540355,-29.06229190040791,-28.86058716498813,-27.61366218849578,0.4874189860993492,0.0,0.004351269632483577
Plekho2,0.0007144558228149,0.0252441057394617,0.1813447646264983,-0.3711584520663266,-0.2232889717349533,-0.0938008571317092,0.9877434756365204,0.8479392500129492,0.04570959483250399
Ppib,1.5876796062554575e-05,0.0003016591251885,0.015860919266492,-0.314339518662766,-0.2388769372828168,-0.1656267493108152,1.454393693191465,1.2315123024887638,0.0031674208144792503
Ciao2a,0.0007335473709934,0.009501095540355,0.088567502575371,-28.71523442696304,-26.80634812932687,0.0,0.1173585830780135,0.0,0.01993396992760822
Rab8b,0.0007144558228149,0.0123997777248551,0.038707628800508,0.2843328696266934,0.3655629758680327,0.4672048666060573,1.148279885468975,1.4809536675369774,0.024922325526193913
Rps27l,0.3837421608319441,0.7920774787647853,1.0,-0.0606496124566207,-0.0010782632988289,0.0646316044587814,1.5023923436137512,1.4995248999525002,0.7999588467126936
Bnip2,0.0019929015570309,0.016633341135281,0.0815766989182437,-29.14310174237174,-28.95118150765028,-28.197934955750352,0.5190080876331704,0.0,0.03232884495123233
Sltm,0.0007335473709934,0.0027786850681888,0.0298677932975399,-28.90142945852874,-27.990319153822124,0.0,0.2666508796363105,0.0,0.009280909725010856
Adam10,0.0007335473709934,0.009501095540355,0.088567502575371,-28.742108410839176,-26.81298581616668,0.0,0.1178997815173967,0.0,0.01993396992760822
Arpp19,0.0016408810607041,0.0088116873156729,0.056833321083365,-29.50032477370241,-1.5071591903823238,-0.3041939557810795,0.7079389637056372,0.2551618009755151,0.01993396992760822
Myo5a,3.529139494825728e-05,0.0007335473709934,0.009501095540355,-29.10394180100088,-28.732509888825582,-26.81298581616668,0.4460128059679652,0.0,0.004351269632483577
Mapk6,0.0946475624588327,0.3481170935585413,0.9066374035742084,-1.1788630995499625,-0.141464186047772,0.0466492642431427,0.6770907490936879,0.6168008127575764,0.43265981627990135
Tmod3,0.0027786850681888,0.0298677932975399,0.1513756600246135,-28.5020847672304,-26.837175449770204,0.0,0.1198932700654715,0.0,0.05339379486751996
Eef1a1,6.35071842502183e-05,0.0029848376597602,0.0473446058585377,-0.0749382750187052,-0.0600106187226071,-0.0464822679281915,3.820763341432439,3.66521040952374,0.009467531952051885
Cox7a2,0.0029848376597602,0.0314201794077955,0.2082876875446535,-0.2399300819116579,-0.1477019488368774,-0.0734459246275339,1.31830129589523,1.1917767329731712,0.05509085199428251
Tmem30a,0.0027786850681888,0.0174080378282394,0.1853939469443623,-28.78522187942316,-27.61452947614993,0.0,0.2054952020658425,0.0,0.03340807259684179
Syncrip,0.0586340835608684,0.2974397791804603,0.9078340000264986,0.0650827206981347,0.2162844835162894,0.3747090970351416,0.616758572124103,0.7163365466743057,0.3845877399594486
Bcl2a1d,0.3053901722632373,0.7344923394458999,1.0,-0.1643659057712942,-0.0539720843111999,0.0869119635132616,0.9192270773842456,0.8847205828949909,0.7577173936576279
Bcl2a1a,0.343145193299992,0.7344923394458999,1.0,-0.134357594831186,-0.0105069924482633,0.1080576504126105,1.1594783773575512,1.15042024161925,0.7577173936576279
Bcl2a1b,0.0978804477256489,0.5713582599031516,1.0,-0.0392217791914936,0.0424073795818022,0.1415447268655519,1.8474975440225772,1.903544185135624,0.6427780423910455
Tmed3,0.0001720247930818,0.0007335473709934,0.009501095540355,-29.06636218371565,-28.812449859828856,-27.632428300935253,0.4714239996724518,0.0,0.004351269632483577
Ctsh,3.175359212510915e-05,0.0007144558228149,0.0054933714376438,-0.2758338820357051,-0.2405946046122739,-0.1931600254576308,1.9891339106635373,1.6824514340913412,0.004351269632483577
Morf4l1,0.1568627450980392,0.6511550369135508,1.0,-0.0293008882439582,0.0175618373744028,0.0755578496476126,1.4602264098106272,1.4764346319957498,0.7153699653884891
U2surp,0.0001720247930818,0.0006834348667358,0.0102224535836243,-29.165320726547318,-29.013918695868625,-28.596906955516737,0.5420755491324403,0.0,0.004351269632483577
Atp1b3,0.0003016591251885,0.0095578312296578,0.0824958323410335,0.1212477433769333,0.1965381375689882,0.2925539981502195,1.07141501590423,1.225562900397,0.01993396992760822
Rnf7,0.0001720247930818,0.0007335473709934,0.0057606676070176,-29.038825259615745,-28.935502032363075,-28.282685797764188,0.5133978603614092,0.0,0.004351269632483577
Anapc13,0.0007335473709934,0.009501095540355,0.0298677932975399,-28.814450087410584,-27.695287241877757,0.0,0.217326255049981,0.0,0.01993396992760822
Trf,0.0978804477256489,0.4268635389378423,0.9699293482575216,-0.0499939544720828,0.0508983245967245,0.1534937706127702,1.445976910961626,1.4939208780373474,0.5070739178409869
Cdv3,0.0010637453361911,0.0252441057394617,0.2379772961816305,0.094368346836015,0.2088442247685607,0.3229479457420131,0.735894355642297,0.8530478185753598,0.04570959483250399
Rpl29,0.0003348594455668,0.0014100895501992,0.0092866598333984,-29.649028679664653,-1.6645704992890316,-0.4330214090141861,0.7928563023244894,0.2546749972702488,0.007216340639254729
Manf,0.0095578312296578,0.0573787409700722,0.2702706993728666,0.1422409679582857,0.2276157928176416,0.3408070215314308,0.9867590910405232,1.1545179944455524,0.09252511893408819
Gnai2,1.5876796062554575e-05,6.35071842502183e-05,0.0095578312296578,-0.1779956817234573,-0.1400571209499164,-0.1083066899527469,2.058319535164334,1.8679204665748137,0.0018714133165346587
Rhoa,0.0004763038818766,0.0252441057394617,0.2082876875446535,0.0415135055680046,0.0885905183413473,0.1437959418988161,1.50353830463836,1.598850713836414,0.04570959483250399
Gpx1,0.0001111375724378,0.0007144558228149,0.0055386203064221,-0.26590303945276,-0.2192491548397218,-0.1642050147367022,1.97305185698459,1.693420590178644,0.004351269632483577
Arih2,8.600635107884218e-05,0.0007466834326284,0.0065219701287305,-29.368411398253155,-29.23711499390893,-29.082240017131355,0.6328413050650904,0.0,0.00441485641233685
Uqcrc1,0.0027786850681888,0.009501095540355,0.0298677932975399,-28.47138470965356,-25.8921819270462,0.0,0.062276386637268,0.0,0.01993396992760822
Shisa5,0.0978804477256489,0.6238787012780821,1.0,-0.1521985205983615,-0.0074736391990218,0.1586593958191085,0.663609701242095,0.6606750207158325,0.6858161174699494
Tma7,0.0123997777248551,0.0978804477256489,0.4726680955783123,-0.1900034097480664,-0.1220922521676903,-0.0422036567882309,1.311534767028165,1.2045439564376117,0.14538827479248825
Ccdc12,0.0001217557504524,0.0017888776467873,0.0102224535836243,-29.18647019883401,-29.074983674668676,-28.53792861726141,0.5655124997433252,0.0,0.008445166565065627
Ccrl2,0.0002423343526326,0.0004386095771341,0.0013094543395349,-1.110244106916317,-0.9415477382983608,-0.8033713849703366,1.4492889940534863,0.7551812589507623,0.0040677142001218315
Pdcd6ip,0.2299505807347836,0.7280611426419807,1.0,-0.1537433159445148,0.0058434421089833,0.1701732870974684,0.6145032492486275,0.6166093987149276,0.7577173936576279
Dync1li1,0.009501095540355,0.009501095540355,0.088567502575371,-27.69400980544847,-25.8921819270462,0.0,0.062276386637268,0.0,0.01993396992760822
Cmtm7,0.0001720247930818,0.0027786850681888,0.009501095540355,-29.095350254625902,-28.58945934394653,-26.836570708930115,0.4039102006153438,0.0,0.009280909725010856
Rps27rt,0.0007335473709934,0.0027786850681888,0.0292545655864068,-28.98984366265074,-28.69890392894613,-26.951266012703066,0.435743506872446,0.0,0.009280909725010856
Tgfbr2,6.034243330066384e-05,9.016783792651294e-05,0.0001762973367313,-29.825945623793288,-29.737832411555477,-29.61283594825432,0.8953226583043308,0.0,0.002385890623763593
Itga9,0.0007335473709934,0.0027786850681888,0.0298677932975399,-28.994291379005634,-27.967441715316863,0.0,0.262445334460887,0.0,0.009280909725010856
Cx3cr1,3.529139494825728e-05,3.529139494825728e-05,0.0001720247930818,-29.887677149647093,-29.6590945274111,-29.39698057546309,0.8477681500863175,0.0,0.0013718591185205543
Csrnp1,0.1152655394141462,0.4177118661563722,0.9699293482575216,-0.3185344989673184,-0.1584200275016446,0.0657419169741336,0.8467172428875636,0.7542207418417243,0.5040684144436539
Rpsa,0.4268635389378423,0.8506311026434865,1.0,-0.0618144876881733,-0.015520058030681,0.0225493202004639,2.7981007306878025,2.764724037713381,0.8510969466208379
Rpl14,0.0021433674684448,0.0314201794077955,0.1354850361197105,-0.1246262925701473,-0.0903165899276349,-0.038945756116015,2.288267743881079,2.1492535575490326,0.05509085199428251
Ctnnb1,0.1480467339740305,0.6083787677123833,1.0,-1.9382380560289545,-0.1014784222911904,0.1607616634749619,0.5856874993563443,0.5482986079209949,0.6802374593699659
Nktr,0.0015241724220052,0.038707628800508,0.3053901722632373,-0.268803729173505,-0.1603086556270127,-0.0455385010835684,0.9729781436981128,0.8744504548172845,0.06603066089498424
Higd1a,0.0007335473709934,0.0057606676070176,0.1223341709161366,-28.89964823650122,-28.35591798017022,0.0,0.3435436023999585,0.0,0.01591806744669492
Lars2,0.395707125195179,0.8397467778155911,1.0,-28.920752550329222,-0.6325490998538383,3.153130776414759,0.358287762144546,0.2451700108484975,0.8462313089184142
Ccr1,0.0201317774073192,0.1152655394141462,0.3441601174882899,0.1201892828812659,0.288469246255121,0.4643385042754301,1.2402271034527277,1.5174884530317538,0.16833744245375307
Ccr5,0.0001905215527506,0.0054933714376438,0.0824958323410335,-0.4374978144588712,-0.3148286224215262,-0.1919102297742846,1.0889217007871477,0.8761621495371759,0.015369662506240769
Tab2,0.015050925640298,0.1677378966418669,0.7607078002704829,-29.11067332124911,-28.976330124463395,-0.7218207057569885,0.5398495043903456,0.0,0.2346532443833773
Sash1,0.0001720247930818,0.0007335473709934,0.0027786850681888,-29.18001882788825,-29.03732497713153,-28.492982714993524,0.5509419111153133,0.0,0.004351269632483577
Sf3b5,0.0004570259517539,0.0057606676070176,0.060676213535144,-29.0515892493915,-28.873019529047195,-27.768038400559263,0.4916374333834772,0.0,0.01591806744669492
Aig1,0.0001720247930818,0.0027786850681888,0.009501095540355,-29.009995935166128,-28.78045981616616,-27.045115998921403,0.461085741832022,0.0,0.009280909725010856
Abracl,0.1813447646264983,0.5208065412399778,0.9699293482575216,-0.1199046956911974,-0.0386988926446772,0.0395513968090594,1.2285766058157137,1.1980929597494598,0.5988128073287851
Tnfaip3,1.5876796062554575e-05,0.0007144558228149,0.0314201794077955,-0.4468761224533697,-0.3389639923109828,-0.2076967719997665,1.3323790381234786,1.0532084902208911,0.004351269632483577
Ifngr1,0.3053901722632373,0.7344923394458999,1.0,-0.1261775307161289,-0.0110058442409524,0.127431790138313,0.853643718295739,0.8459564969168365,0.7577173936576279
Bclaf1,3.529139494825728e-05,8.600635107884218e-05,0.0007335473709934,-29.47307401744838,-29.35420665776552,-29.21704624289201,0.686272676450081,0.0,0.002385890623763593
Sgk1,0.0009971025540068,0.007318906196645,0.0586097921905647,-1.7939711301607493,-0.736629395058944,-0.4163782846082034,1.054067502192059,0.6357105106133115,0.019212128766193125
Rps12,0.0095578312296578,0.038707628800508,0.1568627450980392,-0.0658899920651878,-0.0485487894619361,-0.0286962510482129,3.456242418998772,3.3411192267082823,0.06603066089498424
Stx7,0.0051351318928053,0.0391489942439858,0.2531952282882199,-29.288179657242445,-29.11590185419763,-0.1907896787430873,0.6113069874595455,0.0,0.06665909830732718
Epb41l2,0.1344451059776137,0.5713582599031516,1.0,-0.1422364567989905,-0.0469321098237576,0.0757143452628153,1.156000800582465,1.117685534424235,0.6427780423910455
Rwdd1,0.0001720247930818,0.009501095540355,0.088567502575371,-28.83481103755721,-27.720740339802937,0.0,0.2211945093168535,0.0,0.01993396992760822
Marcks,0.038707628800508,0.1813447646264983,0.4726680955783123,0.0734981923543925,0.1385248304643016,0.2248189914851889,1.6876029583670575,1.856744018941228,0.2489232794685292
Cd164,0.0021592442645074,0.015860919266492,0.0978804477256489,0.1651021322454035,0.2635084693162562,0.3472569519975227,0.9947720387876936,1.196494144775125,0.030959294337479574
Snx3,0.0123997777248551,0.2379772961816305,0.9699293482575216,-0.0059507749772042,0.0901662081754087,0.2051646977574225,1.0383710970335076,1.1026685658015687,0.3155185196834825
Prdm1,0.3340921229774944,0.7567332360489443,1.0,-0.3990114627564535,0.0138863928308661,0.2232957462006452,0.6315817220342765,0.6381045872651616,0.7797809488220085
Lilr4b,0.0314201794077955,0.1152655394141462,0.428008652853853,-0.3033996405687398,-0.1968433584303591,-0.0904519973746356,1.12485884744954,0.9814072238362436,0.16833744245375307
Lilrb4a,0.1813447646264983,0.6238787012780821,0.9699293482575216,-0.0899308496459489,0.0141260743093089,0.0960953101677168,1.35577548218595,1.369292163789714,0.6858161174699494
Nus1,0.0009397821682753,0.0108361377218406,0.0795592530720801,-29.43116017869733,-29.283755579349467,-1.2397457651480093,0.6678756696315298,0.0,0.022269542877168477
Man1a,0.038707628800508,0.2702706993728666,0.8506311026434865,-0.0081924988134976,0.1681968012162868,0.3169312702239149,0.835029769828658,0.9385387236071654,0.35194908606858677
Serinc1,0.0095578312296578,0.1813447646264983,0.910105580693816,0.0049170710860056,0.0996719423780969,0.2092656496255821,0.7801600648149383,0.8353716899012045,0.2489232794685292
Smpdl3a,0.0001720247930818,0.0027786850681888,0.009501095540355,-29.062935753347983,-28.905623435076613,-26.993171322164176,0.5028745977961762,0.0,0.009280909725010856
Ranbp2,0.1344451059776137,0.5713582599031516,1.0,-0.0574583527503853,0.0717158751159412,0.1931653334756847,0.7383852139230235,0.7737832760501793,0.6427780423910455
Sowahc,0.0007335473709934,0.009501095540355,0.1166849334325789,-29.00479155997781,-28.03889313055229,0.0,0.275770544068518,0.0,0.01993396992760822
Psap,0.0201317774073192,0.1813447646264983,0.7344923394458999,-0.0448872451986095,-0.0233340331276003,-0.0057824632574707,3.4400849506312925,3.385317598495748,0.2489232794685292
Vsir,0.0043117681847603,0.0393921086962645,0.2531952282882199,-29.444515881668128,-0.5144674359291945,-0.1614501489527278,0.7045850958520171,0.5025735440092853,0.06701059831291922
Slc29a3,3.529139494825728e-05,0.0001720247930818,0.0027786850681888,-29.03519052642512,-28.886932405334186,-27.91419927178284,0.496401557940882,0.0,0.002385890623763593
Sgpl1,0.2702706993728666,0.7344923394458999,1.0,-0.0403359714952509,0.0795390063047518,0.2070661281190381,0.8814403027200522,0.9293770537301596,0.7577173936576279
Sar1a,0.1503300633444161,0.6695616611056714,1.0,-28.970753396521594,-0.0345914998147153,0.2567421434497576,0.5134758042215116,0.5077756487781855,0.7252744983306371
Vps26a,0.0075721656792071,0.0759886785541828,0.4416039908528433,-28.92212082395825,-27.964795823939912,0.0,0.261964452877684,0.0,0.11805383989667685
Srgn,0.0123997777248551,0.0978804477256489,0.3837421608319441,0.0266422323040594,0.0582524383776282,0.0962296729120283,2.792435376074104,2.9063219913053278,0.14538827479248825
Ddx21,0.2021615573621485,0.4422340873513004,0.777175844177794,-29.123257170337965,-0.9519827922285506,0.0976622479757212,0.5435495895665523,0.286904179540546,0.5249913434638245
Ccar1,0.0001720247930818,0.0027786850681888,0.009501095540355,-28.91007073361112,-28.69903995467297,-26.69026135056855,0.4357845932559512,0.0,0.009280909725010856
Reep3,0.0971980987343515,0.5990513446131561,1.0,-28.88003530355394,-28.35056074110128,0.1248031413736963,0.3616412253093885,0.0,0.6710403473992865
Jmjd1c,1.5876796062554575e-05,0.0003168661550526,0.004096213384139,-0.6147248718237556,-0.5173592900644934,-0.4224947430150866,1.085966230236795,0.7601250371365709,0.003291355490302754
Specc1l,0.0054933714376438,0.1568627450980392,0.6784313725490196,0.0519193604853413,0.1784350868548661,0.2877673393656931,0.8853494456251084,1.0044510735925047,0.22001900513084985
Snrpd3,0.0007335473709934,0.0043495700900777,0.037650276439806,-28.975936249453248,-28.740069175372746,-27.773448412193623,0.4483559094778782,0.0,0.012653924449955348
Mif,0.343145193299992,0.7920774787647853,1.0,-0.0855109782579087,0.011410615172097,0.0903498155104879,1.13783755574478,1.1480640901881225,0.7999588467126936
Itgb2,0.0201317774073192,0.2082876875446535,0.7344923394458999,-0.2100282646390137,-0.1080397806217554,-0.0208779918381228,1.0651366382176075,0.98789762085975,0.2800158978249315
Pttg1ip,0.0007335473709934,0.0027786850681888,0.0298677932975399,-28.926669950081763,-28.376477107011677,-26.37177860260144,0.3484745040279842,0.0,0.009280909725010856
Rrp1,0.0001720247930818,0.0017888776467873,0.0077371208623235,-29.15060117670385,-29.045221624458264,-28.82363809596401,0.5539657870928044,0.0,0.008445166565065627
Cstb,0.038707628800508,0.1349368897356513,0.3053901722632373,0.0595049032409551,0.1141489409885166,0.1821763437453342,2.0625927972221425,2.2308996591049173,0.19411787208427947
Pdxk,0.0027786850681888,0.009501095540355,0.088567502575371,-28.47222630852564,-26.69026135056855,0.0,0.1082852378045482,0.0,0.01993396992760822
Bsg,0.0003016591251885,0.004096213384139,0.0690958164642375,-0.3268229458630842,-0.2609356815420006,-0.1757775757479906,1.0984245266055177,0.9153614450770668,0.012129306082369453
Ptbp1,0.0007335473709934,0.0027786850681888,0.0298677932975399,-29.01051209388653,-28.44502751656148,0.0,0.3654322034441613,0.0,0.009280909725010856
Gpx4,0.0054933714376438,0.1568627450980392,0.910105580693816,0.004811063386938,0.0715192654752926,0.1462407850302321,1.2592402194119274,1.3213587483059075,0.22001900513084985
Sbno2,0.0001720247930818,0.009501095540355,0.0978412151825437,-28.85284313149744,-27.769088664989987,0.0,0.2287335850930578,0.0,0.01993396992760822
Atp5d,0.1813447646264983,0.6784313725490196,1.0,-0.1420093142093055,-0.0442687905747755,0.0324604347710301,1.17106670450951,1.1359529963221489,0.7252744983306371
Cirbp,0.0007195093065456,0.0027786850681888,0.088567502575371,-28.861574043787897,-27.761411635554857,0.0,0.2275204877989626,0.0,0.009280909725010856
Ndufs7,0.0001720247930818,0.0007335473709934,0.0027786850681888,-29.11454670559345,-28.93581181141858,-27.99372002971756,0.5135081056705517,0.0,0.004351269632483577
Rps15,0.0123997777248551,0.0824958323410335,0.2379772961816305,-0.1196914157294384,-0.0872557546742492,-0.0504805581660252,2.4154091743552577,2.2728109815468263,0.12539091987276887
Uqcr11,6.35071842502183e-05,0.0010637453361911,0.0201317774073192,-0.316152477263263,-0.2402039890817977,-0.1658243826629412,1.217670149168025,1.0310634773570349,0.0057498897314234906
Dot1l,0.0001720247930818,0.0024238779803224,0.0133949167537699,-29.22838683219269,-28.9891630786589,-28.256893945039828,0.5328532697326945,0.0,0.009280909725010856
Oaz1,0.2702706993728666,0.7460123755064226,1.0,-0.0333946602467537,-0.003307203592706,0.0282683628376181,2.057669838503789,2.0536626582176627,0.7691673871615317
Timm13,0.0147089871357653,0.1519429467112972,0.7499637807342634,-29.21408525813047,-0.532974714328677,0.0245121030906074,0.5996549964690823,0.4113390265113482,0.21755467370026646
Gadd45b,0.1349368897356513,0.5208065412399778,0.9699293482575216,-0.0922691623157322,-0.0226666428154161,0.0555176073669028,1.6371377162318574,1.6106786534500874,0.5988128073287851
Zbtb7a,0.016633341135281,0.1914819863595043,0.849122677229875,-28.87005687227826,-27.57217974870726,0.0,0.19955065058159,0.0,0.2624438027598007
Eef2,0.0001905215527506,0.0095578312296578,0.1813447646264983,-0.1722324656782219,-0.1283173765706965,-0.0842209671986063,1.9332742256976965,1.7700812057218287,0.01993396992760822
Mrpl54,8.600635107884218e-05,0.0011483811028681,0.0127264932339823,-29.17340858868459,-29.036845831843564,-28.84063514092168,0.5507589636904132,0.0,0.006152763269618823
Pip5k1c,3.529139494825728e-05,0.0001720247930818,0.009501095540355,-29.113743312582415,-28.88379472510082,-27.755791641872637,0.495323131749249,0.0,0.002385890623763593
Tle5,0.0002219962051443,0.00089067411736,0.0069870186828277,-29.64914970344587,-2.7565838825176447,-0.5814813706140799,0.7951251562281082,0.1219809648698265,0.005117174881813584
Txnrd1,3.175359212510915e-05,0.0004763038818766,0.0123997777248551,0.2142315274269438,0.2975053755239727,0.3981948601569495,1.3442485269949112,1.6501512572990575,0.004203899479171731
Rtcb,0.0007335473709934,0.009501095540355,0.0298677932975399,-28.76841846734969,-27.349778901102404,0.0,0.1710424156405482,0.0,0.01993396992760822
Hsp90b1,0.1568627450980392,0.5713582599031516,1.0,-0.0162603724998402,0.0145010585544334,0.0459798880464802,1.9883787096610777,2.00914972610164,0.6427780423910455
Gas2l3,0.3954827253117401,0.7770968489780832,1.0,-28.987114121965124,-1.0156335472058453,1.251522056456137,0.2884009987185617,0.2065043006264122,0.7994121301142781
Slc25a3,0.0073033261887751,0.1152655394141462,0.5208065412399778,0.0092932031574216,0.0561648691273426,0.1108030769976325,1.70867680589653,1.7760218449599363,0.16833744245375307
Snrpf,0.343145193299992,0.7920774787647853,1.0,-0.067829204185815,0.0090449259545801,0.096344632585146,0.8739046003425806,0.8779836879024332,0.7999588467126936
Metap2,0.0945340877993889,0.5576034811198041,1.0,-1.0814383823125455,-0.0552271110381068,0.2072620591250859,0.5862674867851375,0.5701280675366185,0.6383092481239862
Ndufa12,0.0007335473709934,0.009501095540355,0.088567502575371,-28.825847631076144,-26.93899170451101,0.0,0.1286602978984262,0.0,0.01993396992760822
Ube2n,0.025205396979626,0.1763147943584485,0.7285094934141992,0.0125841582933945,0.1940040870623851,0.402778844387737,0.6012717744008166,0.6889417310504793,0.24589857197930184
Eea1,0.0384422657671605,0.1737771549010672,0.6564077338807045,-29.18672195012966,-29.004992249550387,-1.0369549711029746,0.5431571619102291,0.0,0.2429157322144222
Btg1,0.0573787409700722,0.4268635389378423,0.9699293482575216,-0.0220436012759891,0.032319319756603,0.0821348542113652,2.548986320299191,2.60749693296429,0.5070739178409869
Atp2b1,0.2702706993728666,0.7344923394458999,1.0,-0.0436112436599244,0.0102804654492296,0.0580905038274495,2.06484430312193,2.0790157609028563,0.7577173936576279
Ppp1r12a,0.0012595978677313,0.009501095540355,0.088567502575371,-28.77596588062129,-27.66621577352362,0.0,0.212990784075388,0.0,0.01993396992760822
Nap1l1,0.0029848376597602,0.0824958323410335,0.5208065412399778,-0.1647746621560634,-0.0844932061210092,-0.0188419872939804,1.1767287069631274,1.1104013241452688,0.12539091987276887
Atxn7l3b,0.0367103646724126,0.2477657271612335,0.7833330418745941,-29.18534732042564,-28.3496689830356,0.0431266827214445,0.5212228443317048,0.0,0.32802027791563304
Cct2,0.0123930050134845,0.1568627450980392,0.6158964889935725,-0.2928083872766283,-0.1586499606739327,-0.0120957723431096,0.7667548809091562,0.6877549277846859,0.22001900513084985
Lyz2,3.175359212510915e-05,0.0015241724220052,0.0314201794077955,-0.1030762440202919,-0.0747363613065036,-0.0428882037960844,4.594624092542684,4.364083780882419,0.007505830229119948
Mdm2,0.3244455432516746,0.7826235030086005,1.0,-0.9585920474071684,0.1788533732158708,1.491298210877526,0.4824663003379087,0.5606399433515789,0.7999588467126936
Rap1b,0.0021592442645074,0.0201317774073192,0.1349368897356513,0.0928582969546479,0.1437932953719973,0.1971359405699704,1.7258200609170835,1.908733320692484,0.0379183065187342
Tmbim4,6.034243330066384e-05,0.0003565717551321,0.0024238779803224,-29.385822664274176,-29.27097702722524,-29.16676699954249,0.647801705278038,0.0,0.003375422780447392
Llph,0.0095578312296578,0.0978804477256489,0.6784313725490196,0.0732071703598656,0.2370961860561851,0.4209400158162241,0.5734896080953528,0.6764580518737678,0.14538827479248825
Gns,1.5876796062554575e-05,0.0001905215527506,0.0123997777248551,-0.5347699002197394,-0.4376787668307069,-0.3238417935137395,1.1718415825428674,0.865517642853603,0.00240057156465756
Rassf3,0.0073106090087996,0.056833321083365,0.3713264582342768,-1.58695709499292,-0.3374866117373056,-0.0785025464260853,0.7110157460930788,0.5707181748280036,0.09252511893408819
Os9,0.0001720247930818,0.0027786850681888,0.009501095540355,-29.02789100875248,-28.55526070569221,-26.77201011549146,0.3944482285437752,0.0,0.009280909725010856
Dctn2,0.0027786850681888,0.009501095540355,0.088567502575371,-28.21430908374027,-26.349730637477315,0.0,0.0855183463591022,0.0,0.01993396992760822
R3hdm2,0.0027786850681888,0.009501095540355,0.088567502575371,-28.563119923992343,-26.81298581616668,0.0,0.1178997815173967,0.0,0.01993396992760822
Lrp1,0.2013144812161835,0.6958441207714297,1.0,-0.7058954287927602,0.320260994167444,1.413509564743669,0.4830359269851627,0.6003843359550534,0.7430199933661028
Naca,0.038707628800508,0.3053901722632373,0.8521179645947434,-0.1042340824632253,-0.0553740480661759,-0.0073928446385125,2.029963175802781,1.951373402852469,0.3890849684274299
Ptges3,0.0095578312296578,0.1152655394141462,0.6798328967214403,0.0212706720355546,0.14666209189427,0.2851984208950013,0.903364632898257,1.0031742159938646,0.16833744245375307
Atp5b,0.0073033261887751,0.1568627450980392,0.6798328967214403,-0.1433691765603223,-0.0716688248007417,-0.0126521918305174,1.384902326249461,1.3173147563622098,0.22001900513084985
Myl6,0.1813447646264983,0.6238787012780821,1.0,-0.0389276295603262,0.0045931469733821,0.0491449812397324,2.004441254695525,2.012209411744361,0.6858161174699494
Rpl41,0.2082876875446535,0.5713582599031516,0.9699293482575216,-0.0574182989790871,-0.0317609481970398,-0.0052587766787177,3.438955226625219,3.36496630922326,0.6427780423910455
Rps26,0.0824958323410335,0.343145193299992,0.7920774787647853,-0.0915555180377941,-0.0427585038072591,0.0032518476110667,2.8401035964772827,2.7575547496435275,0.427061490571584
Sarnp,0.0022987884914532,0.0102029298672555,0.0694138010953858,-29.022502842345784,-28.845681972838506,-28.352687864431893,0.4824091296760358,0.0,0.02110330248280406
Cd63,0.004096213384139,0.0573787409700722,0.2702706993728666,-0.2736813283573556,-0.1865570844620436,-0.0782580953055562,2.0022460046226653,1.7575165811564477,0.09252511893408819
Tcn2,0.0001720247930818,0.0007335473709934,0.009501095540355,-29.010987528980827,-28.822480166855577,-27.7517495312277,0.474712949420742,0.0,0.004351269632483577
Uqcr10,0.0007144558228149,0.0252441057394617,0.2702706993728666,-0.2363120676445143,-0.1603370302512758,-0.0708834267523494,1.1756520175184626,1.051276829721475,0.04570959483250399
Ewsr1,0.0028677490529391,0.0252441057394617,0.1349368897356513,-0.5058531265276892,-0.307002020661572,-0.1586108480425784,0.7522518507880405,0.6094849115657963,0.04570959483250399
Xbp1,0.0143210960283518,0.1006037656841813,0.4078373860045269,0.5108102187149777,1.505736943045869,29.33149569355485,0.2306415672817146,0.6601511577038697,0.14931200642160783
Mrps24,3.529139494825728e-05,0.0001720247930818,0.0027786850681888,-29.21665523648212,-29.07716673000121,-28.54627259825201,0.566368868941442,0.0,0.002385890623763593
Ppia,0.0690958164642375,0.3837421608319441,0.9699293482575216,-0.0479814573903433,-0.0253581093050011,0.0074550537393943,2.789789202975115,2.7398676694137736,0.4650619012638484
Purb,0.0473446058585377,0.343145193299992,0.910105580693816,0.0470549791941018,0.2141690409125162,0.3891136230568986,0.6649622259670256,0.7714752588858516,0.427061490571584
Tns3,0.0001720247930818,0.0001720247930818,0.0027786850681888,-29.26459396164934,-29.083018432471043,-28.55024236918035,0.5686707786454361,0.0,0.002385890623763593
Sec61g,0.1807327141382869,0.7344923394458999,1.0,-0.0585925300323407,0.0024026872070487,0.0663988961058034,1.6159944600891225,1.6179854882100837,0.7577173936576279
Plek,0.2082876875446535,0.6238787012780821,0.9699293482575216,0.0181585015582855,0.0799730266555206,0.1701497168258645,2.072139289561515,2.1879700897282914,0.6858161174699494
Actr2,0.2082876875446535,0.7344923394458999,1.0,-0.0667179565889261,0.0220492908481933,0.1104199220077821,1.24369905121607,1.2629980958647962,0.7577173936576279
Rab1a,0.1813447646264983,0.6784313725490196,1.0,-0.0467155679505431,0.0878511057917311,0.2686437471557138,0.7826302739118035,0.8316941241046298,0.7252744983306371
Peli1,0.0011293135916274,0.0231027265714595,0.2227959761712598,-29.231930925102336,-29.01008054513148,-28.635481437740005,0.541553023183973,0.0,0.042506225021204935
Mdh1,0.0007335473709934,0.0027786850681888,0.0298677932975399,-28.856498188576676,-28.0089299041474,0.0,0.2701037754547852,0.0,0.009280909725010856
Commd1,0.0007335473709934,0.009501095540355,0.088567502575371,-28.706161570578296,-26.837175449770204,0.0,0.1198932700654715,0.0,0.01993396992760822
Cct4,0.0006255118296727,0.0043495700900777,0.0333863238295691,-29.1307554090766,-28.96393545256968,-28.74471424496718,0.5236165493344033,0.0,0.012653924449955348
Rel,0.0021592442645074,0.0690958164642375,0.5208065412399778,0.01362307773264,0.0664323580023898,0.1147384717490876,1.8720622847571229,1.9583231600623916,0.10826591482003595
Rps27a,0.0690958164642375,0.2379772961816305,0.7920774787647853,-0.0535401123087272,-0.0319457036154,0.0010824623520377,3.4903331091343426,3.414319385549109,0.3155185196834825
Rtn4,0.0252441057394617,0.2082876875446535,0.6798328967214403,0.0675093642356946,0.221978502702884,0.3378143426508441,0.9189991519340868,1.0711002214328176,0.2800158978249315
Cpeb4,0.0027786850681888,0.009501095540355,0.088567502575371,-28.66762856524335,-26.76489468548103,0.0,0.1140344644556507,0.0,0.01993396992760822
Sh3pxd2b,0.0078085805683866,0.0972806142445542,0.4837014608380851,-29.146690564334644,-29.002355070212133,-1.3948331443647626,0.5389885685513385,0.0,0.14538827479248825
Npm1,0.0690958164642375,0.5713582599031516,1.0,-0.0553291020183454,-0.0213474200728882,0.0203382768304876,1.8986620187865373,1.8722509566825325,0.6427780423910455
Lcp2,0.0008420439376285,0.0083421375777317,0.0574109566690162,-29.31991963032041,-29.152514842112367,-28.922408057371378,0.5967348693937338,0.0,0.01993396992760822
Dock2,3.529139494825728e-05,0.0001720247930818,0.0007335473709934,-29.25233022440247,-29.135490756069537,-29.03114705737132,0.58973466307377,0.0,0.002385890623763593
Havcr2,0.0604934175739786,0.3094222450186874,0.9071797966467664,-29.336591937213857,-0.522466176362398,0.1661842793099435,0.6514701075680118,0.4421549262258766,0.39339905473148357
Rack1,0.2702706993728666,0.5713582599031516,0.9699293482575216,-0.0447339565604888,-0.0244836610403654,-0.0003707724406394,2.67658966951779,2.6308160481247,0.6427780423910455
Rnf130,0.0029848376597602,0.0690958164642375,0.3053901722632373,-0.2310258597016129,-0.1406413201783787,-0.0556750512395376,1.0744254892627914,0.9751600550411949,0.10826591482003595
Sqstm1,0.0252441057394617,0.0690958164642375,0.1813447646264983,0.1960541596079253,0.2886795175647292,0.3857550072669208,1.2878044368678951,1.573983471300641,0.10826591482003595
Canx,0.0015241724220052,0.015860919266492,0.1152655394141462,0.1073967832636303,0.1749328088616657,0.2633638303233573,1.2521303416535514,1.4151763586450226,0.030959294337479574
Hnrnph1,0.1178771632483417,0.4576151974673742,0.968815717976914,0.0288067452858291,0.2306386701100507,0.7638265842684079,0.5197085594274788,0.6059775605285749,0.5425457273023314
Hnrnpab,0.2702706993728666,0.6784313725490196,1.0,-0.1025287058512926,-0.0350485492961977,0.0589573468347155,1.127513133544796,1.0985945921881275,0.7252744983306371
Nhp2,0.0007335473709934,0.009501095540355,0.0298677932975399,-28.78056250541279,-27.57777740696285,0.0,0.200326411319797,0.0,0.01993396992760822
Sar1b,0.0007335473709934,0.0027786850681888,0.0298677932975399,-28.73576119812603,-27.93464778305202,0.0,0.2565482324571413,0.0,0.009280909725010856
Ube2b,0.047128681432087,0.4268635389378423,0.970681114551083,-0.1545929459686355,-0.0532155576231857,0.0452413821661353,0.8556291224923688,0.8258412985175002,0.5070739178409869
Ppp2ca,0.0054933714376438,0.0573787409700722,0.3053901722632373,0.1160325389090945,0.2115807830449407,0.2903423089046436,1.33573182751001,1.5450363102817026,0.09252511893408819
Skp1a,0.0001720247930818,0.0027786850681888,0.0298677932975399,-28.96850566605581,-28.34250515392474,0.0,0.3403645700802036,0.0,0.009280909725010856
Vdac1,3.529139494825728e-05,0.0006834348667358,0.0043495700900777,-29.203633768176463,-28.97924715669736,-28.374910726739287,0.5292034235751533,0.0,0.004351269632483577
Hspa4,0.0275953640812429,0.2023371148299164,0.7868234305012446,-0.2983019988849292,-0.1467079626602776,0.0388579828743051,0.772338475459784,0.7002038616230406,0.27607909544007264
Aff4,0.0123997777248551,0.1568627450980392,0.6238787012780821,-0.2253876480043142,-0.1139772484429461,-0.0150545585635886,0.8058055331835814,0.7471254318047965,0.22001900513084985
Uqcrq,0.0054933714376438,0.0252441057394617,0.1349368897356513,-0.2650261635863515,-0.1977598878884275,-0.1152722159944681,1.35892154279685,1.1830184340031462,0.04570959483250399
Irf1,0.1323180178891167,0.3747677914932922,0.7926392605632702,-0.4553784404417428,-0.2438198736607078,-0.0331893524185542,0.871870110493403,0.7398867723044513,0.46194037896013174
Fnip1,0.3311849615084903,0.7863512101793072,1.0,-0.1267217763805295,0.0790000343366728,0.2891516053035542,0.6242737631929018,0.6588996815342241,0.7999588467126936
Cdc42se2,0.0821176473869336,0.4171856441993936,0.969182212422568,-0.2004816405208518,-0.0582101972705801,0.0870148103009229,0.7836560119138045,0.7543218538507188,0.5040684144436539
Hint1,0.0007144558228149,0.0095578312296578,0.2090299277605772,-0.200922164104456,-0.1534065020251453,-0.0729583934456739,1.6427279954119425,1.4761278439806835,0.01993396992760822
Tnip1,0.0007335473709934,0.0027786850681888,0.0298677932975399,-28.968354254132915,-28.34816430112805,0.0,0.34170220033809,0.0,0.009280909725010856
Anxa6,0.0007335473709934,0.0027786850681888,0.0298677932975399,-28.896619198874287,-27.826658089354623,0.0,0.2380448346652849,0.0,0.009280909725010856
Gm2a,0.0824958323410335,0.343145193299992,0.910105580693816,-0.1014111978832252,-0.0483396015758595,-0.0002210880127968,1.7133155305582275,1.6591342442772712,0.427061490571584
Atox1,0.0314201794077955,0.1813447646264983,0.5713582599031516,0.0206639228642728,0.0805047578430718,0.1317921740204799,1.9386217237055976,2.0516953058763687,0.2489232794685292
G3bp1,0.0134915374815255,0.0639774891491002,0.1647559752760604,0.3628013877968508,0.4942243597001994,0.6212888707864751,0.634489196685404,0.8935343663661347,0.1014642991974011
Larp1,0.0007335473709934,0.0027786850681888,0.009501095540355,-28.843041580090382,-28.41146277761612,-26.76287842969109,0.3570282045037205,0.0,0.009280909725010856
Arf1,0.1568627450980392,0.6784313725490196,1.0,-0.0953059349363278,-0.0160166150048866,0.044655483224765,1.2775180779162825,1.2640627313489623,0.7252744983306371
Nlrp3,0.0473446058585377,0.3053901722632373,0.9699293482575216,-0.0301574945668686,0.0837734087076907,0.2148746956608165,1.3774176803418614,1.4583705231293886,0.3890849684274299
Map2k3,0.2023371148299164,0.4177118661563722,0.7280611426419807,0.2946807622591866,0.4878535212627005,0.6600580508277806,0.6915994146283013,0.9731944934981538,0.5040684144436539
Ncor1,8.600635107884218e-05,0.0006238547844523,0.0079084084763313,-29.349726485065236,-29.22040700570492,-29.04823305234654,0.6254880164537376,0.0,0.004351269632483577
Ubb,0.343145193299992,0.7920774787647853,1.0,-0.0932499871813692,-0.0238904172950199,0.0558569512680512,2.1774283391628035,2.140352834056789,0.7999588467126936
2410006H16Rik,0.0009535613008391,0.0057852199149455,0.0393921086962645,-29.56354610391772,-0.7876290398759972,-0.3997777132331254,0.7788644139716724,0.4625867733086617,0.01591806744669492
Gas7,0.022438890030895,0.060676213535144,0.1991048209933474,-28.991378005837568,-27.90819832903168,0.0,0.2518864584676615,0.0,0.09673249749450967
Pik3r5,0.0027786850681888,0.0480139728942661,0.4198490637342591,-28.833584587434487,-27.697819173091684,0.0,0.2177172501644791,0.0,0.07909966499352945
Ndel1,0.0010637453361911,0.015860919266492,0.1349368897356513,-0.3908394550879749,-0.2504345584341979,-0.1376844041617925,0.8695524313991689,0.7314795152073736,0.030959294337479574
Rpl26,0.0573787409700722,0.2082876875446535,0.6784313725490196,-0.0421967894719219,-0.0219406110703131,-0.002567663230107,3.1632764545040004,3.116793112792175,0.2800158978249315
Per1,0.0027786850681888,0.009501095540355,0.0298677932975399,-28.909671665507226,-27.86351754504381,0.0,0.244205006906855,0.0,0.01993396992760822
Kdm6b,0.1813447646264983,0.4726680955783123,0.8506311026434865,0.0546090738294966,0.1234841340294794,0.1987123287870002,1.7279584731334574,1.8823723949171771,0.5528582654427506
Cd68,0.0974958323410336,0.5208065412399778,0.9699293482575216,-0.1132174558723366,-0.0417826136404046,0.0359379307204009,1.368103319306655,1.3277180133785236,0.5988128073287851
Eif4a1,0.0201317774073192,0.0824958323410335,0.2082876875446535,0.0602950726705559,0.1110205184282427,0.1563442096695391,1.8721511807656372,2.0223248880719358,0.12539091987276887
Polr2a,0.0007335473709934,0.0027786850681888,0.0298677932975399,-28.84641544625781,-27.90478105658923,0.0,0.2512912205503858,0.0,0.009280909725010856
Tmem256,0.0015241724220052,0.0201317774073192,0.1813447646264983,-0.2989486952711963,-0.1870823844157672,-0.06391482572668,1.0138211276908953,0.8921876640416728,0.0379183065187342
Eif5a,0.0690958164642375,0.4268635389378423,0.9699293482575216,-0.1204292092689638,-0.0616764557534962,0.0130383901074102,1.475783142769675,1.4134049622960814,0.5070739178409869
Gabarap,0.0252441057394617,0.3837421608319441,0.9699293482575216,-0.0163990050927744,0.0098482910831797,0.0352293896823044,2.008221124285389,2.0220523608722303,0.4650619012638484
Mgl2,0.0027171818924305,0.0134733445921782,0.0992117754970578,29.09368595347384,29.57971284081432,29.743919247783424,0.0,0.8023813536642888,0.026873144726975516
Rnasek,0.0003016591251885,0.015860919266492,0.1349368897356513,-0.2768078723049057,-0.2052075033152381,-0.1343081120514026,1.13731218373886,0.9871369930662456,0.030959294337479574
Arrb2,0.0001720247930818,0.0027786850681888,0.0298677932975399,-29.01785015768751,-28.325971231593904,0.0,0.3364860511793093,0.0,0.009280909725010856
Cxcl16,0.0978804477256489,0.5208065412399778,0.970681114551083,-0.0735129617797795,-0.0372182208606429,0.0119127049300811,2.150931551278445,2.09602152727064,0.5988128073287851
Psmb6,0.001017931955722,0.0314201794077955,0.4268635389378423,-0.3269440662519735,-0.1825814302296845,-0.0407730231549189,0.7840227667470385,0.6926118980798934,0.05509085199428251
Pfn1,0.0001111375724378,0.0015241724220052,0.0201317774073192,-0.1791064743005697,-0.1509107472004172,-0.1099457600412821,2.67796562667043,2.4087132710008525,0.007505830229119948
Scimp,0.0027786850681888,0.009501095540355,0.0298677932975399,-28.463961376241517,-26.982085493799172,0.0,0.1325613981214102,0.0,0.01993396992760822
C1qbp,0.0007335473709934,0.009501095540355,0.2615722360139493,-28.27246487556067,-26.26308402814542,0.0,0.0805334057444212,0.0,0.01993396992760822
Txndc17,0.0054933714376438,0.1568627450980392,0.9699293482575216,-0.1556921978084931,-0.0791626830732069,0.0135924114852126,0.8868383666378885,0.8399600533400964,0.22001900513084985
Emc6,0.0007335473709934,0.0027786850681888,0.0298677932975399,-28.84079716652088,-28.31148930510197,0.0,0.3331252110008488,0.0,0.009280909725010856
Pafah1b1,6.35071842502183e-05,0.0010637453361911,0.0095578312296578,0.2891002553378193,0.3804173497946558,0.48955381452075,0.8490530872889048,1.1079205214433614,0.0057498897314234906
Mir22hg,0.0978804477256489,0.3837421608319441,0.9699293482575216,-0.325084714669919,-0.0934579943551795,0.1233766647337755,0.7288725381525009,0.6875937958295437,0.4650619012638484
Slc43a2,3.529139494825728e-05,0.0007335473709934,0.009501095540355,-29.17403070756737,-28.99488030734283,-28.06211005188649,0.5349690933961064,0.0,0.004351269632483577
Pitpna,0.0073033261887751,0.0978804477256489,0.4268635389378423,0.0525479940686019,0.1439419860222149,0.2785286765240691,1.0658871354559052,1.17949780182474,0.14538827479248825
Crk,0.1635314240531273,0.5136893790987446,1.0,-28.89024009472322,-27.91929553254492,0.0,0.2538319741194035,0.0,0.5988128073287851
Ywhae,0.0010637453361911,0.038707628800508,0.2082876875446535,0.064527032812728,0.1231106284822873,0.1940072720539637,1.255676120047885,1.3666776036185762,0.06603066089498424
Abr,0.0006834348667358,0.0057606676070176,0.037650276439806,-29.047010243828797,-28.78842058785798,-27.38372395866105,0.4636370392535432,0.0,0.01591806744669492
Taok1,0.082022527544501,0.3752159399982679,0.967739567973502,-29.047644224842475,-28.907100488278196,-0.832130906446578,0.510188025994311,0.0,0.46194037896013174
Nufip2,0.0001720247930818,0.0102029298672555,0.2320324457369345,-28.981259197722284,-28.734557584774297,-26.740108234650663,0.446646303617016,0.0,0.02110330248280406
Rpl23a,0.0314201794077955,0.1568627450980392,0.5208065412399778,-0.0962156454645268,-0.0569499906581306,-0.0228645624597364,2.354369584683337,2.2640586917663565,0.22001900513084985
Lgals9,0.0001720247930818,0.0007335473709934,0.0298677932975399,-29.015932399335597,-28.502565639377277,0.0,0.3803007830232172,0.0,0.004351269632483577
Wsb1,0.1294900210988203,0.5236826292868997,1.0,-0.9933788117856582,0.0134179966980988,0.2806177887754091,0.5642962536663505,0.5762702687667955,0.6017409834636263
Evi2a,0.0001808387981124,0.000277215933798,0.0016433519766692,-29.82425050808733,-1.677854885878614,-0.5699893202630436,0.9155106183670264,0.2843076786647787,0.003126379697833
Crlf3,0.0802281043620933,0.3685705775343052,0.9071710289327192,-1.4403199949126089,-0.2487399249463612,0.0967600027494392,0.6518907605937521,0.5577095092492268,0.4562184587772193
Adap2,3.529139494825728e-05,3.529139494825728e-05,0.0001720247930818,-29.42877485929059,-29.279327849670786,-29.133424433840112,0.6515622809208272,0.0,0.0013718591185205543
Psmd11,0.0027786850681888,0.0298677932975399,0.2615722360139493,-28.49831668603649,-26.349730637477315,0.0,0.0855183463591022,0.0,0.05339379486751996
Ccl8,0.0001720247930818,0.0007335473709934,0.0027786850681888,-30.747742896308708,-30.21052796969339,-29.71022195723321,1.2424392235603223,0.0,0.004351269632483577
Slfn2,0.0201317774073192,0.0824958323410335,0.2702706993728666,0.1007846836153968,0.1682400676671369,0.2694632446658173,1.891736803314985,2.12187075308752,0.12539091987276887
AI662270,0.163532702145277,0.6951599860537352,1.0,-28.657117524384496,-26.76489468548103,27.129234622995668,0.1198932700654715,0.0,0.7427235640468856
Ccl6,0.0393640263447279,0.1753350899594907,0.531643923280555,0.2595852299323372,0.6440581039554385,1.7568497999154495,0.4618491325114273,0.7213715323971133,0.2448039067284813
Wfdc17,0.000244141310286,0.0010531774138967,0.0067552600993386,-29.850783837514214,-29.59960316989943,-29.35290044828113,0.8135203353595575,0.0,0.0057498897314234906
Ggnbp2,0.0001720247930818,0.0007335473709934,0.009501095540355,-29.00737638712097,-28.846941983176976,-27.75338405417986,0.4828306366388397,0.0,0.004351269632483577
Med13,0.0027786850681888,0.0298677932975399,0.3887558059849098,-28.688687814159884,-26.982085493799172,0.0,0.1325613981214102,0.0,0.05339379486751996
Vmp1,0.0002219962051443,0.0002423343526326,0.0013430421695079,-0.8942125703606572,-0.6640086204931926,-0.5172305041698426,1.0032582247239032,0.6315969020045517,0.0027704731297672172
Cltc,0.1568627450980392,0.6784313725490196,1.0,-0.0636912558886799,0.016855126208321,0.0895267114894529,1.290692086646535,1.3031091372015524,0.7252744983306371
Supt4a,0.0001217557504524,0.0024238779803224,0.0516126376600038,-29.16283826630085,-28.985296383205856,-28.35720138579402,0.5314270590253665,0.0,0.009280909725010856
Scpep1,0.1152655394141462,0.6158964889935725,1.0,-0.0313234647069983,0.1084916885667615,0.2681981753764124,0.6195675936013789,0.6673545313997845,0.6858161174699494
Nme2,0.004096213384139,0.0314201794077955,0.1349368897356513,-0.1816437330030796,-0.1399651540946188,-0.0954645373615732,1.9381296896902325,1.7577541397757226,0.05509085199428251
Nme1,0.0201317774073192,0.2630889109848705,0.910105580693816,-0.2829263493217016,-0.119124141335033,0.0370548196143118,0.7679839789248147,0.7085457779076405,0.346548983683748
Spag9,0.0690958164642375,0.3053901722632373,0.9699293482575216,-0.0007269022547522,0.0974132169565526,0.2065667965533905,1.2514589116435524,1.342120771148495,0.3890849684274299
Luc7l3,0.0098787108853839,0.0775142426650912,0.5098433838583576,-28.884623133801757,-27.92454989147548,0.0,0.2547575895459132,0.0,0.1201174905420879
Lrrc59,0.0160277688419755,0.1491328671438686,0.5440817680488805,-29.16995486236837,-29.04068846851765,-1.2020992991371675,0.5543606333260633,0.0,0.21382014662736018
Spop,0.009501095540355,0.0636219384808227,0.4469684694114323,-28.321309445142884,-26.96666713467294,0.0,0.1311522324012102,0.0,0.1010758970473592
Gngt2,1.5876796062554575e-05,3.175359212510915e-05,0.0003016591251885,-0.582597801419268,-0.4907028305286692,-0.3828021577030459,1.2351664546392276,0.8799904064338508,0.0013718591185205543
Snf8,0.0006255118296727,0.0030690378069328,0.0286888103198488,-29.117793152654784,-28.972098290592697,-28.43019663107029,0.5265875924988428,0.0,0.009684165929648058
Atp5g1,0.0021592442645074,0.0252441057394617,0.1568627450980392,-0.3150924066924289,-0.2300315847866732,-0.1223135693082585,1.16396800797364,0.9900019248336712,0.04570959483250399
Psmb3,0.0028677490529391,0.0401454534659647,0.4143554061444077,-1.3301458994269892,-0.2076016878103859,-0.0310228712446266,0.6650247117241812,0.5771673834759379,0.06816518910996051
Rpl23,0.0054933714376438,0.038707628800508,0.2082876875446535,-0.05188809965015,-0.0375088864120847,-0.0204380434656854,3.7388428618405865,3.643559521988605,0.06603066089498424
Lasp1,0.2453774716711445,0.6133484776563917,0.9699865729012168,0.0112742681901813,0.1452143768184839,0.2797086043241605,0.6898421366982885,0.7658478491112415,0.6845373663275672
Arl5c,0.1006037656841813,0.3646530466961222,0.8464910963047596,0.0876667336383922,0.3727273852472109,1.271130755611792,0.5331227240510665,0.6864069215427236,0.45198176140693025
Rpl19,0.0573787409700722,0.2702706993728666,0.7344923394458999,-0.0494439483596173,-0.0242574860893272,-0.0016670985075809,3.2652747697445137,3.21248108439889,0.35194908606858677
Mien1,0.0001720247930818,0.0024238779803224,0.022438890030895,-29.02280757913041,-28.83239148220377,-27.655951627179792,0.4779854557052895,0.0,0.009280909725010856
Igfbp4,0.0027786850681888,0.009501095540355,0.0298677932975399,-28.694070578504885,-27.830470507278665,0.0,0.238674715914563,0.0,0.01993396992760822
Eif1,1.5876796062554575e-05,0.0004763038818766,0.0123997777248551,0.0842786471736217,0.1136371791900688,0.1387775053353613,2.7738681989350087,2.999772683595766,0.004203899479171731
Rab5c,0.0252441057394617,0.343145193299992,0.9699293482575216,-0.1872202676653641,-0.0793721601739796,0.0479160938020164,0.813381897551771,0.7697939941727376,0.427061490571584
Stat3,0.004096213384139,0.0824958323410335,0.5208065412399778,0.0258928634985858,0.1723771923113116,0.3915261423574313,0.7663236263013419,0.8658662183789789,0.12539091987276887
Rpl27,0.1813447646264983,0.6238787012780821,1.0,-0.0239607018784298,0.0097846247991021,0.0369842607990277,2.614504609219884,2.6318759269004426,0.6858161174699494
Vat1,0.0027786850681888,0.037650276439806,0.6993022710519221,-28.641384238781143,-26.634636497917224,0.0,0.10433090035241,0.0,0.0652628605839901
Lsm12,0.231052016598276,0.6712057066317096,1.0,-0.1444205202395782,0.0064195455819011,0.2135789484046358,0.7275652363108951,0.730625208486941,0.7252744983306371
Grn,1.5876796062554575e-05,0.0001905215527506,0.0054933714376438,-0.3475995607851038,-0.2706648721580876,-0.1976843692238861,1.7457324356446124,1.4495245177007725,0.00240057156465756
Nmt1,0.0001720247930818,0.0007335473709934,0.0027786850681888,-29.16437416881746,-29.015936668314183,-28.474970318541104,0.5428343088563423,0.0,0.004351269632483577
Limd2,3.529139494825728e-05,0.0001720247930818,0.0007335473709934,-29.213238849188752,-29.03215046498081,-28.79579390357761,0.5489694131544102,0.0,0.002385890623763593
Ddx5,0.1349368897356513,0.343145193299992,0.8506311026434865,0.0065053173065907,0.0406406314817039,0.0685057304013782,2.4229721404066646,2.4933115142674502,0.427061490571584
Bptf,0.0027786850681888,0.0258467278086509,0.2615722360139493,-28.558520772504185,-25.8921819270462,0.0,0.062276386637268,0.0,0.046754427432084356
Psmd12,0.0007335473709934,0.009501095540355,0.1223341709161366,-28.87013371072614,-27.672237252320254,0.0,0.2138816166205247,0.0,0.01993396992760822
Gna13,0.0010637453361911,0.038707628800508,0.3053901722632373,0.0453810485998581,0.0900082173268922,0.1406341244686079,1.8322907317270007,1.951967891707849,0.06603066089498424
Prkar1a,0.0001111375724378,0.0073033261887751,0.1568627450980392,0.0850891416258837,0.1781018216242207,0.2678514223543346,0.8237236115200153,0.9307180690989104,0.019212128766193125
Fam104a,0.0036211088724564,0.0391489942439858,0.2319705926008954,-29.16936157412756,-28.99569562342112,-28.716370270535855,0.5352715080865648,0.0,0.06665909830732718
Rpl38,0.343145193299992,0.6784313725490196,0.9699293482575216,-0.0062804394329966,0.0212098663393249,0.0435305467946591,2.7611234147606423,2.8031690418748187,0.7252744983306371
Cd300a,0.2372350559657061,0.6784313725490196,1.0,-0.0420639771382292,0.0667254110337427,0.1830113688939865,0.9725876570963788,1.0175887442481597,0.7252744983306371
Cd300c2,1.5876796062554575e-05,1.5876796062554575e-05,1.5876796062554575e-05,-0.5092670957458605,-0.450065719946442,-0.3933072806952217,1.820833982764288,1.3329027847778288,0.0013718591185205543
Atp5h,0.0073033261887751,0.0824958323410335,0.3837421608319441,-0.15311833170556,-0.105625160644797,-0.0359323014550353,1.6270730877587487,1.5117534510294175,0.12539091987276887
Nt5c,0.0027786850681888,0.009501095540355,0.088567502575371,-28.425286376087357,-26.69026135056855,0.0,0.1082852378045482,0.0,0.01993396992760822
Jpt1,0.0978804477256489,0.5976184805906168,1.0,-0.0728666714620131,0.0396750373017347,0.1584491250634176,0.7703586713002948,0.7899883247288451,0.6706688968298876
Sumo2,0.0690958164642375,0.343145193299992,0.910105580693816,-0.1317900952465977,-0.0638964375500901,0.0102360837215839,1.157485391349336,1.1078591217330902,0.427061490571584
Grb2,0.0004763038818766,0.0252441057394617,0.3053901722632373,0.0462293252470313,0.1076788641290959,0.1642602954665885,1.2556787204143376,1.3522793007331613,0.04570959483250399
H3f3b,0.2694633642930857,0.6784313725490196,1.0,-0.0050980989466589,0.0252334967639954,0.0567022829122923,3.2680920420125177,3.3236624616739427,0.7252744983306371
Ubald2,0.0001720247930818,0.0027786850681888,0.0292545655864068,-29.32529819931816,-29.130380256108506,-28.062128267041334,0.587649324752439,0.0,0.009280909725010856
Srsf2,0.004096213384139,0.0201317774073192,0.0978804477256489,0.1836363031952859,0.3168678285581653,0.4463188688059457,0.6987120036650059,0.869581336595433,0.0379183065187342
Syngr2,0.0573787409700722,0.2702706993728666,0.8506311026434865,0.0109830413292216,0.1041460576875751,0.2063131799460381,1.0387859307221765,1.1159089675585665,0.35194908606858677
Socs3,0.2082876875446535,0.6784313725490196,1.0,-0.1040608625225764,-0.026483753830617,0.0377771134013248,1.6412778918997724,1.6119594399890862,0.7252744983306371
Cyth1,0.004096213384139,0.0314201794077955,0.1813447646264983,0.0939338450054858,0.2065780191399825,0.3351923420311481,0.8136595388802879,0.9368048166901534,0.05509085199428251
Timp2,0.0007335473709934,0.0027786850681888,0.0134952447806316,-29.128039076744265,-28.55946906640165,-27.755485732165223,0.395600514843925,0.0,0.009280909725010856
Lgals3bp,3.529139494825728e-05,6.034243330066384e-05,0.0004954208174452,-29.727460741372653,-29.565287412485112,-29.39747278377716,0.7943983658800785,0.0,0.0018714133165346587
Actg1,0.0123997777248551,0.0978804477256489,0.5208065412399778,0.0045914207887522,0.0334918802135494,0.0616996341854294,3.000176744780356,3.0687523929101235,0.14538827479248825
P4hb,0.0003016591251885,0.0201317774073192,0.2702706993728666,-0.3521812064901976,-0.2112416288589022,-0.0725785277629285,0.9158124137315508,0.7914498642025335,0.0379183065187342
Arhgdia,0.0473446058585377,0.3837421608319441,0.9699293482575216,-0.0234381467946576,0.0474651533299579,0.1227817936470472,1.285383201738315,1.3293096156753,0.4650619012638484
Alyref,0.009501095540355,0.060676213535144,0.1853939469443623,-27.72535378576425,-27.39181215770135,0.0,0.1760990822384455,0.0,0.09673249749450967
Cenpx,0.0007335473709934,0.0027786850681888,0.0298677932975399,-29.022741351641766,-28.491508116679707,0.0,0.3773971484245267,0.0,0.009280909725010856
Csnk1d,0.0027786850681888,0.009501095540355,0.088567502575371,-28.55047572972058,-27.089519676692326,0.0,0.1428097923816892,0.0,0.01993396992760822
Metrnl,0.0088116873156729,0.0721281765335909,0.4490294747390491,-29.367826790836688,-1.3450975619220489,-0.0691175599416718,0.6392182107108899,0.2553125857943685,0.11253473828084591
Rab10,0.1349368897356513,0.6784313725490196,1.0,-0.0811214967846174,0.058441260216538,0.2108755250452655,0.7897058418517252,0.8212416920721126,0.7252744983306371
Itsn2,0.0007335473709934,0.009501095540355,0.088567502575371,-28.7059709575018,-26.69026135056855,0.0,0.1082852378045482,0.0,0.01993396992760822
Sf3b6,0.1768036740169494,0.6158964889935725,1.0,-0.1744803896669228,-0.0520273578828255,0.0992943298459659,0.7112168111446051,0.6850997574114182,0.6858161174699494
Rhob,0.001986057469718,0.0202098651191521,0.1172657766453389,-29.319103511906054,-29.06986103129196,-28.542366044335587,0.5635080693162104,0.0,0.03798706128877663
Pum2,0.0694138010953858,0.3431319879068183,0.9663185553224448,-28.97225361869872,-28.49530464877123,-25.8921819270462,0.3794989392434615,0.0,0.427061490571584
Laptm4a,0.0001111375724378,0.0095578312296578,0.1152655394141462,-0.2775451284484031,-0.2071265014743649,-0.126193250893051,1.205884574360685,1.0439583603469424,0.01993396992760822
Fam49a,0.0027786850681888,0.009501095540355,0.1223341709161366,-28.209759108425192,-27.52710785690403,0.0,0.19341277523241,0.0,0.01993396992760822
Rock2,0.0031077100739828,0.0218317488739345,0.1739487527246216,-29.42809305133726,-1.3336623511255628,-0.1607928434476818,0.6882700995183636,0.2772319295089652,0.04074219120804732
Pdia6,0.2082876875446535,0.7344923394458999,1.0,-0.0784526402589703,0.0386277324398831,0.1532672002567488,1.0219095326705858,1.0523096323158962,0.7577173936576279
Odc1,0.0001720247930818,0.0007335473709934,0.009501095540355,-29.085412171948807,-28.835220744175068,-27.67175267734876,0.4789237504076057,0.0,0.004351269632483577
Adam17,6.35071842502183e-05,0.0017731114297543,0.0097222837672139,-0.4928280135603775,-0.3613088598606907,-0.2378416351635814,0.9038722015966296,0.7026752348917149,0.008445166565065627
Ywhaq,0.0027786850681888,0.022438890030895,0.1165400811894109,-29.177861731429363,-29.042193668371844,-28.00495812802605,0.5528043263851478,0.0,0.04166245130736297
Id2,0.0004763038818766,0.004096213384139,0.0314201794077955,0.1098589399175985,0.192265431612332,0.2474589171535937,1.9937279955230776,2.2809301033583425,0.012129306082369453
Rps7,0.015860919266492,0.0824958323410335,0.343145193299992,-0.0877231586907104,-0.0487449223786148,-0.020595135724351,2.96721534395176,2.872482708791194,0.12539091987276887
Nampt,0.3346520339972457,0.7920774787647853,1.0,-0.1044649501672727,0.0508416593731325,0.1956754518610704,0.7199645980805908,0.7452104554296612,0.7999588467126936
Ahr,0.0015241724220052,0.038707628800508,0.2702706993728666,0.0785415155868726,0.2316117952803119,0.3779561492907854,0.961462069510542,1.1315135364150724,0.06603066089498424
Tspan13,0.0978804477256489,0.4268635389378423,0.9699293482575216,-0.0466042972633064,0.0983246558857322,0.2723388031356646,0.9196830126126184,0.9858649448354264,0.5070739178409869
Ifrd1,0.1568627450980392,0.6784313725490196,1.0,-0.0635351490682426,-0.0101742810036916,0.0517113694700673,1.9282306850184536,1.9145958118366089,0.7252744983306371
Hectd1,0.0001217557504524,0.0009361006688602,0.0102224535836243,-29.06959592143717,-28.9318315246972,-28.633715604217613,0.512093328094157,0.0,0.005361303830744782
Sptssa,0.0001720247930818,0.0027786850681888,0.009501095540355,-29.047511479391257,-28.840776565798983,-27.793066450703492,0.4807716856130059,0.0,0.009280909725010856
Snx6,0.0027786850681888,0.009501095540355,0.0298677932975399,-28.747113039692145,-27.70028054259541,0.0,0.2180797444805124,0.0,0.01993396992760822
Baz1a,0.1647559752760604,0.4629209642261225,0.90773026423876,0.0276723882084784,0.1880318045025388,0.3600358156428026,0.682487236966488,0.7788777548411463,0.547769819715755
Psma6,6.034243330066384e-05,0.0006238547844523,0.0079192517038663,-29.30141003794781,-29.137223087163417,-28.98890281557284,0.5904432337738477,0.0,0.004351269632483577
Nfkbia,0.0010637453361911,0.0095578312296578,0.0824958323410335,0.1201043867793953,0.1764424342445659,0.237538612881569,2.2854741703051857,2.5826389297597925,0.01993396992760822
Mia2,3.529139494825728e-05,0.0007335473709934,0.0027786850681888,-29.12345633467427,-28.969779568124785,-28.25233188791142,0.525741932238696,0.0,0.004351269632483577
Rps29,0.0573787409700722,0.1349368897356513,0.343145193299992,-0.0712017885928964,-0.0565110188511976,-0.0417982771516301,4.0638723758445945,3.908013405818037,0.19411787208427947
Rpl36al,0.0252441057394617,0.4268635389378423,0.9699293482575216,-0.0159306149793381,0.0253875106630257,0.0625384708348534,1.9893474571457423,2.025872300048624,0.5070739178409869
Arf6,0.0007335473709934,0.0027786850681888,0.0298677932975399,-28.85231377639688,-28.38385294096387,0.0,0.3502604909535498,0.0,0.009280909725010856
Psma3,0.0573787409700722,0.3837421608319441,0.9699293482575216,-0.1621236327194736,-0.0787786814962388,0.015559890020941,0.9730345492372868,0.922205173376078,0.4650619012638484
Hif1a,0.004096213384139,0.038707628800508,0.1813447646264983,0.1204534667824497,0.2276358706865852,0.326678553874988,0.9872133664781034,1.1583920228655789,0.06603066089498424
Atp6v1d,0.3346656880218249,0.7870583697675441,1.0,-0.164579601034356,0.010195681420086,0.1843079129125662,0.6759582847431246,0.6798005004746345,0.7999588467126936
Zfp36l1,0.0314201794077955,0.3053901722632373,0.9699293482575216,-0.0717783267272632,0.1174452034856025,0.2939319909311748,0.9053793852271118,0.9812710212165616,0.3890849684274299
Susd6,0.0002329080848932,0.0012455000145158,0.010408775719352,-29.49136083239254,-29.348821339599624,-29.18904603893801,0.6849713991268045,0.0,0.0066535921828080906
Srsf5,0.0314201794077955,0.1152655394141462,0.3053901722632373,-0.1932816781138094,-0.1265136594328504,-0.0681653829403043,1.4585157345900426,1.3348107846185626,0.16833744245375307
Rbm25,0.1813447646264983,0.6238787012780821,1.0,-0.05668260799546,0.053798824464941,0.1366008707796029,1.0790485453987575,1.120701899678784,0.6858161174699494
Npc2,0.2379772961816305,0.6238787012780821,1.0,-0.0361761681171075,-0.0143016654713022,0.0157846483284727,2.5503491634439475,2.5247155002269865,0.6858161174699494
Tmed10,0.038707628800508,0.343145193299992,0.9699293482575216,-0.1095320686306754,-0.043528447051603,0.0289521582597686,1.269214370297445,1.2307849859509388,0.427061490571584
Fos,0.0054933714376438,0.0473446058585377,0.2702706993728666,0.0988150156533736,0.2074104569910488,0.3161833834175477,1.5525482275899762,1.7909826863580949,0.0782084944878376
Jdp2,0.0763383804326096,0.3470518969822671,0.9671227617061148,-29.126810621998207,-28.426189147791064,0.1545134827827517,0.3783020461539592,0.0,0.4316295546539156
Slirp,0.0007335473709934,0.0007335473709934,0.009501095540355,-28.923896910605936,-28.75729678150146,-26.70975557011085,0.4537420148637079,0.0,0.004351269632483577
Gpr65,0.0001905215527506,0.003760918126399,0.0184394950081998,-0.8033170110671564,-0.6173255273419622,-0.4661613428972895,1.0286160174345416,0.6693962864911036,0.01158717945519557
Foxn3,0.1996030161831719,0.6985956961394035,1.0,-0.2873530612799233,0.0611328585191619,0.3256851347159299,0.5802816533113277,0.6090267112673071,0.744652471905887
Calm1,0.343145193299992,0.7920774787647853,1.0,-0.0464798701430624,-0.0121125136525848,0.0206692871877638,3.121907552412784,3.095488584656675,0.7999588467126936
Ndufb1-ps,0.3837421608319441,0.7920774787647853,1.0,-0.092904744005677,-0.026236948178568,0.0424299849405931,1.3736972293335974,1.3481824710858663,0.7999588467126936
Lgmn,0.015860919266492,0.1813447646264983,0.7344923394458999,-0.1034761479933505,-0.0504360055181395,-0.0057499329715745,2.342509444391519,2.260062889371405,0.2489232794685292
Tmem251,0.0007335473709934,0.0043495700900777,0.0174080378282394,-29.13643368677393,-28.908156011387952,-28.66537959661641,0.50375814152204,0.0,0.012653924449955348
Ddx24,0.0114756587008362,0.0694015268921112,0.2958260549644821,-0.3776687873686088,-0.2247992602544918,-0.0777398599241183,0.7216962154863359,0.619677785240418,0.10846585939425762
Ifi27,3.529139494825728e-05,3.529139494825728e-05,0.0001720247930818,-29.50088959850562,-29.34718328342669,-29.222104196999005,0.6829398517154995,0.0,0.0013718591185205543
Ifi27l2a,0.1131748953755285,0.3014149757218488,0.6158964889935725,0.0786959702545419,0.3194780144647489,0.581172821614571,0.7348186054364327,0.9194144338325582,0.3890849684274299
Papola,0.0043495700900777,0.0263812634735321,0.1996686893494154,-28.964190873756973,-28.50677310967429,-26.76489468548103,0.38141150093965,0.0,0.04767415268659065
Evl,0.0001720247930818,0.0027786850681888,0.0298677932975399,-28.881546732418165,-28.28574209074485,0.0,0.3272327974369182,0.0,0.009280909725010856
Ppp2r5c,0.0007335473709934,0.009501095540355,0.0298677932975399,-28.846057238544347,-27.03468204799524,0.0,0.1374833850306452,0.0,0.01993396992760822
Dync1h1,0.0007335473709934,0.0027786850681888,0.0298677932975399,-28.902765636440478,-28.34937333519668,0.0,0.3419887787913122,0.0,0.009280909725010856
Hsp90aa1,1.5876796062554575e-05,0.0001905215527506,0.0015241724220052,0.2438212427535426,0.316081092335616,0.3765674758551862,1.489197375208949,1.8529315115622325,0.00240057156465756
Traf3,0.0027786850681888,0.009501095540355,0.0298677932975399,-28.85561178813196,-27.71540005923242,0.0,0.2203772491428405,0.0,0.01993396992760822
Tnfaip2,0.1349368897356513,0.4726680955783123,0.9699293482575216,-0.0940203480490446,-0.0287365133451825,0.0361394297272986,1.9856185916421447,1.943672780653075,0.5528582654427506
Eif5,0.0314201794077955,0.1813447646264983,0.5208065412399778,0.0802620399440372,0.1588604013634616,0.2297964598969094,1.3937646612307173,1.5563513353761724,0.2489232794685292
Ckb,0.0001720247930818,0.0027786850681888,0.0298677932975399,-29.02701565856377,-28.45247981009676,0.0,0.3673247969407466,0.0,0.009280909725010856
Atp5mpl,0.0021592442645074,0.0314201794077955,0.2702706993728666,-0.2269114887387253,-0.1601802025965174,-0.0764533739599502,1.23911835949075,1.1067521689981905,0.05509085199428251
Siva1,0.0007335473709934,0.0027786850681888,0.0298677932975399,-29.013057345737003,-28.37351219224453,0.0,0.3477624934725012,0.0,0.009280909725010856
Pld4,1.5876796062554575e-05,0.0001111375724378,0.0015241724220052,-0.4268756568123388,-0.3349498180103358,-0.2518986623434068,1.3782567858708337,1.0958734726817925,0.002385890623763593
Gpr132,0.0690958164642375,0.3837421608319441,0.910105580693816,-0.0091911745405406,0.1167102373024343,0.2501475973002534,0.793976238223365,0.8605743341558476,0.4650619012638484
Crip1,1.5876796062554575e-05,3.175359212510915e-05,0.0001111375724378,0.8176889156250472,0.9548763342449028,1.2052144546335448,1.12046016958884,2.174860433605509,0.0013718591185205543
Igha,3.175359212510915e-05,0.0003016591251885,0.0021592442645074,0.26262286351248,0.3590888081774974,0.456343107588362,1.2681909126176676,1.62700062331457,0.0031674208144792503
Gdi2,0.0473446058585377,0.2702706993728666,0.7920774787647853,-0.1064295493270606,-0.0583129178162713,-0.0106492206335359,1.6716156078927074,1.6064231223524277,0.35194908606858677
Klf6,0.0252441057394617,0.2379772961816305,0.7920774787647853,0.0080848109738639,0.1173542921692724,0.2771315988278078,1.1263000919781252,1.217653308240605,0.3155185196834825
Gtpbp4,0.0007335473709934,0.0027786850681888,0.009501095540355,-28.999115161725022,-28.708924330903884,-27.094325329310188,0.4387805526501091,0.0,0.009280909725010856
Larp4b,0.1813447646264983,0.6784313725490196,1.0,-0.0704109092430818,0.0467435198485016,0.202998587064255,0.7658636006464311,0.7926238814797708,0.7252744983306371
Gpr137b,0.0002329080848932,0.0016408810607041,0.0136587475830383,-29.5232598838319,-29.39663667025665,-29.285161414849373,0.7067558725043321,0.0,0.007994372527750376
Arid4b,0.0007335473709934,0.0027786850681888,0.0298677932975399,-28.808400597922574,-27.82111865493425,0.0,0.2371326144339967,0.0,0.009280909725010856
Psma2,0.0003016591251885,0.0073033261887751,0.0824958323410335,-0.3523027688747508,-0.248233733051622,-0.1374939353282372,0.9695444863734092,0.8178477645614879,0.019212128766193125
Elmo1,0.0027786850681888,0.009501095540355,0.088567502575371,-28.301335539333373,-26.70975557011085,0.0,0.109758357543328,0.0,0.01993396992760822
Hfe,0.0027786850681888,0.009501095540355,0.088567502575371,-28.51539329164792,-27.03468204799524,0.0,0.1374833850306452,0.0,0.01993396992760822
BC005537,0.0123997777248551,0.1349368897356513,0.5726712709375237,0.0028949700913758,0.0838939494085795,0.1798280909079541,1.1616044087533175,1.2317006295863124,0.19411787208427947
Uqcrfs1,0.0134733445921782,0.0941487815333315,0.491901155439708,-29.260011719153265,-29.01838445381168,-0.1263277137080745,0.5978991938878239,0.0,0.14203949121502613
Pxdc1,0.0167889920924848,0.144747399408133,0.6646721656699591,-29.52426070558535,-1.620146514222109,0.0230670607940541,0.6549774566334455,0.2269395489496057,0.2079036939612099
Prpf4b,0.0027786850681888,0.009501095540355,0.088567502575371,-28.52591216143754,-26.940510544734632,0.0,0.1287958201896267,0.0,0.01993396992760822
Ly86,0.4726680955783123,0.8506311026434865,1.0,-0.1283141389018099,-0.0460319192297918,0.0428680688755195,1.1923214988127435,1.15216905416724,0.8510969466208379
Ssr1,0.0013981399053915,0.0471866693782339,0.4585101971938118,-29.08549252202305,-28.978023742000605,-28.244831117996952,0.5290780295134263,0.0,0.0782084944878376
Tmem14c,0.0007144558228149,0.0041647687668991,0.0076835327659961,-0.7670982139437905,-0.6364569769150636,-0.5146766039578279,1.01684855489172,0.6539751412435977,0.012312350383696855
Nol7,3.529139494825728e-05,0.0003565717551321,0.0043495700900777,-29.121966919164272,-28.98752107550434,-28.778451299691536,0.5322471681622692,0.0,0.003375422780447392
Mcur1,0.0027786850681888,0.009501095540355,0.088567502575371,-28.451127029106868,-26.951266012703066,0.0,0.1297595968607367,0.0,0.01993396992760822
Cd83,0.015860919266492,0.0978804477256489,0.343145193299992,0.0698953783909585,0.1508662959186296,0.2470811795185904,1.5255943282849125,1.6899625398881262,0.14538827479248825
Jarid2,0.0021592442645074,0.0536666629062044,0.3958881626528012,0.0767442827455819,0.2511570337036043,0.4109268603479485,0.6374569659070705,0.7596160659691715,0.08793631670819321
Dek,0.0010531774138967,0.0085680166882523,0.0393165180425796,-29.39775606871264,-29.27656068388816,-29.180380320301293,0.6503137563955931,0.0,0.01993396992760822
Fam120a,0.0001720247930818,0.0027786850681888,0.009501095540355,-28.933906214491984,-28.538004110092142,-25.8921819270462,0.3897584963368994,0.0,0.009280909725010856
Ninj1,0.0251162975311582,0.1568627450980392,0.6238787012780821,0.0334954040312112,0.1095298864404793,0.2016528091842716,1.477210692823249,1.5942245015497551,0.22001900513084985
Card19,0.0054933714376438,0.0252441057394617,0.1152655394141462,0.2568326337770579,0.4395289459991509,0.5925177843818675,0.7213399486948093,0.9812874549878718,0.04570959483250399
Sema4d,0.0004570259517539,0.0060568372158396,0.0611746769138519,-29.24716705179228,-29.109245542828344,-28.66425607440016,0.5791033319246617,0.0,0.016565631127752917
Syk,0.015860919266492,0.2082876875446535,0.910105580693816,0.0160287275051016,0.089129385043055,0.1637479294961491,1.2512318706196512,1.330464823867456,0.2800158978249315
Nfil3,0.1108182703999945,0.307391651876539,0.8327859255946153,-29.32901900897201,-29.13831250642249,-1.0916538257961237,0.6000627519055911,0.0,0.3913620543403741
Higd2a,0.0001217557504524,0.0003316841937808,0.0024312105781251,-29.32948868419697,-29.176749023132093,-29.012450697444358,0.6068433975835504,0.0,0.003317487519982519
Prelid1,0.0143349236323432,0.0927576203686832,0.4816284476790233,-1.4688857799567263,-0.3395863228242931,-0.0974407507011342,0.7102651277872023,0.5621405506886292,0.14028822219667564
Lman2,0.0001219709860793,0.0004338587209506,0.0031651007879669,-29.43993776735144,-29.31517313792508,-29.19590470581973,0.6679538262442506,0.0,0.004044183077432379
Tmed9,0.0021592442645074,0.0824958323410335,0.6798328967214403,-0.2244754330570076,-0.1235193894178984,0.0025348363853728,0.8550717732575419,0.7843042806822349,0.12539091987276887
Ddx46,0.0007335473709934,0.0027786850681888,0.0298677932975399,-28.90045098715797,-27.821452256598505,0.0,0.237187419587304,0.0,0.009280909725010856
H2afy,0.0252441057394617,0.2702706993728666,0.8506311026434865,-0.2231266222734988,-0.1077873627484819,-0.0198846882642211,0.9749943798350832,0.9059546393169782,0.35194908606858677
Cxcl14,0.0007335473709934,0.009501095540355,0.088567502575371,-29.01467625516833,-27.119159631021237,0.0,0.145774145099922,0.0,0.01993396992760822
Tgfbi,0.0252441057394617,0.0978804477256489,0.343145193299992,-0.2404624550499122,-0.1699612289411412,-0.0767770864213446,1.8693099388304264,1.6641222611714976,0.14538827479248825
Hnrnpa0,0.0004763038818766,0.0086867138133009,0.0824958323410335,0.1249792092468696,0.2458975083637826,0.3919005932361647,0.6732655208119793,0.7978588479758224,0.01993396992760822
Hnrnpk,0.0015241724220052,0.038707628800508,0.343145193299992,0.0277102227841572,0.0954583777066432,0.1463866921162172,1.4071152574519687,1.5023591059553576,0.06603066089498424
Tut7,0.0002438604796512,0.0030009890826976,0.0421259495200012,-29.413656561370782,-29.275263358783047,-1.617653567634718,0.6532476182779903,0.0,0.009485825353094316
Ctsl,0.015860919266492,0.0824958323410335,0.343145193299992,-0.3350694259292904,-0.2041551427297625,-0.0555471683689502,1.3287784966858824,1.1535107016649624,0.12539091987276887
Uqcrb,0.0095578312296578,0.0936964351632124,0.5208065412399778,-0.2017681419200538,-0.1126086304656001,-0.0404778110395855,1.2292904059054013,1.13900161543846,0.1415908908545815
Ndufs6,0.000244141310286,0.0014100895501992,0.0188095248597763,-29.395824254457875,-29.2970030232558,-29.15720109473353,0.6601219707004238,0.0,0.007216340639254729
Pdcd6,0.0108361377218406,0.1345471852401349,0.6953789948639539,-29.022081812862915,-28.84190752679502,-27.71232914874444,0.4811486788048679,0.0,0.19411787208427947
Sdha,0.0001720247930818,0.0027786850681888,0.009501095540355,-29.0223884931562,-28.853056964433804,-27.766433337862782,0.484881497196894,0.0,0.009280909725010856
Ell2,0.0143349236323432,0.1022436754181952,0.5369408750268727,-0.4367076052280891,-0.2110364036198931,-0.0279377817686337,0.7333127966147484,0.6336999264813341,0.15162272320539175
Glrx,0.0027786850681888,0.009501095540355,0.037650276439806,-28.846330735152385,-27.733777985849372,0.0,0.2232025052589165,0.0,0.01993396992760822
Mef2c,0.0007335473709934,0.0027786850681888,0.0292545655864068,-29.06100985852316,-28.40543040550245,-27.91924748587721,0.3555384629663293,0.0,0.009280909725010856
Cox7c,0.0690958164642375,0.343145193299992,0.9699293482575216,-0.0806861641603603,-0.0373416384542786,0.00614234366543,1.8048788187925229,1.7592522506749924,0.427061490571584
Tmem167,0.0011293135916274,0.016633341135281,0.1182029444806938,-29.17402585932716,-29.034272998241764,-28.796593030019228,0.549777641641644,0.0,0.03232884495123233
Rps23,0.1152655394141462,0.4726680955783123,0.9699293482575216,-0.0431341420290594,-0.0172088204856558,0.0076669396355708,3.3899934505882072,3.3505967954127223,0.5528582654427506
Tbca,0.1813447646264983,0.6784313725490196,1.0,-0.0852887128538383,-0.0103566986112805,0.057671771760263,0.938980609219043,0.9345528239011108,0.7252744983306371
Nsa2,0.3053901722632373,0.7920774787647853,1.0,-0.0838709830406001,-0.009637096643239,0.0559185549570025,1.2573559538183174,1.2517001808615948,0.7999588467126936
Hexb,0.0002219962051443,0.0002345546750104,0.0007214578486927,-0.8707052557902542,-0.702443872500812,-0.5481322063497079,1.028968249727559,0.6350341965695647,0.0027704731297672172
Btf3,0.0029641978248789,0.0573787409700722,0.4268635389378423,0.0156602554928775,0.0512593925571742,0.0961347442847493,1.774080878307129,1.838460669530184,0.09252511893408819
Fcho2,0.0001720247930818,0.0027786850681888,0.009501095540355,-29.018973033332458,-28.781634740105392,-26.780126141821185,0.4614614008017532,0.0,0.009280909725010856
Pik3r1,0.0004763038818766,0.0201317774073192,0.2702706993728666,-0.3021359806038703,-0.1794386537543229,-0.0600829967736081,0.9233084248902934,0.8159034407069563,0.0379183065187342
Erbin,0.4143554061444077,0.8450263631423363,1.0,-0.1570301816000412,0.0885110893576787,0.2844094118836794,0.5952458119192445,0.6333408303848811,0.8506133143036079
Gpbp1,0.0005935583603352,0.0053040907129321,0.0473446058585377,0.410002990093306,0.7084898666689726,2.3389272958299827,0.4542167215375793,0.7419789059461754,0.015141521457073353
Map3k1,0.0006834348667358,0.0043495700900777,0.037650276439806,-29.12051279939093,-28.922015587414315,-27.99612909381433,0.5086209340360883,0.0,0.012653924449955348
Snx18,0.0054933714376438,0.0690958164642375,0.3837421608319441,-0.3053732059831383,-0.2046590325235968,-0.0736297159237252,1.1891474526732502,1.0307981023695574,0.10826591482003595
Ndufs4,5.971615734185371e-05,0.0003565717551321,0.0032593368359413,-29.130872724079826,-29.03271297594538,-28.91987515256445,0.5491834746029838,0.0,0.003375422780447392
Emb,0.0187008311270478,0.0475094191629123,0.1569155794666105,2.7753015995746524,29.47945134679312,29.590377852812303,0.0,0.7505733525584793,0.07840985439082274
Dnase1l3,1.5876796062554575e-05,1.5876796062554575e-05,0.0002462939704825,-1.3971087778574536,-1.174745559860741,-0.9738145733608046,1.913105494463145,0.8452426029185232,0.0013718591185205543
Top2b,0.0027786850681888,0.009501095540355,0.088567502575371,-28.30111730786908,-25.8921819270462,0.0,0.062276386637268,0.0,0.01993396992760822
Rpl15,0.2379772961816305,0.7344923394458999,1.0,-0.031935965400528,0.0072744767780671,0.0485320637609747,2.4221444589369114,2.435318866026458,0.7577173936576279
Rtraf,0.0095816821063022,0.0557432987804457,0.2596551285404619,-29.352519656680347,-29.199682343670357,-0.263969963803263,0.6413343381821914,0.0,0.09109392385677485
Gng2,3.529139494825728e-05,6.034243330066384e-05,0.0001720247930818,-29.54756701282722,-29.39176316152439,-29.262455535369607,0.7043724099603242,0.0,0.0018714133165346587
Chchd1,0.0001720247930818,0.0027786850681888,0.009501095540355,-28.93076226093701,-28.464998099656704,-26.71977016356002,0.3705261999777786,0.0,0.009280909725010856
Vdac2,0.0001099468127331,0.0029848376597602,0.038707628800508,-0.3265788702750669,-0.2263703515578805,-0.1360041485011969,1.2028335874397702,1.0321014092012477,0.009467531952051885
Rps24,0.0251162975311582,0.1568627450980392,0.7920774787647853,-0.0411214030077968,-0.025951623325188,-0.0064179820717751,3.741440874117097,3.674208403235348,0.22001900513084985
Zmiz1,0.0002467387782614,0.0024059978987341,0.0261221285241381,-29.46216234065164,-29.27316623143675,-1.2774766945759983,0.6555158337665492,0.0,0.009280909725010856
Arf4,0.0123997777248551,0.2702706993728666,0.9699293482575216,-0.0345283346118654,0.0481702272180357,0.1448850820646895,1.27846080666822,1.3241473479273838,0.35194908606858677
Selenok,0.0824958323410335,0.4726680955783123,0.9699293482575216,-0.0309548073216621,0.0457801677857902,0.1134057087097924,1.486722139787175,1.532377062834055,0.5528582654427506
Tkt,0.0054584424863062,0.038707628800508,0.2702706993728666,-0.266805407418913,-0.1660245473939384,-0.0828638317323671,1.032925420056845,0.9220699340583862,0.06603066089498424
Prkcd,0.0824958323410335,0.4268635389378423,0.9699293482575216,-0.0248143790363085,0.1157700854466081,0.2761487962109517,0.6941885876799209,0.7527136888546297,0.5070739178409869
Spcs1,0.0226430210233521,0.2315792029737146,0.9390436284483986,-0.2677211554762401,-0.0850076870224815,0.0633381548416767,0.6507295897333911,0.6150565262013363,0.31041467632646846
Gnl3,3.529139494825728e-05,0.0007335473709934,0.0027786850681888,-29.18092544822675,-29.04579030084552,-28.91750158908556,0.5541841844631371,0.0,0.004351269632483577
Pbrm1,0.0027786850681888,0.009501095540355,0.0298677932975399,-28.79908366683342,-26.69026135056855,0.0,0.1082852378045482,0.0,0.01993396992760822
Stab1,0.0007335473709934,0.009501095540355,0.088567502575371,-28.801384367360285,-26.8767333394773,0.0,0.1232261605692352,0.0,0.01993396992760822
Nisch,0.0007335473709934,0.0027786850681888,0.009501095540355,-28.887100864482363,-28.34318117289488,-26.26308402814542,0.3405239828048125,0.0,0.009280909725010856
Dph3,0.0027786850681888,0.009501095540355,0.0298677932975399,-28.760294356985693,-27.623228409999527,0.0,0.2067380075348442,0.0,0.01993396992760822
Timm23,0.0059686693402117,0.0596106748814057,0.3341195270386536,-29.203822379871447,-0.2667789966985525,-0.0893541849069198,0.6471402134603654,0.5392409434852303,0.09578601847698172
Glud1,0.015860919266492,0.3837421608319441,0.9699293482575216,-0.2196150111271886,-0.1217840088597522,0.014612065246252,0.8921353762529745,0.82083974907706,0.4650619012638484
Wapl,0.1131952949438642,0.5713582599031516,1.0,-0.179654028387842,-0.0183245909521114,0.1359385152084042,0.6728870819283006,0.6671787433449587,0.6427780423910455
Ghitm,0.0001720247930818,0.0027786850681888,0.022438890030895,-29.11709104526341,-29.010930884991964,-28.600282597868887,0.5409540766162577,0.0,0.009280909725010856
Lgals3,1.5876796062554575e-05,0.0001111375724378,0.0010637453361911,0.2499824559116082,0.380250109038877,0.5167334666456034,1.7839410873536987,2.3210281654110965,0.002385890623763593
Ktn1,0.0027786850681888,0.009501095540355,0.088567502575371,-28.456400206785784,-26.37177860260144,0.0,0.086835316867127,0.0,0.01993396992760822
Exoc5,0.0007335473709934,0.009501095540355,0.0298677932975399,-28.807935203590304,-27.607413927101508,0.0,0.2044841698146204,0.0,0.01993396992760822
Hnrnpc,0.0054933714376438,0.0978804477256489,0.6784313725490196,0.0307452320657196,0.1264200965935498,0.2246665801450112,0.8085400987969495,0.8832416251922299,0.14538827479248825
Tox4,0.0007335473709934,0.009501095540355,0.088567502575371,-28.50385897552496,-26.26308402814542,0.0,0.0805334057444212,0.0,0.01993396992760822
Dad1,0.0073033261887751,0.2702706993728666,0.9699293482575216,-0.154836523275844,-0.0501986989110216,0.0498755017685053,0.9243723291086186,0.8926124986685441,0.35194908606858677
Mrpl52,0.0095578312296578,0.1568627450980392,0.8506311026434865,-0.1418634440779701,-0.086693950829689,-0.007232877010395,1.173008006976775,1.1065492867732711,0.22001900513084985
Mmp14,0.0002219962051443,0.00089067411736,0.0028677490529391,-1.8800363551232928,-0.7367187902304249,-0.5293488671810411,1.015174411364053,0.608135541601169,0.005117174881813584
Psmb5,8.600635107884218e-05,0.0004592558527205,0.0057606676070176,-29.248509159199493,-29.109795444822907,-28.981267503096664,0.5793241028147733,0.0,0.004203899479171731
Acin1,0.0001720247930818,0.0027786850681888,0.0298677932975399,-28.944134172132497,-28.28267214386876,0.0,0.32653720531911,0.0,0.009280909725010856
Slc7a8,0.0007335473709934,0.009501095540355,0.088567502575371,-28.64512910836859,-26.837175449770204,0.0,0.1198932700654715,0.0,0.01993396992760822
Pabpn1,0.0003565717551321,0.0017888776467873,0.0057606676070176,-29.15265505735737,-29.03968386613278,-28.892335820087677,0.551843469537785,0.0,0.008445166565065627
Psme1,0.0095578312296578,0.0473446058585377,0.1813447646264983,-0.1755114255436262,-0.1261455924051457,-0.0701406178623062,1.5683164578382738,1.434671534103245,0.0782084944878376
Psme2,0.0095578312296578,0.0473446058585377,0.2379772961816305,-0.2919188158256849,-0.1958181379086802,-0.1044208183403236,0.9957878433207032,0.868060966614206,0.0782084944878376
Nedd8,0.0010637453361911,0.0690958164642375,0.5713582599031516,-0.188917409159795,-0.1022224343978473,-0.0257639373752114,1.1640689134463775,1.0836902655001563,0.10826591482003595
Ctsb,0.1152655394141462,0.343145193299992,0.7344923394458999,-0.0936283095806939,-0.058309293950494,-0.0241044962450481,3.094346417268821,2.9699781261634586,0.427061490571584
Dpysl2,0.0007335473709934,0.0027786850681888,0.0298677932975399,-28.84110527414181,-27.819566330230508,0.0,0.2368778656901193,0.0,0.009280909725010856
Bnip3l,3.529139494825728e-05,0.0007335473709934,0.009501095540355,-28.96565485203335,-28.65356019794492,-26.701306145923127,0.4222611256697135,0.0,0.004351269632483577
Rcbtb2,0.0474424416551647,0.2782729813185302,0.8464825110542755,0.0230850182224791,0.2774176929518133,1.250772153042534,0.5774953430389149,0.7028147853780893,0.36133954290615117
Itm2b,0.0010637453361911,0.0073033261887751,0.0314201794077955,-0.2373680930558351,-0.1973193248933561,-0.161930160617361,3.2807913470835324,2.859024570250175,0.019212128766193125
Esd,0.1131952949438642,0.5369408750268727,1.0,-0.2626659683446841,-0.0687473936100303,0.105925316793121,0.6987340806455518,0.6664644623861621,0.6162003634887541
Lcp1,3.175359212510915e-05,0.0015241724220052,0.0473446058585377,-0.1876932285598481,-0.1443183456766183,-0.0966945400306037,1.9998710445785275,1.8097337870569823,0.007505830229119948
Tpt1,0.0021592442645074,0.0123997777248551,0.0573787409700722,0.0177099195188076,0.0303753606943117,0.044687454656546,4.126318540001639,4.212951270064201,0.024922325526193913
Epsti1,0.0007335473709934,0.0007335473709934,0.009501095540355,-29.09438284431178,-28.948523372447923,-27.904794896610884,0.5180526080741785,0.0,0.004351269632483577
Kctd12,0.0690958164642375,0.4268635389378423,0.9699293482575216,-0.0441316286429974,0.0576199649146734,0.1689619339089033,1.296030186526455,1.352455801453465,0.5070739178409869
Mycbp2,0.0123997777248551,0.2082876875446535,0.7920774787647853,-0.2072191407325616,-0.0944011091798361,0.0083860570442593,0.9321483393625652,0.8733304665243885,0.2800158978249315
Ndfip2,0.0027786850681888,0.060676213535144,0.421226800638139,-28.45864370535998,-25.8921819270462,0.0,0.062276386637268,0.0,0.09673249749450967
Gm10076,0.0821608319441137,0.2379772961816305,0.7920774787647853,-0.3812587330291064,-0.2301202771158442,-0.0095756740218709,1.030356881554749,0.8809891278321869,0.3155185196834825
Tpm3-rs7,0.0001720247930818,0.0001720247930818,0.0027786850681888,-29.10976921188732,-28.97850613579751,-28.68189746305737,0.52893167786019,0.0,0.002385890623763593
Dnajc3,0.0038003384534461,0.0408264300091681,0.3346656880218249,-0.2857760899837234,-0.1571300678726087,-0.0430737947185839,0.8112392723380107,0.7256768947871088,0.06900082111632759
Mbnl2,0.262549586881392,0.7283560871056942,1.0,-0.132552032893472,0.0276190050292118,0.1603834864639944,0.6252695883465677,0.6389240546103891,0.7577173936576279
Gpr183,0.0573787409700722,0.3747677914932922,0.9699293482575216,-0.0687171542722757,0.151776575095679,0.5765663283188105,0.9866073522199892,1.0951196625399802,0.46194037896013174
Tm9sf2,0.0007335473709934,0.009501095540355,0.088567502575371,-28.684047610386003,-26.80634812932687,0.0,0.1173585830780135,0.0,0.01993396992760822
Selenop,0.3053901722632373,0.6784313725490196,1.0,-0.1852278977115205,-0.0665816980807667,0.0601331829138767,2.234919372338443,2.133072960626615,0.7252744983306371
Oxct1,0.0027786850681888,0.009501095540355,0.0298677932975399,-29.041952381892543,-28.00272802266825,0.0,0.2689435255094862,0.0,0.01993396992760822
Rpl37,0.0201317774073192,0.1568627450980392,0.5713582599031516,-0.0612217353451812,-0.0350570090675567,-0.0051364818742933,3.084249006342,3.009126785687225,0.22001900513084985
Dab2,0.0007144558228149,0.0201317774073192,0.1354850361197105,0.1845340425556979,0.3431470118331563,0.5440165211847785,0.8612110161010897,1.0883820711993697,0.0379183065187342
Fyb,1.5876796062554575e-05,1.5876796062554575e-05,6.35071842502183e-05,-0.5576193668167699,-0.5059857795276524,-0.4398287138050036,1.7987339659689998,1.26683367303971,0.0013718591185205543
Nipbl,0.0149354467126296,0.0970382453253622,0.5218535494345636,-0.3766741060305845,-0.201432968656612,-0.0083586615025234,0.712123297547128,0.619745585570865,0.14538827479248825
Il7r,0.300039250687046,0.7855015590050032,1.0,-29.030610348328395,-2.1690873456051563,28.299318506307998,0.217525564340083,0.0,0.7999588467126936
Sub1,0.0001905215527506,0.0123997777248551,0.1152655394141462,0.0702080960192825,0.105816539641991,0.1461353784143587,1.7897248203290124,1.9265144249353927,0.024922325526193913
Basp1,0.0824958323410335,0.4268635389378423,0.910105580693816,-0.0934464976215301,-0.0364294370633645,0.0133010556066453,2.40931591709702,2.347218998914679,0.5070739178409869
Otulin,0.0007335473709934,0.0027786850681888,0.0298677932975399,-28.95473702605105,-28.397536145575792,0.0,0.3535983107151005,0.0,0.009280909725010856
Otulinl,0.0001217557504524,0.0017888776467873,0.0292545655864068,-29.204255148999817,-28.978442403380026,-27.70028054259541,0.5289083749652022,0.0,0.008445166565065627
Cct5,0.0024059978987341,0.0315432613391559,0.2596551285404619,-29.28223530426836,-0.3526856161227593,-0.1078399871474459,0.6724161683161765,0.5292429679664902,0.05525363227865564
Mtdh,0.0029848376597602,0.038707628800508,0.2028472404323827,-0.3590728876652008,-0.2265303324809343,-0.1184690566463136,0.8379395740809422,0.7160190417445218,0.06603066089498424
Rpl30,0.0252441057394617,0.1813447646264983,0.6238787012780821,-0.050937960437038,-0.0341212772200542,-0.011938338338418,3.1859810300370253,3.1104826973777167,0.2489232794685292
Cox6c,0.047128681432087,0.3053901722632373,0.7920774787647853,-0.1100328353171073,-0.069789793984831,-0.0345779748068784,1.8277986140484324,1.7419621527840798,0.3890849684274299
Pabpc1,0.1152655394141462,0.4726680955783123,0.9699293482575216,0.0003368840531928,0.0346787096727517,0.0669033062981774,2.220472689788005,2.2750679482831613,0.5528582654427506
Ywhaz,0.0001111375724378,0.0010637453361911,0.015860919266492,0.1462474713321493,0.243756812875649,0.3203205045243705,1.470927382592685,1.73908348596294,0.0057498897314234906
Azin1,0.0077371208623235,0.088567502575371,0.6355972597289201,-28.291340529933347,-26.349730637477315,0.0,0.0855183463591022,0.0,0.13439603588471993
Atp6v1c1,0.0026223530075448,0.02101953872444,0.140966286714118,-29.092307733435472,-28.919133133174824,-28.30043447400301,0.5076057677816902,0.0,0.0393470258704425
Eif3e,0.1152655394141462,0.5713582599031516,1.0,-0.1425172796687213,-0.0382043614384279,0.0487619914772387,0.9802262299162388,0.9540472521432092,0.6427780423910455
Eny2,0.0007335473709934,0.0027786850681888,0.0027786850681888,-28.947536841151216,-28.73008345730877,-27.919207315243643,0.445263296835357,0.0,0.009280909725010856
Trps1,0.0573787409700722,0.2702706993728666,0.910105580693816,0.0135246054437801,0.2165028962978571,0.367633302986915,0.7632302385025075,0.8872076991570669,0.35194908606858677
Eif3h,0.0001905215527506,0.0123997777248551,0.1813447646264983,-0.2721395783505134,-0.2009415020154756,-0.1001299694409308,1.1144776371878264,0.9681950433161526,0.024922325526193913
Derl1,3.529139494825728e-05,0.0001720247930818,0.0100068240288516,-29.10186303589756,-28.92254643214432,-28.233636647104856,0.5088081114946379,0.0,0.002385890623763593
Ndufb9,0.0001905215527506,0.0095578312296578,0.0314201794077955,-0.3642045995032317,-0.2768139719685173,-0.2132809027139936,1.0602235578424413,0.8751769013050161,0.01993396992760822
Trib1,0.2254547389482661,0.6646080249871684,1.0,-0.8552021147339675,0.2023869371504012,0.6031835294559285,0.52747623469528,0.6064862426964954,0.7252744983306371
Fam49b,0.3837421608319441,0.8506311026434865,1.0,-0.0522982381526871,0.0080703896574137,0.0823069769530394,1.2369517291374177,1.2433354851520249,0.8510969466208379
Sla,0.0143349236323432,0.0959063034015804,0.4619313802608605,-1.470278173082165,-0.2015743701239799,0.0139867993988413,0.6628097336757863,0.5841068760815683,0.1445716306226794
St3gal1,0.0069757439027985,0.0325325182293942,0.1765016034848314,0.4449747595094849,1.090976371627309,29.37024990126243,0.3400776730007406,0.7259385117409534,0.05676877822836983
Ago2,0.3837421608319441,0.7920774787647853,1.0,-0.1282368460208618,8.846983453989408e-05,0.1464296843814199,0.8214858315921791,0.824418597375774,0.7999588467126936
Ly6e,3.175359212510915e-05,0.0001111375724378,0.0007144558228149,-0.2502292887005619,-0.2164848787753114,-0.1815326939587135,2.457860830017995,2.1168950611491537,0.002385890623763593
Ly6a,3.529139494825728e-05,3.529139494825728e-05,0.0001720247930818,-29.631425621105592,-29.300906377732492,-29.113335046610644,0.6613810089421277,0.0,0.0013718591185205543
Eef1d,0.0073033261887751,0.1568627450980392,0.7920774787647853,-0.1809737806194828,-0.0892329241890747,-0.0023924225598849,0.8606569150297461,0.807911335639223,0.22001900513084985
Grina,8.600635107884218e-05,0.0011483811028681,0.0130722697176655,-29.2638606296234,-29.13969658494544,-29.032969860665222,0.5914564004583795,0.0,0.006152763269618823
Cyc1,0.0027786850681888,0.009501095540355,0.088567502575371,-28.584870905846053,-26.88014798013543,0.0,0.123518163657654,0.0,0.01993396992760822
Vps28,0.0001720247930818,0.0027786850681888,0.009501095540355,-28.932328111619547,-28.55321501824093,-26.792722923442653,0.3938893078618387,0.0,0.009280909725010856
Rpl8,0.1344451059776137,0.5208065412399778,0.9699293482575216,-0.0044143049977479,0.0248254636412939,0.0592731783639793,2.7065725833622176,2.7522155343626102,0.5988128073287851
Myh9,1.5876796062554575e-05,0.0010637453361911,0.0690958164642375,-0.3521281218268302,-0.2393164653041001,-0.1355902976447113,1.12828242386961,0.9557480876110316,0.0057498897314234906
Txn2,0.0007335473709934,0.009501095540355,0.0298677932975399,-28.681955294026828,-27.19615302972468,0.0,0.1537651179776715,0.0,0.01993396992760822
Ncf4,0.1349368897356513,0.6238787012780821,1.0,-0.1196461509747218,-0.0301984781840983,0.0948706192750599,1.0479631153674225,1.0273372102666036,0.6858161174699494
Csf2rb2,0.0183750306146571,0.1349368897356513,0.473033631937421,0.1063275853784727,0.2917570702001846,0.5289728778270238,0.6439505751385584,0.78669628574773,0.19411787208427947
Csf2rb,0.0001905215527506,0.0015241724220052,0.0095578312296578,0.201245802916392,0.288963405175238,0.4163291698291056,1.58553425345874,1.935926408061079,0.007505830229119948
Rac2,6.35071842502183e-05,0.0029848376597602,0.0573787409700722,-0.3508636966954176,-0.2317461199650181,-0.1131873240764056,0.9735743809629968,0.8293624262247844,0.009467531952051885
Cyth4,0.0010238557219044,0.0060878386813011,0.0405991304587522,-0.607926714189883,-0.4573559223884459,-0.2979997517501421,0.8686338876040385,0.6341410810656477,0.016625532542207937
Lgals1,0.010408775719352,0.0557432987804457,0.2166433052467157,1.6795791956923896,29.44647009540607,29.55912817781142,0.0,0.7524632195198665,0.09109392385677485
Maff,0.0027171818924305,0.0209901392215157,0.1387749168664838,-29.312809353374043,-29.18164491713993,-28.714511625992586,0.6089063946643792,0.0,0.0393470258704425
Ddx17,0.2319705926008954,0.7227912249010906,1.0,-29.030506940838013,-0.7290416836032441,1.215051733494768,0.4564586128508373,0.261942696196303,0.7577173936576279
Tomm22,0.0001720247930818,0.0027786850681888,0.0298677932975399,-28.972246960239534,-28.412919396526284,0.0,0.3573888560172092,0.0,0.009280909725010856
Rpl3,0.0001905215527506,0.0010637453361911,0.0073033261887751,-0.1695864572826718,-0.1414770698501671,-0.1029728705739731,2.796656290017543,2.53300673688217,0.0057498897314234906
Atf4,6.35071842502183e-05,0.0073033261887751,0.1349368897356513,0.2372717227376815,0.414941421657005,0.6248016932614714,0.6953315652650768,0.9261505864290348,0.019212128766193125
St13,0.2012716945903582,0.6133484776563917,1.0,-0.1435746979737812,0.0323695880235825,0.1777869599764431,0.6781090217796275,0.6962680257827476,0.6845373663275672
Rbx1,0.1152655394141462,0.6784313725490196,1.0,-0.0800478094176152,0.0048934866818512,0.0920871539677167,0.9868962121394872,0.9900123355769396,0.7252744983306371
Tob2,0.187827574880496,0.6784313725490196,1.0,-0.2093000723835287,-0.0275506276759928,0.1692165552106367,0.7334513214335047,0.7188392238150485,0.7252744983306371
Snu13,0.0473446058585377,0.2702706993728666,0.7920774787647853,-0.0332154587701641,0.0910054148833841,0.2222733317523686,0.736923887492203,0.7852110875284875,0.35194908606858677
Smdt1,0.0095578312296578,0.1349368897356513,0.7920774787647853,-0.2213775787748454,-0.1219584742315784,-0.0212915859143477,1.1556145543782013,1.0604339858451837,0.19411787208427947
Ndufa6,0.0095578312296578,0.0824958323410335,0.5713582599031516,-0.2623213036731227,-0.1478227113353351,-0.0351667619960625,1.0646212901164551,0.9615841210084786,0.12539091987276887
Poldip3,0.0004592558527205,0.0065216096837837,0.0573225174744465,-29.31710805682156,-29.16579764950248,-28.98946722917997,0.6024521833258327,0.0,0.017664677823950904
Tspo,0.0029848376597602,0.015860919266492,0.0690958164642375,-0.3378868468219067,-0.2761669807736688,-0.1977042300354082,1.5030961940726435,1.2389870310219075,0.030959294337479574
5031439G07Rik,0.0093710073197472,0.1387749168664838,0.7605323733294866,-28.846209223547405,-28.257874439206248,0.0,0.3209724953121105,0.0,0.19948211889462306
Pim3,0.0001720247930818,0.0043495700900777,0.0480139728942661,-29.085454143285148,-28.850250498863414,-27.42049299540444,0.483939177116254,0.0,0.012653924449955348
Zcrb1,0.1674673387124855,0.6646080249871684,1.0,-28.98675964900172,-1.7434461432443222,0.1826223600951968,0.4843419185123032,0.1292792901058995,0.7252744983306371
Scaf11,6.034243330066384e-05,0.0006834348667358,0.0130722697176655,-29.26127694023657,-29.09217416856725,-28.883926673755287,0.5722911936152622,0.0,0.004351269632483577
Slc38a1,0.0014974463640348,0.0163617647545641,0.0440772329098854,0.6367879433786943,0.8004802186771097,1.3028467459144593,0.5610793621450149,0.9787776323960112,0.0318688104547853
Slc38a2,0.1491328671438686,0.6564077338807045,1.0,-29.047919980745174,-0.911900912894158,2.1534902000442977,0.4588472473495801,0.2451580625905866,0.7202744323123407
Arf3,0.0006834348667358,0.0050551188485477,0.0978412151825437,-28.89698901650547,-28.2348623860321,0.0,0.3159031082844822,0.0,0.01450893382735402
Tuba1b,0.0027631497736189,0.0218317488739345,0.1373958142275489,-29.475507313502344,-0.6693240461385128,-0.276784318012712,0.723754598047179,0.4686367914772896,0.04074219120804732
Tuba1c,0.2012716945903582,0.5613582450978213,1.0,0.0025264839869681,0.1613109429202384,0.3854768832798875,0.633813329813592,0.710821966477388,0.6418032001212262
Tmbim6,0.0185042722165465,0.2082876875446535,0.7920774787647853,-0.1252838536202897,-0.0649501724328286,-0.0008981623167149,1.42407036228592,1.361670169392335,0.2800158978249315
Cox14,6.034243330066384e-05,0.0002391009389611,0.0024238779803224,-29.26651948229238,-29.114792699636773,-28.99733032406052,0.5813342616392533,0.0,0.0027704731297672172
Dazap2,0.004096213384139,0.0690958164642375,0.343145193299992,0.0489462906771362,0.1204338445074697,0.198041570857435,1.2108471300277936,1.3136804320943338,0.10826591482003595
Eif4b,3.529139494825728e-05,0.0001720247930818,0.0007335473709934,-29.24425285205704,-29.12981810042349,-28.949340904154045,0.5874203917696091,0.0,0.002385890623763593
Pfdn5,0.015860919266492,0.2379772961816305,0.910105580693816,-0.0733558831560088,-0.0358424189478407,0.0048649313537852,1.7869603909546423,1.7436591156581138,0.3155185196834825
Prr13,0.0001808387981124,0.0004045515741784,0.0033676041190591,-29.58533214739324,-1.421880641773738,-0.4245135252526116,0.766201831189285,0.2792627529628895,0.003790337056533009
Pcbp2,0.0015241724220052,0.0473446058585377,0.6238787012780821,0.013818752039389,0.0549496777566953,0.0974627638094053,1.38379032410228,1.4382594361172,0.0782084944878376
Atp5g2,0.0054933714376438,0.0473446058585377,0.2082876875446535,-0.1781566051207632,-0.1320141407807815,-0.0872340211346924,1.6742180262433175,1.5290614698702036,0.0782084944878376
Hnrnpa1,0.0824958323410335,0.5208065412399778,0.9699293482575216,-0.1893437875719513,-0.0894912792483463,0.0310892219489793,1.0398542593200126,0.97710493378325,0.5988128073287851
Nckap1l,0.0001762973367313,0.0007048903820158,0.0053045220593659,-29.533814245105045,-29.41201166307666,-29.27962983173753,0.7144307045743437,0.0,0.004351269632483577
Crebbp,0.0030690378069328,0.0516126376600038,0.3755544366479337,-28.991934597595755,-28.42934911707444,-26.46077366223989,0.3614821363405146,0.0,0.08472263163057227
Glyr1,0.0027786850681888,0.009501095540355,0.088567502575371,-28.462128233084936,-26.56079011408972,0.0,0.0989907303536672,0.0,0.01993396992760822
Ubn1,0.0015049751850434,0.014856239495519,0.0980199619453154,-29.159800426526363,-29.022646432606003,-28.702349107716795,0.5453648320727428,0.0,0.02953465675550948
Ciita,3.529139494825728e-05,3.529139494825728e-05,0.0007335473709934,-29.687914841553702,-29.547277135797543,-29.368866162294147,0.7845429199840286,0.0,0.0013718591185205543
Litaf,0.0010637453361911,0.0314201794077955,0.2082876875446535,0.0436785724598195,0.0980881087505656,0.1668103497555531,1.4324374002986162,1.53333838933361,0.05509085199428251
Zc3h7a,0.0027786850681888,0.009501095540355,0.088567502575371,-28.38801417334557,-26.26308402814542,0.0,0.0805334057444212,0.0,0.01993396992760822
Rsl1d1,0.0007335473709934,0.009501095540355,0.0298677932975399,-28.92035272935409,-27.71611203239543,0.0,0.2204934326994141,0.0,0.01993396992760822
Gspt1,0.0001720247930818,0.0027786850681888,0.0416622142499834,-29.09209265854424,-28.94618414024282,-28.217864342041928,0.5172133017046499,0.0,0.009280909725010856
Mapk1,0.0027786850681888,0.009501095540355,0.088567502575371,-28.38867459838466,-26.57217975593698,0.0,0.099775325290795,0.0,0.01993396992760822
Sdf2l1,8.600635107884218e-05,0.000244141310286,0.0015449441445453,-29.518460059078425,-29.36000325956022,-29.23715781887168,0.689035587883243,0.0,0.0027704731297672172
Ube2l3,0.2082876875446535,0.6784313725490196,1.0,-0.1102338516967495,-0.0231465213501803,0.0656392913015554,0.9729520759458922,0.959196161588018,0.7252744983306371
Ranbp1,0.153337090086624,0.6712057066317096,1.0,-0.1551126454390394,0.0114540511189303,0.179206267767145,0.643727241751951,0.6491976033464246,0.7252744983306371
Ap2m1,0.0060866396985226,0.0634788370139077,0.2578029791508744,-29.037011115135385,-28.622767051563883,-27.65040248477619,0.4133445007583145,0.0,0.10093632308477753
Psmd2,0.0001720247930818,0.0007335473709934,0.0077371208623235,-29.16193703970906,-28.990216573059005,-28.34788915832715,0.5332425154872366,0.0,0.004351269632483577
Eif4g1,0.0007335473709934,0.0133949167537699,0.1171363034482042,-29.0240071927267,-28.55648407170636,-26.57217975593698,0.394782847477912,0.0,0.026750616644810484
Tra2b,0.1349368897356513,0.5208065412399778,0.9699293482575216,-0.0293911517025768,0.0799698096663822,0.184623164421416,1.001627977273314,1.0595117916313712,0.5988128073287851
Dnajb11,0.0017191380645145,0.0174080378282394,0.0760268176569555,-29.026320825801985,-28.58028273955798,-26.349730637477315,0.4013491880699442,0.0,0.03340807259684179
Eif4a2,0.0001720247930818,0.0024238779803224,0.0266266857419356,-29.192088754096595,-28.969746263645444,-27.822466383683125,0.5257298071877474,0.0,0.009280909725010856
Ccdc50,0.0026106574450555,0.0130238645462553,0.0677482396388079,-29.48716802122773,-1.3791964268361017,-0.318329186250663,0.7330739946574236,0.2799664200276177,0.026090570752202228
Atp13a3,0.0055091537897213,0.0639564373212809,0.4253936498902555,-29.249838204565183,-29.105683700626194,-0.8747022128098707,0.5898185344610761,0.0,0.1014642991974011
Acap2,3.529139494825728e-05,0.0007335473709934,0.009501095540355,-29.05299800872138,-28.849433738757853,-27.685194043969947,0.4836652871008229,0.0,0.004351269632483577
Ppp1r2,0.0209901392215157,0.1569155794666105,0.6422997782082179,-29.140977715033387,-28.91311337992748,-1.1428971184245045,0.5093382051169968,0.0,0.22001900513084985
0610012G03Rik,0.0001720247930818,0.0027786850681888,0.009501095540355,-29.08684815271468,-28.62642406365966,-26.76489468548103,0.4143929470400068,0.0,0.009280909725010856
Pak2,0.0824958323410335,0.4726680955783123,0.9699293482575216,-0.0407982985658574,0.0717486466523873,0.1882280524207521,0.9567284987766108,1.007476571165414,0.5528582654427506
Nrros,0.1152655394141462,0.5713582599031516,0.9699293482575216,-0.2687606009752926,-0.0865688206024583,0.1079702934902003,0.7863229086894414,0.7401144712865514,0.6427780423910455
Pcyt1a,0.4143554061444077,0.8145487507042003,1.0,-1.0040716378247174,0.0947435382139576,0.3261740278114499,0.5703126552836032,0.6113815733403773,0.821745205707661
Rpl35a,0.0201317774073192,0.1813447646264983,0.7920774787647853,-0.0038946568363035,0.0104029987958422,0.0261730378585164,3.466521198499409,3.491305363070595,0.2489232794685292
Itgb5,3.529139494825728e-05,3.529139494825728e-05,3.8709729901593096e-05,-29.79567148576021,-29.6849537626541,-29.53541751030487,0.8631007662394119,0.0,0.0013718591185205543
Slc49a4,0.0023050978559082,0.022438890030895,0.1132243883547704,-29.036420441023303,-28.88212267581992,-27.7401597447814,0.4947494654358332,0.0,0.04166245130736297
Kpna1,0.0007335473709934,0.009501095540355,0.088567502575371,-28.44915687953854,-26.559517425723595,0.0,0.098903443161492,0.0,0.01993396992760822
Cd86,0.2082876875446535,0.7344923394458999,1.0,-0.0376530020316524,0.0202918212557715,0.095608047718618,1.3723857087062463,1.391855490495605,0.7577173936576279
Hcls1,0.0029848376597602,0.0573787409700722,0.343145193299992,-0.2753589394689009,-0.1590049151278915,-0.0548924787803115,0.9344468155673098,0.83610596234249,0.09252511893408819
Ndufb4,0.0007884764832411,0.0046632390061601,0.0313842213899098,-29.38334609698161,-29.24851462009307,-1.332038662591911,0.642447986867912,0.0,0.013513783799970706
Lrrc58,0.0077329969827456,0.1165400811894109,0.6320389366818032,-28.72555289775013,-27.00889083715288,0.0,0.1350474189782555,0.0,0.1700628820551547
Cox17,0.0001905215527506,0.004096213384139,0.0253985075811699,0.2223966694344834,0.3422023966757981,0.4568750568059292,0.8349444851736182,1.06005381113343,0.012129306082369453
Atp6v1a,0.1768036740169494,0.7280611426419807,1.0,-0.1121920941992901,0.0067533645726531,0.1449088415491023,0.794364994525538,0.795670789154711,0.7577173936576279
Naa50,0.0043495700900777,0.022438890030895,0.0759886785541828,-28.943398799354387,-28.497631081459176,-26.45799758662083,0.3790022251404265,0.0,0.04166245130736297
Cd47,0.0073033261887751,0.0690958164642375,0.5713582599031516,-0.15973516491372,-0.1057414412629929,-0.0429291001085381,1.4527302880606263,1.3485199330128688,0.10826591482003595
Nfkbiz,0.0005414641473833,0.0029316408379423,0.0335975653949324,-1.513845037158171,-0.525354075831947,-0.2900587209622439,0.8851481958971699,0.6187867079872038,0.009467531952051885
Rpl24,0.0821608319441137,0.343145193299992,0.7920774787647853,-0.0617802024923277,-0.0271885666255564,0.0010426221922406,2.8286398906921675,2.775943937152741,0.427061490571584
Pcnp,0.0007335473709934,0.0027786850681888,0.0298677932975399,-28.91877480531621,-28.29223777058371,0.0,0.328709466937936,0.0,0.009280909725010856
Cggbp1,0.0926913942614932,0.4026185678761239,0.9066374035742084,-29.23748323307931,-1.218852685273789,-0.0172017568973839,0.6019060710208355,0.2585911200073503,0.48714180364879356
Nrip1,0.0001217557504524,0.0003316841937808,0.0027171818924305,-29.48163991457704,-29.302180388175803,-29.148081335460333,0.6619653176336717,0.0,0.003317487519982519
Atp5j,0.0314201794077955,0.3053901722632373,0.910105580693816,-0.1415711925541391,-0.0670974745798446,0.0005786066209826,1.293517754181685,1.2356542423962713,0.3890849684274299
App,0.015860919266492,0.1813447646264983,0.7920774787647853,-0.1138404980360027,-0.0573025644878627,-0.0057082674647907,1.512565282323925,1.4559426074621875,0.2489232794685292
Cct8,0.0031156560380675,0.0221268604635878,0.1202064425772079,-29.322608753556068,-29.20604758306316,-1.3473400444950911,0.6210789554921435,0.0,0.04125078986426011
Bach1,0.0690958164642375,0.6238787012780821,1.0,-0.1183766210443161,0.0408047525712991,0.222103627313352,0.9296192233614552,0.9562144143496448,0.6858161174699494
Sod1,0.0209901392215157,0.1677378966418669,0.7232614040823362,-29.16463574671309,-29.015954686673705,-1.025403175791826,0.547111405543389,0.0,0.2346532443833773
Synj1,0.0006238547844523,0.0083421375777317,0.1080810449923131,-29.19429713259304,-29.01304097214945,-27.959034454363128,0.5417458551347913,0.0,0.01993396992760822
Ifnar2,0.0824958323410335,0.5713582599031516,1.0,-0.0968000635613235,-0.0283274063262298,0.0549084165091887,1.1567540429246213,1.1330103565964238,0.6427780423910455
Il10rb,0.3330233645922859,0.6133484776563917,0.9691122863264724,0.1306633177192175,0.2950445521140867,0.4234311761893575,0.584114269761528,0.7175293758335127,0.6845373663275672
Ifnar1,0.0004763038818766,0.0123997777248551,0.1349368897356513,-0.2192505704273567,-0.1592356087260113,-0.081309329576552,1.332995720031639,1.1913405295693575,0.024922325526193913
Ifngr2,0.0004763038818766,0.0201317774073192,0.2082876875446535,0.2135270717502233,0.3601057646349794,0.5046447628572167,0.6132817072844461,0.7862090749600272,0.0379183065187342
Tmem50b,0.0027786850681888,0.009501095540355,0.088567502575371,-28.49266222393112,-26.57217975593698,0.0,0.099775325290795,0.0,0.01993396992760822
Son,0.0001905215527506,0.015860919266492,0.3441601174882899,-0.1408126690609921,-0.0902642430460115,-0.0327879611499246,1.591882101507016,1.494262644521494,0.030959294337479574
Atp5o,0.0073033261887751,0.0978804477256489,0.4726680955783123,-0.2828762979889279,-0.1947442600599165,-0.0868148805584914,0.8813781068142552,0.7685774785732972,0.14538827479248825
Runx1,0.0054933714376438,0.0824958323410335,0.4726680955783123,0.0850180709211836,0.1820441453400602,0.2831188835954695,0.9528933174985436,1.0800377001500825,0.12539091987276887
Ets2,0.0573787409700722,0.4268635389378423,0.9699293482575216,0.007854043433216,0.1044438309933734,0.2219780261900603,0.9455752171339592,1.01690188171986,0.5070739178409869
Hmgn1,0.0007335473709934,0.0027786850681888,0.0298677932975399,-29.07135362829169,-28.32831905368734,0.0,0.3370340356122352,0.0,0.009280909725010856
Gtf2h5,0.0001720247930818,0.0027786850681888,0.0480139728942661,-28.888046995059007,-28.189791743401795,0.0,0.306177226626983,0.0,0.009280909725010856
Ezr,0.2782729813185302,0.6985956961394035,1.0,0.1019308810512691,0.3151583785160921,0.5389013719086171,0.5703496102089061,0.710026884077516,0.744652471905887
Rnaset2a,0.0007335473709934,0.009501095540355,0.009501095540355,-29.26792884854743,-28.502484429977,-28.057244451208444,0.3802793677878965,0.0,0.01993396992760822
Mpc1,0.1310062727677834,0.3747677914932922,0.9075269506632172,-0.2794889879855033,-0.1405406279912276,0.0286210606631267,0.7708598802247495,0.6972037300722957,0.46194037896013174
Qk,0.1152655394141462,0.4726680955783123,0.9699293482575216,-0.0537956591568501,0.0507712910515254,0.1823517783583647,0.8397789229209902,0.871373545743042,0.5528582654427506
Tcp1,0.0073816735052566,0.0939799938364451,0.5639121314176332,-29.043249842958904,-28.933419542010817,-27.789061796723896,0.5134157271196033,0.0,0.14190202375139274
Sod2,0.0573787409700722,0.343145193299992,0.9699293482575216,-0.0392444340386387,0.1114919595991957,0.2475194152086433,1.0048423038465404,1.0871114599098988,0.427061490571584
Psmb1,0.0003016591251885,0.0095578312296578,0.0978804477256489,-0.321641710574065,-0.2221848241361431,-0.1065549932842393,1.0164763900091087,0.8704022653393502,0.01993396992760822
Chd1,0.0027786850681888,0.009501095540355,0.0298677932975399,-28.81433638145129,-27.566299073338808,0.0,0.1987389030293385,0.0,0.01993396992760822
Lnpep,0.0001720247930818,0.0024238779803224,0.0174080378282394,-29.116050172782572,-28.84230385323793,-27.66551294938348,0.4812808736980393,0.0,0.009280909725010856
Srrm2,0.1349368897356513,0.6784313725490196,1.0,-0.0580278766670013,-0.0104992752146043,0.0362561898369249,1.5670775207125074,1.5562294568300787,0.7252744983306371
Elob,0.2702706993728666,0.7344923394458999,1.0,-0.0974448858439194,-0.0326611902159272,0.0394401989240259,1.3155758756230471,1.2870082593015275,0.7577173936576279
Atp6v0c,0.3837421608319441,0.7920774787647853,1.0,-0.0319133353536539,-0.0080103958313181,0.024130221433413,2.407697235897754,2.395506696852865,0.7999588467126936
Rps2,0.0004763038818766,0.0047947924108914,0.0473446058585377,0.103713329691994,0.1333201918166903,0.170884481892229,2.174813300152935,2.385515662481004,0.013860895149839538
Ndufb10,0.1763147943584485,0.6712057066317096,1.0,-0.0050049407298982,0.1246023100482638,0.2692739258127849,0.6142349579679608,0.6715225682434791,0.7252744983306371
Msrb1,0.0016408810607041,0.0067255636975068,0.0208004792731061,-29.800491298787176,-29.625722511546225,-1.6421072986110117,0.8415284186855021,0.0,0.018150081056639473
Ube2i,0.0021592442645074,0.0408264300091681,0.2702706993728666,-0.3121108673650704,-0.214034193459198,-0.1115616529603959,0.8477429375806441,0.7298107594745191,0.06900082111632759
Dusp1,0.0015241724220052,0.0252441057394617,0.2379772961816305,0.1065918172731044,0.2112245193806528,0.3308210442481329,1.5492607133832526,1.7956421279166626,0.04570959483250399
Atp6v0e,0.0573787409700722,0.4268635389378423,0.9699293482575216,-0.1193659368944152,-0.0544070249342768,0.0064580286913722,1.47934558825908,1.4237760229209364,0.5070739178409869
Cuta,0.0007335473709934,0.009501095540355,0.0298677932975399,-28.9222283117046,-27.86351754504381,0.0,0.244205006906855,0.0,0.01993396992760822
Rps10,0.3422013177740732,0.7920774787647853,1.0,-0.0309408960669262,-0.007478708623879,0.0168932166228545,3.0988645275943547,3.083608545341689,0.7999588467126936
Rpl10a,0.0010637453361911,0.015860919266492,0.0978804477256489,-0.1375900514175483,-0.1080104786463361,-0.0709879728534827,2.589051915240235,2.4025640595003197,0.030959294337479574
Srsf3,0.0314201794077955,0.2702706993728666,0.8506311026434865,-0.1398981508859093,-0.0503564981637146,0.0289003139183257,1.2419775016604426,1.2007032222056435,0.35194908606858677
Cdkn1a,1.5876796062554575e-05,6.35071842502183e-05,0.0015241724220052,0.1177252677143797,0.1668550758393287,0.2351247165773745,1.992472238003684,2.2363059397885223,0.0018714133165346587
Pim1,1.5876796062554575e-05,0.0001111375724378,0.0054933714376438,0.1045249307078347,0.1566070765170562,0.2055866811962541,1.8849015558523317,2.098797790202841,0.002385890623763593
Ndufv3,0.0007048903820158,0.0030009890826976,0.0134733445921782,-29.675846704234104,-29.55153411466216,-1.674822915614793,0.7904918213124897,0.0,0.009485825353094316
U2af1,0.0444162068920732,0.3119748130387528,0.9048278886373488,-29.169198616772864,-1.255339316456062,0.0682672281441978,0.553940888906408,0.2370523778068685,0.3963685559261484
Brd4,0.0004570259517539,0.0075721656792071,0.0995964768261884,-29.12944780193509,-28.967675673406767,-28.294924654227295,0.524975796974344,0.0,0.019696201575475955
Hnrnpm,0.0688028895768834,0.5713582599031516,0.970681114551083,-0.0693824397716383,0.0547911192905137,0.2093329105887418,0.8143780813033132,0.8473612342792828,0.6427780423910455
Rab11b,0.0007335473709934,0.009501095540355,0.0298677932975399,-28.857486748360277,-27.828921891303715,0.0,0.2384186554417542,0.0,0.01993396992760822
Rps28,0.3837421608319441,0.7920774787647853,1.0,-0.0459110497646119,-0.0179877623711358,0.0092425276498644,3.2376669587251774,3.1990325570880063,0.7999588467126936
Ndufa7,0.0054933714376438,0.0824958323410335,0.5208065412399778,-0.2446275572529679,-0.1445334792138324,-0.0422730482490914,0.9787913970568326,0.8845725092409544,0.12539091987276887
Tapbp,0.004096213384139,0.0473446058585377,0.3837421608319441,-0.2276150971493261,-0.1519622932199422,-0.0630153603139875,1.150534855438625,1.0355426452430962,0.0782084944878376
Rps18,0.0201317774073192,0.2082876875446535,0.7344923394458999,-0.0753684641610994,-0.03894935104543,0.0068097490007514,2.86826015894861,2.7927370338526547,0.2800158978249315
H2-K1,0.0001905215527506,0.0029848376597602,0.0201317774073192,-0.0980368322159766,-0.0817181052619045,-0.0589926005742012,3.425441912842349,3.2355449122787374,0.009467531952051885
Brd2,0.2702706993728666,0.7344923394458999,1.0,-0.1172763903080891,-0.0226819845590004,0.0816511198434685,1.0051297991448418,0.9879888355736536,0.7577173936576279
H2-DMa,0.0001111375724378,0.0004763038818766,0.0021592442645074,-0.132976676285321,-0.0959789651496469,-0.0630235087153113,2.3299773270124358,2.1809014731561374,0.004203899479171731
H2-DMb2,3.529139494825728e-05,3.529139494825728e-05,0.0007335473709934,-29.53755744331583,-29.40622353352116,-29.250519138130034,0.7114679521121418,0.0,0.0013718591185205543
H2-DMb1,1.5876796062554575e-05,0.0010637453361911,0.0252441057394617,-0.0986404673210101,-0.0685577058308591,-0.0403650963823262,2.1075104002271674,2.0091765406056887,0.0057498897314234906
Psmb9,0.0029639058244674,0.0121288692700313,0.0490556423358853,-0.4347558494395097,-0.3114478771660309,-0.1907451433089158,0.9774437531055404,0.7867686478604552,0.024842426184245724
Tap1,0.0018472674374462,0.0057852199149455,0.0258579537017545,-29.70012959289736,-1.6115243265976946,-0.5186127900221682,0.8403883508179999,0.2731188309946235,0.01591806744669492
Psmb8,0.0004763038818766,0.0054933714376438,0.038707628800508,-0.3108636722863223,-0.2550173022551334,-0.1846382060002636,1.7825036571920263,1.4942361334346788,0.015369662506240769
Tap2,0.0007335473709934,0.009501095540355,0.088567502575371,-28.783662818610885,-27.510990173383128,0.0,0.1912640071261877,0.0,0.01993396992760822
H2-Ab1,0.0001905215527506,0.0007144558228149,0.004096213384139,-0.059933328618942,-0.049961081072902,-0.0387013707461172,4.908352211577217,4.741551979923623,0.004351269632483577
H2-Aa,0.0021592442645074,0.0123997777248551,0.0573787409700722,-0.0345710016328473,-0.0246614162014345,-0.0158224580362458,4.887763510949338,4.805686587701615,0.024922325526193913
H2-Eb1,0.0007144558228149,0.0029848376597602,0.0095578312296578,-0.0679904160446335,-0.0583114905920018,-0.0489032829381965,4.847414300778048,4.6573977836432325,0.009467531952051885
Gpsm3,3.529139494825728e-05,0.0001720247930818,0.0027786850681888,-29.072738938225665,-28.951370312628384,-28.45185343895591,0.5190759220792647,0.0,0.002385890623763593
Cfb,0.0001720247930818,0.0027786850681888,0.0298677932975399,-29.177625337193746,-28.577355438704465,0.0,0.400535655389899,0.0,0.009280909725010856
Neu1,0.0027786850681888,0.009501095540355,0.088567502575371,-28.577599476524192,-26.982085493799172,0.0,0.1325613981214102,0.0,0.01993396992760822
Clic1,0.0029848376597602,0.0252441057394617,0.1568627450980392,-0.2141736293736158,-0.1463539731559499,-0.084432274896109,1.4818061506648412,1.3403182390302713,0.04570959483250399
Aif1,1.5876796062554575e-05,0.0003016591251885,0.0123997777248551,-0.2087074992499546,-0.1646639350447648,-0.1285810095746801,2.3651693944024186,2.109221189096031,0.0031674208144792503
Lst1,6.35071842502183e-05,0.0003016591251885,0.0123997777248551,-0.2974356121961616,-0.230883117001218,-0.1504995155811299,1.8949552135157024,1.6145203682744276,0.0031674208144792503
Ddx39b,0.0007335473709934,0.0027786850681888,0.009501095540355,-28.970029056956008,-28.43600081055816,-26.70975557011085,0.3631526348329775,0.0,0.009280909725010856
H2-D1,0.0054933714376438,0.0201317774073192,0.0473446058585377,-0.1022274681729131,-0.0838958766194341,-0.0646343181333469,3.2616444672323235,3.076777654285085,0.0379183065187342
H2-Q4,0.0007335473709934,0.0027786850681888,0.0298677932975399,-28.7838512367241,-27.68584029315357,0.0,0.215907824469117,0.0,0.009280909725010856
H2-Q6,0.0002391009389611,0.0006238547844523,0.0015049751850434,-29.67025512190115,-29.53992307444612,-29.389127072414905,0.7805539295810795,0.0,0.004351269632483577
H2-Q7,1.5876796062554575e-05,3.175359212510915e-05,0.0004763038818766,-0.3824838367556902,-0.3304989514416032,-0.2750415233818031,1.8381298051054449,1.4609617028830963,0.0013718591185205543
Ier3,1.5876796062554575e-05,3.175359212510915e-05,0.0007144558228149,0.3124176040174423,0.5065831346919787,0.7012428962413174,1.4536496976505524,2.068031724135761,0.0013718591185205543
Tubb5,3.529139494825728e-05,0.0001720247930818,0.0011483811028681,-29.36857312080121,-29.24005103873889,-29.089550361479784,0.6340630373602621,0.0,0.002385890623763593
Ppp1r18,0.0007335473709934,0.009501095540355,0.088567502575371,-28.831905635365107,-26.88014798013543,0.0,0.123518163657654,0.0,0.01993396992760822
Ppp1r10,0.0007335473709934,0.0027786850681888,0.009501095540355,-28.984940284260887,-28.6789143133598,-26.99212368942765,0.4297476398253226,0.0,0.009280909725010856
Abcf1,0.0007335473709934,0.009501095540355,0.088567502575371,-28.64941729204175,-27.42049299540444,0.0,0.1796349697152815,0.0,0.01993396992760822
H2-T23,1.5876796062554575e-05,3.175359212510915e-05,0.0004763038818766,-0.4885628810063868,-0.4031448892049764,-0.3338470513617903,1.35320527804798,1.0223104905465266,0.0013718591185205543
H2-T22,3.529139494825728e-05,3.529139494825728e-05,0.0001720247930818,-29.36836644822577,-29.236249618940366,-29.12443964521234,0.6323945163196101,0.0,0.0013718591185205543
H2-M3,0.0027786850681888,0.009501095540355,0.088567502575371,-28.33615600281165,-27.094632417129443,0.0,0.1433167912247765,0.0,0.01993396992760822
H2-M2,3.529139494825728e-05,3.529139494825728e-05,3.591767090706687e-05,-30.884637297469585,-30.783573199987188,-30.6629768404549,1.8483274214673824,0.0,0.0013718591185205543
Gm26917,0.0007335473709934,0.009501095540355,0.088567502575371,-28.48664376977761,-25.8921819270462,0.0,0.062276386637268,0.0,0.01993396992760822
Gm42418,1.5876796062554575e-05,3.175359212510915e-05,0.0007144558228149,0.2304659248633255,0.2875949196312866,0.3241871712164013,3.1174981656852827,3.8070279582463513,0.0013718591185205543
AY036118,0.0073033261887751,0.0824958323410335,0.2379772961816305,0.0960789228160682,0.1455281306413707,0.2035718207789702,1.69971957856166,1.8768786899510372,0.12539091987276887
Cd2ap,0.0007335473709934,0.009501095540355,0.0298677932975399,-28.967039268312657,-27.91237354378862,0.0,0.2526164833884632,0.0,0.01993396992760822
Pla2g7,0.0001905215527506,0.0004763038818766,0.0029848376597602,-0.3048833087809705,-0.2542780146293131,-0.2025873679844437,1.886326305404057,1.5844639066074713,0.004203899479171731
Nfkbie,0.1152655394141462,0.6784313725490196,1.0,-0.0942387708242916,0.0128901568675616,0.1638894972372008,0.8274713419737909,0.8341308607804843,0.7252744983306371
Hsp90ab1,0.2082876875446535,0.7344923394458999,1.0,-0.0426111568177749,-0.0188173480163159,0.0126759740448907,2.42268993193958,2.3911304974925773,0.7577173936576279
Vegfa,0.0001099468127331,0.0007144558228149,0.0054933714376438,0.4649147254513255,0.6655460483562723,0.8190517798662351,0.9546358716798536,1.51273020159842,0.004351269632483577
Cnpy3,0.0027786850681888,0.009501095540355,0.0298677932975399,-28.35305724141296,-26.84871868508733,0.0,0.120856403386026,0.0,0.01993396992760822
Tomm6,0.0690958164642375,0.3837421608319441,0.9699293482575216,-0.1611399918044565,-0.0649844263475449,0.0388007750510375,1.098700833410904,1.049669544997755,0.4650619012638484
Micos13,8.600635107884218e-05,0.0001762973367313,0.0008503839505192,-29.59600978219757,-29.45200118032793,-29.313584376052145,0.7344052774679606,0.0,0.002385890623763593
Rpl36,0.0573787409700722,0.2082876875446535,0.4726680955783123,-0.0646655306446516,-0.0359412788641943,-0.0069176636695234,2.7697069623537933,2.702288911238215,0.2800158978249315
Ndufa11,0.0010531774138967,0.0046591558569937,0.0134770872451182,-29.42175738028088,-29.29322569172028,-29.19674791312431,0.6582296051175784,0.0,0.013513783799970706
C3,0.0011754406106422,0.0055091537897213,0.0211000337591728,-29.97539137134864,-1.806080057277753,-0.759561321142693,0.9939624816392344,0.2836082144531235,0.015390250724496658
Adgre1,0.0073033261887751,0.0473446058585377,0.2082876875446535,-0.5153119837496986,-0.3482462483660762,-0.1581025487259789,1.391337553406185,1.0963156004304426,0.0782084944878376
Man2a1,0.2008152383014414,0.6985956961394035,1.0,-0.1030352798341834,0.116913511056472,0.2954899260625657,0.5947768371075863,0.6487157349014909,0.744652471905887
Vapa,0.0001885369532428,0.0095578312296578,0.1349368897356513,0.1105925451292701,0.2385427540756603,0.4055152077166808,0.8691121640408492,1.0255652321697326,0.01993396992760822
Ndufv2,0.0007335473709934,0.0027786850681888,0.0298677932975399,-28.977967292707,-27.972445683337053,0.0,0.263357203005553,0.0,0.009280909725010856
Tgif1,0.0824958323410335,0.4268635389378423,0.9699293482575216,-0.2248634395831589,-0.0774441965673028,0.0813448819613797,0.9534696443014063,0.9047780408897544,0.5070739178409869
Myl12b,1.5876796062554575e-05,0.004096213384139,0.0824958323410335,-0.226661547042206,-0.1705098066602813,-0.1052006095197115,1.37282511290511,1.2214521588235927,0.012129306082369453
Myl12a,0.1813447646264983,0.6784313725490196,1.0,-0.0838631348745615,-0.010811985306627,0.0883141391719666,1.0742420153757926,1.0680425968068898,0.7252744983306371
Lpin2,0.0251829117955429,0.2028472404323827,0.6712057066317096,-0.2739632786514008,-0.1476565009152886,-0.0178237536640368,0.8765113912178877,0.7902955940101244,0.27636234770317913
Emilin2,0.0003016591251885,0.0021592442645074,0.0123997777248551,0.3970157446918994,0.527811292807893,0.6535789436130387,0.9301209521450384,1.3412020968103362,0.009280909725010856
Smchd1,0.2082876875446535,0.6784313725490196,1.0,-0.0095690956679837,0.1187537061473598,0.2428523594946623,0.9669747201219624,1.049318031752795,0.7252744983306371
Birc6,0.0003358190952205,0.0057606676070176,0.0517071777540203,-29.288587716710417,-29.0769056528527,-28.55987017296984,0.5662663854736912,0.0,0.01591806744669492
Hnrnpll,0.0577564497082868,0.3094222450186874,0.9376938476528964,-1.234279508815152,-0.1550143597869292,0.0652227371213453,0.6359605669767022,0.5749942245195809,0.39339905473148357
Srsf7,0.0007144558228149,0.0314201794077955,0.3053901722632373,0.0441040641592686,0.1211877421001769,0.2089118870767451,0.9215554204761645,1.0038258956115005,0.05509085199428251
Cox7a2l,0.0004719377629594,0.0073033261887751,0.0690958164642375,-0.3813044292305668,-0.2820458312884541,-0.1663999935241862,1.2818514186539889,1.055705692380576,0.019212128766193125
Zfp36l2,0.0029843143638779,0.1152655394141462,0.7920774787647853,-0.3499733116423137,-0.1855418427998279,0.0047231693208807,1.003549063619726,0.8831894022912572,0.16833744245375307
Cript,0.0023050978559082,0.0295611794419733,0.4198490637342591,-28.72489545568411,-27.52710785690403,0.0,0.19341277523241,0.0,0.053105481652394516
Calm2,0.2379772961816305,0.7344923394458999,1.0,-0.0439078339707898,0.0195954640346733,0.0761724227882993,1.3745232571077488,1.394669714727455,0.7577173936576279
Fbxo11,0.0007335473709934,0.0027786850681888,0.0298677932975399,-29.027007047597618,-28.506836235330493,0.0,0.3814282728074838,0.0,0.009280909725010856
Crem,0.0004452140236486,0.0048460129906725,0.0184394950081998,0.3763808427882609,0.6103140758013283,1.7309238433548568,0.572008565797391,0.8774429028638444,0.013942780683399462
Kif5b,0.0015241724220052,0.0252441057394617,0.1813447646264983,0.1352151675949564,0.2863570931573814,0.4469463010053047,0.7473523047079664,0.90973401568212,0.04570959483250399
Rab18,0.0027786850681888,0.009501095540355,0.088567502575371,-28.64619291469288,-26.84871868508733,0.0,0.120856403386026,0.0,0.01993396992760822
Mpp7,0.0050666118127268,0.0434205798404524,0.2477657271612335,-29.54579709204819,-29.296128237568578,-0.4841323106761931,0.7004632590159217,0.0,0.07311465379585856
Wac,0.0095816821063022,0.1060951416416458,0.6214137357408422,-29.110455181800347,-28.974272194308835,-0.8438277450737848,0.5334300459690748,0.0,0.15720666973178174
Rock1,0.0003016591251885,0.0095578312296578,0.1349368897356513,0.0663031409186633,0.1576942251011127,0.3100142201307842,0.8613564202790237,0.963490065982086,0.01993396992760822
Snrpd1,0.1310062727677834,0.4816284476790233,0.9689993659251837,-1.228581141308298,-0.1375899827232685,0.0643707574276387,0.5995602102480966,0.546663943794526,0.5629783582274956
Riok3,0.1240930170623193,0.5095606674005999,1.0,-0.9727732041921088,0.2127030854644652,1.449752292984942,0.4779357349310296,0.5625559032643442,0.5952476594251254
Npc1,0.0001720247930818,0.0007335473709934,0.009501095540355,-29.022928461545675,-28.666108387756548,-26.80634812932687,0.4259498627582649,0.0,0.004351269632483577
Impact,3.529139494825728e-05,0.0001720247930818,0.0024238779803224,-29.41895979045224,-29.25674373325337,-29.06047068496569,0.6414420671412062,0.0,0.002385890623763593
Galnt1,0.0001720247930818,0.0027786850681888,0.009501095540355,-29.169737982094414,-28.745729387789915,-26.982085493799172,0.4501184264813717,0.0,0.009280909725010856
Map3k2,0.0001720247930818,0.0027786850681888,0.0298677932975399,-28.907608430889315,-28.20643791278247,0.0,0.309730434076664,0.0,0.009280909725010856
Reep5,1.5876796062554575e-05,6.35071842502183e-05,0.004096213384139,-0.3708563544111666,-0.2905262619602632,-0.2202023052288253,1.048059620433845,0.8567606679658444,0.0018714133165346587
Etf1,0.0978804477256489,0.5208065412399778,0.9699293482575216,-0.1516790740503117,-0.0349439311955569,0.0947615267585808,1.031258508411609,1.0060652528286247,0.5988128073287851
Hspa9,0.1763147943584485,0.5713582599031516,0.970681114551083,-0.1747719561813385,0.0241771542988606,0.2461239587546032,0.675000535787418,0.6867772141034423,0.6427780423910455
Ctnna1,0.0001720247930818,0.0027786850681888,0.0298677932975399,-29.034236187622,-28.53404282082109,-26.349730637477315,0.3886894791348402,0.0,0.009280909725010856
Matr3,0.0001720247930818,0.0007335473709934,0.009501095540355,-28.96886062737741,-28.65328410436927,-26.9582522249244,0.4221803238188559,0.0,0.004351269632483577
Paip2,0.0009397821682753,0.010408775719352,0.1090180404783268,-29.238745794008093,-29.10893629158889,-1.2429305671993824,0.5829764694548603,0.0,0.021439496323851302
Ube2d2a,0.0573787409700722,0.4268635389378423,0.9699293482575216,-0.0329237845362737,0.046322537377226,0.1317329082044308,0.877206104022012,0.9044484060654222,0.5070739178409869
Sra1,0.0023050978559082,0.0174080378282394,0.1187172437903381,-29.041427339268008,-28.846257531846906,-27.84082578389414,0.4826016237965558,0.0,0.03340807259684179
Cd14,0.0054933714376438,0.0201317774073192,0.0824958323410335,0.0495775340435694,0.0846495013853844,0.1208083444945863,3.1786949730863525,3.371193956176173,0.0379183065187342
Ndufa2,0.0385254425656902,0.3837421608319441,0.9699293482575216,-0.0952849761246603,-0.0270805368360106,0.0364890169367169,1.3077617036528777,1.28524729566279,0.4650619012638484
Ik,0.0017519219857639,0.022796347982707,0.2023371148299164,-0.4535806913524362,-0.2666343081782383,-0.0811438216935931,0.7790746025364126,0.6470496621429982,0.04198480621411864
Zmat2,0.0001720247930818,0.0027786850681888,0.009501095540355,-28.97592819376681,-28.67392851099916,-27.19615302972468,0.4282649913561962,0.0,0.009280909725010856
Diaph1,0.3341195270386536,0.7865873203402759,1.0,-0.1171873046112404,0.0551051916488799,0.2233555676766661,0.6043178639311542,0.6277100248957874,0.7999588467126936
Ndfip1,0.0573787409700722,0.5208065412399778,1.0,-0.076053229695564,0.0614853191471061,0.2312742917713909,0.6967628556260338,0.72460879722775,0.5988128073287851
Fem1c,0.0007144558228149,0.0054933714376438,0.0314201794077955,0.2347390350509424,0.3506868285336366,0.4943679751442185,0.8647257249033586,1.1028992754771187,0.015369662506240769
Tmed7,0.0009361006688602,0.0075721656792071,0.0775142426650912,-29.125613436709838,-28.99373238971711,-27.94771161708494,0.5345437095818959,0.0,0.019696201575475955
Eif1a,0.4268635389378423,0.8506311026434865,1.0,-0.1420215119096346,-0.0230237577613852,0.1254751630188205,0.8619663895818948,0.846707443262054,0.8510969466208379
Ap3s1,0.0007335473709934,0.0027786850681888,0.0298677932975399,-28.75433796285617,-27.72501171760269,0.0,0.2218503688816202,0.0,0.009280909725010856
Tnfaip8,0.2082876875446535,0.7344923394458999,1.0,-0.1893115766871349,-0.0274242060488447,0.189442785389132,0.7557457841243753,0.7423156217052006,0.7577173936576279
Isoc1,0.0027786850681888,0.009501095540355,0.0298677932975399,-28.943881958005328,-27.79565885586032,0.0,0.2329845181125632,0.0,0.01993396992760822
Smim3,0.0959063034015804,0.5877471709496872,1.0,-0.0518322381785536,0.1922688283559673,0.549625827611029,0.5530125571330168,0.6336491169309921,0.6604022640375636
Rps14,0.343145193299992,0.7344923394458999,1.0,-0.0091026081213996,0.0130239843726081,0.042696986238067,3.16900888781974,3.19664862802203,0.7577173936576279
Cd74,6.35071842502183e-05,0.0001905215527506,0.0015241724220052,-0.0653782513373198,-0.0525927130197768,-0.0394566083984279,5.62689691577204,5.425546491039384,0.00240057156465756
Csf1r,1.5876796062554575e-05,0.0001111375724378,0.0029848376597602,-0.1839258737443801,-0.1486249297401157,-0.1132958941929314,2.21642950815373,1.9994861240425177,0.002385890623763593
Csnk1a1,0.0252441057394617,0.1813447646264983,0.6784313725490196,0.055146958537551,0.1315880676218645,0.2111227906478644,1.1063381746635277,1.2118900407201214,0.2489232794685292
Txnl1,0.0094769206997081,0.0694015268921112,0.4177118661563722,-0.8171188742716707,-0.2462489814394201,-0.0563666430320823,0.7166497586240015,0.6082179524418307,0.10846585939425762
Nars,0.0002374240353141,0.0017888776467873,0.0077371208623235,-29.37050703933953,-29.207899589024866,-29.058210936415787,0.620088798166939,0.0,0.008445166565065627
Malt1,0.0007144558228149,0.015860919266492,0.1349368897356513,-0.2374987448366542,-0.1646544262187267,-0.0918466989652085,2.007740601338549,1.7915489398085689,0.030959294337479574
Sec11c,0.0586340835608684,0.3742280472974733,0.9692169978474025,-0.240689132441006,-0.086839991467985,0.0918987750727088,0.6814869018579143,0.6397420612095778,0.46194037896013174
Lman1,0.0007335473709934,0.009501095540355,0.088567502575371,-28.528260077936316,-26.46077366223989,0.0,0.0923605639646957,0.0,0.01993396992760822
Tubb6,0.1990208106375538,0.5622453293122838,0.9692169978474025,-0.2197963887499725,-0.0557339811069703,0.0837083031012467,0.7232449810332477,0.6987279208213686,0.642013885408464
Tcf4,0.0007335473709934,0.0027786850681888,0.0298677932975399,-29.02741390091608,-28.498382833968765,0.0,0.3791997652377775,0.0,0.009280909725010856
Rpl17,0.0252441057394617,0.1568627450980392,0.3837421608319441,-0.0808982121023446,-0.0515890706328679,-0.0225005156844597,3.063264118555105,2.957973803752454,0.22001900513084985
BC031181,0.009501095540355,0.009501095540355,0.0298677932975399,-27.805964912186752,-27.318454714070302,0.0,0.1673687226115482,0.0,0.01993396992760822
Ier3ip1,0.0021592442645074,0.1152655394141462,0.7344923394458999,0.0058491144652633,0.1310567625684539,0.2827846961933934,0.6879373260908812,0.7523070732475651,0.16833744245375307
Atp5a1,0.0001905215527506,0.0010637453361911,0.015860919266492,-0.2574071458453242,-0.1887453305753501,-0.1287639087710554,1.3886557221232525,1.21802342970021,0.0057498897314234906
Gm16286,0.0052610445939054,0.0573225174744465,0.3314499666551759,-29.19759405555048,-29.03483296236394,-28.516247799317146,0.550186068683852,0.0,0.09252511893408819
Zfp516,0.1491328671438686,0.5990513446131561,1.0,-28.94578134378954,-27.89248641707791,0.1814443192250435,0.2699007712340905,0.0,0.6710403473992865
Cndp2,0.5236826292868997,0.8437706440141102,1.0,-28.984749173109478,-0.8138600176530321,0.4550722510962353,0.5303868873154708,0.298622308922044,0.8498175119149831
Cyb5a,3.529139494825728e-05,3.529139494825728e-05,3.8709729901593096e-05,-29.564511280222675,-29.42549022218146,-29.285172415264427,0.721033085620066,0.0,0.0013718591185205543
Tcirg1,6.034243330066384e-05,0.0002391009389611,0.0007884764832411,-29.572624108511945,-29.388593477767884,-29.244962431568805,0.7028265634730759,0.0,0.0027704731297672172
Ndufs8,0.0001720247930818,0.0007335473709934,0.0027786850681888,-29.05210044703925,-28.879306916360107,-27.958987119403368,0.4937847122467119,0.0,0.004351269632483577
Unc93b1,1.5876796062554575e-05,6.35071842502183e-05,0.0021592442645074,-0.2647209014105584,-0.225877606356206,-0.193091947361277,1.991966877704755,1.7056194739342876,0.0018714133165346587
Cdk2ap2,0.2614224241039966,0.7264717268578031,1.0,-0.191672909813609,0.0493526161938347,0.2400534438644824,0.6086058436328445,0.6309967793654403,0.7577173936576279
Tmem134,6.034243330066384e-05,0.0003565717551321,0.0024238779803224,-29.322718156001347,-29.205173759375903,-29.084331779297045,0.618918307891668,0.0,0.003375422780447392
Ppp1ca,6.35071842502183e-05,0.0029848376597602,0.0690958164642375,-0.2480643755869353,-0.1738554498689904,-0.094786747102172,1.1180217946183788,0.990479180634828,0.009467531952051885
Pold4,0.0005255587240814,0.0036211088724564,0.0261221285241381,-29.370377729279763,-29.214801392184533,-29.095376193958643,0.6232288967868813,0.0,0.011213162559284479
Grk2,6.034243330066384e-05,0.0002391009389611,0.0017191380645145,-29.332042558814155,-29.19114091284008,-29.062025015782822,0.612927385019541,0.0,0.0027704731297672172
Sf3b2,3.529139494825728e-05,0.0001264884392376,0.0012797711243009,-29.44773152150324,-29.320111979242384,-29.16904230871877,0.6702443828187954,0.0,0.002385890623763593
Drap1,0.0003359251183343,0.0039615267080876,0.0233936089818559,-29.4356212631598,-29.315721857934943,-1.555987012422417,0.6705016965996317,0.0,0.012129306082369453
Cfl1,0.0003016591251885,0.0095578312296578,0.2082876875446535,-0.0899949297013117,-0.0638781375083726,-0.0297764481002269,2.2773309767512164,2.1782807349456776,0.01993396992760822
Malat1,0.1349368897356513,0.4268635389378423,0.910105580693816,-0.0487071673048888,-0.0271077631150936,-0.0059995765337458,5.131466233167412,5.03543221929425,0.5070739178409869
Neat1,0.015860919266492,0.1813447646264983,0.8506311026434865,-0.2303860046049552,-0.1251432231050306,0.0023301455439708,1.123361564099995,1.03205710059555,0.2489232794685292
Fau,0.0824958323410335,0.3837421608319441,0.9699293482575216,0.0032154169657421,0.0174220979690941,0.0318618829542508,3.78324974313523,3.829707847341326,0.4650619012638484
Ehd1,3.175359212510915e-05,0.0015241724220052,0.015860919266492,0.2417208387794467,0.31125322490637,0.4259499578783999,1.3471707611834889,1.6702218858974538,0.007505830229119948
Sf1,0.0819787483970644,0.2408721217561525,0.7544711696412055,-29.278369331123343,-0.7156880758053896,-0.0407659986585258,0.6146546301301388,0.3723556549709637,0.3191249937987604
Prdx5,0.0004763038818766,0.0073033261887751,0.0473446058585377,-0.1834550855659046,-0.1358335559841249,-0.0906592862665363,2.241987298867945,2.0388437584061663,0.019212128766193125
Trmt112,0.0027786850681888,0.009501095540355,0.088567502575371,-28.964515529808477,-26.993171322164176,0.0,0.1335839382077722,0.0,0.01993396992760822
Ppp1r14b,3.529139494825728e-05,0.0001720247930818,0.0027907013623826,-29.0532034072038,-28.92960287733072,-28.70740533793365,0.5113028669359855,0.0,0.002385890623763593
Fkbp2,8.600635107884218e-05,0.0001712003574158,0.0012730863420067,-29.40473899906177,-29.26465215690235,-29.122914679808893,0.6449679163818192,0.0,0.002385890623763593
Fermt3,0.0001529566816353,0.0001808387981124,0.000277215933798,-29.943822882936644,-29.825173687031253,-1.6992298823011616,0.9614054386000656,0.0,0.00240057156465756
Cox8a,0.0001111375724378,0.0007144558228149,0.004096213384139,-0.1468612759403531,-0.1202227056131144,-0.0960100831134465,2.4684998926767925,2.27203000769771,0.004351269632483577
Rtn3,0.0001217557504524,0.0008503839505192,0.0164403505940268,-29.317091137642237,-29.181055633657905,-28.763677329288186,0.6086576013373537,0.0,0.004916618599995501
Plaat3,0.0007335473709934,0.0027786850681888,0.0298677932975399,-28.767175764311204,-27.929815773782888,0.0,0.255689161869678,0.0,0.009280909725010856
Slc3a2,0.0314201794077955,0.1568627450980392,0.6784313725490196,-0.1358105321517197,-0.0770861067652414,-0.0119490377130391,1.36548845022108,1.29411082021546,0.22001900513084985
Hnrnpul2,3.529139494825728e-05,0.0007335473709934,0.009501095540355,-29.06976365925354,-28.84873871321691,-27.034552120570478,0.4834323580194155,0.0,0.004351269632483577
Ubxn1,0.0004256089954081,0.003760918126399,0.0337983621149569,-0.5071569285967686,-0.3685239509454464,-0.244655580320458,0.8479354972034334,0.6565433523589588,0.01158717945519557
Eef1g,0.015860919266492,0.2082876875446535,0.7920774787647853,-0.1742292521426708,-0.0860023242560642,0.0021854597954168,1.097274239398775,1.0326744259402862,0.2800158978249315
Ahnak,0.0001905215527506,0.0007205978134571,0.0017519219857639,1.3935853593079182,1.9947738508977864,30.69863622907557,0.4365494006054444,1.7500620482141338,0.004351269632483577
Fth1,0.0573787409700722,0.2379772961816305,0.6238787012780821,-0.0303101339001888,-0.013417271872261,0.0026459471139256,5.292415560283569,5.244222805980512,0.3155185196834825
Tmem258,0.0201317774073192,0.2702706993728666,0.910105580693816,-0.2263711924279561,-0.1105669831100646,0.0416391104049143,0.8283408257018019,0.7687092943718884,0.35194908606858677
Slc15a3,0.3837421608319441,0.7920774787647853,1.0,-0.0949673993660801,-0.0266445599993325,0.052936557616395,1.8227584602764288,1.7913090948745862,0.7999588467126936
AW112010,1.5876796062554575e-05,3.175359212510915e-05,0.0001905215527506,-0.6458030829140525,-0.5630681362091279,-0.4989220388240898,2.416674616960002,1.6340075986686635,0.0013718591185205543
Ms4a7,0.0002462939704825,0.0013600451325973,0.0047981709084513,-0.7393015862042691,-0.5617189941454686,-0.3937209065884439,2.0089730700955224,1.3605964863660849,0.007019215980947081
Ms4a6c,1.5876796062554575e-05,1.5876796062554575e-05,0.0001905215527506,-0.2325780799895829,-0.1916705184324268,-0.1528717543344884,1.8960908701501065,1.6606970559015748,0.0013718591185205543
Ms4a6b,0.0002219962051443,0.0007761696331711,0.0022206758115434,-0.7652965781208096,-0.6079072589050756,-0.4671134541513982,1.0211000936175687,0.6708439177235127,0.004574393289689032
Ms4a6d,0.0004763038818766,0.0123997777248551,0.1152655394141462,-0.361842233885534,-0.2669983506314506,-0.1721505469921421,1.13255293967178,0.9411862407005498,0.024922325526193913
Mpeg1,0.0010637453361911,0.0123997777248551,0.1349368897356513,-0.133897474518371,-0.087791669485423,-0.0374031837835182,2.1750940167244748,2.048247423397985,0.024922325526193913
Zfp91,0.0010637453361911,0.038707628800508,0.4726680955783123,-0.2777345558482881,-0.1588650857930572,-0.023491087464609,0.869027476281264,0.7782888350432347,0.06603066089498424
Gnaq,0.0899064248676675,0.3646530466961222,0.8733981599512625,-29.154689476552253,-1.1680678223581895,0.0770088024514838,0.5615769412446348,0.2500714233013785,0.45198176140693025
Ostf1,0.0003016591251885,0.0021592442645074,0.0123997777248551,-0.3949859428682988,-0.3162064444887472,-0.2339550488506541,1.2330277921869102,0.9914849775869488,0.009280909725010856
Zfand5,0.0001905215527506,0.0073033261887751,0.1568627450980392,-0.3524526056924842,-0.2365227536297562,-0.1137140645349635,1.092171975315547,0.9268163216228308,0.019212128766193125
Jak2,0.0391489942439858,0.2542440808894587,0.8327859255946153,-0.7924440415446056,1.4203569650512349,29.16824651389406,0.2016130254046323,0.5585956900636035,0.3358669094613457
Plgrkt,8.600635107884218e-05,0.0012730863420067,0.037650276439806,-29.08965825334039,-28.94899261020555,-28.18605390772465,0.5182211325194683,0.0,0.006664552283227051
Cd274,0.0978804477256489,0.5208065412399778,0.9699293482575216,-0.0414445349098329,0.0471719711349054,0.1341883293740753,1.2529130929556287,1.2901978090318311,0.5988128073287851
Pten,0.0312657775660871,0.2379772961816305,0.910105580693816,0.0526540805883237,0.1949058986713642,0.3518133935009242,0.7791200495280499,0.891561324298691,0.3155185196834825
Lipa,0.0001720247930818,0.0027786850681888,0.0298677932975399,-29.168703238992425,-28.517920907465488,0.0,0.3843701082113905,0.0,0.009280909725010856
March5,0.0007335473709934,0.009501095540355,0.088567502575371,-28.78407484650917,-26.79139157343469,0.0,0.1161482004570815,0.0,0.01993396992760822
Myof,3.529139494825728e-05,0.0001720247930818,0.0001720247930818,-29.46176667847944,-29.338421335711203,-29.152557883343576,0.6788047146407161,0.0,0.002385890623763593
Entpd1,0.1152655394141462,0.4497658172580773,0.9699293482575216,-0.0157956989501369,0.100804288639402,0.2168828174920246,0.982704704952209,1.0525590413069374,0.5335858104743554
Tm9sf3,0.0978804477256489,0.6238787012780821,1.0,-0.1187809573686684,-0.0042531953648542,0.1103557849965497,0.7933993161454372,0.7894618913704547,0.6858161174699494
Pik3ap1,0.1568627450980392,0.5208065412399778,0.9699293482575216,-0.0637872440700702,0.0861904098050828,0.1973205839394472,0.9614741264422088,1.0181427374669298,0.5988128073287851
Pgam1,0.3837421608319441,0.7344923394458999,1.0,-0.2553971682769682,-0.1398282444985902,-0.0314830258844211,0.9711224014275912,0.8828378477085951,0.7577173936576279
Got1,1.5876796062554575e-05,1.5876796062554575e-05,0.0001131221719456,0.7516774427077504,0.9513956442879554,1.15998887302873,0.642273482327762,1.2399843499615,0.0013718591185205543
Ndufb8,0.0003016591251885,0.0029848376597602,0.038707628800508,-0.4339477755642707,-0.3264016730841539,-0.2295275902003574,1.0901095587434275,0.8690443568002443,0.009467531952051885
Atp5md,0.0573787409700722,0.343145193299992,0.9699293482575216,-0.1696531494934361,-0.0658952769692779,0.0169176828498215,1.34839676341163,1.2883977089987937,0.427061490571584
Slk,0.0024238779803224,0.022438890030895,0.1853939469443623,-28.774285076234808,-27.56782972324065,0.0,0.1989498700771992,0.0,0.04166245130736297
Sfr1,0.0263812634735321,0.2542440808894587,0.8399811753009481,-29.05814817444183,-28.412270257150958,0.0,0.357504422196657,0.0,0.3358669094613457
Mxi1,0.0022645202067968,0.0163617647545641,0.1110173717526384,0.2980806416011582,0.5311063753435916,2.550393919404851,0.5188867123072691,0.7394061020377858,0.0318688104547853
Dusp5,0.0001905215527506,0.0029848376597602,0.0314201794077955,0.2856981914346391,0.4114507961118866,0.5714677324847177,1.154546730439375,1.5355790359018735,0.009467531952051885
Acsl5,0.009501095540355,0.009501095540355,0.0298677932975399,-27.91237354378862,-27.04644791371005,0.0,0.138609212163163,0.0,0.01993396992760822
Shtn1,0.0007335473709934,0.009501095540355,0.0298677932975399,-28.828632660111424,-27.7381346402476,0.0,0.2238775515331162,0.0,0.01993396992760822
Eif3a,0.0690958164642375,0.2702706993728666,0.6784313725490196,0.0541471602153436,0.1126751345194611,0.1678927819492743,1.4421338183120551,1.5592715621058526,0.35194908606858677
Csf2ra,1.5876796062554575e-05,0.0001111375724378,0.0021592442645074,-0.4879395458349802,-0.393827459468189,-0.3093473030172708,1.158147712052815,0.8818156804996424,0.002385890623763593
Rbm3,0.2082876875446535,0.4726680955783123,0.910105580693816,-0.1188790558028621,-0.0731352899349659,-0.0249355865801411,1.7592987800920876,1.6726935689374411,0.5528582654427506
Cybb,1.5876796062554575e-05,0.0007144558228149,0.004096213384139,-0.1927735919238502,-0.1633393555542882,-0.1374986844913909,2.391231929721208,2.1359299318380125,0.004351269632483577
Atp6ap2,0.1813447646264983,0.7344923394458999,1.0,-0.1022057628136988,0.0015306211015297,0.0890028372241223,1.0529344944560424,1.0555968540320286,0.7577173936576279
Usp9x,0.0201317774073192,0.3837421608319441,0.9699293482575216,-0.0325496974531265,0.1042161433204244,0.2167857282245436,0.6036334915973476,0.6495295595225806,0.4650619012638484
Ddx3x,0.004096213384139,0.0573787409700722,0.3837421608319441,0.0344106115625126,0.1355038812835444,0.2347049654810903,1.0314005836350764,1.1350680316399275,0.09252511893408819
Ndufb11,1.5876796062554575e-05,0.0003016591251885,0.0041149583743023,-0.4484561234158432,-0.3613373906554508,-0.2616676739591521,0.9009710654944564,0.7013739131873682,0.0031674208144792503
Uba1,0.0007335473709934,0.0027786850681888,0.0298677932975399,-28.899561073585392,-28.36543242410436,0.0,0.3458167291744755,0.0,0.009280909725010856
Cfp,0.0002869558651326,0.0016408810607041,0.0067255636975068,-29.8213331440082,-29.72995658636336,-29.58336412202733,0.890474297713624,0.0,0.007994372527750376
Slc25a5,6.35071842502183e-05,0.0007144558228149,0.0095578312296578,-0.2772998866750513,-0.221560367047928,-0.1670296534730396,1.655742365087735,1.419103894537775,0.004351269632483577
Ube2a,0.0075721656792071,0.0759886785541828,0.1895581762353623,-28.769442663150876,-27.566299073338808,0.0,0.1987389030293385,0.0,0.11805383989667685
Rpl39,0.0004763038818766,0.0021592442645074,0.0095578312296578,-0.1017442811106399,-0.072440222891905,-0.0449047913847098,3.410761222668051,3.2426509457250074,0.009280909725010856
Ndufa1,3.175359212510915e-05,0.0029848376597602,0.0978804477256489,-0.2998875481140385,-0.2178663117500553,-0.1306567943226735,1.0351878491143087,0.8897990159683407,0.009467531952051885
Lamp2,0.0021592442645074,0.0482001240972115,0.5713582599031516,-0.1765967981542684,-0.0953927288358723,-0.0204050933197559,1.3570277425918724,1.2692389891305726,0.07933479885189676
Thoc2,0.0007335473709934,0.009501095540355,0.088567502575371,-28.44396676792677,-26.349730637477315,0.0,0.0855183463591022,0.0,0.01993396992760822
Hprt,0.0001720247930818,0.0007335473709934,0.0077371208623235,-29.211582766533663,-29.04512769960117,-28.616905104471545,0.5539297170743462,0.0,0.004351269632483577
Bcap31,0.0001720247930818,0.0027786850681888,0.0298677932975399,-28.95997357415881,-28.325107830117247,0.0,0.3362846824952488,0.0,0.009280909725010856
Ssr4,0.0001111375724378,0.0010637453361911,0.0252441057394617,-0.3557149817682473,-0.2855645161430578,-0.1907773521405291,1.451698439361787,1.1905383000526,0.0057498897314234906
Flna,0.0007335473709934,0.009501095540355,0.0298677932975399,-28.81472486635428,-27.1811198250272,0.0,0.1521711701479425,0.0,0.01993396992760822
Emd,0.0004954208174452,0.0039116228596311,0.0471866693782339,-29.107122828873223,-29.0172534530922,-28.84007931383438,0.543329993835849,0.0,0.01201098313369079
Rpl10,0.0001111375724378,0.004096213384139,0.0314201794077955,-0.1063762539148279,-0.0801650560239413,-0.0495765758946288,2.98513110964154,2.8242148561075138,0.012129306082369453
Atp6ap1,0.0017731114297543,0.022796347982707,0.2315792029737146,-0.6071148661619437,-0.3300930926888048,-0.1337186167367332,0.737988643761309,0.5857718937778726,0.04198480621411864
Fundc2,3.529139494825728e-05,0.0001720247930818,0.0027786850681888,-29.139698563263828,-28.99374109413432,-28.571197138007147,0.5345468273275453,0.0,0.002385890623763593
Msn,0.2076141144716996,0.7344923394458999,1.0,-0.0765110434156872,0.004984197270465,0.0645989058408998,1.2435977090260537,1.248748610190339,0.7577173936576279
Il2rg,0.0001263755029087,0.0003359251183343,0.0010531774138967,-29.637132708701422,-29.524338634888046,-29.35912720049769,0.7721675319109458,0.0,0.003317487519982519
Nono,0.0007335473709934,0.009501095540355,0.088567502575371,-28.69766280104364,-26.940510544734632,0.0,0.1287958201896267,0.0,0.01993396992760822
Rps4x,0.0015126617448598,0.015860919266492,0.1568627450980392,-0.097860206429694,-0.0732933360312603,-0.0465151058241056,3.204563421540114,3.0462306158083137,0.030959294337479574
Xist,1.5876796062554575e-05,1.5876796062554575e-05,0.0001905215527506,-0.244905460603742,-0.2114469256868806,-0.1697850403197176,2.2746057883652875,1.962658101823735,0.0013718591185205543
Rlim,0.0024238779803224,0.0286888103198488,0.1853939469443623,-28.90460656109047,-27.87054545208992,0.0,0.245400434741958,0.0,0.05163985857572784
Atrx,0.0005851107704714,0.0048460129906725,0.0314201794077955,-0.5669701131937663,-0.3907668788342653,-0.225179184464456,0.8222426791320593,0.6268432687971136,0.013942780683399462
Cox7b,0.004096213384139,0.038707628800508,0.2702706993728666,-0.228992619371227,-0.141599624472294,-0.0446339907489936,1.2418271204560725,1.1247300782222875,0.06603066089498424
Pgk1,0.0824958323410335,0.3053901722632373,0.6784313725490196,0.0091482744056391,0.131052793546562,0.2552273154627098,0.792097685548697,0.8696659361451646,0.3890849684274299
Sh3bgrl,0.2379772961816305,0.7344923394458999,1.0,-0.0553860592665368,0.0232946641711617,0.1148594365576038,1.0788823526140876,1.09396389349912,0.7577173936576279
Gm6377,0.0007335473709934,0.0007335473709934,0.0077371208623235,-29.18885256429537,-29.010702008638365,-28.7536258536661,0.5408682794908644,0.0,0.004351269632483577
Diaph2,0.0027786850681888,0.009501095540355,0.088567502575371,-28.17204782850954,-25.8921819270462,0.0,0.062276386637268,0.0,0.01993396992760822
Rpl36a,0.0001905215527506,0.0029848376597602,0.038707628800508,-0.1352347266746045,-0.10095877067706,-0.0599899600218214,2.1969620542694464,2.048090308625892,0.009467531952051885
Gla,0.0027786850681888,0.0174080378282394,0.1513756600246135,-28.90281960768545,-28.425983634521288,0.0,0.360639862712688,0.0,0.03340807259684179
Hnrnph2,0.0095578312296578,0.1568627450980392,0.8506311026434865,0.0025393822027272,0.1311089321574066,0.2927653398724772,0.6597467686766917,0.7220282883197933,0.22001900513084985
Morf4l2,0.1060951416416458,0.3522675423008745,0.8437706440141102,-29.06580106675317,-0.270098468443138,0.1180982592325507,0.6171754573136347,0.5210938498141517,0.43752059808545046
Acsl4,0.0027786850681888,0.009501095540355,0.088567502575371,-28.526245073946377,-26.46077366223989,0.0,0.0923605639646957,0.0,0.01993396992760822
Huwe1,0.0001720247930818,0.0007335473709934,0.0027786850681888,-29.10941103054937,-28.956516533455787,-28.348309342598974,0.5209308118166456,0.0,0.004351269632483577
Sat1,0.0473446058585377,0.5208065412399778,0.970681114551083,-0.1385159847175868,-0.0427266746711229,0.0545800661737277,1.6020725117255925,1.5577263414133935,0.5988128073287851
Tmsb4x,0.0001905215527506,0.015860919266492,0.2082876875446535,-0.057100887031967,-0.0418861649992441,-0.0276517892391317,5.496956243974212,5.340997520730964,0.030959294337479574
Gm47283,0.0075446480277566,0.0226430210233521,0.0586340835608684,-0.6376556367177864,-0.4997758273677551,-0.3498455701959464,1.015824933799622,0.7176157957118494,0.04191367721343899
mt-Nd1,1.5876796062554575e-05,1.5876796062554575e-05,0.0001905215527506,-0.1773415811418308,-0.1600260492333223,-0.1364599409172578,3.140407742032824,2.810841495355689,0.0013718591185205543
mt-Nd2,0.0015241724220052,0.0095578312296578,0.038707628800508,-0.1060072982893551,-0.0809756834374697,-0.0569820001234566,2.668294220125323,2.522921318944551,0.01993396992760822
mt-Co1,1.5876796062554575e-05,1.5876796062554575e-05,3.175359212510915e-05,-0.0993917092157123,-0.0901328291966229,-0.0783952540432552,4.268140183511013,4.008627426565567,0.0013718591185205543
mt-Co2,1.5876796062554575e-05,1.5876796062554575e-05,0.0001111375724378,-0.0873499008406439,-0.0765532445706627,-0.064198328946778,4.283980030868545,4.062241135212634,0.0013718591185205543
mt-Atp8,0.1224964832452986,0.343145193299992,0.8773247938899854,0.0224196661857057,0.1744334077007652,0.324421207779269,0.660066868967716,0.7442537101037752,0.427061490571584
mt-Atp6,1.5876796062554575e-05,1.5876796062554575e-05,0.0001905215527506,-0.1144888568257461,-0.0993452107519011,-0.0821455362698651,4.326529017132257,4.0376403174117,0.0013718591185205543
mt-Co3,1.5876796062554575e-05,1.5876796062554575e-05,0.0003016591251885,-0.0772282651706823,-0.0661027840446809,-0.0545033567506082,4.151640872265317,3.965752872420453,0.0013718591185205543
mt-Nd3,0.015860919266492,0.0978804477256489,0.3837421608319441,-0.1649235216903997,-0.1055717165104212,-0.0456441885040556,1.6303537043169023,1.5171541729637288,0.14538827479248825
mt-Nd4l,0.038707628800508,0.2082876875446535,0.6243643345738549,-0.1152579260264431,-0.0484980497787515,0.0243625157504821,1.328558483620919,1.2863685038746964,0.2800158978249315
mt-Nd4,0.0003016591251885,0.0021592442645074,0.0252441057394617,-0.0944930285832027,-0.0670626134441733,-0.0418230884576089,2.974586971005924,2.8405504411668714,0.009280909725010856
mt-Nd5,0.0003016591251885,0.0123997777248551,0.0978804477256489,-0.154980827959675,-0.1124789022530255,-0.0656628356546828,1.6967809224502024,1.56950272121867,0.024922325526193913
mt-Cytb,1.5876796062554575e-05,6.35071842502183e-05,0.0004763038818766,-0.1602876659712986,-0.1449535102423141,-0.1290881710334789,3.2447841076696298,2.933459682000999,0.0018714133165346587
AC149090.1,0.0001720247930818,0.0027786850681888,0.0100102629842841,-29.13606388240786,-28.54666499506532,-26.09577231834461,0.3921052609196994,0.0,0.009280909725010856
