gene,pval_lower,pval_median,pval_upper,log2fc_lower,log2fc_median,log2fc_upper,median_Salmonella_infNonTLSwk3_median,median_IL10_KOnonTLS_median,FDR_BH
Tcea1,0.0040888165108717,0.0536666629062044,0.343145193299992,-0.4102167223903875,-0.2980969602061956,-0.1004630936870926,0.7341699514386655,0.597105740699422,0.09757991352655425
Sgk3,0.0007335473709934,0.009501095540355,0.0298677932975399,-28.59736934244925,-27.24175288659693,0.0,0.1587068758350656,0.0,0.025587610992965797
Tram1,8.600635107884218e-05,0.0013981399053915,0.0252225734369385,-29.062677155255347,-28.923977185519952,-28.745267273339856,0.5093129582364015,0.0,0.008369202635924961
Rpl7,0.1568627450980392,0.6784313725490196,1.0,-0.0198576318606206,0.0057373961592997,0.0335669973400982,2.9722470711433147,2.9844232317430848,0.7080006145455244
Eloc,0.2082876875446535,0.7344923394458999,1.0,-0.1106471755628549,0.0140512215676944,0.1623955262535366,0.7467014514170733,0.755667090206211,0.741802452776878
Ogfrl1,3.529139494825728e-05,0.0004954208174452,0.009501095540355,-29.118720858109423,-28.8681691624878,-27.73859788355057,0.4899873149443164,0.0,0.004531080523500949
Smap1,0.0958748348780117,0.6156969987931198,1.0,-0.2712019301690467,-0.043262125264853,0.210997474189581,0.591485474136447,0.5815008466302655,0.6790017938833468
Phf3,0.0118309705207014,0.1295450020706858,0.6689706667452711,-1.3260788893233055,-0.2235911466275656,-0.0367381298800768,0.5990376431503065,0.5095239852312597,0.2003341069757848
Ptpn18,1.5876796062554575e-05,1.5876796062554575e-05,0.0002462939704825,-0.6210864716154678,-0.5221256808233196,-0.427052098038831,1.5231970294861,1.061754312403225,0.000845836310232595
Neurl3,0.0758473341985505,0.5355561233584674,1.0,-0.3382382421829148,-0.1109479420909177,0.2146052907618783,0.6653395671207367,0.6205056813247605,0.6182394901824995
Cox5b,3.175359212510915e-05,0.0015241724220052,0.0690958164642375,-0.2386256260874062,-0.1821670535299436,-0.1051625400552656,1.7521918492548738,1.542205453857295,0.008754747793242807
Tmem131,1.5876796062554575e-05,0.0021592442645074,0.0124863062633959,0.4729405460518656,0.7435355850061499,0.9448079626912704,0.7157996321055848,1.1980299292478538,0.011277817469767817
Mrpl30,0.0010637453361911,0.0639774891491002,0.7920774787647853,-0.3484795008463952,-0.1761008060582637,-0.0238414403287303,0.6932728965511125,0.6123139480448014,0.11221072376685806
Txndc9,0.0085680166882523,0.1299021832636205,0.7770968489780832,-29.043384686423387,-28.747434112064084,-0.0423750498865139,0.4836896628401144,0.0,0.20045007424675979
Eif5b,0.0690958164642375,0.343145193299992,0.9699293482575216,-0.0505340810297146,0.1231550193322738,0.2619818597419563,0.8636557276108623,0.9424386751955948,0.4339717548500196
Pdcl3,0.0008411785260747,0.02101953872444,0.3030376487724357,-28.97420379075732,-28.79732252940727,-2.026435868827872,0.46710323304806,0.0,0.04724961711158401
Rpl31,0.0021592442645074,0.0314201794077955,0.3063340477891553,-0.1164781687045919,-0.0785247201575091,-0.0404611284798689,2.4424866609951623,2.3142300060225987,0.063285824497176
Rnf149,0.0024238779803224,0.0133949167537699,0.1223341709161366,-29.121225520183348,-28.57505397070935,0.0,0.3998972264354462,0.0,0.03311434756645436
Map4k4,1.5876796062554575e-05,3.175359212510915e-05,0.0021592442645074,0.3023273027507099,0.4272540864599381,0.5323511040002075,1.2186633261071913,1.634657399009059,0.0011224770542497952
Il1r2,3.175359212510915e-05,0.0004763038818766,0.0055386203064221,0.2800456809092232,0.3685081705704253,0.5644402288518705,1.73051833274348,2.2346162665782,0.0044323300099521155
Tpp2,0.0007335473709934,0.022438890030895,0.3887558059849098,-28.62566210057234,-27.97064302128421,0.0,0.2630283410151027,0.0,0.04975783002688579
Nabp1,0.0002462939704825,0.003760918126399,0.039410942315507,0.5335329570409105,0.9230497968572396,3.215343892066297,0.4447253470550246,0.842831838978643,0.014492796613664139
Stat4,1.5876796062554575e-05,0.0004386095771341,0.0041113902719868,0.7490665928624952,1.0008641799186893,3.5521620215515064,0.529402457515832,1.05950017925659,0.0044323300099521155
Stat1,1.5876796062554575e-05,1.5876796062554575e-05,0.0002462939704825,-1.3357778600799497,-1.1775784171129553,-0.9723644854005108,1.8594295362177928,0.82336271774473,0.000845836310232595
Gls,0.0252441057394617,0.3053901722632373,0.910105580693816,0.0295593971279057,0.1721003216604791,0.3209007183553758,0.7544419944360296,0.8458016955776017,0.3937002160271982
Nab1,0.0315078594360238,0.3140483223727142,0.9689946775534558,-1.1169063893295954,-0.15178819019932,0.0914311892607627,0.5608880906083705,0.5031910954642242,0.40412860807744805
Asnsd1,0.0007335473709934,0.0027786850681888,0.0480139728942661,-28.609411088976945,-28.152357678361263,0.0,0.2983349323888565,0.0,0.011565191172481119
Stk17b,1.5876796062554575e-05,0.0010637453361911,0.0389235532269586,-0.5315344144377814,-0.361142181911652,-0.2120264725845632,1.16334935854217,0.905165618875701,0.006726532081374582
Ankrd44,0.0001690707571864,0.0016408810607041,0.030173926796862,-29.280497548679893,-29.150523339353285,-1.611982155526139,0.5987708242791754,0.0,0.00927941576247446
Sf3b1,0.015860919266492,0.0824958323410335,0.3837421608319441,-0.2555711669252108,-0.1342273448039209,-0.023481844285637,1.5039901621116476,1.371102803004925,0.1355424970846125
Coq10b,0.0003005389112932,0.001641642300541,0.0177499434183277,-2.0930108547585338,-0.8520218736718816,-0.4161171079116738,0.7900834928772245,0.4533754638300127,0.00927941576247446
Hspd1,0.0583492399385958,0.5713582599031516,1.0,-0.2347040665818891,-0.0491263171825723,0.243018912898732,0.600926349915121,0.5820596251747798,0.6442139956897439
Hspe1,6.35071842502183e-05,0.0015241724220052,0.0573787409700722,-0.3232169982499223,-0.2191496421733436,-0.1240073302421394,1.463306949797795,1.2595779067837314,0.008754747793242807
Bzw1,0.0201317774073192,0.2082876875446535,0.8521179645947434,0.0240413827219664,0.1465978084730203,0.2796236237181819,0.8357095465482467,0.925399190694304,0.28859626928326176
Clk1,0.0010637453361911,0.0473446058585377,0.4726680955783123,-0.2718536159993707,-0.1474159938380188,-0.0264453184066283,1.01133516779611,0.912749678899088,0.08743386684626628
Ndufb3,0.0004763038818766,0.0123997777248551,0.1574747955862501,-0.3861509486349807,-0.2488923528484906,-0.1289509152665286,0.8756748347242265,0.7370103713855956,0.03130796958728225
Cflar,0.153337090086624,0.5670225644633005,1.0,0.0439988019191231,0.2785287866253135,0.5547342801519339,0.5539986329528584,0.6772979854275155,0.6442139956897439
Sumo1,0.2082876875446535,0.7344923394458999,1.0,-0.1001912724595001,-0.0071766822104849,0.1057082817994639,0.999649905998868,0.9949736497716042,0.741802452776878
Nop58,0.0636286676217824,0.5264792305547628,1.0,-28.986211557833077,-1.031735088480751,1.234321656511712,0.4776976972434542,0.2224741062065197,0.608420412316811
Fam117b,1.5876796062554575e-05,0.0004763038818766,0.038707628800508,0.3949069690723506,0.6149582459023997,0.8595268875036698,0.530167268638836,0.8075187496059666,0.0044323300099521155
Eef1b2,0.0054933714376438,0.1152655394141462,0.7920774787647853,-0.0752132568025624,-0.0338455822300953,-0.0011480070418045,2.6928870726091665,2.63279989934068,0.1803457154857163
Rpl37a,0.0314201794077955,0.1813447646264983,0.5208065412399778,0.0105334904365498,0.0367432892992211,0.0572251564937124,3.597915214559835,3.68781134775092,0.2593595257846093
Arpc2,1.5876796062554575e-05,0.0007144558228149,0.0095578312296578,-0.1887382957414825,-0.1515211634195453,-0.1117032040355008,2.51995587407704,2.268069473675244,0.005108462247016128
Aamp,0.1996030161831719,0.7264717268578031,1.0,-0.2321050990673742,0.1069818191664084,0.9388779664827588,0.4824985249614941,0.5230193073051921,0.741802452776878
Dock10,0.038707628800508,0.2702706993728666,0.8506311026434865,-0.341630610914842,-0.1718000538297447,0.0177713729015252,0.8921995274951044,0.7931997086111436,0.35839879300782745
Mff,0.0007335473709934,0.0133949167537699,0.1403889715411655,-28.762544764686616,-28.03451611489732,-26.513443312601897,0.2749351472854717,0.0,0.03311434756645436
Trip12,0.0115206170324675,0.2282245285150198,0.8459194305078578,-0.0101645441064883,0.3054060059289528,0.8558855620470174,0.457491023474857,0.5626669353362241,0.31356961332398914
A530032D15Rik,0.0001720247930818,0.0007335473709934,0.0027786850681888,-29.09829299563064,-28.797468861343283,-27.751773192640904,0.4665540089485173,0.0,0.005108462247016128
Sp110,9.016783792651294e-05,0.0001690707571864,0.0008074274754744,-29.71427828558364,-29.602281411733596,-29.46355296149554,0.8153355420072028,0.0,0.0025457280142869155
Sp140,1.5876796062554575e-05,1.5876796062554575e-05,0.0003016591251885,-0.6391938527399825,-0.5142308058912868,-0.4044012362451969,1.1772127805784225,0.8233820153496249,0.000845836310232595
Sp100,0.0007335473709934,0.009501095540355,0.037650276439806,-28.622867635440425,-27.42795087879384,0.0,0.180565980997554,0.0,0.025587610992965797
Cab39,0.0007335473709934,0.0133949167537699,0.1853939469443623,-28.87508216132954,-28.35285870524423,0.0,0.3428158966135098,0.0,0.03311434756645436
Itm2c,0.2082876875446535,0.6784313725490196,1.0,-0.2739596066409262,-0.078979534595136,0.0759945712905675,0.7274571367426146,0.690484277817878,0.7080006145455244
Psmd1,0.0046673221553265,0.0391489942439858,0.2408516040602033,-29.04647989297093,-28.90334496849361,-28.70642114595608,0.5020810263339928,0.0,0.07495643012932053
Ncl,0.038707628800508,0.4268635389378423,1.0,-0.1200462638685618,-0.0418027817901293,0.0262523593711029,1.6544226655454026,1.6077870433449537,0.5156724498166337
Ptma,1.5876796062554575e-05,0.0002460903389695,0.0201317774073192,-0.149248380288897,-0.1212581851221612,-0.0839168714693925,3.326518210774585,3.0566612906301227,0.0029219014710520916
Eif4e2,0.0252441057394617,0.3837421608319441,0.9699293482575216,-0.3064911225708384,-0.1444763821157363,0.0620054298087875,0.7409003077394476,0.6655856779845541,0.4754386887981819
Inpp5d,0.0003316841937808,0.0106046072675885,0.2013437891236671,-29.132556985588742,-28.868710807289016,-28.208931915716207,0.4936494207173765,0.0,0.027559046447842798
Arl4c,0.0010637453361911,0.0054933714376438,0.0473446058585377,0.1849066919280881,0.3143119299722825,0.492165290330696,1.242754569949306,1.54132288092191,0.019253905482925885
Lrrfip1,0.0573787409700722,0.3053901722632373,0.6784313725490196,0.0764730139437706,0.1801112181130346,0.282267216026317,1.111092596279095,1.2561125020828312,0.3937002160271982
Ube2f,0.1632233167839101,0.6708558092938122,1.0,-1.0222653660021732,0.034378038075315,0.2567161700564724,0.5022404999114246,0.516418396903312,0.7080006145455244
Ndufa10,3.529139494825728e-05,0.0003565717551321,0.0077371208623235,-29.188047978549086,-29.02090981932628,-28.852823795553267,0.5447087557746415,0.0,0.0037247765205220837
Cops9,0.1349368897356513,0.6238787012780821,1.0,-0.1667936330677885,-0.0487527980488701,0.0442168178859887,0.961308585264372,0.9317088060081414,0.6790017938833468
Gpr35,3.529139494825728e-05,0.0001217557504524,0.0007335473709934,-29.41794499723496,-29.225749181541453,-28.96437100301427,0.6278084382993188,0.0,0.002300178507389277
Hdlbp,0.0123930050134845,0.231052016598276,0.9078907895431816,-0.3407295340619161,-0.1551192239335262,0.0080517809109669,0.6434598297928911,0.579262163688234,0.317045619685078
Fam174a,0.0030009890826976,0.017025100617029,0.1243273442411671,-29.23153883021505,-29.06707875086377,-28.634054332631443,0.562546685826331,0.0,0.040177729141626574
St8sia4,1.5876796062554575e-05,0.0002423343526326,0.0002462939704825,1.2695881774970208,1.581521752301079,2.176582507812556,0.490089984437977,1.460745135695055,0.0029219014710520916
Vps4b,0.0226430210233521,0.2431247967136485,0.9071710289327192,0.017245826033724,0.2985582628560262,1.571056984547384,0.437331471681821,0.5378953321471868,0.3281183925248796
Tsn,0.0114794726982849,0.144747399408133,0.616834337546481,-1.321134322620988,-0.2591773658967539,-0.0007754604984316,0.6130389233759616,0.5128948351406505,0.21707016758531417
Dbi,0.0001885369532428,0.0095578312296578,0.1813447646264983,0.0950372613335637,0.2271910682914505,0.3611059859721622,0.8892151460081122,1.0415935888120076,0.025587610992965797
Actr3,1.5876796062554575e-05,6.35071842502183e-05,0.0029848376597602,-0.3425839264495915,-0.2847455355772708,-0.2192662127929126,1.98195458670182,1.6298922186887852,0.001592162466320179
R3hdm1,3.529139494825728e-05,0.0001720247930818,0.0133949167537699,-28.99455747595653,-28.8063929544895,-28.403222706015917,0.469448921067723,0.0,0.0025457280142869155
Ubxn4,0.0054933714376438,0.0824958323410335,0.343145193299992,0.1849640058988634,0.3600105962562383,0.5143741220819111,0.7512950304939185,0.9639596639569574,0.1355424970846125
Cxcr4,0.0054933714376438,0.0586340835608684,0.4268635389378423,0.1319243143294916,0.3854157035155723,0.824720118284985,0.6170313530977495,0.8044536777166853,0.10421120272578029
Mapkapk2,0.0005684668718268,0.0147089871357653,0.1539115326934191,-0.5332097207092019,-0.3154526089985455,-0.1136394360423916,0.6577817782228128,0.5304185712389041,0.0360700248404095
Nucks1,0.0007144558228149,0.0314201794077955,0.2082876875446535,-0.6216591418258164,-0.4436152617656251,-0.2635213343994614,0.8884845755843759,0.6535528142261577,0.063285824497176
Nuak2,0.0382688146348018,0.2690653160474152,0.9034642790425516,-0.2606597038585579,1.4732967644736623,28.963325885535127,0.1775269261666745,0.4884717507157571,0.35839879300782745
Snrpe,0.0010637453361911,0.0690958164642375,0.7344923394458999,-0.209393212012443,-0.1235815687040123,-0.0008480054530451,1.4752516551012076,1.351139890844335,0.11826761838175913
Btg2,0.1349368897356513,0.6784313725490196,1.0,-0.1410073570153316,-0.0178891677659497,0.1105218784927643,1.341735564116385,1.3298947731295223,0.7080006145455244
Adipor1,0.0027786850681888,0.009501095540355,0.088567502575371,-28.42298800719549,-26.44304192416313,0.0,0.0912323351419642,0.0,0.025587610992965797
Csrp1,0.0043136188320908,0.0573225174744465,0.3960103817154125,-29.20005786700494,-28.942114397250485,-0.7998631012247146,0.5332639027167555,0.0,0.10246461361949206
Ptprc,1.5876796062554575e-05,1.5876796062554575e-05,1.5876796062554575e-05,-0.5515247214257054,-0.4884771438388686,-0.4194105848476108,2.2594770044551176,1.6088038437846048,0.000845836310232595
Glrx2,0.0001720247930818,0.0027786850681888,0.0298677932975399,-28.98704598848149,-28.590934658694074,0.0,0.4043238642656037,0.0,0.011565191172481119
Rgs2,0.0001263755029087,0.0013981399053915,0.0212070597213696,-29.54810915226852,-29.27310434563616,-28.980720268137,0.648757622486846,0.0,0.008369202635924961
Rgs1,0.0029848376597602,0.0824958323410335,0.5208065412399778,-0.2646975127745528,-0.1436111470021866,-0.0221711602996081,2.59862892094704,2.354141920031275,0.1355424970846125
Ptgs2,0.0002040915427345,0.0006710344515115,0.0047032888980492,-30.402287735903,-1.650980108178102,-1.0045561003385577,1.3179009697694806,0.4164918748340639,0.005108462247016128
Tpr,1.5876796062554575e-05,3.175359212510915e-05,0.0004763038818766,-0.7328021923366032,-0.5808870025782882,-0.4602702855326372,1.3086846910602126,0.8766858130485765,0.0011224770542497952
Ivns1abp,0.0003188669522625,0.0060874038647452,0.144747399408133,-29.194821502336872,-28.987396509904745,-1.3321785295564366,0.5416863712264035,0.0,0.020992207491670942
Fam129a,0.0007335473709934,0.009501095540355,0.1513756600246135,-28.43972951842378,-27.25201737742429,0.0,0.159836024926348,0.0,0.025587610992965797
Arpc5,0.0054933714376438,0.0824958323410335,0.5713582599031516,0.0181123653148496,0.0993308516684571,0.1800188488473157,1.6680684073513952,1.7889046566972149,0.1355424970846125
Ncf2,0.0579613607690228,0.4976153642099945,1.0,-28.77005808367316,-27.61172287809666,1.334572119419705,0.2615322610027237,0.0,0.5874893856684201
Dhx9,0.0006834348667358,0.0264702838404971,0.3919586420958689,-28.87592380932472,-28.61589098316285,-26.62158270795477,0.4113897665440382,0.0,0.05652121729869671
Ier5,0.0001905215527506,0.0073033261887751,0.0978804477256489,-0.544304987097867,-0.3521353019254517,-0.1853131439571224,1.110560034774915,0.8749388808422613,0.02414332678800386
Acbd6,0.0007335473709934,0.009501095540355,0.0928926209113315,-28.59727599743339,-26.95348855280571,0.0,0.1299596517300417,0.0,0.025587610992965797
Cep350,0.0133972710618509,0.1387749168664838,0.6422997782082179,-28.955236414973225,-28.67520572167916,-2.082028525253664,0.4318095547877472,0.0,0.20944004804708
Tor1aip1,0.0001529566816353,0.0003348594455668,0.0022253088637231,-29.52892886741585,-1.9409155225819317,-0.5380261099803907,0.7180208036683384,0.187959541502517,0.0035972684782431823
Gm2000,0.0046673221553265,0.0972806142445542,0.7159634822078894,-28.988367794953703,-28.75927364220206,-0.7022918531581885,0.460147568528225,0.0,0.1566995790738688
Soat1,0.0002323387678116,0.001542396104861,0.0170507620033596,-29.50092390650184,-2.081581051679123,-0.406202687570844,0.6790286854207273,0.16372793253618,0.008811919837691128
4930523C07Rik,0.1630622084554011,0.6646080249871684,1.0,-0.439604933183114,-0.0201802207686997,0.6658739097357634,0.578290704000374,0.5821924722553324,0.7080006145455244
Mrps14,0.0471816514623035,0.4629209642261225,1.0,-0.2295573321246167,-0.0541290365284917,0.1460805144503817,0.6333302505203925,0.6119007655210595,0.5554530263321323
Cacybp,0.0059373653275423,0.0784585157148273,0.5543742897628018,-29.12597384209495,-28.832686144866827,-0.5966781281258192,0.494211534188876,0.0,0.1325892918225987
Gas5,0.0573787409700722,0.3837421608319441,0.9699293482575216,-0.1647674683077492,-0.0642511884425863,0.0377734587850352,1.3653440309147538,1.3031135217947225,0.4754386887981819
Prdx6,0.0029848376597602,0.038707628800508,0.2702706993728666,-0.3501675371209692,-0.2317593938216528,-0.1206986896962582,1.29495038265566,1.1064814904430849,0.07431167294944374
Vamp4,0.0022921923506802,0.0516126376600038,0.4416039908528433,-28.88192794874757,-28.62283756413667,-26.65652323010629,0.413364014920796,0.0,0.09408599730835593
Prrc2c,0.0073033261887751,0.0978804477256489,0.6784313725490196,-0.1959139677694602,-0.1075537552775183,-0.0070764879760754,1.3154130607341,1.2219999840855111,0.1566995790738688
Mpc2,0.0473446058585377,0.343145193299992,0.910105580693816,-0.2287159493390685,-0.134740597603114,-0.0028071029940275,0.8435646219637962,0.769948962681757,0.4339717548500196
Creg1,0.0022206758115434,0.0276556527566731,0.230021267936865,-1.4421527902091504,-0.3712446816691654,-0.1761836139305381,0.6663179239258065,0.5169229355534257,0.0588753207037666
Uck2,0.0087981871860354,0.0639564373212809,0.2477657271612335,0.4256983986269674,2.195404610636806,29.198725612977043,0.123238557537569,0.575334608678228,0.11221072376685806
Uap1,0.0008074274754744,0.0062086026814063,0.0794960921881719,1.5691025243251455,29.13074407986368,29.25576640430688,0.0,0.5939487697163949,0.021374042510624917
Fcer1g,3.175359212510915e-05,0.0007144558228149,0.0073033261887751,-0.6784477687717643,-0.5773082343209393,-0.4690864324069611,2.213696045487608,1.4809517157461352,0.005108462247016128
Ndufs2,3.529139494825728e-05,0.0001712003574158,0.0030047995624546,-29.196998247790123,-29.021348270060543,-28.87826933074064,0.5449017374488833,0.0,0.0025457280142869155
Ufc1,0.0054933714376438,0.2379772961816305,0.9699293482575216,-0.2611441291218356,-0.1064547481368246,0.0572494449394832,0.6607954120057038,0.6170198762000257,0.3215787052397302
Pfdn2,0.0009535613008391,0.0110508192098248,0.0821263028608043,-1.4644745514413893,-0.4022051340385142,-0.178434312609519,0.6789244516401938,0.5189045037581588,0.02854460089228685
Arhgap30,0.0004256089954081,0.0013600451325973,0.0097222837672139,-0.8571682058958198,-0.6616941010114308,-0.4335451792399626,0.9385981669714756,0.5963083764469395,0.00828073193589956
Slamf7,0.0007335473709934,0.009501095540355,0.0759886785541828,-28.850412046405616,-28.226910416805065,0.0,0.3141569840500237,0.0,0.025587610992965797
Cd48,0.0001720247930818,0.0009361006688602,0.0102224535836243,-29.33831520804437,-29.133326670630883,-28.68438931395546,0.5888507066967386,0.0,0.006156884337472488
Tagln2,0.0690958164642375,0.4268635389378423,1.0,-0.0875162631992169,0.0659013313881736,0.2377138806520783,1.20786433887211,1.25611692094994,0.5156724498166337
Ifi204,0.0027782440362693,0.009501095540355,0.088567502575371,-28.559048419128317,-26.16300429074014,0.0,0.0751361715405872,0.0,0.025587610992965797
Mndal,3.529139494825728e-05,6.034243330066384e-05,0.0001219709860793,-30.48309122443446,-30.29502711642883,-30.17914445112271,1.3173824731764026,0.0,0.001592162466320179
Ifi203,3.529139494825728e-05,0.0001720247930818,0.0007335473709934,-29.443941932379985,-29.20507627422904,-28.810418046844312,0.6188764879371556,0.0,0.0025457280142869155
Ifi205,3.529139494825728e-05,0.0007335473709934,0.009501095540355,-28.96918431311598,-28.66427627143221,-26.44304192416313,0.4254092811608805,0.0,0.005108462247016128
Fh1,0.0007335473709934,0.0027786850681888,0.0298677932975399,-28.727704137604597,-28.106956150326702,0.0,0.2890925411067107,0.0,0.011565191172481119
Cep170,0.0252225734369385,0.2911284248433565,0.9663185553224448,-28.935329445524417,-28.431470184449623,0.0,0.3941317868293607,0.0,0.38279592231392606
Hnrnpu,1.5876796062554575e-05,0.0001111375724378,0.0054933714376438,-0.4461154680127412,-0.3242839074699438,-0.2131752389490828,1.3399820921643224,1.069200394957785,0.0021929089524532572
Acbd3,0.0025196548852789,0.0365306772221386,0.3686394745518044,0.1467129889646936,0.6170751728407429,2.6215390109064423,0.365480677576519,0.557071747213164,0.07228121927611639
H3f3a,0.1807327141382869,0.6238787012780821,1.0,-0.0508958149832376,-0.0231765712312654,0.0041047807299776,2.97041926046544,2.9226593573381585,0.6790017938833468
Sde2,0.0007335473709934,0.0102224535836243,0.2049892224528732,-28.961861745334957,-27.9756012386348,0.0,0.263933865231326,0.0,0.02663086624291367
Cnih4,0.0004041755840291,0.0051351318928053,0.0568569910481066,-29.318331858248428,-1.0070862794407458,-0.2783960239994297,0.6383947180357517,0.3219720969191891,0.018453568403993415
Wdr26,0.0134915374815255,0.2004587486996777,0.8469967641740412,0.1145527694271987,0.3062909366592528,0.5553945807581468,0.500640984980378,0.6198270623966687,0.28346223853949115
Srp9,0.1152655394141462,0.6238787012780821,1.0,-0.0902585553941907,0.0583265167728418,0.1872150977867443,0.920633313426799,0.961758387398386,0.6790017938833468
Degs1,0.0027786850681888,0.0995964768261884,0.7675494509693419,-28.778632564767907,-28.49587159907677,-0.3235900240288652,0.3803342916523636,0.0,0.15910051882804158
Eprs,0.0201317774073192,0.343145193299992,0.9699293482575216,-0.0680091390642428,0.1033026823552153,0.3810744493754093,0.7440218640296561,0.7980524493536699,0.4339717548500196
Atf3,3.529139494825728e-05,0.0001720247930818,0.0027786850681888,-29.353945919419008,-29.113753646437317,-28.792153598780697,0.580915725675816,0.0,0.0025457280142869155
Ppp2r5a,0.015049240840804,0.1425303019847767,0.7344923394458999,0.0102791010663048,0.1899067484607651,0.3593811989230606,0.5486011053449078,0.6269272901410365,0.213895826429267
Fam107b,0.0527200179360818,0.3299250581027665,0.967739567973502,-29.05061538222626,-1.2458882380983862,0.4383956039075024,0.4877853324817695,0.208652829141189,0.4240472248594665
Celf2,0.0003016591251885,0.0073033261887751,0.1152655394141462,-0.6011114735944869,-0.4243920792713921,-0.2411410897900762,0.9355277209438244,0.7004430758295812,0.02414332678800386
Atp5c1,1.5876796062554575e-05,0.0003016591251885,0.0029848376597602,-0.4148430511640068,-0.3200239032202457,-0.228924089698641,1.4005953663031814,1.1246196066708565,0.003348102061336945
Rbm17,0.0024238779803224,0.037650276439806,0.3910761462343339,-28.828668983633676,-27.74057209462189,0.0,0.2242563483313383,0.0,0.0740154419679212
Rsu1,0.2406461654668535,0.7249560728402249,1.0,-28.761430792821866,-0.0322614870355297,1.222578667328564,0.4328370523293378,0.4272595987266993,0.741802452776878
Vim,0.0073033261887751,0.0824958323410335,0.4726680955783123,0.0235237813280707,0.1296372084647126,0.2158639730125598,2.229877608117695,2.437826903166948,0.1355424970846125
Commd3,0.0007335473709934,0.009501095540355,0.0298677932975399,-28.66669536219262,-27.58277308919737,0.0,0.2010212926163127,0.0,0.025587610992965797
Pip4k2a,1.5876796062554575e-05,0.0022988170023958,0.0694300177111753,-0.6749468563837417,-0.5116164714142579,-0.3293154547837645,0.905662835287169,0.6337000956991403,0.011565191172481119
Apbb1ip,0.000277215933798,0.0031156560380675,0.0569385688146328,-29.371513006442637,-29.10735924595214,-0.4058612265844012,0.623948987983169,0.0,0.012295301883558969
Abi1,0.0821176473869336,0.4394515812854311,0.9699293482575216,-0.3671899518383084,-0.1067803298125956,0.1299097047444608,0.5903294688293079,0.5507124045865692,0.5302782104865537
Edf1,0.0010637453361911,0.038707628800508,0.4268635389378423,-0.1828569920499453,-0.1136800828932035,-0.0340894417747428,1.3636293507859598,1.25830748018773,0.07431167294944374
Rpl7a,1.5876796062554575e-05,0.0001905215527506,0.0029848376597602,-0.1641331128798365,-0.1301477142657247,-0.0903350639052663,2.6718170610066174,2.43854893464842,0.0025696292969084092
Surf4,0.0007335473709934,0.022438890030895,0.3355711441694582,-28.784748297344144,-28.442925701935323,-26.44304192416313,0.3648999463689429,0.0,0.04975783002688579
Olfm1,0.0007335473709934,0.0027786850681888,0.060676213535144,-28.820665290465097,-28.067588327202333,0.0,0.2813105312541052,0.0,0.011565191172481119
Set,1.5876796062554575e-05,0.0007144558228149,0.015860919266492,-0.4188899970362352,-0.314027391382309,-0.1761623115400558,1.4749248359706626,1.18195523308645,0.005108462247016128
Tor1a,0.0001720247930818,0.0007335473709934,0.009501095540355,-28.969327685236184,-28.607562427487828,-27.37720496619575,0.4090104524908653,0.0,0.005108462247016128
BC005624,0.0040738477603344,0.1041714790858197,0.6570908421435951,-28.91500459734008,-28.61280391259127,0.0,0.4112154215371945,0.0,0.16591137663070385
Fnbp1,3.175359212510915e-05,0.0015241724220052,0.0473446058585377,0.1811505209273968,0.3747024036659716,0.5774470372601614,0.7162129058068134,0.9270550999767776,0.008754747793242807
Ass1,0.0005239011522974,0.0040854564497672,0.0382228521575566,-29.4404767085221,-29.268334018676804,-1.4057733922435387,0.6555319268737183,0.0,0.015154567225000363
Swi5,0.0690958164642375,0.5713582599031516,1.0,-0.1638349889630966,-0.0183255449468527,0.1836306655336605,0.7756385019272872,0.7674550231791828,0.6442139956897439
Rpl12,0.0251162975311582,0.2379772961816305,0.7920774787647853,-0.0594519546803616,-0.0295170952739751,0.0003593727930121,3.170518697397685,3.106075016466753,0.3215787052397302
Hspa5,0.0007144558228149,0.0201317774073192,0.2082876875446535,0.0778021036969938,0.175866361342436,0.2732527266617462,1.83551006293933,2.07197764975156,0.04554226927282082
Traf1,0.0015241724220052,0.0473446058585377,0.3053901722632373,0.0771525646121953,0.1937142531618352,0.3455843284078817,1.5960388397030676,1.8058663800307364,0.08743386684626628
Cntrl,3.529139494825728e-05,3.529139494825728e-05,0.0007335473709934,-29.16175860668044,-28.97597694222032,-28.682275382250538,0.528005215559885,0.0,0.0011224770542497952
Rab14,0.1568627450980392,0.6784313725490196,1.0,-0.0751555264116966,0.0752035904128736,0.2598930621989462,0.7837159830572742,0.8258004966289221,0.7080006145455244
Gsn,3.175359212510915e-05,0.0007144558228149,0.015860919266492,0.2246259497019817,0.3250597090483272,0.4639837096733904,1.08568571893787,1.3626057520670325,0.005108462247016128
Ggta1,0.0001111375724378,0.0022725832923102,0.0150695328014461,0.5478003121464237,0.8697050294054647,1.2157636821380844,0.4999376451151505,0.9178382331083584,0.011565191172481119
Ndufa8,1.5876796062554575e-05,0.0001905215527506,0.0097222837672139,-0.6408475730045134,-0.4984278919296763,-0.3523426483740636,0.809403740749264,0.573978450190742,0.0025696292969084092
Psmb7,0.0013430421695079,0.0408264300091681,0.3747677914932922,-0.4651723219574148,-0.2508374600133543,-0.0661397571269327,0.6386603831617297,0.5360257422615533,0.07754110726340216
Rpl35,0.3053901722632373,0.7920774787647853,1.0,-0.0687280452664549,-0.0324371026631393,0.0030724081570239,2.72641284710883,2.6640644376525078,0.7931941293457506
Arpc5l,0.0001706924438469,0.0007335473709934,0.009501095540355,-29.203015185872804,-28.933954929214,-28.063673436033536,0.5128475997086575,0.0,0.005108462247016128
Arhgap15,3.529139494825728e-05,0.0001038810507656,0.0007335473709934,-29.38402869440124,-29.13783001285076,-28.750329220778248,0.590691663552295,0.0,0.0021929089524532572
Zeb2,0.0972806142445542,0.5264792305547628,1.0,-29.01288874028697,-28.199631119446533,0.0,0.308272533905462,0.0,0.608420412316811
Nmi,0.0001720247930818,0.0027786850681888,0.009501095540355,-28.92563508089442,-28.601249036519174,-26.996705104042302,0.4072244752878829,0.0,0.011565191172481119
Prpf40a,0.0123997777248551,0.1813447646264983,0.8506311026434865,-0.3227253932764884,-0.1505928086108721,-0.0158337562715566,0.8492601257100505,0.7712303661994759,0.2593595257846093
Nr4a2,0.0184394950081998,0.1647559752760604,0.7871838474924749,-0.0077350111853719,0.2861991158181474,0.6712569169407023,0.7103129044537267,0.8619873536045195,0.24047601596800322
Gpd2,0.0038003384534461,0.0639774891491002,0.5087557841299859,0.2502212317063456,0.483335716516192,1.5235871614948793,0.4703807815976675,0.6540819489105865,0.11221072376685806
Cytip,1.5876796062554575e-05,1.5876796062554575e-05,1.5876796062554575e-05,0.2928808188822668,0.336053003216427,0.378705088501008,2.35414759716009,2.9727011136098227,0.000845836310232595
Baz2b,0.0123997777248551,0.4268635389378423,0.9699293482575216,-0.1262103388534804,0.0976013204604682,0.2934747593696525,0.6937767196352389,0.7434975554546945,0.5156724498166337
March7,0.015860919266492,0.343145193299992,0.9699293482575216,-0.2233650294563104,-0.1068362546637302,0.0517106591000299,1.000672619483411,0.92809882504375,0.4339717548500196
Rbms1,0.0149830042629052,0.2082876875446535,0.9699293482575216,-0.0238469135698749,0.1638687614646242,0.3839624566209128,0.6178721028766835,0.6860109843171135,0.28859626928326176
Tank,0.0252441057394617,0.343145193299992,0.9699293482575216,-0.0863451601701287,0.1087817742868364,0.3526885460188182,0.631751501896294,0.6752872786885571,0.4339717548500196
Psmd14,0.0461324763980995,0.3524953100957074,0.9691122863264724,-2.1174548771309194,-0.1289823592511673,0.1415831203134742,0.509604569049942,0.473420677367119,0.44474097443099614
Dpp4,0.0120318597994687,0.1736964858864386,0.8459280157583419,-0.6727880191157084,-0.2017827661392414,0.0685289692325892,0.6271104258386693,0.5500006323901803,0.2527775543304943
Cers6,0.0003519580810809,0.0027786850681888,0.0483305289102878,-29.02837134116912,-28.65639818988893,0.0,0.423092592544615,0.0,0.011565191172481119
Ppig,0.0003016591251885,0.0201317774073192,0.3837421608319441,0.063440689700552,0.1785351318908656,0.3236285552956791,0.9991509243789928,1.126060538492525,0.04554226927282082
Ssb,0.1349368897356513,0.6784313725490196,1.0,-0.2157256367206768,-0.0484647495772073,0.1108454993967569,0.9321968292670252,0.9017133334203348,0.7080006145455244
Dync1i2,0.2379772961816305,0.6985956961394035,1.0,-0.2261862589540405,-0.0157210218871278,0.1950106641638396,0.5962895410330289,0.5940724510308253,0.726198745596619
Hat1,0.0003348594455668,0.0017100293456709,0.0258941190249426,-29.449959642825338,-1.592977040050882,-0.4340585665789287,0.664233663764116,0.2247116752938245,0.009589664567433388
Ola1,3.529139494825728e-05,0.0001720247930818,0.0024238779803224,-29.21065979598914,-29.00280371325974,-28.79856376342198,0.5379153829336676,0.0,0.0025457280142869155
Wipf1,0.038707628800508,0.343145193299992,0.9699293482575216,-0.0267274921767701,0.1805441877369714,0.3834678848995513,0.7448868466540425,0.8411324597650256,0.4339717548500196
Atp5g3,0.015860919266492,0.3389054406609085,0.9699293482575216,-0.1780893638688201,-0.047890711363869,0.0608531758161404,1.22735559450063,1.1871384007195511,0.4339717548500196
Hnrnpa3,0.0978804477256489,0.5208065412399778,1.0,-0.1066892582460375,-0.0245658983487498,0.0539019069150744,1.661294284877925,1.6288541892625,0.6025183167113968
Nfe2l2,0.0003016591251885,0.0054933714376438,0.0573787409700722,0.242508021129623,0.4082247368590215,0.5945483990264764,1.351738082599096,1.7959938501426624,0.019253905482925885
Itga4,1.5876796062554575e-05,0.0001111375724378,0.0015241724220052,0.3297123953063911,0.4622986933717926,0.6090087638822539,1.0442159851925097,1.4431188472679,0.0021929089524532572
Itprid2,0.0002219962051443,0.0002345546750104,0.0036827970389574,1.252682017869309,1.9281722538226416,29.414823951857954,0.1791403945210575,0.6919297924208171,0.0029219014710520916
Zc3h15,0.0201317774073192,0.3053901722632373,0.9699293482575216,-0.0355732374293523,0.1146551337931565,0.3506053483081143,0.6278039916873568,0.678168059972884,0.3937002160271982
Selenoh,0.0001720247930818,0.0007335473709934,0.0027786850681888,-29.202564618763056,-29.00760434193524,-28.217780750228957,0.5397081927047147,0.0,0.005108462247016128
Ssrp1,0.0001720247930818,0.0027786850681888,0.088567502575371,-28.8788567249878,-28.17087328211104,0.0,0.3021884504328396,0.0,0.011565191172481119
Ptprj,0.0834045094198544,0.4847604312438069,0.967739567973502,-28.22574056434891,1.1149899280083964,28.81655354958645,0.0931016302294247,0.211219922854199,0.5758218946379892
Mtch2,0.0001720247930818,0.0027786850681888,0.0298677932975399,-28.959665898425857,-28.631463435839727,-26.471388395328823,0.4158429214497485,0.0,0.011565191172481119
Celf1,0.0992117754970578,0.6319793444436901,1.0,-28.40991817716574,0.0,28.70824085835611,0.1362542471285675,0.0,0.6871163178619917
Psmc3,0.0047957988581912,0.0978804477256489,0.6157070384098022,-0.3900977567772266,-0.2043342704933053,-0.0485692645104816,0.6431483963154925,0.5567488349686704,0.1566995790738688
Spi1,0.1152655394141462,0.6238787012780821,1.0,-0.0964441848102058,-0.0303252788815538,0.0542193670802555,1.518553240593735,1.4838639412902448,0.6790017938833468
Cd82,0.009501095540355,0.1892992055774022,0.9016371476502788,-28.915582151625767,-28.471368147482305,0.0,0.3812766113896465,0.0,0.26983050641166834
Hsd17b12,0.009501095540355,0.1991048209933474,0.9595657057843286,-28.55010624860762,-26.47230310961091,0.0,0.1016981869782802,0.0,0.2824395932844218
Api5,0.1181731149811196,0.6319793444436901,1.0,-28.77402176337941,-0.985489668878577,28.156476756371266,0.2938167567287887,0.1068517291616502,0.6871163178619917
Cd44,0.0003016591251885,0.0022988170023958,0.0205899103531997,0.6038826604927148,0.9304680765082366,1.4887484621189064,0.4791585739077757,0.9133951465672716,0.011565191172481119
Caprin1,0.004096213384139,0.0824958323410335,0.5713582599031516,-0.3418906102824122,-0.1997567064840151,-0.0540437663729251,0.8626349718446671,0.753716054143689,0.1355424970846125
Eif3m,0.0003016591251885,0.0123997777248551,0.2082876875446535,-0.4086069248941443,-0.2678200862548443,-0.1211177056688991,1.001085550325298,0.831932912509558,0.03130796958728225
Nop10,0.015860919266492,0.1813447646264983,0.8506311026434865,-0.2943202063070294,-0.1655758958059941,0.0065027310220845,0.991452329367292,0.8798589738567966,0.2593595257846093
Emc7,0.0133949167537699,0.2542440808894587,0.9306075226498878,-28.873944295712523,-27.76347378855089,0.0,0.2378793141169297,0.0,0.3420417527622705
Srp14,0.0021592442645074,0.0201317774073192,0.1568627450980392,-0.3488492704533139,-0.2145311766043693,-0.1047811848711555,1.1229380398265625,0.9701519857612272,0.04554226927282082
Chp1,0.0004763038818766,0.0073033261887751,0.0978804477256489,0.2911254629895787,0.4409826386475186,0.6903421994273587,0.6318668151183565,0.854214918453024,0.02414332678800386
Rtf1,0.0013094543395349,0.0185720504973171,0.1568627450980392,-0.654646742154589,-0.3868848319019231,-0.1701283067301445,0.7359926042632077,0.5609271773872005,0.043395876765112654
Ehd4,0.0001720247930818,0.0027786850681888,0.0759886785541828,-28.782813674954763,-28.339762279280944,0.0,0.3397179656957975,0.0,0.011565191172481119
Zfp106,0.0123997777248551,0.343145193299992,0.9699293482575216,-0.2675542450410779,-0.1139032320673099,0.0792869636001009,0.7842385240936927,0.7240097338613172,0.4339717548500196
Snap23,0.0258579537017545,0.2060581022872252,0.8466508110971427,-29.02448642020981,-0.7705267803167104,0.0232676590046426,0.515988298627032,0.3081447190542697,0.28859626928326176
Pdia3,3.175359212510915e-05,0.0029848376597602,0.0690958164642375,-0.2844154158198314,-0.1963560155202748,-0.1114047654280713,1.42961988613283,1.248253175267895,0.011822842105853135
Serf2,0.0095578312296578,0.1349368897356513,0.7344923394458999,-0.0550571032299788,-0.0286894052813964,-0.0006424683855925,2.727231332674108,2.672599593606763,0.20480805699905477
Hypk,0.0027275566257589,0.009501095540355,0.088567502575371,-28.57640652640713,-26.95348855280571,0.0,0.1299596517300417,0.0,0.025587610992965797
B2m,1.5876796062554575e-05,1.5876796062554575e-05,3.175359212510915e-05,-0.1757028306196052,-0.1515555608093209,-0.125439676367725,3.6763439011110046,3.30804455309866,0.000845836310232595
Gatm,0.0001761699122484,0.0013981399053915,0.0102029298672555,-29.42187308912325,-29.25179385710136,-28.97279441444495,0.6392450552098194,0.0,0.008369202635924961
Eid1,3.529139494825728e-05,0.0008503839505192,0.0252225734369385,-29.130885515476432,-28.915174316061343,-28.58704279279708,0.5062147532949897,0.0,0.005680778051900989
Usp8,0.0007335473709934,0.0027786850681888,0.0298677932975399,-28.6529297694915,-27.857819599818946,0.0,0.2432424177774272,0.0,0.011565191172481119
Sppl2a,0.0573787409700722,0.5208065412399778,1.0,-0.2527941527851755,-0.0732103073655516,0.1027529719006696,0.7395087721932201,0.69978829521493,0.6025183167113968
Dusp2,0.009501095540355,0.1513756600246135,0.8685181258352878,-28.7656206838565,-26.65652323010629,0.0,0.1057823152769827,0.0,0.2255814905681478
Mtln,0.0007335473709934,0.009501095540355,0.088567502575371,-28.507045616773286,-26.44304192416313,0.0,0.0912323351419642,0.0,0.025587610992965797
Bcl2l11,0.1996030161831719,0.6701526554660717,1.0,-0.2101489822620602,0.0725412293429278,0.9005630609597882,0.5590221362912224,0.5864283843279869,0.7080006145455244
Il1b,0.0001111375724378,0.0054933714376438,0.0473446058585377,0.2535576128156409,0.4394336192008476,0.6358657551121677,2.526967143766061,3.4317364717253565,0.019253905482925885
Sirpa,0.0015023043030521,0.0208004792731061,0.1914819863595043,-29.18017487454812,-28.93631410429061,-28.256633336297035,0.5137247256763204,0.0,0.046905631038083706
Snrpb,0.0004763038818766,0.038707628800508,0.4268635389378423,-0.3139684886351702,-0.1848577486675889,-0.0704898022123437,1.113913630632625,0.978879853966359,0.07431167294944374
Idh3b,0.0007335473709934,0.009501095540355,0.2615722360139493,-28.444108019196836,-26.16300429074014,0.0,0.0751361715405872,0.0,0.025587610992965797
Ddrgk1,0.0079000024064032,0.0759886785541828,0.5113021401739962,-28.61529985597072,-27.234687678358718,0.0,0.157927554710845,0.0,0.12892665127306016
Smox,0.0127264932339823,0.0385392543410508,0.1605622754840926,27.753093583577137,29.18791408296513,29.3615049503421,0.0,0.6115579968194845,0.07431167294944374
Pcna,0.0763329295435737,0.5576034811198041,1.0,-28.55572623859316,-0.0245362394731041,1.5312687752960057,0.463636082973981,0.4739585705307666,0.6412590492532663
Flrt3,0.0018447703965623,0.0127264932339823,0.0366239015107788,29.116129051528983,29.29446246809125,29.538520341095342,0.0,0.6584335173013256,0.03205692326432185
Snrpb2,0.0022878731639293,0.060859721934612,0.4728549669282957,-29.06620038131732,-28.83231444632095,-1.6614589779052116,0.4800344112863595,0.0,0.10771766398891874
Dstn,0.1884383173875887,0.7227912249010906,1.0,-28.784544377336434,-0.0065442217443937,0.8284658165720648,0.454017026365206,0.4473758745424394,0.741802452776878
Rrbp1,1.5876796062554575e-05,1.5876796062554575e-05,0.0007144558228149,-0.7533150206998688,-0.6348595241485868,-0.5314975159174437,1.3450261221484712,0.8650992004929493,0.000845836310232595
Snx5,8.942220281086676e-05,0.0001219709860793,0.0002869558651326,-30.02741550059328,-29.86847120880992,-29.664080350912137,0.9804242986624564,0.0,0.002300178507389277
Xrn2,6.034243330066384e-05,0.0003895119682041,0.0094129018442965,-29.431690830573583,-29.302422502297265,-29.07083519940085,0.6645689359824343,0.0,0.004049024410941157
Cst3,0.0978804477256489,0.6238787012780821,1.0,-0.0592647586752014,0.0209373117917077,0.0976571248621368,4.024015276128624,4.088510641408668,0.6790017938833468
Fkbp1a,0.0010637453361911,0.0054933714376438,0.0448458892771173,0.2668314185080255,0.4412294037163125,0.6432029612600768,0.6061696453823813,0.8233279146838774,0.019253905482925885
Csnk2a1,0.0120318597994687,0.1879938007844447,0.8459280157583419,-0.3671264814031087,-0.1495031271257863,0.0532386755713772,0.608613996946612,0.5477134371837227,0.26832872704062405
H13,0.0001720247930818,0.0048669669840266,0.0836688965302689,-28.972757644163323,-28.732348933907385,-27.569294716597614,0.4459630684213152,0.0,0.017638616739729055
Hck,3.529139494825728e-05,3.529139494825728e-05,0.0001720247930818,-29.553811185032856,-29.40397191465117,-29.24687806118383,0.7103584277945341,0.0,0.0011224770542497952
Mapre1,0.0095578312296578,0.1568627450980392,0.7344923394458999,0.0893473174025274,0.2319904067335601,0.3751512853717601,0.8071437967864372,0.9491236344754724,0.23021660454815537
Chmp4b,0.015860919266492,0.343145193299992,0.9699293482575216,-0.0470320260438465,0.1058856523229891,0.2518444646160289,0.90393200385183,0.9740983943173804,0.4339717548500196
Raly,0.0022988170023958,0.0405991304587522,0.3747677914932922,-0.3432259600937172,-0.1926203507089913,-0.0634883057096387,0.7103110749888055,0.62279460571157,0.07731612779946465
Eif2s2,0.1568627450980392,0.6784313725490196,1.0,-0.0734284972597927,0.0191973573042482,0.1064984125712993,1.331593000363205,1.349182705852855,0.7080006145455244
Itch,0.0007335473709934,0.009501095540355,0.1853939469443623,-28.616600341371623,-27.42013856002031,0.0,0.1795908431551162,0.0,0.025587610992965797
Dynlrb1,0.0210188037368669,0.1737771549010672,0.7159634822078894,-28.96405142854616,-28.755061550820805,-0.2922171585305269,0.4643931800034635,0.0,0.2527775543304943
Eif6,0.0003016591251885,0.0073033261887751,0.0690958164642375,0.1697242388068383,0.3422285525805337,0.5020251226547787,0.7213689063664466,0.9149770231460476,0.02414332678800386
Romo1,0.0252441057394617,0.2379772961816305,0.910105580693816,0.0324236344893204,0.2045966424981625,0.3549416391174456,0.6738036863643823,0.7759015409941907,0.3215787052397302
Rbm39,0.0978804477256489,0.5713582599031516,1.0,-0.0341317096944215,0.0203291439576494,0.0795016468207428,1.7057694731366726,1.7288620198637514,0.6442139956897439
Scand1,1.5876796062554575e-05,6.35071842502183e-05,0.0073033261887751,-0.6537022116066161,-0.5269000733811549,-0.4147573104027297,1.3157710238988476,0.9126730849405362,0.001592162466320179
2900097C17Rik,0.0970382453253622,0.64330403310901,1.0,-0.1143824350738058,0.0896212673011137,0.3168130112579034,0.5785639762869255,0.6207463925217189,0.6980045287959777
Rab5if,0.0002462939704825,0.0029639058244674,0.0405991304587522,-2.707394120830621,-0.4768595983954099,-0.2242994943180566,0.6804746039165477,0.491552208976982,0.011822842105853135
Samhd1,1.5876796062554575e-05,1.5876796062554575e-05,0.0010637453361911,-0.7925292114999409,-0.6645890193516626,-0.5045215023842604,1.6982218938547375,1.07176079270163,0.000845836310232595
Rpn2,0.0207009933986877,0.2783672662422171,0.9677600759522614,-28.976705730929847,-28.408198428264928,0.3901277031661173,0.4269965050145909,0.0,0.368447605193891
Tgm2,0.0008885929513129,0.0137818194726874,0.1934593424492784,-29.47401474245593,-0.830683251013008,-0.2227415311422414,0.6903753208608185,0.3949132612465243,0.033835319465779785
Top1,0.0007144558228149,0.038707628800508,0.4726680955783123,0.0314482744139379,0.1449456961755381,0.2537093118855248,1.3032201676297777,1.4438386600277875,0.07431167294944374
Srsf6,0.0038003384534461,0.0583492399385958,0.3957147974520978,0.067463677697898,0.2779112477029162,0.6743927914683295,0.520732597768113,0.6318998192210251,0.10379151110947217
Serinc3,0.0611746769138519,0.3645242864117604,0.9663185553224448,-28.8704971717661,-28.552860409152032,-0.4096225071068231,0.4066269767915892,0.0,0.45891225542022973
Ywhab,0.0252441057394617,0.2702706993728666,0.9699293482575216,-0.1955648942529185,-0.0955331924853637,0.022026591020881,1.1226635809707526,1.0516867701183248,0.35839879300782745
Stk4,0.0005255587240814,0.0051351318928053,0.0636368618642698,-29.323243182981976,-29.082506650257415,-1.3731752292607304,0.5738008907368273,0.0,0.018453568403993415
Sys1,0.0029848376597602,0.0690958164642375,0.5208065412399778,-0.357115373116897,-0.2213454292485638,-0.0542570033462778,0.745799052553756,0.6383302500988843,0.11826761838175913
Ctsa,0.0004763038818766,0.0185720504973171,0.1768036740169494,-0.5324922671888843,-0.3973357565277205,-0.2192957640849538,0.7906659708522372,0.5999795916253285,0.043395876765112654
Cd40,0.0027786850681888,0.0980199619453154,0.6951599860537352,-28.809841649531304,-28.214056016652656,0.0,0.3119095367903765,0.0,0.1566995790738688
Zfas1,0.0001720247930818,0.0027786850681888,0.009501095540355,-28.806412360555296,-28.394425743135457,-26.44304192416313,0.352837037023077,0.0,0.011565191172481119
B4galt5,0.0027892181910361,0.0393165180425796,0.2838788176757985,26.826121649317912,28.849235687953755,29.031149244380675,0.0,0.4835988875480337,0.07507482074259599
Ube2v1,0.0027786850681888,0.0480139728942661,0.2983119407725079,-28.82640838500211,-27.99364503853761,0.0,0.2672556177735265,0.0,0.08828108389791291
Cebpb,0.0003188669522625,0.0024059978987341,0.0167889920924848,-30.03437012440284,-29.82991255655504,-1.7331520950934325,0.9678671619617616,0.0,0.011565191172481119
Ptpn1,1.5876796062554575e-05,0.0004763038818766,0.0095578312296578,-0.4048558562703768,-0.3038786946225972,-0.2231305742294422,1.2944314459763724,1.0485346409953793,0.0044323300099521155
Dpm1,0.0024189320245083,0.0283779386412889,0.1736964858864386,-29.23825985295284,-29.00421996199625,-0.3338948646264937,0.5731289330298039,0.0,0.06029250971544032
Rtf2,0.0266857774703228,0.3140483223727142,0.969182212422568,-0.3942431827349265,-0.1034807716230317,0.1409608816403631,0.5693094266444415,0.5336246290353366,0.40412860807744805
Zbp1,0.0007335473709934,0.0027786850681888,0.009501095540355,-28.82202408766857,-28.481531437223232,-26.47230310961091,0.3747963586170235,0.0,0.011565191172481119
Gnas,0.0004763038818766,0.0252441057394617,0.2082876875446535,0.0620563496439986,0.1369730960685655,0.2226967695797248,1.4898410031373874,1.63662432650197,0.05439351802911312
Ctsz,0.0001905215527506,0.0054933714376438,0.0573787409700722,-0.1897862701344956,-0.1183499672806616,-0.0547623040504697,2.2334154482158466,2.0570103185635498,0.019253905482925885
Atp5e,0.0314201794077955,0.2379772961816305,0.7920774787647853,-0.0173002998871637,0.0232614553943595,0.0682252465000217,2.347232483685255,2.3836737286052774,0.3215787052397302
Prelid3b,0.0001720247930818,0.0035729616071004,0.0818867812911984,-28.925776474910737,-28.747852941852457,-27.54937261962124,0.4507814596303435,0.0,0.013868818187123775
Psma7,1.5876796062554575e-05,0.0010637453361911,0.0201317774073192,-0.3095082349179973,-0.230765653786723,-0.169090451835416,1.625111599000625,1.38644945647968,0.006726532081374582
Rps21,0.4268635389378423,0.8506311026434865,1.0,-0.0200389850494815,0.001022906742797,0.0205499328383959,3.37328899943729,3.3754249215028915,0.8506311026434865
Ppdpf,0.2255493715247968,0.7274683619586189,1.0,-0.1323487296113722,0.2249767647140002,0.7960758515851722,0.4712698948342967,0.5541935108548701,0.741802452776878
Dnajc5,0.016633341135281,0.1403889715411655,0.6345614525742176,-28.73450203210622,-27.44971203480189,0.0,0.183310225829728,0.0,0.21083079517563333
Gm8797,0.0572255650189121,0.2569136720452983,0.8110050576483668,-28.8472730162193,-0.2628405232528901,0.2141378079456,0.5667967123865878,0.487540444696382,0.3454151641189468
Tpd52,1.5876796062554575e-05,0.0005851107704714,0.0121288692700313,-0.877917925967312,-0.6150380555355133,-0.407002772009494,0.8273749834367725,0.5422801531033303,0.005108462247016128
Fabp5,0.0127916359464683,0.1507667859152457,0.7998873353498503,0.0,2.272754732177715,28.968974409273677,0.0,0.1894440793868755,0.22546247072658848
Rbis,0.15135041160973,0.531643923280555,1.0,-28.723087435190347,-0.0798576779675964,0.2731657804635634,0.5063545256260693,0.4798257891826305,0.6140559352362399
Ythdf3,0.0027786850681888,0.0298677932975399,0.3519631185845171,-28.49287627199136,-26.65652323010629,0.0,0.1057823152769827,0.0,0.06227814825543789
Gyg,0.0003565717551321,0.0077371208623235,0.0939799938364451,-28.808050881113864,-28.55153542732026,-26.836998022749903,0.3934310072960497,0.0,0.025101967818363515
Rpl22l1,0.0054933714376438,0.1349368897356513,0.7920774787647853,-0.1173863570355093,-0.068817963659656,-0.0164648721126384,2.06192337353037,1.96753941245964,0.20480805699905477
Sec62,0.0978593926656418,0.6238787012780821,1.0,-0.0957479999216843,0.1138928194658167,0.2749314809952138,0.6319610048799865,0.6849370802358534,0.6790017938833468
Skil,0.0824958323410335,0.5208065412399778,1.0,-0.2863428479874833,-0.1059099710071555,0.0694579157312981,0.81226918857351,0.7591715739933668,0.6025183167113968
Ndufb5,0.0054933714376438,0.1349368897356513,0.910105580693816,-0.1727838490196096,-0.0809658958104875,0.0117433709682561,1.05351346828783,0.9958297406950865,0.20480805699905477
Ttc14,0.0016408810607041,0.0261221285241381,0.2820237518161671,-29.092096049843157,-28.91186325001229,-0.2142203464046801,0.5156026074819684,0.0,0.05588981514552037
Fxr1,0.0012437485294189,0.0085680166882523,0.0611078662662726,-29.399785094857616,-29.21045917076296,-0.4544577181905442,0.6467760773464379,0.0,0.025587610992965797
Dnajc19,0.1318811298530948,0.615497508592667,1.0,-1.0842005957079894,-0.0223911645889342,0.3026870480318774,0.513652400631066,0.5081128509474018,0.6790017938833468
Atp11b,0.2748445680378338,0.7605323733294866,1.0,-28.72657996554044,-1.8972573363562173,2.354588653558803,0.239429573338562,0.0,0.7659236708719924
Anxa5,0.0001905215527506,0.015860919266492,0.2702706993728666,0.0799466627871458,0.239265645161681,0.4144400564133164,0.9287664849794944,1.0968028296341226,0.037849517308952356
4932438A13Rik,0.0694138010953858,0.4980672150227055,1.0,-28.82139732393355,-28.16432845013796,0.3309953825960026,0.373388421941869,0.0,0.5876972509487184
Slc7a11,0.0050666118127268,0.0320726224833987,0.2207435730732253,29.13047501405424,29.417262071948524,29.570922667926364,0.0,0.718015848368758,0.06433008051597591
Ndufc1,0.0001905215527506,0.0252441057394617,0.4268635389378423,-0.3440970271121693,-0.2170754852669005,-0.0564403601945087,1.012725608650475,0.8725161563993706,0.05439351802911312
Ufm1,0.0054933714376438,0.0824958323410335,0.4268635389378423,0.1172412588847935,0.2976647456418163,0.4911819288103032,0.5097093147673766,0.6265606049975267,0.1355424970846125
Serp1,0.015860919266492,0.4268635389378423,1.0,-0.2809383300372359,-0.0947230095499345,0.1262962039269064,0.7758065327472157,0.7269733543021104,0.5156724498166337
Selenot,0.0001720247930818,0.0079084084763313,0.163532702145277,-29.0527903514493,-28.706871152403235,-26.68538251258273,0.438156539103459,0.0,0.025495943211894096
Gpr171,0.0170924461025135,0.2255493715247968,0.842122330008882,0.1200421047125991,0.8041410699120144,2.665557714310752,0.3722020227296057,0.6398998808358672,0.3100940069157045
Mbnl1,0.0001111375724378,0.0073033261887751,0.0978804477256489,-0.4368652021443291,-0.3231684186790605,-0.2161580459344635,1.312987430241035,1.0496373432877548,0.02414332678800386
Dhx36,0.037650276439806,0.4469684694114323,1.0,-28.423937383879384,-26.16300429074014,0.0,0.0751361715405872,0.0,0.537825978721492
Ssr3,0.0473446058585377,0.5208065412399778,1.0,-0.1123207461287583,0.0501168819440983,0.2458455893507763,0.7054146860532575,0.7300596676078308,0.6025183167113968
Tiparp,1.5876796062554575e-05,0.0002184077616165,0.0054933714376438,0.3633986148178031,0.5966758698852108,1.0683056298400797,0.7801671169945759,1.1765326450753624,0.0028553800000292117
Ccnl1,0.0021433674684448,0.0252441057394617,0.2379772961816305,-0.3351429719971316,-0.2230418216265981,-0.1050738910564821,1.0396157287495107,0.8918848862465949,0.05439351802911312
Rsrc1,0.0007335473709934,0.009501095540355,0.088567502575371,-28.64347646360072,-27.095142481642373,0.0,0.1433674698031727,0.0,0.025587610992965797
Kpna4,0.0007539856378786,0.0096401527677365,0.1152655394141462,-0.5457884083398644,-0.3435151843377823,-0.1652038753106387,0.7328824046802576,0.5796813502481337,0.025711095804814118
Pdcd10,0.0824958323410335,0.5713582599031516,1.0,-0.1098271166810747,0.0567145953850487,0.2024868093385093,0.8114450782590023,0.8450034165534885,0.6442139956897439
Rapgef2,0.0834045094198544,0.395707125195179,0.9682087749781296,-28.3083593336554,0.5225458638429614,28.959502100019375,0.2378793141169297,0.4382114321490927,0.4882162468825922
Tmem131l,0.0027068797915174,0.0385392543410508,0.3418362516636597,-29.023247947422732,-28.621086221046298,-26.790027423674527,0.412862613702161,0.0,0.07431167294944374
Rps3a1,1.5876796062554575e-05,1.5876796062554575e-05,0.0001111375724378,0.1347930103280934,0.1534008442018255,0.1737618207572541,3.24966005336752,3.614752804066842,0.000845836310232595
Etv3,1.5876796062554575e-05,1.5876796062554575e-05,0.0010637453361911,0.6193807634362897,0.7747821885271413,0.966010151403567,1.11510530685496,1.9068450378528696,0.000845836310232595
Hdgf,0.1763147943584485,0.7264717268578031,1.0,-0.292622156990772,0.0525847866690109,0.8588694529415855,0.537002855621904,0.5534181968939491,0.741802452776878
Mrpl24,0.0015049751850434,0.0385392543410508,0.4228794508689978,-29.04654408446337,-28.791711051699878,-1.2669291604525954,0.4669154675106175,0.0,0.07431167294944374
Cct3,0.0177228662486632,0.262549586881392,0.9689946775534558,-28.847386826524144,-0.1526153595666347,0.4777312110403239,0.512390822406481,0.4651049590753866,0.3518824966316015
Lamtor2,0.0688028895768834,0.5713582599031516,1.0,-0.1866509446115027,-0.0403974321506169,0.0905552723028375,0.812003677523076,0.7911742152068699,0.6442139956897439
Ssr2,0.0006238547844523,0.0168210442963698,0.2484670041644341,-29.06734090667776,-28.86731721374295,-28.078413360272645,0.48981704730879,0.0,0.03982849488396005
Arhgef2,0.02101953872444,0.296038665777247,0.9596739858284874,-28.619219841940264,-26.68538251258273,0.0,0.107919662386888,0.0,0.38798179383229603
Ash1l,0.0102224535836243,0.1387749168664838,0.7513591117305192,-28.81249466632246,-27.751322413329447,0.0,0.226627151176051,0.0,0.20944004804708
Krtcap2,0.004096213384139,0.0978804477256489,0.6252425180598543,-0.4017644232601945,-0.2155846135424547,-0.0248543691461916,0.78107566627558,0.6745739828032857,0.1566995790738688
Dpm3,0.0075721656792071,0.1352511889289831,0.6345614525742176,-28.75778326293744,-28.099993398545617,0.0,0.2877006806867377,0.0,0.2049930893368869
Pmvk,0.0638125204446245,0.2750885249817184,0.6784313725490196,0.1257437690555019,0.3542962822916047,0.5860314426733738,0.7744839830303195,0.9912123492460764,0.36433414961842253
Ube2q1,0.0001208620154681,0.0020527232777102,0.037650276439806,-28.97504967008747,-28.819206594249916,-27.8246086261186,0.4736370226076907,0.0,0.011245124176864876
Hax1,0.0694138010953858,0.4539317823519836,1.0,-28.890431802479387,-28.290292976396184,0.4739822226350249,0.428379305691562,0.0,0.5458965170384182
Ubap2l,0.0007144558228149,0.0314201794077955,0.4726680955783123,-0.3141132433839639,-0.189808044000655,-0.0407971880951825,0.825034318667083,0.7177814557871086,0.063285824497176
Tpm3,0.0201317774073192,0.1568627450980392,0.910105580693816,-0.1326602243206421,-0.079734296915599,0.0001271668655122,1.9963115328419676,1.887202117384244,0.23021660454815537
Rps27,0.2082876875446535,0.7344923394458999,1.0,-0.0461234083805739,-0.0096565577547207,0.0272412434947782,3.58772028086995,3.566271734852605,0.741802452776878
Jtb,0.007563985245325,0.1178771632483417,0.7227912249010906,0.071343426716448,0.9139008296820528,29.03185468315452,0.2801319640900282,0.519248476621458,0.18335491597242057
Gatad2b,0.0004954208174452,0.0102224535836243,0.1516053254111003,-28.82794643939814,-28.625955940436768,-26.51719768335004,0.4142584649795477,0.0,0.02663086624291367
S100a13,0.0314201794077955,0.3053901722632373,0.9699293482575216,-0.0162357960428039,0.1259489532316992,0.2757715703536006,0.6570686561793873,0.7151144094300873,0.3937002160271982
S100a4,3.175359212510915e-05,0.0004763038818766,0.0073033261887751,0.1844276028828033,0.3939063309330883,0.6279658204500691,2.2108919847459427,2.9038761403353552,0.0044323300099521155
S100a6,1.5876796062554575e-05,1.5876796062554575e-05,3.175359212510915e-05,0.3229369180447001,0.4295912884006129,0.534185671785055,2.1648749808352648,2.9206819527075103,0.000845836310232595
S100a11,0.0690958164642375,0.3837421608319441,0.9699293482575216,-0.0303144977303006,0.0176663190922823,0.0668513803574625,3.024434302383211,3.063990392391104,0.4754386887981819
S100a10,0.1813447646264983,0.6238787012780821,1.0,-0.450794400250014,-0.198172796370671,0.1848191243242846,1.36082553905628,1.1908415978843,0.6790017938833468
Psmb4,0.0007144558228149,0.0201317774073192,0.2082876875446535,-0.3386077347254233,-0.253084892125152,-0.1382818349751509,1.19173554138657,1.0004887834127945,0.04554226927282082
Psmd4,0.0095578312296578,0.0573787409700722,0.3837421608319441,-0.4001922571007869,-0.2457975307659446,-0.1146766002962366,0.814979971661369,0.6894138264445865,0.10246461361949206
Cdc42se1,0.0048460129906725,0.0821176473869336,0.5877471709496872,0.0653293289024058,0.3478598468526928,1.4162635557382028,0.4645089572344931,0.587241273386916,0.1355424970846125
Ctss,0.0015241724220052,0.0201317774073192,0.1813447646264983,-0.157296537910317,-0.1081034767443987,-0.0413467806051394,2.39204051120243,2.2186872480103,0.04554226927282082
Ensa,0.016633341135281,0.139432096005046,0.7234676494450559,-29.075084570806425,-28.6998787625996,-0.0802121780243685,0.4528984877358109,0.0,0.2101342267233048
Mcl1,0.0007144558228149,0.015860919266492,0.1568627450980392,0.0732931454399466,0.1176361414737322,0.1673637868047381,2.0353294739886687,2.20952052554203,0.037849517308952356
Mrps21,0.0040888165108717,0.0897670388331979,0.7344923394458999,-0.339219986826941,-0.1517044506745277,0.0029311146281435,0.7055205739057965,0.6371802157468964,0.14692285695356738
Anp32e,0.0118309705207014,0.1879938007844447,0.9075269506632172,-1.1305020084198196,-0.2109801262691079,0.1077045376251575,0.6063063813743435,0.5270671752784329,0.26832872704062405
Plekho1,0.0001720247930818,0.0001720247930818,0.0027786850681888,-29.23266136784932,-29.03139709187629,-28.829725015283675,0.5486827919944834,0.0,0.0025457280142869155
Rbm8a,0.0021592442645074,0.0690958164642375,0.3441601174882899,-0.4256474783849206,-0.277380256043935,-0.1260748818462697,0.7370440230364566,0.6073318580441844,0.11826761838175913
Rnf115,0.0007335473709934,0.0027786850681888,0.0298677932975399,-28.65785025921134,-27.648726492272665,0.0,0.2104252395658609,0.0,0.011565191172481119
Tent5c,3.529139494825728e-05,0.0002391009389611,0.0035729616071004,-29.484932632161268,-29.29857209826213,-29.04183245433058,0.660311768202666,0.0,0.0029219014710520916
Atp1a1,1.5876796062554575e-05,3.175359212510915e-05,0.0010711528311013,0.3930934858133958,0.634853114034451,0.8872758204701483,0.5454813088796473,0.8457003588190872,0.0011224770542497952
Csde1,0.038707628800508,0.4726680955783123,0.9699293482575216,-0.0469903635778085,0.0259660794876555,0.0979579651986665,1.2838671990175,1.3056042451354075,0.5617711721569345
Bcas2,0.0006222595543671,0.0102224535836243,0.1165400811894109,-28.98398919486633,-28.770235750077887,-26.903459365564856,0.4578296785540275,0.0,0.02663086624291367
Capza1,0.0978804477256489,0.6238787012780821,1.0,-0.1573762569193313,-0.0472177559591985,0.0685612705948417,0.8703816783064413,0.8413359482423071,0.6790017938833468
Rap1a,0.0001111375724378,0.0201317774073192,0.343145193299992,-0.3755464694131622,-0.2580320737386943,-0.1363856757039721,1.27328863086309,1.062106359427375,0.04554226927282082
Atp5f1,0.0015126617448598,0.0473446058585377,0.3837421608319441,-0.2161274390035953,-0.1223226073217057,-0.0552448433070745,1.49170725364268,1.37069041431816,0.08743386684626628
Cd53,0.0021592442645074,0.0252441057394617,0.1568627450980392,0.1475678834255653,0.240618856894173,0.3391089909543053,1.1682942231103035,1.37901684040003,0.05439351802911312
Lamtor5,0.0001720041821901,0.0001720247930818,0.0032593368359413,-29.252735240575596,-29.119344359658044,-28.71133628725895,0.5831712502769697,0.0,0.0025457280142869155
Gnai3,0.0021358168527197,0.0365306772221386,0.3330233645922859,0.2018504247622155,0.7418878289596259,28.90002390983192,0.3422826186301068,0.5714670879109456,0.07228121927611639
Psma5,6.35071842502183e-05,0.0015241724220052,0.0252441057394617,-0.5253679114016082,-0.4033366308955121,-0.2278880804506474,1.0279936347426937,0.7790197447074475,0.008754747793242807
Stxbp3,0.0001905215527506,0.0047981709084513,0.0824646654917428,0.3042831873638524,0.5294617801046795,1.275725157340945,0.4788113486157841,0.6909200640674172,0.01744863857663775
Prpf38b,6.35071842502183e-05,0.0073033261887751,0.2082876875446535,-0.4120678010433855,-0.2763674791521733,-0.1159809394291785,0.999120915485683,0.825931141886896,0.02414332678800386
Dnttip2,0.0007335473709934,0.009501095540355,0.1513756600246135,-28.747014348604843,-27.6499444157389,0.0,0.2106035448362601,0.0,0.025587610992965797
1810037I17Rik,0.0573787409700722,0.3053901722632373,0.8506311026434865,-0.273825884715518,-0.1514682713576077,-0.034718934075372,1.2343567416514225,1.1076197683440951,0.3937002160271982
Snhg8,0.1762493366466483,0.6784313725490196,1.0,-0.1836190463055504,-0.0076529053857957,0.1994143798825743,0.5837553212915473,0.5827907574460289,0.7080006145455244
Ostc,0.0252441057394617,0.3958881626528012,0.9699293482575216,-0.0826793674202017,0.115257122224912,0.4056927096012215,0.5903039863589365,0.6369235619690312,0.4882162468825922
Rpl34,0.2082876875446535,0.6238787012780821,1.0,-0.0277084162375763,-0.0130526568083984,0.0099199803765008,3.522836392364787,3.4898237084903947,0.6790017938833468
Aimp1,0.0001808387981124,0.0010701382541962,0.0218443929057919,-29.47149586322797,-2.4710523503659947,-0.4466996767177515,0.6680323144763924,0.122732359546446,0.006727034276377884
Tet2,0.00315340827298,0.107951344335968,0.7802566569665166,-28.978102637883527,-28.671009778424995,0.0182375131971309,0.4609195846123569,0.0,0.1714190125036869
Cisd2,0.0393860308349575,0.4591720638519739,0.9689946775534558,-28.914544041931325,-0.1831701014381483,0.5681779167931158,0.4899957984213048,0.4351720321923408,0.5518870096269354
Ube2d3,0.0123287290624751,0.2082876875446535,0.910105580693816,0.0097919137093474,0.0904994340112366,0.1830331252624657,1.48247915804438,1.5753074522935029,0.28859626928326176
Nfkb1,0.0004763038818766,0.0029848376597602,0.0252441057394617,0.3510022980094479,0.5864849749751125,0.8738028701314539,0.8405703231039218,1.2731317774722388,0.011822842105853135
Ppp3ca,0.0007335473709934,0.0098787108853839,0.1678253583141733,-28.85136670419197,-28.325757410946785,0.0,0.3364361391783979,0.0,0.02618349862780235
H2afz,0.0073033261887751,0.1349368897356513,0.7920774787647853,-0.1309057994341661,-0.082924186082273,-0.0225479623681314,3.15598812373074,2.981415644029855,0.20480805699905477
Dnajb14,0.0027786850681888,0.009501095540355,0.2615722360139493,-28.60986229515734,-26.30121543271442,0.0,0.083070083737246,0.0,0.025587610992965797
Dapp1,0.0007205978134571,0.0103454859887807,0.1519429467112972,-1.5353425260693656,-0.5064230725345782,-0.1864471713467644,0.8223153289749532,0.5849738710222423,0.026918474532468463
Adh5,0.0015306752205042,0.0265593042074621,0.2216595552360846,-28.959384061129192,-28.672593120588974,-27.53135223683908,0.4278687642265528,0.0,0.05659787726610173
Eif4e,0.0007144558228149,0.015860919266492,0.1568627450980392,0.2567068337959595,0.4867682978825955,0.7922059310111406,0.5697045409942405,0.794275965682575,0.037849517308952356
Gbp7,0.0001720247930818,0.0027786850681888,0.009501095540355,-29.23443733365478,-28.861842116176604,-26.64719823558923,0.487843144304818,0.0,0.011565191172481119
Gbp3,0.0007335473709934,0.0027786850681888,0.0298677932975399,-28.91798422644958,-28.293402787073425,0.0,0.328975016207487,0.0,0.011565191172481119
Gbp2b,3.529139494825728e-05,0.0001720247930818,0.0001720247930818,-29.673217714703195,-29.41238072868147,-29.00917960024515,0.7145108739921355,0.0,0.0025457280142869155
Gbp2,3.529139494825728e-05,0.0007335473709934,0.0133949167537699,-29.184112878996416,-28.910877803665507,-27.54872834279365,0.5047094298181141,0.0,0.005108462247016128
Gtf2b,0.0061980181122447,0.1099936837969392,0.7843493017003418,-29.054943695870172,-0.3378993745914727,0.1371431116498197,0.5667889282854333,0.459201568619064,0.1745320477820383
Pkn2,0.0075786139202345,0.0980199619453154,0.5640191690442912,-28.906681142839076,-28.570078610567407,-26.435714538327456,0.398894247619199,0.0,0.1566995790738688
Lmo4,0.1181801079195865,0.4972853792508703,0.967739567973502,-28.146888676849755,0.5305251271987818,28.81153574170348,0.174325086660912,0.251840199337814,0.5874893856684201
Selenof,0.0003016591251885,0.0252441057394617,0.4738715567198528,-0.3523606967553017,-0.222274509253977,-0.0336067701302709,1.0037247722034444,0.8557009291006212,0.05439351802911312
Sh3glb1,0.0201317774073192,0.3837421608319441,0.9699293482575216,-0.1119825946297815,-0.0332724278843097,0.0503322465268777,1.5668396886055571,1.5346841259154675,0.4754386887981819
Bcl10,0.0020141464876035,0.082463866341761,0.5208065412399778,0.1200119845767568,0.2840899297912818,0.4714666587910528,0.584257682661284,0.710067235265044,0.1355424970846125
Gng5,0.2379772961816305,0.7344923394458999,1.0,-0.0151574546371545,0.0266104158942618,0.0739173165551971,1.9824739249906247,2.01967433135957,0.741802452776878
Ifi44,0.0007335473709934,0.009501095540355,0.088567502575371,-28.69056120440754,-27.0217259699681,0.0,0.1362542471285675,0.0,0.025587610992965797
Fubp1,0.0007144558228149,0.015455080053648,0.1883523836355811,-0.5370591022629134,-0.2929877209300536,-0.1191088543301811,0.6618819217683196,0.5417245419744392,0.037769238066885195
Srsf11,0.0010637453361911,0.0690958164642375,0.6238787012780821,-0.3187435033220067,-0.1901727326880344,-0.0553914470851341,1.0208962800564556,0.8986343751127623,0.11826761838175913
Wls,3.529139494825728e-05,0.000406798853443,0.0079084084763313,-29.23025170058071,-29.05545092603136,-28.863881655476373,0.557907584517011,0.0,0.004187866457425281
Lyn,0.1152655394141462,0.6238787012780821,1.0,-0.131190548538064,-0.0010904874164372,0.1648025917870937,1.017867770184561,1.0186695091275275,0.6790017938833468
Rps20,0.0004763038818766,0.0314201794077955,0.3837421608319441,-0.0516734115609122,-0.0312148094751616,-0.0083667284844596,3.86584701286445,3.78430308002069,0.063285824497176
Gm11808,0.025852082762503,0.2408721217561525,0.8459049925451292,-2.334754539351035,-0.2374770325087334,0.1016630264388275,0.5456815753227531,0.4681626379533242,0.32528421512190175
Sdcbp,0.0003016591251885,0.0252441057394617,0.3837421608319441,-0.3726477150112427,-0.2214013089668996,-0.0713748808315228,1.08516729089127,0.931147555592158,0.05439351802911312
Rab2a,0.0001111375724378,0.004096213384139,0.0475954592363258,0.1654609976273313,0.2873214377763055,0.4472556188396588,0.7674524425789473,0.9338911188022584,0.015154567225000363
Chd7,0.1567746037227538,0.6708558092938122,1.0,-0.2666463667109218,-0.041214885843693,0.2473069221485785,0.704833765478948,0.68104781986014,0.7080006145455244
Cpne3,0.0007335473709934,0.009501095540355,0.088567502575371,-28.620710293699865,-26.716788810801333,0.0,0.1102947437271357,0.0,0.025587610992965797
Pnisr,0.0009535613008391,0.0170924461025135,0.2299948384840083,-29.20788496207589,-0.4469323238277668,-0.1499788598855576,0.625097029998427,0.4674754629454675,0.040292038323513565
Pnrc1,0.0314201794077955,0.3837421608319441,0.9699293482575216,-0.0636242342325196,0.0496077323456299,0.1936796465001582,1.0812109291247518,1.11775399677757,0.4754386887981819
Ndufb6,0.0085670110665122,0.1519429467112972,0.9066374035742084,-29.065247163151664,-0.3150856110950637,0.0234394043669684,0.5491721946095862,0.4457478645379518,0.22626863692646706
Dnaja1,0.0004763038818766,0.0095578312296578,0.0978804477256489,0.0857000149765631,0.1953948349675324,0.3252042633071844,1.1240204541967862,1.2854886264804162,0.025587610992965797
Bag1,0.015860919266492,0.2541239977772486,0.9699293482575216,-0.0545324363467099,0.0975825441272944,0.2267532784469225,0.688364835315932,0.7358362047746003,0.3420417527622705
Chmp5,0.0020527232777102,0.0471866693782339,0.4466858661521166,-28.890639781055462,-28.475624218390475,0.0,0.3732647976399795,0.0,0.08743386684626628
Dctn3,0.0060849770435593,0.0575794303215503,0.4636573707533065,-0.3955935328570931,-0.2250976509696516,-0.0539102799606575,0.6801406798614873,0.5821005303218431,0.1026793021047897
Vcp,0.1349368897356513,0.6784313725490196,1.0,-0.1338850566698992,-0.0024924672648341,0.1234911275699809,0.933387421463961,0.93517872221243,0.7080006145455244
Tln1,1.5876796062554575e-05,3.175359212510915e-05,0.004096213384139,-0.5643237174558934,-0.479048816560924,-0.3967384644558609,1.6555114782815874,1.186620179621595,0.0011224770542497952
Clta,0.0010637453361911,0.0123997777248551,0.0978804477256489,-0.2107414676287925,-0.1463805921621435,-0.0932414400958691,1.56718975974005,1.418733886694655,0.03130796958728225
Tomm5,0.0004570259517539,0.0130722697176655,0.1570067468670474,-29.054075060011787,-28.828971698405716,-28.123209759127725,0.4777040279868385,0.0,0.03273443803565826
Anp32b,1.5876796062554575e-05,1.5876796062554575e-05,0.0015241724220052,-0.8208171314353401,-0.67496488690202,-0.4981880179863404,1.41394106345605,0.8828040406874115,0.000845836310232595
Coro2a,0.0001720247930818,0.0007335473709934,0.009501095540355,-28.971552560580403,-28.73020227981669,-27.58639847064565,0.4452999708926315,0.0,0.005108462247016128
Sec61b,1.5876796062554575e-05,1.5876796062554575e-05,0.0001111375724378,0.2326273384145674,0.2973664395178823,0.3521142353515,1.8322943135206988,2.252976348229996,0.000845836310232595
Nr4a3,1.5876796062554575e-05,1.5876796062554575e-05,0.0001111375724378,0.4219258571348921,0.5721477275481333,0.7004203860699909,1.33008332077448,1.98597531228462,0.000845836310232595
Erp44,0.0001720247930818,0.0027786850681888,0.0133949167537699,-28.82813994623521,-28.60498449055081,-27.416515455700395,0.4082802651864625,0.0,0.011565191172481119
Rad23b,0.017025100617029,0.1403112941755949,0.5545116269975416,-29.16355226519315,-1.2930244463558844,-0.0790580735214231,0.5698806721397365,0.2265445791338715,0.21083079517563333
Klf4,0.0393123299476147,0.3752159399982679,0.9682087749781296,-29.08921668208309,-27.173157879661844,1.07982159675312,0.4475100001383015,0.0,0.47062105246398406
Txn1,0.004096213384139,0.0095578312296578,0.0314201794077955,-0.4013234079950364,-0.305532373698263,-0.1967862213517199,1.8438782412273176,1.487614245533,0.025587610992965797
Gng10,0.0001111375724378,0.004096213384139,0.038707628800508,-0.3615547244059911,-0.2540200919650501,-0.1578731191823085,1.7233972848831076,1.4453030619077625,0.015154567225000363
Ptbp3,0.0123997777248551,0.3837421608319441,1.0,-0.0588600366456023,0.0606746651616738,0.1747159697052899,1.10583478567069,1.15563762312938,0.4754386887981819
Atp6v1g1,0.0021592442645074,0.0201317774073192,0.0978804477256489,-0.2920233155870212,-0.2255999048951009,-0.1576986061977555,1.6258081842803624,1.3897804772119948,0.04554226927282082
Rps6,0.0015241724220052,0.0978804477256489,0.8506311026434865,-0.0465666051533684,-0.0289697872883631,-0.0025491612908656,3.0726615437774702,3.009804480657544,0.1566995790738688
Mysm1,0.0567339230362177,0.4143554061444077,0.9691830820581888,0.0989540011001094,0.456337397021379,1.3721700681645677,0.415878598263228,0.5791081790295913,0.5086355820816434
Jun,0.0007335473709934,0.0217949421933055,0.3423037314405578,-29.0551785054679,-28.603776392876064,-26.44304192416313,0.4079384885472105,0.0,0.048838088132422734
Jak1,0.015049240840804,0.2379772961816305,0.9699293482575216,-0.0505251252069465,0.1562007403085485,0.3853999125959739,0.669793145391286,0.7494668991898465,0.3215787052397302
Pde4b,0.0010637453361911,0.015860919266492,0.1152655394141462,0.1179697976384755,0.2919636887875374,0.4394156891233103,1.0746201162437354,1.31542551831477,0.037849517308952356
Mier1,3.175359212510915e-05,0.0015241724220052,0.0307089808920604,0.2104457761803977,0.3952439410234343,0.5967011896812672,0.5600238025280942,0.7368829317036925,0.008754747793242807
Tmem59,0.0001219709860793,0.0002040915427345,0.0021358168527197,-29.464140368484568,-29.30151396738397,-0.5666779993449705,0.693173872826536,0.0,0.002701360730231177
Magoh,0.0095578312296578,0.2082876875446535,0.9392479388385064,-0.2820957425466682,-0.128628086376015,0.0488773350614439,0.6815472822505737,0.622139855966926,0.28859626928326176
Scp2,0.0473446058585377,0.5208065412399778,1.0,-0.0756160747281213,0.0417060999247823,0.1976585902737783,0.9824861761730715,1.0128281170916242,0.6025183167113968
Tut4,0.2379772961816305,0.7344923394458999,1.0,-0.2763014978460901,-0.0975921220176843,0.1616664518698102,0.798833881406911,0.744451399529125,0.741802452776878
Nrd1,0.0002219962051443,0.0003168535922656,0.0023104253216764,-0.9544850264088424,-0.7034406144799932,-0.5414701721296301,0.8602780159712702,0.5301512196256017,0.00348048971710306
Cmpk1,0.004096213384139,0.0978804477256489,0.7920774787647853,-0.2564726653518342,-0.1482272473509667,0.001330564595109,0.8924058896928779,0.8052559427967098,0.1566995790738688
Uqcrh,0.0123997777248551,0.3837421608319441,0.9699293482575216,-0.0233013382653995,0.0361113462990752,0.0856344659055611,1.8517709194274112,1.89963273360221,0.4754386887981819
Akr1a1,3.175359212510915e-05,0.0015241724220052,0.0252441057394617,-0.3117751437963459,-0.2278774878970221,-0.1421526495223211,1.34245703888783,1.1454796843087287,0.008754747793242807
Prdx1,1.5876796062554575e-05,6.35071842502183e-05,0.0054933714376438,-0.3426263861290795,-0.2801358425788928,-0.221496027885119,1.782785828329555,1.4691522213729051,0.001592162466320179
Rps8,0.2082876875446535,0.6784313725490196,1.0,-0.0163107531649637,0.0041659603821246,0.0248867298153683,3.8609333225174,3.8717138355658527,0.7080006145455244
Atp6v0b,0.0002988806858775,0.0314201794077955,0.343145193299992,-0.2962489132142745,-0.1900497247541263,-0.0634857885258068,1.1982600525771026,1.0457400914389738,0.063285824497176
Ebna1bp2,0.0007335473709934,0.009501095540355,0.0298677932975399,-28.788199375862657,-27.715301776989744,0.0,0.220362236661321,0.0,0.025587610992965797
Ybx1,0.0007144558228149,0.038707628800508,0.3837421608319441,0.0198692002913603,0.0645383515009305,0.1225645850080533,2.18682890483179,2.289478191083985,0.07431167294944374
Smap2,0.0005684668718268,0.0092079327359871,0.1123997117787749,-29.2925200153555,-0.5713278747334699,-0.251018408398195,0.6466540574004658,0.4402114545335959,0.025587610992965797
Rlf,0.0001720247930818,0.0027786850681888,0.060676213535144,-28.62407306593267,-28.047973936004805,0.0,0.2775118104865835,0.0,0.011565191172481119
Ppt1,3.529139494825728e-05,0.0007335473709934,0.0027786850681888,-29.17836990361934,-29.0089689308718,-28.452293852279784,0.5402189204100892,0.0,0.005108462247016128
Cap1,1.5876796062554575e-05,0.0001111375724378,0.0021627335829546,-0.8320006096272715,-0.673012342131458,-0.4780541644064716,0.988598281975948,0.6191652647712355,0.0021929089524532572
Macf1,0.0007048903820158,0.0046591558569937,0.0367103646724126,-29.369619362750228,-29.218552810073287,-1.43035456659765,0.628721026029446,0.0,0.01700113207406434
Ndufs5,0.0073033261887751,0.0978804477256489,0.5713582599031516,-0.3607865830406857,-0.1873955066888717,-0.031346791341459,0.7816619157314701,0.687475301348144,0.1566995790738688
Akirin1,0.022796347982707,0.2630889109848705,0.9078340000264986,-0.2917117990936283,-0.1186084050085748,0.0413823790381216,0.625647268185352,0.5813343965602951,0.3521623550934416
Mrps15,0.0006834348667358,0.009501095540355,0.0978412151825437,-28.98277932569641,-28.423044459269764,0.0,0.3599058944090465,0.0,0.025587610992965797
Thrap3,0.0015241724220052,0.0252441057394617,0.2090299277605772,-0.3701914206836487,-0.2377316298451059,-0.0912532512685787,0.770703911886579,0.654040787708372,0.05439351802911312
Map7d1,0.0027698148909922,0.0027786850681888,0.0480139728942661,-28.82423224224577,-28.26501819088315,-26.47230310961091,0.3225657870940527,0.0,0.011565191172481119
Psmb2,1.5876796062554575e-05,0.0029848376597602,0.0573787409700722,-0.3955019588076863,-0.2863999533610559,-0.1876327793651905,1.143879492523355,0.9412837214965984,0.011822842105853135
Sfpq,1.5876796062554575e-05,0.0003016591251885,0.015860919266492,0.2019010075083046,0.3268358999681874,0.4153241900668514,0.9233601176817174,1.162163327008425,0.003348102061336945
Phc2,0.0007761696331711,0.0218317488739345,0.1895927046437186,0.2009155891340651,0.4824365110584648,1.5919618091479273,0.475681528400612,0.6665916038122806,0.04886917736381766
Ak2,0.0046593783536953,0.1403889715411655,0.9242203280316528,-28.77779905053599,-27.732864883932987,0.0,0.2230612819594665,0.0,0.21083079517563333
Rnf19b,3.529139494825728e-05,0.0001712003574158,0.0019943971000479,-29.279614595670747,-29.13993533097055,-28.92331628423266,0.5915543358203519,0.0,0.0025457280142869155
Rbbp4,0.0010701382541962,0.0130238645462553,0.090108576081082,-29.39258642606352,-2.3986676745466022,-0.424440621045821,0.6505195642857935,0.1178580302907585,0.032651594527141226
Zbtb8os,0.0007335473709934,0.0027786850681888,0.0134952447806316,-28.923793382873864,-28.56021339139765,-26.16300429074014,0.395804668400836,0.0,0.011565191172481119
Marcksl1,0.0060866396985226,0.0553942414206647,0.3225593316295753,-29.60620969285021,-29.192097755298004,-28.09405927035656,0.6140747390688557,0.0,0.10063523313506946
Eif3i,0.2082876875446535,0.7344923394458999,1.0,-0.1241789403802384,-0.0149744687339848,0.0914007805462314,0.935282700072703,0.9237187429133744,0.741802452776878
Tmem234,6.35071842502183e-05,0.0007869050746109,0.0087084917487098,-0.7579537968358139,-0.6042090792480812,-0.4465489588440159,0.8431133339072605,0.5541483131468342,0.00535109358530823
Khdrbs1,0.0021592442645074,0.0824958323410335,0.5713582599031516,-0.3534359174609411,-0.1970311000905933,-0.0269433493645693,0.7622441404706325,0.6684086694221812,0.1355424970846125
Ptp4a2,0.0029848376597602,0.0824958323410335,0.5208065412399778,0.0130901920426291,0.0751846082792392,0.1736226397853418,1.4644941437627823,1.540516786148815,0.1355424970846125
Laptm5,0.0029848376597602,0.0252441057394617,0.1813447646264983,-0.1941328497183762,-0.1357384053760745,-0.072596836658041,2.1642574614472148,1.974473841484665,0.05439351802911312
Epb41,0.0001905215527506,0.007750865708345,0.0980599789015274,0.3336825986243392,0.6240051968406982,1.5876849949649472,0.4584334394871577,0.7150171958249382,0.025101967818363515
Atpif1,0.0473446058585377,0.4726680955783123,0.9699293482575216,-0.1021945441043815,-0.0419356270135366,0.0210870319608193,1.6414084468352226,1.5925145391393776,0.5617711721569345
Dnajc8,0.0007144558228149,0.0095578312296578,0.0824958323410335,-0.437588641499512,-0.315823177634711,-0.1983801746742418,1.034372083548595,0.828547553456473,0.025587610992965797
Ptafr,0.0001905215527506,0.0054933714376438,0.0690958164642375,-0.8020401857796907,-0.5421099960744724,-0.2582085776148691,1.0229618917011352,0.7003051405852745,0.019253905482925885
Themis2,0.0007335473709934,0.0027786850681888,0.0298677932975399,-28.9857514758434,-28.419996557068032,0.0,0.3591467731457954,0.0,0.011565191172481119
Stx12,0.1060951416416458,0.549957305307333,1.0,-29.03261636889127,-0.5443534877437552,0.2249780362484437,0.5052821845312496,0.3264501679701529,0.6334913608702306
Fam76a,0.187056212051365,0.7415983921509318,1.0,-28.615407935836885,-0.4925074078011416,28.627858038042024,0.190078196112141,0.122732359546446,0.7486244309207181
Fgr,3.529139494825728e-05,0.0001720247930818,0.0009361006688602,-29.25825571079981,-29.088745369356136,-28.78670920653084,0.5709326656113257,0.0,0.0025457280142869155
Wasf2,6.35071842502183e-05,0.0095578312296578,0.2029832516101894,-0.544578426187824,-0.3696788881373617,-0.1522797101325579,0.7587288455560963,0.5910884456223939,0.025587610992965797
Nudc,0.0059686693402117,0.0785410702493339,0.5862391457948903,-29.230153379427836,-0.4489731290204327,-0.0052032010884209,0.6154597078382593,0.4602851821409695,0.13262362971579283
Zdhhc18,0.0027786850681888,0.0298677932975399,0.2914741136837093,-28.694788892416778,-26.760082187082823,0.0,0.1136547054878365,0.0,0.06227814825543789
Hmgn2,0.0007335473709934,0.009501095540355,0.088567502575371,-28.80445505101583,-27.42795087879384,0.0,0.180565980997554,0.0,0.025587610992965797
Cd52,6.35071842502183e-05,0.0021592442645074,0.0473446058585377,-0.1577467553690146,-0.1122355437093247,-0.0581787614756852,3.2818988800896625,3.0385075572969846,0.011277817469767817
Sh3bgrl3,1.5876796062554575e-05,1.5876796062554575e-05,6.35071842502183e-05,0.323298314001305,0.3768448965986536,0.449483346039303,2.133385638989248,2.771522969756708,0.000845836310232595
Tmem50a,0.0005255587240814,0.0031156560380675,0.0382228521575566,-29.387874284225425,-29.254254110970745,-0.6053948069253514,0.6521122236673365,0.0,0.012295301883558969
Rsrp1,0.0824958323410335,0.3837421608319441,0.9699293482575216,-0.3337585662160637,-0.2035364435585845,-0.0592856639679033,0.993931422150623,0.8591017992554479,0.4754386887981819
Syf2,0.0021592442645074,0.1131952949438642,0.8176419984553024,-0.3266946226070914,-0.1534317938293814,0.0326525455209912,0.6546549085239857,0.5891834929317319,0.1793451104277878
Runx3,0.0004763038818766,0.0201317774073192,0.2379772961816305,0.0339941796356072,0.1633640219857332,0.2804014778428613,1.515162258027845,1.7057959755652474,0.04554226927282082
Clic4,1.5876796062554575e-05,0.0003016591251885,0.0054933714376438,0.2992835235191043,0.4766524796707631,0.6854908503975232,0.9995000799738016,1.39028629047535,0.003348102061336945
Srrm1,1.5876796062554575e-05,0.0004763038818766,0.0073033261887751,-0.3773589944981204,-0.2882061751775564,-0.1899732200966729,1.34626400897903,1.099419334649055,0.0044323300099521155
Srsf10,0.0447637532952528,0.511323918706056,1.0,-0.1300528487710891,0.1278016081905807,0.8733500447806057,0.5167518444768446,0.5618947208350202,0.6006787600675884
Fuca1,0.0001111375724378,0.0029316408379423,0.0490556423358853,-0.6212676914395463,-0.4906263341049053,-0.2893288116113821,0.8803314721623434,0.6226109362091126,0.011822842105853135
Rpl11,0.1568627450980392,0.6784313725490196,1.0,-0.0180261764688968,0.0083811758099339,0.0269035753781847,3.42425962051298,3.4462655152511448,0.7080006145455244
Hnrnpr,3.529139494825728e-05,0.0007335473709934,0.0174080378282394,-29.04130469377045,-28.7864637363511,-28.17435350706642,0.4630085947175545,0.0,0.005108462247016128
Kdm1a,0.1903191557492417,0.7039203384624914,1.0,-28.534421859410067,-26.435714538327456,27.70701960511102,0.183310225829728,0.0,0.7299534020747295
Cdc42,0.0314201794077955,0.1813447646264983,0.5713582599031516,-0.115584841176549,-0.0575803385380757,-0.0043699772747741,2.259971188026695,2.171258188570053,0.2593595257846093
Ece1,0.0001808387981124,0.0008145136860964,0.010408775719352,1.8959148056521915,29.18818581164726,29.280319489418517,0.0,0.6122906107273824,0.005475484747859395
Eif4g3,0.0001217557504524,0.0007335473709934,0.0133949167537699,-29.137062751760425,-28.908787686400935,-28.55667558002082,0.503978756956069,0.0,0.005108462247016128
Hp1bp3,0.0009361006688602,0.0333863238295691,0.3314499666551759,-28.98704598848149,-28.729425558419468,-27.12357999780225,0.4452784287781387,0.0,0.06642974423978688
Ddost,0.0667388355564883,0.5598677791524032,1.0,-2.056955531500574,-0.0197812145215644,0.3848569404385462,0.4947218475984125,0.491873372080191,0.6431688611179359
Micos10,0.0314201794077955,0.5208065412399778,1.0,-0.1432870411836624,-0.0504484356918336,0.0514512380823051,1.1676820189003023,1.1285739852535177,0.6025183167113968
Capzb,0.0003016591251885,0.015860919266492,0.1813447646264983,-0.1887066244966316,-0.128608008694909,-0.0644947717045383,1.4820391014059613,1.354780423059335,0.037849517308952356
Rcc2,0.0007335473709934,0.009501095540355,0.088567502575371,-28.712367297741437,-26.95348855280571,0.0,0.1299596517300417,0.0,0.025587610992965797
Sdhb,6.034243330066384e-05,0.0001219709860793,0.0004338587209506,-29.562403404074697,-29.41113919390463,-29.265445420098125,0.7138962633642857,0.0,0.002300178507389277
Necap2,0.0313842213899098,0.2872414592292746,0.936468000897405,-29.05254551230498,-1.5097920121103727,0.1847483398563433,0.4858694684713175,0.1733786572515185,0.3783136895040693
Efhd2,0.1152655394141462,0.6238787012780821,1.0,-0.0699257962262296,0.0020305694139686,0.0793379302300444,1.5987510638576874,1.5947633394706,0.6790017938833468
Tnfrsf1b,0.0010637453361911,0.0201317774073192,0.153337090086624,0.2125310339326638,0.364353047093569,0.5924220673246859,0.593558013437977,0.7621025236600109,0.04554226927282082
Tardbp,0.0027978174746771,0.030173926796862,0.2614677393748564,-29.17077367515672,-28.92904646363501,-0.2227403352545928,0.5450968429259222,0.0,0.06267118713851162
Eno1,0.0094769206997081,0.1323180178891167,0.7574854909102511,-0.4432811937237449,-0.1769658470622539,0.0812952275437508,0.62991350708823,0.559591494432228,0.20329466194787865
Park7,0.0021592442645074,0.0978804477256489,0.6784313725490196,-0.3050755596019681,-0.1840692882925256,-0.0155083041758771,1.0661273485080325,0.9411918743381922,0.1566995790738688
Rpl22,0.1813447646264983,0.7344923394458999,1.0,-0.0300702735025889,-0.0001386347645774,0.0313858330412899,2.9328191078736925,2.934847603428095,0.741802452776878
Rer1,0.022635383251474,0.2013144812161835,0.7280685162535736,-0.3520211782218482,-0.1645313348049559,0.0186900923282302,0.6447338285527717,0.5722483793112525,0.2837722318932107
Gnb1,0.004096213384139,0.1568627450980392,0.8506311026434865,-0.1830767440731414,-0.0968859775662284,-0.0058762956824493,1.077256356193025,1.00658042766753,0.23021660454815537
Nadk,0.0007335473709934,0.0098787108853839,0.1853939469443623,-28.722123625059183,-28.090747987257377,0.0,0.2858628791164689,0.0,0.02618349862780235
Cdk11b,0.0009535613008391,0.0177390308677953,0.1736964858864386,-29.215191944730464,-0.4711879822123884,-0.2231043655792793,0.6255746443650645,0.4557212425719937,0.0415405217354635
Ssu72,0.0002423343526326,0.0048638168938063,0.103883585152209,-0.8112251965331342,-0.5183997319132512,-0.2877659725328562,0.760946067756803,0.5332640900667884,0.017638616739729055
Mrpl20,0.0123997777248551,0.2082876875446535,0.8506311026434865,-0.0363460195878194,0.1321327932509103,0.2924916616011698,0.6284256073672325,0.6884729423253253,0.28859626928326176
Ccnl2,0.0312498715049338,0.3501923179297079,1.0,-29.0347327506233,-0.3528816785030562,0.7028289428383234,0.514475611268589,0.393392312094746,0.44262148843903176
Aurkaip1,0.0002040915427345,0.0007549992228802,0.007318906196645,-29.581476006365204,-1.4758585707227745,-0.4422944658155002,0.7342109808774637,0.2563093490819335,0.005190010786960343
Ube2j2,0.0022988170023958,0.0115206170324675,0.0393921086962645,0.6195088686166088,0.8853782221820735,2.0524205385945,0.3998948671155065,0.7418050468409689,0.029722076145506347
Sdf4,0.0252441057394617,0.2968939270753236,0.9392473587541448,-0.31739731426078,-0.1363503471011433,0.0660874688302759,0.631909581603803,0.572133855994869,0.3883861010420593
Isg15,3.529139494825728e-05,0.0001720247930818,0.0007335473709934,-29.398651931215724,-29.178287565030725,-28.865874331033314,0.6074909024433723,0.0,0.0025457280142869155
Noc2l,0.0027786850681888,0.009501095540355,0.088567502575371,-28.56088426037465,-26.68538251258273,0.0,0.107919662386888,0.0,0.025587610992965797
Akap9,6.034243330066384e-05,0.0001762973367313,0.0013070550314972,-29.35853710859801,-29.230649251815265,-29.092267527708216,0.6299443960678845,0.0,0.0025696292969084092
Sri,0.0690958164642375,0.3053901722632373,0.7920774787647853,-0.2562575861254846,-0.1363123019579286,-0.0056350176932463,1.224396650005585,1.1128129992091824,0.3937002160271982
Rsbn1l,0.0007335473709934,0.0027786850681888,0.037650276439806,-28.758752183364862,-28.329690500470143,0.0,0.3373545773762675,0.0,0.011565191172481119
Fgl2,1.5876796062554575e-05,0.0001111375724378,0.0073033261887751,-0.6224786745426565,-0.5306302572697574,-0.3982160656337956,1.9508399925610007,1.347895462005069,0.0021929089524532572
Dnajc2,0.0006056643678553,0.0088116873156729,0.1006857611708819,-29.31653751666619,-1.6844989411939124,-0.3098278215618589,0.6323736745237325,0.2039482327078705,0.025587610992965797
Psmc2,0.0001217557504524,0.002419263668759,0.0517071777540203,-29.06041311480176,-28.93740044389905,-28.763454736187207,0.5140738697074365,0.0,0.011565191172481119
Kmt2e,0.1318227266585346,0.6421748224203866,1.0,-0.248423666992332,-0.0396529968495317,0.2148880349207479,0.5987284195998798,0.5821454204591396,0.697269906959609
Srpk2,0.0001720247930818,0.0007335473709934,0.009501095540355,-28.78482088150382,-28.4901206404722,-26.513443312601897,0.3770343265423275,0.0,0.005108462247016128
Tomm7,0.1152655394141462,0.6784313725490196,1.0,-0.0618891622795387,0.0120621083339689,0.0826488336213531,1.52934415963536,1.54211439937684,0.7080006145455244
Nub1,3.529139494825728e-05,0.0003359251183343,0.0030009890826976,-29.216945382596784,-29.09594499175055,-28.92145278814519,0.5737889682221244,0.0,0.0035972684782431823
Rheb,0.0001111375724378,0.0123997777248551,0.1820183376994516,0.1102689669797433,0.2665566524647259,0.4050674954219233,0.9238085161747944,1.1113987706549726,0.03130796958728225
Kmt2c,0.0001720247930818,0.0027786850681888,0.0759886785541828,-28.800899992547777,-28.38893675058276,0.0,0.3514969053025555,0.0,0.011565191172481119
Dnajb6,0.0314201794077955,0.1349368897356513,0.428008652853853,0.0514277651269852,0.1243310153835151,0.2098624646882266,1.202224151308425,1.3092029393079925,0.20480805699905477
Hadha,0.0007335473709934,0.02101953872444,0.2872956127329411,-28.9306767990879,-28.71428809118689,0.0,0.440414915327293,0.0,0.04724961711158401
Hadhb,0.0027786850681888,0.009501095540355,0.0894116692838894,-27.67102502505328,-26.51719768335004,0.0,0.0960443671183395,0.0,0.025587610992965797
Ost4,0.0252441057394617,0.343145193299992,0.9699293482575216,-0.0337775710459186,0.0565394224414106,0.1443880558666459,1.22695146995501,1.275957454001325,0.4339717548500196
Ppm1g,0.0001720247930818,0.0027786850681888,0.060676213535144,-28.789694770805124,-28.408198428264928,0.0,0.356221270659363,0.0,0.011565191172481119
Mrpl33,0.0029848376597602,0.1349368897356513,0.6784313725490196,-0.2320786318585326,-0.1318101524184383,-0.0339622303755288,1.175111914759133,1.0718533782972,0.20480805699905477
Fosl2,0.0001111375724378,0.0015241724220052,0.0314201794077955,0.4538546021154435,0.6786093404509885,0.9500427819276506,0.5766890695968563,0.9262591302223232,0.008754747793242807
Ppp1cb,0.0687153338442212,0.5087557841299859,1.0,-1.3012158230202877,-0.0810911985685446,0.203099049591807,0.4902296594330015,0.4629697305613485,0.59865189176201
Ywhah,0.0029848376597602,0.0252441057394617,0.1568627450980392,-0.3490339430621723,-0.2500880268676506,-0.1353782634443793,1.250890028330203,1.05073301698514,0.05439351802911312
Rnf4,0.1182029444806938,0.6819728033664025,1.0,-28.75597968205149,-26.75130216618539,26.608708697850552,0.1789330467263555,0.0,0.7110000215136026
Grpel1,0.0059596923407427,0.090108576081082,0.6138264075239757,-29.11992241662897,-0.8392403270342528,-0.0052800078946954,0.526029485530237,0.2758712087466373,0.14736866893997372
Mrfap1,0.1813447646264983,0.7344923394458999,1.0,-0.1493191329610081,0.0142015183080035,0.1975219993672957,0.7513233498247964,0.7593390035245782,0.741802452776878
Tmem128,0.2818899644466004,0.7498482066597265,1.0,-28.78733078284845,-0.0655252375091975,2.371540198742596,0.4186995461627125,0.4247771865797962,0.7562359339289528
Wdr1,3.175359212510915e-05,0.0021592442645074,0.1152655394141462,0.0907437456550442,0.2534059460061159,0.4305871366755154,0.8602342247634167,1.02381632886973,0.011277817469767817
Bod1l,0.0007335473709934,0.0027786850681888,0.0298677932975399,-28.575195505455067,-27.59971872600917,0.0,0.2033963739565605,0.0,0.011565191172481119
Med28,0.0003560555892122,0.0102224535836243,0.1403889715411655,-28.95688462763744,-28.686883521322823,-26.435714538327456,0.4321280133634462,0.0,0.02663086624291367
Dhx15,0.0021592442645074,0.0252441057394617,0.2379772961816305,0.1297727476283834,0.3316453808844602,0.6975469023377353,0.5869085687255917,0.7369044260356502,0.05439351802911312
Rbpj,0.0029848376597602,0.0314201794077955,0.1813447646264983,0.1097483927307638,0.3084213628948116,0.5489077366521503,0.7144794470500838,0.8830137016043376,0.063285824497176
Arap2,0.0001808387981124,0.0006056643678553,0.0027631497736189,2.1151509185398534,29.76465198964717,29.904928321057454,0.0,0.9227495316411868,0.005108462247016128
Rpl9,0.2702706993728666,0.7344923394458999,1.0,-0.0196452659926862,-0.0009585811896928,0.0197602943560168,3.41786935567153,3.4136662952096346,0.741802452776878
Smim14,0.0185687366100892,0.2702706993728666,0.9692169978474025,-0.3508726143612214,-0.1562323686989521,0.0381806776131436,0.6389870703120225,0.574445422756164,0.35839879300782745
Ube2k,0.015860919266492,0.1763147943584485,0.7920774787647853,-0.342723811924313,-0.160072552716405,-0.0066626459216903,0.661889110355363,0.5933357815779066,0.25611917299103865
Fip1l1,0.0007335473709934,0.009501095540355,0.1223341709161366,-28.465459609544524,-26.68538251258273,0.0,0.107919662386888,0.0,0.025587610992965797
Chic2,0.0383979229614112,0.4416039908528433,1.0,-28.644112353895565,-27.44971203480189,0.0,0.184333965371389,0.0,0.5316712454844119
Kit,0.0046673221553265,0.0745088893827769,0.5990513446131561,-29.21570793415905,-28.812306438817444,-0.1308741473334128,0.4998377763813515,0.0,0.12702275461975807
Paics,0.0001217557504524,0.0024238779803224,0.037650276439806,-29.036559937331564,-28.856356818446358,-27.46893737715148,0.4859918284721967,0.0,0.011565191172481119
Srp72,0.0120318597994687,0.1318811298530948,0.6421748224203866,-0.4328725777238603,-0.2248202726694982,-0.0301127513604258,0.6794954235473667,0.5823187697792828,0.2027696159573918
Rest,0.1591561028214331,0.6708558092938122,1.0,-0.3577523059551072,-0.0449351799874896,0.278988716883121,0.5626830368857123,0.5478910116844065,0.7080006145455244
Stap1,0.0054933714376438,0.0583492399385958,0.3548552371580371,-0.7118216591383715,-0.4989636778358451,-0.1997588087062416,0.8685469904722736,0.6117488338929707,0.10379151110947217
Ythdc1,0.0252441057394617,0.3837421608319441,0.9699293482575216,-0.2264660350698878,-0.0741065399617367,0.0775505859089023,0.8008396410901306,0.757135158199373,0.4754386887981819
Jchain,0.1567629984208277,0.6701526554660717,1.0,-0.2206846224653211,0.0805287486727222,0.3259338307333875,0.5518866618267966,0.5839535947261711,0.7080006145455244
Utp3,0.0034288832126691,0.0623267569638798,0.5136893790987446,-29.05466866636265,-28.803377773827897,-2.159890523160687,0.4709804112289617,0.0,0.11022267144400652
Ankrd17,0.0032593368359413,0.0634788370139077,0.5095972354703261,-28.9374201029983,-28.59452525229326,-26.44304192416313,0.4053309920487645,0.0,0.11170388247451472
G3bp2,0.0012430720417246,0.0473480442705731,0.4984577691246062,-28.992993058867004,-28.782545297229937,-26.94678590180014,0.4631672795419244,0.0,0.08743386684626628
Naaa,0.0007335473709934,0.009501095540355,0.088567502575371,-28.800979765276757,-27.70988429562775,0.0,0.219536303499626,0.0,0.025587610992965797
Cxcl9,0.0007335473709934,0.009501095540355,0.088567502575371,-29.25345888271448,-27.715301776989744,0.0,0.220362236661321,0.0,0.025587610992965797
Ccni,0.0075721656792071,0.0759886785541828,0.4469684694114323,-28.73417223070954,-27.98458204773578,0.0,0.2655819839550097,0.0,0.12892665127306016
Cnot6l,0.0324735534435809,0.3713264582342768,0.9692169978474025,-0.0436126845816448,0.2443856935676743,1.259294430446923,0.4977217152242055,0.5931948898502015,0.46601689193006113
Antxr2,0.0001808387981124,0.00089067411736,0.008528797440388,29.43907218781408,29.56828610700101,29.66182670911222,0.0,0.7960512672290735,0.005912855277551901
Hnrnpd,0.0040684289910296,0.0314201794077955,0.1813447646264983,-0.6126823384918197,-0.4602442921006762,-0.2930427996838665,1.24973444873826,0.901829469711255,0.063285824497176
Hnrnpdl,0.0021592442645074,0.038707628800508,0.343145193299992,-0.385362553542414,-0.2175572830089618,-0.0861887240599624,0.929357033469454,0.8024186946274117,0.07431167294944374
Cops4,0.0007335473709934,0.0217292143776675,0.1991048209933474,-28.841020800718265,-28.463236388691065,-26.790027423674527,0.370073447156144,0.0,0.04874205877769415
Plac8,1.5876796062554575e-05,3.175359212510915e-05,0.0007144558228149,-0.456064173889062,-0.336405248232033,-0.2475755617568858,2.9154828937084822,2.30950349650061,0.0011224770542497952
Mrps18c,0.0021489855071083,0.030173926796862,0.2285407183460478,-29.190556144488244,-28.93296283027708,-0.1961284104694834,0.5635354570654015,0.0,0.06267118713851162
Lrrc8c,0.0079000024064032,0.1605622754840926,0.8619216394303847,-28.843374275774508,-28.12956231715681,0.0,0.2974969510442117,0.0,0.2351602811385576
Lrrc8d,0.0002468053800044,0.0029671780574705,0.0367103646724126,1.8938364928527047,29.25286993963208,29.38967180463297,0.0,0.6429961810872118,0.011822842105853135
Rpl5,0.0123287290624751,0.1813447646264983,0.910105580693816,-0.0730146671544623,-0.0320259344164506,0.0063519822502153,2.6854964333043374,2.62856650424483,0.2593595257846093
Tmed5,0.015860919266492,0.0978804477256489,0.2702706993728666,0.2016260219372149,0.3316069418775554,0.4947841534505887,0.953177973309986,1.20624299614098,0.1566995790738688
Atp5k,0.0095578312296578,0.1813447646264983,0.8521179645947434,-0.2522689590249501,-0.1152892587447783,0.017665469358239,1.113854728816385,1.03201165845869,0.2593595257846093
Crlf2,0.0001720247930818,0.009501095540355,0.1513756600246135,-28.72724792183277,-28.359589145304085,0.0,0.344418916512004,0.0,0.025587610992965797
Grk3,0.2082876875446535,0.7344923394458999,1.0,-0.2327083847771658,0.0206917827529319,0.265808141692695,0.7422940268709102,0.7490266946214086,0.741802452776878
Iscu,0.0015241724220052,0.0201317774073192,0.2013400470565268,-0.5613652484949573,-0.3834947146080666,-0.1547579413554417,0.7966002124829901,0.6100978067683464,0.04554226927282082
Selplg,0.004096213384139,0.0978804477256489,0.7344923394458999,-0.3539903741367038,-0.1935935365948232,-0.0078338723435464,0.9355103405857754,0.8181663024088195,0.1566995790738688
Gltp,0.0003565717551321,0.0078085805683866,0.1387749168664838,-29.049967690861983,-28.848064560589023,-27.77066479285456,0.483206478920987,0.0,0.025212250289745216
Git2,0.0001720247930818,0.0014225985778435,0.0166527085526049,-29.048456990908814,-28.863275791095344,-28.28285973137835,0.4883281782827615,0.0,0.00849175789743557
Ankrd13a,0.0004564467709838,0.0080900453032509,0.1348021905943346,-29.07285292271649,-28.88772352182334,-28.572446635052103,0.4980354551151935,0.0,0.025587610992965797
Rnf10,0.0407178355783717,0.4971635133972835,1.0,-28.573520833597858,-26.62158270795477,0.0,0.1032511560525005,0.0,0.5874893856684201
Dynll1,0.0473446058585377,0.343145193299992,0.9699293482575216,-0.0745745382459635,0.0990399129875936,0.2694578391859763,1.0473080508705213,1.118265059141995,0.4339717548500196
Srsf9,0.0123930050134845,0.069716785684335,0.2974397791804603,-0.4585680175290699,-0.298954361325069,-0.1066405222265302,0.7697942647339555,0.624307593242864,0.11894833490257636
Cox6a1,0.0824958323410335,0.6238787012780821,1.0,-0.1471518798190599,-0.0364212135034053,0.0673020216759484,1.17270915041878,1.145176002006295,0.6790017938833468
Rplp0,0.0314201794077955,0.223132491863142,0.7344923394458999,0.0021040134845541,0.0215148887503655,0.0558318691702757,3.35450817397706,3.404225825821732,0.3071675324033305
Taok3,0.0001720247930818,0.0043495700900777,0.0636272111159445,-28.9488421497086,-28.66996360301711,-27.457746693336613,0.4270896376202198,0.0,0.015926003199236392
Pebp1,0.0054933714376438,0.2082876875446535,0.910105580693816,-0.0186138791752922,0.1687206506406306,0.3494073847200172,0.7387631545480133,0.833671951123636,0.28859626928326176
Med13l,0.0105536925031051,0.0634788370139077,0.3752159399982679,0.0,28.74323893726285,28.96495033873297,0.0,0.4530952999713319,0.11170388247451472
Ddx54,0.0027786850681888,0.009501095540355,0.088567502575371,-28.48364732926436,-27.37720496619575,0.0,0.174325086660912,0.0,0.025587610992965797
Rpl6,0.0001905215527506,0.004096213384139,0.0252441057394617,-0.1207121387545616,-0.0980619074313771,-0.0764184870714535,3.211391316155275,3.0006833410776803,0.015154567225000363
Trafd1,0.0001720247930818,0.0027786850681888,0.0379093688511672,-28.981487045772827,-28.677869856307872,-26.44304192416313,0.4294365819841247,0.0,0.011565191172481119
Erp29,1.5876796062554575e-05,6.35071842502183e-05,0.0054933714376438,-0.5343847714218148,-0.4309115096767776,-0.3344468796209977,1.382043602697125,1.0276302282194716,0.001592162466320179
Aldh2,0.0038166558486919,0.0393921086962645,0.27368209801914,0.447481853777248,28.950680082634506,29.168660565228112,0.0,0.5685374295262667,0.07515182061928348
Ppp1cc,0.007578779259748,0.1158686385791513,0.7198978601547236,-29.069540848822104,-28.79883305350492,-0.0225574489837583,0.5000556964726611,0.0,0.1811563234131852
Vps29,0.1813447646264983,0.7344923394458999,1.0,-0.0979417497206137,0.0228298026917546,0.1460002303890826,0.6080339144628175,0.6173060583069383,0.741802452776878
Arpc3,0.0010637453361911,0.038707628800508,0.2379772961816305,0.0625007511264311,0.0910372610833032,0.1258081312023391,2.207281827758235,2.3492639252816776,0.07431167294944374
Orai1,0.0002219962051443,0.0003168535922656,0.0027631497736189,1.73678543457682,2.31589185113799,29.57062765176831,0.159836024926348,0.7624261015607712,0.00348048971710306
Rsrc2,0.0314201794077955,0.5208065412399778,0.970681114551083,-0.2499834485742518,-0.0499831949652056,0.1444164576416247,0.8685469904722736,0.8371337357589202,0.6025183167113968
Denr,0.0001720247930818,0.0007335473709934,0.0032593368359413,-29.24527468763965,-29.048284264513835,-28.87410162364376,0.5551430222445355,0.0,0.005108462247016128
Vps37b,0.1813447646264983,0.6995681542011702,1.0,-0.2145650607915216,0.003774799561305,0.2452543791088602,0.7756385019272872,0.7776295051820472,0.7268550641651359
Arl6ip4,0.0007335473709934,0.0027786850681888,0.0298677932975399,-28.71918386963096,-27.75844353900056,0.0,0.2270513765948412,0.0,0.011565191172481119
Sbno1,0.1568627450980392,0.6784313725490196,1.0,-0.1607136097053796,-0.0044776191051282,0.1555922883466954,0.6310417236651591,0.6273946605073325,0.7080006145455244
Kmt5a,0.0001720247930818,0.0027786850681888,0.0978412151825437,-28.96117444673076,-28.371848078872627,0.0,0.3473581091775192,0.0,0.011565191172481119
Rilpl2,0.0252441057394617,0.1568627450980392,0.6784313725490196,-0.4294728940619519,-0.216018776921975,-0.0340029646019095,1.0055228974131154,0.8629075894080315,0.23021660454815537
Tmed2,0.004096213384139,0.1152655394141462,0.7344923394458999,-0.2044867113526465,-0.1088170219130026,0.0088600205893954,1.0043535391411855,0.931542378380764,0.1803457154857163
Ubc,0.0029848376597602,0.0573787409700722,0.4268635389378423,0.1478567841088297,0.3638461825973325,0.6816051370034814,0.8258955180297793,1.0625456504913888,0.10246461361949206
Bri3bp,6.034243330066384e-05,9.016783792651294e-05,0.0008503839505192,-29.471425693008936,-29.291676053254225,-29.14383994403053,0.657163016807896,0.0,0.002134974029126657
Ran,3.175359212510915e-05,0.0029848376597602,0.1152655394141462,-0.3485875373474293,-0.2254840277162335,-0.1146884062365913,1.202228191382035,1.02865009912232,0.011822842105853135
Cct6a,0.0251162975311582,0.2702706993728666,0.8506311026434865,-0.2909249704893623,-0.1228287963739012,0.0265041052161431,0.7690955174201343,0.7081445860770065,0.35839879300782745
Chchd2,0.2082876875446535,0.6238787012780821,1.0,-0.0589656621059202,-0.0162742491556347,0.0373551854262663,2.1898641350709718,2.162271529092045,0.6790017938833468
Sbds,0.0207816545044939,0.2620086631281242,0.9663386604820364,-26.44910043887361,1.2645484866245185,28.885225650343,0.1822965047192405,0.4553006292914795,0.35159978660329516
Ncf1,0.0009960140226776,0.0057852199149455,0.0393921086962645,-1.4457845279446606,-0.623756890676466,-0.3748701131624236,0.8653916919824736,0.56634182209374,0.02007867042141508
Eif4h,1.5876796062554575e-05,0.0010637453361911,0.0252441057394617,-0.4829291591913354,-0.3565148295162518,-0.2373524849730099,0.7821242738101613,0.6143126768400899,0.006726532081374582
Mdh2,0.0690958164642375,0.3837421608319441,0.9699293482575216,-0.0149284002241027,0.1005769417387739,0.2664858460276391,1.4348067871562176,1.53855169325804,0.4754386887981819
Ywhag,0.005256183774376,0.082022527544501,0.4981862273259854,-29.063360170518397,-28.83309013573385,-0.9469231725663454,0.4822450047504951,0.0,0.1355424970846125
Polr2j,0.0001720247930818,0.0027786850681888,0.0298677932975399,-28.841046885698848,-28.25584683860281,0.0,0.3205217099241599,0.0,0.011565191172481119
Cux1,0.0001720247930818,0.0027786850681888,0.088567502575371,-28.73219490978698,-28.085995380584656,0.0,0.2849227097980402,0.0,0.011565191172481119
Fis1,1.5876796062554575e-05,6.35071842502183e-05,0.0015241724220052,-0.6165280446647583,-0.4877809721466256,-0.3748179006530746,1.0874424278322872,0.7747274823742092,0.001592162466320179
Gnb2,3.175359212510915e-05,0.0015241724220052,0.0314201794077955,-0.412750074249847,-0.3446482555213971,-0.2510611086631262,1.28378357372042,1.0090143267367742,0.008754747793242807
Cops6,0.0007335473709934,0.009501095540355,0.1853939469443623,-28.64778796490181,-26.626062097550523,0.0,0.1035722363190807,0.0,0.025587610992965797
Lamtor4,0.0007335473709934,0.009501095540355,0.088567502575371,-28.58037251822276,-26.68538251258273,0.0,0.107919662386888,0.0,0.025587610992965797
Ttyh3,0.0027786850681888,0.0298677932975399,0.1513756600246135,-28.4332092213031,-26.16300429074014,0.0,0.0751361715405872,0.0,0.06227814825543789
Actb,0.0314201794077955,0.1349368897356513,0.4726680955783123,-0.0472814651311859,-0.0277403450402216,-0.0086041367944469,4.43317728683342,4.35015304485542,0.20480805699905477
Rac1,0.0095578312296578,0.1349368897356513,0.6784313725490196,0.0006926851235023,0.0927211140622436,0.1822395205867034,1.3358111474703975,1.4251148638278377,0.20480805699905477
Bri3,0.0001111375724378,0.0073033261887751,0.1568627450980392,-0.4046441082833308,-0.2844105303090508,-0.1546134703080869,1.122594721493741,0.9224860391359336,0.02414332678800386
Arpc1a,0.0534444192530722,0.4026185678761239,0.9689946775534558,-28.95122356523599,-0.2319404781991561,0.2003215287249149,0.4977327230544149,0.4333051402502055,0.4962291313730596
Arpc1b,3.175359212510915e-05,0.0004763038818766,0.015860919266492,-0.1690479746328413,-0.1346970905907644,-0.092807013066768,2.3976918317397136,2.1836724594684,0.0044323300099521155
Pdap1,0.007750865708345,0.153337090086624,0.7002656593951059,-0.3823139341444517,-0.1744683224349537,-0.0191980182982063,0.6579464306912239,0.5873348761118236,0.22770825015651272
Atp5j2,0.0473446058585377,0.4726680955783123,0.9699293482575216,-0.0855254826099975,-0.0263652469217493,0.0272059916234747,1.6650645073196486,1.6363103707799902,0.5617711721569345
Rpl21,0.0824958323410335,0.6784313725490196,1.0,-0.0219648067333937,0.0017434977339696,0.0354483836311059,3.1763621306538274,3.17967733439629,0.7080006145455244
Polr1d,0.2702706993728666,0.7920774787647853,1.0,-0.122621996916298,-0.0018344418349073,0.1318700645063222,1.11559983900644,1.113455086960797,0.7931941293457506
Pomp,0.0001111375724378,0.004096213384139,0.0690958164642375,-0.3416142544347714,-0.2523981519914887,-0.1423326485984188,1.7545198983896602,1.4705433926337537,0.015154567225000363
Ubl3,0.0015241724220052,0.0314201794077955,0.3053901722632373,-0.2883802394671292,-0.204710981607316,-0.0955981288129587,1.4041212297864265,1.21973784961505,0.063285824497176
Hmgb1,0.0007144558228149,0.0573787409700722,0.5713582599031516,-0.2873312821611536,-0.1744882046789932,-0.0532906594086771,1.405468183537799,1.243160675756195,0.10246461361949206
Alox5ap,1.5876796062554575e-05,0.0001111375724378,0.0095578312296578,-0.6369613581557455,-0.518822517643075,-0.3794857656240211,1.62404163764381,1.1273876426096383,0.0021929089524532572
N4bp2l2,0.0110155525487726,0.1503886102513491,0.9071710289327192,-1.6342621048594024,-0.2785127178265743,0.0354160855948261,0.5800422054440665,0.4779302073928332,0.22505486548147816
Sem1,0.0978804477256489,0.6238787012780821,1.0,-0.0324060832376937,0.0111640038433524,0.062948850588493,2.0873642655607227,2.102508610461305,0.6790017938833468
Ndufa4,0.0978804477256489,0.6784313725490196,1.0,-0.0780485767581054,-0.0191505185691658,0.0495186316405036,1.762424691691985,1.739383740677855,0.7080006145455244
Tes,1.5876796062554575e-05,6.35071842502183e-05,0.0015241724220052,0.4580459672552085,0.624894658452179,0.8921495633783749,0.5992102427514563,0.922766952997596,0.001592162466320179
Capza2,0.0004763038818766,0.015860919266492,0.1568627450980392,-0.1898322099053782,-0.1252056123262536,-0.0625020731316629,1.4990042993466202,1.37482155534809,0.037849517308952356
Ndufa5,0.0583350119319566,0.4858088749251383,1.0,-0.4212710012317365,-0.1466851905175383,0.2679379163432749,0.5626904630720309,0.5061449331189017,0.5763609046568633
Zfp800,0.0007335473709934,0.0133949167537699,0.1406636387532514,-28.90791959551952,-28.57538292591567,0.0,0.3999884005469545,0.0,0.03311434756645436
Arf5,0.1807327141382869,0.6784313725490196,1.0,-0.0790729662884782,0.0003559523062265,0.0880385240742861,1.2567510010600849,1.254045551492465,0.7080006145455244
Hilpda,0.0001111375724378,0.0021592442645074,0.007750865708345,0.8693734478911803,1.1773145711669146,1.8808896972786533,0.701184197461372,1.5801752221332737,0.011277817469767817
Atp6v1f,0.0573787409700722,0.343145193299992,0.9699293482575216,-0.0112547531150756,0.0608354622517521,0.1184427772816345,1.53811965593897,1.6037227007416377,0.4339717548500196
Irf5,6.35071842502183e-05,0.004096213384139,0.0473446058585377,0.3337988650804925,0.5098462742655316,0.6367421921112035,0.740556181855345,1.0574225440866725,0.015154567225000363
Mkln1,0.0311550549218506,0.4097444093849431,1.0,-28.78682781544648,-28.09319578382649,0.0,0.3091000462510992,0.0,0.5035555573237104
Chchd3,0.0007335473709934,0.009501095540355,0.0298677932975399,-28.676601200209152,-26.862080803710125,0.0,0.1219809648698265,0.0,0.025587610992965797
Akr1b3,0.0079059127786326,0.1905325723446617,0.905312699622206,-28.765959835326385,-28.17264683375368,0.0,0.30281938599573,0.0,0.2710446673340948
Cnot4,0.0027978174746771,0.017025100617029,0.1819959085278635,1.7263736769444575,28.956048185070536,29.0923159803422,0.0,0.5241223072104257,0.040177729141626574
1810058I24Rik,0.1318227266585346,0.6146958150878039,1.0,-0.0776278894654031,0.1615334223598115,0.6913246123276493,0.5301477640899352,0.5948689035350843,0.6790017938833468
Mtpn,0.0021592442645074,0.0824958323410335,0.6238787012780821,-0.2529126177561195,-0.1342655708430227,-0.0136764500018444,1.174647454582735,1.0672387259825036,0.1355424970846125
Zc3hav1,0.0003016591251885,0.015860919266492,0.1349368897356513,0.2464777357821495,0.4646819802028005,0.6556080426093503,0.5284164921615555,0.7326599432625047,0.037849517308952356
Luc7l2,0.015860919266492,0.2702706993728666,0.9699293482575216,-0.2090971203157326,-0.0659511079945949,0.0485769316623088,1.129496809840975,1.082606147246625,0.35839879300782745
Kdm7a,0.3341195270386536,0.7868234305012446,1.0,-0.2634315787310695,0.0118661119921975,0.2631200138022877,0.651571378336588,0.6580678316599265,0.7901605704044072
Mkrn1,0.0473446058585377,0.3053901722632373,0.7344923394458999,-0.3450158720668819,-0.2116084857695542,-0.0666229367417292,0.8881284475546469,0.7697176337565217,0.3937002160271982
Ndufb2,0.0095014686036357,0.1568627450980392,0.7920774787647853,-0.3674366547123212,-0.199853994110779,0.0157853388941599,0.7496342596456107,0.6537516206087355,0.23021660454815537
Mrps33,0.0020063996787,0.0325325182293942,0.3311849615084903,-1.69014698276039,-0.417455810929783,-0.0605900511523162,0.6409512618502238,0.4848365480065308,0.06509558342426201
Zyx,0.0035547256400419,0.0177390308677953,0.1214136242215987,-1.6084093398530015,-0.4994304585982898,-0.23521482186702,0.7201787050836155,0.5104566765938235,0.0415405217354635
Cul1,0.0007335473709934,0.009501095540355,0.2440368182070981,-28.42151048345628,-26.65652323010629,0.0,0.1057823152769827,0.0,0.025587610992965797
Tmem176b,0.0046591558569937,0.0694138010953858,0.5267271293488615,0.1508005395124782,28.9715101679304,29.251668771685438,0.0,0.5498858268622823,0.11871654103873767
Tmem176a,0.0052578967763779,0.0636286676217824,0.3897805604748862,1.4488279797106642,28.94636476166373,29.24520914476279,0.0,0.5219562102737261,0.11187515734489958
Tra2a,0.0073033261887751,0.1152655394141462,0.6238787012780821,-0.2530563455330287,-0.1238731662090486,-0.0080430433235813,0.8434271035467162,0.7733815317323258,0.1803457154857163
Mpp6,0.0170199992090125,0.2099336787959307,0.9343554887573224,-29.133477998451863,-1.2757401807878677,-0.0184457456887711,0.5466931560885877,0.2245577295827825,0.29049913604813526
Cycs,0.0054933714376438,0.0690958164642375,0.3837421608319441,-0.4632270353404966,-0.262637227125059,-0.0513563087552813,0.9752023404479632,0.8124607682004585,0.11826761838175913
Hnrnpa2b1,0.0095578312296578,0.1790742193217239,0.8506311026434865,-0.1051874857329173,-0.0463856539110923,0.0012475316363683,1.86718679850576,1.8108673440445249,0.2593595257846093
Cbx3,0.0007335473709934,0.009501095540355,0.0298677932975399,-28.761680772596343,-27.6064947359665,0.0,0.2043539273402815,0.0,0.025587610992965797
Snx10,3.529139494825728e-05,3.529139494825728e-05,3.529139494825728e-05,-29.320398705173456,-29.19987461780316,-29.03923452950563,0.6166491381929036,0.0,0.0011224770542497952
Skap2,1.5876796062554575e-05,1.5876796062554575e-05,0.0001905215527506,-0.6686161553412964,-0.5563593736255716,-0.4218731996961543,1.1829689053782275,0.804269236858469,0.000845836310232595
Tax1bp1,6.35071842502183e-05,0.004096213384139,0.0978804477256489,-0.3020739066861829,-0.2070086180921578,-0.1130656467408722,1.482256931904005,1.2828710824017011,0.015154567225000363
Lsm5,0.0393640263447279,0.2596551285404619,0.8162969412610687,-2.191554852007814,-0.1909409761350797,0.0656037777296291,0.5421950260386114,0.4780077351720638,0.34866104531803677
Tnip3,0.0004338587209506,0.0008074274754744,0.0065360274816589,29.800825262730527,29.965566213331325,30.10403136198179,0.0,1.0486644208601534,0.005445025158974514
Serbp1,0.0001111375724378,0.015860919266492,0.2379772961816305,-0.2423869752886866,-0.1659749978028375,-0.0664633276887981,1.6210686159344012,1.4452147678300475,0.037849517308952356
Igkc,0.4726680955783123,0.8506311026434865,1.0,-0.1343895794131373,-0.0534792252769392,0.0485917651690231,1.7965909291239963,1.731244521292485,0.8506311026434865
Krcc1,0.0007335473709934,0.0265593042074621,0.3527605560428082,-28.7619035598233,-27.975385781615515,0.0,0.263894451386824,0.0,0.05659787726610173
Vamp8,1.5876796062554575e-05,0.0001905215527506,0.0054933714376438,-0.45934316878748,-0.3705523268630882,-0.2801630731970606,1.2934722655022148,1.0001044380926003,0.0025696292969084092
Mat2a,0.0007549992228802,0.0076818062802948,0.0482901904027378,0.5293234277553205,1.7728346523841918,29.359923938800904,0.1964683455447735,0.6613189334076766,0.025101967818363515
Tgoln1,0.0040684289910296,0.1152655394141462,0.6238787012780821,0.0352127031945028,0.3074899563632124,0.5699048656617226,0.666187920724474,0.8218020942788185,0.1803457154857163
Kcmf1,0.0102219654907151,0.1176063544892098,0.5835053610721087,-28.93866159309149,-28.701875704226524,-27.510315616178158,0.4374150250999937,0.0,0.1832011267664518
Tmsb10,0.0251162975311582,0.1813447646264983,0.6252425180598543,-0.1077019678876153,-0.0599760723236457,-0.0083190025497179,2.89314524123911,2.778973009856,0.2593595257846093
Suclg1,0.0001720247930818,0.0024238779803224,0.0480139728942661,-28.92839888518503,-28.613485254462397,-26.716788810801333,0.4106930381857567,0.0,0.011565191172481119
Hk2,0.3520391534410231,0.7770968489780832,1.0,-0.8645340797643634,1.22402358041338,29.04174487204051,0.1945762322529854,0.5020533800798153,0.7822358928541782
Aup1,0.0001720041821901,0.0043495700900777,0.0696163121346282,-28.930258970023925,-28.71822014094649,-28.15903772144536,0.4416168986795955,0.0,0.015926003199236392
Mob1a,0.0007144558228149,0.0314201794077955,0.343145193299992,0.0321271972844717,0.1610955449699304,0.3026981298561422,0.9244550130592152,1.0334191051869,0.063285824497176
Zfp638,0.1411548752953501,0.6689706667452711,1.0,-27.41484462713585,0.1525939071531285,27.86626682223769,0.4188769659359427,0.4702613711899446,0.7080006145455244
Cct7,0.0007549992228802,0.0096401527677365,0.103883585152209,-1.6957090235681178,-0.4082602166008318,-0.1574030996344959,0.6745071282993991,0.5121390478813199,0.025711095804814118
Dusp11,0.0015241724220052,0.0978804477256489,0.6784313725490196,0.0250900483038802,0.1808445840647404,0.3452559601835906,0.6764791236864625,0.7642774082653843,0.1566995790738688
Snrpg,0.0314201794077955,0.5208065412399778,1.0,-0.0814129997840289,-0.0299239002250716,0.0312945844977182,1.766680000612845,1.7318862862598623,0.6025183167113968
Pcbp1,0.038707628800508,0.4268635389378423,0.9699293482575216,-0.0629910587725942,0.0585385890535873,0.1831242625635323,1.021381850861236,1.0639149585461576,0.5156724498166337
Mxd1,1.5876796062554575e-05,0.0001905215527506,0.0055096749813439,-0.8739846563525453,-0.6843832329530362,-0.4661433078159395,1.429205909237865,0.8925451180379045,0.0025696292969084092
Snrnp27,0.0003565717551321,0.0032593368359413,0.022438890030895,-29.09858362904667,-28.982163431072355,-28.819966410042568,0.5302742411876138,0.0,0.012767733083439174
Anxa4,0.0227925148087231,0.2974397791804603,0.9692169978474025,-0.428164464639506,-0.1013484098439493,0.1701104463233399,0.5990350192239865,0.563434009418406,0.3886230346005891
Nfu1,0.0007335473709934,0.009501095540355,0.088567502575371,-28.69425634205132,-27.448701311667364,0.0,0.183181892299878,0.0,0.025587610992965797
Gfpt1,1.5876796062554575e-05,0.0029848376597602,0.038707628800508,0.344962952050247,0.5367832882287058,0.7292981522633657,0.5945599561368935,0.8608814734318491,0.011822842105853135
Rab43,0.0003016591251885,0.0073033261887751,0.0978804477256489,-0.4822790321087027,-0.3223318796345888,-0.144532121477792,0.766134519935309,0.6131209660483485,0.02414332678800386
Isy1,0.0002345546750104,0.0017100293456709,0.0184394950081998,0.4008765354985366,0.8164030921306984,1.9743837469466217,0.396504861931877,0.6787746719656725,0.009589664567433388
Cnbp,0.0001111375724378,0.0095578312296578,0.2379772961816305,0.0862997653173879,0.1881894098787415,0.2924653049427992,1.2796775528846311,1.4571141956141824,0.025587610992965797
Rab7,0.0015241724220052,0.0690958164642375,0.6784313725490196,-0.2778428626938844,-0.1571672478913402,-0.012485121726954,0.9752516744247413,0.8713870208444421,0.11826761838175913
Rpn1,0.1933680647293799,0.7227912249010906,1.0,-2.09196011175218,-0.0153319196702124,0.3849047302063391,0.474633399513154,0.480352150453095,0.741802452776878
Nup210,0.0007335473709934,0.009501095540355,0.088567502575371,-28.47332321754697,-26.65652323010629,0.0,0.1057823152769827,0.0,0.025587610992965797
Slc6a6,0.1349368897356513,0.6784313725490196,1.0,-0.1305594003449286,0.038548861660129,0.2052390068166721,0.8021487661694005,0.8244398549052134,0.7080006145455244
Arl6ip5,0.0009361006688602,0.0391489942439858,0.3605354427396011,-29.01845544215484,-28.795325633020774,-27.58277308919737,0.4661160868668896,0.0,0.07495643012932053
Foxp1,0.0077396772203558,0.0970382453253622,0.3837421608319441,0.1566960473385774,0.3522476952156035,0.6324279487559934,0.6934095016849415,0.8835393609326825,0.1566995790738688
Ppp4r2,1.5876796062554575e-05,0.0005935583603352,0.015860919266492,0.4902129501396874,0.7252611593477717,1.0343050768262882,0.4590590590699855,0.7564179413726158,0.005108462247016128
Bhlhe40,0.0690958164642375,0.5713582599031516,1.0,-0.0704599895616455,0.0282182123691173,0.1058685874791888,1.7623263794288575,1.7960074547449614,0.6442139956897439
Arl8b,0.2702706993728666,0.7920774787647853,1.0,-0.2829721775319066,-0.031430236153388,0.2088096381221122,0.8398479990172727,0.8179610569176565,0.7931941293457506
Edem1,0.004096213384139,0.0978804477256489,0.5713582599031516,-0.3661503666654654,-0.1842653884495167,-0.0190237144952725,0.7031463024470359,0.617139171322354,0.1566995790738688
Arpc4,0.0001111375724378,0.004096213384139,0.1152655394141462,-0.4314454896695449,-0.3130897121444452,-0.1842749990345456,1.0622146899367937,0.854604968232552,0.015154567225000363
Brk1,0.0690958164642375,0.3837421608319441,0.910105580693816,-0.2004361175350159,-0.0903318182872904,0.0212780732904362,1.2522830599097574,1.17676287470728,0.4754386887981819
Irak2,0.009501095540355,0.1513756600246135,0.7755520291690655,-28.50768041974575,-26.435714538327456,0.0,0.0907701447609815,0.0,0.2255814905681478
Rpl32,0.0824958323410335,0.4268635389378423,0.9699293482575216,-0.0355008975610702,-0.012515226276762,0.011042307263913,3.85380897678696,3.821277937044654,0.5156724498166337
Washc2,0.0007335473709934,0.0027786850681888,0.0298677932975399,-28.905526663170782,-28.516059454396583,0.0,0.3838744902774815,0.0,0.011565191172481119
Rassf4,0.0007335473709934,0.009501095540355,0.0095191294914367,-28.893716883026663,-27.963650391339108,-26.439426574688703,0.26175654785904,0.0,0.025587610992965797
Hnrnpf,0.0690958164642375,0.5208065412399778,1.0,-0.1040290349582592,-0.0325078262812914,0.0308059615315935,1.612110141990185,1.57735537627214,0.6025183167113968
Wnk1,0.0029848376597602,0.0252441057394617,0.1152655394141462,0.125093871040111,0.2557382476641275,0.3634476209991741,1.5206403808926776,1.81457312283029,0.05439351802911312
Atp6v1e1,0.0003344596332342,0.0067341442234306,0.1242523979293443,-29.244663852410635,-29.06272024624053,-0.4320983080874248,0.57784566120971,0.0,0.023034448379021844
M6pr,1.5876796062554575e-05,0.0004763038818766,0.015860919266492,-0.4305775669601757,-0.3282935715543165,-0.2161665784855303,1.3498213122322835,1.0769592115127,0.0044323300099521155
Emg1,3.529139494825728e-05,0.0007335473709934,0.0133949167537699,-28.98270565643592,-28.81465935987816,-28.26085818827705,0.4721465071904918,0.0,0.005108462247016128
Phb2,0.0016408810607041,0.0208004792731061,0.2322321666086146,-29.217892343636475,-2.504203044021424,-0.2572359265136162,0.5708737973564331,0.0959585303137237,0.046905631038083706
Ptpn6,3.529139494825728e-05,3.529139494825728e-05,0.0001720247930818,-29.789913260595856,-29.57644375785256,-29.393085020954143,0.8005652514904458,0.0,0.0011224770542497952
Grcc10,0.0001905215527506,0.0073033261887751,0.1351267250418793,-0.4669594983920683,-0.3236951001047919,-0.1533048408661579,0.779215125093278,0.6235992583015304,0.02414332678800386
Tpi1,0.001542396104861,0.0208004792731061,0.1593172111499421,-29.29169990406284,-29.106548512117204,-0.306246752156492,0.6012601378432261,0.0,0.046905631038083706
Ptms,0.0010637453361911,0.0314201794077955,0.2090299277605772,-0.2792879636236482,-0.1826980180616625,-0.0887415269028194,1.40942462158804,1.24018759366968,0.063285824497176
Mlf2,3.529139494825728e-05,0.0001720247930818,0.0027786850681888,-29.02539938099551,-28.84903322956565,-28.580651926196225,0.4835310272039695,0.0,0.0025457280142869155
Chd4,0.0001529566816353,0.0002345546750104,0.000892246296947,-29.72471955424051,-0.9195266491423256,-0.5751729314779747,0.8505002804848325,0.4567373747600705,0.0029219014710520916
Gapdh,0.0010637453361911,0.0201317774073192,0.1349368897356513,-0.1342606363348631,-0.0879466019697188,-0.0445782818171258,2.24530721028523,2.109895794725385,0.04554226927282082
Mrpl51,0.0007335473709934,0.009501095540355,0.088567502575371,-28.79263476935231,-27.57796795336271,0.0,0.200352871518574,0.0,0.025587610992965797
Tnfrsf1a,0.0365306772221386,0.2630889109848705,0.9077328576334536,-0.4388209355056396,-0.2011572808381989,0.0490662652444014,0.624418349160012,0.5430333880740015,0.3521623550934416
Cd9,1.5876796062554575e-05,1.5876796062554575e-05,0.0015241724220052,0.8018433378534373,1.020708037677137,1.2914969042066642,0.781569844473784,1.583719807154305,0.000845836310232595
Ccnd2,0.1152655394141462,0.6238787012780821,1.0,-0.3648901654134297,-0.0756130442498915,0.2215264080210728,0.8433601109829909,0.7974261730520722,0.6790017938833468
Clec2d,0.0001111375724378,0.0007144558228149,0.0073033261887751,0.2618618752030868,0.3501542007186997,0.4551770010729022,1.122989276489355,1.431678186564955,0.005108462247016128
Gabarapl1,0.1059989585138545,0.5543742897628018,1.0,-28.901541992827365,-0.1613698956072455,0.8671461742107276,0.480910447021906,0.4449720746377281,0.6382342579603083
Klrk1,3.529139494825728e-05,0.0001217557504524,0.0020527232777102,-29.579846880832736,-29.37866863869391,-29.122886760535,0.6980081606246763,0.0,0.002300178507389277
Klra17,0.0002329080848932,0.0013981399053915,0.017025100617029,-29.69148187460172,-29.439453429604367,-29.16108899846602,0.7280455264823813,0.0,0.008369202635924961
Ybx3,0.0110433033077125,0.1273457631960635,0.7264717268578031,-29.21002837109948,-0.9093022133265852,0.0240187535155379,0.5901590932613443,0.286887113486453,0.19736277917877185
Etv6,0.141176505580472,0.615497508592667,1.0,-0.1548809131908142,0.0788835752496959,0.3982399273813752,0.541258290755747,0.5720512043269177,0.6790017938833468
Cdkn1b,0.000209984305159,0.0024059978987341,0.031388197388641,-29.526337986482087,-2.601206147606556,-0.4423857885287292,0.700475937239929,0.120275760062195,0.011565191172481119
Hebp1,0.0027786850681888,0.009501095540355,0.088567502575371,-28.637424788169398,-26.626062097550523,0.0,0.1035722363190807,0.0,0.025587610992965797
Plbd1,0.0029848376597602,0.0473446058585377,0.3053901722632373,0.0549047598135011,0.1293033493441238,0.2287694610852665,1.5773952330229348,1.727921845650795,0.08743386684626628
H2afj,0.0054933714376438,0.0690958164642375,0.343145193299992,-0.2327935707185009,-0.1414985167040216,-0.0520631247416113,1.4580570308014411,1.3230716457180174,0.11826761838175913
Wbp11,0.0035547256400419,0.0367103646724126,0.3094222450186874,-29.2046283081954,-0.4507850947527922,-0.1137257297266312,0.6129254417744605,0.4509657065802891,0.07243498807121412
Arhgdib,1.5876796062554575e-05,1.5876796062554575e-05,0.0029848376597602,-0.521331274681509,-0.4370911922592833,-0.3391760578282423,1.8250988811824551,1.3464495051918148,0.000845836310232595
Eps8,0.0060874038647452,0.0253979311402768,0.1280332445499787,0.0,28.162549500365586,29.143097688194487,0.0,0.300449961387896,0.05461452195754779
Strap,0.0017100293456709,0.0391489942439858,0.4981862273259854,-29.19140671368142,-0.4908378458725086,-0.0565961551872822,0.5898853340374135,0.4305018537021174,0.07495643012932053
Aebp2,0.0007761696331711,0.0201317774073192,0.238591603449124,0.157055939667289,0.3707951811464176,0.8252891098410847,0.5339457545398385,0.69052205391654,0.04554226927282082
Etnk1,0.0130238645462553,0.1299021832636205,0.6958441207714297,-29.06998103776904,-1.2086641134453613,-0.0260651564338472,0.5228786717220857,0.2245577295827825,0.20045007424675979
Kras,0.0021592442645074,0.0573787409700722,0.343145193299992,0.0976621188449265,0.2496447170211055,0.3704219926545751,0.8982585242768341,1.0728224918078977,0.10246461361949206
Fgfr1op2,0.0391337507464124,0.3522675423008745,0.9671227617061148,-29.00446821168212,-28.310820660565945,0.3028987507690909,0.4669421428907997,0.0,0.44474097443099614
Med21,0.0017888776467873,0.0411900249141776,0.4466858661521166,-28.98716466822161,-28.45012052076098,0.0,0.3667244790536768,0.0,0.07816201522004672
Ergic2,0.0027786850681888,0.0634788370139077,0.3755544366479337,-28.928131531658025,-28.0735516518236,0.0,0.2824757240311907,0.0,0.11170388247451472
Resf1,0.0059733731716288,0.060587266201943,0.4171856441993936,-29.33434333436489,-0.5732158710612945,-0.1582935693106054,0.7082171822679624,0.4844629714683395,0.10748213719317695
Myadm,0.0098787108853839,0.0815766989182437,0.4918785628990725,-29.009292114942216,-28.493231496012005,-26.16300429074014,0.3778481955532895,0.0,0.1355424970846125
Ndufa3,0.0571278875922839,0.4726680955783123,1.0,-0.219290834781179,-0.0783369969255215,0.0749008594710986,0.7478423334494668,0.7091798672969635,0.5617711721569345
Rps9,0.0054933714376438,0.0690958164642375,0.3837421608319441,-0.0433943070374048,-0.0260751161103551,-0.00762354397249,3.707263875320855,3.6430465310369033,0.11826761838175913
Pirb,0.0001720247930818,0.0027786850681888,0.0298677932975399,-28.760435365967368,-27.92144736956961,0.0,0.2542103209117007,0.0,0.011565191172481119
Pira2,0.0027786850681888,0.009501095540355,0.0298677932975399,-28.72422964680385,-27.66875028959612,0.0,0.2133652935967995,0.0,0.025587610992965797
Ppp1r12c,0.0007335473709934,0.0027786850681888,0.0298677932975399,-28.61940204996444,-27.97377962902932,0.0,0.2636015592908141,0.0,0.011565191172481119
Rpl28,0.2702706993728666,0.7344923394458999,1.0,-0.0228394959983627,-0.0008512556219436,0.02266160914673,3.41044057189222,3.40871662906491,0.741802452776878
Ube2s,0.0573787409700722,0.4268635389378423,0.9699293482575216,-0.2944675305991912,-0.0999791049290987,0.0727840098873327,0.7042870000486655,0.6549267039218404,0.5156724498166337
U2af2,0.0017888776467873,0.02101953872444,0.2070596414641745,-28.939181902371782,-28.77993479032749,-27.627032490865474,0.4609179739545,0.0,0.04724961711158401
Epn1,0.0001720247930818,0.0015193226134508,0.009501095540355,-28.876175176672252,-28.630132004038156,-26.16300429074014,0.4154593271747833,0.0,0.008754747793242807
Rps5,0.1152655394141462,0.6784313725490196,1.0,-0.0214261997007971,-0.0007525737921998,0.0236722957637796,3.3621900416223776,3.3604081715952776,0.7080006145455244
Chmp2a,0.0004763038818766,0.015860919266492,0.2702706993728666,-0.3672017215947679,-0.2513897499427435,-0.1269188475418883,1.115446063647893,0.938682811332108,0.037849517308952356
Ube2m,0.0001720247930818,0.0009361006688602,0.02101953872444,-29.100760538743312,-28.90538438642575,-28.41552104524389,0.5027912783978425,0.0,0.006156884337472488
Selenow,0.0054933714376438,0.0573787409700722,0.3063340477891553,-0.4233441088353904,-0.2706924786630853,-0.0934639212807914,0.9517003125451944,0.791707462404685,0.10246461361949206
Nop53,0.0685107777653941,0.5713582599031516,1.0,-0.2965902572879426,-0.0805384995671679,0.1613529747849977,0.5944429743926585,0.5622405674451765,0.6442139956897439
Napa,0.0007335473709934,0.0333863238295691,0.4416039908528433,-28.785921722766403,-27.901249497152723,0.0,0.2506761485171522,0.0,0.06642974423978688
Tmem160,0.038707628800508,0.3837421608319441,0.9699293482575216,-0.2630468086448516,-0.1091325341676182,0.0362439996090094,1.0801671273577462,1.0002201929297807,0.4754386887981819
Ap2s1,0.0003016591251885,0.0123997777248551,0.1349368897356513,-0.4056807552634288,-0.2842601552852428,-0.1521688784278805,0.8347306623129284,0.6863529172245257,0.03130796958728225
Calm3,0.0690958164642375,0.5208065412399778,1.0,-0.1330914339596128,-0.0211478443151124,0.0731565536037455,1.0781088647159418,1.06294633587986,0.6025183167113968
Pglyrp1,0.0001720247930818,0.0027786850681888,0.0298677932975399,-29.10681485512152,-28.302015121272557,0.0,0.3309447438687372,0.0,0.011565191172481119
Snrpd2,0.0029641978248789,0.1152655394141462,0.7920774787647853,-0.2206693768560183,-0.1339321828100802,-0.0261481290744664,1.173099380832525,1.06883464510028,0.1803457154857163
Vasp,0.004096213384139,0.0473446058585377,0.343145193299992,-0.2516195902708952,-0.1278704752699828,-0.0280827729364883,1.20884291473392,1.107922788572465,0.08743386684626628
Fosb,0.0010637453361911,0.0314201794077955,0.3837421608319441,-0.4776481331620035,-0.2763201175229008,-0.0815135178818861,1.118962280571085,0.929790412381448,0.063285824497176
Trappc6a,0.0007335473709934,0.009501095540355,0.1513756600246135,-28.58704663253573,-26.44304192416313,0.0,0.0912323351419642,0.0,0.025587610992965797
Relb,0.0473446058585377,0.343145193299992,0.9108149361365616,0.0120018834715859,0.2944510089124823,0.5414498235963451,0.59640197869635,0.7349163551714025,0.4339717548500196
Plaur,0.0677220065521783,0.4037766710461855,0.9699752804021032,-0.4585940531315894,-0.1607287904530738,0.1550750305224355,0.6693432396293315,0.5998806392291451,0.4973688358378157
Rps19,0.0573787409700722,0.4726680955783123,0.9699293482575216,-0.0053295855298295,0.0190233865678228,0.0463874618353474,3.55471544189708,3.598926243807865,0.5617711721569345
Rabac1,0.0276556527566731,0.3713264582342768,0.970681114551083,-0.099908458454905,0.1881775102767339,1.219530527767525,0.464980864540476,0.5303677907008133,0.46601689193006113
Exosc5,0.0001720247930818,0.0024238779803224,0.0102224535836243,-29.14725546707957,-28.912885777561257,-27.920669876899737,0.5054123978049387,0.0,0.011565191172481119
Tgfb1,3.175359212510915e-05,0.0004452140236486,0.0048460129906725,0.5864702628115456,0.8311432690267521,1.88246364849974,0.5158299074529995,0.9198964003890155,0.0044323300099521155
Hnrnpul1,0.0001720247930818,0.0027786850681888,0.0480139728942661,-29.05917633887766,-28.90410643331898,-27.773693582414577,0.5023460982608795,0.0,0.011565191172481119
Rab4b,3.529139494825728e-05,0.0001720247930818,0.0027786850681888,-28.96130832790957,-28.78246907878067,-28.081929056188805,0.4617283506383762,0.0,0.0025457280142869155
Psmc4,0.0001762973367313,0.0046673221553265,0.1387913463449478,-29.0502761533535,-28.844158883623933,-28.56446743018089,0.4819001070402905,0.0,0.01700181797094149
Fbl,0.0278273465770469,0.2974397791804603,0.969182212422568,-0.2872436953583739,-0.0963461801797733,0.0830813150152994,0.7090117498670514,0.6640023157240715,0.3886230346005891
Rps16,0.0123997777248551,0.0824958323410335,0.343145193299992,0.0178425705678037,0.0369312251289309,0.0527747979631442,3.6082151668582414,3.7030330209208966,0.1355424970846125
Zfp36,0.0029848376597602,0.015860919266492,0.0824958323410335,0.1692974520702568,0.2440190211727547,0.3022948896967813,1.6550606868132824,1.9613352433992024,0.037849517308952356
Med29,0.0443574427540741,0.4078373860045269,1.0,-28.209461249992195,0.7025175458302461,28.859886872887557,0.2260459786443575,0.4685594657098545,0.5015011365122024
Samd4b,0.0007335473709934,0.009501095540355,0.088567502575371,-28.71486693998888,-26.841625581535634,0.0,0.1202636633673747,0.0,0.025587610992965797
Gmfg,1.5876796062554575e-05,0.004096213384139,0.0573787409700722,-0.3306868696417583,-0.2475725216872659,-0.1711386698994083,1.63487618696563,1.3801575650914049,0.015154567225000363
Nfkbib,0.1425303019847767,0.6712057066317096,1.0,-0.2171172580536838,-0.0078815128024329,0.3137418444964429,0.6186534699268991,0.6112002240223309,0.7080006145455244
Sirt2,0.0027786850681888,0.009501095540355,0.088567502575371,-28.509894881612983,-26.513443312601897,0.0,0.0957947527644142,0.0,0.025587610992965797
Hnrnpl,0.0005026588905531,0.0080618382193134,0.1202064425772079,-29.26271897893956,-2.5034129672685763,-0.2586085344295621,0.5939338813740005,0.0959585303137237,0.025587610992965797
Eif3k,0.0123997777248551,0.2379772961816305,0.9116011748829072,-0.1211233918049423,-0.0606273960313866,0.0116289208544202,1.5131347555215076,1.4495702955983738,0.3215787052397302
Psmd8,0.0003016591251885,0.0314201794077955,0.2379772961816305,-0.4600229049749103,-0.332428888468026,-0.1816896641664173,1.0501751123136915,0.8360722525312779,0.063285824497176
Spint2,0.0006254704035422,0.0076936799140673,0.0674789674219091,-29.154252555757097,-28.9037601543172,-28.312635555867896,0.502225538456921,0.0,0.025101967818363515
Ppp1r14a,0.0007335473709934,0.0196844444189474,0.088567502575371,-28.832743119010463,-13.313031048775262,0.0,0.0517861181595403,0.0,0.04554226927282082
Capns1,0.1152655394141462,0.6784313725490196,1.0,-0.1735166537808065,-0.0337632850162399,0.1845666445574248,0.7587336339579089,0.7427670940399396,0.7080006145455244
Tbcb,0.0487874848323117,0.2968939270753236,0.9075260842504204,-1.1219251360114395,-0.1168465424032745,0.0757938887737844,0.5790193624055995,0.5346705790137808,0.3883861010420593
Tyrobp,1.5876796062554575e-05,6.35071842502183e-05,0.004096213384139,-0.2480693444048762,-0.2012233658031846,-0.1619847278874437,2.90934061667871,2.529589843860784,0.001592162466320179
Psenen,0.0003016591251885,0.0073033261887751,0.1152655394141462,-0.5196989133066173,-0.3898336873203055,-0.2409460293317883,0.9191209120481608,0.7040693787842883,0.02414332678800386
Cox6b1,0.0003016591251885,0.015860919266492,0.2702706993728666,-0.1598531008893972,-0.0969542461965807,-0.0356561216791671,1.82811636661413,1.712174932095495,0.037849517308952356
Tmem147,0.0001720247930818,0.0027786850681888,0.0298677932975399,-28.876606325839603,-28.59848789536045,-25.850607229787453,0.4064458429846285,0.0,0.011565191172481119
Ffar2,0.0007335473709934,0.009501095540355,0.088567502575371,-28.878913733826614,-26.95348855280571,0.0,0.1299596517300417,0.0,0.025587610992965797
Usf2,0.0001720247930818,0.0027786850681888,0.0298677932975399,-28.75180143737305,-28.17747247177913,0.0,0.3035738891971027,0.0,0.011565191172481119
Fxyd5,0.0001111375724378,0.004096213384139,0.0824958323410335,-0.4341587468151686,-0.3189921605667351,-0.1937829534893204,1.625934490641579,1.30206509393095,0.015154567225000363
Gpi1,0.0029848376597602,0.0978804477256489,0.7344923394458999,-0.2456607508346532,-0.1063740650388518,-0.0011749750689493,0.8402131944047699,0.7866801696773341,0.1566995790738688
Pdcd5,0.0573787409700722,0.5713582599031516,1.0,-0.1893257929129579,-0.0087402212693427,0.1562146217419496,0.725646690460329,0.7235102516028895,0.6442139956897439
Siglecg,0.0027786850681888,0.049813305277135,0.6993022710519221,-28.65335307449524,-26.51719768335004,0.0,0.0960443671183395,0.0,0.09111772836530015
Etfb,0.2527256531186123,0.7826235030086005,1.0,-1.1328600249537049,-0.0083104242255824,0.8616916035359096,0.5227659115453175,0.5189279229048385,0.7870555379477715
Napsa,0.0021592442645074,0.0573787409700722,0.3837421608319441,-0.2309460911473752,-0.1321746732317289,-0.0333573758440916,1.90786101806896,1.7408577506823,0.10246461361949206
Prmt1,0.0001720247930818,0.0027786850681888,0.037650276439806,-28.819749387261645,-28.40027101670794,0.0,0.3542693951030652,0.0,0.011565191172481119
Rps11,0.0003016591251885,0.0010637453361911,0.0055386203064221,-0.0932468541733037,-0.0775707516534247,-0.0616146160704033,3.81350454375196,3.61255023805308,0.006726532081374582
Rpl13a,0.0054584424863062,0.0690958164642375,0.3837421608319441,-0.0758155901723193,-0.0446977049777881,-0.0148529234771392,2.878100756704465,2.79184244438973,0.11826761838175913
Snrnp70,0.0001905215527506,0.0252441057394617,0.5208065412399778,-0.4132647492736873,-0.2238045574961073,-0.0605351836136741,0.8077419716305103,0.690484277817878,0.05439351802911312
Ftl1,1.5876796062554575e-05,0.0021592442645074,0.0314201794077955,0.0624561788843883,0.116590024119802,0.1562689651524132,3.16159739359828,3.4307257341802626,0.011277817469767817
Bax,0.0015241724220052,0.038707628800508,0.343145193299992,-0.3727097256966146,-0.2166270420161099,-0.0794667458235659,0.8807404199741187,0.7624188536569712,0.07431167294944374
Ppp1r15a,0.0007144558228149,0.0314201794077955,0.343145193299992,0.0917214418968776,0.3488055084146203,0.6410747761554497,0.6325139854196247,0.8103876103157417,0.063285824497176
Rpl18,0.0073033261887751,0.0824958323410335,0.4726680955783123,-0.0490436105528092,-0.0274777344345812,-0.0042317026408521,3.36168702565388,3.2965512091469087,0.1355424970846125
Emp3,0.011838928302451,0.0814252386094282,0.4729966150619826,0.2919901940102418,0.6536675311795797,2.747087698113585,0.4551557959785474,0.7062924253492885,0.1355424970846125
Ldha,0.015049240840804,0.1568627450980392,0.7344923394458999,-0.2437890557648295,-0.116164674148393,0.0148314284537284,1.4464927459738883,1.3367020358108637,0.23021660454815537
Spty2d1,0.038707628800508,0.4726680955783123,0.9699293482575216,-0.3324928799415813,-0.1623196765792492,0.1120237253825825,0.732031432739103,0.6501438375727073,0.5617711721569345
Cyfip1,0.0758473341985505,0.5087557841299859,1.0,-0.3551059540436605,-0.1017871437168706,0.234488051069333,0.599028288827568,0.5587227897422624,0.59865189176201
Nipa2,0.1995384201167257,0.6985956961394035,1.0,-0.9112634282044972,0.052074382070452,0.4847458655248287,0.5013222221380793,0.5206084923808546,0.726198745596619
Klf13,3.529139494825728e-05,0.0007335473709934,0.0133949167537699,-29.03923452950563,-28.821173935139143,-28.123639804019504,0.4742833336816779,0.0,0.005108462247016128
Snrpa1,9.016783792651294e-05,0.0017191380645145,0.0320895709002733,-29.10877109870294,-28.971688381412008,-28.76162504607432,0.5264379957451866,0.0,0.009590270197592668
Selenos,0.0004045515741784,0.0069870186828277,0.127400744167929,-29.22825529401029,-2.510866965315788,-0.2639726907169178,0.5929113334528647,0.1068517291616502,0.023784883088028484
Lrrk1,0.0001720247930818,0.0027786850681888,0.0639928529116725,-28.925953899258275,-28.27278274715423,0.0,0.3243065098730995,0.0,0.011565191172481119
Mef2a,0.0007335473709934,0.009501095540355,0.0978412151825437,-28.766906839311016,-27.918333390957763,0.0,0.2536622135303085,0.0,0.025587610992965797
Chd2,0.0201317774073192,0.4726680955783123,0.9699293482575216,-0.3411045822120497,-0.1507216704207775,0.0661598001032916,0.9176667055573988,0.8310068652163358,0.5617711721569345
1810026B05Rik,0.0054933714376438,0.2082876875446535,0.9384797984036732,-0.3097646875419373,-0.1533405518056788,0.0358827797152896,0.6901078312441025,0.6184165700744866,0.28859626928326176
Akap13,1.5876796062554575e-05,3.175359212510915e-05,0.0010637453361911,0.2031393322937963,0.3019504925008039,0.446947481385206,1.3265453666779887,1.6352001688809437,0.0011224770542497952
Crtc3,0.0005851107704714,0.0060878386813011,0.0335975653949324,0.5310790462078573,0.8660822258779677,2.140437029211203,0.410030137862182,0.7623466021507872,0.020992207491670942
Iqgap1,0.0021433674684448,0.0824958323410335,0.6238787012780821,0.0049599183358941,0.0639852555925893,0.1274451326062636,1.72432531048011,1.8007961061161648,0.1355424970846125
Sec11a,0.0011293135916274,0.035546625817065,0.4581423825852356,-28.917536705891223,-28.74351041052341,-27.24175758252709,0.4541303681994684,0.0,0.07046498568945628
Rps17,0.038707628800508,0.3053901722632373,0.7920774787647853,-0.0989297988569947,-0.0499503898324026,-0.0077302729588045,2.623351111971433,2.532156129136955,0.3937002160271982
Btbd1,0.2166433052467157,0.715864503000013,1.0,-28.863339401526535,-0.8252095052406105,1.4790658645683812,0.419580800381686,0.235505513192484,0.7412571700160485
Tm6sf1,0.0335975653949324,0.262549586881392,0.90773026423876,-0.4455465995321914,-0.19561832958827,0.0409410539381838,0.6833076673467329,0.5998770620630774,0.3518824966316015
Zfand6,0.0694138010953858,0.5990513446131561,1.0,-28.59601383355362,-26.65652323010629,26.83407585209661,0.1057823152769827,0.0,0.6736561558684093
Ctsc,0.0001099468127331,0.0054933714376438,0.0690958164642375,-0.5335819674619452,-0.3816481445497178,-0.2058264845852546,1.2400745547777,0.9510168333664568,0.019253905482925885
Picalm,0.2379772961816305,0.6784313725490196,1.0,-0.1018637192255872,-0.0374806801855295,0.0285848041490723,1.6360620286517449,1.59519219598604,0.7080006145455244
Pcf11,0.0027786850681888,0.0759886785541828,0.5098433838583576,-28.39556554776546,-26.996705104042302,0.0,0.133911543902263,0.0,0.12892665127306016
Prcp,0.0252441057394617,0.343145193299992,0.9699293482575216,-0.2274824088158601,-0.1009008111949363,0.0359426300351181,0.87378555942411,0.8129220526442249,0.4339717548500196
Ndufc2,3.175359212510915e-05,0.0004763038818766,0.0073033261887751,-0.5272788170495702,-0.3940826902647312,-0.2649033407328851,1.006800541742928,0.7658785582071214,0.0044323300099521155
Rsf1,0.0007335473709934,0.009501095540355,0.088567502575371,-28.73720567641807,-27.66875028959612,0.0,0.2133652935967995,0.0,0.025587610992965797
Pak1,1.5876796062554575e-05,0.0007144558228149,0.0201317774073192,-0.6788784950895778,-0.479259778189908,-0.3253161574219599,1.06893374413634,0.7687774453594549,0.005108462247016128
Uvrag,0.0007144558228149,0.0573787409700722,0.4738715567198528,-0.3137418370960902,-0.1845833321847689,-0.0482354836298742,0.8571530831800924,0.7541256647305481,0.10246461361949206
Rps3,0.004096213384139,0.0978804477256489,0.7920774787647853,-0.0629110554431239,-0.0347499132759993,0.000954150138355,3.2075684913128004,3.1274659751383886,0.1566995790738688
Spcs2,6.35071842502183e-05,0.0073033261887751,0.2379772961816305,-0.4341562349597409,-0.2807965844054124,-0.1129818870670609,0.8727814500398089,0.7230201684378781,0.02414332678800386
Ucp2,3.175359212510915e-05,0.0021592442645074,0.0824958323410335,-0.2954040001736608,-0.2139559603242777,-0.1393588333584416,1.4711319467717725,1.2702729459805,0.011277817469767817
Rab6a,0.0126792343461788,0.1275314931099083,0.663270284205586,0.0,27.7351508915978,28.85124214256754,0.0,0.2234150116082655,0.19736355251794813
Lamtor1,0.0001529566816353,0.0006056643678553,0.0021489855071083,-29.564437762306927,-29.415972093240956,-2.404597795380452,0.718375987820736,0.0,0.005108462247016128
Nup98,0.0095578312296578,0.2702706993728666,0.910105580693816,-0.0438777061420883,0.1089335953303758,0.3399440842698133,0.8306121134369537,0.8926805883719252,0.35839879300782745
Pgap2,0.0007335473709934,0.0027786850681888,0.037650276439806,-28.81668100952129,-28.267956651382704,-26.439426574688703,0.3232237484380309,0.0,0.011565191172481119
Rhog,0.004096213384139,0.0978804477256489,0.6252425180598543,-0.2956626586228503,-0.1487093648625541,0.0002479881941116,0.822785942466201,0.7447453145867637,0.1566995790738688
Timm10b,0.0002040915427345,0.0002345546750104,0.0022206758115434,-2.177011773204262,-1.0313870591666436,-0.8063071903692621,1.0223352511490198,0.5023422284038082,0.0029219014710520916
Taf10,0.0002988806858775,0.0054933714376438,0.0573787409700722,-0.2916150458402745,-0.1805994707980795,-0.0970260960330386,1.29606121969491,1.1509587362209177,0.019253905482925885
Mrpl17,0.0007335473709934,0.0133949167537699,0.1223341709161366,-28.658131773401976,-27.12357999780225,0.0,0.1462214769026232,0.0,0.03311434756645436
Eif3f,0.0095578312296578,0.1813447646264983,0.910105580693816,-0.1041281791535059,-0.0451486508131371,0.0128198834875637,1.61094155580032,1.558801442997391,0.2593595257846093
Rpl27a,0.0095578312296578,0.2082876875446535,0.910105580693816,-0.0410435865343045,-0.0185872389769725,0.0031168271725126,3.77586253499616,3.7281036103792697,0.28859626928326176
Dennd5a,0.0005677918037157,0.0029316408379423,0.0186118240146872,0.3844107479209462,0.7030770330376763,2.256257797030111,0.4259485601270452,0.6931448303775789,0.011822842105853135
Swap70,0.0150330255900991,0.1996030161831719,0.7826235030086005,0.207894428936052,1.5827547997694875,29.08242448366806,0.1791403945210575,0.5316108046077098,0.2824395932844218
Eif4g2,3.175359212510915e-05,0.0021592442645074,0.038707628800508,0.1652938804688511,0.2606713540713502,0.38817097365256,1.07849921213641,1.2897405257300825,0.011277817469767817
Far1,0.0027786850681888,0.0298677932975399,0.5055179696547507,-28.140797876528765,-26.47230310961091,0.0,0.0931016302294247,0.0,0.06227814825543789
Copb1,0.0534444192530722,0.3882434235600029,0.9689946775534558,-29.02710949939972,-0.6473368177027783,0.2644414807593777,0.5012323277075925,0.3059003610002652,0.4807360462558781
Psma1,1.5876796062554575e-05,0.0007144558228149,0.0690958164642375,-0.4535477109660746,-0.3662201134179907,-0.2625153665148323,1.085191941769035,0.8421547368961908,0.005108462247016128
1110004F10Rik,0.0065360274816589,0.0814252386094282,0.4171856441993936,-1.6189964360951956,-0.3707521955256173,-0.1367227724785537,0.6316690446659783,0.4911622661418385,0.1355424970846125
Rps13,6.35071842502183e-05,0.0003016591251885,0.0029848376597602,0.0523146541009369,0.0809963606694911,0.1079895387832458,3.325848327941164,3.5179295265100903,0.003348102061336945
Rps15a,0.004096213384139,0.0824958323410335,0.6784313725490196,-0.0001703794088864,0.0247142388541304,0.0436369176912939,3.623823950658361,3.68397958983968,0.1355424970846125
Arl6ip1,0.1152655394141462,0.6238787012780821,1.0,-0.1823488825102296,-0.0162990986613245,0.2035017946175131,0.7775910903899828,0.7699983102186505,0.6790017938833468
Smg1,0.2319705926008954,0.7227912249010906,1.0,-28.534288986653166,0.2054233060424577,27.63291628242015,0.344423085996301,0.408995038949359,0.741802452776878
Uqcrc2,3.529139494825728e-05,0.0007335473709934,0.0077371208623235,-29.14580313420639,-28.975407468486328,-28.81336285571856,0.527796837658149,0.0,0.005108462247016128
Ndufab1,0.0029848376597602,0.0824958323410335,0.4726680955783123,-0.3217393768007566,-0.1786429668946095,-0.0283336215940165,0.8608573840932671,0.7597122837832173,0.1355424970846125
Rbbp6,0.001351979262936,0.0473446058585377,0.343145193299992,0.2198517267375458,0.4324417092842593,0.6914966126328981,0.5851676437074707,0.789631448390236,0.08743386684626628
Nsmce1,0.0027786850681888,0.009501095540355,0.088567502575371,-28.431932395752657,-26.47230310961091,0.0,0.0931016302294247,0.0,0.025587610992965797
Il4ra,0.0073033261887751,0.2505331035832505,0.9699293482575216,-0.0584191592941786,0.1331417876048707,0.323791428598558,0.6434621983942352,0.7069182531336455,0.3376888322175248
Il21r,0.0571278875922839,0.5713582599031516,1.0,-0.1796073660327266,0.0711711689256029,0.2587018536753314,0.6994873155156661,0.7356623927966621,0.6442139956897439
Atxn2l,0.0027786850681888,0.0286888103198488,0.1853939469443623,-28.687398293215505,-28.062209543725448,0.0,0.2802636771029405,0.0,0.060710878641110015
Eif3c,0.0010637453361911,0.0314201794077955,0.4268635389378423,-0.2492797141949126,-0.1471820839724903,-0.0164721283286278,1.2130973245421823,1.09465374708174,0.063285824497176
Bola2,0.0275953640812429,0.1813447646264983,0.7002804789121898,0.0761537801293971,0.2861555205898319,0.7676019567452154,0.5350093948121303,0.6591899749880894,0.2593595257846093
Coro1a,0.0001905215527506,0.0021592442645074,0.0095578312296578,-0.4270842306435217,-0.3404674785465184,-0.2466149786075916,1.8442912297076373,1.4545614452504725,0.011277817469767817
Gdpd3,3.175359212510915e-05,0.007750865708345,0.2379772961816305,0.2187783715851546,0.5164525805622677,0.836649516648503,0.5966685141206649,0.8474784961144388,0.025101967818363515
Ppp4c,0.0004338587209506,0.0108361377218406,0.2023763046039549,-29.12363891492433,-28.89198052363157,-2.2359971114151125,0.5010815383513443,0.0,0.028058091719613997
Aldoa,0.1563145987139795,0.6784313725490196,1.0,-0.188621709126397,-0.0062767284808735,0.1571406695385058,1.06482421272013,1.058298141855555,0.7080006145455244
Mvp,0.0001720247930818,0.0027786850681888,0.0416622142499834,-29.00448523790312,-28.771231557482743,-28.026021863580024,0.4581458149085622,0.0,0.011565191172481119
Dctpp1,0.0007335473709934,0.009501095540355,0.0298677932975399,-28.88735500973183,-27.890222817239813,0.0,0.248767505883703,0.0,0.025587610992965797
Bcl7c,0.0050566295712918,0.0939799938364451,0.5716697173974044,-28.879775693612345,-28.57538292591567,0.0,0.3999884005469545,0.0,0.1534646489390533
Stx4a,0.0007335473709934,0.0027786850681888,0.088567502575371,-28.6118153284161,-27.667595906748307,0.0,0.213194636102149,0.0,0.011565191172481119
Fus,0.0314201794077955,0.3053901722632373,0.9699293482575216,-0.1820371019927791,-0.0863132054633616,0.0262516018157918,1.08818385031991,1.020147218172975,0.3937002160271982
Pycard,9.016783792651294e-05,0.0001529566816353,0.000975934543285,-30.001752284944487,-29.90873114848862,-29.73664189774408,1.0087393556026902,0.0,0.0025457280142869155
Itgax,0.0007144558228149,0.02926124700769,0.4268635389378423,0.0897221847173645,0.2642714378703843,0.4754243550340384,0.618772909303116,0.742470161547915,0.06173833403305681
Rgs10,0.0002219962051443,0.0007761696331711,0.0036827970389574,-1.0121683319454495,-0.7463535916248214,-0.54024061967328,0.9348056739245604,0.5606562483120618,0.005318384206712586
Plekha1,0.0167889920924848,0.1242523979293443,0.5544550195467268,-29.193382299043805,-1.3175066389602843,-0.1433913310338198,0.5739207132533392,0.224937850957114,0.19298969386839118
Bub3,0.0027786850681888,0.022438890030895,0.2914741136837093,-28.41997655283946,-27.095142481642373,0.0,0.1433674698031727,0.0,0.04975783002688579
Oat,0.1213252126972673,0.6098397785958921,1.0,-0.3494731561360797,-0.0009108540028208,0.3064517601915298,0.5206836149835438,0.5250911730008935,0.6790017938833468
Glrx3,0.0011274101871841,0.0283779386412889,0.291183571126642,-29.16537048895694,-28.850623243527263,-0.5871958676896855,0.4942713614009499,0.0,0.06029250971544032
Adam8,0.0001529566816353,0.0008074274754744,0.0082716821301705,29.340654554108603,29.446925873758968,29.554053757239117,0.0,0.7318262235260597,0.005445025158974514
Psmd13,0.0019929015570309,0.0393165180425796,0.3435670742776375,-29.073203450711382,-28.841193028930007,-27.98702059715443,0.480910447021906,0.0,0.07507482074259599
Ifitm2,0.0003016591251885,0.0252441057394617,0.343145193299992,0.0451467639023818,0.1129600729016075,0.2019357136151267,2.40155318984511,2.5956257676189627,0.05439351802911312
Ifitm1,1.5876796062554575e-05,1.5876796062554575e-05,0.0001111375724378,-1.089331858649737,-0.9087889395919356,-0.7405050427052166,3.2647443429311918,1.7419897988491575,0.000845836310232595
Ifitm3,1.5876796062554575e-05,1.5876796062554575e-05,0.0021592442645074,-0.3801236358824219,-0.3238511847921295,-0.2514326730050643,3.002836232921973,2.39715724386388,0.000845836310232595
Ifitm6,0.0003316841937808,0.0039116228596311,0.0553942414206647,-29.423339306865348,-29.13973138956209,-28.77889970307703,0.591470669351701,0.0,0.014965293202646092
Rnh1,1.5876796062554575e-05,0.0007144558228149,0.0314201794077955,0.1900620395151329,0.3058612957535719,0.4464955149353683,0.9821641091805576,1.20922964389566,0.005108462247016128
Taldo1,0.0010637453361911,0.0350639041041517,0.5208065412399778,-0.1694394927647315,-0.1116529283925601,-0.018011909395505,1.78789754983411,1.6556568363715023,0.06957279296643136
Rplp2,0.004096213384139,0.0473446058585377,0.3837421608319441,0.0152061169754381,0.0356772530228302,0.0537860536120543,3.24252756168632,3.3240894571489386,0.08743386684626628
Lsp1,0.004096213384139,0.0824958323410335,0.4268635389378423,-0.1600931440008406,-0.1029045269822085,-0.0492095649431873,2.20874452977329,2.0556493482243248,0.1355424970846125
Mrpl23,0.0018396731631658,0.0367103646724126,0.4576151974673742,-29.16650985023137,-1.4431059801866168,-0.0833121249667336,0.533609607321275,0.2012929898926195,0.07243498807121412
Nap1l4,0.0027786850681888,0.009501095540355,0.088567502575371,-28.264816900633843,-27.17559802519311,0.0,0.151589860334145,0.0,0.025587610992965797
Ccnd1,0.0312325140529785,0.3605354427396011,0.9671227617061148,-29.185894340969288,-27.57085131635155,0.3912279393769943,0.2002494243789432,0.0,0.4546159931823017
Pet100,0.3311849615084903,0.7843493017003418,1.0,-0.3333303381100471,0.051427928013255,0.4940870294083497,0.5542560250382448,0.578250009095673,0.7884190386431266
Mcemp1,0.0794960921881719,0.509590923973197,1.0,-29.1188695570141,-1.21215359367126,0.3305235707848529,0.4928892297378895,0.2247116752938245,0.5993036749375733
Elavl1,0.0027171818924305,0.0574109566690162,0.4223831781386828,-28.97184977719792,-28.79387834794665,-27.44971203480189,0.4663574198900335,0.0,0.10246461361949206
Arglu1,0.0824958323410335,0.4268635389378423,0.9699293482575216,-0.2712659223182312,-0.0864306820310516,0.0989501516236605,0.7110061417674653,0.674344920045792,0.5156724498166337
Lamp1,0.0054933714376438,0.3053901722632373,0.9699293482575216,-0.309850720265342,-0.1405884321282468,0.0566112038212324,1.1399318365396076,1.0324625253802175,0.3937002160271982
Vps36,0.0027786850681888,0.009501095540355,0.088567502575371,-28.523359047892107,-27.0217259699681,0.0,0.1362542471285675,0.0,0.025587610992965797
Vdac3,0.0007761696331711,0.0408264300091681,0.4726680955783123,-0.5683666297243417,-0.343654620345022,-0.1195420312083674,0.6975672622999582,0.5526798651818835,0.07754110726340216
Polb,0.2614677393748564,0.7280611426419807,1.0,-0.1238592661904642,0.2193589500866316,0.6859574493813709,0.4836796024211049,0.5659426009009735,0.741802452776878
Ikbkb,0.0201317774073192,0.2702706993728666,0.9699293482575216,-0.0429495207963741,0.0804999262869224,0.2237702942983028,0.9963415151681864,1.0501748964192,0.35839879300782745
Golga7,0.0200474885286189,0.1970191735253248,0.8438020369923158,-0.8047943921109022,0.4790111190731526,2.4027456778219163,0.3799543393426682,0.5341786601988587,0.27989857252164474
Tm2d2,0.0488002359715315,0.3837421608319441,0.9692169978474025,-0.3367696324610311,-0.1015325275910212,0.1318403450684747,0.6037993634889035,0.5622664207566215,0.4754386887981819
Tacc1,0.0150463959875996,0.2379772961816305,0.9699293482575216,-0.3253055857205107,-0.1128007553524373,0.0714896274266413,0.6473714008830747,0.6004340862940862,0.3215787052397302
Nsd3,0.0097222837672139,0.1044489097391437,0.5629036537954418,-0.3802570421429376,-0.1963688760343356,-0.0427683035522579,0.6708197412989648,0.587542911810073,0.1662289967543803
Plpbp,0.0405991304587522,0.4858088749251383,0.9692348066076554,-0.0783827920265629,0.2068442337716171,0.954143477058406,0.5017355428973392,0.5802898774637716,0.5763609046568633
Rab11fip1,0.0252441057394617,0.1568627450980392,0.6238787012780821,0.065888733253065,0.2867322756263366,0.6114844593011777,0.6407608298605375,0.774435170049114,0.23021660454815537
Leprotl1,0.0001720247930818,0.0027786850681888,0.060676213535144,-28.76373870466347,-28.506262797573623,0.0,0.3812766113896465,0.0,0.011565191172481119
Saraf,0.0001720247930818,0.009501095540355,0.1853939469443623,-28.76426051528338,-28.13168117939545,0.0,0.2940915448192747,0.0,0.025587610992965797
Pcm1,0.0027786850681888,0.009501095540355,0.088567502575371,-28.47552928079884,-26.16300429074014,0.0,0.0751361715405872,0.0,0.025587610992965797
Asah1,0.0001529566816353,0.0003546140313225,0.001641642300541,-29.79967811323813,-29.63830065742765,-1.0471054969196605,0.8490161374812069,0.0,0.0037247765205220837
Frg1,0.0007335473709934,0.0298677932975399,0.3519631185845171,-28.650316063109607,-26.44304192416313,0.0,0.0912323351419642,0.0,0.06227814825543789
Slc25a4,1.5876796062554575e-05,0.0010637453361911,0.0694308168611571,-0.7024845116775345,-0.51501138259425,-0.3024413215786336,0.947534568589486,0.6587015642898905,0.006726532081374582
Irf2,3.529139494825728e-05,0.0001720247930818,0.0007335473709934,-29.324121907595067,-29.13498844151588,-28.958317903876942,0.5895293662290619,0.0,0.0025457280142869155
Hmgb2,1.5876796062554575e-05,3.175359212510915e-05,0.0021592442645074,-0.5274477489735722,-0.4041912705046224,-0.2897415590671962,1.427491144720445,1.0766699202690324,0.0011224770542497952
Ndufa13,0.0054933714376438,0.0573787409700722,0.3053901722632373,-0.2184991582978429,-0.1473429702976889,-0.0658192443541385,1.41158547388533,1.273807247571665,0.10246461361949206
Borcs8,0.0007858504428285,0.0100012950659087,0.1345647853323561,-29.220734054198264,-29.04218134730472,-2.300195575873428,0.5553419094563218,0.0,0.026409863426829543
Cope,0.0110454521726252,0.1178771632483417,0.6611810692780998,-29.047412593347328,-28.72144809133745,-0.134355601300103,0.5077648927522793,0.0,0.18335491597242057
Rex1bd,0.0004338587209506,0.0067341442234306,0.0687656265374276,-29.30367657143895,-29.113580214086667,-2.0437401137152453,0.5844052676102149,0.0,0.023034448379021844
Uba52,0.1813447646264983,0.5208065412399778,0.910105580693816,-0.1896365739900632,-0.0811911751183776,0.0775306132993015,1.0251700166474604,0.9669716855240724,0.6025183167113968
Fkbp8,8.600635107884218e-05,0.0011483811028681,0.0136847101490624,-29.1314795280656,-28.958258803396703,-28.74282680525579,0.5215602936711028,0.0,0.0070728327462772295
Lsm4,0.343145193299992,0.7920774787647853,1.0,-0.2390330893898946,-0.0593802838593766,0.1204467719477656,0.7068844631023745,0.679819852560274,0.7931941293457506
Jund,1.5876796062554575e-05,0.0010637453361911,0.0123997777248551,-0.4668534957078465,-0.35586486420228,-0.2407501997692936,1.542114577764315,1.205241103196365,0.006726532081374582
Ifi30,0.0095578312296578,0.0824958323410335,0.343145193299992,-0.1421462012502442,-0.0869932305746896,-0.0341098750377857,2.535699247890486,2.386024054751899,0.1355424970846125
Rpl18a,0.0004763038818766,0.0095578312296578,0.1349368897356513,-0.0608768537121304,-0.0343959430812946,-0.0181371038557833,3.514510321653585,3.4330839179292263,0.025587610992965797
Use1,0.2451924672839067,0.7274683619586189,1.0,-0.0996166051900985,0.0792342382498364,0.3258745150737006,0.560501641490261,0.5918934592743486,0.741802452776878
Bst2,0.0007144558228149,0.0123997777248551,0.098315075017861,-0.534860583560056,-0.3734388758116974,-0.1901233352864906,0.9967275968243264,0.7666426954862201,0.03130796958728225
Pgls,0.2082876875446535,0.6784313725490196,1.0,-0.0533686301276869,0.083667490883842,0.2283566705408211,0.8255995322458021,0.8704912764350148,0.7080006145455244
Tpm4,1.5876796062554575e-05,0.0001111375724378,0.0021592442645074,0.2119614816438299,0.2813172415115159,0.3711957922077676,1.34634416012448,1.6351046897165524,0.0021929089524532572
Rab8a,0.0060878386813011,0.0687713300173633,0.3731444996234598,-1.4029318770948225,-0.2909097540523444,-0.064222657428112,0.6135224218588695,0.5012325318915429,0.11826761838175913
Fam32a,0.0013094543395349,0.0157814116537749,0.1008641058358925,-1.5625031616061564,-0.404719652605658,-0.1611387530941217,0.7054161590835215,0.537984524990823,0.037849517308952356
Sin3b,0.0571278875922839,0.5208065412399778,1.0,-0.0661354599404318,0.0703372511468558,0.2283676993335074,0.7215960518283024,0.756976107606264,0.6025183167113968
Lsm6,0.0072743808636968,0.0978804477256489,0.6243643345738549,-0.4179680219260493,-0.1938990963766967,-0.0190632190609723,0.6840769313830051,0.6060136528493434,0.1566995790738688
Smarca5,0.0978804477256489,0.6238787012780821,1.0,-0.2068086489427782,-0.0125810974677845,0.160490008404313,0.8721471669200488,0.8658199818782046,0.6790017938833468
Tbc1d9,0.2643740142081695,0.7826235030086005,1.0,-1.3931257542605375,-0.0638638015758119,0.3729648378576016,0.541712140740939,0.5202695707034195,0.7870555379477715
Ndufb7,0.0054933714376438,0.0314201794077955,0.1820183376994516,-0.3116560361034572,-0.2105391104150939,-0.1027167200695625,1.21444079138457,1.049451650563215,0.063285824497176
Pkn1,0.0001720247930818,0.0027786850681888,0.0298677932975399,-28.769339830921677,-28.2556042043473,0.0,0.3204678080900426,0.0,0.011565191172481119
D8Ertd738e,0.004096213384139,0.0473446058585377,0.3837421608319441,-0.2269160820277735,-0.1532377841149572,-0.0562067385116451,1.479584110758755,1.32889200843562,0.08743386684626628
Ier2,0.0391258406918251,0.2791308126994855,0.9663386604820364,-27.55207224429236,2.273316161627815,28.892093062141846,0.0,0.2469434653944809,0.3692289024597167
Calr,0.0252441057394617,0.3053901722632373,0.9699293482575216,-0.1541497295151538,-0.0637484185701697,0.0160139920527742,1.5964992934460525,1.528666923351644,0.3937002160271982
Prdx2,6.35071842502183e-05,0.0004763038818766,0.004096213384139,0.4511195219059424,0.689077636799094,0.939030855832527,0.5897603691365265,0.9470729513986618,0.0044323300099521155
Junb,0.0021592442645074,0.0314201794077955,0.2702706993728666,0.0356867638867943,0.0866173065863679,0.1583243506290435,2.37365297675613,2.515464929215745,0.063285824497176
Trir,0.1344451059776137,0.6784313725490196,1.0,-0.1443776700448228,-0.005982517281609,0.1652807443200232,0.7749657611063121,0.7679033116319409,0.7080006145455244
Man2b1,0.0001905215527506,0.0095578312296578,0.1568627450980392,-0.432043385339976,-0.2918091859533227,-0.1186438403999615,0.9654143102107527,0.7914671724237423,0.025587610992965797
Vps35,0.0004564467709838,0.0127264932339823,0.2099336787959307,-29.103827283108146,-28.906744807702506,-1.4368909421246157,0.5067294585356407,0.0,0.03205692326432185
Dnaja2,0.0252441057394617,0.4068000144045867,0.9699293482575216,-0.2242237563913987,-0.0615079263563852,0.0837972285963706,0.7041288820259545,0.6776007029328432,0.500803483937709
N4bp1,0.0001264884392376,0.00315340827298,0.0574109566690162,-29.186250092244645,-28.970954160716047,-28.690913698403985,0.52617014750062,0.0,0.012421281016119003
Snx20,0.0054933714376438,0.038707628800508,0.2082876875446535,0.137151088208532,0.282079165033023,0.4711678771670737,1.173765806114035,1.42969205138328,0.07431167294944374
Cyld,0.0824958323410335,0.5208065412399778,1.0,-0.0934796789480225,0.1336169502123189,0.422656888053175,0.5836686222192953,0.6398801844824065,0.6025183167113968
Lpcat2,0.0001720247930818,0.0027786850681888,0.0298677932975399,-28.957121429366627,-28.59248194105341,-26.626062097550523,0.4047595524245002,0.0,0.011565191172481119
Nudt21,0.0005866867131432,0.0136230507097753,0.2484670041644341,-29.185490619632144,-28.93077560893147,-0.2342090236466988,0.5386909733086624,0.0,0.03360037160015181
Mt1,0.0001905215527506,0.0029848376597602,0.0314201794077955,0.384950713677489,0.5691478651785138,0.7742908125665456,1.3243828676916451,1.9575599988765,0.011822842105853135
Herpud1,0.1813447646264983,0.7344923394458999,1.0,-0.218296709024973,0.0070694413134666,0.2016941424372228,0.8626580357214975,0.8698154252956175,0.741802452776878
Got2,0.0007335473709934,0.0133949167537699,0.2914741136837093,-28.76465247416904,-27.65533475356313,0.0,0.2113904186691547,0.0,0.03311434756645436
Ciao2b,0.000720205127671,0.0056378694829096,0.0815248692654377,-29.25399131434278,-0.5790652776391134,-0.2398120549383958,0.6216704094306751,0.4235323801959095,0.019695573554230093
Tmem208,0.0007335473709934,0.009501095540355,0.088567502575371,-28.49639007078818,-26.47230310961091,0.0,0.0931016302294247,0.0,0.025587610992965797
Atp6v0d1,0.0824958323410335,0.5713582599031516,1.0,-0.1202190948502536,0.0712109594661149,0.2810045380677698,0.6280514331855487,0.6633605041189086,0.6442139956897439
Ctcf,0.0017191380645145,0.0416622142499834,0.4469684694114323,-28.725768798063363,-28.04531959674391,0.0,0.2770017004040462,0.0,0.07884740547665596
Psmb10,1.5876796062554575e-05,0.0002462939704825,0.0017731114297543,-1.136897410461817,-0.963891940207778,-0.8135134082245143,1.1712109803038748,0.6004260339405856,0.0029219014710520916
Nfat5,0.0721281765335909,0.5087557841299859,1.0,-0.0645833312577082,0.2063613476217572,0.6115258553885657,0.502030267924415,0.5778691764423411,0.59865189176201
Psmd7,0.1386692235758251,0.661093198618893,1.0,-28.716355926633987,-27.58675628949488,1.1243043912571795,0.337994826576783,0.0,0.7080006145455244
Ist1,0.0021592442645074,0.0314201794077955,0.3343451686951869,0.125245981544442,0.301281456822425,0.9030230470528796,0.5707047313146065,0.698223622064059,0.063285824497176
Sf3b3,0.0006787345155035,0.009501095540355,0.1223341709161366,-28.926313760314265,-28.384338931588807,-26.68538251258273,0.350378480006738,0.0,0.025587610992965797
Cfdp1,0.0007335473709934,0.0133949167537699,0.1403889715411655,-28.95203030018379,-28.695243525772177,-27.710372876978862,0.4346393405915135,0.0,0.03311434756645436
Gabarapl2,0.1563145987139795,0.5713582599031516,1.0,-0.2428311096619387,-0.0920135227755111,0.0538590744359019,0.8153782143764522,0.7671723926332368,0.6442139956897439
Cmip,0.004096213384139,0.0488002359715315,0.2029832516101894,0.2655974006247379,0.4451892345570808,1.0020246099748733,0.474851738220446,0.643512652897779,0.0894181451894528
Hsbp1,0.2023371148299164,0.7264717268578031,1.0,-0.2521306654529763,0.0467069900819783,0.3880008088714372,0.5224008296361435,0.5430263976307985,0.741802452776878
Cotl1,0.0095578312296578,0.1458998174168452,0.910105580693816,-0.1758076905667391,-0.0995352543966757,-0.0002171431106,1.3886103770526423,1.296104645631699,0.21864452244395016
Cox4i1,0.3837421608319441,0.7920774787647853,1.0,-0.0369507882022125,0.0034150198612972,0.0408129212600808,2.2514768681171327,2.2601168809157963,0.7931941293457506
Irf8,0.0003565717551321,0.0100012950659087,0.1399603504920217,-29.301389433460788,-29.07043710262321,-28.06448147117925,0.5637331242686234,0.0,0.026409863426829543
Map1lc3b,0.0252441057394617,0.3634436770659681,0.9699293482575216,-0.0549485270219661,0.053035673669741,0.1848264528955798,1.0262206793898514,1.0636772274987036,0.45801210870938974
Cyba,1.5876796062554575e-05,0.0001111375724378,0.0054933714376438,-0.2780656754849269,-0.2207705398188913,-0.1612015819432078,2.426507530851877,2.082208822387825,0.0021929089524532572
Aprt,0.1632233167839101,0.6712057066317096,1.0,-0.3818823624012674,0.0868361276081959,1.3194307870233892,0.4856806330831418,0.5177372666757187,0.7080006145455244
Trappc2l,0.0001699642422417,0.0004954208174452,0.0032593368359413,-29.22093332579968,-29.056509574304688,-28.913822446822905,0.5583171582813102,0.0,0.004531080523500949
Cbfa2t3,0.15135041160973,0.6951599860537352,1.0,-28.24957820603065,0.5024228743154364,28.80757084652317,0.1057823152769827,0.2113558554161305,0.7236863362386466
Ankrd11,1.5876796062554575e-05,0.0004763038818766,0.0123997777248551,-0.4250688940185234,-0.3183354463175883,-0.1928815138841311,1.2952750790559748,1.0361546329736,0.0044323300099521155
Rpl13,0.0157743907279511,0.1152655394141462,0.6238787012780821,0.0063285993922998,0.022878640372915,0.0478712890696418,3.972587557776415,4.037905276701537,0.1803457154857163
Tcf25,0.1349368897356513,0.6784313725490196,1.0,-0.1163171350528229,0.0238870971393764,0.1554503619817177,0.914136036670154,0.9298843172916385,0.7080006145455244
Irf2bp2,0.0001219709860793,0.0002040915427345,0.0035612738952582,-29.90399413623994,-29.629605528826406,-0.8804119791285099,0.8788076299191493,0.0,0.002701360730231177
Tomm20,0.0690958164642375,0.4268635389378423,0.9699293482575216,-0.0209270456481999,0.0533890621541363,0.143028110163003,1.4779091674386624,1.5358848207001974,0.5156724498166337
Itgb1,0.0003016591251885,0.015860919266492,0.2387846312614107,-0.3688089906375464,-0.2296155147014533,-0.0909785613755918,1.0469380910459791,0.8933175142985578,0.037849517308952356
Casp1,0.0007335473709934,0.009501095540355,0.088567502575371,-28.53305715185077,-27.216737626127703,0.0,0.155974788999936,0.0,0.025587610992965797
Dcun1d5,0.0824958323410335,0.6238787012780821,1.0,-0.1636971938603677,0.0172343027587742,0.2023628281387592,0.6940137229242165,0.7006997936199695,0.6790017938833468
Tmem123,0.0021592442645074,0.0690958164642375,0.7344923394458999,-0.0130561708009685,0.1152528287799085,0.2252723347622149,1.157755042101525,1.253392122806365,0.11826761838175913
Birc2,0.0010637453361911,0.0314201794077955,0.3348776756537789,-0.489843609902038,-0.2970903706141209,-0.0650284534732561,0.7430988378738785,0.6048739632142965,0.063285824497176
Birc3,0.1903191557492417,0.69269261784812,1.0,-28.921815955439403,-1.8462417621615592,26.72567811237905,0.351465714234466,0.0,0.7214701703980174
Cwc15,0.0015241724220052,0.0573787409700722,0.4726680955783123,-0.33540460093144,-0.2054016704067767,-0.0624105451762094,0.9176126421602908,0.7973880366521913,0.10246461361949206
Taf1d,0.0002329080848932,0.0050666118127268,0.1172894820364008,-29.23363626516852,-29.03662830704983,-1.4206321837368765,0.5604001193024131,0.0,0.01829991486935731
Ubl5,0.0201317774073192,0.2702706993728666,0.9699293482575216,-0.0065878519343683,0.0595433848772973,0.1122548563757017,1.7868513016671637,1.862827365234708,0.35839879300782745
Eif3g,0.0001217557504524,0.0027171818924305,0.0312774598307818,-29.04314343647732,-28.88290031564001,-28.68822848086306,0.4950161372895255,0.0,0.011565191172481119
Icam1,0.0174080378282394,0.1991048209933474,0.9639574487449762,-28.75674212766725,-26.716788810801333,0.0,0.1102947437271357,0.0,0.2824395932844218
Cdc37,0.0473446058585377,0.5713582599031516,1.0,-0.0884122003252435,0.0469202355437013,0.1966862257558157,0.6147333872348215,0.6345191152467025,0.6442139956897439
Rp9,0.0012455000145158,0.0261221285241381,0.2485810688058285,-29.31779993897388,-29.006513318493703,-0.3692414052431984,0.5597258110182561,0.0,0.05588981514552037
Sept7,0.038707628800508,0.4726680955783123,0.9699293482575216,-0.2327658069206471,-0.0801379691585213,0.0650480512455119,0.8684776709343636,0.8224070935047518,0.5617711721569345
Tbrg1,0.0013981399053915,0.0110508192098248,0.0667539188091713,-29.3858470203512,-29.17836953428701,-0.923606498968552,0.6301715347192365,0.0,0.02854460089228685
Vwa5a,3.529139494825728e-05,0.0001720247930818,0.0007335473709934,-29.264005505166256,-29.139417392303827,-28.95193329248967,0.5913419519482412,0.0,0.0025457280142869155
Hspa8,6.35071842502183e-05,0.0095578312296578,0.0824958323410335,-0.1919380284456911,-0.1368816862991539,-0.0838273368508135,2.497730789138635,2.273211577002535,0.025587610992965797
Sorl1,3.529139494825728e-05,0.0007335473709934,0.009501095540355,-28.95117028450653,-28.63769790770091,-27.410437898879675,0.417643835903096,0.0,0.005108462247016128
Cbl,0.007578779259748,0.1006037656841813,0.5500677299187197,-29.16169114491495,-1.2861645026507416,-0.0859345189974768,0.5456250314663385,0.224937850957114,0.16046903044385505
Trappc4,0.0007335473709934,0.0416622142499834,0.4423524469028036,-28.792128488496672,-28.45538874069069,-26.44304192416313,0.3680658699813225,0.0,0.07884740547665596
Rps25,0.0123287290624751,0.1152655394141462,0.6784313725490196,-0.0866601309523732,-0.0571119346166589,-0.0172098225963576,3.09548165806289,2.975019936669744,0.1803457154857163
Ddx6,1.5876796062554575e-05,1.5876796062554575e-05,1.5876796062554575e-05,0.5077131342231609,0.6201748148116294,0.7281240384010625,1.0288592391732476,1.578849660374625,0.000845836310232595
Arcn1,0.0042911588038264,0.0474424416551647,0.2939626650378599,0.1877962779945469,0.4762046179751438,1.7076035099410607,0.4286360280299872,0.5948097098020565,0.08745661173629411
Atp5l,0.0095578312296578,0.0978804477256489,0.5208065412399778,-0.088248537856624,-0.0470954956259717,-0.012607418859334,2.2546312435979,2.18256767963156,0.1566995790738688
Rexo2,0.0030690378069328,0.060676213535144,0.4469684694114323,-28.875596333593226,-28.290145128371204,0.0,0.3282336427174131,0.0,0.10748213719317695
Rbm7,3.529139494825728e-05,0.0007335473709934,0.0164451753575581,-29.133070397457303,-28.933389573960994,-28.65134014872901,0.5126466694291101,0.0,0.005108462247016128
Plet1,0.0002468053800044,0.0006091105191479,0.0024604295231207,30.356631865269343,30.50819506795772,30.682447904107423,0.0,1.5271504651151688,0.005108462247016128
Pts,0.2217385560788116,0.7198236713150732,1.0,-28.60558862095528,0.2028721501765071,28.8233084210469,0.3639632530353397,0.4490145363041989,0.741802452776878
Sdhd,0.0001712003574158,0.0024238779803224,0.0202098651191521,-29.230507775652452,-29.077497814601724,-28.90923966018692,0.5664988600510941,0.0,0.011565191172481119
Timm8b,0.1135723567204457,0.6689706667452711,1.0,-0.2486817289930741,-0.0111513480598222,0.222293972534985,0.5368723678610026,0.5361269262959706,0.7080006145455244
Rdx,0.0043301548780033,0.0815766989182437,0.571377961054083,-28.94406654101813,-28.204951579905604,0.0,0.3094116490167694,0.0,0.1355424970846125
Wdr61,0.0007335473709934,0.009501095540355,0.088567502575371,-28.459558567946605,-26.47230310961091,0.0,0.0931016302294247,0.0,0.025587610992965797
Psma4,6.35071842502183e-05,0.0010637453361911,0.015860919266492,-0.5653126864393371,-0.4257379168937004,-0.2926973614867389,1.1922772064553748,0.8841051565395442,0.006726532081374582
Commd4,0.0001712003574158,0.0043495700900777,0.1170395939973,-28.91522767888736,-28.67969292729123,-28.026888806919622,0.4299795853313379,0.0,0.015926003199236392
Cox5a,0.0015241724220052,0.0473446058585377,0.4268635389378423,-0.1394740043414122,-0.0895510093955602,-0.0226819191257304,1.90238061625757,1.78559034347002,0.08743386684626628
Scamp2,0.0137818194726874,0.1996030161831719,0.9390192925122876,-28.96351145873552,-0.2718130511575501,0.0367548246814529,0.5186431291849177,0.4380007689021584,0.2824395932844218
Csk,0.0001720247930818,0.0004954208174452,0.0060874038647452,-29.10879418102904,-28.93785836996597,-28.67540548119141,0.5142370678771235,0.0,0.004531080523500949
Sema7a,0.2162671016591169,0.7039203384624914,1.0,-28.65064323647882,0.3460193636334245,28.853348808837225,0.183310225829728,0.2313553423142975,0.7299534020747295
Nptn,0.0039953348956071,0.0794960921881719,0.6084518182565587,-29.189450138555607,-1.526959616698725,-0.0828192730587943,0.553111084019567,0.199445791675703,0.13412998610688384
Arih1,0.0001111375724378,0.0038003384534461,0.0387549163419641,0.363816611873174,0.636511611025367,1.821856519888256,0.4885419433694138,0.7560488486979084,0.014591930169898449
Hexa,0.0966421648164313,0.6701526554660717,1.0,-0.2062255735526752,0.1187647065329752,0.4517970682964363,0.4735987121666137,0.5082295678988076,0.7080006145455244
Pkm,0.0473446058585377,0.4268635389378423,0.9699293482575216,-0.1743820551283893,-0.0593205855185803,0.0428608424223472,1.0978213574209612,1.05532060025314,0.5156724498166337
Tle3,0.0005851107704714,0.0096401527677365,0.0966610330578377,0.2285385831729736,0.605035049464882,2.0885642763219168,0.458383073682582,0.693589732777129,0.025711095804814118
Rplp1,0.1152655394141462,0.5713582599031516,0.9699293482575216,-0.0048708631284491,0.0090756358402974,0.0289849491701646,3.70672268014403,3.729050151669065,0.6442139956897439
Anp32a,0.0001712003574158,0.0024238779803224,0.0265593042074621,-29.23060131777829,-29.040794193405503,-28.78903236492885,0.5522683669593038,0.0,0.011565191172481119
Rpl4,1.5876796062554575e-05,3.175359212510915e-05,0.0007144558228149,-0.1491511291482557,-0.1120314789052257,-0.0767644453545787,2.5178702996553923,2.329264686226717,0.0011224770542497952
Snapc5,0.0027786850681888,0.009501095540355,0.1513756600246135,-28.48832532729164,-26.68538251258273,0.0,0.107919662386888,0.0,0.025587610992965797
Rab11a,0.0689678582813591,0.5626868690234494,1.0,-0.0551835537102039,0.1166391790342202,0.3980906970657243,0.5687873484666515,0.6177170213687084,0.6442139956897439
Dennd4a,0.1344451059776137,0.6784313725490196,1.0,-0.1656314763999533,-0.0180939904585718,0.1527488264414616,1.582734706700565,1.567687219768095,0.7080006145455244
Spg21,9.016783792651294e-05,0.0005866867131432,0.0067341442234306,-29.30626080759416,-29.191667190977142,-29.033170477861912,0.6132141639328661,0.0,0.005108462247016128
Plekho2,3.529139494825728e-05,3.529139494825728e-05,0.0001720247930818,-29.45888987946209,-29.25760586209301,-29.13032324726682,0.6418254960408135,0.0,0.0011224770542497952
Ppib,0.0015241724220052,0.038707628800508,0.2632684556945702,-0.1679479282778684,-0.1105701364077084,-0.0482448710563751,1.721275973154155,1.5901106229672235,0.07431167294944374
Ciao2a,0.0040046111621462,0.0226430210233521,0.1996030161831719,-1.476056485053127,-0.4393836392338516,-0.2210547272814164,0.7301208009445446,0.5370064343257874,0.050106207477428166
Rab8b,1.5876796062554575e-05,1.5876796062554575e-05,6.35071842502183e-05,0.5533836682071501,0.7395482185294034,0.9374184765405738,0.9919648729042532,1.648224470096605,0.000845836310232595
Rps27l,1.5876796062554575e-05,6.35071842502183e-05,0.0015241724220052,0.2449432278175688,0.3149568745773529,0.3812715757373072,1.642001596197275,2.03915974079386,0.001592162466320179
Lactb,6.35071842502183e-05,0.0073033261887751,0.1813447646264983,0.2271626894119252,0.4404513564276906,0.6937485202344014,0.6472363754374857,0.878518219843479,0.02414332678800386
Anxa2,0.0123997777248551,0.1813447646264983,0.7344923394458999,0.0456619160534478,0.1903465817943584,0.3673170739542112,1.0678845931509624,1.2151631719351563,0.2593595257846093
Bnip2,0.0004338587209506,0.0055091537897213,0.0761203448711755,-29.323884952439972,-29.15736365924508,-1.264894585010865,0.6063442601623835,0.0,0.019277515149254663
Gtf2a2,0.0007335473709934,0.0027786850681888,0.0298677932975399,-28.731066631247124,-27.60458277612151,0.0,0.20408328267452,0.0,0.011565191172481119
Sltm,0.1060398527294099,0.6146958150878039,1.0,-0.9532938157821856,-0.0143562353650671,0.2907811411100113,0.5165482033531208,0.5144495159862535,0.6790017938833468
Arpp19,0.1152655394141462,0.5713582599031516,1.0,-0.1750479547458375,-0.0598738160665163,0.0556742330422116,1.0582525574093784,1.0161866299173452,0.6442139956897439
Tmod3,0.0893370078442824,0.5208065412399778,1.0,-0.0209119522761106,0.1673737382814247,0.3494510659119044,0.5637331242686234,0.6358357267074726,0.6025183167113968
Eef1a1,1.5876796062554575e-05,0.0003016591251885,0.0095578312296578,-0.0815358286657696,-0.0615768193736942,-0.0417068594022498,4.03639189126617,3.867650502207488,0.003348102061336945
Cox7a2,1.5876796062554575e-05,0.0003016591251885,0.0123997777248551,-0.3799553586973453,-0.2999728175665302,-0.1982416285456672,1.5567606068413975,1.2651611389625876,0.003348102061336945
Tmem30a,0.0001720247930818,0.0009361006688602,0.0376725008873371,-28.96830532657279,-28.72496691061833,-27.759757389942106,0.443686958592921,0.0,0.006156884337472488
Senp6,0.00315340827298,0.0320895709002733,0.2961400885878283,-29.06663945134015,-28.872604253173524,-28.17478229648816,0.4914959372405425,0.0,0.06433008051597591
Phip,0.0075721656792071,0.2870251802988596,1.0,-28.5292245419392,-26.65652323010629,0.0,0.1057823152769827,0.0,0.3783136895040693
Syncrip,0.004096213384139,0.0978804477256489,0.5713582599031516,0.0816775618270372,0.2836951619077513,0.5511494109827768,0.6062341421994415,0.736477598824198,0.1566995790738688
Bcl2a1d,0.0004763038818766,0.0252441057394617,0.2379772961816305,0.0902168147505221,0.2235893173558116,0.3718352315896204,1.2705554187377774,1.4708517751703325,0.05439351802911312
Bcl2a1a,0.0201317774073192,0.1813447646264983,0.6252425180598543,0.0427511563929404,0.1829125278985331,0.3575272681627069,1.1947277632253277,1.359643696010615,0.2593595257846093
Bcl2a1b,1.5876796062554575e-05,0.0007144558228149,0.038707628800508,0.1517314718614541,0.2314460724118528,0.3177853066048673,1.93650603535338,2.27238870163019,0.005108462247016128
Ctsh,1.5876796062554575e-05,0.0001111375724378,0.0021592442645074,-0.3606999461063552,-0.2677685956667052,-0.2044197362865198,1.9172534702068276,1.59683597390388,0.0021929089524532572
Morf4l1,6.35071842502183e-05,0.0015241724220052,0.0824958323410335,-0.2136597120043152,-0.1534839476860091,-0.0963135712739514,1.6745608288175675,1.503972788975375,0.008754747793242807
Plscr1,0.0115206170324675,0.0695591562882231,0.3330507686534451,-1.3992578901107098,-0.4585672315211293,-0.1407900289361061,0.8109545792315115,0.5964561349081429,0.11886973700898429
U2surp,0.0015241724220052,0.0690958164642375,0.6784313725490196,-0.3426539665412504,-0.1835083395192208,-0.0185435129764299,0.7091132926978312,0.6250330884593556,0.11826761838175913
Atp1b3,0.1349368897356513,0.6784313725490196,1.0,-0.1124739724587576,0.0355501616138396,0.187150224923967,0.820244863437632,0.8364973889164244,0.7080006145455244
Rnf7,0.07848055211488,0.494905133185271,1.0,-28.745903264566817,-0.0948586060690861,0.3120285818771273,0.488551391189815,0.464768397008195,0.5859126882321181
Copb2,0.0009361006688602,0.0286888103198488,0.5055179696547507,-28.822901896795774,-28.442925701935323,0.0,0.3648999463689429,0.0,0.060710878641110015
Anapc13,0.0577564497082868,0.3920190369701373,0.9699865729012168,-2.076914384813692,-0.1600560582695701,0.1357313457273776,0.5434367464061916,0.4905612902337835,0.48456645463072073
Trf,0.0060874038647452,0.0253979311402768,0.1536419923548326,0.0,27.9476894034525,29.007048140209264,0.0,0.2588766132170242,0.05461452195754779
Cdv3,0.0690958164642375,0.3837421608319441,0.9699293482575216,-0.0383429451425555,0.1235100030075601,0.2616665574023284,0.8396294786006878,0.922923181754921,0.4754386887981819
Ppm1m,0.0001720247930818,0.0017888776467873,0.0298677932975399,-28.837739835379736,-28.493627233758065,-26.841625581535634,0.3779518694506405,0.0,0.00985038311447994
Twf2,0.0001720247930818,0.0027786850681888,0.0298677932975399,-28.76123203182085,-28.34157632305144,0.0,0.3401454113059825,0.0,0.011565191172481119
Rpl29,0.0015241724220052,0.0137245092828295,0.1568627450980392,-0.3226179787318761,-0.2204967539798684,-0.098774074405555,1.0696504079673623,0.9188124855874372,0.033811478938392675
Manf,0.1568627450980392,0.6784313725490196,1.0,-0.1308110351638441,0.0396283698977307,0.2017273993607174,0.8228038183953224,0.8430800463680425,0.7080006145455244
Gnai2,0.0007085020242914,0.015860919266492,0.1813447646264983,-0.1183935246034,-0.0748375069101229,-0.0278019006835736,2.17128468758944,2.0615475534466787,0.037849517308952356
Rbm5,1.5876796062554575e-05,0.0003320731849167,0.0097222837672139,0.4178976647322417,0.737276990745173,2.5175675721919406,0.3854627796770975,0.6458916400074257,0.0035921216094288717
Rhoa,0.1148309121219338,0.6238787012780821,1.0,-0.0540923428944497,0.0005937589734126,0.0592449334784235,1.629928700368695,1.6260472171442424,0.6790017938833468
Gpx1,1.5876796062554575e-05,0.0003016591251885,0.0054933714376438,-0.3100689657615695,-0.2434534217069496,-0.174110610541527,2.08582090572191,1.7600597484841076,0.003348102061336945
Impdh2,0.0001720247930818,0.0027786850681888,0.037650276439806,-28.88481647142184,-28.465977573287425,0.0,0.3707772715664755,0.0,0.011565191172481119
Arih2,0.0331803938153168,0.2013144812161835,0.7855571560139146,0.0852254891625321,0.4336294441240104,1.7521645109718256,0.441712644065656,0.5935814781817783,0.2837722318932107
Prkar2a,0.002419263668759,0.0346597113854364,0.3225593316295753,2.188115941158497,28.90592215447215,29.06818397460169,0.0,0.5051843634668578,0.068834897448616
Uqcrc1,0.0027786850681888,0.009501095540355,0.060676213535144,-28.61306117386985,-26.47230310961091,0.0,0.0931016302294247,0.0,0.025587610992965797
Shisa5,0.0002869558651326,0.0027978174746771,0.031388197388641,-29.47442436262016,-29.31007831989927,-1.5333216352815318,0.6689826041346025,0.0,0.011622122882138207
Tma7,0.2372350559657061,0.7344923394458999,1.0,-0.0824180942261774,-0.0122781880935987,0.0544156984689293,1.585935528721229,1.5726792463087913,0.741802452776878
Setd2,0.0007335473709934,0.009501095540355,0.0298677932975399,-28.578692423640355,-27.567577918366805,0.0,0.198915148826934,0.0,0.025587610992965797
Ccdc12,3.175359212510915e-05,0.0004763038818766,0.0252441057394617,-0.5100216282430027,-0.3904273079790607,-0.251484319172182,1.0170691581502451,0.7756329842345554,0.0044323300099521155
Ccrl2,3.529139494825728e-05,3.529139494825728e-05,3.529139494825728e-05,-30.283834369121603,-30.08455837191128,-29.91128594523094,1.1385562086031151,0.0,0.0011224770542497952
Pdcd6ip,0.1373958142275489,0.6689706667452711,1.0,-0.2767147835602212,0.0804683877388246,0.7371318520482297,0.4730111827026255,0.500279372528189,0.7080006145455244
Cmtm7,0.0001720247930818,0.0017888776467873,0.0480139728942661,-28.808031584231596,-28.44125560069644,-26.626062097550523,0.36447777312175,0.0,0.00985038311447994
Rps27rt,0.1813447646264983,0.6784313725490196,1.0,-0.220257406246033,-0.0325200439170297,0.1990761760265425,0.6539982217485673,0.6413113612009085,0.7080006145455244
Cmc1,0.0001720247930818,0.0007335473709934,0.0027786850681888,-29.01909244007024,-28.786665506152996,-28.32775627525879,0.4630733538544835,0.0,0.005108462247016128
Acaa1a,0.0007335473709934,0.009501095540355,0.0480139728942661,-28.76710436052206,-28.024677888197697,-26.435714538327456,0.2730666494802219,0.0,0.025587610992965797
Csrnp1,0.1211877664213197,0.6150966618402355,1.0,-0.2356543119009039,0.0579714964443413,0.5629573465086685,0.5255545383342323,0.5417334055700178,0.6790017938833468
Rpsa,0.015860919266492,0.1813447646264983,0.8506311026434865,0.0085837947507083,0.0239204517204712,0.0412228347931869,3.4944504888793286,3.554032606390274,0.2593595257846093
Eif1b,0.0006255118296727,0.022438890030895,0.3431319879068183,-28.88160015282741,-28.619700720952096,-27.65068612301552,0.4124662164100025,0.0,0.04975783002688579
Rpl14,0.1349368897356513,0.6784313725490196,1.0,-0.0434255218515734,-0.005176290825215,0.0268488754599279,2.788869619610212,2.7793427272995026,0.7080006145455244
Ctnnb1,0.2013437891236671,0.7106713660508694,1.0,-28.811156860880526,-0.5749818125574631,27.852474001824564,0.2958605113891237,0.191448410892542,0.7362375697882366
Nktr,0.0015241724220052,0.0314201794077955,0.343145193299992,-0.4106283201263089,-0.2526436820424699,-0.1139484490924325,0.9355306051890482,0.7850062964171785,0.063285824497176
Higd1a,0.0004512235205874,0.0099380693655371,0.1610992900509824,-29.468053672242227,-29.071906303646934,-0.4448420947951678,0.6482526017454768,0.0,0.026308106606160942
Lars2,0.0060874038647452,0.0634788370139077,0.4416039908528433,0.0,28.707089722959097,28.98320400583156,0.0,0.4382229931678051,0.11170388247451472
Lztfl1,0.1131408468640835,0.6133484776563917,1.0,-0.2924951652104765,-0.0282370729714854,0.293004334923917,0.5810656939666128,0.5715894295097917,0.6790017938833468
Ccr5,0.0007335473709934,0.0027786850681888,0.0298677932975399,-29.02894209595325,-28.286976849243377,0.0,0.32751431386955,0.0,0.011565191172481119
Tab2,0.2012716945903582,0.7264717268578031,1.0,-0.1917348627937548,0.0408998545499633,0.3245992556001223,0.5484462700672139,0.5650465687867319,0.741802452776878
Sf3b5,0.0007144558228149,0.0690958164642375,0.6784313725490196,-0.417480810102675,-0.2127116965384347,-0.030274372384509,0.6960925614219415,0.5993301863070105,0.11826761838175913
Abracl,0.0004763038818766,0.0123997777248551,0.2702706993728666,-0.4061689055378417,-0.2944524380271942,-0.1342984674575298,1.2682413520258025,1.033312785039875,0.03130796958728225
Tnfaip3,0.0095014686036357,0.1568627450980392,0.7920774787647853,-0.4342391014646071,-0.2418975457068298,-0.0283242417833411,0.746496726151937,0.6307229252064888,0.23021660454815537
Ifngr1,0.0573787409700722,0.2702706993728666,0.910105580693816,0.0144077233066053,0.2285666442686866,0.4354054681681957,0.8656206506723143,1.015872842996273,0.35839879300782745
Bclaf1,0.004096213384139,0.0473446058585377,0.343145193299992,-0.4199811925786022,-0.2533153139601815,-0.0995337833030271,0.8273346083909943,0.6965184658480471,0.08743386684626628
Rps12,0.0095578312296578,0.0573787409700722,0.3837421608319441,0.0103215298346788,0.0298032264440688,0.0479708060086269,3.67286766972977,3.749274769451865,0.10246461361949206
Stx7,0.0002219962051443,0.0002462939704825,0.0017519219857639,-0.9731230210590996,-0.7343112793066406,-0.549994990752752,0.8858490308448832,0.534709313262306,0.0029219014710520916
Epb41l2,0.1813447646264983,0.6784313725490196,1.0,-0.2729747119501391,-0.021664728186708,0.212001914852369,0.6688011558635953,0.656364733862606,0.7080006145455244
Hint3,0.0007335473709934,0.009501095540355,0.1223341709161366,-28.80031324129767,-27.12357999780225,0.0,0.1462214769026232,0.0,0.025587610992965797
Rwdd1,0.0003005389112932,0.0059733731716288,0.1375241764214795,-1.461817613532569,-0.4120960484787614,-0.1865933794521175,0.6592447112880064,0.4992929185267685,0.020697980859741418
Marcks,1.5876796062554575e-05,1.5876796062554575e-05,0.0015241724220052,0.9396583583255474,1.081185439869491,1.2825119780390908,0.9459320363111025,2.004726820719155,0.000845836310232595
Fyn,0.015860919266492,0.1894959005389581,0.7344923394458999,0.0014621321904401,0.1850849676886466,0.3841773850177503,0.646208593827763,0.738687480294244,0.2699303235618447
Cd164,0.038707628800508,0.2379772961816305,0.910105580693816,0.0165055284778289,0.1989075312748658,0.3280482896289655,0.8645715281095808,0.9934504018092136,0.3215787052397302
Snx3,0.1349368897356513,0.6475422039548959,1.0,-0.1393034780998355,-0.0315226536191614,0.0813904209753228,1.0355020464926876,1.01262060439345,0.7022455148233502
Lilr4b,0.0474424416551647,0.4177118661563722,1.0,-0.457052006167633,-0.1218091626291628,0.3164951126297269,0.6215252726313795,0.5712335276830062,0.5124605565798671
Lilrb4a,0.038707628800508,0.2379772961816305,0.910105580693816,-0.4543627770799796,-0.2105666167065633,0.0639279616815271,0.9969970007933112,0.8649284239915097,0.3215787052397302
Man1a,0.0185720504973171,0.1349368897356513,0.5355907421501774,0.0871824331999536,0.3306526721131886,0.849656340068744,0.5168542228728612,0.6476080246552575,0.20480805699905477
Serinc1,6.35071842502183e-05,0.0029639058244674,0.0824958323410335,0.2551761001783156,0.4888473987103517,0.7787251551070301,0.5437365397918454,0.7631678442738725,0.011822842105853135
Pkib,0.0021592442645074,0.0314201794077955,0.1349368897356513,0.2502799592313328,0.3681877968530413,0.5125326246841402,1.06343817894946,1.372827935767825,0.063285824497176
Lims1,3.529139494825728e-05,0.0003565717551321,0.0061245229101067,-29.055418276515937,-28.865660858104004,-28.58704663253573,0.4891361513236365,0.0,0.0037247765205220837
Ranbp2,0.0824958323410335,0.6238787012780821,1.0,-0.172265136528318,0.0033520511687161,0.1693555701045216,0.8584881347186266,0.8613968107676879,0.6790017938833468
Sowahc,0.0246637587729408,0.222280022317415,0.8420478676208448,-29.1653976647404,-28.860691773343344,-0.5922501893146263,0.5100029601057507,0.0,0.3067867406466395
Psap,0.0573787409700722,0.3053901722632373,0.7344923394458999,-0.0005014966448751,0.1004959836525882,0.1866997703744256,1.8271690808863936,1.9599712560744749,0.3937002160271982
Ppa1,0.0027786850681888,0.009501095540355,0.088567502575371,-28.49402297150412,-26.760082187082823,0.0,0.1136547054878365,0.0,0.025587610992965797
Sar1a,0.0201317774073192,0.343145193299992,0.9699293482575216,-0.0588863236544526,0.1250667469220767,0.3137077932770432,0.6098274856283925,0.6628589928266915,0.4339717548500196
Srgn,6.35071842502183e-05,0.0123997777248551,0.0314201794077955,0.1172018099053286,0.154338938252578,0.1929275329288394,2.715080084854885,3.02390066533249,0.03130796958728225
Ddx21,0.2166564409559647,0.7344923394458999,1.0,-0.2505523376104988,0.0003517303806118,0.2754465879300126,0.7204021900780258,0.72116336729417,0.741802452776878
Ddx50,0.0094721215912894,0.1952934036764259,0.9638969075506822,-28.760390801853514,-28.169506473389795,0.0,0.3022506608217562,0.0,0.2776319167674874
Ccar1,0.0553680807158474,0.3330233645922859,0.968815717976914,-0.8594755297444965,0.3031886940989576,1.5749836094871226,0.4235591580900515,0.5385054614456173,0.42777142251124844
Reep3,0.1871859634237624,0.7039203384624914,1.0,-28.47322749436046,0.0,28.681992061831057,0.1798819407694495,0.178584245146913,0.7299534020747295
Jmjd1c,0.0001808387981124,0.0005414641473833,0.0048002571556635,-29.600475746070668,-0.917382908608632,-0.5680235118026717,0.788118120318489,0.4193440567500109,0.004889237703702594
Specc1l,0.0001529566816353,0.0005220615189682,0.0027978174746771,29.265431494222533,29.39651629444584,29.50858076313488,0.0,0.70669687689007,0.004754329474022368
Snrpd3,0.0015126617448598,0.038707628800508,0.4738715567198528,-0.3882710822112853,-0.2351203657888597,-0.074448068570854,0.8123832947245055,0.6913575721725997,0.07431167294944374
Ddt,0.0057852199149455,0.0488002359715315,0.2913263300253589,-1.7782210277387869,-0.3375620036476733,-0.1128407703643595,0.604357085336378,0.478774640499043,0.0894181451894528
Mif,0.1568627450980392,0.6238787012780821,1.0,-0.0728415405802759,0.0434723024281547,0.1604335965615311,1.28446210801528,1.32624452329014,0.6790017938833468
Itgb2,0.0009519891212521,0.0086898520019626,0.0534937439059639,-29.65415488347291,-1.0667844026571889,-0.4997026609529013,0.7804656873215142,0.396258288760538,0.025587610992965797
Rrp1,0.0040114305565442,0.0534444192530722,0.4026185678761239,-29.142282811858028,-28.763311498950216,-0.1295337251986098,0.5355677015228746,0.0,0.0972588022444892
Cstb,0.0021592442645074,0.038707628800508,0.2379772961816305,0.088388608674815,0.2179314541648896,0.3910463215056208,1.0255710404035097,1.1961518807792348,0.07431167294944374
Bsg,0.1568627450980392,0.7344923394458999,1.0,-0.2017984219930081,-0.0443991407830958,0.1051453431974848,0.7795480499310745,0.7584007835822902,0.741802452776878
Ptbp1,0.0007335473709934,0.0298677932975399,0.5055179696547507,-28.71296441919471,-27.672138520900702,0.0,0.2138669800462165,0.0,0.06227814825543789
Cnn2,0.0573787409700722,0.5208065412399778,1.0,-0.1468498729319064,0.1059171394367406,0.3094204212502084,0.7048655567018924,0.7550960039667847,0.6025183167113968
Polr2e,0.1168599546790986,0.6502687105748859,1.0,-28.73851039281244,-0.5605938370113981,2.103597481906595,0.3824622233585802,0.2287377554875425,0.7044853188790451
Gpx4,1.5876796062554575e-05,0.0001905215527506,0.004096213384139,0.2703211834888971,0.367147341415989,0.4644391793554256,1.1169226785200674,1.4392633421854764,0.0025696292969084092
Sbno2,0.1022478165299936,0.494905133185271,1.0,-1.16050882889915,1.0629299826572711,28.923199950568065,0.2187735071744667,0.466673264574311,0.5859126882321181
Atp5d,0.0314201794077955,0.2379772961816305,0.9116011748829072,-0.0108352805896569,0.0676352677427995,0.1245974664482246,1.44185878508071,1.511024397566735,0.3215787052397302
Cirbp,0.009501095540355,0.1223341709161366,0.5681936364839564,-28.2027206978316,-26.51719768335004,0.0,0.0960443671183395,0.0,0.190148882729604
Ndufs7,3.529139494825728e-05,6.034243330066384e-05,0.0007335473709934,-29.365888124367626,-29.20221264796964,-29.02398099507783,0.617649289385433,0.0,0.001592162466320179
Rps15,0.0007144558228149,0.038707628800508,0.4268635389378423,-0.1060700657112025,-0.0730255921052165,-0.0192862161436565,2.9008349211380704,2.7573061565740424,0.07431167294944374
Uqcr11,0.0690958164642375,0.5208065412399778,1.0,-0.1562335246743846,-0.0361730315455874,0.0916448662846036,1.13331562414154,1.1067850594705702,0.6025183167113968
Plekhj1,3.529139494825728e-05,9.016783792651294e-05,0.0011483811028681,-29.27994983242906,-29.16730116700588,-28.993007153027037,0.602882313183866,0.0,0.002134974029126657
Oaz1,0.0252441057394617,0.343145193299992,0.9699293482575216,-0.004209940350913,0.027240260432619,0.0541417741561781,2.311812019588385,2.3562328119952074,0.4339717548500196
Timm13,0.0252441057394617,0.3053901722632373,0.9699293482575216,-0.1808914651717712,-0.0708228460372543,0.0706290481719658,0.8184949546058865,0.7770754782709315,0.3937002160271982
Gadd45b,3.175359212510915e-05,0.0003016591251885,0.0054933714376438,0.5324064145336465,0.8110633501218664,1.0823572886321664,0.937384884371336,1.6350896286290777,0.003348102061336945
Map2k2,3.529139494825728e-05,0.0007335473709934,0.0102224535836243,-29.10107430617778,-28.91827711013257,-28.4478809507858,0.5073046372664627,0.0,0.005108462247016128
Eef2,0.0573787409700722,0.4726680955783123,1.0,-0.0856013954143594,-0.0360620423359247,0.0248528478365836,1.830962324718651,1.7840708716921014,0.5617711721569345
Mrpl54,0.0697012614538326,0.4268635389378423,0.9699293482575216,-0.0383070756230519,0.1498695317931882,0.3628368882857358,0.61985866346425,0.6886513613770878,0.5156724498166337
Pip5k1c,0.0007335473709934,0.0027786850681888,0.060676213535144,-28.813637556593868,-28.429168562136187,-26.513443312601897,0.361436899240298,0.0,0.011565191172481119
Tle5,0.0824958323410335,0.6238787012780821,1.0,-0.1282229713636904,-0.0360847028722669,0.0390038831086606,1.0223675560349428,0.9973188066342658,0.6790017938833468
Txnrd1,3.175359212510915e-05,0.0004763038818766,0.0029848376597602,0.492734991249028,0.6483992132289107,0.8261704077743542,1.0617812280722414,1.663406556309495,0.0044323300099521155
Rtcb,0.0012730863420067,0.0098787108853839,0.0759886785541828,-29.10733233111496,-28.896884702502504,-27.553727681894603,0.4998377763813515,0.0,0.02618349862780235
Hsp90b1,0.1349368897356513,0.6784313725490196,1.0,-0.1503382248629963,-0.0407224918943515,0.0714927467129857,1.51102808145201,1.46299043202468,0.7080006145455244
Arl1,8.600635107884218e-05,0.0011483811028681,0.0134645749923361,-29.111914096618147,-28.95752298717805,-28.71159683631084,0.521294387233474,0.0,0.0070728327462772295
Slc25a3,0.0015241724220052,0.0473446058585377,0.343145193299992,0.0473718597752939,0.1047922643016593,0.1556717580863174,1.74652649629858,1.87743282527212,0.08743386684626628
Tmpo,0.0001720247930818,0.0027786850681888,0.0298677932975399,-28.944172452274195,-28.351230820779893,0.0,0.3424292777101955,0.0,0.011565191172481119
Snrpf,0.0252441057394617,0.223132491863142,0.8521179645947434,-0.2521205015467622,-0.1250075056150656,-0.0096675171767067,1.214195530503965,1.11707109351205,0.3071675324033305
Metap2,0.0201296701853516,0.2013144812161835,0.8464825110542755,-2.1648851271016967,-0.2601830688083387,0.0517117742441584,0.5863063621587561,0.4936540060912365,0.2837722318932107
Ndufa12,0.0104036295730496,0.1403889715411655,0.7675494509693419,-28.889272424071866,-28.602735754606616,-0.8623022778751007,0.4109618244259627,0.0,0.21083079517563333
Cep83,3.529139494825728e-05,0.0013981399053915,0.0252225734369385,-29.20052353530114,-28.95003988573877,-28.64102566625092,0.518597486064044,0.0,0.008369202635924961
Plxnc1,0.0027786850681888,0.0516126376600038,0.3887558059849098,-28.90746086824537,-28.58704663253573,0.0,0.4032352802033722,0.0,0.09408599730835593
Mrpl42,0.0001720247930818,0.0027786850681888,0.009501095540355,-28.821317026890828,-28.426031934188217,-26.16300429074014,0.3606520322370943,0.0,0.011565191172481119
Ube2n,0.2023096785372357,0.6784313725490196,1.0,-0.0921477953356738,0.031659008842199,0.165956136474901,0.7366199600568701,0.752590688425974,0.7080006145455244
Btg1,0.1349368897356513,0.5208065412399778,0.9699293482575216,-0.0975049137483903,-0.0424469860012272,0.0194365929097949,2.6637088204314985,2.582607280227955,0.6025183167113968
Atp2b1,0.0571278875922839,0.4726680955783123,1.0,-0.0834822465334403,0.063418433407644,0.2171559756804253,1.0236440828382738,1.066797396901299,0.5617711721569345
Ccdc59,0.0027786850681888,0.0516126376600038,0.4591881861735847,-28.86696667994344,-28.457477083782152,-25.896199103839407,0.3685996313796927,0.0,0.09408599730835593
Ppp1r12a,0.153325484784698,0.6985956961394035,1.0,-0.1712909370936874,0.0173074620918907,0.2378751396645151,0.566327819007288,0.578283839837529,0.726198745596619
Nap1l1,1.5876796062554575e-05,1.5876796062554575e-05,0.0015241724220052,-0.3836664576713575,-0.3106347669712995,-0.2403557271043102,1.8691751602334128,1.506476785984735,0.000845836310232595
Atxn7l3b,0.0010637453361911,0.0306907450326825,0.3964205996914656,0.1342730012490348,0.3355285883289322,0.5995348338186323,0.522008740574158,0.6564180258152338,0.063285824497176
Tbc1d15,0.1410819882966489,0.6646080249871684,1.0,-0.1372945665286275,0.1965216863142436,1.372665313558436,0.4792728419037325,0.5457630232652313,0.7080006145455244
Rab21,0.0029848376597602,0.0314201794077955,0.2082876875446535,0.2092963775572582,0.3720232541740025,0.5575048249525433,0.7678871963639391,0.9911159535385649,0.063285824497176
Cct2,0.0007144558228149,0.0824958323410335,0.4268635389378423,-0.3500525926409812,-0.2414603284374119,-0.1191444208702584,1.20615744545882,1.02020972890804,0.1355424970846125
Yeats4,0.0043301548780033,0.1165400811894109,0.7566295529901705,-28.68984755733253,-27.25201737742429,0.0,0.159836024926348,0.0,0.18193913041365173
Lyz2,0.004096213384139,0.0573787409700722,0.3063340477891553,-0.8093531341273681,-0.4641512856239103,-0.1377386621225042,1.2009862471391677,0.8781773753358075,0.10246461361949206
Rap1b,0.0010637453361911,0.0690958164642375,0.4726680955783123,0.0375069638560051,0.1222650895204768,0.1997929213585974,1.54968092523902,1.6870941368908476,0.11826761838175913
Tmbim4,0.0001720247930818,0.0027786850681888,0.0416622142499834,-29.069862315403448,-28.885582385013496,-28.292752986773493,0.4959372611083227,0.0,0.011565191172481119
Llph,0.0201317774073192,0.3053901722632373,0.9699293482575216,-0.0383915997259963,0.0833751761622454,0.2189781035447482,0.796353706446411,0.8443023071963318,0.3937002160271982
Gns,3.529139494825728e-05,0.0001720247930818,0.0007335473709934,-29.07267189648671,-28.908262671884728,-28.66275564193406,0.5037953862386085,0.0,0.0025457280142869155
Rassf3,0.0391337507464124,0.4416039908528433,1.0,-28.84611113344388,-28.084945100899624,1.0723469917881885,0.3398839051608502,0.0,0.5316712454844119
Usp15,0.0007335473709934,0.0174080378282394,0.1991048209933474,-28.78506672771851,-27.632194916667824,0.0,0.2080269079336097,0.0,0.0408552077224429
Dctn2,0.0001720247930818,0.0024238779803224,0.0292545655864068,-28.97884898985525,-28.67048047345672,-27.58277308919737,0.4272426612645147,0.0,0.011565191172481119
R3hdm2,0.0019929015570309,0.0098787108853839,0.0695869155788162,-29.03901453908669,-28.808191993602527,-28.55945816237677,0.4700349015848059,0.0,0.02618349862780235
Naca,0.0021592442645074,0.1152655394141462,0.7359319679288707,-0.110537578877039,-0.0666957296927207,-0.0067878960307503,2.515369938327865,2.3983379404389518,0.1803457154857163
Ptges3,0.0157743907279511,0.343145193299992,0.9699293482575216,-0.0658565013079039,0.0698436274139807,0.1815156252755292,1.1375427167278525,1.1958478008076252,0.4339717548500196
Atp5b,0.0001111375724378,0.0201317774073192,0.4268635389378423,-0.2083421524698907,-0.1349255581959619,-0.0625410979415228,1.5380429508539577,1.400233129637275,0.04554226927282082
Cs,0.0001720247930818,0.0024238779803224,0.0265593042074621,-29.21823136171966,-28.957027870721895,-28.501934302764443,0.521115479082386,0.0,0.011565191172481119
Myl6,3.175359212510915e-05,0.0054933714376438,0.038707628800508,0.073916620940666,0.1083448520337659,0.156662766583348,2.285046636724215,2.4624832652284576,0.019253905482925885
Rpl41,0.0010637453361911,0.0201317774073192,0.1349368897356513,0.0169015937564711,0.0308788128180243,0.0527003023842301,3.786475774957574,3.86645796357898,0.04554226927282082
Pa2g4,3.529139494825728e-05,0.0001720247930818,0.0027786850681888,-29.256435188409835,-29.050091767801145,-28.80923640827348,0.5558389778350485,0.0,0.0025457280142869155
Rps26,0.1568627450980392,0.6784313725490196,1.0,-0.0254333955412295,-0.0034886457266298,0.0173750017930308,3.421439706815325,3.4129984802972704,0.7080006145455244
Sarnp,0.0978804477256489,0.6238787012780821,1.0,-0.1480101687829294,0.0255486379795136,0.2001669784431737,0.658445439069012,0.6700303430987525,0.6790017938833468
Uqcr10,0.1349368897356513,0.6784313725490196,1.0,-0.0611004492501739,0.0073830851955326,0.1001446215142604,1.28805854724395,1.2934835622252887,0.7080006145455244
Ewsr1,0.0974958323410336,0.6238787012780821,1.0,-0.1628992306393457,0.008192572668492,0.1508949446556389,0.6628503921784767,0.6674951935182315,0.6790017938833468
Xbp1,0.0103880983790257,0.1593172111499421,0.7270561388528507,-0.033489503323424,1.2668563520204414,29.06673961476636,0.2037144151513022,0.5245326956184642,0.23365793321440234
Mrps24,0.0003164457252413,0.0017100293456709,0.0147146486251869,-1.6168285924282673,-0.5425354976421978,-0.3320746675743861,0.7285034622804457,0.4943011390028762,0.009589664567433388
Dbnl,0.0001529566816353,0.0004045515741784,0.0048816207969401,-29.689714646180374,-29.30858115844908,-0.7685022959799219,0.8040540521614605,0.0,0.004184948565894031
Zmiz2,0.0046881120102014,0.0814252386094282,0.6158964889935725,-0.4229277373398116,-0.2204101895732066,0.0207556982101461,0.7151408524448195,0.6154476869861281,0.1355424970846125
Ppia,0.0054933714376438,0.2082876875446535,0.9699293482575216,-0.0585817170486501,-0.0282750198299395,0.0105398989738748,3.1315364595187223,3.072031914898494,0.28859626928326176
H2afv,0.0320895709002733,0.395707125195179,1.0,-29.06994663466072,-0.573464281510558,0.6913279836857894,0.5071955236344475,0.335565826319828,0.4882162468825922
Purb,0.0021592442645074,0.0978804477256489,0.5726712709375237,0.0995546075509001,0.2889251469684336,0.4614947893445086,0.8519530329950118,1.034285143750205,0.1566995790738688
Myo1g,1.5876796062554575e-05,0.0001111375724378,0.0201317774073192,0.3163950288811899,0.5466171583705481,0.7697286956160744,0.676571768773031,0.9879156401110412,0.0021929089524532572
Snhg15,0.0001111375724378,0.0073033261887751,0.0690958164642375,0.2799668633805116,0.4596407849671953,0.6154480954043792,0.7915562751461893,1.0896101274239611,0.02414332678800386
Ramp3,0.0001808387981124,0.0002040915427345,0.0002219962051443,30.447914134398733,30.535832725668914,30.6135682989272,0.0,1.5566880557850165,0.002701360730231177
Sec61g,0.0252441057394617,0.343145193299992,0.9699293482575216,-0.1113041088620993,-0.0486331232105438,0.022827951877872,1.88251367359204,1.820952931861695,0.4339717548500196
Plek,1.5876796062554575e-05,3.175359212510915e-05,0.004096213384139,0.3164788715421212,0.4169916085730604,0.5110377882979183,1.5244601264673912,2.041735404361085,0.0011224770542497952
C1d,0.0001720247930818,0.0007335473709934,0.022508482116046,-29.00425224205956,-28.82728002194651,-28.33566545622126,0.476294952463041,0.0,0.005108462247016128
Actr2,0.1813447646264983,0.6784313725490196,1.0,-0.0752822363963603,-0.0016780134105722,0.0827441967023778,1.3957324155909676,1.395010539427195,0.7080006145455244
Rab1a,0.0385848971333692,0.343145193299992,0.9699293482575216,-0.3080229728498728,-0.1002086956037222,0.1310810454086916,0.6174316820592982,0.5751467988210766,0.4339717548500196
Aftph,0.0419988030552129,0.2939626650378599,0.9071710289327192,-0.0453502069341167,0.3506481167642388,1.5116316748331335,0.4277253790682305,0.54931335637582,0.38597316031773227
Peli1,0.0075721656792071,0.0328859991554654,0.1387913463449478,-29.159928603341196,-28.90582507218741,-28.63742674889176,0.502944884527988,0.0,0.06574114840553168
Mdh1,0.0385848971333692,0.3713264582342768,0.969182212422568,-0.4405791704401846,-0.1495149229339589,0.1419808280077965,0.6023025527981385,0.535282324338366,0.46601689193006113
Commd1,0.0007335473709934,0.009501095540355,0.1165400811894109,-28.975993467459087,-28.51023640946426,0.0,0.3823283089585557,0.0,0.025587610992965797
Cct4,0.0690958164642375,0.5713582599031516,1.0,-0.2061928948663293,-0.067356449141693,0.1248163118967087,0.7531267608238366,0.717176050574564,0.6442139956897439
Usp34,0.0202098651191521,0.1905325723446617,0.8052484035396734,-28.886215185719006,-28.674178492496186,-26.68538251258273,0.4312333003554027,0.0,0.2710446673340948
Rel,1.5876796062554575e-05,3.175359212510915e-05,0.0001905215527506,0.2765259723670795,0.3318039858626831,0.3867702359040372,2.135447957729995,2.689305774031798,0.0011224770542497952
Ppp4r3b,0.0246637587729408,0.291183571126642,0.9677512981486178,-1.070800133135481,0.941371541784203,28.938277283636307,0.2311109605405232,0.478239503770312,0.38279592231392606
Ccdc88a,0.1503886102513491,0.615497508592667,1.0,-0.5066767130547889,-0.1240833165848753,0.2055490180539162,0.6515182845273202,0.6031967288246415,0.6790017938833468
Rps27a,0.1349368897356513,0.6238787012780821,1.0,-0.0068946535986721,0.0072336837106915,0.0255987485476737,4.001817383747087,4.01912413641375,0.6790017938833468
Rtn4,0.0688028895768834,0.5713582599031516,1.0,-0.2196600384228604,-0.0291055984849442,0.1425624020769535,0.8396198830738465,0.8264443492868537,0.6442139956897439
Npm1,0.0029848376597602,0.0690958164642375,0.343145193299992,-0.1295603390587186,-0.0782873744370084,-0.0318811782742224,2.24873377147025,2.1306128543011025,0.11826761838175913
Lcp2,0.0007335473709934,0.009501095540355,0.088567502575371,-28.83751192586616,-27.765618137545207,0.0,0.2281833257542627,0.0,0.025587610992965797
Dock2,0.0004037970002509,0.0094769206997081,0.1412657779261634,-29.27408727523197,-0.5517000923219212,-0.3014649020405589,0.679084967445859,0.4669092144237237,0.025587610992965797
Clint1,0.0096401527677365,0.2028472404323827,0.9115824964870334,-0.3997533734427659,-0.1429407115719234,0.0514219021035326,0.6294076749986712,0.5722317104591915,0.28532506228475746
Cyfip2,0.0007335473709934,0.0027786850681888,0.0298677932975399,-28.84079206364569,-28.12120168686621,0.0,0.2919613767299642,0.0,0.011565191172481119
Havcr2,0.0007144558228149,0.0054933714376438,0.0252441057394617,0.3319245589876859,0.5426508847295656,0.7141269351505557,0.9888131601652324,1.4383544760443976,0.019253905482925885
Timd4,0.0660957349173372,0.5136893790987446,1.0,-29.17340131292445,-27.667595906748307,0.634126358155665,0.41287425735053,0.0,0.6025183167113968
Rack1,0.1807327141382869,0.6784313725490196,1.0,-0.0248618207717614,0.0070415743255504,0.0384347751643974,2.9790722986331,2.9924782715276947,0.7080006145455244
Rnf130,0.0021592442645074,0.022796347982707,0.122681892061482,-1.151838279943427,-0.5046856119769543,-0.2735546235987408,0.7185276241339553,0.5145561822510221,0.05039317173355665
Sqstm1,1.5876796062554575e-05,0.0001111375724378,0.0015241724220052,0.3123142535741569,0.4405392330207091,0.5760375812289854,1.0188841122317205,1.38512122361346,0.0021929089524532572
Canx,0.0015241724220052,0.0473446058585377,0.5208065412399778,0.0174390156625829,0.1912976769638389,0.3408757868530236,0.9232777210654136,1.052906272261965,0.08743386684626628
Hnrnph1,0.1323180178891167,0.6712057066317096,1.0,-0.1820768628408243,-0.0264955732326018,0.1405162682419869,0.6247924182291575,0.6159264623149996,0.7080006145455244
Hnrnpab,0.0251162975311582,0.343145193299992,0.9699293482575216,-0.2075896566843711,-0.0803704259073426,0.0506121017828046,1.185970027105805,1.1268774889160849,0.4339717548500196
Nhp2,0.0027631497736189,0.0440591665839547,0.2782729813185302,-0.7665895458536774,-0.3736092400492292,-0.1463266125945168,0.6520766775209066,0.5016626636624095,0.08316216473906773
Sar1b,0.0007335473709934,0.0027786850681888,0.0298677932975399,-28.769086471885103,-28.017437507510486,0.0,0.2716996567801485,0.0,0.011565191172481119
Ube2b,0.2076141144716996,0.7344923394458999,1.0,-0.1631144313927486,0.0111317784886185,0.1669807763514639,0.8623755025871053,0.8711915221439355,0.741802452776878
Ppp2ca,1.5876796062554575e-05,0.0001905215527506,0.004096213384139,0.1771424490748901,0.2816899260321586,0.3648088817425071,1.19216037766168,1.4520141584531223,0.0025696292969084092
Skp1a,0.0004338587209506,0.0051351318928053,0.0636368618642698,-29.248115851369207,-29.12759411345259,-1.2568617250892284,0.5971962847986972,0.0,0.018453568403993415
Vdac1,0.0057852199149455,0.0677220065521783,0.3330233645922859,-1.5333928556825571,-0.2839488352768606,-0.0606242558770408,0.6091712953932344,0.5025728437475658,0.11819459128803601
Hspa4,0.1568627450980392,0.6784313725490196,1.0,-0.2275469778400854,-0.0457682374942303,0.1599719414278396,0.8099790484396165,0.7865679144401924,0.7080006145455244
Aff4,0.0157743907279511,0.2082876875446535,0.910105580693816,0.0049697531395265,0.185898605214935,0.3199206296328456,0.6574034718270849,0.7465965140759208,0.28859626928326176
Uqcrq,0.1813447646264983,0.7033937298273569,1.0,-0.0714241738130805,-0.0004150023014484,0.063227973048007,1.3320169358636675,1.332077656356205,0.7299534020747295
Irf1,0.0002345546750104,0.0007549992228802,0.0047032888980492,-1.9478647335549175,-1.022019491451823,-0.7546917538161598,1.1636047876508524,0.5734275566458756,0.005190010786960343
Cdc42se2,0.0003646347639552,0.0076818062802948,0.2013400470565268,-1.571100693413184,-0.4209933707795414,-0.1519570961604856,0.6333302505203925,0.4780259004122822,0.025101967818363515
Hint1,3.175359212510915e-05,0.0029848376597602,0.0690958164642375,-0.2379297360763448,-0.1630010052036294,-0.0847977757909805,1.8957524026603207,1.6946205091558926,0.011822842105853135
Anxa6,0.0286888103198488,0.2827434525570701,0.9242203280316528,-28.59452525229326,-26.65652323010629,0.0,0.1057823152769827,0.0,0.37331245192014645
Gm2a,0.0029848376597602,0.0314201794077955,0.1820183376994516,0.043777105761406,0.1064818887432521,0.1779339826220692,2.070689934485657,2.230955867979019,0.063285824497176
Atox1,0.0007144558228149,0.004096213384139,0.0314201794077955,0.090238269525472,0.1303073329274851,0.1805422153907638,2.600969861601,2.8453619796022203,0.015154567225000363
G3bp1,0.0021592442645074,0.0824958323410335,0.6784313725490196,0.0469044723532347,0.223479804410337,0.3515326074905358,0.8540721497346895,0.9989924152545672,0.1355424970846125
Larp1,0.0009328838390256,0.0134733445921782,0.1404221968064083,-29.247076034592663,-28.98613703843607,-0.5064112784583343,0.5449738469306225,0.0,0.0332696376893763
Arf1,0.0015241724220052,0.0573787409700722,0.6238787012780821,-0.2226151665651154,-0.1332907059166795,-0.0343485290132845,1.2621211490599902,1.1488086581310162,0.10246461361949206
Nlrp3,0.0189954919346161,0.0946475624588327,0.5598677791524032,-1.4178650913646744,-0.3742994017081972,-0.040016749030098,0.7211890684511877,0.5575258038606645,0.1543182521803921
Flii,0.0027786850681888,0.009501095540355,0.088567502575371,-28.619700720952096,-27.357875543967467,0.0,0.172042960217554,0.0,0.025587610992965797
Map2k3,0.0253979311402768,0.1275314931099083,0.4860255962779837,0.0,27.746932781438183,28.884371743892967,0.0,0.225247019454936,0.19736355251794813
Specc1,0.0001720247930818,0.0133949167537699,0.3519631185845171,-28.886246344940695,-28.041373561814403,0.0,0.2762462229493672,0.0,0.03311434756645436
Ncor1,1.5876796062554575e-05,0.0010637453361911,0.0828804477256486,-0.5138281184686823,-0.3457965787092462,-0.1854484198093963,0.8707408943484675,0.6872010384907916,0.006726532081374582
Ubb,0.0001099468127331,0.004096213384139,0.0573787409700722,-0.1481383110901919,-0.0960227358687301,-0.043852322431403,2.491847528225729,2.3351478421494427,0.015154567225000363
2410006H16Rik,1.5876796062554575e-05,0.0029848376597602,0.038707628800508,-0.7497889561049047,-0.5734992955993029,-0.3723727166854734,1.00221593559665,0.6753777491223494,0.011822842105853135
Stx8,0.0007335473709934,0.009501095540355,0.1223341709161366,-28.59505063776397,-27.263459087461595,0.0,0.161108690682276,0.0,0.025587610992965797
Pik3r5,0.0002219962051443,0.001641642300541,0.0147089871357653,1.2516485801903197,29.357128723418363,29.514659473899894,0.0,0.7235040931464094,0.00927941576247446
Ndel1,0.0226430210233521,0.1813447646264983,0.7920774787647853,-0.4794740139228478,-0.2629734770991537,-0.0401123629922697,0.6765580647076219,0.5667932158520672,0.2593595257846093
Rpl26,0.2379772961816305,0.6784313725490196,1.0,-0.0106791506117541,0.0087984395915885,0.0263320845543818,3.608448295037421,3.632582909991175,0.7080006145455244
Trappc1,0.0007335473709934,0.009501095540355,0.0298677932975399,-28.694526869529327,-27.90219230952304,0.0,0.2508400208602527,0.0,0.025587610992965797
Kdm6b,0.004096213384139,0.038707628800508,0.2082876875446535,0.1668418263112658,0.3145412529067934,0.4842139661903588,1.263121502829855,1.567221932888915,0.07431167294944374
Trp53,0.0027786850681888,0.0174080378282394,0.1223341709161366,-28.563511867285285,-26.435714538327456,0.0,0.0907701447609815,0.0,0.0408552077224429
Cd68,0.0036795952539845,0.0488002359715315,0.3345846158099504,-1.3189538970498922,-0.3982967695037277,-0.1216416295421751,0.70060157367562,0.5351580564799925,0.0894181451894528
Eif4a1,0.038707628800508,0.3053901722632373,0.910105580693816,-0.0136450981691821,0.0449876145140091,0.092711236787861,1.76579653556015,1.82578459391917,0.3937002160271982
Polr2a,0.2315821251411734,0.7544711696412055,1.0,-27.39362986332522,0.3632368085906402,28.85943500807627,0.320938556628267,0.4672453423466262,0.7605383455560117
Tmem256,0.0029848376597602,0.1349368897356513,0.910105580693816,-0.2143863168216273,-0.134338159044854,0.008826379619628,1.05634427991545,0.9585711318193648,0.20480805699905477
Eif5a,0.015860919266492,0.1568627450980392,0.6238787012780821,0.0530336644192665,0.110962802061041,0.182975680030832,1.8281725852026225,1.97245439130802,0.23021660454815537
Ctdnep1,0.009501095540355,0.2344447180424608,0.9242203280316528,-28.48921390003834,-26.831930647088647,0.0,0.1195085910398342,0.0,0.3212872631179961
Gabarap,0.1568627450980392,0.7064618559974598,1.0,-0.0304781122155094,0.0169613938526513,0.0582063676180951,1.8551389200300172,1.8774877921918287,0.732232594907873
Mgl2,0.0060874038647452,0.0127916359464683,0.0480139728942661,0.0,29.039834152314423,29.46262883325294,0.0,0.5519009583108878,0.03218297072246039
0610010K14Rik,0.0007335473709934,0.009501095540355,0.088567502575371,-28.47748263156764,-26.68538251258273,0.0,0.107919662386888,0.0,0.025587610992965797
Rnasek,3.175359212510915e-05,0.0029848376597602,0.0824958323410335,-0.4154831482447715,-0.2805254077921442,-0.1777428671414229,1.1298057151330525,0.9323648759170752,0.011822842105853135
Arrb2,0.0001762973367313,0.0011483811028681,0.0100012950659087,-29.292349813132997,-29.17826719291189,-29.03570957394605,0.6074823241738077,0.0,0.0070728327462772295
Cxcl16,0.0021592442645074,0.1152655394141462,0.6784313725490196,-0.007978197121646,0.0912842616134187,0.2541961264142556,1.7672653828623577,1.885358327127255,0.1803457154857163
Psmb6,0.1349368897356513,0.6238787012780821,1.0,-0.1873190114091616,-0.0579640922247594,0.0937159711360772,0.8872058189867782,0.8517503143706949,0.6790017938833468
Slc25a11,0.0001720247930818,0.0007335473709934,0.0102224535836243,-29.066979268159443,-28.72368872362963,-27.42795087879384,0.4432940528173578,0.0,0.005108462247016128
Pfn1,3.175359212510915e-05,0.0003016591251885,0.0021592442645074,-0.1794403216772985,-0.1447404522617186,-0.1178188304535078,3.119078310265817,2.822761186539585,0.003348102061336945
Scimp,0.0001720247930818,0.0001720247930818,0.0027786850681888,-29.245440117236804,-29.036510445913155,-28.7143748621313,0.5506309426046335,0.0,0.0025457280142869155
C1qbp,0.0001720247930818,0.0003565717551321,0.0017888776467873,-29.357673031937725,-29.23244116180529,-29.062829369000838,0.63072730925191,0.0,0.0037247765205220837
Txndc17,0.0004763038818766,0.0201317774073192,0.3053901722632373,0.1055734470688787,0.2368704483308568,0.3589652549190046,0.849138871302876,1.0004098182727037,0.04554226927282082
Xaf1,0.0027786850681888,0.009501095540355,0.0298677932975399,-28.33401917296007,-26.996705104042302,0.0,0.133911543902263,0.0,0.025587610992965797
Emc6,0.0029630991998043,0.0405991304587522,0.3341195270386536,-0.6960300255460764,-0.4257481773748518,-0.1589579188263903,0.7211800730541923,0.5391424080356952,0.07731612779946465
Pafah1b1,0.0029848376597602,0.1568627450980392,0.910105580693816,-0.0183011240670718,0.1094550497574271,0.2311975916007481,1.098213110653968,1.1858728956866962,0.23021660454815537
Mir22hg,0.060676213535144,0.4416039908528433,1.0,-28.335726931386464,-26.996705104042302,0.0,0.133911543902263,0.0,0.5316712454844119
Prpf8,0.0006834348667358,0.0133949167537699,0.1403889715411655,-28.96648658582628,-28.714626917345267,0.0,0.4405183617345032,0.0,0.03311434756645436
Pitpna,1.5876796062554575e-05,0.0010637453361911,0.0573787409700722,-0.4089091005931503,-0.3011094934693846,-0.1896379165839935,1.1941947480294277,0.9700435981106031,0.006726532081374582
Crk,0.0602865258140622,0.5697857987690197,1.0,-28.436455125124883,-26.68538251258273,0.0,0.107919662386888,0.0,0.6442139956897439
Ywhae,0.0001905215527506,0.015860919266492,0.343145193299992,-0.1995647950817884,-0.1116525376742553,-0.038173472255578,1.5445917582420376,1.4328679407597549,0.037849517308952356
Abr,0.0007335473709934,0.009501095540355,0.088567502575371,-28.573517833200064,-27.234687678358718,0.0,0.157927554710845,0.0,0.025587610992965797
Taok1,0.0076818062802948,0.1640397243073438,0.9071710289327192,0.0014940186665102,0.4048706155850573,1.6141829467321964,0.4131824503297236,0.5493271501372967,0.23959468985534585
Nufip2,0.0471866693782339,0.4976153642099945,1.0,-28.691445335491444,-27.6064947359665,1.0705010786978029,0.2285794351595934,0.0,0.5874893856684201
Rpl23a,0.0007144558228149,0.0690958164642375,0.6784313725490196,-0.0786303313984376,-0.0463849183461503,-0.0077765388853948,2.778372882991161,2.6892829310126,0.11826761838175913
Supt6,0.0007335473709934,0.060676213535144,0.7515884432704931,-28.670994259065434,-28.07287047833399,0.0,0.2823423836145777,0.0,0.10748213719317695
Evi2a,3.529139494825728e-05,3.529139494825728e-05,0.0001720247930818,-29.572462351236773,-29.39808878140552,-29.18834404232807,0.7074675723900292,0.0,0.0011224770542497952
Suz12,0.0100012950659087,0.1365541603161075,0.6903486180527854,-29.047713241112863,-28.85210561999338,-0.4981761938804942,0.4948856160418885,0.0,0.20682083556050115
Crlf3,0.1348714179394879,0.5713582599031516,1.0,-0.3281687570562514,-0.0961805794302382,0.147435076754632,0.7242516891967267,0.6803194418577541,0.6442139956897439
Zfp207,0.0774761035623185,0.5830482147869495,1.0,-28.670457416365885,-26.83217724305505,27.514709401324883,0.1789330467263555,0.0,0.6570469305716495
Psmd11,0.0325325182293942,0.2596551285404619,0.90773026423876,-0.7944058281981106,-0.1490032752812886,0.1221318851157458,0.5881307964481197,0.5291715307638298,0.34866104531803677
Slfn2,0.0473446058585377,0.2379772961816305,0.6238787012780821,0.0432721125694965,0.1891456634957834,0.3739953893404171,1.2381472372848288,1.41307768384015,0.3215787052397302
AI662270,0.2372350559657061,0.7344923394458999,1.0,-0.1961263596021865,-0.029138161357024,0.1100664793607315,0.6884455729247365,0.6748668669984004,0.741802452776878
Ap2b1,0.0024238779803224,0.0333863238295691,0.2978424776621277,-28.882016284006177,-28.556246778516915,-27.385549721469182,0.3947180228283694,0.0,0.06642974423978688
Taf15,0.0001720247930818,0.0027786850681888,0.009501095540355,-28.92454642989818,-28.618422139048597,-26.44304192416313,0.4121008320390708,0.0,0.011565191172481119
Ggnbp2,0.0027786850681888,0.037650276439806,0.2925725233513045,-28.638186356891488,-27.37720496619575,0.0,0.174325086660912,0.0,0.0740154419679212
Med13,0.0367082030933718,0.2818899644466004,0.9343554887573224,-26.95348855280571,1.572521351796381,28.990155229354745,0.1299596517300417,0.4600736881779135,0.37241631384730656
Vmp1,0.0007144558228149,0.0123997777248551,0.1323180178891167,-0.6228406642263675,-0.4178078711423819,-0.2293780076786389,0.7763877018660903,0.584126012625472,0.03130796958728225
Cltc,0.0054584424863062,0.0860041274709047,0.6238787012780821,0.0198967510427678,0.1494856196925512,0.2762025115010569,0.9024756947443467,1.004430801041655,0.1410891421404911
Supt4a,0.1152655394141462,0.5208065412399778,0.9699293482575216,-0.2029113444651754,-0.0888274311996166,0.0449205618215763,1.065518339226245,0.9976137688364776,0.6025183167113968
Scpep1,0.1511853363046901,0.5841649506088025,1.0,-1.4062177116966588,-0.1325603389395282,0.2165516379104496,0.5319959343413968,0.4834155731443995,0.6579574575831703
Trim25,0.0010823874242764,0.0065216096837837,0.0366239015107788,28.924438380465293,29.132377035955717,29.25258236042253,0.0,0.588463235935629,0.022415403606682364
Mbtd1,0.0227925148087231,0.1136029476053177,0.4726680955783123,0.1977593870673398,0.384910551000903,0.6253828561552851,0.499797017388216,0.6513921276262395,0.17985726697394652
Nme2,0.0015126617448598,0.038707628800508,0.2082876875446535,-0.1646665238938464,-0.1208107842875694,-0.0621626883027626,2.22291302378252,2.04202145194001,0.07431167294944374
Nme1,0.0123997777248551,0.2379772961816305,0.9699293482575216,-0.3177800580003266,-0.1275966653070871,0.0909350783297197,0.9271016220509516,0.849555197095393,0.3215787052397302
Spag9,1.5876796062554575e-05,3.175359212510915e-05,0.0007144558228149,0.2043376775416853,0.3160599678586555,0.4127813801622332,1.3292994007777876,1.6517413307504425,0.0011224770542497952
Luc7l3,0.0040032147186045,0.0822907568643473,0.6701526554660717,-29.08098464075436,-0.3032639602335213,0.006384342825375,0.5990786656165172,0.488339530337617,0.1355424970846125
Lrrc59,0.0393921086962645,0.3713264582342768,0.9691830820581888,-1.1758619311476146,-0.1293114419911845,0.1243408555036771,0.5647993939490825,0.5221113598141132,0.46601689193006113
Spop,0.001641642300541,0.0120318597994687,0.0488002359715315,-0.7821978786724795,-0.5602224012843585,-0.3752942580061646,0.8003623950571602,0.5442078524248395,0.03099653462775612
Gngt2,0.0015126617448598,0.0201317774073192,0.1152655394141462,-0.5102529477634301,-0.35748803570922,-0.1991575965176175,1.1781724324399336,0.9242127102087988,0.04554226927282082
Snf8,0.0634539957431936,0.4268635389378423,0.9699293482575216,-0.2588264545818353,-0.0785122859900292,0.1427706554314357,0.602540485875236,0.565372736697473,0.5156724498166337
Atp5g1,0.0010637453361911,0.0573787409700722,0.4268635389378423,-0.2557186514996966,-0.1590761961592066,-0.0459272147590651,1.429750596530826,1.280476813354285,0.10246461361949206
Cbx1,0.0001720247930818,0.0027786850681888,0.0480139728942661,-28.82127937682898,-27.973117044811687,0.0,0.2634854577558841,0.0,0.011565191172481119
Psmb3,0.0021592442645074,0.0690958164642375,0.5208065412399778,-0.3162140944819189,-0.188718422191616,-0.025148059764361,0.977372775187487,0.8512825726734077,0.11826761838175913
Rpl23,0.1152655394141462,0.6238787012780821,1.0,-0.014608929321665,0.0029003940064293,0.0214217150106719,3.998620039267525,4.0063832230068055,0.6790017938833468
Lasp1,3.529139494825728e-05,0.0007335473709934,0.0133949167537699,-29.118255175753088,-28.855263712990435,-28.017846898179613,0.4856237402066742,0.0,0.005108462247016128
Arl5c,0.2299948384840083,0.7264717268578031,1.0,-0.4807705046762328,0.0798754605489015,0.8729661586604618,0.6003268645744163,0.6436222481684459,0.741802452776878
Rpl19,0.1152655394141462,0.6238787012780821,1.0,-0.0234170649461138,-0.0077575404808329,0.0152704065043752,3.737652325681688,3.717963597122429,0.6790017938833468
Cdk12,0.0211509943557161,0.163181280488133,0.7249939641906643,-29.03628126731008,-0.7552412827307916,0.0607732593076658,0.513384245852028,0.304923678086393,0.23883194280234302
Mien1,0.016182915161716,0.1503886102513491,0.6992547055569235,-29.056726616654405,-1.0772131774890312,-0.0190549913957401,0.5173514199290048,0.238307253418742,0.22505486548147816
Ccr7,1.5876796062554575e-05,1.5876796062554575e-05,0.0007938260811504,0.7801451978753432,1.1894283128675696,1.583826978049339,0.8769933894703605,1.99995849761268,0.000845836310232595
Smarce1,0.0688342731416533,0.487289549942672,0.9699293482575216,-0.0952262122442353,0.1161584645510198,0.3389168981773324,0.5601421076821175,0.6044648179591292,0.5775383931745461
Eif1,1.5876796062554575e-05,1.5876796062554575e-05,0.0001111375724378,0.1762788201583345,0.2176999615266818,0.2472701539700152,2.618780655659565,3.043581846705095,0.000845836310232595
Dnajc7,3.529139494825728e-05,0.0007335473709934,0.0102224535836243,-29.008734821169416,-28.846288867704576,-27.921251513849608,0.4826121061920985,0.0,0.005108462247016128
Rab5c,0.0004763038818766,0.0252441057394617,0.3053901722632373,-0.3532737316879438,-0.2299104485981431,-0.0876067126849275,0.713042209427427,0.6066196953971379,0.05439351802911312
Stat5a,0.0127916359464683,0.0634788370139077,0.1280332445499787,0.0,27.94828270246816,28.97058513131299,0.0,0.25898309644603,0.11170388247451472
Stat3,1.5876796062554575e-05,0.0001111375724378,0.0123997777248551,0.4266982239524373,0.58768537445445,0.7592064374922685,0.7308269798200374,1.099457936432815,0.0021929089524532572
Coa3,3.529139494825728e-05,3.529139494825728e-05,0.0004954208174452,-29.19465031861818,-29.07493159690156,-28.8970995057352,0.565492086491781,0.0,0.0011224770542497952
Becn1,0.009501095540355,0.1513756600246135,0.8685181258352878,-28.444840415600343,-27.17559802519311,0.0,0.151589860334145,0.0,0.2255814905681478
Rpl27,0.0201317774073192,0.2082876875446535,0.8520611750780606,-0.0419249215491589,-0.0199827396815625,0.0044416268131085,3.198494010068085,3.1553105496539757,0.28859626928326176
Ifi35,0.0002374240353141,0.0032593368359413,0.0292545655864068,-29.111517664272736,-28.78941838297377,-28.35424835506713,0.4639578102928767,0.0,0.012767733083439174
Lsm12,0.0978804477256489,0.6238787012780821,1.0,-0.1631259516884203,-0.0203698700670376,0.1562088083193749,0.7711796729500813,0.7583075583559407,0.6790017938833468
Grn,0.0001690707571864,0.0008420439376285,0.0085680166882523,-29.561233045348693,-29.364061130474795,-1.7194264484777386,0.6952173596972424,0.0,0.005642753556875263
Nmt1,0.0092079327359871,0.0755002774041318,0.3284001495503572,-29.22094142348527,-0.548902894671211,-0.1647663985842606,0.6091382457826862,0.424383642632817,0.1286099849306194
Fmnl1,0.0325077868071383,0.3645886665539413,0.968559887123876,-0.2353404522047072,0.5170575524786916,28.97054958212257,0.350856289664656,0.5072694321450952,0.45891225542022973
Map3k14,1.5876796062554575e-05,0.0002462939704825,0.0022988170023958,0.9139085816960564,1.128707219952778,2.2385032355802785,0.4619210168071417,1.007445063383862,0.0029219014710520916
Gosr2,0.0314019435484176,0.5208065412399778,1.0,-0.0833473187374764,0.2201371744531362,0.9025603406712172,0.4821946531198084,0.5623470928572445,0.6025183167113968
Limd2,0.0001808387981124,0.0001808387981124,0.0002219962051443,-30.287329228509435,-30.0996952985792,-1.2497457985773128,1.221709653966056,0.0,0.0025696292969084092
Psmc5,0.0017328611474594,0.0407178355783717,0.4224584399324721,-28.970687386281323,-28.78899112625043,-26.80182168797572,0.4642662480018095,0.0,0.07747295322991972
Ddx5,0.1813447646264983,0.7344923394458999,1.0,-0.0394517819960515,-0.0050316801953925,0.0330433041165459,2.455048315228185,2.446920106123729,0.741802452776878
Bptf,0.0209706323689566,0.2740127914304309,0.9638969075506822,-28.656702905705856,-27.70486280829298,0.0,0.2187735071744667,0.0,0.3631351110312489
Psmd12,0.0075576633838401,0.1297235926671531,0.7544711696412055,-29.082764430621797,-1.224041528919248,0.0667234990772566,0.486433818706079,0.2099418306865415,0.20045007424675979
Gna13,0.0978804477256489,0.4268635389378423,0.9699293482575216,-0.0319034619176276,0.0599350077469041,0.1450369965456843,1.3577297016494123,1.4170570375465674,0.5156724498166337
Prkar1a,0.0095578312296578,0.1152655394141462,0.6238787012780821,0.0245129074265536,0.1704458087440876,0.2831563888291876,0.8816777947204125,0.9932013219462124,0.1803457154857163
Fam104a,0.2020160844726425,0.7344923394458999,1.0,-0.1168824718234243,0.0596346137235357,0.2943542035896423,0.601024817976312,0.6276866290665555,0.741802452776878
Rpl38,0.3053901722632373,0.6784313725490196,0.9699293482575216,-0.0117668676576397,0.0184955746335219,0.0517428912053866,3.1705102097780826,3.2077147146946325,0.7080006145455244
Cd300a,0.015860919266492,0.1568627450980392,0.7359319679288707,-0.3780554772996513,-0.2264371545422266,-0.0497506212475959,1.1327878506217,0.964988701454272,0.23021660454815537
Cd300c2,0.0002219962051443,0.0017946233593713,0.0105995443391097,-2.2582789728028523,-1.0059135128837342,-0.7426908283254673,0.9956888277062632,0.4910767598009327,0.009856552522732579
Atp5h,0.0001111375724378,0.0095578312296578,0.3053901722632373,0.0442843768433468,0.0972014363606885,0.1501223169248976,1.7426286572250849,1.863036588990845,0.025587610992965797
Nt5c,0.0017191380645145,0.0252225734369385,0.2221120672361061,-29.097262064905728,-28.81681177200506,-27.348838196182665,0.4729930054853535,0.0,0.05439351802911312
Jpt1,0.0004719377629594,0.0314201794077955,0.5208065412399778,-0.3767887597466578,-0.2557583168303682,-0.0999401347252574,1.0575928979433051,0.884759972833226,0.063285824497176
Sumo2,0.0054933714376438,0.0473446058585377,0.343145193299992,-0.2290083508556708,-0.1521158726955457,-0.0711782010801859,1.7038922935001426,1.5357599347542987,0.08743386684626628
Mif4gd,0.1996030161831719,0.7264717268578031,1.0,-0.268967020134976,0.1010547565798378,0.3810668357592052,0.4883311538522025,0.5225947449720847,0.741802452776878
Grb2,0.0824958323410335,0.4268635389378423,0.9699293482575216,-0.0250425708519274,0.0435630607277236,0.1203687826499489,1.51096764094475,1.555122830462415,0.5156724498166337
H3f3b,1.5876796062554575e-05,0.0004763038818766,0.0252441057394617,-0.1704937536947392,-0.114209022425115,-0.0614343857535625,3.22096852049808,2.975025948429848,0.0044323300099521155
Ubald2,0.0001905215527506,0.0029639058244674,0.0252441057394617,-0.6134408165255376,-0.4358377091225616,-0.2759844962502897,0.881682218062176,0.6508990619039512,0.011822842105853135
Srsf2,0.0021592442645074,0.0573787409700722,0.5208065412399778,0.0291255610544362,0.1608693352618249,0.3419230417913687,0.7783685221390986,0.87042512734932,0.10246461361949206
Syngr2,0.015860919266492,0.1349368897356513,0.6238787012780821,0.0074246295946873,0.0915473151994298,0.1872754794733404,1.611322252712415,1.7177825133155349,0.20480805699905477
Socs3,0.0314019435484176,0.3837421608319441,0.9699293482575216,-0.1839407294654058,0.077967479262754,0.3515773154759604,0.684634531180479,0.7310331920573541,0.4754386887981819
Cyth1,0.000221548588584,0.0002345546750104,0.0027631497736189,0.8194307102441106,2.1458977097859755,29.498445141693104,0.161108690682276,0.7062169206717195,0.0029219014710520916
Eif4a3,0.0002375308489053,0.0035319278065916,0.0377505748850603,-29.08669242409937,-28.88454036078342,-28.407943426669128,0.4955791919107435,0.0,0.013784868417301649
Ndufaf8,0.0007335473709934,0.0298677932975399,0.3519631185845171,-28.515226865717334,-26.435714538327456,0.0,0.0907701447609815,0.0,0.06227814825543789
Actg1,1.5876796062554575e-05,0.0007144558228149,0.004096213384139,0.1267257848389518,0.1628134519924495,0.2011103582818535,3.257841470748628,3.64793425754952,0.005108462247016128
P4hb,0.0226430210233521,0.211799218447295,0.8757377346256979,-0.5284717677481654,-0.2483692876133804,0.0344658772141811,0.6467970798892075,0.5470648627362475,0.29289041824217105
Arhgdia,0.0003016591251885,0.0095578312296578,0.1349368897356513,-0.2266779895305438,-0.1521731613495939,-0.0665703483537605,1.419102599209455,1.2750171886153563,0.025587610992965797
Alyref,0.004096213384139,0.0573787409700722,0.4271976697255349,-0.3450967957129907,-0.200740743664126,-0.0636770501440998,0.7228243519911688,0.6297542113985299,0.10246461361949206
Anapc11,0.0007335473709934,0.009501095540355,0.1678253583141733,-28.873583699696287,-28.0430712214892,0.0,0.276570341939847,0.0,0.025587610992965797
Cenpx,3.529139494825728e-05,0.0001720247930818,0.0060874038647452,-29.28120176421742,-29.174131032079487,-28.947731325833217,0.605743185872092,0.0,0.0025457280142869155
Csnk1d,0.2097189315541241,0.6802135423364514,1.0,-28.797677500604856,-0.7328137303378588,2.146527112303636,0.3330630230268248,0.208124133895812,0.7095129998624463
Rab10,0.015860919266492,0.1568627450980392,0.6238787012780821,0.0414286402323339,0.1751033760244315,0.3284350857497199,0.7630979012406689,0.8601633696437847,0.23021660454815537
Itsn2,0.0818804238667038,0.5990513446131561,1.0,-28.79396818350156,-1.7061521530081505,1.020269839197547,0.413547507620723,0.1158741639200872,0.6736561558684093
Sf3b6,0.0003016591251885,0.0252441057394617,0.2702706993728666,-0.3090206697320642,-0.2113095218482076,-0.1164497507216263,1.0294655001915949,0.8889741972367933,0.05439351802911312
Pum2,0.0534444192530722,0.389755717262383,0.936468000897405,0.1617429759758264,1.440261324101853,28.952534643418023,0.1939826295880035,0.5033108656545505,0.48204842338139187
Laptm4a,0.0004512235205874,0.0043194691495863,0.0444602138024841,-29.24802828036109,-2.4910924096712668,-0.4421705384572965,0.6047974001234785,0.1068517291616502,0.015925240065343262
Smc6,3.529139494825728e-05,0.0015404776337769,0.0416622142499834,-29.036399593224957,-28.765959835326385,-27.56667227632861,0.4564747543157902,0.0,0.008811919837691128
Fam49a,0.0165524393834452,0.2978424776621277,1.0,-28.75969210684727,-26.98502515794512,0.0,0.1328317832456675,0.0,0.388910735231614
Rock2,0.0001720247930818,0.009501095540355,0.1892992055774022,-29.04202892600796,-28.79593442402709,-26.625950112810628,0.4660580855101536,0.0,0.025587610992965797
Pdia6,0.0010637453361911,0.0314201794077955,0.4268635389378423,-0.4388032474673528,-0.264410021210746,-0.0723490975397542,1.023043447260248,0.8502057780141785,0.063285824497176
Adam17,0.0007335473709934,0.0077371208623235,0.1403889715411655,-28.9254821409208,-28.553003204362987,-26.47230310961091,0.393831481990594,0.0,0.025101967818363515
Ywhaq,0.0010637453361911,0.0252441057394617,0.4271976697255349,-0.4243969452302764,-0.2454117764760567,-0.0602568959676878,0.7484280398516178,0.6341384407462782,0.05439351802911312
Id2,0.0200250059537985,0.2379772961816305,0.8521179645947434,-0.019490517577505,0.1146418318507752,0.2451464541975931,2.0687709490534827,2.237638325690005,0.3215787052397302
Rps7,0.0314201794077955,0.3837421608319441,0.9699293482575216,-0.0282707383235619,-0.0104386670129909,0.007324056891035,3.5655514616820274,3.5416348694191173,0.4754386887981819
Nampt,0.0002219962051443,0.0007205978134571,0.007318906196645,-29.702203027002195,-0.9519214650124234,-0.5949961819223277,0.8834374382010737,0.470619117766793,0.005108462247016128
Twistnb,0.0001720247930818,0.0027786850681888,0.0303214477874576,-28.84950794767249,-28.275712638607967,0.0,0.324965795681023,0.0,0.011565191172481119
Ahr,0.0015241724220052,0.0314201794077955,0.3053901722632373,0.1275108907163427,0.2785122883999286,0.4378007955578988,1.1450059343486876,1.38799678863543,0.063285824497176
Tspan13,0.0073033261887751,0.1152655394141462,0.5713582599031516,0.0265244037977644,0.1593186313870956,0.3031398111850408,1.3903800951484764,1.55298910625282,0.1803457154857163
Ifrd1,0.0201317774073192,0.1813447646264983,0.8506311026434865,-0.2162408085470661,-0.1104236439549565,0.0037541847001227,1.6611003170469971,1.539544135355805,0.2593595257846093
Dock4,0.0007335473709934,0.0043495700900777,0.037650276439806,-28.706774195680715,-27.753159976796624,0.0,0.226221368648202,0.0,0.015926003199236392
Hectd1,0.1181613728984117,0.6902252496425048,1.0,-28.740300679647643,-0.9864620680560184,27.48798628362168,0.353227429024242,0.1238500419764886,0.7192518371580331
Sptssa,3.529139494825728e-05,0.0001720247930818,0.0027786850681888,-29.1353572227336,-28.942794105409185,-28.641086984233848,0.5159993840550677,0.0,0.0025457280142869155
Baz1a,0.0007144558228149,0.0314201794077955,0.343145193299992,0.0518855651103908,0.2179520484340356,0.4060018163531229,0.7738875755853576,0.9026060254479686,0.063285824497176
Psma6,0.0061455131856455,0.1349368897356513,0.8506311026434865,-0.3236987185978312,-0.1331183376294021,0.0214702648406855,0.6815785459428158,0.622920391652765,0.20480805699905477
Nfkbia,0.1813447646264983,0.5713582599031516,1.0,-0.0624009885704463,0.1042011498364074,0.2991453028672978,1.59787067787719,1.712881090108465,0.6442139956897439
Trappc6b,0.0007335473709934,0.0286888103198488,0.3418686450697386,-28.750314639584197,-28.43238365993044,-26.435714538327456,0.3622432725560834,0.0,0.060710878641110015
Pnn,0.0022191400228675,0.0583492399385958,0.5896227339058596,-0.5340538333382805,-0.2618488563297589,-0.0515190475139411,0.6474141135887755,0.5425116638830556,0.10379151110947217
Mia2,3.529139494825728e-05,0.000244141310286,0.0035729616071004,-29.52736065079033,-29.320829594462204,-29.06174249418133,0.6705778515156493,0.0,0.0029219014710520916
Fkbp3,0.0001720247930818,0.0027786850681888,0.037650276439806,-28.996979863082764,-28.50993567899954,0.0,0.3822485201045497,0.0,0.011565191172481119
Rps29,0.5713582599031516,0.8506311026434865,1.0,-0.0213015028190202,-0.0075996793017864,0.0077283074337568,4.083218107287105,4.063119098988925,0.8506311026434865
Rpl36al,0.0021592442645074,0.038707628800508,0.343145193299992,-0.1023905850121198,-0.0662006147049741,-0.0265812942983774,2.3902018379776075,2.282688784048108,0.07431167294944374
Arf6,0.0005255587240814,0.0130238645462553,0.173738971302326,-29.351063868690517,-28.95837201313956,-0.3244712955059401,0.5957946877979735,0.0,0.032651594527141226
Psma3,1.5876796062554575e-05,0.0004763038818766,0.015860919266492,-0.2927660325771157,-0.2183761699589198,-0.1451226486887686,1.3940884790836976,1.196233419938754,0.0044323300099521155
Arid4a,0.0015049751850434,0.016633341135281,0.0834045094198544,-29.148037765658977,-28.896240504705396,-28.539147077661998,0.4996146366965373,0.0,0.039471770555995336
Hif1a,0.0573787409700722,0.4726680955783123,0.9699293482575216,-0.3315774591195909,-0.1239593165455585,0.1329169122123992,0.7681553585612395,0.7037336416365926,0.5617711721569345
Churc1,0.0001720247930818,0.0027786850681888,0.0759886785541828,-28.86132888654175,-28.48336056974648,0.0,0.3752718027608342,0.0,0.011565191172481119
Atp6v1d,0.0482689966840484,0.4386743921253033,1.0,-0.3904292947336029,-0.0618093899202792,0.2414306629931916,0.5744480562560903,0.5467766897922517,0.5296403000674341
Eif2s1,0.015049240840804,0.2217640684635702,0.9382708442439336,-1.3838006417834343,-0.1767728418139277,0.1804590888294246,0.546517425233292,0.490081505471897,0.3062729940997201
Vti1b,0.0007335473709934,0.0292545655864068,0.1853939469443623,-28.54242741222781,-26.439426574688703,0.0,0.0910039959339047,0.0,0.06173833403305681
Zfp36l1,0.0096401527677365,0.0821176473869336,0.3742280472974733,-0.9921383610048358,-0.4788619642783938,-0.1496644978711822,0.805078095352077,0.5855888927062124,0.1355424970846125
Actn1,0.1736964858864386,0.6689706667452711,1.0,-0.4492886635803597,0.0186724476708053,0.5169263733043336,0.6145528926290516,0.631322267087471,0.7080006145455244
Erh,0.0009310368364136,0.0333863238295691,0.2911284248433565,-28.957061326441845,-28.73965881370041,-27.416515455700395,0.4482741565727577,0.0,0.06642974423978688
Susd6,0.0001720247930818,0.0007335473709934,0.0027786850681888,-29.020920413359736,-28.797888818550447,-28.41013328131073,0.4666898389288395,0.0,0.005108462247016128
Srsf5,0.0029848376597602,0.0314201794077955,0.1349368897356513,-0.3094406885267859,-0.2201808102811528,-0.1132751898626981,1.5582371032750189,1.33803632360715,0.063285824497176
Cox16,0.0027786850681888,0.060676213535144,0.3897805604748862,-28.776773940807047,-28.348294963593,-26.626062097550523,0.341733149310793,0.0,0.10748213719317695
Rbm25,0.1568627450980392,0.6784313725490196,1.0,-0.1200992430287732,-0.0248206265834809,0.0857570829750273,1.2297401666596426,1.2091114427001912,0.7080006145455244
Elmsan1,0.0007322945583869,0.0077371208623235,0.0959961730355479,-28.88896851819221,-28.35302253292221,0.0,0.3428548117402485,0.0,0.025101967818363515
Npc2,0.0029848376597602,0.0473446058585377,0.2379772961816305,-0.457640590120541,-0.3245903929891056,-0.1688803935423543,1.5393709056230076,1.22910373513202,0.08743386684626628
Tmed10,0.0004763038818766,0.015860919266492,0.1349368897356513,-0.3014446225531544,-0.1897058107022829,-0.0974804361342907,1.1266359655461549,0.987224183138973,0.037849517308952356
Fos,0.2702706993728666,0.7868234305012446,1.0,-0.1843500392457582,0.0244773651942859,0.3017197440926162,0.8827732951716629,0.9005642558424365,0.7901605704044072
Jdp2,0.163532702145277,0.4971635133972835,1.0,-28.66889394930967,-27.583661743024702,0.0,0.2122025089976502,0.0,0.5874893856684201
Sptlc2,0.0007335473709934,0.009501095540355,0.088567502575371,-28.51199838167134,-27.41484462713585,0.0,0.1789330467263555,0.0,0.025587610992965797
Alkbh1,0.0006834348667358,0.009501095540355,0.1223341709161366,-28.68481192960462,-27.930962677977572,0.0,0.2558925087720895,0.0,0.025587610992965797
Slirp,0.0007322945583869,0.0160894282812627,0.1737771549010672,-28.85203020654253,-28.737087585741847,-28.265166117878728,0.447430257927185,0.0,0.03826626302161921
Snw1,0.0391489942439858,0.3028084907143252,0.9343013217793716,-28.89952035486568,-28.63701296180291,-0.2260732268429017,0.4474652068895297,0.0,0.3937002160271982
Gpr65,0.0004954208174452,0.0102029298672555,0.1170395939973,-29.20521124433115,-28.955364905561936,-28.670002680993395,0.5205151625592298,0.0,0.02663086624291367
Foxn3,3.175359212510915e-05,0.0010374103461443,0.0121288692700313,0.8942034190129834,1.2913992571511652,3.29632755185645,0.3692185906331985,0.9056128645181863,0.006726532081374582
Calm1,0.1813447646264983,0.5713582599031516,0.9699293482575216,-0.0574876396732634,-0.0277613293053343,-3.033553688377745e-05,3.4322255861989,3.364921365319104,0.6442139956897439
Trip11,0.0007335473709934,0.009501095540355,0.088567502575371,-28.597204248132744,-26.77066479492996,0.0,0.1145017742575917,0.0,0.025587610992965797
Ndufb1-ps,0.0824958323410335,0.343145193299992,0.7871838474924749,-0.1449192695243246,-0.0832529407465733,-0.0166663887222388,1.7563621517942225,1.6563482105719047,0.4339717548500196
Lgmn,0.0010637453361911,0.0473446058585377,0.4268635389378423,0.1846281838445812,0.4752841940659983,0.8229385849176557,0.4810530139789895,0.6714456414709055,0.08743386684626628
Ddx24,0.004096213384139,0.1014710712432214,0.4881274747251039,-0.4067915997466122,-0.2189665011344033,-0.0405266559117454,0.8753784988283008,0.7523965820672882,0.16173137832408735
Ifi27,0.0001720247930818,0.0027786850681888,0.0292698962791851,-29.12609945279065,-28.7194496096338,-26.83217724305505,0.4419934062253982,0.0,0.011565191172481119
Ifi27l2a,0.0001808387981124,0.0002219962051443,0.0012547060309404,-30.261685050748444,-1.371512901945712,-0.895196893078524,1.279351736248755,0.5062216754884865,0.0028845970314786786
Serpina3g,0.0007335473709934,0.0027786850681888,0.0298677932975399,-28.935304634225176,-28.01128186535721,0.0,0.2705428475893507,0.0,0.011565191172481119
Glrx5,0.0007335473709934,0.009501095540355,0.088567502575371,-28.72714129140505,-27.38817178966775,0.0,0.175655289661809,0.0,0.025587610992965797
Papola,0.0013094543395349,0.0149923437767168,0.157324553719575,-0.5731109552677958,-0.308869336622905,-0.1122329575749633,0.6343379810321901,0.5105819836976307,0.03672262596342932
Vrk1,0.0003316841937808,0.0040854564497672,0.0392557838838974,-29.34987093154955,-29.21608589644701,-28.97611492789213,0.6239081460392144,0.0,0.015154567225000363
Yy1,0.1199683204454889,0.6177870056391006,1.0,-28.77241011946912,-0.0673426006852099,1.135320282310439,0.4202370597056697,0.4270858241114943,0.6790017938833468
Ppp2r5c,0.0328457856723483,0.4223831781386828,1.0,-28.729181215673883,-27.96730958851395,0.0,0.2801319640900282,0.0,0.5156724498166337
Dync1h1,0.0012730863420067,0.022438890030895,0.1991048209933474,-28.708004443267548,-28.252057354848493,0.0,0.319680909164345,0.0,0.04975783002688579
Hsp90aa1,0.2702706993728666,0.7344923394458999,1.0,-0.0897080868099054,-0.0074580130589956,0.0878477773487165,1.597861778755295,1.5865973620755875,0.741802452776878
Tnfaip2,0.0690958164642375,0.3837421608319441,0.9699293482575216,-0.087181166277886,0.0923029362289023,0.3110519110499632,1.23312023246721,1.312658219113885,0.4754386887981819
Eif5,1.5876796062554575e-05,0.0001111375724378,0.0015241724220052,0.3432428964830075,0.4557777185984891,0.5929331311128861,1.0388754515066752,1.4273064113377951,0.0021929089524532572
Mark3,0.0077329969827456,0.1513756600246135,0.7673037144331958,-28.428340684649267,-26.16300429074014,0.0,0.0751361715405872,0.0,0.2255814905681478
Ckb,3.175359212510915e-05,0.0021592442645074,0.0473446058585377,-0.9155012808040216,-0.7180953564076258,-0.5035779816801096,1.224217625403028,0.7437384965309902,0.011277817469767817
Atp5mpl,0.0314201794077955,0.2702706993728666,0.9699293482575216,-0.1068054653694842,-0.0453630380060078,0.0059292453244186,1.3971027300112038,1.3539365770889475,0.35839879300782745
Siva1,0.0001720247930818,0.0007335473709934,0.009501095540355,-29.10113397040546,-28.91196217196063,-27.94043455746172,0.5050893000288469,0.0,0.005108462247016128
Akt1,0.0007335473709934,0.009501095540355,0.1513756600246135,-28.799636328541844,-28.258004045222822,0.0,0.3210013315069702,0.0,0.025587610992965797
Pld4,0.0001808387981124,0.0002345546750104,0.00089067411736,-30.162619446359493,-1.8136275240424904,-1.011273341615695,1.1550689721303948,0.3277954236226127,0.0029219014710520916
Gpr132,0.0001111375724378,0.0095578312296578,0.0978804477256489,0.2840212423388961,0.4141211610323083,0.5963061144338321,0.817762702758716,1.0799165027565398,0.025587610992965797
Crip1,1.5876796062554575e-05,1.5876796062554575e-05,0.0003060252441057,0.6524120095392237,0.7772085743385866,0.9208927450513968,1.8441227036484924,3.1666032943795885,0.000845836310232595
Igha,0.0029848376597602,0.0201317774073192,0.1152655394141462,0.2045632268468988,0.3177242105234317,0.4312547245233162,1.1212807655405874,1.396973758990435,0.04554226927282082
Gdi2,0.0001905215527506,0.0073033261887751,0.0573787409700722,0.1179158417800062,0.1836554816155843,0.2485288750863558,1.7441893784124465,1.9853671211414825,0.02414332678800386
Klf6,0.0252441057394617,0.2379772961816305,0.8506311026434865,0.0004853004356095,0.2225250395461847,0.4377808389166556,0.8685972815853151,1.0122093286633445,0.3215787052397302
Pfkp,0.0824958323410335,0.5208065412399778,0.9699293482575216,-0.2796234707420491,-0.082229464785788,0.119053748927607,0.804477528978047,0.7589603567031054,0.6025183167113968
Gtpbp4,0.2379772961816305,0.7344923394458999,1.0,-0.2425543569783244,-0.0187716723861802,0.1829001533131035,0.7108344419432082,0.7049270850424975,0.741802452776878
Larp4b,0.1348714179394879,0.4629209642261225,0.9699293482575216,-0.2406038596269738,-0.0885466756448535,0.0785436801050613,0.6715623266222872,0.6282594705687135,0.5554530263321323
Gpr137b,0.0690958164642375,0.6784313725490196,1.0,-0.2280391862628581,-0.0288691976784813,0.1256843107486894,0.8102713116375335,0.7947604103652479,0.7080006145455244
Lyst,3.529139494825728e-05,6.034243330066384e-05,0.0001219709860793,-29.750137915700776,-29.57597870908971,-29.390080706083985,0.8003072604835695,0.0,0.001592162466320179
Arid4b,0.0021358168527197,0.0098748436651656,0.0677480970518095,-1.868854252372847,-0.5502982968341739,-0.3020898196576313,0.7393025260555695,0.5026550780602441,0.02618349862780235
Mrpl32,0.0004338587209506,0.0137818194726874,0.2013647575400384,-29.0732146210029,-28.892745214818696,-1.1076075711422106,0.504563271205174,0.0,0.033835319465779785
Psma2,6.35071842502183e-05,0.0015241724220052,0.0159676907200126,-0.333385427779955,-0.2506724508184975,-0.1714096219092117,1.2917637991206576,1.0863741083920635,0.008754747793242807
Rala,0.0021592442645074,0.0978804477256489,0.5713582599031516,0.0201500486095409,0.2287159389667553,0.4330383827485615,0.655421691345671,0.7693274425809632,0.1566995790738688
Gpr141,0.0007335473709934,0.009501095540355,0.088567502575371,-28.61384973454004,-27.0217259699681,0.0,0.1362542471285675,0.0,0.025587610992965797
Elmo1,0.0005255587240814,0.0056471868523334,0.0802713616470359,-29.492101031669463,-1.712890305666744,-0.3849814145254401,0.6642136705256025,0.2039482327078705,0.0196958349956178
Hist1h1c,0.1165400811894109,0.6383314060882179,1.0,-28.49320980758423,-26.65652323010629,0.9217893372952916,0.1057823152769827,0.0,0.6936686518990272
BC005537,0.0690958164642375,0.3837421608319441,0.9699293482575216,-0.0580548633763811,0.1444665597362768,0.3961003718277177,0.6879620961842493,0.7632878594544787,0.4754386887981819
Uqcrfs1,0.0385254425656902,0.3837421608319441,0.9699293482575216,-0.266797424860047,-0.0975000554102623,0.0966560835249769,0.7532551826002127,0.701457981529523,0.4754386887981819
Serpinb6b,0.0147089871357653,0.2013144812161835,0.9075217374946134,0.0268781332329094,0.4977536603826148,1.669876407468723,0.5957948296070664,0.8352965445945635,0.2837722318932107
Serpinb9,1.5876796062554575e-05,0.0001508295625942,0.0073033261887751,0.6012404408219111,0.8403077129712725,1.0058948061426785,0.9632897604635956,1.7320605440155363,0.0025457280142869155
Psmg4,0.0120135136753254,0.1352511889289831,0.7675494509693419,-29.043542772188967,-28.7928930809034,-26.439426574688703,0.4677394930289225,0.0,0.2049930893368869
Prpf4b,0.1088981244862501,0.6146958150878039,1.0,-1.388271836227148,-0.1305501385775689,0.2613460424944362,0.5491646177298832,0.5007818323401335,0.6790017938833468
Eci2,0.0001720247930818,0.0027786850681888,0.0298677932975399,-28.761825112663697,-28.073267138930348,0.0,0.2824200226810177,0.0,0.011565191172481119
Ly86,3.175359212510915e-05,0.0010637453361911,0.0573787409700722,-0.6316951432725685,-0.4363757057195387,-0.2394687530629167,0.998323002489122,0.7379072392356425,0.006726532081374582
Ssr1,0.0367103646724126,0.4116651794395698,0.9689946775534558,-29.02712321764237,-0.2453042923730055,0.4149151414064405,0.5439535149204133,0.463625645247071,0.5056244941704457
Gcnt2,0.002419263668759,0.0256231161316959,0.2099336787959307,-29.440963476347328,-29.13173274717175,-1.203184936690583,0.6121940483731952,0.0,0.055043206125649155
Pak1ip1,0.0091919348347937,0.1753959025219387,0.8459049925451292,-29.02772206573503,-1.2989722479357313,0.0511870131230717,0.499300137319261,0.199445791675703,0.25495816389785225
Tmem14c,0.0015241724220052,0.038707628800508,0.4268635389378423,-0.3530762301322396,-0.212659642144585,-0.0482859728040729,1.0195497728166576,0.8807919287721939,0.07431167294944374
Hivep1,0.137857131703232,0.6646080249871684,1.0,-28.59808234761847,0.0,28.72147831440391,0.1299596517300417,0.1158741639200872,0.7080006145455244
Gfod1,0.0001808387981124,0.0048816207969401,0.0200750761742963,1.7052672514264149,29.34786355426601,29.47119423272052,0.0,0.686382193647052,0.017661687467367324
Nol7,0.0123997777248551,0.1568627450980392,0.8521179645947434,-0.30127244184742,-0.1695857286291943,-0.0220797446206415,1.006177257076535,0.8964677274524323,0.23021660454815537
Cd83,0.0021592442645074,0.0252441057394617,0.1568627450980392,0.1033214516347054,0.2444214180608352,0.3828292798057165,1.32612989262834,1.576395671554635,0.05439351802911312
Jarid2,0.0015241724220052,0.0473446058585377,0.4738715567198528,0.0574854359949457,0.2275332273593473,0.4829622124030219,0.807750901532336,0.9454060646443544,0.08743386684626628
Dek,1.5876796062554575e-05,1.5876796062554575e-05,0.0004822576804,-0.8676404099508739,-0.7197866322947254,-0.5692075100310743,1.1298367088626071,0.684293947624656,0.000845836310232595
Ninj1,0.015049240840804,0.1318811298530948,0.5622453293122838,0.0715466445871519,0.3414500574528273,0.8198298047850682,0.5577271338885581,0.7105816843117967,0.2027696159573918
Card19,0.0022819944167739,0.0324877850278693,0.2911284248433565,-29.107195832547763,-28.8883222202775,-27.64721411169709,0.4969827116569512,0.0,0.06506717095337357
Sema4d,0.0001720247930818,0.0027786850681888,0.0887993453905501,-28.903352510281355,-28.26148514924236,0.0,0.3217798076619841,0.0,0.011565191172481119
Syk,0.0201317774073192,0.1813447646264983,0.7344923394458999,-0.0399695364768808,0.1859665020704531,0.4385515579224081,0.6555323125262402,0.7435269137473715,0.2593595257846093
Nfil3,0.0040684289910296,0.1349368897356513,0.6238787012780821,0.0270825208608568,0.274531939015079,0.5895002635765673,0.6604760702106919,0.8002225260008092,0.20480805699905477
Higd2a,0.0097222837672139,0.1528728780095813,0.8506311026434865,-0.0020301508881097,0.2237558091374113,0.4669450218638843,0.5741939977668923,0.665339961357065,0.2273357313596774
Nsd1,0.0001720247930818,0.0027786850681888,0.0174080378282394,-29.04501331701252,-28.8089002198403,-28.457816955214767,0.4702654875358825,0.0,0.011565191172481119
Rab24,0.0007335473709934,0.009501095540355,0.088567502575371,-28.50782181636758,-26.439426574688703,0.0,0.0910039959339047,0.0,0.025587610992965797
Prelid1,0.0123997777248551,0.1813447646264983,0.8506311026434865,-0.2783832183572703,-0.1303577376734202,-0.0021562049959667,0.8968175358036641,0.814471313453085,0.2593595257846093
Lman2,0.0055091537897213,0.0761203448711755,0.4117324351071907,-29.175645778335365,-0.4292209138905167,-0.1154164860054044,0.601024817976312,0.4535788059901905,0.12894471774282593
Tmed9,0.0015241724220052,0.0573787409700722,0.4726680955783123,-0.5072165955564423,-0.3465944845035711,-0.1288824878412764,0.8747010619924409,0.6822664205538232,0.10246461361949206
Ddx46,0.0078477396077522,0.0884270503925346,0.4636690221434904,-28.93500297821144,-0.3598691966316686,-0.070036899673264,0.6057503400141447,0.4724650241863215,0.14495234183576247
B230219D22Rik,0.0367103646724126,0.2911284248433565,0.967739567973502,-27.60458277612151,1.4148992737687804,28.939835160212933,0.1231086559738107,0.4646434207649157,0.38279592231392606
H2afy,0.0095578312296578,0.2379772961816305,0.910105580693816,-0.135465944237377,-0.0641792119920116,0.0222674701117952,1.76018151923238,1.68323131436622,0.3215787052397302
Hnrnpa0,0.0001111375724378,0.0038003384534461,0.0576716678574261,0.1888112809743467,0.34811805795438,0.5287840882025134,0.6361036500030162,0.8089678018490343,0.014591930169898449
Idnk,0.0007335473709934,0.009501095540355,0.088567502575371,-28.586198986371304,-26.98502515794512,0.0,0.1328317832456675,0.0,0.025587610992965797
Hnrnpk,0.0095578312296578,0.2082876875446535,0.910105580693816,-0.1621294285741086,-0.0667571125605406,0.0147061105190906,1.493412184002855,1.4238508477563152,0.28859626928326176
Tut7,0.0446829348808831,0.5063113778682997,1.0,-0.0468893978504242,0.223533668961616,0.5456631266329276,0.4815038155446162,0.5623589701415812,0.5967641295560546
Uqcrb,0.0010637453361911,0.0473446058585377,0.5713582599031516,-0.1980260111874749,-0.1193814263992098,-0.027403943986281,1.3912872499163935,1.2821463806445523,0.08743386684626628
Ndufs6,0.2082876875446535,0.7344923394458999,1.0,-0.1725758860230918,-0.0191520088308071,0.1374103469230854,0.7459679341585256,0.737478870172785,0.741802452776878
Mrpl36,0.0001720247930818,0.0075721656792071,0.1513756600246135,-28.67985060479156,-27.89201320890584,0.0,0.2490764192293607,0.0,0.024901674478997424
Pdcd6,0.0123997777248551,0.223132491863142,0.910105580693816,-0.0376031377078026,0.1229972302387892,0.2709957897968394,0.6752486150243322,0.7361282666201601,0.3071675324033305
Sdha,0.0027786850681888,0.0480139728942661,0.4432018403228895,-28.638788754030507,-27.28786299875928,0.0,0.163857104998747,0.0,0.08828108389791291
Cast,0.0043495700900777,0.1170097644977258,0.7605323733294866,-28.605684937158724,-27.47496880491582,0.0,0.1865476308501635,0.0,0.18240512666031722
Ell2,0.0211509943557161,0.1272502504022597,0.7108011944745979,1.2425297471614405,28.993303882517814,29.14381366687028,0.0,0.5393233905011026,0.19736277917877185
Cetn3,0.0001529566816353,0.0022878731639293,0.0320726224833987,-29.31841771569654,-29.180786655767875,-1.7444519371124851,0.61084118962706,0.0,0.011565191172481119
Mef2c,3.529139494825728e-05,0.0007335473709934,0.009501095540355,-29.3729939441773,-28.935463786727965,-27.81687246802308,0.513384245852028,0.0,0.005108462247016128
Cox7c,0.0200250059537985,0.2702706993728666,0.9699293482575216,-0.0893991339874983,-0.0290287790543699,0.0183148308066,1.959837511183116,1.9224577523404225,0.35839879300782745
Tmem167,0.2379772961816305,0.6784313725490196,1.0,-0.2554429081347039,-0.1231350494755181,0.0610713450872117,0.8075581240186255,0.7424791911202815,0.7080006145455244
Rps23,0.1563145987139795,0.6238787012780821,1.0,-0.0303007929135315,-0.0096157184413729,0.0102514711785036,3.7907451288906575,3.7658031770048153,0.6790017938833468
Ap3b1,0.0001720247930818,0.0027786850681888,0.0298677932975399,-28.8401259418477,-28.251531791604464,0.0,0.3195644729582955,0.0,0.011565191172481119
Tbca,0.0040684289910296,0.0690958164642375,0.6238787012780821,-0.256581686181688,-0.149578258472989,0.0026746978183283,1.214708799736345,1.09400914418414,0.11826761838175913
Hmgcr,0.0060874038647452,0.0834045094198544,0.5269192939921153,-29.05005758681183,-28.767587723141897,-1.109328652594899,0.4607620174336253,0.0,0.13692989951749593
Nsa2,0.0095578312296578,0.1568627450980392,0.7344923394458999,-0.1654451444395664,-0.1031668595893366,-0.0343078781236148,1.7302396830704576,1.612006751247245,0.23021660454815537
Hexb,0.0267227434121398,0.15135041160973,0.5029967875743864,0.4351862149123126,2.324240700257249,29.151062727616416,0.116038427669616,0.5509932971151226,0.2255814905681478
Btf3,0.1349368897356513,0.6238787012780821,1.0,-0.0437451190206596,-0.0043916530609458,0.0363124356274269,2.1860523154254827,2.17992953246069,0.6790017938833468
Fcho2,0.0252225734369385,0.2818899644466004,0.9671227617061148,-29.04946081792029,-1.327548596490604,0.2190847744727888,0.4908151770762607,0.201268351493885,0.37241631384730656
Zfp366,0.0050666118127268,0.0471866693782339,0.2978424776621277,0.0,28.68969878828988,28.995843059843,0.0,0.4329720888279947,0.08743386684626628
Mrps36,0.0027786850681888,0.009501095540355,0.1223341709161366,-28.37824628391657,-26.16300429074014,0.0,0.0751361715405872,0.0,0.025587610992965797
Pik3r1,0.0004763038818766,0.015860919266492,0.1574747955862501,0.1569517321933463,0.4027046197259453,0.6285776269499842,0.8611358936019814,1.133520555518525,0.037849517308952356
Erbin,0.0939799938364451,0.4416039908528433,0.9671227617061148,-28.73703308455682,-27.72072388758892,0.1639795053378875,0.2230612819594665,0.0,0.5316712454844119
Gpbp1,0.0001905215527506,0.0054933714376438,0.0824958323410335,0.2069630542439473,0.3095620596805716,0.452750635405486,0.8365247124900299,1.04130197618756,0.019253905482925885
Map3k1,0.0010637453361911,0.0252441057394617,0.1813447646264983,0.2036727769241765,0.3770291769672727,0.499310977873824,0.822438975915369,1.0678954795844748,0.05439351802911312
Snx18,0.0325325182293942,0.3524953100957074,0.9689946775534558,-28.952726991192687,-0.2410329809148522,0.7286924100248497,0.5481014048188575,0.4702966914278726,0.44474097443099614
Ndufs4,0.0005851107704714,0.0036827970389574,0.0331970060098276,-0.63812309991277,-0.3718441230237094,-0.1912166648633805,0.707816350132735,0.5515595113443099,0.014243267676984065
Emb,0.0033613054170343,0.024688445310765,0.1480467339740305,0.4772817403090242,1.9127902818499545,29.44932434757921,0.1865476308501635,0.6868797315788715,0.05439351802911312
Dnase1l3,0.0002423343526326,0.0007869050746109,0.0060878386813011,-1.3179820602277106,-1.0897370319179742,-0.8138710897521167,1.4584133573609002,0.672941189169259,0.00535109358530823
Thoc7,0.0003180691750843,0.0033676041190591,0.0367481768595412,-29.3120453302104,-29.13840019757464,-0.8958181069767767,0.5997877221334871,0.0,0.013167641060027416
Psmd6,0.0001720247930818,0.0057606676070176,0.2439425867855213,-28.79390085233505,-28.41401303662094,0.0,0.3576598746427735,0.0,0.020026072872030187
Top2b,3.529139494825728e-05,0.0007335473709934,0.0077371208623235,-29.03698299414899,-28.86649556892109,-28.53471893682596,0.4894192363564897,0.0,0.005108462247016128
Rpl15,0.0004763038818766,0.0123997777248551,0.1349368897356513,-0.0966898310837342,-0.064080672922277,-0.0222360406239211,3.1927529032942163,3.05055628189253,0.03130796958728225
Ube2e1,6.034243330066384e-05,0.0001529566816353,0.0005866867131432,-29.388747014999645,-29.2754295425805,-29.18287377919828,0.6498040766221994,0.0,0.0025457280142869155
Rtraf,6.35071842502183e-05,0.0021592442645074,0.038707628800508,-0.399655264050714,-0.2662687246197088,-0.1393972249132069,1.02073158676038,0.8471938342070622,0.011277817469767817
Gng2,0.0001720247930818,0.0007335473709934,0.0102224535836243,-28.98118467677657,-28.734211197624063,-27.647289564730293,0.4465390779285025,0.0,0.005108462247016128
Mrps16,0.0001264884392376,0.0013047195219101,0.020066313297231,-29.159147238850466,-29.004081050686302,-2.4422302680996677,0.5403302198092554,0.0,0.007966639831491183
Chchd1,0.0003005389112932,0.0029316408379423,0.0401454534659647,-1.7712251988309973,-0.4373889377095546,-0.2137001607801116,0.6836943036309757,0.5142938765368752,0.011822842105853135
Vdac2,1.5876796062554575e-05,1.5876796062554575e-05,0.0004763038818766,-0.7641855086041105,-0.6334867088824097,-0.5101300082676556,1.32428196549095,0.8532911792703022,0.000845836310232595
Rps24,0.015860919266492,0.1813447646264983,0.8506311026434865,-2.5592827198034823e-05,0.0152553940117024,0.0330157055760254,4.155158501845435,4.198718169682172,0.2593595257846093
Zmiz1,0.0001720247930818,0.0027786850681888,0.0480139728942661,-28.977484214434543,-28.56536566886934,-26.68538251258273,0.3972207273852535,0.0,0.011565191172481119
Anxa11,0.0127916359464683,0.0815766989182437,0.4332017661499477,0.0,27.842489159230773,28.931257816224736,0.0,0.2406713472330407,0.1355424970846125
Arf4,0.0007144558228149,0.004096213384139,0.015860919266492,0.178277398232649,0.2680897679464393,0.355678018218002,1.3368830254380424,1.61136446376234,0.015154567225000363
Appl1,0.0002345546750104,0.0004452140236486,0.0025253173950965,0.8821391637941867,1.5115857167289368,29.72528952704832,0.3178203800045373,0.906540390269593,0.0044323300099521155
Selenok,0.0824958323410335,0.5713582599031516,1.0,-0.1749191667560844,-0.0621786522769759,0.1176326510123779,1.3159526496551035,1.262172266743243,0.6442139956897439
Tkt,0.0004763038818766,0.038707628800508,0.522070334206556,-0.305930984955515,-0.1854033387795226,-0.0466426390735289,1.0521774351417796,0.923120452481895,0.07431167294944374
Prkcd,0.0026106574450555,0.0488002359715315,0.4640057245671759,-29.184709080951457,-0.4395442391000758,-0.0653032034892608,0.5806688265575852,0.4317944098518727,0.0894181451894528
Spcs1,0.0015241724220052,0.0490556423358853,0.4634263265270245,-0.43669009948854,-0.231149130689547,-0.0571893524265253,0.6866160644804128,0.5837973440981254,0.0898089122145804
Gnl3,0.0030617789884642,0.0759886785541828,0.7696323998459002,-28.54161243889089,-26.439426574688703,0.0,0.0910039959339047,0.0,0.12892665127306016
Pbrm1,0.000244141310286,0.0067341442234306,0.0972806142445542,-29.306246581645134,-29.110780711337785,-1.2025350501887049,0.587275863247791,0.0,0.023034448379021844
Dph3,0.007750865708345,0.1996030161831719,0.969182212422568,-0.0506986237761306,0.2421884663596734,1.3330183641439133,0.4487015805031477,0.5305388459180422,0.2824395932844218
Timm23,0.0314201794077955,0.3053901722632373,0.9699293482575216,-0.2600562662538918,-0.1013008866580538,0.053533526787988,0.7385764999398066,0.6930570353169835,0.3937002160271982
Wdfy4,0.003760918126399,0.0474424416551647,0.3742415409023687,0.3587751191400373,0.6655980524739997,1.4519398239951224,0.4292323502160092,0.6822714513311767,0.08745661173629411
Glud1,0.0314201794077955,0.343145193299992,0.9699293482575216,-0.243191632149519,-0.1145566339383466,0.0336777000097179,0.9071093518055724,0.8400748650737175,0.4339717548500196
Wapl,0.0573787409700722,0.4726680955783123,0.9699293482575216,-0.0760698249792445,0.0975864507993844,0.2435230197353703,0.672346322539167,0.7199011563044679,0.5617711721569345
Ghitm,0.1807327141382869,0.6748185395903646,1.0,-0.10746737954593,0.0622536578574341,0.2528108900675986,0.6273644620353271,0.6571008221225525,0.7080006145455244
Psmc6,0.0031156560380675,0.0761203448711755,0.549957305307333,-29.131600764959867,-1.236524592946749,-0.0462740160596206,0.5421011561446545,0.2309280807351657,0.12894471774282593
Mapk1ip1l,0.0007335473709934,0.0102224535836243,0.1387749168664838,-28.882141147426665,-28.600597926232425,-27.32458978935559,0.4070407301343085,0.0,0.02663086624291367
Lgals3,1.5876796062554575e-05,0.0001905215527506,0.0054933714376438,0.255935967791523,0.3533476489502684,0.45341737759231,1.721807549749995,2.19705508738892,0.0025696292969084092
Ktn1,0.025205396979626,0.2082876875446535,0.7871838474924749,0.0319978547146609,0.2657104675146201,0.4566205948641851,0.637043523449873,0.767040520473242,0.28859626928326176
Exoc5,0.009501095540355,0.1403889715411655,0.8494380835349864,-28.4332092213031,-26.435714538327456,0.0,0.0907701447609815,0.0,0.21083079517563333
Osgep,0.0006834348667358,0.0160894282812627,0.1819959085278635,-29.12618865441058,-28.93066608953704,-28.372222729035133,0.5129948444684967,0.0,0.03826626302161921
Pnp,3.529139494825728e-05,8.600635107884218e-05,0.0004592558527205,-29.63202128407018,-29.51470094872585,-29.289248036830784,0.7670263767886972,0.0,0.002131157373825729
Rnase6,3.529139494825728e-05,0.0001720247930818,0.0024238779803224,-29.501307242260065,-29.269973142149368,-29.004215852614237,0.6473510956618227,0.0,0.0025457280142869155
Hnrnpc,0.0473446058585377,0.3053901722632373,0.9699293482575216,-0.2062569183166784,-0.0858873916662941,0.0319495499184456,1.0970775689090475,1.0358868498288252,0.3937002160271982
Supt16,0.0003565717551321,0.0032593368359413,0.0320726224833987,-29.24736879876786,-29.05330975357146,-28.823609507984678,0.557080181429053,0.0,0.012767733083439174
Tox4,0.0017888776467873,0.0292545655864068,0.2870251802988596,-28.84030835331605,-28.22493473190577,0.0,0.3137304417910462,0.0,0.06173833403305681
Dad1,0.0573787409700722,0.5713582599031516,1.0,-0.0693999017076856,0.0382260576925468,0.1823249995240784,0.9527839026942738,0.9757512978691184,0.6442139956897439
Mrpl52,1.5876796062554575e-05,0.0001111375724378,0.0021592442645074,-0.418614972574206,-0.3400062337243906,-0.2487304827630272,1.3146097108566974,1.0388070343707223,0.0021929089524532572
Lrp10,0.0027786850681888,0.009501095540355,0.088567502575371,-28.555025556485397,-26.95348855280571,0.0,0.1299596517300417,0.0,0.025587610992965797
Psmb5,0.0021592442645074,0.0978804477256489,0.7935413193617515,-0.264000183451323,-0.1206758360067018,0.0041937843094469,0.8778207045237834,0.8063692011278405,0.1566995790738688
Acin1,0.0008074274754744,0.0107501831253363,0.0946978992238078,-29.26964611119917,-0.8373110156563344,-0.2674746450018431,0.631365864235581,0.3532459040074129,0.027903337685860726
Pabpn1,0.0001111375724378,0.0021592442645074,0.0408264300091681,-0.5871230860894403,-0.4073121398633462,-0.2362743405441205,0.8369093109635732,0.6305073107261321,0.011277817469767817
Psme1,3.175359212510915e-05,0.0003016591251885,0.0010637453361911,-0.3296860440613492,-0.2689984607289999,-0.2158220036885011,2.2512436239735387,1.867237014075944,0.003348102061336945
Psme2,6.35071842502183e-05,0.0007144558228149,0.0069163182388523,-0.4764599363720966,-0.3606425077364015,-0.2519061038312629,1.72248341540437,1.338931835515275,0.005108462247016128
Irf9,0.0027786850681888,0.009501095540355,0.088567502575371,-28.42357885397688,-26.47230310961091,0.0,0.0931016302294247,0.0,0.025587610992965797
Nedd8,0.0021592442645074,0.038707628800508,0.3053901722632373,-0.2266403203721556,-0.1444414104892775,-0.0481484171234504,1.5764893677962,1.4245313281603025,0.07431167294944374
Sap18,0.0007335473709934,0.0416622142499834,0.5998745446089188,-28.88631315639057,-28.614400946720515,-1.25281952818606,0.4126253939329165,0.0,0.07884740547665596
Mrpl57,0.0001720247930818,0.0007335473709934,0.0100063359359423,-29.18382949198875,-29.076305518855648,-28.827958324688748,0.5660309397853848,0.0,0.005108462247016128
Phf11b,0.0001720247930818,0.0007335473709934,0.009501095540355,-29.020962880966643,-28.686681816097224,-27.76114143902753,0.432067601160392,0.0,0.005108462247016128
Ctsb,1.5876796062554575e-05,0.0001905215527506,0.015860919266492,-0.4910366028349547,-0.359722532341584,-0.2444160371254125,1.2376086649775648,0.9628031027322832,0.0025696292969084092
Dpysl2,0.0007335473709934,0.009501095540355,0.1403889715411655,-28.83313441323958,-27.939280857588415,0.0,0.2573721756111277,0.0,0.025587610992965797
Bnip3l,0.0345954578733073,0.4078373860045269,1.0,-28.815936563930457,-1.2074612710590735,0.2143278635965371,0.4360316945460771,0.191448410892542,0.5015011365122024
Itm2b,1.5876796062554575e-05,6.35071842502183e-05,0.0007231880606493,-0.2654236780526894,-0.2091201411921292,-0.1613486383389245,1.86997898087001,1.619107687791775,0.001592162466320179
Esd,0.0821176473869336,0.5559888854413029,1.0,-0.3121966065680065,-0.064493090260768,0.1924928743756813,0.608200211287321,0.5858261561418903,0.639747470235106
Lcp1,0.0001111375724378,0.0095578312296578,0.1813447646264983,-0.145515998298724,-0.096654338110273,-0.0398382509184101,2.23872659167736,2.0939852765679925,0.025587610992965797
Zc3h13,0.0001720247930818,0.0027786850681888,0.0982236690677242,-28.818675891811584,-28.528339297134675,0.0,0.3871559477312307,0.0,0.011565191172481119
Tpt1,6.35071842502183e-05,0.0010637453361911,0.0095578312296578,0.0399495047523165,0.0525651760496451,0.0650812005278979,4.185441173947305,4.34133947006289,0.006726532081374582
Dnajc15,0.0007335473709934,0.0027786850681888,0.009501095540355,-29.00432188255641,-28.83782677225765,-27.76630145851621,0.479789641331721,0.0,0.011565191172481119
Epsti1,3.529139494825728e-05,3.529139494825728e-05,0.0001720247930818,-29.931108621281968,-29.815084134873064,-29.615078185433333,0.944571086009686,0.0,0.0011224770542497952
Elf1,0.0007335473709934,0.009501095540355,0.0959961730355479,-28.99386468071505,-28.68054793204186,-27.60170348324574,0.4302344857353244,0.0,0.025587610992965797
Sugt1,0.0223248661163731,0.2255493715247968,0.9382708442439336,-28.987566078126992,-0.1876935628672956,0.1116261171464513,0.5309195812160311,0.4746730878806792,0.3100940069157045
Tbc1d4,0.1152655394141462,0.6238787012780821,1.0,-0.166793355911085,0.0174123215340589,0.1971621612276994,1.5598952997243274,1.5796009125191377,0.6790017938833468
Commd6,0.0007335473709934,0.0077371208623235,0.0978412151825437,-28.78382875963469,-28.081927200730988,0.0,0.2841204029571135,0.0,0.025101967818363515
Kctd12,0.038707628800508,0.343145193299992,0.9699293482575216,-0.1091072685740982,0.0767555592746371,0.2914251711656673,0.728867145144769,0.7672356129448217,0.4339717548500196
Mycbp2,1.5876796062554575e-05,0.0003016591251885,0.0123997777248551,-0.6647843317084474,-0.5219096818304443,-0.3730002549788749,1.185970027105805,0.8253510042272116,0.003348102061336945
Gm10076,0.1349368897356513,0.4268635389378423,0.8506311026434865,-0.0151515645290537,0.1009826764365753,0.238075127685116,1.177640668222225,1.263679102163565,0.5156724498166337
Tpm3-rs7,0.0007335473709934,0.0007335473709934,0.0007335473709934,-29.896784533273244,-29.80327947287622,-29.65564490645276,0.936873791596666,0.0,0.005108462247016128
Dnajc3,0.1131748953755285,0.615497508592667,1.0,-0.3070209431926131,0.0470820910651274,0.3805759114250561,0.5396851637581388,0.562248799049782,0.6790017938833468
Mbnl2,0.1813447646264983,0.7344923394458999,1.0,-0.1955281725457593,-0.025086363093565,0.2008775279700444,0.7792224561987819,0.7656143807866902,0.741802452776878
Rap2a,1.5876796062554575e-05,0.0002423343526326,0.0003320731849167,1.0033145324084811,1.304452215836032,1.76364916206782,0.491404561495148,1.209645353945315,0.0029219014710520916
Stk24,0.2452648379232697,0.7264717268578031,1.0,-0.2416486927004553,0.0301476383210072,0.4699352425917685,0.5531018455570764,0.5725486730971698,0.741802452776878
Gpr183,0.0015241724220052,0.0201317774073192,0.122681892061482,0.5806615548393651,1.085387402602228,1.475377550430052,0.570911036274599,1.2157964258462677,0.04554226927282082
Rpl37,0.0054933714376438,0.0201317774073192,0.1152655394141462,-0.0824305978303057,-0.0594713428392423,-0.0339553575824665,3.59686310863765,3.44943091169136,0.04554226927282082
Ptger4,0.0027786850681888,0.0298677932975399,0.2870251802988596,-28.701571025153928,-27.263459087461595,0.0,0.161108690682276,0.0,0.06227814825543789
Fyb,3.529139494825728e-05,0.0001720247930818,0.000975934543285,-29.77228244326163,-29.533028439516837,-29.256885781604822,0.7768325641533818,0.0,0.0025457280142869155
Rictor,0.0027786850681888,0.0027786850681888,0.0298677932975399,-28.66526296954192,-27.93696146163622,0.0,0.2569587352281717,0.0,0.011565191172481119
Nipbl,0.0694015268921112,0.5208065412399778,1.0,-0.3381166656796684,-0.0896670444546421,0.2332218693842646,0.5984666627586774,0.563193122675501,0.6025183167113968
Il7r,0.0001808387981124,0.0002468053800044,0.0010701382541962,30.475370077434665,30.56134327341696,30.645922108625925,0.0,1.58445909882679,0.0029219014710520916
Dnajc21,0.0007335473709934,0.0027786850681888,0.0298677932975399,-28.830757592936155,-28.05227753521498,0.0,0.27834087183758,0.0,0.011565191172481119
Sub1,0.0003016591251885,0.015860919266492,0.1574747955862501,0.0344898650770278,0.0759866651294358,0.1296439807734483,2.5619532980868,2.6967864158524684,0.037849517308952356
Basp1,0.0001905215527506,0.0123997777248551,0.1568627450980392,0.0560677134633084,0.1267516425525747,0.1869851101768141,2.405213958805557,2.6280658510310757,0.03130796958728225
Otulin,0.0040836058024366,0.0664522537555114,0.5028277071539042,-29.129626090764056,-28.89809455779038,-0.7781225143659967,0.514365501361244,0.0,0.11635969823582154
Otulinl,3.529139494825728e-05,0.0003565717551321,0.0032593368359413,-29.39857779939,-29.19052268849301,-28.731242897503627,0.6126647837954255,0.0,0.0037247765205220837
Cct5,0.0001905215527506,0.0252441057394617,0.428008652853853,-0.3298516684879367,-0.2208084937245114,-0.1120357167520724,0.995953883788497,0.8526388245219095,0.05439351802911312
Mtdh,1.5876796062554575e-05,0.0010637453361911,0.0573787409700722,-0.5798792699296531,-0.439732271329851,-0.2705982242687725,0.8595033133362036,0.630454873019891,0.006726532081374582
Rpl30,0.2702706993728666,0.7344923394458999,1.0,-0.021379304952862,0.0077604494036922,0.0371252123070656,3.4937878218585,3.514715348762645,0.741802452776878
Cox6c,0.0974958323410336,0.6238787012780821,1.0,-0.0549779005581925,0.001821733089459,0.0577972833371984,2.0557206778542048,2.0600575707023303,0.6790017938833468
Polr2k,0.0160894282812627,0.2013437891236671,0.8397467778155911,-28.87513935846976,-28.605397750347603,-1.1026108240502783,0.409374866019374,0.0,0.2837722318932107
Pabpc1,0.0003016591251885,0.0054933714376438,0.0473446058585377,0.0703435627646519,0.136284262798899,0.2061717235389114,2.051773441930305,2.2565681472599,0.019253905482925885
Ywhaz,0.0021592442645074,0.0123997777248551,0.038707628800508,0.1546176818916995,0.2270470993079759,0.2981744493069159,1.5595781263036788,1.8274578362411675,0.03130796958728225
Zfp706,0.0189749929584781,0.1996030161831719,0.8438240027273856,-2.280196536831792,-0.2021749265378215,0.0916046690073763,0.563005371648903,0.4913356155255924,0.2824395932844218
Eif3e,0.0029848376597602,0.0757958244026355,0.6238787012780821,-0.1906064849596707,-0.1045144679231043,-0.0220183679691059,1.2739740705581075,1.18419248548005,0.12892665127306016
Emc2,0.0001720247930818,0.0007335473709934,0.009501095540355,-29.01958476185041,-28.70398000905521,-27.927416619839747,0.4372793579399545,0.0,0.005108462247016128
Eny2,0.0069757439027985,0.1110173717526384,0.7843794980581811,-29.03178121747732,-0.27523699860247,0.0594071060510678,0.5240632145609849,0.4421804577207509,0.17602531190838724
Trps1,0.0123997777248551,0.2082876875446535,0.9115833661226544,0.0047910184800117,0.1904627147644407,0.4170368203528357,0.748150350509293,0.8518366188750576,0.28859626928326176
Eif3h,3.175359212510915e-05,0.0007144558228149,0.038707628800508,-0.2767675416963177,-0.1956640117288002,-0.1218750175029064,1.5153622186262998,1.323063032948595,0.005108462247016128
Rad21,0.0001720247930818,0.0001720247930818,0.0032593368359413,-29.21819132237445,-28.879975941573782,-28.24135889031676,0.494013743945245,0.0,0.0025457280142869155
Mrpl13,0.0007335473709934,0.009501095540355,0.088567502575371,-28.78160402234605,-27.28786299875928,0.0,0.163857104998747,0.0,0.025587610992965797
Derl1,0.0007335473709934,0.022438890030895,0.1999883184195745,-28.788175063420635,-27.70988429562775,0.0,0.219536303499626,0.0,0.04975783002688579
Ndufb9,0.004096213384139,0.1349368897356513,0.8506311026434865,-0.1857471436851883,-0.0913718742170217,0.0052124224507048,1.0901561517244425,1.024222901519995,0.20480805699905477
Fam49b,1.5876796062554575e-05,0.0001111375724378,0.0055096749813439,-0.4359468348535572,-0.3616382674297793,-0.2765022483924872,1.7086399524638811,1.32968161703011,0.0021929089524532572
Asap1,0.0003519580810809,0.0075721656792071,0.0995964768261884,-28.95927130208328,-28.706211808351057,-27.54185401486544,0.4379563374707167,0.0,0.024901674478997424
Efr3a,0.0007335473709934,0.009501095540355,0.088567502575371,-28.61864812255467,-27.403462627341465,0.0,0.1775269261666745,0.0,0.025587610992965797
Phf20l1,0.0027786850681888,0.009501095540355,0.2615722360139493,-28.33401917296007,-26.47230310961091,0.0,0.0931016302294247,0.0,0.025587610992965797
Sla,0.0407178355783717,0.3418362516636597,0.9652708787718872,-28.7775817717517,-27.78430898147409,0.0,0.2311587888584485,0.0,0.4339717548500196
Ndrg1,0.0001808387981124,0.0040114305565442,0.0794960921881719,29.08742010161036,29.308377171484302,29.47723212104425,0.0,0.664837528611729,0.015154567225000363
St3gal1,0.0027978174746771,0.0108361377218406,0.0557432987804457,2.045752954480415,29.25570469906769,29.361676205612078,0.0,0.6421326805796259,0.028058091719613997
Chrac1,0.0030690378069328,0.082022527544501,0.5830761331824957,-28.896767053942156,-28.76305264504024,-0.8629990082348888,0.4569694534932506,0.0,0.1355424970846125
Ago2,0.0001111375724378,0.0095578312296578,0.0978804477256489,0.2331672548139091,0.4922685475043039,0.7106740785700147,0.6304783893042085,0.8845711617494554,0.025587610992965797
Ly6e,1.5876796062554575e-05,1.5876796062554575e-05,1.5876796062554575e-05,-0.7076143704963175,-0.6242599009052175,-0.5517530444710222,2.4106111343961363,1.5654369955900251,0.000845836310232595
Ly6a,3.529139494825728e-05,3.529139494825728e-05,3.529139494825728e-05,-31.101807910314168,-31.018960281866104,-30.909449443320955,2.175892719048425,0.0,0.0011224770542497952
Gsdmd,0.0007335473709934,0.0027786850681888,0.0298677932975399,-28.6610628177908,-27.70431964875224,0.0,0.218691156747838,0.0,0.011565191172481119
Eef1d,0.0029641978248789,0.0473446058585377,0.3837421608319441,-0.2838470478419502,-0.1554418379136881,-0.0523482992429265,1.1286364603352048,1.01730302984917,0.08743386684626628
Cyc1,0.0001712003574158,0.0023050978559082,0.0286888103198488,-29.073483396295025,-28.86270519748004,-28.415758706247672,0.488135080060727,0.0,0.011565191172481119
Vps28,0.001542396104861,0.0130238645462553,0.1569155794666105,-29.27801228718509,-1.255025546010081,-0.1976798905431237,0.6115699729002053,0.2443648962665681,0.032651594527141226
Rpl8,0.0690958164642375,0.3837421608319441,0.9699293482575216,-0.0040319315768638,0.0172703844756905,0.0440190545290938,3.188269334905905,3.22588997483739,0.4754386887981819
Myh9,0.0252441057394617,0.3053901722632373,0.9699293482575216,-0.0230287190333349,0.0503068744237986,0.1441893650150331,1.3396461917754952,1.387290141367475,0.3937002160271982
Txn2,0.0001720247930818,0.0046531078421473,0.0834045094198544,-28.9704549331042,-28.760390801853514,-28.258704827830694,0.454716085348178,0.0,0.01700113207406434
Eif3d,0.0082601045911259,0.1273457631960635,0.8420478676208448,-29.02547532688492,-28.66762831017963,0.013156572235321,0.4682579310537522,0.0,0.19736277917877185
Ncf4,0.0314201794077955,0.343145193299992,0.9699293482575216,-0.065955041827013,0.147321693018511,0.4135500420145601,0.8004695522558475,0.8867266084985574,0.4339717548500196
Csf2rb2,1.5876796062554575e-05,0.0004452140236486,0.0096401527677365,0.7295977475615951,1.1290519143705358,2.3852576673193417,0.4897423919114044,1.0815237112494038,0.0044323300099521155
Csf2rb,1.5876796062554575e-05,1.5876796062554575e-05,3.175359212510915e-05,0.6051201617791176,0.7149905419670533,0.8379715264358837,1.619485578448415,2.6598329865957098,0.000845836310232595
Rac2,0.0010637453361911,0.0252441057394617,0.2082876875446535,-0.5824785541787535,-0.4174963718332068,-0.188488440193239,1.082657310389965,0.8057056272611225,0.05439351802911312
Cyth4,0.1152239746189255,0.6158964889935725,1.0,-0.2021349722943344,-0.0051938535988364,0.220503049002708,0.698263076589094,0.694173182540736,0.6790017938833468
Sh3bp1,0.0001720247930818,0.0027786850681888,0.0298677932975399,-28.83137152301751,-28.53206716910668,0.0,0.388157565280652,0.0,0.011565191172481119
Lgals1,0.0002040915427345,0.0010701382541962,0.0088215934511808,1.3436117848098807,29.486897107476228,29.70674995524046,0.0,0.7810093376003168,0.006727034276377884
Eif3l,0.0030690378069328,0.0476951345024951,0.3897805604748862,-28.885875642020835,-28.666361845664127,-27.44971203480189,0.4260247268112184,0.0,0.08784644047088769
Polr2f,3.529139494825728e-05,0.0007335473709934,0.037650276439806,-28.98860927380596,-28.7184405797646,-27.567577918366805,0.4416843813716245,0.0,0.005108462247016128
Ddx17,0.069716785684335,0.4268635389378423,0.9699293482575216,-0.2772274709429708,-0.0986452125092427,0.0806381619172566,0.5924100729306963,0.5560171927199224,0.5156724498166337
Tomm22,0.022796347982707,0.1813447646264983,0.9078340000264986,-0.3186158120437127,-0.1533610655086539,0.0503364115044267,0.6589143633378717,0.592199044397039,0.2593595257846093
Rpl3,0.0690958164642375,0.5208065412399778,1.0,-0.036669861165281,-0.0085843729699164,0.0183055514349981,2.9659717294237518,2.950521072632519,0.6025183167113968
Atf4,0.0001905215527506,0.0029848376597602,0.0253985075811699,0.425679567324134,0.6094471449740964,0.8462277014707067,0.5743694446914356,0.8735762965006744,0.011822842105853135
St13,0.0148720549879352,0.0824958323410335,0.3837421608319441,-0.4440230785835543,-0.2644460722872128,-0.0765984220050031,0.728835224299131,0.6075440407839925,0.1355424970846125
Rbx1,1.5876796062554575e-05,0.0001111375724378,0.0015241724220052,-0.3524421629086087,-0.2611812044352037,-0.1819315584838875,1.3832137457650848,1.159875860108045,0.0021929089524532572
Ep300,0.0007335473709934,0.0298677932975399,0.2914741136837093,-28.533269539376207,-26.64719823558923,0.0,0.1051007863042577,0.0,0.06227814825543789
Tob2,0.0978804477256489,0.5713582599031516,0.970681114551083,-0.1082680207934218,0.0768086101468946,0.2459941008515491,0.745628802498592,0.7858590485081685,0.6442139956897439
Phf5a,0.0208004792731061,0.1677378966418669,0.777175844177794,-29.071292878935004,-0.4378843721779366,0.2258332266043684,0.5327907255016473,0.4030711413415451,0.24462095661251937
Aco2,0.0007335473709934,0.0027786850681888,0.0299557565608405,-28.759228054893462,-28.38580109069603,-26.68538251258273,0.3507338782824137,0.0,0.011565191172481119
Snu13,0.0095578312296578,0.2082876875446535,0.910105580693816,-0.3170090088186931,-0.1478548429161914,0.0011013285311917,0.9105375407860234,0.8190029815902142,0.28859626928326176
Srebf2,0.0092079327359871,0.2023371148299164,0.910105580693816,-0.5067278899801118,-0.2102692054255199,0.0863482816882132,0.6350968552438307,0.5509312020477403,0.2847955031060448
Smdt1,3.175359212510915e-05,0.004096213384139,0.0978804477256489,-0.2574893491077439,-0.1696992846071797,-0.0727140836131108,1.5712896781433976,1.39610758328759,0.015154567225000363
Ndufa6,0.0003016591251885,0.0095578312296578,0.0978804477256489,-0.3107482556519351,-0.2178341969455519,-0.1285122460765436,1.3602843873214736,1.167607850441545,0.025587610992965797
Poldip3,0.0054933714376438,0.0690958164642375,0.4726680955783123,0.1003086157902163,0.219870227843286,0.3635683247385685,0.6259802640873722,0.7284747513997235,0.11826761838175913
Tspo,1.5876796062554575e-05,1.5876796062554575e-05,0.0003016591251885,-0.4308711321591076,-0.3534783999411228,-0.2708797045064247,1.9487144055260173,1.5287031743761326,0.000845836310232595
5031439G07Rik,0.02101953872444,0.2227959761712598,0.892791655425924,-28.713983048257905,-26.68538251258273,0.0,0.107919662386888,0.0,0.3071675324033305
Atxn10,0.0001720247930818,0.0027786850681888,0.037650276439806,-28.75662140516961,-28.359606610250413,0.0,0.344423085996301,0.0,0.011565191172481119
Pim3,0.0001720247930818,0.0027786850681888,0.0298677932975399,-28.927992213756585,-28.461283448808828,0.0,0.3695732193995796,0.0,0.011565191172481119
Zcrb1,0.0029848376597602,0.0895124226007759,0.6784313725490196,0.0349556023349396,0.2143752524230228,0.4436230486219806,0.6006047331718097,0.6977916274006706,0.1466187337142609
Scaf11,0.0018447703965623,0.0456848527103148,0.4495095339598908,-29.141335445077903,-2.289206666165395,-0.103599518297291,0.5120477904159215,0.1196359585964905,0.0861543549784786
Slc38a1,0.0054933714376438,0.0690958164642375,0.3837421608319441,0.127250488605197,0.3187488779131949,0.4997279470662186,0.8023664429272311,1.0043352284058156,0.11826761838175913
Slc38a2,0.0824958323410335,0.5208065412399778,0.9699293482575216,0.0035862575683833,0.1830074277957463,0.4291744211447279,0.628653011742807,0.7090426688688647,0.6025183167113968
Ccnt1,0.0102029298672555,0.1387749168664838,0.7165078502287854,-28.889344827066125,-28.353786091949694,0.0,0.3434499281664667,0.0,0.20944004804708
Arf3,0.0006834348667358,0.0078085805683866,0.0674459761625369,-29.12208490506651,-28.93695377050888,-28.66536871347207,0.513914731726827,0.0,0.025212250289745216
Tuba1b,0.0002219962051443,0.0007549992228802,0.0062363602692872,-29.8457814466277,-0.903776058691703,-0.6035379146686536,0.9708714976493784,0.521888189726095,0.005190010786960343
Tuba1a,0.2475933870261065,0.7498482066597265,1.0,-28.817697432233384,-0.0203885481362797,1.069405308223034,0.417511811601009,0.4442599775422979,0.7562359339289528
Tmbim6,3.135667222354531e-05,0.0015241724220052,0.0694308168611571,-0.3300091464392858,-0.2286878862533432,-0.1129361173422323,1.2098489119462974,1.0301987779686526,0.008754747793242807
Cox14,1.5876796062554575e-05,0.0004763038818766,0.0120342850362327,-0.681126799174504,-0.5224914836742149,-0.376854415567086,0.8219227375228955,0.5735354075228991,0.0044323300099521155
Larp4,0.0263812634735321,0.2838788176757985,0.9671227617061148,-28.84465413830288,-28.268439391776155,0.29594550522568,0.383286974066637,0.0,0.3745794182458988
Dazap2,0.0029848376597602,0.0824958323410335,0.5713582599031516,0.0200780482875738,0.1215553223302466,0.2369020285391149,1.0530575270721263,1.14638505042828,0.1355424970846125
Grasp,0.0001529566816353,0.0013981399053915,0.0094129018442965,-29.80545243449692,-29.573106197596797,-29.210640671150006,0.799503597048872,0.0,0.008369202635924961
Nr4a1,0.0001720247930818,0.0027786850681888,0.0298677932975399,-28.85363394813889,-28.34327261815288,0.0,0.3405455770820499,0.0,0.011565191172481119
Eif4b,3.175359212510915e-05,0.0029848376597602,0.0978804477256489,-0.5078859164040859,-0.306260777993246,-0.1601244235067504,0.725666792921743,0.5927529821424541,0.011822842105853135
Itgb7,0.0040738477603344,0.030173926796862,0.173817623591589,-29.24538778991114,-29.069696139100422,-1.5766607876482652,0.5654367091535679,0.0,0.06267118713851162
Pfdn5,0.0824958323410335,0.6238787012780821,1.0,-0.0469158205206489,0.009701474703119,0.0537186114544892,2.0683668714725574,2.0797098777657363,0.6790017938833468
Prr13,0.0314201794077955,0.2379772961816305,0.8521179645947434,-0.4085877926776305,-0.1842756783226894,0.0466131978091438,0.8491709846451178,0.7421149889972395,0.3215787052397302
Pcbp2,0.0573787409700722,0.6238787012780821,1.0,-0.1272448046025611,-0.0426983772109203,0.0353769254414555,1.3896392943276574,1.3507401575402276,0.6790017938833468
Atp5g2,0.0001111375724378,0.004096213384139,0.0573787409700722,-0.1706086366247647,-0.1269076550709063,-0.070458439704262,1.919064501063745,1.7585497524004725,0.015154567225000363
Hnrnpa1,0.0010637453361911,0.0201317774073192,0.3053901722632373,-0.2402567630807565,-0.1555698118310249,-0.0723648054928771,1.5909669164197613,1.43031851951975,0.04554226927282082
Copz1,0.0007335473709934,0.009501095540355,0.088567502575371,-28.637310474228062,-27.51668502666044,0.0,0.1920304128500722,0.0,0.025587610992965797
Nckap1l,0.0115206170324675,0.1310062727677834,0.7274683619586189,-1.5424282396239464,-0.2915717089380351,0.0057395407426539,0.5779599752535876,0.4717919686438387,0.20200750164120582
Crebbp,0.0105776128248123,0.2299948384840083,0.9689976177727812,-0.0257103732626042,0.2535201951226174,0.93930924285359,0.4607570136646624,0.5482523566976107,0.3157983252638027
Rogdi,0.0010531774138967,0.0168210442963698,0.1516536907809686,-29.194723639464502,-28.93641797402321,-28.62824670949397,0.513723906517742,0.0,0.03982849488396005
Glyr1,0.0032593368359413,0.0674459761625369,0.5136893790987446,-28.95050031221625,-28.69164601693942,-26.90128808935237,0.433622304074882,0.0,0.11790596817257272
Ubn1,0.0534444192530722,0.5063113778682997,1.0,-1.0955312961783543,0.2283746295988882,1.5717830496157024,0.419542352976769,0.493500906903864,0.5967641295560546
Nubp1,3.529139494825728e-05,0.0006834348667358,0.0077371208623235,-29.173173185520813,-28.998193308451366,-28.61441851249129,0.536199006665875,0.0,0.005108462247016128
Ciita,3.529139494825728e-05,3.529139494825728e-05,0.0001720247930818,-29.891137320401118,-29.710199830982397,-29.509669161631862,0.878337299287697,0.0,0.0011224770542497952
Litaf,6.35071842502183e-05,0.0021592442645074,0.0054933714376438,0.3154021714183809,0.3919688014867108,0.4847924975033812,1.0100090321023152,1.323349811693715,0.011277817469767817
Zc3h7a,0.0004954208174452,0.0017888776467873,0.0252559917062016,-29.144511782781148,-28.911464285928066,-28.685445897984337,0.5049146996133361,0.0,0.00985038311447994
Rsl1d1,0.0029954314823348,0.0527200179360818,0.4097444093849431,-29.15648487971268,-28.92496603572189,-0.8034515900231742,0.5120318118680864,0.0,0.0960225283946926
Gspt1,0.0085680166882523,0.0910462894294271,0.5063113778682997,-29.231871682015232,-1.624338484199035,-0.1462125028181094,0.5577813217473485,0.187959541502517,0.14878806961204688
Ntan1,0.0060568372158396,0.1060951416416458,0.5834482930326043,-28.960326764351148,-28.743043307028568,-1.2572816115260932,0.449974270638553,0.0,0.1685971266505199
Mapk1,0.0014974463640348,0.0084615809064038,0.0694015268921112,0.2514754347926069,0.4979166374121805,1.8988856068129425,0.4260265072105272,0.6032436189046659,0.025587610992965797
Sdf2l1,0.0004510172774488,0.0043194691495863,0.060587266201943,-29.682258839939596,-1.6137828242720138,-0.4217854555562929,0.7794527792203972,0.253218898445516,0.015925240065343262
Ube2l3,0.0824958323410335,0.6238787012780821,1.0,-0.1471644454224216,-0.0354095931918747,0.0812353120026958,1.14409767053263,1.1133837306109649,0.6790017938833468
Ranbp1,6.35071842502183e-05,0.0095578312296578,0.1568627450980392,-0.5452751986346218,-0.3661485293939146,-0.156016655733553,1.1413812403633323,0.8787896043263974,0.025587610992965797
Ap2m1,0.0015404776337769,0.0385392543410508,0.3433603767666695,-29.038932178430024,-28.82542076598537,-27.41484462713585,0.4767737467685286,0.0,0.07431167294944374
Psmd2,0.0315090279755986,0.3284001495503572,0.9689946775534558,-28.886569536120597,-0.1597618229109218,0.215019949099908,0.5168988934451602,0.462449323800291,0.42234201490151546
Eif4g1,0.0393165180425796,0.389755717262383,0.968815717976914,-28.92580953152633,-1.063465571009147,0.1792119722562781,0.480649987558519,0.233811733142992,0.48204842338139187
Tra2b,3.175359212510915e-05,0.0054933714376438,0.1568627450980392,0.1081127240160299,0.2238224749689804,0.3533543416819428,0.8145286733910501,0.9504978347466464,0.019253905482925885
Dnajb11,0.0003180691750843,0.0069870186828277,0.1295450020706858,-29.1796767878091,-28.989560215699125,-0.3336783197796854,0.5519440281187725,0.0,0.023784883088028484
Eif4a2,0.0029848376597602,0.069716785684335,0.5208065412399778,-0.4165950641893479,-0.2326081968753882,-0.0487109407452876,0.6689010967572507,0.570922318566603,0.11894833490257636
Ccdc50,0.0473446058585377,0.2379772961816305,0.7920774787647853,-0.3722528872996498,-0.2224532845534479,-0.0491183358409066,0.8402645757185853,0.7190745725985047,0.3215787052397302
Atp13a3,0.066683981771974,0.395707125195179,0.967739567973502,-27.579616471695715,2.127119405591115,28.874966546589064,0.0829531581507843,0.412981611697316,0.4882162468825922
Acap2,0.0001720247930818,0.0007335473709934,0.0134952447806316,-28.759590228660308,-28.43306050628808,-26.44304192416313,0.3624132603613025,0.0,0.005108462247016128
Ppp1r2,0.0095578312296578,0.0573787409700722,0.4268635389378423,0.0704601673094223,0.2561205390248411,0.4002438485613628,0.6739807834320313,0.804616406514499,0.10246461361949206
Pak2,0.1563145987139795,0.6784313725490196,1.0,-0.0729504551161589,0.0143672516281817,0.1024499239850799,1.04101483322315,1.054164840445436,0.7080006145455244
Nrros,0.0207479880694546,0.2021825257785198,0.8437706440141102,-29.09479720617058,-28.685840382660214,0.0640465085365056,0.4847320990739909,0.0,0.28476600293061843
Tctex1d2,0.0034288832126691,0.0393165180425796,0.3524742398118425,-29.03793142023797,-28.76593222636011,-27.424448681792978,0.456788598319615,0.0,0.07507482074259599
Rpl35a,0.0123997777248551,0.1152655394141462,0.5120261550110087,0.0012330495041198,0.0176152618728359,0.0337273311194696,3.801358711243543,3.847099505479665,0.1803457154857163
Parp14,6.034243330066384e-05,0.0007335473709934,0.0102224535836243,-29.21017624830916,-29.027173482574504,-28.335830217247853,0.5470788266598601,0.0,0.005108462247016128
Kpna1,0.0201317774073192,0.2315792029737146,0.7868234305012446,0.0953013969813357,0.3415281651512061,0.6146126316569565,0.5273572144887035,0.665739414324632,0.31756453123358164
Cd86,0.2379772961816305,0.7344923394458999,1.0,-0.1124276391505747,-0.0240432081958659,0.0584943049528494,1.5838540262816976,1.5596925415982212,0.741802452776878
Golgb1,0.0024238779803224,0.009501095540355,0.1165400811894109,-28.70642114595608,-27.656055133826527,0.0,0.2114959985093389,0.0,0.025587610992965797
Hcls1,1.5876796062554575e-05,3.175359212510915e-05,0.0004763038818766,-0.7296451232610773,-0.6120611504563394,-0.4887277081486617,1.079000507639105,0.704746133136319,0.0011224770542497952
Ndufb4,0.0314201794077955,0.343145193299992,0.9699293482575216,-0.3019077063847006,-0.0919659035040325,0.0973009091219261,0.7977823390609711,0.7494222192436433,0.4339717548500196
Cox17,0.0029848376597602,0.0473446058585377,0.3053901722632373,0.065608547798843,0.1822691041275484,0.3079841599251944,1.3576221880046375,1.5388324162387426,0.08743386684626628
Adprh,0.0027786850681888,0.0298677932975399,0.3354105003875558,-28.54965400524277,-26.98502515794512,0.0,0.1328317832456675,0.0,0.06227814825543789
Cd80,0.0002423343526326,0.003760918126399,0.0276556527566731,0.5461442252678039,0.8186508342698998,1.8057176209063064,0.4723239003838115,0.8294879909702291,0.014492796613664139
Atp6v1a,0.0201398194368793,0.1737771549010672,0.8327859255946153,-29.04944740535124,-28.40131220670621,0.0,0.3704164694286872,0.0,0.2527775543304943
Naa50,0.005256183774376,0.1387749168664838,0.7498482066597265,-28.999712359314323,-28.79425853856709,-0.1474741779718365,0.4784827884428317,0.0,0.20944004804708
Atg3,3.529139494825728e-05,0.0001720247930818,0.0032661516102076,-29.20119891015937,-28.99230452326237,-28.72383617481988,0.534014813065121,0.0,0.0025457280142869155
Cd47,0.1152655394141462,0.4726680955783123,0.9699293482575216,-0.1015537246590938,-0.0334608147756903,0.0357246266827585,1.82113045722161,1.7775861316514976,0.5617711721569345
Alcam,0.0006688863594855,0.0137700451484554,0.1882840311694126,0.1600057865953513,0.7685204471707574,29.3341255037971,0.3929634740719939,0.6680738291033588,0.033835319465779785
Nfkbiz,0.0013981399053915,0.0120437028023379,0.1108917813247131,-29.71952626144121,-29.31247185553768,-1.4867545083223872,0.681149816463335,0.0,0.03099653462775612
Rpl24,0.0385254425656902,0.2702706993728666,0.6784313725490196,-0.0519310563608427,-0.0269554507938531,-0.0052425419343006,3.1504267488452573,3.092979127002725,0.35839879300782745
Pcnp,0.0401266198467222,0.3034310120995738,0.9689946775534558,-0.5231090117637214,-0.1208784760045,0.1185175370212467,0.55041626567888,0.5107937708074979,0.3937002160271982
Tomm70a,0.001264661700178,0.0674459761625369,0.7035921884209926,-28.700072379509944,-28.0103744102711,0.0,0.2703727296630217,0.0,0.11790596817257272
Filip1l,0.0006787345155035,0.0102224535836243,0.1223341709161366,-28.903118659637904,-28.21509486458457,0.0,0.3115945718032852,0.0,0.02663086624291367
Cldnd1,0.1275314931099083,0.4860255962779837,1.0,-28.46268816438098,0.0,28.71334126647551,0.1032511560525005,0.187959541502517,0.5763609046568633
Cggbp1,0.0054933714376438,0.1152655394141462,0.5713582599031516,0.0420498208809758,0.2256143768069506,0.4430398928216579,0.6277123836628293,0.7288838316676984,0.1803457154857163
Samsn1,1.5876796062554575e-05,0.0005953798523457,0.0201317774073192,0.2308451831374511,0.4123819896721049,0.5958464512729913,1.18172453851043,1.5656826962264851,0.005108462247016128
Nrip1,0.153325484784698,0.6712057066317096,1.0,-0.2624742502395176,-0.0447423731292699,0.1578189404209695,0.6812363339884198,0.6647635757676542,0.7080006145455244
Atp5j,0.0021592442645074,0.1152655394141462,0.8506311026434865,-0.1209427511547768,-0.0522763342515767,0.01442171639017,1.5225800536016614,1.469636604502265,0.1803457154857163
App,0.0001111375724378,0.0054933714376438,0.0690958164642375,-0.4222779925215408,-0.309637241555025,-0.170284969522484,1.1688727167174449,0.9438949788730716,0.019253905482925885
Cct8,0.015860919266492,0.2379772961816305,0.910105580693816,-0.1940742416974056,-0.0816602861118378,0.0519957320545507,0.8358967203647187,0.7883098217088784,0.3215787052397302
Bach1,0.0687153338442212,0.3119748130387528,0.9034293146939671,-29.089975752543467,-28.71607306386456,-0.1231676143057124,0.473252546368379,0.0,0.40194578390905816
Sod1,0.0015241724220052,0.0201317774073192,0.1354850361197105,0.1016273320841142,0.2566449716888302,0.4640416678733103,0.762061131158443,0.914709322136016,0.04554226927282082
Synj1,0.0001111375724378,0.0029848376597602,0.0473446058585377,0.2008655314213467,0.3744854233626569,0.6051988944500524,0.630367471174608,0.8148003640593666,0.011822842105853135
Paxbp1,0.0004954208174452,0.0060874038647452,0.0978412151825437,-28.971352135864503,-28.409648438210787,0.0,0.3565794780634457,0.0,0.020992207491670942
Ifnar2,0.0001111375724378,0.0123997777248551,0.3053901722632373,-0.5070737460736043,-0.3225235986924543,-0.1042553949882576,0.7596226611141932,0.6071898445776878,0.03130796958728225
Ifnar1,0.0535086114800128,0.5208065412399778,1.0,-0.183617864247622,-0.0454714653481043,0.1371360259370459,0.993800353904009,0.9621013459462968,0.6025183167113968
Ifngr2,0.0200250059537985,0.4268635389378423,0.9699293482575216,-0.1048848019146254,0.1654378074154622,0.4294247419577586,0.6444278639712412,0.7202190539570007,0.5156724498166337
Tmem50b,0.0029671780574705,0.0162040469252918,0.0946790309824014,0.8679359677674268,29.298158028852068,29.471282069669684,0.0,0.6978138370851215,0.03849590189275009
Son,0.0473446058585377,0.5713582599031516,1.0,-0.0665944135751392,0.011408733958046,0.0908617714504048,1.5233451749323326,1.536407422732395,0.6442139956897439
Atp5o,0.0095014686036357,0.1349368897356513,0.6238787012780821,-0.3491705355233745,-0.2050911509975409,-0.0560550750116599,1.0716782548628174,0.9297170758265236,0.20480805699905477
Smim11,0.0027786850681888,0.009501095540355,0.1513756600246135,-28.05623422425355,-26.16300429074014,0.0,0.0751361715405872,0.0,0.025587610992965797
Runx1,0.0041647687668991,0.0335975653949324,0.1737374509882648,0.3569607774173086,0.8220733417920625,29.34237793327733,0.4052284360971172,0.7049644602555715,0.06678769762742626
Hmgn1,0.122681892061482,0.5369408750268727,1.0,-0.334575712668658,-0.1595191372975247,0.0548334356865078,0.7201939772598425,0.639904995174331,0.6191672103259014
Gtf2h5,0.1763147943584485,0.6784313725490196,1.0,-0.196982509549913,0.0453226246083962,0.2925640670944932,0.5955624581479068,0.6141353903124291,0.7080006145455244
Ezr,0.004096213384139,0.0201317774073192,0.3053901722632373,0.2119053523363017,0.4395333853020077,0.6560143707141528,0.5950668787302513,0.8035410593115144,0.04554226927282082
Rnaset2a,0.0017888776467873,0.0102224535836243,0.0334672632715992,-29.169660244858,-28.87314344869297,-28.08614794850165,0.4916796641748545,0.0,0.02663086624291367
Mpc1,0.0004763038818766,0.004096213384139,0.0314201794077955,0.3952565140516318,0.5505477997775099,0.7517896376012763,0.8255252144129684,1.2008049106521788,0.015154567225000363
Qk,0.038707628800508,0.511323918706056,1.0,-0.3012129560920776,-0.0867326379673382,0.2364133904060929,0.633720822374626,0.598376851891507,0.6006787600675884
Agpat4,3.175359212510915e-05,0.0021592442645074,0.038707628800508,0.2305873026464049,0.4957911910491359,0.8058719790818553,0.5081830285862475,0.7156599396946495,0.011277817469767817
Mrpl18,0.0001720247930818,0.0006834348667358,0.0027786850681888,-29.200939314754084,-29.00110021643748,-28.436893230109987,0.5372804913134412,0.0,0.005108462247016128
Tcp1,0.015860919266492,0.4726680955783123,1.0,-0.1440792538992807,0.0854769615636375,0.257504343154273,0.6876274777938155,0.730000683129425,0.5617711721569345
Sod2,0.0061292096419454,0.1568627450980392,0.8506311026434865,-0.3488674190109105,-0.1457707327560096,0.0256368115756636,0.6129633938466585,0.5538894466495197,0.23021660454815537
Psmb1,1.5876796062554575e-05,0.0029848376597602,0.0475954592363258,-0.3087249654191857,-0.2125695181887905,-0.1256526276866932,1.4159222003100775,1.2269529852066912,0.011822842105853135
Chd1,0.1022478165299936,0.6043785767664298,1.0,-28.86236610819877,-0.1484438224370986,0.6033178155713339,0.4862933252568135,0.4506527186495451,0.6790017938833468
Lnpep,0.0158406273058498,0.1846692827054715,0.9075217374946134,-0.6535054865313072,-0.212709778536917,0.0599533136820509,0.5685921731923396,0.4925499803533286,0.26393711699889993
Hcfc1r1,0.0130722697176655,0.163532702145277,0.7688845314335221,-28.76809777854481,-28.05227753521498,0.0,0.27834087183758,0.0,0.23901796177749332
Srrm2,0.1152655394141462,0.5713582599031516,1.0,-0.0853927768224124,-0.0284336253624782,0.0317788069335686,1.635637949627595,1.601927321737065,0.6442139956897439
Elob,0.0573787409700722,0.4268635389378423,0.9699293482575216,-0.0848148064663268,-0.0258809144572789,0.0342480721673788,1.670238850514055,1.6413844151274477,0.5156724498166337
Atp6v0c,0.2702706993728666,0.7344923394458999,1.0,-0.0833855622369629,-0.0184417669969808,0.0848981508945611,1.89480452196041,1.865984435613596,0.741802452776878
Rps2,0.0021592442645074,0.0073033261887751,0.0824958323410335,0.0955953754904259,0.1327600964166267,0.1720307763158196,2.5647234977935254,2.8131463816941302,0.02414332678800386
Ndufb10,0.0978804477256489,0.6238787012780821,1.0,-0.0839517215084754,0.0383845515007375,0.1643785879027709,0.8932105078225555,0.91766031112028,0.6790017938833468
Msrb1,6.034243330066384e-05,0.0011483811028681,0.0174080378282394,-29.064205527015226,-28.872731147617905,-28.428220097608104,0.4915392285196316,0.0,0.0070728327462772295
Ube2i,0.0824958323410335,0.4268635389378423,0.9699293482575216,-0.2021443343050918,-0.0655973008812327,0.0406506702915855,1.00862197286606,0.9643952204592218,0.5156724498166337
Dusp1,0.2696884874809082,0.7575324115669454,1.0,-0.2608684038405826,-0.0013124104571056,0.2631708841683947,0.7461158761536215,0.7429602153055781,0.7632631532147331
Atp6v0e,0.1152655394141462,0.5713582599031516,1.0,-0.0246751544534106,0.0341626728501044,0.0986959583873055,1.619970838351985,1.6570686630760298,0.6442139956897439
Cuta,0.0001217557504524,0.0012730863420067,0.022438890030895,-29.131612990508938,-28.867662679403274,-28.283922463369656,0.489815326600984,0.0,0.007795824697747924
Bak1,0.0007335473709934,0.009501095540355,0.088567502575371,-28.632445900961773,-27.12357999780225,0.0,0.1462214769026232,0.0,0.025587610992965797
Uqcc2,0.0573787409700722,0.4629209642261225,1.0,-0.2577222880006385,-0.0797627590161753,0.1543190393336696,0.6410561360859071,0.6054314950085642,0.5554530263321323
Rps10,0.0824958323410335,0.4726680955783123,0.9699293482575216,-0.0097777079821179,0.0081829770167754,0.0392036520611924,3.56105070542144,3.579038103643213,0.5617711721569345
Snrpc,0.0016408810607041,0.0315432613391559,0.319203121372773,-29.128098982232355,-2.2351860369483063,-0.1109063724920243,0.5229372199581173,0.1158741639200872,0.0634737392953175
Rpl10a,6.35071842502183e-05,0.0073033261887751,0.2082876875446535,-0.0780170681924487,-0.0473463313520284,-0.0190136265748979,2.953074709357548,2.85849997651279,0.02414332678800386
Stk38,0.0007335473709934,0.009501095540355,0.0298677932975399,-28.640517787743576,-27.42911356134698,0.0,0.180718449620149,0.0,0.025587610992965797
Srsf3,0.0978804477256489,0.5713582599031516,1.0,-0.0989990192222833,-0.0204119797504909,0.0660919770364489,1.6532816169598965,1.62581429081304,0.6442139956897439
Cdkn1a,0.1813447646264983,0.5713582599031516,0.9699293482575216,-0.041183283560655,0.049005222767979,0.1318272842904579,1.67012596809808,1.73287218694712,0.6442139956897439
Mtch1,0.0007335473709934,0.0102224535836243,0.1403889715411655,-28.796283224581472,-28.13424738439933,0.0,0.2946133121804202,0.0,0.02663086624291367
Pim1,0.0007144558228149,0.0201317774073192,0.2082876875446535,-0.1875751884283313,-0.1199483828722896,-0.0653517571090397,2.1283624388656204,1.960983244957845,0.04554226927282082
Cmtr1,1.5876796062554575e-05,0.0003320731849167,0.0038003384534461,0.7414388810216075,0.964120071647676,1.3315079063065824,0.5369272294854938,1.0438818624137025,0.0035921216094288717
Zfand3,0.0007335473709934,0.009501095540355,0.1223341709161366,-28.6453324015925,-27.627032490865474,0.0,0.2072838511404305,0.0,0.025587610992965797
Glo1,0.0007335473709934,0.0027786850681888,0.0102224535836243,-28.870263755117016,-28.50265706858928,-26.435714538327456,0.380324876248675,0.0,0.011565191172481119
Ndufv3,0.0573787409700722,0.4268635389378423,0.9699293482575216,-0.2295353858416975,-0.0605167219272253,0.0977969425769268,0.7351775577181014,0.701580782991519,0.5156724498166337
U2af1,0.0824958323410335,0.4726680955783123,0.9699293482575216,-0.2873263191439945,-0.1371846773848082,0.0319112876394675,0.8610962088808922,0.7860452518349299,0.5617711721569345
Brd4,0.0978804477256489,0.6238787012780821,1.0,-0.1939105899547044,0.0118688774377506,0.2389886323848413,0.5781819496659111,0.5836090214787393,0.6790017938833468
Hnrnpm,0.0690958164642375,0.5713582599031516,1.0,-0.2071153203923468,-0.0620347740018171,0.1409304903296406,0.940314066342264,0.8931550803843814,0.6442139956897439
Rab11b,0.0231027265714595,0.2217640684635702,0.9034293146939671,-28.916692107191025,-28.662909795667925,-0.0288709156373985,0.4672290205304004,0.0,0.3062729940997201
Rps28,0.0690958164642375,0.2082876875446535,0.5726712709375237,0.0142960331411892,0.045929966827723,0.0703961251295136,3.471176246277605,3.5820590344912886,0.28859626928326176
Ndufa7,0.0690958164642375,0.5713582599031516,1.0,-0.1546398342101226,-0.0269524283010809,0.0983645506530876,1.11936282120479,1.1005568209635277,0.6442139956897439
Tapbp,1.5876796062554575e-05,0.0004763038818766,0.0123997777248551,-0.4342646989350917,-0.320853695543607,-0.2157371864237253,1.121254862962705,0.8968759983504184,0.0044323300099521155
Pfdn6,3.529139494825728e-05,0.0004954208174452,0.0057606676070176,-29.06530764888125,-28.887014161039264,-28.474231340919083,0.4964296891870827,0.0,0.004531080523500949
Rps18,0.1813447646264983,0.6784313725490196,1.0,-0.0316717378278541,0.0104788962540542,0.0397497495306706,3.36381997617612,3.3903844323403,0.7080006145455244
H2-K1,1.5876796062554575e-05,6.35071842502183e-05,0.0003016591251885,-0.2157335694369772,-0.1793553270129761,-0.1407865480253272,3.2117809097885277,2.836270147395666,0.001592162466320179
H2-Oa,0.0029848376597602,0.0573787409700722,0.2379772961816305,-0.4126329974781815,-0.2754728658643031,-0.160722427978801,1.332135603035715,1.10827570146086,0.10246461361949206
Brd2,0.038707628800508,0.2926482614269037,0.8506311026434865,-0.042138033556569,0.1294072038395082,0.2975729107557662,0.6535615769901431,0.7192711350980221,0.38448424482165955
H2-DMa,0.0010637453361911,0.0123997777248551,0.1152655394141462,-0.2267444573605282,-0.1533628289276559,-0.0814224245660945,1.97324331056496,1.77375805638572,0.03130796958728225
H2-DMb2,0.2082876875446535,0.7344923394458999,1.0,-0.0546928252942244,0.0344222161040021,0.1269976009714831,1.2958569988175688,1.3267780555201676,0.741802452776878
H2-DMb1,6.35071842502183e-05,0.0021592442645074,0.0690958164642375,-0.4107915941567965,-0.2545216679990622,-0.1353135485257312,1.3871307638722623,1.172140107387655,0.011277817469767817
Psmb9,1.5876796062554575e-05,1.5876796062554575e-05,1.5876796062554575e-05,-0.7095532083306056,-0.6254203572278082,-0.5524772350316242,1.8538823983281376,1.1984161382404988,0.000845836310232595
Tap1,1.5876796062554575e-05,1.5876796062554575e-05,0.0004763038818766,-0.8204718974915485,-0.6965628699452695,-0.5640412745276474,1.1767905450107523,0.7291256015460228,0.000845836310232595
Psmb8,1.5876796062554575e-05,1.5876796062554575e-05,3.175359212510915e-05,-0.4713374836429309,-0.408636171753981,-0.3425069031138855,2.495829526200804,1.879219254687905,0.000845836310232595
Tap2,0.0001219709860793,0.0001808387981124,0.0011754406106422,-29.64960957620373,-29.47789796621193,-0.8085784114713471,0.7678492958243677,0.0,0.0025696292969084092
H2-Ob,0.0314201794077955,0.3837421608319441,0.9699293482575216,-0.3084307487684653,-0.1172200115996031,0.0679050022498063,0.725942762491543,0.6686415169995605,0.4754386887981819
H2-Ab1,0.1813447646264983,0.6784313725490196,1.0,-0.0220816713162886,-0.0076379330953811,0.0155180217826609,4.597081295159446,4.570833563311695,0.7080006145455244
H2-Aa,0.004096213384139,0.1349368897356513,0.5713582599031516,0.0095195334207931,0.0310485945936209,0.0533410029517688,4.369002262324908,4.466757821070807,0.20480805699905477
H2-Eb1,0.1349368897356513,0.6784313725490196,1.0,-0.0128076531800011,0.0090289666700406,0.0370609578459592,4.412434022616128,4.438847013787365,0.7080006145455244
Gpsm3,9.016783792651294e-05,0.0002101354016314,0.0007074538093522,-29.59385367028268,-29.417360913740485,-1.98619149370995,0.7205904259529605,0.0,0.0027641885239290953
Clic1,1.5876796062554575e-05,3.175359212510915e-05,0.0004763038818766,-0.5345564835572321,-0.4668581395266195,-0.3982690104923695,1.962196657319775,1.4223709994514926,0.0011224770542497952
Csnk2b,0.0020123814286729,0.0331970060098276,0.4143997461600526,-29.136370491299356,-0.3419840314586745,-0.0380911712577861,0.5860845869601445,0.4642328165857021,0.06630067460819364
Aif1,0.038707628800508,0.4268635389378423,0.9699293482575216,-0.2350131364312957,-0.0621654963381256,0.1289691215237365,1.308921426654874,1.2485102303515023,0.5156724498166337
Lst1,9.016783792651294e-05,0.0001808387981124,0.0008095086415215,-29.91686448251719,-29.71520902840112,-2.05683395175958,0.8887257863644722,0.0,0.0025696292969084092
Ddx39b,0.0052730079321189,0.042065641372109,0.1970191735253248,-29.143464605565825,-0.4263573239490265,-0.1929719577840604,0.6281416768387416,0.471944790045693,0.07952097384626526
H2-D1,0.0004763038818766,0.0015241724220052,0.0095578312296578,-0.1819017935999268,-0.144883730250489,-0.1128080462015297,3.095301032800545,2.7975724039483274,0.008754747793242807
H2-Q4,3.529139494825728e-05,0.0001720247930818,0.0017888776467873,-29.25118238137266,-29.023694549448077,-28.782091042931206,0.5457611831631577,0.0,0.0025457280142869155
H2-Q6,1.5876796062554575e-05,0.0002462939704825,0.0003320731849167,-0.9702658664114422,-0.8326756598713527,-0.6935628055725305,1.1383611876791324,0.6399204789933772,0.0029219014710520916
H2-Q7,1.5876796062554575e-05,1.5876796062554575e-05,3.175359212510915e-05,-0.6850322657203312,-0.6129583387637461,-0.5434476836955062,2.339363417109365,1.5281283482234551,0.000845836310232595
Ier3,0.0013600451325973,0.007318906196645,0.0276556527566731,0.7148148037081472,1.0153797692282946,1.9309104372710508,0.4877253611380943,0.981663362954101,0.02414332678800386
Tubb5,9.016783792651294e-05,0.0001808387981124,0.0009397821682753,-30.079825423061628,-29.8856947727166,-2.538483390305597,0.99829587402134,0.0,0.0025696292969084092
Ppp1r10,0.0687395360377964,0.2872414592292746,0.8397467778155911,-0.6168957466019477,1.2126789913970963,29.03612942175848,0.1865476308501635,0.5162374888301167,0.3783136895040693
Abcf1,0.0007335473709934,0.0260772858868335,0.2911284248433565,-28.858135028878912,-28.55558042502075,-27.327579298267185,0.3945356778022001,0.0,0.05588981514552037
H2-T23,1.5876796062554575e-05,1.5876796062554575e-05,0.0001905215527506,-0.73619964528759,-0.5942021544786911,-0.4857318025458875,1.3799213520743625,0.9161504601955904,0.000845836310232595
H2-T22,3.529139494825728e-05,6.034243330066384e-05,9.016783792651294e-05,-29.78647739512872,-29.62397538812558,-29.40696595635349,0.8273803114703857,0.0,0.001592162466320179
Rpp21,0.0027786850681888,0.009501095540355,0.0298677932975399,-28.558727208726904,-27.28786299875928,0.0,0.163857104998747,0.0,0.025587610992965797
Ppp1r11,0.0004763038818766,0.0076132271540257,0.0978804477256489,-0.5850120178424884,-0.3694344028990205,-0.2181523872646787,0.7383779644726118,0.5721163460802454,0.024998131071230768
Znrd1,0.0001217557504524,0.001733213021381,0.0233936089818559,-29.248854938505275,-29.08744433935654,-28.8923693234119,0.5704180276068223,0.0,0.009618429553549246
H2-M3,3.529139494825728e-05,0.0001720247930818,0.0027786850681888,-29.176657196029005,-28.88273086645393,-28.546415393783075,0.494958095703995,0.0,0.0025457280142869155
Gm26917,0.0030690378069328,0.0516126376600038,0.3647915777514228,-28.93647535179326,-28.67025324298924,-27.402806185812825,0.427175374067935,0.0,0.09408599730835593
Gm42418,1.5876796062554575e-05,3.175359212510915e-05,0.0001111375724378,0.2783075660770845,0.3292789636792517,0.3754210669884361,2.6306276544508647,3.306378083834905,0.0011224770542497952
AY036118,0.3837421608319441,0.6784313725490196,1.0,-0.0777586281538916,-0.0299368073382439,0.018307749127627,1.833840451855825,1.792384959187205,0.7080006145455244
Cd2ap,0.0002219962051443,0.0007549992228802,0.014938291565834,-0.7754615938626505,-0.5405465270576728,-0.3490487626404319,0.7806569747416956,0.5337717736118416,0.005190010786960343
Cdc5l,0.0136193080568353,0.1006037656841813,0.4629209642261225,-29.14900160798451,-0.4922783744676705,-0.1281609757867982,0.5794715907095517,0.4156566356265259,0.16046903044385505
Nfkbie,0.2702706993728666,0.7344923394458999,1.0,-0.2265788017827072,-0.0293002808064061,0.1565262537096583,0.8259390068793064,0.8114565285113308,0.741802452776878
Hsp90ab1,6.35071842502183e-05,0.0073033261887751,0.1349368897356513,-0.1388773890907186,-0.0897288812740396,-0.0512459727354708,2.75232927584416,2.5902695045206974,0.02414332678800386
Mrpl14,0.0013047195219101,0.0150234482307048,0.137918485765041,-29.208177099799784,-29.019998490221155,-0.4699082386855853,0.5555362599215234,0.0,0.03675656507420429
Ccnd3,0.0007335473709934,0.0027786850681888,0.0298677932975399,-28.944627430456144,-28.318448681165727,0.0,0.3347360464575205,0.0,0.011565191172481119
Tomm6,0.1813447646264983,0.6784313725490196,1.0,-0.0871757386745968,-0.0016971021384896,0.1045740490748437,1.1323424737142451,1.1299000848375824,0.7080006145455244
Rab5a,0.0007335473709934,0.037650276439806,0.543861579123601,-28.62250353651893,-27.263459087461595,0.0,0.161108690682276,0.0,0.0740154419679212
Mydgf,0.0007335473709934,0.0133949167537699,0.1991048209933474,-28.946720505620764,-28.517776057341408,0.0,0.3843315184460407,0.0,0.03311434756645436
Micos13,0.0072580773199968,0.1813447646264983,0.910105580693816,-0.2854065140927373,-0.1566876592842295,-0.0300170598256151,0.916497673159347,0.8258156144901193,0.2593595257846093
Rpl36,0.3053901722632373,0.6784313725490196,1.0,-0.0365135211095496,-0.0090274189977516,0.022754829131274,3.098756745910265,3.0778818916571486,0.7080006145455244
Ndufa11,0.0251162975311582,0.4268635389378423,1.0,-0.2639365398626826,-0.1130313685638285,0.0374066733717657,0.8216672953706068,0.7571973441306326,0.5156724498166337
Gtf2f1,0.0027786850681888,0.009501095540355,0.088567502575371,-28.384859825539884,-26.16300429074014,0.0,0.0751361715405872,0.0,0.025587610992965797
Vapa,0.0095578312296578,0.2082876875446535,0.9699293482575216,-0.0435607082715602,0.1297918244634498,0.2762193464435307,0.8323431382083875,0.9134115285390833,0.28859626928326176
Ralbp1,0.0007335473709934,0.009501095540355,0.1223341709161366,-28.85160712227889,-27.70988429562775,0.0,0.219536303499626,0.0,0.025587610992965797
Ndufv2,0.0024538461290358,0.0189954919346161,0.1178771632483417,-29.315196249240145,-1.605827683792317,-0.2887364491891802,0.6042475622857616,0.201268351493885,0.04433668489886846
Tgif1,0.0017888776467873,0.0160894282812627,0.1569155794666105,-29.2383827516207,-29.062878724698194,-2.5082163963888604,0.5620773842775503,0.0,0.03826626302161921
Myl12b,0.2379772961816305,0.6238787012780821,1.0,-0.0820370387906037,-0.0064321116139022,0.064882126631814,1.63821523975459,1.63288896872898,0.6790017938833468
Myl12a,0.0001905215527506,0.015860919266492,0.2082876875446535,0.0644822658369169,0.1494391576279363,0.2402734919806901,1.216949888045435,1.34873860288749,0.037849517308952356
Lpin2,0.0007335473709934,0.009501095540355,0.0298677932975399,-28.694669475442325,-27.54397273342083,0.0,0.1956870067564932,0.0,0.025587610992965797
Emilin2,0.0002219962051443,0.00089067411736,0.0045514241957255,1.1120909050377232,29.62589478415684,29.777915106371378,0.0,0.8552216252728775,0.005912855277551901
Smchd1,0.1152655394141462,0.5713582599031516,1.0,-0.0368281499869339,0.0922766550600618,0.2271803938011184,1.0455540007698922,1.1155447887109826,0.6442139956897439
Birc6,0.0077491392226438,0.1318811298530948,0.7285094934141992,-0.5207958333904507,-0.2301894964766074,0.0071165123465975,0.6180544222823485,0.5252764629357265,0.2027696159573918
Cebpz,0.0667539188091713,0.549957305307333,1.0,-28.982441291773704,-0.3994436724774087,0.6571299166362088,0.470074412578948,0.355579707758824,0.6334913608702306
Hnrnpll,0.0003005389112932,0.0027631497736189,0.0285790520850156,0.8670325852426615,2.735809179632168,29.458385395342592,0.1057823152769827,0.6870703853772464,0.011565191172481119
Srsf7,6.35071842502183e-05,0.0054933714376438,0.0824958323410335,0.1147184800626272,0.2289302244991963,0.3236229660864532,1.240991813322055,1.453119172327405,0.019253905482925885
Eml4,3.529139494825728e-05,0.0001217557504524,0.0017888776467873,-29.355608182343083,-29.151670119901127,-28.900011779213266,0.5963856917104351,0.0,0.002300178507389277
Cox7a2l,6.35071842502183e-05,0.004096213384139,0.0573787409700722,-0.2744069117371817,-0.2006424301445914,-0.1297310889574379,1.6577488737183377,1.442320213381995,0.015154567225000363
Zfp36l2,3.529139494825728e-05,0.0001720247930818,0.0006846876793422,-30.139829294813616,-29.91494539321533,-29.560499225967845,1.01226887058848,0.0,0.0025457280142869155
Cript,0.0473446058585377,0.5713582599031516,1.0,-0.1237479841511562,0.033828289583962,0.3388108469039235,0.5979973719509285,0.6109029424889898,0.6442139956897439
Calm2,0.0690958164642375,0.6238787012780821,1.0,-0.1167334857704639,0.0164450802966215,0.1370325669274447,1.2499511496548772,1.26495440425577,0.6790017938833468
Epcam,0.017025100617029,0.0420927538707589,0.2025440452652243,28.91287561639989,29.40892278395224,29.57955916438132,0.0,0.7148930402631262,0.07952097384626526
Crem,3.175359212510915e-05,0.0005851107704714,0.0022725832923102,1.3030424796283089,1.5507589236375154,1.8432508033984367,0.516933248593464,1.51620161803048,0.005108462247016128
Kif5b,0.0824958323410335,0.6238787012780821,1.0,-0.105812391501899,0.0212455886446522,0.1742825796102158,0.7812039930294984,0.7960436461523744,0.6790017938833468
Rab18,0.0001720247930818,0.0039116228596311,0.0836688965302689,-29.036274221497223,-28.81746220009068,-28.12031600981542,0.4730647896870272,0.0,0.014965293202646092
Mpp7,0.0314201794077955,0.2082876875446535,0.7926978841143436,-0.4615435823749951,-0.2242571676866604,-0.0073289854657901,0.9210507907200622,0.7917753064372475,0.28859626928326176
Wac,0.153337090086624,0.6784313725490196,1.0,-0.2544496968576717,-0.0318809657456778,0.2583365851217646,0.661786010809851,0.6469881863598571,0.7080006145455244
Usp14,0.0007335473709934,0.009501095540355,0.0610590251606196,-28.76237275315785,-27.715301776989744,0.0,0.220362236661321,0.0,0.025587610992965797
Rock1,0.0157743907279511,0.2702706993728666,0.9699293482575216,-0.0674994423536689,0.0928365412844463,0.2359061124354109,0.9625022887170924,1.0294813519321937,0.35839879300782745
Snrpd1,0.004096213384139,0.2082876875446535,0.9692348066076554,-0.3705021019390154,-0.1862518739851716,0.0509303994927553,1.027988121796328,0.9024914822578596,0.28859626928326176
Riok3,0.0007144558228149,0.0069063949580851,0.0337983621149569,0.4442595877919192,0.6935607079966766,1.2897219504686863,0.5026483906147086,0.819121848126508,0.023585781499486137
Galnt1,0.0001720247930818,0.0007335473709934,0.0298677932975399,-28.887177604456024,-28.45970783581673,0.0,0.369169425102085,0.0,0.005108462247016128
Wdr33,0.0007322945583869,0.0320895709002733,0.3522675423008745,-28.92769353202036,-28.700423687146912,-27.54056122198304,0.4372132558359483,0.0,0.06433008051597591
Bin1,0.0009361006688602,0.0263812634735321,0.3119748130387528,-28.994279526565265,-28.841667630308997,-27.730202458253327,0.481277576887512,0.0,0.05638763536820151
Srp19,0.2106522479801685,0.7264717268578031,1.0,-1.233399391740653,0.0268925958016319,0.6689851226096253,0.4591253187880646,0.4729895639370273,0.741802452776878
Reep5,0.004096213384139,0.0978804477256489,0.6238787012780821,-0.4102439502174022,-0.227209666916356,-0.0756447717180827,0.8942233133195074,0.7630294925696985,0.1566995790738688
Etf1,0.0974958323410336,0.6238787012780821,1.0,-0.1921530430339258,-0.0139525948404552,0.1366640219534824,0.8916222344661995,0.878491530279227,0.6790017938833468
Hspa9,0.1273457631960635,0.5598677791524032,1.0,-1.0257594108475443,0.2474173902644305,1.6462738834617996,0.4381848725583875,0.5235795961512135,0.6431688611179359
Ctnna1,0.1836125722788496,0.7264717268578031,1.0,-1.1797135978955524,0.0083278553360641,0.4107165488603748,0.5278911906212073,0.531374150758215,0.741802452776878
Matr3,0.0021327309671185,0.0661505887018515,0.6390609302398192,-29.199196458967783,-1.1469738131174454,0.0027455022574564,0.5661168481750155,0.238840905091742,0.11592673069378745
Paip2,0.082463866341761,0.5369408750268727,1.0,-0.1851617502703112,-0.0459153038439032,0.0928406259241388,0.6289558824592463,0.6093596243181385,0.6191672103259014
Ube2d2a,0.0385848971333692,0.2082876875446535,0.8506311026434865,-0.1750129027215656,-0.0941588830409251,-0.0062363956908724,0.9923921298191408,0.929882146596207,0.28859626928326176
Pfdn1,0.0007335473709934,0.009501095540355,0.088567502575371,-28.857190554511234,-27.996365933214697,0.0,0.2681287811864077,0.0,0.025587610992965797
Sra1,0.153325484784698,0.6712057066317096,1.0,-0.193638749225595,0.0437242202332937,0.2393983300849704,0.5371959308287808,0.5546270504196187,0.7080006145455244
Cd14,0.0210742520191521,0.2099336787959307,0.8397467778155911,-0.157565055155305,1.1968152780180863,29.36484855981083,0.257578074290987,0.6306586221910342,0.29049913604813526
Ndufa2,0.038707628800508,0.4268635389378423,0.9699293482575216,-0.1233848287296377,-0.053229259931429,0.0197124963459297,1.33061592533994,1.282942378886545,0.5156724498166337
Ik,0.1567746037227538,0.6784313725490196,1.0,-0.1429213658008578,0.0293239503822989,0.1671871372693026,0.5924797385481355,0.60446845104668,0.7080006145455244
Zmat2,0.0021592442645074,0.0690958164642375,0.5713582599031516,-0.3015087645314462,-0.1676526363777484,-0.016768626238797,0.7077395009597269,0.6279429835860131,0.11826761838175913
Diaph1,0.0073033261887751,0.1813447646264983,0.910105580693816,-0.3860283814544369,-0.1744775220696871,0.0101508733003865,0.6790377485665922,0.6031357207774642,0.2593595257846093
Ndfip1,0.0010550130983567,0.0252441057394617,0.2379772961816305,0.0892015026255052,0.2484618631084996,0.4521309216177959,0.6355224545982577,0.7534221905348416,0.05439351802911312
Tcerg1,0.0027786850681888,0.0298677932975399,0.2615722360139493,-28.650058822858878,-26.47230310961091,0.0,0.0931016302294247,0.0,0.06227814825543789
Fem1c,6.35071842502183e-05,0.0021592442645074,0.0186110436700671,0.3721734582641482,0.5075548822924797,0.688218749246284,0.773505012185673,1.09871235313134,0.011277817469767817
Tmed7,0.129261450630936,0.6422997782082179,1.0,-28.476101956016844,0.3577386179401374,28.76486892496308,0.2253644496716325,0.3370835202912442,0.697269906959609
Eif1a,0.0021592442645074,0.0314201794077955,0.3837421608319441,0.067508324470522,0.2812145220550464,0.460955372745162,0.707595845412448,0.8548644428154935,0.063285824497176
Tnfaip8,0.0010637453361911,0.0095578312296578,0.0978804477256489,0.2356673260119307,0.3359328784735439,0.4929938641027963,1.25496917922872,1.5821189811214813,0.025587610992965797
Lmnb1,0.0095578312296578,0.1349368897356513,0.6252425180598543,0.0329458788024419,0.173747041292116,0.3240965773366089,1.2365265722860164,1.3978374321484948,0.20480805699905477
Isoc1,0.0007335473709934,0.009501095540355,0.088567502575371,-28.562495319455923,-26.841625581535634,0.0,0.1202636633673747,0.0,0.025587610992965797
Smim3,0.0002462939704825,0.0022725832923102,0.0408264300091681,0.3894682316993065,0.6653840048793502,1.6408806705598318,0.4898525018187495,0.7719023714945987,0.011565191172481119
Dctn4,0.0007335473709934,0.0174080378282394,0.2576148676122398,-28.73841514761143,-28.431932395752657,-26.16300429074014,0.3621299832985887,0.0,0.0408552077224429
Rps14,0.0314201794077955,0.1152655394141462,0.4268635389378423,0.0127860462288273,0.0297434321601763,0.0459402655200954,3.5494343758781124,3.623937353435295,0.1803457154857163
Cd74,0.0007144558228149,0.0314201794077955,0.1813447646264983,0.0162578972656426,0.0329508233235798,0.0518467455961563,5.0531125243518975,5.170403967030687,0.063285824497176
Csnk1a1,0.0010637453361911,0.0252441057394617,0.2702706993728666,0.0416811298905277,0.1500236986639372,0.2797238386384972,1.0265356112662976,1.13944780415122,0.05439351802911312
Txnl1,0.0824958323410335,0.6238787012780821,1.0,-0.1811718960311749,-0.0306866831927822,0.1027614037578457,0.7517981273727438,0.7376719134213586,0.6790017938833468
Nars,0.1753350899594907,0.6701526554660717,1.0,-0.2403458731687637,-0.0476365557447088,0.1909655551570732,0.6165123360519165,0.5929214666025064,0.7080006145455244
Malt1,0.1813447646264983,0.7344923394458999,1.0,-0.14006195964207,-0.0376656248909895,0.1062287131309137,2.0340427502491485,1.9836067546189529,0.741802452776878
Sec11c,0.3053901722632373,0.7920774787647853,1.0,-0.1061170713383233,0.0439400818103222,0.1714776471534312,0.928425381955692,0.9595705162948064,0.7931941293457506
Pmaip1,0.0130722697176655,0.1170097644977258,0.4466858661521166,-29.10639434860731,-28.49543665669714,-26.62158270795477,0.378457346123583,0.0,0.18240512666031722
Ptpn2,0.0313539640250836,0.2530295898202138,0.9677512981486178,-1.3550150439496682,0.7672581788193402,28.98028102883722,0.2756926588562642,0.4952441530848793,0.34083821485896054
Tcf4,0.0001712003574158,0.0035729616071004,0.0634788370139077,-29.20622303436754,-28.897366952966102,-28.34562656127964,0.5000048878330026,0.0,0.013868818187123775
Mbd2,9.016783792651294e-05,0.0005255587240814,0.0060568372158396,-29.314488028601424,-29.166420265675555,-29.03085911958944,0.6025143091035743,0.0,0.004765811238372184
Rpl17,0.015860919266492,0.2379772961816305,0.910105580693816,-0.0254873002845076,-0.0119215183697936,0.0044027639151573,3.545623333882382,3.517293858950865,0.3215787052397302
BC031181,0.0209901392215157,0.139432096005046,0.6802135423364514,-29.01014551523461,-28.840048629401487,-0.704765562835461,0.483150667585946,0.0,0.2101342267233048
Smad7,0.0027786850681888,0.0298677932975399,0.3519631185845171,-28.192549667347052,-26.439426574688703,0.0,0.0910039959339047,0.0,0.06227814825543789
Ier3ip1,0.0201317774073192,0.4726680955783123,0.9699293482575216,-0.2073335942031887,-0.0783683270901242,0.1065799833194827,0.8355617285103465,0.7929084700412015,0.5617711721569345
Atp5a1,3.175359212510915e-05,0.0029848376597602,0.0573787409700722,-0.2429465874402217,-0.1541093627004117,-0.0755280334820381,1.3648286831610277,1.2254195450990126,0.011822842105853135
Gm16286,0.0534444192530722,0.4253936498902555,0.9699526571120032,-0.7581304964292749,0.6516169717535322,28.899661476474037,0.292587752214192,0.4767035437550511,0.5156724498166337
Txnl4a,3.529139494825728e-05,0.0007335473709934,0.0133949167537699,-29.12004716866881,-28.907411342933703,-28.383442494920764,0.5034981919854595,0.0,0.005108462247016128
Mbp,0.0133156051745163,0.1605622754840926,0.8004139687045185,-28.908211301908903,-27.75694962251089,0.0,0.2268163840706325,0.0,0.2351602811385576
Zfp516,0.0028677490529391,0.0301505560053659,0.2282245285150198,0.1701969417782998,0.8675543238659142,29.13861096793731,0.3201512519599182,0.587158172003269,0.06267118713851162
Cyb5a,0.0002219962051443,0.0004256089954081,0.011838928302451,-0.9406393664388608,-0.7205852194193411,-0.4627352324296092,0.9067329779985356,0.553158259601601,0.004360446005839716
Mrpl21,0.0027786850681888,0.1165400811894109,0.8011182188968499,-28.55172605499403,-27.0217259699681,0.0,0.1362542471285675,0.0,0.18193913041365173
Ndufs8,0.0002440153010029,0.0036211088724564,0.0667712202430054,-29.12539505338835,-28.924354498090064,-28.660551700033217,0.5094461778759095,0.0,0.014030150922190161
Unc93b1,1.5876796062554575e-05,6.35071842502183e-05,0.0010752560133364,-0.9085592668888016,-0.7643769396810532,-0.6122355067441638,1.2007157955746526,0.7065160217195835,0.001592162466320179
Cdk2ap2,0.1294900210988203,0.6646080249871684,1.0,-1.74424704226824,0.1488629957440405,1.1137327822126195,0.4733012046055622,0.5276761404993195,0.7080006145455244
Tmem134,0.0001905215527506,0.015860919266492,0.2082876875446535,-0.5174681865746834,-0.3587677043787509,-0.1831669868910128,0.85987165024448,0.6688100127833949,0.037849517308952356
Ppp1ca,1.5876796062554575e-05,6.35071842502183e-05,0.0010752560133364,-0.4362825814601435,-0.3595798092616273,-0.2501270396321171,1.3095749727975323,1.020763832480065,0.001592162466320179
Pold4,0.0001217557504524,0.0007884764832411,0.0085277918186478,-29.38293269937816,-29.243573229330327,-29.04683398683894,0.635612927732386,0.0,0.00535109358530823
Grk2,0.0001264884392376,0.0011483811028681,0.0231027265714595,-29.24085558480957,-29.051493432725525,-28.737056662588877,0.557579776962112,0.0,0.0070728327462772295
Kdm2a,0.009501095540355,0.1678253583141733,0.8685181258352878,-28.36816476743797,-26.44304192416313,0.0,0.0912323351419642,0.0,0.24462095661251937
Mrpl11,0.0001720247930818,0.009501095540355,0.1678253583141733,-28.750408051718114,-27.782683046354155,0.0,0.2308984167969405,0.0,0.025587610992965797
Sf3b2,3.175359212510915e-05,0.0021592442645074,0.0073033261887751,-0.8520882868705886,-0.7114152375376643,-0.5687723073831218,1.0064779233246663,0.6128601770300359,0.011277817469767817
Banf1,0.0022188835539325,0.0367103646724126,0.2873400120267086,-29.204399949843303,-0.3697098184815717,-0.1130523485045708,0.61985866346425,0.4832861454982395,0.07243498807121412
Drap1,0.2467571005067062,0.7344923394458999,1.0,-0.1749487815986685,0.0125875947778216,0.244242760067168,0.6203464854161536,0.6281748227592995,0.741802452776878
Cfl1,0.0007144558228149,0.0201317774073192,0.1568627450980392,-0.1248433575854369,-0.0834207256294066,-0.0402843625592465,2.557792737897345,2.41447647455459,0.04554226927282082
Rnaseh2c,8.536475313438776e-05,0.0027786850681888,0.0580292320881758,-29.11732683218575,-28.81688799914909,-27.38790270056397,0.472876432047387,0.0,0.011565191172481119
Malat1,0.0095578312296578,0.2082876875446535,0.8506311026434865,0.0070463691876963,0.0414771972692363,0.0724466277720973,4.9234378081803,5.067662291662107,0.28859626928326176
Neat1,0.0200250059537985,0.2379772961816305,0.7920774787647853,-0.312731116065551,-0.1506813610077397,0.0206895253669278,1.2661699970219948,1.14245602685774,0.3215787052397302
Fau,0.2082876875446535,0.7344923394458999,1.0,-0.0129957333830291,-0.0009919895989756,0.0203855789448417,4.2174733872869,4.213256067115534,0.741802452776878
Ehd1,1.5876796062554575e-05,6.35071842502183e-05,0.0004763038818766,0.584863885985796,0.7355856922360913,0.9174857407430967,0.7994576755794109,1.3284235541918925,0.001592162466320179
Sf1,0.1813447646264983,0.6784313725490196,1.0,-0.1906065748931731,0.0452548164713819,0.2647011944421426,0.6445910869348285,0.665947980381873,0.7080006145455244
Prdx5,0.0021592442645074,0.0201317774073192,0.1813447646264983,-0.331499365887711,-0.2207784745209031,-0.1176189130067494,1.5125083418189802,1.2992663623202487,0.04554226927282082
Trmt112,0.0002219962051443,0.0005851107704714,0.0075446480277566,-1.6164122056285752,-0.601484236485525,-0.3969281436189526,0.7953626589844367,0.529484418566712,0.005108462247016128
Ppp1r14b,0.0067208252921106,0.0941487815333315,0.7198978601547236,-29.147776353812933,-0.3837843394796276,-0.0106632553198231,0.5779599752535876,0.457369807542183,0.15362255241005315
Fkbp2,8.600635107884218e-05,0.0011483811028681,0.0166431351223247,-29.145386713797777,-28.983334684402173,-28.804746695933638,0.5307049239265065,0.0,0.0070728327462772295
Fermt3,8.600635107884218e-05,0.0011483811028681,0.0164403505940268,-29.43903730009868,-29.254853889280547,-28.72437960374685,0.6406023666034442,0.0,0.0070728327462772295
Otub1,0.0027786850681888,0.009501095540355,0.088567502575371,-28.44365465472036,-26.435714538327456,0.0,0.0907701447609815,0.0,0.025587610992965797
Cox8a,0.2082876875446535,0.7344923394458999,1.0,-0.0513488419032864,-0.0023816961176958,0.0429933185229384,2.462873355745536,2.455831801887534,0.741802452776878
Rtn3,0.0011754406106422,0.0223375101482305,0.263353740660727,-29.22235058314715,-0.4488160881935041,-0.0829230129658918,0.6000419928262355,0.4502729676367439,0.04975783002688579
Atl3,0.0007335473709934,0.0027786850681888,0.0298677932975399,-28.706257182657357,-28.2092830670936,-26.435714538327456,0.3103418594795157,0.0,0.011565191172481119
Plaat3,3.529139494825728e-05,9.016783792651294e-05,0.0001219709860793,-29.885227036460336,-29.758635066886484,-29.62579344238603,0.9083260816197588,0.0,0.002134974029126657
Slc3a2,3.175359212510915e-05,0.0029848376597602,0.0473446058585377,-0.4820056989195755,-0.3562464522223302,-0.2231695224000782,1.2370770626930652,0.9623755284894876,0.011822842105853135
Snhg1,0.0168210442963698,0.2644485340756903,0.9663386604820364,-28.96796600091708,-28.69070057940777,-0.1108885392362666,0.462163715254488,0.0,0.3537600917233497
Polr2g,0.0007335473709934,0.009501095540355,0.088567502575371,-28.72424355983472,-27.263459087461595,0.0,0.161108690682276,0.0,0.025587610992965797
Hnrnpul2,0.0120318597994687,0.153337090086624,0.8162969412610687,-0.4210124828566169,-0.1526413662462254,0.0921507898726308,0.6040171625943763,0.5464294980862101,0.22770825015651272
Ubxn1,1.5876796062554575e-05,0.0021592442645074,0.0201317774073192,-0.5076744171969908,-0.3651813433325643,-0.213975174205285,1.0058746143304926,0.7841658850392577,0.011277817469767817
Eef1g,0.0040684289910296,0.0690958164642375,0.4726680955783123,-0.1624699176887471,-0.0847062300175644,-0.0109898381132036,1.5603772823171562,1.468530761013585,0.11826761838175913
Fth1,0.004096213384139,0.0978804477256489,0.7359319679288707,0.0019355379740578,0.0718359521724252,0.128890806680804,4.370262433386845,4.593465129464919,0.1566995790738688
Tmem258,0.0252441057394617,0.4268635389378423,0.9699293482575216,-0.1709280973482657,-0.0726526233036659,0.0298441584820279,1.011738575444632,0.962468807690608,0.5156724498166337
Slc15a3,0.0021592442645074,0.038707628800508,0.2702706993728666,0.1427758072900879,0.3431411450005699,0.5427813470835777,0.8850095478632309,1.1195632893743388,0.07431167294944374
AW112010,1.5876796062554575e-05,6.35071842502183e-05,0.0001905215527506,-1.2657193653540146,-1.0969666943598888,-0.9293302834365784,1.85501413946364,0.8675883980206189,0.001592162466320179
Ms4a4c,6.034243330066384e-05,9.016783792651294e-05,0.0001808387981124,-30.34583797425928,-30.21222139636161,-30.072378496927616,1.2438983037654063,0.0,0.002134974029126657
Ms4a6c,1.5876796062554575e-05,1.5876796062554575e-05,0.0021592442645074,-0.8365165898984339,-0.6852998226075186,-0.5420305829123526,1.7078271016925402,1.06234223435717,0.000845836310232595
Ms4a6b,3.529139494825728e-05,3.529139494825728e-05,0.0001720247930818,-29.822899510728984,-29.5196968181562,-29.26516452354733,0.7696870943062926,0.0,0.0011224770542497952
Mpeg1,0.0015049751850434,0.017025100617029,0.1182029444806938,-29.69859922492717,-29.466278532329905,-29.09379130758896,0.741709255156108,0.0,0.040177729141626574
Zfp91,0.0201317774073192,0.2379772961816305,0.8506311026434865,-0.3184681995722258,-0.1403880224312012,-0.0052725162713893,0.8560226987997134,0.7775739365264077,0.3215787052397302
Gnaq,0.0286355726670391,0.296038665777247,0.9343013217793716,-28.71497643746212,-28.00976494972078,0.0,0.2703727296630217,0.0,0.38798179383229603
Ostf1,1.5876796062554575e-05,0.0001111375724378,0.0015241724220052,-0.5388917861073312,-0.42751410601486,-0.329625354430942,1.4866077295420448,1.10838052668418,0.0021929089524532572
Anxa1,0.0573225174744465,0.296038665777247,0.8993011663934337,-29.097500997698116,-28.53624915461979,0.0,0.3910360216057892,0.0,0.38798179383229603
Zfand5,6.35071842502183e-05,0.0029848376597602,0.0473446058585377,-0.49970642542664,-0.3363682281547517,-0.1865036423362013,1.0139070069955285,0.803345785923837,0.011822842105853135
Dock8,3.529139494825728e-05,0.0007335473709934,0.009501095540355,-28.951017133904188,-28.56225179625699,-27.38817178966775,0.396364301853529,0.0,0.005108462247016128
Jak2,1.5876796062554575e-05,0.0001905215527506,0.0073033261887751,0.2609830857983352,0.4115653610500366,0.5375183899078217,1.066720641066125,1.4199054103554711,0.0025696292969084092
Plgrkt,0.0821176473869336,0.6113007894794009,1.0,-0.1672969020694949,0.1110455431467208,0.3707220074092962,0.5133084382773312,0.5562929695726391,0.6790017938833468
Cd274,0.0021592442645074,0.0473446058585377,0.343145193299992,-0.2608534910281622,-0.1407825249884458,-0.0304428978602186,1.5272069267166763,1.3890731318330851,0.08743386684626628
Ric1,0.0189881254144269,0.244318924458693,0.936468000897405,-29.043725634768823,-28.400905385037543,0.3263551914262684,0.4622920889810917,0.0,0.32952128355789545
Pten,3.175359212510915e-05,0.0015241724220052,0.038707628800508,0.2335948234020099,0.5371977628953485,0.8064352417005022,0.6927070240163153,1.0053452340173348,0.008754747793242807
Pcgf5,0.0474136095238134,0.1889671089632734,0.6421748224203866,0.195965050999666,0.5811130308492274,1.8662582361281528,0.412716737947465,0.6215341657851723,0.2695374224904522
Tnks2,0.0027786850681888,0.0217292143776675,0.3354105003875558,-28.68716656720674,-27.49301984386336,0.0,0.1888963829938389,0.0,0.04874205877769415
March5,0.0040089353641214,0.0573225174744465,0.3649171190286756,-29.18132936336417,-28.978185261216318,-1.2071268738202583,0.535968637536627,0.0,0.10246461361949206
Tm9sf3,0.015860919266492,0.3053901722632373,0.9699293482575216,-0.2573820408901228,-0.0933146925900507,0.060051638179313,0.7916946420457158,0.742740464781523,0.3937002160271982
Pik3ap1,0.0009519891212521,0.0226430210233521,0.3527230778905403,-1.7542741384589975,-0.4130752678581185,-0.1021349086146244,0.657228587033283,0.4990255712246599,0.050106207477428166
Pgam1,0.0978804477256489,0.5208065412399778,0.970681114551083,-0.1002001042665294,0.0923691671547498,0.2492736352954435,0.845945909527382,0.9027138731952592,0.6025183167113968
Avpi1,0.0278273465770469,0.2968939270753236,0.9691830820581888,0.0252637620462943,0.2980970201030234,0.7633594536747706,0.6060856782305425,0.7510891665302354,0.3883861010420593
Got1,1.5876796062554575e-05,0.0002462939704825,0.0002462939704825,1.1515707808941298,1.2893003591115832,1.4569737453749665,0.5850618985428354,1.4338751541625974,0.0029219014710520916
Bloc1s2,0.0001529566816353,0.001733213021381,0.0187008311270478,-29.600710739896453,-29.44834178605806,-1.802058723825702,0.737190219105385,0.0,0.009618429553549246
Ndufb8,0.0978804477256489,0.6238787012780821,0.9699293482575216,-0.1648563130898226,-0.0068154825789828,0.0857142699488486,1.060643809239935,1.0550106066355576,0.6790017938833468
Mrpl43,3.529139494825728e-05,0.0012730863420067,0.022438890030895,-28.83758211428365,-28.648313079610126,-28.17076755576716,0.4207281838657617,0.0,0.007795824697747924
Nfkb2,0.0069016807075189,0.1373958142275489,0.7843794980581811,0.1377432416826535,0.4326708389565262,1.9643720353194984,0.4356413119501915,0.587733851328473,0.20794778417535986
Cuedc2,3.529139494825728e-05,0.0007335473709934,0.0133949167537699,-28.871696584126173,-28.6317076247838,-27.41484462713585,0.4159133121814095,0.0,0.005108462247016128
Atp5md,0.004096213384139,0.0690958164642375,0.4268635389378423,0.041537261959733,0.1457803839593006,0.2249489605865256,1.3896860611555923,1.5350062874209365,0.11826761838175913
Slk,0.0444162068920732,0.3713264582342768,0.9689946775534558,-28.86907309250879,-0.2474367935822677,0.3218300831414339,0.5064163806657436,0.4322826064783029,0.46601689193006113
Sfr1,0.015049240840804,0.1050616947607938,0.5622453293122838,-0.4721884655623942,-0.2084356344221623,-0.0379340997885377,0.6594523585850423,0.5773281561893532,0.16707945636959076
Smndc1,0.0252441057394617,0.5208065412399778,0.9699293482575216,-0.1215509670541625,0.0883531241569899,0.3137270142910424,0.5938737130580545,0.6268169146116673,0.6025183167113968
Dusp5,1.5876796062554575e-05,1.5876796062554575e-05,6.35071842502183e-05,0.4807419403445939,0.6055885895281152,0.7595361963110963,1.2323444587402823,1.8710800656335211,0.000845836310232595
Smc3,0.0007335473709934,0.009501095540355,0.1522261171976065,-28.677588949076053,-26.75130216618539,0.0,0.1129651208455675,0.0,0.025587610992965797
Bbip1,0.0001720247930818,0.0057606676070176,0.060676213535144,-28.80553024943233,-28.60641666461834,-27.12357999780225,0.4086857983566493,0.0,0.020026072872030187
Shtn1,0.0007335473709934,0.0007335473709934,0.009501095540355,-28.96393466131989,-28.77851497634945,-27.898746820474223,0.4604645892465287,0.0,0.005108462247016128
Fam204a,0.0007335473709934,0.009501095540355,0.0298677932975399,-28.6436937030873,-27.37720496619575,0.0,0.174325086660912,0.0,0.025587610992965797
Eif3a,0.0054933714376438,0.1568627450980392,0.910105580693816,-0.0332532943099174,0.1023422079926207,0.2210234189926916,1.3870921990058038,1.48253392812907,0.23021660454815537
Csf2ra,0.0007144558228149,0.015860919266492,0.1568627450980392,-0.4183956242360894,-0.2587898427281145,-0.1038583625066483,0.99582187294144,0.8308888865276525,0.037849517308952356
Timm17b,0.0027786850681888,0.009501095540355,0.088567502575371,-28.300175025385432,-26.996705104042302,0.0,0.133911543902263,0.0,0.025587610992965797
Was,0.0001720247930818,0.0027786850681888,0.009501095540355,-29.010777161431594,-28.784876587586723,-27.70294966968468,0.4624995062226825,0.0,0.011565191172481119
Rbm3,0.0978804477256489,0.2379772961816305,0.8506311026434865,-0.001542735467118,0.0793576833845575,0.1358792184783248,2.06938907348317,2.189948560992322,0.3215787052397302
Ebp,0.0001720247930818,0.0027786850681888,0.088567502575371,-28.72151871967482,-27.70988429562775,0.0,0.219536303499626,0.0,0.011565191172481119
Cybb,1.5876796062554575e-05,3.175359212510915e-05,0.0010752560133364,-0.8314011268778717,-0.7122207028702641,-0.5839199578557458,1.57322768302289,0.9614747700898216,0.0011224770542497952
Atp6ap2,0.0010637453361911,0.0473446058585377,0.5208065412399778,0.0378218108131679,0.2077383522760856,0.3950482953426586,0.8367897099118056,0.96578280023938,0.08743386684626628
Usp9x,0.001017931955722,0.0201317774073192,0.1768036740169494,0.2672273155682205,0.4929300449574562,1.4956304301700911,0.482615784132113,0.6735962704161125,0.04554226927282082
Ddx3x,1.5876796062554575e-05,0.0007144558228149,0.015860919266492,0.3418948673442734,0.5213816659700281,0.6831287688494616,0.6569245664915845,0.9402696803248104,0.005108462247016128
Rp2,0.0007335473709934,0.009501095540355,0.088567502575371,-28.663492262087303,-27.37720496619575,0.0,0.174325086660912,0.0,0.025587610992965797
Ndufb11,0.0824958323410335,0.4268635389378423,0.9699293482575216,-0.2074688847687013,-0.0955630196697884,0.0213733094455741,1.112985450914095,1.04251940478794,0.5156724498166337
Uba1,0.0007335473709934,0.0102224535836243,0.1223341709161366,-28.911836390047142,-28.463236388691065,-26.279651338986177,0.370073447156144,0.0,0.02663086624291367
Cfp,0.0021592442645074,0.038707628800508,0.3434255259284048,-0.5487701233847541,-0.3678015556631163,-0.1465856075386028,0.9490001580057538,0.7304859941334025,0.07431167294944374
Slc25a5,1.5876796062554575e-05,0.0001111375724378,0.0073033261887751,-0.3788586996844867,-0.2967095975494073,-0.2078515296529325,1.5846381285496076,1.2879206915410475,0.0021929089524532572
Sept6,0.0007335473709934,0.037650276439806,0.6993022710519221,-28.668075936520463,-27.5020178164818,0.0,0.190078196112141,0.0,0.0740154419679212
Rpl39,0.0573787409700722,0.1813447646264983,0.5713582599031516,-0.0502316641065656,-0.0332413199449274,-0.0080366162161681,3.8641813215034926,3.776593786905125,0.2593595257846093
Ndufa1,0.1813447646264983,0.7344923394458999,1.0,-0.1021887062221583,0.0160299254810512,0.1408999448076433,1.1378252107429156,1.1504899760454312,0.741802452776878
Lamp2,1.5876796062554575e-05,0.0004763038818766,0.0095578312296578,-0.5540204622608902,-0.3572396422929488,-0.1974658437676662,0.9498443930673036,0.7444911527732347,0.0044323300099521155
Mcts1,0.0035319278065916,0.0763383804326096,0.556434382504247,-28.927074359639786,-28.6798306839933,-0.7810811936929279,0.431715845108117,0.0,0.1291088005570564
Thoc2,0.0024529815675289,0.0320726224833987,0.2646793731742763,-29.204556291697152,-28.97799209855608,-0.3367685798263879,0.5598291762654145,0.0,0.06433008051597591
Xiap,0.0034288832126691,0.0634788370139077,0.4917430513478364,-28.93510944356344,-28.69375145313689,-27.208233406118165,0.4341900835103455,0.0,0.11170388247451472
Stag2,0.0007335473709934,0.022438890030895,0.2914741136837093,-28.90356123580048,-28.48172459440205,0.0,0.3748464739951295,0.0,0.04975783002688579
Hprt,0.0036827970389574,0.0677220065521783,0.6428447185285081,-1.2311688322713004,-0.2246537421615875,-0.0169887811248586,0.608474030453062,0.5204902648976351,0.11819459128803601
Arhgef6,0.0007335473709934,0.0027786850681888,0.0298677932975399,-28.834679708811564,-28.030638978154187,0.0,0.2741972961771711,0.0,0.011565191172481119
Vma21,0.0007335473709934,0.0102224535836243,0.1853939469443623,-28.69510448990654,-27.80091290682161,0.0,0.2338347513066384,0.0,0.02663086624291367
Cetn2,0.0007335473709934,0.0027786850681888,0.0480139728942661,-28.519100734110456,-27.8878243541333,0.0,0.2483553233409226,0.0,0.011565191172481119
Bcap31,9.016783792651294e-05,0.0016408810607041,0.0321594725667403,-29.234659761512805,-29.075357601741075,-28.76358864960287,0.5658012930602472,0.0,0.00927941576247446
Ssr4,0.0821608319441137,0.5208065412399778,0.9699293482575216,-0.0536053662222225,0.0380654155783956,0.1365606741482102,1.47639545837304,1.514853227498675,0.6025183167113968
Irak1,3.529139494825728e-05,0.0017191380645145,0.037650276439806,-28.97835318060132,-28.716196473136225,-26.62158270795477,0.4409978770668815,0.0,0.009590270197592668
Flna,0.0978804477256489,0.6238787012780821,1.0,-0.2315087429308819,-0.04154212500761,0.1608882318929403,0.6327780490794794,0.6145338342896564,0.6790017938833468
Emd,0.0010637453361911,0.0314201794077955,0.4268635389378423,0.0961058440643418,0.2514395737962853,0.4221705607533091,0.6712895292758718,0.800664970969045,0.063285824497176
Rpl10,0.0003016591251885,0.0123997777248551,0.1349368897356513,-0.085942684372773,-0.0556447953335444,-0.0222905054273503,3.21957190119881,3.10006510950259,0.03130796958728225
Fam50a,0.0007335473709934,0.009501095540355,0.088567502575371,-28.28093629283391,-26.626062097550523,0.0,0.1035722363190807,0.0,0.025587610992965797
Fundc2,0.0007335473709934,0.0133949167537699,0.2344447180424608,-28.912807141560453,-28.35669304338492,0.0,0.3437282149056285,0.0,0.03311434756645436
Tbl1x,0.0007335473709934,0.0174080378282394,0.2344447180424608,-28.77281983993894,-28.455005392764733,0.0,0.3679682609726281,0.0,0.0408552077224429
Eif2s3x,0.0007858504428285,0.0260324432495289,0.3120909677647178,-29.037652200699952,-28.82694886582442,-28.402746736891142,0.4764446837456185,0.0,0.05586619996449757
Msn,0.0015241724220052,0.0123997777248551,0.0824958323410335,-0.2342474021110887,-0.1600288727380157,-0.0919042939892635,1.63063480025498,1.46143113895626,0.03130796958728225
Igbp1,0.0007335473709934,0.0027786850681888,0.0298677932975399,-28.656702905705856,-27.962413684004872,0.0,0.2615322610027237,0.0,0.011565191172481119
Il2rg,1.5876796062554575e-05,0.0003320731849167,0.0048770586329382,-0.7203101994883087,-0.5521469301106829,-0.4268607118304005,0.8578219113203123,0.5887243265478622,0.0035921216094288717
Nono,0.0001808387981124,0.0006710344515115,0.010408775719352,-29.41858461350091,-2.7766943527185663,-0.4831457803230056,0.6619718232331419,0.0941014690920585,0.005108462247016128
Pin4,0.0001217557504524,0.0035729616071004,0.1147728268737975,-28.95573178340533,-28.77767805592506,-28.032454584779494,0.4601975470428565,0.0,0.013868818187123775
Rps4x,0.2082876875446535,0.7344923394458999,1.0,-0.0228478702867333,0.0007897254826576,0.0256999323109336,3.5985455265404447,3.60015871173552,0.741802452776878
Xist,0.0007144558228149,0.0201317774073192,0.2379772961816305,-0.1861874824927207,-0.1290697563899767,-0.0719055882987849,2.0867261010716653,1.91069745536472,0.04554226927282082
Rlim,0.1526143136089612,0.6708558092938122,1.0,-0.2439731904694884,-0.0654806553573002,0.1364774410311332,0.5829278058812536,0.5547122859263045,0.7080006145455244
Pbdc1,0.0007335473709934,0.022438890030895,0.3519631185845171,-28.76163311488775,-27.879811886971915,0.0,0.2469787849338407,0.0,0.04975783002688579
Atrx,0.0010637453361911,0.0690958164642375,0.7344923394458999,-0.3202724669846467,-0.1894708963539187,-0.0280201201979254,1.0127155485475652,0.883255848552883,0.11826761838175913
Magt1,0.0167889920924848,0.163532702145277,0.715864503000013,-29.1378862415584,-28.742617443560107,-0.149539273502648,0.4769485110176512,0.0,0.23901796177749332
Cox7b,1.5876796062554575e-05,0.0007144558228149,0.0252441057394617,-0.1848585784611316,-0.1317511368080373,-0.0844142208330109,1.6908907146731789,1.542557806731145,0.005108462247016128
Pgk1,0.0073033261887751,0.2082876875446535,0.9699293482575216,-0.0416949212834957,0.134022929476048,0.3818742430975741,0.7274571367426146,0.795260157531614,0.28859626928326176
P2ry10,6.35071842502183e-05,0.0021592442645074,0.0314201794077955,0.2381163054857119,0.4122454374912463,0.6404747948459961,0.7848198929279945,1.0399167318988507,0.011277817469767817
Sh3bgrl,1.5876796062554575e-05,0.0007144558228149,0.0314201794077955,0.1436666814649184,0.2529936877398814,0.3676760215834648,1.234152084874085,1.4736356842481924,0.005108462247016128
Gm6377,0.0099654631064673,0.0763383804326096,0.4026185678761239,-29.215982760599804,-28.930232057650358,-0.2969863076732397,0.5291926344859867,0.0,0.1291088005570564
Diaph2,0.0007284142121966,0.009501095540355,0.088567502575371,-28.708776496989096,-27.47496880491582,0.0,0.1865476308501635,0.0,0.025587610992965797
Rpl36a,0.015860919266492,0.1568627450980392,0.7344923394458999,-0.0835154167824037,-0.0468486814345258,-0.0040138264678393,2.5638951808695376,2.481718412271735,0.23021660454815537
Hnrnph2,0.0047981709084513,0.1318811298530948,0.7567532154368943,0.0863412505618416,0.3177464499900173,1.0591830426856348,0.4878145316274139,0.6064770667375605,0.2027696159573918
Bex3,0.0972806142445542,0.6493537560444612,1.0,-29.014960382732884,-0.156940180860724,1.0962899620347215,0.5004025375274266,0.4721572511319745,0.7038519095273382
Morf4l2,0.0473446058585377,0.6238787012780821,1.0,-0.0954944488400257,0.1012870287042622,0.3068451362097611,0.574996691866059,0.6153972228093446,0.6790017938833468
Huwe1,0.0573787409700722,0.5890143815020004,1.0,-0.1333706085819768,0.0500197713709461,0.2161435151197684,0.6273192404452945,0.649639136128576,0.6630690158376983
Hsd17b10,0.0027786850681888,0.0286888103198488,0.1853939469443623,-28.6372850001192,-27.12357999780225,0.0,0.1462214769026232,0.0,0.060710878641110015
Smc1a,0.0002101354016314,0.0022878731639293,0.0434454705167429,-29.53918485840198,-29.25356287534942,-0.9439498851261232,0.6534505634989801,0.0,0.011565191172481119
Sat1,1.5876796062554575e-05,0.0021592442645074,0.038707628800508,-0.5647708804239289,-0.4151021301931457,-0.2681114852250756,1.1294054468269925,0.8480279885523825,0.011277817469767817
Eif1ax,0.0966610330578377,0.615497508592667,1.0,-0.1632435608428335,0.0572837707687009,0.264789528205608,0.5375491453301328,0.5627317003120449,0.6790017938833468
Rbbp7,0.0006051899264875,0.007318906196645,0.1481052808809634,-29.349248174616083,-0.6516434436527858,-0.2426739573756078,0.6520849844773354,0.4261990476968345,0.02414332678800386
Ap1s2,0.0001720247930818,0.0007335473709934,0.0095191294914367,-28.899643572618853,-28.586198986371304,-27.41484462713585,0.402998431501454,0.0,0.005108462247016128
Tmsb4x,1.5876796062554575e-05,1.5876796062554575e-05,1.5876796062554575e-05,0.0781544407882624,0.091255732756487,0.1083935397294392,5.62301114803347,5.988878478250456,0.000845836310232595
Gm47283,0.009718172453775,0.1152655394141462,0.4629209642261225,-0.7234444382485081,-0.4673866194252241,-0.1518161971006431,0.9208525274500148,0.6572974497418915,0.1803457154857163
mt-Nd1,0.0015241724220052,0.0073033261887751,0.0202595856156226,0.1070706039391023,0.1422807834472935,0.1787289641732145,2.4138249355304358,2.6620153080598485,0.02414332678800386
mt-Nd2,3.175359212510915e-05,0.0029848376597602,0.015860919266492,0.1384456672651053,0.1783725954793409,0.2208785870098679,2.1619930889905263,2.4471215288011203,0.011822842105853135
mt-Co1,0.0314201794077955,0.1813447646264983,0.6238787012780821,-0.0329598050711597,-0.0169329430798022,-0.002268350247363,3.9984067390345848,3.951674743252023,0.2593595257846093
mt-Co2,0.0029848376597602,0.0824958323410335,0.5208065412399778,0.0072495358602896,0.019346973141656,0.0355524222907239,3.9986871404524273,4.05083616844226,0.1355424970846125
mt-Atp8,0.022796347982707,0.1528728780095813,0.5622453293122838,0.1827188101880925,0.4566157552899099,1.244512027903874,0.5143478696744965,0.7017245713707441,0.2273357313596774
mt-Atp6,0.1148309121219338,0.5713582599031516,1.0,-0.0123829358653249,0.0034004703944383,0.019947192669181,3.9862653386210174,3.9944413016261024,0.6442139956897439
mt-Co3,1.5876796062554575e-05,0.0003016591251885,0.0201317774073192,0.0408148239129505,0.0549079509531661,0.0712813608173786,3.7262062662116273,3.871083226874245,0.003348102061336945
mt-Nd3,3.175359212510915e-05,0.0029848376597602,0.038707628800508,0.2453245153125519,0.3532623840763552,0.5198751010462899,1.0501927673532498,1.33837306860912,0.011822842105853135
mt-Nd4l,0.0029848376597602,0.0201317774073192,0.1157573231721834,0.3169798396765454,0.43053683153383,0.5359636696776705,0.8961951698163797,1.20659123722124,0.04554226927282082
mt-Nd4,0.0054933714376438,0.038707628800508,0.1568627450980392,0.0595425802169034,0.0922401149167959,0.1330548249384965,2.57610296639002,2.7450791600130926,0.07431167294944374
mt-Nd5,0.0054933714376438,0.0314201794077955,0.1349368897356513,0.137711192783041,0.2045974916248592,0.2614665381589974,1.309296198279865,1.50951943299798,0.063285824497176
mt-Cytb,0.0688028895768834,0.6238787012780821,1.0,-0.0120324784772354,0.0191949976030331,0.0483937702313222,2.863558804356189,2.9009710519674874,0.6790017938833468
AC149090.1,0.0027786850681888,0.009501095540355,0.088567502575371,-28.507612580175117,-27.216737626127703,0.0,0.155974788999936,0.0,0.025587610992965797
