gene,pval_lower,pval_median,pval_upper,log2fc_lower,log2fc_median,log2fc_upper,median_Salmonella_infTLSwk3_median,median_IL10_KOTLS_median
Xkr4,1.0,1.0,1.0,0.0,0.0,0.0,0.0,0.0
Gm19938,1.0,1.0,1.0,0.0,0.0,0.0,0.0,0.0
Sox17,1.0,1.0,1.0,0.0,0.0,0.0,0.0,0.0
Mrpl15,0.08856750257537103,0.2615722360139493,1.0,0.0,0.0,0.0,0.0,0.0
Lypla1,1.0,1.0,1.0,0.0,0.0,0.0,0.0,0.0
Tcea1,0.00035657175513219313,0.01307226971766556,0.16348157845928635,-28.26427657594368,-28.134780303289496,-27.58356858968533,0.2947221598561535,0.0
Rgs20,1.0,1.0,1.0,0.0,0.0,0.0,0.0,0.0
Atp6v1h,0.08856750257537103,0.2615722360139493,1.0,0.0,0.0,0.0,0.0,0.0
Rb1cc1,0.11728948203640081,0.5920806954901741,1.0,-28.12203236178185,-0.7225132997797605,27.882492097960675,0.1529789450778129,0.0919175218744675
4732440D04Rik,1.0,1.0,1.0,0.0,0.0,0.0,0.0,0.0
St18,1.0,1.0,1.0,0.0,0.0,0.0,0.0,0.0
Pcmtd1,0.0007335473709934008,0.002778685068188869,0.029867793297539916,-28.093679419644634,-27.778562799781973,0.0,0.23024050472052998,0.0
Gm26901,1.0,1.0,1.0,0.0,0.0,0.0,0.0,0.0
Sntg1,1.0,1.0,1.0,0.0,0.0,0.0,0.0,0.0
Rrs1,1.0,1.0,1.0,0.0,0.0,0.0,0.0,0.0
2610203C22Rik,1.0,1.0,1.0,0.0,0.0,0.0,0.0,0.0
Mybl1,1.0,1.0,1.0,0.0,0.0,0.0,0.0,0.0
Vcpip1,0.47495853988950676,1.0,1.0,0.0,0.0,0.0,0.0,0.0
Sgk3,1.0,1.0,1.0,0.0,0.0,0.0,0.0,0.0
Mcmdc2,1.0,1.0,1.0,0.0,0.0,0.0,0.0,0.0
Snhg6,1.0,1.0,1.0,0.0,0.0,0.0,0.0,0.0
Tcf24,1.0,1.0,1.0,0.0,0.0,0.0,0.0,0.0
Cops5,0.08856750257537103,0.2615722360139493,1.0,0.0,0.0,0.0,0.0,0.0
Cspp1,1.0,1.0,1.0,0.0,0.0,0.0,0.0,0.0
Arfgef1,0.2615722360139493,1.0,1.0,0.0,0.0,0.0,0.0,0.0
Prex2,1.0,1.0,1.0,0.0,0.0,0.0,0.0,0.0
Sulf1,1.0,1.0,1.0,0.0,0.0,0.0,0.0,0.0
Slco5a1,1.0,1.0,1.0,0.0,0.0,0.0,0.0,0.0
Ncoa2,0.47495853988950676,1.0,1.0,0.0,0.0,0.0,0.0,0.0
Tram1,0.00011113757243788204,0.00409621338413908,0.038707628800508063,0.16802460067599198,0.28782545052323927,0.4090556907779484,0.6264619174771525,0.7638736272041843
Lactb2,1.0,1.0,1.0,0.0,0.0,0.0,0.0,0.0
Eya1,1.0,1.0,1.0,0.0,0.0,0.0,0.0,0.0
Gm9947,1.0,1.0,1.0,0.0,0.0,0.0,0.0,0.0
Msc,1.0,1.0,1.0,0.0,0.0,0.0,0.0,0.0
Trpa1,1.0,1.0,1.0,0.0,0.0,0.0,0.0,0.0
Terf1,0.2615722360139493,1.0,1.0,0.0,0.0,0.0,0.0,0.0
Sbspon,1.0,1.0,1.0,0.0,0.0,0.0,0.0,0.0
Rpl7,0.038707628800508063,0.3053901722632373,0.910105580693816,-0.08145881318076868,-0.037128701835162106,0.0040101403664689495,1.96383494270343,1.9147377238009538
Rdh10,1.0,1.0,1.0,0.0,0.0,0.0,0.0,0.0
Stau2,1.0,1.0,1.0,0.0,0.0,0.0,0.0,0.0
Ube2w,1.0,1.0,1.0,0.0,0.0,0.0,0.0,0.0
Eloc,0.25681656998967123,0.7227912249010906,1.0,-28.324655639973635,-0.5679878106549465,0.2140748426954958,0.32603582592004154,0.2292511530008525
D030040B21Rik,1.0,1.0,1.0,0.0,0.0,0.0,0.0,0.0
Tmem70,1.0,1.0,1.0,0.0,0.0,0.0,0.0,0.0
Ly96,0.2615722360139493,1.0,1.0,0.0,0.0,0.0,0.0,0.0
Jph1,1.0,1.0,1.0,0.0,0.0,0.0,0.0,0.0
Pi15,1.0,1.0,1.0,0.0,0.0,0.0,0.0,0.0
Il17a,1.0,1.0,1.0,0.0,0.0,0.0,0.0,0.0
Il17f,1.0,1.0,1.0,0.0,0.0,0.0,0.0,0.0
Mcm3,1.0,1.0,1.0,0.0,0.0,0.0,0.0,0.0
Paqr8,1.0,1.0,1.0,0.0,0.0,0.0,0.0,0.0
Efhc1,1.0,1.0,1.0,0.0,0.0,0.0,0.0,0.0
Tram2,0.0015241724220052392,0.02524410573946178,0.2315792029737146,0.12280080360529406,0.31942163825801395,0.49074328721535304,0.4116977516853502,0.5156583649522886
Tmem14a,1.0,1.0,1.0,0.0,0.0,0.0,0.0,0.0
Gsta3,1.0,1.0,1.0,0.0,0.0,0.0,0.0,0.0
Kcnq5,1.0,1.0,1.0,0.0,0.0,0.0,0.0,0.0
Gm29107,1.0,1.0,1.0,0.0,0.0,0.0,0.0,0.0
Ogfrl1,1.0,1.0,1.0,0.0,0.0,0.0,0.0,0.0
B3gat2,1.0,1.0,1.0,0.0,0.0,0.0,0.0,0.0
Smap1,0.1037030213498498,0.6133484776563917,1.0,-2.1708879802934846,0.12325618972832172,0.44251547114164436,0.311787397011676,0.34131648870847736
Sdhaf4,1.0,1.0,1.0,0.0,0.0,0.0,0.0,0.0
Fam135a,1.0,1.0,1.0,0.0,0.0,0.0,0.0,0.0
Lmbrd1,0.08856750257537103,0.2615722360139493,1.0,0.0,0.0,0.0,0.0,0.0
Phf3,0.048800235971531596,0.1768036740169494,0.7265114622524076,0.17621452101162563,0.3801248497125058,0.5344342899998136,0.32357387445186797,0.42344897155261574
Ptp4a1,1.0,1.0,1.0,0.0,0.0,0.0,0.0,0.0
Ptp4a1.1,1.0,1.0,1.0,0.0,0.0,0.0,0.0,0.0
Prim2,1.0,1.0,1.0,0.0,0.0,0.0,0.0,0.0
Rab23,1.0,1.0,1.0,0.0,0.0,0.0,0.0,0.0
Bag2,1.0,1.0,1.0,0.0,0.0,0.0,0.0,0.0
Zfp451,1.0,1.0,1.0,0.0,0.0,0.0,0.0,0.0
Bend6,1.0,1.0,1.0,0.0,0.0,0.0,0.0,0.0
Dst,1.0,1.0,1.0,0.0,0.0,0.0,0.0,0.0
Gm37233,1.0,1.0,1.0,0.0,0.0,0.0,0.0,0.0
Ccdc115,1.0,1.0,1.0,0.0,0.0,0.0,0.0,0.0
Imp4,0.2615722360139493,1.0,1.0,0.0,0.0,0.0,0.0,0.0
Ptpn18,0.13493688973565135,0.7344923394458999,1.0,-0.12836284392292868,0.002116098392216276,0.13734216885006292,0.6377333797547509,0.6383513107323088
Gm28417,1.0,1.0,1.0,0.0,0.0,0.0,0.0,0.0
Arhgef4,1.0,1.0,1.0,0.0,0.0,0.0,0.0,0.0
Gm38336,1.0,1.0,1.0,0.0,0.0,0.0,0.0,0.0
Fam168b,0.2615722360139493,1.0,1.0,0.0,0.0,0.0,0.0,0.0
Plekhb2,1.0,1.0,1.0,0.0,0.0,0.0,0.0,0.0
Hs6st1,1.0,1.0,1.0,0.0,0.0,0.0,0.0,0.0
Uggt1,1.0,1.0,1.0,0.0,0.0,0.0,0.0,0.0
Neurl3,1.0,1.0,1.0,0.0,0.0,0.0,0.0,0.0
Arid5a,1.0,1.0,1.0,0.0,0.0,0.0,0.0,0.0
4930403P22Rik,1.0,1.0,1.0,0.0,0.0,0.0,0.0,0.0
Kansl3,1.0,1.0,1.0,0.0,0.0,0.0,0.0,0.0
Lman2l,0.2615722360139493,1.0,1.0,0.0,0.0,0.0,0.0,0.0
Cnnm4,1.0,1.0,1.0,0.0,0.0,0.0,0.0,0.0
Cnnm3,1.0,1.0,1.0,0.0,0.0,0.0,0.0,0.0
Ankrd23,1.0,1.0,1.0,0.0,0.0,0.0,0.0,0.0
Ankrd39,1.0,1.0,1.0,0.0,0.0,0.0,0.0,0.0
Sema4c,1.0,1.0,1.0,0.0,0.0,0.0,0.0,0.0
D430040D24Rik,1.0,1.0,1.0,0.0,0.0,0.0,0.0,0.0
Fam178b,1.0,1.0,1.0,0.0,0.0,0.0,0.0,0.0
Cox5b,0.11526553941414623,0.6238787012780821,1.0,-0.08101026351923538,-0.00347768340870426,0.11324227596401927,0.8536580461228288,0.8509296850411154
Actr1b,1.0,1.0,1.0,0.0,0.0,0.0,0.0,0.0
Zap70,1.0,1.0,1.0,0.0,0.0,0.0,0.0,0.0
Tmem131,1.0,1.0,1.0,0.0,0.0,0.0,0.0,0.0
Gm38115,1.0,1.0,1.0,0.0,0.0,0.0,0.0,0.0
Vwa3b,1.0,1.0,1.0,0.0,0.0,0.0,0.0,0.0
Inpp4a,1.0,1.0,1.0,0.0,0.0,0.0,0.0,0.0
Coa5,1.0,1.0,1.0,0.0,0.0,0.0,0.0,0.0
Unc50,0.06117467691385191,0.47285496692829576,1.0,-28.126236827230684,-27.918243948319056,-1.7085413837114773,0.25383956895363324,0.0
Mgat4a,1.0,1.0,1.0,0.0,0.0,0.0,0.0,0.0
2010300C02Rik,1.0,1.0,1.0,0.0,0.0,0.0,0.0,0.0
Tsga10,1.0,1.0,1.0,0.0,0.0,0.0,0.0,0.0
Lipt1,1.0,1.0,1.0,0.0,0.0,0.0,0.0,0.0
Mitd1,1.0,1.0,1.0,0.0,0.0,0.0,0.0,0.0
Mrpl30,0.020000689637630784,0.29396266503785995,0.9689946775534558,-28.42653988309592,-0.32583968788912204,0.12432592348864406,0.35704258211036577,0.2882670430521794
Txndc9,0.2615722360139493,1.0,1.0,0.0,0.0,0.0,0.0,0.0
Eif5b,0.02524410573946178,0.1568627450980392,0.42800865285385303,0.06272636020528694,0.1607864418877995,0.26661634190734923,0.8337244301877333,0.933176097950766
Rev1,1.0,1.0,1.0,0.0,0.0,0.0,0.0,0.0
Aff3,1.0,1.0,1.0,0.0,0.0,0.0,0.0,0.0
Gm16152,1.0,1.0,1.0,0.0,0.0,0.0,0.0,0.0
Lonrf2,1.0,1.0,1.0,0.0,0.0,0.0,0.0,0.0
Chst10,1.0,1.0,1.0,0.0,0.0,0.0,0.0,0.0
Pdcl3,1.0,1.0,1.0,0.0,0.0,0.0,0.0,0.0
Npas2,1.0,1.0,1.0,0.0,0.0,0.0,0.0,0.0
Rpl31,0.005458442486306265,0.1568627450980392,0.7920774787647853,-0.12317026983017093,-0.07394937489661135,-0.01498734868605182,1.4716015073516775,1.3977883002425038
Tbc1d8,1.0,1.0,1.0,0.0,0.0,0.0,0.0,0.0
Cnot11,1.0,1.0,1.0,0.0,0.0,0.0,0.0,0.0
Gm15832,1.0,1.0,1.0,0.0,0.0,0.0,0.0,0.0
Rnf149,1.0,1.0,1.0,0.0,0.0,0.0,0.0,0.0
Creg2,1.0,1.0,1.0,0.0,0.0,0.0,0.0,0.0
Map4k4,1.0,1.0,1.0,0.0,0.0,0.0,0.0,0.0
Il1r2,1.0,1.0,1.0,0.0,0.0,0.0,0.0,0.0
Gm16894,1.0,1.0,1.0,0.0,0.0,0.0,0.0,0.0
Il1r1,1.0,1.0,1.0,0.0,0.0,0.0,0.0,0.0
Il1rl2,1.0,1.0,1.0,0.0,0.0,0.0,0.0,0.0
Il1rl1,1.0,1.0,1.0,0.0,0.0,0.0,0.0,0.0
Il18r1,1.0,1.0,1.0,0.0,0.0,0.0,0.0,0.0
Il18rap,1.0,1.0,1.0,0.0,0.0,0.0,0.0,0.0
Slc9a4,1.0,1.0,1.0,0.0,0.0,0.0,0.0,0.0
Slc9a2,1.0,1.0,1.0,0.0,0.0,0.0,0.0,0.0
Mfsd9,1.0,1.0,1.0,0.0,0.0,0.0,0.0,0.0
Tmem182,1.0,1.0,1.0,0.0,0.0,0.0,0.0,0.0
Mrps9,1.0,1.0,1.0,0.0,0.0,0.0,0.0,0.0
Gpr45,1.0,1.0,1.0,0.0,0.0,0.0,0.0,0.0
Tgfbrap1,1.0,1.0,1.0,0.0,0.0,0.0,0.0,0.0
8430432A02Rik,1.0,1.0,1.0,0.0,0.0,0.0,0.0,0.0
AI597479,1.0,1.0,1.0,0.0,0.0,0.0,0.0,0.0
Fhl2,1.0,1.0,1.0,0.0,0.0,0.0,0.0,0.0
Nck2,1.0,1.0,1.0,0.0,0.0,0.0,0.0,0.0
Uxs1,1.0,1.0,1.0,0.0,0.0,0.0,0.0,0.0
Tpp2,0.2615722360139493,1.0,1.0,0.0,0.0,0.0,0.0,0.0
Gm8251,1.0,1.0,1.0,0.0,0.0,0.0,0.0,0.0
Tex30,0.029867793297539916,0.08856750257537103,0.4285302588511517,-25.631349867673162,0.0,0.0,0.0,0.0
Poglut2,1.0,1.0,1.0,0.0,0.0,0.0,0.0,0.0
Bivm,1.0,1.0,1.0,0.0,0.0,0.0,0.0,0.0
Ercc5,1.0,1.0,1.0,0.0,0.0,0.0,0.0,0.0
Gulp1,1.0,1.0,1.0,0.0,0.0,0.0,0.0,0.0
Col3a1,1.0,1.0,1.0,0.0,0.0,0.0,0.0,0.0
Col5a2,1.0,1.0,1.0,0.0,0.0,0.0,0.0,0.0
Wdr75,1.0,1.0,1.0,0.0,0.0,0.0,0.0,0.0
Slc40a1,1.0,1.0,1.0,0.0,0.0,0.0,0.0,0.0
Dnah7b,1.0,1.0,1.0,0.0,0.0,0.0,0.0,0.0
Slc39a10,1.0,1.0,1.0,0.0,0.0,0.0,0.0,0.0
4933411E06Rik,1.0,1.0,1.0,0.0,0.0,0.0,0.0,0.0
Tmeff2,1.0,1.0,1.0,0.0,0.0,0.0,0.0,0.0
Cavin2,1.0,1.0,1.0,0.0,0.0,0.0,0.0,0.0
Nabp1,1.0,1.0,1.0,0.0,0.0,0.0,0.0,0.0
Gm17767,1.0,1.0,1.0,0.0,0.0,0.0,0.0,0.0
Myo1b,1.0,1.0,1.0,0.0,0.0,0.0,0.0,0.0
Stat4,0.2615722360139493,1.0,1.0,0.0,0.0,0.0,0.0,0.0
Stat1,9.016783792651294e-05,0.00017629733673136413,0.0005866867131432236,-29.656020848417477,-29.38233920735761,-29.191886339943593,0.6997863124020576,0.0
Gls,0.06044962413826553,0.2740127914304309,0.8281984031708644,-28.082592242606022,-27.007748035841658,0.0,0.134940486289932,0.0
Nab1,1.0,1.0,1.0,0.0,0.0,0.0,0.0,0.0
Nemp2,1.0,1.0,1.0,0.0,0.0,0.0,0.0,0.0
Mfsd6,1.0,1.0,1.0,0.0,0.0,0.0,0.0,0.0
Gm29670,1.0,1.0,1.0,0.0,0.0,0.0,0.0,0.0
Inpp1,0.08856750257537103,0.2615722360139493,0.8822739356449067,0.0,0.0,0.0,0.0,0.0
Hibch,1.0,1.0,1.0,0.0,0.0,0.0,0.0,0.0
1700019D03Rik,1.0,1.0,1.0,0.0,0.0,0.0,0.0,0.0
Pms1,1.0,1.0,1.0,0.0,0.0,0.0,0.0,0.0
Ormdl1,1.0,1.0,1.0,0.0,0.0,0.0,0.0,0.0
Osgepl1,1.0,1.0,1.0,0.0,0.0,0.0,0.0,0.0
Asnsd1,0.2615722360139493,0.2615722360139493,1.0,0.0,0.0,0.0,0.0,0.0
Stk17b,0.0007335473709934008,0.016440350594026817,0.1892992055774022,-28.220614821826338,-27.761196473458675,-25.788998594762532,0.22748507015484276,0.0
Hecw2,1.0,1.0,1.0,0.0,0.0,0.0,0.0,0.0
Gtf3c3,1.0,1.0,1.0,0.0,0.0,0.0,0.0,0.0
Pgap1,1.0,1.0,1.0,0.0,0.0,0.0,0.0,0.0
Ankrd44,0.2615722360139493,1.0,1.0,0.0,0.0,0.0,0.0,0.0
Sf3b1,0.13444510597761375,0.6784313725490196,1.0,-0.08801481852843561,0.034101156017814035,0.18962915718197004,0.6068952882735434,0.624223782964789
Coq10b,0.08856750257537103,0.2615722360139493,1.0,0.0,0.0,0.0,0.0,0.0
Hspd1,0.08856750257537103,1.0,1.0,0.0,0.0,0.0,0.0,0.0
Hspe1,0.038707628800508063,0.35435849843651357,0.9699293482575216,-0.006231788385142217,0.22442928823657982,0.40709679487478956,0.4023861211794401,0.46919063955088713
Mob4,0.05152267104086043,0.5098433838583576,0.9638969075506822,-27.82639736690309,0.0,0.0,0.0,0.0
Rftn2,1.0,1.0,1.0,0.0,0.0,0.0,0.0,0.0
Gm10561,1.0,1.0,1.0,0.0,0.0,0.0,0.0,0.0
Mars2,1.0,1.0,1.0,0.0,0.0,0.0,0.0,0.0
Plcl1,1.0,1.0,1.0,0.0,0.0,0.0,0.0,0.0
Satb2,1.0,1.0,1.0,0.0,0.0,0.0,0.0,0.0
9130024F11Rik,1.0,1.0,1.0,0.0,0.0,0.0,0.0,0.0
1700066M21Rik,1.0,1.0,1.0,0.0,0.0,0.0,0.0,0.0
Tyw5,1.0,1.0,1.0,0.0,0.0,0.0,0.0,0.0
Maip1,1.0,1.0,1.0,0.0,0.0,0.0,0.0,0.0
Spats2l,1.0,1.0,1.0,0.0,0.0,0.0,0.0,0.0
Kctd18,1.0,1.0,1.0,0.0,0.0,0.0,0.0,0.0
Sgo2a,1.0,1.0,1.0,0.0,0.0,0.0,0.0,0.0
Aox1,1.0,1.0,1.0,0.0,0.0,0.0,0.0,0.0
Bzw1,0.00409621338413908,0.08951242260077596,0.5713582599031516,0.055432270048499224,0.19094070219063314,0.3780614589048991,0.38881014833482674,0.4414158238806815
Clk1,0.020131777407319206,0.13493688973565135,0.6784313725490196,-0.03490388211305891,0.14937164875220177,0.40019123413038943,0.5295959604906517,0.5819713736291522
Ppil3,0.2615722360139493,0.2615722360139493,1.0,0.0,0.0,0.0,0.0,0.0
Nif3l1,1.0,1.0,1.0,0.0,0.0,0.0,0.0,0.0
Orc2,1.0,1.0,1.0,0.0,0.0,0.0,0.0,0.0
Gm15834,1.0,1.0,1.0,0.0,0.0,0.0,0.0,0.0
Fam126b,1.0,1.0,1.0,0.0,0.0,0.0,0.0,0.0
Ndufb3,0.1528728780095813,0.6784313725490196,1.0,-0.17068582112367042,0.0405243196818987,0.22698363174359618,0.41443810982634954,0.4268453625205065
Cflar,0.15137566002461356,0.4198490637342591,0.8685181258352878,0.0,0.0,0.0,0.0,0.0
Casp8,1.0,1.0,1.0,0.0,0.0,0.0,0.0,0.0
Trak2,1.0,1.0,1.0,0.0,0.0,0.0,0.0,0.0
Stradb,1.0,1.0,1.0,0.0,0.0,0.0,0.0,0.0
Tmem237,1.0,1.0,1.0,0.0,0.0,0.0,0.0,0.0
G730003C15Rik,1.0,1.0,1.0,0.0,0.0,0.0,0.0,0.0
Als2,1.0,1.0,1.0,0.0,0.0,0.0,0.0,0.0
Fzd7,1.0,1.0,1.0,0.0,0.0,0.0,0.0,0.0
Sumo1,0.21687102437676764,0.7280611426419807,1.0,-0.13563962196619583,0.04078058074756171,0.23535497354136664,0.365709667748489,0.375543858339451
Nop58,0.08856750257537103,0.2615722360139493,1.0,0.0,0.0,0.0,0.0,0.0
Bmpr2,1.0,1.0,1.0,0.0,0.0,0.0,0.0,0.0
Fam117b,1.0,1.0,1.0,0.0,0.0,0.0,0.0,0.0
Ica1l,1.0,1.0,1.0,0.0,0.0,0.0,0.0,0.0
Wdr12,1.0,1.0,1.0,0.0,0.0,0.0,0.0,0.0
Carf,1.0,1.0,1.0,0.0,0.0,0.0,0.0,0.0
Nbeal1,1.0,1.0,1.0,0.0,0.0,0.0,0.0,0.0
Cyp20a1,1.0,1.0,1.0,0.0,0.0,0.0,0.0,0.0
Abi2,1.0,1.0,1.0,0.0,0.0,0.0,0.0,0.0
Raph1,1.0,1.0,1.0,0.0,0.0,0.0,0.0,0.0
Cd28,1.5876796062554575e-05,0.000246293970482502,0.0017519219857639542,0.9488255052693737,1.174159783831943,2.3197273403346688,0.30034509307683427,0.6774276866579143
Ctla4,0.029867793297539916,0.2615722360139493,1.0,0.0,0.0,0.0,0.0,0.0
Icos,1.0,1.0,1.0,0.0,0.0,0.0,0.0,0.0
Pard3b,1.0,1.0,1.0,0.0,0.0,0.0,0.0,0.0
Nrp2,1.0,1.0,1.0,0.0,0.0,0.0,0.0,0.0
Ino80d,1.0,1.0,1.0,0.0,0.0,0.0,0.0,0.0
Ino80dos,1.0,1.0,1.0,0.0,0.0,0.0,0.0,0.0
Gm20342,1.0,1.0,1.0,0.0,0.0,0.0,0.0,0.0
Ndufs1,1.0,1.0,1.0,0.0,0.0,0.0,0.0,0.0
Eef1b2,0.0021592442645074223,0.015860919266492024,0.11526553941414623,-0.15049779387598775,-0.09515228563717237,-0.041653617017032414,1.72428031032167,1.6129305836127488
Zdbf2,1.0,1.0,1.0,0.0,0.0,0.0,0.0,0.0
Adam23,1.0,1.0,1.0,0.0,0.0,0.0,0.0,0.0
Fastkd2,1.0,1.0,1.0,0.0,0.0,0.0,0.0,0.0
Klf7,1.0,1.0,1.0,0.0,0.0,0.0,0.0,0.0
Creb1,1.0,1.0,1.0,0.0,0.0,0.0,0.0,0.0
Mettl21a,1.0,1.0,1.0,0.0,0.0,0.0,0.0,0.0
2810408I11Rik,1.0,1.0,1.0,0.0,0.0,0.0,0.0,0.0
Ccnyl1,1.0,1.0,1.0,0.0,0.0,0.0,0.0,0.0
Fzd5,1.0,1.0,1.0,0.0,0.0,0.0,0.0,0.0
Plekhm3,1.0,1.0,1.0,0.0,0.0,0.0,0.0,0.0
Idh1,1.0,1.0,1.0,0.0,0.0,0.0,0.0,0.0
Pikfyve,1.0,1.0,1.0,0.0,0.0,0.0,0.0,0.0
Map2,1.0,1.0,1.0,0.0,0.0,0.0,0.0,0.0
Rpe,1.0,1.0,1.0,0.0,0.0,0.0,0.0,0.0
Kansl1l,1.0,1.0,1.0,0.0,0.0,0.0,0.0,0.0
Acadl,0.009501095540355024,0.08856750257537103,0.8822739356449067,-26.91319347974359,0.0,0.0,0.0,0.0
Lancl1,1.0,1.0,1.0,0.0,0.0,0.0,0.0,0.0
Ikzf2,1.0,1.0,1.0,0.0,0.0,0.0,0.0,0.0
Gm28112,1.0,1.0,1.0,0.0,0.0,0.0,0.0,0.0
Bard1,1.0,1.0,1.0,0.0,0.0,0.0,0.0,0.0
Atic,1.0,1.0,1.0,0.0,0.0,0.0,0.0,0.0
Fn1,1.0,1.0,1.0,0.0,0.0,0.0,0.0,0.0
Mreg,1.0,1.0,1.0,0.0,0.0,0.0,0.0,0.0
Pecr,0.2615722360139493,1.0,1.0,0.0,0.0,0.0,0.0,0.0
Tmem169,1.0,1.0,1.0,0.0,0.0,0.0,0.0,0.0
Xrcc5,1.0,1.0,1.0,0.0,0.0,0.0,0.0,0.0
Smarcal1,1.0,1.0,1.0,0.0,0.0,0.0,0.0,0.0
Rpl37a,0.04734460585853775,0.2702706993728666,0.8506311026434865,-0.07801990808726793,-0.03818559782963832,0.002206718918336242,2.5961807327190227,2.52825725635551
Igfbp5,1.0,1.0,1.0,0.0,0.0,0.0,0.0,0.0
Tns1,1.0,1.0,1.0,0.0,0.0,0.0,0.0,0.0
Cxcr2,1.0,1.0,1.0,0.0,0.0,0.0,0.0,0.0
Arpc2,0.00298483765976026,0.05737874097007224,0.3837421608319441,0.05335702716668021,0.1686662760554738,0.2900492112064422,0.713489998189943,0.799969613774584
Aamp,0.0007335473709934008,0.009501095540355024,0.1230602081438479,-27.937426573464503,-26.146891944835062,0.0,0.0743017021449225,0.0
Pnkd,0.029867793297539916,0.2615722360139493,1.0,0.0,0.0,0.0,0.0,0.0
Tmbim1,1.0,1.0,1.0,0.0,0.0,0.0,0.0,0.0
Gm29358,1.0,1.0,1.0,0.0,0.0,0.0,0.0,0.0
Catip,1.0,1.0,1.0,0.0,0.0,0.0,0.0,0.0
Slc11a1,1.0,1.0,1.0,0.0,0.0,0.0,0.0,0.0
Ctdsp1,1.0,1.0,1.0,0.0,0.0,0.0,0.0,0.0
Vil1,1.0,1.0,1.0,0.0,0.0,0.0,0.0,0.0
Usp37,1.0,1.0,1.0,0.0,0.0,0.0,0.0,0.0
Cnot9,1.0,1.0,1.0,0.0,0.0,0.0,0.0,0.0
Plcd4,1.0,1.0,1.0,0.0,0.0,0.0,0.0,0.0
Zfp142,1.0,1.0,1.0,0.0,0.0,0.0,0.0,0.0
Bcs1l,1.0,1.0,1.0,0.0,0.0,0.0,0.0,0.0
Rnf25,1.0,1.0,1.0,0.0,0.0,0.0,0.0,0.0
Stk36,1.0,1.0,1.0,0.0,0.0,0.0,0.0,0.0
Ttll4,1.0,1.0,1.0,0.0,0.0,0.0,0.0,0.0
Cyp27a1,1.0,1.0,1.0,0.0,0.0,0.0,0.0,0.0
Wnt6,1.0,1.0,1.0,0.0,0.0,0.0,0.0,0.0
Wnt10a,1.0,1.0,1.0,0.0,0.0,0.0,0.0,0.0
Ihh,1.0,1.0,1.0,0.0,0.0,0.0,0.0,0.0
Nhej1,1.0,1.0,1.0,0.0,0.0,0.0,0.0,0.0
Cnppd1,0.2615722360139493,1.0,1.0,0.0,0.0,0.0,0.0,0.0
Retreg2,1.0,1.0,1.0,0.0,0.0,0.0,0.0,0.0
Zfand2b,1.0,1.0,1.0,0.0,0.0,0.0,0.0,0.0
Abcb6,1.0,1.0,1.0,0.0,0.0,0.0,0.0,0.0
Atg9a,1.0,1.0,1.0,0.0,0.0,0.0,0.0,0.0
Ankzf1,1.0,1.0,1.0,0.0,0.0,0.0,0.0,0.0
Glb1l,1.0,1.0,1.0,0.0,0.0,0.0,0.0,0.0
Stk16,1.0,1.0,1.0,0.0,0.0,0.0,0.0,0.0
Tuba4a,1.0,1.0,1.0,0.0,0.0,0.0,0.0,0.0
Dnajb2,1.0,1.0,1.0,0.0,0.0,0.0,0.0,0.0
Ptprn,1.0,1.0,1.0,0.0,0.0,0.0,0.0,0.0
Dnpep,0.2615722360139493,1.0,1.0,0.0,0.0,0.0,0.0,0.0
Des,1.0,1.0,1.0,0.0,0.0,0.0,0.0,0.0
Speg,1.0,1.0,1.0,0.0,0.0,0.0,0.0,0.0
Gmppa,1.0,1.0,1.0,0.0,0.0,0.0,0.0,0.0
Chpf,1.0,1.0,1.0,0.0,0.0,0.0,0.0,0.0
Obsl1,1.0,1.0,1.0,0.0,0.0,0.0,0.0,0.0
Stk11ip,1.0,1.0,1.0,0.0,0.0,0.0,0.0,0.0
Slc4a3,1.0,1.0,1.0,0.0,0.0,0.0,0.0,0.0
Epha4,1.0,1.0,1.0,0.0,0.0,0.0,0.0,0.0
Sgpp2,1.0,1.0,1.0,0.0,0.0,0.0,0.0,0.0
Farsb,0.2615722360139493,1.0,1.0,0.0,0.0,0.0,0.0,0.0
Acsl3,1.0,1.0,1.0,0.0,0.0,0.0,0.0,0.0
Utp14b,1.0,1.0,1.0,0.0,0.0,0.0,0.0,0.0
Kcne4,1.0,1.0,1.0,0.0,0.0,0.0,0.0,0.0
Ap1s3,1.0,1.0,1.0,0.0,0.0,0.0,0.0,0.0
Wdfy1,1.0,1.0,1.0,0.0,0.0,0.0,0.0,0.0
Mrpl44,1.0,1.0,1.0,0.0,0.0,0.0,0.0,0.0
Serpine2,1.0,1.0,1.0,0.0,0.0,0.0,0.0,0.0
Fam124b,1.0,1.0,1.0,0.0,0.0,0.0,0.0,0.0
Cul3,0.2615722360139493,1.0,1.0,0.0,0.0,0.0,0.0,0.0
Dock10,0.08856750257537103,1.0,1.0,0.0,0.0,0.0,0.0,0.0
Irs1,1.0,1.0,1.0,0.0,0.0,0.0,0.0,0.0
Rhbdd1,1.0,1.0,1.0,0.0,0.0,0.0,0.0,0.0
C430014B12Rik,1.0,1.0,1.0,0.0,0.0,0.0,0.0,0.0
Mff,0.029867793297539916,0.08856750257537103,0.2615722360139493,0.0,0.0,0.0,0.0,0.0
Gm28941,1.0,1.0,1.0,0.0,0.0,0.0,0.0,0.0
Tm4sf20,1.0,1.0,1.0,0.0,0.0,0.0,0.0,0.0
Agfg1,1.0,1.0,1.0,0.0,0.0,0.0,0.0,0.0
Ccl20,1.0,1.0,1.0,0.0,0.0,0.0,0.0,0.0
Pid1,1.0,1.0,1.0,0.0,0.0,0.0,0.0,0.0
Dner,1.0,1.0,1.0,0.0,0.0,0.0,0.0,0.0
Trip12,1.0,1.0,1.0,0.0,0.0,0.0,0.0,0.0
Fbxo36,1.0,1.0,1.0,0.0,0.0,0.0,0.0,0.0
C130026I21Rik,0.009501095540355024,0.08856750257537103,0.7843659438513384,-27.330716233283383,0.0,0.0,0.0,0.0
A530032D15Rik,0.2615722360139493,1.0,1.0,0.0,0.0,0.0,0.0,0.0
Gm10553,1.0,1.0,1.0,0.0,0.0,0.0,0.0,0.0
A530040E14Rik,1.0,1.0,1.0,0.0,0.0,0.0,0.0,0.0
Gm16028,1.0,1.0,1.0,0.0,0.0,0.0,0.0,0.0
Sp110,1.0,1.0,1.0,0.0,0.0,0.0,0.0,0.0
Gm16094,1.0,1.0,1.0,0.0,0.0,0.0,0.0,0.0
Sp140,0.038707628800508063,0.2702706993728666,0.7920774787647853,-0.028698605762968333,0.13011178339451884,0.2859691392711313,0.6306566527769588,0.6886267039444823
Sp100,0.2615722360139493,1.0,1.0,0.0,0.0,0.0,0.0,0.0
A630001G21Rik,0.2615722360139493,1.0,1.0,0.0,0.0,0.0,0.0,0.0
Cab39,0.08856750257537103,0.47495853988950676,1.0,0.0,0.0,0.0,0.0,0.0
Itm2c,0.006521609683783714,0.0995964768261884,0.5099395337393672,-28.229629057127006,-28.13653616367014,-27.084294537646645,0.29508107656064897,0.0
Gm28884,1.0,1.0,1.0,0.0,0.0,0.0,0.0,0.0
Gpr55,1.0,1.0,1.0,0.0,0.0,0.0,0.0,0.0
Psmd1,0.029867793297539916,0.08856750257537103,1.0,0.0,0.0,0.0,0.0,0.0
Armc9,1.0,1.0,1.0,0.0,0.0,0.0,0.0,0.0
B3gnt7,1.0,1.0,1.0,0.0,0.0,0.0,0.0,0.0
Ncl,0.00019052155275065493,0.00298483765976026,0.02524410573946178,0.1483156697808516,0.2549170679407764,0.35345670776700866,0.7656197075427318,0.9115290693168601
C130036L24Rik,1.0,1.0,1.0,0.0,0.0,0.0,0.0,0.0
Nmur1,1.0,1.0,1.0,0.0,0.0,0.0,0.0,0.0
Ptma,0.0029641978248789403,0.012399777724855125,0.04759545923632589,0.09684095451468377,0.1523746236216612,0.2087388158367965,1.883566405279225,2.0898732666180653
Pde6d,1.0,1.0,1.0,0.0,0.0,0.0,0.0,0.0
Cops7b,1.0,1.0,1.0,0.0,0.0,0.0,0.0,0.0
Nppc,1.0,1.0,1.0,0.0,0.0,0.0,0.0,0.0
Dis3l2,1.0,1.0,1.0,0.0,0.0,0.0,0.0,0.0
Gm29055,1.0,1.0,1.0,0.0,0.0,0.0,0.0,0.0
Eif4e2,0.0015395900725586188,0.025222573436938574,0.20993367879593072,-28.394822395406173,-28.282677334163886,-28.155146899845647,0.32669352448780153,0.0
Efhd1,1.0,1.0,1.0,0.0,0.0,0.0,0.0,0.0
Gigyf2,0.2615722360139493,1.0,1.0,0.0,0.0,0.0,0.0,0.0
Kcnj13,1.0,1.0,1.0,0.0,0.0,0.0,0.0,0.0
Ngef,1.0,1.0,1.0,0.0,0.0,0.0,0.0,0.0
Inpp5d,1.0,1.0,1.0,0.0,0.0,0.0,0.0,0.0
Atg16l1,1.0,1.0,1.0,0.0,0.0,0.0,0.0,0.0
Sag,1.0,1.0,1.0,0.0,0.0,0.0,0.0,0.0
Dgkd,0.07751424266509128,0.44070376909568354,0.9638969075506822,0.0,0.0,27.227657386427826,0.0,0.0
Usp40,1.0,1.0,1.0,0.0,0.0,0.0,0.0,0.0
Gm20528,1.0,1.0,1.0,0.0,0.0,0.0,0.0,0.0
Ugt1a7c,1.0,1.0,1.0,0.0,0.0,0.0,0.0,0.0
Ugt1a6a,1.0,1.0,1.0,0.0,0.0,0.0,0.0,0.0
Mroh2a,1.0,1.0,1.0,0.0,0.0,0.0,0.0,0.0
Hjurp,1.0,1.0,1.0,0.0,0.0,0.0,0.0,0.0
Arl4c,1.0,1.0,1.0,0.0,0.0,0.0,0.0,0.0
Sh3bp4,1.0,1.0,1.0,0.0,0.0,0.0,0.0,0.0
Agap1,1.0,1.0,1.0,0.0,0.0,0.0,0.0,0.0
Gm28499,1.0,1.0,1.0,0.0,0.0,0.0,0.0,0.0
Ackr3,1.0,1.0,1.0,0.0,0.0,0.0,0.0,0.0
Cops8,1.0,1.0,1.0,0.0,0.0,0.0,0.0,0.0
Col6a3,1.0,1.0,1.0,0.0,0.0,0.0,0.0,0.0
Mlph,1.0,1.0,1.0,0.0,0.0,0.0,0.0,0.0
Rab17,1.0,1.0,1.0,0.0,0.0,0.0,0.0,0.0
Lrrfip1,1.0,1.0,1.0,0.0,0.0,0.0,0.0,0.0
Ramp1,1.0,1.0,1.0,0.0,0.0,0.0,0.0,0.0
Ube2f,1.0,1.0,1.0,0.0,0.0,0.0,0.0,0.0
Scly,1.0,1.0,1.0,0.0,0.0,0.0,0.0,0.0
Erfe,1.0,1.0,1.0,0.0,0.0,0.0,0.0,0.0
Ilkap,0.2615722360139493,1.0,1.0,0.0,0.0,0.0,0.0,0.0
Hes6,1.0,1.0,1.0,0.0,0.0,0.0,0.0,0.0
Per2,1.0,1.0,1.0,0.0,0.0,0.0,0.0,0.0
Traf3ip1,1.0,1.0,1.0,0.0,0.0,0.0,0.0,0.0
Asb1,1.0,1.0,1.0,0.0,0.0,0.0,0.0,0.0
Twist2,1.0,1.0,1.0,0.0,0.0,0.0,0.0,0.0
Hdac4,1.0,1.0,1.0,0.0,0.0,0.0,0.0,0.0
Ndufa10,0.08856750257537103,0.2615722360139493,1.0,0.0,0.0,0.0,0.0,0.0
Cops9,0.0007335473709934008,0.002778685068188869,0.03765027643980603,-28.238320041028622,-28.04061251838727,-26.72716055928331,0.27609996504248774,0.0
Gpc1,1.0,1.0,1.0,0.0,0.0,0.0,0.0,0.0
Ankmy1,1.0,1.0,1.0,0.0,0.0,0.0,0.0,0.0
Dusp28,1.0,1.0,1.0,0.0,0.0,0.0,0.0,0.0
Rnpepl1,1.0,1.0,1.0,0.0,0.0,0.0,0.0,0.0
9430060I03Rik,1.0,1.0,1.0,0.0,0.0,0.0,0.0,0.0
Capn10,1.0,1.0,1.0,0.0,0.0,0.0,0.0,0.0
Gpr35,1.0,1.0,1.0,0.0,0.0,0.0,0.0,0.0
Kif1a,1.0,1.0,1.0,0.0,0.0,0.0,0.0,0.0
Sned1,1.0,1.0,1.0,0.0,0.0,0.0,0.0,0.0
Mterf4,1.0,1.0,1.0,0.0,0.0,0.0,0.0,0.0
Gm28535,1.0,1.0,1.0,0.0,0.0,0.0,0.0,0.0
Pask,1.0,1.0,1.0,0.0,0.0,0.0,0.0,0.0
Ppp1r7,0.2615722360139493,1.0,1.0,0.0,0.0,0.0,0.0,0.0
Ano7,1.0,1.0,1.0,0.0,0.0,0.0,0.0,0.0
Hdlbp,0.0015241724220052392,0.020131777407319206,0.2082876875446535,0.05645430874033066,0.1653766897000134,0.2837151899616922,0.8880856029767394,0.9930137421867956
Sept2,1.0,1.0,1.0,0.0,0.0,0.0,0.0,0.0
Farp2,1.0,1.0,1.0,0.0,0.0,0.0,0.0,0.0
Stk25,1.0,1.0,1.0,0.0,0.0,0.0,0.0,0.0
Bok,1.0,1.0,1.0,0.0,0.0,0.0,0.0,0.0
Thap4,1.0,1.0,1.0,0.0,0.0,0.0,0.0,0.0
Atg4b,1.0,1.0,1.0,0.0,0.0,0.0,0.0,0.0
Dtymk,1.0,1.0,1.0,0.0,0.0,0.0,0.0,0.0
Ing5,1.0,1.0,1.0,0.0,0.0,0.0,0.0,0.0
D2hgdh,1.0,1.0,1.0,0.0,0.0,0.0,0.0,0.0
Pdcd1,1.0,1.0,1.0,0.0,0.0,0.0,0.0,0.0
Fam174a,0.009501095540355024,0.08856750257537103,0.2615722360139493,-26.723635295752953,0.0,0.0,0.0,0.0
St8sia4,0.012002725721160646,0.20259217763114962,0.6708558092938122,0.0967259784484255,0.28096471943533957,0.4994406469423452,0.3519895662039211,0.4297808111563758
D1Ertd622e,1.0,1.0,1.0,0.0,0.0,0.0,0.0,0.0
Ppip5k2,1.0,1.0,1.0,0.0,0.0,0.0,0.0,0.0
Gin1,1.0,1.0,1.0,0.0,0.0,0.0,0.0,0.0
Pam,1.0,1.0,1.0,0.0,0.0,0.0,0.0,0.0
B230216N24Rik,1.0,1.0,1.0,0.0,0.0,0.0,0.0,0.0
Gm28187,1.0,1.0,1.0,0.0,0.0,0.0,0.0,0.0
Rnf152,1.0,1.0,1.0,0.0,0.0,0.0,0.0,0.0
Gm17634,1.0,1.0,1.0,0.0,0.0,0.0,0.0,0.0
Pign,1.0,1.0,1.0,0.0,0.0,0.0,0.0,0.0
Relch,1.0,1.0,1.0,0.0,0.0,0.0,0.0,0.0
Tnfrsf11a,1.0,1.0,1.0,0.0,0.0,0.0,0.0,0.0
Gm7160,1.0,1.0,1.0,0.0,0.0,0.0,0.0,0.0
Zcchc2,1.0,1.0,1.0,0.0,0.0,0.0,0.0,0.0
Phlpp1,1.0,1.0,1.0,0.0,0.0,0.0,0.0,0.0
Bcl2,0.2615722360139493,1.0,1.0,0.0,0.0,0.0,0.0,0.0
Kdsr,1.0,1.0,1.0,0.0,0.0,0.0,0.0,0.0
Vps4b,0.266717246715916,0.47495853988950676,0.47495853988950676,0.0,0.0,0.0,0.0,0.0
Serpinb5,1.0,1.0,1.0,0.0,0.0,0.0,0.0,0.0
Serpinb2,1.0,1.0,1.0,0.0,0.0,0.0,0.0,0.0
Serpinb8,1.0,1.0,1.0,0.0,0.0,0.0,0.0,0.0
Dsel,1.0,1.0,1.0,0.0,0.0,0.0,0.0,0.0
Tsn,0.0009310368364136022,0.03765027643980603,0.5098433838583576,-28.107654623665972,-27.389713833315593,0.0,0.17584314151516,0.0
Nifk,0.2615722360139493,0.2615722360139493,1.0,0.0,0.0,0.0,0.0,0.0
Clasp1,0.2615722360139493,1.0,1.0,0.0,0.0,0.0,0.0,0.0
2900060B14Rik,1.0,1.0,1.0,0.0,0.0,0.0,0.0,0.0
Tfcp2l1,1.0,1.0,1.0,0.0,0.0,0.0,0.0,0.0
Gli2,1.0,1.0,1.0,0.0,0.0,0.0,0.0,0.0
Inhbb,1.0,1.0,1.0,0.0,0.0,0.0,0.0,0.0
Ralb,1.0,1.0,1.0,0.0,0.0,0.0,0.0,0.0
Tmem185b,1.0,1.0,1.0,0.0,0.0,0.0,0.0,0.0
Epb41l5,1.0,1.0,1.0,0.0,0.0,0.0,0.0,0.0
Ptpn4,1.0,1.0,1.0,0.0,0.0,0.0,0.0,0.0
Tmem177,1.0,1.0,1.0,0.0,0.0,0.0,0.0,0.0
Tmem37,1.0,1.0,1.0,0.0,0.0,0.0,0.0,0.0
Dbi,0.18771404761525734,0.7280611426419807,1.0,-0.17730126969506182,0.06605520196789025,0.2744310518055219,0.3935262353315782,0.41220847981040776
3110009E18Rik,1.0,1.0,1.0,0.0,0.0,0.0,0.0,0.0
Steap3,1.0,1.0,1.0,0.0,0.0,0.0,0.0,0.0
Insig2,0.2615722360139493,1.0,1.0,0.0,0.0,0.0,0.0,0.0
Ccdc93,1.0,1.0,1.0,0.0,0.0,0.0,0.0,0.0
Ddx18,0.2615722360139493,1.0,1.0,0.0,0.0,0.0,0.0,0.0
Actr3,0.0075787792597480945,0.09464756245883273,0.669000216463291,-28.527838475691038,-2.1525869064841068,-0.030166682550470957,0.3614738205731942,0.08136895702139675
Slc35f5,1.0,1.0,1.0,0.0,0.0,0.0,0.0,0.0
Lypd1,1.0,1.0,1.0,0.0,0.0,0.0,0.0,0.0
Nckap5,1.0,1.0,1.0,0.0,0.0,0.0,0.0,0.0
Mgat5,1.0,1.0,1.0,0.0,0.0,0.0,0.0,0.0
Tmem163,1.0,1.0,1.0,0.0,0.0,0.0,0.0,0.0
2900009J06Rik,1.0,1.0,1.0,0.0,0.0,0.0,0.0,0.0
Ccnt2,1.0,1.0,1.0,0.0,0.0,0.0,0.0,0.0
Rab3gap1,1.0,1.0,1.0,0.0,0.0,0.0,0.0,0.0
Zranb3,1.0,1.0,1.0,0.0,0.0,0.0,0.0,0.0
R3hdm1,0.009501095540355024,0.029867793297539916,0.2615722360139493,-26.99841453081153,0.0,0.0,0.0,0.0
Ubxn4,0.0015241724220052392,0.02524410573946178,0.2082876875446535,0.0727335217942521,0.1861552969006848,0.2964684529351836,0.7948977264933907,0.900547632105869
Mcm6,1.0,1.0,1.0,0.0,0.0,0.0,0.0,0.0
Dars,1.0,1.0,1.0,0.0,0.0,0.0,0.0,0.0
Cxcr4,0.2615722360139493,1.0,1.0,0.0,0.0,0.0,0.0,0.0
Gm15675,1.0,1.0,1.0,0.0,0.0,0.0,0.0,0.0
Cd55,0.06067621353514402,0.5562426453526219,0.9639312568312124,-26.187237476302364,0.0,0.0,0.0,0.0
C4bp,1.0,1.0,1.0,0.0,0.0,0.0,0.0,0.0
Pfkfb2,1.0,1.0,1.0,0.0,0.0,0.0,0.0,0.0
Yod1,1.0,1.0,1.0,0.0,0.0,0.0,0.0,0.0
AA986860,1.0,1.0,1.0,0.0,0.0,0.0,0.0,0.0
Gm15848,1.0,1.0,1.0,0.0,0.0,0.0,0.0,0.0
Pigr,1.0,1.0,1.0,0.0,0.0,0.0,0.0,0.0
Fcmr,1.0,1.0,1.0,0.0,0.0,0.0,0.0,0.0
Il10,0.47495853988950676,1.0,1.0,0.0,0.0,0.0,0.0,0.0
Mapkapk2,0.029867793297539916,0.4198490637342591,0.9505209847403642,0.0,0.0,0.0,0.0,0.0
Dyrk3,0.2615722360139493,0.2615722360139493,1.0,0.0,0.0,0.0,0.0,0.0
Eif2d,1.0,1.0,1.0,0.0,0.0,0.0,0.0,0.0
Rassf5,1.0,1.0,1.0,0.0,0.0,0.0,0.0,0.0
Ikbke,1.0,1.0,1.0,0.0,0.0,0.0,0.0,0.0
Srgap2,1.0,1.0,1.0,0.0,0.0,0.0,0.0,0.0
Gm29488,1.0,1.0,1.0,0.0,0.0,0.0,0.0,0.0
Fam72a,1.0,1.0,1.0,0.0,0.0,0.0,0.0,0.0
Ctse,0.2615722360139493,1.0,1.0,0.0,0.0,0.0,0.0,0.0
Rab7b,1.0,1.0,1.0,0.0,0.0,0.0,0.0,0.0
Pm20d1,1.0,1.0,1.0,0.0,0.0,0.0,0.0,0.0
Slc41a1,0.2615722360139493,1.0,1.0,0.0,0.0,0.0,0.0,0.0
Rab29,1.0,1.0,1.0,0.0,0.0,0.0,0.0,0.0
Nucks1,0.0001720247930818143,0.002778685068188869,0.08856750257537103,-28.107494579080374,-27.61716737576345,0.0,0.20587129090571002,0.0
Slc45a3,1.0,1.0,1.0,0.0,0.0,0.0,0.0,0.0
Elk4,0.08856750257537103,0.2615722360139493,1.0,0.0,0.0,0.0,0.0,0.0
Mfsd4a,1.0,1.0,1.0,0.0,0.0,0.0,0.0,0.0
Cdk18,1.0,1.0,1.0,0.0,0.0,0.0,0.0,0.0
Klhdc8a,1.0,1.0,1.0,0.0,0.0,0.0,0.0,0.0
Nuak2,1.0,1.0,1.0,0.0,0.0,0.0,0.0,0.0
Tmcc2,1.0,1.0,1.0,0.0,0.0,0.0,0.0,0.0
Dstyk,1.0,1.0,1.0,0.0,0.0,0.0,0.0,0.0
6030442K20Rik,1.0,1.0,1.0,0.0,0.0,0.0,0.0,0.0
Rbbp5,1.0,1.0,1.0,0.0,0.0,0.0,0.0,0.0
Tmem81,1.0,1.0,1.0,0.0,0.0,0.0,0.0,0.0
Nfasc,1.0,1.0,1.0,0.0,0.0,0.0,0.0,0.0
Lrrn2,1.0,1.0,1.0,0.0,0.0,0.0,0.0,0.0
Mdm4,0.029867793297539916,0.2615722360139493,1.0,0.0,0.0,0.0,0.0,0.0
Pik3c2b,1.0,1.0,1.0,0.0,0.0,0.0,0.0,0.0
Ppp1r15b,0.029867793297539916,0.12233417091613663,1.0,0.0,0.0,0.0,0.0,0.0
Plekha6,1.0,1.0,1.0,0.0,0.0,0.0,0.0,0.0
Etnk2,1.0,1.0,1.0,0.0,0.0,0.0,0.0,0.0
Sox13,1.0,1.0,1.0,0.0,0.0,0.0,0.0,0.0
Snrpe,0.030619270131432973,0.20284724043238278,0.6708558092938122,0.11534192616992728,0.28684957392670224,0.454562483756754,0.40286864324168203,0.49114578850116614
Zc3h11a,1.0,1.0,1.0,0.0,0.0,0.0,0.0,0.0
Gm38394,1.0,1.0,1.0,0.0,0.0,0.0,0.0,0.0
Lax1,0.04734460585853775,0.2702706993728666,0.8506311026434865,-0.016414162012928234,0.13331617148797426,0.2738835149212489,0.4602091098330686,0.5055530882241698
Atp2b4,1.0,1.0,1.0,0.0,0.0,0.0,0.0,0.0
Prelp,1.0,1.0,1.0,0.0,0.0,0.0,0.0,0.0
Btg2,0.06909581646423751,0.3837421608319441,0.9699293482575216,-0.21645942180281968,-0.11302731222278029,-0.0034133343260006914,0.845496352108744,0.7820922714100518
Chil1,1.0,1.0,1.0,0.0,0.0,0.0,0.0,0.0
Adora1,1.0,1.0,1.0,0.0,0.0,0.0,0.0,0.0
Ppfia4,1.0,1.0,1.0,0.0,0.0,0.0,0.0,0.0
Tmem183a,1.0,1.0,1.0,0.0,0.0,0.0,0.0,0.0
Cyb5r1,1.0,1.0,1.0,0.0,0.0,0.0,0.0,0.0
Adipor1,0.009501095540355024,0.0978412151825437,0.7670968684102772,-26.96853226802924,0.0,0.0,0.0,0.0
Klhl12,1.0,1.0,1.0,0.0,0.0,0.0,0.0,0.0
Rabif,1.0,1.0,1.0,0.0,0.0,0.0,0.0,0.0
Kdm5b,1.0,1.0,1.0,0.0,0.0,0.0,0.0,0.0
Ppp1r12b,1.0,1.0,1.0,0.0,0.0,0.0,0.0,0.0
Ube2t,1.0,1.0,1.0,0.0,0.0,0.0,0.0,0.0
Ptpn7,1.0,1.0,1.0,0.0,0.0,0.0,0.0,0.0
Arl8a,1.0,1.0,1.0,0.0,0.0,0.0,0.0,0.0
Gm15445,1.0,1.0,1.0,0.0,0.0,0.0,0.0,0.0
Elf3,1.0,1.0,1.0,0.0,0.0,0.0,0.0,0.0
Rnpep,1.0,1.0,1.0,0.0,0.0,0.0,0.0,0.0
Timm17a,0.009501095540355024,0.1853939469443623,0.4198490637342591,-27.56713074784378,0.0,0.0,0.0,0.0
Shisa4,1.0,1.0,1.0,0.0,0.0,0.0,0.0,0.0
Ipo9,1.0,1.0,1.0,0.0,0.0,0.0,0.0,0.0
Nav1,1.0,1.0,1.0,0.0,0.0,0.0,0.0,0.0
Csrp1,1.0,1.0,1.0,0.0,0.0,0.0,0.0,0.0
Phlda3,1.0,1.0,1.0,0.0,0.0,0.0,0.0,0.0
Lad1,1.0,1.0,1.0,0.0,0.0,0.0,0.0,0.0
Tnnt2,1.0,1.0,1.0,0.0,0.0,0.0,0.0,0.0
Pkp1,1.0,1.0,1.0,0.0,0.0,0.0,0.0,0.0
Tmem9,0.2615722360139493,0.2615722360139493,1.0,0.0,0.0,0.0,0.0,0.0
Cacna1s,0.0010637453361911566,0.009557831229657855,0.08249583234103358,0.35190069918020406,0.5079252633541352,0.6570337022955053,0.7627031514166656,1.0846017096317275
Gm37759,1.0,1.0,1.0,0.0,0.0,0.0,0.0,0.0
Kif21b,1.0,1.0,1.0,0.0,0.0,0.0,0.0,0.0
Inava,1.0,1.0,1.0,0.0,0.0,0.0,0.0,0.0
Camsap2,1.0,1.0,1.0,0.0,0.0,0.0,0.0,0.0
9230116N13Rik,1.0,1.0,1.0,0.0,0.0,0.0,0.0,0.0
Ddx59,1.0,1.0,1.0,0.0,0.0,0.0,0.0,0.0
Kif14,1.0,1.0,1.0,0.0,0.0,0.0,0.0,0.0
Zfp281,1.0,1.0,1.0,0.0,0.0,0.0,0.0,0.0
Gm19705,1.0,1.0,1.0,0.0,0.0,0.0,0.0,0.0
Nr5a2,1.0,1.0,1.0,0.0,0.0,0.0,0.0,0.0
Gm4258,1.0,1.0,1.0,0.0,0.0,0.0,0.0,0.0
Gm26930,1.0,1.0,1.0,0.0,0.0,0.0,0.0,0.0
Ptprc,0.00023910093896114013,0.004667322155326527,0.06982493844276884,-28.639658940067644,-28.487679042264112,-28.279132694984547,0.3763967782216555,0.0
Nek7,0.04441620689207324,0.4731341511856695,1.0,-28.362405695447137,-0.964306151519821,0.19391043719109416,0.3291621254732645,0.1695772312311705
2310009B15Rik,1.0,1.0,1.0,0.0,0.0,0.0,0.0,0.0
Dennd1b,1.0,1.0,1.0,0.0,0.0,0.0,0.0,0.0
Zbtb41,1.0,1.0,1.0,0.0,0.0,0.0,0.0,0.0
Aspm,1.0,1.0,1.0,0.0,0.0,0.0,0.0,0.0
Cfh,1.0,1.0,1.0,0.0,0.0,0.0,0.0,0.0
Kcnt2,1.0,1.0,1.0,0.0,0.0,0.0,0.0,0.0
Cdc73,1.0,1.0,1.0,0.0,0.0,0.0,0.0,0.0
B3galt2,1.0,1.0,1.0,0.0,0.0,0.0,0.0,0.0
Glrx2,0.0001720247930818143,0.0007335473709934008,0.009501095540355024,-28.235588152752996,-28.148706011570816,-27.13731323769578,0.2975807590140905,0.0
Ro60,1.0,1.0,1.0,0.0,0.0,0.0,0.0,0.0
Uchl5,1.0,1.0,1.0,0.0,0.0,0.0,0.0,0.0
Gm29170,1.0,1.0,1.0,0.0,0.0,0.0,0.0,0.0
Rgs2,1.0,1.0,1.0,0.0,0.0,0.0,0.0,0.0
Rgs1,1.0,1.0,1.0,0.0,0.0,0.0,0.0,0.0
Rgs18,1.0,1.0,1.0,0.0,0.0,0.0,0.0,0.0
Brinp3,1.0,1.0,1.0,0.0,0.0,0.0,0.0,0.0
A230059L01Rik,1.0,1.0,1.0,0.0,0.0,0.0,0.0,0.0
Pla2g4a,1.0,1.0,1.0,0.0,0.0,0.0,0.0,0.0
Ptgs2os,1.0,1.0,1.0,0.0,0.0,0.0,0.0,0.0
Ptgs2,1.0,1.0,1.0,0.0,0.0,0.0,0.0,0.0
Ptgs2os2,1.0,1.0,1.0,0.0,0.0,0.0,0.0,0.0
Odr4,0.0001720247930818143,0.002778685068188869,0.029867793297539916,-28.205877567296664,-27.859685143855767,-24.990566120981917,0.24355722071212774,0.0
Tpr,0.015860919266492024,0.23797729618163055,0.9699293482575216,-0.05303324620970047,0.07872428327189349,0.26533949817244246,0.5135101132487653,0.5420746545839585
Prg4,1.0,1.0,1.0,0.0,0.0,0.0,0.0,0.0
Hmcn1,1.0,1.0,1.0,0.0,0.0,0.0,0.0,0.0
Gm10138,1.0,1.0,1.0,0.0,0.0,0.0,0.0,0.0
Ivns1abp,0.07598867855418287,0.4198490637342591,0.8822739356449067,-26.155814185859565,0.0,0.0,0.0,0.0
Swt1,0.2615722360139493,1.0,1.0,0.0,0.0,0.0,0.0,0.0
Trmt1l,1.0,1.0,1.0,0.0,0.0,0.0,0.0,0.0
Rnf2,1.0,1.0,1.0,0.0,0.0,0.0,0.0,0.0
Fam129a,1.0,1.0,1.0,0.0,0.0,0.0,0.0,0.0
Edem3,0.2615722360139493,1.0,1.0,0.0,0.0,0.0,0.0,0.0
1700025G04Rik,1.0,1.0,1.0,0.0,0.0,0.0,0.0,0.0
Tsen15,1.0,1.0,1.0,0.0,0.0,0.0,0.0,0.0
Colgalt2,1.0,1.0,1.0,0.0,0.0,0.0,0.0,0.0
Rgl1,1.0,1.0,1.0,0.0,0.0,0.0,0.0,0.0
Arpc5,0.022324866116373143,0.2315792029737146,0.938276068097927,0.05540952376851945,0.3391807593433839,0.7038458508409062,0.32461564765013373,0.4096199607343162
Ncf2,1.0,1.0,1.0,0.0,0.0,0.0,0.0,0.0
Smg7,1.0,1.0,1.0,0.0,0.0,0.0,0.0,0.0
Gm28791,1.0,1.0,1.0,0.0,0.0,0.0,0.0,0.0
Lamc2,1.0,1.0,1.0,0.0,0.0,0.0,0.0,0.0
Lamc1,1.0,1.0,1.0,0.0,0.0,0.0,0.0,0.0
E330020D12Rik,1.0,1.0,1.0,0.0,0.0,0.0,0.0,0.0
Dhx9,0.2615722360139493,0.47495853988950676,1.0,0.0,0.0,0.0,0.0,0.0
Npl,1.0,1.0,1.0,0.0,0.0,0.0,0.0,0.0
Rgs16,1.0,1.0,1.0,0.0,0.0,0.0,0.0,0.0
Rnasel,1.0,1.0,1.0,0.0,0.0,0.0,0.0,0.0
Gm28512,1.0,1.0,1.0,0.0,0.0,0.0,0.0,0.0
Teddm2,1.0,1.0,1.0,0.0,0.0,0.0,0.0,0.0
Glul,1.0,1.0,1.0,0.0,0.0,0.0,0.0,0.0
Cacna1e,1.0,1.0,1.0,0.0,0.0,0.0,0.0,0.0
Gm9530,1.0,1.0,1.0,0.0,0.0,0.0,0.0,0.0
Ier5,0.08249583234103358,0.3837421608319441,0.9699293482575216,-0.33859566398631846,-0.17568656015582368,-0.027033070336097604,0.7271151170478822,0.6431866812847065
Mr1,1.0,1.0,1.0,0.0,0.0,0.0,0.0,0.0
Stx6,1.0,1.0,1.0,0.0,0.0,0.0,0.0,0.0
BC034090,1.0,1.0,1.0,0.0,0.0,0.0,0.0,0.0
Xpr1,0.2615722360139493,1.0,1.0,0.0,0.0,0.0,0.0,0.0
Acbd6,0.0007335473709934008,0.009501095540355024,0.08856750257537103,-27.973157924413655,-25.869389561399036,0.0,0.06130024643084975,0.0
Qsox1,1.0,1.0,1.0,0.0,0.0,0.0,0.0,0.0
Cep350,0.2615722360139493,1.0,1.0,0.0,0.0,0.0,0.0,0.0
Tor1aip1,0.029867793297539916,0.2615722360139493,1.0,0.0,0.0,0.0,0.0,0.0
Tor1aip2,0.08856750257537103,0.2615722360139493,0.8822739356449067,0.0,0.0,0.0,0.0,0.0
Gm2000,0.002778685068188869,0.009501095540355024,0.029867793297539916,-28.02377946070062,-26.919093887844117,0.0,0.1268979811668325,0.0
Soat1,1.0,1.0,1.0,0.0,0.0,0.0,0.0,0.0
Abl2,1.0,1.0,1.0,0.0,0.0,0.0,0.0,0.0
Tor3a,1.0,1.0,1.0,0.0,0.0,0.0,0.0,0.0
Fam20b,1.0,1.0,1.0,0.0,0.0,0.0,0.0,0.0
Ralgps2,0.2082876875446535,0.6784313725490196,1.0,-0.20681131995510438,-0.0631493228290218,0.07185621655937272,0.660184709316352,0.6320001732444437
Angptl1,1.0,1.0,1.0,0.0,0.0,0.0,0.0,0.0
Rasal2,1.0,1.0,1.0,0.0,0.0,0.0,0.0,0.0
Cryzl2,1.0,1.0,1.0,0.0,0.0,0.0,0.0,0.0
Sec16b,1.0,1.0,1.0,0.0,0.0,0.0,0.0,0.0
Cop1,1.0,1.0,1.0,0.0,0.0,0.0,0.0,0.0
Tnr,1.0,1.0,1.0,0.0,0.0,0.0,0.0,0.0
4930523C07Rik,0.004656365216293843,0.050620514756593515,0.3431319879068183,0.34023348820704796,1.770989135321975,28.684670263691178,0.1193709518867525,0.38997795965876814
Mrps14,0.3747677914932922,0.7920774787647853,1.0,-0.09528059408429403,0.09552407832672835,0.32413975870619177,0.47445140169521716,0.5106720645572427
Cacybp,0.029867793297539916,0.08856750257537103,0.8822739356449067,0.0,0.0,0.0,0.0,0.0
Rabgap1l,0.026032443249528983,0.3190687002989552,0.968559887123876,-28.347576530618372,-28.177809725490555,-0.08221924207044574,0.31750898242396675,0.0
Gm37529,1.0,1.0,1.0,0.0,0.0,0.0,0.0,0.0
Gm37328,1.0,1.0,1.0,0.0,0.0,0.0,0.0,0.0
Rc3h1,1.0,1.0,1.0,0.0,0.0,0.0,0.0,0.0
Serpinc1,1.0,1.0,1.0,0.0,0.0,0.0,0.0,0.0
Zbtb37,1.0,1.0,1.0,0.0,0.0,0.0,0.0,0.0
Gas5,0.0021592442645074223,0.027655652756673182,0.2315792029737146,0.2854411129317608,0.44412064443916427,0.6259174447154533,0.3543304854025975,0.4832079873965205
Dars2,1.0,1.0,1.0,0.0,0.0,0.0,0.0,0.0
Cenpl,1.0,1.0,1.0,0.0,0.0,0.0,0.0,0.0
Klhl20,1.0,1.0,1.0,0.0,0.0,0.0,0.0,0.0
Prdx6,0.047280536202603904,0.37368627346046657,0.9691830820581888,-0.06781379003459222,0.22188347530961433,0.46170828338941244,0.35318926998663375,0.41140676907593776
Tnfsf4,1.0,1.0,1.0,0.0,0.0,0.0,0.0,0.0
Fasl,1.0,1.0,1.0,0.0,0.0,0.0,0.0,0.0
Suco,0.0073033261887751055,0.09788044772564897,0.5626868690234494,0.08553087112454305,0.2614972040082273,0.43213065187539335,0.39768144442147,0.4748100745760556
Pigc,1.0,1.0,1.0,0.0,0.0,0.0,0.0,0.0
Dnm3,0.47495853988950676,1.0,1.0,0.0,0.0,0.0,0.0,0.0
Dnm3os,1.0,1.0,1.0,0.0,0.0,0.0,0.0,0.0
Eef1aknmt,1.0,1.0,1.0,0.0,0.0,0.0,0.0,0.0
Vamp4,0.2615722360139493,1.0,1.0,0.0,0.0,0.0,0.0,0.0
Myoc,1.0,1.0,1.0,0.0,0.0,0.0,0.0,0.0
Prrc2c,0.2615722360139493,0.47495853988950676,1.0,0.0,0.0,0.0,0.0,0.0
Fmo1,1.0,1.0,1.0,0.0,0.0,0.0,0.0,0.0
Fmo2,1.0,1.0,1.0,0.0,0.0,0.0,0.0,0.0
Prrx1,1.0,1.0,1.0,0.0,0.0,0.0,0.0,0.0
Gorab,1.0,1.0,1.0,0.0,0.0,0.0,0.0,0.0
Kifap3,1.0,1.0,1.0,0.0,0.0,0.0,0.0,0.0
Scyl3,1.0,1.0,1.0,0.0,0.0,0.0,0.0,0.0
BC055324,1.0,1.0,1.0,0.0,0.0,0.0,0.0,0.0
Mettl18,1.0,1.0,1.0,0.0,0.0,0.0,0.0,0.0
Sell,1.0,1.0,1.0,0.0,0.0,0.0,0.0,0.0
Selp,1.0,1.0,1.0,0.0,0.0,0.0,0.0,0.0
F5,1.0,1.0,1.0,0.0,0.0,0.0,0.0,0.0
Slc19a2,1.0,1.0,1.0,0.0,0.0,0.0,0.0,0.0
Ccdc181,1.0,1.0,1.0,0.0,0.0,0.0,0.0,0.0
Blzf1,1.0,1.0,1.0,0.0,0.0,0.0,0.0,0.0
Nme7,1.0,1.0,1.0,0.0,0.0,0.0,0.0,0.0
Atp1b1,1.0,1.0,1.0,0.0,0.0,0.0,0.0,0.0
Dpt,1.0,1.0,1.0,0.0,0.0,0.0,0.0,0.0
Xcl1,1.0,1.0,1.0,0.0,0.0,0.0,0.0,0.0
Sft2d2,0.08856750257537103,0.2615722360139493,1.0,0.0,0.0,0.0,0.0,0.0
Tiprl,0.2615722360139493,0.2615722360139493,1.0,0.0,0.0,0.0,0.0,0.0
Gm38190,1.0,1.0,1.0,0.0,0.0,0.0,0.0,0.0
Gpr161,1.0,1.0,1.0,0.0,0.0,0.0,0.0,0.0
Dcaf6,1.0,1.0,1.0,0.0,0.0,0.0,0.0,0.0
Mpc2,0.2082876875446535,0.7344923394458999,1.0,-0.16272682300156063,-0.04990246469750308,0.09865448778095562,0.5823034061173766,0.5623763198016443
Mpzl1,1.0,1.0,1.0,0.0,0.0,0.0,0.0,0.0
Rcsd1,1.0,1.0,1.0,0.0,0.0,0.0,0.0,0.0
Creg1,0.009557831229657855,0.23797729618163055,0.9699293482575216,-0.22577307097950927,-0.10496403937214052,0.018669968416735593,0.5849558317704938,0.5437365649292385
Gm16565,1.0,1.0,1.0,0.0,0.0,0.0,0.0,0.0
Cd247,1.0,1.0,1.0,0.0,0.0,0.0,0.0,0.0
Pou2f1,1.0,1.0,1.0,0.0,0.0,0.0,0.0,0.0
Gpa33,1.0,1.0,1.0,0.0,0.0,0.0,0.0,0.0
Ildr2,1.0,1.0,1.0,0.0,0.0,0.0,0.0,0.0
Gm15853,1.0,1.0,1.0,0.0,0.0,0.0,0.0,0.0
Tada1,1.0,1.0,1.0,0.0,0.0,0.0,0.0,0.0
Pogk,1.0,1.0,1.0,0.0,0.0,0.0,0.0,0.0
Uck2,0.08856750257537103,0.5681936364839564,1.0,-27.021142788947927,0.0,0.0,0.0,0.0
Tmco1,0.016204046925291853,0.11787716324834174,0.7249560728402249,-28.59907407671268,-0.7681362235585648,-0.033769173415077826,0.3950794212467974,0.23532736731385462
Aldh9a1,0.2615722360139493,0.2615722360139493,1.0,0.0,0.0,0.0,0.0,0.0
Mgst3,1.0,1.0,1.0,0.0,0.0,0.0,0.0,0.0
Pbx1,1.0,1.0,1.0,0.0,0.0,0.0,0.0,0.0
Nuf2,1.0,1.0,1.0,0.0,0.0,0.0,0.0,0.0
Rgs5,1.0,1.0,1.0,0.0,0.0,0.0,0.0,0.0
Rgs4,1.0,1.0,1.0,0.0,0.0,0.0,0.0,0.0
Hsd17b7,1.0,1.0,1.0,0.0,0.0,0.0,0.0,0.0
Ddr2,1.0,1.0,1.0,0.0,0.0,0.0,0.0,0.0
Uap1,0.08856750257537103,1.0,1.0,0.0,0.0,0.0,0.0,0.0
Uhmk1,1.0,1.0,1.0,0.0,0.0,0.0,0.0,0.0
Sh2d1b1,1.0,1.0,1.0,0.0,0.0,0.0,0.0,0.0
Gm7694,1.0,1.0,1.0,0.0,0.0,0.0,0.0,0.0
Nos1ap,1.0,1.0,1.0,0.0,0.0,0.0,0.0,0.0
Olfml2b,1.0,1.0,1.0,0.0,0.0,0.0,0.0,0.0
Atf6,1.5876796062554575e-05,3.175359212510915e-05,0.0020203268737022818,0.6264933867500231,0.7827839333131086,0.9120177774831468,0.3196754637680095,0.5491250075644425
Dusp12,1.0,1.0,1.0,0.0,0.0,0.0,0.0,0.0
Fcrla,1.0,1.0,1.0,0.0,0.0,0.0,0.0,0.0
Fcgr2b,1.0,1.0,1.0,0.0,0.0,0.0,0.0,0.0
Fcgr4,1.0,1.0,1.0,0.0,0.0,0.0,0.0,0.0
Fcgr3,1.0,1.0,1.0,0.0,0.0,0.0,0.0,0.0
Cfap126,1.0,1.0,1.0,0.0,0.0,0.0,0.0,0.0
Sdhc,1.0,1.0,1.0,0.0,0.0,0.0,0.0,0.0
Pcp4l1,1.0,1.0,1.0,0.0,0.0,0.0,0.0,0.0
Tomm40l,1.0,1.0,1.0,0.0,0.0,0.0,0.0,0.0
Apoa2,1.0,1.0,1.0,0.0,0.0,0.0,0.0,0.0
Fcer1g,0.029867793297539916,0.08856750257537103,0.2615722360139493,0.0,0.0,0.0,0.0,0.0
Ndufs2,0.029867793297539916,0.029867793297539916,0.2615722360139493,0.0,0.0,0.0,0.0,0.0
Adamts4,1.0,1.0,1.0,0.0,0.0,0.0,0.0,0.0
B4galt3,1.0,1.0,1.0,0.0,0.0,0.0,0.0,0.0
Ppox,1.0,1.0,1.0,0.0,0.0,0.0,0.0,0.0
Usp21,1.0,1.0,1.0,0.0,0.0,0.0,0.0,0.0
Ufc1,0.02511629753115822,0.18134476462649837,0.6784313725490196,0.019864407299729502,0.14969558824303242,0.3065147364557314,0.521703218390684,0.5789309288427718
Gm20045,1.0,1.0,1.0,0.0,0.0,0.0,0.0,0.0
Dedd,1.0,1.0,1.0,0.0,0.0,0.0,0.0,0.0
Nit1,1.0,1.0,1.0,0.0,0.0,0.0,0.0,0.0
Pfdn2,0.0007335473709934008,0.06117467691385191,0.6185519578391343,-28.194840904186076,-28.080319026392246,-26.99802730435444,0.2839829843058077,0.0
Nectin4,1.0,1.0,1.0,0.0,0.0,0.0,0.0,0.0
Arhgap30,0.00012175575045247107,0.0007335473709934008,0.009501095540355024,-28.40416966733073,-28.229349083409176,-27.798330638067544,0.314688469916405,0.0
Usf1,0.029867793297539916,0.08856750257537103,1.0,0.0,0.0,0.0,0.0,0.0
Tstd1,1.0,1.0,1.0,0.0,0.0,0.0,0.0,0.0
F11r,1.0,1.0,1.0,0.0,0.0,0.0,0.0,0.0
B930036N10Rik,1.0,1.0,1.0,0.0,0.0,0.0,0.0,0.0
Alyref2,1.0,1.0,1.0,0.0,0.0,0.0,0.0,0.0
Itln1,1.0,1.0,1.0,0.0,0.0,0.0,0.0,0.0
Cd244a,1.0,1.0,1.0,0.0,0.0,0.0,0.0,0.0
Ly9,1.0,1.0,1.0,0.0,0.0,0.0,0.0,0.0
Slamf7,0.0007144558228149559,0.038707628800508063,0.3063340477891553,0.07681148482250637,0.204351186768616,0.33275379694368534,0.6926770010819285,0.8001704233562742
Gm37787,1.0,1.0,1.0,0.0,0.0,0.0,0.0,0.0
Cd48,0.08856750257537103,0.2615722360139493,1.0,0.0,0.0,0.0,0.0,0.0
Slamf1,1.0,1.0,1.0,0.0,0.0,0.0,0.0,0.0
Cd84,1.0,1.0,1.0,0.0,0.0,0.0,0.0,0.0
Gm10521,1.0,1.0,1.0,0.0,0.0,0.0,0.0,0.0
Gm37065,1.0,1.0,1.0,0.0,0.0,0.0,0.0,0.0
Slamf6,0.029867793297539916,0.08856750257537103,0.2615722360139493,0.0,0.0,0.0,0.0,0.0
Vangl2,1.0,1.0,1.0,0.0,0.0,0.0,0.0,0.0
Ncstn,1.0,1.0,1.0,0.0,0.0,0.0,0.0,0.0
Copa,0.016628516371749665,0.31197481303875285,0.9652970706856513,-28.20930969666915,-28.017465387163664,-25.843067300796374,0.2717049073460722,0.0
Pex19,1.0,1.0,1.0,0.0,0.0,0.0,0.0,0.0
Dcaf8,1.0,1.0,1.0,0.0,0.0,0.0,0.0,0.0
Pea15a,1.0,1.0,1.0,0.0,0.0,0.0,0.0,0.0
Igsf8,1.0,1.0,1.0,0.0,0.0,0.0,0.0,0.0
Atp1a2,1.0,1.0,1.0,0.0,0.0,0.0,0.0,0.0
Gm36937,1.0,1.0,1.0,0.0,0.0,0.0,0.0,0.0
Kcnj10,1.0,1.0,1.0,0.0,0.0,0.0,0.0,0.0
Pigm,1.0,1.0,1.0,0.0,0.0,0.0,0.0,0.0
Slamf9,1.0,1.0,1.0,0.0,0.0,0.0,0.0,0.0
Igsf9,1.0,1.0,1.0,0.0,0.0,0.0,0.0,0.0
Tagln2,0.00018083879811240126,0.0008074274754744568,0.004011430556544232,28.94889307449852,29.127182734235028,29.22444984082618,0.0,0.5867619341810825
Cfap45,1.0,1.0,1.0,0.0,0.0,0.0,0.0,0.0
4933439K11Rik,1.0,1.0,1.0,0.0,0.0,0.0,0.0,0.0
Vsig8,1.0,1.0,1.0,0.0,0.0,0.0,0.0,0.0
Slamf8,1.0,1.0,1.0,0.0,0.0,0.0,0.0,0.0
Fcrl6,1.0,1.0,1.0,0.0,0.0,0.0,0.0,0.0
Dusp23,1.0,1.0,1.0,0.0,0.0,0.0,0.0,0.0
Ackr1,1.0,1.0,1.0,0.0,0.0,0.0,0.0,0.0
Cadm3,1.0,1.0,1.0,0.0,0.0,0.0,0.0,0.0
Aim2,1.0,1.0,1.0,0.0,0.0,0.0,0.0,0.0
Ifi206,1.0,1.0,1.0,0.0,0.0,0.0,0.0,0.0
Ifi214,1.0,1.0,1.0,0.0,0.0,0.0,0.0,0.0
Ifi213,1.0,1.0,1.0,0.0,0.0,0.0,0.0,0.0
Ifi209,1.0,1.0,1.0,0.0,0.0,0.0,0.0,0.0
Ifi208,1.0,1.0,1.0,0.0,0.0,0.0,0.0,0.0
Ifi207,1.0,1.0,1.0,0.0,0.0,0.0,0.0,0.0
Ifi204,1.0,1.0,1.0,0.0,0.0,0.0,0.0,0.0
Mndal,0.2615722360139493,1.0,1.0,0.0,0.0,0.0,0.0,0.0
Ifi211,1.0,1.0,1.0,0.0,0.0,0.0,0.0,0.0
Ifi203,0.2615722360139493,1.0,1.0,0.0,0.0,0.0,0.0,0.0
Ifi202b,1.0,1.0,1.0,0.0,0.0,0.0,0.0,0.0
Ifi205,1.0,1.0,1.0,0.0,0.0,0.0,0.0,0.0
Olfr433,1.0,1.0,1.0,0.0,0.0,0.0,0.0,0.0
Olfr432,1.0,1.0,1.0,0.0,0.0,0.0,0.0,0.0
Mptx1,1.0,1.0,1.0,0.0,0.0,0.0,0.0,0.0
Grem2,1.0,1.0,1.0,0.0,0.0,0.0,0.0,0.0
Fh1,1.0,1.0,1.0,0.0,0.0,0.0,0.0,0.0
Kmo,1.0,1.0,1.0,0.0,0.0,0.0,0.0,0.0
Opn3,1.0,1.0,1.0,0.0,0.0,0.0,0.0,0.0
Chml,1.0,1.0,1.0,0.0,0.0,0.0,0.0,0.0
Exo1,1.0,1.0,1.0,0.0,0.0,0.0,0.0,0.0
Rbm8a2,1.0,1.0,1.0,0.0,0.0,0.0,0.0,0.0
Cep170,1.0,1.0,1.0,0.0,0.0,0.0,0.0,0.0
Sdccag8,1.0,1.0,1.0,0.0,0.0,0.0,0.0,0.0
Akt3,1.0,1.0,1.0,0.0,0.0,0.0,0.0,0.0
Gm26801,1.0,1.0,1.0,0.0,0.0,0.0,0.0,0.0
Zbtb18,1.0,1.0,1.0,0.0,0.0,0.0,0.0,0.0
2310043L19Rik,1.0,1.0,1.0,0.0,0.0,0.0,0.0,0.0
Adss,1.0,1.0,1.0,0.0,0.0,0.0,0.0,0.0
Desi2,0.2615722360139493,0.47495853988950676,1.0,0.0,0.0,0.0,0.0,0.0
B230369F24Rik,1.0,1.0,1.0,0.0,0.0,0.0,0.0,0.0
Cox20,1.0,1.0,1.0,0.0,0.0,0.0,0.0,0.0
Hnrnpu,0.06383678291883767,0.33411952703865366,0.9077302642387601,-0.041611324130357806,0.1605484814936811,0.33491521722802037,0.40572994448699196,0.4545980440605789
Efcab2,1.0,1.0,1.0,0.0,0.0,0.0,0.0,0.0
Smyd3,1.0,1.0,1.0,0.0,0.0,0.0,0.0,0.0
Tfb2m,1.0,1.0,1.0,0.0,0.0,0.0,0.0,0.0
Cnst,1.0,1.0,1.0,0.0,0.0,0.0,0.0,0.0
Sccpdh,1.0,1.0,1.0,0.0,0.0,0.0,0.0,0.0
Ahctf1,1.0,1.0,1.0,0.0,0.0,0.0,0.0,0.0
Cdc42bpa,1.0,1.0,1.0,0.0,0.0,0.0,0.0,0.0
Coq8a,1.0,1.0,1.0,0.0,0.0,0.0,0.0,0.0
Psen2,1.0,1.0,1.0,0.0,0.0,0.0,0.0,0.0
Itpkb,1.0,1.0,1.0,0.0,0.0,0.0,0.0,0.0
Parp1,0.029867793297539916,0.2615722360139493,1.0,0.0,0.0,0.0,0.0,0.0
Lin9,1.0,1.0,1.0,0.0,0.0,0.0,0.0,0.0
Acbd3,0.00044521402364867436,0.016361764754564145,0.19964580280899713,0.3906731677662554,0.6745744970354985,3.0439524707716212,0.26250962127105376,0.4135501597925
H3f3a,0.00030165912518853697,0.005493371437643883,0.04734460585853775,0.12468175767312759,0.1901468982988592,0.24803309698278392,1.358536395361235,1.5551795749752961
H3f3aos,1.0,1.0,1.0,0.0,0.0,0.0,0.0,0.0
Sde2,1.0,1.0,1.0,0.0,0.0,0.0,0.0,0.0
Pycr2,0.0007335473709934008,0.028688810319848834,0.2870251802988596,-28.186083128038906,-27.741759771721497,0.0,0.224440807140997,0.0
Lefty1,1.0,1.0,1.0,0.0,0.0,0.0,0.0,0.0
Tmem63a,1.0,1.0,1.0,0.0,0.0,0.0,0.0,0.0
Ephx1,1.0,1.0,1.0,0.0,0.0,0.0,0.0,0.0
Nvl,0.2615722360139493,1.0,1.0,0.0,0.0,0.0,0.0,0.0
Cnih4,0.07598867855418287,0.5098433838583576,0.9595657057843286,-27.963195465203846,0.0,0.0,0.0,0.0
Wdr26,0.08856750257537103,1.0,1.0,0.0,0.0,0.0,0.0,0.0
Lbr,1.0,1.0,1.0,0.0,0.0,0.0,0.0,0.0
Enah,1.0,1.0,1.0,0.0,0.0,0.0,0.0,0.0
Srp9,0.18134476462649837,0.5713582599031516,1.0,-0.04248994409065975,0.018461935121679096,0.09882562858715514,1.4626459676697736,1.4826974199599898
Degs1,0.0033584833660924725,0.044420493102569174,0.3330233645922859,0.4279423187425838,0.6674845428900625,1.84022335685942,0.2841370755696747,0.45139251802476077
1700047M11Rik,1.0,1.0,1.0,0.0,0.0,0.0,0.0,0.0
Fbxo28,1.0,1.0,1.0,0.0,0.0,0.0,0.0,0.0
Trp53bp2,1.0,1.0,1.0,0.0,0.0,0.0,0.0,0.0
Capn2,1.0,1.0,1.0,0.0,0.0,0.0,0.0,0.0
Susd4,1.0,1.0,1.0,0.0,0.0,0.0,0.0,0.0
Tlr5,1.0,1.0,1.0,0.0,0.0,0.0,0.0,0.0
Gm38079,1.0,1.0,1.0,0.0,0.0,0.0,0.0,0.0
Disp1,1.0,1.0,1.0,0.0,0.0,0.0,0.0,0.0
Brox,1.0,1.0,1.0,0.0,0.0,0.0,0.0,0.0
Aida,1.0,1.0,1.0,0.0,0.0,0.0,0.0,0.0
Mia3,0.05002145124433974,0.5062093155635506,1.0,-28.207479405750142,-27.61551263953299,0.07957505468990862,0.22915498053821176,0.0
Taf1a,1.0,1.0,1.0,0.0,0.0,0.0,0.0,0.0
Gm33973,1.0,1.0,1.0,0.0,0.0,0.0,0.0,0.0
Dusp10,1.0,1.0,1.0,0.0,0.0,0.0,0.0,0.0
1700056E22Rik,1.0,1.0,1.0,0.0,0.0,0.0,0.0,0.0
Gm37800,1.0,1.0,1.0,0.0,0.0,0.0,0.0,0.0
Hlx,1.0,1.0,1.0,0.0,0.0,0.0,0.0,0.0
Marc1,1.0,1.0,1.0,0.0,0.0,0.0,0.0,0.0
Marc2,0.0007144558228149559,0.04734460585853775,0.5713582599031516,0.03741994402294181,0.14236416027237758,0.2530157613216502,0.5968497998805236,0.6588613741657633
C130074G19Rik,1.0,1.0,1.0,0.0,0.0,0.0,0.0,0.0
Mark1,1.0,1.0,1.0,0.0,0.0,0.0,0.0,0.0
Rab3gap2,1.0,1.0,1.0,0.0,0.0,0.0,0.0,0.0
Iars2,1.0,1.0,1.0,0.0,0.0,0.0,0.0,0.0
Bpnt1,1.0,1.0,1.0,0.0,0.0,0.0,0.0,0.0
4930532G15Rik,1.0,1.0,1.0,0.0,0.0,0.0,0.0,0.0
Eprs,0.11458357474009337,0.6492912781505455,1.0,-28.30465059529562,-0.14189876116722303,0.2413308878999886,0.32746741158511905,0.2994936815268525
Lyplal1,1.0,1.0,1.0,0.0,0.0,0.0,0.0,0.0
Tgfb2,1.0,1.0,1.0,0.0,0.0,0.0,0.0,0.0
Rrp15,1.0,1.0,1.0,0.0,0.0,0.0,0.0,0.0
A430105J06Rik,1.0,1.0,1.0,0.0,0.0,0.0,0.0,0.0
Gpatch2,1.0,1.0,1.0,0.0,0.0,0.0,0.0,0.0
Kctd3,1.0,1.0,1.0,0.0,0.0,0.0,0.0,0.0
Kcnk2,1.0,1.0,1.0,0.0,0.0,0.0,0.0,0.0
Cenpf,1.0,1.0,1.0,0.0,0.0,0.0,0.0,0.0
Ptpn14,1.0,1.0,1.0,0.0,0.0,0.0,0.0,0.0
Gm37422,1.0,1.0,1.0,0.0,0.0,0.0,0.0,0.0
Smyd2,1.0,1.0,1.0,0.0,0.0,0.0,0.0,0.0
Prox1,1.0,1.0,1.0,0.0,0.0,0.0,0.0,0.0
Rps6kc1,1.0,1.0,1.0,0.0,0.0,0.0,0.0,0.0
Angel2,1.0,1.0,1.0,0.0,0.0,0.0,0.0,0.0
Vash2,1.0,1.0,1.0,0.0,0.0,0.0,0.0,0.0
Flvcr1,1.0,1.0,1.0,0.0,0.0,0.0,0.0,0.0
Tatdn3,1.0,1.0,1.0,0.0,0.0,0.0,0.0,0.0
Nsl1,1.0,1.0,1.0,0.0,0.0,0.0,0.0,0.0
Batf3,1.0,1.0,1.0,0.0,0.0,0.0,0.0,0.0
Fam71a,1.0,1.0,1.0,0.0,0.0,0.0,0.0,0.0
Atf3,1.0,1.0,1.0,0.0,0.0,0.0,0.0,0.0
D730003I15Rik,1.0,1.0,1.0,0.0,0.0,0.0,0.0,0.0
Gm37168,1.0,1.0,1.0,0.0,0.0,0.0,0.0,0.0
Nenf,0.2615722360139493,1.0,1.0,0.0,0.0,0.0,0.0,0.0
Pacc1,1.0,1.0,1.0,0.0,0.0,0.0,0.0,0.0
Ppp2r5a,0.00011113757243788204,0.005493371437643883,0.11526553941414623,0.12813657483277932,0.24217562493341385,0.35599036307302784,0.6282014941567192,0.7434070104463064
Dtl,1.0,1.0,1.0,0.0,0.0,0.0,0.0,0.0
Ints7,1.0,1.0,1.0,0.0,0.0,0.0,0.0,0.0
Lpgat1,0.08856750257537103,0.2615722360139493,1.0,0.0,0.0,0.0,0.0,0.0
Gm38037,1.0,1.0,1.0,0.0,0.0,0.0,0.0,0.0
Nek2,1.0,1.0,1.0,0.0,0.0,0.0,0.0,0.0
1700034H15Rik,1.0,1.0,1.0,0.0,0.0,0.0,0.0,0.0
Slc30a1,1.0,1.0,1.0,0.0,0.0,0.0,0.0,0.0
Gm26670,1.0,1.0,1.0,0.0,0.0,0.0,0.0,0.0
Traf5,1.0,1.0,1.0,0.0,0.0,0.0,0.0,0.0
Rcor3,1.0,1.0,1.0,0.0,0.0,0.0,0.0,0.0
Hhat,1.0,1.0,1.0,0.0,0.0,0.0,0.0,0.0
Sertad4,1.0,1.0,1.0,0.0,0.0,0.0,0.0,0.0
Gm15867,1.0,1.0,1.0,0.0,0.0,0.0,0.0,0.0
Utp25,1.0,1.0,1.0,0.0,0.0,0.0,0.0,0.0
Irf6,1.0,1.0,1.0,0.0,0.0,0.0,0.0,0.0
A130010J15Rik,1.0,1.0,1.0,0.0,0.0,0.0,0.0,0.0
Traf3ip3,1.0,1.0,1.0,0.0,0.0,0.0,0.0,0.0
4930570N18Rik,1.0,1.0,1.0,0.0,0.0,0.0,0.0,0.0
Lamb3,1.0,1.0,1.0,0.0,0.0,0.0,0.0,0.0
Hsd11b1,1.0,1.0,1.0,0.0,0.0,0.0,0.0,0.0
G0s2,1.0,1.0,1.0,0.0,0.0,0.0,0.0,0.0
Plxna2,1.0,1.0,1.0,0.0,0.0,0.0,0.0,0.0
Cd34,1.0,1.0,1.0,0.0,0.0,0.0,0.0,0.0
A330023F24Rik,1.0,1.0,1.0,0.0,0.0,0.0,0.0,0.0
Cd46,1.0,1.0,1.0,0.0,0.0,0.0,0.0,0.0
Cr1l,0.0046620219405831284,0.05272001793608185,0.34336037676666953,-28.340956450152973,-28.189181941699857,-27.914749757023277,0.306047846520911,0.0
Cr2,1.0,1.0,1.0,0.0,0.0,0.0,0.0,0.0
Fam171a1,1.0,1.0,1.0,0.0,0.0,0.0,0.0,0.0
Nmt2,1.0,1.0,1.0,0.0,0.0,0.0,0.0,0.0
Rpp38,1.0,1.0,1.0,0.0,0.0,0.0,0.0,0.0
Acbd7,1.0,1.0,1.0,0.0,0.0,0.0,0.0,0.0
Meig1,1.0,1.0,1.0,0.0,0.0,0.0,0.0,0.0
Dclre1c,1.0,1.0,1.0,0.0,0.0,0.0,0.0,0.0
Suv39h2,1.0,1.0,1.0,0.0,0.0,0.0,0.0,0.0
Hspa14,0.2615722360139493,1.0,1.0,0.0,0.0,0.0,0.0,0.0
Gm45902,1.0,1.0,1.0,0.0,0.0,0.0,0.0,0.0
Fam107b,1.5876796062554575e-05,0.00011113757243788204,0.005493371437643883,0.662324052763631,0.8723519236796371,1.0592430261983845,0.37978094501574716,0.696217721103636
Frmd4a,1.0,1.0,1.0,0.0,0.0,0.0,0.0,0.0
Prpf18,1.0,1.0,1.0,0.0,0.0,0.0,0.0,0.0
Bend7,1.0,1.0,1.0,0.0,0.0,0.0,0.0,0.0
Sephs1,1.0,1.0,1.0,0.0,0.0,0.0,0.0,0.0
Phyh,1.0,1.0,1.0,0.0,0.0,0.0,0.0,0.0
Mcm10,1.0,1.0,1.0,0.0,0.0,0.0,0.0,0.0
Optn,1.0,1.0,1.0,0.0,0.0,0.0,0.0,0.0
Ccdc3,1.0,1.0,1.0,0.0,0.0,0.0,0.0,0.0
Camk1d,1.0,1.0,1.0,0.0,0.0,0.0,0.0,0.0
Cdc123,0.009501095540355024,0.07598867855418287,0.3519631185845171,-26.92289976294163,0.0,0.0,0.0,0.0
Nudt5,0.2615722360139493,1.0,1.0,0.0,0.0,0.0,0.0,0.0
Sec61a2,1.0,1.0,1.0,0.0,0.0,0.0,0.0,0.0
Upf2,0.009501095540355024,0.029867793297539916,0.2615722360139493,-26.723635295752953,0.0,0.0,0.0,0.0
Proser2,1.0,1.0,1.0,0.0,0.0,0.0,0.0,0.0
Echdc3,1.0,1.0,1.0,0.0,0.0,0.0,0.0,0.0
Gm13383,1.0,1.0,1.0,0.0,0.0,0.0,0.0,0.0
Usp6nl,1.0,1.0,1.0,0.0,0.0,0.0,0.0,0.0
Gm13391,1.0,1.0,1.0,0.0,0.0,0.0,0.0,0.0
Celf2,0.029867793297539916,0.08856750257537103,0.7670968684102772,0.0,0.0,0.0,0.0,0.0
Gm10855,1.0,1.0,1.0,0.0,0.0,0.0,0.0,0.0
Gm10115,1.0,1.0,1.0,0.0,0.0,0.0,0.0,0.0
1700061F12Rik,1.0,1.0,1.0,0.0,0.0,0.0,0.0,0.0
Gata3,1.0,1.0,1.0,0.0,0.0,0.0,0.0,0.0
9230102O04Rik,1.0,1.0,1.0,0.0,0.0,0.0,0.0,0.0
Taf3,0.2615722360139493,1.0,1.0,0.0,0.0,0.0,0.0,0.0
Atp5c1,0.13493688973565135,0.42686353893784235,0.9699293482575216,-0.2044220020809754,-0.11144596077725093,0.01003302459892766,0.6873031226611083,0.6356981212945432
Kin,1.0,1.0,1.0,0.0,0.0,0.0,0.0,0.0
Itih5,1.0,1.0,1.0,0.0,0.0,0.0,0.0,0.0
Gm13261,1.0,1.0,1.0,0.0,0.0,0.0,0.0,0.0
Sfmbt2,1.0,1.0,1.0,0.0,0.0,0.0,0.0,0.0
Prkcq,1.0,1.0,1.0,0.0,0.0,0.0,0.0,0.0
Pfkfb3,1.0,1.0,1.0,0.0,0.0,0.0,0.0,0.0
Gm10851,1.0,1.0,1.0,0.0,0.0,0.0,0.0,0.0
Rbm17,0.2615722360139493,1.0,1.0,0.0,0.0,0.0,0.0,0.0
Il2ra,1.0,1.0,1.0,0.0,0.0,0.0,0.0,0.0
Il15ra,1.0,1.0,1.0,0.0,0.0,0.0,0.0,0.0
Fbh1,1.0,1.0,1.0,0.0,0.0,0.0,0.0,0.0
Ankrd16,1.0,1.0,1.0,0.0,0.0,0.0,0.0,0.0
Itga8,1.0,1.0,1.0,0.0,0.0,0.0,0.0,0.0
Mindy3,1.0,1.0,1.0,0.0,0.0,0.0,0.0,0.0
Pter,1.0,1.0,1.0,0.0,0.0,0.0,0.0,0.0
Rsu1,1.0,1.0,1.0,0.0,0.0,0.0,0.0,0.0
Gm13270,1.0,1.0,1.0,0.0,0.0,0.0,0.0,0.0
Cubn,1.0,1.0,1.0,0.0,0.0,0.0,0.0,0.0
Trdmt1,1.0,1.0,1.0,0.0,0.0,0.0,0.0,0.0
Vim,0.00018083879811240126,0.00020409154273458706,0.0004045515741784786,2.7085363234949296,29.502097630965427,29.658837602478965,0.0,0.76278192231288
St8sia6,0.0007335473709934008,0.009501095540355024,0.08856750257537103,-28.038261273749068,-26.930437066795143,0.0,0.12789964824074573,0.0
Hacd1,1.0,1.0,1.0,0.0,0.0,0.0,0.0,0.0
Stamos,1.0,1.0,1.0,0.0,0.0,0.0,0.0,0.0
Stam,1.0,1.0,1.0,0.0,0.0,0.0,0.0,0.0
Tmem236,1.0,1.0,1.0,0.0,0.0,0.0,0.0,0.0
Mrc1,1.0,1.0,1.0,0.0,0.0,0.0,0.0,0.0
Cacnb2,1.0,1.0,1.0,0.0,0.0,0.0,0.0,0.0
Nsun6,1.0,1.0,1.0,0.0,0.0,0.0,0.0,0.0
Arl5b,1.0,1.0,1.0,0.0,0.0,0.0,0.0,0.0
Plxdc2,1.0,1.0,1.0,0.0,0.0,0.0,0.0,0.0
Nebl,1.0,1.0,1.0,0.0,0.0,0.0,0.0,0.0
A930004D18Rik,1.0,1.0,1.0,0.0,0.0,0.0,0.0,0.0
Mllt10,1.0,1.0,1.0,0.0,0.0,0.0,0.0,0.0
Dnajc1,0.0017191380645145984,0.04718666937823392,0.312461691879163,-28.314039965960216,-28.212358726613374,-28.075108519786244,0.3110772986522715,0.0
Commd3,0.01105081920982481,0.09464756245883273,0.5598677791524032,-28.62849967895622,-0.5448110239256521,-0.03511839811915023,0.4082656102935458,0.27696045473274933
Bmi1,1.0,1.0,1.0,0.0,0.0,0.0,0.0,0.0
Spag6,1.0,1.0,1.0,0.0,0.0,0.0,0.0,0.0
Carlr,1.0,1.0,1.0,0.0,0.0,0.0,0.0,0.0
Pip4k2a,1.0,1.0,1.0,0.0,0.0,0.0,0.0,0.0
Armc3,1.0,1.0,1.0,0.0,0.0,0.0,0.0,0.0
Msrb2,1.0,1.0,1.0,0.0,0.0,0.0,0.0,0.0
Otud1,1.0,1.0,1.0,0.0,0.0,0.0,0.0,0.0
Etl4,1.0,1.0,1.0,0.0,0.0,0.0,0.0,0.0
Arhgap21,1.0,1.0,1.0,0.0,0.0,0.0,0.0,0.0
Gm13375,1.0,1.0,1.0,0.0,0.0,0.0,0.0,0.0
Enkur,1.0,1.0,1.0,0.0,0.0,0.0,0.0,0.0
Thnsl1,1.0,1.0,1.0,0.0,0.0,0.0,0.0,0.0
Apbb1ip,1.0,1.0,1.0,0.0,0.0,0.0,0.0,0.0
Pdss1,1.0,1.0,1.0,0.0,0.0,0.0,0.0,0.0
Abi1,0.08856750257537103,0.47495853988950676,1.0,0.0,0.0,0.0,0.0,0.0
Acbd5,0.009501095540355024,0.2615722360139493,1.0,-26.07024714649844,0.0,0.0,0.0,0.0
Mastl,1.0,1.0,1.0,0.0,0.0,0.0,0.0,0.0
Yme1l1,0.009501095540355024,0.08856750257537103,0.7670968684102772,-25.788998594762532,0.0,0.0,0.0,0.0
Spopl,1.0,1.0,1.0,0.0,0.0,0.0,0.0,0.0
Hnmt,1.0,1.0,1.0,0.0,0.0,0.0,0.0,0.0
Il1f9,1.0,1.0,1.0,0.0,0.0,0.0,0.0,0.0
Il1rn,1.0,1.0,1.0,0.0,0.0,0.0,0.0,0.0
Psd4,1.0,1.0,1.0,0.0,0.0,0.0,0.0,0.0
Ehmt1,1.0,1.0,1.0,0.0,0.0,0.0,0.0,0.0
Arrdc1,1.0,1.0,1.0,0.0,0.0,0.0,0.0,0.0
Zmynd19,1.0,1.0,1.0,0.0,0.0,0.0,0.0,0.0
Dph7,1.0,1.0,1.0,0.0,0.0,0.0,0.0,0.0
Mrpl41,1.0,1.0,1.0,0.0,0.0,0.0,0.0,0.0
Pnpla7,1.0,1.0,1.0,0.0,0.0,0.0,0.0,0.0
Nsmf,1.0,1.0,1.0,0.0,0.0,0.0,0.0,0.0
Entpd8,1.0,1.0,1.0,0.0,0.0,0.0,0.0,0.0
Noxa1,1.0,1.0,1.0,0.0,0.0,0.0,0.0,0.0
Nrarp,1.0,1.0,1.0,0.0,0.0,0.0,0.0,0.0
Tor4a,1.0,1.0,1.0,0.0,0.0,0.0,0.0,0.0
Nelfb,1.0,1.0,1.0,0.0,0.0,0.0,0.0,0.0
Tubb4b,0.005509153789721326,0.02857905208501568,0.2218587010401008,0.491207464234153,1.5091166288472753,28.764133935568722,0.14898751505734326,0.43530785892067625
Ndor1,1.0,1.0,1.0,0.0,0.0,0.0,0.0,0.0
Tmem203,0.2615722360139493,1.0,1.0,0.0,0.0,0.0,0.0,0.0
Tprn,1.0,1.0,1.0,0.0,0.0,0.0,0.0,0.0
Ssna1,1.0,1.0,1.0,0.0,0.0,0.0,0.0,0.0
Anapc2,1.0,1.0,1.0,0.0,0.0,0.0,0.0,0.0
Lrrc26,1.0,1.0,1.0,0.0,0.0,0.0,0.0,0.0
Man1b1,0.029867793297539916,0.08856750257537103,0.2615722360139493,0.0,0.0,0.0,0.0,0.0
Dpp7,1.0,1.0,1.0,0.0,0.0,0.0,0.0,0.0
Uap1l1,0.2615722360139493,1.0,1.0,0.0,0.0,0.0,0.0,0.0
Sapcd2,1.0,1.0,1.0,0.0,0.0,0.0,0.0,0.0
Entpd2,1.0,1.0,1.0,0.0,0.0,0.0,0.0,0.0
Npdc1,1.0,1.0,1.0,0.0,0.0,0.0,0.0,0.0
Abca2,1.0,1.0,1.0,0.0,0.0,0.0,0.0,0.0
Paxx,1.0,1.0,1.0,0.0,0.0,0.0,0.0,0.0
C8g,1.0,1.0,1.0,0.0,0.0,0.0,0.0,0.0
Fbxw5,1.0,1.0,1.0,0.0,0.0,0.0,0.0,0.0
Traf2,1.0,1.0,1.0,0.0,0.0,0.0,0.0,0.0
Edf1,0.2702706993728666,0.7920774787647853,1.0,-0.0874598565850189,0.012736803645137938,0.10367940306506976,1.0117990479455516,1.0213253413416736
Phpt1,1.0,1.0,1.0,0.0,0.0,0.0,0.0,0.0
Ajm1,1.0,1.0,1.0,0.0,0.0,0.0,0.0,0.0
Rabl6,0.2615722360139493,1.0,1.0,0.0,0.0,0.0,0.0,0.0
Tmem141,1.0,1.0,1.0,0.0,0.0,0.0,0.0,0.0
Fcna,1.0,1.0,1.0,0.0,0.0,0.0,0.0,0.0
Bmyc,0.2615722360139493,1.0,1.0,0.0,0.0,0.0,0.0,0.0
Camsap1,1.0,1.0,1.0,0.0,0.0,0.0,0.0,0.0
Ubac1,1.0,1.0,1.0,0.0,0.0,0.0,0.0,0.0
Nacc2,0.002778685068188869,0.029867793297539916,0.2615722360139493,-27.15063701568057,0.0,0.0,0.0,0.0
Tmem250-ps,1.0,1.0,1.0,0.0,0.0,0.0,0.0,0.0
Qsox2,1.0,1.0,1.0,0.0,0.0,0.0,0.0,0.0
Gpsm1,1.0,1.0,1.0,0.0,0.0,0.0,0.0,0.0
Dnlz,0.2615722360139493,1.0,1.0,0.0,0.0,0.0,0.0,0.0
Card9,1.0,1.0,1.0,0.0,0.0,0.0,0.0,0.0
Snapc4,1.0,1.0,1.0,0.0,0.0,0.0,0.0,0.0
Entr1,1.0,1.0,1.0,0.0,0.0,0.0,0.0,0.0
Pmpca,0.2615722360139493,1.0,1.0,0.0,0.0,0.0,0.0,0.0
Inpp5e,1.0,1.0,1.0,0.0,0.0,0.0,0.0,0.0
Sec16a,1.0,1.0,1.0,0.0,0.0,0.0,0.0,0.0
0610009E02Rik,1.0,1.0,1.0,0.0,0.0,0.0,0.0,0.0
Notch1,1.0,1.0,1.0,0.0,0.0,0.0,0.0,0.0
Egfl7,1.0,1.0,1.0,0.0,0.0,0.0,0.0,0.0
Agpat2,1.0,1.0,1.0,0.0,0.0,0.0,0.0,0.0
Dipk1b,1.0,1.0,1.0,0.0,0.0,0.0,0.0,0.0
Lcn4,1.0,1.0,1.0,0.0,0.0,0.0,0.0,0.0
Surf6,1.0,1.0,1.0,0.0,0.0,0.0,0.0,0.0
Med22,1.0,1.0,1.0,0.0,0.0,0.0,0.0,0.0
Rpl7a,0.038707628800508063,0.23797729618163055,0.7344923394458999,0.008548249759103524,0.050070088534876975,0.09625834622522067,1.76661306846969,1.8294501765796187
Surf1,1.0,1.0,1.0,0.0,0.0,0.0,0.0,0.0
Surf2,1.0,1.0,1.0,0.0,0.0,0.0,0.0,0.0
Surf4,0.0021592442645074223,0.038707628800508063,0.2702706993728666,0.10621568063250587,0.27349891009696875,0.5166237783011932,0.4525357961393795,0.5517736455816137
Rexo4,1.0,1.0,1.0,0.0,0.0,0.0,0.0,0.0
Cacfd1,1.0,1.0,1.0,0.0,0.0,0.0,0.0,0.0
Slc2a6,1.0,1.0,1.0,0.0,0.0,0.0,0.0,0.0
Sardh,1.0,1.0,1.0,0.0,0.0,0.0,0.0,0.0
Vav2,1.0,1.0,1.0,0.0,0.0,0.0,0.0,0.0
Brd3os,1.0,1.0,1.0,0.0,0.0,0.0,0.0,0.0
Brd3,1.0,1.0,1.0,0.0,0.0,0.0,0.0,0.0
Wdr5,1.0,1.0,1.0,0.0,0.0,0.0,0.0,0.0
Gm13421,1.0,1.0,1.0,0.0,0.0,0.0,0.0,0.0
Rxra,1.0,1.0,1.0,0.0,0.0,0.0,0.0,0.0
Col5a1,1.0,1.0,1.0,0.0,0.0,0.0,0.0,0.0
Olfm1,1.0,1.0,1.0,0.0,0.0,0.0,0.0,0.0
Gm13373,1.0,1.0,1.0,0.0,0.0,0.0,0.0,0.0
Mrps2,1.0,1.0,1.0,0.0,0.0,0.0,0.0,0.0
Gm10134,1.0,1.0,1.0,0.0,0.0,0.0,0.0,0.0
Ralgds,0.2615722360139493,0.8822739356449067,1.0,0.0,0.0,0.0,0.0,0.0
Gtf3c5,1.0,1.0,1.0,0.0,0.0,0.0,0.0,0.0
Tsc1,1.0,1.0,1.0,0.0,0.0,0.0,0.0,0.0
Spaca9,1.0,1.0,1.0,0.0,0.0,0.0,0.0,0.0
Gtf3c4,1.0,1.0,1.0,0.0,0.0,0.0,0.0,0.0
Ddx31,1.0,1.0,1.0,0.0,0.0,0.0,0.0,0.0
Cfap77,1.0,1.0,1.0,0.0,0.0,0.0,0.0,0.0
Ttf1,1.0,1.0,1.0,0.0,0.0,0.0,0.0,0.0
Setx,1.0,1.0,1.0,0.0,0.0,0.0,0.0,0.0
Ntng2,1.0,1.0,1.0,0.0,0.0,0.0,0.0,0.0
6530402F18Rik,1.0,1.0,1.0,0.0,0.0,0.0,0.0,0.0
Med27,1.0,1.0,1.0,0.0,0.0,0.0,0.0,0.0
Rapgef1,1.0,1.0,1.0,0.0,0.0,0.0,0.0,0.0
Trub2,1.0,1.0,1.0,0.0,0.0,0.0,0.0,0.0
Coq4,1.0,1.0,1.0,0.0,0.0,0.0,0.0,0.0
Slc27a4,1.0,1.0,1.0,0.0,0.0,0.0,0.0,0.0
Urm1,1.0,1.0,1.0,0.0,0.0,0.0,0.0,0.0
2600006K01Rik,1.0,1.0,1.0,0.0,0.0,0.0,0.0,0.0
Cercam,1.0,1.0,1.0,0.0,0.0,0.0,0.0,0.0
Odf2,1.0,1.0,1.0,0.0,0.0,0.0,0.0,0.0
Gle1,1.0,1.0,1.0,0.0,0.0,0.0,0.0,0.0
Sptan1,1.0,1.0,1.0,0.0,0.0,0.0,0.0,0.0
Wdr34,1.0,1.0,1.0,0.0,0.0,0.0,0.0,0.0
Set,0.02524410573946178,0.2702706993728666,0.9699293482575216,-0.03536835775844531,0.082040146963877,0.21873044741629438,0.5685124709620752,0.600677865294322
Pkn3,1.0,1.0,1.0,0.0,0.0,0.0,0.0,0.0
Zdhhc12,1.0,1.0,1.0,0.0,0.0,0.0,0.0,0.0
Zer1,1.0,1.0,1.0,0.0,0.0,0.0,0.0,0.0
Tbc1d13,1.0,1.0,1.0,0.0,0.0,0.0,0.0,0.0
Endog,1.0,1.0,1.0,0.0,0.0,0.0,0.0,0.0
Spout1,1.0,1.0,1.0,0.0,0.0,0.0,0.0,0.0
Kyat1,1.0,1.0,1.0,0.0,0.0,0.0,0.0,0.0
1700084E18Rik,1.0,1.0,1.0,0.0,0.0,0.0,0.0,0.0
Lrrc8a,1.0,1.0,1.0,0.0,0.0,0.0,0.0,0.0
Phyhd1,1.0,1.0,1.0,0.0,0.0,0.0,0.0,0.0
Dolk,1.0,1.0,1.0,0.0,0.0,0.0,0.0,0.0
Nup188,1.0,1.0,1.0,0.0,0.0,0.0,0.0,0.0
Sh3glb2,1.0,1.0,1.0,0.0,0.0,0.0,0.0,0.0
Miga2,1.0,1.0,1.0,0.0,0.0,0.0,0.0,0.0
Dolpp1,1.0,1.0,1.0,0.0,0.0,0.0,0.0,0.0
Crat,1.0,1.0,1.0,0.0,0.0,0.0,0.0,0.0
Ptpa,0.2615722360139493,1.0,1.0,0.0,0.0,0.0,0.0,0.0
Ier5l,1.0,1.0,1.0,0.0,0.0,0.0,0.0,0.0
Cstad,1.0,1.0,1.0,0.0,0.0,0.0,0.0,0.0
Gm14488,1.0,1.0,1.0,0.0,0.0,0.0,0.0,0.0
1700001O22Rik,1.0,1.0,1.0,0.0,0.0,0.0,0.0,0.0
Ntmt1,1.0,1.0,1.0,0.0,0.0,0.0,0.0,0.0
Asb6,1.0,1.0,1.0,0.0,0.0,0.0,0.0,0.0
Prrx2,1.0,1.0,1.0,0.0,0.0,0.0,0.0,0.0
Ptges,1.0,1.0,1.0,0.0,0.0,0.0,0.0,0.0
Tor1b,1.0,1.0,1.0,0.0,0.0,0.0,0.0,0.0
Tor1a,0.2615722360139493,1.0,1.0,0.0,0.0,0.0,0.0,0.0
BC005624,0.08856750257537103,0.47495853988950676,1.0,0.0,0.0,0.0,0.0,0.0
Usp20,1.0,1.0,1.0,0.0,0.0,0.0,0.0,0.0
Fnbp1,0.47495853988950676,1.0,1.0,0.0,0.0,0.0,0.0,0.0
D330023K18Rik,1.0,1.0,1.0,0.0,0.0,0.0,0.0,0.0
Gpr107,1.0,1.0,1.0,0.0,0.0,0.0,0.0,0.0
Ncs1,1.0,1.0,1.0,0.0,0.0,0.0,0.0,0.0
Hmcn2,1.0,1.0,1.0,0.0,0.0,0.0,0.0,0.0
Ass1,1.0,1.0,1.0,0.0,0.0,0.0,0.0,0.0
Fubp3,1.0,1.0,1.0,0.0,0.0,0.0,0.0,0.0
Exosc2,1.0,1.0,1.0,0.0,0.0,0.0,0.0,0.0
Abl1,1.0,1.0,1.0,0.0,0.0,0.0,0.0,0.0
Qrfp,1.0,1.0,1.0,0.0,0.0,0.0,0.0,0.0
Aif1l,1.0,1.0,1.0,0.0,0.0,0.0,0.0,0.0
Nup214,1.0,1.0,1.0,0.0,0.0,0.0,0.0,0.0
Fam78a,1.0,1.0,1.0,0.0,0.0,0.0,0.0,0.0
Plpp7,1.0,1.0,1.0,0.0,0.0,0.0,0.0,0.0
Prrc2b,1.0,1.0,1.0,0.0,0.0,0.0,0.0,0.0
Gm13610,1.0,1.0,1.0,0.0,0.0,0.0,0.0,0.0
Pomt1,1.0,1.0,1.0,0.0,0.0,0.0,0.0,0.0
Uck1,1.0,1.0,1.0,0.0,0.0,0.0,0.0,0.0
Swi5,0.13493688973565135,0.6238787012780821,1.0,-0.1263779550869558,0.02224790748507563,0.1887076997083987,0.49280254640805166,0.4998972789172205
Golga2,1.0,1.0,1.0,0.0,0.0,0.0,0.0,0.0
Dnm1,1.0,1.0,1.0,0.0,0.0,0.0,0.0,0.0
Ciz1,1.0,1.0,1.0,0.0,0.0,0.0,0.0,0.0
1110008P14Rik,0.04734460585853775,0.42686353893784235,0.9699293482575216,-0.2512476012711966,-0.08839351640963612,0.07862106440395408,0.56807291419202,0.534285793380167
Lcn2,1.0,1.0,1.0,0.0,0.0,0.0,0.0,0.0
Ptges2,1.0,1.0,1.0,0.0,0.0,0.0,0.0,0.0
Slc25a25,1.0,1.0,1.0,0.0,0.0,0.0,0.0,0.0
Naif1,1.0,1.0,1.0,0.0,0.0,0.0,0.0,0.0
Fam102a,1.0,1.0,1.0,0.0,0.0,0.0,0.0,0.0
Dpm2,0.2615722360139493,1.0,1.0,0.0,0.0,0.0,0.0,0.0
St6galnac4,0.2615722360139493,0.2615722360139493,1.0,0.0,0.0,0.0,0.0,0.0
St6galnac6,1.0,1.0,1.0,0.0,0.0,0.0,0.0,0.0
Ak1,1.0,1.0,1.0,0.0,0.0,0.0,0.0,0.0
Eng,1.0,1.0,1.0,0.0,0.0,0.0,0.0,0.0
Fpgs,1.0,1.0,1.0,0.0,0.0,0.0,0.0,0.0
Cdk9,1.0,1.0,1.0,0.0,0.0,0.0,0.0,0.0
Sh2d3c,1.0,1.0,1.0,0.0,0.0,0.0,0.0,0.0
Tor2a,0.002778685068188869,0.04801397289426615,0.1853939469443623,-28.09701462887379,-27.05611505068185,0.0,0.139541116414318,0.0
Ptrh1,1.0,1.0,1.0,0.0,0.0,0.0,0.0,0.0
Stxbp1,1.0,1.0,1.0,0.0,0.0,0.0,0.0,0.0
Gm13524,1.0,1.0,1.0,0.0,0.0,0.0,0.0,0.0
Fam129b,1.0,1.0,1.0,0.0,0.0,0.0,0.0,0.0
Lrsam1,1.0,1.0,1.0,0.0,0.0,0.0,0.0,0.0
Rpl12,0.34314519329999205,0.7344923394458999,1.0,-0.034046881852846426,0.024303593250994425,0.06601215129641351,2.015675316360901,2.050963660716804
Slc2a8,1.0,1.0,1.0,0.0,0.0,0.0,0.0,0.0
Garnl3,1.0,1.0,1.0,0.0,0.0,0.0,0.0,0.0
Ralgps1,1.0,1.0,1.0,0.0,0.0,0.0,0.0,0.0
Angptl2,1.0,1.0,1.0,0.0,0.0,0.0,0.0,0.0
Zbtb34,1.0,1.0,1.0,0.0,0.0,0.0,0.0,0.0
Zbtb43,1.0,1.0,1.0,0.0,0.0,0.0,0.0,0.0
Mvb12b,0.2615722360139493,1.0,1.0,0.0,0.0,0.0,0.0,0.0
Pbx3,1.0,1.0,1.0,0.0,0.0,0.0,0.0,0.0
Mapkap1,0.2615722360139493,1.0,1.0,0.0,0.0,0.0,0.0,0.0
Gapvd1,1.0,1.0,1.0,0.0,0.0,0.0,0.0,0.0
Hspa5,6.35071842502183e-05,0.0021592442645074223,0.012399777724855125,0.17757661824148585,0.24588526109615447,0.3180589169962643,1.7507619373302175,2.07642414640872
Rabepk,1.0,1.0,1.0,0.0,0.0,0.0,0.0,0.0
Fbxw2,0.08856750257537103,0.2615722360139493,1.0,0.0,0.0,0.0,0.0,0.0
Psmd5,1.0,1.0,1.0,0.0,0.0,0.0,0.0,0.0
Cutal,1.0,1.0,1.0,0.0,0.0,0.0,0.0,0.0
Phf19,1.0,1.0,1.0,0.0,0.0,0.0,0.0,0.0
Traf1,0.08856750257537103,0.2615722360139493,1.0,0.0,0.0,0.0,0.0,0.0
Cntrl,1.0,1.0,1.0,0.0,0.0,0.0,0.0,0.0
Rab14,0.15015830763457721,0.6146958150878039,1.0,-1.2253451414893153,0.095712240454805,0.33437261432211357,0.33134389212660786,0.3541702834107032
Gsn,1.0,1.0,1.0,0.0,0.0,0.0,0.0,0.0
Stom,1.0,1.0,1.0,0.0,0.0,0.0,0.0,0.0
Ggta1,0.0001720247930818143,0.002778685068188869,0.029254565586406815,-28.27040378871866,-28.1501782352385,-27.071762323745954,0.2978845855558625,0.0
Gm35202,1.0,1.0,1.0,0.0,0.0,0.0,0.0,0.0
Dab2ip,1.0,1.0,1.0,0.0,0.0,0.0,0.0,0.0
Ndufa8,0.00016996424224175805,0.002778685068188869,0.07598867855418287,-28.19776828339278,-28.0320108129354,-25.95446315202338,0.2744581248854667,0.0
Rbm18,1.0,1.0,1.0,0.0,0.0,0.0,0.0,0.0
Mrrf,1.0,1.0,1.0,0.0,0.0,0.0,0.0,0.0
Ptgs1,1.0,1.0,1.0,0.0,0.0,0.0,0.0,0.0
Pdcl,1.0,1.0,1.0,0.0,0.0,0.0,0.0,0.0
Rc3h2,0.08856750257537103,0.2615722360139493,1.0,0.0,0.0,0.0,0.0,0.0
Zbtb6,1.0,1.0,1.0,0.0,0.0,0.0,0.0,0.0
Zbtb26,1.0,1.0,1.0,0.0,0.0,0.0,0.0,0.0
Rabgap1,1.0,1.0,1.0,0.0,0.0,0.0,0.0,0.0
Strbp,0.0007335473709934008,0.009501095540355024,0.08856750257537103,-28.044712701245167,-26.759659386034855,0.0,0.1136214023385215,0.0
Gpr21,1.0,1.0,1.0,0.0,0.0,0.0,0.0,0.0
Dennd1a,1.0,1.0,1.0,0.0,0.0,0.0,0.0,0.0
Nek6,1.0,1.0,1.0,0.0,0.0,0.0,0.0,0.0
Psmb7,3.5291394948257277e-05,0.0001720247930818143,0.0030690378069328957,-28.196624475854062,-28.092103494377284,-27.8306383857913,0.28613157906046705,0.0
Nr6a1,1.0,1.0,1.0,0.0,0.0,0.0,0.0,0.0
Rpl35,0.08249583234103358,0.34314519329999205,0.910105580693816,-0.13204054734724738,-0.06019154082204892,0.01259600032427449,1.8427958083291949,1.768375123060275
Arpc5l,0.20233711482991645,0.7283560871056942,1.0,-0.32120012081574495,0.043129512044229976,0.21472076527958536,0.4248064208760348,0.43802143139668015
Golga1,1.0,1.0,1.0,0.0,0.0,0.0,0.0,0.0
Scai,1.0,1.0,1.0,0.0,0.0,0.0,0.0,0.0
Ppp6c,0.08856750257537103,0.2615722360139493,1.0,0.0,0.0,0.0,0.0,0.0
Kynu,1.0,1.0,1.0,0.0,0.0,0.0,0.0,0.0
Arhgap15,0.029867793297539916,0.2615722360139493,1.0,0.0,0.0,0.0,0.0,0.0
Gtdc1,1.0,1.0,1.0,0.0,0.0,0.0,0.0,0.0
Zeb2,1.0,1.0,1.0,0.0,0.0,0.0,0.0,0.0
Zeb2os,1.0,1.0,1.0,0.0,0.0,0.0,0.0,0.0
Gm13470,1.0,1.0,1.0,0.0,0.0,0.0,0.0,0.0
Acvr2a,1.0,1.0,1.0,0.0,0.0,0.0,0.0,0.0
Orc4,1.0,1.0,1.0,0.0,0.0,0.0,0.0,0.0
Mbd5,1.0,1.0,1.0,0.0,0.0,0.0,0.0,0.0
Epc2,1.0,1.0,1.0,0.0,0.0,0.0,0.0,0.0
Kif5c,1.0,1.0,1.0,0.0,0.0,0.0,0.0,0.0
Lypd6,1.0,1.0,1.0,0.0,0.0,0.0,0.0,0.0
Mmadhc,0.2615722360139493,1.0,1.0,0.0,0.0,0.0,0.0,0.0
Rnd3,1.0,1.0,1.0,0.0,0.0,0.0,0.0,0.0
Rbm43,1.0,1.0,1.0,0.0,0.0,0.0,0.0,0.0
Nmi,1.0,1.0,1.0,0.0,0.0,0.0,0.0,0.0
Tnfaip6,1.0,1.0,1.0,0.0,0.0,0.0,0.0,0.0
Rif1,0.2615722360139493,1.0,1.0,0.0,0.0,0.0,0.0,0.0
Neb,1.0,1.0,1.0,0.0,0.0,0.0,0.0,0.0
Arl5a,0.009501095540355024,0.029867793297539916,0.2615722360139493,-27.007748035841658,0.0,0.0,0.0,0.0
A430018G15Rik,1.0,1.0,1.0,0.0,0.0,0.0,0.0,0.0
Cacnb4,1.0,1.0,1.0,0.0,0.0,0.0,0.0,0.0
Stam2,1.0,1.0,1.0,0.0,0.0,0.0,0.0,0.0
Fmnl2,1.0,1.0,1.0,0.0,0.0,0.0,0.0,0.0
Prpf40a,0.029867793297539916,0.2615722360139493,0.8822739356449067,0.0,0.0,0.0,0.0,0.0
Arl6ip6,1.0,1.0,1.0,0.0,0.0,0.0,0.0,0.0
Rprm,1.0,1.0,1.0,0.0,0.0,0.0,0.0,0.0
Nr4a2,1.0,1.0,1.0,0.0,0.0,0.0,0.0,0.0
A930012O16Rik,1.0,1.0,1.0,0.0,0.0,0.0,0.0,0.0
Gpd2,1.0,1.0,1.0,0.0,0.0,0.0,0.0,0.0
Galnt5,1.0,1.0,1.0,0.0,0.0,0.0,0.0,0.0
Ermn,1.0,1.0,1.0,0.0,0.0,0.0,0.0,0.0
Cytip,0.005493371437643883,0.038707628800508063,0.2702706993728666,0.06490567310806478,0.1412245943000564,0.21609956511885564,1.21291905946861,1.3371543307257836
Gm13546,1.0,1.0,1.0,0.0,0.0,0.0,0.0,0.0
Acvr1c,1.0,1.0,1.0,0.0,0.0,0.0,0.0,0.0
Acvr1,1.0,1.0,1.0,0.0,0.0,0.0,0.0,0.0
Upp2,1.0,1.0,1.0,0.0,0.0,0.0,0.0,0.0
Ccdc148,1.0,1.0,1.0,0.0,0.0,0.0,0.0,0.0
Pkp4,1.0,1.0,1.0,0.0,0.0,0.0,0.0,0.0
Tanc1,1.0,1.0,1.0,0.0,0.0,0.0,0.0,0.0
Wdsub1,1.0,1.0,1.0,0.0,0.0,0.0,0.0,0.0
Baz2b,0.2615722360139493,0.2615722360139493,1.0,0.0,0.0,0.0,0.0,0.0
Gm13620,1.0,1.0,1.0,0.0,0.0,0.0,0.0,0.0
March7,0.07598867855418287,0.4198490637342591,0.9505209847403642,0.0,0.0,0.0,0.0,0.0
Cd302,1.0,1.0,1.0,0.0,0.0,0.0,0.0,0.0
Ly75,1.0,1.0,1.0,0.0,0.0,0.0,0.0,0.0
Pla2r1,1.0,1.0,1.0,0.0,0.0,0.0,0.0,0.0
Itgb6,1.0,1.0,1.0,0.0,0.0,0.0,0.0,0.0
Rbms1,1.0,1.0,1.0,0.0,0.0,0.0,0.0,0.0
Tank,0.009501095540355024,0.029867793297539916,0.08856750257537103,-27.070498637341966,0.0,0.0,0.0,0.0
Psmd14,0.029867793297539916,0.08856750257537103,1.0,0.0,0.0,0.0,0.0,0.0
Tbr1,1.0,1.0,1.0,0.0,0.0,0.0,0.0,0.0
Dpp4,1.0,1.0,1.0,0.0,0.0,0.0,0.0,0.0
Fap,1.0,1.0,1.0,0.0,0.0,0.0,0.0,0.0
Ifih1,1.0,1.0,1.0,0.0,0.0,0.0,0.0,0.0
Gca,1.0,1.0,1.0,0.0,0.0,0.0,0.0,0.0
Fign,1.0,1.0,1.0,0.0,0.0,0.0,0.0,0.0
Grb14,1.0,1.0,1.0,0.0,0.0,0.0,0.0,0.0
Cobll1,1.0,1.0,1.0,0.0,0.0,0.0,0.0,0.0
Gm13594,1.0,1.0,1.0,0.0,0.0,0.0,0.0,0.0
Galnt3,1.0,1.0,1.0,0.0,0.0,0.0,0.0,0.0
Ttc21b,1.0,1.0,1.0,0.0,0.0,0.0,0.0,0.0
Scn7a,1.0,1.0,1.0,0.0,0.0,0.0,0.0,0.0
B3galt1,1.0,1.0,1.0,0.0,0.0,0.0,0.0,0.0
Stk39,1.0,1.0,1.0,0.0,0.0,0.0,0.0,0.0
Cers6,1.0,1.0,1.0,0.0,0.0,0.0,0.0,0.0
Nostrin,1.0,1.0,1.0,0.0,0.0,0.0,0.0,0.0
Spc25,1.0,1.0,1.0,0.0,0.0,0.0,0.0,0.0
Dhrs9,1.0,1.0,1.0,0.0,0.0,0.0,0.0,0.0
Bbs5,1.0,1.0,1.0,0.0,0.0,0.0,0.0,0.0
Klhl41,1.0,1.0,1.0,0.0,0.0,0.0,0.0,0.0
Fastkd1,1.0,1.0,1.0,0.0,0.0,0.0,0.0,0.0
Ppig,0.10896999584124004,0.41301029279198875,1.0,-28.49823735182039,-0.5986727240691647,0.14558573708651626,0.3696681922444781,0.2409668430646395
Ccdc173,1.0,1.0,1.0,0.0,0.0,0.0,0.0,0.0
Phospho2,1.0,1.0,1.0,0.0,0.0,0.0,0.0,0.0
Klhl23,1.0,1.0,1.0,0.0,0.0,0.0,0.0,0.0
Ssb,0.2082876875446535,0.7344923394458999,1.0,-0.1639863187545969,-0.005864546801052922,0.21608839168189942,0.4635464235410859,0.461551707895883
Mettl5,1.0,1.0,1.0,0.0,0.0,0.0,0.0,0.0
Gm13625,1.0,1.0,1.0,0.0,0.0,0.0,0.0,0.0
Ubr3,0.008340376191542768,0.03914899424398587,0.18199590852786351,1.4618350837624654,28.52901952677306,28.75592749163205,0.0,0.40293440686460075
Myo3b,1.0,1.0,1.0,0.0,0.0,0.0,0.0,0.0
Erich2,1.0,1.0,1.0,0.0,0.0,0.0,0.0,0.0
Gorasp2,0.24085160406020334,0.7415983921509318,1.0,-28.18609078123869,-0.8710823810873535,1.148725438187702,0.282059620183661,0.1455785841544115
Tlk1,1.5876796062554575e-05,2.3815194093831863e-05,0.000246293970482502,0.6217171236162402,0.748694981914061,0.9739929771421255,0.3153205508665238,0.526706653006334
Mettl8,1.0,1.0,1.0,0.0,0.0,0.0,0.0,0.0
Dcaf17,1.0,1.0,1.0,0.0,0.0,0.0,0.0,0.0
Cybrd1,1.0,1.0,1.0,0.0,0.0,0.0,0.0,0.0
Dync1i2,0.08856750257537103,0.7670968684102772,1.0,0.0,0.0,0.0,0.0,0.0
Slc25a12,1.0,1.0,1.0,0.0,0.0,0.0,0.0,0.0
Hat1,0.2615722360139493,1.0,1.0,0.0,0.0,0.0,0.0,0.0
Metap1d,1.0,1.0,1.0,0.0,0.0,0.0,0.0,0.0
Itga6,1.0,1.0,1.0,0.0,0.0,0.0,0.0,0.0
Pdk1,1.0,1.0,1.0,0.0,0.0,0.0,0.0,0.0
Rapgef4,1.0,1.0,1.0,0.0,0.0,0.0,0.0,0.0
Map3k20,1.0,1.0,1.0,0.0,0.0,0.0,0.0,0.0
Cdca7,1.0,1.0,1.0,0.0,0.0,0.0,0.0,0.0
Sp3,0.12753149310990836,0.43320176614994776,0.9663540806387212,-26.987747877677794,0.0,27.97046247440636,0.0,0.0
Sp3os,0.2615722360139493,1.0,1.0,0.0,0.0,0.0,0.0,0.0
Ola1,0.2615722360139493,1.0,1.0,0.0,0.0,0.0,0.0,0.0
Cir1,0.2615722360139493,0.2615722360139493,1.0,0.0,0.0,0.0,0.0,0.0
Scrn3,1.0,1.0,1.0,0.0,0.0,0.0,0.0,0.0
Gpr155,1.0,1.0,1.0,0.0,0.0,0.0,0.0,0.0
D230022J07Rik,1.0,1.0,1.0,0.0,0.0,0.0,0.0,0.0
Wipf1,1.0,1.0,1.0,0.0,0.0,0.0,0.0,0.0
Chrna1os,1.0,1.0,1.0,0.0,0.0,0.0,0.0,0.0
Chn1,1.0,1.0,1.0,0.0,0.0,0.0,0.0,0.0
Atf2,1.0,1.0,1.0,0.0,0.0,0.0,0.0,0.0
Atp5g3,0.23797729618163055,0.6784313725490196,1.0,-0.07056251115425585,0.06973939666386375,0.1872430166629328,0.6320900229577809,0.6655382944709243
Lnpk,1.0,1.0,1.0,0.0,0.0,0.0,0.0,0.0
Evx2,1.0,1.0,1.0,0.0,0.0,0.0,0.0,0.0
Hoxd13,1.0,1.0,1.0,0.0,0.0,0.0,0.0,0.0
Hoxd11,1.0,1.0,1.0,0.0,0.0,0.0,0.0,0.0
Hoxd10,1.0,1.0,1.0,0.0,0.0,0.0,0.0,0.0
Hoxd3os1,1.0,1.0,1.0,0.0,0.0,0.0,0.0,0.0
Hoxd8,1.0,1.0,1.0,0.0,0.0,0.0,0.0,0.0
Hoxd4,1.0,1.0,1.0,0.0,0.0,0.0,0.0,0.0
Mtx2,0.2615722360139493,1.0,1.0,0.0,0.0,0.0,0.0,0.0
Hnrnpa3,0.0021592442645074223,0.02524410573946178,0.18134476462649837,0.189616102948007,0.38161395057546116,0.5501118149762474,0.46131291575302347,0.6003465139398594
Nfe2l2,1.0,1.0,1.0,0.0,0.0,0.0,0.0,0.0
E030042O20Rik,1.0,1.0,1.0,0.0,0.0,0.0,0.0,0.0
Agps,1.0,1.0,1.0,0.0,0.0,0.0,0.0,0.0
Ttc30b,1.0,1.0,1.0,0.0,0.0,0.0,0.0,0.0
Pde11a,1.0,1.0,1.0,0.0,0.0,0.0,0.0,0.0
Rbm45,0.2615722360139493,1.0,1.0,0.0,0.0,0.0,0.0,0.0
Osbpl6,1.0,1.0,1.0,0.0,0.0,0.0,0.0,0.0
Prkra,1.0,1.0,1.0,0.0,0.0,0.0,0.0,0.0
Fkbp7,1.0,1.0,1.0,0.0,0.0,0.0,0.0,0.0
Plekha3,1.0,1.0,1.0,0.0,0.0,0.0,0.0,0.0
Ttn,1.0,1.0,1.0,0.0,0.0,0.0,0.0,0.0
Ccdc141,1.0,1.0,1.0,0.0,0.0,0.0,0.0,0.0
Sestd1,1.0,1.0,1.0,0.0,0.0,0.0,0.0,0.0
Zfp385b,1.0,1.0,1.0,0.0,0.0,0.0,0.0,0.0
Cwc22,1.0,1.0,1.0,0.0,0.0,0.0,0.0,0.0
Ube2e3,0.009501095540355024,0.029867793297539916,0.2615722360139493,-27.008882174870365,0.0,0.0,0.0,0.0
Itga4,1.5876796062554575e-05,1.5876796062554575e-05,0.0003320731849167067,0.83052995739041,1.0026554266900107,1.1472379013043508,0.32866055615392287,0.6628957847693002
Cerkl,1.0,1.0,1.0,0.0,0.0,0.0,0.0,0.0
Itprid2,1.0,1.0,1.0,0.0,0.0,0.0,0.0,0.0
Pde1a,1.0,1.0,1.0,0.0,0.0,0.0,0.0,0.0
Dnajc10,0.2615722360139493,1.0,1.0,0.0,0.0,0.0,0.0,0.0
Frzb,1.0,1.0,1.0,0.0,0.0,0.0,0.0,0.0
Nckap1,1.0,1.0,1.0,0.0,0.0,0.0,0.0,0.0
Dusp19,1.0,1.0,1.0,0.0,0.0,0.0,0.0,0.0
Nup35,1.0,1.0,1.0,0.0,0.0,0.0,0.0,0.0
Zc3h15,0.03717119456199921,0.20233711482991645,0.5622453293122838,0.11832571951579227,0.31704972741080895,0.5217609379183387,0.4301180375286239,0.5386856392744315
Itgav,1.0,1.0,1.0,0.0,0.0,0.0,0.0,0.0
Gm13684,1.0,1.0,1.0,0.0,0.0,0.0,0.0,0.0
Fam171b,1.0,1.0,1.0,0.0,0.0,0.0,0.0,0.0
Calcrl,1.0,1.0,1.0,0.0,0.0,0.0,0.0,0.0
Tfpi,1.0,1.0,1.0,0.0,0.0,0.0,0.0,0.0
Gm13710,1.0,1.0,1.0,0.0,0.0,0.0,0.0,0.0
Ctnnd1,1.0,1.0,1.0,0.0,0.0,0.0,0.0,0.0
Selenoh,0.2615722360139493,1.0,1.0,0.0,0.0,0.0,0.0,0.0
Tmx2,1.0,1.0,1.0,0.0,0.0,0.0,0.0,0.0
Med19,1.0,1.0,1.0,0.0,0.0,0.0,0.0,0.0
Zdhhc5,1.0,1.0,1.0,0.0,0.0,0.0,0.0,0.0
Clp1,1.0,1.0,1.0,0.0,0.0,0.0,0.0,0.0
Ypel4,1.0,1.0,1.0,0.0,0.0,0.0,0.0,0.0
Gm19426,1.0,1.0,1.0,0.0,0.0,0.0,0.0,0.0
Serping1,1.0,1.0,1.0,0.0,0.0,0.0,0.0,0.0
Ube2l6,1.0,1.0,1.0,0.0,0.0,0.0,0.0,0.0
Timm10,1.0,1.0,1.0,0.0,0.0,0.0,0.0,0.0
Slc43a1,1.0,1.0,1.0,0.0,0.0,0.0,0.0,0.0
Slc43a3,1.0,1.0,1.0,0.0,0.0,0.0,0.0,0.0
Prg2,0.00020409154273458706,0.00022199620514430827,0.0007205978134571227,-3.518005443631419,-1.511112098159485,-1.2457103891797665,1.1298068300645552,0.40286944599658303
Ssrp1,0.08856750257537103,0.2615722360139493,1.0,0.0,0.0,0.0,0.0,0.0
Tnks1bp1,1.0,1.0,1.0,0.0,0.0,0.0,0.0,0.0
Aplnr,1.0,1.0,1.0,0.0,0.0,0.0,0.0,0.0
Lrrc55,1.0,1.0,1.0,0.0,0.0,0.0,0.0,0.0
Olfr1033,1.0,1.0,1.0,0.0,0.0,0.0,0.0,0.0
Olfr1124,1.0,1.0,1.0,0.0,0.0,0.0,0.0,0.0
Olfr1258,1.0,1.0,1.0,0.0,0.0,0.0,0.0,0.0
Ptprj,1.0,1.0,1.0,0.0,0.0,0.0,0.0,0.0
4933423P22Rik,1.0,1.0,1.0,0.0,0.0,0.0,0.0,0.0
Nup160,1.0,1.0,1.0,0.0,0.0,0.0,0.0,0.0
Fnbp4,1.0,1.0,1.0,0.0,0.0,0.0,0.0,0.0
Mtch2,0.47495853988950676,1.0,1.0,0.0,0.0,0.0,0.0,0.0
C1qtnf4,1.0,1.0,1.0,0.0,0.0,0.0,0.0,0.0
Ndufs3,0.009720230492227009,0.09666103305783773,0.5626868690234494,-0.41319382948728367,-0.22339739624843738,-0.017089074771591734,0.46870135833595605,0.4020570401133067
Kbtbd4,1.0,1.0,1.0,0.0,0.0,0.0,0.0,0.0
Ptpmt1,0.029867793297539916,0.2615722360139493,1.0,0.0,0.0,0.0,0.0,0.0
Celf1,0.2615722360139493,1.0,1.0,0.0,0.0,0.0,0.0,0.0
Rapsn,1.0,1.0,1.0,0.0,0.0,0.0,0.0,0.0
Psmc3,0.006086639698522617,0.13943209600504602,0.869620790844832,-28.21671819681402,-27.826318914003522,0.0,0.237988877274173,0.0
Slc39a13,1.0,1.0,1.0,0.0,0.0,0.0,0.0,0.0
Spi1,0.2615722360139493,1.0,1.0,0.0,0.0,0.0,0.0,0.0
Mybpc3,1.0,1.0,1.0,0.0,0.0,0.0,0.0,0.0
Madd,1.0,1.0,1.0,0.0,0.0,0.0,0.0,0.0
Nr1h3,1.0,1.0,1.0,0.0,0.0,0.0,0.0,0.0
Acp2,1.0,1.0,1.0,0.0,0.0,0.0,0.0,0.0
Ddb2,1.0,1.0,1.0,0.0,0.0,0.0,0.0,0.0
Pacsin3,1.0,1.0,1.0,0.0,0.0,0.0,0.0,0.0
Arfgap2,1.0,1.0,1.0,0.0,0.0,0.0,0.0,0.0
1110051M20Rik,1.0,1.0,1.0,0.0,0.0,0.0,0.0,0.0
Lrp4,1.0,1.0,1.0,0.0,0.0,0.0,0.0,0.0
Ckap5,1.0,1.0,1.0,0.0,0.0,0.0,0.0,0.0
Zfp408,1.0,1.0,1.0,0.0,0.0,0.0,0.0,0.0
Arhgap1,1.0,1.0,1.0,0.0,0.0,0.0,0.0,0.0
Atg13,1.0,1.0,1.0,0.0,0.0,0.0,0.0,0.0
Harbi1,1.0,1.0,1.0,0.0,0.0,0.0,0.0,0.0
Ambra1,1.0,1.0,1.0,0.0,0.0,0.0,0.0,0.0
Mdk,1.0,1.0,1.0,0.0,0.0,0.0,0.0,0.0
Dgkz,1.0,1.0,1.0,0.0,0.0,0.0,0.0,0.0
Creb3l1,1.0,1.0,1.0,0.0,0.0,0.0,0.0,0.0
Phf21a,1.0,1.0,1.0,0.0,0.0,0.0,0.0,0.0
Large2,1.0,1.0,1.0,0.0,0.0,0.0,0.0,0.0
Pex16,0.2615722360139493,1.0,1.0,0.0,0.0,0.0,0.0,0.0
1700029I15Rik,1.0,1.0,1.0,0.0,0.0,0.0,0.0,0.0
Mapk8ip1,1.0,1.0,1.0,0.0,0.0,0.0,0.0,0.0
Cry2,1.0,1.0,1.0,0.0,0.0,0.0,0.0,0.0
Slc35c1,1.0,1.0,1.0,0.0,0.0,0.0,0.0,0.0
Chst1,1.0,1.0,1.0,0.0,0.0,0.0,0.0,0.0
Syt13,1.0,1.0,1.0,0.0,0.0,0.0,0.0,0.0
Prdm11,1.0,1.0,1.0,0.0,0.0,0.0,0.0,0.0
Trp53i11,0.007545901779321575,0.05161263766000387,0.2344447180424608,-28.233725711318296,-28.00579261474128,-26.045617325481963,0.2695154261446707,0.0
Tspan18,1.0,1.0,1.0,0.0,0.0,0.0,0.0,0.0
Cd82,0.029867793297539916,0.029867793297539916,0.2615722360139493,0.0,0.0,0.0,0.0,0.0
Ext2,0.2615722360139493,1.0,1.0,0.0,0.0,0.0,0.0,0.0
Accs,1.0,1.0,1.0,0.0,0.0,0.0,0.0,0.0
Gm13889,1.0,1.0,1.0,0.0,0.0,0.0,0.0,0.0
Alkbh3,1.0,1.0,1.0,0.0,0.0,0.0,0.0,0.0
Hsd17b12,0.2615722360139493,1.0,1.0,0.0,0.0,0.0,0.0,0.0
Ttc17,1.0,1.0,1.0,0.0,0.0,0.0,0.0,0.0
2810002D19Rik,1.0,1.0,1.0,0.0,0.0,0.0,0.0,0.0
Api5,0.2615722360139493,1.0,1.0,0.0,0.0,0.0,0.0,0.0
Gm10800,1.0,1.0,1.0,0.0,0.0,0.0,0.0,0.0
B230118H07Rik,1.0,1.0,1.0,0.0,0.0,0.0,0.0,0.0
Traf6,1.0,1.0,1.0,0.0,0.0,0.0,0.0,0.0
Prr5l,1.0,1.0,1.0,0.0,0.0,0.0,0.0,0.0
Commd9,1.0,1.0,1.0,0.0,0.0,0.0,0.0,0.0
Ldlrad3,1.0,1.0,1.0,0.0,0.0,0.0,0.0,0.0
Trim44,1.0,1.0,1.0,0.0,0.0,0.0,0.0,0.0
Fjx1,1.0,1.0,1.0,0.0,0.0,0.0,0.0,0.0
Pamr1,1.0,1.0,1.0,0.0,0.0,0.0,0.0,0.0
Slc1a2,1.0,1.0,1.0,0.0,0.0,0.0,0.0,0.0
Cd44,1.5876796062554575e-05,0.0010637453361911566,0.020131777407319206,0.28989579750807093,0.3911449458101383,0.5040524383541779,0.5547050130513604,0.7268735040429182
Pdhx,1.0,1.0,1.0,0.0,0.0,0.0,0.0,0.0
Apip,1.0,1.0,1.0,0.0,0.0,0.0,0.0,0.0
Ehf,1.0,1.0,1.0,0.0,0.0,0.0,0.0,0.0
Cat,1.0,1.0,1.0,0.0,0.0,0.0,0.0,0.0
Abtb2,1.0,1.0,1.0,0.0,0.0,0.0,0.0,0.0
Nat10,1.0,1.0,1.0,0.0,0.0,0.0,0.0,0.0
Caprin1,0.029867793297539916,0.2615722360139493,0.8822739356449067,-26.146891944835062,0.0,0.0,0.0,0.0
Lmo2,1.0,1.0,1.0,0.0,0.0,0.0,0.0,0.0
Fbxo3,1.0,1.0,1.0,0.0,0.0,0.0,0.0,0.0
Cd59a,1.0,1.0,1.0,0.0,0.0,0.0,0.0,0.0
Hipk3,1.0,1.0,1.0,0.0,0.0,0.0,0.0,0.0
Cstf3,1.0,1.0,1.0,0.0,0.0,0.0,0.0,0.0
Tcp11l1,1.0,1.0,1.0,0.0,0.0,0.0,0.0,0.0
Depdc7,1.0,1.0,1.0,0.0,0.0,0.0,0.0,0.0
Qser1,1.0,1.0,1.0,0.0,0.0,0.0,0.0,0.0
Prrg4,1.0,1.0,1.0,0.0,0.0,0.0,0.0,0.0
Ccdc73,1.0,1.0,1.0,0.0,0.0,0.0,0.0,0.0
Eif3m,0.00298483765976026,0.08249583234103358,0.5713582599031516,-0.2822221823612788,-0.16853001248081428,-0.03311795974728312,0.583039210223397,0.5190452137160411
Rcn1,1.0,1.0,1.0,0.0,0.0,0.0,0.0,0.0
Elp4,1.0,1.0,1.0,0.0,0.0,0.0,0.0,0.0
Immp1l,0.2615722360139493,1.0,1.0,0.0,0.0,0.0,0.0,0.0
Dnajc24,1.0,1.0,1.0,0.0,0.0,0.0,0.0,0.0
Mpped2,1.0,1.0,1.0,0.0,0.0,0.0,0.0,0.0
Arl14ep,1.0,1.0,1.0,0.0,0.0,0.0,0.0,0.0
Mettl15,1.0,1.0,1.0,0.0,0.0,0.0,0.0,0.0
Kif18a,1.0,1.0,1.0,0.0,0.0,0.0,0.0,0.0
Bdnf,1.0,1.0,1.0,0.0,0.0,0.0,0.0,0.0
Lin7c,0.2615722360139493,1.0,1.0,0.0,0.0,0.0,0.0,0.0
Lgr4,1.0,1.0,1.0,0.0,0.0,0.0,0.0,0.0
Ccdc34,1.0,1.0,1.0,0.0,0.0,0.0,0.0,0.0
Fibin,1.0,1.0,1.0,0.0,0.0,0.0,0.0,0.0
Ano3,1.0,1.0,1.0,0.0,0.0,0.0,0.0,0.0
Lpcat4,1.0,1.0,1.0,0.0,0.0,0.0,0.0,0.0
Nop10,0.004005167745790603,0.04014545346596476,0.27418911219460756,-28.71039224841342,-0.7594878469857518,-0.1269081503752716,0.42376518957623666,0.25396352098555575
Slc12a6,0.2615722360139493,1.0,1.0,0.0,0.0,0.0,0.0,0.0
Emc4,0.08856750257537103,0.3519631185845171,1.0,0.0,0.0,0.0,0.0,0.0
Katnbl1,1.0,1.0,1.0,0.0,0.0,0.0,0.0,0.0
Emc7,0.15038861025134914,0.6701526554660717,1.0,-1.3743019375451877,-0.02777992098273601,0.2156247243248739,0.3653799639549695,0.3605323839519186
Aven,1.0,1.0,1.0,0.0,0.0,0.0,0.0,0.0
Ryr3,1.0,1.0,1.0,0.0,0.0,0.0,0.0,0.0
Fmn1,1.0,1.0,1.0,0.0,0.0,0.0,0.0,0.0
Grem1,1.0,1.0,1.0,0.0,0.0,0.0,0.0,0.0
Scg5,1.0,1.0,1.0,0.0,0.0,0.0,0.0,0.0
Arhgap11a,1.0,1.0,1.0,0.0,0.0,0.0,0.0,0.0
Aqr,1.0,1.0,1.0,0.0,0.0,0.0,0.0,0.0
Zfp770,1.0,1.0,1.0,0.0,0.0,0.0,0.0,0.0
Dph6,1.0,1.0,1.0,0.0,0.0,0.0,0.0,0.0
BC052040,1.0,1.0,1.0,0.0,0.0,0.0,0.0,0.0
Meis2,1.0,1.0,1.0,0.0,0.0,0.0,0.0,0.0
2700033N17Rik,1.0,1.0,1.0,0.0,0.0,0.0,0.0,0.0
D330050G23Rik,1.0,1.0,1.0,0.0,0.0,0.0,0.0,0.0
Gm29340,1.0,1.0,1.0,0.0,0.0,0.0,0.0,0.0
Spred1,1.0,1.0,1.0,0.0,0.0,0.0,0.0,0.0
Fam98b,1.0,1.0,1.0,0.0,0.0,0.0,0.0,0.0
Rasgrp1,1.0,1.0,1.0,0.0,0.0,0.0,0.0,0.0
Gm13986,1.0,1.0,1.0,0.0,0.0,0.0,0.0,0.0
Thbs1,1.0,1.0,1.0,0.0,0.0,0.0,0.0,0.0
Gpr176,1.0,1.0,1.0,0.0,0.0,0.0,0.0,0.0
Eif2ak4,1.0,1.0,1.0,0.0,0.0,0.0,0.0,0.0
Srp14,0.23797729618163055,0.7344923394458999,1.0,-0.09545631326236387,-0.03278235996882686,0.05147649578942421,0.8522993722796119,0.8327228113712188
Bmf,1.0,1.0,1.0,0.0,0.0,0.0,0.0,0.0
Bub1b,1.0,1.0,1.0,0.0,0.0,0.0,0.0,0.0
Plcb2,1.0,1.0,1.0,0.0,0.0,0.0,0.0,0.0
Inafm2,1.0,1.0,1.0,0.0,0.0,0.0,0.0,0.0
Ccdc9b,1.0,1.0,1.0,0.0,0.0,0.0,0.0,0.0
Phgr1,1.0,1.0,1.0,0.0,0.0,0.0,0.0,0.0
Knstrn,1.0,1.0,1.0,0.0,0.0,0.0,0.0,0.0
Ivd,1.0,1.0,1.0,0.0,0.0,0.0,0.0,0.0
Bahd1,1.0,1.0,1.0,0.0,0.0,0.0,0.0,0.0
Chst14,1.0,1.0,1.0,0.0,0.0,0.0,0.0,0.0
Ccdc32,1.0,1.0,1.0,0.0,0.0,0.0,0.0,0.0
Rpusd2,1.0,1.0,1.0,0.0,0.0,0.0,0.0,0.0
Knl1,1.0,1.0,1.0,0.0,0.0,0.0,0.0,0.0
Rad51,1.0,1.0,1.0,0.0,0.0,0.0,0.0,0.0
Rmdn3,1.0,1.0,1.0,0.0,0.0,0.0,0.0,0.0
Gchfr,1.0,1.0,1.0,0.0,0.0,0.0,0.0,0.0
Dnajc17,1.0,1.0,1.0,0.0,0.0,0.0,0.0,0.0
Gm14137,1.0,1.0,1.0,0.0,0.0,0.0,0.0,0.0
Zfyve19,1.0,1.0,1.0,0.0,0.0,0.0,0.0,0.0
Ppp1r14d,1.0,1.0,1.0,0.0,0.0,0.0,0.0,0.0
Spint1,1.0,1.0,1.0,0.0,0.0,0.0,0.0,0.0
Rhov,1.0,1.0,1.0,0.0,0.0,0.0,0.0,0.0
Vps18,1.0,1.0,1.0,0.0,0.0,0.0,0.0,0.0
Gm14207,1.0,1.0,1.0,0.0,0.0,0.0,0.0,0.0
Dll4,1.0,1.0,1.0,0.0,0.0,0.0,0.0,0.0
Chac1,0.08715662938217593,0.266717246715916,0.47495853988950676,0.0,0.0,0.0,0.0,0.0
Ino80,1.0,1.0,1.0,0.0,0.0,0.0,0.0,0.0
Exd1,1.0,1.0,1.0,0.0,0.0,0.0,0.0,0.0
Chp1,0.2615722360139493,1.0,1.0,0.0,0.0,0.0,0.0,0.0
Oip5os1,0.2615722360139493,1.0,1.0,0.0,0.0,0.0,0.0,0.0
Oip5,1.0,1.0,1.0,0.0,0.0,0.0,0.0,0.0
Nusap1,1.0,1.0,1.0,0.0,0.0,0.0,0.0,0.0
Ndufaf1,1.0,1.0,1.0,0.0,0.0,0.0,0.0,0.0
Rtf1,0.2615722360139493,1.0,1.0,0.0,0.0,0.0,0.0,0.0
Itpka,1.0,1.0,1.0,0.0,0.0,0.0,0.0,0.0
Ltk,1.0,1.0,1.0,0.0,0.0,0.0,0.0,0.0
Rpap1,1.0,1.0,1.0,0.0,0.0,0.0,0.0,0.0
Tyro3,1.0,1.0,1.0,0.0,0.0,0.0,0.0,0.0
Mga,1.0,1.0,1.0,0.0,0.0,0.0,0.0,0.0
Mapkbp1,1.0,1.0,1.0,0.0,0.0,0.0,0.0,0.0
Pla2g4b,1.0,1.0,1.0,0.0,0.0,0.0,0.0,0.0
Sptbn5,1.0,1.0,1.0,0.0,0.0,0.0,0.0,0.0
Ehd4,0.009501095540355024,0.029867793297539916,0.29147411368370935,-27.067139907393603,0.0,0.0,0.0,0.0
Pla2g4f,1.0,1.0,1.0,0.0,0.0,0.0,0.0,0.0
Vps39,1.0,1.0,1.0,0.0,0.0,0.0,0.0,0.0
Tmem87a,1.0,1.0,1.0,0.0,0.0,0.0,0.0,0.0
Ganc,1.0,1.0,1.0,0.0,0.0,0.0,0.0,0.0
Capn3,1.0,1.0,1.0,0.0,0.0,0.0,0.0,0.0
Zfp106,0.08856750257537103,0.2615722360139493,1.0,0.0,0.0,0.0,0.0,0.0
Snap23,1.0,1.0,1.0,0.0,0.0,0.0,0.0,0.0
Lrrc57,1.0,1.0,1.0,0.0,0.0,0.0,0.0,0.0
Haus2,1.0,1.0,1.0,0.0,0.0,0.0,0.0,0.0
Stard9,1.0,1.0,1.0,0.0,0.0,0.0,0.0,0.0
Cdan1,1.0,1.0,1.0,0.0,0.0,0.0,0.0,0.0
Ttbk2,1.0,1.0,1.0,0.0,0.0,0.0,0.0,0.0
AV039307,1.0,1.0,1.0,0.0,0.0,0.0,0.0,0.0
Ubr1,1.0,1.0,1.0,0.0,0.0,0.0,0.0,0.0
Tmem62,1.0,1.0,1.0,0.0,0.0,0.0,0.0,0.0
Ccndbp1,0.08856750257537103,0.2615722360139493,1.0,0.0,0.0,0.0,0.0,0.0
Lcmt2,1.0,1.0,1.0,0.0,0.0,0.0,0.0,0.0
Adal,1.0,1.0,1.0,0.0,0.0,0.0,0.0,0.0
Zscan29,1.0,1.0,1.0,0.0,0.0,0.0,0.0,0.0
Tubgcp4,1.0,1.0,1.0,0.0,0.0,0.0,0.0,0.0
Trp53bp1,1.0,1.0,1.0,0.0,0.0,0.0,0.0,0.0
Map1a,1.0,1.0,1.0,0.0,0.0,0.0,0.0,0.0
Ppip5k1,1.0,1.0,1.0,0.0,0.0,0.0,0.0,0.0
Ckmt1,1.0,1.0,1.0,0.0,0.0,0.0,0.0,0.0
Catsper2,1.0,1.0,1.0,0.0,0.0,0.0,0.0,0.0
Pdia3,0.00298483765976026,0.038707628800508063,0.3053901722632373,0.07820527310999124,0.19324015867494893,0.32356741681348744,0.8713725377788422,0.9904974114153536
Ell3,1.0,1.0,1.0,0.0,0.0,0.0,0.0,0.0
Serf2,1.5876796062554575e-05,0.00030165912518853697,0.00409621338413908,0.12682284190857568,0.17193121501531422,0.2162480218803603,1.5622570073642699,1.7594312751414751
Hypk,0.08856750257537103,0.2615722360139493,1.0,0.0,0.0,0.0,0.0,0.0
Mfap1b,1.0,1.0,1.0,0.0,0.0,0.0,0.0,0.0
Mfap1a,1.0,1.0,1.0,0.0,0.0,0.0,0.0,0.0
Wdr76,1.0,1.0,1.0,0.0,0.0,0.0,0.0,0.0
Frmd5,1.0,1.0,1.0,0.0,0.0,0.0,0.0,0.0
Casc4,1.0,1.0,1.0,0.0,0.0,0.0,0.0,0.0
Ctdspl2,1.0,1.0,1.0,0.0,0.0,0.0,0.0,0.0
Eif3j1,1.0,1.0,1.0,0.0,0.0,0.0,0.0,0.0
Spg11,1.0,1.0,1.0,0.0,0.0,0.0,0.0,0.0
B2m,1.5876796062554575e-05,1.5876796062554575e-05,6.35071842502183e-05,-0.2533279294313934,-0.22768460291074322,-0.19959161259689148,3.7100597020808674,3.165476097350423
Trim69,1.0,1.0,1.0,0.0,0.0,0.0,0.0,0.0
Sord,1.0,1.0,1.0,0.0,0.0,0.0,0.0,0.0
Duox2,1.0,1.0,1.0,0.0,0.0,0.0,0.0,0.0
Duoxa2,1.0,1.0,1.0,0.0,0.0,0.0,0.0,0.0
Duoxa1,1.0,1.0,1.0,0.0,0.0,0.0,0.0,0.0
Duox1,1.0,1.0,1.0,0.0,0.0,0.0,0.0,0.0
Shf,1.0,1.0,1.0,0.0,0.0,0.0,0.0,0.0
Slc28a2,1.0,1.0,1.0,0.0,0.0,0.0,0.0,0.0
Gm14085,1.0,1.0,1.0,0.0,0.0,0.0,0.0,0.0
Gatm,1.0,1.0,1.0,0.0,0.0,0.0,0.0,0.0
AA467197,1.0,1.0,1.0,0.0,0.0,0.0,0.0,0.0
Slc30a4,1.0,1.0,1.0,0.0,0.0,0.0,0.0,0.0
4930417H01Rik,1.0,1.0,1.0,0.0,0.0,0.0,0.0,0.0
Bloc1s6os,1.0,1.0,1.0,0.0,0.0,0.0,0.0,0.0
Bloc1s6,1.0,1.0,1.0,0.0,0.0,0.0,0.0,0.0
Sqor,1.0,1.0,1.0,0.0,0.0,0.0,0.0,0.0
Sema6d,1.0,1.0,1.0,0.0,0.0,0.0,0.0,0.0
Slc24a5,1.0,1.0,1.0,0.0,0.0,0.0,0.0,0.0
Myef2,1.0,1.0,1.0,0.0,0.0,0.0,0.0,0.0
Dut,0.2615722360139493,1.0,1.0,0.0,0.0,0.0,0.0,0.0
Fbn1,1.0,1.0,1.0,0.0,0.0,0.0,0.0,0.0
Cep152,1.0,1.0,1.0,0.0,0.0,0.0,0.0,0.0
Shc4,1.0,1.0,1.0,0.0,0.0,0.0,0.0,0.0
Eid1,1.0,1.0,1.0,0.0,0.0,0.0,0.0,0.0
Secisbp2l,1.0,1.0,1.0,0.0,0.0,0.0,0.0,0.0
Cops2,0.08856750257537103,1.0,1.0,0.0,0.0,0.0,0.0,0.0
Galk2,1.0,1.0,1.0,0.0,0.0,0.0,0.0,0.0
Fgf7,1.0,1.0,1.0,0.0,0.0,0.0,0.0,0.0
Dtwd1,1.0,1.0,1.0,0.0,0.0,0.0,0.0,0.0
Atp8b4,1.0,1.0,1.0,0.0,0.0,0.0,0.0,0.0
Slc27a2,1.0,1.0,1.0,0.0,0.0,0.0,0.0,0.0
Hdc,1.0,1.0,1.0,0.0,0.0,0.0,0.0,0.0
Gabpb1,1.0,1.0,1.0,0.0,0.0,0.0,0.0,0.0
Gm27003,1.0,1.0,1.0,0.0,0.0,0.0,0.0,0.0
Usp8,0.2615722360139493,1.0,1.0,0.0,0.0,0.0,0.0,0.0
Usp50,1.0,1.0,1.0,0.0,0.0,0.0,0.0,0.0
Trpm7,1.0,1.0,1.0,0.0,0.0,0.0,0.0,0.0
Sppl2a,0.029867793297539916,0.2615722360139493,1.0,0.0,0.0,0.0,0.0,0.0
Ap4e1,1.0,1.0,1.0,0.0,0.0,0.0,0.0,0.0
Blvra,1.0,1.0,1.0,0.0,0.0,0.0,0.0,0.0
Ncaph,1.0,1.0,1.0,0.0,0.0,0.0,0.0,0.0
Itpripl1,1.0,1.0,1.0,0.0,0.0,0.0,0.0,0.0
1810024B03Rik,1.0,1.0,1.0,0.0,0.0,0.0,0.0,0.0
Snrnp200,1.0,1.0,1.0,0.0,0.0,0.0,0.0,0.0
Ciao1,1.0,1.0,1.0,0.0,0.0,0.0,0.0,0.0
Tmem127,1.0,1.0,1.0,0.0,0.0,0.0,0.0,0.0
Stard7,1.0,1.0,1.0,0.0,0.0,0.0,0.0,0.0
Dusp2,1.0,1.0,1.0,0.0,0.0,0.0,0.0,0.0
Fahd2a,1.0,1.0,1.0,0.0,0.0,0.0,0.0,0.0
Kcnip3,1.0,1.0,1.0,0.0,0.0,0.0,0.0,0.0
Zfp661,1.0,1.0,1.0,0.0,0.0,0.0,0.0,0.0
Mrps5,0.2615722360139493,0.2615722360139493,1.0,0.0,0.0,0.0,0.0,0.0
Mal,1.0,1.0,1.0,0.0,0.0,0.0,0.0,0.0
Mall,1.0,1.0,1.0,0.0,0.0,0.0,0.0,0.0
Nphp1,1.0,1.0,1.0,0.0,0.0,0.0,0.0,0.0
Mtln,1.0,1.0,1.0,0.0,0.0,0.0,0.0,0.0
Bub1,1.0,1.0,1.0,0.0,0.0,0.0,0.0,0.0
Acoxl,1.0,1.0,1.0,0.0,0.0,0.0,0.0,0.0
Bcl2l11,0.004011430556544232,0.020047488528618908,0.10234399965778483,1.3115411004324573,2.6477256276306282,29.59790055517574,0.1108194048024755,0.7383375219631219
Morrbid,1.0,1.0,1.0,0.0,0.0,0.0,0.0,0.0
Gm14010,1.0,1.0,1.0,0.0,0.0,0.0,0.0,0.0
Anapc1,1.0,1.0,1.0,0.0,0.0,0.0,0.0,0.0
Mertk,1.0,1.0,1.0,0.0,0.0,0.0,0.0,0.0
Tmem87b,1.0,1.0,1.0,0.0,0.0,0.0,0.0,0.0
Fbln7,1.0,1.0,1.0,0.0,0.0,0.0,0.0,0.0
Zc3h8,1.0,1.0,1.0,0.0,0.0,0.0,0.0,0.0
Gm10762,1.0,1.0,1.0,0.0,0.0,0.0,0.0,0.0
Zc3h6,1.0,1.0,1.0,0.0,0.0,0.0,0.0,0.0
Ttl,1.0,1.0,1.0,0.0,0.0,0.0,0.0,0.0
Polr1b,1.0,1.0,1.0,0.0,0.0,0.0,0.0,0.0
Chchd5,1.0,1.0,1.0,0.0,0.0,0.0,0.0,0.0
Gm14029,1.0,1.0,1.0,0.0,0.0,0.0,0.0,0.0
Slc20a1,1.0,1.0,1.0,0.0,0.0,0.0,0.0,0.0
Ckap2l,1.0,1.0,1.0,0.0,0.0,0.0,0.0,0.0
Gm14023,1.0,1.0,1.0,0.0,0.0,0.0,0.0,0.0
Il1a,1.0,1.0,1.0,0.0,0.0,0.0,0.0,0.0
Il1b,0.08856750257537103,0.2615722360139493,1.0,0.0,0.0,0.0,0.0,0.0
Il1bos,1.0,1.0,1.0,0.0,0.0,0.0,0.0,0.0
Sirpa,1.0,1.0,1.0,0.0,0.0,0.0,0.0,0.0
Stk35,1.0,1.0,1.0,0.0,0.0,0.0,0.0,0.0
Snrpb,0.008686713813300943,0.09666103305783773,0.511831918820418,0.1638752867598863,0.3963412373657543,0.543813119092915,0.3252112000922699,0.42843480994109173
Nop56,0.2615722360139493,1.0,1.0,0.0,0.0,0.0,0.0,0.0
Idh3b,0.2615722360139493,1.0,1.0,0.0,0.0,0.0,0.0,0.0
Ebf4,1.0,1.0,1.0,0.0,0.0,0.0,0.0,0.0
Cpxm1,1.0,1.0,1.0,0.0,0.0,0.0,0.0,0.0
Pced1a,1.0,1.0,1.0,0.0,0.0,0.0,0.0,0.0
Vps16,1.0,1.0,1.0,0.0,0.0,0.0,0.0,0.0
Ptpra,0.2615722360139493,0.2615722360139493,1.0,0.0,0.0,0.0,0.0,0.0
Mrps26,0.08856750257537103,0.2615722360139493,1.0,0.0,0.0,0.0,0.0,0.0
Ubox5,1.0,1.0,1.0,0.0,0.0,0.0,0.0,0.0
Fastkd5,1.0,1.0,1.0,0.0,0.0,0.0,0.0,0.0
Lzts3,1.0,1.0,1.0,0.0,0.0,0.0,0.0,0.0
Ddrgk1,0.11483091212193383,0.6238787012780821,1.0,-0.0790467046338615,0.054598156607142984,0.17441043391805416,0.5675809912066281,0.5900287200249865
Itpa,1.0,1.0,1.0,0.0,0.0,0.0,0.0,0.0
Slc4a11,1.0,1.0,1.0,0.0,0.0,0.0,0.0,0.0
4930402H24Rik,1.0,1.0,1.0,0.0,0.0,0.0,0.0,0.0
A730017L22Rik,1.0,1.0,1.0,0.0,0.0,0.0,0.0,0.0
Atrn,1.0,1.0,1.0,0.0,0.0,0.0,0.0,0.0
Adam33,1.0,1.0,1.0,0.0,0.0,0.0,0.0,0.0
Siglec1,1.0,1.0,1.0,0.0,0.0,0.0,0.0,0.0
Hspa12b,1.0,1.0,1.0,0.0,0.0,0.0,0.0,0.0
1700037H04Rik,1.0,1.0,1.0,0.0,0.0,0.0,0.0,0.0
Spef1,1.0,1.0,1.0,0.0,0.0,0.0,0.0,0.0
Cenpb,1.0,1.0,1.0,0.0,0.0,0.0,0.0,0.0
Cdc25b,1.0,1.0,1.0,0.0,0.0,0.0,0.0,0.0
Ap5s1,1.0,1.0,1.0,0.0,0.0,0.0,0.0,0.0
Mavs,1.0,1.0,1.0,0.0,0.0,0.0,0.0,0.0
Pank2,1.0,1.0,1.0,0.0,0.0,0.0,0.0,0.0
Rnf24,1.0,1.0,1.0,0.0,0.0,0.0,0.0,0.0
Smox,1.0,1.0,1.0,0.0,0.0,0.0,0.0,0.0
Prnp,1.0,1.0,1.0,0.0,0.0,0.0,0.0,0.0
Rassf2,1.0,1.0,1.0,0.0,0.0,0.0,0.0,0.0
Slc23a2,1.0,1.0,1.0,0.0,0.0,0.0,0.0,0.0
Tmem230,1.0,1.0,1.0,0.0,0.0,0.0,0.0,0.0
Pcna,0.08856750257537103,1.0,1.0,0.0,0.0,0.0,0.0,0.0
AV099323,1.0,1.0,1.0,0.0,0.0,0.0,0.0,0.0
Cds2,1.0,1.0,1.0,0.0,0.0,0.0,0.0,0.0
Gpcpd1,1.0,1.0,1.0,0.0,0.0,0.0,0.0,0.0
Shld1,1.0,1.0,1.0,0.0,0.0,0.0,0.0,0.0
Trmt6,1.0,1.0,1.0,0.0,0.0,0.0,0.0,0.0
Mcm8,1.0,1.0,1.0,0.0,0.0,0.0,0.0,0.0
Crls1,0.2615722360139493,1.0,1.0,0.0,0.0,0.0,0.0,0.0
Fermt1,1.0,1.0,1.0,0.0,0.0,0.0,0.0,0.0
Bmp2,1.0,1.0,1.0,0.0,0.0,0.0,0.0,0.0
Tmx4,0.2615722360139493,1.0,1.0,0.0,0.0,0.0,0.0,0.0
Plcb1,1.0,1.0,1.0,0.0,0.0,0.0,0.0,0.0
Platr3,1.0,1.0,1.0,0.0,0.0,0.0,0.0,0.0
Plcb4,1.0,1.0,1.0,0.0,0.0,0.0,0.0,0.0
Mkks,1.0,1.0,1.0,0.0,0.0,0.0,0.0,0.0
Slx4ip,1.0,1.0,1.0,0.0,0.0,0.0,0.0,0.0
Jag1,1.0,1.0,1.0,0.0,0.0,0.0,0.0,0.0
Btbd3,1.0,1.0,1.0,0.0,0.0,0.0,0.0,0.0
Ism1,1.0,1.0,1.0,0.0,0.0,0.0,0.0,0.0
Tasp1,1.0,1.0,1.0,0.0,0.0,0.0,0.0,0.0
Esf1,0.009501095540355024,0.08856750257537103,1.0,-26.07024714649844,0.0,0.0,0.0,0.0
Ndufaf5,1.0,1.0,1.0,0.0,0.0,0.0,0.0,0.0
Macrod2,1.0,1.0,1.0,0.0,0.0,0.0,0.0,0.0
Flrt3,1.0,1.0,1.0,0.0,0.0,0.0,0.0,0.0
Kif16b,1.0,1.0,1.0,0.0,0.0,0.0,0.0,0.0
Snrpb2,1.0,1.0,1.0,0.0,0.0,0.0,0.0,0.0
Bfsp1,1.0,1.0,1.0,0.0,0.0,0.0,0.0,0.0
Dstn,0.2615722360139493,1.0,1.0,0.0,0.0,0.0,0.0,0.0
Rrbp1,0.1568627450980392,0.6784313725490196,1.0,-0.1062764600583427,-0.045881997564996446,0.026357672979240965,1.3564892090436649,1.31305755204798
Snx5,0.015050925640298017,0.1677378966418669,0.7826235030086005,-28.384037975268324,-28.264997180957753,-0.9492258020662848,0.32385258948575,0.0
Mgme1,1.0,1.0,1.0,0.0,0.0,0.0,0.0,0.0
Ovol2,1.0,1.0,1.0,0.0,0.0,0.0,0.0,0.0
Kat14,1.0,1.0,1.0,0.0,0.0,0.0,0.0,0.0
Dzank1,1.0,1.0,1.0,0.0,0.0,0.0,0.0,0.0
Polr3f,1.0,1.0,1.0,0.0,0.0,0.0,0.0,0.0
Rbbp9,1.0,1.0,1.0,0.0,0.0,0.0,0.0,0.0
Sec23b,0.08856750257537103,1.0,1.0,0.0,0.0,0.0,0.0,0.0
Smim26,0.08856750257537103,0.2615722360139493,1.0,0.0,0.0,0.0,0.0,0.0
Dtd1,1.0,1.0,1.0,0.0,0.0,0.0,0.0,0.0
Slc24a3,1.0,1.0,1.0,0.0,0.0,0.0,0.0,0.0
Rin2,1.0,1.0,1.0,0.0,0.0,0.0,0.0,0.0
Naa20,0.08856750257537103,1.0,1.0,0.0,0.0,0.0,0.0,0.0
Crnkl1,0.2615722360139493,1.0,1.0,0.0,0.0,0.0,0.0,0.0
Ralgapa2,1.0,1.0,1.0,0.0,0.0,0.0,0.0,0.0
Kiz,1.0,1.0,1.0,0.0,0.0,0.0,0.0,0.0
Xrn2,0.009501095540355024,0.1853939469443623,0.7009971359858794,-27.52094127508239,0.0,0.0,0.0,0.0
Thbd,1.0,1.0,1.0,0.0,0.0,0.0,0.0,0.0
Cd93,0.029867793297539916,0.4198490637342591,1.0,0.0,0.0,0.0,0.0,0.0
Nxt1,1.0,1.0,1.0,0.0,0.0,0.0,0.0,0.0
Gzf1,1.0,1.0,1.0,0.0,0.0,0.0,0.0,0.0
Napb,1.0,1.0,1.0,0.0,0.0,0.0,0.0,0.0
Cst3,0.11526553941414623,0.6784313725490196,1.0,-0.04805900957910851,-0.011709074350735978,0.02888259592680787,1.6190363283857563,1.60581708265992
Syndig1,1.0,1.0,1.0,0.0,0.0,0.0,0.0,0.0
Zfp120,1.0,1.0,1.0,0.0,0.0,0.0,0.0,0.0
Zfp937,1.0,1.0,1.0,0.0,0.0,0.0,0.0,0.0
3300002I08Rik,1.0,1.0,1.0,0.0,0.0,0.0,0.0,0.0
Gm10130,1.0,1.0,1.0,0.0,0.0,0.0,0.0,0.0
Zfp442,1.0,1.0,1.0,0.0,0.0,0.0,0.0,0.0
Cst7,1.0,1.0,1.0,0.0,0.0,0.0,0.0,0.0
Apmap,1.0,1.0,1.0,0.0,0.0,0.0,0.0,0.0
Acss1,1.0,1.0,1.0,0.0,0.0,0.0,0.0,0.0
E130215H24Rik,1.0,1.0,1.0,0.0,0.0,0.0,0.0,0.0
Entpd6,1.0,1.0,1.0,0.0,0.0,0.0,0.0,0.0
Pygb,1.0,1.0,1.0,0.0,0.0,0.0,0.0,0.0
Abhd12,1.0,1.0,1.0,0.0,0.0,0.0,0.0,0.0
Gins1,1.0,1.0,1.0,0.0,0.0,0.0,0.0,0.0
Ninl,1.0,1.0,1.0,0.0,0.0,0.0,0.0,0.0
Nanp,1.0,1.0,1.0,0.0,0.0,0.0,0.0,0.0
Nsfl1c,0.2615722360139493,1.0,1.0,0.0,0.0,0.0,0.0,0.0
Gm14167,1.0,1.0,1.0,0.0,0.0,0.0,0.0,0.0
Fkbp1a,0.2615722360139493,0.2615722360139493,1.0,0.0,0.0,0.0,0.0,0.0
Sdcbp2,1.0,1.0,1.0,0.0,0.0,0.0,0.0,0.0
Psmf1,1.0,1.0,1.0,0.0,0.0,0.0,0.0,0.0
Angpt4,1.0,1.0,1.0,0.0,0.0,0.0,0.0,0.0
Gm14154,1.0,1.0,1.0,0.0,0.0,0.0,0.0,0.0
Fam110a,1.0,1.0,1.0,0.0,0.0,0.0,0.0,0.0
Slc52a3,1.0,1.0,1.0,0.0,0.0,0.0,0.0,0.0
Srxn1,1.0,1.0,1.0,0.0,0.0,0.0,0.0,0.0
Tcf15,1.0,1.0,1.0,0.0,0.0,0.0,0.0,0.0
Csnk2a1,0.009501095540355024,0.08856750257537103,1.0,-26.854250789788672,0.0,0.0,0.0,0.0
Tbc1d20,0.2615722360139493,1.0,1.0,0.0,0.0,0.0,0.0,0.0
Rbck1,1.0,1.0,1.0,0.0,0.0,0.0,0.0,0.0
Trib3,1.0,1.0,1.0,0.0,0.0,0.0,0.0,0.0
Sox12,1.0,1.0,1.0,0.0,0.0,0.0,0.0,0.0
Zcchc3,1.0,1.0,1.0,0.0,0.0,0.0,0.0,0.0
Gm14161,1.0,1.0,1.0,0.0,0.0,0.0,0.0,0.0
Defb25,1.0,1.0,1.0,0.0,0.0,0.0,0.0,0.0
Rem1,1.0,1.0,1.0,0.0,0.0,0.0,0.0,0.0
H13,0.02524410573946178,0.23797729618163055,0.7344923394458999,0.021909936822904482,0.07481053895851988,0.14410510721986378,1.1918395746294026,1.2553062908239674
Mcts2,1.0,1.0,1.0,0.0,0.0,0.0,0.0,0.0
Id1,1.0,1.0,1.0,0.0,0.0,0.0,0.0,0.0
Cox4i2,1.0,1.0,1.0,0.0,0.0,0.0,0.0,0.0
Bcl2l1,1.0,1.0,1.0,0.0,0.0,0.0,0.0,0.0
Tpx2,1.0,1.0,1.0,0.0,0.0,0.0,0.0,0.0
Foxs1,1.0,1.0,1.0,0.0,0.0,0.0,0.0,0.0
Ttll9,1.0,1.0,1.0,0.0,0.0,0.0,0.0,0.0
Pdrg1,1.0,1.0,1.0,0.0,0.0,0.0,0.0,0.0
Hck,1.0,1.0,1.0,0.0,0.0,0.0,0.0,0.0
Tm9sf4,1.0,1.0,1.0,0.0,0.0,0.0,0.0,0.0
Tspyl3,1.0,1.0,1.0,0.0,0.0,0.0,0.0,0.0
Plagl2,1.0,1.0,1.0,0.0,0.0,0.0,0.0,0.0
Pofut1,1.0,1.0,1.0,0.0,0.0,0.0,0.0,0.0
Kif3b,1.0,1.0,1.0,0.0,0.0,0.0,0.0,0.0
2500004C02Rik,1.0,1.0,1.0,0.0,0.0,0.0,0.0,0.0
Asxl1,1.0,1.0,1.0,0.0,0.0,0.0,0.0,0.0
Nol4l,1.0,1.0,1.0,0.0,0.0,0.0,0.0,0.0
Commd7,1.0,1.0,1.0,0.0,0.0,0.0,0.0,0.0
Dnmt3b,1.0,1.0,1.0,0.0,0.0,0.0,0.0,0.0
Mapre1,0.08856750257537103,0.2615722360139493,1.0,0.0,0.0,0.0,0.0,0.0
Cdk5rap1,1.0,1.0,1.0,0.0,0.0,0.0,0.0,0.0
Snta1,1.0,1.0,1.0,0.0,0.0,0.0,0.0,0.0
Cbfa2t2,1.0,1.0,1.0,0.0,0.0,0.0,0.0,0.0
Necab3,1.0,1.0,1.0,0.0,0.0,0.0,0.0,0.0
1700003F12Rik,1.0,1.0,1.0,0.0,0.0,0.0,0.0,0.0
E2f1,1.0,1.0,1.0,0.0,0.0,0.0,0.0,0.0
Pxmp4,1.0,1.0,1.0,0.0,0.0,0.0,0.0,0.0
4930519P11Rik,1.0,1.0,1.0,0.0,0.0,0.0,0.0,0.0
Zfp341,1.0,1.0,1.0,0.0,0.0,0.0,0.0,0.0
Chmp4b,0.007318516696448283,0.11210633334825133,0.5598677791524032,0.27150108943443035,0.5178532262573592,0.7121545548285977,0.309514519136664,0.447726656474721
Raly,0.029867793297539916,0.3887558059849098,1.0,0.0,0.0,0.0,0.0,0.0
a,0.2615722360139493,0.8822739356449067,1.0,0.0,0.0,0.0,0.0,0.0
Eif2s2,1.5876796062554575e-05,0.00011113757243788204,0.0015241724220052392,0.32679239457826126,0.4190473154855186,0.5191287710832448,0.892857424288825,1.1931752849194364
Ahcy,1.0,1.0,1.0,0.0,0.0,0.0,0.0,0.0
Itch,0.2615722360139493,0.8822739356449067,1.0,0.0,0.0,0.0,0.0,0.0
Dynlrb1,0.08856750257537103,0.2615722360139493,1.0,0.0,0.0,0.0,0.0,0.0
Map1lc3a,1.0,1.0,1.0,0.0,0.0,0.0,0.0,0.0
Pigu,1.0,1.0,1.0,0.0,0.0,0.0,0.0,0.0
Trp53inp2,1.0,1.0,1.0,0.0,0.0,0.0,0.0,0.0
Ncoa6,1.0,1.0,1.0,0.0,0.0,0.0,0.0,0.0
Ggt7,1.0,1.0,1.0,0.0,0.0,0.0,0.0,0.0
Acss2,1.0,1.0,1.0,0.0,0.0,0.0,0.0,0.0
Gss,1.0,1.0,1.0,0.0,0.0,0.0,0.0,0.0
Trpc4ap,0.08856750257537103,1.0,1.0,0.0,0.0,0.0,0.0,0.0
Edem2,0.0821608319441137,0.34314519329999205,0.910105580693816,-0.10899710059186733,-0.046892313904891486,0.01574343400224774,1.2204916223539,1.1824410659906424
Procr,1.0,1.0,1.0,0.0,0.0,0.0,0.0,0.0
BC029722,1.0,1.0,1.0,0.0,0.0,0.0,0.0,0.0
Eif6,0.06117467691385191,0.38386061691619233,0.6185519578391343,-28.216778373721873,-27.70258643232893,-26.848075565588143,0.21842858461528197,0.0
Gm16098,1.0,1.0,1.0,0.0,0.0,0.0,0.0,0.0
Uqcc1,1.0,1.0,1.0,0.0,0.0,0.0,0.0,0.0
Cep250,1.0,1.0,1.0,0.0,0.0,0.0,0.0,0.0
6430550D23Rik,1.0,1.0,1.0,0.0,0.0,0.0,0.0,0.0
Ergic3,0.005785219914945569,0.03154326133915595,0.1996030161831719,-28.824729186467753,-1.3277962977218598,-0.21052930902898825,0.4514867663597687,0.17865617732020714
Spag4,1.0,1.0,1.0,0.0,0.0,0.0,0.0,0.0
Cpne1,1.0,1.0,1.0,0.0,0.0,0.0,0.0,0.0
Nfs1,1.0,1.0,1.0,0.0,0.0,0.0,0.0,0.0
Romo1,0.0073033261887751055,0.09788044772564897,0.5208065412399778,0.06643849339769091,0.20125902600044332,0.33019446342681336,0.41230636934203074,0.475695784043009
Rbm39,1.5876796062554575e-05,0.00011113757243788204,0.0015241724220052392,0.2829544622043972,0.3729531426380527,0.46767600014396354,0.9296537236918707,1.2020668968502175
Phf20,1.0,1.0,1.0,0.0,0.0,0.0,0.0,0.0
Scand1,0.020131777407319206,0.11526553941414623,0.4726680955783123,-0.3866448245004206,-0.2253673387583678,-0.030485880420902247,0.6630428713097443,0.5658619462776672
Cnbd2,1.0,1.0,1.0,0.0,0.0,0.0,0.0,0.0
2900097C17Rik,0.08856750257537103,0.2615722360139493,1.0,0.0,0.0,0.0,0.0,0.0
Epb41l1,1.0,1.0,1.0,0.0,0.0,0.0,0.0,0.0
Aar2,1.0,1.0,1.0,0.0,0.0,0.0,0.0,0.0
Gm14168,1.0,1.0,1.0,0.0,0.0,0.0,0.0,0.0
Dlgap4,1.0,1.0,1.0,0.0,0.0,0.0,0.0,0.0
4930405A21Rik,1.0,1.0,1.0,0.0,0.0,0.0,0.0,0.0
Myl9,1.0,1.0,1.0,0.0,0.0,0.0,0.0,0.0
Tgif2,1.0,1.0,1.0,0.0,0.0,0.0,0.0,0.0
5430405H02Rik,1.0,1.0,1.0,0.0,0.0,0.0,0.0,0.0
Rab5if,0.0021592442645074223,0.06909581646423751,0.4726680955783123,0.0785937409021683,0.1915643369634662,0.3475336316543736,0.5136229277856494,0.58687716427845
Sla2,1.0,1.0,1.0,0.0,0.0,0.0,0.0,0.0
Ndrg3,1.0,1.0,1.0,0.0,0.0,0.0,0.0,0.0
Dsn1,1.0,1.0,1.0,0.0,0.0,0.0,0.0,0.0
Soga1,1.0,1.0,1.0,0.0,0.0,0.0,0.0,0.0
Samhd1,0.0018447703965623207,0.013023864546255304,0.07854107024933399,-28.928384084577203,-28.724803907270186,-1.3947729893684593,0.45030643944957516,0.0
Rbl1,1.0,1.0,1.0,0.0,0.0,0.0,0.0,0.0
Rpn2,0.1568627450980392,0.6784313725490196,1.0,-0.12063323720645971,-0.025181264078403886,0.08441177440159746,0.6549399283667046,0.6450879317780448
Manbal,1.0,1.0,1.0,0.0,0.0,0.0,0.0,0.0
Src,1.0,1.0,1.0,0.0,0.0,0.0,0.0,0.0
Gm14286,1.0,1.0,1.0,0.0,0.0,0.0,0.0,0.0
Blcap,1.0,1.0,1.0,0.0,0.0,0.0,0.0,0.0
Nnat,1.0,1.0,1.0,0.0,0.0,0.0,0.0,0.0
Ctnnbl1,0.2615722360139493,1.0,1.0,0.0,0.0,0.0,0.0,0.0
Tti1,1.0,1.0,1.0,0.0,0.0,0.0,0.0,0.0
Rprd1b,1.0,1.0,1.0,0.0,0.0,0.0,0.0,0.0
Tgm2,1.0,1.0,1.0,0.0,0.0,0.0,0.0,0.0
Gm20412,1.0,1.0,1.0,0.0,0.0,0.0,0.0,0.0
D630003M21Rik,1.0,1.0,1.0,0.0,0.0,0.0,0.0,0.0
Lbp,1.0,1.0,1.0,0.0,0.0,0.0,0.0,0.0
Snhg17,1.0,1.0,1.0,0.0,0.0,0.0,0.0,0.0
Snhg11,1.0,1.0,1.0,0.0,0.0,0.0,0.0,0.0
Ralgapb,1.0,1.0,1.0,0.0,0.0,0.0,0.0,0.0
Slc32a1,1.0,1.0,1.0,0.0,0.0,0.0,0.0,0.0
Actr5,1.0,1.0,1.0,0.0,0.0,0.0,0.0,0.0
Ppp1r16b,0.2615722360139493,1.0,1.0,0.0,0.0,0.0,0.0,0.0
Fam83d,1.0,1.0,1.0,0.0,0.0,0.0,0.0,0.0
Dhx35,1.0,1.0,1.0,0.0,0.0,0.0,0.0,0.0
9130015L21Rik,1.0,1.0,1.0,0.0,0.0,0.0,0.0,0.0
Mafb,1.0,1.0,1.0,0.0,0.0,0.0,0.0,0.0
Top1,0.2702706993728666,0.7344923394458999,1.0,-0.06765563304225757,4.1812334490536416e-05,0.081950530222934,1.03159674670718,1.0306246850834624
Plcg1,1.0,1.0,1.0,0.0,0.0,0.0,0.0,0.0
Zhx3,1.0,1.0,1.0,0.0,0.0,0.0,0.0,0.0
Gm16751,1.0,1.0,1.0,0.0,0.0,0.0,0.0,0.0
Lpin3,1.0,1.0,1.0,0.0,0.0,0.0,0.0,0.0
Chd6,0.2615722360139493,1.0,1.0,0.0,0.0,0.0,0.0,0.0
Gm45447,1.0,1.0,1.0,0.0,0.0,0.0,0.0,0.0
Srsf6,0.009501095540355024,0.029867793297539916,0.08856750257537103,-26.819053951977068,0.0,0.0,0.0,0.0
Ift52,1.0,1.0,1.0,0.0,0.0,0.0,0.0,0.0
Mybl2,1.0,1.0,1.0,0.0,0.0,0.0,0.0,0.0
Tox2,1.0,1.0,1.0,0.0,0.0,0.0,0.0,0.0
Jph2,1.0,1.0,1.0,0.0,0.0,0.0,0.0,0.0
Oser1,0.029867793297539916,0.08856750257537103,0.2615722360139493,0.0,0.0,0.0,0.0,0.0
2900093K20Rik,1.0,1.0,1.0,0.0,0.0,0.0,0.0,0.0
Fitm2,1.0,1.0,1.0,0.0,0.0,0.0,0.0,0.0
Hnf4a,1.0,1.0,1.0,0.0,0.0,0.0,0.0,0.0
Ttpal,1.0,1.0,1.0,0.0,0.0,0.0,0.0,0.0
Serinc3,0.08856750257537103,0.7563611602870911,1.0,0.0,0.0,0.0,0.0,0.0
0610039K10Rik,1.0,1.0,1.0,0.0,0.0,0.0,0.0,0.0
Pkig,1.0,1.0,1.0,0.0,0.0,0.0,0.0,0.0
Ada,0.009501095540355024,0.029867793297539916,0.2615722360139493,-27.073689349264804,0.0,0.0,0.0,0.0
Ccn5,1.0,1.0,1.0,0.0,0.0,0.0,0.0,0.0
Ywhab,0.03931651804257961,0.40974440938494316,1.0,-28.227158806083864,-27.79301800385001,0.0,0.2629678851556677,0.0
Pabpc1l,1.0,1.0,1.0,0.0,0.0,0.0,0.0,0.0
Tomm34,1.0,1.0,1.0,0.0,0.0,0.0,0.0,0.0
Stk4,0.2615722360139493,1.0,1.0,0.0,0.0,0.0,0.0,0.0
Slpi,0.00047630388187663733,0.0073033261887751055,0.05737874097007224,-0.5018163107599485,-0.4000118887944022,-0.2885850829907771,2.6823905101073513,2.0303460810231075
Matn4,1.0,1.0,1.0,0.0,0.0,0.0,0.0,0.0
Sdc4,1.5876796062554575e-05,0.0010637453361911566,0.03142017940779551,-0.44558411041459617,-0.3319938670894026,-0.22242798194280503,0.7754673098533263,0.6169112291474372
Sys1,0.08249583234103358,0.42686353893784235,0.9699293482575216,-0.06592007401595006,0.09151509773148889,0.2592522022095392,0.5598576203547715,0.5971848228460173
Gm14302,1.0,1.0,1.0,0.0,0.0,0.0,0.0,0.0
Dbndd2,1.0,1.0,1.0,0.0,0.0,0.0,0.0,0.0
Pigt,0.08856750257537103,0.2615722360139493,1.0,0.0,0.0,0.0,0.0,0.0
Wfdc2,1.0,1.0,1.0,0.0,0.0,0.0,0.0,0.0
Dnttip1,0.2615722360139493,1.0,1.0,0.0,0.0,0.0,0.0,0.0
Ube2c,1.0,1.0,1.0,0.0,0.0,0.0,0.0,0.0
Snx21,1.0,1.0,1.0,0.0,0.0,0.0,0.0,0.0
Acot8,1.0,1.0,1.0,0.0,0.0,0.0,0.0,0.0
Zswim3,1.0,1.0,1.0,0.0,0.0,0.0,0.0,0.0
Zswim1,1.0,1.0,1.0,0.0,0.0,0.0,0.0,0.0
Neurl2,1.0,1.0,1.0,0.0,0.0,0.0,0.0,0.0
Ctsa,0.2615722360139493,1.0,1.0,0.0,0.0,0.0,0.0,0.0
Pltp,1.0,1.0,1.0,0.0,0.0,0.0,0.0,0.0
Pcif1,0.009501095540355024,0.029867793297539916,0.0978412151825437,-27.03639490947159,0.0,0.0,0.0,0.0
Zfp335,1.0,1.0,1.0,0.0,0.0,0.0,0.0,0.0
Zfp335os,1.0,1.0,1.0,0.0,0.0,0.0,0.0,0.0
Mmp9,1.0,1.0,1.0,0.0,0.0,0.0,0.0,0.0
Ncoa5,1.0,1.0,1.0,0.0,0.0,0.0,0.0,0.0
Cd40,1.0,1.0,1.0,0.0,0.0,0.0,0.0,0.0
Slc35c2,1.0,1.0,1.0,0.0,0.0,0.0,0.0,0.0
Elmo2,1.0,1.0,1.0,0.0,0.0,0.0,0.0,0.0
Zfp334,1.0,1.0,1.0,0.0,0.0,0.0,0.0,0.0
Ocstamp,1.0,1.0,1.0,0.0,0.0,0.0,0.0,0.0
Slc13a3,1.0,1.0,1.0,0.0,0.0,0.0,0.0,0.0
Trp53rka,1.0,1.0,1.0,0.0,0.0,0.0,0.0,0.0
Slc2a10,1.0,1.0,1.0,0.0,0.0,0.0,0.0,0.0
Eya2,1.0,1.0,1.0,0.0,0.0,0.0,0.0,0.0
Zmynd8,1.0,1.0,1.0,0.0,0.0,0.0,0.0,0.0
Ncoa3,1.0,1.0,1.0,0.0,0.0,0.0,0.0,0.0
Sulf2,1.0,1.0,1.0,0.0,0.0,0.0,0.0,0.0
Prex1,1.0,1.0,1.0,0.0,0.0,0.0,0.0,0.0
Trp53rkb,1.0,1.0,1.0,0.0,0.0,0.0,0.0,0.0
Arfgef2,1.0,1.0,1.0,0.0,0.0,0.0,0.0,0.0
Cse1l,1.0,1.0,1.0,0.0,0.0,0.0,0.0,0.0
Stau1,1.0,1.0,1.0,0.0,0.0,0.0,0.0,0.0
Ddx27,1.0,1.0,1.0,0.0,0.0,0.0,0.0,0.0
Znfx1,1.0,1.0,1.0,0.0,0.0,0.0,0.0,0.0
Zfas1,1.0,1.0,1.0,0.0,0.0,0.0,0.0,0.0
Kcnb1,1.0,1.0,1.0,0.0,0.0,0.0,0.0,0.0
Ptgis,1.0,1.0,1.0,0.0,0.0,0.0,0.0,0.0
B4galt5,1.0,1.0,1.0,0.0,0.0,0.0,0.0,0.0
Slc9a8,1.0,1.0,1.0,0.0,0.0,0.0,0.0,0.0
Spata2,1.0,1.0,1.0,0.0,0.0,0.0,0.0,0.0
Rnf114,1.0,1.0,1.0,0.0,0.0,0.0,0.0,0.0
Snai1,1.0,1.0,1.0,0.0,0.0,0.0,0.0,0.0
Ube2v1,0.009501095540355024,0.08856750257537103,0.7670968684102772,-27.05611505068185,0.0,0.0,0.0,0.0
Tmem189,1.0,1.0,1.0,0.0,0.0,0.0,0.0,0.0
Cebpb,0.005493371437643883,0.03142017940779551,0.18134476462649837,0.3327377039813157,0.5155740536506487,0.6593571609588172,0.5799299510871521,0.8338080561116425
A530013C23Rik,1.0,1.0,1.0,0.0,0.0,0.0,0.0,0.0
9230111E07Rik,1.0,1.0,1.0,0.0,0.0,0.0,0.0,0.0
1200007C13Rik,1.0,1.0,1.0,0.0,0.0,0.0,0.0,0.0
Ptpn1,0.009501095540355024,0.12233417091613663,0.7673037144331958,-28.028205277529292,-26.081671182547517,0.0,0.07101749622793725,0.0
Ripor3,1.0,1.0,1.0,0.0,0.0,0.0,0.0,0.0
Pard6b,1.0,1.0,1.0,0.0,0.0,0.0,0.0,0.0
Adnp,1.0,1.0,1.0,0.0,0.0,0.0,0.0,0.0
Dpm1,0.17630515079397668,0.6784313725490196,1.0,-0.13412583154542174,0.02260850495765502,0.17456031166365135,0.47830679390256775,0.4864030218049741
Mocs3,1.0,1.0,1.0,0.0,0.0,0.0,0.0,0.0
Nfatc2,1.0,1.0,1.0,0.0,0.0,0.0,0.0,0.0
Atp9a,0.08856750257537103,0.2615722360139493,1.0,0.0,0.0,0.0,0.0,0.0
Zfp64,0.2615722360139493,1.0,1.0,0.0,0.0,0.0,0.0,0.0
Tshz2,1.0,1.0,1.0,0.0,0.0,0.0,0.0,0.0
Zfp217,1.0,1.0,1.0,0.0,0.0,0.0,0.0,0.0
Pfdn4,1.0,1.0,1.0,0.0,0.0,0.0,0.0,0.0
Fam210b,1.0,1.0,1.0,0.0,0.0,0.0,0.0,0.0
Aurka,1.0,1.0,1.0,0.0,0.0,0.0,0.0,0.0
Cstf1,1.0,1.0,1.0,0.0,0.0,0.0,0.0,0.0
Cass4,1.0,1.0,1.0,0.0,0.0,0.0,0.0,0.0
Rtf2,0.08856750257537103,0.2615722360139493,1.0,0.0,0.0,0.0,0.0,0.0
Fam209,1.0,1.0,1.0,0.0,0.0,0.0,0.0,0.0
Bmp7,1.0,1.0,1.0,0.0,0.0,0.0,0.0,0.0
Spo11,1.0,1.0,1.0,0.0,0.0,0.0,0.0,0.0
Rae1,1.0,1.0,1.0,0.0,0.0,0.0,0.0,0.0
Rbm38,1.0,1.0,1.0,0.0,0.0,0.0,0.0,0.0
Zbp1,0.0005866867131432236,0.006734144223430692,0.057322517474446534,-28.644012462578498,-28.503275884672565,-28.334264181131697,0.38048804422674454,0.0
Pmepa1,1.0,1.0,1.0,0.0,0.0,0.0,0.0,0.0
Rab22a,0.2572471176779851,0.2615722360139493,1.0,0.0,0.0,0.0,0.0,0.0
Vapb,0.2615722360139493,1.0,1.0,0.0,0.0,0.0,0.0,0.0
Stx16,0.2615722360139493,1.0,1.0,0.0,0.0,0.0,0.0,0.0
Npepl1,1.0,1.0,1.0,0.0,0.0,0.0,0.0,0.0
Gnasas1,1.0,1.0,1.0,0.0,0.0,0.0,0.0,0.0
Gnas,0.00030165912518853697,0.009557831229657855,0.11526553941414623,0.04264389633958391,0.08867632823590801,0.13703133653599783,1.4499659105701475,1.5388034955547425
Gm20721,1.0,1.0,1.0,0.0,0.0,0.0,0.0,0.0
Nelfcd,1.0,1.0,1.0,0.0,0.0,0.0,0.0,0.0
Ctsz,0.03142017940779551,0.3053901722632373,0.910105580693816,-0.03101533090739338,0.147237601973006,0.34185317519725517,0.6432968314830098,0.710869989141966
Atp5e,0.2082876875446535,0.6784313725490196,1.0,-0.06455652987182288,-0.021169565771401548,0.015333775893443185,1.610536536362035,1.5891414836356526
Prelid3b,1.0,1.0,1.0,0.0,0.0,0.0,0.0,0.0
Zfp831,1.0,1.0,1.0,0.0,0.0,0.0,0.0,0.0
Gm14399,1.0,1.0,1.0,0.0,0.0,0.0,0.0,0.0
Gm14391,1.0,1.0,1.0,0.0,0.0,0.0,0.0,0.0
Gm4631,1.0,1.0,1.0,0.0,0.0,0.0,0.0,0.0
Zfp968,1.0,1.0,1.0,0.0,0.0,0.0,0.0,0.0
Gm4724,1.0,1.0,1.0,0.0,0.0,0.0,0.0,0.0
Zfp965,1.0,1.0,1.0,0.0,0.0,0.0,0.0,0.0
Gm6710,1.0,1.0,1.0,0.0,0.0,0.0,0.0,0.0
Zfp973,1.0,1.0,1.0,0.0,0.0,0.0,0.0,0.0
Gm14305,1.0,1.0,1.0,0.0,0.0,0.0,0.0,0.0
Gm14295,1.0,1.0,1.0,0.0,0.0,0.0,0.0,0.0
Gm14296,1.0,1.0,1.0,0.0,0.0,0.0,0.0,0.0
Gm14418,1.0,1.0,1.0,0.0,0.0,0.0,0.0,0.0
Zfp970,1.0,1.0,1.0,0.0,0.0,0.0,0.0,0.0
Gm14403,1.0,1.0,1.0,0.0,0.0,0.0,0.0,0.0
Gm14325,1.0,1.0,1.0,0.0,0.0,0.0,0.0,0.0
Gm14326,1.0,1.0,1.0,0.0,0.0,0.0,0.0,0.0
Zfp971,1.0,1.0,1.0,0.0,0.0,0.0,0.0,0.0
Zfp931,1.0,1.0,1.0,0.0,0.0,0.0,0.0,0.0
Sycp2,1.0,1.0,1.0,0.0,0.0,0.0,0.0,0.0
Ppp1r3d,1.0,1.0,1.0,0.0,0.0,0.0,0.0,0.0
Fam217b,1.0,1.0,1.0,0.0,0.0,0.0,0.0,0.0
Taf4,1.0,1.0,1.0,0.0,0.0,0.0,0.0,0.0
4921531C22Rik,1.0,1.0,1.0,0.0,0.0,0.0,0.0,0.0
Lsm14b,1.0,1.0,1.0,0.0,0.0,0.0,0.0,0.0
Psma7,0.18134476462649837,0.7344923394458999,1.0,-0.09787445085782093,0.010112670605424182,0.12506287517045095,0.856200623556461,0.8600146895286438
Ss18l1,1.0,1.0,1.0,0.0,0.0,0.0,0.0,0.0
Mtg2,1.0,1.0,1.0,0.0,0.0,0.0,0.0,0.0
Osbpl2,1.0,1.0,1.0,0.0,0.0,0.0,0.0,0.0
Adrm1,0.9815393059003498,1.0,1.0,0.0,0.0,0.0,0.0,0.0
Lama5,1.0,1.0,1.0,0.0,0.0,0.0,0.0,0.0
Rps21,0.13493688973565135,0.5713582599031516,1.0,-0.052115420624632106,-0.014235667797691306,0.026295375498306305,2.5065835215070424,2.479325710110163
Cables2,1.0,1.0,1.0,0.0,0.0,0.0,0.0,0.0
Slco4a1,1.0,1.0,1.0,0.0,0.0,0.0,0.0,0.0
Mrgbp,1.0,1.0,1.0,0.0,0.0,0.0,0.0,0.0
Ogfr,0.2615722360139493,0.2615722360139493,1.0,0.0,0.0,0.0,0.0,0.0
Col9a3,1.0,1.0,1.0,0.0,0.0,0.0,0.0,0.0
Dido1,1.0,1.0,1.0,0.0,0.0,0.0,0.0,0.0
Gid8,1.0,1.0,1.0,0.0,0.0,0.0,0.0,0.0
Slc17a9,1.0,1.0,1.0,0.0,0.0,0.0,0.0,0.0
Ythdf1,0.2615722360139493,1.0,1.0,0.0,0.0,0.0,0.0,0.0
Arfgap1,1.0,1.0,1.0,0.0,0.0,0.0,0.0,0.0
9230112E08Rik,1.0,1.0,1.0,0.0,0.0,0.0,0.0,0.0
Col20a1,1.0,1.0,1.0,0.0,0.0,0.0,0.0,0.0
Ppdpf,0.03379836211495692,0.26254958688139207,0.8485098885070542,0.08136945004843343,0.2506755226754554,0.4100611658261462,0.35241874201813916,0.42010575175168813
Ptk6,1.0,1.0,1.0,0.0,0.0,0.0,0.0,0.0
Srms,1.0,1.0,1.0,0.0,0.0,0.0,0.0,0.0
Fndc11,1.0,1.0,1.0,0.0,0.0,0.0,0.0,0.0
Helz2,1.0,1.0,1.0,0.0,0.0,0.0,0.0,0.0
Gmeb2,1.0,1.0,1.0,0.0,0.0,0.0,0.0,0.0
Rtel1,1.0,1.0,1.0,0.0,0.0,0.0,0.0,0.0
Arfrp1,1.0,1.0,1.0,0.0,0.0,0.0,0.0,0.0
Zgpat,1.0,1.0,1.0,0.0,0.0,0.0,0.0,0.0
Lime1,1.0,1.0,1.0,0.0,0.0,0.0,0.0,0.0
Zbtb46,1.0,1.0,1.0,0.0,0.0,0.0,0.0,0.0
Tpd52l2,0.09921177549705787,0.5363951823187205,1.0,-27.499213566549,0.0,28.12023958178703,0.0,0.0
Dnajc5,0.029867793297539916,0.2615722360139493,1.0,0.0,0.0,0.0,0.0,0.0
Uckl1,1.0,1.0,1.0,0.0,0.0,0.0,0.0,0.0
Zfp512b,1.0,1.0,1.0,0.0,0.0,0.0,0.0,0.0
Prpf6,1.0,1.0,1.0,0.0,0.0,0.0,0.0,0.0
Samd10,1.0,1.0,1.0,0.0,0.0,0.0,0.0,0.0
Sox18,1.0,1.0,1.0,0.0,0.0,0.0,0.0,0.0
Tcea2,1.0,1.0,1.0,0.0,0.0,0.0,0.0,0.0
Rgs19,0.2615722360139493,1.0,1.0,0.0,0.0,0.0,0.0,0.0
Pcmtd2,1.0,1.0,1.0,0.0,0.0,0.0,0.0,0.0
Polr3k,0.2615722360139493,0.2615722360139493,1.0,0.0,0.0,0.0,0.0,0.0
Hnf4g,1.0,1.0,1.0,0.0,0.0,0.0,0.0,0.0
Zfhx4,1.0,1.0,1.0,0.0,0.0,0.0,0.0,0.0
Pex2,1.0,1.0,1.0,0.0,0.0,0.0,0.0,0.0
Gm8797,0.012399777724855125,0.03142017940779551,0.08249583234103358,0.4113937132277502,0.5930650540272752,0.8313181177967517,0.4832686810155943,0.727449311508291
Pkia,1.0,1.0,1.0,0.0,0.0,0.0,0.0,0.0
Zc2hc1a,1.0,1.0,1.0,0.0,0.0,0.0,0.0,0.0
Il7,1.0,1.0,1.0,0.0,0.0,0.0,0.0,0.0
Gm16685,1.0,1.0,1.0,0.0,0.0,0.0,0.0,0.0
Stmn2,1.0,1.0,1.0,0.0,0.0,0.0,0.0,0.0
Hey1,1.0,1.0,1.0,0.0,0.0,0.0,0.0,0.0
Mrps28,0.24526483792326975,0.7264717268578031,1.0,-0.9396571048475609,0.11011032477787155,0.2753735883622452,0.34105323828277534,0.3709010452426639
Tpd52,0.2615722360139493,1.0,1.0,0.0,0.0,0.0,0.0,0.0
Zbtb10,1.0,1.0,1.0,0.0,0.0,0.0,0.0,0.0
C030034L19Rik,1.0,1.0,1.0,0.0,0.0,0.0,0.0,0.0
Zfp704,1.0,1.0,1.0,0.0,0.0,0.0,0.0,0.0
Pag1,1.0,1.0,1.0,0.0,0.0,0.0,0.0,0.0
Fabp5,0.2615722360139493,1.0,1.0,0.0,0.0,0.0,0.0,0.0
Fabp4,1.0,1.0,1.0,0.0,0.0,0.0,0.0,0.0
Impa1,1.0,1.0,1.0,0.0,0.0,0.0,0.0,0.0
Zfand1,1.0,1.0,1.0,0.0,0.0,0.0,0.0,0.0
Chmp4c,1.0,1.0,1.0,0.0,0.0,0.0,0.0,0.0
Snx16,1.0,1.0,1.0,0.0,0.0,0.0,0.0,0.0
Lrrcc1,1.0,1.0,1.0,0.0,0.0,0.0,0.0,0.0
E2f5,1.0,1.0,1.0,0.0,0.0,0.0,0.0,0.0
Rbis,0.0001720247930818143,0.002305097855908232,0.03208957090027335,-28.531871123832822,-28.406382502307462,-28.24037039474722,0.3557731756036425,0.0
Car13,1.0,1.0,1.0,0.0,0.0,0.0,0.0,0.0
Car1,1.0,1.0,1.0,0.0,0.0,0.0,0.0,0.0
Car2,1.0,1.0,1.0,0.0,0.0,0.0,0.0,0.0
Gm9733,1.0,1.0,1.0,0.0,0.0,0.0,0.0,0.0
Sirpb1a,1.0,1.0,1.0,0.0,0.0,0.0,0.0,0.0
Sirpb1b,1.0,1.0,1.0,0.0,0.0,0.0,0.0,0.0
Sirpb1c,1.0,1.0,1.0,0.0,0.0,0.0,0.0,0.0
Gm5150,1.0,1.0,1.0,0.0,0.0,0.0,0.0,0.0
Ythdf3,0.2615722360139493,1.0,1.0,0.0,0.0,0.0,0.0,0.0
Bhlhe22,1.0,1.0,1.0,0.0,0.0,0.0,0.0,0.0
Cyp7b1,1.0,1.0,1.0,0.0,0.0,0.0,0.0,0.0
Armc1,0.2615722360139493,1.0,1.0,0.0,0.0,0.0,0.0,0.0
Mtfr1,1.0,1.0,1.0,0.0,0.0,0.0,0.0,0.0
Pde7a,1.0,1.0,1.0,0.0,0.0,0.0,0.0,0.0
Cp,1.0,1.0,1.0,0.0,0.0,0.0,0.0,0.0
Hps3,1.0,1.0,1.0,0.0,0.0,0.0,0.0,0.0
Hltf,1.0,1.0,1.0,0.0,0.0,0.0,0.0,0.0
Gyg,1.0,1.0,1.0,0.0,0.0,0.0,0.0,0.0
Gm43672,1.0,1.0,1.0,0.0,0.0,0.0,0.0,0.0
Tbl1xr1,1.0,1.0,1.0,0.0,0.0,0.0,0.0,0.0
Naaladl2,1.0,1.0,1.0,0.0,0.0,0.0,0.0,0.0
Nlgn1,1.0,1.0,1.0,0.0,0.0,0.0,0.0,0.0
Ect2,1.0,1.0,1.0,0.0,0.0,0.0,0.0,0.0
Nceh1,1.0,1.0,1.0,0.0,0.0,0.0,0.0,0.0
Tnfsf10,1.0,1.0,1.0,0.0,0.0,0.0,0.0,0.0
Fndc3b,0.029867793297539916,0.2615722360139493,1.0,0.0,0.0,0.0,0.0,0.0
Pld1,1.0,1.0,1.0,0.0,0.0,0.0,0.0,0.0
Tnik,1.0,1.0,1.0,0.0,0.0,0.0,0.0,0.0
Eif5a2,1.0,1.0,1.0,0.0,0.0,0.0,0.0,0.0
Rpl22l1,1.5876796062554575e-05,1.5876796062554575e-05,0.0010637453361911566,0.6748541314591253,0.7959629873443368,0.9525639367181282,0.7317476719671391,1.2696185231187138
Mecom,1.0,1.0,1.0,0.0,0.0,0.0,0.0,0.0
Mynn,1.0,1.0,1.0,0.0,0.0,0.0,0.0,0.0
Lrrc31,1.0,1.0,1.0,0.0,0.0,0.0,0.0,0.0
4933429H19Rik,1.0,1.0,1.0,0.0,0.0,0.0,0.0,0.0
Sec62,0.18134476462649837,0.6784313725490196,1.0,-0.09334182414277759,-0.001709268024776491,0.09141125717584543,0.8149675129931939,0.8137443071030981
Gpr160,1.0,1.0,1.0,0.0,0.0,0.0,0.0,0.0
Phc3,1.0,1.0,1.0,0.0,0.0,0.0,0.0,0.0
Prkci,1.0,1.0,1.0,0.0,0.0,0.0,0.0,0.0
Skil,0.00409621338413908,0.06909581646423751,0.3837421608319441,0.053515373677333736,0.17318671851829337,0.2944974682713602,0.694302510637864,0.7816293957023768
Slc7a14,1.0,1.0,1.0,0.0,0.0,0.0,0.0,0.0
Zmat3,1.0,1.0,1.0,0.0,0.0,0.0,0.0,0.0
Pik3ca,0.2615722360139493,0.8822739356449067,1.0,0.0,0.0,0.0,0.0,0.0
Kcnmb3,1.0,1.0,1.0,0.0,0.0,0.0,0.0,0.0
Zfp639,1.0,1.0,1.0,0.0,0.0,0.0,0.0,0.0
Mfn1,1.0,1.0,1.0,0.0,0.0,0.0,0.0,0.0
Gnb4,1.0,1.0,1.0,0.0,0.0,0.0,0.0,0.0
Actl6a,1.0,1.0,1.0,0.0,0.0,0.0,0.0,0.0
Mrpl47,1.0,1.0,1.0,0.0,0.0,0.0,0.0,0.0
Ndufb5,0.03852544256569026,0.34314519329999205,0.9699293482575216,-0.1730524174344183,-0.04132626550700576,0.07850319520524085,0.6271315098210954,0.6122660205610809
Usp13,1.0,1.0,1.0,0.0,0.0,0.0,0.0,0.0
Ttc14,0.029867793297539916,0.08856750257537103,1.0,0.0,0.0,0.0,0.0,0.0
Ccdc39,1.0,1.0,1.0,0.0,0.0,0.0,0.0,0.0
Fxr1,0.009501095540355024,0.08856750257537103,1.0,-25.9438954871478,0.0,0.0,0.0,0.0
Dnajc19,0.13487141793948798,0.6712057066317096,1.0,-0.0946174020775562,0.051762361731770144,0.19288886415724932,0.44337553732983315,0.4604091785872265
Atp11b,0.2615722360139493,1.0,1.0,0.0,0.0,0.0,0.0,0.0
Dcun1d1,1.0,1.0,1.0,0.0,0.0,0.0,0.0,0.0
Gm15952,1.0,1.0,1.0,0.0,0.0,0.0,0.0,0.0
Mccc1,1.0,1.0,1.0,0.0,0.0,0.0,0.0,0.0
Acad9,1.0,1.0,1.0,0.0,0.0,0.0,0.0,0.0
Zfp267,1.0,1.0,1.0,0.0,0.0,0.0,0.0,0.0
Anxa5,0.029867793297539916,0.2615722360139493,0.7670968684102772,0.0,0.0,0.0,0.0,0.0
1810062G17Rik,1.0,1.0,1.0,0.0,0.0,0.0,0.0,0.0
Exosc9,1.0,1.0,1.0,0.0,0.0,0.0,0.0,0.0
Ccna2,1.0,1.0,1.0,0.0,0.0,0.0,0.0,0.0
Bbs7,1.0,1.0,1.0,0.0,0.0,0.0,0.0,0.0
4932438A13Rik,1.0,1.0,1.0,0.0,0.0,0.0,0.0,0.0
Il2,1.0,1.0,1.0,0.0,0.0,0.0,0.0,0.0
Il21,1.0,1.0,1.0,0.0,0.0,0.0,0.0,0.0
Cetn4,1.0,1.0,1.0,0.0,0.0,0.0,0.0,0.0
Bbs12,1.0,1.0,1.0,0.0,0.0,0.0,0.0,0.0
Fgf2,1.0,1.0,1.0,0.0,0.0,0.0,0.0,0.0
Nudt6,1.0,1.0,1.0,0.0,0.0,0.0,0.0,0.0
Spata5,1.0,1.0,1.0,0.0,0.0,0.0,0.0,0.0
Spry1,1.0,1.0,1.0,0.0,0.0,0.0,0.0,0.0
Gm42921,1.0,1.0,1.0,0.0,0.0,0.0,0.0,0.0
Ankrd50,1.0,1.0,1.0,0.0,0.0,0.0,0.0,0.0
Fat4,1.0,1.0,1.0,0.0,0.0,0.0,0.0,0.0
Intu,1.0,1.0,1.0,0.0,0.0,0.0,0.0,0.0
Hspa4l,1.0,1.0,1.0,0.0,0.0,0.0,0.0,0.0
Plk4,1.0,1.0,1.0,0.0,0.0,0.0,0.0,0.0
Mfsd8,1.0,1.0,1.0,0.0,0.0,0.0,0.0,0.0
Abhd18,1.0,1.0,1.0,0.0,0.0,0.0,0.0,0.0
6430590A07Rik,1.0,1.0,1.0,0.0,0.0,0.0,0.0,0.0
Larp1b,0.002778685068188869,0.09599617303554794,0.8685181258352878,-28.02068978903811,-25.869389561399036,0.0,0.06130024643084975,0.0
Pgrmc2,1.0,1.0,1.0,0.0,0.0,0.0,0.0,0.0
Jade1,1.0,1.0,1.0,0.0,0.0,0.0,0.0,0.0
Sclt1,1.0,1.0,1.0,0.0,0.0,0.0,0.0,0.0
D3Ertd751e,1.0,1.0,1.0,0.0,0.0,0.0,0.0,0.0
Pcdh10,1.0,1.0,1.0,0.0,0.0,0.0,0.0,0.0
Pabpc4l,1.0,1.0,1.0,0.0,0.0,0.0,0.0,0.0
Pcdh18,1.0,1.0,1.0,0.0,0.0,0.0,0.0,0.0
Slc7a11,1.0,1.0,1.0,0.0,0.0,0.0,0.0,0.0
Gm6209,1.0,1.0,1.0,0.0,0.0,0.0,0.0,0.0
Noct,1.0,1.0,1.0,0.0,0.0,0.0,0.0,0.0
Elf2,0.2615722360139493,1.0,1.0,0.0,0.0,0.0,0.0,0.0
Mgarp,1.0,1.0,1.0,0.0,0.0,0.0,0.0,0.0
Ndufc1,0.06909581646423751,0.3837421608319441,0.9699293482575216,-0.22142495604504928,-0.08554342034587939,0.029443789039524867,0.5359077727637838,0.507100985100376
Naa15,0.2615722360139493,0.2615722360139493,1.0,0.0,0.0,0.0,0.0,0.0
Rab33b,1.0,1.0,1.0,0.0,0.0,0.0,0.0,0.0
Setd7,1.0,1.0,1.0,0.0,0.0,0.0,0.0,0.0
5031434O11Rik,1.0,1.0,1.0,0.0,0.0,0.0,0.0,0.0
Mgst2,1.0,1.0,1.0,0.0,0.0,0.0,0.0,0.0
Maml3,1.0,1.0,1.0,0.0,0.0,0.0,0.0,0.0
Gm37170,1.0,1.0,1.0,0.0,0.0,0.0,0.0,0.0
Foxo1,0.029867793297539916,0.2615722360139493,1.0,0.0,0.0,0.0,0.0,0.0
Cog6,1.0,1.0,1.0,0.0,0.0,0.0,0.0,0.0
Lhfp,1.0,1.0,1.0,0.0,0.0,0.0,0.0,0.0
Nhlrc3,1.0,1.0,1.0,0.0,0.0,0.0,0.0,0.0
Proser1,1.0,1.0,1.0,0.0,0.0,0.0,0.0,0.0
Ufm1,0.00950146860363579,0.08249583234103358,0.42686353893784235,0.08910544231883737,0.2256242173898011,0.3594720414556443,0.542796261431195,0.63712284524592
Postn,1.0,1.0,1.0,0.0,0.0,0.0,0.0,0.0
Supt20,0.2615722360139493,1.0,1.0,0.0,0.0,0.0,0.0,0.0
Exosc8,1.0,1.0,1.0,0.0,0.0,0.0,0.0,0.0
Alg5,0.1568627450980392,0.7344923394458999,1.0,-0.04359690553936238,0.10269606228366132,0.2652188254442736,0.4481128579035175,0.48250441558754686
Smad9,1.0,1.0,1.0,0.0,0.0,0.0,0.0,0.0
Rfxap,0.2615722360139493,1.0,1.0,0.0,0.0,0.0,0.0,0.0
Spg20,1.0,1.0,1.0,0.0,0.0,0.0,0.0,0.0
Dclk1,1.0,1.0,1.0,0.0,0.0,0.0,0.0,0.0
Nbea,1.0,1.0,1.0,0.0,0.0,0.0,0.0,0.0
Tm4sf1,1.0,1.0,1.0,0.0,0.0,0.0,0.0,0.0
Wwtr1,1.0,1.0,1.0,0.0,0.0,0.0,0.0,0.0
Commd2,0.2615722360139493,1.0,1.0,0.0,0.0,0.0,0.0,0.0
Rnf13,0.2615722360139493,0.2615722360139493,1.0,0.0,0.0,0.0,0.0,0.0
Pfn2,1.0,1.0,1.0,0.0,0.0,0.0,0.0,0.0
Tsc22d2,1.0,1.0,1.0,0.0,0.0,0.0,0.0,0.0
Serp1,0.015860919266492024,0.11526553941414623,0.4726680955783123,0.0097170019910152,0.06373838159430942,0.10677966891999865,1.9251624952627626,2.0131950871543087
Eif2a,0.2615722360139493,1.0,1.0,0.0,0.0,0.0,0.0,0.0
Selenot,0.20134378912366713,0.715864503000013,1.0,-28.154849376432466,-1.550052424657431,0.6623800716548337,0.2801914861058805,0.09569458526482699
Siah2,0.08856750257537103,0.2615722360139493,1.0,0.0,0.0,0.0,0.0,0.0
Med12l,1.0,1.0,1.0,0.0,0.0,0.0,0.0,0.0
Gpr171,1.0,1.0,1.0,0.0,0.0,0.0,0.0,0.0
P2ry14,1.0,1.0,1.0,0.0,0.0,0.0,0.0,0.0
P2ry13,1.0,1.0,1.0,0.0,0.0,0.0,0.0,0.0
P2ry12,1.0,1.0,1.0,0.0,0.0,0.0,0.0,0.0
Igsf10,1.0,1.0,1.0,0.0,0.0,0.0,0.0,0.0
Gm38186,1.0,1.0,1.0,0.0,0.0,0.0,0.0,0.0
Mbnl1,0.038707628800508063,0.5208065412399778,1.0,-0.1911473991749121,-0.0404393155886452,0.1302340597285892,0.6688659828919438,0.6510725298495399
P2ry1,1.0,1.0,1.0,0.0,0.0,0.0,0.0,0.0
Rap2b,1.0,1.0,1.0,0.0,0.0,0.0,0.0,0.0
Arhgef26,1.0,1.0,1.0,0.0,0.0,0.0,0.0,0.0
Dhx36,0.07598867855418287,0.4198490637342591,0.8822739356449067,0.0,0.0,0.0,0.0,0.0
Plch1,1.0,1.0,1.0,0.0,0.0,0.0,0.0,0.0
E130311K13Rik,1.0,1.0,1.0,0.0,0.0,0.0,0.0,0.0
Slc33a1,0.08856750257537103,1.0,1.0,0.0,0.0,0.0,0.0,0.0
Gmps,0.2615722360139493,0.2615722360139493,1.0,0.0,0.0,0.0,0.0,0.0
Kcnab1,1.0,1.0,1.0,0.0,0.0,0.0,0.0,0.0
Ssr3,0.06909581646423751,0.2702706993728666,0.7344923394458999,-0.06350310425875699,0.1209016457051515,0.22871907373601505,0.8621215628788468,0.9355601692822688
Tiparp,0.002272583292310232,0.022796347982707042,0.20284724043238278,-0.597565038783627,-0.34657243088385126,-0.1826061172789686,0.5326269736597765,0.42046784957584915
Lekr1,1.0,1.0,1.0,0.0,0.0,0.0,0.0,0.0
Ccnl1,0.23197059260089548,0.7415983921509318,1.0,-28.1018244296205,-0.890675854394845,2.214854334925873,0.24467692814010322,0.097658938987466
Gm37305,1.0,1.0,1.0,0.0,0.0,0.0,0.0,0.0
Ptx3,1.0,1.0,1.0,0.0,0.0,0.0,0.0,0.0
Rsrc1,0.2615722360139493,1.0,1.0,0.0,0.0,0.0,0.0,0.0
Mlf1,1.0,1.0,1.0,0.0,0.0,0.0,0.0,0.0
Gfm1,1.0,1.0,1.0,0.0,0.0,0.0,0.0,0.0
Lxn,1.0,1.0,1.0,0.0,0.0,0.0,0.0,0.0
Rarres1,1.0,1.0,1.0,0.0,0.0,0.0,0.0,0.0
Mfsd1,1.0,1.0,1.0,0.0,0.0,0.0,0.0,0.0
Schip1,1.0,1.0,1.0,0.0,0.0,0.0,0.0,0.0
Il12a,1.0,1.0,1.0,0.0,0.0,0.0,0.0,0.0
4930535E02Rik,1.0,1.0,1.0,0.0,0.0,0.0,0.0,0.0
1110032F04Rik,1.0,1.0,1.0,0.0,0.0,0.0,0.0,0.0
Ift80,1.0,1.0,1.0,0.0,0.0,0.0,0.0,0.0
Smc4,0.08856750257537103,0.2615722360139493,1.0,0.0,0.0,0.0,0.0,0.0
Trim59,1.0,1.0,1.0,0.0,0.0,0.0,0.0,0.0
Kpna4,0.2615722360139493,1.0,1.0,0.0,0.0,0.0,0.0,0.0
Arl14,1.0,1.0,1.0,0.0,0.0,0.0,0.0,0.0
Ppm1l,1.0,1.0,1.0,0.0,0.0,0.0,0.0,0.0
B3galnt1,1.0,1.0,1.0,0.0,0.0,0.0,0.0,0.0
Nmd3,0.2615722360139493,0.2615722360139493,1.0,0.0,0.0,0.0,0.0,0.0
Bche,1.0,1.0,1.0,0.0,0.0,0.0,0.0,0.0
Pdcd10,0.002778685068188869,0.07598867855418287,0.5098433838583576,-28.13916450437935,-27.916483769596116,0.0,0.2533372117745457,0.0
Serpini1,1.0,1.0,1.0,0.0,0.0,0.0,0.0,0.0
Golim4,1.0,1.0,1.0,0.0,0.0,0.0,0.0,0.0
Rapgef2,1.0,1.0,1.0,0.0,0.0,0.0,0.0,0.0
6430573P05Rik,1.0,1.0,1.0,0.0,0.0,0.0,0.0,0.0
Fnip2,1.0,1.0,1.0,0.0,0.0,0.0,0.0,0.0
Gm3513,1.0,1.0,1.0,0.0,0.0,0.0,0.0,0.0
4930589L23Rik,1.0,1.0,1.0,0.0,0.0,0.0,0.0,0.0
Ppid,1.0,1.0,1.0,0.0,0.0,0.0,0.0,0.0
Etfdh,1.0,1.0,1.0,0.0,0.0,0.0,0.0,0.0
4930579G24Rik,1.0,1.0,1.0,0.0,0.0,0.0,0.0,0.0
Tmem144,1.0,1.0,1.0,0.0,0.0,0.0,0.0,0.0
Gask1b,1.0,1.0,1.0,0.0,0.0,0.0,0.0,0.0
Pdgfc,1.0,1.0,1.0,0.0,0.0,0.0,0.0,0.0
Ctso,1.0,1.0,1.0,0.0,0.0,0.0,0.0,0.0
Gucy1b1,1.0,1.0,1.0,0.0,0.0,0.0,0.0,0.0
Gucy1a1,1.0,1.0,1.0,0.0,0.0,0.0,0.0,0.0
Map9,1.0,1.0,1.0,0.0,0.0,0.0,0.0,0.0
Rbm46,1.0,1.0,1.0,0.0,0.0,0.0,0.0,0.0
Plrg1,1.0,1.0,1.0,0.0,0.0,0.0,0.0,0.0
Sfrp2,1.0,1.0,1.0,0.0,0.0,0.0,0.0,0.0
Gm26771,1.0,1.0,1.0,0.0,0.0,0.0,0.0,0.0
Tlr2,1.0,1.0,1.0,0.0,0.0,0.0,0.0,0.0
Tmem131l,0.2615722360139493,1.0,1.0,0.0,0.0,0.0,0.0,0.0
Mnd1,1.0,1.0,1.0,0.0,0.0,0.0,0.0,0.0
Trim2,1.0,1.0,1.0,0.0,0.0,0.0,0.0,0.0
Fhdc1,1.0,1.0,1.0,0.0,0.0,0.0,0.0,0.0
Arfip1,1.0,1.0,1.0,0.0,0.0,0.0,0.0,0.0
Tmem154,0.00033168419378085557,0.004667322155326527,0.04071783557837171,-28.520134657069843,-28.36856177439849,-28.210107867915507,0.3465676541402775,0.0
Fbxw7,0.19145825100913325,0.7415983921509318,1.0,-28.21297853448067,-26.6209720516865,2.2169745144636743,0.2119484133385885,0.0
Gatb,1.0,1.0,1.0,0.0,0.0,0.0,0.0,0.0
Fam160a1,1.0,1.0,1.0,0.0,0.0,0.0,0.0,0.0
Glt28d2,1.0,1.0,1.0,0.0,0.0,0.0,0.0,0.0
Sh3d19,1.0,1.0,1.0,0.0,0.0,0.0,0.0,0.0
Rps3a1,1.5876796062554575e-05,1.5876796062554575e-05,0.00011113757243788204,0.1861180951409706,0.21887822097291898,0.2582686325698981,2.234574827689875,2.6002903216471074
Gm37933,1.0,1.0,1.0,0.0,0.0,0.0,0.0,0.0
Lrba,0.2615722360139493,1.0,1.0,0.0,0.0,0.0,0.0,0.0
Mab21l2,1.0,1.0,1.0,0.0,0.0,0.0,0.0,0.0
Gm37876,1.0,1.0,1.0,0.0,0.0,0.0,0.0,0.0
Dclk2,1.0,1.0,1.0,0.0,0.0,0.0,0.0,0.0
Cd1d1,1.0,1.0,1.0,0.0,0.0,0.0,0.0,0.0
Kirrel,1.0,1.0,1.0,0.0,0.0,0.0,0.0,0.0
Fcrls,1.0,1.0,1.0,0.0,0.0,0.0,0.0,0.0
Fcrl1,1.0,1.0,1.0,0.0,0.0,0.0,0.0,0.0
Fcrl5,1.0,1.0,1.0,0.0,0.0,0.0,0.0,0.0
Etv3,0.009501095540355024,0.08856750257537103,0.2615722360139493,-26.291732293642916,0.0,0.0,0.0,0.0
Arhgef11,1.0,1.0,1.0,0.0,0.0,0.0,0.0,0.0
Pear1,1.0,1.0,1.0,0.0,0.0,0.0,0.0,0.0
Insrr,1.0,1.0,1.0,0.0,0.0,0.0,0.0,0.0
Sh2d2a,1.0,1.0,1.0,0.0,0.0,0.0,0.0,0.0
Prcc,1.0,1.0,1.0,0.0,0.0,0.0,0.0,0.0
Hdgf,0.08856750257537103,0.2615722360139493,1.0,0.0,0.0,0.0,0.0,0.0
Mrpl24,0.002778685068188869,0.029867793297539916,0.08856750257537103,-27.55822561166142,0.0,0.0,0.0,0.0
Rrnad1,1.0,1.0,1.0,0.0,0.0,0.0,0.0,0.0
Isg20l2,1.0,1.0,1.0,0.0,0.0,0.0,0.0,0.0
Crabp2,1.0,1.0,1.0,0.0,0.0,0.0,0.0,0.0
Nes,1.0,1.0,1.0,0.0,0.0,0.0,0.0,0.0
Gpatch4,1.0,1.0,1.0,0.0,0.0,0.0,0.0,0.0
Naxe,0.2615722360139493,1.0,1.0,0.0,0.0,0.0,0.0,0.0
Iqgap3,1.0,1.0,1.0,0.0,0.0,0.0,0.0,0.0
Mef2d,0.08856750257537103,0.47495853988950676,1.0,0.0,0.0,0.0,0.0,0.0
1700113A16Rik,1.0,1.0,1.0,0.0,0.0,0.0,0.0,0.0
Rhbg,1.0,1.0,1.0,0.0,0.0,0.0,0.0,0.0
Tsacc,1.0,1.0,1.0,0.0,0.0,0.0,0.0,0.0
Cct3,0.08856750257537103,0.2615722360139493,1.0,0.0,0.0,0.0,0.0,0.0
Glmp,0.002769814890992208,0.029254565586406815,0.1853939469443623,-28.003992709693442,-26.852952511682386,0.0,0.1212115973748155,0.0
Tmem79,1.0,1.0,1.0,0.0,0.0,0.0,0.0,0.0
Smg5,1.0,1.0,1.0,0.0,0.0,0.0,0.0,0.0
Paqr6,1.0,1.0,1.0,0.0,0.0,0.0,0.0,0.0
Pmf1,1.0,1.0,1.0,0.0,0.0,0.0,0.0,0.0
Slc25a44,1.0,1.0,1.0,0.0,0.0,0.0,0.0,0.0
Sema4a,1.0,1.0,1.0,0.0,0.0,0.0,0.0,0.0
Lmna,0.0016391611456490055,0.01059954433910975,0.0687815240462947,0.8366577445231478,2.949714082040245,29.034032933630723,0.0682955035462325,0.5149271418116483
Mex3a,1.0,1.0,1.0,0.0,0.0,0.0,0.0,0.0
Rab25,1.0,1.0,1.0,0.0,0.0,0.0,0.0,0.0
Lamtor2,0.2702706993728666,0.7920774787647853,1.0,-0.1279214360332903,-0.008276112128281693,0.11637899683143865,0.6326059605953435,0.6290889397991242
Ubqln4,1.0,1.0,1.0,0.0,0.0,0.0,0.0,0.0
Ssr2,0.11526553941414623,0.6511550369135508,1.0,-0.1526997424666662,0.010584816020136278,0.1607512040812203,0.5939385272823208,0.597848233189709
Arhgef2,1.0,1.0,1.0,0.0,0.0,0.0,0.0,0.0
Khdc4,1.0,1.0,1.0,0.0,0.0,0.0,0.0,0.0
Rit1,1.0,1.0,1.0,0.0,0.0,0.0,0.0,0.0
Syt11,1.0,1.0,1.0,0.0,0.0,0.0,0.0,0.0
1500004A13Rik,1.0,1.0,1.0,0.0,0.0,0.0,0.0,0.0
Gon4l,1.0,1.0,1.0,0.0,0.0,0.0,0.0,0.0
Msto1,1.0,1.0,1.0,0.0,0.0,0.0,0.0,0.0
Dap3,1.0,1.0,1.0,0.0,0.0,0.0,0.0,0.0
Ash1l,0.2615722360139493,1.0,1.0,0.0,0.0,0.0,0.0,0.0
Rusc1,1.0,1.0,1.0,0.0,0.0,0.0,0.0,0.0
Fdps,0.002778685068188869,0.07598867855418287,0.5681936364839564,-28.11459532976393,-26.99802730435444,0.0,0.1340343273327135,0.0
Pklr,1.0,1.0,1.0,0.0,0.0,0.0,0.0,0.0
Hcn3,1.0,1.0,1.0,0.0,0.0,0.0,0.0,0.0
Clk2,1.0,1.0,1.0,0.0,0.0,0.0,0.0,0.0
Scamp3,1.0,1.0,1.0,0.0,0.0,0.0,0.0,0.0
Fam189b,1.0,1.0,1.0,0.0,0.0,0.0,0.0,0.0
Gba,1.0,1.0,1.0,0.0,0.0,0.0,0.0,0.0
Mtx1,1.0,1.0,1.0,0.0,0.0,0.0,0.0,0.0
Thbs3,1.0,1.0,1.0,0.0,0.0,0.0,0.0,0.0
Muc1,1.0,1.0,1.0,0.0,0.0,0.0,0.0,0.0
Trim46,1.0,1.0,1.0,0.0,0.0,0.0,0.0,0.0
Krtcap2,0.09788044772564897,0.3837421608319441,0.910105580693816,-0.0013631593793954758,0.04394968292878865,0.0813919201282213,1.83091943234921,1.8874241214411374
Dpm3,0.00409621338413908,0.03142017940779551,0.2082876875446535,0.11541526097975612,0.24465953844587754,0.35782057366478615,0.562949282320532,0.6669208290401105
Slc50a1,0.13188112985309486,0.6985956961394035,1.0,-0.9826913134777302,0.06320079891174135,0.24575092483336658,0.35430164022142296,0.3718650578443276
Efna1,1.0,1.0,1.0,0.0,0.0,0.0,0.0,0.0
Efna4,1.0,1.0,1.0,0.0,0.0,0.0,0.0,0.0
Adam15,1.0,1.0,1.0,0.0,0.0,0.0,0.0,0.0
Zbtb7b,1.0,1.0,1.0,0.0,0.0,0.0,0.0,0.0
Gm15417,1.0,1.0,1.0,0.0,0.0,0.0,0.0,0.0
Flad1,1.0,1.0,1.0,0.0,0.0,0.0,0.0,0.0
Cks1b,1.0,1.0,1.0,0.0,0.0,0.0,0.0,0.0
Shc1,1.0,1.0,1.0,0.0,0.0,0.0,0.0,0.0
Pygo2,1.0,1.0,1.0,0.0,0.0,0.0,0.0,0.0
Pbxip1,0.08856750257537103,0.2615722360139493,1.0,0.0,0.0,0.0,0.0,0.0
Pmvk,1.0,1.0,1.0,0.0,0.0,0.0,0.0,0.0
Kcnn3,1.0,1.0,1.0,0.0,0.0,0.0,0.0,0.0
Adar,1.0,1.0,1.0,0.0,0.0,0.0,0.0,0.0
4632404H12Rik,1.0,1.0,1.0,0.0,0.0,0.0,0.0,0.0
Ube2q1,1.0,1.0,1.0,0.0,0.0,0.0,0.0,0.0
She,1.0,1.0,1.0,0.0,0.0,0.0,0.0,0.0
Il6ra,1.0,1.0,1.0,0.0,0.0,0.0,0.0,0.0
Gm42809,1.0,1.0,1.0,0.0,0.0,0.0,0.0,0.0
Atp8b2,1.0,1.0,1.0,0.0,0.0,0.0,0.0,0.0
Hax1,0.2615722360139493,0.2615722360139493,0.2615722360139493,0.0,0.0,0.0,0.0,0.0
Gm19710,1.0,1.0,1.0,0.0,0.0,0.0,0.0,0.0
Ubap2l,0.002778685068188869,0.07598867855418287,0.7670968684102772,-27.43695968481805,0.0,0.0,0.0,0.0
4933434E20Rik,0.009501095540355024,0.0978412151825437,0.7563611602870911,-27.86062346285397,0.0,0.0,0.0,0.0
1700094D03Rik,1.0,1.0,1.0,0.0,0.0,0.0,0.0,0.0
Tpm3,0.01668739312969524,0.06940152689211129,0.2315792029737146,0.30711408273133484,0.4497282452818179,0.6062226889214878,0.35141554563332966,0.48100101817711505
Nup210l,1.0,1.0,1.0,0.0,0.0,0.0,0.0,0.0
Rps27,0.038707628800508063,0.18134476462649837,0.5726712709375237,-0.0818172437172004,-0.048569590306192706,-0.015133015061905607,2.4140816532803826,2.3342029787483676
Rab13,1.0,1.0,1.0,0.0,0.0,0.0,0.0,0.0
Jtb,0.02524410573946178,0.2082876875446535,0.8469967641740412,0.055131807956748914,0.21130469334008567,0.38417945535460896,0.4318549232355645,0.5011335139468975
Creb3l4,1.0,1.0,1.0,0.0,0.0,0.0,0.0,0.0
Slc39a1,1.0,1.0,1.0,0.0,0.0,0.0,0.0,0.0
Crtc2,1.0,1.0,1.0,0.0,0.0,0.0,0.0,0.0
Dennd4b,1.0,1.0,1.0,0.0,0.0,0.0,0.0,0.0
4930537H20Rik,1.0,1.0,1.0,0.0,0.0,0.0,0.0,0.0
Gatad2b,1.0,1.0,1.0,0.0,0.0,0.0,0.0,0.0
Slc27a3,1.0,1.0,1.0,0.0,0.0,0.0,0.0,0.0
Ints3,1.0,1.0,1.0,0.0,0.0,0.0,0.0,0.0
Npr1,1.0,1.0,1.0,0.0,0.0,0.0,0.0,0.0
Ilf2,1.0,1.0,1.0,0.0,0.0,0.0,0.0,0.0
Snapin,1.0,1.0,1.0,0.0,0.0,0.0,0.0,0.0
Chtop,0.2615722360139493,1.0,1.0,0.0,0.0,0.0,0.0,0.0
S100a1,0.2615722360139493,1.0,1.0,0.0,0.0,0.0,0.0,0.0
S100a13,0.030173926796862066,0.18799380078444472,0.6611810692780998,0.029701307893123478,0.40329409362439783,2.562325341166903,0.27761972348494823,0.36193386039388825
S100a14,1.0,1.0,1.0,0.0,0.0,0.0,0.0,0.0
S100a16,1.0,1.0,1.0,0.0,0.0,0.0,0.0,0.0
S100a2,1.0,1.0,1.0,0.0,0.0,0.0,0.0,0.0
S100a3,1.0,1.0,1.0,0.0,0.0,0.0,0.0,0.0
S100a4,1.0,1.0,1.0,0.0,0.0,0.0,0.0,0.0
S100a5,1.0,1.0,1.0,0.0,0.0,0.0,0.0,0.0
S100a6,1.0,1.0,1.0,0.0,0.0,0.0,0.0,0.0
S100a7a,1.0,1.0,1.0,0.0,0.0,0.0,0.0,0.0
S100a8,1.0,1.0,1.0,0.0,0.0,0.0,0.0,0.0
S100a9,0.08856750257537103,0.2615722360139493,1.0,0.0,0.0,0.0,0.0,0.0
Sprr2a3,1.0,1.0,1.0,0.0,0.0,0.0,0.0,0.0
Sprr2b,1.0,1.0,1.0,0.0,0.0,0.0,0.0,0.0
Sprr2h,1.0,1.0,1.0,0.0,0.0,0.0,0.0,0.0
Gm9774,1.0,1.0,1.0,0.0,0.0,0.0,0.0,0.0
Sprr1a,1.0,1.0,1.0,0.0,0.0,0.0,0.0,0.0
Tchh,1.0,1.0,1.0,0.0,0.0,0.0,0.0,0.0
S100a11,1.5876796062554575e-05,0.0003269429143729924,0.0010374103461443436,1.230919634948221,1.364047186463738,1.5205918357952874,0.320381966446825,0.8248952365146347
S100a10,1.5876796062554575e-05,1.5876796062554575e-05,0.000246293970482502,1.3613586194824645,1.5839099163518622,1.8378107332315898,0.3721686447046406,1.1126768569886214
Them4,1.0,1.0,1.0,0.0,0.0,0.0,0.0,0.0
Rorc,1.0,1.0,1.0,0.0,0.0,0.0,0.0,0.0
Lingo4,1.0,1.0,1.0,0.0,0.0,0.0,0.0,0.0
1700040D17Rik,1.0,1.0,1.0,0.0,0.0,0.0,0.0,0.0
Tdrkh,1.0,1.0,1.0,0.0,0.0,0.0,0.0,0.0
Mrpl9,1.0,1.0,1.0,0.0,0.0,0.0,0.0,0.0
Riiad1,1.0,1.0,1.0,0.0,0.0,0.0,0.0,0.0
Snx27,1.0,1.0,1.0,0.0,0.0,0.0,0.0,0.0
Gm43773,1.0,1.0,1.0,0.0,0.0,0.0,0.0,0.0
Gm43774,1.0,1.0,1.0,0.0,0.0,0.0,0.0,0.0
Gm43768,1.0,1.0,1.0,0.0,0.0,0.0,0.0,0.0
Tuft1,1.0,1.0,1.0,0.0,0.0,0.0,0.0,0.0
Gm15234,1.0,1.0,1.0,0.0,0.0,0.0,0.0,0.0
Cgn,1.0,1.0,1.0,0.0,0.0,0.0,0.0,0.0
Pogz,1.0,1.0,1.0,0.0,0.0,0.0,0.0,0.0
Psmb4,0.0571278875922839,0.42686353893784235,0.9699293482575216,-0.041227350486531124,0.0948675531601384,0.23156575047391106,0.5562624492350363,0.5946609323853483
Selenbp1,1.0,1.0,1.0,0.0,0.0,0.0,0.0,0.0
Rfx5,1.0,1.0,1.0,0.0,0.0,0.0,0.0,0.0
B230398E01Rik,1.0,1.0,1.0,0.0,0.0,0.0,0.0,0.0
Pi4kb,1.0,1.0,1.0,0.0,0.0,0.0,0.0,0.0
A730011C13Rik,1.0,1.0,1.0,0.0,0.0,0.0,0.0,0.0
Zfp687,1.0,1.0,1.0,0.0,0.0,0.0,0.0,0.0
4930481B07Rik,1.0,1.0,1.0,0.0,0.0,0.0,0.0,0.0
Psmd4,0.08139639168536844,0.5613582450978213,1.0,-28.451874358550064,-0.3517138928447296,0.12773827121093656,0.36307795966558265,0.27880872071385876
Pip5k1a,1.0,1.0,1.0,0.0,0.0,0.0,0.0,0.0
Vps72,1.0,1.0,1.0,0.0,0.0,0.0,0.0,0.0
Scnm1,1.0,1.0,1.0,0.0,0.0,0.0,0.0,0.0
Lysmd1,1.0,1.0,1.0,0.0,0.0,0.0,0.0,0.0
Tnfaip8l2,1.0,1.0,1.0,0.0,0.0,0.0,0.0,0.0
Sema6c,1.0,1.0,1.0,0.0,0.0,0.0,0.0,0.0
Gabpb2,1.0,1.0,1.0,0.0,0.0,0.0,0.0,0.0
Gm16740,1.0,1.0,1.0,0.0,0.0,0.0,0.0,0.0
Mllt11,1.0,1.0,1.0,0.0,0.0,0.0,0.0,0.0
Cdc42se1,0.08856750257537103,0.47495853988950676,1.0,0.0,0.0,0.0,0.0,0.0
Gm128,1.0,1.0,1.0,0.0,0.0,0.0,0.0,0.0
Prune1,1.0,1.0,1.0,0.0,0.0,0.0,0.0,0.0
Mindy1,1.0,1.0,1.0,0.0,0.0,0.0,0.0,0.0
Anxa9,1.0,1.0,1.0,0.0,0.0,0.0,0.0,0.0
6330562C20Rik,1.0,1.0,1.0,0.0,0.0,0.0,0.0,0.0
Cers2,0.009501095540355024,0.19910482099334748,0.8685181258352878,-27.883252945379528,-25.85052951274452,0.0,0.06050409648548575,0.0
Setdb1,1.0,1.0,1.0,0.0,0.0,0.0,0.0,0.0
Arnt,0.2615722360139493,1.0,1.0,0.0,0.0,0.0,0.0,0.0
Ctsk,1.0,1.0,1.0,0.0,0.0,0.0,0.0,0.0
Ctss,0.00011113757243788204,0.0015241724220052392,0.012399777724855125,-0.41043882530757786,-0.3052371925199122,-0.20503548057729634,0.9501462270325081,0.7695830827294361
Golph3l,1.0,1.0,1.0,0.0,0.0,0.0,0.0,0.0
Ensa,1.0,1.0,1.0,0.0,0.0,0.0,0.0,0.0
Mcl1,0.18073271413828693,0.6238787012780821,1.0,-0.1207062389325721,-0.037934147412975086,0.03351621128339688,1.2995897345064251,1.2683049834725049
Adamtsl4,1.0,1.0,1.0,0.0,0.0,0.0,0.0,0.0
Ecm1,1.0,1.0,1.0,0.0,0.0,0.0,0.0,0.0
Tars2,1.0,1.0,1.0,0.0,0.0,0.0,0.0,0.0
Rprd2,1.0,1.0,1.0,0.0,0.0,0.0,0.0,0.0
Prpf3,1.0,1.0,1.0,0.0,0.0,0.0,0.0,0.0
Mrps21,0.0022988170023958625,0.058491661749732124,0.46342632652702453,-0.34321368085829457,-0.18107375252911573,-0.03325704574459188,0.5019087487079915,0.4432141176213215
C920021L13Rik,1.0,1.0,1.0,0.0,0.0,0.0,0.0,0.0
Ciart,1.0,1.0,1.0,0.0,0.0,0.0,0.0,0.0
BC028528,1.0,1.0,1.0,0.0,0.0,0.0,0.0,0.0
Aph1a,1.0,1.0,1.0,0.0,0.0,0.0,0.0,0.0
Anp32e,0.03837801225503145,0.4915945548376336,1.0,-28.103716002153387,-26.830876580421624,0.0,0.1212115973748155,0.0
Plekho1,0.2615722360139493,1.0,1.0,0.0,0.0,0.0,0.0,0.0
Vps45,1.0,1.0,1.0,0.0,0.0,0.0,0.0,0.0
Otud7b,1.0,1.0,1.0,0.0,0.0,0.0,0.0,0.0
Mtmr11,1.0,1.0,1.0,0.0,0.0,0.0,0.0,0.0
Gm17690,1.0,1.0,1.0,0.0,0.0,0.0,0.0,0.0
Sf3b4,1.0,1.0,1.0,0.0,0.0,0.0,0.0,0.0
Sv2a,1.0,1.0,1.0,0.0,0.0,0.0,0.0,0.0
Bola1,0.2615722360139493,0.2615722360139493,1.0,0.0,0.0,0.0,0.0,0.0
Hist2h2ab,1.0,1.0,1.0,0.0,0.0,0.0,0.0,0.0
Hist2h2ac,1.0,1.0,1.0,0.0,0.0,0.0,0.0,0.0
Hist2h2be,1.0,1.0,1.0,0.0,0.0,0.0,0.0,0.0
Hist2h3c2,1.0,1.0,1.0,0.0,0.0,0.0,0.0,0.0
Gm20632,1.0,1.0,1.0,0.0,0.0,0.0,0.0,0.0
Gm20633,1.0,1.0,1.0,0.0,0.0,0.0,0.0,0.0
Hist2h2aa1,1.0,1.0,1.0,0.0,0.0,0.0,0.0,0.0
Hist2h3c1,1.0,1.0,1.0,0.0,0.0,0.0,0.0,0.0
Gm20627,1.0,1.0,1.0,0.0,0.0,0.0,0.0,0.0
Hist2h4,1.0,1.0,1.0,0.0,0.0,0.0,0.0,0.0
Gm20628,1.0,1.0,1.0,0.0,0.0,0.0,0.0,0.0
Hist2h3b,1.0,1.0,1.0,0.0,0.0,0.0,0.0,0.0
Hist2h2bb,1.0,1.0,1.0,0.0,0.0,0.0,0.0,0.0
Fcgr1,1.0,1.0,1.0,0.0,0.0,0.0,0.0,0.0
Gm15441,1.0,1.0,1.0,0.0,0.0,0.0,0.0,0.0
Txnip,0.0583492399385958,0.21687102437676764,0.5629036537954418,0.29820751870806217,0.6094481718543271,0.8834131429276191,0.3886187637674295,0.5936939959498897
Gm16253,1.0,1.0,1.0,0.0,0.0,0.0,0.0,0.0
Polr3gl,0.2615722360139493,0.2615722360139493,1.0,0.0,0.0,0.0,0.0,0.0
Lix1l,1.0,1.0,1.0,0.0,0.0,0.0,0.0,0.0
Rbm8a,0.007737120862323551,0.07598867855418287,0.5098433838583576,-28.095084243558627,-27.142204151526435,0.0,0.14812184475859175,0.0
Pex11b,1.0,1.0,1.0,0.0,0.0,0.0,0.0,0.0
Pias3,1.0,1.0,1.0,0.0,0.0,0.0,0.0,0.0
Nudt17,1.0,1.0,1.0,0.0,0.0,0.0,0.0,0.0
Polr3c,1.0,1.0,1.0,0.0,0.0,0.0,0.0,0.0
Rnf115,0.2615722360139493,1.0,1.0,0.0,0.0,0.0,0.0,0.0
Cd160,1.0,1.0,1.0,0.0,0.0,0.0,0.0,0.0
Gpr89,1.0,1.0,1.0,0.0,0.0,0.0,0.0,0.0
Acp6,1.0,1.0,1.0,0.0,0.0,0.0,0.0,0.0
Bcl9,1.0,1.0,1.0,0.0,0.0,0.0,0.0,0.0
Chd1l,1.0,1.0,1.0,0.0,0.0,0.0,0.0,0.0
Fmo5,1.0,1.0,1.0,0.0,0.0,0.0,0.0,0.0
Prkab2,1.0,1.0,1.0,0.0,0.0,0.0,0.0,0.0
Pde4dip,1.0,1.0,1.0,0.0,0.0,0.0,0.0,0.0
Sec22b,0.009501095540355024,0.08856750257537103,0.4198490637342591,-26.830876580421624,0.0,0.0,0.0,0.0
Notch2,1.0,1.0,1.0,0.0,0.0,0.0,0.0,0.0
Reg4,1.0,1.0,1.0,0.0,0.0,0.0,0.0,0.0
Hmgcs2,1.0,1.0,1.0,0.0,0.0,0.0,0.0,0.0
Phgdh,0.00023455467501049587,0.0014974463640348168,0.014935446712629653,0.5490994861160461,0.7448073749631865,1.7943934092281906,0.2956562221883726,0.4883888215569414
Zfp697,1.0,1.0,1.0,0.0,0.0,0.0,0.0,0.0
Wars2,1.0,1.0,1.0,0.0,0.0,0.0,0.0,0.0
Gm43024,1.0,1.0,1.0,0.0,0.0,0.0,0.0,0.0
Gm42717,1.0,1.0,1.0,0.0,0.0,0.0,0.0,0.0
Wdr3,1.0,1.0,1.0,0.0,0.0,0.0,0.0,0.0
Gdap2,0.2615722360139493,0.2615722360139493,1.0,0.0,0.0,0.0,0.0,0.0
Gm43121,1.0,1.0,1.0,0.0,0.0,0.0,0.0,0.0
Tent5c,0.0010637453361911566,0.015860919266492024,0.2082876875446535,0.04015512259011192,0.11209388969191877,0.17378982071339685,1.5297151962197775,1.6531743552644023
Man1a2,8.600635107884218e-05,0.00044276374640538855,0.0065360274816589885,-28.84693952896754,-28.634677139449668,-28.444306151329613,0.4177792451481951,0.0
Gm43466,1.0,1.0,1.0,0.0,0.0,0.0,0.0,0.0
Gm42869,1.0,1.0,1.0,0.0,0.0,0.0,0.0,0.0
Gm43462,1.0,1.0,1.0,0.0,0.0,0.0,0.0,0.0
Gm43463,1.0,1.0,1.0,0.0,0.0,0.0,0.0,0.0
Trim45,1.0,1.0,1.0,0.0,0.0,0.0,0.0,0.0
Ttf2,1.0,1.0,1.0,0.0,0.0,0.0,0.0,0.0
Cd101,1.0,1.0,1.0,0.0,0.0,0.0,0.0,0.0
Ptgfrn,1.0,1.0,1.0,0.0,0.0,0.0,0.0,0.0
Cd2,0.2615722360139493,1.0,1.0,0.0,0.0,0.0,0.0,0.0
Igsf3,1.0,1.0,1.0,0.0,0.0,0.0,0.0,0.0
Atp1a1,0.2615722360139493,1.0,1.0,0.0,0.0,0.0,0.0,0.0
Gm42937,1.0,1.0,1.0,0.0,0.0,0.0,0.0,0.0
Gm42941,1.0,1.0,1.0,0.0,0.0,0.0,0.0,0.0
Mab21l3,1.0,1.0,1.0,0.0,0.0,0.0,0.0,0.0
Slc22a15,1.0,1.0,1.0,0.0,0.0,0.0,0.0,0.0
Vangl1,1.0,1.0,1.0,0.0,0.0,0.0,0.0,0.0
Ngf,1.0,1.0,1.0,0.0,0.0,0.0,0.0,0.0
Gm42679,1.0,1.0,1.0,0.0,0.0,0.0,0.0,0.0
Tspan2,1.0,1.0,1.0,0.0,0.0,0.0,0.0,0.0
Sike1,0.47495853988950676,1.0,1.0,0.0,0.0,0.0,0.0,0.0
Csde1,0.00409621338413908,0.06909581646423751,0.5208065412399778,0.04067625692479199,0.23903352721060117,0.4240550067696988,0.43000731624620764,0.5088472957823205
Nras,1.0,1.0,1.0,0.0,0.0,0.0,0.0,0.0
Dennd2c,1.0,1.0,1.0,0.0,0.0,0.0,0.0,0.0
Bcas2,0.13185925842596208,0.6671736522987992,1.0,-28.301210536559868,-0.11854668259042128,0.2597458333226407,0.3374290578456106,0.3162941717220075
Trim33,0.2615722360139493,1.0,1.0,0.0,0.0,0.0,0.0,0.0
Gm43061,1.0,1.0,1.0,0.0,0.0,0.0,0.0,0.0
Olfml3,1.0,1.0,1.0,0.0,0.0,0.0,0.0,0.0
Hipk1,0.13493688973565135,0.6712057066317096,1.0,-0.11229256583743713,0.10929417237472318,0.30633207268959717,0.4157127480865387,0.4485671850227658
Gm43149,1.0,1.0,1.0,0.0,0.0,0.0,0.0,0.0
Gm43387,1.0,1.0,1.0,0.0,0.0,0.0,0.0,0.0
Dclre1b,1.0,1.0,1.0,0.0,0.0,0.0,0.0,0.0
Gm15471,1.0,1.0,1.0,0.0,0.0,0.0,0.0,0.0
Ap4b1,1.0,1.0,1.0,0.0,0.0,0.0,0.0,0.0
Bcl2l15,1.0,1.0,1.0,0.0,0.0,0.0,0.0,0.0
Ptpn22,0.2954880189185767,0.7674985708663192,1.0,-28.077189555952263,-26.65173700526546,0.0,0.108434589554317,0.0
Gm15472,1.0,1.0,1.0,0.0,0.0,0.0,0.0,0.0
Gm43065,1.0,1.0,1.0,0.0,0.0,0.0,0.0,0.0
Rsbn1,1.0,1.0,1.0,0.0,0.0,0.0,0.0,0.0
Phtf1os,1.0,1.0,1.0,0.0,0.0,0.0,0.0,0.0
Phtf1,1.0,1.0,1.0,0.0,0.0,0.0,0.0,0.0
Magi3,1.0,1.0,1.0,0.0,0.0,0.0,0.0,0.0
Gm42696,1.0,1.0,1.0,0.0,0.0,0.0,0.0,0.0
9530097N15Rik,1.0,1.0,1.0,0.0,0.0,0.0,0.0,0.0
Gm42699,1.0,1.0,1.0,0.0,0.0,0.0,0.0,0.0
Gm42702,1.0,1.0,1.0,0.0,0.0,0.0,0.0,0.0
Gm42701,1.0,1.0,1.0,0.0,0.0,0.0,0.0,0.0
Gm43258,1.0,1.0,1.0,0.0,0.0,0.0,0.0,0.0
C030032O16Rik,1.0,1.0,1.0,0.0,0.0,0.0,0.0,0.0
Gm43259,1.0,1.0,1.0,0.0,0.0,0.0,0.0,0.0
Gm43260,1.0,1.0,1.0,0.0,0.0,0.0,0.0,0.0
Gm43256,1.0,1.0,1.0,0.0,0.0,0.0,0.0,0.0
Lrig2,1.0,1.0,1.0,0.0,0.0,0.0,0.0,0.0
Gm43696,1.0,1.0,1.0,0.0,0.0,0.0,0.0,0.0
A530041M06Rik,1.0,1.0,1.0,0.0,0.0,0.0,0.0,0.0
4930509H03Rik,1.0,1.0,1.0,0.0,0.0,0.0,0.0,0.0
Slc16a1,1.0,1.0,1.0,0.0,0.0,0.0,0.0,0.0
Gm43581,1.0,1.0,1.0,0.0,0.0,0.0,0.0,0.0
Tafa3,1.0,1.0,1.0,0.0,0.0,0.0,0.0,0.0
Ppm1j,1.0,1.0,1.0,0.0,0.0,0.0,0.0,0.0
Rhoc,1.0,1.0,1.0,0.0,0.0,0.0,0.0,0.0
Mov10,1.0,1.0,1.0,0.0,0.0,0.0,0.0,0.0
Capza1,0.2615722360139493,1.0,1.0,0.0,0.0,0.0,0.0,0.0
Gm42658,1.0,1.0,1.0,0.0,0.0,0.0,0.0,0.0
Gm42659,1.0,1.0,1.0,0.0,0.0,0.0,0.0,0.0
St7l,1.0,1.0,1.0,0.0,0.0,0.0,0.0,0.0
Wnt2b,1.0,1.0,1.0,0.0,0.0,0.0,0.0,0.0
Cttnbp2nl,1.0,1.0,1.0,0.0,0.0,0.0,0.0,0.0
Kcnd3,1.0,1.0,1.0,0.0,0.0,0.0,0.0,0.0
Ddx20,1.0,1.0,1.0,0.0,0.0,0.0,0.0,0.0
Inka2,1.0,1.0,1.0,0.0,0.0,0.0,0.0,0.0
Gm43848,1.0,1.0,1.0,0.0,0.0,0.0,0.0,0.0
Rap1a,0.009557831229657855,0.09788044772564897,0.3053901722632373,0.07366593991801303,0.12089636609588539,0.1894733114994301,1.172279878927345,1.2733467534967988
Gm43328,1.0,1.0,1.0,0.0,0.0,0.0,0.0,0.0
Gm43329,1.0,1.0,1.0,0.0,0.0,0.0,0.0,0.0
Gm43330,1.0,1.0,1.0,0.0,0.0,0.0,0.0,0.0
Gm43331,1.0,1.0,1.0,0.0,0.0,0.0,0.0,0.0
Gm5547,6.35071842502183e-05,0.0015241724220052392,0.020131777407319206,0.24037739921007714,0.3934169479540755,0.5533979096439186,0.562474119276908,0.7406994500759247
Adora3,1.0,1.0,1.0,0.0,0.0,0.0,0.0,0.0
Tmigd3,1.0,1.0,1.0,0.0,0.0,0.0,0.0,0.0
I830077J02Rik,1.0,1.0,1.0,0.0,0.0,0.0,0.0,0.0
Atp5f1,0.08249583234103358,0.5713582599031516,0.970681114551083,-0.04794792023908495,0.033001991962553226,0.12084242069472295,0.8352808108555303,0.8536953031927103
Wdr77,1.0,1.0,1.0,0.0,0.0,0.0,0.0,0.0
Gm42722,1.0,1.0,1.0,0.0,0.0,0.0,0.0,0.0
Chil3,1.0,1.0,1.0,0.0,0.0,0.0,0.0,0.0
2010016I18Rik,1.0,1.0,1.0,0.0,0.0,0.0,0.0,0.0
Dennd2d,1.0,1.0,1.0,0.0,0.0,0.0,0.0,0.0
Cept1,1.0,1.0,1.0,0.0,0.0,0.0,0.0,0.0
Dram2,1.0,1.0,1.0,0.0,0.0,0.0,0.0,0.0
Lrif1,1.0,1.0,1.0,0.0,0.0,0.0,0.0,0.0
Cd53,1.5876796062554575e-05,1.5876796062554575e-05,0.00298483765976026,0.5572498402914554,0.7398373559919915,0.9173188523072386,0.44301085118372363,0.739916375039704
Kcna3,1.0,1.0,1.0,0.0,0.0,0.0,0.0,0.0
AI504432,0.2615722360139493,1.0,1.0,0.0,0.0,0.0,0.0,0.0
Lamtor5,0.0007335473709934008,0.002778685068188869,0.029867793297539916,-28.167899941565594,-27.62598493026132,0.0,0.20713339789704363,0.0
Rbm15,1.0,1.0,1.0,0.0,0.0,0.0,0.0,0.0
Strip1,1.0,1.0,1.0,0.0,0.0,0.0,0.0,0.0
Ahcyl1,1.0,1.0,1.0,0.0,0.0,0.0,0.0,0.0
Csf1,1.0,1.0,1.0,0.0,0.0,0.0,0.0,0.0
Eps8l3,1.0,1.0,1.0,0.0,0.0,0.0,0.0,0.0
4933431E20Rik,1.0,1.0,1.0,0.0,0.0,0.0,0.0,0.0
Gstm5,1.0,1.0,1.0,0.0,0.0,0.0,0.0,0.0
Gstm6,1.0,1.0,1.0,0.0,0.0,0.0,0.0,0.0
Gstm3,1.0,1.0,1.0,0.0,0.0,0.0,0.0,0.0
Gstm2,1.0,1.0,1.0,0.0,0.0,0.0,0.0,0.0
Gstm1,1.0,1.0,1.0,0.0,0.0,0.0,0.0,0.0
Gstm4,1.0,1.0,1.0,0.0,0.0,0.0,0.0,0.0
Ampd2,1.0,1.0,1.0,0.0,0.0,0.0,0.0,0.0
Gm12500,1.0,1.0,1.0,0.0,0.0,0.0,0.0,0.0
Gnai3,0.47495853988950676,0.47495853988950676,1.0,0.0,0.0,0.0,0.0,0.0
Amigo1,1.0,1.0,1.0,0.0,0.0,0.0,0.0,0.0
Cyb561d1,1.0,1.0,1.0,0.0,0.0,0.0,0.0,0.0
Atxn7l2,1.0,1.0,1.0,0.0,0.0,0.0,0.0,0.0
Psma5,0.0660737758921907,0.3742280472974733,1.0,-0.7659897622173947,-0.1210649024643335,0.08123779918356974,0.40741005308598,0.37577082509411563
Sort1,1.0,1.0,1.0,0.0,0.0,0.0,0.0,0.0
Psrc1,1.0,1.0,1.0,0.0,0.0,0.0,0.0,0.0
Celsr2,1.0,1.0,1.0,0.0,0.0,0.0,0.0,0.0
Sars,0.009476920699708123,0.022643021023352115,0.1996030161831719,0.4701376841409917,0.6504229499351306,0.8250764606637931,0.29926810309181107,0.469795050520827
5330417C22Rik,1.0,1.0,1.0,0.0,0.0,0.0,0.0,0.0
Tmem167b,0.2615722360139493,1.0,1.0,0.0,0.0,0.0,0.0,0.0
Taf13,1.0,1.0,1.0,0.0,0.0,0.0,0.0,0.0
Wdr47,1.0,1.0,1.0,0.0,0.0,0.0,0.0,0.0
Clcc1,1.0,1.0,1.0,0.0,0.0,0.0,0.0,0.0
Gpsm2,1.0,1.0,1.0,0.0,0.0,0.0,0.0,0.0
Stxbp3,1.0,1.0,1.0,0.0,0.0,0.0,0.0,0.0
Fndc7,1.0,1.0,1.0,0.0,0.0,0.0,0.0,0.0
Prpf38b,0.029867793297539916,0.29147411368370935,0.4198490637342591,0.0,0.0,0.0,0.0,0.0
Fam102b,1.0,1.0,1.0,0.0,0.0,0.0,0.0,0.0
Gm19391,1.0,1.0,1.0,0.0,0.0,0.0,0.0,0.0
Slc25a24,1.0,1.0,1.0,0.0,0.0,0.0,0.0,0.0
Vav3,1.0,1.0,1.0,0.0,0.0,0.0,0.0,0.0
Prmt6,1.0,1.0,1.0,0.0,0.0,0.0,0.0,0.0
C130013H08Rik,1.0,1.0,1.0,0.0,0.0,0.0,0.0,0.0
Rnpc3,0.2615722360139493,1.0,1.0,0.0,0.0,0.0,0.0,0.0
S1pr1,1.0,1.0,1.0,0.0,0.0,0.0,0.0,0.0
Gm9889,1.0,1.0,1.0,0.0,0.0,0.0,0.0,0.0
A930005H10Rik,1.0,1.0,1.0,0.0,0.0,0.0,0.0,0.0
Dph5,1.0,1.0,1.0,0.0,0.0,0.0,0.0,0.0
Slc30a7,1.0,1.0,1.0,0.0,0.0,0.0,0.0,0.0
Extl2,1.0,1.0,1.0,0.0,0.0,0.0,0.0,0.0
Vcam1,1.0,1.0,1.0,0.0,0.0,0.0,0.0,0.0
Gpr88,1.0,1.0,1.0,0.0,0.0,0.0,0.0,0.0
Cdc14a,1.0,1.0,1.0,0.0,0.0,0.0,0.0,0.0
Rtca,1.0,1.0,1.0,0.0,0.0,0.0,0.0,0.0
Dbt,1.0,1.0,1.0,0.0,0.0,0.0,0.0,0.0
Trmt13,1.0,1.0,1.0,0.0,0.0,0.0,0.0,0.0
Sass6,1.0,1.0,1.0,0.0,0.0,0.0,0.0,0.0
Mfsd14a,1.0,1.0,1.0,0.0,0.0,0.0,0.0,0.0
Slc35a3,1.0,1.0,1.0,0.0,0.0,0.0,0.0,0.0
Agl,1.0,1.0,1.0,0.0,0.0,0.0,0.0,0.0
Frrs1,1.0,1.0,1.0,0.0,0.0,0.0,0.0,0.0
Palmd,1.0,1.0,1.0,0.0,0.0,0.0,0.0,0.0
Plppr5,1.0,1.0,1.0,0.0,0.0,0.0,0.0,0.0
Snx7,1.0,1.0,1.0,0.0,0.0,0.0,0.0,0.0
Dpyd,1.0,1.0,1.0,0.0,0.0,0.0,0.0,0.0
Ptbp2,1.0,1.0,1.0,0.0,0.0,0.0,0.0,0.0
Gm42664,1.0,1.0,1.0,0.0,0.0,0.0,0.0,0.0
Rwdd3,1.0,1.0,1.0,0.0,0.0,0.0,0.0,0.0
Tmem56,1.0,1.0,1.0,0.0,0.0,0.0,0.0,0.0
Alg14,1.0,1.0,1.0,0.0,0.0,0.0,0.0,0.0
Cnn3,1.0,1.0,1.0,0.0,0.0,0.0,0.0,0.0
Slc44a3,1.0,1.0,1.0,0.0,0.0,0.0,0.0,0.0
A530020G20Rik,1.0,1.0,1.0,0.0,0.0,0.0,0.0,0.0
A730020M07Rik,1.0,1.0,1.0,0.0,0.0,0.0,0.0,0.0
F3,1.0,1.0,1.0,0.0,0.0,0.0,0.0,0.0
Abcd3,1.0,1.0,1.0,0.0,0.0,0.0,0.0,0.0
Arhgap29,1.0,1.0,1.0,0.0,0.0,0.0,0.0,0.0
Gclm,1.0,1.0,1.0,0.0,0.0,0.0,0.0,0.0
Gm17494,1.0,1.0,1.0,0.0,0.0,0.0,0.0,0.0
Dnttip2,0.2615722360139493,1.0,1.0,0.0,0.0,0.0,0.0,0.0
Bcar3,1.0,1.0,1.0,0.0,0.0,0.0,0.0,0.0
Gm4610,1.0,1.0,1.0,0.0,0.0,0.0,0.0,0.0
Fnbp1l,1.0,1.0,1.0,0.0,0.0,0.0,0.0,0.0
Gm43569,1.0,1.0,1.0,0.0,0.0,0.0,0.0,0.0
Pde5a,1.0,1.0,1.0,0.0,0.0,0.0,0.0,0.0
Fabp2,1.0,1.0,1.0,0.0,0.0,0.0,0.0,0.0
1810037I17Rik,0.032866088449085645,0.509590923973197,1.0,-28.10350478007465,-27.419511538669795,0.828532477566685,0.1978192602340394,0.0
Usp53,1.0,1.0,1.0,0.0,0.0,0.0,0.0,0.0
Synpo2,1.0,1.0,1.0,0.0,0.0,0.0,0.0,0.0
Sec24d,0.2615722360139493,1.0,1.0,0.0,0.0,0.0,0.0,0.0
Mettl14,1.0,1.0,1.0,0.0,0.0,0.0,0.0,0.0
Prss12,1.0,1.0,1.0,0.0,0.0,0.0,0.0,0.0
Snhg8,1.0,1.0,1.0,0.0,0.0,0.0,0.0,0.0
Ndst3,1.0,1.0,1.0,0.0,0.0,0.0,0.0,0.0
Tram1l1,1.0,1.0,1.0,0.0,0.0,0.0,0.0,0.0
Arsj,1.0,1.0,1.0,0.0,0.0,0.0,0.0,0.0
Camk2d,0.47495853988950676,1.0,1.0,0.0,0.0,0.0,0.0,0.0
Ank2,1.0,1.0,1.0,0.0,0.0,0.0,0.0,0.0
Larp7,1.0,1.0,1.0,0.0,0.0,0.0,0.0,0.0
Zgrf1,1.0,1.0,1.0,0.0,0.0,0.0,0.0,0.0
Alpk1,1.0,1.0,1.0,0.0,0.0,0.0,0.0,0.0
Tifa,1.0,1.0,1.0,0.0,0.0,0.0,0.0,0.0
Ap1ar,1.0,1.0,1.0,0.0,0.0,0.0,0.0,0.0
Fam241a,1.0,1.0,1.0,0.0,0.0,0.0,0.0,0.0
Enpep,1.0,1.0,1.0,0.0,0.0,0.0,0.0,0.0
Elovl6,1.0,1.0,1.0,0.0,0.0,0.0,0.0,0.0
Egf,1.0,1.0,1.0,0.0,0.0,0.0,0.0,0.0
Rrh,1.0,1.0,1.0,0.0,0.0,0.0,0.0,0.0
Gar1,1.0,1.0,1.0,0.0,0.0,0.0,0.0,0.0
Pla2g12a,0.08856750257537103,0.2615722360139493,1.0,0.0,0.0,0.0,0.0,0.0
Casp6,1.0,1.0,1.0,0.0,0.0,0.0,0.0,0.0
Mcub,1.0,1.0,1.0,0.0,0.0,0.0,0.0,0.0
Sec24b,1.0,1.0,1.0,0.0,0.0,0.0,0.0,0.0
Ostc,0.11526553941414623,0.6238787012780821,1.0,-0.11559726394726008,-0.029351162387217425,0.07792876163124218,0.9306658007636682,0.9106951268059646
Rpl34,0.00409621338413908,0.038707628800508063,0.2082876875446535,0.024314039102496895,0.05819137513471383,0.08956447531617948,2.444104035598995,2.5455929236392114
Gm42997,1.0,1.0,1.0,0.0,0.0,0.0,0.0,0.0
Lef1,1.0,1.0,1.0,0.0,0.0,0.0,0.0,0.0
Hadh,1.0,1.0,1.0,0.0,0.0,0.0,0.0,0.0
Cyp2u1,1.0,1.0,1.0,0.0,0.0,0.0,0.0,0.0
Sgms2,1.0,1.0,1.0,0.0,0.0,0.0,0.0,0.0
Papss1,1.0,1.0,1.0,0.0,0.0,0.0,0.0,0.0
Aimp1,0.005733333970725366,0.04071783557837171,0.3525739609036464,-28.3073741596027,-28.208115832090876,-27.302216180499205,0.31015068413297153,0.0
Tbck,1.0,1.0,1.0,0.0,0.0,0.0,0.0,0.0
Npnt,1.0,1.0,1.0,0.0,0.0,0.0,0.0,0.0
Gstcd,1.0,1.0,1.0,0.0,0.0,0.0,0.0,0.0
Ints12,1.0,1.0,1.0,0.0,0.0,0.0,0.0,0.0
Arhgef38,1.0,1.0,1.0,0.0,0.0,0.0,0.0,0.0
Gm43254,1.0,1.0,1.0,0.0,0.0,0.0,0.0,0.0
Ppa2,1.0,1.0,1.0,0.0,0.0,0.0,0.0,0.0
Tet2,1.0,1.0,1.0,0.0,0.0,0.0,0.0,0.0
Cenpe,1.0,1.0,1.0,0.0,0.0,0.0,0.0,0.0
Bdh2,1.0,1.0,1.0,0.0,0.0,0.0,0.0,0.0
Cisd2,0.2572471176779851,0.7670968684102772,1.0,0.0,0.0,0.0,0.0,0.0
4930539J05Rik,1.0,1.0,1.0,0.0,0.0,0.0,0.0,0.0
Ube2d3,0.04734460585853775,0.3053901722632373,0.7920774787647853,0.01383215181066445,0.1185501192145608,0.22377722191094818,0.706802071431599,0.7683516807609105
Manba,1.0,1.0,1.0,0.0,0.0,0.0,0.0,0.0
Nfkb1,1.0,1.0,1.0,0.0,0.0,0.0,0.0,0.0
Slc39a8,1.0,1.0,1.0,0.0,0.0,0.0,0.0,0.0
Gm31243,1.0,1.0,1.0,0.0,0.0,0.0,0.0,0.0
Bank1,1.0,1.0,1.0,0.0,0.0,0.0,0.0,0.0
Ppp3ca,0.23976003523696288,0.6185519578391343,0.9638969075506822,-25.85052951274452,0.0,26.227028683016968,0.0,0.0
Emcn,1.0,1.0,1.0,0.0,0.0,0.0,0.0,0.0
Gm43403,1.0,1.0,1.0,0.0,0.0,0.0,0.0,0.0
H2afz,0.00047630388187663733,0.020131777407319206,0.23797729618163055,0.11779623198182686,0.2208777642843756,0.35534619319174304,0.7071311707212595,0.8244468800824629
Dnajb14,1.0,1.0,1.0,0.0,0.0,0.0,0.0,0.0
Gm43689,1.0,1.0,1.0,0.0,0.0,0.0,0.0,0.0
Lamtor3,1.0,1.0,1.0,0.0,0.0,0.0,0.0,0.0
Dapp1,1.0,1.0,1.0,0.0,0.0,0.0,0.0,0.0
Mttp,1.0,1.0,1.0,0.0,0.0,0.0,0.0,0.0
Trmt10a,1.0,1.0,1.0,0.0,0.0,0.0,0.0,0.0
Adh7,1.0,1.0,1.0,0.0,0.0,0.0,0.0,0.0
Adh1,1.0,1.0,1.0,0.0,0.0,0.0,0.0,0.0
Adh4,1.0,1.0,1.0,0.0,0.0,0.0,0.0,0.0
Adh5,0.2615722360139493,1.0,1.0,0.0,0.0,0.0,0.0,0.0
Metap1,1.0,1.0,1.0,0.0,0.0,0.0,0.0,0.0
Eif4e,0.029867793297539916,0.2615722360139493,1.0,0.0,0.0,0.0,0.0,0.0
Tspan5,1.0,1.0,1.0,0.0,0.0,0.0,0.0,0.0
Rap1gds1,1.0,1.0,1.0,0.0,0.0,0.0,0.0,0.0
Bmpr1b,1.0,1.0,1.0,0.0,0.0,0.0,0.0,0.0
Pdlim5,1.0,1.0,1.0,0.0,0.0,0.0,0.0,0.0
Gbp5,1.0,1.0,1.0,0.0,0.0,0.0,0.0,0.0
Gbp7,0.2615722360139493,1.0,1.0,0.0,0.0,0.0,0.0,0.0
Gbp3,1.0,1.0,1.0,0.0,0.0,0.0,0.0,0.0
Gbp2b,0.2615722360139493,1.0,1.0,0.0,0.0,0.0,0.0,0.0
Gbp2,0.08856750257537103,0.29147411368370935,1.0,0.0,0.0,0.0,0.0,0.0
Kyat3,1.0,1.0,1.0,0.0,0.0,0.0,0.0,0.0
Gtf2b,0.009501095540355024,0.2344447180424608,0.9242203280316527,-27.998363775879024,-25.937908397631,0.0,0.06439980001585913,0.0
Pkn2,0.009501095540355024,0.08856750257537103,0.8523211367181747,-26.6209720516865,0.0,0.0,0.0,0.0
Lmo4,0.266717246715916,0.47495853988950676,0.8822739356449067,0.0,0.0,0.0,0.0,0.0
Gm43445,1.0,1.0,1.0,0.0,0.0,0.0,0.0,0.0
Hs2st1,1.0,1.0,1.0,0.0,0.0,0.0,0.0,0.0
Gm43707,1.0,1.0,1.0,0.0,0.0,0.0,0.0,0.0
Gm43560,1.0,1.0,1.0,0.0,0.0,0.0,0.0,0.0
Selenof,0.0015241724220052392,0.05737874097007224,0.4726680955783123,0.017996369638869313,0.13173895220941487,0.2366201797669809,0.9628829022993011,1.0554564588286461
Sh3glb1,0.0015241724220052392,0.012399777724855125,0.11526553941414623,0.16798285697197965,0.26801116416791876,0.38992133350300884,0.781380916991524,0.940471282883478
Clca3a1,1.0,1.0,1.0,0.0,0.0,0.0,0.0,0.0
Clca3a2,1.0,1.0,1.0,0.0,0.0,0.0,0.0,0.0
Clca3b,1.0,1.0,1.0,0.0,0.0,0.0,0.0,0.0
Clca4b,1.0,1.0,1.0,0.0,0.0,0.0,0.0,0.0
Clca1,1.0,1.0,1.0,0.0,0.0,0.0,0.0,0.0
Odf2l,1.0,1.0,1.0,0.0,0.0,0.0,0.0,0.0
Col24a1,1.0,1.0,1.0,0.0,0.0,0.0,0.0,0.0
Znhit6,1.0,1.0,1.0,0.0,0.0,0.0,0.0,0.0
Ccn1,1.0,1.0,1.0,0.0,0.0,0.0,0.0,0.0
Gm17501,1.0,1.0,1.0,0.0,0.0,0.0,0.0,0.0
Ddah1,1.0,1.0,1.0,0.0,0.0,0.0,0.0,0.0
Bcl10,0.11722543280200522,0.6235807437237868,1.0,-28.274423852718535,-1.0375233777886295,0.20333333786748028,0.30829218715401296,0.15035591418747124
2410004B18Rik,1.0,1.0,1.0,0.0,0.0,0.0,0.0,0.0
Syde2,1.0,1.0,1.0,0.0,0.0,0.0,0.0,0.0
Mcoln2,1.0,1.0,1.0,0.0,0.0,0.0,0.0,0.0
Lpar3,1.0,1.0,1.0,0.0,0.0,0.0,0.0,0.0
Ssx2ip,1.0,1.0,1.0,0.0,0.0,0.0,0.0,0.0
Ctbs,1.0,1.0,1.0,0.0,0.0,0.0,0.0,0.0
Spata1,1.0,1.0,1.0,0.0,0.0,0.0,0.0,0.0
Gng5,6.35071842502183e-05,0.00047630388187663733,0.005493371437643883,0.24057559285833124,0.32183894922366,0.4086615069926718,0.9351797569799902,1.1690592055617675
Rpf1,1.0,1.0,1.0,0.0,0.0,0.0,0.0,0.0
Prkacb,1.0,1.0,1.0,0.0,0.0,0.0,0.0,0.0
Ttll7,1.0,1.0,1.0,0.0,0.0,0.0,0.0,0.0
Adgrl2,0.2615722360139493,0.47495853988950676,1.0,0.0,0.0,0.0,0.0,0.0
Gm43573,1.0,1.0,1.0,0.0,0.0,0.0,0.0,0.0
4930555A03Rik,1.0,1.0,1.0,0.0,0.0,0.0,0.0,0.0
Adgrl4,1.0,1.0,1.0,0.0,0.0,0.0,0.0,0.0
Ifi44,1.0,1.0,1.0,0.0,0.0,0.0,0.0,0.0
Ifi44l,1.0,1.0,1.0,0.0,0.0,0.0,0.0,0.0
Gipc2,1.0,1.0,1.0,0.0,0.0,0.0,0.0,0.0
Dnajb4,1.0,1.0,1.0,0.0,0.0,0.0,0.0,0.0
Fubp1,0.2615722360139493,0.2615722360139493,1.0,0.0,0.0,0.0,0.0,0.0
Nexn,1.0,1.0,1.0,0.0,0.0,0.0,0.0,0.0
Miga1,1.0,1.0,1.0,0.0,0.0,0.0,0.0,0.0
Usp33,1.0,1.0,1.0,0.0,0.0,0.0,0.0,0.0
Zzz3,1.0,1.0,1.0,0.0,0.0,0.0,0.0,0.0
Pigk,0.08856750257537103,0.2615722360139493,1.0,0.0,0.0,0.0,0.0,0.0
St6galnac5,1.0,1.0,1.0,0.0,0.0,0.0,0.0,0.0
St6galnac3,1.0,1.0,1.0,0.0,0.0,0.0,0.0,0.0
Rabggtb,0.029867793297539916,0.08856750257537103,1.0,0.0,0.0,0.0,0.0,0.0
Acadm,1.0,1.0,1.0,0.0,0.0,0.0,0.0,0.0
Tyw3,1.0,1.0,1.0,0.0,0.0,0.0,0.0,0.0
Cryz,1.0,1.0,1.0,0.0,0.0,0.0,0.0,0.0
Fpgt,1.0,1.0,1.0,0.0,0.0,0.0,0.0,0.0
Lrriq3,1.0,1.0,1.0,0.0,0.0,0.0,0.0,0.0
4930570G19Rik,1.0,1.0,1.0,0.0,0.0,0.0,0.0,0.0
Negr1,1.0,1.0,1.0,0.0,0.0,0.0,0.0,0.0
Zranb2,0.029867793297539916,0.2615722360139493,1.0,0.0,0.0,0.0,0.0,0.0
Ptger3,1.0,1.0,1.0,0.0,0.0,0.0,0.0,0.0
Cth,1.0,1.0,1.0,0.0,0.0,0.0,0.0,0.0
Ankrd13c,0.2615722360139493,0.2615722360139493,1.0,0.0,0.0,0.0,0.0,0.0
Srsf11,0.02272973371832235,0.34314519329999205,0.9699293482575216,-0.011181525263034224,0.2505131761532925,0.41205177129835063,0.36555173153549214,0.4369341054646629
Lrrc40,1.0,1.0,1.0,0.0,0.0,0.0,0.0,0.0
Depdc1a,1.0,1.0,1.0,0.0,0.0,0.0,0.0,0.0
Wls,0.00033168419378085557,0.004085456449767261,0.03207262248339877,-28.643481686980866,-28.4935603851611,-28.374328861199434,0.3779343428916062,0.0
AI838599,1.0,1.0,1.0,0.0,0.0,0.0,0.0,0.0
Tmem68,1.0,1.0,1.0,0.0,0.0,0.0,0.0,0.0
Tgs1,1.0,1.0,1.0,0.0,0.0,0.0,0.0,0.0
2210414B05Rik,1.0,1.0,1.0,0.0,0.0,0.0,0.0,0.0
Lyn,0.08715662938217593,0.266717246715916,1.0,0.0,0.0,0.0,0.0,0.0
Rps20,0.00030165912518853697,0.00298483765976026,0.04759545923632589,-0.0980815619620557,-0.07276233197310997,-0.049133652603192676,3.1439027254587746,2.9888377029153825
Plag1,1.0,1.0,1.0,0.0,0.0,0.0,0.0,0.0
Chchd7,0.08856750257537103,1.0,1.0,0.0,0.0,0.0,0.0,0.0
Gm11808,0.0007335473709934008,0.002778685068188869,0.009501095540355024,-28.303677555057988,-28.14645444904812,-27.070498637341966,0.297116697583713,0.0
Penk,1.0,1.0,1.0,0.0,0.0,0.0,0.0,0.0
Impad1,1.0,1.0,1.0,0.0,0.0,0.0,0.0,0.0
Fam110b,1.0,1.0,1.0,0.0,0.0,0.0,0.0,0.0
Ubxn2b,1.0,1.0,1.0,0.0,0.0,0.0,0.0,0.0
4930430E12Rik,1.0,1.0,1.0,0.0,0.0,0.0,0.0,0.0
Sdcbp,0.029867793297539916,0.2615722360139493,1.0,0.0,0.0,0.0,0.0,0.0
Nsmaf,1.0,1.0,1.0,0.0,0.0,0.0,0.0,0.0
Tox,1.0,1.0,1.0,0.0,0.0,0.0,0.0,0.0
8430436N08Rik,1.0,1.0,1.0,0.0,0.0,0.0,0.0,0.0
Car8,1.0,1.0,1.0,0.0,0.0,0.0,0.0,0.0
Rab2a,0.0015241724220052392,0.020131777407319206,0.18134476462649837,0.07377102105787665,0.18600705564482883,0.29162600364277397,0.6812986198831557,0.7777066534185546
Chd7,1.0,1.0,1.0,0.0,0.0,0.0,0.0,0.0
Asph,1.0,1.0,1.0,0.0,0.0,0.0,0.0,0.0
4930412C18Rik,1.0,1.0,1.0,0.0,0.0,0.0,0.0,0.0
Gdf6,1.0,1.0,1.0,0.0,0.0,0.0,0.0,0.0
2610301B20Rik,1.0,1.0,1.0,0.0,0.0,0.0,0.0,0.0
Plekhf2,1.0,1.0,1.0,0.0,0.0,0.0,0.0,0.0
Ndufaf6,1.0,1.0,1.0,0.0,0.0,0.0,0.0,0.0
Trp53inp1,0.00298483765976026,0.038707628800508063,0.2082876875446535,-0.30639610293128344,-0.22504352062876667,-0.14111342135131147,1.7385121677307298,1.4874661763626027
Ccne2,1.0,1.0,1.0,0.0,0.0,0.0,0.0,0.0
Ints8,1.0,1.0,1.0,0.0,0.0,0.0,0.0,0.0
Dpy19l4,1.0,1.0,1.0,0.0,0.0,0.0,0.0,0.0
Esrp1,1.0,1.0,1.0,0.0,0.0,0.0,0.0,0.0
Virma,1.0,1.0,1.0,0.0,0.0,0.0,0.0,0.0
Rad54b,1.0,1.0,1.0,0.0,0.0,0.0,0.0,0.0
Gem,0.2615722360139493,1.0,1.0,0.0,0.0,0.0,0.0,0.0
Cdh17,1.0,1.0,1.0,0.0,0.0,0.0,0.0,0.0
Pdp1,1.0,1.0,1.0,0.0,0.0,0.0,0.0,0.0
1700123M08Rik,1.0,1.0,1.0,0.0,0.0,0.0,0.0,0.0
Tmem67,1.0,1.0,1.0,0.0,0.0,0.0,0.0,0.0
Rbm12b2,1.0,1.0,1.0,0.0,0.0,0.0,0.0,0.0
Rbm12b1,1.0,1.0,1.0,0.0,0.0,0.0,0.0,0.0
Fam92a,1.0,1.0,1.0,0.0,0.0,0.0,0.0,0.0
Triqk,1.0,1.0,1.0,0.0,0.0,0.0,0.0,0.0
Runx1t1,1.0,1.0,1.0,0.0,0.0,0.0,0.0,0.0
Otud6b,1.0,1.0,1.0,0.0,0.0,0.0,0.0,0.0
Pip4p2,1.0,1.0,1.0,0.0,0.0,0.0,0.0,0.0
Gm11837,1.0,1.0,1.0,0.0,0.0,0.0,0.0,0.0
Tmem64,1.0,1.0,1.0,0.0,0.0,0.0,0.0,0.0
Decr1,1.0,1.0,1.0,0.0,0.0,0.0,0.0,0.0
Nbn,1.0,1.0,1.0,0.0,0.0,0.0,0.0,0.0
Osgin2,1.0,1.0,1.0,0.0,0.0,0.0,0.0,0.0
Ripk2,1.0,1.0,1.0,0.0,0.0,0.0,0.0,0.0
Mmp16,1.0,1.0,1.0,0.0,0.0,0.0,0.0,0.0
Cpne3,1.0,1.0,1.0,0.0,0.0,0.0,0.0,0.0
Rmdn1,1.0,1.0,1.0,0.0,0.0,0.0,0.0,0.0
Wwp1,1.0,1.0,1.0,0.0,0.0,0.0,0.0,0.0
Atp6v0d2,1.0,1.0,1.0,0.0,0.0,0.0,0.0,0.0
Ggh,1.0,1.0,1.0,0.0,0.0,0.0,0.0,0.0
Ccnc,1.0,1.0,1.0,0.0,0.0,0.0,0.0,0.0
Tstd3,1.0,1.0,1.0,0.0,0.0,0.0,0.0,0.0
Usp45,1.0,1.0,1.0,0.0,0.0,0.0,0.0,0.0
Pnisr,3.5291394948257277e-05,0.0007335473709934008,0.009501095540355024,-28.288273231964908,-28.134875016858185,-27.15103572322439,0.294741509131464,0.0
Coq3,1.0,1.0,1.0,0.0,0.0,0.0,0.0,0.0
Faxc,1.0,1.0,1.0,0.0,0.0,0.0,0.0,0.0
Fbxl4,1.0,1.0,1.0,0.0,0.0,0.0,0.0,0.0
Mms22l,1.0,1.0,1.0,0.0,0.0,0.0,0.0,0.0
Ndufaf4,0.2615722360139493,1.0,1.0,0.0,0.0,0.0,0.0,0.0
Ufl1,0.009501095540355024,0.0978412151825437,0.7670968684102772,-26.922115666399357,0.0,0.0,0.0,0.0
Fut9,1.0,1.0,1.0,0.0,0.0,0.0,0.0,0.0
Manea,0.05161263766000387,0.4416039908528433,0.9638969075506822,-27.998213977777397,-26.125793826902186,0.0,0.0732230131890625,0.0
Epha7,1.0,1.0,1.0,0.0,0.0,0.0,0.0,0.0
Map3k7,1.0,1.0,1.0,0.0,0.0,0.0,0.0,0.0
Bach2,1.0,1.0,1.0,0.0,0.0,0.0,0.0,0.0
Bach2it1,1.0,1.0,1.0,0.0,0.0,0.0,0.0,0.0
Bach2os,1.0,1.0,1.0,0.0,0.0,0.0,0.0,0.0
Casp8ap2,1.0,1.0,1.0,0.0,0.0,0.0,0.0,0.0
Mdn1,1.0,1.0,1.0,0.0,0.0,0.0,0.0,0.0
Lyrm2,0.2615722360139493,1.0,1.0,0.0,0.0,0.0,0.0,0.0
Ankrd6,1.0,1.0,1.0,0.0,0.0,0.0,0.0,0.0
Rragd,1.0,1.0,1.0,0.0,0.0,0.0,0.0,0.0
4933421O10Rik,0.2615722360139493,1.0,1.0,0.0,0.0,0.0,0.0,0.0
Ube2j1,0.012328729062475197,0.2082876875446535,0.8506311026434865,-0.005078205442142124,0.07568574433712594,0.17421067448083838,0.7455248932302666,0.7851574441726863
Gabrr1,1.0,1.0,1.0,0.0,0.0,0.0,0.0,0.0
Pnrc1,0.05737874097007224,0.5208065412399778,0.970681114551083,-0.04329112606438916,0.030243084936889084,0.10393196485572753,0.9769954321220368,0.9969307283529034
Rngtt,1.0,1.0,1.0,0.0,0.0,0.0,0.0,0.0
Akirin2,0.2615722360139493,0.2615722360139493,1.0,0.0,0.0,0.0,0.0,0.0
Orc3,1.0,1.0,1.0,0.0,0.0,0.0,0.0,0.0
Rars2,1.0,1.0,1.0,0.0,0.0,0.0,0.0,0.0
Slc35a1,1.0,1.0,1.0,0.0,0.0,0.0,0.0,0.0
Smim8,1.0,1.0,1.0,0.0,0.0,0.0,0.0,0.0
Zfp292,0.009501095540355024,0.029867793297539916,0.29147411368370935,-27.090746712437824,0.0,0.0,0.0,0.0
Mob3b,1.0,1.0,1.0,0.0,0.0,0.0,0.0,0.0
C9orf72,0.2615722360139493,1.0,1.0,0.0,0.0,0.0,0.0,0.0
Aco1,1.0,1.0,1.0,0.0,0.0,0.0,0.0,0.0
Ddx58,1.0,1.0,1.0,0.0,0.0,0.0,0.0,0.0
Topors,0.2615722360139493,1.0,1.0,0.0,0.0,0.0,0.0,0.0
Smim27,0.2615722360139493,1.0,1.0,0.0,0.0,0.0,0.0,0.0
Ndufb6,0.32406996079585,0.7826235030086005,1.0,-28.204083677590774,-0.2575696898515424,0.33291918284159283,0.31131179485023824,0.26077546661164996
Aptx,1.0,1.0,1.0,0.0,0.0,0.0,0.0,0.0
Dnaja1,0.00019052155275065493,0.005493371437643883,0.06909581646423751,0.281290591797747,0.47882707487736825,0.6762894636885888,0.369323008580619,0.5166127770030312
Smu1,1.0,1.0,1.0,0.0,0.0,0.0,0.0,0.0
B4galt1,1.0,1.0,1.0,0.0,0.0,0.0,0.0,0.0
Spink4,1.0,1.0,1.0,0.0,0.0,0.0,0.0,0.0
Bag1,0.07854107024933399,0.46020174511871226,0.9691122863264725,-28.52887930775599,-0.244992446158063,0.10160787626932219,0.376351190258165,0.3281132525330794
Chmp5,0.2615722360139493,1.0,1.0,0.0,0.0,0.0,0.0,0.0
Nfx1,0.2615722360139493,1.0,1.0,0.0,0.0,0.0,0.0,0.0
Aqp3,1.0,1.0,1.0,0.0,0.0,0.0,0.0,0.0
Nol6,1.0,1.0,1.0,0.0,0.0,0.0,0.0,0.0
Ube2r2,0.2615722360139493,1.0,1.0,0.0,0.0,0.0,0.0,0.0
Ubap2,1.0,1.0,1.0,0.0,0.0,0.0,0.0,0.0
Dcaf12,1.0,1.0,1.0,0.0,0.0,0.0,0.0,0.0
Ubap1,1.0,1.0,1.0,0.0,0.0,0.0,0.0,0.0
Nudt2,1.0,1.0,1.0,0.0,0.0,0.0,0.0,0.0
Myorg,1.0,1.0,1.0,0.0,0.0,0.0,0.0,0.0
Fam219a,1.0,1.0,1.0,0.0,0.0,0.0,0.0,0.0
Dnaic1,1.0,1.0,1.0,0.0,0.0,0.0,0.0,0.0
Enho,1.0,1.0,1.0,0.0,0.0,0.0,0.0,0.0
Cntfr,1.0,1.0,1.0,0.0,0.0,0.0,0.0,0.0
Il11ra1,1.0,1.0,1.0,0.0,0.0,0.0,0.0,0.0
Rpp25l,1.0,1.0,1.0,0.0,0.0,0.0,0.0,0.0
Dctn3,0.01178601218907008,0.13100627276778345,0.7868234305012446,-0.3816591718244281,-0.17187852906448925,0.0024046555141097256,0.43639396282855525,0.38838310976113527
Sigmar1,1.0,1.0,1.0,0.0,0.0,0.0,0.0,0.0
Galt,1.0,1.0,1.0,0.0,0.0,0.0,0.0,0.0
Ccl27a,1.0,1.0,1.0,0.0,0.0,0.0,0.0,0.0
Ccl19,1.0,1.0,1.0,0.0,0.0,0.0,0.0,0.0
Ccl21a,1.0,1.0,1.0,0.0,0.0,0.0,0.0,0.0
Phf24,1.0,1.0,1.0,0.0,0.0,0.0,0.0,0.0
Dnajb5,1.0,1.0,1.0,0.0,0.0,0.0,0.0,0.0
Vcp,0.13493688973565135,0.6238787012780821,1.0,-0.08645532662432587,0.03800553035931971,0.15773436969115043,0.6322099210404548,0.6499722075508996
Fancg,1.0,1.0,1.0,0.0,0.0,0.0,0.0,0.0
Pigo,1.0,1.0,1.0,0.0,0.0,0.0,0.0,0.0
Stoml2,0.2615722360139493,1.0,1.0,0.0,0.0,0.0,0.0,0.0
Fam214b,1.0,1.0,1.0,0.0,0.0,0.0,0.0,0.0
Gm26881,1.0,1.0,1.0,0.0,0.0,0.0,0.0,0.0
Unc13b,1.0,1.0,1.0,0.0,0.0,0.0,0.0,0.0
Rusc2,1.0,1.0,1.0,0.0,0.0,0.0,0.0,0.0
Tesk1,1.0,1.0,1.0,0.0,0.0,0.0,0.0,0.0
Cd72,1.0,1.0,1.0,0.0,0.0,0.0,0.0,0.0
Sit1,1.0,1.0,1.0,0.0,0.0,0.0,0.0,0.0
Rmrp,1.0,1.0,1.0,0.0,0.0,0.0,0.0,0.0
Ccdc107,0.029867793297539916,0.08856750257537103,1.0,0.0,0.0,0.0,0.0,0.0
Arhgef39,1.0,1.0,1.0,0.0,0.0,0.0,0.0,0.0
Gm12454,1.0,1.0,1.0,0.0,0.0,0.0,0.0,0.0
Car9,1.0,1.0,1.0,0.0,0.0,0.0,0.0,0.0
Tpm2,1.0,1.0,1.0,0.0,0.0,0.0,0.0,0.0
Tln1,0.1905325723446617,0.715864503000013,1.0,-28.15467334072086,-27.47613954882099,0.8014056861554386,0.25054556976834613,0.0
Creb3,0.08856750257537103,0.2615722360139493,1.0,0.0,0.0,0.0,0.0,0.0
Gba2,1.0,1.0,1.0,0.0,0.0,0.0,0.0,0.0
Rgp1,1.0,1.0,1.0,0.0,0.0,0.0,0.0,0.0
Npr2,1.0,1.0,1.0,0.0,0.0,0.0,0.0,0.0
Hint2,1.0,1.0,1.0,0.0,0.0,0.0,0.0,0.0
Fam221b,1.0,1.0,1.0,0.0,0.0,0.0,0.0,0.0
Tmem8b,1.0,1.0,1.0,0.0,0.0,0.0,0.0,0.0
Hrct1,1.0,1.0,1.0,0.0,0.0,0.0,0.0,0.0
Spaar,1.0,1.0,1.0,0.0,0.0,0.0,0.0,0.0
Olfr157,1.0,1.0,1.0,0.0,0.0,0.0,0.0,0.0
Reck,1.0,1.0,1.0,0.0,0.0,0.0,0.0,0.0
Glipr2,0.2615722360139493,0.2615722360139493,1.0,0.0,0.0,0.0,0.0,0.0
Clta,0.0015241724220052392,0.06909581646423751,0.4738715567198528,0.05352666364317463,0.17636024809505574,0.32139830355231674,0.5063829211074852,0.5728868399905641
Gne,1.0,1.0,1.0,0.0,0.0,0.0,0.0,0.0
Gm12503,1.0,1.0,1.0,0.0,0.0,0.0,0.0,0.0
Rnf38,1.0,1.0,1.0,0.0,0.0,0.0,0.0,0.0
Melk,1.0,1.0,1.0,0.0,0.0,0.0,0.0,0.0
Pax5,1.0,1.0,1.0,0.0,0.0,0.0,0.0,0.0
Zcchc7,0.2615722360139493,0.2615722360139493,1.0,0.0,0.0,0.0,0.0,0.0
Grhpr,1.0,1.0,1.0,0.0,0.0,0.0,0.0,0.0
Zbtb5,1.0,1.0,1.0,0.0,0.0,0.0,0.0,0.0
1700055D18Rik,1.0,1.0,1.0,0.0,0.0,0.0,0.0,0.0
Polr1e,1.0,1.0,1.0,0.0,0.0,0.0,0.0,0.0
Fbxo10,1.0,1.0,1.0,0.0,0.0,0.0,0.0,0.0
Tomm5,0.009501095540355024,0.08856750257537103,0.29147411368370935,-25.631349867673162,0.0,0.0,0.0,0.0
Trmt10b,1.0,1.0,1.0,0.0,0.0,0.0,0.0,0.0
Exosc3,0.2615722360139493,1.0,1.0,0.0,0.0,0.0,0.0,0.0
Dcaf10,1.0,1.0,1.0,0.0,0.0,0.0,0.0,0.0
Slc25a51,1.0,1.0,1.0,0.0,0.0,0.0,0.0,0.0
Shb,1.0,1.0,1.0,0.0,0.0,0.0,0.0,0.0
Aldh1b1,1.0,1.0,1.0,0.0,0.0,0.0,0.0,0.0
Stra6l,1.0,1.0,1.0,0.0,0.0,0.0,0.0,0.0
Ccdc180,1.0,1.0,1.0,0.0,0.0,0.0,0.0,0.0
Tdrd7,1.0,1.0,1.0,0.0,0.0,0.0,0.0,0.0
Tmod1,1.0,1.0,1.0,0.0,0.0,0.0,0.0,0.0
Tstd2,1.0,1.0,1.0,0.0,0.0,0.0,0.0,0.0
Ncbp1,1.0,1.0,1.0,0.0,0.0,0.0,0.0,0.0
Xpa,0.2615722360139493,1.0,1.0,0.0,0.0,0.0,0.0,0.0
Trmo,1.0,1.0,1.0,0.0,0.0,0.0,0.0,0.0
Anp32b,0.07612034487117554,0.3685705775343052,0.9689946775534558,-28.464372158408572,-0.8022657842110521,0.09160550682302243,0.37473483475730374,0.20751331374194687
Nans,0.20813892322678507,0.7274683619586189,1.0,-0.21898174495642314,0.06706535371626396,0.2876195437528566,0.389892526543758,0.4100095166578736
Trim14,1.0,1.0,1.0,0.0,0.0,0.0,0.0,0.0
Gm16731,1.0,1.0,1.0,0.0,0.0,0.0,0.0,0.0
Coro2a,1.0,1.0,1.0,0.0,0.0,0.0,0.0,0.0
Tbc1d2,1.0,1.0,1.0,0.0,0.0,0.0,0.0,0.0
Galnt12,1.0,1.0,1.0,0.0,0.0,0.0,0.0,0.0
Col15a1,1.0,1.0,1.0,0.0,0.0,0.0,0.0,0.0
Tgfbr1,0.08856750257537103,0.7563611602870911,1.0,0.0,0.0,0.0,0.0,0.0
Alg2,1.0,1.0,1.0,0.0,0.0,0.0,0.0,0.0
Sec61b,0.00298483765976026,0.038707628800508063,0.18134476462649837,0.03159986244063085,0.08012217729547064,0.13036468847851096,2.0634468978527547,2.1810763365551327
Nr4a3,1.0,1.0,1.0,0.0,0.0,0.0,0.0,0.0
Stx17,1.0,1.0,1.0,0.0,0.0,0.0,0.0,0.0
Erp44,0.1568627450980392,0.6784313725490196,1.0,-0.06858066458258777,0.03391735950516162,0.12702596420783294,0.682119146596601,0.7001505964676082
Invs,1.0,1.0,1.0,0.0,0.0,0.0,0.0,0.0
Tex10,1.0,1.0,1.0,0.0,0.0,0.0,0.0,0.0
Msantd3,1.0,1.0,1.0,0.0,0.0,0.0,0.0,0.0
Tmeff1,1.0,1.0,1.0,0.0,0.0,0.0,0.0,0.0
Cavin4,1.0,1.0,1.0,0.0,0.0,0.0,0.0,0.0
Mrpl50,1.0,1.0,1.0,0.0,0.0,0.0,0.0,0.0
Zfp189,1.0,1.0,1.0,0.0,0.0,0.0,0.0,0.0
Aldob,1.0,1.0,1.0,0.0,0.0,0.0,0.0,0.0
Tmem246,1.0,1.0,1.0,0.0,0.0,0.0,0.0,0.0
Rnf20,1.0,1.0,1.0,0.0,0.0,0.0,0.0,0.0
Grin3a,1.0,1.0,1.0,0.0,0.0,0.0,0.0,0.0
Smc2,1.0,1.0,1.0,0.0,0.0,0.0,0.0,0.0
Nipsnap3b,1.0,1.0,1.0,0.0,0.0,0.0,0.0,0.0
Abca1,1.0,1.0,1.0,0.0,0.0,0.0,0.0,0.0
Slc44a1,0.2615722360139493,1.0,1.0,0.0,0.0,0.0,0.0,0.0
Fsd1l,1.0,1.0,1.0,0.0,0.0,0.0,0.0,0.0
Fktn,1.0,1.0,1.0,0.0,0.0,0.0,0.0,0.0
Tmem38b,1.0,1.0,1.0,0.0,0.0,0.0,0.0,0.0
Zfp462,1.0,1.0,1.0,0.0,0.0,0.0,0.0,0.0
Rad23b,0.0007335473709934008,0.009501095540355024,0.07598867855418287,-28.156199910441423,-27.170870221062195,0.0,0.15109390372574474,0.0
Klf4,1.0,1.0,1.0,0.0,0.0,0.0,0.0,0.0
Elp1,1.0,1.0,1.0,0.0,0.0,0.0,0.0,0.0
Abitram,1.0,1.0,1.0,0.0,0.0,0.0,0.0,0.0
Ctnnal1,1.0,1.0,1.0,0.0,0.0,0.0,0.0,0.0
Tmem245,1.0,1.0,1.0,0.0,0.0,0.0,0.0,0.0
Epb41l4b,1.0,1.0,1.0,0.0,0.0,0.0,0.0,0.0
Ptpn3,1.0,1.0,1.0,0.0,0.0,0.0,0.0,0.0
Pakap,1.0,1.0,1.0,0.0,0.0,0.0,0.0,0.0
Pakap.1,1.0,1.0,1.0,0.0,0.0,0.0,0.0,0.0
D630039A03Rik,1.0,1.0,1.0,0.0,0.0,0.0,0.0,0.0
Txn1,3.135667222354531e-05,0.0010637453361911566,0.020131777407319206,0.12616143846931768,0.1864509884827164,0.244673644050704,1.49327692285882,1.7023560795114474
Svep1,1.0,1.0,1.0,0.0,0.0,0.0,0.0,0.0
Musk,1.0,1.0,1.0,0.0,0.0,0.0,0.0,0.0
Lpar1,1.0,1.0,1.0,0.0,0.0,0.0,0.0,0.0
Olfr267,1.0,1.0,1.0,0.0,0.0,0.0,0.0,0.0
Ecpas,1.0,1.0,1.0,0.0,0.0,0.0,0.0,0.0
Ptgr1,1.0,1.0,1.0,0.0,0.0,0.0,0.0,0.0
Dnajc25,0.2615722360139493,1.0,1.0,0.0,0.0,0.0,0.0,0.0
Gng10,0.2615722360139493,0.2615722360139493,1.0,0.0,0.0,0.0,0.0,0.0
Ugcg,0.29147411368370935,0.7513591117305192,1.0,-26.146891944835062,0.0,0.0,0.0,0.0
Susd1,1.0,1.0,1.0,0.0,0.0,0.0,0.0,0.0
Ptbp3,0.025623116131695923,0.22074357307322534,0.8991953164370099,-26.99802730435444,1.3976470961196208,28.543443082459678,0.1212115973748155,0.28005141081397034
Hsdl2,1.0,1.0,1.0,0.0,0.0,0.0,0.0,0.0
E130308A19Rik,1.0,1.0,1.0,0.0,0.0,0.0,0.0,0.0
Inip,1.0,1.0,1.0,0.0,0.0,0.0,0.0,0.0
Snx30,1.0,1.0,1.0,0.0,0.0,0.0,0.0,0.0
Slc46a2,1.0,1.0,1.0,0.0,0.0,0.0,0.0,0.0
Zfp37,1.0,1.0,1.0,0.0,0.0,0.0,0.0,0.0
Slc31a2,1.0,1.0,1.0,0.0,0.0,0.0,0.0,0.0
Fkbp15,1.0,1.0,1.0,0.0,0.0,0.0,0.0,0.0
Slc31a1,0.2615722360139493,1.0,1.0,0.0,0.0,0.0,0.0,0.0
Cdc26,0.029867793297539916,0.2615722360139493,1.0,0.0,0.0,0.0,0.0,0.0
Prpf4,1.0,1.0,1.0,0.0,0.0,0.0,0.0,0.0
Wdr31,1.0,1.0,1.0,0.0,0.0,0.0,0.0,0.0
Bspry,1.0,1.0,1.0,0.0,0.0,0.0,0.0,0.0
Hdhd3,1.0,1.0,1.0,0.0,0.0,0.0,0.0,0.0
Alad,3.5291394948257277e-05,0.0001720247930818143,0.00023910093896114013,-28.460879861568934,-28.355066028226744,-28.200736433956166,0.3433407901418995,0.0
Pole3,1.0,1.0,1.0,0.0,0.0,0.0,0.0,0.0
Rgs3,1.0,1.0,1.0,0.0,0.0,0.0,0.0,0.0
Zfp618,1.0,1.0,1.0,0.0,0.0,0.0,0.0,0.0
Kif12,1.0,1.0,1.0,0.0,0.0,0.0,0.0,0.0
Col27a1,1.0,1.0,1.0,0.0,0.0,0.0,0.0,0.0
Akna,1.0,1.0,1.0,0.0,0.0,0.0,0.0,0.0
Aknaos,1.0,1.0,1.0,0.0,0.0,0.0,0.0,0.0
Whrn,1.0,1.0,1.0,0.0,0.0,0.0,0.0,0.0
Atp6v1g1,0.3837421608319441,0.7920774787647853,1.0,-0.10141789466658846,0.005475096974325007,0.11306271184142973,0.6954275296560972,0.6993176469867839
Tmem268,1.0,1.0,1.0,0.0,0.0,0.0,0.0,0.0
Tnfsf15,1.0,1.0,1.0,0.0,0.0,0.0,0.0,0.0
Tnfsf8,1.0,1.0,1.0,0.0,0.0,0.0,0.0,0.0
Tnc,1.0,1.0,1.0,0.0,0.0,0.0,0.0,0.0
8030451A03Rik,1.0,1.0,1.0,0.0,0.0,0.0,0.0,0.0
Pappa,1.0,1.0,1.0,0.0,0.0,0.0,0.0,0.0
Trim32,1.0,1.0,1.0,0.0,0.0,0.0,0.0,0.0
Tlr4,1.0,1.0,1.0,0.0,0.0,0.0,0.0,0.0
Brinp1,1.0,1.0,1.0,0.0,0.0,0.0,0.0,0.0
Cdk5rap2,1.0,1.0,1.0,0.0,0.0,0.0,0.0,0.0
Megf9,1.0,1.0,1.0,0.0,0.0,0.0,0.0,0.0
Tle1,1.0,1.0,1.0,0.0,0.0,0.0,0.0,0.0
C630043F03Rik,1.0,1.0,1.0,0.0,0.0,0.0,0.0,0.0
Rasef,1.0,1.0,1.0,0.0,0.0,0.0,0.0,0.0
Kdm4c,1.0,1.0,1.0,0.0,0.0,0.0,0.0,0.0
A230083N12Rik,1.0,1.0,1.0,0.0,0.0,0.0,0.0,0.0
Dmac1,0.0001720247930818143,0.0007335473709934008,0.009501095540355024,-28.216482968958765,-28.001583495452586,-25.848495952927735,0.2687302536557671,0.0
Ptprd,1.0,1.0,1.0,0.0,0.0,0.0,0.0,0.0
Lurap1l,1.0,1.0,1.0,0.0,0.0,0.0,0.0,0.0
Mpdz,1.0,1.0,1.0,0.0,0.0,0.0,0.0,0.0
Nfib,1.0,1.0,1.0,0.0,0.0,0.0,0.0,0.0
Zdhhc21,1.0,1.0,1.0,0.0,0.0,0.0,0.0,0.0
Ttc39b,0.2615722360139493,1.0,1.0,0.0,0.0,0.0,0.0,0.0
Snapc3,1.0,1.0,1.0,0.0,0.0,0.0,0.0,0.0
Psip1,3.175359212510915e-05,0.0007144558228149559,0.007359688814797123,-0.6664838908940758,-0.5234024521967844,-0.37253927237266476,0.7742397677039871,0.5377392604496161
Ccdc171,1.0,1.0,1.0,0.0,0.0,0.0,0.0,0.0
Bnc2,1.0,1.0,1.0,0.0,0.0,0.0,0.0,0.0
Cntln,1.0,1.0,1.0,0.0,0.0,0.0,0.0,0.0
Sh3gl2,1.0,1.0,1.0,0.0,0.0,0.0,0.0,0.0
Adamtsl1,1.0,1.0,1.0,0.0,0.0,0.0,0.0,0.0
Rraga,0.002778685068188869,0.04801397289426615,0.2870251802988596,-28.0632030796151,-27.05611505068185,0.0,0.139541116414318,0.0
Haus6,1.0,1.0,1.0,0.0,0.0,0.0,0.0,0.0
Plin2,1.0,1.0,1.0,0.0,0.0,0.0,0.0,0.0
Dennd4c,1.0,1.0,1.0,0.0,0.0,0.0,0.0,0.0
Rps6,0.015860919266492024,0.13493688973565135,0.3837421608319441,-0.09957880039952938,-0.0605937314463076,-0.02509648346363645,2.0124306056428662,1.9296714275777263
Acer2,1.0,1.0,1.0,0.0,0.0,0.0,0.0,0.0
Mllt3,0.2615722360139493,1.0,1.0,0.0,0.0,0.0,0.0,0.0
Focad,1.0,1.0,1.0,0.0,0.0,0.0,0.0,0.0
Hacd4,1.0,1.0,1.0,0.0,0.0,0.0,0.0,0.0
Klhl9,1.0,1.0,1.0,0.0,0.0,0.0,0.0,0.0
Gm26566,1.0,1.0,1.0,0.0,0.0,0.0,0.0,0.0
Gm49890,1.0,1.0,1.0,0.0,0.0,0.0,0.0,0.0
Mtap,1.0,1.0,1.0,0.0,0.0,0.0,0.0,0.0
Cdkn2a,1.0,1.0,1.0,0.0,0.0,0.0,0.0,0.0
Cdkn2b,1.0,1.0,1.0,0.0,0.0,0.0,0.0,0.0
Tusc1,1.0,1.0,1.0,0.0,0.0,0.0,0.0,0.0
Gm12655,1.0,1.0,1.0,0.0,0.0,0.0,0.0,0.0
Caap1,1.0,1.0,1.0,0.0,0.0,0.0,0.0,0.0
Plaa,1.0,1.0,1.0,0.0,0.0,0.0,0.0,0.0
Ift74,1.0,1.0,1.0,0.0,0.0,0.0,0.0,0.0
Tek,1.0,1.0,1.0,0.0,0.0,0.0,0.0,0.0
Mysm1,0.08856750257537103,0.2615722360139493,1.0,0.0,0.0,0.0,0.0,0.0
Jun,3.5291394948257277e-05,0.0001720247930818143,0.0001720247930818143,-29.732142381592958,-29.494522647468205,-29.215764607881447,0.7563730113605109,0.0
Junos,1.0,1.0,1.0,0.0,0.0,0.0,0.0,0.0
Fggy,1.0,1.0,1.0,0.0,0.0,0.0,0.0,0.0
Hook1,1.0,1.0,1.0,0.0,0.0,0.0,0.0,0.0
Cyp2j6,1.0,1.0,1.0,0.0,0.0,0.0,0.0,0.0
Cyp2j9,1.0,1.0,1.0,0.0,0.0,0.0,0.0,0.0
E130114P18Rik,1.0,1.0,1.0,0.0,0.0,0.0,0.0,0.0
Nfia,1.0,1.0,1.0,0.0,0.0,0.0,0.0,0.0
Tm2d1,0.08856750257537103,0.2615722360139493,1.0,0.0,0.0,0.0,0.0,0.0
Patj,1.0,1.0,1.0,0.0,0.0,0.0,0.0,0.0
Usp1,1.0,1.0,1.0,0.0,0.0,0.0,0.0,0.0
Dock7,1.0,1.0,1.0,0.0,0.0,0.0,0.0,0.0
Atg4c,1.0,1.0,1.0,0.0,0.0,0.0,0.0,0.0
Gm12689,1.0,1.0,1.0,0.0,0.0,0.0,0.0,0.0
Alg6,1.0,1.0,1.0,0.0,0.0,0.0,0.0,0.0
Itgb3bp,1.0,1.0,1.0,0.0,0.0,0.0,0.0,0.0
Efcab7,1.0,1.0,1.0,0.0,0.0,0.0,0.0,0.0
Pgm1,1.0,1.0,1.0,0.0,0.0,0.0,0.0,0.0
Ror1,1.0,1.0,1.0,0.0,0.0,0.0,0.0,0.0
Cachd1,1.0,1.0,1.0,0.0,0.0,0.0,0.0,0.0
Raver2,1.0,1.0,1.0,0.0,0.0,0.0,0.0,0.0
Jak1,0.08856750257537103,1.0,1.0,0.0,0.0,0.0,0.0,0.0
E130102H24Rik,1.0,1.0,1.0,0.0,0.0,0.0,0.0,0.0
0610043K17Rik,1.0,1.0,1.0,0.0,0.0,0.0,0.0,0.0
Ak4,1.0,1.0,1.0,0.0,0.0,0.0,0.0,0.0
Leprot,0.2615722360139493,1.0,1.0,0.0,0.0,0.0,0.0,0.0
Lepr,1.0,1.0,1.0,0.0,0.0,0.0,0.0,0.0
Pde4b,0.04071783557837171,0.11313937058977978,0.3418362516636597,-28.218982174312167,-28.091459141826164,-26.935769624718162,0.2860038123170695,0.0
Sgip1,1.0,1.0,1.0,0.0,0.0,0.0,0.0,0.0
Tctex1d1,1.0,1.0,1.0,0.0,0.0,0.0,0.0,0.0
Wdr78,1.0,1.0,1.0,0.0,0.0,0.0,0.0,0.0
Mier1,0.15351977021153562,0.7563611602870911,0.9242203280316527,0.0,0.0,0.0,0.0,0.0
Slc35d1,1.0,1.0,1.0,0.0,0.0,0.0,0.0,0.0
Oma1,1.0,1.0,1.0,0.0,0.0,0.0,0.0,0.0
Prkaa2,1.0,1.0,1.0,0.0,0.0,0.0,0.0,0.0
Plpp3,1.0,1.0,1.0,0.0,0.0,0.0,0.0,0.0
Usp24,1.0,1.0,1.0,0.0,0.0,0.0,0.0,0.0
Pcsk9,1.0,1.0,1.0,0.0,0.0,0.0,0.0,0.0
Dhcr24,1.0,1.0,1.0,0.0,0.0,0.0,0.0,0.0
Pars2,1.0,1.0,1.0,0.0,0.0,0.0,0.0,0.0
Ttc4,1.0,1.0,1.0,0.0,0.0,0.0,0.0,0.0
Acot11,1.0,1.0,1.0,0.0,0.0,0.0,0.0,0.0
Ssbp3,1.0,1.0,1.0,0.0,0.0,0.0,0.0,0.0
Mrpl37,1.0,1.0,1.0,0.0,0.0,0.0,0.0,0.0
Cyb5rl,1.0,1.0,1.0,0.0,0.0,0.0,0.0,0.0
Gm12802,1.0,1.0,1.0,0.0,0.0,0.0,0.0,0.0
Tceanc2,1.0,1.0,1.0,0.0,0.0,0.0,0.0,0.0
Tmem59,0.08249583234103358,0.5713582599031516,1.0,-0.19240192649557872,-0.06060178357571127,0.13337012813502797,0.6507049305900166,0.627250894438797
Lrrc42,1.0,1.0,1.0,0.0,0.0,0.0,0.0,0.0
Hspb11,1.0,1.0,1.0,0.0,0.0,0.0,0.0,0.0
Dio1,1.0,1.0,1.0,0.0,0.0,0.0,0.0,0.0
Yipf1,0.2615722360139493,1.0,1.0,0.0,0.0,0.0,0.0,0.0
Ndc1,1.0,1.0,1.0,0.0,0.0,0.0,0.0,0.0
Glis1,1.0,1.0,1.0,0.0,0.0,0.0,0.0,0.0
4933424M12Rik,1.0,1.0,1.0,0.0,0.0,0.0,0.0,0.0
Lrp8,1.0,1.0,1.0,0.0,0.0,0.0,0.0,0.0
Magoh,0.009501095540355024,0.1853939469443623,0.849122677229875,-26.915339567064947,0.0,0.0,0.0,0.0
Czib,1.0,1.0,1.0,0.0,0.0,0.0,0.0,0.0
Cpt2,1.0,1.0,1.0,0.0,0.0,0.0,0.0,0.0
Slc1a7,1.0,1.0,1.0,0.0,0.0,0.0,0.0,0.0
Podn,1.0,1.0,1.0,0.0,0.0,0.0,0.0,0.0
Scp2,0.009878710885383907,0.2740127914304309,0.9595657057843286,-28.032905256703618,-25.977362926191834,0.0,0.06606408776129225,0.0
Echdc2,1.0,1.0,1.0,0.0,0.0,0.0,0.0,0.0
Zyg11b,1.0,1.0,1.0,0.0,0.0,0.0,0.0,0.0
Coa7,1.0,1.0,1.0,0.0,0.0,0.0,0.0,0.0
Gpx7,1.0,1.0,1.0,0.0,0.0,0.0,0.0,0.0
Tut4,0.08856750257537103,0.2615722360139493,1.0,0.0,0.0,0.0,0.0,0.0
Prpf38a,0.08856750257537103,1.0,1.0,0.0,0.0,0.0,0.0,0.0
Orc1,1.0,1.0,1.0,0.0,0.0,0.0,0.0,0.0
Gm12743,1.0,1.0,1.0,0.0,0.0,0.0,0.0,0.0
Cc2d1b,1.0,1.0,1.0,0.0,0.0,0.0,0.0,0.0
Gm17354,1.0,1.0,1.0,0.0,0.0,0.0,0.0,0.0
Zfyve9,1.0,1.0,1.0,0.0,0.0,0.0,0.0,0.0
3110021N24Rik,1.0,1.0,1.0,0.0,0.0,0.0,0.0,0.0
Btf3l4,1.0,1.0,1.0,0.0,0.0,0.0,0.0,0.0
Txndc12,1.0,1.0,1.0,0.0,0.0,0.0,0.0,0.0
Kti12,1.0,1.0,1.0,0.0,0.0,0.0,0.0,0.0
Rab3b,1.0,1.0,1.0,0.0,0.0,0.0,0.0,0.0
Nrd1,0.018175532889093796,0.11339912127459095,0.4629209642261225,-0.9039920011459177,-0.39140188102538426,-0.1522440283804152,0.558826885733597,0.4263813926123148
Osbpl9,0.08856750257537103,0.6993022710519221,0.8822739356449067,0.0,0.0,0.0,0.0,0.0
Eps15,0.029867793297539916,0.2615722360139493,1.0,0.0,0.0,0.0,0.0,0.0
Ttc39a,1.0,1.0,1.0,0.0,0.0,0.0,0.0,0.0
Rnf11,1.0,1.0,1.0,0.0,0.0,0.0,0.0,0.0
9630013D21Rik,1.0,1.0,1.0,0.0,0.0,0.0,0.0,0.0
Cdkn2c,1.0,1.0,1.0,0.0,0.0,0.0,0.0,0.0
Faf1,0.2615722360139493,1.0,1.0,0.0,0.0,0.0,0.0,0.0
Dmrta2,1.0,1.0,1.0,0.0,0.0,0.0,0.0,0.0
Bend5,1.0,1.0,1.0,0.0,0.0,0.0,0.0,0.0
Spata6,1.0,1.0,1.0,0.0,0.0,0.0,0.0,0.0
Skint3,1.0,1.0,1.0,0.0,0.0,0.0,0.0,0.0
Trabd2b,1.0,1.0,1.0,0.0,0.0,0.0,0.0,0.0
Foxd2,1.0,1.0,1.0,0.0,0.0,0.0,0.0,0.0
Foxd2os,1.0,1.0,1.0,0.0,0.0,0.0,0.0,0.0
Cmpk1,0.18073271413828693,0.7344923394458999,1.0,-0.16903611013786118,0.04583984910808557,0.25065487420843224,0.5980959146537838,0.6200637801667066
Stil,1.0,1.0,1.0,0.0,0.0,0.0,0.0,0.0
Tal1,1.0,1.0,1.0,0.0,0.0,0.0,0.0,0.0
Pdzk1ip1,1.0,1.0,1.0,0.0,0.0,0.0,0.0,0.0
Cyp4b1,1.0,1.0,1.0,0.0,0.0,0.0,0.0,0.0
Efcab14,1.0,1.0,1.0,0.0,0.0,0.0,0.0,0.0
Atpaf1,1.0,1.0,1.0,0.0,0.0,0.0,0.0,0.0
Mob3c,1.0,1.0,1.0,0.0,0.0,0.0,0.0,0.0
Mknk1,1.0,1.0,1.0,0.0,0.0,0.0,0.0,0.0
Faah,1.0,1.0,1.0,0.0,0.0,0.0,0.0,0.0
Nsun4,1.0,1.0,1.0,0.0,0.0,0.0,0.0,0.0
Uqcrh,0.2082876875446535,0.7064618559974598,1.0,-0.038823300835671794,0.024150276839422107,0.08373345064472566,1.046974416170155,1.0651511408489451
Lrrc41,1.0,1.0,1.0,0.0,0.0,0.0,0.0,0.0
Rad54l,1.0,1.0,1.0,0.0,0.0,0.0,0.0,0.0
Pomgnt1,1.0,1.0,1.0,0.0,0.0,0.0,0.0,0.0
Lurap1,1.0,1.0,1.0,0.0,0.0,0.0,0.0,0.0
Tspan1,1.0,1.0,1.0,0.0,0.0,0.0,0.0,0.0
Pik3r3,1.0,1.0,1.0,0.0,0.0,0.0,0.0,0.0
Mast2,1.0,1.0,1.0,0.0,0.0,0.0,0.0,0.0
Ipp,1.0,1.0,1.0,0.0,0.0,0.0,0.0,0.0
Tmem69,1.0,1.0,1.0,0.0,0.0,0.0,0.0,0.0
Gpbp1l1,0.2615722360139493,1.0,1.0,0.0,0.0,0.0,0.0,0.0
C530005A16Rik,1.0,1.0,1.0,0.0,0.0,0.0,0.0,0.0
Ccdc17,1.0,1.0,1.0,0.0,0.0,0.0,0.0,0.0
Nasp,1.0,1.0,1.0,0.0,0.0,0.0,0.0,0.0
Akr1a1,0.009878710885383907,0.06117467691385191,0.2740127914304309,-28.37610923523886,-28.18457400625242,-27.403226962487782,0.305071887780111,0.0
Prdx1,0.09788044772564897,0.6238787012780821,1.0,-0.05318284527351478,0.059877853957111635,0.18828702662030244,0.6970093678832152,0.7261425636137195
Mmachc,1.0,1.0,1.0,0.0,0.0,0.0,0.0,0.0
Ccdc163,1.0,1.0,1.0,0.0,0.0,0.0,0.0,0.0
Tesk2,1.0,1.0,1.0,0.0,0.0,0.0,0.0,0.0
Toe1,1.0,1.0,1.0,0.0,0.0,0.0,0.0,0.0
Mutyh,1.0,1.0,1.0,0.0,0.0,0.0,0.0,0.0
Urod,1.0,1.0,1.0,0.0,0.0,0.0,0.0,0.0
Hectd3,1.0,1.0,1.0,0.0,0.0,0.0,0.0,0.0
Eif2b3,1.0,1.0,1.0,0.0,0.0,0.0,0.0,0.0
Ptch2,1.0,1.0,1.0,0.0,0.0,0.0,0.0,0.0
Btbd19,1.0,1.0,1.0,0.0,0.0,0.0,0.0,0.0
Plk3,1.0,1.0,1.0,0.0,0.0,0.0,0.0,0.0
Rps8,0.038707628800508063,0.3053901722632373,0.8506311026434865,-0.04702678436836856,-0.028155286152085263,-5.127883722266924e-07,3.15077247501394,3.0892579173047796
Kif2c,1.0,1.0,1.0,0.0,0.0,0.0,0.0,0.0
Tmem53,1.0,1.0,1.0,0.0,0.0,0.0,0.0,0.0
Rnf220,1.0,1.0,1.0,0.0,0.0,0.0,0.0,0.0
Eri3,1.0,1.0,1.0,0.0,0.0,0.0,0.0,0.0
Dmap1,1.0,1.0,1.0,0.0,0.0,0.0,0.0,0.0
Gm12840,1.0,1.0,1.0,0.0,0.0,0.0,0.0,0.0
Slc6a9,1.0,1.0,1.0,0.0,0.0,0.0,0.0,0.0
B4galt2,1.0,1.0,1.0,0.0,0.0,0.0,0.0,0.0
Atp6v0b,0.020131777407319206,0.42686353893784235,0.9699293482575216,-0.06874066683147075,0.037647352778690676,0.13709380426291498,0.6255456186451847,0.6408491465220281
Dph2,1.0,1.0,1.0,0.0,0.0,0.0,0.0,0.0
Ipo13,1.0,1.0,1.0,0.0,0.0,0.0,0.0,0.0
Artn,1.0,1.0,1.0,0.0,0.0,0.0,0.0,0.0
St3gal3,1.0,1.0,1.0,0.0,0.0,0.0,0.0,0.0
9530034E10Rik,1.0,1.0,1.0,0.0,0.0,0.0,0.0,0.0
Kdm4a,1.0,1.0,1.0,0.0,0.0,0.0,0.0,0.0
Ptprf,1.0,1.0,1.0,0.0,0.0,0.0,0.0,0.0
Szt2,1.0,1.0,1.0,0.0,0.0,0.0,0.0,0.0
Med8,1.0,1.0,1.0,0.0,0.0,0.0,0.0,0.0
Elovl1,1.0,1.0,1.0,0.0,0.0,0.0,0.0,0.0
Cdc20,1.0,1.0,1.0,0.0,0.0,0.0,0.0,0.0
Tie1,1.0,1.0,1.0,0.0,0.0,0.0,0.0,0.0
2610528J11Rik,1.0,1.0,1.0,0.0,0.0,0.0,0.0,0.0
Tmem125,1.0,1.0,1.0,0.0,0.0,0.0,0.0,0.0
Ebna1bp2,0.08856750257537103,0.2615722360139493,1.0,0.0,0.0,0.0,0.0,0.0
Slc2a1,1.0,1.0,1.0,0.0,0.0,0.0,0.0,0.0
Zfp691,1.0,1.0,1.0,0.0,0.0,0.0,0.0,0.0
Ermap,1.0,1.0,1.0,0.0,0.0,0.0,0.0,0.0
Svbp,1.0,1.0,1.0,0.0,0.0,0.0,0.0,0.0
AU022252,1.0,1.0,1.0,0.0,0.0,0.0,0.0,0.0
P3h1,1.0,1.0,1.0,0.0,0.0,0.0,0.0,0.0
Ybx1,0.038707628800508063,0.3053901722632373,0.9699293482575216,-0.018527627242365917,0.06641178468491671,0.14942416310312065,1.02073886196241,1.071291871908155
Ppih,1.0,1.0,1.0,0.0,0.0,0.0,0.0,0.0
Ccdc30,1.0,1.0,1.0,0.0,0.0,0.0,0.0,0.0
Ppcs,1.0,1.0,1.0,0.0,0.0,0.0,0.0,0.0
Frg2f1,1.0,1.0,1.0,0.0,0.0,0.0,0.0,0.0
Foxj3,1.0,1.0,1.0,0.0,0.0,0.0,0.0,0.0
Guca2a,1.0,1.0,1.0,0.0,0.0,0.0,0.0,0.0
Guca2b,1.0,1.0,1.0,0.0,0.0,0.0,0.0,0.0
Hivep3,1.0,1.0,1.0,0.0,0.0,0.0,0.0,0.0
Edn2,1.0,1.0,1.0,0.0,0.0,0.0,0.0,0.0
Scmh1,1.0,1.0,1.0,0.0,0.0,0.0,0.0,0.0
Ctps,1.0,1.0,1.0,0.0,0.0,0.0,0.0,0.0
Cited4,1.0,1.0,1.0,0.0,0.0,0.0,0.0,0.0
Kcnq4,1.0,1.0,1.0,0.0,0.0,0.0,0.0,0.0
Nfyc,1.0,1.0,1.0,0.0,0.0,0.0,0.0,0.0
Exo5,1.0,1.0,1.0,0.0,0.0,0.0,0.0,0.0
Zfp69,1.0,1.0,1.0,0.0,0.0,0.0,0.0,0.0
Smap2,0.10889812448625018,0.5613582450978213,1.0,-1.7852110282687688,-0.09650207458692964,0.16239787950980045,0.3770665617436898,0.3559554810575885
Zmpste24,0.08856750257537103,0.47495853988950676,1.0,0.0,0.0,0.0,0.0,0.0
Rlf,1.0,1.0,1.0,0.0,0.0,0.0,0.0,0.0
Ppt1,0.002778685068188869,0.029867793297539916,0.2615722360139493,-27.458221867149906,0.0,0.0,0.0,0.0
Cap1,0.2615722360139493,1.0,1.0,0.0,0.0,0.0,0.0,0.0
Mfsd2a,1.0,1.0,1.0,0.0,0.0,0.0,0.0,0.0
Mycl,1.0,1.0,1.0,0.0,0.0,0.0,0.0,0.0
Trit1,1.0,1.0,1.0,0.0,0.0,0.0,0.0,0.0
Ppie,1.0,1.0,1.0,0.0,0.0,0.0,0.0,0.0
Heyl,1.0,1.0,1.0,0.0,0.0,0.0,0.0,0.0
Pabpc4,1.0,1.0,1.0,0.0,0.0,0.0,0.0,0.0
Macf1,0.029240421704742867,0.2615722360139493,0.8822739356449067,-26.15874394750635,0.0,0.0,0.0,0.0
Gm12925,1.0,1.0,1.0,0.0,0.0,0.0,0.0,0.0
Ndufs5,0.00409621338413908,0.06909581646423751,0.3837421608319441,-0.23011445195366234,-0.15928171800623792,-0.0645304999301114,0.8676785721821443,0.7743132361003799
Akirin1,6.0342433300663835e-05,0.00012648843923767486,0.0012455000145158326,-28.898909526951694,-28.761617969242323,-28.59179575383807,0.45510304634994514,0.0
Rhbdl2,1.0,1.0,1.0,0.0,0.0,0.0,0.0,0.0
Mycbp,0.08856750257537103,0.08856750257537103,0.2615722360139493,0.0,0.0,0.0,0.0,0.0
Gm12905,1.0,1.0,1.0,0.0,0.0,0.0,0.0,0.0
Rragc,1.0,1.0,1.0,0.0,0.0,0.0,0.0,0.0
Pou3f1,1.0,1.0,1.0,0.0,0.0,0.0,0.0,0.0
Utp11,0.2615722360139493,1.0,1.0,0.0,0.0,0.0,0.0,0.0
Fhl3,1.0,1.0,1.0,0.0,0.0,0.0,0.0,0.0
Sf3a3,1.0,1.0,1.0,0.0,0.0,0.0,0.0,0.0
Inpp5b,1.0,1.0,1.0,0.0,0.0,0.0,0.0,0.0
Mtf1,1.0,1.0,1.0,0.0,0.0,0.0,0.0,0.0
1110065P20Rik,1.0,1.0,1.0,0.0,0.0,0.0,0.0,0.0
Yrdc,0.08856750257537103,1.0,1.0,0.0,0.0,0.0,0.0,0.0
Cdca8,1.0,1.0,1.0,0.0,0.0,0.0,0.0,0.0
9930104L06Rik,1.0,1.0,1.0,0.0,0.0,0.0,0.0,0.0
Rspo1,1.0,1.0,1.0,0.0,0.0,0.0,0.0,0.0
Gnl2,1.0,1.0,1.0,0.0,0.0,0.0,0.0,0.0
Snip1,1.0,1.0,1.0,0.0,0.0,0.0,0.0,0.0
Gm12932,1.0,1.0,1.0,0.0,0.0,0.0,0.0,0.0
Meaf6,1.0,1.0,1.0,0.0,0.0,0.0,0.0,0.0
Zc3h12a,1.0,1.0,1.0,0.0,0.0,0.0,0.0,0.0
Csf3r,1.0,1.0,1.0,0.0,0.0,0.0,0.0,0.0
Mrps15,0.0007335473709934008,0.009501095540355024,0.029867793297539916,-28.099870444137977,-27.008882174870365,0.0,0.13504660812401448,0.0
Oscp1,1.0,1.0,1.0,0.0,0.0,0.0,0.0,0.0
Lsm10,1.0,1.0,1.0,0.0,0.0,0.0,0.0,0.0
Stk40,1.0,1.0,1.0,0.0,0.0,0.0,0.0,0.0
Eva1b,1.0,1.0,1.0,0.0,0.0,0.0,0.0,0.0
Sh3d21,1.0,1.0,1.0,0.0,0.0,0.0,0.0,0.0
Thrap3,0.06362492185658557,0.6324656723597698,1.0,-28.182726201515248,-27.917487595085188,-0.178100614693518,0.2823504819661129,0.0
Map7d1,0.47495853988950676,1.0,1.0,0.0,0.0,0.0,0.0,0.0
Trappc3,1.0,1.0,1.0,0.0,0.0,0.0,0.0,0.0
Adprhl2,1.0,1.0,1.0,0.0,0.0,0.0,0.0,0.0
Ago3,1.0,1.0,1.0,0.0,0.0,0.0,0.0,0.0
Ago1,1.0,1.0,1.0,0.0,0.0,0.0,0.0,0.0
Ago4,1.0,1.0,1.0,0.0,0.0,0.0,0.0,0.0
Clspn,1.0,1.0,1.0,0.0,0.0,0.0,0.0,0.0
5730409E04Rik,1.0,1.0,1.0,0.0,0.0,0.0,0.0,0.0
Psmb2,0.2082876875446535,0.7344923394458999,1.0,-0.1369475579316374,-0.003244371997967615,0.13470429276056184,0.5115115781661655,0.5094491003469023
Ncdn,1.0,1.0,1.0,0.0,0.0,0.0,0.0,0.0
AU040320,1.0,1.0,1.0,0.0,0.0,0.0,0.0,0.0
Zmym4,1.0,1.0,1.0,0.0,0.0,0.0,0.0,0.0
Sfpq,0.013473344592178279,0.08376405611837334,0.4253936498902555,0.2537149408047921,1.456232974785486,28.64925726947714,0.1402764894718305,0.39114364963947834
Gm12940,1.0,1.0,1.0,0.0,0.0,0.0,0.0,0.0
Zmym1,1.0,1.0,1.0,0.0,0.0,0.0,0.0,0.0
Zmym6,1.0,1.0,1.0,0.0,0.0,0.0,0.0,0.0
Tmem35b,1.0,1.0,1.0,0.0,0.0,0.0,0.0,0.0
Smim12,1.0,1.0,1.0,0.0,0.0,0.0,0.0,0.0
Gja4,1.0,1.0,1.0,0.0,0.0,0.0,0.0,0.0
Gjb3,1.0,1.0,1.0,0.0,0.0,0.0,0.0,0.0
Gjb5,1.0,1.0,1.0,0.0,0.0,0.0,0.0,0.0
Zscan20,1.0,1.0,1.0,0.0,0.0,0.0,0.0,0.0
Tlr12,1.0,1.0,1.0,0.0,0.0,0.0,0.0,0.0
Phc2,1.0,1.0,1.0,0.0,0.0,0.0,0.0,0.0
A3galt2,1.0,1.0,1.0,0.0,0.0,0.0,0.0,0.0
Zfp362,1.0,1.0,1.0,0.0,0.0,0.0,0.0,0.0
Trim62,1.0,1.0,1.0,0.0,0.0,0.0,0.0,0.0
Azin2,1.0,1.0,1.0,0.0,0.0,0.0,0.0,0.0
Ak2,0.2615722360139493,1.0,1.0,0.0,0.0,0.0,0.0,0.0
1700086P04Rik,1.0,1.0,1.0,0.0,0.0,0.0,0.0,0.0
Rnf19b,0.0017888776467873766,0.05161263766000387,0.49748051015881006,-28.21098896384357,-28.054034352751106,0.0,0.2786800231936293,0.0
Tmem54,1.0,1.0,1.0,0.0,0.0,0.0,0.0,0.0
Fndc5,1.0,1.0,1.0,0.0,0.0,0.0,0.0,0.0
S100pbp,1.0,1.0,1.0,0.0,0.0,0.0,0.0,0.0
Yars,1.0,1.0,1.0,0.0,0.0,0.0,0.0,0.0
C77080,1.0,1.0,1.0,0.0,0.0,0.0,0.0,0.0
Sync,1.0,1.0,1.0,0.0,0.0,0.0,0.0,0.0
Rbbp4,0.002778685068188869,0.009501095540355024,0.08856750257537103,-27.873686096465118,-25.788998594762532,0.0,0.05797785285008475,0.0
Zbtb8os,0.0001720247930818143,0.002778685068188869,0.029254565586406815,-28.1423168704289,-27.982293707975373,-25.974663592072016,0.2651610633400475,0.0
Zbtb8a,1.0,1.0,1.0,0.0,0.0,0.0,0.0,0.0
Bsdc1,0.2615722360139493,1.0,1.0,0.0,0.0,0.0,0.0,0.0
Marcksl1,1.0,1.0,1.0,0.0,0.0,0.0,0.0,0.0
Hdac1,1.0,1.0,1.0,0.0,0.0,0.0,0.0,0.0
Lck,1.0,1.0,1.0,0.0,0.0,0.0,0.0,0.0
Fam167b,1.0,1.0,1.0,0.0,0.0,0.0,0.0,0.0
Eif3i,0.00019052155275065493,0.0073033261887751055,0.1568627450980392,0.214177137854779,0.3287399746382839,0.43902361379467775,0.5342475680348245,0.6691166877519232
Tmem234,0.0012547060309404212,0.019309769512968037,0.22999483848400837,-2.627501708484302,-0.35006335084589957,-0.07411713414781974,0.4588854603402014,0.36362246670623516
Iqcc,1.0,1.0,1.0,0.0,0.0,0.0,0.0,0.0
Ccdc28b,1.0,1.0,1.0,0.0,0.0,0.0,0.0,0.0
Txlna,1.0,1.0,1.0,0.0,0.0,0.0,0.0,0.0
Kpna6,1.0,1.0,1.0,0.0,0.0,0.0,0.0,0.0
Tmem39b,1.0,1.0,1.0,0.0,0.0,0.0,0.0,0.0
Khdrbs1,0.08856750257537103,0.6194547807579892,0.9647994848619144,-26.72414452568274,0.0,0.0,0.0,0.0
Ptp4a2,1.5876796062554575e-05,0.00011113757243788204,0.0007144558228149559,0.39151469049127613,0.4976168416585056,0.6131037421305937,0.9525892285509547,1.3426376610375375
1700003M07Rik,1.0,1.0,1.0,0.0,0.0,0.0,0.0,0.0
Adgrb2,1.0,1.0,1.0,0.0,0.0,0.0,0.0,0.0
Col16a1,1.0,1.0,1.0,0.0,0.0,0.0,0.0,0.0
Pef1,1.0,1.0,1.0,0.0,0.0,0.0,0.0,0.0
Tinagl1,1.0,1.0,1.0,0.0,0.0,0.0,0.0,0.0
Serinc2,1.0,1.0,1.0,0.0,0.0,0.0,0.0,0.0
Fabp3,1.0,1.0,1.0,0.0,0.0,0.0,0.0,0.0
Zcchc17,1.0,1.0,1.0,0.0,0.0,0.0,0.0,0.0
Snrnp40,1.0,1.0,1.0,0.0,0.0,0.0,0.0,0.0
Pum1,1.0,1.0,1.0,0.0,0.0,0.0,0.0,0.0
Gm12971,1.0,1.0,1.0,0.0,0.0,0.0,0.0,0.0
Sdc3,1.0,1.0,1.0,0.0,0.0,0.0,0.0,0.0
Laptm5,0.010835838069660248,0.09666103305783773,0.3942823566778916,0.2779454452344103,0.4903316413430481,0.7045970703487974,0.3325236975485054,0.4666535974178746
Ptpru,1.0,1.0,1.0,0.0,0.0,0.0,0.0,0.0
Mecr,1.0,1.0,1.0,0.0,0.0,0.0,0.0,0.0
Srsf4,1.0,1.0,1.0,0.0,0.0,0.0,0.0,0.0
Gm12992,1.0,1.0,1.0,0.0,0.0,0.0,0.0,0.0
Epb41,1.0,1.0,1.0,0.0,0.0,0.0,0.0,0.0
Ythdf2,1.0,1.0,1.0,0.0,0.0,0.0,0.0,0.0
Gmeb1,1.0,1.0,1.0,0.0,0.0,0.0,0.0,0.0
Taf12,0.2615722360139493,1.0,1.0,0.0,0.0,0.0,0.0,0.0
Rab42,1.0,1.0,1.0,0.0,0.0,0.0,0.0,0.0
Snhg12,0.2615722360139493,1.0,1.0,0.0,0.0,0.0,0.0,0.0
Trnau1ap,0.2615722360139493,1.0,1.0,0.0,0.0,0.0,0.0,0.0
Rcc1,1.0,1.0,1.0,0.0,0.0,0.0,0.0,0.0
Snhg3,1.0,1.0,1.0,0.0,0.0,0.0,0.0,0.0
Gm17300,1.0,1.0,1.0,0.0,0.0,0.0,0.0,0.0
Phactr4,1.0,1.0,1.0,0.0,0.0,0.0,0.0,0.0
Med18,1.0,1.0,1.0,0.0,0.0,0.0,0.0,0.0
Sesn2,1.0,1.0,1.0,0.0,0.0,0.0,0.0,0.0
Gm12981,1.0,1.0,1.0,0.0,0.0,0.0,0.0,0.0
Atpif1,0.09788044772564897,0.6238787012780821,1.0,-0.210334712145602,-0.08292968043375291,0.06676302971544568,0.5416784288121878,0.5118829883658991
Dnajc8,0.0007335473709934008,0.002778685068188869,0.04810393951340951,-28.194849604641767,-28.04463344625554,-26.919093887844117,0.27686998881099,0.0
Ptafr,1.0,1.0,1.0,0.0,0.0,0.0,0.0,0.0
Eya3,1.0,1.0,1.0,0.0,0.0,0.0,0.0,0.0
Xkr8,1.0,1.0,1.0,0.0,0.0,0.0,0.0,0.0
Smpdl3b,1.0,1.0,1.0,0.0,0.0,0.0,0.0,0.0
Rpa2,1.0,1.0,1.0,0.0,0.0,0.0,0.0,0.0
Themis2,1.0,1.0,1.0,0.0,0.0,0.0,0.0,0.0
Ppp1r8,1.0,1.0,1.0,0.0,0.0,0.0,0.0,0.0
Stx12,0.2615722360139493,1.0,1.0,0.0,0.0,0.0,0.0,0.0
Fam76a,1.0,1.0,1.0,0.0,0.0,0.0,0.0,0.0
Fgr,1.0,1.0,1.0,0.0,0.0,0.0,0.0,0.0
Ahdc1,1.0,1.0,1.0,0.0,0.0,0.0,0.0,0.0
Wasf2,0.12803324454997875,0.3354105003875558,0.8791114169586121,0.0,0.0,0.0,0.0,0.0
Gpr3,1.0,1.0,1.0,0.0,0.0,0.0,0.0,0.0
Map3k6,1.0,1.0,1.0,0.0,0.0,0.0,0.0,0.0
Sytl1,1.0,1.0,1.0,0.0,0.0,0.0,0.0,0.0
Tmem222,1.0,1.0,1.0,0.0,0.0,0.0,0.0,0.0
Wdtc1,1.0,1.0,1.0,0.0,0.0,0.0,0.0,0.0
Slc9a1,1.0,1.0,1.0,0.0,0.0,0.0,0.0,0.0
Trnp1,1.0,1.0,1.0,0.0,0.0,0.0,0.0,0.0
Kdf1,1.0,1.0,1.0,0.0,0.0,0.0,0.0,0.0
Nudc,0.17651052127612593,0.663270284205586,1.0,-26.848075565588143,0.0,26.115151594715815,0.0,0.0
Gpatch3,1.0,1.0,1.0,0.0,0.0,0.0,0.0,0.0
Gpn2,1.0,1.0,1.0,0.0,0.0,0.0,0.0,0.0
Sfn,1.0,1.0,1.0,0.0,0.0,0.0,0.0,0.0
Zdhhc18,0.029867793297539916,0.08856750257537103,0.2615722360139493,0.0,0.0,0.0,0.0,0.0
Pigv,1.0,1.0,1.0,0.0,0.0,0.0,0.0,0.0
Arid1a,0.2615722360139493,1.0,1.0,0.0,0.0,0.0,0.0,0.0
Rps6ka1,0.2615722360139493,1.0,1.0,0.0,0.0,0.0,0.0,0.0
Hmgn2,1.0,1.0,1.0,0.0,0.0,0.0,0.0,0.0
Dhdds,1.0,1.0,1.0,0.0,0.0,0.0,0.0,0.0
Crybg2,1.0,1.0,1.0,0.0,0.0,0.0,0.0,0.0
Cd52,6.35071842502183e-05,0.0007144558228149559,0.0073033261887751055,0.48276895031958994,0.6358476246115659,0.7716262012952827,1.296052200467875,2.011493012632401
Ubxn11,1.0,1.0,1.0,0.0,0.0,0.0,0.0,0.0
Sh3bgrl3,1.5876796062554575e-05,1.5876796062554575e-05,0.000246293970482502,1.0071536239517414,1.1584849443032237,1.6353455274503799,0.3159443242541165,0.7035124806876698
Cep85,1.0,1.0,1.0,0.0,0.0,0.0,0.0,0.0
Cnksr1,1.0,1.0,1.0,0.0,0.0,0.0,0.0,0.0
Zfp593,0.2615722360139493,1.0,1.0,0.0,0.0,0.0,0.0,0.0
Grrp1,1.0,1.0,1.0,0.0,0.0,0.0,0.0,0.0
Pdik1l,1.0,1.0,1.0,0.0,0.0,0.0,0.0,0.0
Extl1,1.0,1.0,1.0,0.0,0.0,0.0,0.0,0.0
Pafah2,1.0,1.0,1.0,0.0,0.0,0.0,0.0,0.0
Stmn1,1.0,1.0,1.0,0.0,0.0,0.0,0.0,0.0
Paqr7,1.0,1.0,1.0,0.0,0.0,0.0,0.0,0.0
Aunip,1.0,1.0,1.0,0.0,0.0,0.0,0.0,0.0
Mtfr1l,1.0,1.0,1.0,0.0,0.0,0.0,0.0,0.0
Selenon,1.0,1.0,1.0,0.0,0.0,0.0,0.0,0.0
Man1c1,1.0,1.0,1.0,0.0,0.0,0.0,0.0,0.0
Ldlrap1,0.2615722360139493,1.0,1.0,0.0,0.0,0.0,0.0,0.0
Maco1,1.0,1.0,1.0,0.0,0.0,0.0,0.0,0.0
Rhd,1.0,1.0,1.0,0.0,0.0,0.0,0.0,0.0
Tmem50a,3.175359212510915e-05,0.0021592442645074223,0.04478181962118358,0.27376554066414216,0.4646240437858137,0.63956929255203,0.35290842402955025,0.4868587774703493
Rsrp1,0.00409621338413908,0.02524410573946178,0.098315075017861,0.31007702279570876,0.48494486047778385,0.6636909815043791,0.623756797182994,0.8759271014225507
Syf2,0.002014146487603583,0.03359756539493248,0.27990635059057023,0.14827226243542058,0.31935910323713224,0.5046015880635719,0.3539137425132768,0.44082839296814175
Gm16225,1.0,1.0,1.0,0.0,0.0,0.0,0.0,0.0
Runx3,0.009501095540355024,0.08856750257537103,0.8822739356449067,-26.759659386034855,0.0,0.0,0.0,0.0
Clic4,1.5876796062554575e-05,1.5876796062554575e-05,0.00011113757243788204,0.6932513746701051,0.8809606952401162,1.0072080113627746,0.4192007787422247,0.7716016143514284
Srrm1,0.09703824532536225,0.6158964889935725,1.0,-0.1544554511238074,0.12505564807713232,0.2918440509985296,0.3726466902939851,0.40938233835098925
Ncmap,1.0,1.0,1.0,0.0,0.0,0.0,0.0,0.0
Rcan3,1.0,1.0,1.0,0.0,0.0,0.0,0.0,0.0
Nipal3,1.0,1.0,1.0,0.0,0.0,0.0,0.0,0.0
Grhl3,1.0,1.0,1.0,0.0,0.0,0.0,0.0,0.0
Srsf10,0.22074357307322534,0.7513591117305192,1.0,-28.128802076252445,-27.338530295935506,0.0,0.18723464199863027,0.0
Pnrc2,1.0,1.0,1.0,0.0,0.0,0.0,0.0,0.0
Cnr2,1.0,1.0,1.0,0.0,0.0,0.0,0.0,0.0
Fuca1,3.5291394948257277e-05,0.0005604663235590005,0.028688810319848834,-28.287500110415802,-28.184193939302336,-27.691424299177392,0.30499152951477626,0.0
Hmgcl,1.0,1.0,1.0,0.0,0.0,0.0,0.0,0.0
Gale,1.0,1.0,1.0,0.0,0.0,0.0,0.0,0.0
Lypla2,1.0,1.0,1.0,0.0,0.0,0.0,0.0,0.0
Pithd1,1.0,1.0,1.0,0.0,0.0,0.0,0.0,0.0
Eloa,0.2615722360139493,1.0,1.0,0.0,0.0,0.0,0.0,0.0
Gm24362,1.0,1.0,1.0,0.0,0.0,0.0,0.0,0.0
Rpl11,0.012399777724855125,0.11526553941414623,0.5208065412399778,0.008011539403759343,0.036535378219444775,0.06985196568271175,2.4070317873093234,2.47002838806071
Id3,1.0,1.0,1.0,0.0,0.0,0.0,0.0,0.0
E2f2,1.0,1.0,1.0,0.0,0.0,0.0,0.0,0.0
Asap3,1.0,1.0,1.0,0.0,0.0,0.0,0.0,0.0
Tcea3,1.0,1.0,1.0,0.0,0.0,0.0,0.0,0.0
Zfp46,1.0,1.0,1.0,0.0,0.0,0.0,0.0,0.0
Hnrnpr,0.08856750257537103,0.2615722360139493,1.0,0.0,0.0,0.0,0.0,0.0
Htr1d,1.0,1.0,1.0,0.0,0.0,0.0,0.0,0.0
6030445D17Rik,1.0,1.0,1.0,0.0,0.0,0.0,0.0,0.0
Luzp1,1.0,1.0,1.0,0.0,0.0,0.0,0.0,0.0
Kdm1a,0.2615722360139493,0.6993022710519221,0.8822739356449067,0.0,0.0,0.0,0.0,0.0
Ephb2,1.0,1.0,1.0,0.0,0.0,0.0,0.0,0.0
C1qb,0.2615722360139493,1.0,1.0,0.0,0.0,0.0,0.0,0.0
C1qc,1.0,1.0,1.0,0.0,0.0,0.0,0.0,0.0
C1qa,0.08856750257537103,1.0,1.0,0.0,0.0,0.0,0.0,0.0
Zbtb40,1.0,1.0,1.0,0.0,0.0,0.0,0.0,0.0
Wnt4,1.0,1.0,1.0,0.0,0.0,0.0,0.0,0.0
Cdc42,6.35071842502183e-05,0.0015241724220052392,0.009557831229657855,0.3479118931958732,0.43896774799195304,0.5241579632473308,0.6586168208671441,0.8933534857347495
2810405F17Rik,1.0,1.0,1.0,0.0,0.0,0.0,0.0,0.0
Hspg2,1.0,1.0,1.0,0.0,0.0,0.0,0.0,0.0
Usp48,1.0,1.0,1.0,0.0,0.0,0.0,0.0,0.0
Rap1gap,1.0,1.0,1.0,0.0,0.0,0.0,0.0,0.0
Alpl,1.0,1.0,1.0,0.0,0.0,0.0,0.0,0.0
Ece1,1.0,1.0,1.0,0.0,0.0,0.0,0.0,0.0
Gm13012,1.0,1.0,1.0,0.0,0.0,0.0,0.0,0.0
Eif4g3,0.08856750257537103,1.0,1.0,0.0,0.0,0.0,0.0,0.0
Hp1bp3,0.002778685068188869,0.009501095540355024,0.08856750257537103,-27.654040139557534,-25.788998594762532,0.0,0.05797785285008475,0.0
Ddost,0.11526553941414623,0.5713582599031516,1.0,-0.03517144304225025,0.04546727999317757,0.14082343494608948,0.8818461868219256,0.9088190242101317
Pink1,0.2615722360139493,1.0,1.0,0.0,0.0,0.0,0.0,0.0
Cda,1.0,1.0,1.0,0.0,0.0,0.0,0.0,0.0
Mul1,0.2615722360139493,1.0,1.0,0.0,0.0,0.0,0.0,0.0
Camk2n1,1.0,1.0,1.0,0.0,0.0,0.0,0.0,0.0
Pla2g2f,1.0,1.0,1.0,0.0,0.0,0.0,0.0,0.0
Pla2g2d,1.0,1.0,1.0,0.0,0.0,0.0,0.0,0.0
Pla2g5,1.0,1.0,1.0,0.0,0.0,0.0,0.0,0.0
Pla2g2e,1.0,1.0,1.0,0.0,0.0,0.0,0.0,0.0
Otud3,1.0,1.0,1.0,0.0,0.0,0.0,0.0,0.0
Rnf186,1.0,1.0,1.0,0.0,0.0,0.0,0.0,0.0
Tmco4,1.0,1.0,1.0,0.0,0.0,0.0,0.0,0.0
Nbl1,1.0,1.0,1.0,0.0,0.0,0.0,0.0,0.0
Micos10,0.005458442486306265,0.09788044772564897,0.4726680955783123,0.06735237683170026,0.16637253161690774,0.2804038650688397,0.6893202723767355,0.7750735725974336
Gm16287,1.0,1.0,1.0,0.0,0.0,0.0,0.0,0.0
Capzb,0.060910732045239266,0.45814238258523565,0.968559887123876,-28.2353762946236,-2.115358271949667,0.33790560127901104,0.28315507817927077,0.0633358656804295
Pqlc2,1.0,1.0,1.0,0.0,0.0,0.0,0.0,0.0
Akr7a5,1.0,1.0,1.0,0.0,0.0,0.0,0.0,0.0
Mrto4,0.08856750257537103,1.0,1.0,0.0,0.0,0.0,0.0,0.0
Emc1,1.0,1.0,1.0,0.0,0.0,0.0,0.0,0.0
Ubr4,0.2615722360139493,1.0,1.0,0.0,0.0,0.0,0.0,0.0
Iffo2,1.0,1.0,1.0,0.0,0.0,0.0,0.0,0.0
Aldh4a1,1.0,1.0,1.0,0.0,0.0,0.0,0.0,0.0
Arhgef10l,1.0,1.0,1.0,0.0,0.0,0.0,0.0,0.0
Rcc2,0.08856750257537103,0.2615722360139493,1.0,0.0,0.0,0.0,0.0,0.0
Padi4,1.0,1.0,1.0,0.0,0.0,0.0,0.0,0.0
Padi1,1.0,1.0,1.0,0.0,0.0,0.0,0.0,0.0
Padi2,1.0,1.0,1.0,0.0,0.0,0.0,0.0,0.0
Gm13031,1.0,1.0,1.0,0.0,0.0,0.0,0.0,0.0
Sdhb,0.008254359558410014,0.22176406846357022,0.9071710289327191,-28.32672824002811,-2.236361794063618,0.04306505359499211,0.31815195337971275,0.06953811883016375
Atp13a2,1.0,1.0,1.0,0.0,0.0,0.0,0.0,0.0
Mfap2,1.0,1.0,1.0,0.0,0.0,0.0,0.0,0.0
Crocc,1.0,1.0,1.0,0.0,0.0,0.0,0.0,0.0
Necap2,0.2615722360139493,1.0,1.0,0.0,0.0,0.0,0.0,0.0
Szrd1,1.0,1.0,1.0,0.0,0.0,0.0,0.0,0.0
Fbxo42,1.0,1.0,1.0,0.0,0.0,0.0,0.0,0.0
Arhgef19,1.0,1.0,1.0,0.0,0.0,0.0,0.0,0.0
Epha2,1.0,1.0,1.0,0.0,0.0,0.0,0.0,0.0
Gm13075,1.0,1.0,1.0,0.0,0.0,0.0,0.0,0.0
Zbtb17,1.0,1.0,1.0,0.0,0.0,0.0,0.0,0.0
Spen,0.2615722360139493,1.0,1.0,0.0,0.0,0.0,0.0,0.0
Fblim1,1.0,1.0,1.0,0.0,0.0,0.0,0.0,0.0
Tmem82,1.0,1.0,1.0,0.0,0.0,0.0,0.0,0.0
Plekhm2,1.0,1.0,1.0,0.0,0.0,0.0,0.0,0.0
Ddi2,0.47495853988950676,1.0,1.0,0.0,0.0,0.0,0.0,0.0
Dnajc16,1.0,1.0,1.0,0.0,0.0,0.0,0.0,0.0
Casp9,1.0,1.0,1.0,0.0,0.0,0.0,0.0,0.0
Ctrc,1.0,1.0,1.0,0.0,0.0,0.0,0.0,0.0
Efhd2,1.0,1.0,1.0,0.0,0.0,0.0,0.0,0.0
Fhad1,1.0,1.0,1.0,0.0,0.0,0.0,0.0,0.0
4930455G09Rik,1.0,1.0,1.0,0.0,0.0,0.0,0.0,0.0
Tmem51,1.0,1.0,1.0,0.0,0.0,0.0,0.0,0.0
Kazn,1.0,1.0,1.0,0.0,0.0,0.0,0.0,0.0
Prdm2,1.0,1.0,1.0,0.0,0.0,0.0,0.0,0.0
Pdpn,1.0,1.0,1.0,0.0,0.0,0.0,0.0,0.0
Pramef8,1.0,1.0,1.0,0.0,0.0,0.0,0.0,0.0
Dhrs3,1.0,1.0,1.0,0.0,0.0,0.0,0.0,0.0
Vps13d,1.0,1.0,1.0,0.0,0.0,0.0,0.0,0.0
Tnfrsf1b,1.0,1.0,1.0,0.0,0.0,0.0,0.0,0.0
Tnfrsf8,1.0,1.0,1.0,0.0,0.0,0.0,0.0,0.0
Gm13212,1.0,1.0,1.0,0.0,0.0,0.0,0.0,0.0
Gm13166,1.0,1.0,1.0,0.0,0.0,0.0,0.0,0.0
Zfp992,1.0,1.0,1.0,0.0,0.0,0.0,0.0,0.0
Zfp991,1.0,1.0,1.0,0.0,0.0,0.0,0.0,0.0
Zfp982,1.0,1.0,1.0,0.0,0.0,0.0,0.0,0.0
Zfp979,1.0,1.0,1.0,0.0,0.0,0.0,0.0,0.0
Zfp984,1.0,1.0,1.0,0.0,0.0,0.0,0.0,0.0
Gm20707,1.0,1.0,1.0,0.0,0.0,0.0,0.0,0.0
Zfp933,1.0,1.0,1.0,0.0,0.0,0.0,0.0,0.0
Miip,1.0,1.0,1.0,0.0,0.0,0.0,0.0,0.0
Fv1,1.0,1.0,1.0,0.0,0.0,0.0,0.0,0.0
Mfn2,1.0,1.0,1.0,0.0,0.0,0.0,0.0,0.0
Plod1,1.0,1.0,1.0,0.0,0.0,0.0,0.0,0.0
2510039O18Rik,1.0,1.0,1.0,0.0,0.0,0.0,0.0,0.0
Nppb,1.0,1.0,1.0,0.0,0.0,0.0,0.0,0.0
Clcn6,1.0,1.0,1.0,0.0,0.0,0.0,0.0,0.0
Mthfr,1.0,1.0,1.0,0.0,0.0,0.0,0.0,0.0
Agtrap,1.0,1.0,1.0,0.0,0.0,0.0,0.0,0.0
Draxin,1.0,1.0,1.0,0.0,0.0,0.0,0.0,0.0
Mad2l2,1.0,1.0,1.0,0.0,0.0,0.0,0.0,0.0
Fbxo6,1.0,1.0,1.0,0.0,0.0,0.0,0.0,0.0
Fbxo44,1.0,1.0,1.0,0.0,0.0,0.0,0.0,0.0
Fbxo2,1.0,1.0,1.0,0.0,0.0,0.0,0.0,0.0
Ubiad1,1.0,1.0,1.0,0.0,0.0,0.0,0.0,0.0
Mtor,1.0,1.0,1.0,0.0,0.0,0.0,0.0,0.0
Angptl7,1.0,1.0,1.0,0.0,0.0,0.0,0.0,0.0
Exosc10,1.0,1.0,1.0,0.0,0.0,0.0,0.0,0.0
Srm,0.009501095540355024,0.029867793297539916,0.2615722360139493,-26.96853226802924,0.0,0.0,0.0,0.0
Tardbp,0.08856750257537103,0.4198490637342591,0.8822739356449067,0.0,0.0,0.0,0.0,0.0
Gm13203,1.0,1.0,1.0,0.0,0.0,0.0,0.0,0.0
Casz1,1.0,1.0,1.0,0.0,0.0,0.0,0.0,0.0
Gm13205,1.0,1.0,1.0,0.0,0.0,0.0,0.0,0.0
Pex14,1.0,1.0,1.0,0.0,0.0,0.0,0.0,0.0
Dffa,1.0,1.0,1.0,0.0,0.0,0.0,0.0,0.0
Cenps,0.002778685068188869,0.029867793297539916,0.2615722360139493,-27.082643020662694,0.0,0.0,0.0,0.0
Pgd,1.0,1.0,1.0,0.0,0.0,0.0,0.0,0.0
Kif1b,1.0,1.0,1.0,0.0,0.0,0.0,0.0,0.0
Ube4b,1.0,1.0,1.0,0.0,0.0,0.0,0.0,0.0
Rbp7,1.0,1.0,1.0,0.0,0.0,0.0,0.0,0.0
Nmnat1,1.0,1.0,1.0,0.0,0.0,0.0,0.0,0.0
Lzic,1.0,1.0,1.0,0.0,0.0,0.0,0.0,0.0
Ctnnbip1,1.0,1.0,1.0,0.0,0.0,0.0,0.0,0.0
Clstn1,1.0,1.0,1.0,0.0,0.0,0.0,0.0,0.0
Pik3cd,1.0,1.0,1.0,0.0,0.0,0.0,0.0,0.0
Tmem201,1.0,1.0,1.0,0.0,0.0,0.0,0.0,0.0
Slc25a33,0.2615722360139493,1.0,1.0,0.0,0.0,0.0,0.0,0.0
Spsb1,1.0,1.0,1.0,0.0,0.0,0.0,0.0,0.0
H6pd,1.0,1.0,1.0,0.0,0.0,0.0,0.0,0.0
Gpr157,1.0,1.0,1.0,0.0,0.0,0.0,0.0,0.0
Eno1,1.0,1.0,1.0,0.0,0.0,0.0,0.0,0.0
Rere,0.2615722360139493,1.0,1.0,0.0,0.0,0.0,0.0,0.0
Gm13091,1.0,1.0,1.0,0.0,0.0,0.0,0.0,0.0
Errfi1,1.0,1.0,1.0,0.0,0.0,0.0,0.0,0.0
Park7,0.11526553941414623,0.6238787012780821,1.0,-0.0795986396738183,0.04585548913632019,0.1724134955040179,0.6104874109871398,0.6310607729566969
Tnfrsf9,1.0,1.0,1.0,0.0,0.0,0.0,0.0,0.0
Camta1,1.0,1.0,1.0,0.0,0.0,0.0,0.0,0.0
Per3,1.0,1.0,1.0,0.0,0.0,0.0,0.0,0.0
Vamp3,0.2615722360139493,0.47495853988950676,1.0,0.0,0.0,0.0,0.0,0.0
Dnajc11,1.0,1.0,1.0,0.0,0.0,0.0,0.0,0.0
Thap3,1.0,1.0,1.0,0.0,0.0,0.0,0.0,0.0
Phf13,1.0,1.0,1.0,0.0,0.0,0.0,0.0,0.0
Klhl21,1.0,1.0,1.0,0.0,0.0,0.0,0.0,0.0
Zbtb48,1.0,1.0,1.0,0.0,0.0,0.0,0.0,0.0
Nol9,1.0,1.0,1.0,0.0,0.0,0.0,0.0,0.0
Plekhg5,1.0,1.0,1.0,0.0,0.0,0.0,0.0,0.0
Tnfrsf25,1.0,1.0,1.0,0.0,0.0,0.0,0.0,0.0
Espn,1.0,1.0,1.0,0.0,0.0,0.0,0.0,0.0
Acot7,1.0,1.0,1.0,0.0,0.0,0.0,0.0,0.0
Gpr153,1.0,1.0,1.0,0.0,0.0,0.0,0.0,0.0
Icmt,1.0,1.0,1.0,0.0,0.0,0.0,0.0,0.0
Rpl22,3.175359212510915e-05,0.0021592442645074223,0.06909581646423751,-0.11428634735164768,-0.08618103906226604,-0.05797328758328294,2.068400174816106,1.94916665171072
Kcnab2,1.0,1.0,1.0,0.0,0.0,0.0,0.0,0.0
Nphp4,1.0,1.0,1.0,0.0,0.0,0.0,0.0,0.0
A430005L14Rik,1.0,1.0,1.0,0.0,0.0,0.0,0.0,0.0
Dffb,1.0,1.0,1.0,0.0,0.0,0.0,0.0,0.0
Cep104,1.0,1.0,1.0,0.0,0.0,0.0,0.0,0.0
Lrrc47,1.0,1.0,1.0,0.0,0.0,0.0,0.0,0.0
Smim1,1.0,1.0,1.0,0.0,0.0,0.0,0.0,0.0
Trp73,1.0,1.0,1.0,0.0,0.0,0.0,0.0,0.0
Wrap73,1.0,1.0,1.0,0.0,0.0,0.0,0.0,0.0
Tprgl,0.029867793297539916,0.2615722360139493,1.0,0.0,0.0,0.0,0.0,0.0
Arhgef16,1.0,1.0,1.0,0.0,0.0,0.0,0.0,0.0
Prdm16,1.0,1.0,1.0,0.0,0.0,0.0,0.0,0.0
Prxl2b,1.0,1.0,1.0,0.0,0.0,0.0,0.0,0.0
Tnfrsf14,1.0,1.0,1.0,0.0,0.0,0.0,0.0,0.0
Pank4,1.0,1.0,1.0,0.0,0.0,0.0,0.0,0.0
Plch2,1.0,1.0,1.0,0.0,0.0,0.0,0.0,0.0
Pex10,1.0,1.0,1.0,0.0,0.0,0.0,0.0,0.0
Rer1,0.06909581646423751,0.3053901722632373,0.7920774787647853,-0.019857257041624714,0.10890972602826035,0.23355660183425814,0.5601838045784211,0.607254975284219
Morn1,1.0,1.0,1.0,0.0,0.0,0.0,0.0,0.0
Ski,1.0,1.0,1.0,0.0,0.0,0.0,0.0,0.0
Faap20,1.0,1.0,1.0,0.0,0.0,0.0,0.0,0.0
Prkcz,1.0,1.0,1.0,0.0,0.0,0.0,0.0,0.0
Gabrd,1.0,1.0,1.0,0.0,0.0,0.0,0.0,0.0
5830444B04Rik,1.0,1.0,1.0,0.0,0.0,0.0,0.0,0.0
Cfap74,1.0,1.0,1.0,0.0,0.0,0.0,0.0,0.0
Gnb1,0.1912448344137133,0.715864503000013,1.0,-28.16694791461024,-27.067139907393603,1.1059911496641905,0.227596684701833,0.0
Nadk,1.0,1.0,1.0,0.0,0.0,0.0,0.0,0.0
Slc35e2,1.0,1.0,1.0,0.0,0.0,0.0,0.0,0.0
Gm16023,1.0,1.0,1.0,0.0,0.0,0.0,0.0,0.0
Cdk11b,0.029358625853610324,0.08856750257537103,1.0,-0.6447249648690266,0.0,0.0,0.0,0.0
Mmp23,1.0,1.0,1.0,0.0,0.0,0.0,0.0,0.0
Mib2,1.0,1.0,1.0,0.0,0.0,0.0,0.0,0.0
Fndc10,1.0,1.0,1.0,0.0,0.0,0.0,0.0,0.0
Ssu72,0.010408775719352021,0.06876562653742763,0.28740948937448907,-28.58736626175451,-28.4426316391571,-0.7963066067271981,0.37165277727324086,0.0
1500002C15Rik,1.0,1.0,1.0,0.0,0.0,0.0,0.0,0.0
Tmem240,1.0,1.0,1.0,0.0,0.0,0.0,0.0,0.0
Atad3a,1.0,1.0,1.0,0.0,0.0,0.0,0.0,0.0
Atad3aos,1.0,1.0,1.0,0.0,0.0,0.0,0.0,0.0
Vwa1,1.0,1.0,1.0,0.0,0.0,0.0,0.0,0.0
Tmem88b,1.0,1.0,1.0,0.0,0.0,0.0,0.0,0.0
Mrpl20,0.00019052155275065493,0.012399777724855125,0.18134476462649837,0.09611174881160557,0.27791439986074207,0.4907115533998835,0.42875127226021204,0.5200235751035576
Ccnl2,0.009501095540355024,0.11654008118941092,0.5098433838583576,-28.074912210207547,-26.930551465599393,0.0,0.127909790472225,0.0
Aurkaip1,0.01709244610251351,0.17533508995949076,0.8468259210736391,-28.525688395733646,-0.21868009507028477,0.03163550303337588,0.39179787962242124,0.34230990789507537
Mxra8,1.0,1.0,1.0,0.0,0.0,0.0,0.0,0.0
Dvl1,1.0,1.0,1.0,0.0,0.0,0.0,0.0,0.0
Cptp,1.0,1.0,1.0,0.0,0.0,0.0,0.0,0.0
Ints11,1.0,1.0,1.0,0.0,0.0,0.0,0.0,0.0
Pusl1,1.0,1.0,1.0,0.0,0.0,0.0,0.0,0.0
Acap3,1.0,1.0,1.0,0.0,0.0,0.0,0.0,0.0
Ube2j2,0.029867793297539916,0.2615722360139493,1.0,0.0,0.0,0.0,0.0,0.0
C1qtnf12,1.0,1.0,1.0,0.0,0.0,0.0,0.0,0.0
B3galt6,1.0,1.0,1.0,0.0,0.0,0.0,0.0,0.0
Sdf4,0.0010637453361911566,0.020131777407319206,0.2082876875446535,-0.29700405402996527,-0.19702462318803185,-0.07422525243574062,0.665312349234009,0.5782200408322249
Tnfrsf4,1.0,1.0,1.0,0.0,0.0,0.0,0.0,0.0
Gm16008,1.0,1.0,1.0,0.0,0.0,0.0,0.0,0.0
Tnfrsf18,1.0,1.0,1.0,0.0,0.0,0.0,0.0,0.0
9430015G10Rik,1.0,1.0,1.0,0.0,0.0,0.0,0.0,0.0
Agrn,1.0,1.0,1.0,0.0,0.0,0.0,0.0,0.0
Isg15,1.0,1.0,1.0,0.0,0.0,0.0,0.0,0.0
AW011738,1.0,1.0,1.0,0.0,0.0,0.0,0.0,0.0
Plekhn1,1.0,1.0,1.0,0.0,0.0,0.0,0.0,0.0
Noc2l,1.0,1.0,1.0,0.0,0.0,0.0,0.0,0.0
Samd11,1.0,1.0,1.0,0.0,0.0,0.0,0.0,0.0
Cdk6,1.0,1.0,1.0,0.0,0.0,0.0,0.0,0.0
Fam133b,0.08856750257537103,1.0,1.0,0.0,0.0,0.0,0.0,0.0
Gm43017,1.0,1.0,1.0,0.0,0.0,0.0,0.0,0.0
1700109H08Rik,1.0,1.0,1.0,0.0,0.0,0.0,0.0,0.0
Rbm48,1.0,1.0,1.0,0.0,0.0,0.0,0.0,0.0
2510017J16Rik,1.0,1.0,1.0,0.0,0.0,0.0,0.0,0.0
Pex1,1.0,1.0,1.0,0.0,0.0,0.0,0.0,0.0
4833413G10Rik,1.0,1.0,1.0,0.0,0.0,0.0,0.0,0.0
Gatad1,0.08856750257537103,1.0,1.0,0.0,0.0,0.0,0.0,0.0
Ankib1,0.2615722360139493,1.0,1.0,0.0,0.0,0.0,0.0,0.0
Krit1,0.029867793297539916,0.08856750257537103,1.0,0.0,0.0,0.0,0.0,0.0
Mterf1a,1.0,1.0,1.0,0.0,0.0,0.0,0.0,0.0
Akap9,0.00017120035741584227,0.004667322155326527,0.07626789943800855,-28.51314175312093,-28.32103278265408,-28.197160723605442,0.33533615044848397,0.0
Gm43031,1.0,1.0,1.0,0.0,0.0,0.0,0.0,0.0
Cyp51,1.0,1.0,1.0,0.0,0.0,0.0,0.0,0.0
Mterf1b,1.0,1.0,1.0,0.0,0.0,0.0,0.0,0.0
Fzd1,1.0,1.0,1.0,0.0,0.0,0.0,0.0,0.0
Cdk14,1.0,1.0,1.0,0.0,0.0,0.0,0.0,0.0
Gm43112,1.0,1.0,1.0,0.0,0.0,0.0,0.0,0.0
Gm43113,1.0,1.0,1.0,0.0,0.0,0.0,0.0,0.0
Gm43111,1.0,1.0,1.0,0.0,0.0,0.0,0.0,0.0
Gm43623,1.0,1.0,1.0,0.0,0.0,0.0,0.0,0.0
Gm43727,1.0,1.0,1.0,0.0,0.0,0.0,0.0,0.0
Gm43728,1.0,1.0,1.0,0.0,0.0,0.0,0.0,0.0
Cldn12,1.0,1.0,1.0,0.0,0.0,0.0,0.0,0.0
Gtpbp10,1.0,1.0,1.0,0.0,0.0,0.0,0.0,0.0
Gm8773,1.0,1.0,1.0,0.0,0.0,0.0,0.0,0.0
Cfap69,1.0,1.0,1.0,0.0,0.0,0.0,0.0,0.0
Steap2,1.0,1.0,1.0,0.0,0.0,0.0,0.0,0.0
Steap1,1.0,1.0,1.0,0.0,0.0,0.0,0.0,0.0
Steap4,1.0,1.0,1.0,0.0,0.0,0.0,0.0,0.0
Sri,0.0027171818924305135,0.11820294448069384,0.8923068444410669,-28.24308809158704,-28.143436647522677,-0.7477257845390176,0.298913921628503,0.0
Adam22,1.0,1.0,1.0,0.0,0.0,0.0,0.0,0.0
Dbf4,1.0,1.0,1.0,0.0,0.0,0.0,0.0,0.0
Slc25a40,1.0,1.0,1.0,0.0,0.0,0.0,0.0,0.0
Rundc3b,1.0,1.0,1.0,0.0,0.0,0.0,0.0,0.0
Abcb1a,1.0,1.0,1.0,0.0,0.0,0.0,0.0,0.0
Gm5106,1.0,1.0,1.0,0.0,0.0,0.0,0.0,0.0
Abcb1b,0.47495853988950676,1.0,1.0,0.0,0.0,0.0,0.0,0.0
Abcb4,1.0,1.0,1.0,0.0,0.0,0.0,0.0,0.0
Crot,1.0,1.0,1.0,0.0,0.0,0.0,0.0,0.0
Tmem243,1.0,1.0,1.0,0.0,0.0,0.0,0.0,0.0
Dmtf1,1.0,1.0,1.0,0.0,0.0,0.0,0.0,0.0
Gm8879,1.0,1.0,1.0,0.0,0.0,0.0,0.0,0.0
Gm5861,1.0,1.0,1.0,0.0,0.0,0.0,0.0,0.0
Sema3d,1.0,1.0,1.0,0.0,0.0,0.0,0.0,0.0
Sema3a,1.0,1.0,1.0,0.0,0.0,0.0,0.0,0.0
Sema3e,1.0,1.0,1.0,0.0,0.0,0.0,0.0,0.0
Cacna2d1,1.0,1.0,1.0,0.0,0.0,0.0,0.0,0.0
Hgf,1.0,1.0,1.0,0.0,0.0,0.0,0.0,0.0
Gm28710,1.0,1.0,1.0,0.0,0.0,0.0,0.0,0.0
Sema3c,1.0,1.0,1.0,0.0,0.0,0.0,0.0,0.0
Cd36,1.0,1.0,1.0,0.0,0.0,0.0,0.0,0.0
Gnai1,1.0,1.0,1.0,0.0,0.0,0.0,0.0,0.0
4921504A21Rik,1.0,1.0,1.0,0.0,0.0,0.0,0.0,0.0
Magi2,1.0,1.0,1.0,0.0,0.0,0.0,0.0,0.0
Phtf2,1.0,1.0,1.0,0.0,0.0,0.0,0.0,0.0
Tmem60,1.0,1.0,1.0,0.0,0.0,0.0,0.0,0.0
Rsbn1l,0.013617406218577212,0.18199590852786351,0.7826235030086005,-28.35474398873416,-28.195797585713564,-0.8264922187658643,0.31091922149163376,0.0
A630072M18Rik,1.0,1.0,1.0,0.0,0.0,0.0,0.0,0.0
Ptpn12,1.0,1.0,1.0,0.0,0.0,0.0,0.0,0.0
Gsap,1.0,1.0,1.0,0.0,0.0,0.0,0.0,0.0
Ccdc146,1.0,1.0,1.0,0.0,0.0,0.0,0.0,0.0
Fgl2,0.15351977021153562,0.47495853988950676,1.0,0.0,0.0,0.0,0.0,0.0
Fam185a,1.0,1.0,1.0,0.0,0.0,0.0,0.0,0.0
Lrrc17,1.0,1.0,1.0,0.0,0.0,0.0,0.0,0.0
Armc10,1.0,1.0,1.0,0.0,0.0,0.0,0.0,0.0
Napepld,1.0,1.0,1.0,0.0,0.0,0.0,0.0,0.0
Pmpcb,0.2615722360139493,1.0,1.0,0.0,0.0,0.0,0.0,0.0
Dnajc2,0.2615722360139493,1.0,1.0,0.0,0.0,0.0,0.0,0.0
Psmc2,0.002778685068188869,0.07598867855418287,0.7670968684102772,-27.872674246816086,0.0,0.0,0.0,0.0
Reln,1.0,1.0,1.0,0.0,0.0,0.0,0.0,0.0
Orc5,1.0,1.0,1.0,0.0,0.0,0.0,0.0,0.0
6030443J06Rik,1.0,1.0,1.0,0.0,0.0,0.0,0.0,0.0
Lhfpl3,1.0,1.0,1.0,0.0,0.0,0.0,0.0,0.0
5031425E22Rik,0.24358719210948698,0.7513591117305192,0.9638969075506822,-27.08162991401641,0.0,0.0,0.0,0.0
Kmt2e,0.00011113757243788204,0.0010637453361911566,0.012399777724855125,0.37583590794035754,0.55900954409362,0.7567045164408327,0.5362499290624962,0.7884613535095668
Srpk2,0.03939210869626452,0.33357144581546977,0.9689946775534558,-28.445297962819456,-0.188933170161977,0.08452654984622242,0.3786572293832685,0.33447729899871514
Gm43566,1.0,1.0,1.0,0.0,0.0,0.0,0.0,0.0
AI506816,1.0,1.0,1.0,0.0,0.0,0.0,0.0,0.0
Pus7,1.0,1.0,1.0,0.0,0.0,0.0,0.0,0.0
Rint1,1.0,1.0,1.0,0.0,0.0,0.0,0.0,0.0
Tomm7,0.1568627450980392,0.42686353893784235,1.0,-0.2156343231756423,-0.09577996973941835,0.04507356084884241,0.7651235203958153,0.7132342993217905
2700038G22Rik,0.08856750257537103,1.0,1.0,0.0,0.0,0.0,0.0,0.0
Fam126a,1.0,1.0,1.0,0.0,0.0,0.0,0.0,0.0
Klhl7,1.0,1.0,1.0,0.0,0.0,0.0,0.0,0.0
Nupl2,1.0,1.0,1.0,0.0,0.0,0.0,0.0,0.0
Nos3,1.0,1.0,1.0,0.0,0.0,0.0,0.0,0.0
Atg9b,1.0,1.0,1.0,0.0,0.0,0.0,0.0,0.0
Abcb8,1.0,1.0,1.0,0.0,0.0,0.0,0.0,0.0
Cdk5,1.0,1.0,1.0,0.0,0.0,0.0,0.0,0.0
Slc4a2,1.0,1.0,1.0,0.0,0.0,0.0,0.0,0.0
Fastk,1.0,1.0,1.0,0.0,0.0,0.0,0.0,0.0
Tmub1,1.0,1.0,1.0,0.0,0.0,0.0,0.0,0.0
2310074N15Rik,1.0,1.0,1.0,0.0,0.0,0.0,0.0,0.0
Agap3,1.0,1.0,1.0,0.0,0.0,0.0,0.0,0.0
Gbx1,1.0,1.0,1.0,0.0,0.0,0.0,0.0,0.0
Abcf2,1.0,1.0,1.0,0.0,0.0,0.0,0.0,0.0
Chpf2,1.0,1.0,1.0,0.0,0.0,0.0,0.0,0.0
Smarcd3,1.0,1.0,1.0,0.0,0.0,0.0,0.0,0.0
Nub1,0.009501095540355024,0.08856750257537103,0.7670968684102772,-26.759659386034855,0.0,0.0,0.0,0.0
Gm26648,1.0,1.0,1.0,0.0,0.0,0.0,0.0,0.0
Wdr86,1.0,1.0,1.0,0.0,0.0,0.0,0.0,0.0
Crygn,1.0,1.0,1.0,0.0,0.0,0.0,0.0,0.0
Rheb,0.00047630388187663733,0.015860919266492024,0.09788044772564897,0.2255599290771162,0.3448375163206746,0.5017506764595494,0.4489480614825132,0.5685041110027126
Prkag2,1.0,1.0,1.0,0.0,0.0,0.0,0.0,0.0
2900005J15Rik,1.0,1.0,1.0,0.0,0.0,0.0,0.0,0.0
Galnt11,1.0,1.0,1.0,0.0,0.0,0.0,0.0,0.0
Kmt2c,1.0,1.0,1.0,0.0,0.0,0.0,0.0,0.0
1700096K18Rik,1.0,1.0,1.0,0.0,0.0,0.0,0.0,0.0
Gm10062,1.0,1.0,1.0,0.0,0.0,0.0,0.0,0.0
Xrcc2,1.0,1.0,1.0,0.0,0.0,0.0,0.0,0.0
Actr3b,1.0,1.0,1.0,0.0,0.0,0.0,0.0,0.0
Paxip1,1.0,1.0,1.0,0.0,0.0,0.0,0.0,0.0
Insig1,0.2615722360139493,0.2615722360139493,1.0,0.0,0.0,0.0,0.0,0.0
En2,1.0,1.0,1.0,0.0,0.0,0.0,0.0,0.0
Rbm33,0.2615722360139493,1.0,1.0,0.0,0.0,0.0,0.0,0.0
Rnf32,1.0,1.0,1.0,0.0,0.0,0.0,0.0,0.0
Lmbr1,1.0,1.0,1.0,0.0,0.0,0.0,0.0,0.0
Nom1,1.0,1.0,1.0,0.0,0.0,0.0,0.0,0.0
Ube3c,1.0,1.0,1.0,0.0,0.0,0.0,0.0,0.0
Gm5129,1.0,1.0,1.0,0.0,0.0,0.0,0.0,0.0
Dnajb6,0.0015241724220052392,0.03142017940779551,0.24537747167114454,0.29799734065173544,0.46000647345914236,0.6253270072921379,0.35526091439233076,0.4878653690040132
Il6,1.0,1.0,1.0,0.0,0.0,0.0,0.0,0.0
Tyms,1.0,1.0,1.0,0.0,0.0,0.0,0.0,0.0
Hadha,0.029867793297539916,0.2615722360139493,1.0,0.0,0.0,0.0,0.0,0.0
Hadhb,0.06354829535718076,0.5098433838583576,0.9595657057843286,-26.6209720516865,0.0,0.0,0.0,0.0
Selenoi,1.0,1.0,1.0,0.0,0.0,0.0,0.0,0.0
Otof,1.0,1.0,1.0,0.0,0.0,0.0,0.0,0.0
Slc35f6,1.0,1.0,1.0,0.0,0.0,0.0,0.0,0.0
Cenpa,1.0,1.0,1.0,0.0,0.0,0.0,0.0,0.0
Mapre3,1.0,1.0,1.0,0.0,0.0,0.0,0.0,0.0
Gm19409,1.0,1.0,1.0,0.0,0.0,0.0,0.0,0.0
Tmem214,0.009501095540355024,0.029867793297539916,0.29147411368370935,-26.848075565588143,0.0,0.0,0.0,0.0
Agbl5,1.0,1.0,1.0,0.0,0.0,0.0,0.0,0.0
Ost4,0.0010637453361911566,0.02524410573946178,0.1568627450980392,0.0456200007719657,0.10555026190305898,0.1642365065157637,1.2451135717570252,1.34235928947984
Emilin1,1.0,1.0,1.0,0.0,0.0,0.0,0.0,0.0
Khk,1.0,1.0,1.0,0.0,0.0,0.0,0.0,0.0
Cgref1,1.0,1.0,1.0,0.0,0.0,0.0,0.0,0.0
Preb,0.029867793297539916,0.2615722360139493,1.0,0.0,0.0,0.0,0.0,0.0
Slc5a6,1.0,1.0,1.0,0.0,0.0,0.0,0.0,0.0
Atraid,0.025222573436938574,0.25761486761223984,0.9242203280316527,-28.239965173384874,-28.04588172651056,0.0,0.27917155347584377,0.0
Cad,1.0,1.0,1.0,0.0,0.0,0.0,0.0,0.0
Mpv17,1.0,1.0,1.0,0.0,0.0,0.0,0.0,0.0
Gtf3c2,1.0,1.0,1.0,0.0,0.0,0.0,0.0,0.0
Eif2b4,1.0,1.0,1.0,0.0,0.0,0.0,0.0,0.0
Snx17,0.08856750257537103,0.2615722360139493,1.0,0.0,0.0,0.0,0.0,0.0
Zfp513,1.0,1.0,1.0,0.0,0.0,0.0,0.0,0.0
Ppm1g,0.2615722360139493,0.2615722360139493,1.0,0.0,0.0,0.0,0.0,0.0
Gm9970,1.0,1.0,1.0,0.0,0.0,0.0,0.0,0.0
Nrbp1,0.08856750257537103,0.2615722360139493,0.8822739356449067,0.0,0.0,0.0,0.0,0.0
Krtcap3,1.0,1.0,1.0,0.0,0.0,0.0,0.0,0.0
Ift172,1.0,1.0,1.0,0.0,0.0,0.0,0.0,0.0
Fndc4,1.0,1.0,1.0,0.0,0.0,0.0,0.0,0.0
Zfp512,1.0,1.0,1.0,0.0,0.0,0.0,0.0,0.0
Gpn1,1.0,1.0,1.0,0.0,0.0,0.0,0.0,0.0
Supt7l,1.0,1.0,1.0,0.0,0.0,0.0,0.0,0.0
Slc4a1ap,1.0,1.0,1.0,0.0,0.0,0.0,0.0,0.0
Gm43660,1.0,1.0,1.0,0.0,0.0,0.0,0.0,0.0
AI839979,1.0,1.0,1.0,0.0,0.0,0.0,0.0,0.0
Mrpl33,0.028688810319848834,0.3354105003875558,0.9242203280316527,-27.872674246816086,0.0,0.0,0.0,0.0
Rbks,1.0,1.0,1.0,0.0,0.0,0.0,0.0,0.0
Babam2,1.0,1.0,1.0,0.0,0.0,0.0,0.0,0.0
Fosl2,1.0,1.0,1.0,0.0,0.0,0.0,0.0,0.0
Ppp1cb,0.08856750257537103,1.0,1.0,0.0,0.0,0.0,0.0,0.0
Gm15614,1.0,1.0,1.0,0.0,0.0,0.0,0.0,0.0
Yes1,1.0,1.0,1.0,0.0,0.0,0.0,0.0,0.0
Pisd,1.0,1.0,1.0,0.0,0.0,0.0,0.0,0.0
Prr14l,1.0,1.0,1.0,0.0,0.0,0.0,0.0,0.0
Depdc5,1.0,1.0,1.0,0.0,0.0,0.0,0.0,0.0
Ywhah,0.4393046852484172,0.8822739356449067,0.8822739356449067,0.0,0.0,0.0,0.0,0.0
Slc5a1,1.0,1.0,1.0,0.0,0.0,0.0,0.0,0.0
Spon2,1.0,1.0,1.0,0.0,0.0,0.0,0.0,0.0
Ctbp1,0.029867793297539916,0.2615722360139493,1.0,0.0,0.0,0.0,0.0,0.0
Maea,1.0,1.0,1.0,0.0,0.0,0.0,0.0,0.0
Uvssa,1.0,1.0,1.0,0.0,0.0,0.0,0.0,0.0
Fam53a,1.0,1.0,1.0,0.0,0.0,0.0,0.0,0.0
Slbp,0.2615722360139493,1.0,1.0,0.0,0.0,0.0,0.0,0.0
Tmem129,1.0,1.0,1.0,0.0,0.0,0.0,0.0,0.0
Tacc3,1.0,1.0,1.0,0.0,0.0,0.0,0.0,0.0
Fgfr3,1.0,1.0,1.0,0.0,0.0,0.0,0.0,0.0
Letm1,1.0,1.0,1.0,0.0,0.0,0.0,0.0,0.0
Nsd2,1.0,1.0,1.0,0.0,0.0,0.0,0.0,0.0
Nelfa,1.0,1.0,1.0,0.0,0.0,0.0,0.0,0.0
Gm1673,1.0,1.0,1.0,0.0,0.0,0.0,0.0,0.0
Nat8l,1.0,1.0,1.0,0.0,0.0,0.0,0.0,0.0
Haus3,0.0007335473709934008,0.002778685068188869,0.009519129491436741,-28.24767294999359,-28.091737157740546,-27.008475673100413,0.286058932263619,0.0
Mxd4,0.009557831229657855,0.1220477581415404,0.6671736522987992,0.12857583547250034,0.4639490148533002,0.7012644224126616,0.31977036123976776,0.4403405621200015
Zfyve28,1.0,1.0,1.0,0.0,0.0,0.0,0.0,0.0
Gm15513,1.0,1.0,1.0,0.0,0.0,0.0,0.0,0.0
Rnf4,0.029867793297539916,0.2615722360139493,1.0,0.0,0.0,0.0,0.0,0.0
Fam193a,1.0,1.0,1.0,0.0,0.0,0.0,0.0,0.0
Tnip2,1.0,1.0,1.0,0.0,0.0,0.0,0.0,0.0
Sh3bp2,1.0,1.0,1.0,0.0,0.0,0.0,0.0,0.0
Add1,1.0,1.0,1.0,0.0,0.0,0.0,0.0,0.0
Mfsd10,0.2615722360139493,1.0,1.0,0.0,0.0,0.0,0.0,0.0
Nop14,1.0,1.0,1.0,0.0,0.0,0.0,0.0,0.0
Grk4,1.0,1.0,1.0,0.0,0.0,0.0,0.0,0.0
Htt,1.0,1.0,1.0,0.0,0.0,0.0,0.0,0.0
Msantd1,1.0,1.0,1.0,0.0,0.0,0.0,0.0,0.0
Rgs12,1.0,1.0,1.0,0.0,0.0,0.0,0.0,0.0
Hgfac,1.0,1.0,1.0,0.0,0.0,0.0,0.0,0.0
Dok7,1.0,1.0,1.0,0.0,0.0,0.0,0.0,0.0
Lrpap1,0.08856750257537103,1.0,1.0,0.0,0.0,0.0,0.0,0.0
Cpz,1.0,1.0,1.0,0.0,0.0,0.0,0.0,0.0
Trmt44,1.0,1.0,1.0,0.0,0.0,0.0,0.0,0.0
Acox3,1.0,1.0,1.0,0.0,0.0,0.0,0.0,0.0
Htra3,1.0,1.0,1.0,0.0,0.0,0.0,0.0,0.0
Sh3tc1,1.0,1.0,1.0,0.0,0.0,0.0,0.0,0.0
Ablim2,1.0,1.0,1.0,0.0,0.0,0.0,0.0,0.0
Afap1,1.0,1.0,1.0,0.0,0.0,0.0,0.0,0.0
Sorcs2,1.0,1.0,1.0,0.0,0.0,0.0,0.0,0.0
2210406O10Rik,1.0,1.0,1.0,0.0,0.0,0.0,0.0,0.0
Grpel1,0.22815764959026427,0.715864503000013,1.0,-28.258271382505107,0.019687821069988516,0.4485820491259755,0.3170316594468909,0.3107622306045984
Tada2b,1.0,1.0,1.0,0.0,0.0,0.0,0.0,0.0
Tbc1d14,1.0,1.0,1.0,0.0,0.0,0.0,0.0,0.0
D5Ertd579e,1.0,1.0,1.0,0.0,0.0,0.0,0.0,0.0
Bloc1s4,1.0,1.0,1.0,0.0,0.0,0.0,0.0,0.0
Mrfap1,0.08249583234103358,0.42686353893784235,0.9699293482575216,-0.21843143385814073,-0.1096952166802449,0.0026699440593591925,0.6980517209432793,0.6472279886479771
Man2b2,1.0,1.0,1.0,0.0,0.0,0.0,0.0,0.0
Ppp2r2c,1.0,1.0,1.0,0.0,0.0,0.0,0.0,0.0
Wfs1,1.0,1.0,1.0,0.0,0.0,0.0,0.0,0.0
Jakmip1,1.0,1.0,1.0,0.0,0.0,0.0,0.0,0.0
Crmp1,1.0,1.0,1.0,0.0,0.0,0.0,0.0,0.0
Evc,1.0,1.0,1.0,0.0,0.0,0.0,0.0,0.0
Evc2,1.0,1.0,1.0,0.0,0.0,0.0,0.0,0.0
Msx1,1.0,1.0,1.0,0.0,0.0,0.0,0.0,0.0
Stx18,1.0,1.0,1.0,0.0,0.0,0.0,0.0,0.0
Nsg1,1.0,1.0,1.0,0.0,0.0,0.0,0.0,0.0
Zbtb49,1.0,1.0,1.0,0.0,0.0,0.0,0.0,0.0
Lyar,0.029867793297539916,0.08856750257537103,0.08856750257537103,0.0,0.0,0.0,0.0,0.0
Tmem128,0.00033168419378085557,0.0039116228596311,0.04729731858527807,-28.47819841867892,-28.34167784552801,-28.205917830066905,0.34028857664427914,0.0
Slc2a9,1.0,1.0,1.0,0.0,0.0,0.0,0.0,0.0
Wdr1,1.0,1.0,1.0,0.0,0.0,0.0,0.0,0.0
Zfp518b,1.0,1.0,1.0,0.0,0.0,0.0,0.0,0.0
Clnk,1.0,1.0,1.0,0.0,0.0,0.0,0.0,0.0
Hs3st1,1.0,1.0,1.0,0.0,0.0,0.0,0.0,0.0
Rab28,1.0,1.0,1.0,0.0,0.0,0.0,0.0,0.0
Bod1l,0.029867793297539916,0.08856750257537103,0.7670968684102772,0.0,0.0,0.0,0.0,0.0
Gm16223,1.0,1.0,1.0,0.0,0.0,0.0,0.0,0.0
Cpeb2,0.009501095540355024,0.029867793297539916,0.2615722360139493,-26.861543477244094,0.0,0.0,0.0,0.0
C1qtnf7,1.0,1.0,1.0,0.0,0.0,0.0,0.0,0.0
Cc2d2a,1.0,1.0,1.0,0.0,0.0,0.0,0.0,0.0
Fbxl5,1.0,1.0,1.0,0.0,0.0,0.0,0.0,0.0
Bst1,1.0,1.0,1.0,0.0,0.0,0.0,0.0,0.0
Cd38,1.0,1.0,1.0,0.0,0.0,0.0,0.0,0.0
Fgfbp1,1.0,1.0,1.0,0.0,0.0,0.0,0.0,0.0
Prom1,1.0,1.0,1.0,0.0,0.0,0.0,0.0,0.0
Gm42716,1.0,1.0,1.0,0.0,0.0,0.0,0.0,0.0
Tapt1,1.0,1.0,1.0,0.0,0.0,0.0,0.0,0.0
Gm42984,1.0,1.0,1.0,0.0,0.0,0.0,0.0,0.0
Ldb2,1.0,1.0,1.0,0.0,0.0,0.0,0.0,0.0
Qdpr,1.0,1.0,1.0,0.0,0.0,0.0,0.0,0.0
Lap3,0.2615722360139493,0.2615722360139493,1.0,0.0,0.0,0.0,0.0,0.0
Med28,0.029867793297539916,0.08856750257537103,0.7670968684102772,0.0,0.0,0.0,0.0,0.0
Ncapg,1.0,1.0,1.0,0.0,0.0,0.0,0.0,0.0
Lcorl,0.2615722360139493,1.0,1.0,0.0,0.0,0.0,0.0,0.0
Slit2,1.0,1.0,1.0,0.0,0.0,0.0,0.0,0.0
5730480H06Rik,1.0,1.0,1.0,0.0,0.0,0.0,0.0,0.0
Adgra3,1.0,1.0,1.0,0.0,0.0,0.0,0.0,0.0
Ppargc1a,1.0,1.0,1.0,0.0,0.0,0.0,0.0,0.0
Dhx15,0.08856750257537103,0.47495853988950676,1.0,0.0,0.0,0.0,0.0,0.0
9230114K14Rik,1.0,1.0,1.0,0.0,0.0,0.0,0.0,0.0
Sod3,1.0,1.0,1.0,0.0,0.0,0.0,0.0,0.0
Ccdc149,1.0,1.0,1.0,0.0,0.0,0.0,0.0,0.0
Lgi2,1.0,1.0,1.0,0.0,0.0,0.0,0.0,0.0
8030423F21Rik,1.0,1.0,1.0,0.0,0.0,0.0,0.0,0.0
Sepsecs,1.0,1.0,1.0,0.0,0.0,0.0,0.0,0.0
Pi4k2b,1.0,1.0,1.0,0.0,0.0,0.0,0.0,0.0
Zcchc4,1.0,1.0,1.0,0.0,0.0,0.0,0.0,0.0
Anapc4,1.0,1.0,1.0,0.0,0.0,0.0,0.0,0.0
Sel1l3,1.0,1.0,1.0,0.0,0.0,0.0,0.0,0.0
Smim20,1.0,1.0,1.0,0.0,0.0,0.0,0.0,0.0
Rbpj,1.0,1.0,1.0,0.0,0.0,0.0,0.0,0.0
Tbc1d19,1.0,1.0,1.0,0.0,0.0,0.0,0.0,0.0
Stim2,1.0,1.0,1.0,0.0,0.0,0.0,0.0,0.0
4932441J04Rik,1.0,1.0,1.0,0.0,0.0,0.0,0.0,0.0
Pcdh7,1.0,1.0,1.0,0.0,0.0,0.0,0.0,0.0
Arap2,1.0,1.0,1.0,0.0,0.0,0.0,0.0,0.0
0610040J01Rik,1.0,1.0,1.0,0.0,0.0,0.0,0.0,0.0
Rell1,1.0,1.0,1.0,0.0,0.0,0.0,0.0,0.0
5830416I19Rik,1.0,1.0,1.0,0.0,0.0,0.0,0.0,0.0
Pgm2,1.0,1.0,1.0,0.0,0.0,0.0,0.0,0.0
Tbc1d1,0.9868739634972384,1.0,1.0,0.0,0.0,0.0,0.0,0.0
Gm3716,1.0,1.0,1.0,0.0,0.0,0.0,0.0,0.0
Gm20033,1.0,1.0,1.0,0.0,0.0,0.0,0.0,0.0
Klf3,1.0,1.0,1.0,0.0,0.0,0.0,0.0,0.0
Tlr1,1.0,1.0,1.0,0.0,0.0,0.0,0.0,0.0
Tlr6,1.0,1.0,1.0,0.0,0.0,0.0,0.0,0.0
Fam114a1,1.0,1.0,1.0,0.0,0.0,0.0,0.0,0.0
Tmem156,1.0,1.0,1.0,0.0,0.0,0.0,0.0,0.0
Klhl5,1.0,1.0,1.0,0.0,0.0,0.0,0.0,0.0
Wdr19,1.0,1.0,1.0,0.0,0.0,0.0,0.0,0.0
Rfc1,1.0,1.0,1.0,0.0,0.0,0.0,0.0,0.0
Rpl9,0.005493371437643883,0.08249583234103358,0.34416011748828995,0.011753864960385958,0.0414530781513528,0.06752741029205243,2.26410297886775,2.331222230598886
Lias,1.0,1.0,1.0,0.0,0.0,0.0,0.0,0.0
Ugdh,1.0,1.0,1.0,0.0,0.0,0.0,0.0,0.0
Smim14,0.47495853988950676,1.0,1.0,0.0,0.0,0.0,0.0,0.0
Ube2k,0.002778685068188869,0.029254565586406815,0.3887558059849098,-28.041995797010898,-26.723635295752953,0.0,0.1108194048024755,0.0
Gm42726,1.0,1.0,1.0,0.0,0.0,0.0,0.0,0.0
Pds5a,0.2615722360139493,1.0,1.0,0.0,0.0,0.0,0.0,0.0
N4bp2os,1.0,1.0,1.0,0.0,0.0,0.0,0.0,0.0
N4bp2,1.0,1.0,1.0,0.0,0.0,0.0,0.0,0.0
Rhoh,0.19336806472937995,0.7039203384624914,1.0,-28.06160940614522,-1.2764309368679694,26.13655916546649,0.25662222475457497,0.08136895702139675
9130230L23Rik,1.0,1.0,1.0,0.0,0.0,0.0,0.0,0.0
Rbm47,0.08856750257537103,0.2615722360139493,1.0,0.0,0.0,0.0,0.0,0.0
Apbb2,1.0,1.0,1.0,0.0,0.0,0.0,0.0,0.0
Uchl1,1.0,1.0,1.0,0.0,0.0,0.0,0.0,0.0
Limch1,1.0,1.0,1.0,0.0,0.0,0.0,0.0,0.0
Gm42670,1.0,1.0,1.0,0.0,0.0,0.0,0.0,0.0
Tmem33,0.08856750257537103,0.2615722360139493,1.0,0.0,0.0,0.0,0.0,0.0
Slc30a9,1.0,1.0,1.0,0.0,0.0,0.0,0.0,0.0
Bend4,1.0,1.0,1.0,0.0,0.0,0.0,0.0,0.0
Gm26756,1.0,1.0,1.0,0.0,0.0,0.0,0.0,0.0
Shisa3,1.0,1.0,1.0,0.0,0.0,0.0,0.0,0.0
Atp8a1,1.0,1.0,1.0,0.0,0.0,0.0,0.0,0.0
Guf1,1.0,1.0,1.0,0.0,0.0,0.0,0.0,0.0
Gnpda2,1.0,1.0,1.0,0.0,0.0,0.0,0.0,0.0
Gabra4,1.0,1.0,1.0,0.0,0.0,0.0,0.0,0.0
Commd8,1.0,1.0,1.0,0.0,0.0,0.0,0.0,0.0
Nfxl1,0.2615722360139493,1.0,1.0,0.0,0.0,0.0,0.0,0.0
Nipal1,1.0,1.0,1.0,0.0,0.0,0.0,0.0,0.0
Txk,1.0,1.0,1.0,0.0,0.0,0.0,0.0,0.0
Tec,1.0,1.0,1.0,0.0,0.0,0.0,0.0,0.0
Slain2,1.0,1.0,1.0,0.0,0.0,0.0,0.0,0.0
Fryl,1.0,1.0,1.0,0.0,0.0,0.0,0.0,0.0
Ociad1,0.029867793297539916,0.08856750257537103,0.2615722360139493,0.0,0.0,0.0,0.0,0.0
Ociad2,1.0,1.0,1.0,0.0,0.0,0.0,0.0,0.0
Cwh43,1.0,1.0,1.0,0.0,0.0,0.0,0.0,0.0
Dcun1d4,1.0,1.0,1.0,0.0,0.0,0.0,0.0,0.0
Lrrc66,1.0,1.0,1.0,0.0,0.0,0.0,0.0,0.0
Sgcb,1.0,1.0,1.0,0.0,0.0,0.0,0.0,0.0
Usp46,1.0,1.0,1.0,0.0,0.0,0.0,0.0,0.0
Dancr,1.0,1.0,1.0,0.0,0.0,0.0,0.0,0.0
Rasl11b,1.0,1.0,1.0,0.0,0.0,0.0,0.0,0.0
Scfd2,1.0,1.0,1.0,0.0,0.0,0.0,0.0,0.0
Fip1l1,0.029867793297539916,0.08856750257537103,0.2615722360139493,0.0,0.0,0.0,0.0,0.0
Lnx1,1.0,1.0,1.0,0.0,0.0,0.0,0.0,0.0
Chic2,0.18199590852786351,0.715864503000013,1.0,-28.198092259461585,-27.38760656976186,1.075645241948698,0.2618877526379555,0.0
Pdgfra,1.0,1.0,1.0,0.0,0.0,0.0,0.0,0.0
Kit,1.0,1.0,1.0,0.0,0.0,0.0,0.0,0.0
Gm43101,1.0,1.0,1.0,0.0,0.0,0.0,0.0,0.0
Kdr,1.0,1.0,1.0,0.0,0.0,0.0,0.0,0.0
Srd5a3,1.0,1.0,1.0,0.0,0.0,0.0,0.0,0.0
Tmem165,0.029867793297539916,0.08856750257537103,0.8822739356449067,0.0,0.0,0.0,0.0,0.0
Clock,1.0,1.0,1.0,0.0,0.0,0.0,0.0,0.0
Gm7467,1.0,1.0,1.0,0.0,0.0,0.0,0.0,0.0
Exoc1,1.0,1.0,1.0,0.0,0.0,0.0,0.0,0.0
Cep135,1.0,1.0,1.0,0.0,0.0,0.0,0.0,0.0
C530008M17Rik,1.0,1.0,1.0,0.0,0.0,0.0,0.0,0.0
Aasdh,1.0,1.0,1.0,0.0,0.0,0.0,0.0,0.0
Ppat,1.0,1.0,1.0,0.0,0.0,0.0,0.0,0.0
Paics,1.0,1.0,1.0,0.0,0.0,0.0,0.0,0.0
Srp72,0.04441620689207324,0.21093556161598892,0.6992005843584451,-28.523464068556045,-0.34572533624755075,-0.05261753692874428,0.4089233167620635,0.3275895933929134
Hopx,1.0,1.0,1.0,0.0,0.0,0.0,0.0,0.0
Hopxos,1.0,1.0,1.0,0.0,0.0,0.0,0.0,0.0
Spink2,1.0,1.0,1.0,0.0,0.0,0.0,0.0,0.0
Rest,1.0,1.0,1.0,0.0,0.0,0.0,0.0,0.0
Noa1,1.0,1.0,1.0,0.0,0.0,0.0,0.0,0.0
Polr2b,1.0,1.0,1.0,0.0,0.0,0.0,0.0,0.0
Igfbp7,1.0,1.0,1.0,0.0,0.0,0.0,0.0,0.0
Adgrl3,1.0,1.0,1.0,0.0,0.0,0.0,0.0,0.0
Epha5,1.0,1.0,1.0,0.0,0.0,0.0,0.0,0.0
Cenpc1,1.0,1.0,1.0,0.0,0.0,0.0,0.0,0.0
Stap1,1.0,1.0,1.0,0.0,0.0,0.0,0.0,0.0
Uba6,1.0,1.0,1.0,0.0,0.0,0.0,0.0,0.0
Ythdc1,0.026352296222617297,0.4416039908528433,0.9663185553224448,-28.042771683716182,-26.146891944835062,0.0,0.0743017021449225,0.0
Ugt2b34,1.0,1.0,1.0,0.0,0.0,0.0,0.0,0.0
Ugt2b35,1.0,1.0,1.0,0.0,0.0,0.0,0.0,0.0
Ugt2b5,1.0,1.0,1.0,0.0,0.0,0.0,0.0,0.0
Sult1b1,1.0,1.0,1.0,0.0,0.0,0.0,0.0,0.0
Sult1d1,1.0,1.0,1.0,0.0,0.0,0.0,0.0,0.0
Csn3,1.0,1.0,1.0,0.0,0.0,0.0,0.0,0.0
Jchain,0.2082876875446535,0.6784313725490196,1.0,-0.008092900482768709,0.0014028156999232842,0.012845864050694373,6.5568186482857005,6.5650447852062035
Utp3,0.08856750257537103,0.2615722360139493,1.0,0.0,0.0,0.0,0.0,0.0
Rufy3,0.2615722360139493,1.0,1.0,0.0,0.0,0.0,0.0,0.0
Grsf1,1.0,1.0,1.0,0.0,0.0,0.0,0.0,0.0
Mob1b,1.0,1.0,1.0,0.0,0.0,0.0,0.0,0.0
Dck,1.0,1.0,1.0,0.0,0.0,0.0,0.0,0.0
Slc4a4,1.0,1.0,1.0,0.0,0.0,0.0,0.0,0.0
Adamts3,1.0,1.0,1.0,0.0,0.0,0.0,0.0,0.0
Cox18,1.0,1.0,1.0,0.0,0.0,0.0,0.0,0.0
Ankrd17,0.2615722360139493,1.0,1.0,0.0,0.0,0.0,0.0,0.0
Gm9958,1.0,1.0,1.0,0.0,0.0,0.0,0.0,0.0
Rassf6,1.0,1.0,1.0,0.0,0.0,0.0,0.0,0.0
Cxcl5,1.0,1.0,1.0,0.0,0.0,0.0,0.0,0.0
Pf4,1.0,1.0,1.0,0.0,0.0,0.0,0.0,0.0
Cxcl3,1.0,1.0,1.0,0.0,0.0,0.0,0.0,0.0
Cxcl1,1.0,1.0,1.0,0.0,0.0,0.0,0.0,0.0
Cxcl2,0.2615722360139493,1.0,1.0,0.0,0.0,0.0,0.0,0.0
Mthfd2l,1.0,1.0,1.0,0.0,0.0,0.0,0.0,0.0
Ereg,1.0,1.0,1.0,0.0,0.0,0.0,0.0,0.0
Areg,1.0,1.0,1.0,0.0,0.0,0.0,0.0,0.0
Btc,1.0,1.0,1.0,0.0,0.0,0.0,0.0,0.0
Parm1,1.0,1.0,1.0,0.0,0.0,0.0,0.0,0.0
Rchy1,0.08856750257537103,0.2615722360139493,1.0,0.0,0.0,0.0,0.0,0.0
Cdkl2,1.0,1.0,1.0,0.0,0.0,0.0,0.0,0.0
G3bp2,0.029867793297539916,0.08856750257537103,0.2615722360139493,0.0,0.0,0.0,0.0,0.0
Uso1,0.006056837215839618,0.13525118892898313,0.7941754547793709,-28.14705476459339,-27.95776041305721,0.0,0.2608361336792475,0.0
Ppef2,1.0,1.0,1.0,0.0,0.0,0.0,0.0,0.0
Naaa,1.0,1.0,1.0,0.0,0.0,0.0,0.0,0.0
Sdad1,1.0,1.0,1.0,0.0,0.0,0.0,0.0,0.0
Cxcl9,1.0,1.0,1.0,0.0,0.0,0.0,0.0,0.0
Art3,1.0,1.0,1.0,0.0,0.0,0.0,0.0,0.0
Cxcl10,1.0,1.0,1.0,0.0,0.0,0.0,0.0,0.0
Nup54,1.0,1.0,1.0,0.0,0.0,0.0,0.0,0.0
Scarb2,1.0,1.0,1.0,0.0,0.0,0.0,0.0,0.0
Stbd1,1.0,1.0,1.0,0.0,0.0,0.0,0.0,0.0
Ccdc158,1.0,1.0,1.0,0.0,0.0,0.0,0.0,0.0
Shroom3,1.0,1.0,1.0,0.0,0.0,0.0,0.0,0.0
Sowahb,1.0,1.0,1.0,0.0,0.0,0.0,0.0,0.0
Sept11,0.21625543642615652,0.6686253628132339,1.0,0.0,0.0,0.0,0.0,0.0
Ccni,0.2615722360139493,1.0,1.0,0.0,0.0,0.0,0.0,0.0
2010109A12Rik,1.0,1.0,1.0,0.0,0.0,0.0,0.0,0.0
Ccng2,0.2615722360139493,0.2615722360139493,1.0,0.0,0.0,0.0,0.0,0.0
Cxcl13,1.0,1.0,1.0,0.0,0.0,0.0,0.0,0.0
Cnot6l,0.029867793297539916,0.08856750257537103,0.2615722360139493,0.0,0.0,0.0,0.0,0.0
Mrpl1,1.0,1.0,1.0,0.0,0.0,0.0,0.0,0.0
Anxa3,1.0,1.0,1.0,0.0,0.0,0.0,0.0,0.0
Gm33370,1.0,1.0,1.0,0.0,0.0,0.0,0.0,0.0
Gm8013,1.0,1.0,1.0,0.0,0.0,0.0,0.0,0.0
Gm9484,1.0,1.0,1.0,0.0,0.0,0.0,0.0,0.0
Bmp2k,0.18459709252604167,0.7563611602870911,0.8822739356449067,0.0,0.0,0.0,0.0,0.0
Paqr3,1.0,1.0,1.0,0.0,0.0,0.0,0.0,0.0
Antxr2,1.0,1.0,1.0,0.0,0.0,0.0,0.0,0.0
Prdm8,1.0,1.0,1.0,0.0,0.0,0.0,0.0,0.0
A730035I17Rik,1.0,1.0,1.0,0.0,0.0,0.0,0.0,0.0
Cfap299,1.0,1.0,1.0,0.0,0.0,0.0,0.0,0.0
Bmp3,1.0,1.0,1.0,0.0,0.0,0.0,0.0,0.0
Rasgef1b,1.0,1.0,1.0,0.0,0.0,0.0,0.0,0.0
Hnrnpd,0.02577758038479445,0.29396266503785995,0.9691122863264725,-28.5114101832075,-0.37321805201049235,0.10523769842522993,0.3827892525035526,0.294191952998538
Gm17092,1.0,1.0,1.0,0.0,0.0,0.0,0.0,0.0
Hnrnpdl,0.020131777407319206,0.3837421608319441,0.9699293482575216,-0.04310738018996223,0.14561571824014263,0.29833390682040706,0.41335402999068116,0.4581097303633764
Enoph1,1.0,1.0,1.0,0.0,0.0,0.0,0.0,0.0
Tmem150c,1.0,1.0,1.0,0.0,0.0,0.0,0.0,0.0
Sec31a,0.002778685068188869,0.029867793297539916,0.29147411368370935,-27.806967916533555,0.0,0.0,0.0,0.0
5430416N02Rik,1.0,1.0,1.0,0.0,0.0,0.0,0.0,0.0
Lin54,1.0,1.0,1.0,0.0,0.0,0.0,0.0,0.0
Cops4,0.029867793297539916,0.08856750257537103,0.2615722360139493,0.0,0.0,0.0,0.0,0.0
Plac8,0.08856750257537103,1.0,1.0,0.0,0.0,0.0,0.0,0.0
Coq2,0.2615722360139493,1.0,1.0,0.0,0.0,0.0,0.0,0.0
Hpse,1.0,1.0,1.0,0.0,0.0,0.0,0.0,0.0
Helq,1.0,1.0,1.0,0.0,0.0,0.0,0.0,0.0
Mrps18c,0.002778685068188869,0.029867793297539916,0.5106938387399879,-27.967224783637683,0.0,0.0,0.0,0.0
Abraxas1,1.0,1.0,1.0,0.0,0.0,0.0,0.0,0.0
Gm43514,1.0,1.0,1.0,0.0,0.0,0.0,0.0,0.0
Gpat3,1.0,1.0,1.0,0.0,0.0,0.0,0.0,0.0
Cds1,1.0,1.0,1.0,0.0,0.0,0.0,0.0,0.0
Wdfy3,1.0,1.0,1.0,0.0,0.0,0.0,0.0,0.0
Arhgap24,1.0,1.0,1.0,0.0,0.0,0.0,0.0,0.0
Ptpn13,1.0,1.0,1.0,0.0,0.0,0.0,0.0,0.0
Slc10a6,1.0,1.0,1.0,0.0,0.0,0.0,0.0,0.0
Aff1,0.2615722360139493,0.2615722360139493,1.0,0.0,0.0,0.0,0.0,0.0
Klhl8,1.0,1.0,1.0,0.0,0.0,0.0,0.0,0.0
Hsd17b13,1.0,1.0,1.0,0.0,0.0,0.0,0.0,0.0
Hsd17b11,1.0,1.0,1.0,0.0,0.0,0.0,0.0,0.0
Nudt9,0.08856750257537103,0.2615722360139493,1.0,0.0,0.0,0.0,0.0,0.0
Sparcl1,1.0,1.0,1.0,0.0,0.0,0.0,0.0,0.0
Dmp1,1.0,1.0,1.0,0.0,0.0,0.0,0.0,0.0
Spp1,1.0,1.0,1.0,0.0,0.0,0.0,0.0,0.0
Pkd2,1.0,1.0,1.0,0.0,0.0,0.0,0.0,0.0
BC005561,0.2615722360139493,1.0,1.0,0.0,0.0,0.0,0.0,0.0
D930016D06Rik,1.0,1.0,1.0,0.0,0.0,0.0,0.0,0.0
Zfp951,1.0,1.0,1.0,0.0,0.0,0.0,0.0,0.0
Abcg3,1.0,1.0,1.0,0.0,0.0,0.0,0.0,0.0
Gbp8,1.0,1.0,1.0,0.0,0.0,0.0,0.0,0.0
Gbp9,1.0,1.0,1.0,0.0,0.0,0.0,0.0,0.0
Gbp4,0.009501095540355024,0.08856750257537103,0.2615722360139493,-26.459965270321444,0.0,0.0,0.0,0.0
Gbp10,1.0,1.0,1.0,0.0,0.0,0.0,0.0,0.0
Gbp6,1.0,1.0,1.0,0.0,0.0,0.0,0.0,0.0
Lrrc8b,1.0,1.0,1.0,0.0,0.0,0.0,0.0,0.0
Lrrc8c,0.06117467691385191,0.3897805604748862,0.9595657057843286,-28.10278192886137,-26.187237476302364,0.0,0.07640890540719675,0.0
C230066G23Rik,1.0,1.0,1.0,0.0,0.0,0.0,0.0,0.0
Lrrc8d,0.2615722360139493,1.0,1.0,0.0,0.0,0.0,0.0,0.0
Zfp326,0.2615722360139493,1.0,1.0,0.0,0.0,0.0,0.0,0.0
Gm28050,1.0,1.0,1.0,0.0,0.0,0.0,0.0,0.0
Zfp644,0.2615722360139493,1.0,1.0,0.0,0.0,0.0,0.0,0.0
Cdc7,1.0,1.0,1.0,0.0,0.0,0.0,0.0,0.0
Tgfbr3,1.0,1.0,1.0,0.0,0.0,0.0,0.0,0.0
Brdt,1.0,1.0,1.0,0.0,0.0,0.0,0.0,0.0
Ephx4,1.0,1.0,1.0,0.0,0.0,0.0,0.0,0.0
Btbd8,1.0,1.0,1.0,0.0,0.0,0.0,0.0,0.0
Glmn,1.0,1.0,1.0,0.0,0.0,0.0,0.0,0.0
Rpap2,1.0,1.0,1.0,0.0,0.0,0.0,0.0,0.0
Gm26692,1.0,1.0,1.0,0.0,0.0,0.0,0.0,0.0
4930428O21Rik,1.0,1.0,1.0,0.0,0.0,0.0,0.0,0.0
Gfi1,1.0,1.0,1.0,0.0,0.0,0.0,0.0,0.0
A430072P03Rik,1.0,1.0,1.0,0.0,0.0,0.0,0.0,0.0
Evi5,1.0,1.0,1.0,0.0,0.0,0.0,0.0,0.0
Rpl5,0.0073033261887751055,0.13493688973565135,0.5713582599031516,-0.12652248866175095,-0.06540602640093997,-0.011802015763464865,1.7560276094459102,1.6794345500131924
Dipk1a,1.0,1.0,1.0,0.0,0.0,0.0,0.0,0.0
Mtf2,1.0,1.0,1.0,0.0,0.0,0.0,0.0,0.0
Tmed5,0.15135041160973003,0.6646080249871684,1.0,-28.40059011513306,-0.339050306380844,0.1436430864982979,0.3466632476941004,0.2684468720616152
Ccdc18,1.0,1.0,1.0,0.0,0.0,0.0,0.0,0.0
Dr1,1.0,1.0,1.0,0.0,0.0,0.0,0.0,0.0
Pigg,1.0,1.0,1.0,0.0,0.0,0.0,0.0,0.0
Gm42517,1.0,1.0,1.0,0.0,0.0,0.0,0.0,0.0
Atp5k,0.04734460585853775,0.3837421608319441,0.910105580693816,-0.40131173531342673,-0.1819137709290211,-0.013272122407208516,0.5958371735557768,0.524735919221385
Mfsd7a,1.0,1.0,1.0,0.0,0.0,0.0,0.0,0.0
Pcgf3,1.0,1.0,1.0,0.0,0.0,0.0,0.0,0.0
Gak,1.0,1.0,1.0,0.0,0.0,0.0,0.0,0.0
Tmem175,1.0,1.0,1.0,0.0,0.0,0.0,0.0,0.0
Dgkq,1.0,1.0,1.0,0.0,0.0,0.0,0.0,0.0
Idua,1.0,1.0,1.0,0.0,0.0,0.0,0.0,0.0
Fgfrl1,1.0,1.0,1.0,0.0,0.0,0.0,0.0,0.0
Crlf2,0.2615722360139493,0.7670968684102772,1.0,0.0,0.0,0.0,0.0,0.0
5430403G16Rik,1.0,1.0,1.0,0.0,0.0,0.0,0.0,0.0
4930522L14Rik,1.0,1.0,1.0,0.0,0.0,0.0,0.0,0.0
Gm15446,1.0,1.0,1.0,0.0,0.0,0.0,0.0,0.0
1010001B22Rik,1.0,1.0,1.0,0.0,0.0,0.0,0.0,0.0
Zfp932,1.0,1.0,1.0,0.0,0.0,0.0,0.0,0.0
Gm17655,1.0,1.0,1.0,0.0,0.0,0.0,0.0,0.0
Gm35315,1.0,1.0,1.0,0.0,0.0,0.0,0.0,0.0
Plcxd1,1.0,1.0,1.0,0.0,0.0,0.0,0.0,0.0
Gtpbp6,1.0,1.0,1.0,0.0,0.0,0.0,0.0,0.0
Zfp605,1.0,1.0,1.0,0.0,0.0,0.0,0.0,0.0
Chfr,1.0,1.0,1.0,0.0,0.0,0.0,0.0,0.0
Gm15787,1.0,1.0,1.0,0.0,0.0,0.0,0.0,0.0
Golga3,1.0,1.0,1.0,0.0,0.0,0.0,0.0,0.0
Gm43138,1.0,1.0,1.0,0.0,0.0,0.0,0.0,0.0
Gm43137,1.0,1.0,1.0,0.0,0.0,0.0,0.0,0.0
Ankle2,0.2615722360139493,1.0,1.0,0.0,0.0,0.0,0.0,0.0
Pgam5,1.0,1.0,1.0,0.0,0.0,0.0,0.0,0.0
Pxmp2,1.0,1.0,1.0,0.0,0.0,0.0,0.0,0.0
Pole,1.0,1.0,1.0,0.0,0.0,0.0,0.0,0.0
Fbrsl1,1.0,1.0,1.0,0.0,0.0,0.0,0.0,0.0
A630023P12Rik,1.0,1.0,1.0,0.0,0.0,0.0,0.0,0.0
Noc4l,1.0,1.0,1.0,0.0,0.0,0.0,0.0,0.0
Ddx51,1.0,1.0,1.0,0.0,0.0,0.0,0.0,0.0
Gm42595,1.0,1.0,1.0,0.0,0.0,0.0,0.0,0.0
Ep400,0.2615722360139493,1.0,1.0,0.0,0.0,0.0,0.0,0.0
Pus1,1.0,1.0,1.0,0.0,0.0,0.0,0.0,0.0
Ulk1,1.0,1.0,1.0,0.0,0.0,0.0,0.0,0.0
Hscb,1.0,1.0,1.0,0.0,0.0,0.0,0.0,0.0
Chek2,1.0,1.0,1.0,0.0,0.0,0.0,0.0,0.0
Ttc28,1.0,1.0,1.0,0.0,0.0,0.0,0.0,0.0
Pitpnb,1.0,1.0,1.0,0.0,0.0,0.0,0.0,0.0
Mn1,1.0,1.0,1.0,0.0,0.0,0.0,0.0,0.0
E130006D01Rik,1.0,1.0,1.0,0.0,0.0,0.0,0.0,0.0
Cryba4,1.0,1.0,1.0,0.0,0.0,0.0,0.0,0.0
Tpst2,0.0015241724220052392,0.047442441655164765,0.5129460785080034,0.17428384890475068,0.4023272232105013,1.3752323439652412,0.3073754146429996,0.40480791873690014
Tfip11,1.0,1.0,1.0,0.0,0.0,0.0,0.0,0.0
Srrd,1.0,1.0,1.0,0.0,0.0,0.0,0.0,0.0
Hps4,1.0,1.0,1.0,0.0,0.0,0.0,0.0,0.0
Asphd2,1.0,1.0,1.0,0.0,0.0,0.0,0.0,0.0
Grk3,1.0,1.0,1.0,0.0,0.0,0.0,0.0,0.0
Crybb3,1.0,1.0,1.0,0.0,0.0,0.0,0.0,0.0
2900026A02Rik,1.0,1.0,1.0,0.0,0.0,0.0,0.0,0.0
Sgsm1,1.0,1.0,1.0,0.0,0.0,0.0,0.0,0.0
Cmklr1,1.0,1.0,1.0,0.0,0.0,0.0,0.0,0.0
Ficd,1.0,1.0,1.0,0.0,0.0,0.0,0.0,0.0
Sart3,1.0,1.0,1.0,0.0,0.0,0.0,0.0,0.0
Iscu,0.0024164095234377363,0.05161263766000387,0.39059562591648034,-28.262221741366552,-28.075011336477043,-26.913664934744112,0.28276167902586224,0.0
Tmem119,1.0,1.0,1.0,0.0,0.0,0.0,0.0,0.0
Selplg,0.11728948203640081,0.5990513446131561,1.0,-28.28488546894735,-28.069169594114715,0.1379616895745054,0.2969125245583525,0.0
Coro1c,1.0,1.0,1.0,0.0,0.0,0.0,0.0,0.0
Ssh1,1.0,1.0,1.0,0.0,0.0,0.0,0.0,0.0
Usp30,1.0,1.0,1.0,0.0,0.0,0.0,0.0,0.0
Alkbh2,1.0,1.0,1.0,0.0,0.0,0.0,0.0,0.0
Ung,1.0,1.0,1.0,0.0,0.0,0.0,0.0,0.0
Acacb,1.0,1.0,1.0,0.0,0.0,0.0,0.0,0.0
Myo1h,1.0,1.0,1.0,0.0,0.0,0.0,0.0,0.0
Kctd10,1.0,1.0,1.0,0.0,0.0,0.0,0.0,0.0
Ube3b,1.0,1.0,1.0,0.0,0.0,0.0,0.0,0.0
Mmab,1.0,1.0,1.0,0.0,0.0,0.0,0.0,0.0
Mvk,1.0,1.0,1.0,0.0,0.0,0.0,0.0,0.0
Fam222a,1.0,1.0,1.0,0.0,0.0,0.0,0.0,0.0
Trpv4,1.0,1.0,1.0,0.0,0.0,0.0,0.0,0.0
Gltp,1.0,1.0,1.0,0.0,0.0,0.0,0.0,0.0
Tchp,1.0,1.0,1.0,0.0,0.0,0.0,0.0,0.0
Git2,0.08856750257537103,0.2615722360139493,1.0,0.0,0.0,0.0,0.0,0.0
4930515G01Rik,1.0,1.0,1.0,0.0,0.0,0.0,0.0,0.0
Ankrd13a,1.0,1.0,1.0,0.0,0.0,0.0,0.0,0.0
1500011B03Rik,0.009501095540355024,0.08856750257537103,0.2615722360139493,-25.977362926191834,0.0,0.0,0.0,0.0
Oasl2,1.0,1.0,1.0,0.0,0.0,0.0,0.0,0.0
Gm13822,1.0,1.0,1.0,0.0,0.0,0.0,0.0,0.0
Oasl1,1.0,1.0,1.0,0.0,0.0,0.0,0.0,0.0
2210016L21Rik,1.0,1.0,1.0,0.0,0.0,0.0,0.0,0.0
Sppl3,1.0,1.0,1.0,0.0,0.0,0.0,0.0,0.0
Acads,1.0,1.0,1.0,0.0,0.0,0.0,0.0,0.0
Unc119b,1.0,1.0,1.0,0.0,0.0,0.0,0.0,0.0
Mlec,0.0076818062802948605,0.0687713300173633,0.296907573377952,-0.9593762456951501,-0.3234141006234933,-0.09799664418240737,0.456599678647756,0.3657974685760135
Pop5,0.08856750257537103,0.47495853988950676,1.0,0.0,0.0,0.0,0.0,0.0
Rnf10,0.002778685068188869,0.029867793297539916,0.20640379779189882,-28.00350837373233,-25.959150080067083,0.0,0.06523532485283474,0.0
Coq5,1.0,1.0,1.0,0.0,0.0,0.0,0.0,0.0
Dynll1,0.08249583234103358,0.3837421608319441,0.9699293482575216,-0.02579118281858885,0.09490842182100315,0.2058511060369576,0.7277269710366777,0.7773894569487998
Gm13830,1.0,1.0,1.0,0.0,0.0,0.0,0.0,0.0
Srsf9,0.03142017940779551,0.34314519329999205,0.9699293482575216,-0.18401067212819847,-0.07399890183183347,0.03585825916742415,0.5739485479255535,0.5464839409285678
Gatc,1.0,1.0,1.0,0.0,0.0,0.0,0.0,0.0
Triap1,1.0,1.0,1.0,0.0,0.0,0.0,0.0,0.0
Cox6a1,0.02524410573946178,0.2702706993728666,0.910105580693816,-0.0515511766783626,0.06964993692673932,0.2155868982845545,0.6790964947647231,0.7113085382300618
Msi1,1.0,1.0,1.0,0.0,0.0,0.0,0.0,0.0
Sirt4,1.0,1.0,1.0,0.0,0.0,0.0,0.0,0.0
Pxn,1.0,1.0,1.0,0.0,0.0,0.0,0.0,0.0
Gm13840,1.0,1.0,1.0,0.0,0.0,0.0,0.0,0.0
Rplp0,0.08249583234103358,0.2702706993728666,0.7935413193617515,-0.07273991691690682,-0.04536359148337997,-0.009590548214679875,2.673751064208155,2.589150015025471
Gcn1,1.0,1.0,1.0,0.0,0.0,0.0,0.0,0.0
1110006O24Rik,1.0,1.0,1.0,0.0,0.0,0.0,0.0,0.0
Rab35,1.0,1.0,1.0,0.0,0.0,0.0,0.0,0.0
Bicdl1,1.0,1.0,1.0,0.0,0.0,0.0,0.0,0.0
Cit,1.0,1.0,1.0,0.0,0.0,0.0,0.0,0.0
Gm14508,1.0,1.0,1.0,0.0,0.0,0.0,0.0,0.0
Prkab1,1.0,1.0,1.0,0.0,0.0,0.0,0.0,0.0
Hspb8,1.0,1.0,1.0,0.0,0.0,0.0,0.0,0.0
Srrm4,1.0,1.0,1.0,0.0,0.0,0.0,0.0,0.0
Suds3,0.08856750257537103,0.2615722360139493,1.0,0.0,0.0,0.0,0.0,0.0
Taok3,1.0,1.0,1.0,0.0,0.0,0.0,0.0,0.0
Pebp1,0.056833321083365085,0.531643923280555,1.0,-2.1253365689423354,-0.05827349780827154,0.19144492755751846,0.374950632220324,0.36103049576032875
Gm10399,1.0,1.0,1.0,0.0,0.0,0.0,0.0,0.0
Vsig10,1.0,1.0,1.0,0.0,0.0,0.0,0.0,0.0
Wsb2,1.0,1.0,1.0,0.0,0.0,0.0,0.0,0.0
Rfc5,1.0,1.0,1.0,0.0,0.0,0.0,0.0,0.0
Gm15728,1.0,1.0,1.0,0.0,0.0,0.0,0.0,0.0
Fbxo21,1.0,1.0,1.0,0.0,0.0,0.0,0.0,0.0
Tesc,1.0,1.0,1.0,0.0,0.0,0.0,0.0,0.0
Fbxw8,1.0,1.0,1.0,0.0,0.0,0.0,0.0,0.0
2410131K14Rik,1.0,1.0,1.0,0.0,0.0,0.0,0.0,0.0
Med13l,1.0,1.0,1.0,0.0,0.0,0.0,0.0,0.0
Tbx3,1.0,1.0,1.0,0.0,0.0,0.0,0.0,0.0
Rbm19,1.0,1.0,1.0,0.0,0.0,0.0,0.0,0.0
Sdsl,1.0,1.0,1.0,0.0,0.0,0.0,0.0,0.0
Gm15690,1.0,1.0,1.0,0.0,0.0,0.0,0.0,0.0
Plbd2,0.08856750257537103,0.2615722360139493,1.0,0.0,0.0,0.0,0.0,0.0
Slc8b1,1.0,1.0,1.0,0.0,0.0,0.0,0.0,0.0
Tpcn1,1.0,1.0,1.0,0.0,0.0,0.0,0.0,0.0
Iqcd,1.0,1.0,1.0,0.0,0.0,0.0,0.0,0.0
Rita1,1.0,1.0,1.0,0.0,0.0,0.0,0.0,0.0
Ddx54,0.0007335473709934008,0.009501095540355024,0.1853939469443623,-28.048428316379386,-26.819053951977068,0.0,0.11839672548461375,0.0
Rasal1,1.0,1.0,1.0,0.0,0.0,0.0,0.0,0.0
Dtx1,1.0,1.0,1.0,0.0,0.0,0.0,0.0,0.0
Oas2,1.0,1.0,1.0,0.0,0.0,0.0,0.0,0.0
Oas3,1.0,1.0,1.0,0.0,0.0,0.0,0.0,0.0
Oas1c,1.0,1.0,1.0,0.0,0.0,0.0,0.0,0.0
Oas1g,1.0,1.0,1.0,0.0,0.0,0.0,0.0,0.0
Oas1a,1.0,1.0,1.0,0.0,0.0,0.0,0.0,0.0
Ptpn11,0.2615722360139493,1.0,1.0,0.0,0.0,0.0,0.0,0.0
Rpl6,0.23797729618163055,0.7344923394458999,1.0,-0.042540323260472926,-0.001365186899130897,0.04235336856277416,2.173778859954832,2.1711922010087275
Hectd4,1.0,1.0,1.0,0.0,0.0,0.0,0.0,0.0
Trafd1,0.2615722360139493,1.0,1.0,0.0,0.0,0.0,0.0,0.0
Gm42918,1.0,1.0,1.0,0.0,0.0,0.0,0.0,0.0
Naa25,1.0,1.0,1.0,0.0,0.0,0.0,0.0,0.0
Erp29,0.0021592442645074223,0.03142017940779551,0.2082876875446535,0.1136051302159554,0.26545418782224584,0.3962537440690323,0.6019515583639035,0.7236579887483565
Tmem116,1.0,1.0,1.0,0.0,0.0,0.0,0.0,0.0
Adam1a,1.0,1.0,1.0,0.0,0.0,0.0,0.0,0.0
Mapkapk5,1.0,1.0,1.0,0.0,0.0,0.0,0.0,0.0
Aldh2,1.0,1.0,1.0,0.0,0.0,0.0,0.0,0.0
Acad12,1.0,1.0,1.0,0.0,0.0,0.0,0.0,0.0
Acad10,1.0,1.0,1.0,0.0,0.0,0.0,0.0,0.0
Brap,0.2615722360139493,1.0,1.0,0.0,0.0,0.0,0.0,0.0
Atxn2,1.0,1.0,1.0,0.0,0.0,0.0,0.0,0.0
Gm16552,1.0,1.0,1.0,0.0,0.0,0.0,0.0,0.0
Sh2b3,1.0,1.0,1.0,0.0,0.0,0.0,0.0,0.0
Pheta1,1.0,1.0,1.0,0.0,0.0,0.0,0.0,0.0
Ccdc63,1.0,1.0,1.0,0.0,0.0,0.0,0.0,0.0
Ppp1cc,3.5291394948257277e-05,0.00084204393762856,0.028688810319848834,-28.272987107003782,-28.15633670594384,-27.7488481697079,0.299158891312409,0.0
Hvcn1,1.0,1.0,1.0,0.0,0.0,0.0,0.0,0.0
Tctn1,1.0,1.0,1.0,0.0,0.0,0.0,0.0,0.0
Pptc7,1.0,1.0,1.0,0.0,0.0,0.0,0.0,0.0
Rad9b,1.0,1.0,1.0,0.0,0.0,0.0,0.0,0.0
Vps29,0.029358625853610324,0.08856750257537103,0.29147411368370935,-25.631349867673162,0.0,0.0,0.0,0.0
Fam216a,1.0,1.0,1.0,0.0,0.0,0.0,0.0,0.0
Gpn3,1.0,1.0,1.0,0.0,0.0,0.0,0.0,0.0
Arpc3,3.175359212510915e-05,0.0010637453361911566,0.015860919266492024,0.15782463013628448,0.2834252257986738,0.403559048832513,0.599251495117963,0.7301238361825466
Gm42829,1.0,1.0,1.0,0.0,0.0,0.0,0.0,0.0
Anapc7,1.0,1.0,1.0,0.0,0.0,0.0,0.0,0.0
Atp2a2,0.009501095540355024,0.08856750257537103,1.0,-26.848075565588143,0.0,0.0,0.0,0.0
Ift81,1.0,1.0,1.0,0.0,0.0,0.0,0.0,0.0
P2rx7,1.0,1.0,1.0,0.0,0.0,0.0,0.0,0.0
P2rx4,0.08856750257537103,0.2615722360139493,1.0,0.0,0.0,0.0,0.0,0.0
Camkk2,1.0,1.0,1.0,0.0,0.0,0.0,0.0,0.0
Anapc5,0.004446067137695003,0.055743298780445726,0.3248046623839018,-28.52672353566079,-28.328505413413456,-1.1195387142569757,0.34002747841060177,0.0
Rnf34,1.0,1.0,1.0,0.0,0.0,0.0,0.0,0.0
Kdm2b,0.2615722360139493,1.0,1.0,0.0,0.0,0.0,0.0,0.0
A930024E05Rik,1.0,1.0,1.0,0.0,0.0,0.0,0.0,0.0
Orai1,0.2615722360139493,0.2615722360139493,1.0,0.0,0.0,0.0,0.0,0.0
Tmem120b,1.0,1.0,1.0,0.0,0.0,0.0,0.0,0.0
Rhof,1.0,1.0,1.0,0.0,0.0,0.0,0.0,0.0
AI480526,1.0,1.0,1.0,0.0,0.0,0.0,0.0,0.0
4932422M17Rik,1.0,1.0,1.0,0.0,0.0,0.0,0.0,0.0
Setd1b,1.0,1.0,1.0,0.0,0.0,0.0,0.0,0.0
Psmd9,1.0,1.0,1.0,0.0,0.0,0.0,0.0,0.0
Hpd,1.0,1.0,1.0,0.0,0.0,0.0,0.0,0.0
Wdr66,1.0,1.0,1.0,0.0,0.0,0.0,0.0,0.0
Gm15860,1.0,1.0,1.0,0.0,0.0,0.0,0.0,0.0
Bcl7a,1.0,1.0,1.0,0.0,0.0,0.0,0.0,0.0
Gm15747,1.0,1.0,1.0,0.0,0.0,0.0,0.0,0.0
Mlxip,1.0,1.0,1.0,0.0,0.0,0.0,0.0,0.0
Gm43813,1.0,1.0,1.0,0.0,0.0,0.0,0.0,0.0
Diablo,1.0,1.0,1.0,0.0,0.0,0.0,0.0,0.0
Vps33a,1.0,1.0,1.0,0.0,0.0,0.0,0.0,0.0
Clip1,0.2615722360139493,1.0,1.0,0.0,0.0,0.0,0.0,0.0
Zcchc8,1.0,1.0,1.0,0.0,0.0,0.0,0.0,0.0
Rsrc2,0.0007144558228149559,0.009557831229657855,0.057671667857426105,0.265764815195417,0.43818781708905424,0.5876571078223574,0.38862843063609326,0.5238056262925325
Kntc1,1.0,1.0,1.0,0.0,0.0,0.0,0.0,0.0
Hcar2,1.0,1.0,1.0,0.0,0.0,0.0,0.0,0.0
Hcar1,1.0,1.0,1.0,0.0,0.0,0.0,0.0,0.0
Denr,3.5291394948257277e-05,0.0007335473709934008,0.010222453583624358,-28.488185165894805,-28.32052222836783,-27.899530270883684,0.3352174995805163,0.0
Ccdc62,1.0,1.0,1.0,0.0,0.0,0.0,0.0,0.0
Hip1r,1.0,1.0,1.0,0.0,0.0,0.0,0.0,0.0
Vps37b,1.0,1.0,1.0,0.0,0.0,0.0,0.0,0.0
Gm43661,1.0,1.0,1.0,0.0,0.0,0.0,0.0,0.0
Abcb9,1.0,1.0,1.0,0.0,0.0,0.0,0.0,0.0
Ogfod2,1.0,1.0,1.0,0.0,0.0,0.0,0.0,0.0
Arl6ip4,0.0007335473709934008,0.022438890030895015,0.1853939469443623,-28.07227516093657,-27.009237412082086,0.0,0.135079869012341,0.0
Pitpnm2,1.0,1.0,1.0,0.0,0.0,0.0,0.0,0.0
Mphosph9,1.0,1.0,1.0,0.0,0.0,0.0,0.0,0.0
2810006K23Rik,1.0,1.0,1.0,0.0,0.0,0.0,0.0,0.0
Cdk2ap1,0.2615722360139493,1.0,1.0,0.0,0.0,0.0,0.0,0.0
Sbno1,1.0,1.0,1.0,0.0,0.0,0.0,0.0,0.0
Kmt5a,0.2615722360139493,1.0,1.0,0.0,0.0,0.0,0.0,0.0
Rilpl2,0.015860919266492024,0.2082876875446535,0.6784313725490196,-0.3084102911152675,-0.17942542404677303,-0.04082634289844158,0.6473325530251486,0.5703235207481708
Snrnp35,1.0,1.0,1.0,0.0,0.0,0.0,0.0,0.0
Rilpl1,1.0,1.0,1.0,0.0,0.0,0.0,0.0,0.0
Tmed2,0.0010637453361911566,0.015860919266492024,0.13493688973565135,0.08659549917670704,0.14856795557248664,0.21771041476150876,1.107583384976261,1.226735207742224
Ddx55,1.0,1.0,1.0,0.0,0.0,0.0,0.0,0.0
Eif2b1,1.0,1.0,1.0,0.0,0.0,0.0,0.0,0.0
Gtf2h3,1.0,1.0,1.0,0.0,0.0,0.0,0.0,0.0
Tctn2,1.0,1.0,1.0,0.0,0.0,0.0,0.0,0.0
Atp6v0a2,1.0,1.0,1.0,0.0,0.0,0.0,0.0,0.0
4930404A12Rik,1.0,1.0,1.0,0.0,0.0,0.0,0.0,0.0
Ccdc92,1.0,1.0,1.0,0.0,0.0,0.0,0.0,0.0
Zfp664,1.0,1.0,1.0,0.0,0.0,0.0,0.0,0.0
Ncor2,1.0,1.0,1.0,0.0,0.0,0.0,0.0,0.0
Scarb1,1.0,1.0,1.0,0.0,0.0,0.0,0.0,0.0
Ubc,0.0001885369532428357,0.0021592442645074223,0.020131777407319206,0.4427460445401952,0.6277327921938967,0.7887565900412695,0.460576668650643,0.713015692848499
Gm10382,1.0,1.0,1.0,0.0,0.0,0.0,0.0,0.0
Dhx37,1.0,1.0,1.0,0.0,0.0,0.0,0.0,0.0
Bri3bp,1.0,1.0,1.0,0.0,0.0,0.0,0.0,0.0
Aacs,1.0,1.0,1.0,0.0,0.0,0.0,0.0,0.0
Slc15a4,1.0,1.0,1.0,0.0,0.0,0.0,0.0,0.0
Glt1d1,1.0,1.0,1.0,0.0,0.0,0.0,0.0,0.0
Stx2,1.0,1.0,1.0,0.0,0.0,0.0,0.0,0.0
Ran,0.1528728780095813,0.6985956961394035,1.0,-0.6507912588498832,0.012035251921985169,0.18811598726163095,0.3631510416194356,0.3676638965996921
Adgrd1,1.0,1.0,1.0,0.0,0.0,0.0,0.0,0.0
Sfswap,1.0,1.0,1.0,0.0,0.0,0.0,0.0,0.0
Mmp17,1.0,1.0,1.0,0.0,0.0,0.0,0.0,0.0
Zfp11,1.0,1.0,1.0,0.0,0.0,0.0,0.0,0.0
Mrps17,0.009501095540355024,0.029867793297539916,0.2615722360139493,-26.723635295752953,0.0,0.0,0.0,0.0
Nipsnap2,1.0,1.0,1.0,0.0,0.0,0.0,0.0,0.0
Gm15903,1.0,1.0,1.0,0.0,0.0,0.0,0.0,0.0
Psph,0.08856750257537103,1.0,1.0,0.0,0.0,0.0,0.0,0.0
Cct6a,0.029867793297539916,0.2615722360139493,1.0,0.0,0.0,0.0,0.0,0.0
Sumf2,1.0,1.0,1.0,0.0,0.0,0.0,0.0,0.0
Phkg1,1.0,1.0,1.0,0.0,0.0,0.0,0.0,0.0
Chchd2,0.03142017940779551,0.1568627450980392,0.5713582599031516,0.02239353801124762,0.10557187498696666,0.17095453098540403,1.23788311861707,1.3301919344307098
Zbed5,1.0,1.0,1.0,0.0,0.0,0.0,0.0,0.0
Nupr1l,1.0,1.0,1.0,0.0,0.0,0.0,0.0,0.0
Vkorc1l1,1.0,1.0,1.0,0.0,0.0,0.0,0.0,0.0
Gusb,3.5291394948257277e-05,0.00033168419378085557,0.003592376819174831,-28.487077654795474,-28.396800301708822,-28.3106361071688,0.3534180045537545,0.0
Asl,1.0,1.0,1.0,0.0,0.0,0.0,0.0,0.0
Crcp,1.0,1.0,1.0,0.0,0.0,0.0,0.0,0.0
Tpst1,1.0,1.0,1.0,0.0,0.0,0.0,0.0,0.0
Kctd7,1.0,1.0,1.0,0.0,0.0,0.0,0.0,0.0
Rabgef1,1.0,1.0,1.0,0.0,0.0,0.0,0.0,0.0
Tmem248,0.08249583234103358,0.6238787012780821,1.0,-0.18265753602854176,-0.02222559506306644,0.14400196122192913,0.5070783772486123,0.49774996308829056
Gm6598,1.0,1.0,1.0,0.0,0.0,0.0,0.0,0.0
Sbds,0.2615722360139493,0.2615722360139493,0.2615722360139493,0.0,0.0,0.0,0.0,0.0
Tyw1,1.0,1.0,1.0,0.0,0.0,0.0,0.0,0.0
Galnt17,1.0,1.0,1.0,0.0,0.0,0.0,0.0,0.0
Auts2,1.0,1.0,1.0,0.0,0.0,0.0,0.0,0.0
Castor2,1.0,1.0,1.0,0.0,0.0,0.0,0.0,0.0
Rcc1l,1.0,1.0,1.0,0.0,0.0,0.0,0.0,0.0
Gtf2ird2,1.0,1.0,1.0,0.0,0.0,0.0,0.0,0.0
Ncf1,1.0,1.0,1.0,0.0,0.0,0.0,0.0,0.0
Gtf2i,1.0,1.0,1.0,0.0,0.0,0.0,0.0,0.0
Gtf2ird1,1.0,1.0,1.0,0.0,0.0,0.0,0.0,0.0
Clip2,1.0,1.0,1.0,0.0,0.0,0.0,0.0,0.0
Rfc2,0.2615722360139493,1.0,1.0,0.0,0.0,0.0,0.0,0.0
Lat2,0.025145170754703083,0.24537747167114454,0.9077302642387601,-0.039647100275354674,0.30926202487772414,0.5507450244725945,0.30866869018522125,0.38278204827323264
Eif4h,0.029867793297539916,0.1853939469443623,0.8822739356449067,-27.007748035841658,0.0,0.0,0.0,0.0
Limk1,1.0,1.0,1.0,0.0,0.0,0.0,0.0,0.0
Gm10369,1.0,1.0,1.0,0.0,0.0,0.0,0.0,0.0
Eln,1.0,1.0,1.0,0.0,0.0,0.0,0.0,0.0
Mettl27,1.0,1.0,1.0,0.0,0.0,0.0,0.0,0.0
Cldn4,1.0,1.0,1.0,0.0,0.0,0.0,0.0,0.0
Cldn3,1.0,1.0,1.0,0.0,0.0,0.0,0.0,0.0
Abhd11,1.0,1.0,1.0,0.0,0.0,0.0,0.0,0.0
Stx1a,1.0,1.0,1.0,0.0,0.0,0.0,0.0,0.0
Bud23,1.0,1.0,1.0,0.0,0.0,0.0,0.0,0.0
Dnajc30,0.2615722360139493,1.0,1.0,0.0,0.0,0.0,0.0,0.0
Vps37d,1.0,1.0,1.0,0.0,0.0,0.0,0.0,0.0
Mlxipl,1.0,1.0,1.0,0.0,0.0,0.0,0.0,0.0
Tbl2,1.0,1.0,1.0,0.0,0.0,0.0,0.0,0.0
Bcl7b,1.0,1.0,1.0,0.0,0.0,0.0,0.0,0.0
Baz1b,0.2615722360139493,1.0,1.0,0.0,0.0,0.0,0.0,0.0
Nsun5,1.0,1.0,1.0,0.0,0.0,0.0,0.0,0.0
Pom121,1.0,1.0,1.0,0.0,0.0,0.0,0.0,0.0
Hip1,1.0,1.0,1.0,0.0,0.0,0.0,0.0,0.0
Ccl24,1.0,1.0,1.0,0.0,0.0,0.0,0.0,0.0
Rhbdd2,1.0,1.0,1.0,0.0,0.0,0.0,0.0,0.0
Por,1.0,1.0,1.0,0.0,0.0,0.0,0.0,0.0
Tmem120a,1.0,1.0,1.0,0.0,0.0,0.0,0.0,0.0
Mdh2,6.0342433300663835e-05,0.0024142454754875163,0.06876562653742763,-28.396803060292015,-28.24854647907663,-28.13400128010734,0.31896665160795346,0.0
Hspb1,1.0,1.0,1.0,0.0,0.0,0.0,0.0,0.0
Ywhag,0.2615722360139493,1.0,1.0,0.0,0.0,0.0,0.0,0.0
Ssc4d,1.0,1.0,1.0,0.0,0.0,0.0,0.0,0.0
Dtx2,1.0,1.0,1.0,0.0,0.0,0.0,0.0,0.0
Rasa4,1.0,1.0,1.0,0.0,0.0,0.0,0.0,0.0
Polr2j,0.22815764959026427,0.7274683619586189,1.0,-1.0880835553113666,0.04179671209133652,0.22151207773594042,0.337926801758324,0.351642490204843
Lrwd1,1.0,1.0,1.0,0.0,0.0,0.0,0.0,0.0
Alkbh4,1.0,1.0,1.0,0.0,0.0,0.0,0.0,0.0
Orai2,1.0,1.0,1.0,0.0,0.0,0.0,0.0,0.0
Prkrip1,1.0,1.0,1.0,0.0,0.0,0.0,0.0,0.0
Sh2b2,1.0,1.0,1.0,0.0,0.0,0.0,0.0,0.0
Cux1,1.0,1.0,1.0,0.0,0.0,0.0,0.0,0.0
Ift22,1.0,1.0,1.0,0.0,0.0,0.0,0.0,0.0
4933404O12Rik,1.0,1.0,1.0,0.0,0.0,0.0,0.0,0.0
Fis1,0.05737874097007224,0.5208065412399778,1.0,-0.06151772719443748,0.07602551943844486,0.2095476830088057,0.6297225543580698,0.6636317402391425
Cldn15,1.0,1.0,1.0,0.0,0.0,0.0,0.0,0.0
Znhit1,0.2615722360139493,0.2615722360139493,1.0,0.0,0.0,0.0,0.0,0.0
Plod3,1.0,1.0,1.0,0.0,0.0,0.0,0.0,0.0
Ap1s1,0.2615722360139493,1.0,1.0,0.0,0.0,0.0,0.0,0.0
Serpine1,1.0,1.0,1.0,0.0,0.0,0.0,0.0,0.0
Trim56,1.0,1.0,1.0,0.0,0.0,0.0,0.0,0.0
Muc3,1.0,1.0,1.0,0.0,0.0,0.0,0.0,0.0
Gm3054,1.0,1.0,1.0,0.0,0.0,0.0,0.0,0.0
Muc3a,1.0,1.0,1.0,0.0,0.0,0.0,0.0,0.0
Ufsp1,1.0,1.0,1.0,0.0,0.0,0.0,0.0,0.0
Srrt,1.0,1.0,1.0,0.0,0.0,0.0,0.0,0.0
Trip6,1.0,1.0,1.0,0.0,0.0,0.0,0.0,0.0
Slc12a9,1.0,1.0,1.0,0.0,0.0,0.0,0.0,0.0
Ephb4,1.0,1.0,1.0,0.0,0.0,0.0,0.0,0.0
Pop7,1.0,1.0,1.0,0.0,0.0,0.0,0.0,0.0
9130604C24Rik,1.0,1.0,1.0,0.0,0.0,0.0,0.0,0.0
Gigyf1,1.0,1.0,1.0,0.0,0.0,0.0,0.0,0.0
Gnb2,0.09702881501867414,0.5877471709496872,1.0,-0.7359910373968976,0.1687491396742749,0.3778046103891365,0.32814790330917654,0.3685770584305914
Tfr2,1.0,1.0,1.0,0.0,0.0,0.0,0.0,0.0
Mospd3,1.0,1.0,1.0,0.0,0.0,0.0,0.0,0.0
Pcolce,1.0,1.0,1.0,0.0,0.0,0.0,0.0,0.0
Fbxo24,1.0,1.0,1.0,0.0,0.0,0.0,0.0,0.0
Lrch4,1.0,1.0,1.0,0.0,0.0,0.0,0.0,0.0
Sap25,1.0,1.0,1.0,0.0,0.0,0.0,0.0,0.0
Irs3,1.0,1.0,1.0,0.0,0.0,0.0,0.0,0.0
Agfg2,1.0,1.0,1.0,0.0,0.0,0.0,0.0,0.0
Nyap1,1.0,1.0,1.0,0.0,0.0,0.0,0.0,0.0
Tsc22d4,0.03207262248339877,0.2872414592292746,0.9677395679735021,-28.399366467324043,-28.23571518235329,-0.18919258216561793,0.3224227917405411,0.0
Ppp1r35,1.0,1.0,1.0,0.0,0.0,0.0,0.0,0.0
Mepce,1.0,1.0,1.0,0.0,0.0,0.0,0.0,0.0
Zcwpw1,1.0,1.0,1.0,0.0,0.0,0.0,0.0,0.0
Pilra,1.0,1.0,1.0,0.0,0.0,0.0,0.0,0.0
Pilrb1,1.0,1.0,1.0,0.0,0.0,0.0,0.0,0.0
Pilrb2,1.0,1.0,1.0,0.0,0.0,0.0,0.0,0.0
Zkscan1,1.0,1.0,1.0,0.0,0.0,0.0,0.0,0.0
Zscan21,1.0,1.0,1.0,0.0,0.0,0.0,0.0,0.0
Zfp113,1.0,1.0,1.0,0.0,0.0,0.0,0.0,0.0
Cops6,0.0007335473709934008,0.002778685068188869,0.010698256383693486,-28.189346775565962,-27.46539149333707,-25.94303734768513,0.185313338361041,0.0
Mcm7,1.0,1.0,1.0,0.0,0.0,0.0,0.0,0.0
Ap4m1,1.0,1.0,1.0,0.0,0.0,0.0,0.0,0.0
Taf6,1.0,1.0,1.0,0.0,0.0,0.0,0.0,0.0
Cnpy4,1.0,1.0,1.0,0.0,0.0,0.0,0.0,0.0
Mblac1,1.0,1.0,1.0,0.0,0.0,0.0,0.0,0.0
Nxpe5,1.0,1.0,1.0,0.0,0.0,0.0,0.0,0.0
Lamtor4,0.0003560555892122472,0.010001295065908728,0.13943209600504602,-28.39697724969765,-28.29037866067849,-28.167162767054084,0.3282891143494895,0.0
Map11,1.0,1.0,1.0,0.0,0.0,0.0,0.0,0.0
6330418K02Rik,1.0,1.0,1.0,0.0,0.0,0.0,0.0,0.0
Gal3st4,1.0,1.0,1.0,0.0,0.0,0.0,0.0,0.0
Gpc2,1.0,1.0,1.0,0.0,0.0,0.0,0.0,0.0
Stag3,1.0,1.0,1.0,0.0,0.0,0.0,0.0,0.0
Pvrig,1.0,1.0,1.0,0.0,0.0,0.0,0.0,0.0
Zfp157,1.0,1.0,1.0,0.0,0.0,0.0,0.0,0.0
Zfp68,1.0,1.0,1.0,0.0,0.0,0.0,0.0,0.0
A430033K04Rik,1.0,1.0,1.0,0.0,0.0,0.0,0.0,0.0
Fam20c,1.0,1.0,1.0,0.0,0.0,0.0,0.0,0.0
Pdgfa,1.0,1.0,1.0,0.0,0.0,0.0,0.0,0.0
6330403L08Rik,1.0,1.0,1.0,0.0,0.0,0.0,0.0,0.0
Prkar1b,1.0,1.0,1.0,0.0,0.0,0.0,0.0,0.0
Gm15672,1.0,1.0,1.0,0.0,0.0,0.0,0.0,0.0
Dnaaf5,1.0,1.0,1.0,0.0,0.0,0.0,0.0,0.0
Sun1,1.0,1.0,1.0,0.0,0.0,0.0,0.0,0.0
Get4,1.0,1.0,1.0,0.0,0.0,0.0,0.0,0.0
Adap1,1.0,1.0,1.0,0.0,0.0,0.0,0.0,0.0
Cox19,1.0,1.0,1.0,0.0,0.0,0.0,0.0,0.0
3110082I17Rik,1.0,1.0,1.0,0.0,0.0,0.0,0.0,0.0
Gpr146,1.0,1.0,1.0,0.0,0.0,0.0,0.0,0.0
C130050O18Rik,1.0,1.0,1.0,0.0,0.0,0.0,0.0,0.0
Gper1,1.0,1.0,1.0,0.0,0.0,0.0,0.0,0.0
Zfand2a,1.0,1.0,1.0,0.0,0.0,0.0,0.0,0.0
Micall2,1.0,1.0,1.0,0.0,0.0,0.0,0.0,0.0
Ints1,1.0,1.0,1.0,0.0,0.0,0.0,0.0,0.0
Mafk,1.0,1.0,1.0,0.0,0.0,0.0,0.0,0.0
Tmem184a,1.0,1.0,1.0,0.0,0.0,0.0,0.0,0.0
Psmg3,1.0,1.0,1.0,0.0,0.0,0.0,0.0,0.0
Mad1l1,1.0,1.0,1.0,0.0,0.0,0.0,0.0,0.0
Nudt1,1.0,1.0,1.0,0.0,0.0,0.0,0.0,0.0
Mrm2,1.0,1.0,1.0,0.0,0.0,0.0,0.0,0.0
Snx8,1.0,1.0,1.0,0.0,0.0,0.0,0.0,0.0
Eif3b,0.08856750257537103,1.0,1.0,0.0,0.0,0.0,0.0,0.0
Chst12,1.0,1.0,1.0,0.0,0.0,0.0,0.0,0.0
Lfng,1.0,1.0,1.0,0.0,0.0,0.0,0.0,0.0
Ttyh3,1.0,1.0,1.0,0.0,0.0,0.0,0.0,0.0
Iqce,1.0,1.0,1.0,0.0,0.0,0.0,0.0,0.0
Brat1,1.0,1.0,1.0,0.0,0.0,0.0,0.0,0.0
Amz1,1.0,1.0,1.0,0.0,0.0,0.0,0.0,0.0
Gna12,1.0,1.0,1.0,0.0,0.0,0.0,0.0,0.0
Card11,1.0,1.0,1.0,0.0,0.0,0.0,0.0,0.0
Sdk1,1.0,1.0,1.0,0.0,0.0,0.0,0.0,0.0
Foxk1,1.0,1.0,1.0,0.0,0.0,0.0,0.0,0.0
Ap5z1,1.0,1.0,1.0,0.0,0.0,0.0,0.0,0.0
Radil,1.0,1.0,1.0,0.0,0.0,0.0,0.0,0.0
Mmd2,1.0,1.0,1.0,0.0,0.0,0.0,0.0,0.0
Wipi2,1.0,1.0,1.0,0.0,0.0,0.0,0.0,0.0
Tnrc18,1.0,1.0,1.0,0.0,0.0,0.0,0.0,0.0
Fbxl18,1.0,1.0,1.0,0.0,0.0,0.0,0.0,0.0
D430018E03Rik,1.0,1.0,1.0,0.0,0.0,0.0,0.0,0.0
Actb,0.009557831229657855,0.09788044772564897,0.42686353893784235,-0.13687326839379507,-0.08596062728310477,-0.02876140310654198,1.9289204806566937,1.8172965234644876
Fscn1,1.0,1.0,1.0,0.0,0.0,0.0,0.0,0.0
Rnf216,1.0,1.0,1.0,0.0,0.0,0.0,0.0,0.0
Gm43378,1.0,1.0,1.0,0.0,0.0,0.0,0.0,0.0
Olfr718-ps1,1.0,1.0,1.0,0.0,0.0,0.0,0.0,0.0
Rbak,1.0,1.0,1.0,0.0,0.0,0.0,0.0,0.0
Zfp12,1.0,1.0,1.0,0.0,0.0,0.0,0.0,0.0
Zfp316,1.0,1.0,1.0,0.0,0.0,0.0,0.0,0.0
E130309D02Rik,1.0,1.0,1.0,0.0,0.0,0.0,0.0,0.0
Zdhhc4,1.0,1.0,1.0,0.0,0.0,0.0,0.0,0.0
0610040B10Rik,1.0,1.0,1.0,0.0,0.0,0.0,0.0,0.0
Gm20635,1.0,1.0,1.0,0.0,0.0,0.0,0.0,0.0
Kdelr2,0.05737874097007224,0.4726680955783123,1.0,-0.049015832883575965,0.14319816446567107,0.39242594943653825,0.43548331075700153,0.4810001654823435
Daglb,1.0,1.0,1.0,0.0,0.0,0.0,0.0,0.0
Rac1,0.00019052155275065493,0.00409621338413908,0.04734460585853775,0.28150342433962533,0.4015652510093826,0.5197483738287969,0.4018951409986129,0.5321533710135515
Fam220a.1,1.0,1.0,1.0,0.0,0.0,0.0,0.0,0.0
Cyth3,1.0,1.0,1.0,0.0,0.0,0.0,0.0,0.0
Usp42,1.0,1.0,1.0,0.0,0.0,0.0,0.0,0.0
D130017N08Rik,1.0,1.0,1.0,0.0,0.0,0.0,0.0,0.0
Eif2ak1,1.0,1.0,1.0,0.0,0.0,0.0,0.0,0.0
Aimp2,1.0,1.0,1.0,0.0,0.0,0.0,0.0,0.0
Pms2,1.0,1.0,1.0,0.0,0.0,0.0,0.0,0.0
Ccz1,0.009501095540355024,0.08856750257537103,1.0,-25.631349867673162,0.0,0.0,0.0,0.0
Lmtk2,1.0,1.0,1.0,0.0,0.0,0.0,0.0,0.0
Bhlha15,1.0,1.0,1.0,0.0,0.0,0.0,0.0,0.0
Tecpr1,1.0,1.0,1.0,0.0,0.0,0.0,0.0,0.0
2900089D17Rik,1.0,1.0,1.0,0.0,0.0,0.0,0.0,0.0
Bri3,0.09921177549705787,0.6013340661933342,1.0,-27.909214680237604,0.0,28.116962662397967,0.0743017021449225,0.0
Baiap2l1,1.0,1.0,1.0,0.0,0.0,0.0,0.0,0.0
Gm15708,1.0,1.0,1.0,0.0,0.0,0.0,0.0,0.0
Trrap,1.0,1.0,1.0,0.0,0.0,0.0,0.0,0.0
Smurf1,1.0,1.0,1.0,0.0,0.0,0.0,0.0,0.0
Arpc1a,0.0007335473709934008,0.025222573436938574,0.25761486761223984,-28.367649355202026,-28.262539703364943,-27.265648768437348,0.322012108791909,0.0
Arpc1b,0.00030165912518853697,0.0073033261887751055,0.05737874097007224,0.32103261742039485,0.5091342039365565,0.6367029015458237,0.43062326497852144,0.6148176071048405
Pdap1,0.004621862154222325,0.13525118892898313,0.7675494509693419,-28.178144898271213,-28.08528531486583,-27.022390190278873,0.28478251102805274,0.0
Bud31,0.08856750257537103,1.0,1.0,0.0,0.0,0.0,0.0,0.0
Ptcd1,1.0,1.0,1.0,0.0,0.0,0.0,0.0,0.0
Cpsf4,1.0,1.0,1.0,0.0,0.0,0.0,0.0,0.0
Atp5j2,0.2702706993728666,0.7344923394458999,1.0,-0.06752864017344852,-0.01518409768056195,0.043177005951529984,1.1826700780246524,1.1699786442519837
Zkscan14,1.0,1.0,1.0,0.0,0.0,0.0,0.0,0.0
Zkscan5,1.0,1.0,1.0,0.0,0.0,0.0,0.0,0.0
Zfp655,1.0,1.0,1.0,0.0,0.0,0.0,0.0,0.0
Zscan25,1.0,1.0,1.0,0.0,0.0,0.0,0.0,0.0
B230303O12Rik,1.0,1.0,1.0,0.0,0.0,0.0,0.0,0.0
Gm43625,1.0,1.0,1.0,0.0,0.0,0.0,0.0,0.0
Rnf6,0.2615722360139493,1.0,1.0,0.0,0.0,0.0,0.0,0.0
Cdk8,1.0,1.0,1.0,0.0,0.0,0.0,0.0,0.0
Wasf3,1.0,1.0,1.0,0.0,0.0,0.0,0.0,0.0
Usp12,1.0,1.0,1.0,0.0,0.0,0.0,0.0,0.0
Rpl21,0.020131777407319206,0.3053901722632373,0.910105580693816,-0.06033969230575564,-0.023947421761904737,0.008492302803626107,2.044693247225286,2.0108927519760424
Rasl11a,1.0,1.0,1.0,0.0,0.0,0.0,0.0,0.0
Gtf3a,1.0,1.0,1.0,0.0,0.0,0.0,0.0,0.0
Mtif3,1.0,1.0,1.0,0.0,0.0,0.0,0.0,0.0
Lnx2,1.0,1.0,1.0,0.0,0.0,0.0,0.0,0.0
Polr1d,0.00298483765976026,0.08249583234103358,0.6238787012780821,-0.0010620355244846454,0.11419330143790855,0.2361629639648723,0.6302206000623278,0.6832577232243371
Cdx2,1.0,1.0,1.0,0.0,0.0,0.0,0.0,0.0
Flt3,1.0,1.0,1.0,0.0,0.0,0.0,0.0,0.0
D5Ertd605e,1.0,1.0,1.0,0.0,0.0,0.0,0.0,0.0
Pan3,1.0,1.0,1.0,0.0,0.0,0.0,0.0,0.0
Flt1,1.0,1.0,1.0,0.0,0.0,0.0,0.0,0.0
Pomp,0.01870083112704786,0.17377715490106727,0.6646080249871684,-28.397794532223248,-28.24134276068544,-0.7977140249850777,0.3227117915529554,0.0
Slc46a3,1.0,1.0,1.0,0.0,0.0,0.0,0.0,0.0
Mtus2,1.0,1.0,1.0,0.0,0.0,0.0,0.0,0.0
Slc7a1,1.0,1.0,1.0,0.0,0.0,0.0,0.0,0.0
Ubl3,0.029867793297539916,0.2615722360139493,1.0,0.0,0.0,0.0,0.0,0.0
Katnal1,1.0,1.0,1.0,0.0,0.0,0.0,0.0,0.0
1810059H22Rik,1.0,1.0,1.0,0.0,0.0,0.0,0.0,0.0
5930430L01Rik,1.0,1.0,1.0,0.0,0.0,0.0,0.0,0.0
Gm15411,1.0,1.0,1.0,0.0,0.0,0.0,0.0,0.0
Hmgb1,3.175359212510915e-05,0.0015241724220052392,0.015967690720012605,0.1931078358442998,0.27935815430471844,0.37501521426333595,0.7856787381085555,0.9527528241695232
Mm2pr,1.0,1.0,1.0,0.0,0.0,0.0,0.0,0.0
Gm42788,1.0,1.0,1.0,0.0,0.0,0.0,0.0,0.0
Uspl1,1.0,1.0,1.0,0.0,0.0,0.0,0.0,0.0
Alox5ap,1.0,1.0,1.0,0.0,0.0,0.0,0.0,0.0
Medag,1.0,1.0,1.0,0.0,0.0,0.0,0.0,0.0
Hsph1,1.0,1.0,1.0,0.0,0.0,0.0,0.0,0.0
B3glct,1.0,1.0,1.0,0.0,0.0,0.0,0.0,0.0
Fry,1.0,1.0,1.0,0.0,0.0,0.0,0.0,0.0
Brca2,1.0,1.0,1.0,0.0,0.0,0.0,0.0,0.0
N4bp2l1,1.0,1.0,1.0,0.0,0.0,0.0,0.0,0.0
Gm43597,1.0,1.0,1.0,0.0,0.0,0.0,0.0,0.0
N4bp2l2,0.0027148111703083734,0.04209275387075892,0.41463136223805364,-28.413616998785397,-28.276775032986116,-1.2313097505663562,0.32681257396712676,0.0
Pds5b,1.0,1.0,1.0,0.0,0.0,0.0,0.0,0.0
Stard13,1.0,1.0,1.0,0.0,0.0,0.0,0.0,0.0
D730045B01Rik,1.0,1.0,1.0,0.0,0.0,0.0,0.0,0.0
1700028E10Rik,1.0,1.0,1.0,0.0,0.0,0.0,0.0,0.0
Rfc3,1.0,1.0,1.0,0.0,0.0,0.0,0.0,0.0
Gm20559,1.0,1.0,1.0,0.0,0.0,0.0,0.0,0.0
Samd9l,1.0,1.0,1.0,0.0,0.0,0.0,0.0,0.0
Hepacam2,1.0,1.0,1.0,0.0,0.0,0.0,0.0,0.0
Vps50,1.0,1.0,1.0,0.0,0.0,0.0,0.0,0.0
Tfpi2,1.0,1.0,1.0,0.0,0.0,0.0,0.0,0.0
Gng11,1.0,1.0,1.0,0.0,0.0,0.0,0.0,0.0
Bet1,0.04734460585853775,0.46804721105266844,0.9699293482575216,-0.24783556366964754,-0.087610403266924,0.08000762976264457,0.46609772466225874,0.43758067667351885
Col1a2,1.0,1.0,1.0,0.0,0.0,0.0,0.0,0.0
Casd1,1.0,1.0,1.0,0.0,0.0,0.0,0.0,0.0
Sgce,1.0,1.0,1.0,0.0,0.0,0.0,0.0,0.0
Peg10,1.0,1.0,1.0,0.0,0.0,0.0,0.0,0.0
Ppp1r9a,1.0,1.0,1.0,0.0,0.0,0.0,0.0,0.0
Pon3,0.00012197098607939689,0.0001529566816353153,0.00021013540163146297,-29.32559780101776,-29.21781404632363,-29.104531658932455,0.6244614851661953,0.0
Pon2,0.15242447830273306,0.6985956961394035,1.0,-0.07048746625916004,0.11408581619337069,0.29242145243728856,0.3771087305564462,0.4072918769650836
Asb4,1.0,1.0,1.0,0.0,0.0,0.0,0.0,0.0
Pdk4,1.0,1.0,1.0,0.0,0.0,0.0,0.0,0.0
Slc25a13,1.0,1.0,1.0,0.0,0.0,0.0,0.0,0.0
Sem1,1.5876796062554575e-05,0.0015241724220052392,0.04734460585853775,0.08392706063263117,0.15409600221960387,0.2348517256491247,0.8636490657858125,0.9602100498283022
Sdhaf3,1.0,1.0,1.0,0.0,0.0,0.0,0.0,0.0
Tac1,1.0,1.0,1.0,0.0,0.0,0.0,0.0,0.0
Asns,0.04801397289426615,0.24358719210948698,0.8919857920257779,0.0,0.0,0.0,0.0,0.0
C1galt1,0.029867793297539916,0.2615722360139493,1.0,0.0,0.0,0.0,0.0,0.0
Col28a1,1.0,1.0,1.0,0.0,0.0,0.0,0.0,0.0
Mios,1.0,1.0,1.0,0.0,0.0,0.0,0.0,0.0
Rpa3,1.0,1.0,1.0,0.0,0.0,0.0,0.0,0.0
Umad1,1.0,1.0,1.0,0.0,0.0,0.0,0.0,0.0
A430035B10Rik,1.0,1.0,1.0,0.0,0.0,0.0,0.0,0.0
Glcci1,0.029867793297539916,0.4198490637342591,0.8822739356449067,-26.723635295752953,0.0,0.0,0.0,0.0
Ica1,1.0,1.0,1.0,0.0,0.0,0.0,0.0,0.0
Ndufa4,1.5876796062554575e-05,1.5876796062554575e-05,0.0007144558228149559,0.20991420202698352,0.24845330534335616,0.2937183884660293,1.476951333101205,1.7532894656456173
Phf14,1.0,1.0,1.0,0.0,0.0,0.0,0.0,0.0
Thsd7a,1.0,1.0,1.0,0.0,0.0,0.0,0.0,0.0
Tmem106b,1.0,1.0,1.0,0.0,0.0,0.0,0.0,0.0
Tmem168,1.0,1.0,1.0,0.0,0.0,0.0,0.0,0.0
Bmt2,1.0,1.0,1.0,0.0,0.0,0.0,0.0,0.0
Gpr85,1.0,1.0,1.0,0.0,0.0,0.0,0.0,0.0
2610001J05Rik,1.0,1.0,1.0,0.0,0.0,0.0,0.0,0.0
1110019D14Rik,1.0,1.0,1.0,0.0,0.0,0.0,0.0,0.0
Foxp2,1.0,1.0,1.0,0.0,0.0,0.0,0.0,0.0
Mdfic,1.0,1.0,1.0,0.0,0.0,0.0,0.0,0.0
Tfec,1.0,1.0,1.0,0.0,0.0,0.0,0.0,0.0
Gm15473,1.0,1.0,1.0,0.0,0.0,0.0,0.0,0.0
Gm4876,1.0,1.0,1.0,0.0,0.0,0.0,0.0,0.0
Tes,1.0,1.0,1.0,0.0,0.0,0.0,0.0,0.0
Cav2,1.0,1.0,1.0,0.0,0.0,0.0,0.0,0.0
Cav1,1.0,1.0,1.0,0.0,0.0,0.0,0.0,0.0
Met,1.0,1.0,1.0,0.0,0.0,0.0,0.0,0.0
Capza2,0.12954500207068584,0.6689706667452711,1.0,-28.104198318695804,0.09522564153228286,0.4278150230721716,0.31539333365710753,0.33954062429291215
St7,1.0,1.0,1.0,0.0,0.0,0.0,0.0,0.0
Wnt2,1.0,1.0,1.0,0.0,0.0,0.0,0.0,0.0
Cftr,1.0,1.0,1.0,0.0,0.0,0.0,0.0,0.0
Cttnbp2,1.0,1.0,1.0,0.0,0.0,0.0,0.0,0.0
Gm20186,1.0,1.0,1.0,0.0,0.0,0.0,0.0,0.0
Lsm8,0.2615722360139493,1.0,1.0,0.0,0.0,0.0,0.0,0.0
Tspan12,1.0,1.0,1.0,0.0,0.0,0.0,0.0,0.0
Ing3,1.0,1.0,1.0,0.0,0.0,0.0,0.0,0.0
Cped1,1.0,1.0,1.0,0.0,0.0,0.0,0.0,0.0
Fam3c,1.0,1.0,1.0,0.0,0.0,0.0,0.0,0.0
Cadps2,1.0,1.0,1.0,0.0,0.0,0.0,0.0,0.0
Ndufa5,0.08249583234103358,0.4726680955783123,1.0,-0.09045011900413581,0.1322260976822371,0.3064576473136425,0.39275546173820847,0.4301674738585202
Wasl,1.0,1.0,1.0,0.0,0.0,0.0,0.0,0.0
Tmem229a,1.0,1.0,1.0,0.0,0.0,0.0,0.0,0.0
Pot1a,1.0,1.0,1.0,0.0,0.0,0.0,0.0,0.0
Grm8,1.0,1.0,1.0,0.0,0.0,0.0,0.0,0.0
6530409C15Rik,1.0,1.0,1.0,0.0,0.0,0.0,0.0,0.0
Zfp800,1.0,1.0,1.0,0.0,0.0,0.0,0.0,0.0
Gcc1,1.0,1.0,1.0,0.0,0.0,0.0,0.0,0.0
Arf5,0.0040684289910296115,0.13188112985309486,0.7283560871056942,0.0654538778648411,0.24540533987176325,0.40769666964454604,0.3583582855293607,0.42668735570731176
Snd1,0.0007335473709934008,0.009501095540355024,0.029867793297539916,-28.179611143077754,-27.106988695791518,0.0,0.1445495308801465,0.0
Lrrc4,1.0,1.0,1.0,0.0,0.0,0.0,0.0,0.0
Rbm28,0.2615722360139493,0.2615722360139493,1.0,0.0,0.0,0.0,0.0,0.0
Impdh1,1.0,1.0,1.0,0.0,0.0,0.0,0.0,0.0
Hilpda,1.0,1.0,1.0,0.0,0.0,0.0,0.0,0.0
Fam71f2,1.0,1.0,1.0,0.0,0.0,0.0,0.0,0.0
Calu,0.002778685068188869,0.12233417091613663,0.8685181258352878,-27.84941598198646,0.0,0.0,0.0,0.0
Ccdc136,1.0,1.0,1.0,0.0,0.0,0.0,0.0,0.0
Flnc,1.0,1.0,1.0,0.0,0.0,0.0,0.0,0.0
Atp6v1f,0.08249583234103358,0.5208065412399778,1.0,-0.07018887473155692,0.024540638925100312,0.15203164385016554,0.721134778292434,0.7315337566921802
Kcp,1.0,1.0,1.0,0.0,0.0,0.0,0.0,0.0
Irf5,1.0,1.0,1.0,0.0,0.0,0.0,0.0,0.0
Tnpo3,1.0,1.0,1.0,0.0,0.0,0.0,0.0,0.0
Tspan33,1.0,1.0,1.0,0.0,0.0,0.0,0.0,0.0
Smo,1.0,1.0,1.0,0.0,0.0,0.0,0.0,0.0
Ahcyl2,1.0,1.0,1.0,0.0,0.0,0.0,0.0,0.0
Strip2,1.0,1.0,1.0,0.0,0.0,0.0,0.0,0.0
Nrf1,1.0,1.0,1.0,0.0,0.0,0.0,0.0,0.0
Ube2h,0.0017888776467873766,0.029254565586406815,0.3887558059849098,-28.083935941994877,-26.922115666399357,0.0,0.1271640522726315,0.0
Zc3hc1,1.0,1.0,1.0,0.0,0.0,0.0,0.0,0.0
Klhdc10,1.0,1.0,1.0,0.0,0.0,0.0,0.0,0.0
Tmem209,1.0,1.0,1.0,0.0,0.0,0.0,0.0,0.0
Cep41,1.0,1.0,1.0,0.0,0.0,0.0,0.0,0.0
Mest,1.0,1.0,1.0,0.0,0.0,0.0,0.0,0.0
Copg2,1.0,1.0,1.0,0.0,0.0,0.0,0.0,0.0
Gm27019,1.0,1.0,1.0,0.0,0.0,0.0,0.0,0.0
Lncpint,0.08856750257537103,0.2615722360139493,1.0,0.0,0.0,0.0,0.0,0.0
2210408F21Rik,1.0,1.0,1.0,0.0,0.0,0.0,0.0,0.0
Mkln1,1.0,1.0,1.0,0.0,0.0,0.0,0.0,0.0
Podxl,1.0,1.0,1.0,0.0,0.0,0.0,0.0,0.0
Plxna4,1.0,1.0,1.0,0.0,0.0,0.0,0.0,0.0
Plxna4os1,1.0,1.0,1.0,0.0,0.0,0.0,0.0,0.0
Chchd3,0.08856750257537103,0.2615722360139493,1.0,0.0,0.0,0.0,0.0,0.0
Exoc4,1.0,1.0,1.0,0.0,0.0,0.0,0.0,0.0
Slc35b4,1.0,1.0,1.0,0.0,0.0,0.0,0.0,0.0
Akr1b3,0.002778685068188869,0.07598867855418287,0.543861579123601,-27.66080051599524,0.0,0.0,0.0,0.0
Akr1b8,1.0,1.0,1.0,0.0,0.0,0.0,0.0,0.0
Akr1b10,1.0,1.0,1.0,0.0,0.0,0.0,0.0,0.0
Bpgm,0.009501095540355024,0.029867793297539916,0.2615722360139493,-26.744004492944445,0.0,0.0,0.0,0.0
Cald1,1.0,1.0,1.0,0.0,0.0,0.0,0.0,0.0
Agbl3,1.0,1.0,1.0,0.0,0.0,0.0,0.0,0.0
Tmem140,0.2615722360139493,0.2615722360139493,1.0,0.0,0.0,0.0,0.0,0.0
Cyren,1.0,1.0,1.0,0.0,0.0,0.0,0.0,0.0
Wdr91,1.0,1.0,1.0,0.0,0.0,0.0,0.0,0.0
Stra8,1.0,1.0,1.0,0.0,0.0,0.0,0.0,0.0
Slc23a4,1.0,1.0,1.0,0.0,0.0,0.0,0.0,0.0
Cnot4,0.08856750257537103,0.2615722360139493,1.0,0.0,0.0,0.0,0.0,0.0
Nup205,1.0,1.0,1.0,0.0,0.0,0.0,0.0,0.0
1810058I24Rik,0.029867793297539916,0.11008769304934016,1.0,0.0,0.0,0.0,0.0,0.0
Fam180a,1.0,1.0,1.0,0.0,0.0,0.0,0.0,0.0
Mtpn,0.08856750257537103,0.47495853988950676,1.0,0.0,0.0,0.0,0.0,0.0
Ptn,1.0,1.0,1.0,0.0,0.0,0.0,0.0,0.0
Creb3l2,0.20993367879593072,0.7039203384624914,1.0,-27.9739123566421,-25.788998594762532,27.28176134079731,0.1167772798993575,0.0
Trim24,1.0,1.0,1.0,0.0,0.0,0.0,0.0,0.0
Svopl,1.0,1.0,1.0,0.0,0.0,0.0,0.0,0.0
D630045J12Rik,1.0,1.0,1.0,0.0,0.0,0.0,0.0,0.0
Zc3hav1l,1.0,1.0,1.0,0.0,0.0,0.0,0.0,0.0
Zc3hav1,0.2615722360139493,1.0,1.0,0.0,0.0,0.0,0.0,0.0
Ttc26,1.0,1.0,1.0,0.0,0.0,0.0,0.0,0.0
Ubn2,0.2615722360139493,1.0,1.0,0.0,0.0,0.0,0.0,0.0
Fmc1,0.08856750257537103,0.2615722360139493,1.0,0.0,0.0,0.0,0.0,0.0
Luc7l2,0.11526553941414623,0.4726680955783123,0.9699293482575216,-0.05509465326836358,0.14780079393596374,0.37555430583656635,0.5003209258763549,0.5488279960953384
Klrg2,1.0,1.0,1.0,0.0,0.0,0.0,0.0,0.0
Clec2l,1.0,1.0,1.0,0.0,0.0,0.0,0.0,0.0
Hipk2,1.0,1.0,1.0,0.0,0.0,0.0,0.0,0.0
Tbxas1,1.0,1.0,1.0,0.0,0.0,0.0,0.0,0.0
Parp12,1.0,1.0,1.0,0.0,0.0,0.0,0.0,0.0
4930599N23Rik,1.0,1.0,1.0,0.0,0.0,0.0,0.0,0.0
Kdm7a,0.2615722360139493,1.0,1.0,0.0,0.0,0.0,0.0,0.0
Gm49041,1.0,1.0,1.0,0.0,0.0,0.0,0.0,0.0
Slc37a3,1.0,1.0,1.0,0.0,0.0,0.0,0.0,0.0
Rab19,1.0,1.0,1.0,0.0,0.0,0.0,0.0,0.0
Mkrn1,0.22074357307322534,0.7039203384624914,1.0,-28.019086973804967,-26.095934130250715,27.19095255711731,0.1167772798993575,0.0
Dennd2a,1.0,1.0,1.0,0.0,0.0,0.0,0.0,0.0
8030453O22Rik,1.0,1.0,1.0,0.0,0.0,0.0,0.0,0.0
Adck2,1.0,1.0,1.0,0.0,0.0,0.0,0.0,0.0
Ndufb2,0.038707628800508063,0.34314519329999205,0.9699293482575216,-0.19866970131112183,-0.07193346434692868,0.04950763039994314,0.636396381765205,0.605114860978033
Braf,1.0,1.0,1.0,0.0,0.0,0.0,0.0,0.0
Mrps33,0.0017191380645145984,0.05007633845978234,0.4834952662096301,-28.25151121904764,-28.107247225387454,-27.19411370792793,0.2891508736830103,0.0
Tmem178b,1.0,1.0,1.0,0.0,0.0,0.0,0.0,0.0
Agk,1.0,1.0,1.0,0.0,0.0,0.0,0.0,0.0
E330009J07Rik,1.0,1.0,1.0,0.0,0.0,0.0,0.0,0.0
Ssbp1,0.20973989997049547,0.7198236713150732,1.0,-28.400535067869487,-0.8800934723417027,0.20355143632840778,0.339045242556428,0.17954073218854225
Clec5a,1.0,1.0,1.0,0.0,0.0,0.0,0.0,0.0
Mgam,1.0,1.0,1.0,0.0,0.0,0.0,0.0,0.0
Mgam2-ps,1.0,1.0,1.0,0.0,0.0,0.0,0.0,0.0
Trbv2,1.0,1.0,1.0,0.0,0.0,0.0,0.0,0.0
Trbv13-1,1.0,1.0,1.0,0.0,0.0,0.0,0.0,0.0
Trbv13-2,1.0,1.0,1.0,0.0,0.0,0.0,0.0,0.0
Trbv13-3,1.0,1.0,1.0,0.0,0.0,0.0,0.0,0.0
Trbv17,1.0,1.0,1.0,0.0,0.0,0.0,0.0,0.0
Trbc1,1.0,1.0,1.0,0.0,0.0,0.0,0.0,0.0
Trbc2,1.0,1.0,1.0,0.0,0.0,0.0,0.0,0.0
Ephb6,1.0,1.0,1.0,0.0,0.0,0.0,0.0,0.0
Trpv6,1.0,1.0,1.0,0.0,0.0,0.0,0.0,0.0
Sval1,1.0,1.0,1.0,0.0,0.0,0.0,0.0,0.0
Gstk1,1.0,1.0,1.0,0.0,0.0,0.0,0.0,0.0
Casp2,1.0,1.0,1.0,0.0,0.0,0.0,0.0,0.0
Zyx,1.0,1.0,1.0,0.0,0.0,0.0,0.0,0.0
Epha1,1.0,1.0,1.0,0.0,0.0,0.0,0.0,0.0
Tcaf2,1.0,1.0,1.0,0.0,0.0,0.0,0.0,0.0
Tcaf1,1.0,1.0,1.0,0.0,0.0,0.0,0.0,0.0
Arhgef5,1.0,1.0,1.0,0.0,0.0,0.0,0.0,0.0
Tpk1,1.0,1.0,1.0,0.0,0.0,0.0,0.0,0.0
Cntnap2,1.0,1.0,1.0,0.0,0.0,0.0,0.0,0.0
Cul1,0.08856750257537103,1.0,1.0,0.0,0.0,0.0,0.0,0.0
Ezh2,1.0,1.0,1.0,0.0,0.0,0.0,0.0,0.0
Pdia4,0.08249583234103358,0.42686353893784235,0.9699293482575216,-0.020495634731740108,0.07795871131396297,0.168886526375181,1.3490166911540575,1.4239182968311588
Zfp398,1.0,1.0,1.0,0.0,0.0,0.0,0.0,0.0
Zfp282,1.0,1.0,1.0,0.0,0.0,0.0,0.0,0.0
Zfp212,1.0,1.0,1.0,0.0,0.0,0.0,0.0,0.0
Zfp956,1.0,1.0,1.0,0.0,0.0,0.0,0.0,0.0
Zfp777,1.0,1.0,1.0,0.0,0.0,0.0,0.0,0.0
Zfp746,1.0,1.0,1.0,0.0,0.0,0.0,0.0,0.0
Krba1,1.0,1.0,1.0,0.0,0.0,0.0,0.0,0.0
Zfp467,1.0,1.0,1.0,0.0,0.0,0.0,0.0,0.0
Atp6v0e2,1.0,1.0,1.0,0.0,0.0,0.0,0.0,0.0
Lrrc61,1.0,1.0,1.0,0.0,0.0,0.0,0.0,0.0
Rarres2,1.0,1.0,1.0,0.0,0.0,0.0,0.0,0.0
Repin1,1.0,1.0,1.0,0.0,0.0,0.0,0.0,0.0
Zfp775,1.0,1.0,1.0,0.0,0.0,0.0,0.0,0.0
AI854703,1.0,1.0,1.0,0.0,0.0,0.0,0.0,0.0
Gimap8,1.0,1.0,1.0,0.0,0.0,0.0,0.0,0.0
Gimap9,0.2615722360139493,0.47495853988950676,1.0,0.0,0.0,0.0,0.0,0.0
Gimap4,0.08856750257537103,0.2615722360139493,1.0,0.0,0.0,0.0,0.0,0.0
Gimap6,0.15677460372275384,0.6784313725490196,1.0,-0.13879006363978813,0.013594365377737436,0.16483908859144272,0.5564363617851525,0.5604100682337978
Gimap7,0.08856750257537103,0.2615722360139493,1.0,0.0,0.0,0.0,0.0,0.0
Gimap1os,1.0,1.0,1.0,0.0,0.0,0.0,0.0,0.0
Gimap1,0.13493688973565135,0.4726680955783123,0.9699293482575216,-0.09587448024836483,0.09849255459420114,0.3042911505514404,0.48328189009210654,0.5156381985724011
Gimap5,0.15351977021153562,0.7563611602870911,0.9595657057843286,-26.941951308672582,0.0,0.0,0.0,0.0
4833403J16Rik,1.0,1.0,1.0,0.0,0.0,0.0,0.0,0.0
Gimap3,1.0,1.0,1.0,0.0,0.0,0.0,0.0,0.0
Tmem176b,0.015774390727951105,0.08249583234103358,0.2702706993728666,-0.2541407588624148,-0.16573400125258314,-0.06634622059195958,1.7732716925582475,1.5794842560346225
Tmem176a,0.00409621338413908,0.03142017940779551,0.13493688973565135,-0.2127899198664285,-0.16086788526570966,-0.10314879814985002,1.807802332566625,1.6163823124481813
Gm7932,1.0,1.0,1.0,0.0,0.0,0.0,0.0,0.0
Aoc1,1.0,1.0,1.0,0.0,0.0,0.0,0.0,0.0
Gpnmb,1.0,1.0,1.0,0.0,0.0,0.0,0.0,0.0
Malsu1,0.002778685068188869,0.029867793297539916,0.08856750257537103,-27.951229781432012,0.0,0.0,0.0,0.0
Igf2bp3,1.0,1.0,1.0,0.0,0.0,0.0,0.0,0.0
Tra2a,0.009501095540355024,0.0978412151825437,0.8822739356449067,-26.887357379998747,0.0,0.0,0.0,0.0
Ccdc126,1.0,1.0,1.0,0.0,0.0,0.0,0.0,0.0
Fam221a,1.0,1.0,1.0,0.0,0.0,0.0,0.0,0.0
Mpp6,0.0007335473709934008,0.009501095540355024,0.029867793297539916,-28.117733738161185,-27.035488103854394,0.0,0.13756022057085948,0.0
Gsdme,1.0,1.0,1.0,0.0,0.0,0.0,0.0,0.0
Osbpl3,1.0,1.0,1.0,0.0,0.0,0.0,0.0,0.0
Cycs,0.012328729062475197,0.23797729618163055,0.910105580693816,-0.04613752551823465,0.1254566711609939,0.31529024644666864,0.4688543076908678,0.5118856189466465
Gm32479,1.0,1.0,1.0,0.0,0.0,0.0,0.0,0.0
0610033M10Rik,1.0,1.0,1.0,0.0,0.0,0.0,0.0,0.0
Nfe2l3,1.0,1.0,1.0,0.0,0.0,0.0,0.0,0.0
Hnrnpa2b1,0.2082876875446535,0.6784313725490196,1.0,-0.08311620653403429,0.05905243802459509,0.20826369567915148,0.6195251091360399,0.6459861941833233
Cbx3,0.08856750257537103,1.0,1.0,0.0,0.0,0.0,0.0,0.0
Snx10,1.0,1.0,1.0,0.0,0.0,0.0,0.0,0.0
Skap2,0.2615722360139493,1.0,1.0,0.0,0.0,0.0,0.0,0.0
Hoxa1,1.0,1.0,1.0,0.0,0.0,0.0,0.0,0.0
Hotairm1,1.0,1.0,1.0,0.0,0.0,0.0,0.0,0.0
Hoxa3,1.0,1.0,1.0,0.0,0.0,0.0,0.0,0.0
Gm15050,1.0,1.0,1.0,0.0,0.0,0.0,0.0,0.0
Hoxaas3,1.0,1.0,1.0,0.0,0.0,0.0,0.0,0.0
Hoxa4,1.0,1.0,1.0,0.0,0.0,0.0,0.0,0.0
Hoxa5,1.0,1.0,1.0,0.0,0.0,0.0,0.0,0.0
Hoxa6,1.0,1.0,1.0,0.0,0.0,0.0,0.0,0.0
Hoxa7,1.0,1.0,1.0,0.0,0.0,0.0,0.0,0.0
Hoxa9,1.0,1.0,1.0,0.0,0.0,0.0,0.0,0.0
Hoxa10,1.0,1.0,1.0,0.0,0.0,0.0,0.0,0.0
Hoxa11,1.0,1.0,1.0,0.0,0.0,0.0,0.0,0.0
Hoxa11os,1.0,1.0,1.0,0.0,0.0,0.0,0.0,0.0
Hoxa13,1.0,1.0,1.0,0.0,0.0,0.0,0.0,0.0
Hibadh,1.0,1.0,1.0,0.0,0.0,0.0,0.0,0.0
Tax1bp1,0.00019052155275065493,0.009557831229657855,0.11575732317218342,0.19128488943887426,0.36220075658447926,0.5579490542045219,0.4851023521713511,0.6240064313445713
Jazf1,1.0,1.0,1.0,0.0,0.0,0.0,0.0,0.0
Creb5,1.0,1.0,1.0,0.0,0.0,0.0,0.0,0.0
Tril,1.0,1.0,1.0,0.0,0.0,0.0,0.0,0.0
Chn2,1.0,1.0,1.0,0.0,0.0,0.0,0.0,0.0
Prr15,1.0,1.0,1.0,0.0,0.0,0.0,0.0,0.0
Scrn1,1.0,1.0,1.0,0.0,0.0,0.0,0.0,0.0
Fkbp14,1.0,1.0,1.0,0.0,0.0,0.0,0.0,0.0
Plekha8,1.0,1.0,1.0,0.0,0.0,0.0,0.0,0.0
Mturn,1.0,1.0,1.0,0.0,0.0,0.0,0.0,0.0
Znrf2,1.0,1.0,1.0,0.0,0.0,0.0,0.0,0.0
Nod1,1.0,1.0,1.0,0.0,0.0,0.0,0.0,0.0
Ggct,1.0,1.0,1.0,0.0,0.0,0.0,0.0,0.0
Gars,0.47495853988950676,0.47495853988950676,0.8822739356449067,0.0,0.0,0.0,0.0,0.0
Inmt,1.0,1.0,1.0,0.0,0.0,0.0,0.0,0.0
Mindy4,1.0,1.0,1.0,0.0,0.0,0.0,0.0,0.0
Aqp1,1.0,1.0,1.0,0.0,0.0,0.0,0.0,0.0
Adcyap1r1,1.0,1.0,1.0,0.0,0.0,0.0,0.0,0.0
Pde1c,1.0,1.0,1.0,0.0,0.0,0.0,0.0,0.0
Lsm5,1.0,1.0,1.0,0.0,0.0,0.0,0.0,0.0
Avl9,0.2615722360139493,1.0,1.0,0.0,0.0,0.0,0.0,0.0
Kbtbd2,1.0,1.0,1.0,0.0,0.0,0.0,0.0,0.0
Fkbp9,1.0,1.0,1.0,0.0,0.0,0.0,0.0,0.0
Nt5c3,0.2615722360139493,1.0,1.0,0.0,0.0,0.0,0.0,0.0
Ppm1k,1.0,1.0,1.0,0.0,0.0,0.0,0.0,0.0
Herc6,1.0,1.0,1.0,0.0,0.0,0.0,0.0,0.0
Lancl2,1.0,1.0,1.0,0.0,0.0,0.0,0.0,0.0
Vopp1,1.0,1.0,1.0,0.0,0.0,0.0,0.0,0.0
Abcg2,1.0,1.0,1.0,0.0,0.0,0.0,0.0,0.0
Herc3,1.0,1.0,1.0,0.0,0.0,0.0,0.0,0.0
Nap1l5,1.0,1.0,1.0,0.0,0.0,0.0,0.0,0.0
Fam13a,1.0,1.0,1.0,0.0,0.0,0.0,0.0,0.0
Tigd2,1.0,1.0,1.0,0.0,0.0,0.0,0.0,0.0
Gprin3,1.0,1.0,1.0,0.0,0.0,0.0,0.0,0.0
Mmrn1,1.0,1.0,1.0,0.0,0.0,0.0,0.0,0.0
A730020E08Rik,1.0,1.0,1.0,0.0,0.0,0.0,0.0,0.0
Ccser1,1.0,1.0,1.0,0.0,0.0,0.0,0.0,0.0
Smarcad1,0.2615722360139493,1.0,1.0,0.0,0.0,0.0,0.0,0.0
Hpgds,1.0,1.0,1.0,0.0,0.0,0.0,0.0,0.0
Tnip3,1.0,1.0,1.0,0.0,0.0,0.0,0.0,0.0
Ndnf,1.0,1.0,1.0,0.0,0.0,0.0,0.0,0.0
Prdm5,1.0,1.0,1.0,0.0,0.0,0.0,0.0,0.0
Mad2l1,1.0,1.0,1.0,0.0,0.0,0.0,0.0,0.0
Gng12,1.0,1.0,1.0,0.0,0.0,0.0,0.0,0.0
Gadd45a,1.0,1.0,1.0,0.0,0.0,0.0,0.0,0.0
E230016M11Rik,1.0,1.0,1.0,0.0,0.0,0.0,0.0,0.0
Serbp1,0.001055013098356752,0.03142017940779551,0.42800865285385303,0.038973785465114784,0.141039623083128,0.2604595944216291,0.6929786329062425,0.7632119168640861
Il12rb2,1.0,1.0,1.0,0.0,0.0,0.0,0.0,0.0
Il23r,1.0,1.0,1.0,0.0,0.0,0.0,0.0,0.0
Tacstd2,1.0,1.0,1.0,0.0,0.0,0.0,0.0,0.0
Igkv2-137,1.0,1.0,1.0,0.0,0.0,0.0,0.0,0.0
Igkv1-135,1.0,1.0,1.0,0.0,0.0,0.0,0.0,0.0
Igkv9-124,1.0,1.0,1.0,0.0,0.0,0.0,0.0,0.0
Igkv1-117,1.0,1.0,1.0,0.0,0.0,0.0,0.0,0.0
Igkv14-111,1.0,1.0,1.0,0.0,0.0,0.0,0.0,0.0
Igkv1-110,1.0,1.0,1.0,0.0,0.0,0.0,0.0,0.0
Igkv2-109,1.0,1.0,1.0,0.0,0.0,0.0,0.0,0.0
Igkv16-104,1.0,1.0,1.0,0.0,0.0,0.0,0.0,0.0
Igkv15-103,1.0,1.0,1.0,0.0,0.0,0.0,0.0,0.0
Igkv10-96,1.0,1.0,1.0,0.0,0.0,0.0,0.0,0.0
Igkv10-94,1.0,1.0,1.0,0.0,0.0,0.0,0.0,0.0
Igkv19-93,1.0,1.0,1.0,0.0,0.0,0.0,0.0,0.0
Igkv4-91,1.0,1.0,1.0,0.0,0.0,0.0,0.0,0.0
Igkv1-88,1.0,1.0,1.0,0.0,0.0,0.0,0.0,0.0
Igkv13-85,1.0,1.0,1.0,0.0,0.0,0.0,0.0,0.0
Igkv4-74,1.0,1.0,1.0,0.0,0.0,0.0,0.0,0.0
Igkv4-72,1.0,1.0,1.0,0.0,0.0,0.0,0.0,0.0
Igkv4-70,1.0,1.0,1.0,0.0,0.0,0.0,0.0,0.0
Igkv4-68,1.0,1.0,1.0,0.0,0.0,0.0,0.0,0.0
Igkv4-59,1.0,1.0,1.0,0.0,0.0,0.0,0.0,0.0
Igkv4-53,1.0,1.0,1.0,0.0,0.0,0.0,0.0,0.0
Igkv5-48,1.0,1.0,1.0,0.0,0.0,0.0,0.0,0.0
Igkv12-46,1.0,1.0,1.0,0.0,0.0,0.0,0.0,0.0
Igkv12-44,1.0,1.0,1.0,0.0,0.0,0.0,0.0,0.0
Igkv5-43,1.0,1.0,1.0,0.0,0.0,0.0,0.0,0.0
Igkv12-41,1.0,1.0,1.0,0.0,0.0,0.0,0.0,0.0
Igkv6-32,1.0,1.0,1.0,0.0,0.0,0.0,0.0,0.0
Igkv8-30,1.0,1.0,1.0,0.0,0.0,0.0,0.0,0.0
Igkv8-28,1.0,1.0,1.0,0.0,0.0,0.0,0.0,0.0
Igkv6-25,1.0,1.0,1.0,0.0,0.0,0.0,0.0,0.0
Igkv8-24,1.0,1.0,1.0,0.0,0.0,0.0,0.0,0.0
Igkv6-23,1.0,1.0,1.0,0.0,0.0,0.0,0.0,0.0
Igkv8-21,1.0,1.0,1.0,0.0,0.0,0.0,0.0,0.0
Igkv6-20,1.0,1.0,1.0,0.0,0.0,0.0,0.0,0.0
Igkv8-19,1.0,1.0,1.0,0.0,0.0,0.0,0.0,0.0
Igkv6-17,1.0,1.0,1.0,0.0,0.0,0.0,0.0,0.0
Igkv6-15,1.0,1.0,1.0,0.0,0.0,0.0,0.0,0.0
Igkv6-13,1.0,1.0,1.0,0.0,0.0,0.0,0.0,0.0
Igkv3-12,1.0,1.0,1.0,0.0,0.0,0.0,0.0,0.0
Igkv3-5,1.0,1.0,1.0,0.0,0.0,0.0,0.0,0.0
Igkv3-4,1.0,1.0,1.0,0.0,0.0,0.0,0.0,0.0
Igkv3-2,1.0,1.0,1.0,0.0,0.0,0.0,0.0,0.0
Igkv3-1,1.0,1.0,1.0,0.0,0.0,0.0,0.0,0.0
Gm30211,0.004349570090077775,0.09599617303554794,0.44794780733324463,-29.072866727736248,-27.55841246435387,0.0,0.19765544485984848,0.0
Igkc,0.0015241724220052392,0.02524410573946178,0.2082876875446535,-0.015348258085125478,-0.010220261468444507,-0.004385664199960897,8.393292237583722,8.334157218445993
Rpia,1.0,1.0,1.0,0.0,0.0,0.0,0.0,0.0
Eif2ak3,1.5876796062554575e-05,3.175359212510915e-05,0.0005935583603352675,0.7234727454432318,0.9112122329029944,1.0659534851688812,0.33534498733176377,0.6316234213145216
Thnsl2,1.0,1.0,1.0,0.0,0.0,0.0,0.0,0.0
Smyd1,1.0,1.0,1.0,0.0,0.0,0.0,0.0,0.0
Krcc1,0.2615722360139493,1.0,1.0,0.0,0.0,0.0,0.0,0.0
Cd8b1,1.0,1.0,1.0,0.0,0.0,0.0,0.0,0.0
Gm44175,1.0,1.0,1.0,0.0,0.0,0.0,0.0,0.0
Cd8a,1.0,1.0,1.0,0.0,0.0,0.0,0.0,0.0
Rmnd5a,1.0,1.0,1.0,0.0,0.0,0.0,0.0,0.0
Rnf103,0.2615722360139493,0.2615722360139493,1.0,0.0,0.0,0.0,0.0,0.0
Chmp3,0.08856750257537103,0.2615722360139493,1.0,0.0,0.0,0.0,0.0,0.0
Kdm3a,1.0,1.0,1.0,0.0,0.0,0.0,0.0,0.0
Mrpl35,0.2615722360139493,1.0,1.0,0.0,0.0,0.0,0.0,0.0
Immt,1.0,1.0,1.0,0.0,0.0,0.0,0.0,0.0
Ptcd3,1.0,1.0,1.0,0.0,0.0,0.0,0.0,0.0
Polr1a,1.0,1.0,1.0,0.0,0.0,0.0,0.0,0.0
St3gal5,1.0,1.0,1.0,0.0,0.0,0.0,0.0,0.0
Atoh8,1.0,1.0,1.0,0.0,0.0,0.0,0.0,0.0
Usp39,1.0,1.0,1.0,0.0,0.0,0.0,0.0,0.0
Gm45051,1.0,1.0,1.0,0.0,0.0,0.0,0.0,0.0
0610030E20Rik,1.0,1.0,1.0,0.0,0.0,0.0,0.0,0.0
Tmem150a,1.0,1.0,1.0,0.0,0.0,0.0,0.0,0.0
Rnf181,1.0,1.0,1.0,0.0,0.0,0.0,0.0,0.0
Vamp5,1.0,1.0,1.0,0.0,0.0,0.0,0.0,0.0
Vamp8,0.04734460585853775,0.41771186615637224,0.9699293482575216,-0.21371050501817185,-0.06384178607264104,0.07864843620752933,0.468030538930395,0.45060780623569385
Ggcx,1.0,1.0,1.0,0.0,0.0,0.0,0.0,0.0
Mat2a,0.2615722360139493,1.0,1.0,0.0,0.0,0.0,0.0,0.0
Sh2d6,1.0,1.0,1.0,0.0,0.0,0.0,0.0,0.0
Capg,0.009557831229657855,0.21179921844729507,0.9071710289327191,0.04852889048403444,0.2949066090430176,0.521342031377767,0.31855702243565426,0.3938147585300993
Elmod3,1.0,1.0,1.0,0.0,0.0,0.0,0.0,0.0
Retsat,1.0,1.0,1.0,0.0,0.0,0.0,0.0,0.0
Tgoln1,0.1996030161831719,0.6708558092938122,1.0,-2.243450038058969,0.002232672062203364,0.2564958406254717,0.34702338495753726,0.3527023915721139
Gm20536,1.0,1.0,1.0,0.0,0.0,0.0,0.0,0.0
Tcf7l1,1.0,1.0,1.0,0.0,0.0,0.0,0.0,0.0
Gm15401,1.0,1.0,1.0,0.0,0.0,0.0,0.0,0.0
Kcmf1,0.002778685068188869,0.08856750257537103,0.7826235030086006,-27.43871537911605,0.0,0.0,0.0,0.0
Gm26640,1.0,1.0,1.0,0.0,0.0,0.0,0.0,0.0
Tmsb10,6.35071842502183e-05,0.00298483765976026,0.04734460585853775,0.3140808605736501,0.46373683637022556,0.6125998977497664,0.7905193893876229,1.0932843969358048
Gm20560,1.0,1.0,1.0,0.0,0.0,0.0,0.0,0.0
Suclg1,0.002778685068188869,0.029867793297539916,0.08856750257537103,-27.62278733557893,0.0,0.0,0.0,0.0
Gm9008,1.0,1.0,1.0,0.0,0.0,0.0,0.0,0.0
Reg3b,1.0,1.0,1.0,0.0,0.0,0.0,0.0,0.0
Reg3g,1.0,1.0,1.0,0.0,0.0,0.0,0.0,0.0
Gcfc2,1.0,1.0,1.0,0.0,0.0,0.0,0.0,0.0
Mrpl19,1.0,1.0,1.0,0.0,0.0,0.0,0.0,0.0
Eva1a,1.0,1.0,1.0,0.0,0.0,0.0,0.0,0.0
Pole4,0.002778685068188869,0.0815766989182437,0.569475165090806,-28.080826232111967,0.0,0.0,0.0,0.0
Hk2,1.0,1.0,1.0,0.0,0.0,0.0,0.0,0.0
Gm38843,1.0,1.0,1.0,0.0,0.0,0.0,0.0,0.0
Sema4f,1.0,1.0,1.0,0.0,0.0,0.0,0.0,0.0
M1ap,1.0,1.0,1.0,0.0,0.0,0.0,0.0,0.0
Dok1,1.0,1.0,1.0,0.0,0.0,0.0,0.0,0.0
Loxl3,1.0,1.0,1.0,0.0,0.0,0.0,0.0,0.0
Htra2,0.029867793297539916,0.08856750257537103,0.2615722360139493,0.0,0.0,0.0,0.0,0.0
Aup1,0.0024059978987341995,0.03939210869626452,0.2957986736283067,-28.66436341827018,-1.0313186043746163,-0.13922551588363524,0.4085315711595723,0.2050624631127484
Dqx1,1.0,1.0,1.0,0.0,0.0,0.0,0.0,0.0
Pcgf1,1.0,1.0,1.0,0.0,0.0,0.0,0.0,0.0
Ccdc142,1.0,1.0,1.0,0.0,0.0,0.0,0.0,0.0
Ccdc142os,1.0,1.0,1.0,0.0,0.0,0.0,0.0,0.0
Mrpl53,3.5291394948257277e-05,0.0001720247930818143,0.0057606676070176424,-28.252367367316545,-28.14878520243308,-27.866362634276488,0.2975970939414215,0.0
Mogs,0.2615722360139493,0.2615722360139493,1.0,0.0,0.0,0.0,0.0,0.0
Wbp1,1.0,1.0,1.0,0.0,0.0,0.0,0.0,0.0
Ino80b,1.0,1.0,1.0,0.0,0.0,0.0,0.0,0.0
Rtkn,1.0,1.0,1.0,0.0,0.0,0.0,0.0,0.0
Dctn1,1.0,1.0,1.0,0.0,0.0,0.0,0.0,0.0
Mthfd2,0.08715662938217593,0.266717246715916,0.7563611602870911,0.0,0.0,0.0,0.0,0.0
Mob1a,0.1853939469443623,0.7563611602870911,0.8822739356449067,0.0,0.0,0.0,0.0,0.0
Bola3,0.009501095540355024,0.029867793297539916,0.29147411368370935,-26.99802730435444,0.0,0.0,0.0,0.0
Tet3,1.0,1.0,1.0,0.0,0.0,0.0,0.0,0.0
Dguok,1.0,1.0,1.0,0.0,0.0,0.0,0.0,0.0
Actg2,1.0,1.0,1.0,0.0,0.0,0.0,0.0,0.0
Stambp,1.0,1.0,1.0,0.0,0.0,0.0,0.0,0.0
Cd207,1.0,1.0,1.0,0.0,0.0,0.0,0.0,0.0
Vax2,1.0,1.0,1.0,0.0,0.0,0.0,0.0,0.0
Tex261,0.002778685068188869,0.029867793297539916,0.12233417091613663,-27.822669276040088,0.0,0.0,0.0,0.0
Nagk,1.0,1.0,1.0,0.0,0.0,0.0,0.0,0.0
Paip2b,1.0,1.0,1.0,0.0,0.0,0.0,0.0,0.0
Zfp638,1.0,1.0,1.0,0.0,0.0,0.0,0.0,0.0
Gm43920,1.0,1.0,1.0,0.0,0.0,0.0,0.0,0.0
Dysf,1.0,1.0,1.0,0.0,0.0,0.0,0.0,0.0
Cyp26b1,1.0,1.0,1.0,0.0,0.0,0.0,0.0,0.0
Exoc6b,1.0,1.0,1.0,0.0,0.0,0.0,0.0,0.0
Spr,0.9815393059003498,1.0,1.0,0.0,0.0,0.0,0.0,0.0
Sfxn5,1.0,1.0,1.0,0.0,0.0,0.0,0.0,0.0
Rab11fip5,1.0,1.0,1.0,0.0,0.0,0.0,0.0,0.0
Smyd5,1.0,1.0,1.0,0.0,0.0,0.0,0.0,0.0
Pradc1,1.0,1.0,1.0,0.0,0.0,0.0,0.0,0.0
Cct7,0.04617648330851046,0.5103655506712139,1.0,-28.24654979448924,-0.0812635241767584,0.17418678326933298,0.3401718005905894,0.321441114751309
Egr4,1.0,1.0,1.0,0.0,0.0,0.0,0.0,0.0
Alms1,1.0,1.0,1.0,0.0,0.0,0.0,0.0,0.0
Nat8f3,1.0,1.0,1.0,0.0,0.0,0.0,0.0,0.0
Nat8,1.0,1.0,1.0,0.0,0.0,0.0,0.0,0.0
Nat8f4,1.0,1.0,1.0,0.0,0.0,0.0,0.0,0.0
Nat8f1,1.0,1.0,1.0,0.0,0.0,0.0,0.0,0.0
Tprkb,1.0,1.0,1.0,0.0,0.0,0.0,0.0,0.0
Dusp11,0.00024233435263260392,0.0037609181263990434,0.0583492399385958,0.372069739291701,0.5408557429985864,1.4537796076505083,0.29523925553926267,0.428061267913023
Tgfa,1.0,1.0,1.0,0.0,0.0,0.0,0.0,0.0
Fam136a,0.2615722360139493,1.0,1.0,0.0,0.0,0.0,0.0,0.0
Snrpg,1.5876796062554575e-05,0.00047630388187663733,0.020131777407319206,0.19300933380962507,0.30468034525943044,0.42205891726028183,0.5218184291406656,0.6443983775260759
Pcyox1,1.0,1.0,1.0,0.0,0.0,0.0,0.0,0.0
Tia1,0.2615722360139493,1.0,1.0,0.0,0.0,0.0,0.0,0.0
C87436,1.0,1.0,1.0,0.0,0.0,0.0,0.0,0.0
A430078I02Rik,1.0,1.0,1.0,0.0,0.0,0.0,0.0,0.0
2310040G24Rik,1.0,1.0,1.0,0.0,0.0,0.0,0.0,0.0
Gm43936,1.0,1.0,1.0,0.0,0.0,0.0,0.0,0.0
Pcbp1,0.0571278875922839,0.34314519329999205,0.910105580693816,-0.0661451505550683,0.09018700245390762,0.24415108589170811,0.4896365979687416,0.5197152348236534
1600020E01Rik,1.0,1.0,1.0,0.0,0.0,0.0,0.0,0.0
Asprv1,1.0,1.0,1.0,0.0,0.0,0.0,0.0,0.0
Mxd1,0.06941380109538582,0.5200843048267536,1.0,-28.166994936217844,-27.018025854189823,0.0,0.13862220121044,0.0
Snrnp27,0.002778685068188869,0.029867793297539916,0.08856750257537103,-27.642373884004442,0.0,0.0,0.0,0.0
Gmcl1,1.0,1.0,1.0,0.0,0.0,0.0,0.0,0.0
Anxa4,1.0,1.0,1.0,0.0,0.0,0.0,0.0,0.0
2610306M01Rik,1.0,1.0,1.0,0.0,0.0,0.0,0.0,0.0
Aak1,1.0,1.0,1.0,0.0,0.0,0.0,0.0,0.0
Nfu1,1.0,1.0,1.0,0.0,0.0,0.0,0.0,0.0
Gfpt1,0.029867793297539916,0.2615722360139493,1.0,0.0,0.0,0.0,0.0,0.0
Antxr1,1.0,1.0,1.0,0.0,0.0,0.0,0.0,0.0
Arhgap25,1.0,1.0,1.0,0.0,0.0,0.0,0.0,0.0
Prokr1,1.0,1.0,1.0,0.0,0.0,0.0,0.0,0.0
Aplf,1.0,1.0,1.0,0.0,0.0,0.0,0.0,0.0
Gm44210,1.0,1.0,1.0,0.0,0.0,0.0,0.0,0.0
Efcc1,1.0,1.0,1.0,0.0,0.0,0.0,0.0,0.0
Rab43,1.0,1.0,1.0,0.0,0.0,0.0,0.0,0.0
Isy1,1.0,1.0,1.0,0.0,0.0,0.0,0.0,0.0
Cnbp,0.005493371437643883,0.06909581646423751,0.2702706993728666,0.12281897020462737,0.26757903585153486,0.4223218398381108,0.515082405390925,0.622752163775826
Copg1,0.2615722360139493,1.0,1.0,0.0,0.0,0.0,0.0,0.0
Hmces,1.0,1.0,1.0,0.0,0.0,0.0,0.0,0.0
H1fx,1.0,1.0,1.0,0.0,0.0,0.0,0.0,0.0
Gm5577,1.0,1.0,1.0,0.0,0.0,0.0,0.0,0.0
Rab7,0.002778685068188869,0.029254565586406815,0.2740127914304309,-28.02206869504182,-26.849513079207522,0.0,0.12092296912001474,0.0
Rpn1,0.0015241724220052392,0.03142017940779551,0.2082876875446535,0.2297852889326529,0.3723886504187869,0.5013254461116738,0.5115953331315363,0.6622600360169113
Gata2,1.0,1.0,1.0,0.0,0.0,0.0,0.0,0.0
Eefsec,1.0,1.0,1.0,0.0,0.0,0.0,0.0,0.0
Ruvbl1,1.0,1.0,1.0,0.0,0.0,0.0,0.0,0.0
Sec61a1,0.04734460585853775,0.5208065412399778,1.0,-0.14928629683418848,0.05645853840228965,0.31669595630228015,0.45900786237416047,0.4791110146266152
Kbtbd12,1.0,1.0,1.0,0.0,0.0,0.0,0.0,0.0
Mgll,1.0,1.0,1.0,0.0,0.0,0.0,0.0,0.0
Abtb1,1.0,1.0,1.0,0.0,0.0,0.0,0.0,0.0
Podxl2,1.0,1.0,1.0,0.0,0.0,0.0,0.0,0.0
Mcm2,1.0,1.0,1.0,0.0,0.0,0.0,0.0,0.0
Tpra1,1.0,1.0,1.0,0.0,0.0,0.0,0.0,0.0
Plxna1,1.0,1.0,1.0,0.0,0.0,0.0,0.0,0.0
Chchd6,1.0,1.0,1.0,0.0,0.0,0.0,0.0,0.0
Txnrd3,1.0,1.0,1.0,0.0,0.0,0.0,0.0,0.0
Zxdc,1.0,1.0,1.0,0.0,0.0,0.0,0.0,0.0
Aldh1l1,1.0,1.0,1.0,0.0,0.0,0.0,0.0,0.0
Slc41a3,1.0,1.0,1.0,0.0,0.0,0.0,0.0,0.0
Iqsec1,1.0,1.0,1.0,0.0,0.0,0.0,0.0,0.0
Nup210,1.0,1.0,1.0,0.0,0.0,0.0,0.0,0.0
Hdac11,1.0,1.0,1.0,0.0,0.0,0.0,0.0,0.0
Fbln2,1.0,1.0,1.0,0.0,0.0,0.0,0.0,0.0
1810044D09Rik,0.2615722360139493,1.0,1.0,0.0,0.0,0.0,0.0,0.0
Chchd4,1.0,1.0,1.0,0.0,0.0,0.0,0.0,0.0
Tmem43,1.0,1.0,1.0,0.0,0.0,0.0,0.0,0.0
Xpc,1.0,1.0,1.0,0.0,0.0,0.0,0.0,0.0
Lsm3,1.0,1.0,1.0,0.0,0.0,0.0,0.0,0.0
Slc6a6,1.0,1.0,1.0,0.0,0.0,0.0,0.0,0.0
Ccdc174,1.0,1.0,1.0,0.0,0.0,0.0,0.0,0.0
4930590J08Rik,1.0,1.0,1.0,0.0,0.0,0.0,0.0,0.0
Fgd5,1.0,1.0,1.0,0.0,0.0,0.0,0.0,0.0
Nr2c2,1.0,1.0,1.0,0.0,0.0,0.0,0.0,0.0
Mrps25,0.08856750257537103,0.2615722360139493,1.0,0.0,0.0,0.0,0.0,0.0
Rbsn,1.0,1.0,1.0,0.0,0.0,0.0,0.0,0.0
Prickle2,1.0,1.0,1.0,0.0,0.0,0.0,0.0,0.0
Adamts9,1.0,1.0,1.0,0.0,0.0,0.0,0.0,0.0
9530026P05Rik,1.0,1.0,1.0,0.0,0.0,0.0,0.0,0.0
Magi1,1.0,1.0,1.0,0.0,0.0,0.0,0.0,0.0
Slc25a26,1.0,1.0,1.0,0.0,0.0,0.0,0.0,0.0
Lrig1,1.0,1.0,1.0,0.0,0.0,0.0,0.0,0.0
Kbtbd8,1.0,1.0,1.0,0.0,0.0,0.0,0.0,0.0
Suclg2,0.2615722360139493,1.0,1.0,0.0,0.0,0.0,0.0,0.0
Tafa1,1.0,1.0,1.0,0.0,0.0,0.0,0.0,0.0
Eogt,1.0,1.0,1.0,0.0,0.0,0.0,0.0,0.0
Tmf1,1.0,1.0,1.0,0.0,0.0,0.0,0.0,0.0
Uba3,1.0,1.0,1.0,0.0,0.0,0.0,0.0,0.0
Arl6ip5,0.2615722360139493,1.0,1.0,0.0,0.0,0.0,0.0,0.0
Frmd4b,1.0,1.0,1.0,0.0,0.0,0.0,0.0,0.0
Mitf,1.0,1.0,1.0,0.0,0.0,0.0,0.0,0.0
Foxp1,0.00023455467501049587,0.000754999222880271,0.0035598804522009022,0.91173299115196,1.4992580080054512,29.20366451989116,0.22510227484004275,0.6304601926529454
Gm20705,1.0,1.0,1.0,0.0,0.0,0.0,0.0,0.0
Eif4e3,0.2615722360139493,1.0,1.0,0.0,0.0,0.0,0.0,0.0
Gpr27,1.0,1.0,1.0,0.0,0.0,0.0,0.0,0.0
Rybp,1.0,1.0,1.0,0.0,0.0,0.0,0.0,0.0
Shq1,1.0,1.0,1.0,0.0,0.0,0.0,0.0,0.0
Gxylt2,1.0,1.0,1.0,0.0,0.0,0.0,0.0,0.0
Ppp4r2,1.0,1.0,1.0,0.0,0.0,0.0,0.0,0.0
Pdzrn3,1.0,1.0,1.0,0.0,0.0,0.0,0.0,0.0
Chl1,1.0,1.0,1.0,0.0,0.0,0.0,0.0,0.0
Cntn4,1.0,1.0,1.0,0.0,0.0,0.0,0.0,0.0
Il5ra,1.0,1.0,1.0,0.0,0.0,0.0,0.0,0.0
Trnt1,1.0,1.0,1.0,0.0,0.0,0.0,0.0,0.0
Crbn,0.2615722360139493,1.0,1.0,0.0,0.0,0.0,0.0,0.0
Setmar,1.0,1.0,1.0,0.0,0.0,0.0,0.0,0.0
Sumf1,1.0,1.0,1.0,0.0,0.0,0.0,0.0,0.0
Itpr1,1.0,1.0,1.0,0.0,0.0,0.0,0.0,0.0
0610040F04Rik,1.0,1.0,1.0,0.0,0.0,0.0,0.0,0.0
Gm17055,1.0,1.0,1.0,0.0,0.0,0.0,0.0,0.0
Bhlhe40,1.0,1.0,1.0,0.0,0.0,0.0,0.0,0.0
Arl8b,0.2615722360139493,1.0,1.0,0.0,0.0,0.0,0.0,0.0
Edem1,0.00019052155275065493,0.0021592442645074223,0.009557831229657855,-0.3057105161012839,-0.23384899919082025,-0.16812694501889044,1.4262412659437527,1.2108468043813125
Lmcd1,1.0,1.0,1.0,0.0,0.0,0.0,0.0,0.0
Ssu2,1.0,1.0,1.0,0.0,0.0,0.0,0.0,0.0
Cav3,1.0,1.0,1.0,0.0,0.0,0.0,0.0,0.0
Rad18,1.0,1.0,1.0,0.0,0.0,0.0,0.0,0.0
Srgap3,1.0,1.0,1.0,0.0,0.0,0.0,0.0,0.0
Thumpd3,1.0,1.0,1.0,0.0,0.0,0.0,0.0,0.0
Gt(ROSA)26Sor,1.0,1.0,1.0,0.0,0.0,0.0,0.0,0.0
Setd5,0.029867793297539916,0.08856750257537103,0.7670968684102772,0.0,0.0,0.0,0.0,0.0
Lhfpl4,1.0,1.0,1.0,0.0,0.0,0.0,0.0,0.0
Mtmr14,1.0,1.0,1.0,0.0,0.0,0.0,0.0,0.0
Brpf1,1.0,1.0,1.0,0.0,0.0,0.0,0.0,0.0
Gm15492,1.0,1.0,1.0,0.0,0.0,0.0,0.0,0.0
Ogg1,1.0,1.0,1.0,0.0,0.0,0.0,0.0,0.0
Camk1,1.0,1.0,1.0,0.0,0.0,0.0,0.0,0.0
Tada3,1.0,1.0,1.0,0.0,0.0,0.0,0.0,0.0
Arpc4,0.2615722360139493,0.2615722360139493,1.0,0.0,0.0,0.0,0.0,0.0
Ttll3,1.0,1.0,1.0,0.0,0.0,0.0,0.0,0.0
Rpusd3,1.0,1.0,1.0,0.0,0.0,0.0,0.0,0.0
Jagn1,1.0,1.0,1.0,0.0,0.0,0.0,0.0,0.0
Il17re,1.0,1.0,1.0,0.0,0.0,0.0,0.0,0.0
Il17rc,1.0,1.0,1.0,0.0,0.0,0.0,0.0,0.0
Creld1,1.0,1.0,1.0,0.0,0.0,0.0,0.0,0.0
Emc3,0.009501095540355024,0.08856750257537103,0.29147411368370935,-26.852952511682386,0.0,0.0,0.0,0.0
Fancd2,1.0,1.0,1.0,0.0,0.0,0.0,0.0,0.0
Brk1,0.002778685068188869,0.029867793297539916,0.4198490637342591,-27.911899516174596,0.0,0.0,0.0,0.0
Vhl,1.0,1.0,1.0,0.0,0.0,0.0,0.0,0.0
Irak2,1.0,1.0,1.0,0.0,0.0,0.0,0.0,0.0
Tatdn2,1.0,1.0,1.0,0.0,0.0,0.0,0.0,0.0
Gm26982,1.0,1.0,1.0,0.0,0.0,0.0,0.0,0.0
Sec13,0.0007335473709934008,0.029867793297539916,0.4198490637342591,-28.008339924751496,-25.85052951274452,0.0,0.06050409648548575,0.0
Slc6a11,1.0,1.0,1.0,0.0,0.0,0.0,0.0,0.0
Hrh1,1.0,1.0,1.0,0.0,0.0,0.0,0.0,0.0
Atg7,1.0,1.0,1.0,0.0,0.0,0.0,0.0,0.0
Vgll4,0.1853939469443623,0.8523211367181747,0.8822739356449067,0.0,0.0,0.0,0.0,0.0
Tamm41,1.0,1.0,1.0,0.0,0.0,0.0,0.0,0.0
Syn2,1.0,1.0,1.0,0.0,0.0,0.0,0.0,0.0
Timp4,1.0,1.0,1.0,0.0,0.0,0.0,0.0,0.0
Pparg,1.0,1.0,1.0,0.0,0.0,0.0,0.0,0.0
Tsen2,1.0,1.0,1.0,0.0,0.0,0.0,0.0,0.0
Mkrn2os,1.0,1.0,1.0,0.0,0.0,0.0,0.0,0.0
Mkrn2,1.0,1.0,1.0,0.0,0.0,0.0,0.0,0.0
Raf1,0.08856750257537103,0.2615722360139493,1.0,0.0,0.0,0.0,0.0,0.0
D830050J10Rik,1.0,1.0,1.0,0.0,0.0,0.0,0.0,0.0
Cand2,1.0,1.0,1.0,0.0,0.0,0.0,0.0,0.0
Rpl32,0.0021592442645074223,0.038707628800508063,0.3053901722632373,-0.07696862790072391,-0.05127862489795518,-0.019394393869419893,2.9605040135095324,2.8551440415027787
Mbd4,1.0,1.0,1.0,0.0,0.0,0.0,0.0,0.0
Ift122,1.0,1.0,1.0,0.0,0.0,0.0,0.0,0.0
Plxnd1,1.0,1.0,1.0,0.0,0.0,0.0,0.0,0.0
Tmcc1,0.2615722360139493,0.2615722360139493,1.0,0.0,0.0,0.0,0.0,0.0
Washc2,1.0,1.0,1.0,0.0,0.0,0.0,0.0,0.0
Zfand4,1.0,1.0,1.0,0.0,0.0,0.0,0.0,0.0
Gm44957,1.0,1.0,1.0,0.0,0.0,0.0,0.0,0.0
March8,1.0,1.0,1.0,0.0,0.0,0.0,0.0,0.0
Alox5,1.0,1.0,1.0,0.0,0.0,0.0,0.0,0.0
Zfp422,1.0,1.0,1.0,0.0,0.0,0.0,0.0,0.0
Rassf4,1.0,1.0,1.0,0.0,0.0,0.0,0.0,0.0
Depp1,1.0,1.0,1.0,0.0,0.0,0.0,0.0,0.0
Cxcl12,1.0,1.0,1.0,0.0,0.0,0.0,0.0,0.0
Gm7292,1.0,1.0,1.0,0.0,0.0,0.0,0.0,0.0
Zfp637,1.0,1.0,1.0,0.0,0.0,0.0,0.0,0.0
Zfp239,1.0,1.0,1.0,0.0,0.0,0.0,0.0,0.0
Hnrnpf,1.5876796062554575e-05,3.175359212510915e-05,0.00030165912518853697,0.343111220240437,0.4583946006070374,0.6255841052758639,0.5546536589856506,0.7662499716002606
Fxyd4,1.0,1.0,1.0,0.0,0.0,0.0,0.0,0.0
Rasgef1a,1.0,1.0,1.0,0.0,0.0,0.0,0.0,0.0
Csgalnact2,1.0,1.0,1.0,0.0,0.0,0.0,0.0,0.0
Ret,1.0,1.0,1.0,0.0,0.0,0.0,0.0,0.0
Bms1,1.0,1.0,1.0,0.0,0.0,0.0,0.0,0.0
Zfp248,1.0,1.0,1.0,0.0,0.0,0.0,0.0,0.0
Zfp9,1.0,1.0,1.0,0.0,0.0,0.0,0.0,0.0
Ankrd26,1.0,1.0,1.0,0.0,0.0,0.0,0.0,0.0
Cacna1c,1.0,1.0,1.0,0.0,0.0,0.0,0.0,0.0
Dcp1b,1.0,1.0,1.0,0.0,0.0,0.0,0.0,0.0
Adipor2,1.0,1.0,1.0,0.0,0.0,0.0,0.0,0.0
Wnt5b,1.0,1.0,1.0,0.0,0.0,0.0,0.0,0.0
Fbxl14,1.0,1.0,1.0,0.0,0.0,0.0,0.0,0.0
Erc1,1.0,1.0,1.0,0.0,0.0,0.0,0.0,0.0
Rad52,1.0,1.0,1.0,0.0,0.0,0.0,0.0,0.0
Wnk1,0.02524410573946178,0.1768036740169494,0.6158964889935725,0.10631002328087318,0.26101677545374047,0.40844135671643145,0.383333966535306,0.4599719755537855
Ninj2,1.0,1.0,1.0,0.0,0.0,0.0,0.0,0.0
Ccdc77,1.0,1.0,1.0,0.0,0.0,0.0,0.0,0.0
Kdm5a,0.08856750257537103,0.2615722360139493,1.0,0.0,0.0,0.0,0.0,0.0
Il17ra,0.47495853988950676,1.0,1.0,0.0,0.0,0.0,0.0,0.0
Hdhd5,1.0,1.0,1.0,0.0,0.0,0.0,0.0,0.0
Cecr2,1.0,1.0,1.0,0.0,0.0,0.0,0.0,0.0
Atp6v1e1,0.028688810319848834,0.1853939469443623,0.8822739356449067,-27.51476600927597,0.0,0.0,0.0,0.0
Bcl2l13,1.0,1.0,1.0,0.0,0.0,0.0,0.0,0.0
Bid,1.0,1.0,1.0,0.0,0.0,0.0,0.0,0.0
Mical3,1.0,1.0,1.0,0.0,0.0,0.0,0.0,0.0
Gm4651,1.0,1.0,1.0,0.0,0.0,0.0,0.0,0.0
Pex26,1.0,1.0,1.0,0.0,0.0,0.0,0.0,0.0
Usp18,1.0,1.0,1.0,0.0,0.0,0.0,0.0,0.0
Gm44148,1.0,1.0,1.0,0.0,0.0,0.0,0.0,0.0
Slc6a13,1.0,1.0,1.0,0.0,0.0,0.0,0.0,0.0
Klrg1,1.0,1.0,1.0,0.0,0.0,0.0,0.0,0.0
M6pr,0.029867793297539916,0.2615722360139493,1.0,0.0,0.0,0.0,0.0,0.0
Phc1,1.0,1.0,1.0,0.0,0.0,0.0,0.0,0.0
Mfap5,1.0,1.0,1.0,0.0,0.0,0.0,0.0,0.0
Gm16556,1.0,1.0,1.0,0.0,0.0,0.0,0.0,0.0
Apobec1,1.0,1.0,1.0,0.0,0.0,0.0,0.0,0.0
Gdf3,1.0,1.0,1.0,0.0,0.0,0.0,0.0,0.0
Slc2a3,1.0,1.0,1.0,0.0,0.0,0.0,0.0,0.0
Gm26826,1.0,1.0,1.0,0.0,0.0,0.0,0.0,0.0
Foxj2,1.0,1.0,1.0,0.0,0.0,0.0,0.0,0.0
C3ar1,1.0,1.0,1.0,0.0,0.0,0.0,0.0,0.0
Necap1,0.2615722360139493,1.0,1.0,0.0,0.0,0.0,0.0,0.0
Clec4a1,1.0,1.0,1.0,0.0,0.0,0.0,0.0,0.0
Clec4a3,1.0,1.0,1.0,0.0,0.0,0.0,0.0,0.0
Clec4b1,1.0,1.0,1.0,0.0,0.0,0.0,0.0,0.0
Clec4a2,1.0,1.0,1.0,0.0,0.0,0.0,0.0,0.0
Clec4n,1.0,1.0,1.0,0.0,0.0,0.0,0.0,0.0
Clec4d,1.0,1.0,1.0,0.0,0.0,0.0,0.0,0.0
Clec4e,1.0,1.0,1.0,0.0,0.0,0.0,0.0,0.0
Cd163,1.0,1.0,1.0,0.0,0.0,0.0,0.0,0.0
Pex5,1.0,1.0,1.0,0.0,0.0,0.0,0.0,0.0
Clstn3,1.0,1.0,1.0,0.0,0.0,0.0,0.0,0.0
C1rl,1.0,1.0,1.0,0.0,0.0,0.0,0.0,0.0
C1ra,1.0,1.0,1.0,0.0,0.0,0.0,0.0,0.0
C1s1,1.0,1.0,1.0,0.0,0.0,0.0,0.0,0.0
Lpcat3,1.0,1.0,1.0,0.0,0.0,0.0,0.0,0.0
Emg1,0.029867793297539916,0.08856750257537103,0.7843659438513384,-25.848495952927735,0.0,0.0,0.0,0.0
Phb2,0.002778685068188869,0.029867793297539916,0.09289262091133156,-27.742959336059343,0.0,0.0,0.0,0.0
Ptpn6,1.0,1.0,1.0,0.0,0.0,0.0,0.0,0.0
Grcc10,0.00409621338413908,0.09788044772564897,0.6796794904129354,0.09052418364421738,0.28159464641205906,0.46901734244916404,0.3769286343801835,0.4599224009476345
Atn1,1.0,1.0,1.0,0.0,0.0,0.0,0.0,0.0
Eno2,1.0,1.0,1.0,0.0,0.0,0.0,0.0,0.0
Spsb2,1.0,1.0,1.0,0.0,0.0,0.0,0.0,0.0
Tpi1,0.2615722360139493,1.0,1.0,0.0,0.0,0.0,0.0,0.0
Usp5,1.0,1.0,1.0,0.0,0.0,0.0,0.0,0.0
Cdca3,1.0,1.0,1.0,0.0,0.0,0.0,0.0,0.0
P3h3,1.0,1.0,1.0,0.0,0.0,0.0,0.0,0.0
Gpr162,1.0,1.0,1.0,0.0,0.0,0.0,0.0,0.0
Cd4,1.0,1.0,1.0,0.0,0.0,0.0,0.0,0.0
Lag3,1.0,1.0,1.0,0.0,0.0,0.0,0.0,0.0
Ptms,0.009998230461395608,0.13525118892898313,0.6993022710519221,-28.085175879822984,-26.896540925443652,0.0,0.12492967054427499,0.0
Mlf2,0.009501095540355024,0.029867793297539916,0.029867793297539916,-27.102501597047457,0.0,0.0,0.0,0.0
Cops7a,1.0,1.0,1.0,0.0,0.0,0.0,0.0,0.0
Pianp,1.0,1.0,1.0,0.0,0.0,0.0,0.0,0.0
Zfp384,1.0,1.0,1.0,0.0,0.0,0.0,0.0,0.0
Ing4,0.2615722360139493,1.0,1.0,0.0,0.0,0.0,0.0,0.0
Acrbp,1.0,1.0,1.0,0.0,0.0,0.0,0.0,0.0
Chd4,0.009501095540355024,0.029867793297539916,0.2615722360139493,-27.046583102098285,0.0,0.0,0.0,0.0
Nop2,1.0,1.0,1.0,0.0,0.0,0.0,0.0,0.0
Iffo1,1.0,1.0,1.0,0.0,0.0,0.0,0.0,0.0
Gapdh,0.2082876875446535,0.6784313725490196,1.0,-0.11761570251668242,0.03102650325193842,0.1403062716785733,1.1000182219795724,1.1232033081292938
Ncapd2,1.0,1.0,1.0,0.0,0.0,0.0,0.0,0.0
Mrpl51,0.038584897133369295,0.26254958688139207,0.8469967641740412,-0.38415386924560246,-0.09787391769774911,0.05590106637131726,0.41430412651406023,0.3903263721851382
Vamp1,1.0,1.0,1.0,0.0,0.0,0.0,0.0,0.0
Tapbpl,0.002778685068188869,0.08856750257537103,0.2615722360139493,-26.979014867248303,0.0,0.0,0.0,0.0
Cd27,1.0,1.0,1.0,0.0,0.0,0.0,0.0,0.0
4930417O13Rik,1.0,1.0,1.0,0.0,0.0,0.0,0.0,0.0
Ltbr,1.0,1.0,1.0,0.0,0.0,0.0,0.0,0.0
Scnn1a,1.0,1.0,1.0,0.0,0.0,0.0,0.0,0.0
Tnfrsf1a,1.0,1.0,1.0,0.0,0.0,0.0,0.0,0.0
Cd9,0.029867793297539916,0.08856750257537103,0.7670968684102772,0.0,0.0,0.0,0.0,0.0
Gm28809,1.0,1.0,1.0,0.0,0.0,0.0,0.0,0.0
Gm26728,1.0,1.0,1.0,0.0,0.0,0.0,0.0,0.0
Vwf,1.0,1.0,1.0,0.0,0.0,0.0,0.0,0.0
Ano2,1.0,1.0,1.0,0.0,0.0,0.0,0.0,0.0
Ntf3,1.0,1.0,1.0,0.0,0.0,0.0,0.0,0.0
Ndufa9,0.2615722360139493,1.0,1.0,0.0,0.0,0.0,0.0,0.0
Dyrk4,1.0,1.0,1.0,0.0,0.0,0.0,0.0,0.0
Rad51ap1,1.0,1.0,1.0,0.0,0.0,0.0,0.0,0.0
D6Wsu163e,1.0,1.0,1.0,0.0,0.0,0.0,0.0,0.0
Tigar,1.0,1.0,1.0,0.0,0.0,0.0,0.0,0.0
Ccnd2,0.08249583234103358,0.5118010169025737,1.0,-0.2817434372187355,-0.08543325577678623,0.15490789129373364,0.5297483035558612,0.5012800043872395
9330179D12Rik,1.0,1.0,1.0,0.0,0.0,0.0,0.0,0.0
Parp11,1.0,1.0,1.0,0.0,0.0,0.0,0.0,0.0
Cracr2a,1.0,1.0,1.0,0.0,0.0,0.0,0.0,0.0
Tspan11,1.0,1.0,1.0,0.0,0.0,0.0,0.0,0.0
Tspan9,1.0,1.0,1.0,0.0,0.0,0.0,0.0,0.0
Tead4,1.0,1.0,1.0,0.0,0.0,0.0,0.0,0.0
Tulp3,1.0,1.0,1.0,0.0,0.0,0.0,0.0,0.0
Rhno1,1.0,1.0,1.0,0.0,0.0,0.0,0.0,0.0
Foxm1,1.0,1.0,1.0,0.0,0.0,0.0,0.0,0.0
Nrip2,1.0,1.0,1.0,0.0,0.0,0.0,0.0,0.0
Itfg2,1.0,1.0,1.0,0.0,0.0,0.0,0.0,0.0
Fkbp4,0.2615722360139493,0.2615722360139493,1.0,0.0,0.0,0.0,0.0,0.0
Klrb1a,1.0,1.0,1.0,0.0,0.0,0.0,0.0,0.0
Clec2h,1.0,1.0,1.0,0.0,0.0,0.0,0.0,0.0
Klrb1,1.0,1.0,1.0,0.0,0.0,0.0,0.0,0.0
Klrb1c,1.0,1.0,1.0,0.0,0.0,0.0,0.0,0.0
Klrb1b,1.0,1.0,1.0,0.0,0.0,0.0,0.0,0.0
Gm44066,1.0,1.0,1.0,0.0,0.0,0.0,0.0,0.0
Gm44067,1.0,1.0,1.0,0.0,0.0,0.0,0.0,0.0
BC035044,1.0,1.0,1.0,0.0,0.0,0.0,0.0,0.0
Clec2i,1.0,1.0,1.0,0.0,0.0,0.0,0.0,0.0
Clec2g,1.0,1.0,1.0,0.0,0.0,0.0,0.0,0.0
Gm15987,1.0,1.0,1.0,0.0,0.0,0.0,0.0,0.0
Klrb1f,1.0,1.0,1.0,0.0,0.0,0.0,0.0,0.0
Clec2d,0.0001720247930818143,0.002778685068188869,0.013394916753769956,-28.278575328499876,-28.058881154108498,-26.71232650644201,0.2796182264941974,0.0
2310001H17Rik,0.0001720247930818143,0.0007335473709934008,0.009501095540355024,-28.324979187988077,-28.123281656073097,-26.852952511682386,0.292382514411181,0.0
Gm47861,1.0,1.0,1.0,0.0,0.0,0.0,0.0,0.0
Cd69,0.2702706993728666,0.5713582599031516,0.9699293482575216,-0.42631798020951883,-0.24498236238352583,-0.057928195481310056,0.920902973953222,0.7784797238093044
4922502D21Rik,1.0,1.0,1.0,0.0,0.0,0.0,0.0,0.0
Clec12a,1.0,1.0,1.0,0.0,0.0,0.0,0.0,0.0
Clec1b,1.0,1.0,1.0,0.0,0.0,0.0,0.0,0.0
Clec9a,1.0,1.0,1.0,0.0,0.0,0.0,0.0,0.0
Gm43914,1.0,1.0,1.0,0.0,0.0,0.0,0.0,0.0
Clec1a,1.0,1.0,1.0,0.0,0.0,0.0,0.0,0.0
Olr1,1.0,1.0,1.0,0.0,0.0,0.0,0.0,0.0
Tmem52b,1.0,1.0,1.0,0.0,0.0,0.0,0.0,0.0
1700101I11Rik,1.0,1.0,1.0,0.0,0.0,0.0,0.0,0.0
Gabarapl1,0.2615722360139493,0.2615722360139493,1.0,0.0,0.0,0.0,0.0,0.0
Klre1,1.0,1.0,1.0,0.0,0.0,0.0,0.0,0.0
Klrd1,1.0,1.0,1.0,0.0,0.0,0.0,0.0,0.0
Klrk1,1.0,1.0,1.0,0.0,0.0,0.0,0.0,0.0
Klrc2,1.0,1.0,1.0,0.0,0.0,0.0,0.0,0.0
Klrc1,1.0,1.0,1.0,0.0,0.0,0.0,0.0,0.0
Klri1,1.0,1.0,1.0,0.0,0.0,0.0,0.0,0.0
Klri2,1.0,1.0,1.0,0.0,0.0,0.0,0.0,0.0
Klra17,1.0,1.0,1.0,0.0,0.0,0.0,0.0,0.0
Klra6,1.0,1.0,1.0,0.0,0.0,0.0,0.0,0.0
Klra4,1.0,1.0,1.0,0.0,0.0,0.0,0.0,0.0
Klra8,1.0,1.0,1.0,0.0,0.0,0.0,0.0,0.0
Klra9,1.0,1.0,1.0,0.0,0.0,0.0,0.0,0.0
Klra7,1.0,1.0,1.0,0.0,0.0,0.0,0.0,0.0
Klra3,1.0,1.0,1.0,0.0,0.0,0.0,0.0,0.0
Klra1,1.0,1.0,1.0,0.0,0.0,0.0,0.0,0.0
Klra2,1.0,1.0,1.0,0.0,0.0,0.0,0.0,0.0
Magohb,1.0,1.0,1.0,0.0,0.0,0.0,0.0,0.0
Styk1,1.0,1.0,1.0,0.0,0.0,0.0,0.0,0.0
Ybx3,0.009878710885383907,0.1403889715411655,0.7753707093270263,-28.16713735012064,-27.988273389255365,0.0,0.2662623835114945,0.0
Smim10l1,0.2615722360139493,1.0,1.0,0.0,0.0,0.0,0.0,0.0
Etv6,1.0,1.0,1.0,0.0,0.0,0.0,0.0,0.0
Bcl2l14,1.0,1.0,1.0,0.0,0.0,0.0,0.0,0.0
Lrp6,1.0,1.0,1.0,0.0,0.0,0.0,0.0,0.0
Gm38910,1.0,1.0,1.0,0.0,0.0,0.0,0.0,0.0
Mansc1,1.0,1.0,1.0,0.0,0.0,0.0,0.0,0.0
Borcs5,1.0,1.0,1.0,0.0,0.0,0.0,0.0,0.0
Dusp16,0.08856750257537103,1.0,1.0,0.0,0.0,0.0,0.0,0.0
Crebl2,1.0,1.0,1.0,0.0,0.0,0.0,0.0,0.0
Gpr19,1.0,1.0,1.0,0.0,0.0,0.0,0.0,0.0
2810454H06Rik,1.0,1.0,1.0,0.0,0.0,0.0,0.0,0.0
Cdkn1b,0.020047488528618908,0.09010857608108208,0.22554937152479682,0.5531726680436123,0.789885166436301,28.81202142594263,0.2779485745654935,0.4770424536631185
Lockd,1.0,1.0,1.0,0.0,0.0,0.0,0.0,0.0
Apold1,1.0,1.0,1.0,0.0,0.0,0.0,0.0,0.0
Ddx47,1.0,1.0,1.0,0.0,0.0,0.0,0.0,0.0
Gprc5a,1.0,1.0,1.0,0.0,0.0,0.0,0.0,0.0
Hebp1,1.0,1.0,1.0,0.0,0.0,0.0,0.0,0.0
Gm19434,1.0,1.0,1.0,0.0,0.0,0.0,0.0,0.0
Fam234b,1.0,1.0,1.0,0.0,0.0,0.0,0.0,0.0
Gsg1,1.0,1.0,1.0,0.0,0.0,0.0,0.0,0.0
Emp1,1.0,1.0,1.0,0.0,0.0,0.0,0.0,0.0
Atf7ip,1.0,1.0,1.0,0.0,0.0,0.0,0.0,0.0
Plbd1,1.0,1.0,1.0,0.0,0.0,0.0,0.0,0.0
Gucy2c,1.0,1.0,1.0,0.0,0.0,0.0,0.0,0.0
Hist4h4,1.0,1.0,1.0,0.0,0.0,0.0,0.0,0.0
H2afj,0.03126577756608718,0.23797729618163055,0.8506311026434865,-0.1710672462352445,-0.07517932167236234,0.016249339088221897,0.8671210933095003,0.8235468512108988
Wbp11,0.029867793297539916,0.08856750257537103,0.2615722360139493,0.0,0.0,0.0,0.0,0.0
BC049715,1.0,1.0,1.0,0.0,0.0,0.0,0.0,0.0
Art4,1.0,1.0,1.0,0.0,0.0,0.0,0.0,0.0
Mgp,1.0,1.0,1.0,0.0,0.0,0.0,0.0,0.0
Erp27,1.0,1.0,1.0,0.0,0.0,0.0,0.0,0.0
Arhgdib,6.35071842502183e-05,0.00429439957400409,0.048302941541957634,0.3556496101247819,0.5200163755718586,0.7107859140932261,0.3621822302724127,0.5197055808288646
Pde6h,1.0,1.0,1.0,0.0,0.0,0.0,0.0,0.0
Rerg,1.0,1.0,1.0,0.0,0.0,0.0,0.0,0.0
Ptpro,1.0,1.0,1.0,0.0,0.0,0.0,0.0,0.0
Gm44258,1.0,1.0,1.0,0.0,0.0,0.0,0.0,0.0
Eps8,1.0,1.0,1.0,0.0,0.0,0.0,0.0,0.0
Strap,0.002778685068188869,0.029867793297539916,0.1853939469443623,-27.815309896860626,0.0,0.0,0.0,0.0
Dera,0.2615722360139493,0.2615722360139493,1.0,0.0,0.0,0.0,0.0,0.0
Mgst1,1.0,1.0,1.0,0.0,0.0,0.0,0.0,0.0
Pik3c2g,1.0,1.0,1.0,0.0,0.0,0.0,0.0,0.0
Plekha5,1.0,1.0,1.0,0.0,0.0,0.0,0.0,0.0
Aebp2,1.0,1.0,1.0,0.0,0.0,0.0,0.0,0.0
Gm28523,1.0,1.0,1.0,0.0,0.0,0.0,0.0,0.0
Pde3a,1.0,1.0,1.0,0.0,0.0,0.0,0.0,0.0
Pyroxd1,1.0,1.0,1.0,0.0,0.0,0.0,0.0,0.0
Recql,1.0,1.0,1.0,0.0,0.0,0.0,0.0,0.0
Golt1b,0.029867793297539916,0.2615722360139493,1.0,0.0,0.0,0.0,0.0,0.0
Ldhb,1.0,1.0,1.0,0.0,0.0,0.0,0.0,0.0
Kcnj8,1.0,1.0,1.0,0.0,0.0,0.0,0.0,0.0
Abcc9,1.0,1.0,1.0,0.0,0.0,0.0,0.0,0.0
Cmas,0.2615722360139493,0.7670968684102772,1.0,0.0,0.0,0.0,0.0,0.0
St8sia1,1.0,1.0,1.0,0.0,0.0,0.0,0.0,0.0
C2cd5,1.0,1.0,1.0,0.0,0.0,0.0,0.0,0.0
Etnk1,3.5291394948257277e-05,0.00348040550963038,0.05796136076902287,-28.48041794108899,-28.374364285969143,-28.223585880596545,0.3479643542326527,0.0
Sox5,1.0,1.0,1.0,0.0,0.0,0.0,0.0,0.0
Bcat1,1.0,1.0,1.0,0.0,0.0,0.0,0.0,0.0
Lrmp,1.0,1.0,1.0,0.0,0.0,0.0,0.0,0.0
Casc1,1.0,1.0,1.0,0.0,0.0,0.0,0.0,0.0
Etfrf1,1.0,1.0,1.0,0.0,0.0,0.0,0.0,0.0
Kras,0.2740127914304309,0.7753707093270263,0.9595657057843286,-26.206926116887647,0.0,0.0,0.0,0.0
Gm15706,1.0,1.0,1.0,0.0,0.0,0.0,0.0,0.0
Tuba3b,1.0,1.0,1.0,0.0,0.0,0.0,0.0,0.0
Rassf8,1.0,1.0,1.0,0.0,0.0,0.0,0.0,0.0
Bhlhe41,0.029867793297539916,0.08856750257537103,1.0,0.0,0.0,0.0,0.0,0.0
Sspn,1.0,1.0,1.0,0.0,0.0,0.0,0.0,0.0
Itpr2,0.2615722360139493,0.47495853988950676,1.0,0.0,0.0,0.0,0.0,0.0
Ints13,0.2615722360139493,1.0,1.0,0.0,0.0,0.0,0.0,0.0
Fgfr1op2,0.13231801788911673,0.6712057066317096,1.0,-0.13461390838586507,0.06708902877978884,0.25799901049515095,0.42076444113059297,0.44534812110918265
Tm7sf3,1.0,1.0,1.0,0.0,0.0,0.0,0.0,0.0
Med21,0.2615722360139493,0.2615722360139493,1.0,0.0,0.0,0.0,0.0,0.0
Stk38l,1.0,1.0,1.0,0.0,0.0,0.0,0.0,0.0
Arntl2,1.0,1.0,1.0,0.0,0.0,0.0,0.0,0.0
Ppfibp1,0.2615722360139493,1.0,1.0,0.0,0.0,0.0,0.0,0.0
Rep15,1.0,1.0,1.0,0.0,0.0,0.0,0.0,0.0
Mrps35,1.0,1.0,1.0,0.0,0.0,0.0,0.0,0.0
Klhl42,1.0,1.0,1.0,0.0,0.0,0.0,0.0,0.0
Pthlh,1.0,1.0,1.0,0.0,0.0,0.0,0.0,0.0
Ccdc91,1.0,1.0,1.0,0.0,0.0,0.0,0.0,0.0
Far2,1.0,1.0,1.0,0.0,0.0,0.0,0.0,0.0
Ergic2,0.0009971025540068867,0.014708987135765385,0.2318394558553532,-1.218466687597633,-0.28610690871635003,-0.07574423858197728,0.4461411597380115,0.36943884895677515
Tmtc1,1.0,1.0,1.0,0.0,0.0,0.0,0.0,0.0
Ipo8,1.0,1.0,1.0,0.0,0.0,0.0,0.0,0.0
Caprin2,1.0,1.0,1.0,0.0,0.0,0.0,0.0,0.0
Sinhcaf,1.0,1.0,1.0,0.0,0.0,0.0,0.0,0.0
3010003L21Rik,1.0,1.0,1.0,0.0,0.0,0.0,0.0,0.0
Dennd5b,0.004703288898049222,0.03359756539493248,0.231052016598276,-2.479022170184115,-0.3938721722761663,-0.1078834319699456,0.46495786677792916,0.355359322374662
Etfbkmt,1.0,1.0,1.0,0.0,0.0,0.0,0.0,0.0
Amn1,1.0,1.0,1.0,0.0,0.0,0.0,0.0,0.0
Resf1,0.040663371047438696,0.5136893790987446,1.0,-28.21043668906588,-27.170899151153673,0.0,0.15109693361368975,0.0
Bicd1,1.0,1.0,1.0,0.0,0.0,0.0,0.0,0.0
Gm21814,1.0,1.0,1.0,0.0,0.0,0.0,0.0,0.0
Myadm,0.47495853988950676,1.0,1.0,0.0,0.0,0.0,0.0,0.0
Prkcg,1.0,1.0,1.0,0.0,0.0,0.0,0.0,0.0
Cacng7,1.0,1.0,1.0,0.0,0.0,0.0,0.0,0.0
Tarm1,1.0,1.0,1.0,0.0,0.0,0.0,0.0,0.0
Ndufa3,0.021831748873934555,0.09464756245883273,0.3311849615084903,-28.543618832266286,-0.6180025857655145,-0.05622945144894437,0.43574950019123937,0.2748679585860865
Tfpt,1.0,1.0,1.0,0.0,0.0,0.0,0.0,0.0
Prpf31,1.0,1.0,1.0,0.0,0.0,0.0,0.0,0.0
Cnot3,1.0,1.0,1.0,0.0,0.0,0.0,0.0,0.0
Leng1,1.0,1.0,1.0,0.0,0.0,0.0,0.0,0.0
Tmc4,1.0,1.0,1.0,0.0,0.0,0.0,0.0,0.0
Mboat7,1.0,1.0,1.0,0.0,0.0,0.0,0.0,0.0
Tsen34,1.0,1.0,1.0,0.0,0.0,0.0,0.0,0.0
Rps9,0.13493688973565135,0.6784313725490196,1.0,-0.047308609269454883,-0.0070420089298252764,0.03426819217501277,2.3185706092368115,2.3065039909629634
Pirb,1.0,1.0,1.0,0.0,0.0,0.0,0.0,0.0
Pira2,1.0,1.0,1.0,0.0,0.0,0.0,0.0,0.0
Gm14548,1.0,1.0,1.0,0.0,0.0,0.0,0.0,0.0
Lilra6,1.0,1.0,1.0,0.0,0.0,0.0,0.0,0.0
Lair1,1.0,1.0,1.0,0.0,0.0,0.0,0.0,0.0
Ttyh1,1.0,1.0,1.0,0.0,0.0,0.0,0.0,0.0
Leng8,0.2615722360139493,1.0,1.0,0.0,0.0,0.0,0.0,0.0
Leng9,1.0,1.0,1.0,0.0,0.0,0.0,0.0,0.0
Cdc42ep5,1.0,1.0,1.0,0.0,0.0,0.0,0.0,0.0
Lilra5,1.0,1.0,1.0,0.0,0.0,0.0,0.0,0.0
Ncr1,1.0,1.0,1.0,0.0,0.0,0.0,0.0,0.0
Rdh13,1.0,1.0,1.0,0.0,0.0,0.0,0.0,0.0
Eps8l1,1.0,1.0,1.0,0.0,0.0,0.0,0.0,0.0
Ppp1r12c,1.0,1.0,1.0,0.0,0.0,0.0,0.0,0.0
Tnnt1,1.0,1.0,1.0,0.0,0.0,0.0,0.0,0.0
Tnni3,1.0,1.0,1.0,0.0,0.0,0.0,0.0,0.0
Dnaaf3,1.0,1.0,1.0,0.0,0.0,0.0,0.0,0.0
Gm15873,1.0,1.0,1.0,0.0,0.0,0.0,0.0,0.0
Syt5,1.0,1.0,1.0,0.0,0.0,0.0,0.0,0.0
Ptprh,1.0,1.0,1.0,0.0,0.0,0.0,0.0,0.0
Tmem86b,1.0,1.0,1.0,0.0,0.0,0.0,0.0,0.0
Ppp6r1,1.0,1.0,1.0,0.0,0.0,0.0,0.0,0.0
Hspbp1,1.0,1.0,1.0,0.0,0.0,0.0,0.0,0.0
Brsk1,1.0,1.0,1.0,0.0,0.0,0.0,0.0,0.0
Tmem150b,1.0,1.0,1.0,0.0,0.0,0.0,0.0,0.0
Kmt5c,1.0,1.0,1.0,0.0,0.0,0.0,0.0,0.0
Cox6b2,1.0,1.0,1.0,0.0,0.0,0.0,0.0,0.0
Il11,1.0,1.0,1.0,0.0,0.0,0.0,0.0,0.0
Tmem190,1.0,1.0,1.0,0.0,0.0,0.0,0.0,0.0
Tmem238,0.08856750257537103,0.2615722360139493,1.0,0.0,0.0,0.0,0.0,0.0
Rpl28,0.012328729062475197,0.2082876875446535,0.7344923394458999,-0.07728542419879744,-0.036642942019770475,-0.004962799785352724,2.4001057117076297,2.340744810206765
Ube2s,0.09788044772564897,0.6156969987931198,1.0,-0.016503423854433926,0.15169863621428015,0.2941662546034063,0.39083879496337515,0.4341441900308814
Isoc2b,0.2615722360139493,1.0,1.0,0.0,0.0,0.0,0.0,0.0
Isoc2a,1.0,1.0,1.0,0.0,0.0,0.0,0.0,0.0
Zfp628,1.0,1.0,1.0,0.0,0.0,0.0,0.0,0.0
Nat14,1.0,1.0,1.0,0.0,0.0,0.0,0.0,0.0
Ssc5d,1.0,1.0,1.0,0.0,0.0,0.0,0.0,0.0
Zfp579,1.0,1.0,1.0,0.0,0.0,0.0,0.0,0.0
Fiz1,1.0,1.0,1.0,0.0,0.0,0.0,0.0,0.0
Zfp524,1.0,1.0,1.0,0.0,0.0,0.0,0.0,0.0
Zfp865,1.0,1.0,1.0,0.0,0.0,0.0,0.0,0.0
Ccdc106,1.0,1.0,1.0,0.0,0.0,0.0,0.0,0.0
Zfp784,1.0,1.0,1.0,0.0,0.0,0.0,0.0,0.0
Zfp580,1.0,1.0,1.0,0.0,0.0,0.0,0.0,0.0
U2af2,1.0,1.0,1.0,0.0,0.0,0.0,0.0,0.0
Epn1,0.2615722360139493,1.0,1.0,0.0,0.0,0.0,0.0,0.0
Zfp787,0.08856750257537103,1.0,1.0,0.0,0.0,0.0,0.0,0.0
Gm36371,1.0,1.0,1.0,0.0,0.0,0.0,0.0,0.0
Zfp444,1.0,1.0,1.0,0.0,0.0,0.0,0.0,0.0
Zfp667,1.0,1.0,1.0,0.0,0.0,0.0,0.0,0.0
Zfp583,1.0,1.0,1.0,0.0,0.0,0.0,0.0,0.0
Zfp78,1.0,1.0,1.0,0.0,0.0,0.0,0.0,0.0
Zfp28,1.0,1.0,1.0,0.0,0.0,0.0,0.0,0.0
Peg3,1.0,1.0,1.0,0.0,0.0,0.0,0.0,0.0
Zfp954,1.0,1.0,1.0,0.0,0.0,0.0,0.0,0.0
Zfp773,1.0,1.0,1.0,0.0,0.0,0.0,0.0,0.0
Zfp418,1.0,1.0,1.0,0.0,0.0,0.0,0.0,0.0
Zfp772,1.0,1.0,1.0,0.0,0.0,0.0,0.0,0.0
Clcn4,1.0,1.0,1.0,0.0,0.0,0.0,0.0,0.0
Zik1,1.0,1.0,1.0,0.0,0.0,0.0,0.0,0.0
Zfp551,1.0,1.0,1.0,0.0,0.0,0.0,0.0,0.0
Zfp606,1.0,1.0,1.0,0.0,0.0,0.0,0.0,0.0
Zscan18,1.0,1.0,1.0,0.0,0.0,0.0,0.0,0.0
Zfp329,1.0,1.0,1.0,0.0,0.0,0.0,0.0,0.0
Zfp110,1.0,1.0,1.0,0.0,0.0,0.0,0.0,0.0
Zfp128,1.0,1.0,1.0,0.0,0.0,0.0,0.0,0.0
Zscan22,1.0,1.0,1.0,0.0,0.0,0.0,0.0,0.0
Rps5,0.3053901722632373,0.7344923394458999,1.0,-0.057606365271877534,-0.015203814619965773,0.026425334896590984,2.232855728876425,2.21094733637231
Rnf225,1.0,1.0,1.0,0.0,0.0,0.0,0.0,0.0
Zfp324,1.0,1.0,1.0,0.0,0.0,0.0,0.0,0.0
Zfp446,1.0,1.0,1.0,0.0,0.0,0.0,0.0,0.0
Trim28,0.2615722360139493,1.0,1.0,0.0,0.0,0.0,0.0,0.0
Zbtb45,1.0,1.0,1.0,0.0,0.0,0.0,0.0,0.0
Chmp2a,0.11526553941414623,0.5713582599031516,1.0,-0.06117040830427149,0.06085681407548422,0.20802985409984415,0.5989028295002641,0.6246999675702314
Ube2m,0.00035657175513219313,0.0030690378069328957,0.06991096210622454,-28.461899279270014,-28.35023441509301,-28.224806591952866,0.3421928623678164,0.0
Zswim9,1.0,1.0,1.0,0.0,0.0,0.0,0.0,0.0
Lig1,1.0,1.0,1.0,0.0,0.0,0.0,0.0,0.0
Pla2g4c,1.0,1.0,1.0,0.0,0.0,0.0,0.0,0.0
Selenow,0.015860919266492024,0.18134476462649837,0.6798328967214403,-0.011214126547353195,0.10716903906246372,0.21496792181514882,0.8826361219773655,0.944364275577265
Nop53,0.2615722360139493,0.47495853988950676,1.0,0.0,0.0,0.0,0.0,0.0
Ehd2,1.0,1.0,1.0,0.0,0.0,0.0,0.0,0.0
Bicra,1.0,1.0,1.0,0.0,0.0,0.0,0.0,0.0
Napa,0.2615722360139493,1.0,1.0,0.0,0.0,0.0,0.0,0.0
Kptn,1.0,1.0,1.0,0.0,0.0,0.0,0.0,0.0
Meis3,1.0,1.0,1.0,0.0,0.0,0.0,0.0,0.0
Dhx34,1.0,1.0,1.0,0.0,0.0,0.0,0.0,0.0
C5ar2,1.0,1.0,1.0,0.0,0.0,0.0,0.0,0.0
C5ar1,1.0,1.0,1.0,0.0,0.0,0.0,0.0,0.0
Inafm1,1.0,1.0,1.0,0.0,0.0,0.0,0.0,0.0
Ccdc9,1.0,1.0,1.0,0.0,0.0,0.0,0.0,0.0
Bbc3,0.47495853988950676,1.0,1.0,0.0,0.0,0.0,0.0,0.0
Sae1,1.0,1.0,1.0,0.0,0.0,0.0,0.0,0.0
Zc3h4,1.0,1.0,1.0,0.0,0.0,0.0,0.0,0.0
Gm45509,1.0,1.0,1.0,0.0,0.0,0.0,0.0,0.0
Tmem160,0.0015241724220052392,0.038707628800508063,0.3053901722632373,0.061603797550197174,0.1681423619017104,0.2579482243476827,0.780057003278376,0.8755735220372444
Arhgap35,1.0,1.0,1.0,0.0,0.0,0.0,0.0,0.0
Ap2s1,0.08856750257537103,0.2615722360139493,0.3033646825518627,0.0,0.0,0.0,0.0,0.0
Slc1a5,1.0,1.0,1.0,0.0,0.0,0.0,0.0,0.0
Fkrp,1.0,1.0,1.0,0.0,0.0,0.0,0.0,0.0
Strn4,1.0,1.0,1.0,0.0,0.0,0.0,0.0,0.0
Prkd2,1.0,1.0,1.0,0.0,0.0,0.0,0.0,0.0
9330104G04Rik,1.0,1.0,1.0,0.0,0.0,0.0,0.0,0.0
Dact3,1.0,1.0,1.0,0.0,0.0,0.0,0.0,0.0
Gng8,1.0,1.0,1.0,0.0,0.0,0.0,0.0,0.0
Ptgir,1.0,1.0,1.0,0.0,0.0,0.0,0.0,0.0
Calm3,0.03359756539493248,0.2968939270753236,0.910105580693816,-0.2786832330532362,-0.11202546320934578,0.05361727047676513,0.47941591429144637,0.446230940676866
Pnmal2,1.0,1.0,1.0,0.0,0.0,0.0,0.0,0.0
Gm42372,1.0,1.0,1.0,0.0,0.0,0.0,0.0,0.0
Ccdc8,1.0,1.0,1.0,0.0,0.0,0.0,0.0,0.0
Ppp5c,1.0,1.0,1.0,0.0,0.0,0.0,0.0,0.0
Gm32772,1.0,1.0,1.0,0.0,0.0,0.0,0.0,0.0
Ceacam12,1.0,1.0,1.0,0.0,0.0,0.0,0.0,0.0
Mill2,1.0,1.0,1.0,0.0,0.0,0.0,0.0,0.0
Pglyrp1,1.0,1.0,1.0,0.0,0.0,0.0,0.0,0.0
Ccdc61,1.0,1.0,1.0,0.0,0.0,0.0,0.0,0.0
Mypop,1.0,1.0,1.0,0.0,0.0,0.0,0.0,0.0
Mypopos,1.0,1.0,1.0,0.0,0.0,0.0,0.0,0.0
Irf2bp1,1.0,1.0,1.0,0.0,0.0,0.0,0.0,0.0
Foxa3,1.0,1.0,1.0,0.0,0.0,0.0,0.0,0.0
Sympk,1.0,1.0,1.0,0.0,0.0,0.0,0.0,0.0
Dmwd,1.0,1.0,1.0,0.0,0.0,0.0,0.0,0.0
Dmpk,1.0,1.0,1.0,0.0,0.0,0.0,0.0,0.0
Six5,1.0,1.0,1.0,0.0,0.0,0.0,0.0,0.0
Fbxo46,1.0,1.0,1.0,0.0,0.0,0.0,0.0,0.0
Qpctl,1.0,1.0,1.0,0.0,0.0,0.0,0.0,0.0
Snrpd2,0.06909581646423751,0.4726680955783123,0.9699293482575216,-0.04818329951465794,0.07383062545428043,0.20328343695246837,0.6518176912273788,0.685253266579425
Eml2,1.0,1.0,1.0,0.0,0.0,0.0,0.0,0.0
Gpr4,1.0,1.0,1.0,0.0,0.0,0.0,0.0,0.0
Opa3,1.0,1.0,1.0,0.0,0.0,0.0,0.0,0.0
Vasp,0.2615722360139493,1.0,1.0,0.0,0.0,0.0,0.0,0.0
Ppm1n,1.0,1.0,1.0,0.0,0.0,0.0,0.0,0.0
Rtn2,1.0,1.0,1.0,0.0,0.0,0.0,0.0,0.0
Gm26802,1.0,1.0,1.0,0.0,0.0,0.0,0.0,0.0
Fosb,0.0033676041190591633,0.01709244610251351,0.056833321083365085,-3.276244723486577,-1.8107660886419885,-0.6928108530347542,0.7253676093548924,0.201712780040589
Ercc1,1.0,1.0,1.0,0.0,0.0,0.0,0.0,0.0
Cd3eap,1.0,1.0,1.0,0.0,0.0,0.0,0.0,0.0
Ppp1r13l,1.0,1.0,1.0,0.0,0.0,0.0,0.0,0.0
Ercc2,1.0,1.0,1.0,0.0,0.0,0.0,0.0,0.0
Gm26852,1.0,1.0,1.0,0.0,0.0,0.0,0.0,0.0
Klc3,1.0,1.0,1.0,0.0,0.0,0.0,0.0,0.0
Ckm,1.0,1.0,1.0,0.0,0.0,0.0,0.0,0.0
Mark4,1.0,1.0,1.0,0.0,0.0,0.0,0.0,0.0
Exoc3l2,1.0,1.0,1.0,0.0,0.0,0.0,0.0,0.0
Bloc1s3,1.0,1.0,1.0,0.0,0.0,0.0,0.0,0.0
Trappc6a,1.0,1.0,1.0,0.0,0.0,0.0,0.0,0.0
Ppp1r37,1.0,1.0,1.0,0.0,0.0,0.0,0.0,0.0
Gemin7,0.0978412151825437,0.4198490637342591,0.8822739356449067,0.0,0.0,0.0,0.0,0.0
Zfp296,1.0,1.0,1.0,0.0,0.0,0.0,0.0,0.0
Clasrp,1.0,1.0,1.0,0.0,0.0,0.0,0.0,0.0
Relb,0.08856750257537103,0.2615722360139493,1.0,0.0,0.0,0.0,0.0,0.0
Clptm1,1.0,1.0,1.0,0.0,0.0,0.0,0.0,0.0
Apoc2,1.0,1.0,1.0,0.0,0.0,0.0,0.0,0.0
Apoc4,1.0,1.0,1.0,0.0,0.0,0.0,0.0,0.0
Apoc1,1.0,1.0,1.0,0.0,0.0,0.0,0.0,0.0
Apoe,0.2615722360139493,0.2615722360139493,0.2615722360139493,0.0,0.0,0.0,0.0,0.0
Tomm40,1.0,1.0,1.0,0.0,0.0,0.0,0.0,0.0
Nectin2,1.0,1.0,1.0,0.0,0.0,0.0,0.0,0.0
Bcam,1.0,1.0,1.0,0.0,0.0,0.0,0.0,0.0
Cblc,1.0,1.0,1.0,0.0,0.0,0.0,0.0,0.0
Bcl3,1.0,1.0,1.0,0.0,0.0,0.0,0.0,0.0
Gm16174,1.0,1.0,1.0,0.0,0.0,0.0,0.0,0.0
Gm19345,1.0,1.0,1.0,0.0,0.0,0.0,0.0,0.0
Ceacam16,1.0,1.0,1.0,0.0,0.0,0.0,0.0,0.0
Gm44659,1.0,1.0,1.0,0.0,0.0,0.0,0.0,0.0
Pvr,1.0,1.0,1.0,0.0,0.0,0.0,0.0,0.0
Igsf23,1.0,1.0,1.0,0.0,0.0,0.0,0.0,0.0
Ceacam20,1.0,1.0,1.0,0.0,0.0,0.0,0.0,0.0
Zfp180,1.0,1.0,1.0,0.0,0.0,0.0,0.0,0.0
Zfp112,1.0,1.0,1.0,0.0,0.0,0.0,0.0,0.0
Zfp235,1.0,1.0,1.0,0.0,0.0,0.0,0.0,0.0
Zfp111,1.0,1.0,1.0,0.0,0.0,0.0,0.0,0.0
Zfp61,1.0,1.0,1.0,0.0,0.0,0.0,0.0,0.0
Zfp94,1.0,1.0,1.0,0.0,0.0,0.0,0.0,0.0
Kcnn4,0.004011430556544232,0.013473344592178279,0.061043230334080115,1.6542010550812445,28.900855980680753,29.06771671742834,0.0,0.5140149210805552
Smg9,1.0,1.0,1.0,0.0,0.0,0.0,0.0,0.0
Irgc1,1.0,1.0,1.0,0.0,0.0,0.0,0.0,0.0
Plaur,1.0,1.0,1.0,0.0,0.0,0.0,0.0,0.0
Cadm4,1.0,1.0,1.0,0.0,0.0,0.0,0.0,0.0
Zfp428,1.0,1.0,1.0,0.0,0.0,0.0,0.0,0.0
Irgq,1.0,1.0,1.0,0.0,0.0,0.0,0.0,0.0
Xrcc1,1.0,1.0,1.0,0.0,0.0,0.0,0.0,0.0
Zfp575,1.0,1.0,1.0,0.0,0.0,0.0,0.0,0.0
Ethe1,1.0,1.0,1.0,0.0,0.0,0.0,0.0,0.0
Phldb3,1.0,1.0,1.0,0.0,0.0,0.0,0.0,0.0
Cd177,1.0,1.0,1.0,0.0,0.0,0.0,0.0,0.0
Ceacam10,1.0,1.0,1.0,0.0,0.0,0.0,0.0,0.0
Gm9844,1.0,1.0,1.0,0.0,0.0,0.0,0.0,0.0
Rps19,0.005493371437643883,0.13493688973565135,0.5208065412399778,-0.09425825210948077,-0.0574409109841051,-0.020734699162655683,2.3157450063974423,2.2239857818788975
Cd79a,0.2082876875446535,0.6784313725490196,1.0,-0.08682922231252334,-0.02989253463150822,0.028641155953269305,1.7330315689308151,1.6970291943007363
Arhgef1,0.2615722360139493,1.0,1.0,0.0,0.0,0.0,0.0,0.0
Rabac1,1.5876796062554575e-05,0.00019052155275065493,0.0021798840993887247,0.19713970368359915,0.25169193919266,0.3096899864261171,1.084285871542415,1.2911500258608988
Atp1a3,1.0,1.0,1.0,0.0,0.0,0.0,0.0,0.0
Grik5,1.0,1.0,1.0,0.0,0.0,0.0,0.0,0.0
Zfp574,1.0,1.0,1.0,0.0,0.0,0.0,0.0,0.0
Pou2f2,0.15351977021153562,0.7563611602870911,0.9595657057843286,0.0,0.0,0.0,0.0,0.0
D930028M14Rik,1.0,1.0,1.0,0.0,0.0,0.0,0.0,0.0
Dedd2,0.2615722360139493,1.0,1.0,0.0,0.0,0.0,0.0,0.0
Zfp526,1.0,1.0,1.0,0.0,0.0,0.0,0.0,0.0
Gsk3a,1.0,1.0,1.0,0.0,0.0,0.0,0.0,0.0
9130221H12Rik,1.0,1.0,1.0,0.0,0.0,0.0,0.0,0.0
Erf,1.0,1.0,1.0,0.0,0.0,0.0,0.0,0.0
Cic,1.0,1.0,1.0,0.0,0.0,0.0,0.0,0.0
Pafah1b3,1.5876796062554575e-05,3.175359212510915e-05,6.35071842502183e-05,0.6671347158218134,0.8140244136621273,0.999292248406675,0.5211181935219058,0.9160758069662709
Megf8,1.0,1.0,1.0,0.0,0.0,0.0,0.0,0.0
Lipe,1.0,1.0,1.0,0.0,0.0,0.0,0.0,0.0
Ceacam1,1.0,1.0,1.0,0.0,0.0,0.0,0.0,0.0
Ceacam2,1.0,1.0,1.0,0.0,0.0,0.0,0.0,0.0
Dmac2,1.0,1.0,1.0,0.0,0.0,0.0,0.0,0.0
B3gnt8,1.0,1.0,1.0,0.0,0.0,0.0,0.0,0.0
Bckdha,1.0,1.0,1.0,0.0,0.0,0.0,0.0,0.0
Exosc5,0.2615722360139493,1.0,1.0,0.0,0.0,0.0,0.0,0.0
Tmem91,1.0,1.0,1.0,0.0,0.0,0.0,0.0,0.0
B9d2,1.0,1.0,1.0,0.0,0.0,0.0,0.0,0.0
Tgfb1,1.0,1.0,1.0,0.0,0.0,0.0,0.0,0.0
Ccdc97,1.0,1.0,1.0,0.0,0.0,0.0,0.0,0.0
Hnrnpul1,0.2615722360139493,1.0,1.0,0.0,0.0,0.0,0.0,0.0
Axl,1.0,1.0,1.0,0.0,0.0,0.0,0.0,0.0
Cyp2s1,1.0,1.0,1.0,0.0,0.0,0.0,0.0,0.0
Egln2,0.08856750257537103,0.2615722360139493,0.2615722360139493,0.0,0.0,0.0,0.0,0.0
Rab4b,0.029867793297539916,0.2615722360139493,1.0,0.0,0.0,0.0,0.0,0.0
Snrpa,0.2615722360139493,1.0,1.0,0.0,0.0,0.0,0.0,0.0
BC024978,1.0,1.0,1.0,0.0,0.0,0.0,0.0,0.0
Itpkc,1.0,1.0,1.0,0.0,0.0,0.0,0.0,0.0
Coq8b,1.0,1.0,1.0,0.0,0.0,0.0,0.0,0.0
Numbl,1.0,1.0,1.0,0.0,0.0,0.0,0.0,0.0
Ltbp4,1.0,1.0,1.0,0.0,0.0,0.0,0.0,0.0
Shkbp1,1.0,1.0,1.0,0.0,0.0,0.0,0.0,0.0
Sptbn4,1.0,1.0,1.0,0.0,0.0,0.0,0.0,0.0
Blvrb,0.009501095540355024,0.08856750257537103,0.2615722360139493,-27.011222996900145,0.0,0.0,0.0,0.0
Sertad3,1.0,1.0,1.0,0.0,0.0,0.0,0.0,0.0
Sertad1,1.0,1.0,1.0,0.0,0.0,0.0,0.0,0.0
Prx,1.0,1.0,1.0,0.0,0.0,0.0,0.0,0.0
Pld3,0.009501095540355024,0.029867793297539916,0.08856750257537103,-26.97297256979037,0.0,0.0,0.0,0.0
2310022A10Rik,1.0,1.0,1.0,0.0,0.0,0.0,0.0,0.0
Akt2,1.0,1.0,1.0,0.0,0.0,0.0,0.0,0.0
Gm38973,1.0,1.0,1.0,0.0,0.0,0.0,0.0,0.0
Map3k10,1.0,1.0,1.0,0.0,0.0,0.0,0.0,0.0
Zfp60,1.0,1.0,1.0,0.0,0.0,0.0,0.0,0.0
Zfp626,1.0,1.0,1.0,0.0,0.0,0.0,0.0,0.0
Zfp59,1.0,1.0,1.0,0.0,0.0,0.0,0.0,0.0
Zfp607a,1.0,1.0,1.0,0.0,0.0,0.0,0.0,0.0
Zfp974,1.0,1.0,1.0,0.0,0.0,0.0,0.0,0.0
Zfp780b,1.0,1.0,1.0,0.0,0.0,0.0,0.0,0.0
Zfp850,1.0,1.0,1.0,0.0,0.0,0.0,0.0,0.0
Psmc4,0.029867793297539916,0.2615722360139493,1.0,0.0,0.0,0.0,0.0,0.0
Fcgbp,1.0,1.0,1.0,0.0,0.0,0.0,0.0,0.0
Fbl,0.2615722360139493,1.0,1.0,0.0,0.0,0.0,0.0,0.0
Dyrk1b,1.0,1.0,1.0,0.0,0.0,0.0,0.0,0.0
Eid2,1.0,1.0,1.0,0.0,0.0,0.0,0.0,0.0
Eid2b,1.0,1.0,1.0,0.0,0.0,0.0,0.0,0.0
Timm50,0.2615722360139493,1.0,1.0,0.0,0.0,0.0,0.0,0.0
Supt5,0.029867793297539916,0.08856750257537103,0.7670968684102772,0.0,0.0,0.0,0.0,0.0
Rps16,0.2694633642930857,0.6784313725490196,1.0,-0.022161255830923682,0.009065971763261196,0.047918506642333374,2.53689100479433,2.54954456961502
Plekhg2,1.0,1.0,1.0,0.0,0.0,0.0,0.0,0.0
Zfp36,0.00298483765976026,0.02524410573946178,0.18134476462649837,0.2381036593286704,0.38899577972947946,0.5810039817702053,0.6652712028610785,0.8712067155112451
Med29,0.0001720247930818143,0.002778685068188869,0.07598867855418287,-28.164964426442776,-28.01910418778333,0.0,0.27201372047234024,0.0
Paf1,1.0,1.0,1.0,0.0,0.0,0.0,0.0,0.0
Samd4b,1.0,1.0,1.0,0.0,0.0,0.0,0.0,0.0
Gmfg,1.0,1.0,1.0,0.0,0.0,0.0,0.0,0.0
Lrfn1,1.0,1.0,1.0,0.0,0.0,0.0,0.0,0.0
Sycn,1.0,1.0,1.0,0.0,0.0,0.0,0.0,0.0
Nccrp1,1.0,1.0,1.0,0.0,0.0,0.0,0.0,0.0
Pak4,1.0,1.0,1.0,0.0,0.0,0.0,0.0,0.0
Fbxo27,1.0,1.0,1.0,0.0,0.0,0.0,0.0,0.0
Fbxo17,1.0,1.0,1.0,0.0,0.0,0.0,0.0,0.0
Mrps12,0.2615722360139493,1.0,1.0,0.0,0.0,0.0,0.0,0.0
Sars2,1.0,1.0,1.0,0.0,0.0,0.0,0.0,0.0
Nfkbib,0.08856750257537103,0.2615722360139493,1.0,0.0,0.0,0.0,0.0,0.0
Sirt2,0.08856750257537103,0.2615722360139493,1.0,0.0,0.0,0.0,0.0,0.0
Rinl,1.0,1.0,1.0,0.0,0.0,0.0,0.0,0.0
Hnrnpl,0.009501095540355024,0.08856750257537103,0.3536602672132591,-26.146891944835062,0.0,0.0,0.0,0.0
Ech1,0.08856750257537103,0.08856750257537103,1.0,0.0,0.0,0.0,0.0,0.0
Lgals4,1.0,1.0,1.0,0.0,0.0,0.0,0.0,0.0
Lgals7,1.0,1.0,1.0,0.0,0.0,0.0,0.0,0.0
Capn12,1.0,1.0,1.0,0.0,0.0,0.0,0.0,0.0
Actn4,1.0,1.0,1.0,0.0,0.0,0.0,0.0,0.0
Gm44699,1.0,1.0,1.0,0.0,0.0,0.0,0.0,0.0
Eif3k,0.23797729618163055,0.7344923394458999,1.0,-0.14622324562549904,-0.01700896501173744,0.09800118636080347,0.7316357444555477,0.7239435595165546
Map4k1,0.2615722360139493,1.0,1.0,0.0,0.0,0.0,0.0,0.0
Ryr1,0.2615722360139493,0.47495853988950676,1.0,0.0,0.0,0.0,0.0,0.0
Gm38979,1.0,1.0,1.0,0.0,0.0,0.0,0.0,0.0
Rasgrp4,1.0,1.0,1.0,0.0,0.0,0.0,0.0,0.0
Fam98c,1.0,1.0,1.0,0.0,0.0,0.0,0.0,0.0
1110035H17Rik,1.0,1.0,1.0,0.0,0.0,0.0,0.0,0.0
Spred3,1.0,1.0,1.0,0.0,0.0,0.0,0.0,0.0
Psmd8,0.18134476462649837,0.6784313725490196,1.0,-0.10977712676498107,-0.006218454810361967,0.11745450183826148,0.5877292125841744,0.5818052803981371
Kcnk6,1.0,1.0,1.0,0.0,0.0,0.0,0.0,0.0
Yif1b,0.002778685068188869,0.029867793297539916,0.4198490637342591,-27.673216673393576,0.0,0.0,0.0,0.0
2200002D01Rik,1.0,1.0,1.0,0.0,0.0,0.0,0.0,0.0
Spint2,0.06909581646423751,0.42686353893784235,0.9699293482575216,-0.1828197593084689,-0.07415485355436444,0.05473078315285728,0.6709841711936206,0.6379133221708198
Ppp1r14a,1.0,1.0,1.0,0.0,0.0,0.0,0.0,0.0
Dpf1,1.0,1.0,1.0,0.0,0.0,0.0,0.0,0.0
Sipa1l3,1.0,1.0,1.0,0.0,0.0,0.0,0.0,0.0
Zfp84,1.0,1.0,1.0,0.0,0.0,0.0,0.0,0.0
Zfp30,1.0,1.0,1.0,0.0,0.0,0.0,0.0,0.0
Zfp790,1.0,1.0,1.0,0.0,0.0,0.0,0.0,0.0
Zfp940,1.0,1.0,1.0,0.0,0.0,0.0,0.0,0.0
Zfp420,1.0,1.0,1.0,0.0,0.0,0.0,0.0,0.0
Zfp27,1.0,1.0,1.0,0.0,0.0,0.0,0.0,0.0
Zfp383,1.0,1.0,1.0,0.0,0.0,0.0,0.0,0.0
Zfp74,1.0,1.0,1.0,0.0,0.0,0.0,0.0,0.0
Zfp568,1.0,1.0,1.0,0.0,0.0,0.0,0.0,0.0
Zfp14,1.0,1.0,1.0,0.0,0.0,0.0,0.0,0.0
Zfp82,1.0,1.0,1.0,0.0,0.0,0.0,0.0,0.0
Zfp566,1.0,1.0,1.0,0.0,0.0,0.0,0.0,0.0
Zfp260,1.0,1.0,1.0,0.0,0.0,0.0,0.0,0.0
Zfp382,1.0,1.0,1.0,0.0,0.0,0.0,0.0,0.0
Zfp146,1.0,1.0,1.0,0.0,0.0,0.0,0.0,0.0
Cox7a1,1.0,1.0,1.0,0.0,0.0,0.0,0.0,0.0
Capns1,0.009501095540355024,0.029867793297539916,0.08856750257537103,-27.046583102098285,0.0,0.0,0.0,0.0
Gm26810,1.0,1.0,1.0,0.0,0.0,0.0,0.0,0.0
Tbcb,0.010836137721840637,0.10609514164164581,0.5442286564803417,-28.302583329468796,-28.219317365746104,-1.9646869209956257,0.31345088889426964,0.0
Polr2i,0.002778685068188869,0.009501095540355024,0.08856750257537103,-27.998461379307408,-26.07024714649844,0.0,0.07045736209927275,0.0
Wdr62,1.0,1.0,1.0,0.0,0.0,0.0,0.0,0.0
Thap8,1.0,1.0,1.0,0.0,0.0,0.0,0.0,0.0
Clip3,1.0,1.0,1.0,0.0,0.0,0.0,0.0,0.0
Alkbh6,1.0,1.0,1.0,0.0,0.0,0.0,0.0,0.0
Syne4,1.0,1.0,1.0,0.0,0.0,0.0,0.0,0.0
Sdhaf1,0.2615722360139493,1.0,1.0,0.0,0.0,0.0,0.0,0.0
E130208F15Rik,1.0,1.0,1.0,0.0,0.0,0.0,0.0,0.0
Lrfn3,1.0,1.0,1.0,0.0,0.0,0.0,0.0,0.0
Tyrobp,0.2615722360139493,0.2615722360139493,1.0,0.0,0.0,0.0,0.0,0.0
Hcst,1.0,1.0,1.0,0.0,0.0,0.0,0.0,0.0
Nfkbid,1.0,1.0,1.0,0.0,0.0,0.0,0.0,0.0
Aplp1,1.0,1.0,1.0,0.0,0.0,0.0,0.0,0.0
Nphs1,1.0,1.0,1.0,0.0,0.0,0.0,0.0,0.0
Arhgap33,1.0,1.0,1.0,0.0,0.0,0.0,0.0,0.0
Proser3,1.0,1.0,1.0,0.0,0.0,0.0,0.0,0.0
Hspb6,1.0,1.0,1.0,0.0,0.0,0.0,0.0,0.0
Lin37,1.0,1.0,1.0,0.0,0.0,0.0,0.0,0.0
Psenen,0.11483091212193383,0.6784313725490196,1.0,-0.11125447815376688,0.07481654596141729,0.19430998402764063,0.6212610986510335,0.6569042531871012
U2af1l4,1.0,1.0,1.0,0.0,0.0,0.0,0.0,0.0
Igflr1,1.0,1.0,1.0,0.0,0.0,0.0,0.0,0.0
Kmt2b,1.0,1.0,1.0,0.0,0.0,0.0,0.0,0.0
Zbtb32,1.0,1.0,1.0,0.0,0.0,0.0,0.0,0.0
Upk1a,1.0,1.0,1.0,0.0,0.0,0.0,0.0,0.0
Cox6b1,0.038707628800508063,0.42686353893784235,1.0,-0.16323215350371606,-0.07104245643800838,0.012842689392346575,0.9492600909979103,0.9037639068199714
Rbm42,1.0,1.0,1.0,0.0,0.0,0.0,0.0,0.0
Haus5,1.0,1.0,1.0,0.0,0.0,0.0,0.0,0.0
Tmem147,0.0026172757740752523,0.03207262248339877,0.2021825257785198,-28.487806567881975,-28.404100056374794,-2.166112388266256,0.3557054187321694,0.0
Tmem147os,1.0,1.0,1.0,0.0,0.0,0.0,0.0,0.0
Sbsn,1.0,1.0,1.0,0.0,0.0,0.0,0.0,0.0
Dmkn,1.0,1.0,1.0,0.0,0.0,0.0,0.0,0.0
Ffar2,1.0,1.0,1.0,0.0,0.0,0.0,0.0,0.0
Cd22,1.0,1.0,1.0,0.0,0.0,0.0,0.0,0.0
Mag,1.0,1.0,1.0,0.0,0.0,0.0,0.0,0.0
Usf2,1.0,1.0,1.0,0.0,0.0,0.0,0.0,0.0
Gm4673,1.0,1.0,1.0,0.0,0.0,0.0,0.0,0.0
Lsr,1.0,1.0,1.0,0.0,0.0,0.0,0.0,0.0
Fam187b,1.0,1.0,1.0,0.0,0.0,0.0,0.0,0.0
Fxyd5,1.5876796062554575e-05,1.5876796062554575e-05,1.5876796062554575e-05,1.1141412936840074,1.272400571713305,1.4201366249621772,0.38959067844248163,0.9390737003097878
Fxyd7,1.0,1.0,1.0,0.0,0.0,0.0,0.0,0.0
Fxyd1,1.0,1.0,1.0,0.0,0.0,0.0,0.0,0.0
Lgi4,1.0,1.0,1.0,0.0,0.0,0.0,0.0,0.0
Fxyd3,1.0,1.0,1.0,0.0,0.0,0.0,0.0,0.0
Hpn,1.0,1.0,1.0,0.0,0.0,0.0,0.0,0.0
Scn1b,1.0,1.0,1.0,0.0,0.0,0.0,0.0,0.0
Gramd1a,1.0,1.0,1.0,0.0,0.0,0.0,0.0,0.0
Wtip,1.0,1.0,1.0,0.0,0.0,0.0,0.0,0.0
Uba2,1.0,1.0,1.0,0.0,0.0,0.0,0.0,0.0
Pdcd2l,1.0,1.0,1.0,0.0,0.0,0.0,0.0,0.0
Gpi1,0.08856750257537103,0.2615722360139493,0.2615722360139493,0.0,0.0,0.0,0.0,0.0
Gm12758,1.0,1.0,1.0,0.0,0.0,0.0,0.0,0.0
4931406P16Rik,1.0,1.0,1.0,0.0,0.0,0.0,0.0,0.0
Lsm14a,0.08856750257537103,0.2615722360139493,1.0,0.0,0.0,0.0,0.0,0.0
Kctd15,1.0,1.0,1.0,0.0,0.0,0.0,0.0,0.0
Pepd,0.2615722360139493,1.0,1.0,0.0,0.0,0.0,0.0,0.0
Cebpg,0.04801397289426615,0.12803324454997875,0.47560303748792676,0.0,0.0,26.16396572531468,0.0,0.0
Gm44836,1.0,1.0,1.0,0.0,0.0,0.0,0.0,0.0
Cebpa,1.0,1.0,1.0,0.0,0.0,0.0,0.0,0.0
Lrp3,1.0,1.0,1.0,0.0,0.0,0.0,0.0,0.0
Gpatch1,1.0,1.0,1.0,0.0,0.0,0.0,0.0,0.0
Rhpn2,1.0,1.0,1.0,0.0,0.0,0.0,0.0,0.0
Faap24,1.0,1.0,1.0,0.0,0.0,0.0,0.0,0.0
Cep89,1.0,1.0,1.0,0.0,0.0,0.0,0.0,0.0
Nudt19,1.0,1.0,1.0,0.0,0.0,0.0,0.0,0.0
B230322F03Rik,1.0,1.0,1.0,0.0,0.0,0.0,0.0,0.0
Ankrd27,1.0,1.0,1.0,0.0,0.0,0.0,0.0,0.0
Pdcd5,0.08180762584436872,0.615497508592667,1.0,-0.06632831726944968,0.1398631143043471,0.3050420770432631,0.36035858431066703,0.3961446938557287
Dpy19l3,1.0,1.0,1.0,0.0,0.0,0.0,0.0,0.0
Zfp507,1.0,1.0,1.0,0.0,0.0,0.0,0.0,0.0
Tshz3,1.0,1.0,1.0,0.0,0.0,0.0,0.0,0.0
Zfp536,1.0,1.0,1.0,0.0,0.0,0.0,0.0,0.0
Uri1,0.2615722360139493,1.0,1.0,0.0,0.0,0.0,0.0,0.0
Ccne1,1.0,1.0,1.0,0.0,0.0,0.0,0.0,0.0
1600014C10Rik,1.0,1.0,1.0,0.0,0.0,0.0,0.0,0.0
Plekhf1,1.0,1.0,1.0,0.0,0.0,0.0,0.0,0.0
Pop4,1.0,1.0,1.0,0.0,0.0,0.0,0.0,0.0
Zfp619,1.0,1.0,1.0,0.0,0.0,0.0,0.0,0.0
Gm37494,1.0,1.0,1.0,0.0,0.0,0.0,0.0,0.0
AI987944,1.0,1.0,1.0,0.0,0.0,0.0,0.0,0.0
AW146154,1.0,1.0,1.0,0.0,0.0,0.0,0.0,0.0
2610021A01Rik,1.0,1.0,1.0,0.0,0.0,0.0,0.0,0.0
Zfp788,1.0,1.0,1.0,0.0,0.0,0.0,0.0,0.0
Zfp141,1.0,1.0,1.0,0.0,0.0,0.0,0.0,0.0
Zfp976,1.0,1.0,1.0,0.0,0.0,0.0,0.0,0.0
Zfp975,1.0,1.0,1.0,0.0,0.0,0.0,0.0,0.0
Zfp715,1.0,1.0,1.0,0.0,0.0,0.0,0.0,0.0
Siglecf,1.0,1.0,1.0,0.0,0.0,0.0,0.0,0.0
Siglecg,1.0,1.0,1.0,0.0,0.0,0.0,0.0,0.0
Nkg7,1.0,1.0,1.0,0.0,0.0,0.0,0.0,0.0
Etfb,0.00017629733673136413,0.0024192636687590057,0.046289156401113196,-28.539169781443853,-28.406577854478638,-1.2622354810743492,0.3574266714212695,0.0
Vsig10l,1.0,1.0,1.0,0.0,0.0,0.0,0.0,0.0
Iglon5,1.0,1.0,1.0,0.0,0.0,0.0,0.0,0.0
Cd33,1.0,1.0,1.0,0.0,0.0,0.0,0.0,0.0
Zfp658,1.0,1.0,1.0,0.0,0.0,0.0,0.0,0.0
Zfp719,1.0,1.0,1.0,0.0,0.0,0.0,0.0,0.0
Siglece,1.0,1.0,1.0,0.0,0.0,0.0,0.0,0.0
Ctu1,1.0,1.0,1.0,0.0,0.0,0.0,0.0,0.0
Klk8,1.0,1.0,1.0,0.0,0.0,0.0,0.0,0.0
Klk1b11,1.0,1.0,1.0,0.0,0.0,0.0,0.0,0.0
Klk1b27,1.0,1.0,1.0,0.0,0.0,0.0,0.0,0.0
Klk1b22,1.0,1.0,1.0,0.0,0.0,0.0,0.0,0.0
Klk1,1.0,1.0,1.0,0.0,0.0,0.0,0.0,0.0
2410002F23Rik,1.0,1.0,1.0,0.0,0.0,0.0,0.0,0.0
Clec11a,1.0,1.0,1.0,0.0,0.0,0.0,0.0,0.0
Shank1,1.0,1.0,1.0,0.0,0.0,0.0,0.0,0.0
1700008O03Rik,1.0,1.0,1.0,0.0,0.0,0.0,0.0,0.0
Syt3,1.0,1.0,1.0,0.0,0.0,0.0,0.0,0.0
Lrrc4b,1.0,1.0,1.0,0.0,0.0,0.0,0.0,0.0
Josd2,0.2615722360139493,1.0,1.0,0.0,0.0,0.0,0.0,0.0
5430431A17Rik,1.0,1.0,1.0,0.0,0.0,0.0,0.0,0.0
Emc10,0.08856750257537103,0.08856750257537103,0.7670968684102772,0.0,0.0,0.0,0.0,0.0
Fam71e1,1.0,1.0,1.0,0.0,0.0,0.0,0.0,0.0
Spib,1.0,1.0,1.0,0.0,0.0,0.0,0.0,0.0
Pold1,1.0,1.0,1.0,0.0,0.0,0.0,0.0,0.0
Nr1h2,0.2615722360139493,0.2615722360139493,1.0,0.0,0.0,0.0,0.0,0.0
Napsa,0.2615722360139493,1.0,1.0,0.0,0.0,0.0,0.0,0.0
Kcnc3,1.0,1.0,1.0,0.0,0.0,0.0,0.0,0.0
Myh14,1.0,1.0,1.0,0.0,0.0,0.0,0.0,0.0
Zfp473,1.0,1.0,1.0,0.0,0.0,0.0,0.0,0.0
Vrk3,0.9815393059003498,1.0,1.0,0.0,0.0,0.0,0.0,0.0
Atf5,1.0,1.0,1.0,0.0,0.0,0.0,0.0,0.0
Nup62,1.0,1.0,1.0,0.0,0.0,0.0,0.0,0.0
Il4i1,1.0,1.0,1.0,0.0,0.0,0.0,0.0,0.0
Tbc1d17,1.0,1.0,1.0,0.0,0.0,0.0,0.0,0.0
Akt1s1,1.0,1.0,1.0,0.0,0.0,0.0,0.0,0.0
Pnkp,1.0,1.0,1.0,0.0,0.0,0.0,0.0,0.0
Ptov1,1.0,1.0,1.0,0.0,0.0,0.0,0.0,0.0
Med25,1.0,1.0,1.0,0.0,0.0,0.0,0.0,0.0
Fuz,1.0,1.0,1.0,0.0,0.0,0.0,0.0,0.0
Ap2a1,1.0,1.0,1.0,0.0,0.0,0.0,0.0,0.0
Cpt1c,1.0,1.0,1.0,0.0,0.0,0.0,0.0,0.0
Prmt1,0.08856750257537103,1.0,1.0,0.0,0.0,0.0,0.0,0.0
Gm15545,1.0,1.0,1.0,0.0,0.0,0.0,0.0,0.0
Bcl2l12,1.0,1.0,1.0,0.0,0.0,0.0,0.0,0.0
Irf3,1.0,1.0,1.0,0.0,0.0,0.0,0.0,0.0
Scaf1,1.0,1.0,1.0,0.0,0.0,0.0,0.0,0.0
Rras,1.0,1.0,1.0,0.0,0.0,0.0,0.0,0.0
Prr12,1.0,1.0,1.0,0.0,0.0,0.0,0.0,0.0
Prrg2,1.0,1.0,1.0,0.0,0.0,0.0,0.0,0.0
Nosip,1.0,1.0,1.0,0.0,0.0,0.0,0.0,0.0
Rcn3,1.0,1.0,1.0,0.0,0.0,0.0,0.0,0.0
Fcgrt,1.0,1.0,1.0,0.0,0.0,0.0,0.0,0.0
Rps11,0.08249583234103358,0.5713582599031516,1.0,-0.065204435594802,-0.023458805758925505,0.031443708409624245,2.3047785123054503,2.2664243954191052
Rpl13a,0.04734460585853775,0.2082876875446535,0.4726680955783123,-0.08068418786197752,-0.03687253244547576,-0.0007605747098907709,2.10395362652396,2.0515051823463
Flt3l,1.0,1.0,1.0,0.0,0.0,0.0,0.0,0.0
Aldh16a1,1.0,1.0,1.0,0.0,0.0,0.0,0.0,0.0
Pih1d1,0.2615722360139493,1.0,1.0,0.0,0.0,0.0,0.0,0.0
Slc17a7,1.0,1.0,1.0,0.0,0.0,0.0,0.0,0.0
Dkkl1,1.0,1.0,1.0,0.0,0.0,0.0,0.0,0.0
Tead2,1.0,1.0,1.0,0.0,0.0,0.0,0.0,0.0
Cd37,0.2615722360139493,1.0,1.0,0.0,0.0,0.0,0.0,0.0
Trpm4,1.0,1.0,1.0,0.0,0.0,0.0,0.0,0.0
Ppfia3,1.0,1.0,1.0,0.0,0.0,0.0,0.0,0.0
Lin7b,1.0,1.0,1.0,0.0,0.0,0.0,0.0,0.0
Snrnp70,0.13231801788911673,0.5670225644633005,1.0,0.043744993255377354,0.24818713876691584,0.39070107578606694,0.387066622137599,0.4619201920790515
Ruvbl2,1.0,1.0,1.0,0.0,0.0,0.0,0.0,0.0
Gys1,1.0,1.0,1.0,0.0,0.0,0.0,0.0,0.0
Ftl1,0.012399777724855125,0.14589981741684527,0.7359319679288707,0.004532374178869652,0.03271733795558092,0.06179510366200152,2.27410107570422,2.3252644413775725
Bax,0.00139813990539153,0.04071783557837171,0.35944906570610524,-28.408394178013168,-28.3035526697332,-1.8357039393884402,0.33192911599291186,0.0
Dhdh,1.0,1.0,1.0,0.0,0.0,0.0,0.0,0.0
Tulp2,1.0,1.0,1.0,0.0,0.0,0.0,0.0,0.0
Nucb1,0.0010637453361911566,0.05737874097007224,0.42686353893784235,0.06371694744227092,0.19290165727147118,0.33829943467926527,0.509071930315334,0.5820701678472899
Ppp1r15a,0.008686713813300943,0.05366666290620448,0.2968939270753236,0.26228917870236956,0.4638030958164302,0.5916385721864048,0.36043978502468554,0.49979009328359264
Plekha4,1.0,1.0,1.0,0.0,0.0,0.0,0.0,0.0
Hsd17b14,1.0,1.0,1.0,0.0,0.0,0.0,0.0,0.0
0610005C13Rik,1.0,1.0,1.0,0.0,0.0,0.0,0.0,0.0
Bcat2,1.0,1.0,1.0,0.0,0.0,0.0,0.0,0.0
Fgf21,1.0,1.0,1.0,0.0,0.0,0.0,0.0,0.0
Fut1,1.0,1.0,1.0,0.0,0.0,0.0,0.0,0.0
Rasip1,1.0,1.0,1.0,0.0,0.0,0.0,0.0,0.0
A030001D20Rik,1.0,1.0,1.0,0.0,0.0,0.0,0.0,0.0
Mamstr,1.0,1.0,1.0,0.0,0.0,0.0,0.0,0.0
Fut2,1.0,1.0,1.0,0.0,0.0,0.0,0.0,0.0
Car11,1.0,1.0,1.0,0.0,0.0,0.0,0.0,0.0
Dbp,1.0,1.0,1.0,0.0,0.0,0.0,0.0,0.0
Sphk2,1.0,1.0,1.0,0.0,0.0,0.0,0.0,0.0
Rpl18,0.23797729618163055,0.7344923394458999,1.0,-0.019994514442154603,0.008145930607303327,0.03699471361660317,2.2855206418838976,2.298899216397679
Fam83e,1.0,1.0,1.0,0.0,0.0,0.0,0.0,0.0
Sult2b1,1.0,1.0,1.0,0.0,0.0,0.0,0.0,0.0
Gm31597,1.0,1.0,1.0,0.0,0.0,0.0,0.0,0.0
Lmtk3,1.0,1.0,1.0,0.0,0.0,0.0,0.0,0.0
Cyth2,0.08856750257537103,0.2615722360139493,1.0,0.0,0.0,0.0,0.0,0.0
Grwd1,1.0,1.0,1.0,0.0,0.0,0.0,0.0,0.0
Grin2d,1.0,1.0,1.0,0.0,0.0,0.0,0.0,0.0
Kdelr1,0.09788044772564897,0.5626868690234494,1.0,-0.19508879745098562,-0.04363984764811103,0.10452495114844287,0.5666690703928177,0.5494684134558081
Tmem143,1.0,1.0,1.0,0.0,0.0,0.0,0.0,0.0
Emp3,0.04734460585853775,0.23797729618163055,0.6252425180598543,0.0750717412567623,0.15095262121046804,0.21769133505398258,1.0264813338286252,1.1437078284983613
Ccdc114,1.0,1.0,1.0,0.0,0.0,0.0,0.0,0.0
Nomo1,1.0,1.0,1.0,0.0,0.0,0.0,0.0,0.0
Ush1c,1.0,1.0,1.0,0.0,0.0,0.0,0.0,0.0
Kcnc1,1.0,1.0,1.0,0.0,0.0,0.0,0.0,0.0
Sergef,1.0,1.0,1.0,0.0,0.0,0.0,0.0,0.0
Gm45311,1.0,1.0,1.0,0.0,0.0,0.0,0.0,0.0
Tph1,1.0,1.0,1.0,0.0,0.0,0.0,0.0,0.0
Saal1,1.0,1.0,1.0,0.0,0.0,0.0,0.0,0.0
Saa3,0.029867793297539916,0.08856750257537103,0.08856750257537103,0.0,0.0,0.0,0.0,0.0
Saa1,1.0,1.0,1.0,0.0,0.0,0.0,0.0,0.0
Hps5,1.0,1.0,1.0,0.0,0.0,0.0,0.0,0.0
Gtf2h1,1.0,1.0,1.0,0.0,0.0,0.0,0.0,0.0
Ldha,0.009501095540355024,0.08856750257537103,1.0,-25.788998594762532,0.0,0.0,0.0,0.0
Tsg101,0.08856750257537103,0.2615722360139493,1.0,0.0,0.0,0.0,0.0,0.0
Uevld,1.0,1.0,1.0,0.0,0.0,0.0,0.0,0.0
Spty2d1,0.0015241724220052392,0.04734460585853775,0.34314519329999205,0.05979987636487167,0.266226438875487,0.48362497307816554,0.41048077081882284,0.4943187675042342
Gm32031,1.0,1.0,1.0,0.0,0.0,0.0,0.0,0.0
Tmem86a,1.0,1.0,1.0,0.0,0.0,0.0,0.0,0.0
Ptpn5,1.0,1.0,1.0,0.0,0.0,0.0,0.0,0.0
Mrgpra2b,1.0,1.0,1.0,0.0,0.0,0.0,0.0,0.0
Zdhhc13,1.0,1.0,1.0,0.0,0.0,0.0,0.0,0.0
E2f8,1.0,1.0,1.0,0.0,0.0,0.0,0.0,0.0
Gm2788,1.0,1.0,1.0,0.0,0.0,0.0,0.0,0.0
Nav2,1.0,1.0,1.0,0.0,0.0,0.0,0.0,0.0
Htatip2,0.0001720247930818143,0.004653107842147308,0.0333863238295691,-28.30571422576553,-28.137065196078137,-28.027894954019526,0.29518930091038376,0.0
Prmt3,1.0,1.0,1.0,0.0,0.0,0.0,0.0,0.0
Ano5,1.0,1.0,1.0,0.0,0.0,0.0,0.0,0.0
Fancf,1.0,1.0,1.0,0.0,0.0,0.0,0.0,0.0
Gas2,1.0,1.0,1.0,0.0,0.0,0.0,0.0,0.0
Svip,1.0,1.0,1.0,0.0,0.0,0.0,0.0,0.0
Siglech,1.0,1.0,1.0,0.0,0.0,0.0,0.0,0.0
Tubgcp5,1.0,1.0,1.0,0.0,0.0,0.0,0.0,0.0
Cyfip1,1.0,1.0,1.0,0.0,0.0,0.0,0.0,0.0
Nipa2,0.2615722360139493,0.2615722360139493,1.0,0.0,0.0,0.0,0.0,0.0
Nipa1,1.0,1.0,1.0,0.0,0.0,0.0,0.0,0.0
Herc2,1.0,1.0,1.0,0.0,0.0,0.0,0.0,0.0
Atp10a,1.0,1.0,1.0,0.0,0.0,0.0,0.0,0.0
Ube3a,0.2615722360139493,1.0,1.0,0.0,0.0,0.0,0.0,0.0
Snhg14,1.0,1.0,1.0,0.0,0.0,0.0,0.0,0.0
Snrpn,1.0,1.0,1.0,0.0,0.0,0.0,0.0,0.0
Ndn,1.0,1.0,1.0,0.0,0.0,0.0,0.0,0.0
Peg12,1.0,1.0,1.0,0.0,0.0,0.0,0.0,0.0
Klf13,0.15351977021153562,0.7563611602870911,0.9505209847403642,0.0,0.0,0.0,0.0,0.0
Trpm1,1.0,1.0,1.0,0.0,0.0,0.0,0.0,0.0
Mtmr10,1.0,1.0,1.0,0.0,0.0,0.0,0.0,0.0
Fan1,1.0,1.0,1.0,0.0,0.0,0.0,0.0,0.0
Mphosph10,0.002778685068188869,0.06067621353514402,0.42039293691222324,-28.036466719625793,-26.00004023875267,0.0,0.06714422686865575,0.0
Mcee,0.2615722360139493,1.0,1.0,0.0,0.0,0.0,0.0,0.0
Nsmce3,0.2615722360139493,1.0,1.0,0.0,0.0,0.0,0.0,0.0
Tjp1,1.0,1.0,1.0,0.0,0.0,0.0,0.0,0.0
Tarsl2,1.0,1.0,1.0,0.0,0.0,0.0,0.0,0.0
Tm2d3,0.009501095540355024,0.029867793297539916,0.0978412151825437,-26.723635295752953,0.0,0.0,0.0,0.0
1810008I18Rik,1.0,1.0,1.0,0.0,0.0,0.0,0.0,0.0
Pcsk6,1.0,1.0,1.0,0.0,0.0,0.0,0.0,0.0
Snrpa1,0.002778685068188869,0.029867793297539916,0.29147411368370935,-27.885570531666207,-25.631349867673162,0.0,0.05197627255979875,0.0
Selenos,3.175359212510915e-05,0.0010637453361911566,0.015860919266492024,0.13908967899146896,0.18647874176353202,0.23164521398389545,1.142665950228295,1.30059131952432
Chsy1,1.0,1.0,1.0,0.0,0.0,0.0,0.0,0.0
Lrrk1,1.0,1.0,1.0,0.0,0.0,0.0,0.0,0.0
Gm44752,1.0,1.0,1.0,0.0,0.0,0.0,0.0,0.0
Aldh1a3,1.0,1.0,1.0,0.0,0.0,0.0,0.0,0.0
Asb7,1.0,1.0,1.0,0.0,0.0,0.0,0.0,0.0
Lins1,1.0,1.0,1.0,0.0,0.0,0.0,0.0,0.0
Cers3,1.0,1.0,1.0,0.0,0.0,0.0,0.0,0.0
Adamts17,1.0,1.0,1.0,0.0,0.0,0.0,0.0,0.0
1700112J16Rik,1.0,1.0,1.0,0.0,0.0,0.0,0.0,0.0
Lysmd4,1.0,1.0,1.0,0.0,0.0,0.0,0.0,0.0
Mef2a,0.13161944221230748,0.6701526554660717,1.0,-0.5006444692183522,0.09447866873136598,0.32624227531911637,0.3577982061081757,0.38263733286809487
Lrrc28,1.0,1.0,1.0,0.0,0.0,0.0,0.0,0.0
Ttc23,1.0,1.0,1.0,0.0,0.0,0.0,0.0,0.0
Synm,1.0,1.0,1.0,0.0,0.0,0.0,0.0,0.0
4833412C05Rik,1.0,1.0,1.0,0.0,0.0,0.0,0.0,0.0
Igf1r,1.0,1.0,1.0,0.0,0.0,0.0,0.0,0.0
Fam169b,1.0,1.0,1.0,0.0,0.0,0.0,0.0,0.0
Gm16158,1.0,1.0,1.0,0.0,0.0,0.0,0.0,0.0
Arrdc4,1.0,1.0,1.0,0.0,0.0,0.0,0.0,0.0
Nr2f2,1.0,1.0,1.0,0.0,0.0,0.0,0.0,0.0
B130024G19Rik,1.0,1.0,1.0,0.0,0.0,0.0,0.0,0.0
Mctp2,1.0,1.0,1.0,0.0,0.0,0.0,0.0,0.0
Gm45715,1.0,1.0,1.0,0.0,0.0,0.0,0.0,0.0
A730056A06Rik,1.0,1.0,1.0,0.0,0.0,0.0,0.0,0.0
Rgma,1.0,1.0,1.0,0.0,0.0,0.0,0.0,0.0
Chd2,0.010866496667145469,0.1425303019847767,0.814592072935118,0.0943039283023507,0.33967752292958453,0.567581368631859,0.3317184395661741,0.418465400130666
Gm44686,1.0,1.0,1.0,0.0,0.0,0.0,0.0,0.0
1810026B05Rik,0.0689678582813591,0.5613582450978213,0.9699865729012167,-0.11542829490528847,0.18183942815310344,0.3671506570194787,0.3437409610905874,0.39019684422345136
Fam174b,1.0,1.0,1.0,0.0,0.0,0.0,0.0,0.0
St8sia2,1.0,1.0,1.0,0.0,0.0,0.0,0.0,0.0
Slco3a1,1.0,1.0,1.0,0.0,0.0,0.0,0.0,0.0
Sv2b,1.0,1.0,1.0,0.0,0.0,0.0,0.0,0.0
Akap13,0.00030165912518853697,0.009557831229657855,0.11526553941414623,0.21667239911024194,0.36950080387061435,0.5193720788144061,0.5715302214487675,0.7394684691899768
AU020206,0.00031886695226255874,0.0065360274816589885,0.07638164538768931,-28.676470760989965,-28.588623734982157,-28.48067292499139,0.4036763235656046,0.0
Klhl25,1.0,1.0,1.0,0.0,0.0,0.0,0.0,0.0
Ntrk3,1.0,1.0,1.0,0.0,0.0,0.0,0.0,0.0
Mrpl46,0.2615722360139493,1.0,1.0,0.0,0.0,0.0,0.0,0.0
Mrps11,0.2615722360139493,1.0,1.0,0.0,0.0,0.0,0.0,0.0
Det1,1.0,1.0,1.0,0.0,0.0,0.0,0.0,0.0
Aen,1.0,1.0,1.0,0.0,0.0,0.0,0.0,0.0
Isg20,0.0007884764832411563,0.01870083112704786,0.19964580280899713,-28.61493301229376,-28.44929163821054,-1.0589815530291375,0.3699756047771424,0.0
Hapln3,1.0,1.0,1.0,0.0,0.0,0.0,0.0,0.0
Mfge8,1.0,1.0,1.0,0.0,0.0,0.0,0.0,0.0
Abhd2,1.0,1.0,1.0,0.0,0.0,0.0,0.0,0.0
Fanci,1.0,1.0,1.0,0.0,0.0,0.0,0.0,0.0
Polg,1.0,1.0,1.0,0.0,0.0,0.0,0.0,0.0
Mir9-3hg,1.0,1.0,1.0,0.0,0.0,0.0,0.0,0.0
Ticrr,1.0,1.0,1.0,0.0,0.0,0.0,0.0,0.0
Kif7,1.0,1.0,1.0,0.0,0.0,0.0,0.0,0.0
Pex11a,1.0,1.0,1.0,0.0,0.0,0.0,0.0,0.0
Anpep,1.0,1.0,1.0,0.0,0.0,0.0,0.0,0.0
Ap3s2,1.0,1.0,1.0,0.0,0.0,0.0,0.0,0.0
5430400D12Rik,1.0,1.0,1.0,0.0,0.0,0.0,0.0,0.0
Arpin,1.0,1.0,1.0,0.0,0.0,0.0,0.0,0.0
Zfp710,1.0,1.0,1.0,0.0,0.0,0.0,0.0,0.0
Idh2,0.029867793297539916,0.2615722360139493,0.9242203280316527,-26.081671182547517,0.0,0.0,0.0,0.0
Sema4b,1.0,1.0,1.0,0.0,0.0,0.0,0.0,0.0
Cib1,1.0,1.0,1.0,0.0,0.0,0.0,0.0,0.0
Gdpgp1,1.0,1.0,1.0,0.0,0.0,0.0,0.0,0.0
Ngrn,1.0,1.0,1.0,0.0,0.0,0.0,0.0,0.0
Vps33b,1.0,1.0,1.0,0.0,0.0,0.0,0.0,0.0
Rccd1,1.0,1.0,1.0,0.0,0.0,0.0,0.0,0.0
Prc1,1.0,1.0,1.0,0.0,0.0,0.0,0.0,0.0
Unc45a,1.0,1.0,1.0,0.0,0.0,0.0,0.0,0.0
Hddc3,1.0,1.0,1.0,0.0,0.0,0.0,0.0,0.0
Man2a2,1.0,1.0,1.0,0.0,0.0,0.0,0.0,0.0
Fes,1.0,1.0,1.0,0.0,0.0,0.0,0.0,0.0
Furin,1.0,1.0,1.0,0.0,0.0,0.0,0.0,0.0
Gm44851,1.0,1.0,1.0,0.0,0.0,0.0,0.0,0.0
Blm,1.0,1.0,1.0,0.0,0.0,0.0,0.0,0.0
Crtc3,1.0,1.0,1.0,0.0,0.0,0.0,0.0,0.0
Gm15880,1.0,1.0,1.0,0.0,0.0,0.0,0.0,0.0
Iqgap1,1.5876796062554575e-05,0.0010637453361911566,0.005493371437643883,0.5223298523046023,0.6920385358405292,0.8182991164107281,0.5040861875332796,0.8199861539289803
Zscan2,1.0,1.0,1.0,0.0,0.0,0.0,0.0,0.0
Wdr73,1.0,1.0,1.0,0.0,0.0,0.0,0.0,0.0
Nmb,1.0,1.0,1.0,0.0,0.0,0.0,0.0,0.0
Sec11a,0.030134054929065908,0.2166433052467157,0.8397467778155911,-1.2479843035210576,0.43567437186283164,28.365848133053174,0.21555304469417752,0.3458195661602965
Zfp592,1.0,1.0,1.0,0.0,0.0,0.0,0.0,0.0
Pde8a,1.0,1.0,1.0,0.0,0.0,0.0,0.0,0.0
Rps17,0.02524410573946178,0.18134476462649837,0.4726680955783123,-0.138131239872685,-0.09163301374073056,-0.04195546069187715,1.9294979637306062,1.8064887042999527
Cpeb1,1.0,1.0,1.0,0.0,0.0,0.0,0.0,0.0
2900076A07Rik,1.0,1.0,1.0,0.0,0.0,0.0,0.0,0.0
Whamm,0.47495853988950676,1.0,1.0,0.0,0.0,0.0,0.0,0.0
Homer2,1.0,1.0,1.0,0.0,0.0,0.0,0.0,0.0
Ramac,0.08856750257537103,0.2615722360139493,1.0,0.0,0.0,0.0,0.0,0.0
3110040N11Rik,1.0,1.0,1.0,0.0,0.0,0.0,0.0,0.0
Btbd1,0.009501095540355024,0.08856750257537103,0.42122680063813905,-26.799184383299774,0.0,0.0,0.0,0.0
Tm6sf1,1.0,1.0,1.0,0.0,0.0,0.0,0.0,0.0
Hdgfl3,1.0,1.0,1.0,0.0,0.0,0.0,0.0,0.0
Sh3gl3,1.0,1.0,1.0,0.0,0.0,0.0,0.0,0.0
Adamtsl3,1.0,1.0,1.0,0.0,0.0,0.0,0.0,0.0
Saxo2,1.0,1.0,1.0,0.0,0.0,0.0,0.0,0.0
Efl1,1.0,1.0,1.0,0.0,0.0,0.0,0.0,0.0
Mex3b,1.0,1.0,1.0,0.0,0.0,0.0,0.0,0.0
Tmc3,1.0,1.0,1.0,0.0,0.0,0.0,0.0,0.0
Gm16638,1.0,1.0,1.0,0.0,0.0,0.0,0.0,0.0
Stard5,0.2615722360139493,1.0,1.0,0.0,0.0,0.0,0.0,0.0
Il16,0.2615722360139493,0.2615722360139493,1.0,0.0,0.0,0.0,0.0,0.0
Tlnrd1,1.0,1.0,1.0,0.0,0.0,0.0,0.0,0.0
Mesd,1.0,1.0,1.0,0.0,0.0,0.0,0.0,0.0
Cemip,1.0,1.0,1.0,0.0,0.0,0.0,0.0,0.0
Abhd17c,1.0,1.0,1.0,0.0,0.0,0.0,0.0,0.0
Gm26708,1.0,1.0,1.0,0.0,0.0,0.0,0.0,0.0
Arnt2,1.0,1.0,1.0,0.0,0.0,0.0,0.0,0.0
Gm2115,1.0,1.0,1.0,0.0,0.0,0.0,0.0,0.0
Fah,1.0,1.0,1.0,0.0,0.0,0.0,0.0,0.0
Zfand6,0.09010857608108208,0.6083787677123833,1.0,-28.349029272625064,-1.0688980532309524,0.25885022949029496,0.31130927161760424,0.15138000853005074
2610206C17Rik,1.0,1.0,1.0,0.0,0.0,0.0,0.0,0.0
Nox4,1.0,1.0,1.0,0.0,0.0,0.0,0.0,0.0
Ctsc,0.029867793297539916,0.2615722360139493,1.0,0.0,0.0,0.0,0.0,0.0
Gm44751,1.0,1.0,1.0,0.0,0.0,0.0,0.0,0.0
Rab38,1.0,1.0,1.0,0.0,0.0,0.0,0.0,0.0
Tmem135,1.0,1.0,1.0,0.0,0.0,0.0,0.0,0.0
Fzd4,1.0,1.0,1.0,0.0,0.0,0.0,0.0,0.0
Prss23,1.0,1.0,1.0,0.0,0.0,0.0,0.0,0.0
Me3,1.0,1.0,1.0,0.0,0.0,0.0,0.0,0.0
Hikeshi,0.2615722360139493,1.0,1.0,0.0,0.0,0.0,0.0,0.0
Eed,1.0,1.0,1.0,0.0,0.0,0.0,0.0,0.0
E230029C05Rik,1.0,1.0,1.0,0.0,0.0,0.0,0.0,0.0
2310010J17Rik,1.0,1.0,1.0,0.0,0.0,0.0,0.0,0.0
Picalm,0.2615722360139493,1.0,1.0,0.0,0.0,0.0,0.0,0.0
Ccdc83,1.0,1.0,1.0,0.0,0.0,0.0,0.0,0.0
Sytl2,1.0,1.0,1.0,0.0,0.0,0.0,0.0,0.0
Crebzf,1.0,1.0,1.0,0.0,0.0,0.0,0.0,0.0
Tmem126a,0.029867793297539916,0.2615722360139493,1.0,0.0,0.0,0.0,0.0,0.0
Tmem126b,1.0,1.0,1.0,0.0,0.0,0.0,0.0,0.0
Dlg2,1.0,1.0,1.0,0.0,0.0,0.0,0.0,0.0
Ccdc90b,1.0,1.0,1.0,0.0,0.0,0.0,0.0,0.0
Ankrd42,1.0,1.0,1.0,0.0,0.0,0.0,0.0,0.0
Pcf11,1.0,1.0,1.0,0.0,0.0,0.0,0.0,0.0
4632427E13Rik,0.2615722360139493,1.0,1.0,0.0,0.0,0.0,0.0,0.0
Rab30,1.0,1.0,1.0,0.0,0.0,0.0,0.0,0.0
Ddias,1.0,1.0,1.0,0.0,0.0,0.0,0.0,0.0
Prcp,0.08856750257537103,0.2615722360139493,1.0,0.0,0.0,0.0,0.0,0.0
Fam181b,1.0,1.0,1.0,0.0,0.0,0.0,0.0,0.0
Tenm4,1.0,1.0,1.0,0.0,0.0,0.0,0.0,0.0
C230038L03Rik,1.0,1.0,1.0,0.0,0.0,0.0,0.0,0.0
Nars2,1.0,1.0,1.0,0.0,0.0,0.0,0.0,0.0
Gab2,1.0,1.0,1.0,0.0,0.0,0.0,0.0,0.0
Usp35,1.0,1.0,1.0,0.0,0.0,0.0,0.0,0.0
Kctd21,1.0,1.0,1.0,0.0,0.0,0.0,0.0,0.0
Alg8,1.0,1.0,1.0,0.0,0.0,0.0,0.0,0.0
Ndufc2,0.002975518506137561,0.027831748982697545,0.22999483848400837,0.33268008850734715,0.5068029617694565,0.6906929635119244,0.32726711037655926,0.466213581993027
Thrsp,1.0,1.0,1.0,0.0,0.0,0.0,0.0,0.0
Kctd14,1.0,1.0,1.0,0.0,0.0,0.0,0.0,0.0
Ints4,1.0,1.0,1.0,0.0,0.0,0.0,0.0,0.0
Aamdc,1.0,1.0,1.0,0.0,0.0,0.0,0.0,0.0
Rsf1,1.0,1.0,1.0,0.0,0.0,0.0,0.0,0.0
Clns1a,0.2615722360139493,1.0,1.0,0.0,0.0,0.0,0.0,0.0
Aqp11,1.0,1.0,1.0,0.0,0.0,0.0,0.0,0.0
Pak1,1.0,1.0,1.0,0.0,0.0,0.0,0.0,0.0
Myo7a,1.0,1.0,1.0,0.0,0.0,0.0,0.0,0.0
Capn5,1.0,1.0,1.0,0.0,0.0,0.0,0.0,0.0
Omp,1.0,1.0,1.0,0.0,0.0,0.0,0.0,0.0
Acer3,1.0,1.0,1.0,0.0,0.0,0.0,0.0,0.0
Tsku,1.0,1.0,1.0,0.0,0.0,0.0,0.0,0.0
Lrrc32,1.0,1.0,1.0,0.0,0.0,0.0,0.0,0.0
Emsy,1.0,1.0,1.0,0.0,0.0,0.0,0.0,0.0
Thap12,1.0,1.0,1.0,0.0,0.0,0.0,0.0,0.0
Wnt11,1.0,1.0,1.0,0.0,0.0,0.0,0.0,0.0
Uvrag,0.08856750257537103,0.2615722360139493,1.0,0.0,0.0,0.0,0.0,0.0
Gm45187,1.0,1.0,1.0,0.0,0.0,0.0,0.0,0.0
Dgat2,1.0,1.0,1.0,0.0,0.0,0.0,0.0,0.0
Map6,1.0,1.0,1.0,0.0,0.0,0.0,0.0,0.0
Serpinh1,1.0,1.0,1.0,0.0,0.0,0.0,0.0,0.0
Gdpd5,1.0,1.0,1.0,0.0,0.0,0.0,0.0,0.0
Rps3,0.23797729618163055,0.7344923394458999,1.0,-0.03642214930418068,-0.00408203492076082,0.03957301332387697,2.2939824766925048,2.288173554605095
Arrb1,1.0,1.0,1.0,0.0,0.0,0.0,0.0,0.0
Tpbgl,1.0,1.0,1.0,0.0,0.0,0.0,0.0,0.0
Gm10605,1.0,1.0,1.0,0.0,0.0,0.0,0.0,0.0
Slco2b1,1.0,1.0,1.0,0.0,0.0,0.0,0.0,0.0
Gm15635,1.0,1.0,1.0,0.0,0.0,0.0,0.0,0.0
Neu3,1.0,1.0,1.0,0.0,0.0,0.0,0.0,0.0
Spcs2,3.175359212510915e-05,0.0010637453361911566,0.009557831229657855,0.11253887834816312,0.1541552915243912,0.20484158980540346,1.748399355566685,1.946543734131755
Gm38405,1.0,1.0,1.0,0.0,0.0,0.0,0.0,0.0
Rnf169,1.0,1.0,1.0,0.0,0.0,0.0,0.0,0.0
Pold3,1.0,1.0,1.0,0.0,0.0,0.0,0.0,0.0
Lipt2,1.0,1.0,1.0,0.0,0.0,0.0,0.0,0.0
Kcne3,1.0,1.0,1.0,0.0,0.0,0.0,0.0,0.0
Pgm2l1,1.0,1.0,1.0,0.0,0.0,0.0,0.0,0.0
P4ha3,1.0,1.0,1.0,0.0,0.0,0.0,0.0,0.0
Ppme1,1.0,1.0,1.0,0.0,0.0,0.0,0.0,0.0
C2cd3,1.0,1.0,1.0,0.0,0.0,0.0,0.0,0.0
Ucp2,0.048800235971531596,0.3053901722632373,0.9077302642387601,0.09452557122440462,0.3209416612542322,0.5228151629495308,0.36673884465099604,0.4564049188022097
Dnajb13,1.0,1.0,1.0,0.0,0.0,0.0,0.0,0.0
Coa4,1.0,1.0,1.0,0.0,0.0,0.0,0.0,0.0
Mrpl48,1.0,1.0,1.0,0.0,0.0,0.0,0.0,0.0
Rab6a,1.0,1.0,1.0,0.0,0.0,0.0,0.0,0.0
Gm35082,1.0,1.0,1.0,0.0,0.0,0.0,0.0,0.0
Fam168a,1.0,1.0,1.0,0.0,0.0,0.0,0.0,0.0
Relt,1.0,1.0,1.0,0.0,0.0,0.0,0.0,0.0
Arhgef17,1.0,1.0,1.0,0.0,0.0,0.0,0.0,0.0
P2ry6,1.0,1.0,1.0,0.0,0.0,0.0,0.0,0.0
P2ry2,1.0,1.0,1.0,0.0,0.0,0.0,0.0,0.0
Fchsd2,1.0,1.0,1.0,0.0,0.0,0.0,0.0,0.0
Atg16l2,1.0,1.0,1.0,0.0,0.0,0.0,0.0,0.0
Stard10,1.0,1.0,1.0,0.0,0.0,0.0,0.0,0.0
Gm45620,1.0,1.0,1.0,0.0,0.0,0.0,0.0,0.0
Arap1,1.0,1.0,1.0,0.0,0.0,0.0,0.0,0.0
Pde2a,1.0,1.0,1.0,0.0,0.0,0.0,0.0,0.0
Gm35363,1.0,1.0,1.0,0.0,0.0,0.0,0.0,0.0
Art2b,1.0,1.0,1.0,0.0,0.0,0.0,0.0,0.0
Clpb,1.0,1.0,1.0,0.0,0.0,0.0,0.0,0.0
Inppl1,1.0,1.0,1.0,0.0,0.0,0.0,0.0,0.0
Gm10602,1.0,1.0,1.0,0.0,0.0,0.0,0.0,0.0
Folr2,1.0,1.0,1.0,0.0,0.0,0.0,0.0,0.0
Anapc15,1.0,1.0,1.0,0.0,0.0,0.0,0.0,0.0
Lamtor1,0.2615722360139493,1.0,1.0,0.0,0.0,0.0,0.0,0.0
Lrrc51,1.0,1.0,1.0,0.0,0.0,0.0,0.0,0.0
Numa1,1.0,1.0,1.0,0.0,0.0,0.0,0.0,0.0
Il18bp,1.0,1.0,1.0,0.0,0.0,0.0,0.0,0.0
Rnf121,1.0,1.0,1.0,0.0,0.0,0.0,0.0,0.0
Xndc1,1.0,1.0,1.0,0.0,0.0,0.0,0.0,0.0
Chrna10,1.0,1.0,1.0,0.0,0.0,0.0,0.0,0.0
Nup98,0.08856750257537103,0.2615722360139493,1.0,0.0,0.0,0.0,0.0,0.0
Pgap2,1.0,1.0,1.0,0.0,0.0,0.0,0.0,0.0
Rhog,1.0,1.0,1.0,0.0,0.0,0.0,0.0,0.0
Stim1,1.0,1.0,1.0,0.0,0.0,0.0,0.0,0.0
Rrm1,1.0,1.0,1.0,0.0,0.0,0.0,0.0,0.0
Trim21,1.0,1.0,1.0,0.0,0.0,0.0,0.0,0.0
Trim68,1.0,1.0,1.0,0.0,0.0,0.0,0.0,0.0
Hbb-bs,1.0,1.0,1.0,0.0,0.0,0.0,0.0,0.0
Trim6,1.0,1.0,1.0,0.0,0.0,0.0,0.0,0.0
Trim34a,1.0,1.0,1.0,0.0,0.0,0.0,0.0,0.0
Trim5,1.0,1.0,1.0,0.0,0.0,0.0,0.0,0.0
Trim12a,1.0,1.0,1.0,0.0,0.0,0.0,0.0,0.0
Gm15133,1.0,1.0,1.0,0.0,0.0,0.0,0.0,0.0
Trim12c,1.0,1.0,1.0,0.0,0.0,0.0,0.0,0.0
Trim30b,1.0,1.0,1.0,0.0,0.0,0.0,0.0,0.0
Trim30c,1.0,1.0,1.0,0.0,0.0,0.0,0.0,0.0
Trim30a,1.0,1.0,1.0,0.0,0.0,0.0,0.0,0.0
Trim30d,1.0,1.0,1.0,0.0,0.0,0.0,0.0,0.0
Olfr655,1.0,1.0,1.0,0.0,0.0,0.0,0.0,0.0
Fam160a2,1.0,1.0,1.0,0.0,0.0,0.0,0.0,0.0
Gm45885,1.0,1.0,1.0,0.0,0.0,0.0,0.0,0.0
Cavin3,1.0,1.0,1.0,0.0,0.0,0.0,0.0,0.0
Smpd1,1.0,1.0,1.0,0.0,0.0,0.0,0.0,0.0
Apbb1,1.0,1.0,1.0,0.0,0.0,0.0,0.0,0.0
Trim3,1.0,1.0,1.0,0.0,0.0,0.0,0.0,0.0
Arfip2,0.2615722360139493,1.0,1.0,0.0,0.0,0.0,0.0,0.0
Timm10b,0.005493371437643883,0.1568627450980392,0.8506311026434865,0.011319889491437076,0.15936187191885334,0.3249119295500124,0.467021287467334,0.5196937108194395
Dnhd1,1.0,1.0,1.0,0.0,0.0,0.0,0.0,0.0
Rrp8,1.0,1.0,1.0,0.0,0.0,0.0,0.0,0.0
Ilk,1.0,1.0,1.0,0.0,0.0,0.0,0.0,0.0
Taf10,0.015860919266492024,0.2702706993728666,0.9699293482575216,-0.01709808155799853,0.13139536527068463,0.24760305102538333,0.6020122954713515,0.6605318988509247
Tpp1,1.0,1.0,1.0,0.0,0.0,0.0,0.0,0.0
Dchs1,1.0,1.0,1.0,0.0,0.0,0.0,0.0,0.0
Mrpl17,0.0007335473709934008,0.009501095540355024,0.0978412151825437,-28.091149461590206,-27.0304595371518,0.0,0.13708158398922948,0.0
Gm4070,0.2615722360139493,1.0,1.0,0.0,0.0,0.0,0.0,0.0
Gm20663,1.0,1.0,1.0,0.0,0.0,0.0,0.0,0.0
Gvin1,1.0,1.0,1.0,0.0,0.0,0.0,0.0,0.0
Olfml1,1.0,1.0,1.0,0.0,0.0,0.0,0.0,0.0
Ppfibp2,1.0,1.0,1.0,0.0,0.0,0.0,0.0,0.0
Olfr482,1.0,1.0,1.0,0.0,0.0,0.0,0.0,0.0
Eif3f,0.06909581646423751,0.5208065412399778,1.0,-0.19007831417214652,-0.09319810078427518,0.01455385355193277,0.7699882182914155,0.7209888912562132
Lmo1,1.0,1.0,1.0,0.0,0.0,0.0,0.0,0.0
Rpl27a,0.09788044772564897,0.6784313725490196,1.0,-0.043462503679484184,-0.0036243080656903947,0.030233048449679098,2.557529429631307,2.550089253484666
St5,1.0,1.0,1.0,0.0,0.0,0.0,0.0,0.0
Akip1,1.0,1.0,1.0,0.0,0.0,0.0,0.0,0.0
Tmem9b,1.0,1.0,1.0,0.0,0.0,0.0,0.0,0.0
Nrip3,1.0,1.0,1.0,0.0,0.0,0.0,0.0,0.0
Scube2,1.0,1.0,1.0,0.0,0.0,0.0,0.0,0.0
Dennd5a,1.0,1.0,1.0,0.0,0.0,0.0,0.0,0.0
Tmem41b,1.0,1.0,1.0,0.0,0.0,0.0,0.0,0.0
1600010M07Rik,1.0,1.0,1.0,0.0,0.0,0.0,0.0,0.0
Ipo7,1.0,1.0,1.0,0.0,0.0,0.0,0.0,0.0
Zfp143,1.0,1.0,1.0,0.0,0.0,0.0,0.0,0.0
Wee1,1.0,1.0,1.0,0.0,0.0,0.0,0.0,0.0
Swap70,0.002778685068188869,0.0995964768261884,0.7050156930437036,-28.093511562951186,-27.067139907393603,0.0,0.140611553320594,0.0
Sbf2,1.0,1.0,1.0,0.0,0.0,0.0,0.0,0.0
Adm,1.0,1.0,1.0,0.0,0.0,0.0,0.0,0.0
Ampd3,1.0,1.0,1.0,0.0,0.0,0.0,0.0,0.0
Rnf141,1.0,1.0,1.0,0.0,0.0,0.0,0.0,0.0
Lyve1,1.0,1.0,1.0,0.0,0.0,0.0,0.0,0.0
Mrvi1,1.0,1.0,1.0,0.0,0.0,0.0,0.0,0.0
Ctr9,1.0,1.0,1.0,0.0,0.0,0.0,0.0,0.0
Eif4g2,1.5876796062554575e-05,0.0010637453361911566,0.02524410573946178,0.15494650426491535,0.27551849413004015,0.3839654850131883,0.667613940062681,0.8095139025695854
1700012D14Rik,1.0,1.0,1.0,0.0,0.0,0.0,0.0,0.0
Galnt18,1.0,1.0,1.0,0.0,0.0,0.0,0.0,0.0
Usp47,0.2615722360139493,1.0,1.0,0.0,0.0,0.0,0.0,0.0
Dkk3,1.0,1.0,1.0,0.0,0.0,0.0,0.0,0.0
Mical2,1.0,1.0,1.0,0.0,0.0,0.0,0.0,0.0
Parva,1.0,1.0,1.0,0.0,0.0,0.0,0.0,0.0
Parvaos,1.0,1.0,1.0,0.0,0.0,0.0,0.0,0.0
Tead1,1.0,1.0,1.0,0.0,0.0,0.0,0.0,0.0
Arntl,1.0,1.0,1.0,0.0,0.0,0.0,0.0,0.0
Btbd10,1.0,1.0,1.0,0.0,0.0,0.0,0.0,0.0
Far1,0.08856750257537103,1.0,1.0,0.0,0.0,0.0,0.0,0.0
Spon1,1.0,1.0,1.0,0.0,0.0,0.0,0.0,0.0
Rras2,1.0,1.0,1.0,0.0,0.0,0.0,0.0,0.0
Copb1,0.02764687560348838,0.2968939270753236,1.0,-0.7971826941522486,0.2888259668709635,0.5006488468793496,0.325006289902088,0.399206551530492
Psma1,0.013608071055687322,0.156713848944494,0.8450483288774061,-28.540293949427145,-2.3106155222173475,0.03183976178592036,0.35223051319217535,0.07334084348754139
4933406I18Rik,1.0,1.0,1.0,0.0,0.0,0.0,0.0,0.0
Pde3b,1.0,1.0,1.0,0.0,0.0,0.0,0.0,0.0
Cyp2r1,1.0,1.0,1.0,0.0,0.0,0.0,0.0,0.0
Calca,1.0,1.0,1.0,0.0,0.0,0.0,0.0,0.0
Calcb,1.0,1.0,1.0,0.0,0.0,0.0,0.0,0.0
Insc,1.0,1.0,1.0,0.0,0.0,0.0,0.0,0.0
Sox6,1.0,1.0,1.0,0.0,0.0,0.0,0.0,0.0
1110004F10Rik,0.002778685068188869,0.08856750257537103,0.8822739356449067,-27.01946875605516,0.0,0.0,0.0,0.0
Plekha7,1.0,1.0,1.0,0.0,0.0,0.0,0.0,0.0
Rps13,0.00047630388187663733,0.015860919266492024,0.2082876875446535,0.03472812046242803,0.07548192555723879,0.10812596243015754,2.164467113137936,2.2822537826588314
Gm44777,1.0,1.0,1.0,0.0,0.0,0.0,0.0,0.0
Pik3c2a,1.0,1.0,1.0,0.0,0.0,0.0,0.0,0.0
AV356131,1.0,1.0,1.0,0.0,0.0,0.0,0.0,0.0
Nucb2,1.0,1.0,1.0,0.0,0.0,0.0,0.0,0.0
Xylt1,1.0,1.0,1.0,0.0,0.0,0.0,0.0,0.0
Rps15a,0.11526553941414623,0.5713582599031516,0.9699293482575216,-0.019258004959604457,0.01581872797488277,0.05591020610293699,2.4697532796931503,2.494880399098893
Arl6ip1,0.2615722360139493,0.8822739356449067,1.0,0.0,0.0,0.0,0.0,0.0
Smg1,1.0,1.0,1.0,0.0,0.0,0.0,0.0,0.0
Syt17,1.0,1.0,1.0,0.0,0.0,0.0,0.0,0.0
Itpripl2,1.0,1.0,1.0,0.0,0.0,0.0,0.0,0.0
Coq7,1.0,1.0,1.0,0.0,0.0,0.0,0.0,0.0
Tmc5,1.0,1.0,1.0,0.0,0.0,0.0,0.0,0.0
Gde1,0.08856750257537103,0.2615722360139493,1.0,0.0,0.0,0.0,0.0,0.0
Ccp110,1.0,1.0,1.0,0.0,0.0,0.0,0.0,0.0
Vps35l,1.0,1.0,1.0,0.0,0.0,0.0,0.0,0.0
Gm44549,1.0,1.0,1.0,0.0,0.0,0.0,0.0,0.0
Knop1,1.0,1.0,1.0,0.0,0.0,0.0,0.0,0.0
Iqck,1.0,1.0,1.0,0.0,0.0,0.0,0.0,0.0
Gprc5b,1.0,1.0,1.0,0.0,0.0,0.0,0.0,0.0
Gp2,1.0,1.0,1.0,0.0,0.0,0.0,0.0,0.0
Thumpd1,1.0,1.0,1.0,0.0,0.0,0.0,0.0,0.0
Acsm3,1.0,1.0,1.0,0.0,0.0,0.0,0.0,0.0
Eri2,1.0,1.0,1.0,0.0,0.0,0.0,0.0,0.0
Rexo5,1.0,1.0,1.0,0.0,0.0,0.0,0.0,0.0
Dcun1d3,1.0,1.0,1.0,0.0,0.0,0.0,0.0,0.0
Lyrm1,1.0,1.0,1.0,0.0,0.0,0.0,0.0,0.0
Tmem159,1.0,1.0,1.0,0.0,0.0,0.0,0.0,0.0
Anks4b,1.0,1.0,1.0,0.0,0.0,0.0,0.0,0.0
Uqcrc2,0.002778685068188869,0.029867793297539916,0.4198490637342591,-28.08708138715569,-26.723635295752953,0.0,0.1108194048024755,0.0
9030407P20Rik,1.0,1.0,1.0,0.0,0.0,0.0,0.0,0.0
Mosmo,1.0,1.0,1.0,0.0,0.0,0.0,0.0,0.0
Eef2k,1.0,1.0,1.0,0.0,0.0,0.0,0.0,0.0
Polr3e,1.0,1.0,1.0,0.0,0.0,0.0,0.0,0.0
Cdr2,1.0,1.0,1.0,0.0,0.0,0.0,0.0,0.0
Mettl9,0.029867793297539916,0.08856750257537103,1.0,0.0,0.0,0.0,0.0,0.0
Igsf6,1.0,1.0,1.0,0.0,0.0,0.0,0.0,0.0
Usp31,1.0,1.0,1.0,0.0,0.0,0.0,0.0,0.0
Cog7,1.0,1.0,1.0,0.0,0.0,0.0,0.0,0.0
Gga2,0.2615722360139493,1.0,1.0,0.0,0.0,0.0,0.0,0.0
Ears2,1.0,1.0,1.0,0.0,0.0,0.0,0.0,0.0
Ubfd1,0.029867793297539916,0.2615722360139493,1.0,0.0,0.0,0.0,0.0,0.0
Ndufab1,0.00409621338413908,0.06971678568433504,0.5208065412399778,-0.3642177202682004,-0.22040056509891195,-0.06395164726882487,0.5726914704202568,0.49366833273695127
Palb2,1.0,1.0,1.0,0.0,0.0,0.0,0.0,0.0
Dctn5,1.0,1.0,1.0,0.0,0.0,0.0,0.0,0.0
Plk1,1.0,1.0,1.0,0.0,0.0,0.0,0.0,0.0
Ern2,1.0,1.0,1.0,0.0,0.0,0.0,0.0,0.0
Chp2,1.0,1.0,1.0,0.0,0.0,0.0,0.0,0.0
Prkcb,1.0,1.0,1.0,0.0,0.0,0.0,0.0,0.0
Rbbp6,0.009501095540355024,0.08856750257537103,0.4198490637342591,-27.137417048222762,0.0,0.0,0.0,0.0
Gm20274,1.0,1.0,1.0,0.0,0.0,0.0,0.0,0.0
Tnrc6a,0.2615722360139493,1.0,1.0,0.0,0.0,0.0,0.0,0.0
Slc5a11,1.0,1.0,1.0,0.0,0.0,0.0,0.0,0.0
Arhgap17,1.0,1.0,1.0,0.0,0.0,0.0,0.0,0.0
Lcmt1,1.0,1.0,1.0,0.0,0.0,0.0,0.0,0.0
Kdm8,1.0,1.0,1.0,0.0,0.0,0.0,0.0,0.0
Nsmce1,1.0,1.0,1.0,0.0,0.0,0.0,0.0,0.0
Il4ra,1.0,1.0,1.0,0.0,0.0,0.0,0.0,0.0
Il21r,1.0,1.0,1.0,0.0,0.0,0.0,0.0,0.0
Gtf3c1,1.0,1.0,1.0,0.0,0.0,0.0,0.0,0.0
D430042O09Rik,1.0,1.0,1.0,0.0,0.0,0.0,0.0,0.0
Xpo6,1.0,1.0,1.0,0.0,0.0,0.0,0.0,0.0
Sbk1,1.0,1.0,1.0,0.0,0.0,0.0,0.0,0.0
Lat,1.0,1.0,1.0,0.0,0.0,0.0,0.0,0.0
Spns1,1.0,1.0,1.0,0.0,0.0,0.0,0.0,0.0
Nfatc2ip,1.0,1.0,1.0,0.0,0.0,0.0,0.0,0.0
Cd19,1.0,1.0,1.0,0.0,0.0,0.0,0.0,0.0
Rabep2,1.0,1.0,1.0,0.0,0.0,0.0,0.0,0.0
Atp2a1,1.0,1.0,1.0,0.0,0.0,0.0,0.0,0.0
Sh2b1,1.0,1.0,1.0,0.0,0.0,0.0,0.0,0.0
Tufm,1.0,1.0,1.0,0.0,0.0,0.0,0.0,0.0
Atxn2l,0.2615722360139493,1.0,1.0,0.0,0.0,0.0,0.0,0.0
Eif3c,6.35071842502183e-05,0.0010637453361911566,0.015860919266492024,0.22625924282357127,0.37727914814817926,0.5186369537136083,0.48566143548323115,0.6310353623109066
Cln3,1.0,1.0,1.0,0.0,0.0,0.0,0.0,0.0
Apobr,1.0,1.0,1.0,0.0,0.0,0.0,0.0,0.0
Il27,1.0,1.0,1.0,0.0,0.0,0.0,0.0,0.0
Nupr1,1.0,1.0,1.0,0.0,0.0,0.0,0.0,0.0
2510046G10Rik,1.0,1.0,1.0,0.0,0.0,0.0,0.0,0.0
Sgf29,1.0,1.0,1.0,0.0,0.0,0.0,0.0,0.0
Sult1a1,1.0,1.0,1.0,0.0,0.0,0.0,0.0,0.0
Slx1b,1.0,1.0,1.0,0.0,0.0,0.0,0.0,0.0
Bola2,0.18134476462649837,0.7280611426419807,1.0,-0.17535564515884022,0.08349715614909096,0.2767687969627185,0.40511103112730573,0.430918828067335
Coro1a,0.009501095540355024,0.15137566002461356,0.7826235030086006,-27.170323352819786,0.0,0.0,0.0,0.0
Mapk3,1.0,1.0,1.0,0.0,0.0,0.0,0.0,0.0
Gdpd3,0.00011113757243788204,0.0021592442645074223,0.020131777407319206,0.6733222496148037,0.8372984236801335,1.107214850908342,0.4960096704661201,0.884186992580429
Gm9967,1.0,1.0,1.0,0.0,0.0,0.0,0.0,0.0
Ypel3,0.012726493233982348,0.09921177549705787,0.4860255962779837,0.0,27.860283119892536,28.501696571355975,0.0,0.2529752520493581
Tbx6,1.0,1.0,1.0,0.0,0.0,0.0,0.0,0.0
Ppp4c,0.2615722360139493,1.0,1.0,0.0,0.0,0.0,0.0,0.0
Aldoa,0.00019052155275065493,0.012399777724855125,0.23797729618163055,0.17936670180188768,0.3449445083432332,0.5040286404333545,0.465221290107855,0.5939625929079448
Ino80e,1.0,1.0,1.0,0.0,0.0,0.0,0.0,0.0
Hirip3,1.0,1.0,1.0,0.0,0.0,0.0,0.0,0.0
Taok2,1.0,1.0,1.0,0.0,0.0,0.0,0.0,0.0
Tmem219,0.002778685068188869,0.029867793297539916,0.2615722360139493,-27.570174391810685,0.0,0.0,0.0,0.0
Kctd13,1.0,1.0,1.0,0.0,0.0,0.0,0.0,0.0
Cdiptos,1.0,1.0,1.0,0.0,0.0,0.0,0.0,0.0
Cdipt,0.08856750257537103,1.0,1.0,0.0,0.0,0.0,0.0,0.0
Mvp,1.0,1.0,1.0,0.0,0.0,0.0,0.0,0.0
Pagr1a,1.0,1.0,1.0,0.0,0.0,0.0,0.0,0.0
Maz,1.0,1.0,1.0,0.0,0.0,0.0,0.0,0.0
Kif22,1.0,1.0,1.0,0.0,0.0,0.0,0.0,0.0
AI467606,0.2615722360139493,1.0,1.0,0.0,0.0,0.0,0.0,0.0
Qprt,1.0,1.0,1.0,0.0,0.0,0.0,0.0,0.0
Spn,0.2615722360139493,1.0,1.0,0.0,0.0,0.0,0.0,0.0
Cd2bp2,0.012031859799468726,0.1136029476053177,0.615497508592667,0.15527438883994052,0.3060682647798879,0.4534301721008485,0.3631306229715042,0.44821163333603076
Tbc1d10b,0.2615722360139493,1.0,1.0,0.0,0.0,0.0,0.0,0.0
Mylpf,1.0,1.0,1.0,0.0,0.0,0.0,0.0,0.0
Sept1,0.012126444033267302,0.17246078018372157,0.8145487507042003,-0.036792712688614095,0.3296710645000574,0.5735317967444576,0.318666876714722,0.40287344997757873
Zfp553,1.0,1.0,1.0,0.0,0.0,0.0,0.0,0.0
Zfp771,1.0,1.0,1.0,0.0,0.0,0.0,0.0,0.0
Dctpp1,0.2615722360139493,0.2615722360139493,1.0,0.0,0.0,0.0,0.0,0.0
Sephs2,1.0,1.0,1.0,0.0,0.0,0.0,0.0,0.0
Itgal,0.002778685068188869,0.029867793297539916,0.08856750257537103,-27.695865498731617,0.0,0.0,0.0,0.0
Zfp768,1.0,1.0,1.0,0.0,0.0,0.0,0.0,0.0
Zfp747,1.0,1.0,1.0,0.0,0.0,0.0,0.0,0.0
9130019O22Rik,1.0,1.0,1.0,0.0,0.0,0.0,0.0,0.0
E430018J23Rik,1.0,1.0,1.0,0.0,0.0,0.0,0.0,0.0
Zfp764,1.0,1.0,1.0,0.0,0.0,0.0,0.0,0.0
Zfp688,1.0,1.0,1.0,0.0,0.0,0.0,0.0,0.0
Zfp689,1.0,1.0,1.0,0.0,0.0,0.0,0.0,0.0
B130055M24Rik,1.0,1.0,1.0,0.0,0.0,0.0,0.0,0.0
Prr14,1.0,1.0,1.0,0.0,0.0,0.0,0.0,0.0
Fbrs,1.0,1.0,1.0,0.0,0.0,0.0,0.0,0.0
1700008J07Rik,1.0,1.0,1.0,0.0,0.0,0.0,0.0,0.0
Srcap,1.0,1.0,1.0,0.0,0.0,0.0,0.0,0.0
Tmem265,1.0,1.0,1.0,0.0,0.0,0.0,0.0,0.0
Phkg2,1.0,1.0,1.0,0.0,0.0,0.0,0.0,0.0
Ccdc189,1.0,1.0,1.0,0.0,0.0,0.0,0.0,0.0
Rnf40,1.0,1.0,1.0,0.0,0.0,0.0,0.0,0.0
Gm44759,1.0,1.0,1.0,0.0,0.0,0.0,0.0,0.0
Zfp629,1.0,1.0,1.0,0.0,0.0,0.0,0.0,0.0
Bcl7c,0.08856750257537103,0.2615722360139493,1.0,0.0,0.0,0.0,0.0,0.0
Ctf1,1.0,1.0,1.0,0.0,0.0,0.0,0.0,0.0
Fbxl19,1.0,1.0,1.0,0.0,0.0,0.0,0.0,0.0
Orai3,1.0,1.0,1.0,0.0,0.0,0.0,0.0,0.0
Setd1a,1.0,1.0,1.0,0.0,0.0,0.0,0.0,0.0
Hsd3b7,1.0,1.0,1.0,0.0,0.0,0.0,0.0,0.0
Stx1b,1.0,1.0,1.0,0.0,0.0,0.0,0.0,0.0
Stx4a,0.08856750257537103,1.0,1.0,0.0,0.0,0.0,0.0,0.0
Zfp668,1.0,1.0,1.0,0.0,0.0,0.0,0.0,0.0
Zfp646,1.0,1.0,1.0,0.0,0.0,0.0,0.0,0.0
Vkorc1,1.0,1.0,1.0,0.0,0.0,0.0,0.0,0.0
Bckdk,0.029254565586406815,0.2615722360139493,0.8822739356449067,-26.87400999723266,0.0,0.0,0.0,0.0
Kat8,1.0,1.0,1.0,0.0,0.0,0.0,0.0,0.0
Prss8,1.0,1.0,1.0,0.0,0.0,0.0,0.0,0.0
Prss36,1.0,1.0,1.0,0.0,0.0,0.0,0.0,0.0
Fus,0.029867793297539916,0.29147411368370935,0.8822739356449067,-26.081671182547517,0.0,0.0,0.0,0.0
Pycard,1.5876796062554575e-05,1.5876796062554575e-05,0.00030165912518853697,0.31265457593804363,0.4167559470260126,0.5122893128902111,0.9362306295557137,1.2524425277130375
Gm15533,1.0,1.0,1.0,0.0,0.0,0.0,0.0,0.0
Itgam,1.0,1.0,1.0,0.0,0.0,0.0,0.0,0.0
Itgax,1.0,1.0,1.0,0.0,0.0,0.0,0.0,0.0
Itgad,1.0,1.0,1.0,0.0,0.0,0.0,0.0,0.0
Gm39091,1.0,1.0,1.0,0.0,0.0,0.0,0.0,0.0
Cox6a2,1.0,1.0,1.0,0.0,0.0,0.0,0.0,0.0
9130023H24Rik,1.0,1.0,1.0,0.0,0.0,0.0,0.0,0.0
Armc5,1.0,1.0,1.0,0.0,0.0,0.0,0.0,0.0
Tgfb1i1,1.0,1.0,1.0,0.0,0.0,0.0,0.0,0.0
BC017158,1.0,1.0,1.0,0.0,0.0,0.0,0.0,0.0
Rgs10,0.009501095540355024,0.08856750257537103,0.2615722360139493,-26.30823515841481,0.0,0.0,0.0,0.0
Gm15503,1.0,1.0,1.0,0.0,0.0,0.0,0.0,0.0
Tial1,0.029867793297539916,0.08856750257537103,0.2615722360139493,0.0,0.0,0.0,0.0,0.0
Bag3,1.0,1.0,1.0,0.0,0.0,0.0,0.0,0.0
Inpp5f,1.0,1.0,1.0,0.0,0.0,0.0,0.0,0.0
Mcmbp,1.0,1.0,1.0,0.0,0.0,0.0,0.0,0.0
Sec23ip,1.0,1.0,1.0,0.0,0.0,0.0,0.0,0.0
Wdr11,1.0,1.0,1.0,0.0,0.0,0.0,0.0,0.0
Fgfr2,1.0,1.0,1.0,0.0,0.0,0.0,0.0,0.0
Ate1,1.0,1.0,1.0,0.0,0.0,0.0,0.0,0.0
Nsmce4a,0.06117467691385191,0.5098433838583576,0.9663185553224448,-27.956818411208516,-25.848495952927735,0.0,0.060418872634529,0.0
Tacc2,1.0,1.0,1.0,0.0,0.0,0.0,0.0,0.0
Etos1,1.0,1.0,1.0,0.0,0.0,0.0,0.0,0.0
Btbd16,1.0,1.0,1.0,0.0,0.0,0.0,0.0,0.0
Gm5602,1.0,1.0,1.0,0.0,0.0,0.0,0.0,0.0
Plekha1,1.0,1.0,1.0,0.0,0.0,0.0,0.0,0.0
Htra1,1.0,1.0,1.0,0.0,0.0,0.0,0.0,0.0
Dmbt1,1.0,1.0,1.0,0.0,0.0,0.0,0.0,0.0
2310057M21Rik,1.0,1.0,1.0,0.0,0.0,0.0,0.0,0.0
Pstk,1.0,1.0,1.0,0.0,0.0,0.0,0.0,0.0
Gm44623,1.0,1.0,1.0,0.0,0.0,0.0,0.0,0.0
Ikzf5,1.0,1.0,1.0,0.0,0.0,0.0,0.0,0.0
Acadsb,1.0,1.0,1.0,0.0,0.0,0.0,0.0,0.0
Gm44982,1.0,1.0,1.0,0.0,0.0,0.0,0.0,0.0
Bub3,1.0,1.0,1.0,0.0,0.0,0.0,0.0,0.0
Cpxm2,1.0,1.0,1.0,0.0,0.0,0.0,0.0,0.0
Chst15,1.0,1.0,1.0,0.0,0.0,0.0,0.0,0.0
Gm10584,1.0,1.0,1.0,0.0,0.0,0.0,0.0,0.0
Oat,0.08856750257537103,0.2615722360139493,1.0,0.0,0.0,0.0,0.0,0.0
Lhpp,1.0,1.0,1.0,0.0,0.0,0.0,0.0,0.0
Fam53b,1.0,1.0,1.0,0.0,0.0,0.0,0.0,0.0
Eef1akmt2,1.0,1.0,1.0,0.0,0.0,0.0,0.0,0.0
Abraxas2,1.0,1.0,1.0,0.0,0.0,0.0,0.0,0.0
1500002F19Rik,1.0,1.0,1.0,0.0,0.0,0.0,0.0,0.0
Zranb1,0.2615722360139493,1.0,1.0,0.0,0.0,0.0,0.0,0.0
Ctbp2,1.0,1.0,1.0,0.0,0.0,0.0,0.0,0.0
Edrf1,1.0,1.0,1.0,0.0,0.0,0.0,0.0,0.0
Uros,1.0,1.0,1.0,0.0,0.0,0.0,0.0,0.0
Bccip,0.2615722360139493,1.0,1.0,0.0,0.0,0.0,0.0,0.0
Dhx32,1.0,1.0,1.0,0.0,0.0,0.0,0.0,0.0
Adam12,1.0,1.0,1.0,0.0,0.0,0.0,0.0,0.0
A130023I24Rik,1.0,1.0,1.0,0.0,0.0,0.0,0.0,0.0
Dock1,1.0,1.0,1.0,0.0,0.0,0.0,0.0,0.0
Clrn3,1.0,1.0,1.0,0.0,0.0,0.0,0.0,0.0
Ptpre,0.2615722360139493,1.0,1.0,0.0,0.0,0.0,0.0,0.0
5830432E09Rik,1.0,1.0,1.0,0.0,0.0,0.0,0.0,0.0
Mki67,1.0,1.0,1.0,0.0,0.0,0.0,0.0,0.0
Mgmt,1.0,1.0,1.0,0.0,0.0,0.0,0.0,0.0
Ebf3,1.0,1.0,1.0,0.0,0.0,0.0,0.0,0.0
9430038I01Rik,1.0,1.0,1.0,0.0,0.0,0.0,0.0,0.0
Glrx3,0.0001720247930818143,0.002778685068188869,0.029867793297539916,-28.104051511670743,-27.741759771721497,0.0,0.224440807140997,0.0
Mapk1ip1,1.0,1.0,1.0,0.0,0.0,0.0,0.0,0.0
Ppp2r2d,0.2615722360139493,1.0,1.0,0.0,0.0,0.0,0.0,0.0
Bnip3,1.0,1.0,1.0,0.0,0.0,0.0,0.0,0.0
Stk32c,1.0,1.0,1.0,0.0,0.0,0.0,0.0,0.0
Lrrc27,1.0,1.0,1.0,0.0,0.0,0.0,0.0,0.0
Pwwp2b,1.0,1.0,1.0,0.0,0.0,0.0,0.0,0.0
Inpp5a,1.0,1.0,1.0,0.0,0.0,0.0,0.0,0.0
Cfap46,1.0,1.0,1.0,0.0,0.0,0.0,0.0,0.0
Kndc1,1.0,1.0,1.0,0.0,0.0,0.0,0.0,0.0
Utf1,1.0,1.0,1.0,0.0,0.0,0.0,0.0,0.0
Gm16201,1.0,1.0,1.0,0.0,0.0,0.0,0.0,0.0
6430531B16Rik,1.0,1.0,1.0,0.0,0.0,0.0,0.0,0.0
Adam8,1.0,1.0,1.0,0.0,0.0,0.0,0.0,0.0
Tubgcp2,1.0,1.0,1.0,0.0,0.0,0.0,0.0,0.0
Zfp511,1.0,1.0,1.0,0.0,0.0,0.0,0.0,0.0
Fuom,1.0,1.0,1.0,0.0,0.0,0.0,0.0,0.0
Echs1,1.0,1.0,1.0,0.0,0.0,0.0,0.0,0.0
Paox,1.0,1.0,1.0,0.0,0.0,0.0,0.0,0.0
Mtg1,1.0,1.0,1.0,0.0,0.0,0.0,0.0,0.0
Cd163l1,1.0,1.0,1.0,0.0,0.0,0.0,0.0,0.0
5830411N06Rik,1.0,1.0,1.0,0.0,0.0,0.0,0.0,0.0
Olfr60,1.0,1.0,1.0,0.0,0.0,0.0,0.0,0.0
Syce1,1.0,1.0,1.0,0.0,0.0,0.0,0.0,0.0
Zfp941,1.0,1.0,1.0,0.0,0.0,0.0,0.0,0.0
Urah,1.0,1.0,1.0,0.0,0.0,0.0,0.0,0.0
Bet1l,0.009501095540355024,0.029254565586406815,0.1853939469443623,-27.531873080772204,-26.2444689952557,0.0,0.07953301042135238,0.0
Ric8a,1.0,1.0,1.0,0.0,0.0,0.0,0.0,0.0
Sirt3,1.0,1.0,1.0,0.0,0.0,0.0,0.0,0.0
Psmd13,0.009501095540355024,0.029867793297539916,0.08856750257537103,-26.2302771736733,0.0,0.0,0.0,0.0
Nlrp6,1.0,1.0,1.0,0.0,0.0,0.0,0.0,0.0
Pgghg,1.0,1.0,1.0,0.0,0.0,0.0,0.0,0.0
Ifitm5,1.0,1.0,1.0,0.0,0.0,0.0,0.0,0.0
Ifitm2,1.0,1.0,1.0,0.0,0.0,0.0,0.0,0.0
Ifitm1,1.0,1.0,1.0,0.0,0.0,0.0,0.0,0.0
Ifitm3,0.0001720247930818143,0.0015404776337769569,0.01663334113528102,-28.592088058901957,-28.326230922261338,-28.19928711495381,0.33654657133458926,0.0
Ifitm6,1.0,1.0,1.0,0.0,0.0,0.0,0.0,0.0
B4galnt4,1.0,1.0,1.0,0.0,0.0,0.0,0.0,0.0
Pkp3,1.0,1.0,1.0,0.0,0.0,0.0,0.0,0.0
Sigirr,1.0,1.0,1.0,0.0,0.0,0.0,0.0,0.0
Ano9,1.0,1.0,1.0,0.0,0.0,0.0,0.0,0.0
Ptdss2,1.0,1.0,1.0,0.0,0.0,0.0,0.0,0.0
Rnh1,0.028688810319848834,0.3897805604748862,1.0,-28.142675173969394,-27.685289673639982,0.0,0.21582543673305327,0.0
Hras,1.0,1.0,1.0,0.0,0.0,0.0,0.0,0.0
Lrrc56,1.0,1.0,1.0,0.0,0.0,0.0,0.0,0.0
Lmntd2,1.0,1.0,1.0,0.0,0.0,0.0,0.0,0.0
Rassf7,1.0,1.0,1.0,0.0,0.0,0.0,0.0,0.0
Phrf1,1.0,1.0,1.0,0.0,0.0,0.0,0.0,0.0
Irf7,1.0,1.0,1.0,0.0,0.0,0.0,0.0,0.0
Cdhr5,1.0,1.0,1.0,0.0,0.0,0.0,0.0,0.0
Sct,1.0,1.0,1.0,0.0,0.0,0.0,0.0,0.0
Deaf1,1.0,1.0,1.0,0.0,0.0,0.0,0.0,0.0
Tmem80,1.0,1.0,1.0,0.0,0.0,0.0,0.0,0.0
Eps8l2,1.0,1.0,1.0,0.0,0.0,0.0,0.0,0.0
Taldo1,0.13188112985309486,0.6421748224203866,1.0,-0.05335301456431383,0.18251055885688866,0.3649363197250443,0.3757720419637745,0.42808920279844875
Gatd1,1.0,1.0,1.0,0.0,0.0,0.0,0.0,0.0
Slc25a22,1.0,1.0,1.0,0.0,0.0,0.0,0.0,0.0
Pidd1,1.0,1.0,1.0,0.0,0.0,0.0,0.0,0.0
Rplp2,0.08249583234103358,0.5208065412399778,1.0,-0.046135218978419344,-0.01537141838162239,0.02099653761137792,2.177608516569579,2.1547489236548527
Pnpla2,1.0,1.0,1.0,0.0,0.0,0.0,0.0,0.0
Cracr2b,1.0,1.0,1.0,0.0,0.0,0.0,0.0,0.0
Gm10575,1.0,1.0,1.0,0.0,0.0,0.0,0.0,0.0
Cd151,1.0,1.0,1.0,0.0,0.0,0.0,0.0,0.0
Polr2l,1.0,1.0,1.0,0.0,0.0,0.0,0.0,0.0
Tspan4,1.0,1.0,1.0,0.0,0.0,0.0,0.0,0.0
Chid1,0.0007335473709934008,0.002778685068188869,0.029867793297539916,-28.240593348611757,-27.251109374636442,0.0,0.15973564662693437,0.0
Ap2a2,0.2615722360139493,1.0,1.0,0.0,0.0,0.0,0.0,0.0
Gm16982,1.0,1.0,1.0,0.0,0.0,0.0,0.0,0.0
Muc2,1.0,1.0,1.0,0.0,0.0,0.0,0.0,0.0
Tollip,1.0,1.0,1.0,0.0,0.0,0.0,0.0,0.0
Mob2,1.0,1.0,1.0,0.0,0.0,0.0,0.0,0.0
Dusp8,1.0,1.0,1.0,0.0,0.0,0.0,0.0,0.0
Ifitm10,1.0,1.0,1.0,0.0,0.0,0.0,0.0,0.0
Ctsd,0.029867793297539916,0.08856750257537103,0.29147411368370935,0.0,0.0,0.0,0.0,0.0
Syt8,1.0,1.0,1.0,0.0,0.0,0.0,0.0,0.0
Tnni2,1.0,1.0,1.0,0.0,0.0,0.0,0.0,0.0
Lsp1,0.029479628718648274,0.22074357307322534,0.7513591117305192,-1.3985146486943583,26.28367127572775,28.449685901740246,0.0,0.08597273206952474
Tnnt3,1.0,1.0,1.0,0.0,0.0,0.0,0.0,0.0
Mrpl23,0.0004954208174452059,0.009878710885383907,0.13879134634494789,-28.341760835151163,-28.239653666785706,-28.106354538550036,0.316944207877966,0.0
Igf2,1.0,1.0,1.0,0.0,0.0,0.0,0.0,0.0
Ascl2,1.0,1.0,1.0,0.0,0.0,0.0,0.0,0.0
Tspan32,1.0,1.0,1.0,0.0,0.0,0.0,0.0,0.0
R74862,1.0,1.0,1.0,0.0,0.0,0.0,0.0,0.0
Cd81,0.00298483765976026,0.009557831229657855,0.04734460585853775,0.221365973895518,0.32756611806301217,0.4327447567422212,0.6787143650590082,0.850836138809414
Tssc4,0.9815393059003498,1.0,1.0,0.0,0.0,0.0,0.0,0.0
Kcnq1,1.0,1.0,1.0,0.0,0.0,0.0,0.0,0.0
Kcnq1ot1,0.0006834348667358277,0.007737120862323551,0.15137566002461356,-28.4318222584674,-27.971807076309155,0.0,0.26324326334020587,0.0
Cdkn1c,1.0,1.0,1.0,0.0,0.0,0.0,0.0,0.0
Slc22a18,1.0,1.0,1.0,0.0,0.0,0.0,0.0,0.0
Phlda2,1.0,1.0,1.0,0.0,0.0,0.0,0.0,0.0
Nap1l4,1.0,1.0,1.0,0.0,0.0,0.0,0.0,0.0
Cars,1.0,1.0,1.0,0.0,0.0,0.0,0.0,0.0
Tnfrsf26,1.0,1.0,1.0,0.0,0.0,0.0,0.0,0.0
E230032D23Rik,1.0,1.0,1.0,0.0,0.0,0.0,0.0,0.0
Tnfrsf22,1.0,1.0,1.0,0.0,0.0,0.0,0.0,0.0
Tnfrsf23,1.0,1.0,1.0,0.0,0.0,0.0,0.0,0.0
Osbpl5,1.0,1.0,1.0,0.0,0.0,0.0,0.0,0.0
Mrgpre,1.0,1.0,1.0,0.0,0.0,0.0,0.0,0.0
Nadsyn1,1.0,1.0,1.0,0.0,0.0,0.0,0.0,0.0
Dhcr7,1.0,1.0,1.0,0.0,0.0,0.0,0.0,0.0
Cttn,1.0,1.0,1.0,0.0,0.0,0.0,0.0,0.0
Ppfia1,1.0,1.0,1.0,0.0,0.0,0.0,0.0,0.0
Fadd,1.0,1.0,1.0,0.0,0.0,0.0,0.0,0.0
Ano1,1.0,1.0,1.0,0.0,0.0,0.0,0.0,0.0
Bc1,1.0,1.0,1.0,0.0,0.0,0.0,0.0,0.0
LTO1,1.0,1.0,1.0,0.0,0.0,0.0,0.0,0.0
Ccnd1,1.0,1.0,1.0,0.0,0.0,0.0,0.0,0.0
Tpcn2,1.0,1.0,1.0,0.0,0.0,0.0,0.0,0.0
Mrgprf,1.0,1.0,1.0,0.0,0.0,0.0,0.0,0.0
Insr,1.0,1.0,1.0,0.0,0.0,0.0,0.0,0.0
Arhgef18,1.0,1.0,1.0,0.0,0.0,0.0,0.0,0.0
Pex11g,1.0,1.0,1.0,0.0,0.0,0.0,0.0,0.0
Zfp358,1.0,1.0,1.0,0.0,0.0,0.0,0.0,0.0
Mcoln1,1.0,1.0,1.0,0.0,0.0,0.0,0.0,0.0
Pnpla6,1.0,1.0,1.0,0.0,0.0,0.0,0.0,0.0
Camsap3,1.0,1.0,1.0,0.0,0.0,0.0,0.0,0.0
Xab2,1.0,1.0,1.0,0.0,0.0,0.0,0.0,0.0
Pet100,0.0007335473709934008,0.009501095540355024,0.1226570963664575,-28.180219851997688,-27.827282882886568,-25.85052951274452,0.238147947990946,0.0
Stxbp2,1.0,1.0,1.0,0.0,0.0,0.0,0.0,0.0
Retn,1.0,1.0,1.0,0.0,0.0,0.0,0.0,0.0
Mcemp1,1.0,1.0,1.0,0.0,0.0,0.0,0.0,0.0
Fcor,1.0,1.0,1.0,0.0,0.0,0.0,0.0,0.0
Gm45231,1.0,1.0,1.0,0.0,0.0,0.0,0.0,0.0
Trappc5,0.029867793297539916,0.2615722360139493,1.0,0.0,0.0,0.0,0.0,0.0
Fcer2a,1.0,1.0,1.0,0.0,0.0,0.0,0.0,0.0
Cd209a,1.0,1.0,1.0,0.0,0.0,0.0,0.0,0.0
Cd209e,1.0,1.0,1.0,0.0,0.0,0.0,0.0,0.0
Cd209d,1.0,1.0,1.0,0.0,0.0,0.0,0.0,0.0
Cd209b,1.0,1.0,1.0,0.0,0.0,0.0,0.0,0.0
Cd209c,1.0,1.0,1.0,0.0,0.0,0.0,0.0,0.0
Cd209f,1.0,1.0,1.0,0.0,0.0,0.0,0.0,0.0
Cd209g,1.0,1.0,1.0,0.0,0.0,0.0,0.0,0.0
Evi5l,1.0,1.0,1.0,0.0,0.0,0.0,0.0,0.0
Lrrc8e,1.0,1.0,1.0,0.0,0.0,0.0,0.0,0.0
Map2k7,1.0,1.0,1.0,0.0,0.0,0.0,0.0,0.0
Tgfbr3l,1.0,1.0,1.0,0.0,0.0,0.0,0.0,0.0
Snapc2,1.0,1.0,1.0,0.0,0.0,0.0,0.0,0.0
Ctxn1,1.0,1.0,1.0,0.0,0.0,0.0,0.0,0.0
Timm44,0.2615722360139493,1.0,1.0,0.0,0.0,0.0,0.0,0.0
Elavl1,0.08856750257537103,1.0,1.0,0.0,0.0,0.0,0.0,0.0
Ccl25,1.0,1.0,1.0,0.0,0.0,0.0,0.0,0.0
Cers4,1.0,1.0,1.0,0.0,0.0,0.0,0.0,0.0
Zfp958,1.0,1.0,1.0,0.0,0.0,0.0,0.0,0.0
Shcbp1,1.0,1.0,1.0,0.0,0.0,0.0,0.0,0.0
Efnb2,1.0,1.0,1.0,0.0,0.0,0.0,0.0,0.0
Arglu1,0.0007335473709934008,0.002778685068188869,0.028688810319848834,-28.24678586966554,-28.115202180601347,-27.073689349264804,0.2907496422481085,0.0
Lig4,1.0,1.0,1.0,0.0,0.0,0.0,0.0,0.0
Abhd13,1.0,1.0,1.0,0.0,0.0,0.0,0.0,0.0
Tnfsf13b,1.0,1.0,1.0,0.0,0.0,0.0,0.0,0.0
Myo16,1.0,1.0,1.0,0.0,0.0,0.0,0.0,0.0
Gm2814,1.0,1.0,1.0,0.0,0.0,0.0,0.0,0.0
4833411C07Rik,1.0,1.0,1.0,0.0,0.0,0.0,0.0,0.0
3930402G23Rik,1.0,1.0,1.0,0.0,0.0,0.0,0.0,0.0
Irs2,0.12149000420761753,0.7670968684102772,1.0,0.0,0.0,0.0,0.0,0.0
Col4a1,1.0,1.0,1.0,0.0,0.0,0.0,0.0,0.0
Col4a2,1.0,1.0,1.0,0.0,0.0,0.0,0.0,0.0
Rab20,1.0,1.0,1.0,0.0,0.0,0.0,0.0,0.0
E230013L22Rik,1.0,1.0,1.0,0.0,0.0,0.0,0.0,0.0
Naxd,0.2615722360139493,1.0,1.0,0.0,0.0,0.0,0.0,0.0
Cars2,1.0,1.0,1.0,0.0,0.0,0.0,0.0,0.0
Ing1,0.2615722360139493,1.0,1.0,0.0,0.0,0.0,0.0,0.0
Ankrd10,1.0,1.0,1.0,0.0,0.0,0.0,0.0,0.0
Arhgef7,1.0,1.0,1.0,0.0,0.0,0.0,0.0,0.0
Tubgcp3,1.0,1.0,1.0,0.0,0.0,0.0,0.0,0.0
Atp11a,1.0,1.0,1.0,0.0,0.0,0.0,0.0,0.0
Mcf2l,1.0,1.0,1.0,0.0,0.0,0.0,0.0,0.0
F7,1.0,1.0,1.0,0.0,0.0,0.0,0.0,0.0
F10,1.0,1.0,1.0,0.0,0.0,0.0,0.0,0.0
Pcid2,1.0,1.0,1.0,0.0,0.0,0.0,0.0,0.0
Cul4a,1.0,1.0,1.0,0.0,0.0,0.0,0.0,0.0
Lamp1,0.029867793297539916,0.2615722360139493,1.0,0.0,0.0,0.0,0.0,0.0
Grtp1,1.0,1.0,1.0,0.0,0.0,0.0,0.0,0.0
Dcun1d2,1.0,1.0,1.0,0.0,0.0,0.0,0.0,0.0
Tmco3,1.0,1.0,1.0,0.0,0.0,0.0,0.0,0.0
Tfdp1,1.0,1.0,1.0,0.0,0.0,0.0,0.0,0.0
Tmem255b,1.0,1.0,1.0,0.0,0.0,0.0,0.0,0.0
Gas6,1.0,1.0,1.0,0.0,0.0,0.0,0.0,0.0
Gm5608,1.0,1.0,1.0,0.0,0.0,0.0,0.0,0.0
Rasa3,0.08856750257537103,1.0,1.0,0.0,0.0,0.0,0.0,0.0
Cdc16,1.0,1.0,1.0,0.0,0.0,0.0,0.0,0.0
Upf3a,0.08856750257537103,1.0,1.0,0.0,0.0,0.0,0.0,0.0
Champ1,1.0,1.0,1.0,0.0,0.0,0.0,0.0,0.0
Coprs,1.0,1.0,1.0,0.0,0.0,0.0,0.0,0.0
Fbxo25,1.0,1.0,1.0,0.0,0.0,0.0,0.0,0.0
Tdrp,1.0,1.0,1.0,0.0,0.0,0.0,0.0,0.0
Erich1,1.0,1.0,1.0,0.0,0.0,0.0,0.0,0.0
Cln8,1.0,1.0,1.0,0.0,0.0,0.0,0.0,0.0
Arhgef10,1.0,1.0,1.0,0.0,0.0,0.0,0.0,0.0
Kbtbd11,1.0,1.0,1.0,0.0,0.0,0.0,0.0,0.0
5830468F06Rik,1.0,1.0,1.0,0.0,0.0,0.0,0.0,0.0
Mcph1,1.0,1.0,1.0,0.0,0.0,0.0,0.0,0.0
Angpt2,1.0,1.0,1.0,0.0,0.0,0.0,0.0,0.0
Agpat5,0.2615722360139493,1.0,1.0,0.0,0.0,0.0,0.0,0.0
Gm15056,1.0,1.0,1.0,0.0,0.0,0.0,0.0,0.0
AY761185,1.0,1.0,1.0,0.0,0.0,0.0,0.0,0.0
Alg11,1.0,1.0,1.0,0.0,0.0,0.0,0.0,0.0
Nek3,1.0,1.0,1.0,0.0,0.0,0.0,0.0,0.0
Ckap2,1.0,1.0,1.0,0.0,0.0,0.0,0.0,0.0
Vps36,0.2615722360139493,1.0,1.0,0.0,0.0,0.0,0.0,0.0
Slc25a15,1.0,1.0,1.0,0.0,0.0,0.0,0.0,0.0
1810012K16Rik,1.0,1.0,1.0,0.0,0.0,0.0,0.0,0.0
Mrps31,1.0,1.0,1.0,0.0,0.0,0.0,0.0,0.0
Smim19,1.0,1.0,1.0,0.0,0.0,0.0,0.0,0.0
Slc20a2,1.0,1.0,1.0,0.0,0.0,0.0,0.0,0.0
Gm17491,1.0,1.0,1.0,0.0,0.0,0.0,0.0,0.0
Vdac3,1.0,1.0,1.0,0.0,0.0,0.0,0.0,0.0
Polb,1.0,1.0,1.0,0.0,0.0,0.0,0.0,0.0
Ikbkb,1.0,1.0,1.0,0.0,0.0,0.0,0.0,0.0
Plat,1.0,1.0,1.0,0.0,0.0,0.0,0.0,0.0
Ap3m2,1.0,1.0,1.0,0.0,0.0,0.0,0.0,0.0
1700041G16Rik,1.0,1.0,1.0,0.0,0.0,0.0,0.0,0.0
Kat6a,1.0,1.0,1.0,0.0,0.0,0.0,0.0,0.0
Ank1,1.0,1.0,1.0,0.0,0.0,0.0,0.0,0.0
Gpat4,1.0,1.0,1.0,0.0,0.0,0.0,0.0,0.0
Gins4,1.0,1.0,1.0,0.0,0.0,0.0,0.0,0.0
Golga7,0.2615722360139493,1.0,1.0,0.0,0.0,0.0,0.0,0.0
Sfrp1,1.0,1.0,1.0,0.0,0.0,0.0,0.0,0.0
Tcim,1.0,1.0,1.0,0.0,0.0,0.0,0.0,0.0
Ido2,1.0,1.0,1.0,0.0,0.0,0.0,0.0,0.0
Ido1,1.0,1.0,1.0,0.0,0.0,0.0,0.0,0.0
Adam3,1.0,1.0,1.0,0.0,0.0,0.0,0.0,0.0
Adam5,1.0,1.0,1.0,0.0,0.0,0.0,0.0,0.0
Adam9,1.0,1.0,1.0,0.0,0.0,0.0,0.0,0.0
Tm2d2,0.029867793297539916,0.1853939469443623,0.8822739356449067,-0.6407837466917926,0.0,0.0,0.0,0.0
Gm16933,1.0,1.0,1.0,0.0,0.0,0.0,0.0,0.0
Plekha2,0.266717246715916,0.47495853988950676,1.0,0.0,0.0,0.0,0.0,0.0
5830408C22Rik,1.0,1.0,1.0,0.0,0.0,0.0,0.0,0.0
Tacc1,0.029867793297539916,0.2615722360139493,1.0,0.0,0.0,0.0,0.0,0.0
Fgfr1,1.0,1.0,1.0,0.0,0.0,0.0,0.0,0.0
Letm2,1.0,1.0,1.0,0.0,0.0,0.0,0.0,0.0
Gm45570,1.0,1.0,1.0,0.0,0.0,0.0,0.0,0.0
D830025C05Rik,1.0,1.0,1.0,0.0,0.0,0.0,0.0,0.0
Nsd3,0.0007335473709934008,0.029254565586406815,0.3418362516636597,-28.273101710562383,-27.999414951518013,0.0,0.268326619859845,0.0
Plpp5,0.12268189206148206,0.6708558092938122,1.0,-0.07855273044122332,0.07892735132730296,0.2525064011061423,0.38650158284017233,0.40850366320091874
Ddhd2,1.0,1.0,1.0,0.0,0.0,0.0,0.0,0.0
Bag4,1.0,1.0,1.0,0.0,0.0,0.0,0.0,0.0
Lsm1,1.0,1.0,1.0,0.0,0.0,0.0,0.0,0.0
Star,1.0,1.0,1.0,0.0,0.0,0.0,0.0,0.0
Ash2l,1.0,1.0,1.0,0.0,0.0,0.0,0.0,0.0
Hgsnat,1.0,1.0,1.0,0.0,0.0,0.0,0.0,0.0
Pomk,1.0,1.0,1.0,0.0,0.0,0.0,0.0,0.0
Fnta,1.0,1.0,1.0,0.0,0.0,0.0,0.0,0.0
Hook3,0.2615722360139493,1.0,1.0,0.0,0.0,0.0,0.0,0.0
Rnf170,1.0,1.0,1.0,0.0,0.0,0.0,0.0,0.0
Gm45250,1.0,1.0,1.0,0.0,0.0,0.0,0.0,0.0
Thap1,1.0,1.0,1.0,0.0,0.0,0.0,0.0,0.0
Zfp703,1.0,1.0,1.0,0.0,0.0,0.0,0.0,0.0
Gm32389,1.0,1.0,1.0,0.0,0.0,0.0,0.0,0.0
Erlin2,1.0,1.0,1.0,0.0,0.0,0.0,0.0,0.0
Proscos,1.0,1.0,1.0,0.0,0.0,0.0,0.0,0.0
Plpbp,1.0,1.0,1.0,0.0,0.0,0.0,0.0,0.0
Adgra2,1.0,1.0,1.0,0.0,0.0,0.0,0.0,0.0
Brf2,1.0,1.0,1.0,0.0,0.0,0.0,0.0,0.0
Rab11fip1,1.0,1.0,1.0,0.0,0.0,0.0,0.0,0.0
Eif4ebp1,0.006087403864745258,0.006087403864745258,0.029479628718648274,28.58728725338999,28.775648214533483,28.878776241689156,0.0,0.45955051411922
Rnf122,1.0,1.0,1.0,0.0,0.0,0.0,0.0,0.0
Tti2,1.0,1.0,1.0,0.0,0.0,0.0,0.0,0.0
Mak16,1.0,1.0,1.0,0.0,0.0,0.0,0.0,0.0
Fut10,1.0,1.0,1.0,0.0,0.0,0.0,0.0,0.0
Nrg1,1.0,1.0,1.0,0.0,0.0,0.0,0.0,0.0
Wrn,1.0,1.0,1.0,0.0,0.0,0.0,0.0,0.0
Purg,1.0,1.0,1.0,0.0,0.0,0.0,0.0,0.0
Tex15,1.0,1.0,1.0,0.0,0.0,0.0,0.0,0.0
Ppp2cb,0.2615722360139493,1.0,1.0,0.0,0.0,0.0,0.0,0.0
Ubxn8,1.0,1.0,1.0,0.0,0.0,0.0,0.0,0.0
Gsr,1.0,1.0,1.0,0.0,0.0,0.0,0.0,0.0
Gtf2e2,1.0,1.0,1.0,0.0,0.0,0.0,0.0,0.0
Rbpms,1.0,1.0,1.0,0.0,0.0,0.0,0.0,0.0
Gm26632,1.0,1.0,1.0,0.0,0.0,0.0,0.0,0.0
Dctn6,1.0,1.0,1.0,0.0,0.0,0.0,0.0,0.0
Gm10131,1.0,1.0,1.0,0.0,0.0,0.0,0.0,0.0
Leprotl1,0.0024164095234377363,0.03208957090027335,0.31197481303875285,-28.31121632940774,-28.226708499097594,-28.068820244673425,0.314113022046953,0.0
Saraf,0.005493371437643883,0.05737874097007224,0.42686353893784235,0.13103313025397043,0.3033764089286545,0.4770231138430214,0.4564789855410164,0.5637555988088645
Gm29243,1.0,1.0,1.0,0.0,0.0,0.0,0.0,0.0
Dusp4,0.005458442486306265,0.09788044772564897,0.6784313725490196,0.04017702101201677,0.26919223990114216,0.5794083500329682,0.6782232246442588,0.8189259111066809
Tnks,1.0,1.0,1.0,0.0,0.0,0.0,0.0,0.0
Ppp1r3b,1.0,1.0,1.0,0.0,0.0,0.0,0.0,0.0
Eri1,1.0,1.0,1.0,0.0,0.0,0.0,0.0,0.0
Gm16793,1.0,1.0,1.0,0.0,0.0,0.0,0.0,0.0
Mfhas1,1.0,1.0,1.0,0.0,0.0,0.0,0.0,0.0
Gm35021,1.0,1.0,1.0,0.0,0.0,0.0,0.0,0.0
Cldn23,1.0,1.0,1.0,0.0,0.0,0.0,0.0,0.0
Prag1,1.0,1.0,1.0,0.0,0.0,0.0,0.0,0.0
Gm38414,1.0,1.0,1.0,0.0,0.0,0.0,0.0,0.0
Lonrf1,1.0,1.0,1.0,0.0,0.0,0.0,0.0,0.0
Trmt9b,1.0,1.0,1.0,0.0,0.0,0.0,0.0,0.0
Dlc1,1.0,1.0,1.0,0.0,0.0,0.0,0.0,0.0
AI429214,1.0,1.0,1.0,0.0,0.0,0.0,0.0,0.0
Tusc3,1.0,1.0,1.0,0.0,0.0,0.0,0.0,0.0
Msr1,1.0,1.0,1.0,0.0,0.0,0.0,0.0,0.0
Micu3,1.0,1.0,1.0,0.0,0.0,0.0,0.0,0.0
Zdhhc2,1.0,1.0,1.0,0.0,0.0,0.0,0.0,0.0
Cnot7,1.0,1.0,1.0,0.0,0.0,0.0,0.0,0.0
Vps37a,0.2615722360139493,0.2615722360139493,1.0,0.0,0.0,0.0,0.0,0.0
Mtmr7,1.0,1.0,1.0,0.0,0.0,0.0,0.0,0.0
Slc7a2,1.0,1.0,1.0,0.0,0.0,0.0,0.0,0.0
Pdgfrl,1.0,1.0,1.0,0.0,0.0,0.0,0.0,0.0
Mtus1,1.0,1.0,1.0,0.0,0.0,0.0,0.0,0.0
B430010I23Rik,1.0,1.0,1.0,0.0,0.0,0.0,0.0,0.0
Pcm1,1.0,1.0,1.0,0.0,0.0,0.0,0.0,0.0
Asah1,0.08710000984342534,0.2615722360139493,1.0,0.0,0.0,0.0,0.0,0.0
Frg1,0.2615722360139493,0.2615722360139493,1.0,0.0,0.0,0.0,0.0,0.0
Gm9908,1.0,1.0,1.0,0.0,0.0,0.0,0.0,0.0
Fat1,1.0,1.0,1.0,0.0,0.0,0.0,0.0,0.0
Klkb1,1.0,1.0,1.0,0.0,0.0,0.0,0.0,0.0
Cyp4v3,1.0,1.0,1.0,0.0,0.0,0.0,0.0,0.0
Fam149a,1.0,1.0,1.0,0.0,0.0,0.0,0.0,0.0
Tlr3,1.0,1.0,1.0,0.0,0.0,0.0,0.0,0.0
Sorbs2,1.0,1.0,1.0,0.0,0.0,0.0,0.0,0.0
Pdlim3,1.0,1.0,1.0,0.0,0.0,0.0,0.0,0.0
1700029J07Rik,1.0,1.0,1.0,0.0,0.0,0.0,0.0,0.0
Ufsp2,0.029867793297539916,0.08856750257537103,1.0,0.0,0.0,0.0,0.0,0.0
Ankrd37,1.0,1.0,1.0,0.0,0.0,0.0,0.0,0.0
Snx25,1.0,1.0,1.0,0.0,0.0,0.0,0.0,0.0
Cfap97,1.0,1.0,1.0,0.0,0.0,0.0,0.0,0.0
Slc25a4,0.08856750257537103,0.2615722360139493,1.0,0.0,0.0,0.0,0.0,0.0
Acsl1,1.0,1.0,1.0,0.0,0.0,0.0,0.0,0.0
Cenpu,1.0,1.0,1.0,0.0,0.0,0.0,0.0,0.0
Primpol,1.0,1.0,1.0,0.0,0.0,0.0,0.0,0.0
Casp3,0.2615722360139493,1.0,1.0,0.0,0.0,0.0,0.0,0.0
Gm16675,1.0,1.0,1.0,0.0,0.0,0.0,0.0,0.0
Irf2,0.11434923676471709,0.5091111409512996,1.0,-27.997787624286538,0.0,28.288247292492024,0.0,0.0
Enpp6,1.0,1.0,1.0,0.0,0.0,0.0,0.0,0.0
Stox2,1.0,1.0,1.0,0.0,0.0,0.0,0.0,0.0
Trappc11,1.0,1.0,1.0,0.0,0.0,0.0,0.0,0.0
Rwdd4a,1.0,1.0,1.0,0.0,0.0,0.0,0.0,0.0
Ing2,0.2615722360139493,1.0,1.0,0.0,0.0,0.0,0.0,0.0
AA386476,1.0,1.0,1.0,0.0,0.0,0.0,0.0,0.0
Cdkn2aip,1.0,1.0,1.0,0.0,0.0,0.0,0.0,0.0
E030037K01Rik,1.0,1.0,1.0,0.0,0.0,0.0,0.0,0.0
Wwc2,1.0,1.0,1.0,0.0,0.0,0.0,0.0,0.0
Dctd,1.0,1.0,1.0,0.0,0.0,0.0,0.0,0.0
Tenm3,1.0,1.0,1.0,0.0,0.0,0.0,0.0,0.0
Aga,0.0007335473709934008,0.009501095540355024,0.03765027643980603,-28.018779064521183,-26.830876580421624,0.0,0.1193709518867525,0.0
Neil3,1.0,1.0,1.0,0.0,0.0,0.0,0.0,0.0
Vegfc,1.0,1.0,1.0,0.0,0.0,0.0,0.0,0.0
Spcs3,0.0015241724220052392,0.02524410573946178,0.20902992776057724,-0.26789011468259843,-0.16916266091903753,-0.05659433080328513,1.0978275974267537,0.9785079587421015
Asb5,1.0,1.0,1.0,0.0,0.0,0.0,0.0,0.0
Gpm6a,1.0,1.0,1.0,0.0,0.0,0.0,0.0,0.0
Hpgd,1.0,1.0,1.0,0.0,0.0,0.0,0.0,0.0
Cep44,1.0,1.0,1.0,0.0,0.0,0.0,0.0,0.0
Fbxo8,1.0,1.0,1.0,0.0,0.0,0.0,0.0,0.0
Hand2os1,1.0,1.0,1.0,0.0,0.0,0.0,0.0,0.0
Hand2,1.0,1.0,1.0,0.0,0.0,0.0,0.0,0.0
Gm34030,1.0,1.0,1.0,0.0,0.0,0.0,0.0,0.0
5033428I22Rik,1.0,1.0,1.0,0.0,0.0,0.0,0.0,0.0
Sap30,1.0,1.0,1.0,0.0,0.0,0.0,0.0,0.0
2500002B13Rik,1.0,1.0,1.0,0.0,0.0,0.0,0.0,0.0
Hmgb2,0.1568627450980392,0.48728954994267204,0.9699293482575216,-0.370097271287515,-0.18684912744123017,0.03322447491161182,0.5187880397267157,0.45565805277647375
Galnt7,1.0,1.0,1.0,0.0,0.0,0.0,0.0,0.0
Mfap3l,1.0,1.0,1.0,0.0,0.0,0.0,0.0,0.0
Hpf1,1.0,1.0,1.0,0.0,0.0,0.0,0.0,0.0
Clcn3,0.08856750257537103,0.2615722360139493,1.0,0.0,0.0,0.0,0.0,0.0
B230317F23Rik,1.0,1.0,1.0,0.0,0.0,0.0,0.0,0.0
Nek1,1.0,1.0,1.0,0.0,0.0,0.0,0.0,0.0
Sh3rf1,1.0,1.0,1.0,0.0,0.0,0.0,0.0,0.0
Cbr4,1.0,1.0,1.0,0.0,0.0,0.0,0.0,0.0
Palld,1.0,1.0,1.0,0.0,0.0,0.0,0.0,0.0
Ddx60,1.0,1.0,1.0,0.0,0.0,0.0,0.0,0.0
Spock3,1.0,1.0,1.0,0.0,0.0,0.0,0.0,0.0
Cpe,1.0,1.0,1.0,0.0,0.0,0.0,0.0,0.0
Msmo1,1.0,1.0,1.0,0.0,0.0,0.0,0.0,0.0
Klhl2,1.0,1.0,1.0,0.0,0.0,0.0,0.0,0.0
Tmem192,0.08856750257537103,0.08856750257537103,1.0,0.0,0.0,0.0,0.0,0.0
Smim31,1.0,1.0,1.0,0.0,0.0,0.0,0.0,0.0
March1,1.0,1.0,1.0,0.0,0.0,0.0,0.0,0.0
Tma16,1.0,1.0,1.0,0.0,0.0,0.0,0.0,0.0
Gm32568,1.0,1.0,1.0,0.0,0.0,0.0,0.0,0.0
Npy1r,1.0,1.0,1.0,0.0,0.0,0.0,0.0,0.0
Naf1,1.0,1.0,1.0,0.0,0.0,0.0,0.0,0.0
Nat2,1.0,1.0,1.0,0.0,0.0,0.0,0.0,0.0
Psd3,1.0,1.0,1.0,0.0,0.0,0.0,0.0,0.0
Gm15991,1.0,1.0,1.0,0.0,0.0,0.0,0.0,0.0
Sh2d4a,1.0,1.0,1.0,0.0,0.0,0.0,0.0,0.0
Csgalnact1,1.0,1.0,1.0,0.0,0.0,0.0,0.0,0.0
Ints10,1.0,1.0,1.0,0.0,0.0,0.0,0.0,0.0
Lpl,1.0,1.0,1.0,0.0,0.0,0.0,0.0,0.0
Atp6v1b2,1.0,1.0,1.0,0.0,0.0,0.0,0.0,0.0
Lzts1,1.0,1.0,1.0,0.0,0.0,0.0,0.0,0.0
Zfp930,1.0,1.0,1.0,0.0,0.0,0.0,0.0,0.0
D130040H23Rik,1.0,1.0,1.0,0.0,0.0,0.0,0.0,0.0
Zfp868,1.0,1.0,1.0,0.0,0.0,0.0,0.0,0.0
Zfp964,1.0,1.0,1.0,0.0,0.0,0.0,0.0,0.0
Zfp869,1.0,1.0,1.0,0.0,0.0,0.0,0.0,0.0
Zfp963,1.0,1.0,1.0,0.0,0.0,0.0,0.0,0.0
Zfp866,1.0,1.0,1.0,0.0,0.0,0.0,0.0,0.0
Atp13a1,1.0,1.0,1.0,0.0,0.0,0.0,0.0,0.0
Gmip,1.0,1.0,1.0,0.0,0.0,0.0,0.0,0.0
Lpar2,1.0,1.0,1.0,0.0,0.0,0.0,0.0,0.0
Pbx4,1.0,1.0,1.0,0.0,0.0,0.0,0.0,0.0
Yjefn3,1.0,1.0,1.0,0.0,0.0,0.0,0.0,0.0
Ndufa13,0.04734460585853775,0.3053901722632373,0.9699293482575216,0.027359350606273165,0.0849369758245292,0.14610920926503346,1.1386902328129125,1.2066771292044964
Tssk6,1.0,1.0,1.0,0.0,0.0,0.0,0.0,0.0
Gatad2a,1.0,1.0,1.0,0.0,0.0,0.0,0.0,0.0
Mau2,0.2615722360139493,1.0,1.0,0.0,0.0,0.0,0.0,0.0
Sugp1,1.0,1.0,1.0,0.0,0.0,0.0,0.0,0.0
Tm6sf2,1.0,1.0,1.0,0.0,0.0,0.0,0.0,0.0
Rfxank,1.0,1.0,1.0,0.0,0.0,0.0,0.0,0.0
Nr2c2ap,1.0,1.0,1.0,0.0,0.0,0.0,0.0,0.0
Borcs8,0.08856750257537103,0.08856750257537103,1.0,0.0,0.0,0.0,0.0,0.0
Mef2b,1.0,1.0,1.0,0.0,0.0,0.0,0.0,0.0
Tmem161a,1.0,1.0,1.0,0.0,0.0,0.0,0.0,0.0
Slc25a42,1.0,1.0,1.0,0.0,0.0,0.0,0.0,0.0
Armc6,1.0,1.0,1.0,0.0,0.0,0.0,0.0,0.0
Sugp2,1.0,1.0,1.0,0.0,0.0,0.0,0.0,0.0
Homer3,1.0,1.0,1.0,0.0,0.0,0.0,0.0,0.0
Ddx49,1.0,1.0,1.0,0.0,0.0,0.0,0.0,0.0
Cope,0.2082876875446535,0.7344923394458999,1.0,-0.1269088798244916,-0.018734544404803377,0.13941187130613317,0.8356627239956947,0.8205485563984436
Upf1,1.0,1.0,1.0,0.0,0.0,0.0,0.0,0.0
Crtc1,1.0,1.0,1.0,0.0,0.0,0.0,0.0,0.0
Klhl26,1.0,1.0,1.0,0.0,0.0,0.0,0.0,0.0
Crlf1,1.0,1.0,1.0,0.0,0.0,0.0,0.0,0.0
Rex1bd,0.06909581646423751,0.5208065412399778,0.9699293482575216,-0.23102619252141163,-0.04566423615384979,0.12619734710808095,0.456908233763546,0.44200427309790236
Uba52,0.06909581646423751,0.3053901722632373,0.8506311026434865,-0.35111898315217666,-0.18366278989260937,0.08335602875740805,0.540709586210173,0.47416841176381475
Kxd1,1.0,1.0,1.0,0.0,0.0,0.0,0.0,0.0
Fkbp8,0.0007335473709934008,0.009501095540355024,0.0978412151825437,-28.063732933379207,-27.010767513748007,0.0,0.1352232047374545,0.0
Ell,1.0,1.0,1.0,0.0,0.0,0.0,0.0,0.0
Isyna1,1.0,1.0,1.0,0.0,0.0,0.0,0.0,0.0
Ssbp4,1.0,1.0,1.0,0.0,0.0,0.0,0.0,0.0
Lrrc25,1.0,1.0,1.0,0.0,0.0,0.0,0.0,0.0
Gdf15,1.0,1.0,1.0,0.0,0.0,0.0,0.0,0.0
Pgpep1,1.0,1.0,1.0,0.0,0.0,0.0,0.0,0.0
Lsm4,0.08856750257537103,0.2615722360139493,1.0,0.0,0.0,0.0,0.0,0.0
Jund,0.0010637453361911566,0.00409621338413908,0.012399777724855125,-0.3695178456473836,-0.3187968450720249,-0.25677670365600624,2.5705588366422703,2.05943812981373
Gm11175,1.0,1.0,1.0,0.0,0.0,0.0,0.0,0.0
Gm3336,1.0,1.0,1.0,0.0,0.0,0.0,0.0,0.0
Rab3a,1.0,1.0,1.0,0.0,0.0,0.0,0.0,0.0
Mpv17l2,1.0,1.0,1.0,0.0,0.0,0.0,0.0,0.0
Ifi30,0.029867793297539916,0.08856750257537103,0.2615722360139493,0.0,0.0,0.0,0.0,0.0
Pik3r2,1.0,1.0,1.0,0.0,0.0,0.0,0.0,0.0
2010320M18Rik,1.0,1.0,1.0,0.0,0.0,0.0,0.0,0.0
Mast3,1.0,1.0,1.0,0.0,0.0,0.0,0.0,0.0
Il12rb1,1.0,1.0,1.0,0.0,0.0,0.0,0.0,0.0
Arrdc2,1.0,1.0,1.0,0.0,0.0,0.0,0.0,0.0
Kcnn1,1.0,1.0,1.0,0.0,0.0,0.0,0.0,0.0
Ccdc124,0.2615722360139493,1.0,1.0,0.0,0.0,0.0,0.0,0.0
Rpl18a,0.0821608319441137,0.3837421608319441,0.9699293482575216,-0.0593539612011848,-0.0314401363723357,0.003096874708867939,2.4449218854053703,2.389472726363215
Map1s,1.0,1.0,1.0,0.0,0.0,0.0,0.0,0.0
Haus8,1.0,1.0,1.0,0.0,0.0,0.0,0.0,0.0
Myo9b,1.0,1.0,1.0,0.0,0.0,0.0,0.0,0.0
Use1,0.009501095540355024,0.1853939469443623,0.8822739356449067,-27.0289926795662,0.0,0.0,0.0,0.0
Ocel1,0.029867793297539916,0.08856750257537103,0.2615722360139493,0.0,0.0,0.0,0.0,0.0
Nr2f6,1.0,1.0,1.0,0.0,0.0,0.0,0.0,0.0
Ushbp1,1.0,1.0,1.0,0.0,0.0,0.0,0.0,0.0
Babam1,0.2615722360139493,1.0,1.0,0.0,0.0,0.0,0.0,0.0
Ankle1,1.0,1.0,1.0,0.0,0.0,0.0,0.0,0.0
Abhd8,0.2615722360139493,1.0,1.0,0.0,0.0,0.0,0.0,0.0
Mrpl34,0.002778685068188869,0.07598867855418287,0.4198490637342591,-27.392505254206686,0.0,0.0,0.0,0.0
Dda1,0.2615722360139493,0.2615722360139493,1.0,0.0,0.0,0.0,0.0,0.0
Ano8,1.0,1.0,1.0,0.0,0.0,0.0,0.0,0.0
Gtpbp3,1.0,1.0,1.0,0.0,0.0,0.0,0.0,0.0
Plvap,1.0,1.0,1.0,0.0,0.0,0.0,0.0,0.0
Bst2,0.005493371437643883,0.04734460585853775,0.23797729618163055,0.17146957068561092,0.2506843969724394,0.3249447358017386,1.132903858255676,1.3469743030746137
Mvb12a,0.02985246260476159,0.3897805604748862,0.9638969075506822,-27.521140106145555,-26.10111254728697,0.0,0.071980985925598,0.0
Tmem221,1.0,1.0,1.0,0.0,0.0,0.0,0.0,0.0
Slc27a1,1.0,1.0,1.0,0.0,0.0,0.0,0.0,0.0
Pgls,0.01197412039866236,0.09703824532536225,0.5622563678050629,-0.3620223532622505,-0.19261786906539308,-0.01969619574875403,0.528240528921871,0.4627817870009445
Fam129c,1.0,1.0,1.0,0.0,0.0,0.0,0.0,0.0
Colgalt1,1.0,1.0,1.0,0.0,0.0,0.0,0.0,0.0
Unc13a,1.0,1.0,1.0,0.0,0.0,0.0,0.0,0.0
Jak3,1.0,1.0,1.0,0.0,0.0,0.0,0.0,0.0
B3gnt3,1.0,1.0,1.0,0.0,0.0,0.0,0.0,0.0
Fcho1,1.0,1.0,1.0,0.0,0.0,0.0,0.0,0.0
Zfp709,1.0,1.0,1.0,0.0,0.0,0.0,0.0,0.0
Zfp882,1.0,1.0,1.0,0.0,0.0,0.0,0.0,0.0
Zfp617,1.0,1.0,1.0,0.0,0.0,0.0,0.0,0.0
Zfp961,1.0,1.0,1.0,0.0,0.0,0.0,0.0,0.0
Cyp4f18,1.0,1.0,1.0,0.0,0.0,0.0,0.0,0.0
Tpm4,0.08856750257537103,0.47495853988950676,1.0,0.0,0.0,0.0,0.0,0.0
Rab8a,0.029867793297539916,0.0978412151825437,0.8822739356449067,0.0,0.0,0.0,0.0,0.0
Hsh2d,1.0,1.0,1.0,0.0,0.0,0.0,0.0,0.0
Fam32a,0.029867793297539916,0.08856750257537103,0.2615722360139493,0.0,0.0,0.0,0.0,0.0
Ap1m1,1.0,1.0,1.0,0.0,0.0,0.0,0.0,0.0
Gm10282,1.0,1.0,1.0,0.0,0.0,0.0,0.0,0.0
Klf2,1.0,1.0,1.0,0.0,0.0,0.0,0.0,0.0
Eps15l1,1.0,1.0,1.0,0.0,0.0,0.0,0.0,0.0
1700030K09Rik,1.0,1.0,1.0,0.0,0.0,0.0,0.0,0.0
Cherp,1.0,1.0,1.0,0.0,0.0,0.0,0.0,0.0
Slc35e1,1.0,1.0,1.0,0.0,0.0,0.0,0.0,0.0
Gm17435,1.0,1.0,1.0,0.0,0.0,0.0,0.0,0.0
Med26,1.0,1.0,1.0,0.0,0.0,0.0,0.0,0.0
Smim7,0.009501095540355024,0.08856750257537103,0.7670968684102772,-26.819053951977068,0.0,0.0,0.0,0.0
Tmem38a,1.0,1.0,1.0,0.0,0.0,0.0,0.0,0.0
Sin3b,0.002155771329737294,0.06971678568433504,0.4392931904853458,0.13570611352389358,0.2356570650888234,0.3555281696621007,0.3857580192050597,0.45463124022324275
Large1,1.0,1.0,1.0,0.0,0.0,0.0,0.0,0.0
Hmgxb4,1.0,1.0,1.0,0.0,0.0,0.0,0.0,0.0
Tom1,1.0,1.0,1.0,0.0,0.0,0.0,0.0,0.0
Hmox1,1.0,1.0,1.0,0.0,0.0,0.0,0.0,0.0
Mcm5,1.0,1.0,1.0,0.0,0.0,0.0,0.0,0.0
Rasd2,1.0,1.0,1.0,0.0,0.0,0.0,0.0,0.0
Nr3c2,1.0,1.0,1.0,0.0,0.0,0.0,0.0,0.0
Arhgap10,1.0,1.0,1.0,0.0,0.0,0.0,0.0,0.0
0610038B21Rik,1.0,1.0,1.0,0.0,0.0,0.0,0.0,0.0
Prmt9,1.0,1.0,1.0,0.0,0.0,0.0,0.0,0.0
Tmem184c,1.0,1.0,1.0,0.0,0.0,0.0,0.0,0.0
Ednra,1.0,1.0,1.0,0.0,0.0,0.0,0.0,0.0
Rbmxl1,1.0,1.0,1.0,0.0,0.0,0.0,0.0,0.0
Slc10a7,1.0,1.0,1.0,0.0,0.0,0.0,0.0,0.0
Lsm6,3.5291394948257277e-05,0.00045702595175391706,0.0030690378069328957,-28.5489477019648,-28.402645192579854,-28.294882318236937,0.3548527473439851,0.0
Zfp827,1.0,1.0,1.0,0.0,0.0,0.0,0.0,0.0
Mmaa,1.0,1.0,1.0,0.0,0.0,0.0,0.0,0.0
Gm4890,1.0,1.0,1.0,0.0,0.0,0.0,0.0,0.0
Smad1,1.0,1.0,1.0,0.0,0.0,0.0,0.0,0.0
Otud4,1.0,1.0,1.0,0.0,0.0,0.0,0.0,0.0
Abce1,0.009501095540355024,0.029867793297539916,0.15137566002461356,-27.04976270512944,0.0,0.0,0.0,0.0
Anapc10,1.0,1.0,1.0,0.0,0.0,0.0,0.0,0.0
Hhip,1.0,1.0,1.0,0.0,0.0,0.0,0.0,0.0
Smarca5,0.05344441925307227,0.3713264582342768,0.9689946775534558,-28.404935970247617,-1.1346490036197867,0.21918981961835898,0.33488960940224466,0.156131915203219
Gab1,1.0,1.0,1.0,0.0,0.0,0.0,0.0,0.0
Usp38,1.0,1.0,1.0,0.0,0.0,0.0,0.0,0.0
Inpp4b,1.0,1.0,1.0,0.0,0.0,0.0,0.0,0.0
Il15,1.0,1.0,1.0,0.0,0.0,0.0,0.0,0.0
Zfp330,0.029867793297539916,0.08856750257537103,1.0,0.0,0.0,0.0,0.0,0.0
Rnf150,1.0,1.0,1.0,0.0,0.0,0.0,0.0,0.0
Tbc1d9,1.0,1.0,1.0,0.0,0.0,0.0,0.0,0.0
Elmod2,1.0,1.0,1.0,0.0,0.0,0.0,0.0,0.0
Scoc,1.0,1.0,1.0,0.0,0.0,0.0,0.0,0.0
Ndufb7,0.18134476462649837,0.7344923394458999,1.0,-0.07649384359136846,0.015329024875719325,0.11134233864901327,0.7705727347693572,0.7774034967314984
Tecr,0.056833321083365085,0.5087557841299859,1.0,-28.14233236882207,0.14857829598867653,1.4168483261487015,0.287819472780781,0.3166834495496885
Dnajb1,0.08856750257537103,0.7670968684102772,1.0,0.0,0.0,0.0,0.0,0.0
Gipc1,1.0,1.0,1.0,0.0,0.0,0.0,0.0,0.0
Pkn1,1.0,1.0,1.0,0.0,0.0,0.0,0.0,0.0
Ptger1,1.0,1.0,1.0,0.0,0.0,0.0,0.0,0.0
Ddx39,0.08856750257537103,0.2615722360139493,1.0,0.0,0.0,0.0,0.0,0.0
Adgre5,0.01105081920982481,0.07212817653359091,0.3867311298576228,0.34509793812079026,1.7538973863687843,28.7205730354757,0.1167772798993575,0.41596159293903223
Adgrl1,1.0,1.0,1.0,0.0,0.0,0.0,0.0,0.0
Asf1b,1.0,1.0,1.0,0.0,0.0,0.0,0.0,0.0
Prkaca,1.0,1.0,1.0,0.0,0.0,0.0,0.0,0.0
Samd1,1.0,1.0,1.0,0.0,0.0,0.0,0.0,0.0
2210011C24Rik,1.0,1.0,1.0,0.0,0.0,0.0,0.0,0.0
Palm3,1.0,1.0,1.0,0.0,0.0,0.0,0.0,0.0
Il27ra,1.0,1.0,1.0,0.0,0.0,0.0,0.0,0.0
Gm10643,1.0,1.0,1.0,0.0,0.0,0.0,0.0,0.0
C330011M18Rik,1.0,1.0,1.0,0.0,0.0,0.0,0.0,0.0
Rfx1,1.0,1.0,1.0,0.0,0.0,0.0,0.0,0.0
Dcaf15,1.0,1.0,1.0,0.0,0.0,0.0,0.0,0.0
Podnl1,1.0,1.0,1.0,0.0,0.0,0.0,0.0,0.0
Cc2d1a,1.0,1.0,1.0,0.0,0.0,0.0,0.0,0.0
Nanos3,1.0,1.0,1.0,0.0,0.0,0.0,0.0,0.0
Gm26532,1.0,1.0,1.0,0.0,0.0,0.0,0.0,0.0
Zswim4,1.0,1.0,1.0,0.0,0.0,0.0,0.0,0.0
D8Ertd738e,0.00409621338413908,0.11526553941414623,0.8506311026434865,-0.0021116818316862422,0.16796666390609344,0.35239881279785734,0.460802200548081,0.5168070858324715
Mri1,1.0,1.0,1.0,0.0,0.0,0.0,0.0,0.0
Ccdc130,1.0,1.0,1.0,0.0,0.0,0.0,0.0,0.0
Cacna1a,1.0,1.0,1.0,0.0,0.0,0.0,0.0,0.0
Ier2,0.0001720247930818143,0.00757216567920716,0.08340514978046831,-28.314062966530074,-28.1617975588258,-27.808003080445314,0.30029340581966146,0.0
Nacc1,1.0,1.0,1.0,0.0,0.0,0.0,0.0,0.0
Trmt1,1.0,1.0,1.0,0.0,0.0,0.0,0.0,0.0
Nfix,1.0,1.0,1.0,0.0,0.0,0.0,0.0,0.0
Lyl1,1.0,1.0,1.0,0.0,0.0,0.0,0.0,0.0
G430095P16Rik,1.0,1.0,1.0,0.0,0.0,0.0,0.0,0.0
Dand5,1.0,1.0,1.0,0.0,0.0,0.0,0.0,0.0
Gadd45gip1,0.15346616745686256,0.7563611602870911,0.9507471027664631,0.0,0.0,0.0,0.0,0.0
Rad23a,0.2615722360139493,1.0,1.0,0.0,0.0,0.0,0.0,0.0
Calr,0.0073033261887751055,0.08249583234103358,0.3053901722632373,0.11069773534781711,0.21230636927160845,0.3336904176664299,1.3011693287437573,1.505911773781915
1700122E12Rik,1.0,1.0,1.0,0.0,0.0,0.0,0.0,0.0
Farsa,0.2615722360139493,1.0,1.0,0.0,0.0,0.0,0.0,0.0
Syce2,1.0,1.0,1.0,0.0,0.0,0.0,0.0,0.0
Gcdh,1.0,1.0,1.0,0.0,0.0,0.0,0.0,0.0
Dnase2a,1.0,1.0,1.0,0.0,0.0,0.0,0.0,0.0
Mast1,1.0,1.0,1.0,0.0,0.0,0.0,0.0,0.0
Rnaseh2a,1.0,1.0,1.0,0.0,0.0,0.0,0.0,0.0
Prdx2,0.050813483905478664,0.315521756668854,0.9343013217793716,-28.30710653645084,-28.129455309271805,-0.7607267502773152,0.30102450949765247,0.0
Junb,0.012328729062475197,0.09788044772564897,0.42686353893784235,0.055117549341567325,0.2706797225334189,0.5186691000321366,0.7165136341548668,0.8654301706522085
Hook2,1.0,1.0,1.0,0.0,0.0,0.0,0.0,0.0
Asna1,1.0,1.0,1.0,0.0,0.0,0.0,0.0,0.0
Trir,0.09666103305783773,0.4629209642261225,0.9699865729012167,-0.0444238603424443,0.1725847820141505,0.36260791891345795,0.34880644191057975,0.39577394058376225
Tnpo2,1.0,1.0,1.0,0.0,0.0,0.0,0.0,0.0
Fbxw9,1.0,1.0,1.0,0.0,0.0,0.0,0.0,0.0
Dhps,1.0,1.0,1.0,0.0,0.0,0.0,0.0,0.0
Wdr83,1.0,1.0,1.0,0.0,0.0,0.0,0.0,0.0
Wdr83os,0.12233417091613663,0.7563611602870911,0.9595657057843286,0.0,0.0,0.0,0.0,0.0
Man2b1,0.4198490637342591,0.8822739356449067,0.8822739356449067,0.0,0.0,0.0,0.0,0.0
Zfp791,1.0,1.0,1.0,0.0,0.0,0.0,0.0,0.0
Gm42031,1.0,1.0,1.0,0.0,0.0,0.0,0.0,0.0
Vps35,0.2615722360139493,1.0,1.0,0.0,0.0,0.0,0.0,0.0
Orc6,1.0,1.0,1.0,0.0,0.0,0.0,0.0,0.0
4921524J17Rik,0.029867793297539916,0.2615722360139493,1.0,0.0,0.0,0.0,0.0,0.0
Gpt2,1.0,1.0,1.0,0.0,0.0,0.0,0.0,0.0
Dnaja2,0.05161263766000387,0.571377961054083,1.0,-28.028205277529292,-26.759659386034855,0.0,0.1136214023385215,0.0
Neto2,1.0,1.0,1.0,0.0,0.0,0.0,0.0,0.0
Itfg1,1.0,1.0,1.0,0.0,0.0,0.0,0.0,0.0
Phkb,1.0,1.0,1.0,0.0,0.0,0.0,0.0,0.0
Lonp2,0.2615722360139493,1.0,1.0,0.0,0.0,0.0,0.0,0.0
Siah1a,1.0,1.0,1.0,0.0,0.0,0.0,0.0,0.0
Gm10638,1.0,1.0,1.0,0.0,0.0,0.0,0.0,0.0
N4bp1,0.2615722360139493,0.47495853988950676,1.0,0.0,0.0,0.0,0.0,0.0
Zfp423,1.0,1.0,1.0,0.0,0.0,0.0,0.0,0.0
Cnep1r1,1.0,1.0,1.0,0.0,0.0,0.0,0.0,0.0
Heatr3,1.0,1.0,1.0,0.0,0.0,0.0,0.0,0.0
Tent4b,1.0,1.0,1.0,0.0,0.0,0.0,0.0,0.0
Adcy7,1.0,1.0,1.0,0.0,0.0,0.0,0.0,0.0
Brd7,1.0,1.0,1.0,0.0,0.0,0.0,0.0,0.0
Snx20,0.08715662938217593,0.15351977021153562,0.266717246715916,0.0,0.0,0.0,0.0,0.0
Nod2,1.0,1.0,1.0,0.0,0.0,0.0,0.0,0.0
Cyld,0.0017191380645145984,0.03208957090027335,0.2962079114006738,-28.28318817823816,-28.175912573697886,-27.650121951479495,0.3032458306674935,0.0
Sall1,1.0,1.0,1.0,0.0,0.0,0.0,0.0,0.0
Tox3,1.0,1.0,1.0,0.0,0.0,0.0,0.0,0.0
Chd9,0.2615722360139493,1.0,1.0,0.0,0.0,0.0,0.0,0.0
Rbl2,1.0,1.0,1.0,0.0,0.0,0.0,0.0,0.0
Aktip,1.0,1.0,1.0,0.0,0.0,0.0,0.0,0.0
Gm45464,1.0,1.0,1.0,0.0,0.0,0.0,0.0,0.0
Rpgrip1l,1.0,1.0,1.0,0.0,0.0,0.0,0.0,0.0
Fto,1.0,1.0,1.0,0.0,0.0,0.0,0.0,0.0
Mmp2,1.0,1.0,1.0,0.0,0.0,0.0,0.0,0.0
Lpcat2,1.0,1.0,1.0,0.0,0.0,0.0,0.0,0.0
Ces1b,1.0,1.0,1.0,0.0,0.0,0.0,0.0,0.0
Ces1d,1.0,1.0,1.0,0.0,0.0,0.0,0.0,0.0
Ces1f,1.0,1.0,1.0,0.0,0.0,0.0,0.0,0.0
Ces1g,1.0,1.0,1.0,0.0,0.0,0.0,0.0,0.0
Gnao1,1.0,1.0,1.0,0.0,0.0,0.0,0.0,0.0
Amfr,0.2615722360139493,1.0,1.0,0.0,0.0,0.0,0.0,0.0
Nudt21,0.029867793297539916,0.08856750257537103,1.0,0.0,0.0,0.0,0.0,0.0
Ogfod1,1.0,1.0,1.0,0.0,0.0,0.0,0.0,0.0
Bbs2,1.0,1.0,1.0,0.0,0.0,0.0,0.0,0.0
Mt3,1.0,1.0,1.0,0.0,0.0,0.0,0.0,0.0
Gm45774,1.0,1.0,1.0,0.0,0.0,0.0,0.0,0.0
Mt2,0.012726493233982348,0.07633838043260961,0.27637166095237053,26.601985122980025,28.603363857838367,28.82434021362656,0.0,0.40782187580946716
Mt1,0.0007144558228149559,0.009557831229657855,0.05737874097007224,0.6829842722820822,0.992291181878716,1.3512220310739917,0.5208994849381055,1.0396567065573488
Nup93,1.0,1.0,1.0,0.0,0.0,0.0,0.0,0.0
Slc12a3,1.0,1.0,1.0,0.0,0.0,0.0,0.0,0.0
Gm15889,1.0,1.0,1.0,0.0,0.0,0.0,0.0,0.0
Herpud1,0.0073033261887751055,0.05737874097007224,0.2702706993728666,0.1437505829775633,0.21257948163716334,0.2725152511392956,1.545042691142465,1.79112521769886
9330175E14Rik,1.0,1.0,1.0,0.0,0.0,0.0,0.0,0.0
Nlrc5,1.0,1.0,1.0,0.0,0.0,0.0,0.0,0.0
Cpne2,1.0,1.0,1.0,0.0,0.0,0.0,0.0,0.0
Fam192a,1.0,1.0,1.0,0.0,0.0,0.0,0.0,0.0
Rspry1,1.0,1.0,1.0,0.0,0.0,0.0,0.0,0.0
Arl2bp,1.0,1.0,1.0,0.0,0.0,0.0,0.0,0.0
Pllp,1.0,1.0,1.0,0.0,0.0,0.0,0.0,0.0
Gm45767,1.0,1.0,1.0,0.0,0.0,0.0,0.0,0.0
Ccl22,1.0,1.0,1.0,0.0,0.0,0.0,0.0,0.0
Cx3cl1,1.0,1.0,1.0,0.0,0.0,0.0,0.0,0.0
Ccl17,1.0,1.0,1.0,0.0,0.0,0.0,0.0,0.0
Ciapin1,0.08856750257537103,0.2615722360139493,1.0,0.0,0.0,0.0,0.0,0.0
Coq9,1.0,1.0,1.0,0.0,0.0,0.0,0.0,0.0
Polr2c,0.009501095540355024,0.08856750257537103,0.2615722360139493,-25.85052951274452,0.0,0.0,0.0,0.0
Dok4,1.0,1.0,1.0,0.0,0.0,0.0,0.0,0.0
Ccdc102a,1.0,1.0,1.0,0.0,0.0,0.0,0.0,0.0
Adgrg5,1.0,1.0,1.0,0.0,0.0,0.0,0.0,0.0
Adgrg1,1.0,1.0,1.0,0.0,0.0,0.0,0.0,0.0
Adgrg3,1.0,1.0,1.0,0.0,0.0,0.0,0.0,0.0
Katnb1,1.0,1.0,1.0,0.0,0.0,0.0,0.0,0.0
Kifc3,1.0,1.0,1.0,0.0,0.0,0.0,0.0,0.0
Cngb1,1.0,1.0,1.0,0.0,0.0,0.0,0.0,0.0
Zfp319,1.0,1.0,1.0,0.0,0.0,0.0,0.0,0.0
Usb1,1.0,1.0,1.0,0.0,0.0,0.0,0.0,0.0
Mmp15,1.0,1.0,1.0,0.0,0.0,0.0,0.0,0.0
Cfap20,0.2615722360139493,1.0,1.0,0.0,0.0,0.0,0.0,0.0
Csnk2a2,1.0,1.0,1.0,0.0,0.0,0.0,0.0,0.0
Gins3,1.0,1.0,1.0,0.0,0.0,0.0,0.0,0.0
Ndrg4,1.0,1.0,1.0,0.0,0.0,0.0,0.0,0.0
Setd6,1.0,1.0,1.0,0.0,0.0,0.0,0.0,0.0
Cnot1,1.0,1.0,1.0,0.0,0.0,0.0,0.0,0.0
4930513N10Rik,1.0,1.0,1.0,0.0,0.0,0.0,0.0,0.0
Sap18b,1.0,1.0,1.0,0.0,0.0,0.0,0.0,0.0
Slc38a7,1.0,1.0,1.0,0.0,0.0,0.0,0.0,0.0
Got2,0.2615722360139493,1.0,1.0,0.0,0.0,0.0,0.0,0.0
Cdh11,1.0,1.0,1.0,0.0,0.0,0.0,0.0,0.0
Cdh5,1.0,1.0,1.0,0.0,0.0,0.0,0.0,0.0
Bean1,1.0,1.0,1.0,0.0,0.0,0.0,0.0,0.0
Tk2,1.0,1.0,1.0,0.0,0.0,0.0,0.0,0.0
Cklf,1.0,1.0,1.0,0.0,0.0,0.0,0.0,0.0
Cmtm3,1.0,1.0,1.0,0.0,0.0,0.0,0.0,0.0
Cmtm4,1.0,1.0,1.0,0.0,0.0,0.0,0.0,0.0
Dync1li2,1.0,1.0,1.0,0.0,0.0,0.0,0.0,0.0
K230015D01Rik,1.0,1.0,1.0,0.0,0.0,0.0,0.0,0.0
Nae1,1.0,1.0,1.0,0.0,0.0,0.0,0.0,0.0
Car7,1.0,1.0,1.0,0.0,0.0,0.0,0.0,0.0
Pdp2,1.0,1.0,1.0,0.0,0.0,0.0,0.0,0.0
Rrad,0.2615722360139493,1.0,1.0,0.0,0.0,0.0,0.0,0.0
Gm33023,1.0,1.0,1.0,0.0,0.0,0.0,0.0,0.0
Ciao2b,0.006056837215839618,0.20993367879593072,0.9343013217793716,-28.169679081380746,-28.057148408715044,-1.5987499088682773,0.2802283686227645,0.0
Ces2c,1.0,1.0,1.0,0.0,0.0,0.0,0.0,0.0
Ces2e,1.0,1.0,1.0,0.0,0.0,0.0,0.0,0.0
Ces2g,1.0,1.0,1.0,0.0,0.0,0.0,0.0,0.0
Cbfb,1.0,1.0,1.0,0.0,0.0,0.0,0.0,0.0
D230025D16Rik,1.0,1.0,1.0,0.0,0.0,0.0,0.0,0.0
B3gnt9,0.2615722360139493,1.0,1.0,0.0,0.0,0.0,0.0,0.0
Tradd,1.0,1.0,1.0,0.0,0.0,0.0,0.0,0.0
Fbxl8,1.0,1.0,1.0,0.0,0.0,0.0,0.0,0.0
Hsf4,1.0,1.0,1.0,0.0,0.0,0.0,0.0,0.0
Nol3,1.0,1.0,1.0,0.0,0.0,0.0,0.0,0.0
4931428F04Rik,1.0,1.0,1.0,0.0,0.0,0.0,0.0,0.0
Exoc3l,1.0,1.0,1.0,0.0,0.0,0.0,0.0,0.0
E2f4,1.0,1.0,1.0,0.0,0.0,0.0,0.0,0.0
Elmo3,1.0,1.0,1.0,0.0,0.0,0.0,0.0,0.0
Tmem208,0.18123123736125965,0.7283560871056942,1.0,-0.04536431525067063,0.11898806337995363,0.2584040520779825,0.43358411729394447,0.4719329620852885
Fhod1,1.0,1.0,1.0,0.0,0.0,0.0,0.0,0.0
Slc9a5,1.0,1.0,1.0,0.0,0.0,0.0,0.0,0.0
Kctd19,1.0,1.0,1.0,0.0,0.0,0.0,0.0,0.0
Tppp3,1.0,1.0,1.0,0.0,0.0,0.0,0.0,0.0
Zdhhc1,1.0,1.0,1.0,0.0,0.0,0.0,0.0,0.0
Hsd11b2,1.0,1.0,1.0,0.0,0.0,0.0,0.0,0.0
Atp6v0d1,0.029867793297539916,0.08856750257537103,0.2615722360139493,0.0,0.0,0.0,0.0,0.0
Ripor1,1.0,1.0,1.0,0.0,0.0,0.0,0.0,0.0
Gm5914,0.08856750257537103,0.2615722360139493,1.0,0.0,0.0,0.0,0.0,0.0
Ctcf,0.009501095540355024,0.08856750257537103,0.8822739356449067,-25.95446315202338,0.0,0.0,0.0,0.0
Carmil2,1.0,1.0,1.0,0.0,0.0,0.0,0.0,0.0
Acd,1.0,1.0,1.0,0.0,0.0,0.0,0.0,0.0
Pard6a,1.0,1.0,1.0,0.0,0.0,0.0,0.0,0.0
Enkd1,1.0,1.0,1.0,0.0,0.0,0.0,0.0,0.0
Gfod2,1.0,1.0,1.0,0.0,0.0,0.0,0.0,0.0
Ranbp10,1.0,1.0,1.0,0.0,0.0,0.0,0.0,0.0
Cenpt,1.0,1.0,1.0,0.0,0.0,0.0,0.0,0.0
Thap11,1.0,1.0,1.0,0.0,0.0,0.0,0.0,0.0
Nutf2,1.0,1.0,1.0,0.0,0.0,0.0,0.0,0.0
Edc4,1.0,1.0,1.0,0.0,0.0,0.0,0.0,0.0
Pskh1,1.0,1.0,1.0,0.0,0.0,0.0,0.0,0.0
Ctrl,1.0,1.0,1.0,0.0,0.0,0.0,0.0,0.0
Psmb10,9.016783792651294e-05,0.0005866867131432236,0.004671055257888982,-28.96292590782473,-28.830574324349328,-28.66483264443291,0.4773837843737809,0.0
Lcat,1.0,1.0,1.0,0.0,0.0,0.0,0.0,0.0
Slc12a4,1.0,1.0,1.0,0.0,0.0,0.0,0.0,0.0
Dpep2,1.0,1.0,1.0,0.0,0.0,0.0,0.0,0.0
Dus2,1.0,1.0,1.0,0.0,0.0,0.0,0.0,0.0
Ddx28,1.0,1.0,1.0,0.0,0.0,0.0,0.0,0.0
Nfatc3,1.0,1.0,1.0,0.0,0.0,0.0,0.0,0.0
Esrp2,1.0,1.0,1.0,0.0,0.0,0.0,0.0,0.0
1810019D21Rik,1.0,1.0,1.0,0.0,0.0,0.0,0.0,0.0
Pla2g15,1.0,1.0,1.0,0.0,0.0,0.0,0.0,0.0
Slc7a6,1.0,1.0,1.0,0.0,0.0,0.0,0.0,0.0
Slc7a6os,1.0,1.0,1.0,0.0,0.0,0.0,0.0,0.0
Prmt7,0.9815393059003498,1.0,1.0,0.0,0.0,0.0,0.0,0.0
Smpd3,1.0,1.0,1.0,0.0,0.0,0.0,0.0,0.0
Zfp90,1.0,1.0,1.0,0.0,0.0,0.0,0.0,0.0
Cdh1,1.0,1.0,1.0,0.0,0.0,0.0,0.0,0.0
Tango6,1.0,1.0,1.0,0.0,0.0,0.0,0.0,0.0
Chtf8,1.0,1.0,1.0,0.0,0.0,0.0,0.0,0.0
Utp4,1.0,1.0,1.0,0.0,0.0,0.0,0.0,0.0
Sntb2,1.0,1.0,1.0,0.0,0.0,0.0,0.0,0.0
Vps4a,1.0,1.0,1.0,0.0,0.0,0.0,0.0,0.0
Cog8,1.0,1.0,1.0,0.0,0.0,0.0,0.0,0.0
Nip7,0.2615722360139493,1.0,1.0,0.0,0.0,0.0,0.0,0.0
Terf2,1.0,1.0,1.0,0.0,0.0,0.0,0.0,0.0
Cyb5b,0.2615722360139493,1.0,1.0,0.0,0.0,0.0,0.0,0.0
Nfat5,0.2615722360139493,1.0,1.0,0.0,0.0,0.0,0.0,0.0
Nqo1,1.0,1.0,1.0,0.0,0.0,0.0,0.0,0.0
Nob1,1.0,1.0,1.0,0.0,0.0,0.0,0.0,0.0
Wwp2,1.0,1.0,1.0,0.0,0.0,0.0,0.0,0.0
Psmd7,0.009412901844296545,0.13525118892898313,0.7039203384624914,-28.16208841859556,-27.886175981484282,0.0,0.248070677670298,0.0
Zfhx3,1.0,1.0,1.0,0.0,0.0,0.0,0.0,0.0
Dhx38,1.0,1.0,1.0,0.0,0.0,0.0,0.0,0.0
Txnl4b,1.0,1.0,1.0,0.0,0.0,0.0,0.0,0.0
Hp,1.0,1.0,1.0,0.0,0.0,0.0,0.0,0.0
Dhodh,1.0,1.0,1.0,0.0,0.0,0.0,0.0,0.0
Ist1,0.2615722360139493,1.0,1.0,0.0,0.0,0.0,0.0,0.0
Zfp821,1.0,1.0,1.0,0.0,0.0,0.0,0.0,0.0
Atxn1l,1.0,1.0,1.0,0.0,0.0,0.0,0.0,0.0
Ap1g1,1.0,1.0,1.0,0.0,0.0,0.0,0.0,0.0
Phlpp2,1.0,1.0,1.0,0.0,0.0,0.0,0.0,0.0
Marveld3,1.0,1.0,1.0,0.0,0.0,0.0,0.0,0.0
Chst4,1.0,1.0,1.0,0.0,0.0,0.0,0.0,0.0
Zfp612,1.0,1.0,1.0,0.0,0.0,0.0,0.0,0.0
Cmtr2,1.0,1.0,1.0,0.0,0.0,0.0,0.0,0.0
Vac14,1.0,1.0,1.0,0.0,0.0,0.0,0.0,0.0
Mtss2,1.0,1.0,1.0,0.0,0.0,0.0,0.0,0.0
Il34,1.0,1.0,1.0,0.0,0.0,0.0,0.0,0.0
Sf3b3,0.08856750257537103,0.2615722360139493,1.0,0.0,0.0,0.0,0.0,0.0
Cog4,1.0,1.0,1.0,0.0,0.0,0.0,0.0,0.0
Fcsk,1.0,1.0,1.0,0.0,0.0,0.0,0.0,0.0
St3gal2,1.0,1.0,1.0,0.0,0.0,0.0,0.0,0.0
Ddx19a,1.0,1.0,1.0,0.0,0.0,0.0,0.0,0.0
Ddx19b,1.0,1.0,1.0,0.0,0.0,0.0,0.0,0.0
Aars,0.2615722360139493,1.0,1.0,0.0,0.0,0.0,0.0,0.0
Pdpr,1.0,1.0,1.0,0.0,0.0,0.0,0.0,0.0
9430091E24Rik,1.0,1.0,1.0,0.0,0.0,0.0,0.0,0.0
Glg1,0.2615722360139493,1.0,1.0,0.0,0.0,0.0,0.0,0.0
Rfwd3,1.0,1.0,1.0,0.0,0.0,0.0,0.0,0.0
Mlkl,1.0,1.0,1.0,0.0,0.0,0.0,0.0,0.0
Wdr59,1.0,1.0,1.0,0.0,0.0,0.0,0.0,0.0
Znrf1,1.0,1.0,1.0,0.0,0.0,0.0,0.0,0.0
Ldhd,1.0,1.0,1.0,0.0,0.0,0.0,0.0,0.0
Zfp1,1.0,1.0,1.0,0.0,0.0,0.0,0.0,0.0
Bcar1,1.0,1.0,1.0,0.0,0.0,0.0,0.0,0.0
Cfdp1,0.0007335473709934008,0.010222453583624358,0.2740127914304309,-28.08344710811547,-27.497676674589133,0.0,0.189507100921048,0.0
Tmem170,1.0,1.0,1.0,0.0,0.0,0.0,0.0,0.0
Tmem231,1.0,1.0,1.0,0.0,0.0,0.0,0.0,0.0
Gabarapl2,0.00047193776295943507,0.0073033261887751055,0.06909581646423751,0.2017144413377841,0.32167855401621376,0.5259728780904497,0.5002275371463972,0.6224906113796728
Adat1,1.0,1.0,1.0,0.0,0.0,0.0,0.0,0.0
Kars,1.0,1.0,1.0,0.0,0.0,0.0,0.0,0.0
Terf2ip,1.0,1.0,1.0,0.0,0.0,0.0,0.0,0.0
Cntnap4,1.0,1.0,1.0,0.0,0.0,0.0,0.0,0.0
Mon1b,1.0,1.0,1.0,0.0,0.0,0.0,0.0,0.0
Nudt7,1.0,1.0,1.0,0.0,0.0,0.0,0.0,0.0
Wwox,1.0,1.0,1.0,0.0,0.0,0.0,0.0,0.0
Gm16118,1.0,1.0,1.0,0.0,0.0,0.0,0.0,0.0
Maf,1.0,1.0,1.0,0.0,0.0,0.0,0.0,0.0
Gm15655,1.0,1.0,1.0,0.0,0.0,0.0,0.0,0.0
Cdyl2,1.0,1.0,1.0,0.0,0.0,0.0,0.0,0.0
Cmc2,1.0,1.0,1.0,0.0,0.0,0.0,0.0,0.0
Cenpn,1.0,1.0,1.0,0.0,0.0,0.0,0.0,0.0
Atmin,1.0,1.0,1.0,0.0,0.0,0.0,0.0,0.0
1700030J22Rik,1.0,1.0,1.0,0.0,0.0,0.0,0.0,0.0
Gcsh,1.0,1.0,1.0,0.0,0.0,0.0,0.0,0.0
Pkd1l2,1.0,1.0,1.0,0.0,0.0,0.0,0.0,0.0
Gan,1.0,1.0,1.0,0.0,0.0,0.0,0.0,0.0
Cmip,1.0,1.0,1.0,0.0,0.0,0.0,0.0,0.0
Plcg2,1.0,1.0,1.0,0.0,0.0,0.0,0.0,0.0
Sdr42e1,1.0,1.0,1.0,0.0,0.0,0.0,0.0,0.0
Hsd17b2,1.0,1.0,1.0,0.0,0.0,0.0,0.0,0.0
Mphosph6,0.08856750257537103,1.0,1.0,0.0,0.0,0.0,0.0,0.0
Cdh13,1.0,1.0,1.0,0.0,0.0,0.0,0.0,0.0
Hsbp1,0.00093978216827538,0.010408775719352021,0.11105142026408345,-28.735328325296457,-1.455740463008481,-0.22727093427946193,0.41682241308339596,0.15422903599551024
Mlycd,1.0,1.0,1.0,0.0,0.0,0.0,0.0,0.0
Osgin1,1.0,1.0,1.0,0.0,0.0,0.0,0.0,0.0
Mbtps1,0.2615722360139493,0.2615722360139493,1.0,0.0,0.0,0.0,0.0,0.0
Hsdl1,1.0,1.0,1.0,0.0,0.0,0.0,0.0,0.0
Taf1c,1.0,1.0,1.0,0.0,0.0,0.0,0.0,0.0
Wfdc1,1.0,1.0,1.0,0.0,0.0,0.0,0.0,0.0
Atp2c2,1.0,1.0,1.0,0.0,0.0,0.0,0.0,0.0
Meak7,1.0,1.0,1.0,0.0,0.0,0.0,0.0,0.0
Cotl1,1.0,1.0,1.0,0.0,0.0,0.0,0.0,0.0
Klhl36,1.0,1.0,1.0,0.0,0.0,0.0,0.0,0.0
Usp10,0.2615722360139493,1.0,1.0,0.0,0.0,0.0,0.0,0.0
Crispld2,1.0,1.0,1.0,0.0,0.0,0.0,0.0,0.0
Zdhhc7,1.0,1.0,1.0,0.0,0.0,0.0,0.0,0.0
A130014A01Rik,1.0,1.0,1.0,0.0,0.0,0.0,0.0,0.0
6430548M08Rik,1.0,1.0,1.0,0.0,0.0,0.0,0.0,0.0
Gse1,1.0,1.0,1.0,0.0,0.0,0.0,0.0,0.0
Gins2,1.0,1.0,1.0,0.0,0.0,0.0,0.0,0.0
1190005I06Rik,1.0,1.0,1.0,0.0,0.0,0.0,0.0,0.0
Emc8,0.2615722360139493,1.0,1.0,0.0,0.0,0.0,0.0,0.0
Cox4i1,0.0021592442645074223,0.02524410573946178,0.2082876875446535,0.04687840301441509,0.1131980115291896,0.1720640442600024,1.3366521781695,1.4446146167269163
Irf8,0.15351977021153562,0.7563611602870911,1.0,0.0,0.0,0.0,0.0,0.0
Fendrr,1.0,1.0,1.0,0.0,0.0,0.0,0.0,0.0
Foxf1,1.0,1.0,1.0,0.0,0.0,0.0,0.0,0.0
Mthfsd,1.0,1.0,1.0,0.0,0.0,0.0,0.0,0.0
Foxl1,1.0,1.0,1.0,0.0,0.0,0.0,0.0,0.0
Fbxo31,1.0,1.0,1.0,0.0,0.0,0.0,0.0,0.0
Map1lc3b,1.5876796062554575e-05,0.00011113757243788204,0.0015241724220052392,0.22072153311959583,0.3119245994931373,0.37824805044524956,1.0978150026884725,1.3629306558841663
Zcchc14,1.0,1.0,1.0,0.0,0.0,0.0,0.0,0.0
Klhdc4,1.0,1.0,1.0,0.0,0.0,0.0,0.0,0.0
Gm20406,1.0,1.0,1.0,0.0,0.0,0.0,0.0,0.0
Gm42047,1.0,1.0,1.0,0.0,0.0,0.0,0.0,0.0
Gm26812,1.0,1.0,1.0,0.0,0.0,0.0,0.0,0.0
Slc7a5,0.266717246715916,0.47495853988950676,1.0,0.0,0.0,0.0,0.0,0.0
Banp,1.0,1.0,1.0,0.0,0.0,0.0,0.0,0.0
Zfp469,1.0,1.0,1.0,0.0,0.0,0.0,0.0,0.0
Zfpm1,1.0,1.0,1.0,0.0,0.0,0.0,0.0,0.0
Zc3h18,1.0,1.0,1.0,0.0,0.0,0.0,0.0,0.0
Cyba,0.02524410573946178,0.13493688973565135,0.5208065412399778,0.051222089552759656,0.12274517147679032,0.1878134395671681,1.38878814405248,1.5138455392316812
Mvd,1.0,1.0,1.0,0.0,0.0,0.0,0.0,0.0
Snai3,1.0,1.0,1.0,0.0,0.0,0.0,0.0,0.0
Rnf166,1.0,1.0,1.0,0.0,0.0,0.0,0.0,0.0
Ctu2,1.0,1.0,1.0,0.0,0.0,0.0,0.0,0.0
Piezo1,1.0,1.0,1.0,0.0,0.0,0.0,0.0,0.0
Cdt1,1.0,1.0,1.0,0.0,0.0,0.0,0.0,0.0
Aprt,1.0,1.0,1.0,0.0,0.0,0.0,0.0,0.0
Galns,1.0,1.0,1.0,0.0,0.0,0.0,0.0,0.0
Trappc2l,0.00019052155275065493,0.005493371437643883,0.06909581646423751,-0.4318835588819819,-0.3281955830069839,-0.20977418355266533,0.590358051820332,0.47034550619655624
Cbfa2t3,1.0,1.0,1.0,0.0,0.0,0.0,0.0,0.0
A530010L16Rik,1.0,1.0,1.0,0.0,0.0,0.0,0.0,0.0
Acsf3,1.0,1.0,1.0,0.0,0.0,0.0,0.0,0.0
Gm45894,1.0,1.0,1.0,0.0,0.0,0.0,0.0,0.0
Ankrd11,0.014334923632343248,0.1677378966418669,0.7770968489780832,-0.594170743347306,0.6379033040005744,2.86068597750715,0.25954517033045477,0.39836527593265625
2810013P06Rik,1.0,1.0,1.0,0.0,0.0,0.0,0.0,0.0
Spg7,1.0,1.0,1.0,0.0,0.0,0.0,0.0,0.0
Rpl13,0.03142017940779551,0.2082876875446535,0.7935413193617515,-0.04894603354965024,-0.027395513640842396,-0.009307082010282056,3.0460453338735727,2.9875564440677023
Cpne7,1.0,1.0,1.0,0.0,0.0,0.0,0.0,0.0
Sult5a1,1.0,1.0,1.0,0.0,0.0,0.0,0.0,0.0
Dpep1,1.0,1.0,1.0,0.0,0.0,0.0,0.0,0.0
Chmp1a,1.0,1.0,1.0,0.0,0.0,0.0,0.0,0.0
Spata33,1.0,1.0,1.0,0.0,0.0,0.0,0.0,0.0
Cdk10,1.0,1.0,1.0,0.0,0.0,0.0,0.0,0.0
Spata2l,1.0,1.0,1.0,0.0,0.0,0.0,0.0,0.0
Vps9d1,1.0,1.0,1.0,0.0,0.0,0.0,0.0,0.0
Zfp276,1.0,1.0,1.0,0.0,0.0,0.0,0.0,0.0
Fanca,1.0,1.0,1.0,0.0,0.0,0.0,0.0,0.0
Tcf25,0.009557831229657855,0.09788044772564897,0.5713582599031516,0.010305596977490917,0.10363979837347902,0.21744297336052887,0.6715733188326984,0.7215041171707809
Mc1r,1.0,1.0,1.0,0.0,0.0,0.0,0.0,0.0
Tubb3,1.0,1.0,1.0,0.0,0.0,0.0,0.0,0.0
Def8,1.0,1.0,1.0,0.0,0.0,0.0,0.0,0.0
Afg3l1,1.0,1.0,1.0,0.0,0.0,0.0,0.0,0.0
Gas8,1.0,1.0,1.0,0.0,0.0,0.0,0.0,0.0
Rhou,1.0,1.0,1.0,0.0,0.0,0.0,0.0,0.0
4732419C18Rik,1.0,1.0,1.0,0.0,0.0,0.0,0.0,0.0
Rab4a,1.0,1.0,1.0,0.0,0.0,0.0,0.0,0.0
Ccsap,1.0,1.0,1.0,0.0,0.0,0.0,0.0,0.0
Acta1,1.0,1.0,1.0,0.0,0.0,0.0,0.0,0.0
Nup133,1.0,1.0,1.0,0.0,0.0,0.0,0.0,0.0
Abcb10,1.0,1.0,1.0,0.0,0.0,0.0,0.0,0.0
Taf5l,1.0,1.0,1.0,0.0,0.0,0.0,0.0,0.0
Urb2,1.0,1.0,1.0,0.0,0.0,0.0,0.0,0.0
Galnt2,0.2615722360139493,0.47495853988950676,1.0,0.0,0.0,0.0,0.0,0.0
Cog2,1.0,1.0,1.0,0.0,0.0,0.0,0.0,0.0
Agt,1.0,1.0,1.0,0.0,0.0,0.0,0.0,0.0
2310022B05Rik,1.0,1.0,1.0,0.0,0.0,0.0,0.0,0.0
Ttc13,0.2615722360139493,1.0,1.0,0.0,0.0,0.0,0.0,0.0
Arv1,1.0,1.0,1.0,0.0,0.0,0.0,0.0,0.0
Fam89a,1.0,1.0,1.0,0.0,0.0,0.0,0.0,0.0
2810004N23Rik,1.0,1.0,1.0,0.0,0.0,0.0,0.0,0.0
Gnpat,1.0,1.0,1.0,0.0,0.0,0.0,0.0,0.0
Exoc8,1.0,1.0,1.0,0.0,0.0,0.0,0.0,0.0
Sprtn,1.0,1.0,1.0,0.0,0.0,0.0,0.0,0.0
Egln1,1.0,1.0,1.0,0.0,0.0,0.0,0.0,0.0
Tsnax,1.0,1.0,1.0,0.0,0.0,0.0,0.0,0.0
Disc1,1.0,1.0,1.0,0.0,0.0,0.0,0.0,0.0
Sipa1l2,1.0,1.0,1.0,0.0,0.0,0.0,0.0,0.0
Map10,1.0,1.0,1.0,0.0,0.0,0.0,0.0,0.0
Ntpcr,1.0,1.0,1.0,0.0,0.0,0.0,0.0,0.0
Kcnk1,1.0,1.0,1.0,0.0,0.0,0.0,0.0,0.0
Slc35f3,1.0,1.0,1.0,0.0,0.0,0.0,0.0,0.0
Coa6,0.2615722360139493,1.0,1.0,0.0,0.0,0.0,0.0,0.0
Tarbp1,1.0,1.0,1.0,0.0,0.0,0.0,0.0,0.0
Gm26759,1.0,1.0,1.0,0.0,0.0,0.0,0.0,0.0
Irf2bp2,0.2615722360139493,1.0,1.0,0.0,0.0,0.0,0.0,0.0
Gm31718,1.0,1.0,1.0,0.0,0.0,0.0,0.0,0.0
A630001O12Rik,1.0,1.0,1.0,0.0,0.0,0.0,0.0,0.0
Tomm20,0.00047193776295943507,0.02524410573946178,0.3053901722632373,0.10701855782446226,0.2424161540104584,0.36771032879661636,0.5539370575877316,0.6549844522279603
Rbm34,1.0,1.0,1.0,0.0,0.0,0.0,0.0,0.0
Pard3,1.0,1.0,1.0,0.0,0.0,0.0,0.0,0.0
Nrp1,1.0,1.0,1.0,0.0,0.0,0.0,0.0,0.0
Itgb1,0.08856750257537103,1.0,1.0,0.0,0.0,0.0,0.0,0.0
2610044O15Rik8,1.0,1.0,1.0,0.0,0.0,0.0,0.0,0.0
Gm32856,1.0,1.0,1.0,0.0,0.0,0.0,0.0,0.0
Alkbh8,1.0,1.0,1.0,0.0,0.0,0.0,0.0,0.0
Cwf19l2,1.0,1.0,1.0,0.0,0.0,0.0,0.0,0.0
Gucy1a2,1.0,1.0,1.0,0.0,0.0,0.0,0.0,0.0
Aasdhppt,1.0,1.0,1.0,0.0,0.0,0.0,0.0,0.0
Kbtbd3,1.0,1.0,1.0,0.0,0.0,0.0,0.0,0.0
Msantd4,1.0,1.0,1.0,0.0,0.0,0.0,0.0,0.0
Gria4,1.0,1.0,1.0,0.0,0.0,0.0,0.0,0.0
Casp1,1.0,1.0,1.0,0.0,0.0,0.0,0.0,0.0
Casp4,1.0,1.0,1.0,0.0,0.0,0.0,0.0,0.0
Casp12,1.0,1.0,1.0,0.0,0.0,0.0,0.0,0.0
Pdgfd,1.0,1.0,1.0,0.0,0.0,0.0,0.0,0.0
Dync2h1,1.0,1.0,1.0,0.0,0.0,0.0,0.0,0.0
Dcun1d5,0.0035729616071004146,0.04734804427057314,0.3431319879068183,-28.44032677703355,-28.317121449605267,-2.2979363724567947,0.33502696862937287,0.0
Mmp13,1.0,1.0,1.0,0.0,0.0,0.0,0.0,0.0
Mmp12,1.0,1.0,1.0,0.0,0.0,0.0,0.0,0.0
Mmp3,1.0,1.0,1.0,0.0,0.0,0.0,0.0,0.0
Mmp10,1.0,1.0,1.0,0.0,0.0,0.0,0.0,0.0
Mmp8,1.0,1.0,1.0,0.0,0.0,0.0,0.0,0.0
Mmp7,1.0,1.0,1.0,0.0,0.0,0.0,0.0,0.0
Tmem123,0.00409621338413908,0.04734460585853775,0.34314519329999205,0.08950015557182991,0.23839210144799455,0.3708531120090867,0.44590595417271317,0.5253704822861376
Birc2,3.5291394948257277e-05,0.00084204393762856,0.009878710885383907,-28.393533404781813,-28.255580395099432,-28.02965885730545,0.3204625192368255,0.0
Birc3,0.2615722360139493,1.0,1.0,0.0,0.0,0.0,0.0,0.0
Yap1,1.0,1.0,1.0,0.0,0.0,0.0,0.0,0.0
Cfap300,1.0,1.0,1.0,0.0,0.0,0.0,0.0,0.0
Cep126,1.0,1.0,1.0,0.0,0.0,0.0,0.0,0.0
Arhgap42,1.0,1.0,1.0,0.0,0.0,0.0,0.0,0.0
Jrkl,1.0,1.0,1.0,0.0,0.0,0.0,0.0,0.0
Ccdc82,1.0,1.0,1.0,0.0,0.0,0.0,0.0,0.0
Maml2,1.0,1.0,1.0,0.0,0.0,0.0,0.0,0.0
Mtmr2,1.0,1.0,1.0,0.0,0.0,0.0,0.0,0.0
Cep57,1.0,1.0,1.0,0.0,0.0,0.0,0.0,0.0
Fam76b,1.0,1.0,1.0,0.0,0.0,0.0,0.0,0.0
1700019J19Rik,1.0,1.0,1.0,0.0,0.0,0.0,0.0,0.0
Sesn3,1.0,1.0,1.0,0.0,0.0,0.0,0.0,0.0
Endod1,1.0,1.0,1.0,0.0,0.0,0.0,0.0,0.0
Kdm4d,1.0,1.0,1.0,0.0,0.0,0.0,0.0,0.0
Cwc15,0.0007144558228149559,0.02524410573946178,0.2702706993728666,0.1632079234597573,0.338910215903776,0.48313286223207047,0.3992840285468745,0.5066244170225339
Amotl1,1.0,1.0,1.0,0.0,0.0,0.0,0.0,0.0
Piwil4,1.0,1.0,1.0,0.0,0.0,0.0,0.0,0.0
Fut4,1.0,1.0,1.0,0.0,0.0,0.0,0.0,0.0
1700012B09Rik,1.0,1.0,1.0,0.0,0.0,0.0,0.0,0.0
Ankrd49,1.0,1.0,1.0,0.0,0.0,0.0,0.0,0.0
Mre11a,1.0,1.0,1.0,0.0,0.0,0.0,0.0,0.0
Izumo1r,1.0,1.0,1.0,0.0,0.0,0.0,0.0,0.0
Panx1,0.2615722360139493,0.2615722360139493,1.0,0.0,0.0,0.0,0.0,0.0
Vstm5,1.0,1.0,1.0,0.0,0.0,0.0,0.0,0.0
Med17,1.0,1.0,1.0,0.0,0.0,0.0,0.0,0.0
4931406C07Rik,1.0,1.0,1.0,0.0,0.0,0.0,0.0,0.0
Taf1d,0.0019891982780192085,0.030173926796862066,0.27507042427878275,-28.660469262666705,-28.411927499230828,-0.7463901280849446,0.36411076442256324,0.0
Cep295,1.0,1.0,1.0,0.0,0.0,0.0,0.0,0.0
Smco4,1.0,1.0,1.0,0.0,0.0,0.0,0.0,0.0
Slc36a4,1.0,1.0,1.0,0.0,0.0,0.0,0.0,0.0
Chordc1,1.0,1.0,1.0,0.0,0.0,0.0,0.0,0.0
Naalad2,1.0,1.0,1.0,0.0,0.0,0.0,0.0,0.0
Zfp558,1.0,1.0,1.0,0.0,0.0,0.0,0.0,0.0
Zfp317,1.0,1.0,1.0,0.0,0.0,0.0,0.0,0.0
Olfr77,1.0,1.0,1.0,0.0,0.0,0.0,0.0,0.0
Zfp560,0.2615722360139493,1.0,1.0,0.0,0.0,0.0,0.0,0.0
Zfp26,1.0,1.0,1.0,0.0,0.0,0.0,0.0,0.0
Zfp426,1.0,1.0,1.0,0.0,0.0,0.0,0.0,0.0
Zfp266,1.0,1.0,1.0,0.0,0.0,0.0,0.0,0.0
Zfp846,1.0,1.0,1.0,0.0,0.0,0.0,0.0,0.0
Fbxl12os,1.0,1.0,1.0,0.0,0.0,0.0,0.0,0.0
Fbxl12,1.0,1.0,1.0,0.0,0.0,0.0,0.0,0.0
Ubl5,0.005493371437643883,0.06909581646423751,0.42686353893784235,0.04052959837743353,0.09745644350158172,0.16612746091507802,1.1789442290894825,1.2622009608644036
Pin1,0.08856750257537103,0.2615722360139493,1.0,0.0,0.0,0.0,0.0,0.0
Col5a3,1.0,1.0,1.0,0.0,0.0,0.0,0.0,0.0
Shfl,1.0,1.0,1.0,0.0,0.0,0.0,0.0,0.0
Angptl6,1.0,1.0,1.0,0.0,0.0,0.0,0.0,0.0
Ppan,1.0,1.0,1.0,0.0,0.0,0.0,0.0,0.0
Eif3g,0.10388358515220907,0.5877471709496872,1.0,-0.9493873308218125,0.10869677594617064,0.3169289684871691,0.3326072398391505,0.36077900873639124
Dnmt1,1.0,1.0,1.0,0.0,0.0,0.0,0.0,0.0
S1pr2,1.0,1.0,1.0,0.0,0.0,0.0,0.0,0.0
Mrpl4,0.08856750257537103,0.2615722360139493,1.0,0.0,0.0,0.0,0.0,0.0
Icam1,1.0,1.0,1.0,0.0,0.0,0.0,0.0,0.0
Gm47079,1.0,1.0,1.0,0.0,0.0,0.0,0.0,0.0
Icam4,1.0,1.0,1.0,0.0,0.0,0.0,0.0,0.0
Icam5,1.0,1.0,1.0,0.0,0.0,0.0,0.0,0.0
Fdx2,0.2615722360139493,1.0,1.0,0.0,0.0,0.0,0.0,0.0
1700084C06Rik,1.0,1.0,1.0,0.0,0.0,0.0,0.0,0.0
Tyk2,1.0,1.0,1.0,0.0,0.0,0.0,0.0,0.0
Cdc37,0.0006255118296727951,0.032885999155465445,0.38393237973972805,-28.238647555816147,-28.12853433081738,-27.613772082454794,0.2934643555538025,0.0
Pde4a,1.0,1.0,1.0,0.0,0.0,0.0,0.0,0.0
Gm16754,1.0,1.0,1.0,0.0,0.0,0.0,0.0,0.0
Keap1,1.0,1.0,1.0,0.0,0.0,0.0,0.0,0.0
Atg4d,1.0,1.0,1.0,0.0,0.0,0.0,0.0,0.0
Kri1,1.0,1.0,1.0,0.0,0.0,0.0,0.0,0.0
Cdkn2d,1.0,1.0,1.0,0.0,0.0,0.0,0.0,0.0
Ap1m2,1.0,1.0,1.0,0.0,0.0,0.0,0.0,0.0
Gm39302,1.0,1.0,1.0,0.0,0.0,0.0,0.0,0.0
Slc44a2,1.0,1.0,1.0,0.0,0.0,0.0,0.0,0.0
Ilf3,1.0,1.0,1.0,0.0,0.0,0.0,0.0,0.0
Gm16853,1.0,1.0,1.0,0.0,0.0,0.0,0.0,0.0
Qtrt1,1.0,1.0,1.0,0.0,0.0,0.0,0.0,0.0
Dnm2,1.0,1.0,1.0,0.0,0.0,0.0,0.0,0.0
Tmed1,1.0,1.0,1.0,0.0,0.0,0.0,0.0,0.0
AB124611,1.0,1.0,1.0,0.0,0.0,0.0,0.0,0.0
Carm1,1.0,1.0,1.0,0.0,0.0,0.0,0.0,0.0
Yipf2,0.2615722360139493,1.0,1.0,0.0,0.0,0.0,0.0,0.0
Timm29,1.0,1.0,1.0,0.0,0.0,0.0,0.0,0.0
Smarca4,1.0,1.0,1.0,0.0,0.0,0.0,0.0,0.0
Gm26511,1.0,1.0,1.0,0.0,0.0,0.0,0.0,0.0
Ldlr,1.0,1.0,1.0,0.0,0.0,0.0,0.0,0.0
Spc24,1.0,1.0,1.0,0.0,0.0,0.0,0.0,0.0
Kank2,1.0,1.0,1.0,0.0,0.0,0.0,0.0,0.0
Dock6,1.0,1.0,1.0,0.0,0.0,0.0,0.0,0.0
Angptl8,1.0,1.0,1.0,0.0,0.0,0.0,0.0,0.0
Rab3d,1.0,1.0,1.0,0.0,0.0,0.0,0.0,0.0
Tmem205,0.2615722360139493,1.0,1.0,0.0,0.0,0.0,0.0,0.0
Ccdc159,1.0,1.0,1.0,0.0,0.0,0.0,0.0,0.0
Plppr2,1.0,1.0,1.0,0.0,0.0,0.0,0.0,0.0
Swsap1,1.0,1.0,1.0,0.0,0.0,0.0,0.0,0.0
Epor,1.0,1.0,1.0,0.0,0.0,0.0,0.0,0.0
Rgl3,1.0,1.0,1.0,0.0,0.0,0.0,0.0,0.0
Prkcsh,0.2615722360139493,1.0,1.0,0.0,0.0,0.0,0.0,0.0
Zfp653,1.0,1.0,1.0,0.0,0.0,0.0,0.0,0.0
Gm16845,1.0,1.0,1.0,0.0,0.0,0.0,0.0,0.0
Ecsit,1.0,1.0,1.0,0.0,0.0,0.0,0.0,0.0
Elof1,0.009501095540355024,0.08856750257537103,0.2615722360139493,-25.79053686771208,0.0,0.0,0.0,0.0
Acp5,0.08856750257537103,0.2615722360139493,1.0,0.0,0.0,0.0,0.0,0.0
Pigyl,1.0,1.0,1.0,0.0,0.0,0.0,0.0,0.0
Zfp809,1.0,1.0,1.0,0.0,0.0,0.0,0.0,0.0
Zfp599,1.0,1.0,1.0,0.0,0.0,0.0,0.0,0.0
Zfp810,1.0,1.0,1.0,0.0,0.0,0.0,0.0,0.0
Anln,1.0,1.0,1.0,0.0,0.0,0.0,0.0,0.0
Rp9,0.20283448729232112,0.7280611426419807,1.0,-0.2669242039927206,0.09351421394319105,0.2939626643522181,0.3803732175219191,0.4080462724867956
9530077C05Rik,1.0,1.0,1.0,0.0,0.0,0.0,0.0,0.0
Bbs9,1.0,1.0,1.0,0.0,0.0,0.0,0.0,0.0
Bmper,1.0,1.0,1.0,0.0,0.0,0.0,0.0,0.0
Dpy19l1,1.0,1.0,1.0,0.0,0.0,0.0,0.0,0.0
Herpud2,1.0,1.0,1.0,0.0,0.0,0.0,0.0,0.0
Sept7,0.08249583234103358,0.42686353893784235,0.9699293482575216,-0.12114106356506243,0.11090856250372118,0.38817141278253636,0.4303402901382135,0.4652604885080025
Eepd1,1.0,1.0,1.0,0.0,0.0,0.0,0.0,0.0
Glb1l2,1.0,1.0,1.0,0.0,0.0,0.0,0.0,0.0
Acad8,1.0,1.0,1.0,0.0,0.0,0.0,0.0,0.0
Thyn1,0.08856750257537103,0.2615722360139493,1.0,0.0,0.0,0.0,0.0,0.0
Vps26b,1.0,1.0,1.0,0.0,0.0,0.0,0.0,0.0
Ncapd3,1.0,1.0,1.0,0.0,0.0,0.0,0.0,0.0
Jam3,1.0,1.0,1.0,0.0,0.0,0.0,0.0,0.0
Gm48796,1.0,1.0,1.0,0.0,0.0,0.0,0.0,0.0
Igsf9b,1.0,1.0,1.0,0.0,0.0,0.0,0.0,0.0
Opcml,1.0,1.0,1.0,0.0,0.0,0.0,0.0,0.0
Snx19,1.0,1.0,1.0,0.0,0.0,0.0,0.0,0.0
Adamts15,1.0,1.0,1.0,0.0,0.0,0.0,0.0,0.0
Adamts8,1.0,1.0,1.0,0.0,0.0,0.0,0.0,0.0
Zbtb44,1.0,1.0,1.0,0.0,0.0,0.0,0.0,0.0
St14,1.0,1.0,1.0,0.0,0.0,0.0,0.0,0.0
Aplp2,1.0,1.0,1.0,0.0,0.0,0.0,0.0,0.0
Prdm10,1.0,1.0,1.0,0.0,0.0,0.0,0.0,0.0
Nfrkb,1.0,1.0,1.0,0.0,0.0,0.0,0.0,0.0
Tmem45b,1.0,1.0,1.0,0.0,0.0,0.0,0.0,0.0
Barx2,1.0,1.0,1.0,0.0,0.0,0.0,0.0,0.0
Arhgap32,1.0,1.0,1.0,0.0,0.0,0.0,0.0,0.0
Fli1,0.029867793297539916,0.4198490637342591,0.8822739356449067,-26.957982569480464,0.0,0.0,0.0,0.0
Gm27201,1.0,1.0,1.0,0.0,0.0,0.0,0.0,0.0
Ets1,0.1853939469443623,0.8523211367181747,0.8822739356449067,0.0,0.0,0.0,0.0,0.0
Kirrel3,1.0,1.0,1.0,0.0,0.0,0.0,0.0,0.0
Kirrel3os,1.0,1.0,1.0,0.0,0.0,0.0,0.0,0.0
St3gal4,1.0,1.0,1.0,0.0,0.0,0.0,0.0,0.0
4930581F22Rik,1.0,1.0,1.0,0.0,0.0,0.0,0.0,0.0
Dcps,1.0,1.0,1.0,0.0,0.0,0.0,0.0,0.0
Tirap,1.0,1.0,1.0,0.0,0.0,0.0,0.0,0.0
Srpr,0.00011113757243788204,0.0015241724220052392,0.020131777407319206,0.1897443853797138,0.2728615575695077,0.35459321175280867,0.8185844405181335,0.9897617156270837
Foxred1,1.0,1.0,1.0,0.0,0.0,0.0,0.0,0.0
Fam118b,1.0,1.0,1.0,0.0,0.0,0.0,0.0,0.0
Rpusd4,1.0,1.0,1.0,0.0,0.0,0.0,0.0,0.0
Cdon,1.0,1.0,1.0,0.0,0.0,0.0,0.0,0.0
Ddx25,1.0,1.0,1.0,0.0,0.0,0.0,0.0,0.0
Pus3,1.0,1.0,1.0,0.0,0.0,0.0,0.0,0.0
Hyls1,1.0,1.0,1.0,0.0,0.0,0.0,0.0,0.0
Chek1,1.0,1.0,1.0,0.0,0.0,0.0,0.0,0.0
Stt3a,0.05741095666901627,0.49174305134783647,1.0,-28.14377215207943,-27.656035651910827,0.0,0.24433321524216098,0.0
Ei24,0.2615722360139493,1.0,1.0,0.0,0.0,0.0,0.0,0.0
Fez1,1.0,1.0,1.0,0.0,0.0,0.0,0.0,0.0
Pknox2,1.0,1.0,1.0,0.0,0.0,0.0,0.0,0.0
Tmem218,1.0,1.0,1.0,0.0,0.0,0.0,0.0,0.0
Slc37a2,1.0,1.0,1.0,0.0,0.0,0.0,0.0,0.0
Ccdc15,1.0,1.0,1.0,0.0,0.0,0.0,0.0,0.0
Robo4,1.0,1.0,1.0,0.0,0.0,0.0,0.0,0.0
Msantd2,1.0,1.0,1.0,0.0,0.0,0.0,0.0,0.0
Esam,1.0,1.0,1.0,0.0,0.0,0.0,0.0,0.0
Vsig2,1.0,1.0,1.0,0.0,0.0,0.0,0.0,0.0
Nrgn,1.0,1.0,1.0,0.0,0.0,0.0,0.0,0.0
Siae,1.0,1.0,1.0,0.0,0.0,0.0,0.0,0.0
Spa17,1.0,1.0,1.0,0.0,0.0,0.0,0.0,0.0
Tbrg1,0.0017725816936545555,0.03359756539493248,0.33411952703865366,0.21588670490439243,0.39072086877734247,0.5221090963044235,0.33016015243721497,0.43544348982313036
Vwa5a,1.0,1.0,1.0,0.0,0.0,0.0,0.0,0.0
Olfr920,1.0,1.0,1.0,0.0,0.0,0.0,0.0,0.0
AW551984,1.0,1.0,1.0,0.0,0.0,0.0,0.0,0.0
Zfp202,1.0,1.0,1.0,0.0,0.0,0.0,0.0,0.0
Gramd1b,1.0,1.0,1.0,0.0,0.0,0.0,0.0,0.0
Clmp,1.0,1.0,1.0,0.0,0.0,0.0,0.0,0.0
Gm48294,1.0,1.0,1.0,0.0,0.0,0.0,0.0,0.0
Gm16096,1.0,1.0,1.0,0.0,0.0,0.0,0.0,0.0
Hspa8,0.11526553941414623,0.34314519329999205,0.8506311026434865,0.019700676625089935,0.10558656733264613,0.18890192442050746,1.03362916262962,1.1098406914952625
Jhy,1.0,1.0,1.0,0.0,0.0,0.0,0.0,0.0
Crtam,1.0,1.0,1.0,0.0,0.0,0.0,0.0,0.0
Ubash3b,1.0,1.0,1.0,0.0,0.0,0.0,0.0,0.0
Mir100hg,1.0,1.0,1.0,0.0,0.0,0.0,0.0,0.0
Gm48742,1.0,1.0,1.0,0.0,0.0,0.0,0.0,0.0
Sorl1,1.0,1.0,1.0,0.0,0.0,0.0,0.0,0.0
Gm39321,1.0,1.0,1.0,0.0,0.0,0.0,0.0,0.0
Sc5d,1.0,1.0,1.0,0.0,0.0,0.0,0.0,0.0
Tbcel,1.0,1.0,1.0,0.0,0.0,0.0,0.0,0.0
Arhgef12,1.0,1.0,1.0,0.0,0.0,0.0,0.0,0.0
Oaf,1.0,1.0,1.0,0.0,0.0,0.0,0.0,0.0
D630033O11Rik,1.0,1.0,1.0,0.0,0.0,0.0,0.0,0.0
Trim29,1.0,1.0,1.0,0.0,0.0,0.0,0.0,0.0
Nectin1,1.0,1.0,1.0,0.0,0.0,0.0,0.0,0.0
Gm39323,1.0,1.0,1.0,0.0,0.0,0.0,0.0,0.0
Thy1,1.0,1.0,1.0,0.0,0.0,0.0,0.0,0.0
Usp2,1.0,1.0,1.0,0.0,0.0,0.0,0.0,0.0
Rnf26,1.0,1.0,1.0,0.0,0.0,0.0,0.0,0.0
Gm26737,1.0,1.0,1.0,0.0,0.0,0.0,0.0,0.0
Gm10687,1.0,1.0,1.0,0.0,0.0,0.0,0.0,0.0
Mcam,1.0,1.0,1.0,0.0,0.0,0.0,0.0,0.0
Cbl,1.0,1.0,1.0,0.0,0.0,0.0,0.0,0.0
Nlrx1,1.0,1.0,1.0,0.0,0.0,0.0,0.0,0.0
Gm48604,1.0,1.0,1.0,0.0,0.0,0.0,0.0,0.0
Hinfp,1.0,1.0,1.0,0.0,0.0,0.0,0.0,0.0
C2cd2l,1.0,1.0,1.0,0.0,0.0,0.0,0.0,0.0
Dpagt1,1.0,1.0,1.0,0.0,0.0,0.0,0.0,0.0
H2afx,1.0,1.0,1.0,0.0,0.0,0.0,0.0,0.0
Hmbs,0.2615722360139493,1.0,1.0,0.0,0.0,0.0,0.0,0.0
Vps11,1.0,1.0,1.0,0.0,0.0,0.0,0.0,0.0
Hyou1,0.07582430661771296,0.5830482147869495,1.0,-28.091736310509877,-27.00888449107394,26.204693442546112,0.1421691657163535,0.0
Slc37a4,1.0,1.0,1.0,0.0,0.0,0.0,0.0,0.0
Trappc4,0.2615722360139493,1.0,1.0,0.0,0.0,0.0,0.0,0.0
Rps25,0.02524410573946178,0.13493688973565135,0.4738715567198528,0.00843211220337798,0.054780103042887156,0.10684646339348955,1.8091482166175337,1.878059109293885
Ccdc84,1.0,1.0,1.0,0.0,0.0,0.0,0.0,0.0
Foxr1,1.0,1.0,1.0,0.0,0.0,0.0,0.0,0.0
C030014I23Rik,1.0,1.0,1.0,0.0,0.0,0.0,0.0,0.0
Gm47204,1.0,1.0,1.0,0.0,0.0,0.0,0.0,0.0
Bcl9l,1.0,1.0,1.0,0.0,0.0,0.0,0.0,0.0
Cxcr5,1.0,1.0,1.0,0.0,0.0,0.0,0.0,0.0
Gm47230,1.0,1.0,1.0,0.0,0.0,0.0,0.0,0.0
Gm47232,1.0,1.0,1.0,0.0,0.0,0.0,0.0,0.0
Ddx6,0.08856750257537103,0.543861579123601,1.0,0.0,0.0,0.0,0.0,0.0
Phldb1,1.0,1.0,1.0,0.0,0.0,0.0,0.0,0.0
Arcn1,0.141176505580472,0.6098397785958921,1.0,-0.0020955199697392317,0.21726661530432423,0.4273387733764704,0.32501324137799226,0.37665005820612646
Ift46,0.2615722360139493,1.0,1.0,0.0,0.0,0.0,0.0,0.0
Kmt2a,0.002778685068188869,0.08856750257537103,0.8822739356449067,-27.633946918595594,0.0,0.0,0.0,0.0
Atp5l,0.1568627450980392,0.6784313725490196,1.0,-0.07116615336511643,-0.0066861492077446225,0.055706312789299044,0.9728586805495385,0.9676915541653122
Ube4a,0.2615722360139493,1.0,1.0,0.0,0.0,0.0,0.0,0.0
Cd3g,1.0,1.0,1.0,0.0,0.0,0.0,0.0,0.0
Cd3d,1.0,1.0,1.0,0.0,0.0,0.0,0.0,0.0
Cd3e,1.0,1.0,1.0,0.0,0.0,0.0,0.0,0.0
Mpzl2,1.0,1.0,1.0,0.0,0.0,0.0,0.0,0.0
Mpzl3,1.0,1.0,1.0,0.0,0.0,0.0,0.0,0.0
Jaml,1.0,1.0,1.0,0.0,0.0,0.0,0.0,0.0
Scn2b,1.0,1.0,1.0,0.0,0.0,0.0,0.0,0.0
Scn4b,1.0,1.0,1.0,0.0,0.0,0.0,0.0,0.0
Tmprss4,1.0,1.0,1.0,0.0,0.0,0.0,0.0,0.0
BC049352,1.0,1.0,1.0,0.0,0.0,0.0,0.0,0.0
Il10ra,1.0,1.0,1.0,0.0,0.0,0.0,0.0,0.0
Fxyd6,1.0,1.0,1.0,0.0,0.0,0.0,0.0,0.0
Fxyd2,1.0,1.0,1.0,0.0,0.0,0.0,0.0,0.0
Cep164,1.0,1.0,1.0,0.0,0.0,0.0,0.0,0.0
Bace1,1.0,1.0,1.0,0.0,0.0,0.0,0.0,0.0
Gm16536,1.0,1.0,1.0,0.0,0.0,0.0,0.0,0.0
Rnf214,1.0,1.0,1.0,0.0,0.0,0.0,0.0,0.0
Pcsk7,1.0,1.0,1.0,0.0,0.0,0.0,0.0,0.0
Tagln,1.0,1.0,1.0,0.0,0.0,0.0,0.0,0.0
Gm48529,1.0,1.0,1.0,0.0,0.0,0.0,0.0,0.0
Sidt2,0.2615722360139493,1.0,1.0,0.0,0.0,0.0,0.0,0.0
A830035O19Rik,1.0,1.0,1.0,0.0,0.0,0.0,0.0,0.0
Pafah1b2,0.2615722360139493,0.47495853988950676,1.0,0.0,0.0,0.0,0.0,0.0
Sik3,1.0,1.0,1.0,0.0,0.0,0.0,0.0,0.0
Zpr1,1.0,1.0,1.0,0.0,0.0,0.0,0.0,0.0
Bud13,1.0,1.0,1.0,0.0,0.0,0.0,0.0,0.0
2900052N01Rik,1.0,1.0,1.0,0.0,0.0,0.0,0.0,0.0
Cadm1,1.0,1.0,1.0,0.0,0.0,0.0,0.0,0.0
Nxpe4,1.0,1.0,1.0,0.0,0.0,0.0,0.0,0.0
Nxpe2,1.0,1.0,1.0,0.0,0.0,0.0,0.0,0.0
Rexo2,0.34314519329999205,0.6784313725490196,1.0,-0.01996986454322042,0.04008216585615648,0.10370435554316794,1.5424411957365787,1.584875806105555
Rbm7,3.5291394948257277e-05,0.0017191380645145984,0.02643895214469,-28.41250445768824,-28.282798937654178,-28.14938352447171,0.3265659049367148,0.0
Gm5617,1.0,1.0,1.0,0.0,0.0,0.0,0.0,0.0
Nnmt,1.0,1.0,1.0,0.0,0.0,0.0,0.0,0.0
Zbtb16,1.0,1.0,1.0,0.0,0.0,0.0,0.0,0.0
Usp28,0.2615722360139493,1.0,1.0,0.0,0.0,0.0,0.0,0.0
Zw10,1.0,1.0,1.0,0.0,0.0,0.0,0.0,0.0
Tmprss5,1.0,1.0,1.0,0.0,0.0,0.0,0.0,0.0
Ttc12,1.0,1.0,1.0,0.0,0.0,0.0,0.0,0.0
Ncam1,1.0,1.0,1.0,0.0,0.0,0.0,0.0,0.0
Rpl10-ps3,0.08856750257537103,0.2615722360139493,1.0,0.0,0.0,0.0,0.0,0.0
Plet1os,1.0,1.0,1.0,0.0,0.0,0.0,0.0,0.0
Plet1,1.0,1.0,1.0,0.0,0.0,0.0,0.0,0.0
Pts,1.0,1.0,1.0,0.0,0.0,0.0,0.0,0.0
Bco2,1.0,1.0,1.0,0.0,0.0,0.0,0.0,0.0
Il18,1.0,1.0,1.0,0.0,0.0,0.0,0.0,0.0
Sdhd,1.0,1.0,1.0,0.0,0.0,0.0,0.0,0.0
Timm8b,0.0020527232777102847,0.03914899424398587,0.3000955782005055,-28.437710894433774,-28.31378387498509,-2.5333569403439404,0.3347858703796016,0.0
Nkapd1,1.0,1.0,1.0,0.0,0.0,0.0,0.0,0.0
Pih1d2,1.0,1.0,1.0,0.0,0.0,0.0,0.0,0.0
Dlat,0.2615722360139493,1.0,1.0,0.0,0.0,0.0,0.0,0.0
Dixdc1,1.0,1.0,1.0,0.0,0.0,0.0,0.0,0.0
2310030G06Rik,1.0,1.0,1.0,0.0,0.0,0.0,0.0,0.0
Hspb2,1.0,1.0,1.0,0.0,0.0,0.0,0.0,0.0
Cryab,1.0,1.0,1.0,0.0,0.0,0.0,0.0,0.0
1110032A03Rik,1.0,1.0,1.0,0.0,0.0,0.0,0.0,0.0
Fdxacb1,1.0,1.0,1.0,0.0,0.0,0.0,0.0,0.0
Alg9,1.0,1.0,1.0,0.0,0.0,0.0,0.0,0.0
Ppp2r1b,1.0,1.0,1.0,0.0,0.0,0.0,0.0,0.0
Sik2,1.0,1.0,1.0,0.0,0.0,0.0,0.0,0.0
Layn,1.0,1.0,1.0,0.0,0.0,0.0,0.0,0.0
Pou2af1,0.00019052155275065493,0.0015241724220052392,0.00409621338413908,-0.8873952079310696,-0.7508405402094549,-0.6119825382381193,1.0039189336658314,0.5950190150345092
Gm47828,1.0,1.0,1.0,0.0,0.0,0.0,0.0,0.0
2010007H06Rik,1.0,1.0,1.0,0.0,0.0,0.0,0.0,0.0
Arhgap20,1.0,1.0,1.0,0.0,0.0,0.0,0.0,0.0
Fdx1,1.0,1.0,1.0,0.0,0.0,0.0,0.0,0.0
Rdx,1.0,1.0,1.0,0.0,0.0,0.0,0.0,0.0
Zc3h12c,1.0,1.0,1.0,0.0,0.0,0.0,0.0,0.0
Ddx10,1.0,1.0,1.0,0.0,0.0,0.0,0.0,0.0
Exph5,1.0,1.0,1.0,0.0,0.0,0.0,0.0,0.0
Poglut3,1.0,1.0,1.0,0.0,0.0,0.0,0.0,0.0
4930550C14Rik,1.0,1.0,1.0,0.0,0.0,0.0,0.0,0.0
Atm,1.0,1.0,1.0,0.0,0.0,0.0,0.0,0.0
Npat,1.0,1.0,1.0,0.0,0.0,0.0,0.0,0.0
Acat1,1.0,1.0,1.0,0.0,0.0,0.0,0.0,0.0
Cul5,1.0,1.0,1.0,0.0,0.0,0.0,0.0,0.0
Gm16124,1.0,1.0,1.0,0.0,0.0,0.0,0.0,0.0
Rab39,1.0,1.0,1.0,0.0,0.0,0.0,0.0,0.0
Slc35f2,1.0,1.0,1.0,0.0,0.0,0.0,0.0,0.0
Tnfaip8l3,1.0,1.0,1.0,0.0,0.0,0.0,0.0,0.0
Dmxl2,1.0,1.0,1.0,0.0,0.0,0.0,0.0,0.0
Cib2,0.2615722360139493,1.0,1.0,0.0,0.0,0.0,0.0,0.0
Idh3a,1.0,1.0,1.0,0.0,0.0,0.0,0.0,0.0
Acsbg1,1.0,1.0,1.0,0.0,0.0,0.0,0.0,0.0
Dnaja4,1.0,1.0,1.0,0.0,0.0,0.0,0.0,0.0
Wdr61,0.029867793297539916,0.2615722360139493,1.0,0.0,0.0,0.0,0.0,0.0
Ireb2,1.0,1.0,1.0,0.0,0.0,0.0,0.0,0.0
Hykk,1.0,1.0,1.0,0.0,0.0,0.0,0.0,0.0
AY074887,1.0,1.0,1.0,0.0,0.0,0.0,0.0,0.0
Psma4,0.00017629733673136413,0.004319469149586352,0.07856494579780492,-28.48214256541992,-28.393455738399496,-2.203504621563934,0.3529629850473072,0.0
Chrnb4,1.0,1.0,1.0,0.0,0.0,0.0,0.0,0.0
Ube2q2,0.2615722360139493,1.0,1.0,0.0,0.0,0.0,0.0,0.0
Fbxo22,1.0,1.0,1.0,0.0,0.0,0.0,0.0,0.0
Tmem266,1.0,1.0,1.0,0.0,0.0,0.0,0.0,0.0
Etfa,0.2615722360139493,1.0,1.0,0.0,0.0,0.0,0.0,0.0
Isl2,1.0,1.0,1.0,0.0,0.0,0.0,0.0,0.0
Scaper,1.0,1.0,1.0,0.0,0.0,0.0,0.0,0.0
Rcn2,1.0,1.0,1.0,0.0,0.0,0.0,0.0,0.0
Pstpip1,1.0,1.0,1.0,0.0,0.0,0.0,0.0,0.0
Tspan3,1.0,1.0,1.0,0.0,0.0,0.0,0.0,0.0
Peak1,1.0,1.0,1.0,0.0,0.0,0.0,0.0,0.0
Gm29322,1.0,1.0,1.0,0.0,0.0,0.0,0.0,0.0
Hmg20a,1.0,1.0,1.0,0.0,0.0,0.0,0.0,0.0
Cspg4,1.0,1.0,1.0,0.0,0.0,0.0,0.0,0.0
Snx33,1.0,1.0,1.0,0.0,0.0,0.0,0.0,0.0
Imp3,0.004349570090077775,0.07598867855418287,0.5098433838583576,-28.09272969971158,-27.126532298169963,0.0,0.14652597735240436,0.0
Snupn,1.0,1.0,1.0,0.0,0.0,0.0,0.0,0.0
Ptpn9,1.0,1.0,1.0,0.0,0.0,0.0,0.0,0.0
Sin3a,1.0,1.0,1.0,0.0,0.0,0.0,0.0,0.0
Man2c1os,1.0,1.0,1.0,0.0,0.0,0.0,0.0,0.0
Man2c1,1.0,1.0,1.0,0.0,0.0,0.0,0.0,0.0
Neil1,0.2615722360139493,1.0,1.0,0.0,0.0,0.0,0.0,0.0
Commd4,0.2615722360139493,1.0,1.0,0.0,0.0,0.0,0.0,0.0
1700017B05Rik,3.175359212510915e-05,0.0015241724220052392,0.027831748982697545,0.37197808560798884,0.5166507143517797,0.6776331195922868,0.3147494286169755,0.45008316073632637
Ppcdc,1.0,1.0,1.0,0.0,0.0,0.0,0.0,0.0
Scamp5,1.0,1.0,1.0,0.0,0.0,0.0,0.0,0.0
Cox5a,0.00298483765976026,0.038707628800508063,0.3837421608319441,-0.23767873279316537,-0.15159776852818224,-0.04830710776840952,0.9008371447045833,0.8128825192135725
Gm26631,1.0,1.0,1.0,0.0,0.0,0.0,0.0,0.0
Fam219b,1.0,1.0,1.0,0.0,0.0,0.0,0.0,0.0
Mpi,1.0,1.0,1.0,0.0,0.0,0.0,0.0,0.0
Scamp2,0.009501095540355024,0.08856750257537103,0.7670968684102772,-26.723635295752953,0.0,0.0,0.0,0.0
Ulk3,1.0,1.0,1.0,0.0,0.0,0.0,0.0,0.0
Csk,1.0,1.0,1.0,0.0,0.0,0.0,0.0,0.0
Edc3,1.0,1.0,1.0,0.0,0.0,0.0,0.0,0.0
Clk3,0.08856750257537103,1.0,1.0,0.0,0.0,0.0,0.0,0.0
Arid3b,1.0,1.0,1.0,0.0,0.0,0.0,0.0,0.0
Ubl7,1.0,1.0,1.0,0.0,0.0,0.0,0.0,0.0
Sema7a,1.0,1.0,1.0,0.0,0.0,0.0,0.0,0.0
Islr,1.0,1.0,1.0,0.0,0.0,0.0,0.0,0.0
Islr2,1.0,1.0,1.0,0.0,0.0,0.0,0.0,0.0
Pml,0.08856750257537103,0.2615722360139493,1.0,0.0,0.0,0.0,0.0,0.0
Stoml1,1.0,1.0,1.0,0.0,0.0,0.0,0.0,0.0
Loxl1,1.0,1.0,1.0,0.0,0.0,0.0,0.0,0.0
Insyn1,1.0,1.0,1.0,0.0,0.0,0.0,0.0,0.0
Cd276,1.0,1.0,1.0,0.0,0.0,0.0,0.0,0.0
Nptn,1.0,1.0,1.0,0.0,0.0,0.0,0.0,0.0
Rec114,1.0,1.0,1.0,0.0,0.0,0.0,0.0,0.0
Neo1,1.0,1.0,1.0,0.0,0.0,0.0,0.0,0.0
Adpgk,1.0,1.0,1.0,0.0,0.0,0.0,0.0,0.0
Bbs4,1.0,1.0,1.0,0.0,0.0,0.0,0.0,0.0
Arih1,0.029867793297539916,0.2615722360139493,1.0,0.0,0.0,0.0,0.0,0.0
Tmem202,1.0,1.0,1.0,0.0,0.0,0.0,0.0,0.0
Hexa,1.0,1.0,1.0,0.0,0.0,0.0,0.0,0.0
Parp6,1.0,1.0,1.0,0.0,0.0,0.0,0.0,0.0
Pkm,0.014708987135765385,0.1519429467112972,0.7280611426419807,0.13411480428109582,0.37456180066490347,1.4291856572294543,0.32509697282599437,0.42111782481545246
Senp8,1.0,1.0,1.0,0.0,0.0,0.0,0.0,0.0
Myo9a,1.0,1.0,1.0,0.0,0.0,0.0,0.0,0.0
Gm20275,1.0,1.0,1.0,0.0,0.0,0.0,0.0,0.0
Thsd4,1.0,1.0,1.0,0.0,0.0,0.0,0.0,0.0
Lrrc49,1.0,1.0,1.0,0.0,0.0,0.0,0.0,0.0
Larp6,1.0,1.0,1.0,0.0,0.0,0.0,0.0,0.0
Uaca,1.0,1.0,1.0,0.0,0.0,0.0,0.0,0.0
Gm33699,1.0,1.0,1.0,0.0,0.0,0.0,0.0,0.0
Gm10655,1.0,1.0,1.0,0.0,0.0,0.0,0.0,0.0
Tle3,1.0,1.0,1.0,0.0,0.0,0.0,0.0,0.0
Rplp1,1.5876796062554575e-05,0.00011113757243788204,0.0007144558228149559,-0.16535067592509076,-0.14613193950545736,-0.12232137308396507,3.289624861941572,2.9722101455781385
Kif23,1.0,1.0,1.0,0.0,0.0,0.0,0.0,0.0
Paqr5,1.0,1.0,1.0,0.0,0.0,0.0,0.0,0.0
Glce,1.0,1.0,1.0,0.0,0.0,0.0,0.0,0.0
Anp32a,0.2615722360139493,1.0,1.0,0.0,0.0,0.0,0.0,0.0
Coro2b,1.0,1.0,1.0,0.0,0.0,0.0,0.0,0.0
Itga11,1.0,1.0,1.0,0.0,0.0,0.0,0.0,0.0
Fem1b,1.0,1.0,1.0,0.0,0.0,0.0,0.0,0.0
Cln6,1.0,1.0,1.0,0.0,0.0,0.0,0.0,0.0
Calml4,1.0,1.0,1.0,0.0,0.0,0.0,0.0,0.0
Pias1,1.0,1.0,1.0,0.0,0.0,0.0,0.0,0.0
Map2k5,1.0,1.0,1.0,0.0,0.0,0.0,0.0,0.0
2300009A05Rik,0.2615722360139493,1.0,1.0,0.0,0.0,0.0,0.0,0.0
Gm16759,1.0,1.0,1.0,0.0,0.0,0.0,0.0,0.0
Aagab,1.0,1.0,1.0,0.0,0.0,0.0,0.0,0.0
Smad3,1.0,1.0,1.0,0.0,0.0,0.0,0.0,0.0
Smad6,1.0,1.0,1.0,0.0,0.0,0.0,0.0,0.0
Zwilch,1.0,1.0,1.0,0.0,0.0,0.0,0.0,0.0
Rpl4,0.06909581646423751,0.3837421608319441,0.9699293482575216,-0.11921257206058025,-0.05290315866810799,0.021108884690822834,1.4040237114647376,1.3571572412550688
Snapc5,0.9815393059003498,1.0,1.0,0.0,0.0,0.0,0.0,0.0
Map2k1,1.0,1.0,1.0,0.0,0.0,0.0,0.0,0.0
Gm48855,1.0,1.0,1.0,0.0,0.0,0.0,0.0,0.0
Uchl4,1.0,1.0,1.0,0.0,0.0,0.0,0.0,0.0
Tipin,1.0,1.0,1.0,0.0,0.0,0.0,0.0,0.0
Dis3l,1.0,1.0,1.0,0.0,0.0,0.0,0.0,0.0
Rab11a,1.0,1.0,1.0,0.0,0.0,0.0,0.0,0.0
Dennd4a,0.00298483765976026,0.038707628800508063,0.18134476462649837,0.4098165036190277,0.5695636721351661,0.7321371933903931,0.3535480452252033,0.521933190811843
Slc24a1,1.0,1.0,1.0,0.0,0.0,0.0,0.0,0.0
Ints14,1.0,1.0,1.0,0.0,0.0,0.0,0.0,0.0
Hacd3,1.0,1.0,1.0,0.0,0.0,0.0,0.0,0.0
Dpp8,1.0,1.0,1.0,0.0,0.0,0.0,0.0,0.0
Igdcc4,1.0,1.0,1.0,0.0,0.0,0.0,0.0,0.0
Parp16,1.0,1.0,1.0,0.0,0.0,0.0,0.0,0.0
Cilp,1.0,1.0,1.0,0.0,0.0,0.0,0.0,0.0
Clpx,0.2615722360139493,1.0,1.0,0.0,0.0,0.0,0.0,0.0
Pdcd7,1.0,1.0,1.0,0.0,0.0,0.0,0.0,0.0
Slc51b,1.0,1.0,1.0,0.0,0.0,0.0,0.0,0.0
Mtfmt,1.0,1.0,1.0,0.0,0.0,0.0,0.0,0.0
Spg21,0.08856750257537103,1.0,1.0,0.0,0.0,0.0,0.0,0.0
Gm17749,1.0,1.0,1.0,0.0,0.0,0.0,0.0,0.0
Plekho2,1.0,1.0,1.0,0.0,0.0,0.0,0.0,0.0
Rbpms2,1.0,1.0,1.0,0.0,0.0,0.0,0.0,0.0
Oaz2,1.0,1.0,1.0,0.0,0.0,0.0,0.0,0.0
Zfp609,1.0,1.0,1.0,0.0,0.0,0.0,0.0,0.0
Trip4,1.0,1.0,1.0,0.0,0.0,0.0,0.0,0.0
Pclaf,1.0,1.0,1.0,0.0,0.0,0.0,0.0,0.0
Csnk1g1,1.0,1.0,1.0,0.0,0.0,0.0,0.0,0.0
Ppib,0.0073033261887751055,0.11526553941414623,0.5713582599031516,0.03273642052707591,0.10252080033359146,0.16222508327103452,1.6644645615108815,1.78606122570468
Snx22,1.0,1.0,1.0,0.0,0.0,0.0,0.0,0.0
Snx1,1.0,1.0,1.0,0.0,0.0,0.0,0.0,0.0
Ciao2a,0.08856750257537103,0.2615722360139493,1.0,0.0,0.0,0.0,0.0,0.0
Dapk2,1.0,1.0,1.0,0.0,0.0,0.0,0.0,0.0
Herc1,1.0,1.0,1.0,0.0,0.0,0.0,0.0,0.0
Fbxl22,1.0,1.0,1.0,0.0,0.0,0.0,0.0,0.0
Usp3,0.2615722360139493,1.0,1.0,0.0,0.0,0.0,0.0,0.0
Car12,1.0,1.0,1.0,0.0,0.0,0.0,0.0,0.0
Aph1b,1.0,1.0,1.0,0.0,0.0,0.0,0.0,0.0
Aph1c,1.0,1.0,1.0,0.0,0.0,0.0,0.0,0.0
Rab8b,1.0,1.0,1.0,0.0,0.0,0.0,0.0,0.0
Rps27l,0.009557831229657855,0.09788044772564897,0.5208065412399778,-0.18521104478250164,-0.11861405262247833,-0.03980128160012412,1.5774002483257124,1.450491157737655
Lactb,0.2615722360139493,1.0,1.0,0.0,0.0,0.0,0.0,0.0
Tpm1,0.2615722360139493,1.0,1.0,0.0,0.0,0.0,0.0,0.0
Tln2,1.0,1.0,1.0,0.0,0.0,0.0,0.0,0.0
C2cd4b,1.0,1.0,1.0,0.0,0.0,0.0,0.0,0.0
Vps13c,1.0,1.0,1.0,0.0,0.0,0.0,0.0,0.0
Rora,1.0,1.0,1.0,0.0,0.0,0.0,0.0,0.0
Ice2,1.0,1.0,1.0,0.0,0.0,0.0,0.0,0.0
Anxa2,1.0,1.0,1.0,0.0,0.0,0.0,0.0,0.0
Gm28731,1.0,1.0,1.0,0.0,0.0,0.0,0.0,0.0
Bnip2,1.0,1.0,1.0,0.0,0.0,0.0,0.0,0.0
Gtf2a2,0.009501095540355024,0.08856750257537103,0.4198490637342591,-26.799184383299774,0.0,0.0,0.0,0.0
Gcnt3,1.0,1.0,1.0,0.0,0.0,0.0,0.0,0.0
Myo1e,1.0,1.0,1.0,0.0,0.0,0.0,0.0,0.0
Ccnb2,1.0,1.0,1.0,0.0,0.0,0.0,0.0,0.0
Rnf111,1.0,1.0,1.0,0.0,0.0,0.0,0.0,0.0
Sltm,0.029867793297539916,0.47495853988950676,1.0,0.0,0.0,0.0,0.0,0.0
Mindy2,1.0,1.0,1.0,0.0,0.0,0.0,0.0,0.0
Adam10,1.0,1.0,1.0,0.0,0.0,0.0,0.0,0.0
Lipc,1.0,1.0,1.0,0.0,0.0,0.0,0.0,0.0
Aqp9,1.0,1.0,1.0,0.0,0.0,0.0,0.0,0.0
Aldh1a2,1.0,1.0,1.0,0.0,0.0,0.0,0.0,0.0
Polr2m,0.08856750257537103,0.47495853988950676,1.0,0.0,0.0,0.0,0.0,0.0
Myzap,1.0,1.0,1.0,0.0,0.0,0.0,0.0,0.0
Cgnl1,1.0,1.0,1.0,0.0,0.0,0.0,0.0,0.0
Tcf12,0.0007335473709934008,0.009878710885383907,0.1853939469443623,-28.209731143302005,-27.690794645564495,0.0,0.21665054710076975,0.0
Zfp280d,1.0,1.0,1.0,0.0,0.0,0.0,0.0,0.0
BC065403,1.0,1.0,1.0,0.0,0.0,0.0,0.0,0.0
Mns1,1.0,1.0,1.0,0.0,0.0,0.0,0.0,0.0
Tex9,1.0,1.0,1.0,0.0,0.0,0.0,0.0,0.0
Rfx7,1.0,1.0,1.0,0.0,0.0,0.0,0.0,0.0
Nedd4,1.0,1.0,1.0,0.0,0.0,0.0,0.0,0.0
Prtg,1.0,1.0,1.0,0.0,0.0,0.0,0.0,0.0
Pygo1,1.0,1.0,1.0,0.0,0.0,0.0,0.0,0.0
Dnaaf4,1.0,1.0,1.0,0.0,0.0,0.0,0.0,0.0
Ccpg1os,1.0,1.0,1.0,0.0,0.0,0.0,0.0,0.0
Ccpg1,0.00950146860363579,0.13493688973565135,0.7344923394458999,0.005368587928228624,0.11990234025651245,0.24929477934826588,0.5707934449114854,0.6223474320633133
Pigb,1.0,1.0,1.0,0.0,0.0,0.0,0.0,0.0
2310009A05Rik,0.009501095540355024,0.029867793297539916,0.2615722360139493,-27.04667530414626,0.0,0.0,0.0,0.0
Rab27a,1.0,1.0,1.0,0.0,0.0,0.0,0.0,0.0
Rsl24d1,0.08856750257537103,1.0,1.0,0.0,0.0,0.0,0.0,0.0
Fam214a,1.5876796062554575e-05,0.00011113757243788204,0.0010752560133364983,0.42972052161835106,0.5367836472281611,0.629260405233806,0.9624280359810207,1.3963093920190288
Arpp19,0.05737874097007224,0.23797729618163055,0.7358006167222823,0.004461321340192974,0.2374121810831256,0.4084848072683575,0.41725766733713787,0.49675712628834645
Myo5a,0.029867793297539916,0.08856750257537103,0.7670968684102772,-0.651756178662424,0.0,0.0,0.0,0.0
Myo5c,1.0,1.0,1.0,0.0,0.0,0.0,0.0,0.0
Gnb5,1.0,1.0,1.0,0.0,0.0,0.0,0.0,0.0
Gm19531,1.0,1.0,1.0,0.0,0.0,0.0,0.0,0.0
Mapk6,1.0,1.0,1.0,0.0,0.0,0.0,0.0,0.0
4933433G15Rik,1.0,1.0,1.0,0.0,0.0,0.0,0.0,0.0
Leo1,0.2615722360139493,1.0,1.0,0.0,0.0,0.0,0.0,0.0
Tmod3,1.0,1.0,1.0,0.0,0.0,0.0,0.0,0.0
Tmod2,1.0,1.0,1.0,0.0,0.0,0.0,0.0,0.0
Lysmd2,1.0,1.0,1.0,0.0,0.0,0.0,0.0,0.0
Scg3,1.0,1.0,1.0,0.0,0.0,0.0,0.0,0.0
Bmp5,1.0,1.0,1.0,0.0,0.0,0.0,0.0,0.0
Gm26903,1.0,1.0,1.0,0.0,0.0,0.0,0.0,0.0
Hmgcll1,1.0,1.0,1.0,0.0,0.0,0.0,0.0,0.0
Fam83b,1.0,1.0,1.0,0.0,0.0,0.0,0.0,0.0
Tinag,1.0,1.0,1.0,0.0,0.0,0.0,0.0,0.0
Lrrc1,1.0,1.0,1.0,0.0,0.0,0.0,0.0,0.0
Gm19569,1.0,1.0,1.0,0.0,0.0,0.0,0.0,0.0
Gclc,1.0,1.0,1.0,0.0,0.0,0.0,0.0,0.0
Elovl5,1.0,1.0,1.0,0.0,0.0,0.0,0.0,0.0
Fbxo9,1.0,1.0,1.0,0.0,0.0,0.0,0.0,0.0
Ick,1.0,1.0,1.0,0.0,0.0,0.0,0.0,0.0
Gsta4,1.0,1.0,1.0,0.0,0.0,0.0,0.0,0.0
Gsta1,1.0,1.0,1.0,0.0,0.0,0.0,0.0,0.0
Cgas,1.0,1.0,1.0,0.0,0.0,0.0,0.0,0.0
Mto1,1.0,1.0,1.0,0.0,0.0,0.0,0.0,0.0
Eef1a1,0.0010637453361911566,0.02524410573946178,0.23797729618163055,0.021914114088461806,0.04841891297408888,0.07502030791815102,2.8566898305554123,2.953350421918394
Slc17a5,0.029867793297539916,0.08856750257537103,1.0,0.0,0.0,0.0,0.0,0.0
Cd109,1.0,1.0,1.0,0.0,0.0,0.0,0.0,0.0
Col12a1,1.0,1.0,1.0,0.0,0.0,0.0,0.0,0.0
Cox7a2,0.3053901722632373,0.7632849091053426,1.0,-0.07413683437578754,0.002193513769013426,0.07647000522751564,1.0429166884367276,1.0460304053624563
Tmem30a,0.026119886392272938,0.2563423591803379,0.9682087749781295,-28.411200997780146,-28.183053297404904,-0.005844050616216709,0.3317009941660395,0.0
4930429F24Rik,1.0,1.0,1.0,0.0,0.0,0.0,0.0,0.0
Filip1,1.0,1.0,1.0,0.0,0.0,0.0,0.0,0.0
Senp6,0.0012455000145158326,0.030173926796862066,0.2872414592292746,-28.415321241254855,-28.28619337799076,-1.932652184081452,0.327813670888508,0.0
Gm17477,1.0,1.0,1.0,0.0,0.0,0.0,0.0,0.0
Myo6,1.0,1.0,1.0,0.0,0.0,0.0,0.0,0.0
Impg1,1.0,1.0,1.0,0.0,0.0,0.0,0.0,0.0
Htr1b,1.0,1.0,1.0,0.0,0.0,0.0,0.0,0.0
Irak1bp1,0.2615722360139493,1.0,1.0,0.0,0.0,0.0,0.0,0.0
Phip,0.08856750257537103,0.543861579123601,0.9505209847403642,0.0,0.0,0.0,0.0,0.0
Hmgn3,0.0001720247930818143,0.0024238779803224205,0.029254565586406815,-28.24579453497647,-28.104324603445804,-27.01467556848446,0.28856570269304727,0.0
Lca5,1.0,1.0,1.0,0.0,0.0,0.0,0.0,0.0
Sh3bgrl2,1.0,1.0,1.0,0.0,0.0,0.0,0.0,0.0
Elovl4,1.0,1.0,1.0,0.0,0.0,0.0,0.0,0.0
Ttk,1.0,1.0,1.0,0.0,0.0,0.0,0.0,0.0
Bckdhb,1.0,1.0,1.0,0.0,0.0,0.0,0.0,0.0
Tent5a,1.0,1.0,1.0,0.0,0.0,0.0,0.0,0.0
Ibtk,0.08856750257537103,1.0,1.0,0.0,0.0,0.0,0.0,0.0
9330154J02Rik,1.0,1.0,1.0,0.0,0.0,0.0,0.0,0.0
Tpbg,1.0,1.0,1.0,0.0,0.0,0.0,0.0,0.0
Ube2cbp,1.0,1.0,1.0,0.0,0.0,0.0,0.0,0.0
Dop1a,1.0,1.0,1.0,0.0,0.0,0.0,0.0,0.0
Pgm3,1.0,1.0,1.0,0.0,0.0,0.0,0.0,0.0
Rwdd2a,1.0,1.0,1.0,0.0,0.0,0.0,0.0,0.0
Me1,1.0,1.0,1.0,0.0,0.0,0.0,0.0,0.0
Cyb5r4,1.0,1.0,1.0,0.0,0.0,0.0,0.0,0.0
Cep162,1.0,1.0,1.0,0.0,0.0,0.0,0.0,0.0
Nt5e,1.0,1.0,1.0,0.0,0.0,0.0,0.0,0.0
Snx14,0.2615722360139493,0.2615722360139493,1.0,0.0,0.0,0.0,0.0,0.0
Gm28229,1.0,1.0,1.0,0.0,0.0,0.0,0.0,0.0
Syncrip,0.029867793297539916,0.1853939469443623,0.8822739356449067,-26.078827156272432,0.0,0.0,0.0,0.0
Snhg5,1.0,1.0,1.0,0.0,0.0,0.0,0.0,0.0
Zfp949,1.0,1.0,1.0,0.0,0.0,0.0,0.0,0.0
9430037G07Rik,1.0,1.0,1.0,0.0,0.0,0.0,0.0,0.0
Mthfsl,1.0,1.0,1.0,0.0,0.0,0.0,0.0,0.0
Bcl2a1d,1.0,1.0,1.0,0.0,0.0,0.0,0.0,0.0
Gm29562,1.0,1.0,1.0,0.0,0.0,0.0,0.0,0.0
9330159M07Rik,1.0,1.0,1.0,0.0,0.0,0.0,0.0,0.0
Gm2396,1.0,1.0,1.0,0.0,0.0,0.0,0.0,0.0
Bcl2a1a,1.0,1.0,1.0,0.0,0.0,0.0,0.0,0.0
Bcl2a1b,1.0,1.0,1.0,0.0,0.0,0.0,0.0,0.0
Mthfs,1.0,1.0,1.0,0.0,0.0,0.0,0.0,0.0
Gm47403,1.0,1.0,1.0,0.0,0.0,0.0,0.0,0.0
Tmed3,0.04733962957329886,0.44223408735130043,1.0,-28.235692315338092,-28.047803645840755,-0.4064402288408552,0.2816198816134354,0.0
Rasgrf1,1.0,1.0,1.0,0.0,0.0,0.0,0.0,0.0
Ctsh,0.08856750257537103,0.2615722360139493,1.0,0.0,0.0,0.0,0.0,0.0
Morf4l1,3.175359212510915e-05,0.00047630388187663733,0.005493371437643883,0.2179399671053402,0.3186270305236715,0.431269076625026,0.760435421213946,0.9488890173008425
Adamts7,1.0,1.0,1.0,0.0,0.0,0.0,0.0,0.0
Tbc1d2b,1.0,1.0,1.0,0.0,0.0,0.0,0.0,0.0
Plscr1,1.0,1.0,1.0,0.0,0.0,0.0,0.0,0.0
Plscr2,1.0,1.0,1.0,0.0,0.0,0.0,0.0,0.0
Plscr4,1.0,1.0,1.0,0.0,0.0,0.0,0.0,0.0
Plod2,1.0,1.0,1.0,0.0,0.0,0.0,0.0,0.0
Dipk2a,1.0,1.0,1.0,0.0,0.0,0.0,0.0,0.0
Slc9a9,1.0,1.0,1.0,0.0,0.0,0.0,0.0,0.0
Chst2,1.0,1.0,1.0,0.0,0.0,0.0,0.0,0.0
U2surp,0.002778685068188869,0.029867793297539916,0.29147411368370935,-27.548788204852077,0.0,0.0,0.0,0.0
Gm28424,1.0,1.0,1.0,0.0,0.0,0.0,0.0,0.0
Pcolce2,1.0,1.0,1.0,0.0,0.0,0.0,0.0,0.0
Trpc1,1.0,1.0,1.0,0.0,0.0,0.0,0.0,0.0
Pls1,0.04801397289426615,0.25780297915087447,0.8527260614461021,0.0,0.0,27.224610062032298,0.0,0.0
1700065D16Rik,1.0,1.0,1.0,0.0,0.0,0.0,0.0,0.0
Atr,1.0,1.0,1.0,0.0,0.0,0.0,0.0,0.0
Gm16794,1.0,1.0,1.0,0.0,0.0,0.0,0.0,0.0
Xrn1,0.2615722360139493,1.0,1.0,0.0,0.0,0.0,0.0,0.0
Gk5,1.0,1.0,1.0,0.0,0.0,0.0,0.0,0.0
Tfdp2,1.0,1.0,1.0,0.0,0.0,0.0,0.0,0.0
Atp1b3,0.009501095540355024,0.08856750257537103,1.0,-26.113041104228998,0.0,0.0,0.0,0.0
BC043934,1.0,1.0,1.0,0.0,0.0,0.0,0.0,0.0
Rnf7,3.5291394948257277e-05,0.00045702595175391706,0.012043702802337904,-28.455398579920352,-28.364883668692478,-28.2427982785823,0.34568521613770925,0.0
Rasa2,0.1853939469443623,0.7563611602870911,0.9595657057843286,0.0,0.0,0.0,0.0,0.0
Zbtb38,0.00035657175513219313,0.01663334113528102,0.22079488315067616,-28.385686763265046,-28.269803019186615,-28.11437699191217,0.3236373816789875,0.0
Pxylp1,1.0,1.0,1.0,0.0,0.0,0.0,0.0,0.0
Spsb4,1.0,1.0,1.0,0.0,0.0,0.0,0.0,0.0
Gm19325,1.0,1.0,1.0,0.0,0.0,0.0,0.0,0.0
Slc25a36,0.2615722360139493,1.0,1.0,0.0,0.0,0.0,0.0,0.0
Gm16185,1.0,1.0,1.0,0.0,0.0,0.0,0.0,0.0
Nmnat3,1.0,1.0,1.0,0.0,0.0,0.0,0.0,0.0
Rbp1,1.0,1.0,1.0,0.0,0.0,0.0,0.0,0.0
4930579K19Rik,1.0,1.0,1.0,0.0,0.0,0.0,0.0,0.0
Copb2,3.5291394948257277e-05,0.00045702595175391706,0.004349570090077775,-28.392862381606033,-28.255646149864262,-28.107367455080336,0.32047712948169277,0.0
Mrps22,1.0,1.0,1.0,0.0,0.0,0.0,0.0,0.0
Faim,1.0,1.0,1.0,0.0,0.0,0.0,0.0,0.0
Gm1123,1.0,1.0,1.0,0.0,0.0,0.0,0.0,0.0
Pik3cb,1.0,1.0,1.0,0.0,0.0,0.0,0.0,0.0
Cep70,1.0,1.0,1.0,0.0,0.0,0.0,0.0,0.0
Esyt3,1.0,1.0,1.0,0.0,0.0,0.0,0.0,0.0
Mras,1.0,1.0,1.0,0.0,0.0,0.0,0.0,0.0
Armc8,1.0,1.0,1.0,0.0,0.0,0.0,0.0,0.0
Dbr1,1.0,1.0,1.0,0.0,0.0,0.0,0.0,0.0
Dzip1l,1.0,1.0,1.0,0.0,0.0,0.0,0.0,0.0
Il20rb,1.0,1.0,1.0,0.0,0.0,0.0,0.0,0.0
Nck1,0.2615722360139493,1.0,1.0,0.0,0.0,0.0,0.0,0.0
Slc35g2,1.0,1.0,1.0,0.0,0.0,0.0,0.0,0.0
Stag1,0.08856750257537103,0.2615722360139493,1.0,0.0,0.0,0.0,0.0,0.0
Pccb,1.0,1.0,1.0,0.0,0.0,0.0,0.0,0.0
Msl2,1.0,1.0,1.0,0.0,0.0,0.0,0.0,0.0
Ppp2r3a,1.0,1.0,1.0,0.0,0.0,0.0,0.0,0.0
Ky,1.0,1.0,1.0,0.0,0.0,0.0,0.0,0.0
Cep63,1.0,1.0,1.0,0.0,0.0,0.0,0.0,0.0
Anapc13,0.0036795952539845703,0.0482901904027378,0.36863947455180446,-28.619827899429758,-0.4119372728371513,-0.058503435788494776,0.4098422429731182,0.3127455250717599
Amotl2,1.0,1.0,1.0,0.0,0.0,0.0,0.0,0.0
Ryk,1.0,1.0,1.0,0.0,0.0,0.0,0.0,0.0
Slco2a1,1.0,1.0,1.0,0.0,0.0,0.0,0.0,0.0
Rab6b,1.0,1.0,1.0,0.0,0.0,0.0,0.0,0.0
Srprb,0.0067291913048864,0.12425239792934435,0.6083787677123833,-28.369750631279526,-28.261422557657525,-0.9325813409724825,0.3238175369658645,0.0
Trf,0.18134476462649837,0.6784313725490196,1.0,-0.15121720141786352,0.0029537706920982716,0.2092055911777219,0.6575649182419434,0.6602041892074885
Topbp1,1.0,1.0,1.0,0.0,0.0,0.0,0.0,0.0
Cdv3,6.35071842502183e-05,0.0015241724220052392,0.020131777407319206,0.1870592477103519,0.28026027909309686,0.3707162980871539,0.9003286561298947,1.0934645256978088
Gm47328,1.0,1.0,1.0,0.0,0.0,0.0,0.0,0.0
5830418P13Rik,0.08856750257537103,0.2615722360139493,1.0,0.0,0.0,0.0,0.0,0.0
Bfsp2,1.0,1.0,1.0,0.0,0.0,0.0,0.0,0.0
Tmem108,1.0,1.0,1.0,0.0,0.0,0.0,0.0,0.0
Nphp3,1.0,1.0,1.0,0.0,0.0,0.0,0.0,0.0
Uba5,0.3053901722632373,0.7870583697675441,1.0,-0.211024945602954,-0.05560128964400321,0.15575147910520037,0.489033119374481,0.4685894220645035
Acad11,1.0,1.0,1.0,0.0,0.0,0.0,0.0,0.0
Ackr4,1.0,1.0,1.0,0.0,0.0,0.0,0.0,0.0
Dnajc13,0.2615722360139493,1.0,1.0,0.0,0.0,0.0,0.0,0.0
Acpp,1.0,1.0,1.0,0.0,0.0,0.0,0.0,0.0
Cpne4,1.0,1.0,1.0,0.0,0.0,0.0,0.0,0.0
Mrpl3,1.0,1.0,1.0,0.0,0.0,0.0,0.0,0.0
Nudt16,1.0,1.0,1.0,0.0,0.0,0.0,0.0,0.0
Aste1,1.0,1.0,1.0,0.0,0.0,0.0,0.0,0.0
Atp2c1,1.0,1.0,1.0,0.0,0.0,0.0,0.0,0.0
Gm19667,1.0,1.0,1.0,0.0,0.0,0.0,0.0,0.0
Pik3r4,1.0,1.0,1.0,0.0,0.0,0.0,0.0,0.0
Col6a6,1.0,1.0,1.0,0.0,0.0,0.0,0.0,0.0
Col6a5,1.0,1.0,1.0,0.0,0.0,0.0,0.0,0.0
Col6a4,1.0,1.0,1.0,0.0,0.0,0.0,0.0,0.0
Glyctk,1.0,1.0,1.0,0.0,0.0,0.0,0.0,0.0
Wdr82,1.0,1.0,1.0,0.0,0.0,0.0,0.0,0.0
Ppm1m,1.0,1.0,1.0,0.0,0.0,0.0,0.0,0.0
Twf2,1.0,1.0,1.0,0.0,0.0,0.0,0.0,0.0
Tlr9,1.0,1.0,1.0,0.0,0.0,0.0,0.0,0.0
Alas1,1.0,1.0,1.0,0.0,0.0,0.0,0.0,0.0
Poc1a,1.0,1.0,1.0,0.0,0.0,0.0,0.0,0.0
Dusp7,1.0,1.0,1.0,0.0,0.0,0.0,0.0,0.0
Rpl29,0.001766887954560588,0.020131777407319206,0.1568627450980392,-0.39431540541499654,-0.25793490287519194,-0.12215412811732297,0.6171063494887681,0.5171937418617635
Acy1,1.0,1.0,1.0,0.0,0.0,0.0,0.0,0.0
Abhd14a,1.0,1.0,1.0,0.0,0.0,0.0,0.0,0.0
Abhd14b,1.0,1.0,1.0,0.0,0.0,0.0,0.0,0.0
Pcbp4,1.0,1.0,1.0,0.0,0.0,0.0,0.0,0.0
Parp3,1.0,1.0,1.0,0.0,0.0,0.0,0.0,0.0
Rrp9,1.0,1.0,1.0,0.0,0.0,0.0,0.0,0.0
Tex264,0.2615722360139493,1.0,1.0,0.0,0.0,0.0,0.0,0.0
Rad54l2,1.0,1.0,1.0,0.0,0.0,0.0,0.0,0.0
Dcaf1,1.0,1.0,1.0,0.0,0.0,0.0,0.0,0.0
Manf,1.5876796062554575e-05,0.0015241724220052392,0.02524410573946178,0.11638225527852669,0.1846269069603072,0.2586559884187173,1.6860050346833075,1.9151171653013574
Rbm15b,1.0,1.0,1.0,0.0,0.0,0.0,0.0,0.0
4930524O07Rik,1.0,1.0,1.0,0.0,0.0,0.0,0.0,0.0
Mapkapk3,1.0,1.0,1.0,0.0,0.0,0.0,0.0,0.0
Cish,1.0,1.0,1.0,0.0,0.0,0.0,0.0,0.0
Hemk1,1.0,1.0,1.0,0.0,0.0,0.0,0.0,0.0
Cacna2d2,1.0,1.0,1.0,0.0,0.0,0.0,0.0,0.0
Tmem115,1.0,1.0,1.0,0.0,0.0,0.0,0.0,0.0
Cyb561d2,0.2615722360139493,1.0,1.0,0.0,0.0,0.0,0.0,0.0
Nprl2,1.0,1.0,1.0,0.0,0.0,0.0,0.0,0.0
Rassf1,1.0,1.0,1.0,0.0,0.0,0.0,0.0,0.0
Gm9917,1.0,1.0,1.0,0.0,0.0,0.0,0.0,0.0
Tusc2,0.2615722360139493,0.2615722360139493,1.0,0.0,0.0,0.0,0.0,0.0
Hyal2,1.0,1.0,1.0,0.0,0.0,0.0,0.0,0.0
Hyal1,1.0,1.0,1.0,0.0,0.0,0.0,0.0,0.0
Naa80,1.0,1.0,1.0,0.0,0.0,0.0,0.0,0.0
Ifrd2,1.0,1.0,1.0,0.0,0.0,0.0,0.0,0.0
Sema3b,1.0,1.0,1.0,0.0,0.0,0.0,0.0,0.0
Gnai2,0.009557831229657855,0.13493688973565135,0.6784313725490196,0.025483047133590675,0.15697041611359241,0.33482329504488495,0.49672755828887405,0.5526837037899741
Sema3f,1.0,1.0,1.0,0.0,0.0,0.0,0.0,0.0
Rbm5,0.08856750257537103,0.2615722360139493,1.0,0.0,0.0,0.0,0.0,0.0
Rbm6,1.0,1.0,1.0,0.0,0.0,0.0,0.0,0.0
Mon1a,1.0,1.0,1.0,0.0,0.0,0.0,0.0,0.0
Mst1r,1.0,1.0,1.0,0.0,0.0,0.0,0.0,0.0
Traip,1.0,1.0,1.0,0.0,0.0,0.0,0.0,0.0
Uba7,1.0,1.0,1.0,0.0,0.0,0.0,0.0,0.0
Inka1,1.0,1.0,1.0,0.0,0.0,0.0,0.0,0.0
Cdhr4,1.0,1.0,1.0,0.0,0.0,0.0,0.0,0.0
Ip6k1,0.2615722360139493,0.2615722360139493,1.0,0.0,0.0,0.0,0.0,0.0
Gmppb,0.002778685068188869,0.029867793297539916,0.08856750257537103,-27.540560149627662,0.0,0.0,0.0,0.0
Rnf123,1.0,1.0,1.0,0.0,0.0,0.0,0.0,0.0
Amigo3,1.0,1.0,1.0,0.0,0.0,0.0,0.0,0.0
Apeh,1.0,1.0,1.0,0.0,0.0,0.0,0.0,0.0
Bsn,1.0,1.0,1.0,0.0,0.0,0.0,0.0,0.0
Dag1,1.0,1.0,1.0,0.0,0.0,0.0,0.0,0.0
Nicn1,1.0,1.0,1.0,0.0,0.0,0.0,0.0,0.0
Amt,1.0,1.0,1.0,0.0,0.0,0.0,0.0,0.0
Tcta,1.0,1.0,1.0,0.0,0.0,0.0,0.0,0.0
Rhoa,0.00011113757243788204,0.00409621338413908,0.05737874097007224,0.09933552081559731,0.21603891421273913,0.3662801401103196,0.6807057508327643,0.7853428207820907
Gpx1,0.2596551285404619,0.7280611426419807,1.0,-0.9094566840587143,0.06406615560654713,0.31287374019126,0.3566225748336157,0.37785250671249276
Usp4,1.0,1.0,1.0,0.0,0.0,0.0,0.0,0.0
1700102P08Rik,1.0,1.0,1.0,0.0,0.0,0.0,0.0,0.0
Klhdc8b,1.0,1.0,1.0,0.0,0.0,0.0,0.0,0.0
Ccdc71,1.0,1.0,1.0,0.0,0.0,0.0,0.0,0.0
Lamb2,1.0,1.0,1.0,0.0,0.0,0.0,0.0,0.0
Usp19,1.0,1.0,1.0,0.0,0.0,0.0,0.0,0.0
Qars,0.2615722360139493,1.0,1.0,0.0,0.0,0.0,0.0,0.0
Qrich1,1.0,1.0,1.0,0.0,0.0,0.0,0.0,0.0
Impdh2,0.2615722360139493,1.0,1.0,0.0,0.0,0.0,0.0,0.0
Ndufaf3,0.2615722360139493,1.0,1.0,0.0,0.0,0.0,0.0,0.0
4833445I07Rik,1.0,1.0,1.0,0.0,0.0,0.0,0.0,0.0
Dalrd3,1.0,1.0,1.0,0.0,0.0,0.0,0.0,0.0
Wdr6,1.0,1.0,1.0,0.0,0.0,0.0,0.0,0.0
P4htm,1.0,1.0,1.0,0.0,0.0,0.0,0.0,0.0
Gm38163,1.0,1.0,1.0,0.0,0.0,0.0,0.0,0.0
Arih2,0.2615722360139493,1.0,1.0,0.0,0.0,0.0,0.0,0.0
Slc25a20,1.0,1.0,1.0,0.0,0.0,0.0,0.0,0.0
Prkar2a,1.0,1.0,1.0,0.0,0.0,0.0,0.0,0.0
Ip6k2,1.0,1.0,1.0,0.0,0.0,0.0,0.0,0.0
Nckipsd,1.0,1.0,1.0,0.0,0.0,0.0,0.0,0.0
Slc26a6,1.0,1.0,1.0,0.0,0.0,0.0,0.0,0.0
Uqcrc1,0.2615722360139493,1.0,1.0,0.0,0.0,0.0,0.0,0.0
Col7a1,1.0,1.0,1.0,0.0,0.0,0.0,0.0,0.0
Gm38004,1.0,1.0,1.0,0.0,0.0,0.0,0.0,0.0
Pfkfb4,1.0,1.0,1.0,0.0,0.0,0.0,0.0,0.0
Shisa5,0.012399777724855125,0.1568627450980392,0.7359319679288707,0.0065847257636212795,0.09823642033782844,0.20588626878431576,0.9909031339698038,1.0574758518239373
Atrip,1.0,1.0,1.0,0.0,0.0,0.0,0.0,0.0
Tma7,0.13493688973565135,0.6784313725490196,1.0,-0.09178188865686285,-0.020080922035460746,0.06490412070840801,0.8488191332406672,0.8360277872355414
Ccdc51,1.0,1.0,1.0,0.0,0.0,0.0,0.0,0.0
Plxnb1,1.0,1.0,1.0,0.0,0.0,0.0,0.0,0.0
Nme6,1.0,1.0,1.0,0.0,0.0,0.0,0.0,0.0
Cdc25a,0.2615722360139493,1.0,1.0,0.0,0.0,0.0,0.0,0.0
Map4,1.0,1.0,1.0,0.0,0.0,0.0,0.0,0.0
Dhx30,1.0,1.0,1.0,0.0,0.0,0.0,0.0,0.0
Smarcc1,0.2615722360139493,1.0,1.0,0.0,0.0,0.0,0.0,0.0
Cspg5,1.0,1.0,1.0,0.0,0.0,0.0,0.0,0.0
Elp6,1.0,1.0,1.0,0.0,0.0,0.0,0.0,0.0
Scap,1.0,1.0,1.0,0.0,0.0,0.0,0.0,0.0
Ptpn23,1.0,1.0,1.0,0.0,0.0,0.0,0.0,0.0
Klhl18,1.0,1.0,1.0,0.0,0.0,0.0,0.0,0.0
Kif9,1.0,1.0,1.0,0.0,0.0,0.0,0.0,0.0
Setd2,1.0,1.0,1.0,0.0,0.0,0.0,0.0,0.0
Nradd,1.0,1.0,1.0,0.0,0.0,0.0,0.0,0.0
Nbeal2,1.0,1.0,1.0,0.0,0.0,0.0,0.0,0.0
Ccdc12,1.0,1.0,1.0,0.0,0.0,0.0,0.0,0.0
Pth1r,1.0,1.0,1.0,0.0,0.0,0.0,0.0,0.0
Als2cl,1.0,1.0,1.0,0.0,0.0,0.0,0.0,0.0
Ltf,1.0,1.0,1.0,0.0,0.0,0.0,0.0,0.0
Ccrl2,1.0,1.0,1.0,0.0,0.0,0.0,0.0,0.0
Lrrfip2,0.2615722360139493,1.0,1.0,0.0,0.0,0.0,0.0,0.0
Mlh1,1.0,1.0,1.0,0.0,0.0,0.0,0.0,0.0
Epm2aip1,1.0,1.0,1.0,0.0,0.0,0.0,0.0,0.0
Pdcd6ip,0.2615722360139493,1.0,1.0,0.0,0.0,0.0,0.0,0.0
Clasp2,1.0,1.0,1.0,0.0,0.0,0.0,0.0,0.0
Ubp1,1.0,1.0,1.0,0.0,0.0,0.0,0.0,0.0
Fbxl2,1.0,1.0,1.0,0.0,0.0,0.0,0.0,0.0
Bcl2a1c,1.0,1.0,1.0,0.0,0.0,0.0,0.0,0.0
4930520O04Rik,1.0,1.0,1.0,0.0,0.0,0.0,0.0,0.0
Crtap,1.0,1.0,1.0,0.0,0.0,0.0,0.0,0.0
Glb1,1.0,1.0,1.0,0.0,0.0,0.0,0.0,0.0
Tmppe,1.0,1.0,1.0,0.0,0.0,0.0,0.0,0.0
Ccr4,1.0,1.0,1.0,0.0,0.0,0.0,0.0,0.0
Cnot10,1.0,1.0,1.0,0.0,0.0,0.0,0.0,0.0
Dync1li1,1.0,1.0,1.0,0.0,0.0,0.0,0.0,0.0
Cmtm6,0.2615722360139493,1.0,1.0,0.0,0.0,0.0,0.0,0.0
Cmtm7,0.003115656038067578,0.025857953701754505,0.2218587010401008,-28.718484079196912,-28.509882720789367,-0.5406735666608842,0.39982396313088325,0.0
Gm9888,1.0,1.0,1.0,0.0,0.0,0.0,0.0,0.0
Cmtm8,1.0,1.0,1.0,0.0,0.0,0.0,0.0,0.0
Gpd1l,1.0,1.0,1.0,0.0,0.0,0.0,0.0,0.0
Osbpl10,1.0,1.0,1.0,0.0,0.0,0.0,0.0,0.0
Rps27rt,0.002778685068188869,0.029254565586406815,0.1853939469443623,-28.110624086003973,-27.08162991401641,0.0,0.142030930579393,0.0
Stt3b,0.0050666118127268445,0.029479628718648274,0.25433305334599404,1.5108208787863917,28.411201096786492,28.606219090834227,0.0,0.357715769736
Tgfbr2,1.0,1.0,1.0,0.0,0.0,0.0,0.0,0.0
Gm4668,1.0,1.0,1.0,0.0,0.0,0.0,0.0,0.0
D730003K21Rik,1.0,1.0,1.0,0.0,0.0,0.0,0.0,0.0
Rbms3,1.0,1.0,1.0,0.0,0.0,0.0,0.0,0.0
Gm17396,1.0,1.0,1.0,0.0,0.0,0.0,0.0,0.0
Gm26614,1.0,1.0,1.0,0.0,0.0,0.0,0.0,0.0
Azi2,0.2615722360139493,1.0,1.0,0.0,0.0,0.0,0.0,0.0
Cmc1,0.08856750257537103,1.0,1.0,0.0,0.0,0.0,0.0,0.0
Gm17399,1.0,1.0,1.0,0.0,0.0,0.0,0.0,0.0
Eomes,1.0,1.0,1.0,0.0,0.0,0.0,0.0,0.0
Golga4,0.009501095540355024,0.1853939469443623,0.8685181258352878,-27.78719671472075,0.0,0.0,0.0,0.0
Itga9,1.0,1.0,1.0,0.0,0.0,0.0,0.0,0.0
Ctdspl,1.0,1.0,1.0,0.0,0.0,0.0,0.0,0.0
Vill,1.0,1.0,1.0,0.0,0.0,0.0,0.0,0.0
Plcd1,1.0,1.0,1.0,0.0,0.0,0.0,0.0,0.0
Oxsr1,1.0,1.0,1.0,0.0,0.0,0.0,0.0,0.0
Myd88,1.0,1.0,1.0,0.0,0.0,0.0,0.0,0.0
Acaa1a,0.2615722360139493,1.0,1.0,0.0,0.0,0.0,0.0,0.0
Xylb,1.0,1.0,1.0,0.0,0.0,0.0,0.0,0.0
Acvr2b,1.0,1.0,1.0,0.0,0.0,0.0,0.0,0.0
Exog,1.0,1.0,1.0,0.0,0.0,0.0,0.0,0.0
Wdr48,1.0,1.0,1.0,0.0,0.0,0.0,0.0,0.0
Cx3cr1,1.0,1.0,1.0,0.0,0.0,0.0,0.0,0.0
Gorasp1,1.0,1.0,1.0,0.0,0.0,0.0,0.0,0.0
Ttc21a,1.0,1.0,1.0,0.0,0.0,0.0,0.0,0.0
Csrnp1,0.029867793297539916,0.08856750257537103,0.2615722360139493,0.0,0.0,0.0,0.0,0.0
1700019L13Rik,1.0,1.0,1.0,0.0,0.0,0.0,0.0,0.0
Ccr8,1.0,1.0,1.0,0.0,0.0,0.0,0.0,0.0
Slc25a38,1.0,1.0,1.0,0.0,0.0,0.0,0.0,0.0
Rpsa,0.08249583234103358,0.4726680955783123,1.0,-0.023949062953734737,0.018601942843418248,0.04981252385821377,2.3674116042510938,2.398513702723921
Myrip,1.0,1.0,1.0,0.0,0.0,0.0,0.0,0.0
D830035M03Rik,1.0,1.0,1.0,0.0,0.0,0.0,0.0,0.0
Eif1b,0.029867793297539916,0.08856750257537103,0.7670968684102772,0.0,0.0,0.0,0.0,0.0
Entpd3,1.0,1.0,1.0,0.0,0.0,0.0,0.0,0.0
Rpl14,0.05737874097007224,0.3837421608319441,0.9699293482575216,-0.0891722960380142,-0.04199251531442061,0.011531601821548432,1.851815613325965,1.7987800079303287
5830454E08Rik,1.0,1.0,1.0,0.0,0.0,0.0,0.0,0.0
Gm39459,1.0,1.0,1.0,0.0,0.0,0.0,0.0,0.0
Ctnnb1,0.2615722360139493,1.0,1.0,0.0,0.0,0.0,0.0,0.0
Ulk4,1.0,1.0,1.0,0.0,0.0,0.0,0.0,0.0
Trak1,1.0,1.0,1.0,0.0,0.0,0.0,0.0,0.0
Vipr1,1.0,1.0,1.0,0.0,0.0,0.0,0.0,0.0
Sec22c,1.0,1.0,1.0,0.0,0.0,0.0,0.0,0.0
Ss18l2,0.029867793297539916,0.08856750257537103,0.2615722360139493,0.0,0.0,0.0,0.0,0.0
Nktr,0.11526553941414623,0.4726680955783123,1.0,-0.2985460364076127,-0.14745980131877243,0.05086411761912687,0.5114010155636867,0.46146072653407544
E530011L22Rik,1.0,1.0,1.0,0.0,0.0,0.0,0.0,0.0
Zfp651,1.0,1.0,1.0,0.0,0.0,0.0,0.0,0.0
Higd1a,0.028688810319848834,0.38386061691619233,0.9638969075506822,-28.13477832321501,-26.848075565588143,0.0,0.120802540451295,0.0
Ackr2,1.0,1.0,1.0,0.0,0.0,0.0,0.0,0.0
1700048O20Rik,1.0,1.0,1.0,0.0,0.0,0.0,0.0,0.0
Gask1a,1.0,1.0,1.0,0.0,0.0,0.0,0.0,0.0
Pomgnt2,1.0,1.0,1.0,0.0,0.0,0.0,0.0,0.0
Snrk,1.0,1.0,1.0,0.0,0.0,0.0,0.0,0.0
Gm47121,1.0,1.0,1.0,0.0,0.0,0.0,0.0,0.0
Ano10,1.0,1.0,1.0,0.0,0.0,0.0,0.0,0.0
Gm26797,1.0,1.0,1.0,0.0,0.0,0.0,0.0,0.0
Abhd5,1.0,1.0,1.0,0.0,0.0,0.0,0.0,0.0
9530059O14Rik,1.0,1.0,1.0,0.0,0.0,0.0,0.0,0.0
Tcaim,1.0,1.0,1.0,0.0,0.0,0.0,0.0,0.0
Zfp445,1.0,1.0,1.0,0.0,0.0,0.0,0.0,0.0
Zkscan7,1.0,1.0,1.0,0.0,0.0,0.0,0.0,0.0
Zfp105,1.0,1.0,1.0,0.0,0.0,0.0,0.0,0.0
1110059G10Rik,1.0,1.0,1.0,0.0,0.0,0.0,0.0,0.0
Kif15,1.0,1.0,1.0,0.0,0.0,0.0,0.0,0.0
Gm9856,1.0,1.0,1.0,0.0,0.0,0.0,0.0,0.0
Tmem42,1.0,1.0,1.0,0.0,0.0,0.0,0.0,0.0
Zdhhc3,1.0,1.0,1.0,0.0,0.0,0.0,0.0,0.0
Exosc7,0.2615722360139493,1.0,1.0,0.0,0.0,0.0,0.0,0.0
Clec3b,1.0,1.0,1.0,0.0,0.0,0.0,0.0,0.0
Cdcp1,1.0,1.0,1.0,0.0,0.0,0.0,0.0,0.0
Tmem158,1.0,1.0,1.0,0.0,0.0,0.0,0.0,0.0
Lars2,0.002298161159643722,0.11101737175263846,0.7855770073680495,0.06628416742496479,0.37704414585319435,0.601846314550216,0.31664417510486953,0.408852756504458
Limd1,0.2615722360139493,0.47495853988950676,1.0,0.0,0.0,0.0,0.0,0.0
Sacm1l,1.0,1.0,1.0,0.0,0.0,0.0,0.0,0.0
Slc6a20a,1.0,1.0,1.0,0.0,0.0,0.0,0.0,0.0
Ccr9,1.0,1.0,1.0,0.0,0.0,0.0,0.0,0.0
Lztfl1,0.0026120715148522738,0.0583492399385958,0.3747677914932922,0.2749096742639928,0.4319951507129858,0.5835394228260825,0.3330100557272446,0.448120571486801
Gm17021,1.0,1.0,1.0,0.0,0.0,0.0,0.0,0.0
Fyco1,1.0,1.0,1.0,0.0,0.0,0.0,0.0,0.0
Cxcr6,1.0,1.0,1.0,0.0,0.0,0.0,0.0,0.0
Xcr1,1.0,1.0,1.0,0.0,0.0,0.0,0.0,0.0
Ccr1,1.0,1.0,1.0,0.0,0.0,0.0,0.0,0.0
Ccr3,1.0,1.0,1.0,0.0,0.0,0.0,0.0,0.0
Ccr2,1.0,1.0,1.0,0.0,0.0,0.0,0.0,0.0
Ccr5,1.0,1.0,1.0,0.0,0.0,0.0,0.0,0.0
Gm39469,1.0,1.0,1.0,0.0,0.0,0.0,0.0,0.0
2010315B03Rik,1.0,1.0,1.0,0.0,0.0,0.0,0.0,0.0
Ppp2r3d,1.0,1.0,1.0,0.0,0.0,0.0,0.0,0.0
Ppp1r14c,1.0,1.0,1.0,0.0,0.0,0.0,0.0,0.0
Plekhg1,1.0,1.0,1.0,0.0,0.0,0.0,0.0,0.0
Mthfd1l,1.0,1.0,1.0,0.0,0.0,0.0,0.0,0.0
Akap12,1.0,1.0,1.0,0.0,0.0,0.0,0.0,0.0
Zbtb2,1.0,1.0,1.0,0.0,0.0,0.0,0.0,0.0
Gm21781,1.0,1.0,1.0,0.0,0.0,0.0,0.0,0.0
Rmnd1,1.0,1.0,1.0,0.0,0.0,0.0,0.0,0.0
Armt1,1.0,1.0,1.0,0.0,0.0,0.0,0.0,0.0
Ccdc170,1.0,1.0,1.0,0.0,0.0,0.0,0.0,0.0
Esr1,1.0,1.0,1.0,0.0,0.0,0.0,0.0,0.0
Syne1,1.0,1.0,1.0,0.0,0.0,0.0,0.0,0.0
Myct1,1.0,1.0,1.0,0.0,0.0,0.0,0.0,0.0
Fbxo5,1.0,1.0,1.0,0.0,0.0,0.0,0.0,0.0
Mtrf1l,1.0,1.0,1.0,0.0,0.0,0.0,0.0,0.0
Rgs17,1.0,1.0,1.0,0.0,0.0,0.0,0.0,0.0
Ipcef1,1.0,1.0,1.0,0.0,0.0,0.0,0.0,0.0
Cnksr3,1.0,1.0,1.0,0.0,0.0,0.0,0.0,0.0
Ulbp1,1.0,1.0,1.0,0.0,0.0,0.0,0.0,0.0
Lrp11,1.0,1.0,1.0,0.0,0.0,0.0,0.0,0.0
Pcmt1,0.08856750257537103,0.2615722360139493,1.0,0.0,0.0,0.0,0.0,0.0
Nup43,1.0,1.0,1.0,0.0,0.0,0.0,0.0,0.0
Lats1,1.0,1.0,1.0,0.0,0.0,0.0,0.0,0.0
Katna1,1.0,1.0,1.0,0.0,0.0,0.0,0.0,0.0
Ginm1,0.009501095540355024,0.08856750257537103,0.29298633880622815,-26.723635295752953,0.0,0.0,0.0,0.0
B430219N15Rik,1.0,1.0,1.0,0.0,0.0,0.0,0.0,0.0
Ppil4,0.009501095540355024,0.08856750257537103,1.0,-25.848495952927735,0.0,0.0,0.0,0.0
Zc3h12d,1.0,1.0,1.0,0.0,0.0,0.0,0.0,0.0
Tab2,0.2615722360139493,1.0,1.0,0.0,0.0,0.0,0.0,0.0
Ust,1.0,1.0,1.0,0.0,0.0,0.0,0.0,0.0
Sash1,1.0,1.0,1.0,0.0,0.0,0.0,0.0,0.0
Samd5,1.0,1.0,1.0,0.0,0.0,0.0,0.0,0.0
Stxbp5,1.0,1.0,1.0,0.0,0.0,0.0,0.0,0.0
Rab32,1.0,1.0,1.0,0.0,0.0,0.0,0.0,0.0
Shprh,1.0,1.0,1.0,0.0,0.0,0.0,0.0,0.0
4930432B10Rik,1.0,1.0,1.0,0.0,0.0,0.0,0.0,0.0
Fbxo30,1.0,1.0,1.0,0.0,0.0,0.0,0.0,0.0
Epm2a,1.0,1.0,1.0,0.0,0.0,0.0,0.0,0.0
Utrn,1.0,1.0,1.0,0.0,0.0,0.0,0.0,0.0
B230208H11Rik,1.0,1.0,1.0,0.0,0.0,0.0,0.0,0.0
Stx11,1.0,1.0,1.0,0.0,0.0,0.0,0.0,0.0
Sf3b5,0.03012902709297274,0.22176406846357022,0.7855571560139146,-28.60771736257173,-2.2165698718531948,-0.004938475815322917,0.37300451309307503,0.078610429158985
Plagl1,1.0,1.0,1.0,0.0,0.0,0.0,0.0,0.0
Ltv1,1.0,1.0,1.0,0.0,0.0,0.0,0.0,0.0
Phactr2,1.0,1.0,1.0,0.0,0.0,0.0,0.0,0.0
Fuca2,1.0,1.0,1.0,0.0,0.0,0.0,0.0,0.0
Pex3,1.0,1.0,1.0,0.0,0.0,0.0,0.0,0.0
Adat2,1.0,1.0,1.0,0.0,0.0,0.0,0.0,0.0
Aig1,0.47495853988950676,1.0,1.0,0.0,0.0,0.0,0.0,0.0
Hivep2,1.0,1.0,1.0,0.0,0.0,0.0,0.0,0.0
Adgrg6,1.0,1.0,1.0,0.0,0.0,0.0,0.0,0.0
Vta1,1.0,1.0,1.0,0.0,0.0,0.0,0.0,0.0
Gm47769,1.0,1.0,1.0,0.0,0.0,0.0,0.0,0.0
Cited2,0.06397748914910027,0.3053901722632373,0.8506311026434865,0.01489131984263811,0.20224144840768216,0.42989867539048354,0.49895601983143034,0.5737015476993055
Txlnb,1.0,1.0,1.0,0.0,0.0,0.0,0.0,0.0
Heca,1.0,1.0,1.0,0.0,0.0,0.0,0.0,0.0
Abracl,0.18134476462649837,0.6238787012780821,1.0,-0.07444853055384414,0.07054296102941796,0.2358836106035945,0.49162285875753076,0.5157368705541056
Reps1,1.0,1.0,1.0,0.0,0.0,0.0,0.0,0.0
Ccdc28a,1.0,1.0,1.0,0.0,0.0,0.0,0.0,0.0
Gm10827,1.0,1.0,1.0,0.0,0.0,0.0,0.0,0.0
Nhsl1,1.0,1.0,1.0,0.0,0.0,0.0,0.0,0.0
Hebp2,1.0,1.0,1.0,0.0,0.0,0.0,0.0,0.0
Arfgef3,1.0,1.0,1.0,0.0,0.0,0.0,0.0,0.0
Perp,1.0,1.0,1.0,0.0,0.0,0.0,0.0,0.0
Tnfaip3,0.2615722360139493,1.0,1.0,0.0,0.0,0.0,0.0,0.0
Gm20139,1.0,1.0,1.0,0.0,0.0,0.0,0.0,0.0
Gm33104,1.0,1.0,1.0,0.0,0.0,0.0,0.0,0.0
Ifngr1,0.2615722360139493,1.0,1.0,0.0,0.0,0.0,0.0,0.0
Il22ra2,1.0,1.0,1.0,0.0,0.0,0.0,0.0,0.0
Pex7,1.0,1.0,1.0,0.0,0.0,0.0,0.0,0.0
Map3k5,1.0,1.0,1.0,0.0,0.0,0.0,0.0,0.0
Map7,1.0,1.0,1.0,0.0,0.0,0.0,0.0,0.0
4933406P04Rik,1.0,1.0,1.0,0.0,0.0,0.0,0.0,0.0
Bclaf1,0.0017191380645145984,0.06362866762178243,0.6953707911129164,-28.279020852728365,-28.043284213750685,0.0,0.27724910479162124,0.0
Mtfr2,1.0,1.0,1.0,0.0,0.0,0.0,0.0,0.0
Pde7b,1.0,1.0,1.0,0.0,0.0,0.0,0.0,0.0
Ahi1,1.0,1.0,1.0,0.0,0.0,0.0,0.0,0.0
Myb,1.0,1.0,1.0,0.0,0.0,0.0,0.0,0.0
Hbs1l,0.08856750257537103,0.08856750257537103,1.0,0.0,0.0,0.0,0.0,0.0
Sgk1,1.0,1.0,1.0,0.0,0.0,0.0,0.0,0.0
E030030I06Rik,1.0,1.0,1.0,0.0,0.0,0.0,0.0,0.0
H60b,1.0,1.0,1.0,0.0,0.0,0.0,0.0,0.0
Gm26740,1.0,1.0,1.0,0.0,0.0,0.0,0.0,0.0
Slc2a12,1.0,1.0,1.0,0.0,0.0,0.0,0.0,0.0
Tbpl1,1.0,1.0,1.0,0.0,0.0,0.0,0.0,0.0
Gm10824,1.0,1.0,1.0,0.0,0.0,0.0,0.0,0.0
Tcf21,1.0,1.0,1.0,0.0,0.0,0.0,0.0,0.0
Eya4,1.0,1.0,1.0,0.0,0.0,0.0,0.0,0.0
Rps12,0.015860919266492024,0.2082876875446535,0.7920774787647853,-0.10609585538969306,-0.0690167219848806,-0.030263621586563524,2.5844235851886026,2.4623468866358813
Slc18b1,1.0,1.0,1.0,0.0,0.0,0.0,0.0,0.0
Vnn3,1.0,1.0,1.0,0.0,0.0,0.0,0.0,0.0
Stx7,1.0,1.0,1.0,0.0,0.0,0.0,0.0,0.0
Moxd1,1.0,1.0,1.0,0.0,0.0,0.0,0.0,0.0
Gm15270,1.0,1.0,1.0,0.0,0.0,0.0,0.0,0.0
Ccn2,1.0,1.0,1.0,0.0,0.0,0.0,0.0,0.0
Enpp1,0.0001720247930818143,0.002778685068188869,0.029867793297539916,-28.177416946988075,-27.91991437430079,0.0,0.25394034268663174,0.0
Enpp3,1.0,1.0,1.0,0.0,0.0,0.0,0.0,0.0
Med23,1.0,1.0,1.0,0.0,0.0,0.0,0.0,0.0
Arg1,1.0,1.0,1.0,0.0,0.0,0.0,0.0,0.0
Akap7,1.0,1.0,1.0,0.0,0.0,0.0,0.0,0.0
Epb41l2,1.0,1.0,1.0,0.0,0.0,0.0,0.0,0.0
Gm36543,1.0,1.0,1.0,0.0,0.0,0.0,0.0,0.0
Tmem200a,1.0,1.0,1.0,0.0,0.0,0.0,0.0,0.0
Samd3,1.0,1.0,1.0,0.0,0.0,0.0,0.0,0.0
L3mbtl3,1.0,1.0,1.0,0.0,0.0,0.0,0.0,0.0
Arhgap18,1.0,1.0,1.0,0.0,0.0,0.0,0.0,0.0
Lama2,1.0,1.0,1.0,0.0,0.0,0.0,0.0,0.0
Ptprk,1.0,1.0,1.0,0.0,0.0,0.0,0.0,0.0
Themis,1.0,1.0,1.0,0.0,0.0,0.0,0.0,0.0
Gm46218,1.0,1.0,1.0,0.0,0.0,0.0,0.0,0.0
Echdc1,1.0,1.0,1.0,0.0,0.0,0.0,0.0,0.0
Rnf146,1.0,1.0,1.0,0.0,0.0,0.0,0.0,0.0
Rspo3,1.0,1.0,1.0,0.0,0.0,0.0,0.0,0.0
Cenpw,1.0,1.0,1.0,0.0,0.0,0.0,0.0,0.0
Trmt11,1.0,1.0,1.0,0.0,0.0,0.0,0.0,0.0
Gm20300,1.0,1.0,1.0,0.0,0.0,0.0,0.0,0.0
Hint3,0.0007335473709934008,0.002778685068188869,0.06067621353514402,-28.19833294096926,-28.05541285901832,-26.013115855260303,0.27894643136890723,0.0
Ncoa7,1.0,1.0,1.0,0.0,0.0,0.0,0.0,0.0
Hddc2,1.0,1.0,1.0,0.0,0.0,0.0,0.0,0.0
Rnf217,1.0,1.0,1.0,0.0,0.0,0.0,0.0,0.0
Zup1,1.0,1.0,1.0,0.0,0.0,0.0,0.0,0.0
A830082N09Rik,1.0,1.0,1.0,0.0,0.0,0.0,0.0,0.0
Rwdd1,0.12734576319606353,0.531643923280555,1.0,-28.461626066289256,-0.6013715833648183,0.10829659404940703,0.35747621135190677,0.23798651493440026
Gm48045,1.0,1.0,1.0,0.0,0.0,0.0,0.0,0.0
Calhm5,1.0,1.0,1.0,0.0,0.0,0.0,0.0,0.0
Calhm6,1.0,1.0,1.0,0.0,0.0,0.0,0.0,0.0
Dse,1.0,1.0,1.0,0.0,0.0,0.0,0.0,0.0
Tspyl1,1.0,1.0,1.0,0.0,0.0,0.0,0.0,0.0
Nt5dc1,1.0,1.0,1.0,0.0,0.0,0.0,0.0,0.0
Gm47512,1.0,1.0,1.0,0.0,0.0,0.0,0.0,0.0
Tspyl4,1.0,1.0,1.0,0.0,0.0,0.0,0.0,0.0
Frk,1.0,1.0,1.0,0.0,0.0,0.0,0.0,0.0
Amd2,1.0,1.0,1.0,0.0,0.0,0.0,0.0,0.0
Hdac2,1.0,1.0,1.0,0.0,0.0,0.0,0.0,0.0
Marcks,1.0,1.0,1.0,0.0,0.0,0.0,0.0,0.0
5930403N24Rik,1.0,1.0,1.0,0.0,0.0,0.0,0.0,0.0
Lama4,1.0,1.0,1.0,0.0,0.0,0.0,0.0,0.0
Fam229b,1.0,1.0,1.0,0.0,0.0,0.0,0.0,0.0
Tube1,1.0,1.0,1.0,0.0,0.0,0.0,0.0,0.0
Fyn,1.0,1.0,1.0,0.0,0.0,0.0,0.0,0.0
Gm16364.1,1.0,1.0,1.0,0.0,0.0,0.0,0.0,0.0
Traf3ip2,1.0,1.0,1.0,0.0,0.0,0.0,0.0,0.0
E130307A14Rik,1.0,1.0,1.0,0.0,0.0,0.0,0.0,0.0
Rev3l,1.0,1.0,1.0,0.0,0.0,0.0,0.0,0.0
Mfsd4b4,1.0,1.0,1.0,0.0,0.0,0.0,0.0,0.0
Slc16a10,1.0,1.0,1.0,0.0,0.0,0.0,0.0,0.0
Rpf2,1.0,1.0,1.0,0.0,0.0,0.0,0.0,0.0
Gtf3c6,0.029867793297539916,0.08856750257537103,0.2615722360139493,0.0,0.0,0.0,0.0,0.0
Amd1,1.0,1.0,1.0,0.0,0.0,0.0,0.0,0.0
Cdk19,1.0,1.0,1.0,0.0,0.0,0.0,0.0,0.0
Mettl24,1.0,1.0,1.0,0.0,0.0,0.0,0.0,0.0
Cdc40,1.0,1.0,1.0,0.0,0.0,0.0,0.0,0.0
Wasf1,1.0,1.0,1.0,0.0,0.0,0.0,0.0,0.0
Fig4,1.0,1.0,1.0,0.0,0.0,0.0,0.0,0.0
Zbtb24,1.0,1.0,1.0,0.0,0.0,0.0,0.0,0.0
Mical1,1.0,1.0,1.0,0.0,0.0,0.0,0.0,0.0
Smpd2,1.0,1.0,1.0,0.0,0.0,0.0,0.0,0.0
Cd164,0.0007335473709934008,0.022438890030895015,0.1403889715411655,-28.34448538521842,-28.094200259895757,-26.986823704922575,0.28654773562820274,0.0
Ccdc162,1.0,1.0,1.0,0.0,0.0,0.0,0.0,0.0
5730435O14Rik,1.0,1.0,1.0,0.0,0.0,0.0,0.0,0.0
Cep57l1,1.0,1.0,1.0,0.0,0.0,0.0,0.0,0.0
Sesn1,0.08856750257537103,0.2615722360139493,1.0,0.0,0.0,0.0,0.0,0.0
Foxo3,1.0,1.0,1.0,0.0,0.0,0.0,0.0,0.0
Afg1l,1.0,1.0,1.0,0.0,0.0,0.0,0.0,0.0
Snx3,0.06117467691385191,0.5078659413810841,0.9595657057843286,-28.005469057601484,0.0,0.0,0.0,0.0
Ostm1,0.2615722360139493,1.0,1.0,0.0,0.0,0.0,0.0,0.0
Sec63,0.19295395496156922,0.7274683619586189,1.0,-1.913972731448435,0.07326753915572429,0.33136493047337306,0.346128234217623,0.3641263831468441
Scml4,1.0,1.0,1.0,0.0,0.0,0.0,0.0,0.0
Gm34006,1.0,1.0,1.0,0.0,0.0,0.0,0.0,0.0
Gm48671,1.0,1.0,1.0,0.0,0.0,0.0,0.0,0.0
Sobp,1.0,1.0,1.0,0.0,0.0,0.0,0.0,0.0
Pdss2,1.0,1.0,1.0,0.0,0.0,0.0,0.0,0.0
Bend3,1.0,1.0,1.0,0.0,0.0,0.0,0.0,0.0
Gm9803,1.0,1.0,1.0,0.0,0.0,0.0,0.0,0.0
1700021F05Rik,1.0,1.0,1.0,0.0,0.0,0.0,0.0,0.0
Cd24a,0.0010637453361911566,0.03142017940779551,0.3837421608319441,0.11433325208051366,0.32409539307488106,0.5607211909097796,0.4687705436325345,0.5871693651765866
4933404K13Rik,1.0,1.0,1.0,0.0,0.0,0.0,0.0,0.0
Qrsl1,1.0,1.0,1.0,0.0,0.0,0.0,0.0,0.0
Rtn4ip1,1.0,1.0,1.0,0.0,0.0,0.0,0.0,0.0
Crybg1,1.0,1.0,1.0,0.0,0.0,0.0,0.0,0.0
Atg5,0.2615722360139493,1.0,1.0,0.0,0.0,0.0,0.0,0.0
Prdm1,6.0342433300663835e-05,0.0035319278065916466,0.11313937058977978,-28.383495394238004,-28.247518596705905,-27.80832401168041,0.31867676590333927,0.0
Gm48065,1.0,1.0,1.0,0.0,0.0,0.0,0.0,0.0
Gm35154,1.0,1.0,1.0,0.0,0.0,0.0,0.0,0.0
Gm48066,1.0,1.0,1.0,0.0,0.0,0.0,0.0,0.0
Prep,1.0,1.0,1.0,0.0,0.0,0.0,0.0,0.0
Hace1,1.0,1.0,1.0,0.0,0.0,0.0,0.0,0.0
Ascc3,0.00023894611760944188,0.010836137721840637,0.1905325723446617,-28.43213735271352,-28.306954537685876,-28.13093504510918,0.33207975536177925,0.0
Lilr4b,1.0,1.0,1.0,0.0,0.0,0.0,0.0,0.0
Gm40645,1.0,1.0,1.0,0.0,0.0,0.0,0.0,0.0
Lilrb4a,1.0,1.0,1.0,0.0,0.0,0.0,0.0,0.0
Gm46224,1.0,1.0,1.0,0.0,0.0,0.0,0.0,0.0
Fam162b,1.0,1.0,1.0,0.0,0.0,0.0,0.0,0.0
Dcbld1,1.0,1.0,1.0,0.0,0.0,0.0,0.0,0.0
Gopc,1.0,1.0,1.0,0.0,0.0,0.0,0.0,0.0
Nus1,0.029867793297539916,0.029867793297539916,0.3519631185845171,0.0,0.0,0.0,0.0,0.0
Cep85l,1.0,1.0,1.0,0.0,0.0,0.0,0.0,0.0
Gm47644,1.0,1.0,1.0,0.0,0.0,0.0,0.0,0.0
Mcm9,1.0,1.0,1.0,0.0,0.0,0.0,0.0,0.0
Asf1a,0.08856750257537103,0.2615722360139493,1.0,0.0,0.0,0.0,0.0,0.0
Man1a,1.5876796062554575e-05,0.00030165912518853697,0.0073033261887751055,0.4700320894721011,0.673661365012736,0.8100389966000738,0.3915273239346572,0.6263836244396273
Gm47917,1.0,1.0,1.0,0.0,0.0,0.0,0.0,0.0
Gm16998,1.0,1.0,1.0,0.0,0.0,0.0,0.0,0.0
Tbc1d32,1.0,1.0,1.0,0.0,0.0,0.0,0.0,0.0
Msl3l2,1.0,1.0,1.0,0.0,0.0,0.0,0.0,0.0
Gja1,1.0,1.0,1.0,0.0,0.0,0.0,0.0,0.0
Hsf2,1.0,1.0,1.0,0.0,0.0,0.0,0.0,0.0
Serinc1,0.009722283767213943,0.13188112985309486,0.7567332360489443,0.1203678767537029,0.30792508711948435,0.46998536877594116,0.33350969325803276,0.4128159759269433
Pkib,1.0,1.0,1.0,0.0,0.0,0.0,0.0,0.0
Fabp7,1.0,1.0,1.0,0.0,0.0,0.0,0.0,0.0
Smpdl3a,1.0,1.0,1.0,0.0,0.0,0.0,0.0,0.0
Gcc2,1.0,1.0,1.0,0.0,0.0,0.0,0.0,0.0
Lims1,0.029867793297539916,0.2615722360139493,1.0,0.0,0.0,0.0,0.0,0.0
Ranbp2,0.028688810319848834,0.1853939469443623,0.8685181258352878,-27.779557230689843,0.0,0.0,0.0,0.0
Ccdc138,1.0,1.0,1.0,0.0,0.0,0.0,0.0,0.0
Sept10,1.0,1.0,1.0,0.0,0.0,0.0,0.0,0.0
Sowahc,1.0,1.0,1.0,0.0,0.0,0.0,0.0,0.0
P4ha1,1.0,1.0,1.0,0.0,0.0,0.0,0.0,0.0
Mcu,1.0,1.0,1.0,0.0,0.0,0.0,0.0,0.0
Micu1,1.0,1.0,1.0,0.0,0.0,0.0,0.0,0.0
Dnajb12,1.0,1.0,1.0,0.0,0.0,0.0,0.0,0.0
Ddit4,1.0,1.0,1.0,0.0,0.0,0.0,0.0,0.0
Anapc16,0.08856750257537103,0.2615722360139493,1.0,0.0,0.0,0.0,0.0,0.0
Ascc1,1.0,1.0,1.0,0.0,0.0,0.0,0.0,0.0
Spock2,1.0,1.0,1.0,0.0,0.0,0.0,0.0,0.0
Chst3,1.0,1.0,1.0,0.0,0.0,0.0,0.0,0.0
Psap,0.0016374834138126345,0.08202252754450108,0.7249560728402249,-28.278100134804806,-28.193792625973533,-1.134863296160421,0.30856787198156177,0.0
Cdh23,1.0,1.0,1.0,0.0,0.0,0.0,0.0,0.0
Vsir,0.009501095540355024,0.029867793297539916,0.08856750257537103,-27.046583102098285,0.0,0.0,0.0,0.0
Gm17455,1.0,1.0,1.0,0.0,0.0,0.0,0.0,0.0
Slc29a3,1.0,1.0,1.0,0.0,0.0,0.0,0.0,0.0
Unc5b,1.0,1.0,1.0,0.0,0.0,0.0,0.0,0.0
Pcbd1,1.0,1.0,1.0,0.0,0.0,0.0,0.0,0.0
Sgpl1,1.0,1.0,1.0,0.0,0.0,0.0,0.0,0.0
Adamts14,1.0,1.0,1.0,0.0,0.0,0.0,0.0,0.0
Prf1,1.0,1.0,1.0,0.0,0.0,0.0,0.0,0.0
Pald1,1.0,1.0,1.0,0.0,0.0,0.0,0.0,0.0
Eif4ebp2,0.2615722360139493,1.0,1.0,0.0,0.0,0.0,0.0,0.0
Gm48086,1.0,1.0,1.0,0.0,0.0,0.0,0.0,0.0
Lrrc20,1.0,1.0,1.0,0.0,0.0,0.0,0.0,0.0
Ppa1,0.002610657445055541,0.03476737110768555,0.3311849615084903,-28.630692387030077,-0.4332771502106314,-0.06382813528694069,0.43052313370429296,0.3317543495942364
Sar1a,0.03142017940779551,0.3837421608319441,0.9699293482575216,-0.03574043739351675,0.08487580470821449,0.20744091923417055,0.5499883105367656,0.5850666847812169
Tysnd1,1.0,1.0,1.0,0.0,0.0,0.0,0.0,0.0
Aifm2,1.0,1.0,1.0,0.0,0.0,0.0,0.0,0.0
H2afy2,1.0,1.0,1.0,0.0,0.0,0.0,0.0,0.0
Col13a1,1.0,1.0,1.0,0.0,0.0,0.0,0.0,0.0
Fam241b,1.0,1.0,1.0,0.0,0.0,0.0,0.0,0.0
Tspan15,1.0,1.0,1.0,0.0,0.0,0.0,0.0,0.0
Hk1,1.0,1.0,1.0,0.0,0.0,0.0,0.0,0.0
Hk1os,1.0,1.0,1.0,0.0,0.0,0.0,0.0,0.0
Supv3l1,1.0,1.0,1.0,0.0,0.0,0.0,0.0,0.0
Vps26a,1.0,1.0,1.0,0.0,0.0,0.0,0.0,0.0
Srgn,0.00019052155275065493,0.005493371437643883,0.038707628800508063,0.08780863144952236,0.14160483240802407,0.21115665087561308,2.012623264741894,2.2186005335008163
Kif1bp,1.0,1.0,1.0,0.0,0.0,0.0,0.0,0.0
Ddx21,0.05161263766000387,0.4971635133972835,1.0,-28.12629750963361,-27.08737048048597,0.0,0.1428356614782765,0.0
Ddx50,0.0007335473709934008,0.009501095540355024,0.12233417091613663,-28.068820244673425,-26.059238914419133,0.0,0.069921795390661,0.0
Stox1,1.0,1.0,1.0,0.0,0.0,0.0,0.0,0.0
Ccar1,0.2615722360139493,0.2615722360139493,0.2615722360139493,0.0,0.0,0.0,0.0,0.0
Tet1,1.0,1.0,1.0,0.0,0.0,0.0,0.0,0.0
Slc25a16,1.0,1.0,1.0,0.0,0.0,0.0,0.0,0.0
Dna2,1.0,1.0,1.0,0.0,0.0,0.0,0.0,0.0
Rufy2,1.0,1.0,1.0,0.0,0.0,0.0,0.0,0.0
Hnrnph3,0.2615722360139493,1.0,1.0,0.0,0.0,0.0,0.0,0.0
Pbld1,1.0,1.0,1.0,0.0,0.0,0.0,0.0,0.0
Herc4,1.0,1.0,1.0,0.0,0.0,0.0,0.0,0.0
Gm26789,1.0,1.0,1.0,0.0,0.0,0.0,0.0,0.0
Sirt1,1.0,1.0,1.0,0.0,0.0,0.0,0.0,0.0
Dnajc12,1.0,1.0,1.0,0.0,0.0,0.0,0.0,0.0
1110002J07Rik,1.0,1.0,1.0,0.0,0.0,0.0,0.0,0.0
Reep3,0.2615722360139493,1.0,1.0,0.0,0.0,0.0,0.0,0.0
Jmjd1c,0.008811687315672974,0.09464756245883273,0.5599050408010385,-28.699235621167993,-0.6301233251873806,-0.0033991200779650912,0.4241532758985255,0.2749665872131455
Nrbf2,0.009501095540355024,0.08856750257537103,1.0,-25.869389561399036,0.0,0.0,0.0,0.0
Egr2,1.0,1.0,1.0,0.0,0.0,0.0,0.0,0.0
Ado,1.0,1.0,1.0,0.0,0.0,0.0,0.0,0.0
Rtkn2,1.0,1.0,1.0,0.0,0.0,0.0,0.0,0.0
Arid5b,0.2615722360139493,1.0,1.0,0.0,0.0,0.0,0.0,0.0
Cabcoco1,1.0,1.0,1.0,0.0,0.0,0.0,0.0,0.0
Tmem26,1.0,1.0,1.0,0.0,0.0,0.0,0.0,0.0
Rhobtb1,0.2615722360139493,0.7670968684102772,0.8822739356449067,0.0,0.0,0.0,0.0,0.0
A930033H14Rik,1.0,1.0,1.0,0.0,0.0,0.0,0.0,0.0
Cdk1,1.0,1.0,1.0,0.0,0.0,0.0,0.0,0.0
Ank3,1.0,1.0,1.0,0.0,0.0,0.0,0.0,0.0
Ccdc6,1.0,1.0,1.0,0.0,0.0,0.0,0.0,0.0
Slc16a9,1.0,1.0,1.0,0.0,0.0,0.0,0.0,0.0
Fam13c,1.0,1.0,1.0,0.0,0.0,0.0,0.0,0.0
Bicc1,1.0,1.0,1.0,0.0,0.0,0.0,0.0,0.0
Tfam,0.2615722360139493,1.0,1.0,0.0,0.0,0.0,0.0,0.0
Ube2d1,1.0,1.0,1.0,0.0,0.0,0.0,0.0,0.0
Cisd1,0.0007335473709934008,0.009501095540355024,0.08856750257537103,-28.069457562333984,-26.97260115257154,0.0,0.13169280041968373,0.0
Ipmk,1.0,1.0,1.0,0.0,0.0,0.0,0.0,0.0
Zwint,1.0,1.0,1.0,0.0,0.0,0.0,0.0,0.0
Gnaz,1.0,1.0,1.0,0.0,0.0,0.0,0.0,0.0
Rab36,1.0,1.0,1.0,0.0,0.0,0.0,0.0,0.0
Bcr,1.0,1.0,1.0,0.0,0.0,0.0,0.0,0.0
Specc1l,0.2615722360139493,1.0,1.0,0.0,0.0,0.0,0.0,0.0
Adora2a,1.0,1.0,1.0,0.0,0.0,0.0,0.0,0.0
Gucd1,1.0,1.0,1.0,0.0,0.0,0.0,0.0,0.0
Upb1,1.0,1.0,1.0,0.0,0.0,0.0,0.0,0.0
Snrpd3,0.002778685068188869,0.029254565586406815,0.207040121399021,-28.04165075800687,-26.886252772644994,0.0,0.124041940611377,0.0
Lrrc75b,1.0,1.0,1.0,0.0,0.0,0.0,0.0,0.0
Ggt5,1.0,1.0,1.0,0.0,0.0,0.0,0.0,0.0
Susd2,1.0,1.0,1.0,0.0,0.0,0.0,0.0,0.0
Cabin1,0.2615722360139493,1.0,1.0,0.0,0.0,0.0,0.0,0.0
Ddt,0.002778685068188869,0.029867793297539916,0.26231978295569264,-27.810092157008125,0.0,0.0,0.0,0.0
Gstt3,1.0,1.0,1.0,0.0,0.0,0.0,0.0,0.0
Gstt1,1.0,1.0,1.0,0.0,0.0,0.0,0.0,0.0
Gstt2,1.0,1.0,1.0,0.0,0.0,0.0,0.0,0.0
Mif,0.08249583234103358,0.5208065412399778,0.970681114551083,-0.18232054639272163,-0.08001760073241555,0.07284878060493573,0.8187295141314233,0.7746290541091245
Derl3,0.09788044772564897,0.5713582599031516,1.0,-0.07154852442783749,0.012082732543131074,0.13091836360178072,0.8932248796390649,0.8975149103065633
Smarcb1,1.0,1.0,1.0,0.0,0.0,0.0,0.0,0.0
Mmp11,1.0,1.0,1.0,0.0,0.0,0.0,0.0,0.0
Chchd10,0.2702706993728666,0.7920774787647853,1.0,-0.16334800729695556,-0.02608391992032716,0.1366351459181022,1.205955093266015,1.1833266557557498
Vpreb3,0.00019052155275065493,0.0021592442645074223,0.038707628800508063,-0.6588729130315717,-0.506377322267847,-0.36384372765728307,1.1165122659870788,0.7875829061867157
Gm5134,1.0,1.0,1.0,0.0,0.0,0.0,0.0,0.0
Zfp280b,1.0,1.0,1.0,0.0,0.0,0.0,0.0,0.0
Prmt2,1.0,1.0,1.0,0.0,0.0,0.0,0.0,0.0
Dip2a,1.0,1.0,1.0,0.0,0.0,0.0,0.0,0.0
Pcnt,1.0,1.0,1.0,0.0,0.0,0.0,0.0,0.0
Ybey,1.0,1.0,1.0,0.0,0.0,0.0,0.0,0.0
Mcm3ap,1.0,1.0,1.0,0.0,0.0,0.0,0.0,0.0
Lss,1.0,1.0,1.0,0.0,0.0,0.0,0.0,0.0
Col6a2,1.0,1.0,1.0,0.0,0.0,0.0,0.0,0.0
Col6a1,1.0,1.0,1.0,0.0,0.0,0.0,0.0,0.0
Pcbp3,1.0,1.0,1.0,0.0,0.0,0.0,0.0,0.0
Slc19a1,1.0,1.0,1.0,0.0,0.0,0.0,0.0,0.0
Col18a1,1.0,1.0,1.0,0.0,0.0,0.0,0.0,0.0
Gm10941,1.0,1.0,1.0,0.0,0.0,0.0,0.0,0.0
Pofut2,0.2615722360139493,1.0,1.0,0.0,0.0,0.0,0.0,0.0
Adarb1,1.0,1.0,1.0,0.0,0.0,0.0,0.0,0.0
Fam207a,1.0,1.0,1.0,0.0,0.0,0.0,0.0,0.0
Itgb2,0.009501095540355024,0.08856750257537103,0.2615722360139493,-26.6209720516865,0.0,0.0,0.0,0.0
Pttg1ip,0.08856750257537103,0.47495853988950676,1.0,0.0,0.0,0.0,0.0,0.0
Sumo3,0.2615722360139493,1.0,1.0,0.0,0.0,0.0,0.0,0.0
Ube2g2,0.2572471176779851,1.0,1.0,0.0,0.0,0.0,0.0,0.0
1700009J07Rik,1.0,1.0,1.0,0.0,0.0,0.0,0.0,0.0
Lrrc3,1.0,1.0,1.0,0.0,0.0,0.0,0.0,0.0
Trpm2,1.0,1.0,1.0,0.0,0.0,0.0,0.0,0.0
Cfap410,1.0,1.0,1.0,0.0,0.0,0.0,0.0,0.0
Pfkl,1.0,1.0,1.0,0.0,0.0,0.0,0.0,0.0
Dnmt3l,1.0,1.0,1.0,0.0,0.0,0.0,0.0,0.0
Icosl,1.0,1.0,1.0,0.0,0.0,0.0,0.0,0.0
Gatd3a,1.0,1.0,1.0,0.0,0.0,0.0,0.0,0.0
Pwp2,1.0,1.0,1.0,0.0,0.0,0.0,0.0,0.0
Trappc10,0.2615722360139493,1.0,1.0,0.0,0.0,0.0,0.0,0.0
Gm30122,1.0,1.0,1.0,0.0,0.0,0.0,0.0,0.0
Agpat3,0.009501095540355024,0.08856750257537103,0.28003293011358377,-25.981601151657916,0.0,0.0,0.0,0.0
Rrp1,0.009501095540355024,0.08856750257537103,0.7670968684102772,-26.885445108870517,0.0,0.0,0.0,0.0
Cstb,0.0012699687110282526,0.016089428281262762,0.11849542545026674,-28.38165259142967,-28.245299482709637,-28.14479393087162,0.31818696154505927,0.0
Pdxk,1.0,1.0,1.0,0.0,0.0,0.0,0.0,0.0
Ilvbl,1.0,1.0,1.0,0.0,0.0,0.0,0.0,0.0
Syde1,1.0,1.0,1.0,0.0,0.0,0.0,0.0,0.0
Casp14,1.0,1.0,1.0,0.0,0.0,0.0,0.0,0.0
Slc1a6,1.0,1.0,1.0,0.0,0.0,0.0,0.0,0.0
2610008E11Rik,1.0,1.0,1.0,0.0,0.0,0.0,0.0,0.0
Gm47015,1.0,1.0,1.0,0.0,0.0,0.0,0.0,0.0
Plpp2,1.0,1.0,1.0,0.0,0.0,0.0,0.0,0.0
Mier2,1.0,1.0,1.0,0.0,0.0,0.0,0.0,0.0
Shc2,1.0,1.0,1.0,0.0,0.0,0.0,0.0,0.0
Gm47163,1.0,1.0,1.0,0.0,0.0,0.0,0.0,0.0
Tpgs1,1.0,1.0,1.0,0.0,0.0,0.0,0.0,0.0
Cdc34,0.0001720247930818143,0.002778685068188869,0.05183922705688217,-28.32522891158704,-28.22695345675079,-27.04564063682268,0.31416635644051094,0.0
Gzmm,1.0,1.0,1.0,0.0,0.0,0.0,0.0,0.0
Bsg,0.005493371437643883,0.1568627450980392,0.7920774787647853,-0.12049078256876934,-0.06170767499624152,-0.0025530404966903363,0.9252218479931287,0.8864966387029583
Polrmt,1.0,1.0,1.0,0.0,0.0,0.0,0.0,0.0
Rnf126,1.0,1.0,1.0,0.0,0.0,0.0,0.0,0.0
Fstl3,1.0,1.0,1.0,0.0,0.0,0.0,0.0,0.0
Prss57,1.0,1.0,1.0,0.0,0.0,0.0,0.0,0.0
Palm,1.0,1.0,1.0,0.0,0.0,0.0,0.0,0.0
Misp,1.0,1.0,1.0,0.0,0.0,0.0,0.0,0.0
E130317F20Rik,1.0,1.0,1.0,0.0,0.0,0.0,0.0,0.0
Ptbp1,0.08856750257537103,1.0,1.0,0.0,0.0,0.0,0.0,0.0
Plppr3,1.0,1.0,1.0,0.0,0.0,0.0,0.0,0.0
Prtn3,1.0,1.0,1.0,0.0,0.0,0.0,0.0,0.0
Med16,1.0,1.0,1.0,0.0,0.0,0.0,0.0,0.0
R3hdm4,1.0,1.0,1.0,0.0,0.0,0.0,0.0,0.0
Kiss1r,1.0,1.0,1.0,0.0,0.0,0.0,0.0,0.0
Arid3a,0.03765027643980603,0.543861579123601,1.0,-26.203505792120836,0.0,0.0,0.0,0.0
Wdr18,0.2615722360139493,1.0,1.0,0.0,0.0,0.0,0.0,0.0
Tmem259,1.0,1.0,1.0,0.0,0.0,0.0,0.0,0.0
Cnn2,1.0,1.0,1.0,0.0,0.0,0.0,0.0,0.0
Abca7,1.0,1.0,1.0,0.0,0.0,0.0,0.0,0.0
Arhgap45,0.0036211088724564374,0.023393608981855916,0.12753149310990836,2.714355454548762,28.689356253081613,28.85061641343119,0.0,0.4349294380227876
Polr2e,0.00030027499632088615,0.006087838681301112,0.0583492399385958,0.46847761593238596,0.6608397978273879,1.8418391648702894,0.2902001340376275,0.4562537499626329
Gpx4,1.5876796062554575e-05,0.00030165912518853697,0.00409621338413908,0.2959358440376319,0.40214644296936397,0.5091764965292527,0.6793584721230979,0.8993142065325521
Sbno2,0.08856750257537103,0.47495853988950676,1.0,0.0,0.0,0.0,0.0,0.0
Stk11,1.0,1.0,1.0,0.0,0.0,0.0,0.0,0.0
Cbarp,1.0,1.0,1.0,0.0,0.0,0.0,0.0,0.0
Atp5d,0.00298483765976026,0.03142017940779551,0.3063340477891553,0.10850121106655988,0.2200358331734482,0.31257370390889117,0.713523540417108,0.8309929866382937
Midn,1.0,1.0,1.0,0.0,0.0,0.0,0.0,0.0
Cirbp,0.002778685068188869,0.029867793297539916,0.1853939469443623,-28.085175879822984,-25.95446315202338,0.0,0.0650237367126845,0.0
1600002K03Rik,1.0,1.0,1.0,0.0,0.0,0.0,0.0,0.0
Efna2,1.0,1.0,1.0,0.0,0.0,0.0,0.0,0.0
Pwwp3a,1.0,1.0,1.0,0.0,0.0,0.0,0.0,0.0
Ndufs7,0.26307542788228355,0.7283560871056942,1.0,-0.10814765135696264,0.04749514688829727,0.21904264091049255,0.4233828921449484,0.4402493241089255
Gamt,1.0,1.0,1.0,0.0,0.0,0.0,0.0,0.0
Dazap1,0.2615722360139493,1.0,1.0,0.0,0.0,0.0,0.0,0.0
Rps15,0.0007144558228149559,0.012399777724855125,0.13493688973565135,-0.2658451863988592,-0.19587697369379398,-0.12921253711164596,1.9998750524094175,1.7514752585102888
2310011J03Rik,1.0,1.0,1.0,0.0,0.0,0.0,0.0,0.0
Adamtsl5,1.0,1.0,1.0,0.0,0.0,0.0,0.0,0.0
Mex3d,1.0,1.0,1.0,0.0,0.0,0.0,0.0,0.0
Mbd3,0.029867793297539916,0.2615722360139493,0.2615722360139493,0.0,0.0,0.0,0.0,0.0
Uqcr11,0.11526553941414623,0.6238787012780821,1.0,-0.11436216591822007,-0.005327574879346632,0.10831978099983693,0.7819075869641996,0.7793679828086899
Tcf3,0.9815393059003498,1.0,1.0,0.0,0.0,0.0,0.0,0.0
Rexo1,1.0,1.0,1.0,0.0,0.0,0.0,0.0,0.0
Klf16,1.0,1.0,1.0,0.0,0.0,0.0,0.0,0.0
Abhd17a,0.08856750257537103,0.2615722360139493,1.0,0.0,0.0,0.0,0.0,0.0
Gm49322,1.0,1.0,1.0,0.0,0.0,0.0,0.0,0.0
Csnk1g2,0.08856750257537103,0.2615722360139493,1.0,0.0,0.0,0.0,0.0,0.0
Btbd2,1.0,1.0,1.0,0.0,0.0,0.0,0.0,0.0
Mknk2,0.2615722360139493,1.0,1.0,0.0,0.0,0.0,0.0,0.0
Mob3a,1.0,1.0,1.0,0.0,0.0,0.0,0.0,0.0
Izumo4,1.0,1.0,1.0,0.0,0.0,0.0,0.0,0.0
Ap3d1,1.0,1.0,1.0,0.0,0.0,0.0,0.0,0.0
Dot1l,1.0,1.0,1.0,0.0,0.0,0.0,0.0,0.0
Plekhj1,0.2615722360139493,1.0,1.0,0.0,0.0,0.0,0.0,0.0
Sf3a2,1.0,1.0,1.0,0.0,0.0,0.0,0.0,0.0
Jsrp1,1.0,1.0,1.0,0.0,0.0,0.0,0.0,0.0
Oaz1,0.23797729618163055,0.7344923394458999,1.0,-0.04264823818956855,-0.005628471044471757,0.04160278997706953,1.5533607199241564,1.5462667031794899
Lsm7,1.0,1.0,1.0,0.0,0.0,0.0,0.0,0.0
Sppl2b,1.0,1.0,1.0,0.0,0.0,0.0,0.0,0.0
Timm13,0.09788044772564897,0.6238787012780821,1.0,-0.09626627663142454,0.08486653309849695,0.3194597431590465,0.430446665664399,0.45744509991040405
Lmnb2,1.0,1.0,1.0,0.0,0.0,0.0,0.0,0.0
Gadd45b,0.09788044772564897,0.4726680955783123,0.9699293482575216,-0.10131412255106735,0.10542612353647103,0.3307168669871278,0.5016437106039903,0.5363747207041534
Gng7,1.0,1.0,1.0,0.0,0.0,0.0,0.0,0.0
Slc39a3,1.0,1.0,1.0,0.0,0.0,0.0,0.0,0.0
Sgta,1.0,1.0,1.0,0.0,0.0,0.0,0.0,0.0
Thop1,1.0,1.0,1.0,0.0,0.0,0.0,0.0,0.0
Map2k2,0.08142523860942824,0.41771186615637224,0.969182212422568,-0.23935794957166034,-0.026777581404545277,0.12230864068932903,0.4364807368942343,0.42945419584155553
Zbtb7a,0.47495853988950676,0.47495853988950676,1.0,0.0,0.0,0.0,0.0,0.0
Pias4,1.0,1.0,1.0,0.0,0.0,0.0,0.0,0.0
Eef2,0.23723505596570615,0.7344923394458999,1.0,-0.09885238579214811,0.023269802827399495,0.10591683033227757,1.07010917706044,1.0928134871018975
Dapk3,0.2615722360139493,1.0,1.0,0.0,0.0,0.0,0.0,0.0
Atcayos,1.0,1.0,1.0,0.0,0.0,0.0,0.0,0.0
Zfr2,1.0,1.0,1.0,0.0,0.0,0.0,0.0,0.0
Matk,1.0,1.0,1.0,0.0,0.0,0.0,0.0,0.0
Mrpl54,0.04734460585853775,0.3837421608319441,0.9699293482575216,-0.2684748085249745,-0.09937645645282353,0.0670819777279823,0.5293259820540486,0.495034467539275
Apba3,1.0,1.0,1.0,0.0,0.0,0.0,0.0,0.0
Tjp3,1.0,1.0,1.0,0.0,0.0,0.0,0.0,0.0
Pip5k1c,1.0,1.0,1.0,0.0,0.0,0.0,0.0,0.0
Gm16315,1.0,1.0,1.0,0.0,0.0,0.0,0.0,0.0
Cactin,1.0,1.0,1.0,0.0,0.0,0.0,0.0,0.0
Tbxa2r,1.0,1.0,1.0,0.0,0.0,0.0,0.0,0.0
Gipc3,1.0,1.0,1.0,0.0,0.0,0.0,0.0,0.0
Hmg20b,0.2615722360139493,0.2615722360139493,1.0,0.0,0.0,0.0,0.0,0.0
Mfsd12,1.0,1.0,1.0,0.0,0.0,0.0,0.0,0.0
4930404N11Rik,1.0,1.0,1.0,0.0,0.0,0.0,0.0,0.0
Fzr1,1.0,1.0,1.0,0.0,0.0,0.0,0.0,0.0
Dohh,0.2615722360139493,1.0,1.0,0.0,0.0,0.0,0.0,0.0
Smim24,1.0,1.0,1.0,0.0,0.0,0.0,0.0,0.0
Nfic,1.0,1.0,1.0,0.0,0.0,0.0,0.0,0.0
Celf5,1.0,1.0,1.0,0.0,0.0,0.0,0.0,0.0
Ncln,1.0,1.0,1.0,0.0,0.0,0.0,0.0,0.0
S1pr4,1.0,1.0,1.0,0.0,0.0,0.0,0.0,0.0
Gna15,1.0,1.0,1.0,0.0,0.0,0.0,0.0,0.0
Gna11,1.0,1.0,1.0,0.0,0.0,0.0,0.0,0.0
Tle5,0.08249583234103358,0.34314519329999205,0.910105580693816,-0.19311352861022896,-0.09782996394882079,0.0014674302536583689,0.6808832532389284,0.636258502724103
Tle2,1.0,1.0,1.0,0.0,0.0,0.0,0.0,0.0
Tle6,1.0,1.0,1.0,0.0,0.0,0.0,0.0,0.0
BC025920,1.0,1.0,1.0,0.0,0.0,0.0,0.0,0.0
Sirt6,1.0,1.0,1.0,0.0,0.0,0.0,0.0,0.0
Ankrd24,1.0,1.0,1.0,0.0,0.0,0.0,0.0,0.0
Zfp433,1.0,1.0,1.0,0.0,0.0,0.0,0.0,0.0
Zfp873,1.0,1.0,1.0,0.0,0.0,0.0,0.0,0.0
BC024063,1.0,1.0,1.0,0.0,0.0,0.0,0.0,0.0
AU041133,1.0,1.0,1.0,0.0,0.0,0.0,0.0,0.0
Zfp938,1.0,1.0,1.0,0.0,0.0,0.0,0.0,0.0
Gm4924,1.0,1.0,1.0,0.0,0.0,0.0,0.0,0.0
1190007I07Rik,1.0,1.0,1.0,0.0,0.0,0.0,0.0,0.0
Tdg,1.0,1.0,1.0,0.0,0.0,0.0,0.0,0.0
Glt8d2,1.0,1.0,1.0,0.0,0.0,0.0,0.0,0.0
Hcfc2,1.0,1.0,1.0,0.0,0.0,0.0,0.0,0.0
Nfyb,1.0,1.0,1.0,0.0,0.0,0.0,0.0,0.0
Txnrd1,1.0,1.0,1.0,0.0,0.0,0.0,0.0,0.0
Eid3,1.0,1.0,1.0,0.0,0.0,0.0,0.0,0.0
Chst11,1.0,1.0,1.0,0.0,0.0,0.0,0.0,0.0
Slc41a2,1.0,1.0,1.0,0.0,0.0,0.0,0.0,0.0
D10Wsu102e,0.03208957090027335,0.3867311298576228,1.0,-28.323491126430156,-28.132437484613725,-0.7467186703843032,0.29666100042390964,0.0
Aldh1l2,1.0,1.0,1.0,0.0,0.0,0.0,0.0,0.0
Washc4,1.0,1.0,1.0,0.0,0.0,0.0,0.0,0.0
Appl2,1.0,1.0,1.0,0.0,0.0,0.0,0.0,0.0
1500009L16Rik,1.0,1.0,1.0,0.0,0.0,0.0,0.0,0.0
Nuak1,1.0,1.0,1.0,0.0,0.0,0.0,0.0,0.0
Ckap4,0.02524410573946178,0.34314519329999205,0.9699293482575216,-0.1939201403676886,-0.06313684818104834,0.02881983785324359,0.8869467790052155,0.8516291637569937
Tcp11l2,0.01105081920982481,0.09824619487080608,0.3431319879068183,0.48848895600587033,1.6388884724811275,28.69332725336466,0.1313218972215625,0.3852957607243359
Gm17249,1.0,1.0,1.0,0.0,0.0,0.0,0.0,0.0
Polr3b,1.0,1.0,1.0,0.0,0.0,0.0,0.0,0.0
Ric8b,1.0,1.0,1.0,0.0,0.0,0.0,0.0,0.0
Tmem263,0.2615722360139493,1.0,1.0,0.0,0.0,0.0,0.0,0.0
Mterf2,1.0,1.0,1.0,0.0,0.0,0.0,0.0,0.0
Cry1,1.0,1.0,1.0,0.0,0.0,0.0,0.0,0.0
Btbd11,1.0,1.0,1.0,0.0,0.0,0.0,0.0,0.0
Pwp1,1.0,1.0,1.0,0.0,0.0,0.0,0.0,0.0
Prdm4,1.0,1.0,1.0,0.0,0.0,0.0,0.0,0.0
Rtcb,0.08856750257537103,1.0,1.0,0.0,0.0,0.0,0.0,0.0
Fbxo7,1.0,1.0,1.0,0.0,0.0,0.0,0.0,0.0
Syn3,1.0,1.0,1.0,0.0,0.0,0.0,0.0,0.0
Timp3,1.0,1.0,1.0,0.0,0.0,0.0,0.0,0.0
Hsp90b1,0.0007085020242914984,0.009557831229657855,0.09788044772564897,0.062116380646870584,0.10847598307298666,0.1570207022001748,2.9191582712616997,3.145804953553361
Gm15344,1.0,1.0,1.0,0.0,0.0,0.0,0.0,0.0
Ttc41,1.0,1.0,1.0,0.0,0.0,0.0,0.0,0.0
Nt5dc3,1.0,1.0,1.0,0.0,0.0,0.0,0.0,0.0
Stab2,1.0,1.0,1.0,0.0,0.0,0.0,0.0,0.0
Igf1,1.0,1.0,1.0,0.0,0.0,0.0,0.0,0.0
Parpbp,1.0,1.0,1.0,0.0,0.0,0.0,0.0,0.0
Nup37,1.0,1.0,1.0,0.0,0.0,0.0,0.0,0.0
Washc3,0.2615722360139493,1.0,1.0,0.0,0.0,0.0,0.0,0.0
Dram1,1.0,1.0,1.0,0.0,0.0,0.0,0.0,0.0
Gnptab,1.0,1.0,1.0,0.0,0.0,0.0,0.0,0.0
Chpt1,0.2615722360139493,1.0,1.0,0.0,0.0,0.0,0.0,0.0
Spic,1.0,1.0,1.0,0.0,0.0,0.0,0.0,0.0
Arl1,0.014334923632343248,0.11237931221043936,0.615497508592667,-2.108118864827813,-0.2577801446563164,-0.022850851919430273,0.4429172407045042,0.3716705213396725
Utp20,1.0,1.0,1.0,0.0,0.0,0.0,0.0,0.0
Slc5a8,1.0,1.0,1.0,0.0,0.0,0.0,0.0,0.0
Gas2l3,1.0,1.0,1.0,0.0,0.0,0.0,0.0,0.0
Nr1h4,1.0,1.0,1.0,0.0,0.0,0.0,0.0,0.0
Scyl2,1.0,1.0,1.0,0.0,0.0,0.0,0.0,0.0
1500026H17Rik,1.0,1.0,1.0,0.0,0.0,0.0,0.0,0.0
Actr6,1.0,1.0,1.0,0.0,0.0,0.0,0.0,0.0
Uhrf1bp1l,1.0,1.0,1.0,0.0,0.0,0.0,0.0,0.0
Apaf1,1.0,1.0,1.0,0.0,0.0,0.0,0.0,0.0
Ikbip,1.0,1.0,1.0,0.0,0.0,0.0,0.0,0.0
Slc25a3,0.03126577756608718,0.2082876875446535,0.8506311026434865,0.013002203427933947,0.09175124665122214,0.165889669285495,0.8152704945339917,0.8680721871746383
Tmpo,1.0,1.0,1.0,0.0,0.0,0.0,0.0,0.0
Nedd1,1.0,1.0,1.0,0.0,0.0,0.0,0.0,0.0
Cdk17,1.0,1.0,1.0,0.0,0.0,0.0,0.0,0.0
Elk3,1.0,1.0,1.0,0.0,0.0,0.0,0.0,0.0
Gm32688,1.0,1.0,1.0,0.0,0.0,0.0,0.0,0.0
Gm17745,1.0,1.0,1.0,0.0,0.0,0.0,0.0,0.0
Lta4h,1.0,1.0,1.0,0.0,0.0,0.0,0.0,0.0
Hal,1.0,1.0,1.0,0.0,0.0,0.0,0.0,0.0
Amdhd1,1.0,1.0,1.0,0.0,0.0,0.0,0.0,0.0
Ccdc38,1.0,1.0,1.0,0.0,0.0,0.0,0.0,0.0
Snrpf,0.058335011931956615,0.41718564419939363,1.0,-0.3983499390936397,0.2945851129708754,0.48858566968966183,0.3224801161555615,0.3968194919808203
Ntn4,1.0,1.0,1.0,0.0,0.0,0.0,0.0,0.0
Gm15915,1.0,1.0,1.0,0.0,0.0,0.0,0.0,0.0
Usp44,1.0,1.0,1.0,0.0,0.0,0.0,0.0,0.0
Metap2,0.004667322155326527,0.07751424266509128,0.33812048081256485,-28.300882622137078,-28.186933847121207,-27.97430131911451,0.3055713074117188,0.0
Vezt,1.0,1.0,1.0,0.0,0.0,0.0,0.0,0.0
Fgd6,1.0,1.0,1.0,0.0,0.0,0.0,0.0,0.0
Nr2c1,1.0,1.0,1.0,0.0,0.0,0.0,0.0,0.0
Ndufa12,0.113209885108326,0.4799788227604922,1.0,-0.2163973369047246,-0.07865719136772478,0.05721379841137683,0.4791465230636575,0.45484848021723023
Tmcc3,0.2615722360139493,1.0,1.0,0.0,0.0,0.0,0.0,0.0
Cep83os,1.0,1.0,1.0,0.0,0.0,0.0,0.0,0.0
Cep83,0.2615722360139493,1.0,1.0,0.0,0.0,0.0,0.0,0.0
Plxnc1,1.0,1.0,1.0,0.0,0.0,0.0,0.0,0.0
Cradd,1.0,1.0,1.0,0.0,0.0,0.0,0.0,0.0
Gm48882,1.0,1.0,1.0,0.0,0.0,0.0,0.0,0.0
Socs2,0.1403889715411655,0.6993022710519221,0.9595657057843286,-26.974054403208523,0.0,0.0,0.0,0.0
5730420D15Rik,1.0,1.0,1.0,0.0,0.0,0.0,0.0,0.0
Mrpl42,0.002778685068188869,0.06067621353514402,0.5098433838583576,-27.82556119570655,0.0,0.0,0.0,0.0
Ube2n,0.08856750257537103,0.2615722360139493,1.0,0.0,0.0,0.0,0.0,0.0
Nudt4,0.2615722360139493,1.0,1.0,0.0,0.0,0.0,0.0,0.0
4732465J04Rik,1.0,1.0,1.0,0.0,0.0,0.0,0.0,0.0
Eea1,1.0,1.0,1.0,0.0,0.0,0.0,0.0,0.0
Btg1,0.009501095540355024,0.029867793297539916,0.2615722360139493,-26.744031830743392,0.0,0.0,0.0,0.0
Dcn,1.0,1.0,1.0,0.0,0.0,0.0,0.0,0.0
Lum,1.0,1.0,1.0,0.0,0.0,0.0,0.0,0.0
Atp2b1,0.2615722360139493,1.0,1.0,0.0,0.0,0.0,0.0,0.0
Gm48768,1.0,1.0,1.0,0.0,0.0,0.0,0.0,0.0
Poc1b,1.0,1.0,1.0,0.0,0.0,0.0,0.0,0.0
Galnt4,1.0,1.0,1.0,0.0,0.0,0.0,0.0,0.0
Dusp6,1.0,1.0,1.0,0.0,0.0,0.0,0.0,0.0
Kitl,1.0,1.0,1.0,0.0,0.0,0.0,0.0,0.0
Tmtc3,1.0,1.0,1.0,0.0,0.0,0.0,0.0,0.0
Cep290,1.0,1.0,1.0,0.0,0.0,0.0,0.0,0.0
4930430F08Rik,1.0,1.0,1.0,0.0,0.0,0.0,0.0,0.0
Mgat4c,1.0,1.0,1.0,0.0,0.0,0.0,0.0,0.0
Nts,1.0,1.0,1.0,0.0,0.0,0.0,0.0,0.0
Rassf9,1.0,1.0,1.0,0.0,0.0,0.0,0.0,0.0
Tmtc2,1.0,1.0,1.0,0.0,0.0,0.0,0.0,0.0
Gm15663,1.0,1.0,1.0,0.0,0.0,0.0,0.0,0.0
Mettl25,1.0,1.0,1.0,0.0,0.0,0.0,0.0,0.0
Ccdc59,0.029867793297539916,0.2615722360139493,1.0,0.0,0.0,0.0,0.0,0.0
Acss3,1.0,1.0,1.0,0.0,0.0,0.0,0.0,0.0
Lin7a,1.0,1.0,1.0,0.0,0.0,0.0,0.0,0.0
Ppp1r12a,0.2615722360139493,1.0,1.0,0.0,0.0,0.0,0.0,0.0
Pawr,1.0,1.0,1.0,0.0,0.0,0.0,0.0,0.0
Gm36283,1.0,1.0,1.0,0.0,0.0,0.0,0.0,0.0
Syt1,1.0,1.0,1.0,0.0,0.0,0.0,0.0,0.0
Nav3,1.0,1.0,1.0,0.0,0.0,0.0,0.0,0.0
E2f7,1.0,1.0,1.0,0.0,0.0,0.0,0.0,0.0
Csrp2,1.0,1.0,1.0,0.0,0.0,0.0,0.0,0.0
Zdhhc17,1.0,1.0,1.0,0.0,0.0,0.0,0.0,0.0
Osbpl8,1.0,1.0,1.0,0.0,0.0,0.0,0.0,0.0
Bbs10,1.0,1.0,1.0,0.0,0.0,0.0,0.0,0.0
Nap1l1,0.00084204393762856,0.017025100617029044,0.21020392615286285,-28.528699296901166,-28.38085272049419,-28.264614290829474,0.34953283434433735,0.0
Phlda1,1.0,1.0,1.0,0.0,0.0,0.0,0.0,0.0
Krr1,1.0,1.0,1.0,0.0,0.0,0.0,0.0,0.0
Glipr1,0.015774390727951105,0.2082876875446535,0.8506311026434865,-0.01592891253632248,0.06302320650497083,0.1419979085732615,1.210401099465285,1.2655966328082024
Atxn7l3b,0.2615722360139493,0.2615722360139493,0.7670968684102772,0.0,0.0,0.0,0.0,0.0
Tbc1d15,0.00024233435263260392,0.0007655844280257185,0.0025274862480904013,0.6766719247406491,0.8423718932216916,1.7635889943313285,0.309997363067746,0.5552147448957665
Rab21,0.017090762465376396,0.12425239792934435,0.5544550195467268,-28.484082853607667,-28.343678445257144,-1.0286581290447931,0.342801696620821,0.0
Tmem19,1.0,1.0,1.0,0.0,0.0,0.0,0.0,0.0
Thap2,1.0,1.0,1.0,0.0,0.0,0.0,0.0,0.0
Zfc3h1,1.0,1.0,1.0,0.0,0.0,0.0,0.0,0.0
Lgr5,1.0,1.0,1.0,0.0,0.0,0.0,0.0,0.0
Tspan8,1.0,1.0,1.0,0.0,0.0,0.0,0.0,0.0
Ptprr,1.0,1.0,1.0,0.0,0.0,0.0,0.0,0.0
Ptprb,1.0,1.0,1.0,0.0,0.0,0.0,0.0,0.0
Kcnmb4,0.2615722360139493,1.0,1.0,0.0,0.0,0.0,0.0,0.0
Kcnmb4os2,0.009501095540355024,0.08856750257537103,1.0,-26.2247910951573,0.0,0.0,0.0,0.0
Cnot2,1.0,1.0,1.0,0.0,0.0,0.0,0.0,0.0
5330438D12Rik,1.0,1.0,1.0,0.0,0.0,0.0,0.0,0.0
Rab3ip,1.0,1.0,1.0,0.0,0.0,0.0,0.0,0.0
4933412E12Rik,1.0,1.0,1.0,0.0,0.0,0.0,0.0,0.0
Cct2,0.013781819472687439,0.2596551285404619,0.9689946775534558,-28.418001297458307,-1.0974946895057807,0.1339807282518715,0.3362161095770755,0.1586755496132281
Frs2,1.0,1.0,1.0,0.0,0.0,0.0,0.0,0.0
Yeats4,0.08856750257537103,0.2615722360139493,1.0,0.0,0.0,0.0,0.0,0.0
Lyz2,3.5291394948257277e-05,3.5291394948257277e-05,3.5291394948257277e-05,-28.94009810046066,-28.789264875126147,-28.635128256443597,0.46390845603200503,0.0
Lyz1,1.0,1.0,1.0,0.0,0.0,0.0,0.0,0.0
Cpsf6,1.0,1.0,1.0,0.0,0.0,0.0,0.0,0.0
Cpm,1.0,1.0,1.0,0.0,0.0,0.0,0.0,0.0
Mdm2,0.009501095540355024,0.08856750257537103,1.0,-26.723635295752953,0.0,0.0,0.0,0.0
Slc35e3,1.0,1.0,1.0,0.0,0.0,0.0,0.0,0.0
Nup107,1.0,1.0,1.0,0.0,0.0,0.0,0.0,0.0
Rap1b,1.5876796062554575e-05,0.00019052155275065493,0.00298483765976026,0.21675562153834646,0.35221328948191855,0.4983067883752586,0.5119054237362073,0.6523854517786469
Mdm1,1.0,1.0,1.0,0.0,0.0,0.0,0.0,0.0
Il22,1.0,1.0,1.0,0.0,0.0,0.0,0.0,0.0
Iltifb,1.0,1.0,1.0,0.0,0.0,0.0,0.0,0.0
Ifng,1.0,1.0,1.0,0.0,0.0,0.0,0.0,0.0
Ifngas1,1.0,1.0,1.0,0.0,0.0,0.0,0.0,0.0
Gm4065,1.0,1.0,1.0,0.0,0.0,0.0,0.0,0.0
Dyrk2,1.0,1.0,1.0,0.0,0.0,0.0,0.0,0.0
Cand1,1.0,1.0,1.0,0.0,0.0,0.0,0.0,0.0
Helb,1.0,1.0,1.0,0.0,0.0,0.0,0.0,0.0
Irak3,1.0,1.0,1.0,0.0,0.0,0.0,0.0,0.0
Tmbim4,0.020131777407319206,0.18134476462649837,0.7344923394458999,-0.21873420907613023,-0.10822774189896808,-0.006441270874961909,0.781517623717343,0.7242680786409528
Llph,0.022643021023352115,0.29396266503785995,1.0,-0.10193660726830552,0.20494399030713836,0.6989572206883096,0.34092197921040124,0.39301480665188004
Hmga2,1.0,1.0,1.0,0.0,0.0,0.0,0.0,0.0
9230105E05Rik,1.0,1.0,1.0,0.0,0.0,0.0,0.0,0.0
Msrb3,1.0,1.0,1.0,0.0,0.0,0.0,0.0,0.0
Lemd3,1.0,1.0,1.0,0.0,0.0,0.0,0.0,0.0
Wif1,1.0,1.0,1.0,0.0,0.0,0.0,0.0,0.0
Tbc1d30,1.0,1.0,1.0,0.0,0.0,0.0,0.0,0.0
Gns,1.0,1.0,1.0,0.0,0.0,0.0,0.0,0.0
Rassf3,1.0,1.0,1.0,0.0,0.0,0.0,0.0,0.0
Gm48591,1.0,1.0,1.0,0.0,0.0,0.0,0.0,0.0
Tbk1,0.2615722360139493,1.0,1.0,0.0,0.0,0.0,0.0,0.0
Xpot,1.0,1.0,1.0,0.0,0.0,0.0,0.0,0.0
BC048403,1.0,1.0,1.0,0.0,0.0,0.0,0.0,0.0
Srgap1,1.0,1.0,1.0,0.0,0.0,0.0,0.0,0.0
Rxylt1,1.0,1.0,1.0,0.0,0.0,0.0,0.0,0.0
Avpr1a,1.0,1.0,1.0,0.0,0.0,0.0,0.0,0.0
Ppm1h,1.0,1.0,1.0,0.0,0.0,0.0,0.0,0.0
Mon2,1.0,1.0,1.0,0.0,0.0,0.0,0.0,0.0
Usp15,0.029867793297539916,0.2615722360139493,0.8822739356449067,0.0,0.0,0.0,0.0,0.0
Gm4129,1.0,1.0,1.0,0.0,0.0,0.0,0.0,0.0
Slc16a7,1.0,1.0,1.0,0.0,0.0,0.0,0.0,0.0
Lrig3,1.0,1.0,1.0,0.0,0.0,0.0,0.0,0.0
Atp23,1.0,1.0,1.0,0.0,0.0,0.0,0.0,0.0
Ctdsp2,1.0,1.0,1.0,0.0,0.0,0.0,0.0,0.0
Avil,1.0,1.0,1.0,0.0,0.0,0.0,0.0,0.0
Tsfm,1.0,1.0,1.0,0.0,0.0,0.0,0.0,0.0
Eef1akmt3,1.0,1.0,1.0,0.0,0.0,0.0,0.0,0.0
Mettl1,0.029867793297539916,0.08856750257537103,1.0,0.0,0.0,0.0,0.0,0.0
March9,1.0,1.0,1.0,0.0,0.0,0.0,0.0,0.0
Cdk4,0.029867793297539916,0.08856750257537103,1.0,0.0,0.0,0.0,0.0,0.0
Tspan31,0.2615722360139493,1.0,1.0,0.0,0.0,0.0,0.0,0.0
A730063M14Rik,1.0,1.0,1.0,0.0,0.0,0.0,0.0,0.0
Agap2,1.0,1.0,1.0,0.0,0.0,0.0,0.0,0.0
Os9,0.2082876875446535,0.6784313725490196,1.0,-0.09530746032480143,0.1263237174453639,0.2868224362086295,0.4060256577995205,0.44413329386740324
B4galnt1,1.0,1.0,1.0,0.0,0.0,0.0,0.0,0.0
Slc26a10,1.0,1.0,1.0,0.0,0.0,0.0,0.0,0.0
Arhgef25,1.0,1.0,1.0,0.0,0.0,0.0,0.0,0.0
Dtx3,1.0,1.0,1.0,0.0,0.0,0.0,0.0,0.0
Pip4k2c,1.0,1.0,1.0,0.0,0.0,0.0,0.0,0.0
Kif5a,1.0,1.0,1.0,0.0,0.0,0.0,0.0,0.0
Dctn2,0.2615722360139493,1.0,1.0,0.0,0.0,0.0,0.0,0.0
Mbd6,1.0,1.0,1.0,0.0,0.0,0.0,0.0,0.0
Gm20492,1.0,1.0,1.0,0.0,0.0,0.0,0.0,0.0
Ddit3,0.029867793297539916,0.3519631185845171,0.8822739356449067,0.0,0.0,0.0,0.0,0.0
Mars,1.0,1.0,1.0,0.0,0.0,0.0,0.0,0.0
Arhgap9,1.0,1.0,1.0,0.0,0.0,0.0,0.0,0.0
Gli1,1.0,1.0,1.0,0.0,0.0,0.0,0.0,0.0
R3hdm2,0.2615722360139493,1.0,1.0,0.0,0.0,0.0,0.0,0.0
Stac3,1.0,1.0,1.0,0.0,0.0,0.0,0.0,0.0
Ndufa4l2,1.0,1.0,1.0,0.0,0.0,0.0,0.0,0.0
Shmt2,1.0,1.0,1.0,0.0,0.0,0.0,0.0,0.0
Nxph4,1.0,1.0,1.0,0.0,0.0,0.0,0.0,0.0
Lrp1,1.0,1.0,1.0,0.0,0.0,0.0,0.0,0.0
Stat6,1.0,1.0,1.0,0.0,0.0,0.0,0.0,0.0
Nab2,1.0,1.0,1.0,0.0,0.0,0.0,0.0,0.0
Nemp1,1.0,1.0,1.0,0.0,0.0,0.0,0.0,0.0
Gm16230,1.0,1.0,1.0,0.0,0.0,0.0,0.0,0.0
Myo1a,1.0,1.0,1.0,0.0,0.0,0.0,0.0,0.0
Zbtb39,1.0,1.0,1.0,0.0,0.0,0.0,0.0,0.0
Rdh9,1.0,1.0,1.0,0.0,0.0,0.0,0.0,0.0
Prim1,1.0,1.0,1.0,0.0,0.0,0.0,0.0,0.0
Naca,0.0073033261887751055,0.13493688973565135,0.6784313725490196,-0.0007635500216407018,0.0571032970723417,0.12493643240796085,1.4503052387384325,1.5081501165245461
Ptges3,0.0010637453361911566,0.038707628800508063,0.33466568802182495,0.2297698021539458,0.4037376589475701,0.5808369250754769,0.34114933931959723,0.4514247825275661
Gm47438,1.0,1.0,1.0,0.0,0.0,0.0,0.0,0.0
Atp5b,0.020131777407319206,0.2082876875446535,0.8506311026434865,-0.0026296885301430044,0.0853554657870155,0.18145479183403015,0.8011413170907955,0.8499970210185286
Baz2a,1.0,1.0,1.0,0.0,0.0,0.0,0.0,0.0
Rbms2,0.2615722360139493,1.0,1.0,0.0,0.0,0.0,0.0,0.0
Gls2,1.0,1.0,1.0,0.0,0.0,0.0,0.0,0.0
AC135859.1,1.0,1.0,1.0,0.0,0.0,0.0,0.0,0.0
Spryd4,1.0,1.0,1.0,0.0,0.0,0.0,0.0,0.0
Timeless,1.0,1.0,1.0,0.0,0.0,0.0,0.0,0.0
Apof,1.0,1.0,1.0,0.0,0.0,0.0,0.0,0.0
Stat2,1.0,1.0,1.0,0.0,0.0,0.0,0.0,0.0
Il23a,1.0,1.0,1.0,0.0,0.0,0.0,0.0,0.0
Pan2,1.0,1.0,1.0,0.0,0.0,0.0,0.0,0.0
Cnpy2,0.00030165912518853697,0.009557831229657855,0.09788044772564897,-0.3424925776197823,-0.22977222785624635,-0.1270466794967648,0.8907238359768623,0.759675193296668
Cs,0.08856750257537103,0.2615722360139493,1.0,0.0,0.0,0.0,0.0,0.0
Coq10a,1.0,1.0,1.0,0.0,0.0,0.0,0.0,0.0
Ankrd52,1.0,1.0,1.0,0.0,0.0,0.0,0.0,0.0
Nabp2,1.0,1.0,1.0,0.0,0.0,0.0,0.0,0.0
Rnf41,1.0,1.0,1.0,0.0,0.0,0.0,0.0,0.0
Smarcc2,0.2615722360139493,1.0,1.0,0.0,0.0,0.0,0.0,0.0
Myl6,0.00019052155275065493,0.00298483765976026,0.04734460585853775,0.14980046652568785,0.2516669644469881,0.37114250516359865,0.8153551287548058,0.9709647760109905
Esyt1,1.0,1.0,1.0,0.0,0.0,0.0,0.0,0.0
Zc3h10,1.0,1.0,1.0,0.0,0.0,0.0,0.0,0.0
Rpl41,0.00409621338413908,0.015860919266492024,0.11526553941414623,-0.08767729933774468,-0.0679215664168579,-0.04760536612310134,3.4957169595997826,3.335418975989308
Pa2g4,0.08856750257537103,0.2615722360139493,1.0,0.0,0.0,0.0,0.0,0.0
Erbb3,1.0,1.0,1.0,0.0,0.0,0.0,0.0,0.0
Rps26,0.1568627450980392,0.6238787012780821,1.0,-0.050415139127647446,-0.017601093099881927,0.02189638347178246,2.318533307214171,2.2892339992801585
Ikzf4,1.0,1.0,1.0,0.0,0.0,0.0,0.0,0.0
Suox,1.0,1.0,1.0,0.0,0.0,0.0,0.0,0.0
Rab5b,1.0,1.0,1.0,0.0,0.0,0.0,0.0,0.0
Cdk2,1.0,1.0,1.0,0.0,0.0,0.0,0.0,0.0
Pmel,1.0,1.0,1.0,0.0,0.0,0.0,0.0,0.0
Dgka,1.0,1.0,1.0,0.0,0.0,0.0,0.0,0.0
Pym1,1.0,1.0,1.0,0.0,0.0,0.0,0.0,0.0
Mmp19,1.0,1.0,1.0,0.0,0.0,0.0,0.0,0.0
Tmem198b,1.0,1.0,1.0,0.0,0.0,0.0,0.0,0.0
Dnajc14,1.0,1.0,1.0,0.0,0.0,0.0,0.0,0.0
Sarnp,0.08856750257537103,0.2615722360139493,1.0,0.0,0.0,0.0,0.0,0.0
Ormdl2,1.0,1.0,1.0,0.0,0.0,0.0,0.0,0.0
Gdf11,1.0,1.0,1.0,0.0,0.0,0.0,0.0,0.0
Cd63,1.0,1.0,1.0,0.0,0.0,0.0,0.0,0.0
Rdh5,1.0,1.0,1.0,0.0,0.0,0.0,0.0,0.0
Bloc1s1,1.0,1.0,1.0,0.0,0.0,0.0,0.0,0.0
Itga7,1.0,1.0,1.0,0.0,0.0,0.0,0.0,0.0
Mettl7b,1.0,1.0,1.0,0.0,0.0,0.0,0.0,0.0
Tespa1,1.0,1.0,1.0,0.0,0.0,0.0,0.0,0.0
Sfi1,1.0,1.0,1.0,0.0,0.0,0.0,0.0,0.0
Drg1,0.2615722360139493,1.0,1.0,0.0,0.0,0.0,0.0,0.0
Eif4enif1,0.2615722360139493,1.0,1.0,0.0,0.0,0.0,0.0,0.0
Patz1,1.0,1.0,1.0,0.0,0.0,0.0,0.0,0.0
Pik3ip1,1.0,1.0,1.0,0.0,0.0,0.0,0.0,0.0
Limk2,1.0,1.0,1.0,0.0,0.0,0.0,0.0,0.0
Rnf185,1.0,1.0,1.0,0.0,0.0,0.0,0.0,0.0
8430429K09Rik,1.0,1.0,1.0,0.0,0.0,0.0,0.0,0.0
Inpp5j,1.0,1.0,1.0,0.0,0.0,0.0,0.0,0.0
Selenom,0.04734460585853775,0.34314519329999205,0.9699293482575216,-0.04609090252794605,0.10759227504052625,0.25822361984282277,0.5634001944052629,0.6061576025011488
Smtn,1.0,1.0,1.0,0.0,0.0,0.0,0.0,0.0
Tug1,1.0,1.0,1.0,0.0,0.0,0.0,0.0,0.0
Morc2a,1.0,1.0,1.0,0.0,0.0,0.0,0.0,0.0
Dusp18,1.0,1.0,1.0,0.0,0.0,0.0,0.0,0.0
Slc35e4,1.0,1.0,1.0,0.0,0.0,0.0,0.0,0.0
Tcn2,1.0,1.0,1.0,0.0,0.0,0.0,0.0,0.0
Pes1,1.0,1.0,1.0,0.0,0.0,0.0,0.0,0.0
Gal3st1,1.0,1.0,1.0,0.0,0.0,0.0,0.0,0.0
Mtfp1,1.0,1.0,1.0,0.0,0.0,0.0,0.0,0.0
Sec14l2,1.0,1.0,1.0,0.0,0.0,0.0,0.0,0.0
Rnf215,1.0,1.0,1.0,0.0,0.0,0.0,0.0,0.0
Ccdc157,1.0,1.0,1.0,0.0,0.0,0.0,0.0,0.0
Sf3a1,1.0,1.0,1.0,0.0,0.0,0.0,0.0,0.0
Tbc1d10a,1.0,1.0,1.0,0.0,0.0,0.0,0.0,0.0
Castor1,1.0,1.0,1.0,0.0,0.0,0.0,0.0,0.0
Osm,1.0,1.0,1.0,0.0,0.0,0.0,0.0,0.0
Lif,1.0,1.0,1.0,0.0,0.0,0.0,0.0,0.0
Mtmr3,1.0,1.0,1.0,0.0,0.0,0.0,0.0,0.0
Ascc2,1.0,1.0,1.0,0.0,0.0,0.0,0.0,0.0
Uqcr10,0.0275953640812429,0.10506169476079384,0.42686353893784235,0.2449050059133353,0.4584218146695367,0.6738425167021775,0.320019951398431,0.4407486947741397
Zmat5,1.0,1.0,1.0,0.0,0.0,0.0,0.0,0.0
Nf2,1.0,1.0,1.0,0.0,0.0,0.0,0.0,0.0
Nipsnap1,1.0,1.0,1.0,0.0,0.0,0.0,0.0,0.0
Thoc5,1.0,1.0,1.0,0.0,0.0,0.0,0.0,0.0
Nefh,1.0,1.0,1.0,0.0,0.0,0.0,0.0,0.0
Ap1b1,1.0,1.0,1.0,0.0,0.0,0.0,0.0,0.0
Gas2l1,1.0,1.0,1.0,0.0,0.0,0.0,0.0,0.0
Rasl10a,1.0,1.0,1.0,0.0,0.0,0.0,0.0,0.0
Ewsr1,0.029867793297539916,0.08856750257537103,0.2615722360139493,0.0,0.0,0.0,0.0,0.0
Rhbdd3,1.0,1.0,1.0,0.0,0.0,0.0,0.0,0.0
Emid1,1.0,1.0,1.0,0.0,0.0,0.0,0.0,0.0
Kremen1,1.0,1.0,1.0,0.0,0.0,0.0,0.0,0.0
Znrf3,1.0,1.0,1.0,0.0,0.0,0.0,0.0,0.0
Xbp1,0.42686353893784235,0.7920774787647853,1.0,-0.050997798049949916,-0.0065907748423692115,0.04350398313316338,2.2141232003182827,2.203241341029376
Ccdc117,0.08856750257537103,0.2615722360139493,1.0,0.0,0.0,0.0,0.0,0.0
Mrps24,0.00030165912518853697,0.015860919266492024,0.3053901722632373,0.0824235846200761,0.18344959878280798,0.28098918242178694,0.5323809655250102,0.6048181029741507
Urgcp,1.0,1.0,1.0,0.0,0.0,0.0,0.0,0.0
Dbnl,0.009501095540355024,0.08856750257537103,0.2615722360139493,-26.087832082042922,0.0,0.0,0.0,0.0
Pgam2,1.0,1.0,1.0,0.0,0.0,0.0,0.0,0.0
Polm,1.0,1.0,1.0,0.0,0.0,0.0,0.0,0.0
Aebp1,1.0,1.0,1.0,0.0,0.0,0.0,0.0,0.0
Pold2,1.0,1.0,1.0,0.0,0.0,0.0,0.0,0.0
Ykt6,1.0,1.0,1.0,0.0,0.0,0.0,0.0,0.0
Camk2b,1.0,1.0,1.0,0.0,0.0,0.0,0.0,0.0
Nudcd3,0.2615722360139493,1.0,1.0,0.0,0.0,0.0,0.0,0.0
A730071L15Rik,1.0,1.0,1.0,0.0,0.0,0.0,0.0,0.0
Ddx56,1.0,1.0,1.0,0.0,0.0,0.0,0.0,0.0
Tmed4,1.0,1.0,1.0,0.0,0.0,0.0,0.0,0.0
Ogdh,0.2615722360139493,1.0,1.0,0.0,0.0,0.0,0.0,0.0
Zmiz2,0.2615722360139493,0.2615722360139493,1.0,0.0,0.0,0.0,0.0,0.0
Ppia,1.5876796062554575e-05,1.5876796062554575e-05,0.00011113757243788204,0.21895034375138683,0.2723134403000226,0.3269654819791016,1.5360328653074975,1.856537953158995
H2afv,0.08856750257537103,0.2615722360139493,0.8822739356449067,0.0,0.0,0.0,0.0,0.0
Purb,0.08856750257537103,0.2615722360139493,1.0,0.0,0.0,0.0,0.0,0.0
Gm11973,1.0,1.0,1.0,0.0,0.0,0.0,0.0,0.0
Myo1g,1.0,1.0,1.0,0.0,0.0,0.0,0.0,0.0
Snhg15,0.2615722360139493,1.0,1.0,0.0,0.0,0.0,0.0,0.0
Ccm2,0.2615722360139493,1.0,1.0,0.0,0.0,0.0,0.0,0.0
Tbrg4,1.0,1.0,1.0,0.0,0.0,0.0,0.0,0.0
Ramp3,1.0,1.0,1.0,0.0,0.0,0.0,0.0,0.0
Igfbp3,1.0,1.0,1.0,0.0,0.0,0.0,0.0,0.0
Tns3,0.2615722360139493,1.0,1.0,0.0,0.0,0.0,0.0,0.0
Hus1,1.0,1.0,1.0,0.0,0.0,0.0,0.0,0.0
Sun3,1.0,1.0,1.0,0.0,0.0,0.0,0.0,0.0
Gm11992,1.0,1.0,1.0,0.0,0.0,0.0,0.0,0.0
Upp1,1.0,1.0,1.0,0.0,0.0,0.0,0.0,0.0
Zpbp,1.0,1.0,1.0,0.0,0.0,0.0,0.0,0.0
Ikzf1,0.2615722360139493,1.0,1.0,0.0,0.0,0.0,0.0,0.0
Gm12000,1.0,1.0,1.0,0.0,0.0,0.0,0.0,0.0
Fignl1,1.0,1.0,1.0,0.0,0.0,0.0,0.0,0.0
Ddc,1.0,1.0,1.0,0.0,0.0,0.0,0.0,0.0
Grb10,1.0,1.0,1.0,0.0,0.0,0.0,0.0,0.0
Cobl,1.0,1.0,1.0,0.0,0.0,0.0,0.0,0.0
Sec61g,0.00019052155275065493,0.0021592442645074223,0.03142017940779551,0.0877378012601382,0.13885897631804583,0.1899172365839312,1.7957965254738275,1.9747021320368776
Egfr,1.0,1.0,1.0,0.0,0.0,0.0,0.0,0.0
Egfros,1.0,1.0,1.0,0.0,0.0,0.0,0.0,0.0
Eldr,1.0,1.0,1.0,0.0,0.0,0.0,0.0,0.0
Fbxo48,1.0,1.0,1.0,0.0,0.0,0.0,0.0,0.0
Plek,0.08856750257537103,0.47495853988950676,1.0,0.0,0.0,0.0,0.0,0.0
Cnrip1,1.0,1.0,1.0,0.0,0.0,0.0,0.0,0.0
Ppp3r1,0.2615722360139493,1.0,1.0,0.0,0.0,0.0,0.0,0.0
Wdr92,1.0,1.0,1.0,0.0,0.0,0.0,0.0,0.0
Pno1,1.0,1.0,1.0,0.0,0.0,0.0,0.0,0.0
C1d,0.2615722360139493,1.0,1.0,0.0,0.0,0.0,0.0,0.0
Etaa1,1.0,1.0,1.0,0.0,0.0,0.0,0.0,0.0
Etaa1os,1.0,1.0,1.0,0.0,0.0,0.0,0.0,0.0
Gm12022,1.0,1.0,1.0,0.0,0.0,0.0,0.0,0.0
Meis1,1.0,1.0,1.0,0.0,0.0,0.0,0.0,0.0
Spred2,1.0,1.0,1.0,0.0,0.0,0.0,0.0,0.0
Actr2,0.0030617789884642955,0.05007633845978234,0.335562939634936,-28.135416481633875,-27.50596133348727,0.0,0.19059847377023875,0.0
Rab1a,0.12726842906439556,0.6133484776563917,1.0,-28.36458246879223,-0.32275507626450173,0.21164709937930964,0.34090972637487904,0.2727405353412195
Cep68,1.0,1.0,1.0,0.0,0.0,0.0,0.0,0.0
Slc1a4,1.0,1.0,1.0,0.0,0.0,0.0,0.0,0.0
Sertad2,1.0,1.0,1.0,0.0,0.0,0.0,0.0,0.0
Aftph,1.0,1.0,1.0,0.0,0.0,0.0,0.0,0.0
Lgalsl,1.0,1.0,1.0,0.0,0.0,0.0,0.0,0.0
Peli1,0.04058778853393252,0.32840014955035723,0.9682087749781295,-1.523888367874121,0.41155662885401734,1.4529334103356453,0.299137976204936,0.40243616853848196
Vps54,1.0,1.0,1.0,0.0,0.0,0.0,0.0,0.0
Ugp2,1.0,1.0,1.0,0.0,0.0,0.0,0.0,0.0
Mdh1,0.09788044772564897,0.5208065412399778,0.9699293482575216,-0.11368898851321158,0.07531907257415695,0.2569232636988859,0.5093125530759613,0.5338535445921502
Wdpcp,1.0,1.0,1.0,0.0,0.0,0.0,0.0,0.0
Ehbp1,1.0,1.0,1.0,0.0,0.0,0.0,0.0,0.0
Tmem17,1.0,1.0,1.0,0.0,0.0,0.0,0.0,0.0
B3gnt2,0.47495853988950676,1.0,1.0,0.0,0.0,0.0,0.0,0.0
9130230N09Rik,1.0,1.0,1.0,0.0,0.0,0.0,0.0,0.0
Commd1,0.08856750257537103,1.0,1.0,0.0,0.0,0.0,0.0,0.0
Zrsr1,1.0,1.0,1.0,0.0,0.0,0.0,0.0,0.0
Cct4,0.0024238779803224205,0.06067621353514402,0.4466929312335995,-28.174184267405533,-27.764802509581344,0.0,0.22805435871868102,0.0
Fam161a,1.0,1.0,1.0,0.0,0.0,0.0,0.0,0.0
Xpo1,1.0,1.0,1.0,0.0,0.0,0.0,0.0,0.0
Usp34,0.08856750257537103,0.2615722360139493,1.0,0.0,0.0,0.0,0.0,0.0
Ahsa2,0.2615722360139493,1.0,1.0,0.0,0.0,0.0,0.0,0.0
Selenok-ps1,1.0,1.0,1.0,0.0,0.0,0.0,0.0,0.0
0610010F05Rik,1.0,1.0,1.0,0.0,0.0,0.0,0.0,0.0
Pex13,1.0,1.0,1.0,0.0,0.0,0.0,0.0,0.0
Pus10,1.0,1.0,1.0,0.0,0.0,0.0,0.0,0.0
Rel,1.0,1.0,1.0,0.0,0.0,0.0,0.0,0.0
Papolg,1.0,1.0,1.0,0.0,0.0,0.0,0.0,0.0
Bcl11a,1.0,1.0,1.0,0.0,0.0,0.0,0.0,0.0
Fancl,1.0,1.0,1.0,0.0,0.0,0.0,0.0,0.0
Vrk2,1.0,1.0,1.0,0.0,0.0,0.0,0.0,0.0
Efemp1,1.0,1.0,1.0,0.0,0.0,0.0,0.0,0.0
Pnpt1,1.0,1.0,1.0,0.0,0.0,0.0,0.0,0.0
A630052C17Rik,1.0,1.0,1.0,0.0,0.0,0.0,0.0,0.0
Ppp4r3b,0.08856750257537103,0.2615722360139493,1.0,0.0,0.0,0.0,0.0,0.0
Cfap36,1.0,1.0,1.0,0.0,0.0,0.0,0.0,0.0
Ccdc88a,0.024663758772940858,0.22176406846357022,0.9077302642387601,-28.573127337657574,-1.0806859787874434,0.11067093201894437,0.3709581873268409,0.1741472199008845
Prorsd1,1.0,1.0,1.0,0.0,0.0,0.0,0.0,0.0
Mtif2,1.0,1.0,1.0,0.0,0.0,0.0,0.0,0.0
Rps27a,0.13493688973565135,0.6784313725490196,1.0,-0.03810781202853371,-0.013872816357451573,0.014556904362712916,2.73131777113642,2.7020076088651552
Rtn4,0.0007335473709934008,0.017408037828239444,0.296083761074369,-28.279538848453498,-27.86556849262007,0.0,0.24455349262567,0.0
Eml6,1.0,1.0,1.0,0.0,0.0,0.0,0.0,0.0
Sptbn1,0.08856750257537103,0.47495853988950676,1.0,0.0,0.0,0.0,0.0,0.0
Acyp2,1.0,1.0,1.0,0.0,0.0,0.0,0.0,0.0
Psme4,0.029867793297539916,0.2615722360139493,1.0,0.0,0.0,0.0,0.0,0.0
Asb3,1.0,1.0,1.0,0.0,0.0,0.0,0.0,0.0
Erlec1,0.020131777407319206,0.09788044772564897,0.34314519329999205,-0.35506398119576255,-0.2509834790852215,-0.09003922544885233,0.9207631456874088,0.7701780053828735
Chac2,1.0,1.0,1.0,0.0,0.0,0.0,0.0,0.0
Stc2,1.0,1.0,1.0,0.0,0.0,0.0,0.0,0.0
Bod1,1.0,1.0,1.0,0.0,0.0,0.0,0.0,0.0
Cpeb4,1.0,1.0,1.0,0.0,0.0,0.0,0.0,0.0
Nsg2,1.0,1.0,1.0,0.0,0.0,0.0,0.0,0.0
Il9r,1.0,1.0,1.0,0.0,0.0,0.0,0.0,0.0
Snrnp25,1.0,1.0,1.0,0.0,0.0,0.0,0.0,0.0
Rhbdf1,1.0,1.0,1.0,0.0,0.0,0.0,0.0,0.0
Nprl3,1.0,1.0,1.0,0.0,0.0,0.0,0.0,0.0
Mpg,1.0,1.0,1.0,0.0,0.0,0.0,0.0,0.0
Hba-a1,1.0,1.0,1.0,0.0,0.0,0.0,0.0,0.0
Hba-a2,1.0,1.0,1.0,0.0,0.0,0.0,0.0,0.0
Sh3pxd2b,1.0,1.0,1.0,0.0,0.0,0.0,0.0,0.0
Ubtd2,1.0,1.0,1.0,0.0,0.0,0.0,0.0,0.0
Stk10,1.0,1.0,1.0,0.0,0.0,0.0,0.0,0.0
Fbxw11,1.0,1.0,1.0,0.0,0.0,0.0,0.0,0.0
Fgf18,1.0,1.0,1.0,0.0,0.0,0.0,0.0,0.0
Npm1,6.35071842502183e-05,0.00409621338413908,0.11575732317218342,0.072123765530828,0.16402550653142173,0.23702502366424047,0.939063796963314,1.0525062890572887
Ranbp17,1.0,1.0,1.0,0.0,0.0,0.0,0.0,0.0
Kcnmb1,1.0,1.0,1.0,0.0,0.0,0.0,0.0,0.0
Lcp2,1.0,1.0,1.0,0.0,0.0,0.0,0.0,0.0
Dock2,0.08856750257537103,0.2615722360139493,1.0,0.0,0.0,0.0,0.0,0.0
Insyn2b,1.0,1.0,1.0,0.0,0.0,0.0,0.0,0.0
Spdl1,1.0,1.0,1.0,0.0,0.0,0.0,0.0,0.0
Slit3,1.0,1.0,1.0,0.0,0.0,0.0,0.0,0.0
Gm12122,1.0,1.0,1.0,0.0,0.0,0.0,0.0,0.0
Pank3,1.0,1.0,1.0,0.0,0.0,0.0,0.0,0.0
Rars,0.2615722360139493,1.0,1.0,0.0,0.0,0.0,0.0,0.0
Wwc1,1.0,1.0,1.0,0.0,0.0,0.0,0.0,0.0
Mat2b,0.02985246260476159,0.08856750257537103,1.0,-25.788998594762532,0.0,0.0,0.0,0.0
Hmmr,1.0,1.0,1.0,0.0,0.0,0.0,0.0,0.0
Nudcd2,1.0,1.0,1.0,0.0,0.0,0.0,0.0,0.0
Ccng1,0.08856750257537103,0.2615722360139493,1.0,0.0,0.0,0.0,0.0,0.0
Gabra1,1.0,1.0,1.0,0.0,0.0,0.0,0.0,0.0
Gabrb2,1.0,1.0,1.0,0.0,0.0,0.0,0.0,0.0
Atp10b,1.0,1.0,1.0,0.0,0.0,0.0,0.0,0.0
Pttg1,1.0,1.0,1.0,0.0,0.0,0.0,0.0,0.0
Slu7,1.0,1.0,1.0,0.0,0.0,0.0,0.0,0.0
C1qtnf2,1.0,1.0,1.0,0.0,0.0,0.0,0.0,0.0
Ccnjl,1.0,1.0,1.0,0.0,0.0,0.0,0.0,0.0
Fabp6,1.0,1.0,1.0,0.0,0.0,0.0,0.0,0.0
Pwwp2a,1.0,1.0,1.0,0.0,0.0,0.0,0.0,0.0
Ttc1,0.9815393059003498,1.0,1.0,0.0,0.0,0.0,0.0,0.0
Il12b,1.0,1.0,1.0,0.0,0.0,0.0,0.0,0.0
Ublcp1,1.0,1.0,1.0,0.0,0.0,0.0,0.0,0.0
Rnf145,1.0,1.0,1.0,0.0,0.0,0.0,0.0,0.0
4930597A21Rik,1.0,1.0,1.0,0.0,0.0,0.0,0.0,0.0
Ebf1,0.0001720247930818143,0.002778685068188869,0.0978412151825437,-28.28717877308205,-28.02206869504182,0.0,0.2725732397708175,0.0
Gm12159,1.0,1.0,1.0,0.0,0.0,0.0,0.0,0.0
Clint1,0.038707628800508063,0.23797729618163055,0.6712057066317096,0.20512382413297348,0.3267041986254581,0.4523489430423885,0.3797655049654335,0.47735143845814326
Lsm11,1.0,1.0,1.0,0.0,0.0,0.0,0.0,0.0
Thg1l,1.0,1.0,1.0,0.0,0.0,0.0,0.0,0.0
Gm12166,1.0,1.0,1.0,0.0,0.0,0.0,0.0,0.0
Adam19,1.0,1.0,1.0,0.0,0.0,0.0,0.0,0.0
Gm16033,1.0,1.0,1.0,0.0,0.0,0.0,0.0,0.0
Cyfip2,0.0008503839505192074,0.008568016688252352,0.09010857608108208,-28.613033166089025,-28.480509779196094,-28.36554457901612,0.3745650288918225,0.0
Itk,1.0,1.0,1.0,0.0,0.0,0.0,0.0,0.0
Fam71b,1.0,1.0,1.0,0.0,0.0,0.0,0.0,0.0
Med7,1.0,1.0,1.0,0.0,0.0,0.0,0.0,0.0
Havcr2,1.0,1.0,1.0,0.0,0.0,0.0,0.0,0.0
Havcr1,1.0,1.0,1.0,0.0,0.0,0.0,0.0,0.0
Timd4,1.0,1.0,1.0,0.0,0.0,0.0,0.0,0.0
Sgcd,1.0,1.0,1.0,0.0,0.0,0.0,0.0,0.0
Rack1,0.3045121854409781,0.7920774787647853,1.0,-0.04162422244535179,0.007991107617733334,0.054776891706326776,1.940804733341575,1.9516189741287664
Trim41,1.0,1.0,1.0,0.0,0.0,0.0,0.0,0.0
Gm12184,1.0,1.0,1.0,0.0,0.0,0.0,0.0,0.0
Trim7,1.0,1.0,1.0,0.0,0.0,0.0,0.0,0.0
Gm16170,1.0,1.0,1.0,0.0,0.0,0.0,0.0,0.0
Irgm1,0.2615722360139493,1.0,1.0,0.0,0.0,0.0,0.0,0.0
Gm5431,1.0,1.0,1.0,0.0,0.0,0.0,0.0,0.0
Gm12185,1.0,1.0,1.0,0.0,0.0,0.0,0.0,0.0
Psme2b,1.0,1.0,1.0,0.0,0.0,0.0,0.0,0.0
9930111J21Rik1,1.0,1.0,1.0,0.0,0.0,0.0,0.0,0.0
Olfr56,1.0,1.0,1.0,0.0,0.0,0.0,0.0,0.0
Tgtp1,1.0,1.0,1.0,0.0,0.0,0.0,0.0,0.0
9930111J21Rik2,0.08856750257537103,0.2615722360139493,1.0,0.0,0.0,0.0,0.0,0.0
Tgtp2,1.0,1.0,1.0,0.0,0.0,0.0,0.0,0.0
Ifi47,0.2615722360139493,1.0,1.0,0.0,0.0,0.0,0.0,0.0
Zfp62,1.0,1.0,1.0,0.0,0.0,0.0,0.0,0.0
Mgat1,0.029867793297539916,0.4198490637342591,0.8822739356449067,0.0,0.0,0.0,0.0,0.0
Flt4,1.0,1.0,1.0,0.0,0.0,0.0,0.0,0.0
Scgb3a1,1.0,1.0,1.0,0.0,0.0,0.0,0.0,0.0
Cnot6,0.2615722360139493,0.2615722360139493,1.0,0.0,0.0,0.0,0.0,0.0
Gfpt2,1.0,1.0,1.0,0.0,0.0,0.0,0.0,0.0
Mapk9,1.0,1.0,1.0,0.0,0.0,0.0,0.0,0.0
Rnf130,1.0,1.0,1.0,0.0,0.0,0.0,0.0,0.0
Tbc1d9b,1.0,1.0,1.0,0.0,0.0,0.0,0.0,0.0
Mrnip,1.0,1.0,1.0,0.0,0.0,0.0,0.0,0.0
Sqstm1,1.5876796062554575e-05,3.175359212510915e-05,0.00047630388187663733,0.5122742820710058,0.6688127811437875,0.8089668854279591,0.601857709638474,0.9575925647801301
Mgat4b,1.0,1.0,1.0,0.0,0.0,0.0,0.0,0.0
Ltc4s,1.0,1.0,1.0,0.0,0.0,0.0,0.0,0.0
Gm26542,1.0,1.0,1.0,0.0,0.0,0.0,0.0,0.0
Maml1,1.0,1.0,1.0,0.0,0.0,0.0,0.0,0.0
Canx,0.0021592442645074223,0.02524410573946178,0.2702706993728666,0.15888644110809674,0.3372154021981698,0.47398772030696745,0.4342783692703605,0.5529609189606763
Hnrnph1,0.0007335473709934008,0.002778685068188869,0.07598867855418287,-28.211692712762005,-28.013809743899195,-25.95446315202338,0.27101732138426676,0.0
Rufy1,1.0,1.0,1.0,0.0,0.0,0.0,0.0,0.0
Adamts2,1.0,1.0,1.0,0.0,0.0,0.0,0.0,0.0
Zfp354c,1.0,1.0,1.0,0.0,0.0,0.0,0.0,0.0
Zfp2,1.0,1.0,1.0,0.0,0.0,0.0,0.0,0.0
Zfp354a,1.0,1.0,1.0,0.0,0.0,0.0,0.0,0.0
BC049762,1.0,1.0,1.0,0.0,0.0,0.0,0.0,0.0
Clk4,0.002778685068188869,0.0978412151825437,0.8685181258352878,-28.0761028698776,-26.972080891173672,0.0,0.131645309663811,0.0
Col23a1,1.0,1.0,1.0,0.0,0.0,0.0,0.0,0.0
Phykpl,1.0,1.0,1.0,0.0,0.0,0.0,0.0,0.0
Hnrnpab,0.005431802327833572,0.05737874097007224,0.306108406132622,0.17464401270654759,0.33961032281556597,0.5068331620036026,0.37286936560503103,0.4723491101018418
Nhp2,0.2615722360139493,1.0,1.0,0.0,0.0,0.0,0.0,0.0
Rmnd5b,1.0,1.0,1.0,0.0,0.0,0.0,0.0,0.0
N4bp3,1.0,1.0,1.0,0.0,0.0,0.0,0.0,0.0
0610009B22Rik,1.0,1.0,1.0,0.0,0.0,0.0,0.0,0.0
Sec24a,0.19044890712163923,0.6686253628132339,1.0,-27.198232859034313,0.0,26.618805414086918,0.0,0.0
Sar1b,0.23156602331432863,0.7283560871056942,1.0,-0.06683543323093506,0.10145705585422451,0.2475328365893146,0.3829456466376052,0.41004464665234874
Jade2,1.0,1.0,1.0,0.0,0.0,0.0,0.0,0.0
Cdkn2aipnl,1.0,1.0,1.0,0.0,0.0,0.0,0.0,0.0
Ube2b,1.5876796062554575e-05,0.0007144558228149559,0.015860919266492024,0.2681681633983464,0.3557120414141136,0.45590097252939155,0.7035104564165937,0.9015012610584475
Cdkl3,1.0,1.0,1.0,0.0,0.0,0.0,0.0,0.0
Ppp2ca,0.0010637453361911566,0.015860919266492024,0.08249583234103358,0.3564206048794342,0.4834668267772444,0.6226560438174046,0.38994675361355274,0.5450986022914878
Skp1a,0.0007335473709934008,0.002778685068188869,0.06067621353514402,-28.11803962780972,-27.56879973525873,0.0,0.19908368577044738,0.0
Tcf7,1.0,1.0,1.0,0.0,0.0,0.0,0.0,0.0
Vdac1,0.2615722360139493,0.2615722360139493,1.0,0.0,0.0,0.0,0.0,0.0
9530068E07Rik,0.08856750257537103,0.2615722360139493,1.0,0.0,0.0,0.0,0.0,0.0
Hspa4,0.002778685068188869,0.0978412151825437,0.7830550988171314,-27.874530930917913,0.0,0.0,0.0,0.0
Zcchc10,1.0,1.0,1.0,0.0,0.0,0.0,0.0,0.0
Aff4,0.2572471176779851,0.2615722360139493,1.0,0.0,0.0,0.0,0.0,0.0
Uqcrq,0.038707628800508063,0.23797729618163055,0.8506311026434865,-0.17467018038648177,-0.08928571708175546,-0.006961894553485902,1.2377462796100975,1.164754468927065
Sept8,1.0,1.0,1.0,0.0,0.0,0.0,0.0,0.0
Kif3a,1.0,1.0,1.0,0.0,0.0,0.0,0.0,0.0
Il4,1.0,1.0,1.0,0.0,0.0,0.0,0.0,0.0
Il13,1.0,1.0,1.0,0.0,0.0,0.0,0.0,0.0
Rad50,1.0,1.0,1.0,0.0,0.0,0.0,0.0,0.0
Il5,1.0,1.0,1.0,0.0,0.0,0.0,0.0,0.0
Irf1,0.00021013540163146297,0.0018447703965623207,0.006734144223430692,-29.392394941363147,-29.129762448529604,-3.1734656665580228,0.5892584965560865,0.0
Gm12216,1.0,1.0,1.0,0.0,0.0,0.0,0.0,0.0
Slc22a5,1.0,1.0,1.0,0.0,0.0,0.0,0.0,0.0
Slc22a21,1.0,1.0,1.0,0.0,0.0,0.0,0.0,0.0
Slc22a4,1.0,1.0,1.0,0.0,0.0,0.0,0.0,0.0
Pdlim4,1.0,1.0,1.0,0.0,0.0,0.0,0.0,0.0
P4ha2,1.0,1.0,1.0,0.0,0.0,0.0,0.0,0.0
Csf2,1.0,1.0,1.0,0.0,0.0,0.0,0.0,0.0
Acsl6,1.0,1.0,1.0,0.0,0.0,0.0,0.0,0.0
Fnip1,0.2615722360139493,1.0,1.0,0.0,0.0,0.0,0.0,0.0
Rapgef6,0.0007335473709934008,0.009501095540355024,0.08856750257537103,-28.13884507007978,-27.07566007100012,0.0,0.1414444237593055,0.0
Cdc42se2,0.05737874097007224,0.3837421608319441,0.9699293482575216,-0.093656891967908,0.04707023270792237,0.227538239240849,0.5344161905142331,0.5525514796390315
Lyrm7,1.0,1.0,1.0,0.0,0.0,0.0,0.0,0.0
Hint1,6.35071842502183e-05,0.0007144558228149559,0.015860919266492024,0.1914193630528269,0.26966385087352895,0.3659503416249766,0.8294390314178974,0.9992858716762737
Gpx3,1.0,1.0,1.0,0.0,0.0,0.0,0.0,0.0
Tnip1,0.2615722360139493,1.0,1.0,0.0,0.0,0.0,0.0,0.0
Anxa6,1.0,1.0,1.0,0.0,0.0,0.0,0.0,0.0
Ccdc69,1.0,1.0,1.0,0.0,0.0,0.0,0.0,0.0
Gm2a,0.009501095540355024,0.08856750257537103,1.0,-25.979899531943847,0.0,0.0,0.0,0.0
Slc36a3os,1.0,1.0,1.0,0.0,0.0,0.0,0.0,0.0
Slc36a2,1.0,1.0,1.0,0.0,0.0,0.0,0.0,0.0
Slc36a1,1.0,1.0,1.0,0.0,0.0,0.0,0.0,0.0
Sparc,1.0,1.0,1.0,0.0,0.0,0.0,0.0,0.0
Atox1,0.13525118892898313,0.6185519578391343,0.9595657057843286,-27.416514894467646,0.0,0.0,0.0,0.0
G3bp1,0.2615722360139493,0.47495853988950676,1.0,0.0,0.0,0.0,0.0,0.0
Glra1,1.0,1.0,1.0,0.0,0.0,0.0,0.0,0.0
Fam114a2,1.0,1.0,1.0,0.0,0.0,0.0,0.0,0.0
Mfap3,1.0,1.0,1.0,0.0,0.0,0.0,0.0,0.0
Galnt10,1.0,1.0,1.0,0.0,0.0,0.0,0.0,0.0
2010001A14Rik,1.0,1.0,1.0,0.0,0.0,0.0,0.0,0.0
Sap30l,0.2615722360139493,1.0,1.0,0.0,0.0,0.0,0.0,0.0
Larp1,0.009501095540355024,0.2049892224528732,0.8822739356449067,-26.867424716902836,0.0,0.0,0.0,0.0
Cnot8,0.002778685068188869,0.029867793297539916,0.3536602672132591,-27.89965040227297,-25.848495952927735,0.0,0.060418872634529,0.0
Gemin5,1.0,1.0,1.0,0.0,0.0,0.0,0.0,0.0
Mrpl22,0.2615722360139493,1.0,1.0,0.0,0.0,0.0,0.0,0.0
Igtp,0.009501095540355024,0.029867793297539916,0.08856750257537103,-27.22281261772125,0.0,0.0,0.0,0.0
Irgm2,1.0,1.0,1.0,0.0,0.0,0.0,0.0,0.0
4930438A08Rik,1.0,1.0,1.0,0.0,0.0,0.0,0.0,0.0
Zfp692,1.0,1.0,1.0,0.0,0.0,0.0,0.0,0.0
Zfp672,1.0,1.0,1.0,0.0,0.0,0.0,0.0,0.0
1700047K16Rik,1.0,1.0,1.0,0.0,0.0,0.0,0.0,0.0
Sh3bp5l,1.0,1.0,1.0,0.0,0.0,0.0,0.0,0.0
Lypd8,1.0,1.0,1.0,0.0,0.0,0.0,0.0,0.0
Gm12253,1.0,1.0,1.0,0.0,0.0,0.0,0.0,0.0
2210407C18Rik,1.0,1.0,1.0,0.0,0.0,0.0,0.0,0.0
Gm12258,1.0,1.0,1.0,0.0,0.0,0.0,0.0,0.0
2810021J22Rik,1.0,1.0,1.0,0.0,0.0,0.0,0.0,0.0
Zfp39,1.0,1.0,1.0,0.0,0.0,0.0,0.0,0.0
Rnf187,0.009501095540355024,0.08856750257537103,0.7670968684102772,-26.107276363635,0.0,0.0,0.0,0.0
Hist3h2ba,1.0,1.0,1.0,0.0,0.0,0.0,0.0,0.0
Hist3h2a,1.0,1.0,1.0,0.0,0.0,0.0,0.0,0.0
2310058D17Rik,1.0,1.0,1.0,0.0,0.0,0.0,0.0,0.0
Trim11,1.0,1.0,1.0,0.0,0.0,0.0,0.0,0.0
Obscn,1.0,1.0,1.0,0.0,0.0,0.0,0.0,0.0
Iba57,1.0,1.0,1.0,0.0,0.0,0.0,0.0,0.0
Gjc2,1.0,1.0,1.0,0.0,0.0,0.0,0.0,0.0
Guk1,0.009501095540355024,0.08856750257537103,0.7670968684102772,-27.030201787147398,0.0,0.0,0.0,0.0
Mrpl55,0.2615722360139493,1.0,1.0,0.0,0.0,0.0,0.0,0.0
2310033P09Rik,1.0,1.0,1.0,0.0,0.0,0.0,0.0,0.0
Arf1,0.02524410573946178,0.18134476462649837,0.7920774787647853,-0.010900320424176078,0.13350563015609207,0.2520700315456272,0.6439312962060204,0.7081411917020473
Wnt9a,1.0,1.0,1.0,0.0,0.0,0.0,0.0,0.0
Snap47,1.0,1.0,1.0,0.0,0.0,0.0,0.0,0.0
Jmjd4,1.0,1.0,1.0,0.0,0.0,0.0,0.0,0.0
Zfp867,1.0,1.0,1.0,0.0,0.0,0.0,0.0,0.0
Zkscan17,1.0,1.0,1.0,0.0,0.0,0.0,0.0,0.0
4933439C10Rik,1.0,1.0,1.0,0.0,0.0,0.0,0.0,0.0
Nlrp3,1.0,1.0,1.0,0.0,0.0,0.0,0.0,0.0
Mprip,1.0,1.0,1.0,0.0,0.0,0.0,0.0,0.0
Flcn,1.0,1.0,1.0,0.0,0.0,0.0,0.0,0.0
Gm16062,1.0,1.0,1.0,0.0,0.0,0.0,0.0,0.0
Cops3,0.2615722360139493,1.0,1.0,0.0,0.0,0.0,0.0,0.0
Nt5m,1.0,1.0,1.0,0.0,0.0,0.0,0.0,0.0
Med9os,1.0,1.0,1.0,0.0,0.0,0.0,0.0,0.0
Med9,1.0,1.0,1.0,0.0,0.0,0.0,0.0,0.0
Rasd1,1.0,1.0,1.0,0.0,0.0,0.0,0.0,0.0
Pemt,1.0,1.0,1.0,0.0,0.0,0.0,0.0,0.0
Rai1,1.0,1.0,1.0,0.0,0.0,0.0,0.0,0.0
Srebf1,1.0,1.0,1.0,0.0,0.0,0.0,0.0,0.0
Tom1l2,1.0,1.0,1.0,0.0,0.0,0.0,0.0,0.0
Drc3,1.0,1.0,1.0,0.0,0.0,0.0,0.0,0.0
Atpaf2,1.0,1.0,1.0,0.0,0.0,0.0,0.0,0.0
Gid4,1.0,1.0,1.0,0.0,0.0,0.0,0.0,0.0
Drg2,1.0,1.0,1.0,0.0,0.0,0.0,0.0,0.0
Alkbh5,0.009501095540355024,0.1853939469443623,0.8685181258352878,-26.92279885415991,0.0,0.0,0.0,0.0
Llgl1,1.0,1.0,1.0,0.0,0.0,0.0,0.0,0.0
Flii,1.0,1.0,1.0,0.0,0.0,0.0,0.0,0.0
Mief2,1.0,1.0,1.0,0.0,0.0,0.0,0.0,0.0
Top3a,1.0,1.0,1.0,0.0,0.0,0.0,0.0,0.0
Smcr8,1.0,1.0,1.0,0.0,0.0,0.0,0.0,0.0
Shmt1,1.0,1.0,1.0,0.0,0.0,0.0,0.0,0.0
Dhrs7b,1.0,1.0,1.0,0.0,0.0,0.0,0.0,0.0
Tmem11,1.0,1.0,1.0,0.0,0.0,0.0,0.0,0.0
Natd1,1.0,1.0,1.0,0.0,0.0,0.0,0.0,0.0
Map2k3os,1.0,1.0,1.0,0.0,0.0,0.0,0.0,0.0
Map2k3,0.2615722360139493,1.0,1.0,0.0,0.0,0.0,0.0,0.0
Tnfrsf13b,0.0821608319441137,0.5208065412399778,1.0,-0.11341471382380923,0.03529815940890457,0.2039404843344524,0.6304190448230234,0.646314173838047
Usp22,1.0,1.0,1.0,0.0,0.0,0.0,0.0,0.0
Aldh3a2,1.0,1.0,1.0,0.0,0.0,0.0,0.0,0.0
Gm45605,1.0,1.0,1.0,0.0,0.0,0.0,0.0,0.0
Mfap4,1.0,1.0,1.0,0.0,0.0,0.0,0.0,0.0
Mapk7,1.0,1.0,1.0,0.0,0.0,0.0,0.0,0.0
B9d1,1.0,1.0,1.0,0.0,0.0,0.0,0.0,0.0
Epn2,1.0,1.0,1.0,0.0,0.0,0.0,0.0,0.0
Grap,1.0,1.0,1.0,0.0,0.0,0.0,0.0,0.0
Fam83g,1.0,1.0,1.0,0.0,0.0,0.0,0.0,0.0
Prpsap2,1.0,1.0,1.0,0.0,0.0,0.0,0.0,0.0
Ulk2,1.0,1.0,1.0,0.0,0.0,0.0,0.0,0.0
A530017D24Rik,1.0,1.0,1.0,0.0,0.0,0.0,0.0,0.0
Akap10,1.0,1.0,1.0,0.0,0.0,0.0,0.0,0.0
Specc1,1.0,1.0,1.0,0.0,0.0,0.0,0.0,0.0
Adora2b,1.0,1.0,1.0,0.0,0.0,0.0,0.0,0.0
Zswim7,1.0,1.0,1.0,0.0,0.0,0.0,0.0,0.0
Ttc19,0.029867793297539916,0.08856750257537103,0.2615722360139493,0.0,0.0,0.0,0.0,0.0
Ncor1,0.00045702595175391706,0.00757216567920716,0.09408099303916678,-28.320803884504933,-28.17913429233321,-27.736781226717262,0.30392377325614023,0.0
Pigl,1.0,1.0,1.0,0.0,0.0,0.0,0.0,0.0
Cenpv,1.0,1.0,1.0,0.0,0.0,0.0,0.0,0.0
Ubb,1.5876796062554575e-05,6.35071842502183e-05,0.0007144558228149559,0.104805290051718,0.13712095778192104,0.16317724129023,2.387465770138035,2.624904951421162
Trpv2,1.0,1.0,1.0,0.0,0.0,0.0,0.0,0.0
2410006H16Rik,0.06909581646423751,0.42686353893784235,0.9699293482575216,-0.10131285356706286,0.10605983265695507,0.3219515578797909,0.4765914456484355,0.5106924891857673
Lrrc75a,1.0,1.0,1.0,0.0,0.0,0.0,0.0,0.0
Lrrc75aos2,1.0,1.0,1.0,0.0,0.0,0.0,0.0,0.0
Mmgt2,1.0,1.0,1.0,0.0,0.0,0.0,0.0,0.0
Zfp287,1.0,1.0,1.0,0.0,0.0,0.0,0.0,0.0
Gm27194,1.0,1.0,1.0,0.0,0.0,0.0,0.0,0.0
Zfp286,1.0,1.0,1.0,0.0,0.0,0.0,0.0,0.0
Trim16,1.0,1.0,1.0,0.0,0.0,0.0,0.0,0.0
Fbxw10,1.0,1.0,1.0,0.0,0.0,0.0,0.0,0.0
Tvp23b,0.08856750257537103,0.2615722360139493,1.0,0.0,0.0,0.0,0.0,0.0
Pmp22,1.0,1.0,1.0,0.0,0.0,0.0,0.0,0.0
Hs3st3b1,1.0,1.0,1.0,0.0,0.0,0.0,0.0,0.0
Cox10,1.0,1.0,1.0,0.0,0.0,0.0,0.0,0.0
2810001G20Rik,1.0,1.0,1.0,0.0,0.0,0.0,0.0,0.0
Hs3st3a1,1.0,1.0,1.0,0.0,0.0,0.0,0.0,0.0
Elac2,1.0,1.0,1.0,0.0,0.0,0.0,0.0,0.0
Arhgap44,1.0,1.0,1.0,0.0,0.0,0.0,0.0,0.0
Myocd,1.0,1.0,1.0,0.0,0.0,0.0,0.0,0.0
Map2k4,1.0,1.0,1.0,0.0,0.0,0.0,0.0,0.0
Zkscan6,1.0,1.0,1.0,0.0,0.0,0.0,0.0,0.0
Tmem220,1.0,1.0,1.0,0.0,0.0,0.0,0.0,0.0
Adprm,1.0,1.0,1.0,0.0,0.0,0.0,0.0,0.0
Sco1,1.0,1.0,1.0,0.0,0.0,0.0,0.0,0.0
Gas7,1.0,1.0,1.0,0.0,0.0,0.0,0.0,0.0
Glp2r,1.0,1.0,1.0,0.0,0.0,0.0,0.0,0.0
Usp43,1.0,1.0,1.0,0.0,0.0,0.0,0.0,0.0
9130017K11Rik,1.0,1.0,1.0,0.0,0.0,0.0,0.0,0.0
Stx8,0.009501095540355024,0.08856750257537103,0.2615722360139493,-25.631349867673162,0.0,0.0,0.0,0.0
Ntn1,1.0,1.0,1.0,0.0,0.0,0.0,0.0,0.0
Gm12305,1.0,1.0,1.0,0.0,0.0,0.0,0.0,0.0
Pik3r5,1.0,1.0,1.0,0.0,0.0,0.0,0.0,0.0
Pik3r6,1.0,1.0,1.0,0.0,0.0,0.0,0.0,0.0
Mfsd6l,1.0,1.0,1.0,0.0,0.0,0.0,0.0,0.0
Myh10,1.0,1.0,1.0,0.0,0.0,0.0,0.0,0.0
Ndel1,0.2615722360139493,0.2615722360139493,1.0,0.0,0.0,0.0,0.0,0.0
Rpl26,0.06909581646423751,0.4726680955783123,1.0,-0.049365193761119634,-0.017064077039497423,0.01832407093583679,2.60571774561992,2.574795088415195
Slc25a35,1.0,1.0,1.0,0.0,0.0,0.0,0.0,0.0
Rangrf,1.0,1.0,1.0,0.0,0.0,0.0,0.0,0.0
Pfas,1.0,1.0,1.0,0.0,0.0,0.0,0.0,0.0
Ctc1,1.0,1.0,1.0,0.0,0.0,0.0,0.0,0.0
Aurkb,1.0,1.0,1.0,0.0,0.0,0.0,0.0,0.0
9330160F10Rik,1.0,1.0,1.0,0.0,0.0,0.0,0.0,0.0
Borcs6,1.0,1.0,1.0,0.0,0.0,0.0,0.0,0.0
Tmem107,1.0,1.0,1.0,0.0,0.0,0.0,0.0,0.0
Vamp2,0.029867793297539916,0.08856750257537103,0.2615722360139493,0.0,0.0,0.0,0.0,0.0
Per1,0.2615722360139493,1.0,1.0,0.0,0.0,0.0,0.0,0.0
Hes7,1.0,1.0,1.0,0.0,0.0,0.0,0.0,0.0
Cntrob,1.0,1.0,1.0,0.0,0.0,0.0,0.0,0.0
Trappc1,1.0,1.0,1.0,0.0,0.0,0.0,0.0,0.0
Kcnab3,1.0,1.0,1.0,0.0,0.0,0.0,0.0,0.0
Rnf227,1.0,1.0,1.0,0.0,0.0,0.0,0.0,0.0
Chd3,1.0,1.0,1.0,0.0,0.0,0.0,0.0,0.0
Cyb5d1,1.0,1.0,1.0,0.0,0.0,0.0,0.0,0.0
Naa38,0.002778685068188869,0.029867793297539916,0.2615722360139493,-27.901381138470356,0.0,0.0,0.0,0.0
Tmem88,1.0,1.0,1.0,0.0,0.0,0.0,0.0,0.0
Kdm6b,1.0,1.0,1.0,0.0,0.0,0.0,0.0,0.0
Kdm6bos,1.0,1.0,1.0,0.0,0.0,0.0,0.0,0.0
Dnah2,1.0,1.0,1.0,0.0,0.0,0.0,0.0,0.0
Wrap53,1.0,1.0,1.0,0.0,0.0,0.0,0.0,0.0
Trp53,1.0,1.0,1.0,0.0,0.0,0.0,0.0,0.0
Atp1b2,1.0,1.0,1.0,0.0,0.0,0.0,0.0,0.0
Sat2,1.0,1.0,1.0,0.0,0.0,0.0,0.0,0.0
Fxr2,1.0,1.0,1.0,0.0,0.0,0.0,0.0,0.0
Mpdu1,1.0,1.0,1.0,0.0,0.0,0.0,0.0,0.0
Cd68,1.0,1.0,1.0,0.0,0.0,0.0,0.0,0.0
Eif4a1,0.0015241724220052392,0.08249583234103358,0.6784313725490196,0.018850347327403302,0.1323738885311675,0.27262709063424706,0.57533161598475,0.630622789154111
Senp3,1.0,1.0,1.0,0.0,0.0,0.0,0.0,0.0
Tnfsf13,1.0,1.0,1.0,0.0,0.0,0.0,0.0,0.0
Tnfsf12,1.0,1.0,1.0,0.0,0.0,0.0,0.0,0.0
Polr2a,0.08856750257537103,0.2615722360139493,1.0,0.0,0.0,0.0,0.0,0.0
Zbtb4,1.0,1.0,1.0,0.0,0.0,0.0,0.0,0.0
Chrnb1,1.0,1.0,1.0,0.0,0.0,0.0,0.0,0.0
Fgf11,1.0,1.0,1.0,0.0,0.0,0.0,0.0,0.0
Tmem102,1.0,1.0,1.0,0.0,0.0,0.0,0.0,0.0
Spem1,1.0,1.0,1.0,0.0,0.0,0.0,0.0,0.0
Nlgn2,1.0,1.0,1.0,0.0,0.0,0.0,0.0,0.0
Tmem256,3.5291394948257277e-05,0.002305097855908232,0.017408037828239444,-28.277766135855625,-28.17298304853219,-28.0272426278076,0.3026306998771681,0.0
Plscr3,1.0,1.0,1.0,0.0,0.0,0.0,0.0,0.0
Tnk1,1.0,1.0,1.0,0.0,0.0,0.0,0.0,0.0
Tmem95,1.0,1.0,1.0,0.0,0.0,0.0,0.0,0.0
Kctd11,1.0,1.0,1.0,0.0,0.0,0.0,0.0,0.0
Acap1,1.0,1.0,1.0,0.0,0.0,0.0,0.0,0.0
2810408A11Rik,1.0,1.0,1.0,0.0,0.0,0.0,0.0,0.0
Neurl4,1.0,1.0,1.0,0.0,0.0,0.0,0.0,0.0
Gps2,1.0,1.0,1.0,0.0,0.0,0.0,0.0,0.0
Eif5a,0.06909581646423751,0.42686353893784235,0.9699293482575216,-0.021053120685093997,0.06708768702548679,0.14178652134998573,0.9133546203092628,0.9595064336075136
Cldn7,1.0,1.0,1.0,0.0,0.0,0.0,0.0,0.0
Elp5,1.0,1.0,1.0,0.0,0.0,0.0,0.0,0.0
Ctdnep1,0.47495853988950676,1.0,1.0,0.0,0.0,0.0,0.0,0.0
Gabarap,0.0073033261887751055,0.13493688973565135,0.7920774787647853,-0.0007426263075741823,0.08005270176692976,0.16222509988161338,0.9555083415251733,1.0093472217591661
Phf23,1.0,1.0,1.0,0.0,0.0,0.0,0.0,0.0
Dvl2,1.0,1.0,1.0,0.0,0.0,0.0,0.0,0.0
Acadvl,1.0,1.0,1.0,0.0,0.0,0.0,0.0,0.0
Dlg4,1.0,1.0,1.0,0.0,0.0,0.0,0.0,0.0
Asgr2,1.0,1.0,1.0,0.0,0.0,0.0,0.0,0.0
Mgl2,1.0,1.0,1.0,0.0,0.0,0.0,0.0,0.0
Clec10a,1.0,1.0,1.0,0.0,0.0,0.0,0.0,0.0
Slc16a11,1.0,1.0,1.0,0.0,0.0,0.0,0.0,0.0
Slc16a13,1.0,1.0,1.0,0.0,0.0,0.0,0.0,0.0
Bcl6b,1.0,1.0,1.0,0.0,0.0,0.0,0.0,0.0
0610010K14Rik,1.0,1.0,1.0,0.0,0.0,0.0,0.0,0.0
Rnasek,0.05737874097007224,0.3837421608319441,0.9699293482575216,-0.13504363180457313,-0.05374767864096269,0.030247573276651535,1.0560491354391148,1.0149961142656472
Alox12,1.0,1.0,1.0,0.0,0.0,0.0,0.0,0.0
Alox15,1.0,1.0,1.0,0.0,0.0,0.0,0.0,0.0
Pelp1,1.0,1.0,1.0,0.0,0.0,0.0,0.0,0.0
Arrb2,1.0,1.0,1.0,0.0,0.0,0.0,0.0,0.0
Med11,1.0,1.0,1.0,0.0,0.0,0.0,0.0,0.0
Cxcl16,1.0,1.0,1.0,0.0,0.0,0.0,0.0,0.0
Zmynd15,1.0,1.0,1.0,0.0,0.0,0.0,0.0,0.0
Tm4sf5,1.0,1.0,1.0,0.0,0.0,0.0,0.0,0.0
Vmo1,1.0,1.0,1.0,0.0,0.0,0.0,0.0,0.0
Psmb6,0.2082876875446535,0.7344923394458999,1.0,-0.1475143024905575,-0.002787339761882895,0.12457895549829488,0.5514719336691467,0.5494183921556381
Pld2,1.0,1.0,1.0,0.0,0.0,0.0,0.0,0.0
Mink1,1.0,1.0,1.0,0.0,0.0,0.0,0.0,0.0
Chrne,1.0,1.0,1.0,0.0,0.0,0.0,0.0,0.0
Slc25a11,1.0,1.0,1.0,0.0,0.0,0.0,0.0,0.0
Rnf167,1.0,1.0,1.0,0.0,0.0,0.0,0.0,0.0
Pfn1,0.00409621338413908,0.09788044772564897,0.7344923394458999,-0.01629640075513237,0.0755383283898822,0.16952633035333,0.9565066316344695,1.0071539686638515
Eno3,1.0,1.0,1.0,0.0,0.0,0.0,0.0,0.0
Spag7,0.2615722360139493,1.0,1.0,0.0,0.0,0.0,0.0,0.0
Camta2,1.0,1.0,1.0,0.0,0.0,0.0,0.0,0.0
Inca1,1.0,1.0,1.0,0.0,0.0,0.0,0.0,0.0
Kif1c,1.0,1.0,1.0,0.0,0.0,0.0,0.0,0.0
Zfp3,1.0,1.0,1.0,0.0,0.0,0.0,0.0,0.0
Scimp,1.0,1.0,1.0,0.0,0.0,0.0,0.0,0.0
Rabep1,1.0,1.0,1.0,0.0,0.0,0.0,0.0,0.0
Gm19967,1.0,1.0,1.0,0.0,0.0,0.0,0.0,0.0
Nup88,1.0,1.0,1.0,0.0,0.0,0.0,0.0,0.0
Rpain,1.0,1.0,1.0,0.0,0.0,0.0,0.0,0.0
C1qbp,0.009501095540355024,0.08856750257537103,0.29298633880622815,-25.85052951274452,0.0,0.0,0.0,0.0
Dhx33,1.0,1.0,1.0,0.0,0.0,0.0,0.0,0.0
Derl2,0.002778685068188869,0.029867793297539916,0.3354105003875558,-28.018763150204347,-26.799184383299774,0.0,0.1167772798993575,0.0
Mis12,1.0,1.0,1.0,0.0,0.0,0.0,0.0,0.0
Nlrp1b,1.0,1.0,1.0,0.0,0.0,0.0,0.0,0.0
Pimreg,1.0,1.0,1.0,0.0,0.0,0.0,0.0,0.0
4933427D14Rik,1.0,1.0,1.0,0.0,0.0,0.0,0.0,0.0
Txndc17,0.0007144558228149559,0.007750865708345086,0.05737874097007224,-0.3734261483270946,-0.25448087624537186,-0.1348777357038284,0.6026996223220593,0.5049381049728474
Med31,0.029867793297539916,0.2615722360139493,1.0,0.0,0.0,0.0,0.0,0.0
4930563E22Rik,1.0,1.0,1.0,0.0,0.0,0.0,0.0,0.0
Xaf1,1.0,1.0,1.0,0.0,0.0,0.0,0.0,0.0
Smtnl2,1.0,1.0,1.0,0.0,0.0,0.0,0.0,0.0
Ggt6,1.0,1.0,1.0,0.0,0.0,0.0,0.0,0.0
Mybbp1a,0.2615722360139493,1.0,1.0,0.0,0.0,0.0,0.0,0.0
Spns2,1.0,1.0,1.0,0.0,0.0,0.0,0.0,0.0
Spns3,1.0,1.0,1.0,0.0,0.0,0.0,0.0,0.0
Ube2g1,0.08856750257537103,0.47495853988950676,1.0,0.0,0.0,0.0,0.0,0.0
Ankfy1,1.0,1.0,1.0,0.0,0.0,0.0,0.0,0.0
Cyb5d2,1.0,1.0,1.0,0.0,0.0,0.0,0.0,0.0
Zzef1,1.0,1.0,1.0,0.0,0.0,0.0,0.0,0.0
Atp2a3,0.009501095540355024,0.029867793297539916,0.2615722360139493,-27.009590333090237,0.0,0.0,0.0,0.0
P2rx1,1.0,1.0,1.0,0.0,0.0,0.0,0.0,0.0
Camkk1,1.0,1.0,1.0,0.0,0.0,0.0,0.0,0.0
Ncbp3,1.0,1.0,1.0,0.0,0.0,0.0,0.0,0.0
Itgae,1.0,1.0,1.0,0.0,0.0,0.0,0.0,0.0
Haspin,1.0,1.0,1.0,0.0,0.0,0.0,0.0,0.0
P2rx5,1.0,1.0,1.0,0.0,0.0,0.0,0.0,0.0
Emc6,0.012018880712525078,0.1677378966418669,0.8464825110542755,-28.41196526721269,-2.054300048438906,0.042385934664541644,0.3337784491151371,0.078840394632549
Tax1bp3,1.0,1.0,1.0,0.0,0.0,0.0,0.0,0.0
Ctns,1.0,1.0,1.0,0.0,0.0,0.0,0.0,0.0
Shpk,1.0,1.0,1.0,0.0,0.0,0.0,0.0,0.0
Aspa,1.0,1.0,1.0,0.0,0.0,0.0,0.0,0.0
Rap1gap2,1.0,1.0,1.0,0.0,0.0,0.0,0.0,0.0
Cluh,1.0,1.0,1.0,0.0,0.0,0.0,0.0,0.0
Pafah1b1,1.5876796062554575e-05,0.00011113757243788204,0.0013600451325973938,0.6857776806985165,0.8478975288012565,0.9965681227742555,0.32183385722527563,0.579095336275976
Mettl16,1.0,1.0,1.0,0.0,0.0,0.0,0.0,0.0
Mnt,1.0,1.0,1.0,0.0,0.0,0.0,0.0,0.0
Sgsm2,1.0,1.0,1.0,0.0,0.0,0.0,0.0,0.0
Tsr1,1.0,1.0,1.0,0.0,0.0,0.0,0.0,0.0
Srr,1.0,1.0,1.0,0.0,0.0,0.0,0.0,0.0
Smg6,1.0,1.0,1.0,0.0,0.0,0.0,0.0,0.0
Hic1,1.0,1.0,1.0,0.0,0.0,0.0,0.0,0.0
1700016P03Rik,1.0,1.0,1.0,0.0,0.0,0.0,0.0,0.0
Ovca2,1.0,1.0,1.0,0.0,0.0,0.0,0.0,0.0
Dph1,1.0,1.0,1.0,0.0,0.0,0.0,0.0,0.0
Rtn4rl1,1.0,1.0,1.0,0.0,0.0,0.0,0.0,0.0
Rpa1,1.0,1.0,1.0,0.0,0.0,0.0,0.0,0.0
Smyd4,1.0,1.0,1.0,0.0,0.0,0.0,0.0,0.0
Serpinf1,1.0,1.0,1.0,0.0,0.0,0.0,0.0,0.0
Wdr81,1.0,1.0,1.0,0.0,0.0,0.0,0.0,0.0
Mir22hg,0.08856750257537103,1.0,1.0,0.0,0.0,0.0,0.0,0.0
Tlcd2,1.0,1.0,1.0,0.0,0.0,0.0,0.0,0.0
Prpf8,1.0,1.0,1.0,0.0,0.0,0.0,0.0,0.0
Rilp,1.0,1.0,1.0,0.0,0.0,0.0,0.0,0.0
Scarf1,1.0,1.0,1.0,0.0,0.0,0.0,0.0,0.0
Gm45606,1.0,1.0,1.0,0.0,0.0,0.0,0.0,0.0
Slc43a2,1.0,1.0,1.0,0.0,0.0,0.0,0.0,0.0
Pitpna,0.010836137721840637,0.09010857608108208,0.5545116269975416,-28.48383495353143,-2.1930081956519256,-0.004780343379775683,0.35254190337722013,0.078545683851124
Inpp5k,1.0,1.0,1.0,0.0,0.0,0.0,0.0,0.0
Myo1c,1.0,1.0,1.0,0.0,0.0,0.0,0.0,0.0
Crk,0.08856750257537103,0.2615722360139493,1.0,0.0,0.0,0.0,0.0,0.0
Ywhae,0.020131777407319206,0.1568627450980392,0.5713582599031516,0.013979002282250954,0.16461922620845348,0.33800416483778584,0.644412546243327,0.7199461516010994
Rph3al,1.0,1.0,1.0,0.0,0.0,0.0,0.0,0.0
Rflnb,1.0,1.0,1.0,0.0,0.0,0.0,0.0,0.0
Vps53,0.2615722360139493,1.0,1.0,0.0,0.0,0.0,0.0,0.0
Glod4,1.0,1.0,1.0,0.0,0.0,0.0,0.0,0.0
Fam57a,1.0,1.0,1.0,0.0,0.0,0.0,0.0,0.0
Dbil5,1.0,1.0,1.0,0.0,0.0,0.0,0.0,0.0
Mrm3,1.0,1.0,1.0,0.0,0.0,0.0,0.0,0.0
Nxn,1.0,1.0,1.0,0.0,0.0,0.0,0.0,0.0
Timm22,1.0,1.0,1.0,0.0,0.0,0.0,0.0,0.0
Abr,1.0,1.0,1.0,0.0,0.0,0.0,0.0,0.0
Gosr1,1.0,1.0,1.0,0.0,0.0,0.0,0.0,0.0
Cpd,1.0,1.0,1.0,0.0,0.0,0.0,0.0,0.0
Tmigd1,1.0,1.0,1.0,0.0,0.0,0.0,0.0,0.0
Blmh,1.0,1.0,1.0,0.0,0.0,0.0,0.0,0.0
Slc6a4,1.0,1.0,1.0,0.0,0.0,0.0,0.0,0.0
Nsrp1,0.009501095540355024,0.08856750257537103,1.0,-25.788998594762532,0.0,0.0,0.0,0.0
Ssh2,0.2615722360139493,1.0,1.0,0.0,0.0,0.0,0.0,0.0
Ankrd13b,1.0,1.0,1.0,0.0,0.0,0.0,0.0,0.0
Git1,1.0,1.0,1.0,0.0,0.0,0.0,0.0,0.0
Trp53i13,1.0,1.0,1.0,0.0,0.0,0.0,0.0,0.0
Abhd15,1.0,1.0,1.0,0.0,0.0,0.0,0.0,0.0
Taok1,0.2615722360139493,1.0,1.0,0.0,0.0,0.0,0.0,0.0
Nufip2,0.08856750257537103,0.2615722360139493,0.2615722360139493,0.0,0.0,0.0,0.0,0.0
Myo18a,1.0,1.0,1.0,0.0,0.0,0.0,0.0,0.0
Pipox,1.0,1.0,1.0,0.0,0.0,0.0,0.0,0.0
Phf12,1.0,1.0,1.0,0.0,0.0,0.0,0.0,0.0
Dhrs13os,1.0,1.0,1.0,0.0,0.0,0.0,0.0,0.0
Dhrs13,1.0,1.0,1.0,0.0,0.0,0.0,0.0,0.0
Flot2,1.0,1.0,1.0,0.0,0.0,0.0,0.0,0.0
Eral1,1.0,1.0,1.0,0.0,0.0,0.0,0.0,0.0
Fam222b,1.0,1.0,1.0,0.0,0.0,0.0,0.0,0.0
Traf4,1.0,1.0,1.0,0.0,0.0,0.0,0.0,0.0
Nek8,1.0,1.0,1.0,0.0,0.0,0.0,0.0,0.0
Tlcd1,1.0,1.0,1.0,0.0,0.0,0.0,0.0,0.0
Rpl23a,0.1568627450980392,0.4726680955783123,0.9699293482575216,-0.11641737784224677,-0.042250619926198434,0.022022389544799917,1.5040501987188475,1.4626324415673175
Rab34,1.0,1.0,1.0,0.0,0.0,0.0,0.0,0.0
Proca1,1.0,1.0,1.0,0.0,0.0,0.0,0.0,0.0
Supt6,0.2615722360139493,1.0,1.0,0.0,0.0,0.0,0.0,0.0
Sdf2,0.0006255118296727951,0.010202929867255581,0.16353270214527704,-28.217440462755153,-28.093170067268343,-27.007748035841658,0.28634319205860925,0.0
2610507B11Rik,1.0,1.0,1.0,0.0,0.0,0.0,0.0,0.0
Rskr,1.0,1.0,1.0,0.0,0.0,0.0,0.0,0.0
Spag5,1.0,1.0,1.0,0.0,0.0,0.0,0.0,0.0
Aldoc,1.0,1.0,1.0,0.0,0.0,0.0,0.0,0.0
Pigs,1.0,1.0,1.0,0.0,0.0,0.0,0.0,0.0
Unc119,1.0,1.0,1.0,0.0,0.0,0.0,0.0,0.0
Slc46a1,1.0,1.0,1.0,0.0,0.0,0.0,0.0,0.0
Tmem199,1.0,1.0,1.0,0.0,0.0,0.0,0.0,0.0
Poldip2,1.0,1.0,1.0,0.0,0.0,0.0,0.0,0.0
Tnfaip1,1.0,1.0,1.0,0.0,0.0,0.0,0.0,0.0
Ift20,0.11526553941414623,0.5713582599031516,0.9699293482575216,-0.20546057712810112,-0.08512543352566221,0.030824932395068866,0.8223313798126302,0.7751526068496609
Tmem97,1.0,1.0,1.0,0.0,0.0,0.0,0.0,0.0
Nlk,1.0,1.0,1.0,0.0,0.0,0.0,0.0,0.0
Ccnq,1.0,1.0,1.0,0.0,0.0,0.0,0.0,0.0
Lyrm9,1.0,1.0,1.0,0.0,0.0,0.0,0.0,0.0
Nos2,1.0,1.0,1.0,0.0,0.0,0.0,0.0,0.0
Lgals9,1.0,1.0,1.0,0.0,0.0,0.0,0.0,0.0
Ksr1,1.0,1.0,1.0,0.0,0.0,0.0,0.0,0.0
Wsb1,0.08856750257537103,0.2615722360139493,1.0,0.0,0.0,0.0,0.0,0.0
Nf1,1.0,1.0,1.0,0.0,0.0,0.0,0.0,0.0
Evi2,1.0,1.0,1.0,0.0,0.0,0.0,0.0,0.0
Evi2a,0.06347883701390773,0.2870251802988596,0.8791114169586121,0.0,0.0,26.228217408506275,0.0,0.0
Rab11fip4,1.0,1.0,1.0,0.0,0.0,0.0,0.0,0.0
Utp6,1.0,1.0,1.0,0.0,0.0,0.0,0.0,0.0
Suz12,0.029867793297539916,0.2615722360139493,1.0,0.0,0.0,0.0,0.0,0.0
Crlf3,0.08856750257537103,1.0,1.0,0.0,0.0,0.0,0.0,0.0
Atad5,1.0,1.0,1.0,0.0,0.0,0.0,0.0,0.0
Tefm,1.0,1.0,1.0,0.0,0.0,0.0,0.0,0.0
Adap2,1.0,1.0,1.0,0.0,0.0,0.0,0.0,0.0
Adap2os,1.0,1.0,1.0,0.0,0.0,0.0,0.0,0.0
Rnf135,1.0,1.0,1.0,0.0,0.0,0.0,0.0,0.0
Rhot1,1.0,1.0,1.0,0.0,0.0,0.0,0.0,0.0
Rhbdl3,1.0,1.0,1.0,0.0,0.0,0.0,0.0,0.0
5730455P16Rik,1.0,1.0,1.0,0.0,0.0,0.0,0.0,0.0
Zfp207,0.029867793297539916,0.2615722360139493,1.0,0.0,0.0,0.0,0.0,0.0
Psmd11,0.009501095540355024,0.12233417091613663,0.8822739356449067,-27.082885292909776,0.0,0.0,0.0,0.0
Cdk5r1,1.0,1.0,1.0,0.0,0.0,0.0,0.0,0.0
Myo1d,1.0,1.0,1.0,0.0,0.0,0.0,0.0,0.0
C030013C21Rik,1.0,1.0,1.0,0.0,0.0,0.0,0.0,0.0
Tmem98,1.0,1.0,1.0,0.0,0.0,0.0,0.0,0.0
Ccl2,1.0,1.0,1.0,0.0,0.0,0.0,0.0,0.0
Ccl7,1.0,1.0,1.0,0.0,0.0,0.0,0.0,0.0
Ccl11,1.0,1.0,1.0,0.0,0.0,0.0,0.0,0.0
Ccl12,1.0,1.0,1.0,0.0,0.0,0.0,0.0,0.0
Ccl8,0.2615722360139493,1.0,1.0,0.0,0.0,0.0,0.0,0.0
Ccl1,1.0,1.0,1.0,0.0,0.0,0.0,0.0,0.0
Cct6b,1.0,1.0,1.0,0.0,0.0,0.0,0.0,0.0
Zfp830,1.0,1.0,1.0,0.0,0.0,0.0,0.0,0.0
Gm11423,1.0,1.0,1.0,0.0,0.0,0.0,0.0,0.0
Lig3,1.0,1.0,1.0,0.0,0.0,0.0,0.0,0.0
Rffl,0.2615722360139493,1.0,1.0,0.0,0.0,0.0,0.0,0.0
Rad51d,1.0,1.0,1.0,0.0,0.0,0.0,0.0,0.0
Nle1,1.0,1.0,1.0,0.0,0.0,0.0,0.0,0.0
Slfn5,1.0,1.0,1.0,0.0,0.0,0.0,0.0,0.0
Slfn9,1.0,1.0,1.0,0.0,0.0,0.0,0.0,0.0
Slfn8,1.0,1.0,1.0,0.0,0.0,0.0,0.0,0.0
Slfn2,1.0,1.0,1.0,0.0,0.0,0.0,0.0,0.0
Gm20234,1.0,1.0,1.0,0.0,0.0,0.0,0.0,0.0
Slfn1,1.0,1.0,1.0,0.0,0.0,0.0,0.0,0.0
Slfn4,1.0,1.0,1.0,0.0,0.0,0.0,0.0,0.0
Slfn3,1.0,1.0,1.0,0.0,0.0,0.0,0.0,0.0
AI662270,0.2694633642930857,0.7920774787647853,1.0,-0.10658960810194804,0.051461309656447796,0.1901834402816192,0.588909822320152,0.615210933666103
AA465934,1.0,1.0,1.0,0.0,0.0,0.0,0.0,0.0
Pex12,1.0,1.0,1.0,0.0,0.0,0.0,0.0,0.0
Ap2b1,0.029867793297539916,0.2615722360139493,1.0,0.0,0.0,0.0,0.0,0.0
Taf15,0.08856750257537103,0.2615722360139493,1.0,0.0,0.0,0.0,0.0,0.0
Ccl5,0.2615722360139493,0.2615722360139493,1.0,0.0,0.0,0.0,0.0,0.0
Ccl9,1.0,1.0,1.0,0.0,0.0,0.0,0.0,0.0
E230016K23Rik,1.0,1.0,1.0,0.0,0.0,0.0,0.0,0.0
Ccl6,1.0,1.0,1.0,0.0,0.0,0.0,0.0,0.0
Ccl3,1.0,1.0,1.0,0.0,0.0,0.0,0.0,0.0
Ccl4,1.0,1.0,1.0,0.0,0.0,0.0,0.0,0.0
Wfdc17,1.0,1.0,1.0,0.0,0.0,0.0,0.0,0.0
Wfdc18,1.0,1.0,1.0,0.0,0.0,0.0,0.0,0.0
Wfdc21,1.0,1.0,1.0,0.0,0.0,0.0,0.0,0.0
Heatr6,1.0,1.0,1.0,0.0,0.0,0.0,0.0,0.0
Hnf1b,1.0,1.0,1.0,0.0,0.0,0.0,0.0,0.0
Ddx52,1.0,1.0,1.0,0.0,0.0,0.0,0.0,0.0
Synrg,1.0,1.0,1.0,0.0,0.0,0.0,0.0,0.0
Dusp14,0.029867793297539916,0.2615722360139493,1.0,0.0,0.0,0.0,0.0,0.0
Tada2a,1.0,1.0,1.0,0.0,0.0,0.0,0.0,0.0
Acaca,1.0,1.0,1.0,0.0,0.0,0.0,0.0,0.0
Aatf,1.0,1.0,1.0,0.0,0.0,0.0,0.0,0.0
Mrm1,1.0,1.0,1.0,0.0,0.0,0.0,0.0,0.0
Dhrs11,1.0,1.0,1.0,0.0,0.0,0.0,0.0,0.0
Ggnbp2,0.12233417091613663,0.5098433838583576,0.8685181258352878,-26.819053951977068,0.0,0.0,0.0,0.0
Pigw,1.0,1.0,1.0,0.0,0.0,0.0,0.0,0.0
Myo19,1.0,1.0,1.0,0.0,0.0,0.0,0.0,0.0
Znhit3,1.0,1.0,1.0,0.0,0.0,0.0,0.0,0.0
Car4,1.0,1.0,1.0,0.0,0.0,0.0,0.0,0.0
Usp32,1.0,1.0,1.0,0.0,0.0,0.0,0.0,0.0
Appbp2,0.2615722360139493,1.0,1.0,0.0,0.0,0.0,0.0,0.0
Appbp2os,1.0,1.0,1.0,0.0,0.0,0.0,0.0,0.0
Ppm1d,0.2615722360139493,1.0,1.0,0.0,0.0,0.0,0.0,0.0
Bcas3,1.0,1.0,1.0,0.0,0.0,0.0,0.0,0.0
Bcas3os1,1.0,1.0,1.0,0.0,0.0,0.0,0.0,0.0
Tbx2,1.0,1.0,1.0,0.0,0.0,0.0,0.0,0.0
Brip1,1.0,1.0,1.0,0.0,0.0,0.0,0.0,0.0
Brip1os,1.0,1.0,1.0,0.0,0.0,0.0,0.0,0.0
Ints2,1.0,1.0,1.0,0.0,0.0,0.0,0.0,0.0
Med13,0.08856750257537103,1.0,1.0,0.0,0.0,0.0,0.0,0.0
Rnft1,1.0,1.0,1.0,0.0,0.0,0.0,0.0,0.0
Rps6kb1,0.08856750257537103,0.2615722360139493,0.2615722360139493,0.0,0.0,0.0,0.0,0.0
Tubd1,1.0,1.0,1.0,0.0,0.0,0.0,0.0,0.0
Vmp1,0.00409621338413908,0.04734460585853775,0.09788044772564897,-0.5714200300617375,-0.4541789622420216,-0.3408207249768513,0.9035482995608703,0.6576313493368595
Ptrh2,0.2615722360139493,1.0,1.0,0.0,0.0,0.0,0.0,0.0
Cltc,0.0978412151825437,0.5098433838583576,0.9595657057843286,-27.007748035841658,0.0,0.0,0.0,0.0
Dhx40,1.0,1.0,1.0,0.0,0.0,0.0,0.0,0.0
Ypel2,1.0,1.0,1.0,0.0,0.0,0.0,0.0,0.0
Gdpd1,1.0,1.0,1.0,0.0,0.0,0.0,0.0,0.0
Smg8,1.0,1.0,1.0,0.0,0.0,0.0,0.0,0.0
Prr11,1.0,1.0,1.0,0.0,0.0,0.0,0.0,0.0
Ska2,1.0,1.0,1.0,0.0,0.0,0.0,0.0,0.0
Gm11491,1.0,1.0,1.0,0.0,0.0,0.0,0.0,0.0
Trim37,1.0,1.0,1.0,0.0,0.0,0.0,0.0,0.0
Rad51c,1.0,1.0,1.0,0.0,0.0,0.0,0.0,0.0
Tex14,1.0,1.0,1.0,0.0,0.0,0.0,0.0,0.0
Sept4,1.0,1.0,1.0,0.0,0.0,0.0,0.0,0.0
Mtmr4,1.0,1.0,1.0,0.0,0.0,0.0,0.0,0.0
Rnf43,1.0,1.0,1.0,0.0,0.0,0.0,0.0,0.0
Supt4a,0.00011113757243788204,0.0007144558228149559,0.009557831229657855,0.4505858233453962,0.6158046073801345,0.7557844683714987,0.3616591423794385,0.5535614999714642
Mir142hg,1.0,1.0,1.0,0.0,0.0,0.0,0.0,0.0
Tspoap1,1.0,1.0,1.0,0.0,0.0,0.0,0.0,0.0
Mpo,1.0,1.0,1.0,0.0,0.0,0.0,0.0,0.0
Lpo,1.0,1.0,1.0,0.0,0.0,0.0,0.0,0.0
Mks1,1.0,1.0,1.0,0.0,0.0,0.0,0.0,0.0
Dynll2,0.029867793297539916,0.2615722360139493,1.0,0.0,0.0,0.0,0.0,0.0
Gm11508,1.0,1.0,1.0,0.0,0.0,0.0,0.0,0.0
Srsf1,0.08856750257537103,0.2615722360139493,1.0,0.0,0.0,0.0,0.0,0.0
Gm15892,1.0,1.0,1.0,0.0,0.0,0.0,0.0,0.0
Vezf1,0.47495853988950676,1.0,1.0,0.0,0.0,0.0,0.0,0.0
Cuedc1,1.0,1.0,1.0,0.0,0.0,0.0,0.0,0.0
Mrps23,1.0,1.0,1.0,0.0,0.0,0.0,0.0,0.0
Msi2,0.2974261328778319,0.7344923394458999,1.0,-0.22036603531503549,-0.004103855297054374,0.22407389409127496,0.41375498758997353,0.4154858039579351
C030037D09Rik,1.0,1.0,1.0,0.0,0.0,0.0,0.0,0.0
Akap1,1.0,1.0,1.0,0.0,0.0,0.0,0.0,0.0
Scpep1,0.01105081920982481,0.06772200655217833,0.2596551285404619,-28.77501979528028,-1.4590931082553336,-0.2423535044008636,0.4417103722228401,0.16014304387613298
Coil,1.0,1.0,1.0,0.0,0.0,0.0,0.0,0.0
Trim25,0.08715662938217593,0.24358719210948698,0.7563611602870911,0.0,0.0,0.0,0.0,0.0
Dgke,1.0,1.0,1.0,0.0,0.0,0.0,0.0,0.0
Nog,1.0,1.0,1.0,0.0,0.0,0.0,0.0,0.0
Pctp,1.0,1.0,1.0,0.0,0.0,0.0,0.0,0.0
Tmem100,1.0,1.0,1.0,0.0,0.0,0.0,0.0,0.0
Gm45716,1.0,1.0,1.0,0.0,0.0,0.0,0.0,0.0
Mmd,1.0,1.0,1.0,0.0,0.0,0.0,0.0,0.0
Hlf,1.0,1.0,1.0,0.0,0.0,0.0,0.0,0.0
Stxbp4,1.0,1.0,1.0,0.0,0.0,0.0,0.0,0.0
Cox11,1.0,1.0,1.0,0.0,0.0,0.0,0.0,0.0
Tom1l1,1.0,1.0,1.0,0.0,0.0,0.0,0.0,0.0
Utp18,1.0,1.0,1.0,0.0,0.0,0.0,0.0,0.0
Mbtd1,1.0,1.0,1.0,0.0,0.0,0.0,0.0,0.0
Nme2,0.00298483765976026,0.04734460585853775,0.2702706993728666,0.03240017943199709,0.06259609263587337,0.11912234141805374,2.038885105121105,2.1262515340566823
Nme1,0.23797729618163055,0.7344923394458999,1.0,-0.09902477178995368,-0.025694407326866137,0.05167560223970938,1.1133574786678988,1.09387643217776
Spag9,0.08856750257537103,1.0,1.0,0.0,0.0,0.0,0.0,0.0
Tob1,1.0,1.0,1.0,0.0,0.0,0.0,0.0,0.0
Wfikkn2,1.0,1.0,1.0,0.0,0.0,0.0,0.0,0.0
Luc7l3,0.08856750257537103,0.2615722360139493,1.0,0.0,0.0,0.0,0.0,0.0
Ankrd40,1.0,1.0,1.0,0.0,0.0,0.0,0.0,0.0
Abcc3,1.0,1.0,1.0,0.0,0.0,0.0,0.0,0.0
Cacna1g,1.0,1.0,1.0,0.0,0.0,0.0,0.0,0.0
Epn3,1.0,1.0,1.0,0.0,0.0,0.0,0.0,0.0
Mycbpap,1.0,1.0,1.0,0.0,0.0,0.0,0.0,0.0
Rsad1,1.0,1.0,1.0,0.0,0.0,0.0,0.0,0.0
Acsf2,1.0,1.0,1.0,0.0,0.0,0.0,0.0,0.0
Chad,1.0,1.0,1.0,0.0,0.0,0.0,0.0,0.0
Lrrc59,0.04617648330851046,0.2596551285404619,0.9075217374946134,-28.48121725041791,-0.3222439286425598,0.04059787628155414,0.4096656883907134,0.33595442229848327
Mrpl27,1.0,1.0,1.0,0.0,0.0,0.0,0.0,0.0
Xylt2,1.0,1.0,1.0,0.0,0.0,0.0,0.0,0.0
Col1a1,1.0,1.0,1.0,0.0,0.0,0.0,0.0,0.0
Ppp1r9b,1.0,1.0,1.0,0.0,0.0,0.0,0.0,0.0
Samd14,1.0,1.0,1.0,0.0,0.0,0.0,0.0,0.0
Pdk2,1.0,1.0,1.0,0.0,0.0,0.0,0.0,0.0
Itga3,1.0,1.0,1.0,0.0,0.0,0.0,0.0,0.0
Kat7,1.0,1.0,1.0,0.0,0.0,0.0,0.0,0.0
Gm11520,1.0,1.0,1.0,0.0,0.0,0.0,0.0,0.0
Fam117a,0.029867793297539916,0.08856750257537103,0.7670968684102772,0.0,0.0,0.0,0.0,0.0
Slc35b1,0.20233711482991645,0.7280611426419807,1.0,-0.26157794879243224,0.09023948337888854,0.28981256189910903,0.36944505730992566,0.39368801691728617
Spop,0.006734144223430692,0.12425239792934435,0.715864503000013,-28.385530010696616,-28.24265910218094,-0.9348399318690773,0.32003422307709717,0.0
Phb,1.0,1.0,1.0,0.0,0.0,0.0,0.0,0.0
Gm9796,1.0,1.0,1.0,0.0,0.0,0.0,0.0,0.0
Zfp652os,1.0,1.0,1.0,0.0,0.0,0.0,0.0,0.0
Zfp652,0.2615722360139493,1.0,1.0,0.0,0.0,0.0,0.0,0.0
Abi3,1.0,1.0,1.0,0.0,0.0,0.0,0.0,0.0
Gngt2,0.2615722360139493,1.0,1.0,0.0,0.0,0.0,0.0,0.0
4833417C18Rik,1.0,1.0,1.0,0.0,0.0,0.0,0.0,0.0
B4galnt2,1.0,1.0,1.0,0.0,0.0,0.0,0.0,0.0
Snf8,0.0006255118296727951,0.002305097855908232,0.012726493233982348,-28.426040673008288,-28.29278089645247,-28.18155892523261,0.328833238226994,0.0
Ube2z,1.0,1.0,1.0,0.0,0.0,0.0,0.0,0.0
Atp5g1,0.3053901722632373,0.7344923394458999,1.0,-0.07462611590075865,0.04154717854839738,0.12820776917621543,0.9200269854591913,0.9474274527371312
Ttll6,1.0,1.0,1.0,0.0,0.0,0.0,0.0,0.0
Hoxb13,1.0,1.0,1.0,0.0,0.0,0.0,0.0,0.0
Gm53,1.0,1.0,1.0,0.0,0.0,0.0,0.0,0.0
Hoxb9,1.0,1.0,1.0,0.0,0.0,0.0,0.0,0.0
Hoxb7,1.0,1.0,1.0,0.0,0.0,0.0,0.0,0.0
Hoxb6,1.0,1.0,1.0,0.0,0.0,0.0,0.0,0.0
Hoxb4,1.0,1.0,1.0,0.0,0.0,0.0,0.0,0.0
Hoxb3,1.0,1.0,1.0,0.0,0.0,0.0,0.0,0.0
Hoxb3os,1.0,1.0,1.0,0.0,0.0,0.0,0.0,0.0
Skap1,1.0,1.0,1.0,0.0,0.0,0.0,0.0,0.0
Snx11,1.0,1.0,1.0,0.0,0.0,0.0,0.0,0.0
Cbx1,0.009501095540355024,0.08856750257537103,1.0,-26.723635295752953,0.0,0.0,0.0,0.0
Nfe2l1,0.2615722360139493,0.47495853988950676,1.0,0.0,0.0,0.0,0.0,0.0
Copz2,1.0,1.0,1.0,0.0,0.0,0.0,0.0,0.0
Cdk5rap3,0.002778685068188869,0.029867793297539916,0.4198490637342591,-28.00444599568541,0.0,0.0,0.0,0.0
D030028A08Rik,1.0,1.0,1.0,0.0,0.0,0.0,0.0,0.0
Prr15l,1.0,1.0,1.0,0.0,0.0,0.0,0.0,0.0
Pnpo,1.0,1.0,1.0,0.0,0.0,0.0,0.0,0.0
Sp2,1.0,1.0,1.0,0.0,0.0,0.0,0.0,0.0
Scrn2,1.0,1.0,1.0,0.0,0.0,0.0,0.0,0.0
Mrpl10,1.0,1.0,1.0,0.0,0.0,0.0,0.0,0.0
Osbpl7,1.0,1.0,1.0,0.0,0.0,0.0,0.0,0.0
Tbx21,1.0,1.0,1.0,0.0,0.0,0.0,0.0,0.0
Tbkbp1,1.0,1.0,1.0,0.0,0.0,0.0,0.0,0.0
Kpnb1,0.2615722360139493,1.0,1.0,0.0,0.0,0.0,0.0,0.0
Npepps,1.0,1.0,1.0,0.0,0.0,0.0,0.0,0.0
Mrpl45,1.0,1.0,1.0,0.0,0.0,0.0,0.0,0.0
Socs7,1.0,1.0,1.0,0.0,0.0,0.0,0.0,0.0
Arhgap23,1.0,1.0,1.0,0.0,0.0,0.0,0.0,0.0
Epop,1.0,1.0,1.0,0.0,0.0,0.0,0.0,0.0
Gm11613,1.0,1.0,1.0,0.0,0.0,0.0,0.0,0.0
Mllt6,1.0,1.0,1.0,0.0,0.0,0.0,0.0,0.0
Cisd3,1.0,1.0,1.0,0.0,0.0,0.0,0.0,0.0
Pcgf2,1.0,1.0,1.0,0.0,0.0,0.0,0.0,0.0
Psmb3,0.00409621338413908,0.038707628800508063,0.2082876875446535,0.16186947905639215,0.36201684863520867,0.5282363971890813,0.44308846878289254,0.5700349379527765
Pip4k2b,1.0,1.0,1.0,0.0,0.0,0.0,0.0,0.0
Cwc25,1.0,1.0,1.0,0.0,0.0,0.0,0.0,0.0
Rpl23,0.012399777724855125,0.1568627450980392,0.7359319679288707,-0.0631474587153568,-0.035532128858944426,-0.008598680213231817,3.00026489059087,2.9278091407500453
Lasp1,1.0,1.0,1.0,0.0,0.0,0.0,0.0,0.0
B230217C12Rik,1.0,1.0,1.0,0.0,0.0,0.0,0.0,0.0
Fbxo47,1.0,1.0,1.0,0.0,0.0,0.0,0.0,0.0
Plxdc1,1.0,1.0,1.0,0.0,0.0,0.0,0.0,0.0
Arl5c,1.0,1.0,1.0,0.0,0.0,0.0,0.0,0.0
Cacnb1,1.0,1.0,1.0,0.0,0.0,0.0,0.0,0.0
Rpl19,0.05737874097007224,0.4726680955783123,0.9699293482575216,-0.055039337454790525,-0.02037897549431828,0.008987700873357282,2.5797080835672253,2.544415405108465
Stac2,1.0,1.0,1.0,0.0,0.0,0.0,0.0,0.0
Fbxl20,1.0,1.0,1.0,0.0,0.0,0.0,0.0,0.0
Med1,0.2615722360139493,1.0,1.0,0.0,0.0,0.0,0.0,0.0
Cdk12,0.08856750257537103,0.2615722360139493,1.0,0.0,0.0,0.0,0.0,0.0
Ppp1r1b,1.0,1.0,1.0,0.0,0.0,0.0,0.0,0.0
Stard3,1.0,1.0,1.0,0.0,0.0,0.0,0.0,0.0
Pgap3,1.0,1.0,1.0,0.0,0.0,0.0,0.0,0.0
Erbb2,1.0,1.0,1.0,0.0,0.0,0.0,0.0,0.0
Mien1,0.013023864546255304,0.06772200655217833,0.3330233645922859,-28.67972214549198,-0.5300690619424375,-0.13924548568729034,0.42093809587173087,0.29749378532031423
Grb7,1.0,1.0,1.0,0.0,0.0,0.0,0.0,0.0
Ikzf3,0.08856750257537103,0.08856750257537103,1.0,0.0,0.0,0.0,0.0,0.0
Zpbp2,1.0,1.0,1.0,0.0,0.0,0.0,0.0,0.0
Ormdl3,0.009501095540355024,0.08856750257537103,0.7670968684102772,-26.723635295752953,0.0,0.0,0.0,0.0
Gsdma,1.0,1.0,1.0,0.0,0.0,0.0,0.0,0.0
Psmd3,0.08856750257537103,0.08856750257537103,1.0,0.0,0.0,0.0,0.0,0.0
Csf3,1.0,1.0,1.0,0.0,0.0,0.0,0.0,0.0
Med24,1.0,1.0,1.0,0.0,0.0,0.0,0.0,0.0
Thra,1.0,1.0,1.0,0.0,0.0,0.0,0.0,0.0
Nr1d1,1.0,1.0,1.0,0.0,0.0,0.0,0.0,0.0
Msl1,1.0,1.0,1.0,0.0,0.0,0.0,0.0,0.0
Gm12359,1.0,1.0,1.0,0.0,0.0,0.0,0.0,0.0
Casc3,0.2615722360139493,1.0,1.0,0.0,0.0,0.0,0.0,0.0
Rapgefl1,1.0,1.0,1.0,0.0,0.0,0.0,0.0,0.0
Wipf2,1.0,1.0,1.0,0.0,0.0,0.0,0.0,0.0
Cdc6,1.0,1.0,1.0,0.0,0.0,0.0,0.0,0.0
Rara,1.0,1.0,1.0,0.0,0.0,0.0,0.0,0.0
Top2a,1.0,1.0,1.0,0.0,0.0,0.0,0.0,0.0
Igfbp4,1.0,1.0,1.0,0.0,0.0,0.0,0.0,0.0
Tns4,1.0,1.0,1.0,0.0,0.0,0.0,0.0,0.0
Ccr7,1.0,1.0,1.0,0.0,0.0,0.0,0.0,0.0
Smarce1,0.08856750257537103,1.0,1.0,0.0,0.0,0.0,0.0,0.0
Krt222,1.0,1.0,1.0,0.0,0.0,0.0,0.0,0.0
Krt10,1.0,1.0,1.0,0.0,0.0,0.0,0.0,0.0
Krt20,1.0,1.0,1.0,0.0,0.0,0.0,0.0,0.0
Krt23,1.0,1.0,1.0,0.0,0.0,0.0,0.0,0.0
Krt19,1.0,1.0,1.0,0.0,0.0,0.0,0.0,0.0
Eif1,1.5876796062554575e-05,1.5876796062554575e-05,1.5876796062554575e-05,0.15493095154763933,0.17927466833774863,0.2080755464120636,2.406987903283995,2.7254430133758563
Hap1,1.0,1.0,1.0,0.0,0.0,0.0,0.0,0.0
Jup,1.0,1.0,1.0,0.0,0.0,0.0,0.0,0.0
P3h4,1.0,1.0,1.0,0.0,0.0,0.0,0.0,0.0
Fkbp10,1.0,1.0,1.0,0.0,0.0,0.0,0.0,0.0
Nt5c3b,1.0,1.0,1.0,0.0,0.0,0.0,0.0,0.0
Klhl11,1.0,1.0,1.0,0.0,0.0,0.0,0.0,0.0
Acly,0.9815393059003498,1.0,1.0,0.0,0.0,0.0,0.0,0.0
Ttc25,1.0,1.0,1.0,0.0,0.0,0.0,0.0,0.0
Cnp,1.0,1.0,1.0,0.0,0.0,0.0,0.0,0.0
Dnajc7,0.13188112985309486,0.5626868690234494,1.0,-0.3342764144152719,-0.07470467857813495,0.148137541266447,0.45480678435219,0.434174667335701
Nkiras2,1.0,1.0,1.0,0.0,0.0,0.0,0.0,0.0
Dhx58os,1.0,1.0,1.0,0.0,0.0,0.0,0.0,0.0
Dhx58,1.0,1.0,1.0,0.0,0.0,0.0,0.0,0.0
Kat2a,1.0,1.0,1.0,0.0,0.0,0.0,0.0,0.0
Rab5c,0.08856750257537103,0.2615722360139493,1.0,0.0,0.0,0.0,0.0,0.0
Kcnh4,1.0,1.0,1.0,0.0,0.0,0.0,0.0,0.0
Ghdc,1.0,1.0,1.0,0.0,0.0,0.0,0.0,0.0
Stat5b,1.0,1.0,1.0,0.0,0.0,0.0,0.0,0.0
Stat5a,1.0,1.0,1.0,0.0,0.0,0.0,0.0,0.0
Stat3,0.08856750257537103,0.2615722360139493,1.0,0.0,0.0,0.0,0.0,0.0
Cavin1,1.0,1.0,1.0,0.0,0.0,0.0,0.0,0.0
Atp6v0a1,0.01306362530557348,0.08179961323137239,0.29112842484335655,-28.416202243415267,-28.26377075415403,-28.138783627129094,0.32228699879175426,0.0
Naglu,1.0,1.0,1.0,0.0,0.0,0.0,0.0,0.0
Coasy,1.0,1.0,1.0,0.0,0.0,0.0,0.0,0.0
Mlx,0.029867793297539916,0.08856750257537103,1.0,0.0,0.0,0.0,0.0,0.0
Psmc3ip,1.0,1.0,1.0,0.0,0.0,0.0,0.0,0.0
Retreg3,0.2615722360139493,1.0,1.0,0.0,0.0,0.0,0.0,0.0
Tubg1,1.0,1.0,1.0,0.0,0.0,0.0,0.0,0.0
Tubg2,1.0,1.0,1.0,0.0,0.0,0.0,0.0,0.0
Plekhh3,1.0,1.0,1.0,0.0,0.0,0.0,0.0,0.0
Cntnap1,1.0,1.0,1.0,0.0,0.0,0.0,0.0,0.0
Ccr10,0.05737874097007224,0.3053901722632373,0.910105580693816,-0.25230369779640854,-0.1038699463339359,0.048113711716994106,0.9091199810454722,0.8468161402590368
Ezh1,1.0,1.0,1.0,0.0,0.0,0.0,0.0,0.0
Ramp2,1.0,1.0,1.0,0.0,0.0,0.0,0.0,0.0
Vps25,1.0,1.0,1.0,0.0,0.0,0.0,0.0,0.0
Wnk4,1.0,1.0,1.0,0.0,0.0,0.0,0.0,0.0
Coa3,0.0007335473709934008,0.009501095540355024,0.08856750257537103,-27.98932215539104,-26.146891944835062,0.0,0.0743017021449225,0.0
Cntd1,1.0,1.0,1.0,0.0,0.0,0.0,0.0,0.0
Becn1,0.2615722360139493,1.0,1.0,0.0,0.0,0.0,0.0,0.0
Psme3,1.0,1.0,1.0,0.0,0.0,0.0,0.0,0.0
Aoc2,1.0,1.0,1.0,0.0,0.0,0.0,0.0,0.0
Aoc3,1.0,1.0,1.0,0.0,0.0,0.0,0.0,0.0
Aarsd1,0.029867793297539916,0.08856750257537103,1.0,0.0,0.0,0.0,0.0,0.0
Ptges3l,1.0,1.0,1.0,0.0,0.0,0.0,0.0,0.0
Rundc1,1.0,1.0,1.0,0.0,0.0,0.0,0.0,0.0
Rpl27,0.08249583234103358,0.42686353893784235,0.9699293482575216,-0.0016721622795794842,0.04289388085252366,0.0780390674353733,2.0957491826047328,2.157808119322511
Ifi35,1.0,1.0,1.0,0.0,0.0,0.0,0.0,0.0
Vat1,0.08856750257537103,0.2615722360139493,1.0,0.0,0.0,0.0,0.0,0.0
Rnd2,1.0,1.0,1.0,0.0,0.0,0.0,0.0,0.0
Brca1,1.0,1.0,1.0,0.0,0.0,0.0,0.0,0.0
Nbr1,0.08856750257537103,0.2615722360139493,1.0,0.0,0.0,0.0,0.0,0.0
Tmem106a,1.0,1.0,1.0,0.0,0.0,0.0,0.0,0.0
Rdm1,1.0,1.0,1.0,0.0,0.0,0.0,0.0,0.0
Arl4d,1.0,1.0,1.0,0.0,0.0,0.0,0.0,0.0
Dhx8,1.0,1.0,1.0,0.0,0.0,0.0,0.0,0.0
Etv4,1.0,1.0,1.0,0.0,0.0,0.0,0.0,0.0
Meox1,1.0,1.0,1.0,0.0,0.0,0.0,0.0,0.0
Gm11551,1.0,1.0,1.0,0.0,0.0,0.0,0.0,0.0
Dusp3,1.0,1.0,1.0,0.0,0.0,0.0,0.0,0.0
Mpp3,1.0,1.0,1.0,0.0,0.0,0.0,0.0,0.0
Cd300lg,1.0,1.0,1.0,0.0,0.0,0.0,0.0,0.0
Mpp2,1.0,1.0,1.0,0.0,0.0,0.0,0.0,0.0
Tmem101,1.0,1.0,1.0,0.0,0.0,0.0,0.0,0.0
Lsm12,0.0024238779803224205,0.03765027643980603,0.4198490637342591,-28.10389005786306,-26.922115666399357,0.0,0.1271640522726315,0.0
G6pc3,1.0,1.0,1.0,0.0,0.0,0.0,0.0,0.0
Hdac5,1.0,1.0,1.0,0.0,0.0,0.0,0.0,0.0
BC030867,1.0,1.0,1.0,0.0,0.0,0.0,0.0,0.0
Tmub2,1.0,1.0,1.0,0.0,0.0,0.0,0.0,0.0
Atxn7l3,1.0,1.0,1.0,0.0,0.0,0.0,0.0,0.0
Ubtf,0.9815393059003498,1.0,1.0,0.0,0.0,0.0,0.0,0.0
Rundc3a,1.0,1.0,1.0,0.0,0.0,0.0,0.0,0.0
Slc25a39,0.2615722360139493,1.0,1.0,0.0,0.0,0.0,0.0,0.0
Grn,0.08856750257537103,0.2615722360139493,1.0,0.0,0.0,0.0,0.0,0.0
Fam171a2,1.0,1.0,1.0,0.0,0.0,0.0,0.0,0.0
Itga2b,1.0,1.0,1.0,0.0,0.0,0.0,0.0,0.0
Gpatch8,0.2615722360139493,1.0,1.0,0.0,0.0,0.0,0.0,0.0
Gm11627,1.0,1.0,1.0,0.0,0.0,0.0,0.0,0.0
Fzd2,1.0,1.0,1.0,0.0,0.0,0.0,0.0,0.0
2810433D01Rik,1.0,1.0,1.0,0.0,0.0,0.0,0.0,0.0
Ccdc43,1.0,1.0,1.0,0.0,0.0,0.0,0.0,0.0
Adam11,1.0,1.0,1.0,0.0,0.0,0.0,0.0,0.0
Gjc1,1.0,1.0,1.0,0.0,0.0,0.0,0.0,0.0
Eftud2,1.0,1.0,1.0,0.0,0.0,0.0,0.0,0.0
Kif18b,1.0,1.0,1.0,0.0,0.0,0.0,0.0,0.0
C1ql1,1.0,1.0,1.0,0.0,0.0,0.0,0.0,0.0
Dcakd,1.0,1.0,1.0,0.0,0.0,0.0,0.0,0.0
Nmt1,0.002778685068188869,0.09599617303554794,0.8685181258352878,-27.873686096465118,-25.869389561399036,0.0,0.06130024643084975,0.0
Plcd3,1.0,1.0,1.0,0.0,0.0,0.0,0.0,0.0
Acbd4,1.0,1.0,1.0,0.0,0.0,0.0,0.0,0.0
Hexim1,1.0,1.0,1.0,0.0,0.0,0.0,0.0,0.0
Hexim2,1.0,1.0,1.0,0.0,0.0,0.0,0.0,0.0
Fmnl1,1.0,1.0,1.0,0.0,0.0,0.0,0.0,0.0
1700023F06Rik,1.0,1.0,1.0,0.0,0.0,0.0,0.0,0.0
Map3k14,1.0,1.0,1.0,0.0,0.0,0.0,0.0,0.0
1700028N14Rik,1.0,1.0,1.0,0.0,0.0,0.0,0.0,0.0
Arhgap27,1.0,1.0,1.0,0.0,0.0,0.0,0.0,0.0
Arhgap27os3,1.0,1.0,1.0,0.0,0.0,0.0,0.0,0.0
Arhgap27os2,1.0,1.0,1.0,0.0,0.0,0.0,0.0,0.0
Plekhm1,1.0,1.0,1.0,0.0,0.0,0.0,0.0,0.0
Gosr2,0.2615722360139493,1.0,1.0,0.0,0.0,0.0,0.0,0.0
Nsf,0.08856750257537103,0.2615722360139493,1.0,0.0,0.0,0.0,0.0,0.0
Arf2,1.0,1.0,1.0,0.0,0.0,0.0,0.0,0.0
Mapt,1.0,1.0,1.0,0.0,0.0,0.0,0.0,0.0
Kansl1,0.47495853988950676,1.0,1.0,0.0,0.0,0.0,0.0,0.0
Cdc27,1.0,1.0,1.0,0.0,0.0,0.0,0.0,0.0
Myl4,0.0006229255826696485,0.0055069013271650345,0.03931651804257961,-28.49105581214664,-28.334877592602446,-28.207720065777803,0.338569691308944,0.0
Itgb3,1.0,1.0,1.0,0.0,0.0,0.0,0.0,0.0
Mettl2,1.0,1.0,1.0,0.0,0.0,0.0,0.0,0.0
1700052K11Rik,1.0,1.0,1.0,0.0,0.0,0.0,0.0,0.0
Tlk2,1.0,1.0,1.0,0.0,0.0,0.0,0.0,0.0
Mrc2,1.0,1.0,1.0,0.0,0.0,0.0,0.0,0.0
Tanc2,1.0,1.0,1.0,0.0,0.0,0.0,0.0,0.0
Cyb561,1.0,1.0,1.0,0.0,0.0,0.0,0.0,0.0
Ace,1.0,1.0,1.0,0.0,0.0,0.0,0.0,0.0
Dcaf7,1.0,1.0,1.0,0.0,0.0,0.0,0.0,0.0
Taco1os,1.0,1.0,1.0,0.0,0.0,0.0,0.0,0.0
Taco1,1.0,1.0,1.0,0.0,0.0,0.0,0.0,0.0
Map3k3,1.0,1.0,1.0,0.0,0.0,0.0,0.0,0.0
Limd2,0.07582430661771296,0.5098433838583576,0.9638969075506822,-27.86438825881522,0.0,0.0,0.0,0.0
Strada,1.0,1.0,1.0,0.0,0.0,0.0,0.0,0.0
Ccdc47,0.029867793297539916,0.2615722360139493,1.0,0.0,0.0,0.0,0.0,0.0
Ddx42,0.029867793297539916,0.2615722360139493,0.7670968684102772,0.0,0.0,0.0,0.0,0.0
Ftsj3,1.0,1.0,1.0,0.0,0.0,0.0,0.0,0.0
Psmc5,0.029867793297539916,0.2615722360139493,1.0,0.0,0.0,0.0,0.0,0.0
Smarcd2,1.0,1.0,1.0,0.0,0.0,0.0,0.0,0.0
Cd79b,0.0015241724220052392,0.038707628800508063,0.23797729618163055,0.08203349533725293,0.199063788518096,0.32828503911008633,0.7333838521481797,0.8390739013736155
Prr29,1.0,1.0,1.0,0.0,0.0,0.0,0.0,0.0
Icam2,1.0,1.0,1.0,0.0,0.0,0.0,0.0,0.0
Ern1,1.0,1.0,1.0,0.0,0.0,0.0,0.0,0.0
Tex2,1.0,1.0,1.0,0.0,0.0,0.0,0.0,0.0
Pecam1,1.0,1.0,1.0,0.0,0.0,0.0,0.0,0.0
Milr1,1.0,1.0,1.0,0.0,0.0,0.0,0.0,0.0
Polg2,1.0,1.0,1.0,0.0,0.0,0.0,0.0,0.0
Ddx5,0.03142017940779551,0.2702706993728666,0.910105580693816,-0.12033599926927903,-0.06452797361324605,-0.005062221875093876,1.6405138020058176,1.5683047460973374
Cep95,1.0,1.0,1.0,0.0,0.0,0.0,0.0,0.0
Smurf2,1.0,1.0,1.0,0.0,0.0,0.0,0.0,0.0
Gm11707,1.0,1.0,1.0,0.0,0.0,0.0,0.0,0.0
Kpna2,1.0,1.0,1.0,0.0,0.0,0.0,0.0,0.0
1810010H24Rik,1.0,1.0,1.0,0.0,0.0,0.0,0.0,0.0
Bptf,0.1853939469443623,0.7670968684102772,0.8822739356449067,0.0,0.0,0.0,0.0,0.0
Nol11,1.0,1.0,1.0,0.0,0.0,0.0,0.0,0.0
Pitpnc1,0.2615722360139493,1.0,1.0,0.0,0.0,0.0,0.0,0.0
Gm11712,1.0,1.0,1.0,0.0,0.0,0.0,0.0,0.0
Gm11713,1.0,1.0,1.0,0.0,0.0,0.0,0.0,0.0
Gm11714,1.0,1.0,1.0,0.0,0.0,0.0,0.0,0.0
Psmd12,3.5291394948257277e-05,0.0001720247930818143,0.007948225652931863,-28.380263592387134,-28.22300388591581,-27.741469973086105,0.3133074603125813,0.0
Helz,1.0,1.0,1.0,0.0,0.0,0.0,0.0,0.0
Cacng4,1.0,1.0,1.0,0.0,0.0,0.0,0.0,0.0
Prkca,1.0,1.0,1.0,0.0,0.0,0.0,0.0,0.0
Cep112,1.0,1.0,1.0,0.0,0.0,0.0,0.0,0.0
Cep112it,1.0,1.0,1.0,0.0,0.0,0.0,0.0,0.0
Axin2,1.0,1.0,1.0,0.0,0.0,0.0,0.0,0.0
Rgs9,1.0,1.0,1.0,0.0,0.0,0.0,0.0,0.0
Gm11696,1.0,1.0,1.0,0.0,0.0,0.0,0.0,0.0
Gna13,0.007737120862323551,0.06067621353514402,0.3519631185845171,-28.085280218152832,-26.723635295752953,0.0,0.1108194048024755,0.0
9930022D16Rik,1.0,1.0,1.0,0.0,0.0,0.0,0.0,0.0
Amz2,1.0,1.0,1.0,0.0,0.0,0.0,0.0,0.0
Slc16a6,0.029867793297539916,0.2615722360139493,1.0,0.0,0.0,0.0,0.0,0.0
Arsg,1.0,1.0,1.0,0.0,0.0,0.0,0.0,0.0
Wipi1,0.009501095540355024,0.08856750257537103,0.7826235030086006,-27.03365458242633,0.0,0.0,0.0,0.0
Prkar1a,0.00047630388187663733,0.03142017940779551,0.26326845569457025,0.2013451116990865,0.3253708501523446,0.49784230096058724,0.3848180909964149,0.48159132885310163
Fam20a,1.0,1.0,1.0,0.0,0.0,0.0,0.0,0.0
1700012B07Rik,1.0,1.0,1.0,0.0,0.0,0.0,0.0,0.0
Abca8b,1.0,1.0,1.0,0.0,0.0,0.0,0.0,0.0
Abca8a,1.0,1.0,1.0,0.0,0.0,0.0,0.0,0.0
Abca9,1.0,1.0,1.0,0.0,0.0,0.0,0.0,0.0
Abca6,1.0,1.0,1.0,0.0,0.0,0.0,0.0,0.0
Abca5,1.0,1.0,1.0,0.0,0.0,0.0,0.0,0.0
Map2k6,1.0,1.0,1.0,0.0,0.0,0.0,0.0,0.0
Kcnj2,1.0,1.0,1.0,0.0,0.0,0.0,0.0,0.0
Sox9,1.0,1.0,1.0,0.0,0.0,0.0,0.0,0.0
2610035D17Rik,1.0,1.0,1.0,0.0,0.0,0.0,0.0,0.0
Slc39a11,1.0,1.0,1.0,0.0,0.0,0.0,0.0,0.0
Cog1,1.0,1.0,1.0,0.0,0.0,0.0,0.0,0.0
Fam104a,0.00030165912518853697,0.020131777407319206,0.23797729618163055,0.2539832381212977,0.39016863207927954,0.5599342022053257,0.357931011341846,0.4696523752133802
D11Wsu47e,1.0,1.0,1.0,0.0,0.0,0.0,0.0,0.0
Cdc42ep4,1.0,1.0,1.0,0.0,0.0,0.0,0.0,0.0
Sdk2,1.0,1.0,1.0,0.0,0.0,0.0,0.0,0.0
Rpl38,0.3837421608319441,0.6784313725490196,1.0,-0.002465958549430583,0.03968822212191357,0.09113644349200775,2.3096073627757026,2.3707661839285503
Ttyh2,1.0,1.0,1.0,0.0,0.0,0.0,0.0,0.0
Kif19a,1.0,1.0,1.0,0.0,0.0,0.0,0.0,0.0
Gprc5c,1.0,1.0,1.0,0.0,0.0,0.0,0.0,0.0
Cd300a,1.0,1.0,1.0,0.0,0.0,0.0,0.0,0.0
Cd300lb,1.0,1.0,1.0,0.0,0.0,0.0,0.0,0.0
Cd300c,1.0,1.0,1.0,0.0,0.0,0.0,0.0,0.0
Cd300ld,1.0,1.0,1.0,0.0,0.0,0.0,0.0,0.0
Cd300c2,1.0,1.0,1.0,0.0,0.0,0.0,0.0,0.0
Cd300ld3,1.0,1.0,1.0,0.0,0.0,0.0,0.0,0.0
Cd300e,1.0,1.0,1.0,0.0,0.0,0.0,0.0,0.0
Rab37,1.0,1.0,1.0,0.0,0.0,0.0,0.0,0.0
Cd300lf,1.0,1.0,1.0,0.0,0.0,0.0,0.0,0.0
Slc9a3r1,0.2615722360139493,1.0,1.0,0.0,0.0,0.0,0.0,0.0
Nat9,0.2615722360139493,1.0,1.0,0.0,0.0,0.0,0.0,0.0
Tmem104,1.0,1.0,1.0,0.0,0.0,0.0,0.0,0.0
Fdxr,1.0,1.0,1.0,0.0,0.0,0.0,0.0,0.0
Hid1,1.0,1.0,1.0,0.0,0.0,0.0,0.0,0.0
Cdr2l,1.0,1.0,1.0,0.0,0.0,0.0,0.0,0.0
Mrpl58,0.029867793297539916,0.08856750257537103,0.2615722360139493,0.0,0.0,0.0,0.0,0.0
Atp5h,0.012399777724855125,0.11526553941414623,0.5208065412399778,0.036188217240752475,0.10830155708142528,0.18008462466567896,0.968217924070805,1.0434865980625336
Kctd2,1.0,1.0,1.0,0.0,0.0,0.0,0.0,0.0
Trim80,1.0,1.0,1.0,0.0,0.0,0.0,0.0,0.0
Gm11695,1.0,1.0,1.0,0.0,0.0,0.0,0.0,0.0
Slc16a5,1.0,1.0,1.0,0.0,0.0,0.0,0.0,0.0
Armc7,1.0,1.0,1.0,0.0,0.0,0.0,0.0,0.0
Nt5c,0.08856750257537103,0.2615722360139493,1.0,0.0,0.0,0.0,0.0,0.0
Jpt1,0.0005933471705886732,0.006812109946762261,0.048800235971531596,0.6213066913235729,0.7794889373689278,1.889959816490492,0.30866657557091537,0.5275995782673647
Sumo2,0.00030165912518853697,0.005493371437643883,0.06909581646423751,0.17174396603749237,0.2759602564788547,0.4056028119151829,0.6379018544833037,0.7698814435803797
Nup85,1.0,1.0,1.0,0.0,0.0,0.0,0.0,0.0
Gga3,1.0,1.0,1.0,0.0,0.0,0.0,0.0,0.0
Mrps7,0.002778685068188869,0.029254565586406815,0.1853939469443623,-27.68887325854449,-26.849513079207522,0.0,0.12092296912001474,0.0
Mif4gd,0.08856750257537103,0.2615722360139493,0.7670968684102772,0.0,0.0,0.0,0.0,0.0
Slc25a19,0.2615722360139493,1.0,1.0,0.0,0.0,0.0,0.0,0.0
Grb2,0.00011113757243788204,0.0021592442645074223,0.02070529751886034,0.3591929491217337,0.5018794441582899,0.6515560098062462,0.36068314426869097,0.5112268844246362
Tmem94,1.0,1.0,1.0,0.0,0.0,0.0,0.0,0.0
Caskin2,1.0,1.0,1.0,0.0,0.0,0.0,0.0,0.0
Tsen54,1.0,1.0,1.0,0.0,0.0,0.0,0.0,0.0
Llgl2,1.0,1.0,1.0,0.0,0.0,0.0,0.0,0.0
Myo15b,1.0,1.0,1.0,0.0,0.0,0.0,0.0,0.0
Recql5,1.0,1.0,1.0,0.0,0.0,0.0,0.0,0.0
Smim5,1.0,1.0,1.0,0.0,0.0,0.0,0.0,0.0
Smim6,1.0,1.0,1.0,0.0,0.0,0.0,0.0,0.0
Sap30bp,1.0,1.0,1.0,0.0,0.0,0.0,0.0,0.0
Itgb4,1.0,1.0,1.0,0.0,0.0,0.0,0.0,0.0
Galk1,0.009501095540355024,0.029867793297539916,0.08856750257537103,-27.009590333090237,0.0,0.0,0.0,0.0
H3f3b,0.00047630388187663733,0.020131777407319206,0.09788044772564897,-0.19017192074887154,-0.1298803580739255,-0.07520734504135013,3.43011051263624,3.134878794026047
Unk,1.0,1.0,1.0,0.0,0.0,0.0,0.0,0.0
Unc13d,1.0,1.0,1.0,0.0,0.0,0.0,0.0,0.0
Wbp2,0.2615722360139493,1.0,1.0,0.0,0.0,0.0,0.0,0.0
Trim47,1.0,1.0,1.0,0.0,0.0,0.0,0.0,0.0
Trim65,1.0,1.0,1.0,0.0,0.0,0.0,0.0,0.0
Mrpl38,0.2615722360139493,1.0,1.0,0.0,0.0,0.0,0.0,0.0
Fbf1,1.0,1.0,1.0,0.0,0.0,0.0,0.0,0.0
Acox1,1.0,1.0,1.0,0.0,0.0,0.0,0.0,0.0
Ten1,1.0,1.0,1.0,0.0,0.0,0.0,0.0,0.0
Srp68,0.2615722360139493,1.0,1.0,0.0,0.0,0.0,0.0,0.0
Exoc7,1.0,1.0,1.0,0.0,0.0,0.0,0.0,0.0
Foxj1,1.0,1.0,1.0,0.0,0.0,0.0,0.0,0.0
Rnf157,1.0,1.0,1.0,0.0,0.0,0.0,0.0,0.0
Ubald2,0.02524410573946178,0.09788044772564897,0.5208065412399778,-0.37543928183229286,-0.24818804305458447,-0.10845615325781571,0.9406015256629676,0.7901766229110692
Prpsap1,0.2615722360139493,1.0,1.0,0.0,0.0,0.0,0.0,0.0
Gm29292,1.0,1.0,1.0,0.0,0.0,0.0,0.0,0.0
Sphk1,1.0,1.0,1.0,0.0,0.0,0.0,0.0,0.0
Ube2o,1.0,1.0,1.0,0.0,0.0,0.0,0.0,0.0
Rhbdf2,1.0,1.0,1.0,0.0,0.0,0.0,0.0,0.0
Cygb,1.0,1.0,1.0,0.0,0.0,0.0,0.0,0.0
Prcd,1.0,1.0,1.0,0.0,0.0,0.0,0.0,0.0
Snhg16,1.0,1.0,1.0,0.0,0.0,0.0,0.0,0.0
St6galnac2,1.0,1.0,1.0,0.0,0.0,0.0,0.0,0.0
BC018473,1.0,1.0,1.0,0.0,0.0,0.0,0.0,0.0
St6galnac1,1.0,1.0,1.0,0.0,0.0,0.0,0.0,0.0
Mxra7,1.0,1.0,1.0,0.0,0.0,0.0,0.0,0.0
Jmjd6,1.0,1.0,1.0,0.0,0.0,0.0,0.0,0.0
Mettl23,0.266717246715916,1.0,1.0,0.0,0.0,0.0,0.0,0.0
Srsf2,0.2162671016591169,0.7039203384624914,1.0,-27.61519805422564,0.0,27.728419348108833,0.05197627255979875,0.0
Mfsd11,1.0,1.0,1.0,0.0,0.0,0.0,0.0,0.0
Snhg20,1.0,1.0,1.0,0.0,0.0,0.0,0.0,0.0
Sec14l1,0.2615722360139493,1.0,1.0,0.0,0.0,0.0,0.0,0.0
Sept9,0.2615722360139493,1.0,1.0,0.0,0.0,0.0,0.0,0.0
2900041M22Rik,1.0,1.0,1.0,0.0,0.0,0.0,0.0,0.0
Tnrc6c,1.0,1.0,1.0,0.0,0.0,0.0,0.0,0.0
Tmc6,1.0,1.0,1.0,0.0,0.0,0.0,0.0,0.0
Tmc8,1.0,1.0,1.0,0.0,0.0,0.0,0.0,0.0
Gm11724,1.0,1.0,1.0,0.0,0.0,0.0,0.0,0.0
Syngr2,0.0001720247930818143,0.0024238779803224205,0.03016265382135074,-28.230242107437963,-28.08431259434177,-27.007748035841658,0.284590568618095,0.0
Tk1,1.0,1.0,1.0,0.0,0.0,0.0,0.0,0.0
Afmid,1.0,1.0,1.0,0.0,0.0,0.0,0.0,0.0
Birc5,1.0,1.0,1.0,0.0,0.0,0.0,0.0,0.0
Tha1,1.0,1.0,1.0,0.0,0.0,0.0,0.0,0.0
Socs3,0.08856750257537103,0.2615722360139493,1.0,0.0,0.0,0.0,0.0,0.0
Pgs1,0.2615722360139493,1.0,1.0,0.0,0.0,0.0,0.0,0.0
Dnah17,1.0,1.0,1.0,0.0,0.0,0.0,0.0,0.0
Cyth1,0.2615722360139493,1.0,1.0,0.0,0.0,0.0,0.0,0.0
Usp36,1.0,1.0,1.0,0.0,0.0,0.0,0.0,0.0
Timp2,1.0,1.0,1.0,0.0,0.0,0.0,0.0,0.0
Lgals3bp,1.0,1.0,1.0,0.0,0.0,0.0,0.0,0.0
Cant1,1.0,1.0,1.0,0.0,0.0,0.0,0.0,0.0
C1qtnf1,1.0,1.0,1.0,0.0,0.0,0.0,0.0,0.0
Engase,1.0,1.0,1.0,0.0,0.0,0.0,0.0,0.0
Cbx2,1.0,1.0,1.0,0.0,0.0,0.0,0.0,0.0
Cbx8,1.0,1.0,1.0,0.0,0.0,0.0,0.0,0.0
Cbx4,0.009501095540355024,0.08856750257537103,0.7826235030086006,-26.6209720516865,0.0,0.0,0.0,0.0
Tbc1d16,1.0,1.0,1.0,0.0,0.0,0.0,0.0,0.0
Gaa,1.0,1.0,1.0,0.0,0.0,0.0,0.0,0.0
Eif4a3,0.029867793297539916,0.2615722360139493,0.7670968684102772,0.0,0.0,0.0,0.0,0.0
Card14,1.0,1.0,1.0,0.0,0.0,0.0,0.0,0.0
Sgsh,1.0,1.0,1.0,0.0,0.0,0.0,0.0,0.0
Slc26a11,1.0,1.0,1.0,0.0,0.0,0.0,0.0,0.0
Rnf213,1.0,1.0,1.0,0.0,0.0,0.0,0.0,0.0
A930037H05Rik,1.0,1.0,1.0,0.0,0.0,0.0,0.0,0.0
Endov,1.0,1.0,1.0,0.0,0.0,0.0,0.0,0.0
Rptor,1.0,1.0,1.0,0.0,0.0,0.0,0.0,0.0
Chmp6,1.0,1.0,1.0,0.0,0.0,0.0,0.0,0.0
Baiap2,1.0,1.0,1.0,0.0,0.0,0.0,0.0,0.0
Aatk,1.0,1.0,1.0,0.0,0.0,0.0,0.0,0.0
Cep131,1.0,1.0,1.0,0.0,0.0,0.0,0.0,0.0
Tepsin,1.0,1.0,1.0,0.0,0.0,0.0,0.0,0.0
Ndufaf8,0.009501095540355024,0.029867793297539916,0.2615722360139493,-26.930551465599393,0.0,0.0,0.0,0.0
Slc38a10,0.2615722360139493,1.0,1.0,0.0,0.0,0.0,0.0,0.0
2900052L18Rik,1.0,1.0,1.0,0.0,0.0,0.0,0.0,0.0
Bahcc1,1.0,1.0,1.0,0.0,0.0,0.0,0.0,0.0
Gm11772,1.0,1.0,1.0,0.0,0.0,0.0,0.0,0.0
Actg1,0.012399777724855125,0.05737874097007224,0.23797729618163055,0.1459547122072811,0.3651401260566287,0.5640461382655343,0.5542044312028762,0.7146621312173035
0610009L18Rik,1.0,1.0,1.0,0.0,0.0,0.0,0.0,0.0
Faap100,1.0,1.0,1.0,0.0,0.0,0.0,0.0,0.0
Nploc4,1.0,1.0,1.0,0.0,0.0,0.0,0.0,0.0
Oxld1,1.0,1.0,1.0,0.0,0.0,0.0,0.0,0.0
Ccdc137,1.0,1.0,1.0,0.0,0.0,0.0,0.0,0.0
Arl16,1.0,1.0,1.0,0.0,0.0,0.0,0.0,0.0
Hgs,1.0,1.0,1.0,0.0,0.0,0.0,0.0,0.0
Mrpl12,0.08856750257537103,0.2615722360139493,1.0,0.0,0.0,0.0,0.0,0.0
Slc25a10,1.0,1.0,1.0,0.0,0.0,0.0,0.0,0.0
Mcrip1,1.0,1.0,1.0,0.0,0.0,0.0,0.0,0.0
P4hb,0.0010637453361911566,0.015860919266492024,0.11526553941414623,0.19944553069972087,0.37654449286735714,0.5515876649764112,0.4324698461984231,0.5611348286527073
Arhgdia,0.012031859799468726,0.1736964858864386,0.7544711696412055,0.07780025648528897,0.29916001235346046,0.49378513826050824,0.3098139196956893,0.3804610096177055
Alyref,0.08856750257537103,0.2615722360139493,1.0,0.0,0.0,0.0,0.0,0.0
Anapc11,1.0,1.0,1.0,0.0,0.0,0.0,0.0,0.0
Pcyt2,1.0,1.0,1.0,0.0,0.0,0.0,0.0,0.0
Sirt7,1.0,1.0,1.0,0.0,0.0,0.0,0.0,0.0
Mafg,1.0,1.0,1.0,0.0,0.0,0.0,0.0,0.0
Pycr1,0.2615722360139493,1.0,1.0,0.0,0.0,0.0,0.0,0.0
Myadml2,1.0,1.0,1.0,0.0,0.0,0.0,0.0,0.0
Aspscr1,1.0,1.0,1.0,0.0,0.0,0.0,0.0,0.0
Cenpx,0.002778685068188869,0.029867793297539916,0.3519631185845171,-27.603645880262416,0.0,0.0,0.0,0.0
Lrrc45,1.0,1.0,1.0,0.0,0.0,0.0,0.0,0.0
Rac3,1.0,1.0,1.0,0.0,0.0,0.0,0.0,0.0
Dcxr,1.0,1.0,1.0,0.0,0.0,0.0,0.0,0.0
Cbr2,1.0,1.0,1.0,0.0,0.0,0.0,0.0,0.0
Hmga1b,1.0,1.0,1.0,0.0,0.0,0.0,0.0,0.0
Rfng,1.0,1.0,1.0,0.0,0.0,0.0,0.0,0.0
Gps1,0.2615722360139493,1.0,1.0,0.0,0.0,0.0,0.0,0.0
Dus1l,1.0,1.0,1.0,0.0,0.0,0.0,0.0,0.0
Fasn,1.0,1.0,1.0,0.0,0.0,0.0,0.0,0.0
Slc16a3,1.0,1.0,1.0,0.0,0.0,0.0,0.0,0.0
Csnk1d,0.08856750257537103,1.0,1.0,0.0,0.0,0.0,0.0,0.0
Gm28192,1.0,1.0,1.0,0.0,0.0,0.0,0.0,0.0
Cd7,1.0,1.0,1.0,0.0,0.0,0.0,0.0,0.0
Sectm1b,1.0,1.0,1.0,0.0,0.0,0.0,0.0,0.0
Sectm1a,1.0,1.0,1.0,0.0,0.0,0.0,0.0,0.0
Ogfod3,0.08856750257537103,1.0,1.0,0.0,0.0,0.0,0.0,0.0
Hexdc,1.0,1.0,1.0,0.0,0.0,0.0,0.0,0.0
Cybc1,1.0,1.0,1.0,0.0,0.0,0.0,0.0,0.0
Narf,1.0,1.0,1.0,0.0,0.0,0.0,0.0,0.0
Foxk2,1.0,1.0,1.0,0.0,0.0,0.0,0.0,0.0
Wdr45b,1.0,1.0,1.0,0.0,0.0,0.0,0.0,0.0
Rab40b,1.0,1.0,1.0,0.0,0.0,0.0,0.0,0.0
Fn3krp,1.0,1.0,1.0,0.0,0.0,0.0,0.0,0.0
Fn3k,1.0,1.0,1.0,0.0,0.0,0.0,0.0,0.0
Tbcd,1.0,1.0,1.0,0.0,0.0,0.0,0.0,0.0
B3gntl1,1.0,1.0,1.0,0.0,0.0,0.0,0.0,0.0
Metrnl,0.2615722360139493,0.47495853988950676,1.0,0.0,0.0,0.0,0.0,0.0
Gm12589,1.0,1.0,1.0,0.0,0.0,0.0,0.0,0.0
Rab10os,0.2615722360139493,1.0,1.0,0.0,0.0,0.0,0.0,0.0
Rab10,0.017019999209012565,0.42238317813868287,1.0,-28.20769546466789,-27.860631903027674,-0.12964115465275386,0.26183918936251327,0.0
Kif3c,1.0,1.0,1.0,0.0,0.0,0.0,0.0,0.0
1110002L01Rik,1.0,1.0,1.0,0.0,0.0,0.0,0.0,0.0
Asxl2,1.0,1.0,1.0,0.0,0.0,0.0,0.0,0.0
Dtnb,1.0,1.0,1.0,0.0,0.0,0.0,0.0,0.0
Dnmt3a,1.0,1.0,1.0,0.0,0.0,0.0,0.0,0.0
Pomc,1.0,1.0,1.0,0.0,0.0,0.0,0.0,0.0
Efr3b,1.0,1.0,1.0,0.0,0.0,0.0,0.0,0.0
Dnajc27,1.0,1.0,1.0,0.0,0.0,0.0,0.0,0.0
Adcy3,1.0,1.0,1.0,0.0,0.0,0.0,0.0,0.0
Cenpo,1.0,1.0,1.0,0.0,0.0,0.0,0.0,0.0
Ptrhd1,0.2615722360139493,1.0,1.0,0.0,0.0,0.0,0.0,0.0
Ncoa1,1.0,1.0,1.0,0.0,0.0,0.0,0.0,0.0
AC241534.1,1.0,1.0,1.0,0.0,0.0,0.0,0.0,0.0
Itsn2,0.08856750257537103,1.0,1.0,0.0,0.0,0.0,0.0,0.0
Sf3b6,1.5876796062554575e-05,0.0010637453361911566,0.038707628800508063,0.22602590992666727,0.3600415225169447,0.4997721920887275,0.3714406258713725,0.47534827177074074
Fkbp1b,1.0,1.0,1.0,0.0,0.0,0.0,0.0,0.0
Wdcp,1.0,1.0,1.0,0.0,0.0,0.0,0.0,0.0
Mfsd2b,1.0,1.0,1.0,0.0,0.0,0.0,0.0,0.0
Ubxn2a,0.2615722360139493,1.0,1.0,0.0,0.0,0.0,0.0,0.0
Atad2b,1.0,1.0,1.0,0.0,0.0,0.0,0.0,0.0
Klhl29,1.0,1.0,1.0,0.0,0.0,0.0,0.0,0.0
2810032G03Rik,1.0,1.0,1.0,0.0,0.0,0.0,0.0,0.0
Gm48619,1.0,1.0,1.0,0.0,0.0,0.0,0.0,0.0
Ldah,1.0,1.0,1.0,0.0,0.0,0.0,0.0,0.0
Hs1bp3,1.0,1.0,1.0,0.0,0.0,0.0,0.0,0.0
Rhob,0.009501095540355024,0.029867793297539916,0.2615722360139493,-27.089656509496653,0.0,0.0,0.0,0.0
Pum2,1.0,1.0,1.0,0.0,0.0,0.0,0.0,0.0
Sdc1,6.35071842502183e-05,0.0015241724220052392,0.03142017940779551,0.18702657988394955,0.33337252262908945,0.4844432526229262,0.5790508217689784,0.7286225618561186
Laptm4a,1.5876796062554575e-05,0.00030165912518853697,0.005493371437643883,-0.33287654488560514,-0.24449464831878198,-0.1538456821328323,0.8441100380919033,0.7110406500009963
Wdr35,1.0,1.0,1.0,0.0,0.0,0.0,0.0,0.0
Ttc32,1.0,1.0,1.0,0.0,0.0,0.0,0.0,0.0
Osr1,1.0,1.0,1.0,0.0,0.0,0.0,0.0,0.0
Rdh14,0.2615722360139493,1.0,1.0,0.0,0.0,0.0,0.0,0.0
Kcns3,1.0,1.0,1.0,0.0,0.0,0.0,0.0,0.0
Gen1,1.0,1.0,1.0,0.0,0.0,0.0,0.0,0.0
Smc6,0.08856750257537103,0.29147411368370935,0.8685181258352878,0.0,0.0,0.0,0.0,0.0
Fam49a,1.0,1.0,1.0,0.0,0.0,0.0,0.0,0.0
Mycn,1.0,1.0,1.0,0.0,0.0,0.0,0.0,0.0
Ddx1,0.2615722360139493,1.0,1.0,0.0,0.0,0.0,0.0,0.0
Nbas,0.2615722360139493,1.0,1.0,0.0,0.0,0.0,0.0,0.0
Trib2,1.0,1.0,1.0,0.0,0.0,0.0,0.0,0.0
Lpin1,1.0,1.0,1.0,0.0,0.0,0.0,0.0,0.0
Greb1,1.0,1.0,1.0,0.0,0.0,0.0,0.0,0.0
E2f6,1.0,1.0,1.0,0.0,0.0,0.0,0.0,0.0
Rock2,0.08856750257537103,0.2615722360139493,1.0,0.0,0.0,0.0,0.0,0.0
Pqlc3,0.00017120035741584227,0.0036211088724564374,0.06631925983166452,-28.67024325537508,-28.538174565695165,-2.496828759889326,0.39067112185881325,0.0
2410004P03Rik,1.0,1.0,1.0,0.0,0.0,0.0,0.0,0.0
Pdia6,0.00019052155275065493,0.00409621338413908,0.03142017940779551,0.1457353313360242,0.2111697882796857,0.27758545635255943,1.3973758685971926,1.6158736787672388
Nol10,1.0,1.0,1.0,0.0,0.0,0.0,0.0,0.0
Odc1,0.00030165912518853697,0.012399777724855125,0.1568627450980392,0.14869428113103975,0.2870270655822904,0.4515201062866431,0.6196014675717193,0.755133097009395
Hpcal1,1.0,1.0,1.0,0.0,0.0,0.0,0.0,0.0
Gm5784,1.0,1.0,1.0,0.0,0.0,0.0,0.0,0.0
Gm49700,1.0,1.0,1.0,0.0,0.0,0.0,0.0,0.0
Asap2,1.0,1.0,1.0,0.0,0.0,0.0,0.0,0.0
Gm30124,1.0,1.0,1.0,0.0,0.0,0.0,0.0,0.0
Itgb1bp1,0.2615722360139493,1.0,1.0,0.0,0.0,0.0,0.0,0.0
Cpsf3,1.0,1.0,1.0,0.0,0.0,0.0,0.0,0.0
Iah1,1.0,1.0,1.0,0.0,0.0,0.0,0.0,0.0
Adam17,1.0,1.0,1.0,0.0,0.0,0.0,0.0,0.0
Gm49586,1.0,1.0,1.0,0.0,0.0,0.0,0.0,0.0
Ywhaq,0.0021592442645074223,0.05737874097007224,0.34314519329999205,0.1192070845232069,0.32373099536018723,0.4931165763573749,0.4938991880785446,0.6182294316782506
Gm4419,1.0,1.0,1.0,0.0,0.0,0.0,0.0,0.0
9030624G23Rik,1.0,1.0,1.0,0.0,0.0,0.0,0.0,0.0
Taf1b,1.0,1.0,1.0,0.0,0.0,0.0,0.0,0.0
Grhl1,1.0,1.0,1.0,0.0,0.0,0.0,0.0,0.0
Klf11,1.0,1.0,1.0,0.0,0.0,0.0,0.0,0.0
Cys1,1.0,1.0,1.0,0.0,0.0,0.0,0.0,0.0
Rrm2,1.0,1.0,1.0,0.0,0.0,0.0,0.0,0.0
Mboat2,1.0,1.0,1.0,0.0,0.0,0.0,0.0,0.0
Kidins220,1.0,1.0,1.0,0.0,0.0,0.0,0.0,0.0
Id2,1.0,1.0,1.0,0.0,0.0,0.0,0.0,0.0
Gm36723,1.0,1.0,1.0,0.0,0.0,0.0,0.0,0.0
Rnf144a,1.0,1.0,1.0,0.0,0.0,0.0,0.0,0.0
Rsad2,1.0,1.0,1.0,0.0,0.0,0.0,0.0,0.0
Cmpk2,1.0,1.0,1.0,0.0,0.0,0.0,0.0,0.0
Rps7,0.0010637453361911566,0.020131777407319206,0.2082876875446535,-0.12109419755954005,-0.08413884293760016,-0.04581261552515225,2.54290928343112,2.3998390746249942
Rnaseh1,1.0,1.0,1.0,0.0,0.0,0.0,0.0,0.0
Adi1,1.0,1.0,1.0,0.0,0.0,0.0,0.0,0.0
Trappc12,1.0,1.0,1.0,0.0,0.0,0.0,0.0,0.0
Eipr1,1.0,1.0,1.0,0.0,0.0,0.0,0.0,0.0
Pxdn,1.0,1.0,1.0,0.0,0.0,0.0,0.0,0.0
Sntg2,1.0,1.0,1.0,0.0,0.0,0.0,0.0,0.0
Tmem18,1.0,1.0,1.0,0.0,0.0,0.0,0.0,0.0
Acp1,1.0,1.0,1.0,0.0,0.0,0.0,0.0,0.0
Sh3yl1,1.0,1.0,1.0,0.0,0.0,0.0,0.0,0.0
Fam110c,1.0,1.0,1.0,0.0,0.0,0.0,0.0,0.0
Lamb1,1.0,1.0,1.0,0.0,0.0,0.0,0.0,0.0
Dld,0.08856750257537103,0.2615722360139493,1.0,0.0,0.0,0.0,0.0,0.0
Cbll1,0.08856750257537103,0.2615722360139493,1.0,0.0,0.0,0.0,0.0,0.0
Bcap29,1.0,1.0,1.0,0.0,0.0,0.0,0.0,0.0
Dus4l,1.0,1.0,1.0,0.0,0.0,0.0,0.0,0.0
Cog5,1.0,1.0,1.0,0.0,0.0,0.0,0.0,0.0
Gpr22,1.0,1.0,1.0,0.0,0.0,0.0,0.0,0.0
Hbp1,0.24358719210948698,0.7753707093270263,0.9638969075506822,-26.87400999723266,0.0,0.0,0.0,0.0
Prkar2b,1.0,1.0,1.0,0.0,0.0,0.0,0.0,0.0
Pik3cg,0.06909581646423751,0.42686353893784235,0.9691830820581888,0.037839434556251356,0.235158233466366,0.5029326421242176,0.427858402018941,0.5059770685067039
Ccdc71l,1.0,1.0,1.0,0.0,0.0,0.0,0.0,0.0
Nampt,1.0,1.0,1.0,0.0,0.0,0.0,0.0,0.0
4933406C10Rik,1.0,1.0,1.0,0.0,0.0,0.0,0.0,0.0
Sypl,0.08856750257537103,0.2615722360139493,0.2615722360139493,0.0,0.0,0.0,0.0,0.0
F730043M19Rik,1.0,1.0,1.0,0.0,0.0,0.0,0.0,0.0
Atxn7l1,1.0,1.0,1.0,0.0,0.0,0.0,0.0,0.0
Twistnb,0.029867793297539916,0.2615722360139493,1.0,0.0,0.0,0.0,0.0,0.0
Twist1,1.0,1.0,1.0,0.0,0.0,0.0,0.0,0.0
Hdac9,1.0,1.0,1.0,0.0,0.0,0.0,0.0,0.0
Snx13,1.0,1.0,1.0,0.0,0.0,0.0,0.0,0.0
Ahr,1.0,1.0,1.0,0.0,0.0,0.0,0.0,0.0
Gm48236,1.0,1.0,1.0,0.0,0.0,0.0,0.0,0.0
Gm34047,1.0,1.0,1.0,0.0,0.0,0.0,0.0,0.0
9130015A21Rik,1.0,1.0,1.0,0.0,0.0,0.0,0.0,0.0
Agr3,1.0,1.0,1.0,0.0,0.0,0.0,0.0,0.0
Agr2,1.0,1.0,1.0,0.0,0.0,0.0,0.0,0.0
Tspan13,1.5876796062554575e-05,1.5876796062554575e-05,0.00011113757243788204,0.3142354094608625,0.41124783186257124,0.5153906832902487,0.9199573869013236,1.223731763660645
Bzw2,1.0,1.0,1.0,0.0,0.0,0.0,0.0,0.0
Ankmy2,1.0,1.0,1.0,0.0,0.0,0.0,0.0,0.0
Gm34215,0.2615722360139493,1.0,1.0,0.0,0.0,0.0,0.0,0.0
Crppa,1.0,1.0,1.0,0.0,0.0,0.0,0.0,0.0
Meox2,1.0,1.0,1.0,0.0,0.0,0.0,0.0,0.0
Agmo,1.0,1.0,1.0,0.0,0.0,0.0,0.0,0.0
Etv1,1.0,1.0,1.0,0.0,0.0,0.0,0.0,0.0
Arl4a,0.029867793297539916,0.2615722360139493,0.8822739356449067,0.0,0.0,0.0,0.0,0.0
Scin,1.0,1.0,1.0,0.0,0.0,0.0,0.0,0.0
Lsmem1,1.0,1.0,1.0,0.0,0.0,0.0,0.0,0.0
Gm17056,1.0,1.0,1.0,0.0,0.0,0.0,0.0,0.0
Ifrd1,0.00019052155275065493,0.00298483765976026,0.03876059883072452,0.42805158416046224,0.556336711895151,0.7048413558421409,0.538405411600535,0.7900129764504847
Gm17024,1.0,1.0,1.0,0.0,0.0,0.0,0.0,0.0
Gm7008,1.0,1.0,1.0,0.0,0.0,0.0,0.0,0.0
Zfp277,1.0,1.0,1.0,0.0,0.0,0.0,0.0,0.0
Dock4,1.0,1.0,1.0,0.0,0.0,0.0,0.0,0.0
Immp2l,1.0,1.0,1.0,0.0,0.0,0.0,0.0,0.0
Lrrn3,1.0,1.0,1.0,0.0,0.0,0.0,0.0,0.0
Dnajb9,6.35071842502183e-05,0.00409621338413908,0.08249583234103358,0.22716158907560902,0.39628823925725143,0.5656310238704092,0.5309598538735453,0.6973396323333172
Pnpla8,0.25966777878720976,0.7563611602870911,1.0,0.0,0.0,0.0,0.0,0.0
Nrcam,1.0,1.0,1.0,0.0,0.0,0.0,0.0,0.0
Stxbp6,1.0,1.0,1.0,0.0,0.0,0.0,0.0,0.0
Gm15902,1.0,1.0,1.0,0.0,0.0,0.0,0.0,0.0
Nova1,1.0,1.0,1.0,0.0,0.0,0.0,0.0,0.0
Prkd1,1.0,1.0,1.0,0.0,0.0,0.0,0.0,0.0
G2e3,1.0,1.0,1.0,0.0,0.0,0.0,0.0,0.0
Scfd1,0.0007335473709934008,0.010222453583624358,0.2740127914304309,-28.085679824596088,-27.486469325377133,0.0,0.188041017857914,0.0
Strn3,1.0,1.0,1.0,0.0,0.0,0.0,0.0,0.0
Ap4s1,1.0,1.0,1.0,0.0,0.0,0.0,0.0,0.0
Hectd1,0.2615722360139493,1.0,1.0,0.0,0.0,0.0,0.0,0.0
Heatr5a,1.0,1.0,1.0,0.0,0.0,0.0,0.0,0.0
Dtd2,1.0,1.0,1.0,0.0,0.0,0.0,0.0,0.0
Gpr33,1.0,1.0,1.0,0.0,0.0,0.0,0.0,0.0
Nubpl,1.0,1.0,1.0,0.0,0.0,0.0,0.0,0.0
Arhgap5,1.0,1.0,1.0,0.0,0.0,0.0,0.0,0.0
Akap6,1.0,1.0,1.0,0.0,0.0,0.0,0.0,0.0
Egln3,1.0,1.0,1.0,0.0,0.0,0.0,0.0,0.0
Sptssa,0.009501095540355024,0.08856750257537103,0.2615722360139493,-25.848495952927735,0.0,0.0,0.0,0.0
Eapp,0.009501095540355024,0.029867793297539916,0.2615722360139493,-27.00888449107394,0.0,0.0,0.0,0.0
Snx6,0.2615722360139493,1.0,1.0,0.0,0.0,0.0,0.0,0.0
Cfl2,0.029867793297539916,0.2615722360139493,1.0,0.0,0.0,0.0,0.0,0.0
Baz1a,0.2615722360139493,1.0,1.0,0.0,0.0,0.0,0.0,0.0
2700097O09Rik,1.0,1.0,1.0,0.0,0.0,0.0,0.0,0.0
Srp54a,1.0,1.0,1.0,0.0,0.0,0.0,0.0,0.0
Fam177a,1.0,1.0,1.0,0.0,0.0,0.0,0.0,0.0
Srp54c,1.0,1.0,1.0,0.0,0.0,0.0,0.0,0.0
Ppp2r3c,1.0,1.0,1.0,0.0,0.0,0.0,0.0,0.0
Prorp,1.0,1.0,1.0,0.0,0.0,0.0,0.0,0.0
Psma6,0.009501095540355024,0.08856750257537103,0.29147411368370935,-26.71232650644201,0.0,0.0,0.0,0.0
Nfkbia,0.0010637453361911566,0.00409621338413908,0.020131777407319206,-0.8219371822987127,-0.6677599913691018,-0.5195828994947026,1.10126278987612,0.6935440716826575
Ralgapa1,1.0,1.0,1.0,0.0,0.0,0.0,0.0,0.0
Brms1l,1.0,1.0,1.0,0.0,0.0,0.0,0.0,0.0
Mbip,1.0,1.0,1.0,0.0,0.0,0.0,0.0,0.0
Prps1l3,1.0,1.0,1.0,0.0,0.0,0.0,0.0,0.0
Mipol1,1.0,1.0,1.0,0.0,0.0,0.0,0.0,0.0
Foxa1,1.0,1.0,1.0,0.0,0.0,0.0,0.0,0.0
Clec14a,1.0,1.0,1.0,0.0,0.0,0.0,0.0,0.0
Gm17529,1.0,1.0,1.0,0.0,0.0,0.0,0.0,0.0
Sec23a,1.0,1.0,1.0,0.0,0.0,0.0,0.0,0.0
Gemin2,1.0,1.0,1.0,0.0,0.0,0.0,0.0,0.0
Trappc6b,0.13525118892898313,0.6564077338807045,1.0,-28.12685840680772,-27.83878000100271,0.25411655902384833,0.2628434899349855,0.0
Pnn,0.029867793297539916,0.2615722360139493,1.0,0.0,0.0,0.0,0.0,0.0
Mia2,0.11818010791958651,0.6564077338807045,1.0,-28.199260763912086,-27.48933006879095,0.7792392925016334,0.26663450580064,0.0
Fbxo33,1.0,1.0,1.0,0.0,0.0,0.0,0.0,0.0
Gm527,1.0,1.0,1.0,0.0,0.0,0.0,0.0,0.0
Klhl28,1.0,1.0,1.0,0.0,0.0,0.0,0.0,0.0
Togaram1,1.0,1.0,1.0,0.0,0.0,0.0,0.0,0.0
Prpf39,0.2615722360139493,1.0,1.0,0.0,0.0,0.0,0.0,0.0
Fkbp3,0.009501095540355024,0.08856750257537103,1.0,-26.34940508683046,0.0,0.0,0.0,0.0
Fancm,1.0,1.0,1.0,0.0,0.0,0.0,0.0,0.0
Mis18bp1,1.0,1.0,1.0,0.0,0.0,0.0,0.0,0.0
Rps29,0.4726680955783123,0.7344923394458999,1.0,-0.011677896292959964,0.014848461138912666,0.05127672222631003,2.9740706848952048,3.0027117001451487
Lrr1,1.0,1.0,1.0,0.0,0.0,0.0,0.0,0.0
Rpl36al,0.0021592442645074223,0.015860919266492024,0.1568627450980392,0.016043722688085016,0.045247754531197164,0.0688780615840762,2.5780115685249347,2.661019795284354
Mgat2,0.09788044772564897,0.5208065412399778,1.0,-0.03192601076127496,0.16160483043430712,0.29934896125230726,0.4101088898865669,0.46036929282275574
Dnaaf2,1.0,1.0,1.0,0.0,0.0,0.0,0.0,0.0
9330151L19Rik,1.0,1.0,1.0,0.0,0.0,0.0,0.0,0.0
Pole2,1.0,1.0,1.0,0.0,0.0,0.0,0.0,0.0
Klhdc1,1.0,1.0,1.0,0.0,0.0,0.0,0.0,0.0
Klhdc2,0.032866088449085645,0.2978424776621277,0.7675494509693419,-28.167458682295557,-27.976029095610933,-26.91461239720445,0.26401215114031096,0.0
Nemf,0.029867793297539916,0.2615722360139493,1.0,0.0,0.0,0.0,0.0,0.0
Gm9887,1.0,1.0,1.0,0.0,0.0,0.0,0.0,0.0
Arf6,0.012399777724855125,0.11319529494386421,0.511323918706056,-0.3047058554630304,-0.1953087524549657,-0.04821243066818329,0.5493549563385819,0.4803389144140285
5830428M24Rik,0.2615722360139493,1.0,1.0,0.0,0.0,0.0,0.0,0.0
Vcpkmt,0.2615722360139493,1.0,1.0,0.0,0.0,0.0,0.0,0.0
Sos2,1.0,1.0,1.0,0.0,0.0,0.0,0.0,0.0
L2hgdh,1.0,1.0,1.0,0.0,0.0,0.0,0.0,0.0
Dmac2l,1.0,1.0,1.0,0.0,0.0,0.0,0.0,0.0
Map4k5,1.0,1.0,1.0,0.0,0.0,0.0,0.0,0.0
Atl1,1.0,1.0,1.0,0.0,0.0,0.0,0.0,0.0
Sav1,1.0,1.0,1.0,0.0,0.0,0.0,0.0,0.0
Nin,1.0,1.0,1.0,0.0,0.0,0.0,0.0,0.0
Pygl,1.0,1.0,1.0,0.0,0.0,0.0,0.0,0.0
Tmx1,0.2615722360139493,1.0,1.0,0.0,0.0,0.0,0.0,0.0
Gm32219,1.0,1.0,1.0,0.0,0.0,0.0,0.0,0.0
Gm32369,1.0,1.0,1.0,0.0,0.0,0.0,0.0,0.0
Frmd6,1.0,1.0,1.0,0.0,0.0,0.0,0.0,0.0
Actr10,0.002778685068188869,0.029867793297539916,0.08856750257537103,-27.762313004484575,0.0,0.0,0.0,0.0
Psma3,0.009557831229657855,0.11526553941414623,0.5713582599031516,-0.00901092026594109,0.13835482691971596,0.2670984110405748,0.6319806980061121,0.6934708694116266
3110056K07Rik,1.0,1.0,1.0,0.0,0.0,0.0,0.0,0.0
Arid4a,0.029867793297539916,0.29147411368370935,0.8822739356449067,0.0,0.0,0.0,0.0,0.0
Timm9,1.0,1.0,1.0,0.0,0.0,0.0,0.0,0.0
2700049A03Rik,1.0,1.0,1.0,0.0,0.0,0.0,0.0,0.0
Dact1,1.0,1.0,1.0,0.0,0.0,0.0,0.0,0.0
4930404H11Rik,1.0,1.0,1.0,0.0,0.0,0.0,0.0,0.0
9630002D21Rik,1.0,1.0,1.0,0.0,0.0,0.0,0.0,0.0
Daam1,0.2615722360139493,0.2615722360139493,1.0,0.0,0.0,0.0,0.0,0.0
Gpr135,1.0,1.0,1.0,0.0,0.0,0.0,0.0,0.0
L3hypdh,1.0,1.0,1.0,0.0,0.0,0.0,0.0,0.0
Jkamp,1.0,1.0,1.0,0.0,0.0,0.0,0.0,0.0
Rtn1,1.0,1.0,1.0,0.0,0.0,0.0,0.0,0.0
Pcnx4,1.0,1.0,1.0,0.0,0.0,0.0,0.0,0.0
Dhrs7,0.2615722360139493,0.47495853988950676,1.0,0.0,0.0,0.0,0.0,0.0
Ppm1a,0.08856750257537103,0.2615722360139493,1.0,0.0,0.0,0.0,0.0,0.0
Mnat1,0.2615722360139493,1.0,1.0,0.0,0.0,0.0,0.0,0.0
Trmt5,1.0,1.0,1.0,0.0,0.0,0.0,0.0,0.0
Slc38a6,1.0,1.0,1.0,0.0,0.0,0.0,0.0,0.0
Tmem30b,1.0,1.0,1.0,0.0,0.0,0.0,0.0,0.0
Prkch,1.0,1.0,1.0,0.0,0.0,0.0,0.0,0.0
Gm15283,1.0,1.0,1.0,0.0,0.0,0.0,0.0,0.0
Hif1a,1.0,1.0,1.0,0.0,0.0,0.0,0.0,0.0
Snapc1,1.0,1.0,1.0,0.0,0.0,0.0,0.0,0.0
Rhoj,1.0,1.0,1.0,0.0,0.0,0.0,0.0,0.0
Ppp2r5e,1.0,1.0,1.0,0.0,0.0,0.0,0.0,0.0
Gm47689,1.0,1.0,1.0,0.0,0.0,0.0,0.0,0.0
Wdr89,1.0,1.0,1.0,0.0,0.0,0.0,0.0,0.0
Sgpp1,1.0,1.0,1.0,0.0,0.0,0.0,0.0,0.0
Syne2,0.0007335473709934008,0.013394916753769956,0.12233417091613663,-28.351666195362846,-28.10809274009239,-26.799184383299774,0.28932038488577,0.0
Mthfd1,1.0,1.0,1.0,0.0,0.0,0.0,0.0,0.0
Akap5,1.0,1.0,1.0,0.0,0.0,0.0,0.0,0.0
Zbtb25,1.0,1.0,1.0,0.0,0.0,0.0,0.0,0.0
Zbtb1,0.47495853988950676,1.0,1.0,0.0,0.0,0.0,0.0,0.0
4930426I24Rik,1.0,1.0,1.0,0.0,0.0,0.0,0.0,0.0
Hspa2,0.2615722360139493,0.2615722360139493,1.0,0.0,0.0,0.0,0.0,0.0
Plekhg3,1.0,1.0,1.0,0.0,0.0,0.0,0.0,0.0
Sptb,1.0,1.0,1.0,0.0,0.0,0.0,0.0,0.0
Churc1,0.2615722360139493,1.0,1.0,0.0,0.0,0.0,0.0,0.0
Fntb,1.0,1.0,1.0,0.0,0.0,0.0,0.0,0.0
Gpx2,1.0,1.0,1.0,0.0,0.0,0.0,0.0,0.0
Rab15,1.0,1.0,1.0,0.0,0.0,0.0,0.0,0.0
Max,0.2615722360139493,1.0,1.0,0.0,0.0,0.0,0.0,0.0
9530018F02Rik,1.0,1.0,1.0,0.0,0.0,0.0,0.0,0.0
Fut8,0.03142017940779551,0.18134476462649837,0.5713582599031516,0.05105858259649113,0.18882370127874026,0.3270972597609655,0.5224903808088586,0.598665310567909
Gm48226,1.0,1.0,1.0,0.0,0.0,0.0,0.0,0.0
Gphn,1.0,1.0,1.0,0.0,0.0,0.0,0.0,0.0
Mpp5,0.2615722360139493,1.0,1.0,0.0,0.0,0.0,0.0,0.0
Atp6v1d,0.0007335473709934008,0.009501095540355024,0.08856750257537103,-27.953013870109267,-26.146891944835062,0.0,0.0743017021449225,0.0
Eif2s1,0.009501095540355024,0.08856750257537103,0.8822739356449067,-26.712609226174784,0.0,0.0,0.0,0.0
Plek2,1.0,1.0,1.0,0.0,0.0,0.0,0.0,0.0
Tmem229b,1.0,1.0,1.0,0.0,0.0,0.0,0.0,0.0
Plekhh1,1.0,1.0,1.0,0.0,0.0,0.0,0.0,0.0
Pigh,1.0,1.0,1.0,0.0,0.0,0.0,0.0,0.0
9230116L04Rik,1.0,1.0,1.0,0.0,0.0,0.0,0.0,0.0
Arg2,1.0,1.0,1.0,0.0,0.0,0.0,0.0,0.0
Vti1b,0.029867793297539916,0.08856750257537103,0.2615722360139493,0.0,0.0,0.0,0.0,0.0
Rdh11,1.0,1.0,1.0,0.0,0.0,0.0,0.0,0.0
Rdh12,1.0,1.0,1.0,0.0,0.0,0.0,0.0,0.0
Zfyve26,1.0,1.0,1.0,0.0,0.0,0.0,0.0,0.0
Rad51b,1.0,1.0,1.0,0.0,0.0,0.0,0.0,0.0
Zfp36l1,0.17602582388138885,0.7280611426419807,1.0,-0.12181204596349895,0.09487068744198202,0.3081256853664107,0.45371418580795336,0.48513565591880875
1300014J16Rik,1.0,1.0,1.0,0.0,0.0,0.0,0.0,0.0
2310015A10Rik,1.0,1.0,1.0,0.0,0.0,0.0,0.0,0.0
Actn1,1.0,1.0,1.0,0.0,0.0,0.0,0.0,0.0
Dcaf5,1.0,1.0,1.0,0.0,0.0,0.0,0.0,0.0
Gm30025,1.0,1.0,1.0,0.0,0.0,0.0,0.0,0.0
Exd2,1.0,1.0,1.0,0.0,0.0,0.0,0.0,0.0
Galnt16,1.0,1.0,1.0,0.0,0.0,0.0,0.0,0.0
Erh,0.029867793297539916,0.08856750257537103,1.0,0.0,0.0,0.0,0.0,0.0
Slc39a9,1.0,1.0,1.0,0.0,0.0,0.0,0.0,0.0
Susd6,0.47495853988950676,1.0,1.0,0.0,0.0,0.0,0.0,0.0
Gm20337,1.0,1.0,1.0,0.0,0.0,0.0,0.0,0.0
Srsf5,0.08249583234103358,0.42686353893784235,0.9699293482575216,-0.195241285980736,-0.05420754965450665,0.07555452559069123,0.7366348923584325,0.7084450890941485
Smoc1,1.0,1.0,1.0,0.0,0.0,0.0,0.0,0.0
Slc8a3,1.0,1.0,1.0,0.0,0.0,0.0,0.0,0.0
Cox16,0.0758721322565368,0.5108447346886349,0.9692169978474025,0.004554613721594783,0.2465942803773289,0.41378053148660626,0.3545979341648541,0.4214451269916042
Gm4787,1.0,1.0,1.0,0.0,0.0,0.0,0.0,0.0
Adam4,1.0,1.0,1.0,0.0,0.0,0.0,0.0,0.0
Synj2bp,1.0,1.0,1.0,0.0,0.0,0.0,0.0,0.0
Med6,1.0,1.0,1.0,0.0,0.0,0.0,0.0,0.0
Map3k9,1.0,1.0,1.0,0.0,0.0,0.0,0.0,0.0
Pcnx,0.2615722360139493,1.0,1.0,0.0,0.0,0.0,0.0,0.0
Sipa1l1,1.0,1.0,1.0,0.0,0.0,0.0,0.0,0.0
Rgs6,1.0,1.0,1.0,0.0,0.0,0.0,0.0,0.0
Dcaf4,1.0,1.0,1.0,0.0,0.0,0.0,0.0,0.0
Zfyve1,1.0,1.0,1.0,0.0,0.0,0.0,0.0,0.0
Rbm25,0.09788044772564897,0.6238787012780821,1.0,-0.10782904337549083,0.0875458904633769,0.28671773936460404,0.4529327697805869,0.47955304155698314
Gm29361,1.0,1.0,1.0,0.0,0.0,0.0,0.0,0.0
Psen1,1.0,1.0,1.0,0.0,0.0,0.0,0.0,0.0
Numb,1.0,1.0,1.0,0.0,0.0,0.0,0.0,0.0
Riox1,1.0,1.0,1.0,0.0,0.0,0.0,0.0,0.0
Acot2,1.0,1.0,1.0,0.0,0.0,0.0,0.0,0.0
Acot1,1.0,1.0,1.0,0.0,0.0,0.0,0.0,0.0
Acot6,1.0,1.0,1.0,0.0,0.0,0.0,0.0,0.0
Dnal1,1.0,1.0,1.0,0.0,0.0,0.0,0.0,0.0
Pnma1,1.0,1.0,1.0,0.0,0.0,0.0,0.0,0.0
Elmsan1,1.0,1.0,1.0,0.0,0.0,0.0,0.0,0.0
Ptgr2,1.0,1.0,1.0,0.0,0.0,0.0,0.0,0.0
Gm47484,1.0,1.0,1.0,0.0,0.0,0.0,0.0,0.0
Zfp410,1.0,1.0,1.0,0.0,0.0,0.0,0.0,0.0
Fam161b,1.0,1.0,1.0,0.0,0.0,0.0,0.0,0.0
Coq6,1.0,1.0,1.0,0.0,0.0,0.0,0.0,0.0
Entpd5,1.0,1.0,1.0,0.0,0.0,0.0,0.0,0.0
Bbof1,1.0,1.0,1.0,0.0,0.0,0.0,0.0,0.0
Rnf113a2,1.0,1.0,1.0,0.0,0.0,0.0,0.0,0.0
Aldh6a1,1.0,1.0,1.0,0.0,0.0,0.0,0.0,0.0
Lin52,1.0,1.0,1.0,0.0,0.0,0.0,0.0,0.0
Abcd4,1.0,1.0,1.0,0.0,0.0,0.0,0.0,0.0
Npc2,0.0007144558228149559,0.015860919266492024,0.2082876875446535,0.11151237840600083,0.2212943255210964,0.3357758112016735,0.7046047026575647,0.8221749513806313
Isca2,0.009501095540355024,0.08856750257537103,0.2615722360139493,-26.6209720516865,0.0,0.0,0.0,0.0
Ltbp2,1.0,1.0,1.0,0.0,0.0,0.0,0.0,0.0
Arel1,1.0,1.0,1.0,0.0,0.0,0.0,0.0,0.0
Fcf1,0.2615722360139493,1.0,1.0,0.0,0.0,0.0,0.0,0.0
Ylpm1,1.0,1.0,1.0,0.0,0.0,0.0,0.0,0.0
Prox2,1.0,1.0,1.0,0.0,0.0,0.0,0.0,0.0
Dlst,1.0,1.0,1.0,0.0,0.0,0.0,0.0,0.0
Rps6kl1,1.0,1.0,1.0,0.0,0.0,0.0,0.0,0.0
Pgf,1.0,1.0,1.0,0.0,0.0,0.0,0.0,0.0
Eif2b2,1.0,1.0,1.0,0.0,0.0,0.0,0.0,0.0
Mlh3,1.0,1.0,1.0,0.0,0.0,0.0,0.0,0.0
Acyp1,0.2615722360139493,0.2615722360139493,1.0,0.0,0.0,0.0,0.0,0.0
Zc2hc1c,1.0,1.0,1.0,0.0,0.0,0.0,0.0,0.0
Nek9,1.0,1.0,1.0,0.0,0.0,0.0,0.0,0.0
Tmed10,0.020131777407319206,0.1568627450980392,0.7344923394458999,0.015165950669845355,0.08366451614169924,0.14024172371108945,1.347861045579745,1.4283923393559674
Fos,0.0057606676070176424,0.06941380109538582,0.25761486761223984,-28.518499724908843,-28.312589512018913,-28.04025920280244,0.3333793509525065,0.0
Gm47863,1.0,1.0,1.0,0.0,0.0,0.0,0.0,0.0
Jdp2,1.0,1.0,1.0,0.0,0.0,0.0,0.0,0.0
Batf,1.0,1.0,1.0,0.0,0.0,0.0,0.0,0.0
Flvcr2,1.0,1.0,1.0,0.0,0.0,0.0,0.0,0.0
Erg28,1.0,1.0,1.0,0.0,0.0,0.0,0.0,0.0
Ttll5,1.0,1.0,1.0,0.0,0.0,0.0,0.0,0.0
Gm26531,1.0,1.0,1.0,0.0,0.0,0.0,0.0,0.0
Tgfb3,1.0,1.0,1.0,0.0,0.0,0.0,0.0,0.0
Ift43,1.0,1.0,1.0,0.0,0.0,0.0,0.0,0.0
Gpatch2l,1.0,1.0,1.0,0.0,0.0,0.0,0.0,0.0
Angel1,1.0,1.0,1.0,0.0,0.0,0.0,0.0,0.0
Irf2bpl,1.0,1.0,1.0,0.0,0.0,0.0,0.0,0.0
Cipc,1.0,1.0,1.0,0.0,0.0,0.0,0.0,0.0
Pomt2,1.0,1.0,1.0,0.0,0.0,0.0,0.0,0.0
Gstz1,1.0,1.0,1.0,0.0,0.0,0.0,0.0,0.0
Tmed8,1.0,1.0,1.0,0.0,0.0,0.0,0.0,0.0
Samd15,1.0,1.0,1.0,0.0,0.0,0.0,0.0,0.0
Noxred1,1.0,1.0,1.0,0.0,0.0,0.0,0.0,0.0
Vipas39,1.0,1.0,1.0,0.0,0.0,0.0,0.0,0.0
Ahsa1,1.0,1.0,1.0,0.0,0.0,0.0,0.0,0.0
Sptlc2,1.0,1.0,1.0,0.0,0.0,0.0,0.0,0.0
Alkbh1,0.2615722360139493,1.0,1.0,0.0,0.0,0.0,0.0,0.0
Slirp,0.029867793297539916,0.2615722360139493,1.0,0.0,0.0,0.0,0.0,0.0
Snw1,0.007737120862323551,0.15960050916939345,0.8685181258352878,-27.949066873208054,0.0,0.0,0.0,0.0
Adck1,1.0,1.0,1.0,0.0,0.0,0.0,0.0,0.0
Dio2,1.0,1.0,1.0,0.0,0.0,0.0,0.0,0.0
Cep128,1.0,1.0,1.0,0.0,0.0,0.0,0.0,0.0
Gtf2a1,0.029867793297539916,0.2615722360139493,1.0,0.0,0.0,0.0,0.0,0.0
Ston2,1.0,1.0,1.0,0.0,0.0,0.0,0.0,0.0
Sel1l,1.5876796062554575e-05,0.00409621338413908,0.11526553941414623,0.17460704580911088,0.30078953740286957,0.40507899414225534,0.8141300489938654,1.0075278543694426
Flrt2,1.0,1.0,1.0,0.0,0.0,0.0,0.0,0.0
Galc,1.0,1.0,1.0,0.0,0.0,0.0,0.0,0.0
Gm47439,1.0,1.0,1.0,0.0,0.0,0.0,0.0,0.0
Gpr65,0.2615722360139493,1.0,1.0,0.0,0.0,0.0,0.0,0.0
Gm47566,1.0,1.0,1.0,0.0,0.0,0.0,0.0,0.0
Spata7,1.0,1.0,1.0,0.0,0.0,0.0,0.0,0.0
Ptpn21,1.0,1.0,1.0,0.0,0.0,0.0,0.0,0.0
Zc3h14,0.2615722360139493,1.0,1.0,0.0,0.0,0.0,0.0,0.0
Eml5,1.0,1.0,1.0,0.0,0.0,0.0,0.0,0.0
Ttc8,1.0,1.0,1.0,0.0,0.0,0.0,0.0,0.0
Foxn3,0.009501095540355024,0.08856750257537103,0.42122680063813905,-26.34545496353228,0.0,0.0,0.0,0.0
Gm20682,1.0,1.0,1.0,0.0,0.0,0.0,0.0,0.0
1700064M15Rik,1.0,1.0,1.0,0.0,0.0,0.0,0.0,0.0
Gm19951,1.0,1.0,1.0,0.0,0.0,0.0,0.0,0.0
Efcab11,1.0,1.0,1.0,0.0,0.0,0.0,0.0,0.0
Tdp1,1.0,1.0,1.0,0.0,0.0,0.0,0.0,0.0
Kcnk13,1.0,1.0,1.0,0.0,0.0,0.0,0.0,0.0
Psmc1,0.2615722360139493,0.2615722360139493,1.0,0.0,0.0,0.0,0.0,0.0
Nrde2,1.0,1.0,1.0,0.0,0.0,0.0,0.0,0.0
Calm1,1.5876796062554575e-05,1.5876796062554575e-05,0.00019052155275065493,0.19896309858206696,0.2545399603113373,0.3144041103217879,1.4229109957080524,1.6971461423731262
Ttc7b,1.0,1.0,1.0,0.0,0.0,0.0,0.0,0.0
Rps6ka5,1.0,1.0,1.0,0.0,0.0,0.0,0.0,0.0
Dglucy,1.0,1.0,1.0,0.0,0.0,0.0,0.0,0.0
Gpr68,1.0,1.0,1.0,0.0,0.0,0.0,0.0,0.0
Ccdc88c,1.0,1.0,1.0,0.0,0.0,0.0,0.0,0.0
Gm36756,1.0,1.0,1.0,0.0,0.0,0.0,0.0,0.0
Ppp4r3a,0.2615722360139493,1.0,1.0,0.0,0.0,0.0,0.0,0.0
D130020L05Rik,1.0,1.0,1.0,0.0,0.0,0.0,0.0,0.0
Tc2n,1.0,1.0,1.0,0.0,0.0,0.0,0.0,0.0
Fbln5,1.0,1.0,1.0,0.0,0.0,0.0,0.0,0.0
Trip11,0.04775488048290466,0.4398035473385238,0.8791904799257694,-27.64639274618194,0.0,0.0,0.0,0.0
Atxn3,1.0,1.0,1.0,0.0,0.0,0.0,0.0,0.0
Ndufb1-ps,0.05737874097007224,0.3053901722632373,0.6784313725490196,-0.3070594738886273,-0.18760552647353734,-0.03326032223564592,0.8437728122202018,0.7415575735368359
Cpsf2,1.0,1.0,1.0,0.0,0.0,0.0,0.0,0.0
Rin3,1.0,1.0,1.0,0.0,0.0,0.0,0.0,0.0
Lgmn,0.08856750257537103,0.2615722360139493,1.0,0.0,0.0,0.0,0.0,0.0
Golga5,1.0,1.0,1.0,0.0,0.0,0.0,0.0,0.0
Itpk1,1.0,1.0,1.0,0.0,0.0,0.0,0.0,0.0
Gm20069,1.0,1.0,1.0,0.0,0.0,0.0,0.0,0.0
Moap1,1.0,1.0,1.0,0.0,0.0,0.0,0.0,0.0
Tmem251,0.009501095540355024,0.08856750257537103,0.8822739356449067,-26.852952511682386,0.0,0.0,0.0,0.0
Ubr7,0.2615722360139493,1.0,1.0,0.0,0.0,0.0,0.0,0.0
Btbd7,1.0,1.0,1.0,0.0,0.0,0.0,0.0,0.0
Asb2,1.0,1.0,1.0,0.0,0.0,0.0,0.0,0.0
Otub2,1.0,1.0,1.0,0.0,0.0,0.0,0.0,0.0
Ddx24,0.07279428129745302,0.6098397785958921,1.0,-28.355890812846276,-0.30319899074694573,0.27490137433790307,0.33593880497607,0.27311530743565277
Ifi27,1.0,1.0,1.0,0.0,0.0,0.0,0.0,0.0
Ifi27l2a,0.47495853988950676,0.47495853988950676,0.47495853988950676,0.0,0.0,0.0,0.0,0.0
Ifi27l2b,1.0,1.0,1.0,0.0,0.0,0.0,0.0,0.0
Ppp4r4,1.0,1.0,1.0,0.0,0.0,0.0,0.0,0.0
Serpina3c,1.0,1.0,1.0,0.0,0.0,0.0,0.0,0.0
Serpina3f,3.5291394948257277e-05,0.0001720247930818143,0.0007335473709934008,-29.63709584160799,-29.17749622412991,-28.720276599871195,0.6071577767568139,0.0
Serpina3g,3.5291394948257277e-05,3.5291394948257277e-05,0.0001720247930818143,-29.744983094616895,-29.531702662712906,-29.216536126671325,0.7761190152116599,0.0
Serpina3i,1.0,1.0,1.0,0.0,0.0,0.0,0.0,0.0
Serpina3m,1.0,1.0,1.0,0.0,0.0,0.0,0.0,0.0
Serpina3n,1.0,1.0,1.0,0.0,0.0,0.0,0.0,0.0
Dicer1,1.0,1.0,1.0,0.0,0.0,0.0,0.0,0.0
Clmn,1.0,1.0,1.0,0.0,0.0,0.0,0.0,0.0
Gm28875,1.0,1.0,1.0,0.0,0.0,0.0,0.0,0.0
Syne3,1.0,1.0,1.0,0.0,0.0,0.0,0.0,0.0
Snhg10,1.0,1.0,1.0,0.0,0.0,0.0,0.0,0.0
Glrx5,0.2615722360139493,0.2615722360139493,1.0,0.0,0.0,0.0,0.0,0.0
D430019H16Rik,1.0,1.0,1.0,0.0,0.0,0.0,0.0,0.0
Bdkrb2,1.0,1.0,1.0,0.0,0.0,0.0,0.0,0.0
Bdkrb1,1.0,1.0,1.0,0.0,0.0,0.0,0.0,0.0
Atg2b,1.0,1.0,1.0,0.0,0.0,0.0,0.0,0.0
Gskip,1.0,1.0,1.0,0.0,0.0,0.0,0.0,0.0
Ak7,1.0,1.0,1.0,0.0,0.0,0.0,0.0,0.0
Papola,0.017025100617029044,0.191007279352083,0.777175844177794,-28.315081443394092,-28.2016682025818,-1.0581902794324891,0.31015366437874664,0.0
Vrk1,1.0,1.0,1.0,0.0,0.0,0.0,0.0,0.0
Gm46378,1.0,1.0,1.0,0.0,0.0,0.0,0.0,0.0
Bcl11b,1.0,1.0,1.0,0.0,0.0,0.0,0.0,0.0
Setd3,1.0,1.0,1.0,0.0,0.0,0.0,0.0,0.0
Ccnk,1.0,1.0,1.0,0.0,0.0,0.0,0.0,0.0
Ccdc85c,1.0,1.0,1.0,0.0,0.0,0.0,0.0,0.0
Hhipl1,1.0,1.0,1.0,0.0,0.0,0.0,0.0,0.0
Eml1,1.0,1.0,1.0,0.0,0.0,0.0,0.0,0.0
Evl,1.0,1.0,1.0,0.0,0.0,0.0,0.0,0.0
Degs2,1.0,1.0,1.0,0.0,0.0,0.0,0.0,0.0
Yy1,0.029867793297539916,0.2615722360139493,1.0,0.0,0.0,0.0,0.0,0.0
Slc25a29,1.0,1.0,1.0,0.0,0.0,0.0,0.0,0.0
Slc25a47,1.0,1.0,1.0,0.0,0.0,0.0,0.0,0.0
Wars,0.2615722360139493,1.0,1.0,0.0,0.0,0.0,0.0,0.0
Wdr25,1.0,1.0,1.0,0.0,0.0,0.0,0.0,0.0
Begain,1.0,1.0,1.0,0.0,0.0,0.0,0.0,0.0
Dlk1,1.0,1.0,1.0,0.0,0.0,0.0,0.0,0.0
Meg3,1.0,1.0,1.0,0.0,0.0,0.0,0.0,0.0
Rian,1.0,1.0,1.0,0.0,0.0,0.0,0.0,0.0
B830012L14Rik,1.0,1.0,1.0,0.0,0.0,0.0,0.0,0.0
Mirg,1.0,1.0,1.0,0.0,0.0,0.0,0.0,0.0
Dio3os,1.0,1.0,1.0,0.0,0.0,0.0,0.0,0.0
Ppp2r5c,0.08856750257537103,0.2615722360139493,1.0,0.0,0.0,0.0,0.0,0.0
Gm19605,1.0,1.0,1.0,0.0,0.0,0.0,0.0,0.0
B930059L03Rik,1.0,1.0,1.0,0.0,0.0,0.0,0.0,0.0
Dync1h1,1.0,1.0,1.0,0.0,0.0,0.0,0.0,0.0
Gm17111,1.0,1.0,1.0,0.0,0.0,0.0,0.0,0.0
Hsp90aa1,0.00047630388187663733,0.0073033261887751055,0.06909581646423751,0.1463317780287122,0.28876741467817413,0.44269454103801065,0.5850645996119085,0.7127681230582303
Wdr20,1.0,1.0,1.0,0.0,0.0,0.0,0.0,0.0
Mok,1.0,1.0,1.0,0.0,0.0,0.0,0.0,0.0
Gm26912,1.0,1.0,1.0,0.0,0.0,0.0,0.0,0.0
Zfp839,1.0,1.0,1.0,0.0,0.0,0.0,0.0,0.0
Cinp,0.2615722360139493,1.0,1.0,0.0,0.0,0.0,0.0,0.0
Tecpr2,1.0,1.0,1.0,0.0,0.0,0.0,0.0,0.0
Ankrd9,1.0,1.0,1.0,0.0,0.0,0.0,0.0,0.0
Rcor1,1.0,1.0,1.0,0.0,0.0,0.0,0.0,0.0
Traf3,0.2615722360139493,1.0,1.0,0.0,0.0,0.0,0.0,0.0
Amn,1.0,1.0,1.0,0.0,0.0,0.0,0.0,0.0
Cdc42bpb,1.0,1.0,1.0,0.0,0.0,0.0,0.0,0.0
Exoc3l4,1.0,1.0,1.0,0.0,0.0,0.0,0.0,0.0
Gm10425,1.0,1.0,1.0,0.0,0.0,0.0,0.0,0.0
Tnfaip2,1.0,1.0,1.0,0.0,0.0,0.0,0.0,0.0
Eif5,1.5876796062554575e-05,0.00030165912518853697,0.004131142335476669,0.24193833338787576,0.32848576187862766,0.4196118437004884,0.9443962990064046,1.183704778273564
2810029C07Rik,1.0,1.0,1.0,0.0,0.0,0.0,0.0,0.0
Mark3,0.08856750257537103,0.2615722360139493,1.0,0.0,0.0,0.0,0.0,0.0
Gm48286,1.0,1.0,1.0,0.0,0.0,0.0,0.0,0.0
Ckb,1.0,1.0,1.0,0.0,0.0,0.0,0.0,0.0
Trmt61a,1.0,1.0,1.0,0.0,0.0,0.0,0.0,0.0
Bag5,1.0,1.0,1.0,0.0,0.0,0.0,0.0,0.0
Apopt1,1.0,1.0,1.0,0.0,0.0,0.0,0.0,0.0
Klc1,1.0,1.0,1.0,0.0,0.0,0.0,0.0,0.0
Xrcc3,1.0,1.0,1.0,0.0,0.0,0.0,0.0,0.0
Zfyve21,1.0,1.0,1.0,0.0,0.0,0.0,0.0,0.0
Ppp1r13b,1.0,1.0,1.0,0.0,0.0,0.0,0.0,0.0
5033406O09Rik,1.0,1.0,1.0,0.0,0.0,0.0,0.0,0.0
Atp5mpl,0.005493371437643883,0.08249583234103358,0.34314519329999205,-0.33927006527755277,-0.20849202929493998,-0.10266986596551782,0.7221337169132027,0.6266350187110312
Tdrd9,1.0,1.0,1.0,0.0,0.0,0.0,0.0,0.0
Aspg,1.0,1.0,1.0,0.0,0.0,0.0,0.0,0.0
Kif26a,1.0,1.0,1.0,0.0,0.0,0.0,0.0,0.0
Inf2,1.0,1.0,1.0,0.0,0.0,0.0,0.0,0.0
Adssl1,0.009501095540355024,0.08856750257537103,0.08856750257537103,-26.849513079207522,0.0,0.0,0.0,0.0
Siva1,0.2615722360139493,1.0,1.0,0.0,0.0,0.0,0.0,0.0
Akt1,1.0,1.0,1.0,0.0,0.0,0.0,0.0,0.0
Zbtb42,1.0,1.0,1.0,0.0,0.0,0.0,0.0,0.0
Cep170b,1.0,1.0,1.0,0.0,0.0,0.0,0.0,0.0
Pld4,1.0,1.0,1.0,0.0,0.0,0.0,0.0,0.0
Ahnak2,1.0,1.0,1.0,0.0,0.0,0.0,0.0,0.0
Clba1,1.0,1.0,1.0,0.0,0.0,0.0,0.0,0.0
Cdca4,1.0,1.0,1.0,0.0,0.0,0.0,0.0,0.0
Gpr132,1.0,1.0,1.0,0.0,0.0,0.0,0.0,0.0
Jag2,1.0,1.0,1.0,0.0,0.0,0.0,0.0,0.0
Nudt14,1.0,1.0,1.0,0.0,0.0,0.0,0.0,0.0
Brf1,1.0,1.0,1.0,0.0,0.0,0.0,0.0,0.0
Btbd6,1.0,1.0,1.0,0.0,0.0,0.0,0.0,0.0
Pacs2,1.0,1.0,1.0,0.0,0.0,0.0,0.0,0.0
Mta1,1.0,1.0,1.0,0.0,0.0,0.0,0.0,0.0
Crip2,1.0,1.0,1.0,0.0,0.0,0.0,0.0,0.0
Crip1,1.5876796062554575e-05,1.5876796062554575e-05,1.5876796062554575e-05,1.223203601274775,1.333160513602492,1.4573699101991018,0.790409179318003,1.9885252962807851
Tedc1,1.0,1.0,1.0,0.0,0.0,0.0,0.0,0.0
Tmem121,1.0,1.0,1.0,0.0,0.0,0.0,0.0,0.0
Igha,0.00030165912518853697,0.00298483765976026,0.03142017940779551,-0.03525787469938486,-0.025424130373720634,-0.014671274889760257,7.037627555646079,6.913781412330334
Ighg2c,0.029867793297539916,0.08856750257537103,0.2615722360139493,0.0,0.0,0.0,0.0,0.0
Ighg2b,0.009501095540355024,0.029867793297539916,0.08856750257537103,-27.18790419652902,0.0,0.0,0.0,0.0
Ighg1,1.0,1.0,1.0,0.0,0.0,0.0,0.0,0.0
Ighg3,1.0,1.0,1.0,0.0,0.0,0.0,0.0,0.0
Ighd,1.0,1.0,1.0,0.0,0.0,0.0,0.0,0.0
Ighm,1.0,1.0,1.0,0.0,0.0,0.0,0.0,0.0
Ighj4,1.0,1.0,1.0,0.0,0.0,0.0,0.0,0.0
Ighj2,1.0,1.0,1.0,0.0,0.0,0.0,0.0,0.0
Ighv5-1,1.0,1.0,1.0,0.0,0.0,0.0,0.0,0.0
Ighv2-2,1.0,1.0,1.0,0.0,0.0,0.0,0.0,0.0
Ighv5-4,1.0,1.0,1.0,0.0,0.0,0.0,0.0,0.0
Ighv2-3,1.0,1.0,1.0,0.0,0.0,0.0,0.0,0.0
Ighv5-6,1.0,1.0,1.0,0.0,0.0,0.0,0.0,0.0
Ighv2-4,1.0,1.0,1.0,0.0,0.0,0.0,0.0,0.0
Ighv5-9,1.0,1.0,1.0,0.0,0.0,0.0,0.0,0.0
Ighv2-5,1.0,1.0,1.0,0.0,0.0,0.0,0.0,0.0
Ighv5-12,1.0,1.0,1.0,0.0,0.0,0.0,0.0,0.0
Ighv2-6,1.0,1.0,1.0,0.0,0.0,0.0,0.0,0.0
Ighv5-9-1,1.0,1.0,1.0,0.0,0.0,0.0,0.0,0.0
Ighv2-9-1,1.0,1.0,1.0,0.0,0.0,0.0,0.0,0.0
Ighv2-6-8,1.0,1.0,1.0,0.0,0.0,0.0,0.0,0.0
Ighv5-17,1.0,1.0,1.0,0.0,0.0,0.0,0.0,0.0
Ighv2-9,1.0,1.0,1.0,0.0,0.0,0.0,0.0,0.0
Ighv7-1,1.0,1.0,1.0,0.0,0.0,0.0,0.0,0.0
Ighv4-1,1.0,1.0,1.0,0.0,0.0,0.0,0.0,0.0
Ighv3-1,0.2615722360139493,1.0,1.0,0.0,0.0,0.0,0.0,0.0
Ighv11-1,1.0,1.0,1.0,0.0,0.0,0.0,0.0,0.0
Ighv14-2,1.0,1.0,1.0,0.0,0.0,0.0,0.0,0.0
Ighv4-2,1.0,1.0,1.0,0.0,0.0,0.0,0.0,0.0
Ighv3-2,0.2615722360139493,1.0,1.0,0.0,0.0,0.0,0.0,0.0
Ighv11-2,1.0,1.0,1.0,0.0,0.0,0.0,0.0,0.0
Ighv14-3,1.0,1.0,1.0,0.0,0.0,0.0,0.0,0.0
Ighv9-1,1.0,1.0,1.0,0.0,0.0,0.0,0.0,0.0
Ighv9-2,1.0,1.0,1.0,0.0,0.0,0.0,0.0,0.0
Ighv9-3,1.0,1.0,1.0,0.0,0.0,0.0,0.0,0.0
Ighv3-6,1.0,1.0,1.0,0.0,0.0,0.0,0.0,0.0
Ighv9-4,1.0,1.0,1.0,0.0,0.0,0.0,0.0,0.0
Ighv3-8,1.0,1.0,1.0,0.0,0.0,0.0,0.0,0.0
Ighv6-3,1.0,1.0,1.0,0.0,0.0,0.0,0.0,0.0
Ighv6-6,1.0,1.0,1.0,0.0,0.0,0.0,0.0,0.0
Ighv10-1,1.0,1.0,1.0,0.0,0.0,0.0,0.0,0.0
Ighv1-4,1.0,1.0,1.0,0.0,0.0,0.0,0.0,0.0
Ighv10-3,1.0,1.0,1.0,0.0,0.0,0.0,0.0,0.0
Ighv1-9,1.0,1.0,1.0,0.0,0.0,0.0,0.0,0.0
Ighv1-12,1.0,1.0,1.0,0.0,0.0,0.0,0.0,0.0
Ighv1-14,1.0,1.0,1.0,0.0,0.0,0.0,0.0,0.0
Ighv1-18,1.0,1.0,1.0,0.0,0.0,0.0,0.0,0.0
Ighv1-19,1.0,1.0,1.0,0.0,0.0,0.0,0.0,0.0
Ighv1-20,1.0,1.0,1.0,0.0,0.0,0.0,0.0,0.0
Ighv1-21,1.0,1.0,1.0,0.0,0.0,0.0,0.0,0.0
Ighv1-22,1.0,1.0,1.0,0.0,0.0,0.0,0.0,0.0
Ighv1-26,1.0,1.0,1.0,0.0,0.0,0.0,0.0,0.0
Ighv1-31,1.0,1.0,1.0,0.0,0.0,0.0,0.0,0.0
Ighv1-33,1.0,1.0,1.0,0.0,0.0,0.0,0.0,0.0
Ighv1-34,1.0,1.0,1.0,0.0,0.0,0.0,0.0,0.0
Ighv1-37,1.0,1.0,1.0,0.0,0.0,0.0,0.0,0.0
Ighv1-39,1.0,1.0,1.0,0.0,0.0,0.0,0.0,0.0
Ighv1-42,1.0,1.0,1.0,0.0,0.0,0.0,0.0,0.0
Ighv8-5,1.0,1.0,1.0,0.0,0.0,0.0,0.0,0.0
Ighv1-50,1.0,1.0,1.0,0.0,0.0,0.0,0.0,0.0
Ighv1-53,1.0,1.0,1.0,0.0,0.0,0.0,0.0,0.0
Ighv1-54,1.0,1.0,1.0,0.0,0.0,0.0,0.0,0.0
Ighv1-55,1.0,1.0,1.0,0.0,0.0,0.0,0.0,0.0
Ighv1-56,1.0,1.0,1.0,0.0,0.0,0.0,0.0,0.0
Gm30948,1.0,1.0,1.0,0.0,0.0,0.0,0.0,0.0
Ighv8-8,1.0,1.0,1.0,0.0,0.0,0.0,0.0,0.0
Ighv1-59,1.0,1.0,1.0,0.0,0.0,0.0,0.0,0.0
Ighv1-62-3,1.0,1.0,1.0,0.0,0.0,0.0,0.0,0.0
Ighv1-63,1.0,1.0,1.0,0.0,0.0,0.0,0.0,0.0
Ighv1-64,1.0,1.0,1.0,0.0,0.0,0.0,0.0,0.0
Ighv8-11,1.0,1.0,1.0,0.0,0.0,0.0,0.0,0.0
Ighv1-66,1.0,1.0,1.0,0.0,0.0,0.0,0.0,0.0
Ighv1-67,1.0,1.0,1.0,0.0,0.0,0.0,0.0,0.0
Ighv1-69,1.0,1.0,1.0,0.0,0.0,0.0,0.0,0.0
Ighv8-12,1.0,1.0,1.0,0.0,0.0,0.0,0.0,0.0
Ighv1-73,1.0,1.0,1.0,0.0,0.0,0.0,0.0,0.0
Ighv1-74,1.0,1.0,1.0,0.0,0.0,0.0,0.0,0.0
Ighv1-76,1.0,1.0,1.0,0.0,0.0,0.0,0.0,0.0
Ighv1-77,1.0,1.0,1.0,0.0,0.0,0.0,0.0,0.0
Ighv1-78,1.0,1.0,1.0,0.0,0.0,0.0,0.0,0.0
Ighv1-84,1.0,1.0,1.0,0.0,0.0,0.0,0.0,0.0
Ighv1-85,1.0,1.0,1.0,0.0,0.0,0.0,0.0,0.0
Zfp386,1.0,1.0,1.0,0.0,0.0,0.0,0.0,0.0
Vipr2,1.0,1.0,1.0,0.0,0.0,0.0,0.0,0.0
Wdr60,1.0,1.0,1.0,0.0,0.0,0.0,0.0,0.0
Esyt2,1.0,1.0,1.0,0.0,0.0,0.0,0.0,0.0
D430020J02Rik,1.0,1.0,1.0,0.0,0.0,0.0,0.0,0.0
Ncapg2,0.2615722360139493,1.0,1.0,0.0,0.0,0.0,0.0,0.0
Rapgef5,1.0,1.0,1.0,0.0,0.0,0.0,0.0,0.0
Cdca7l,1.0,1.0,1.0,0.0,0.0,0.0,0.0,0.0
Gm49602,1.0,1.0,1.0,0.0,0.0,0.0,0.0,0.0
Sp4,1.0,1.0,1.0,0.0,0.0,0.0,0.0,0.0
Itgb8,1.0,1.0,1.0,0.0,0.0,0.0,0.0,0.0
Macc1,1.0,1.0,1.0,0.0,0.0,0.0,0.0,0.0
Tmem196,1.0,1.0,1.0,0.0,0.0,0.0,0.0,0.0
2810429I04Rik,1.0,1.0,1.0,0.0,0.0,0.0,0.0,0.0
Gdi2,0.00011113757243788204,0.00409621338413908,0.05737874097007224,0.26371824736205524,0.4496053241728598,0.6787774070596773,0.4469997393793713,0.6103089488988654
Tasor2,0.2615722360139493,1.0,1.0,0.0,0.0,0.0,0.0,0.0
Asb13,1.0,1.0,1.0,0.0,0.0,0.0,0.0,0.0
Net1,1.0,1.0,1.0,0.0,0.0,0.0,0.0,0.0
Akr1c14,1.0,1.0,1.0,0.0,0.0,0.0,0.0,0.0
Akr1c13,1.0,1.0,1.0,0.0,0.0,0.0,0.0,0.0
Akr1c19,1.0,1.0,1.0,0.0,0.0,0.0,0.0,0.0
Akr1c12,1.0,1.0,1.0,0.0,0.0,0.0,0.0,0.0
Akr1e1,1.0,1.0,1.0,0.0,0.0,0.0,0.0,0.0
Klf6,0.0007335473709934008,0.009501095540355024,0.1853939469443623,-28.08747662057344,-26.2247910951573,0.0,0.0784239556674695,0.0
Pitrm1,1.0,1.0,1.0,0.0,0.0,0.0,0.0,0.0
Pfkp,0.2615722360139493,1.0,1.0,0.0,0.0,0.0,0.0,0.0
Wdr37,1.0,1.0,1.0,0.0,0.0,0.0,0.0,0.0
Idi1,1.0,1.0,1.0,0.0,0.0,0.0,0.0,0.0
Gtpbp4,0.029867793297539916,0.08856750257537103,0.7670968684102772,0.0,0.0,0.0,0.0,0.0
Larp4b,1.0,1.0,1.0,0.0,0.0,0.0,0.0,0.0
Dip2c,1.0,1.0,1.0,0.0,0.0,0.0,0.0,0.0
Zmynd11,0.0027782440362693196,0.009501095540355024,0.029867793297539916,-28.086037879973592,-27.009590333090237,0.0,0.135112913087217,0.0
Gm47802,1.0,1.0,1.0,0.0,0.0,0.0,0.0,0.0
Gm47405,1.0,1.0,1.0,0.0,0.0,0.0,0.0,0.0
Mtr,1.0,1.0,1.0,0.0,0.0,0.0,0.0,0.0
Actn2,1.0,1.0,1.0,0.0,0.0,0.0,0.0,0.0
Heatr1,1.0,1.0,1.0,0.0,0.0,0.0,0.0,0.0
Lgals8,1.0,1.0,1.0,0.0,0.0,0.0,0.0,0.0
Edaradd,1.0,1.0,1.0,0.0,0.0,0.0,0.0,0.0
Ero1lb,0.08715662938217593,0.15351977021153562,0.15351977021153562,0.0,0.0,0.0,0.0,0.0
Gpr137b,1.0,1.0,1.0,0.0,0.0,0.0,0.0,0.0
Nid1,1.0,1.0,1.0,0.0,0.0,0.0,0.0,0.0
Gm48682,1.0,1.0,1.0,0.0,0.0,0.0,0.0,0.0
Lyst,1.0,1.0,1.0,0.0,0.0,0.0,0.0,0.0
Gng4,1.0,1.0,1.0,0.0,0.0,0.0,0.0,0.0
Gm47882,1.0,1.0,1.0,0.0,0.0,0.0,0.0,0.0
B3galnt2,1.0,1.0,1.0,0.0,0.0,0.0,0.0,0.0
Tbce,1.0,1.0,1.0,0.0,0.0,0.0,0.0,0.0
Ggps1,1.0,1.0,1.0,0.0,0.0,0.0,0.0,0.0
Arid4b,0.18187343315998117,0.7106713660508694,1.0,-28.148302050389503,-1.6875325208260397,27.4149520011211,0.1503907488017895,0.0
Gm48027,1.0,1.0,1.0,0.0,0.0,0.0,0.0,0.0
Mrpl32,0.029867793297539916,0.2615722360139493,1.0,0.0,0.0,0.0,0.0,0.0
Psma2,0.3053901722632373,0.7920774787647853,1.0,-0.16087946028377006,-0.0649002459920626,0.0341888280683542,0.5831655559956164,0.5572281451853645
AW209491,1.0,1.0,1.0,0.0,0.0,0.0,0.0,0.0
Gli3,1.0,1.0,1.0,0.0,0.0,0.0,0.0,0.0
Inhba,1.0,1.0,1.0,0.0,0.0,0.0,0.0,0.0
Sugct,1.0,1.0,1.0,0.0,0.0,0.0,0.0,0.0
Mplkip,0.2615722360139493,1.0,1.0,0.0,0.0,0.0,0.0,0.0
Cdk13,1.0,1.0,1.0,0.0,0.0,0.0,0.0,0.0
Rala,0.005261044593905473,0.12425239792934435,0.7826235030086005,-28.34129722039294,-28.171861689464713,-0.8783283927677615,0.3072261927076095,0.0
Yae1d1,1.0,1.0,1.0,0.0,0.0,0.0,0.0,0.0
Vps41,1.0,1.0,1.0,0.0,0.0,0.0,0.0,0.0
Amph,1.0,1.0,1.0,0.0,0.0,0.0,0.0,0.0
Tcrg-V4,1.0,1.0,1.0,0.0,0.0,0.0,0.0,0.0
Tcrg-V6,1.0,1.0,1.0,0.0,0.0,0.0,0.0,0.0
Tcrg-V5,1.0,1.0,1.0,0.0,0.0,0.0,0.0,0.0
Tcrg-C1,1.0,1.0,1.0,0.0,0.0,0.0,0.0,0.0
Tcrg-V3,1.0,1.0,1.0,0.0,0.0,0.0,0.0,0.0
Tcrg-C3,1.0,1.0,1.0,0.0,0.0,0.0,0.0,0.0
Tcrg-C2,1.0,1.0,1.0,0.0,0.0,0.0,0.0,0.0
Trgv2,1.0,1.0,1.0,0.0,0.0,0.0,0.0,0.0
Tcrg-C4,1.0,1.0,1.0,0.0,0.0,0.0,0.0,0.0
Stard3nl,0.47495853988950676,1.0,1.0,0.0,0.0,0.0,0.0,0.0
Epdr1,1.0,1.0,1.0,0.0,0.0,0.0,0.0,0.0
Sfrp4,1.0,1.0,1.0,0.0,0.0,0.0,0.0,0.0
Gpr141b,1.0,1.0,1.0,0.0,0.0,0.0,0.0,0.0
Gpr141,1.0,1.0,1.0,0.0,0.0,0.0,0.0,0.0
Elmo1,1.0,1.0,1.0,0.0,0.0,0.0,0.0,0.0
Gm32036,1.0,1.0,1.0,0.0,0.0,0.0,0.0,0.0
Gm47664,1.0,1.0,1.0,0.0,0.0,0.0,0.0,0.0
Aoah,1.0,1.0,1.0,0.0,0.0,0.0,0.0,0.0
Olfr1369-ps1,1.0,1.0,1.0,0.0,0.0,0.0,0.0,0.0
Trim27,0.08856750257537103,0.2615722360139493,1.0,0.0,0.0,0.0,0.0,0.0
Zscan12,1.0,1.0,1.0,0.0,0.0,0.0,0.0,0.0
Zkscan3,1.0,1.0,1.0,0.0,0.0,0.0,0.0,0.0
Zscan26,1.0,1.0,1.0,0.0,0.0,0.0,0.0,0.0
Nkapl,1.0,1.0,1.0,0.0,0.0,0.0,0.0,0.0
Gm11273,1.0,1.0,1.0,0.0,0.0,0.0,0.0,0.0
Zkscan8,1.0,1.0,1.0,0.0,0.0,0.0,0.0,0.0
Olfr1535,1.0,1.0,1.0,0.0,0.0,0.0,0.0,0.0
Hist1h2bl,1.0,1.0,1.0,0.0,0.0,0.0,0.0,0.0
Hist1h2ai,1.0,1.0,1.0,0.0,0.0,0.0,0.0,0.0
Hist1h2bm,1.0,1.0,1.0,0.0,0.0,0.0,0.0,0.0
Hist1h4j,1.0,1.0,1.0,0.0,0.0,0.0,0.0,0.0
Hist1h4k,1.0,1.0,1.0,0.0,0.0,0.0,0.0,0.0
Hist1h2ak,1.0,1.0,1.0,0.0,0.0,0.0,0.0,0.0
Hist1h2bn,1.0,1.0,1.0,0.0,0.0,0.0,0.0,0.0
Hist1h1b,1.0,1.0,1.0,0.0,0.0,0.0,0.0,0.0
Hist1h3i,1.0,1.0,1.0,0.0,0.0,0.0,0.0,0.0
Hist1h2an,1.0,1.0,1.0,0.0,0.0,0.0,0.0,0.0
Hist1h2bp,1.0,1.0,1.0,0.0,0.0,0.0,0.0,0.0
Hist1h2ao,1.0,1.0,1.0,0.0,0.0,0.0,0.0,0.0
Hist1h4n,1.0,1.0,1.0,0.0,0.0,0.0,0.0,0.0
Hist1h2ap,1.0,1.0,1.0,0.0,0.0,0.0,0.0,0.0
Hist1h2br,1.0,1.0,1.0,0.0,0.0,0.0,0.0,0.0
Zfp184,1.0,1.0,1.0,0.0,0.0,0.0,0.0,0.0
Prss16,1.0,1.0,1.0,0.0,0.0,0.0,0.0,0.0
Hist1h4i,1.0,1.0,1.0,0.0,0.0,0.0,0.0,0.0
Hist1h2ag,1.0,1.0,1.0,0.0,0.0,0.0,0.0,0.0
Hist1h2bj,1.0,1.0,1.0,0.0,0.0,0.0,0.0,0.0
Zfp322a,1.0,1.0,1.0,0.0,0.0,0.0,0.0,0.0
Abt1,1.0,1.0,1.0,0.0,0.0,0.0,0.0,0.0
C230035I16Rik,1.0,1.0,1.0,0.0,0.0,0.0,0.0,0.0
Gm46404,1.0,1.0,1.0,0.0,0.0,0.0,0.0,0.0
Hist1h4h,1.0,1.0,1.0,0.0,0.0,0.0,0.0,0.0
Hist1h2af,1.0,1.0,1.0,0.0,0.0,0.0,0.0,0.0
Hist1h3g,1.0,1.0,1.0,0.0,0.0,0.0,0.0,0.0
Hist1h2bh,1.0,1.0,1.0,0.0,0.0,0.0,0.0,0.0
Hist1h3f,1.0,1.0,1.0,0.0,0.0,0.0,0.0,0.0
Hist1h1d,0.2615722360139493,1.0,1.0,0.0,0.0,0.0,0.0,0.0
Hist1h3e,1.0,1.0,1.0,0.0,0.0,0.0,0.0,0.0
Hist1h2ae,1.0,1.0,1.0,0.0,0.0,0.0,0.0,0.0
Hist1h2bg,1.0,1.0,1.0,0.0,0.0,0.0,0.0,0.0
Hist1h2bf,1.0,1.0,1.0,0.0,0.0,0.0,0.0,0.0
Hist1h2ad,1.0,1.0,1.0,0.0,0.0,0.0,0.0,0.0
Hist1h3d,1.0,1.0,1.0,0.0,0.0,0.0,0.0,0.0
Hist1h4d,1.0,1.0,1.0,0.0,0.0,0.0,0.0,0.0
Hist1h2be,1.0,1.0,1.0,0.0,0.0,0.0,0.0,0.0
Hist1h1e,0.028688810319848834,0.1853939469443623,0.7847708685792658,-27.6972345231474,0.0,0.0,0.0,0.0
Hist1h2ac,1.0,1.0,1.0,0.0,0.0,0.0,0.0,0.0
Hist1h2bc,0.004011430556544232,0.030173926796862066,0.18843831738758876,0.5985270056588177,2.0787513096725263,28.876891309016205,0.10515141407654338,0.45874580699589096
Hist1h4c,1.0,1.0,1.0,0.0,0.0,0.0,0.0,0.0
Hfe,1.0,1.0,1.0,0.0,0.0,0.0,0.0,0.0
Hist1h1c,0.15631459871397954,0.6238787012780821,1.0,-0.4918371718265469,-0.2549738306134761,0.01707990117872372,0.8519617755167985,0.7127496063620502
Hist1h3c,1.0,1.0,1.0,0.0,0.0,0.0,0.0,0.0
Hist1h2bb,1.0,1.0,1.0,0.0,0.0,0.0,0.0,0.0
Hist1h2ab,1.0,1.0,1.0,0.0,0.0,0.0,0.0,0.0
Hist1h4b,1.0,1.0,1.0,0.0,0.0,0.0,0.0,0.0
Hist1h4a,1.0,1.0,1.0,0.0,0.0,0.0,0.0,0.0
Hist1h3a,1.0,1.0,1.0,0.0,0.0,0.0,0.0,0.0
Hist1h1a,1.0,1.0,1.0,0.0,0.0,0.0,0.0,0.0
Slc17a4,1.0,1.0,1.0,0.0,0.0,0.0,0.0,0.0
Carmil1,1.0,1.0,1.0,0.0,0.0,0.0,0.0,0.0
Cmah,0.027831748982697545,0.2630889109848705,0.910105580693816,-0.39496797951977763,-0.20741336893138312,0.018658355441246843,0.5006332002824742,0.4344333422893535
Gm11342,1.0,1.0,1.0,0.0,0.0,0.0,0.0,0.0
Ripor2,0.47495853988950676,1.0,1.0,0.0,0.0,0.0,0.0,0.0
Gmnn,1.0,1.0,1.0,0.0,0.0,0.0,0.0,0.0
BC005537,0.0978412151825437,0.4198490637342591,0.8822739356449067,0.0,0.0,0.0,0.0,0.0
Acot13,0.2615722360139493,1.0,1.0,0.0,0.0,0.0,0.0,0.0
Tdp2,1.0,1.0,1.0,0.0,0.0,0.0,0.0,0.0
Aldh5a1,1.0,1.0,1.0,0.0,0.0,0.0,0.0,0.0
9330162012Rik,1.0,1.0,1.0,0.0,0.0,0.0,0.0,0.0
Gpld1,1.0,1.0,1.0,0.0,0.0,0.0,0.0,0.0
Mrs2,1.0,1.0,1.0,0.0,0.0,0.0,0.0,0.0
Gm11361,1.0,1.0,1.0,0.0,0.0,0.0,0.0,0.0
Gm40841,1.0,1.0,1.0,0.0,0.0,0.0,0.0,0.0
2610307P16Rik,1.0,1.0,1.0,0.0,0.0,0.0,0.0,0.0
Sox4,1.0,1.0,1.0,0.0,0.0,0.0,0.0,0.0
Cdkal1,1.0,1.0,1.0,0.0,0.0,0.0,0.0,0.0
E2f3,1.0,1.0,1.0,0.0,0.0,0.0,0.0,0.0
Mboat1,1.0,1.0,1.0,0.0,0.0,0.0,0.0,0.0
Agtr1a,1.0,1.0,1.0,0.0,0.0,0.0,0.0,0.0
Uqcrfs1,0.20233711482991645,0.7855571560139146,1.0,-0.9751645465082183,0.0487819252513197,0.20774785168743706,0.3550782202180405,0.369459960876129
Dusp22,0.2615722360139493,0.2615722360139493,1.0,0.0,0.0,0.0,0.0,0.0
Irf4,6.0342433300663835e-05,0.0006834348667358277,0.007908408476331306,-28.891243246372813,-28.68692621395349,-28.431378129931787,0.43214080446119424,0.0
Exoc2,1.0,1.0,1.0,0.0,0.0,0.0,0.0,0.0
Hus1b,1.0,1.0,1.0,0.0,0.0,0.0,0.0,0.0
Foxq1,1.0,1.0,1.0,0.0,0.0,0.0,0.0,0.0
Foxf2,1.0,1.0,1.0,0.0,0.0,0.0,0.0,0.0
Foxc1,1.0,1.0,1.0,0.0,0.0,0.0,0.0,0.0
Gmds,0.2615722360139493,1.0,1.0,0.0,0.0,0.0,0.0,0.0
Wrnip1,1.0,1.0,1.0,0.0,0.0,0.0,0.0,0.0
Serpinb1a,1.0,1.0,1.0,0.0,0.0,0.0,0.0,0.0
Serpinb6b,1.0,1.0,1.0,0.0,0.0,0.0,0.0,0.0
Gm47662,1.0,1.0,1.0,0.0,0.0,0.0,0.0,0.0
Serpinb9,1.0,1.0,1.0,0.0,0.0,0.0,0.0,0.0
Serpinb1b,1.0,1.0,1.0,0.0,0.0,0.0,0.0,0.0
Serpinb6a,1.0,1.0,1.0,0.0,0.0,0.0,0.0,0.0
1110046J04Rik,1.0,1.0,1.0,0.0,0.0,0.0,0.0,0.0
Nqo2,1.0,1.0,1.0,0.0,0.0,0.0,0.0,0.0
Ripk1,1.0,1.0,1.0,0.0,0.0,0.0,0.0,0.0
Bphl,1.0,1.0,1.0,0.0,0.0,0.0,0.0,0.0
Tubb2a,0.2615722360139493,1.0,1.0,0.0,0.0,0.0,0.0,0.0
Tubb2b,0.08139639168536844,0.531643923280555,1.0,-28.393152776574706,-0.21673242378931595,0.26733994713731957,0.3619797284739345,0.31586320632087217
Psmg4,0.0001720247930818143,0.002778685068188869,0.029254565586406815,-28.212751669544964,-28.052236352592065,-26.96853226802924,0.2783329265384845,0.0
Slc22a23,1.0,1.0,1.0,0.0,0.0,0.0,0.0,0.0
Pxdc1,1.0,1.0,1.0,0.0,0.0,0.0,0.0,0.0
Gm36839,1.0,1.0,1.0,0.0,0.0,0.0,0.0,0.0
Prpf4b,0.010859822858944577,0.11101737175263846,0.510389509872085,0.14894409209136497,0.3332681314930308,0.5479181137183158,0.36045004996518104,0.4536781691561369
Eci2,1.0,1.0,1.0,0.0,0.0,0.0,0.0,0.0
Cdyl,1.0,1.0,1.0,0.0,0.0,0.0,0.0,0.0
Rpp40,1.0,1.0,1.0,0.0,0.0,0.0,0.0,0.0
Lyrm4,1.0,1.0,1.0,0.0,0.0,0.0,0.0,0.0
Fars2,1.0,1.0,1.0,0.0,0.0,0.0,0.0,0.0
Nrn1,1.0,1.0,1.0,0.0,0.0,0.0,0.0,0.0
F13a1,1.0,1.0,1.0,0.0,0.0,0.0,0.0,0.0
Ly86,1.0,1.0,1.0,0.0,0.0,0.0,0.0,0.0
Lncbate6,1.0,1.0,1.0,0.0,0.0,0.0,0.0,0.0
Gm47754,1.0,1.0,1.0,0.0,0.0,0.0,0.0,0.0
AI463229,1.0,1.0,1.0,0.0,0.0,0.0,0.0,0.0
Rreb1,1.0,1.0,1.0,0.0,0.0,0.0,0.0,0.0
Ssr1,0.2082876875446535,0.6784313725490196,1.0,-0.1735187815276086,0.0769258087116024,0.27812091474046946,0.4893401531987825,0.5169297182505898
Cage1,1.0,1.0,1.0,0.0,0.0,0.0,0.0,0.0
Riok1,1.0,1.0,1.0,0.0,0.0,0.0,0.0,0.0
Dsp,1.0,1.0,1.0,0.0,0.0,0.0,0.0,0.0
Snrnp48,0.2615722360139493,1.0,1.0,0.0,0.0,0.0,0.0,0.0
Bmp6,1.0,1.0,1.0,0.0,0.0,0.0,0.0,0.0
Txndc5,1.5876796062554575e-05,1.5876796062554575e-05,1.5876796062554575e-05,-0.4549720984581743,-0.42204992420917975,-0.3780298935068369,2.65493244958577,1.9795955791986874
Gm31834,1.0,1.0,1.0,0.0,0.0,0.0,0.0,0.0
Gm40922,1.0,1.0,1.0,0.0,0.0,0.0,0.0,0.0
Bloc1s5,1.0,1.0,1.0,0.0,0.0,0.0,0.0,0.0
Eef1e1,1.0,1.0,1.0,0.0,0.0,0.0,0.0,0.0
Slc35b3,1.0,1.0,1.0,0.0,0.0,0.0,0.0,0.0
Gcnt2,1.0,1.0,1.0,0.0,0.0,0.0,0.0,0.0
Gm31683,1.0,1.0,1.0,0.0,0.0,0.0,0.0,0.0
Pak1ip1,0.2615722360139493,1.0,1.0,0.0,0.0,0.0,0.0,0.0
Tmem14c,0.029867793297539916,0.08856750257537103,1.0,0.0,0.0,0.0,0.0,0.0
Smim13,1.0,1.0,1.0,0.0,0.0,0.0,0.0,0.0
Nedd9,1.0,1.0,1.0,0.0,0.0,0.0,0.0,0.0
Gm32401,1.0,1.0,1.0,0.0,0.0,0.0,0.0,0.0
Tmem170b,1.0,1.0,1.0,0.0,0.0,0.0,0.0,0.0
Adtrp,1.0,1.0,1.0,0.0,0.0,0.0,0.0,0.0
Gm28707,1.0,1.0,1.0,0.0,0.0,0.0,0.0,0.0
Hivep1,0.08856750257537103,0.47495853988950676,1.0,0.0,0.0,0.0,0.0,0.0
Edn1,1.0,1.0,1.0,0.0,0.0,0.0,0.0,0.0
Phactr1,1.0,1.0,1.0,0.0,0.0,0.0,0.0,0.0
Tbc1d7,1.0,1.0,1.0,0.0,0.0,0.0,0.0,0.0
Gfod1,1.0,1.0,1.0,0.0,0.0,0.0,0.0,0.0
Sirt5,1.0,1.0,1.0,0.0,0.0,0.0,0.0,0.0
Nol7,0.0021592442645074223,0.030690745032682595,0.21739868117188874,0.09159347016836444,0.253147668436009,0.4103371259533283,0.433693125404052,0.5159435370975819
Ranbp9,1.0,1.0,1.0,0.0,0.0,0.0,0.0,0.0
Mcur1,1.0,1.0,1.0,0.0,0.0,0.0,0.0,0.0
Cd83,0.2615722360139493,1.0,1.0,0.0,0.0,0.0,0.0,0.0
Gm33195,1.0,1.0,1.0,0.0,0.0,0.0,0.0,0.0
Gm34084,1.0,1.0,1.0,0.0,0.0,0.0,0.0,0.0
Jarid2,0.2615722360139493,1.0,1.0,0.0,0.0,0.0,0.0,0.0
Dtnbp1,1.0,1.0,1.0,0.0,0.0,0.0,0.0,0.0
Mylip,1.0,1.0,1.0,0.0,0.0,0.0,0.0,0.0
Gmpr,1.0,1.0,1.0,0.0,0.0,0.0,0.0,0.0
Atxn1,1.0,1.0,1.0,0.0,0.0,0.0,0.0,0.0
4930453C13Rik,1.0,1.0,1.0,0.0,0.0,0.0,0.0,0.0
5033430I15Rik,1.0,1.0,1.0,0.0,0.0,0.0,0.0,0.0
Stmnd1,1.0,1.0,1.0,0.0,0.0,0.0,0.0,0.0
Rbm24,1.0,1.0,1.0,0.0,0.0,0.0,0.0,0.0
Cap2,1.0,1.0,1.0,0.0,0.0,0.0,0.0,0.0
Fam8a1,1.0,1.0,1.0,0.0,0.0,0.0,0.0,0.0
Nup153,1.0,1.0,1.0,0.0,0.0,0.0,0.0,0.0
Kif13a,1.0,1.0,1.0,0.0,0.0,0.0,0.0,0.0
Nhlrc1,1.0,1.0,1.0,0.0,0.0,0.0,0.0,0.0
Tpmt,1.0,1.0,1.0,0.0,0.0,0.0,0.0,0.0
Kdm1b,1.0,1.0,1.0,0.0,0.0,0.0,0.0,0.0
Dek,1.0,1.0,1.0,0.0,0.0,0.0,0.0,0.0
Rnf144b,1.0,1.0,1.0,0.0,0.0,0.0,0.0,0.0
Id4,1.0,1.0,1.0,0.0,0.0,0.0,0.0,0.0
Zfp169,1.0,1.0,1.0,0.0,0.0,0.0,0.0,0.0
A830005F24Rik,1.0,1.0,1.0,0.0,0.0,0.0,0.0,0.0
6720427I07Rik,1.0,1.0,1.0,0.0,0.0,0.0,0.0,0.0
Ptpdc1,1.0,1.0,1.0,0.0,0.0,0.0,0.0,0.0
Phf2,1.0,1.0,1.0,0.0,0.0,0.0,0.0,0.0
Fam120a,0.2615722360139493,1.0,1.0,0.0,0.0,0.0,0.0,0.0
Wnk2,1.0,1.0,1.0,0.0,0.0,0.0,0.0,0.0
Ninj1,0.08856750257537103,0.2615722360139493,1.0,0.0,0.0,0.0,0.0,0.0
Card19,1.0,1.0,1.0,0.0,0.0,0.0,0.0,0.0
Susd3,1.0,1.0,1.0,0.0,0.0,0.0,0.0,0.0
Fgd3,1.0,1.0,1.0,0.0,0.0,0.0,0.0,0.0
Bicd2,1.0,1.0,1.0,0.0,0.0,0.0,0.0,0.0
Ippk,1.0,1.0,1.0,0.0,0.0,0.0,0.0,0.0
Cenpp,1.0,1.0,1.0,0.0,0.0,0.0,0.0,0.0
Tes3-ps,1.0,1.0,1.0,0.0,0.0,0.0,0.0,0.0
Ecm2,1.0,1.0,1.0,0.0,0.0,0.0,0.0,0.0
Aspn,1.0,1.0,1.0,0.0,0.0,0.0,0.0,0.0
Omd,1.0,1.0,1.0,0.0,0.0,0.0,0.0,0.0
Ogn,1.0,1.0,1.0,0.0,0.0,0.0,0.0,0.0
Nol8,1.0,1.0,1.0,0.0,0.0,0.0,0.0,0.0
Iars,0.2615722360139493,1.0,1.0,0.0,0.0,0.0,0.0,0.0
Fbxw17,1.0,1.0,1.0,0.0,0.0,0.0,0.0,0.0
Spin1,0.2615722360139493,1.0,1.0,0.0,0.0,0.0,0.0,0.0
Nxnl2,1.0,1.0,1.0,0.0,0.0,0.0,0.0,0.0
S1pr3,1.0,1.0,1.0,0.0,0.0,0.0,0.0,0.0
Shc3,1.0,1.0,1.0,0.0,0.0,0.0,0.0,0.0
Cks2,1.0,1.0,1.0,0.0,0.0,0.0,0.0,0.0
Secisbp2,1.0,1.0,1.0,0.0,0.0,0.0,0.0,0.0
Sema4d,1.0,1.0,1.0,0.0,0.0,0.0,0.0,0.0
Gadd45g,1.0,1.0,1.0,0.0,0.0,0.0,0.0,0.0
Syk,0.0978412151825437,0.5098433838583576,0.8822739356449067,-25.788998594762532,0.0,0.0,0.0,0.0
Auh,0.029867793297539916,0.2615722360139493,1.0,0.0,0.0,0.0,0.0,0.0
Nfil3,0.21597378107682447,0.6993022710519221,0.9595657057843286,0.0,0.0,0.0,0.0,0.0
Ror2,1.0,1.0,1.0,0.0,0.0,0.0,0.0,0.0
Sptlc1,1.0,1.0,1.0,0.0,0.0,0.0,0.0,0.0
Sfxn1,0.08856750257537103,0.2615722360139493,0.7670968684102772,0.0,0.0,0.0,0.0,0.0
Hrh2,1.0,1.0,1.0,0.0,0.0,0.0,0.0,0.0
Cplx2,1.0,1.0,1.0,0.0,0.0,0.0,0.0,0.0
Thoc3,1.0,1.0,1.0,0.0,0.0,0.0,0.0,0.0
Simc1,1.0,1.0,1.0,0.0,0.0,0.0,0.0,0.0
4833439L19Rik,1.0,1.0,1.0,0.0,0.0,0.0,0.0,0.0
Arl10,1.0,1.0,1.0,0.0,0.0,0.0,0.0,0.0
Nop16,1.0,1.0,1.0,0.0,0.0,0.0,0.0,0.0
Higd2a,0.0001720247930818143,0.013510160885813135,0.1634828565514361,-28.256140522292903,-28.13799339371693,-27.889562550830338,0.2953792801956585,0.0
Cltb,0.029867793297539916,0.2615722360139493,1.0,0.0,0.0,0.0,0.0,0.0
Faf2,1.0,1.0,1.0,0.0,0.0,0.0,0.0,0.0
Rnf44,1.0,1.0,1.0,0.0,0.0,0.0,0.0,0.0
Cdhr2,1.0,1.0,1.0,0.0,0.0,0.0,0.0,0.0
Tspan17,1.0,1.0,1.0,0.0,0.0,0.0,0.0,0.0
Unc5a,1.0,1.0,1.0,0.0,0.0,0.0,0.0,0.0
Hk3,1.0,1.0,1.0,0.0,0.0,0.0,0.0,0.0
Uimc1,1.0,1.0,1.0,0.0,0.0,0.0,0.0,0.0
Zfp346,1.0,1.0,1.0,0.0,0.0,0.0,0.0,0.0
Fgfr4,1.0,1.0,1.0,0.0,0.0,0.0,0.0,0.0
Nsd1,0.2615722360139493,1.0,1.0,0.0,0.0,0.0,0.0,0.0
Rab24,0.2615722360139493,1.0,1.0,0.0,0.0,0.0,0.0,0.0
Prelid1,0.03208914718985148,0.33812048081256485,0.9663540806387212,-28.224364934413586,-27.886175981484282,0.0,0.252756976730913,0.0
Mxd3,1.0,1.0,1.0,0.0,0.0,0.0,0.0,0.0
Lman2,0.06909581646423751,0.42686353893784235,0.9699293482575216,-0.047813361874572795,0.07719240125020588,0.2066989472387194,0.7166027836922269,0.7563661052861705
Rgs14,1.0,1.0,1.0,0.0,0.0,0.0,0.0,0.0
Slc34a1,1.0,1.0,1.0,0.0,0.0,0.0,0.0,0.0
Grk6,1.0,1.0,1.0,0.0,0.0,0.0,0.0,0.0
Prr7,1.0,1.0,1.0,0.0,0.0,0.0,0.0,0.0
Dbn1,1.0,1.0,1.0,0.0,0.0,0.0,0.0,0.0
Pdlim7,1.0,1.0,1.0,0.0,0.0,0.0,0.0,0.0
Dok3,1.0,1.0,1.0,0.0,0.0,0.0,0.0,0.0
Ddx41,0.2615722360139493,0.2615722360139493,1.0,0.0,0.0,0.0,0.0,0.0
Fam193b,1.0,1.0,1.0,0.0,0.0,0.0,0.0,0.0
Tmed9,0.009557831229657855,0.09788044772564897,0.3837421608319441,0.0672359376634256,0.1577040688960129,0.24218336240082322,0.8084062684484574,0.8992773977946892
B4galt7,1.0,1.0,1.0,0.0,0.0,0.0,0.0,0.0
Caml,1.0,1.0,1.0,0.0,0.0,0.0,0.0,0.0
Ddx46,0.0006255118296727951,0.012726493233982348,0.12034768721056477,-28.315473690643913,-28.21299365610384,-28.07048965842616,0.3111410914058531,0.0
B230219D22Rik,0.2615722360139493,0.2615722360139493,1.0,0.0,0.0,0.0,0.0,0.0
Txndc15,1.0,1.0,1.0,0.0,0.0,0.0,0.0,0.0
Pcbd2,0.2615722360139493,1.0,1.0,0.0,0.0,0.0,0.0,0.0
Pitx1,1.0,1.0,1.0,0.0,0.0,0.0,0.0,0.0
Gm47071,1.0,1.0,1.0,0.0,0.0,0.0,0.0,0.0
H2afy,3.5291394948257277e-05,0.0017888776467873766,0.028688810319848834,-28.243028493743406,-28.137987130885257,-27.645950605068574,0.295377997938044,0.0
Tifab,1.0,1.0,1.0,0.0,0.0,0.0,0.0,0.0
Cxcl14,1.0,1.0,1.0,0.0,0.0,0.0,0.0,0.0
Tgfbi,1.0,1.0,1.0,0.0,0.0,0.0,0.0,0.0
Smad5,1.0,1.0,1.0,0.0,0.0,0.0,0.0,0.0
Klhl3,1.0,1.0,1.0,0.0,0.0,0.0,0.0,0.0
Hnrnpa0,0.08856750257537103,0.47495853988950676,1.0,0.0,0.0,0.0,0.0,0.0
Idnk,0.0001720247930818143,0.0007335473709934008,0.029867793297539916,-28.220044297838577,-28.061194834561906,-25.788998594762532,0.2800666249697455,0.0
Ubqln1,1.0,1.0,1.0,0.0,0.0,0.0,0.0,0.0
Gm48357,1.0,1.0,1.0,0.0,0.0,0.0,0.0,0.0
Gkap1,1.0,1.0,1.0,0.0,0.0,0.0,0.0,0.0
2210016F16Rik,1.0,1.0,1.0,0.0,0.0,0.0,0.0,0.0
Hnrnpk,0.0015241724220052392,0.03142017940779551,0.3053901722632373,0.058279907758244896,0.2130551481191916,0.4032200856561054,0.463562291528544,0.5373400665615085
Rmi1,1.0,1.0,1.0,0.0,0.0,0.0,0.0,0.0
Slc28a3,1.0,1.0,1.0,0.0,0.0,0.0,0.0,0.0
Agtpbp1,1.0,1.0,1.0,0.0,0.0,0.0,0.0,0.0
Naa35,1.0,1.0,1.0,0.0,0.0,0.0,0.0,0.0
Golm1,1.0,1.0,1.0,0.0,0.0,0.0,0.0,0.0
Isca1,1.0,1.0,1.0,0.0,0.0,0.0,0.0,0.0
Etohd2,1.0,1.0,1.0,0.0,0.0,0.0,0.0,0.0
Tut7,0.2615722360139493,1.0,1.0,0.0,0.0,0.0,0.0,0.0
Gm48194,1.0,1.0,1.0,0.0,0.0,0.0,0.0,0.0
Gm34961,1.0,1.0,1.0,0.0,0.0,0.0,0.0,0.0
Gas1,1.0,1.0,1.0,0.0,0.0,0.0,0.0,0.0
Dapk1,1.0,1.0,1.0,0.0,0.0,0.0,0.0,0.0
4930486L24Rik,1.0,1.0,1.0,0.0,0.0,0.0,0.0,0.0
Ctla2b,1.0,1.0,1.0,0.0,0.0,0.0,0.0,0.0
Ctla2a,1.0,1.0,1.0,0.0,0.0,0.0,0.0,0.0
Zfp808,1.0,1.0,1.0,0.0,0.0,0.0,0.0,0.0
Gm3604,1.0,1.0,1.0,0.0,0.0,0.0,0.0,0.0
Gm49359,1.0,1.0,1.0,0.0,0.0,0.0,0.0,0.0
Zfp934,1.0,1.0,1.0,0.0,0.0,0.0,0.0,0.0
6720489N17Rik,1.0,1.0,1.0,0.0,0.0,0.0,0.0,0.0
Platr25,1.0,1.0,1.0,0.0,0.0,0.0,0.0,0.0
Gm5141,1.0,1.0,1.0,0.0,0.0,0.0,0.0,0.0
Fbp2,1.0,1.0,1.0,0.0,0.0,0.0,0.0,0.0
Fbp1,1.0,1.0,1.0,0.0,0.0,0.0,0.0,0.0
Aopep,0.2615722360139493,1.0,1.0,0.0,0.0,0.0,0.0,0.0
Fancc,1.0,1.0,1.0,0.0,0.0,0.0,0.0,0.0
Ptch1,1.0,1.0,1.0,0.0,0.0,0.0,0.0,0.0
Ercc6l2,1.0,1.0,1.0,0.0,0.0,0.0,0.0,0.0
Slc35d2,1.0,1.0,1.0,0.0,0.0,0.0,0.0,0.0
Zfp367,1.0,1.0,1.0,0.0,0.0,0.0,0.0,0.0
Habp4,1.0,1.0,1.0,0.0,0.0,0.0,0.0,0.0
Cdc14b,0.47495853988950676,1.0,1.0,0.0,0.0,0.0,0.0,0.0
1810034E14Rik,1.0,1.0,1.0,0.0,0.0,0.0,0.0,0.0
Prxl2c,0.2615722360139493,1.0,1.0,0.0,0.0,0.0,0.0,0.0
Ctsl,1.0,1.0,1.0,0.0,0.0,0.0,0.0,0.0
Gm47123,1.0,1.0,1.0,0.0,0.0,0.0,0.0,0.0
Cdk20,1.0,1.0,1.0,0.0,0.0,0.0,0.0,0.0
Mfsd14b,1.0,1.0,1.0,0.0,0.0,0.0,0.0,0.0
Gm36445,1.0,1.0,1.0,0.0,0.0,0.0,0.0,0.0
Zfp369,1.0,1.0,1.0,0.0,0.0,0.0,0.0,0.0
Uqcrb,0.009557831229657855,0.11526553941414623,0.5713582599031516,-0.25270882491968194,-0.1341261807836901,-0.029661518994900084,0.8163217295493066,0.7458482377207732
Gm10767,1.0,1.0,1.0,0.0,0.0,0.0,0.0,0.0
Mterf3,1.0,1.0,1.0,0.0,0.0,0.0,0.0,0.0
Ptdss1,1.0,1.0,1.0,0.0,0.0,0.0,0.0,0.0
Zfp712,1.0,1.0,1.0,0.0,0.0,0.0,0.0,0.0
Gm28557,1.0,1.0,1.0,0.0,0.0,0.0,0.0,0.0
Zfp759,1.0,1.0,1.0,0.0,0.0,0.0,0.0,0.0
Rsl1,1.0,1.0,1.0,0.0,0.0,0.0,0.0,0.0
Zfp455,1.0,1.0,1.0,0.0,0.0,0.0,0.0,0.0
Zfp458,1.0,1.0,1.0,0.0,0.0,0.0,0.0,0.0
Zfp457,1.0,1.0,1.0,0.0,0.0,0.0,0.0,0.0
Zfp595,1.0,1.0,1.0,0.0,0.0,0.0,0.0,0.0
Zfp456,1.0,1.0,1.0,0.0,0.0,0.0,0.0,0.0
Zfp429,1.0,1.0,1.0,0.0,0.0,0.0,0.0,0.0
Zfp459,1.0,1.0,1.0,0.0,0.0,0.0,0.0,0.0
Zfp874a,1.0,1.0,1.0,0.0,0.0,0.0,0.0,0.0
Zfp874b,1.0,1.0,1.0,0.0,0.0,0.0,0.0,0.0
Zfp58,1.0,1.0,1.0,0.0,0.0,0.0,0.0,0.0
Zfp87,0.2615722360139493,1.0,1.0,0.0,0.0,0.0,0.0,0.0
Zfp748,1.0,1.0,1.0,0.0,0.0,0.0,0.0,0.0
9430065F17Rik,1.0,1.0,1.0,0.0,0.0,0.0,0.0,0.0
Zfp729b,1.0,1.0,1.0,0.0,0.0,0.0,0.0,0.0
Zfp729a,1.0,1.0,1.0,0.0,0.0,0.0,0.0,0.0
Zfp738,1.0,1.0,1.0,0.0,0.0,0.0,0.0,0.0
Zfp65,1.0,1.0,1.0,0.0,0.0,0.0,0.0,0.0
Zfp85os,1.0,1.0,1.0,0.0,0.0,0.0,0.0,0.0
Zfp85,1.0,1.0,1.0,0.0,0.0,0.0,0.0,0.0
Zfp493,1.0,1.0,1.0,0.0,0.0,0.0,0.0,0.0
Zfp273,1.0,1.0,1.0,0.0,0.0,0.0,0.0,0.0
Mtrr,1.0,1.0,1.0,0.0,0.0,0.0,0.0,0.0
Fastkd3,1.0,1.0,1.0,0.0,0.0,0.0,0.0,0.0
Adcy2,1.0,1.0,1.0,0.0,0.0,0.0,0.0,0.0
Tent4a,1.0,1.0,1.0,0.0,0.0,0.0,0.0,0.0
Nsun2,1.0,1.0,1.0,0.0,0.0,0.0,0.0,0.0
Srd5a1,1.0,1.0,1.0,0.0,0.0,0.0,0.0,0.0
Gm17108,1.0,1.0,1.0,0.0,0.0,0.0,0.0,0.0
Ube2ql1,1.0,1.0,1.0,0.0,0.0,0.0,0.0,0.0
Med10,1.0,1.0,1.0,0.0,0.0,0.0,0.0,0.0
Ice1,1.0,1.0,1.0,0.0,0.0,0.0,0.0,0.0
Ndufs6,0.08249583234103358,0.3837421608319441,0.9699293482575216,-0.22289199703643986,-0.12039133417088071,0.014718893347445665,0.6624098941041482,0.6081620035847777
Mrpl36,0.0001720247930818143,0.002778685068188869,0.029867793297539916,-28.124486595871907,-27.922611393331206,0.0,0.25441551068055923,0.0
Lpcat1,1.0,1.0,1.0,0.0,0.0,0.0,0.0,0.0
Clptm1l,0.0007144558228149559,0.02524410573946178,0.2702706993728666,-0.30904147364665185,-0.19771517011524914,-0.07847759246430633,0.6659727803296889,0.5779030224490077
Tert,1.0,1.0,1.0,0.0,0.0,0.0,0.0,0.0
Slc12a7,1.0,1.0,1.0,0.0,0.0,0.0,0.0,0.0
Trip13,1.0,1.0,1.0,0.0,0.0,0.0,0.0,0.0
Brd9,1.0,1.0,1.0,0.0,0.0,0.0,0.0,0.0
Gm15912,1.0,1.0,1.0,0.0,0.0,0.0,0.0,0.0
Tppp,1.0,1.0,1.0,0.0,0.0,0.0,0.0,0.0
Cep72,1.0,1.0,1.0,0.0,0.0,0.0,0.0,0.0
Exoc3,0.08856750257537103,0.2615722360139493,1.0,0.0,0.0,0.0,0.0,0.0
Ahrr,1.0,1.0,1.0,0.0,0.0,0.0,0.0,0.0
Pdcd6,0.029867793297539916,0.08856750257537103,0.2615722360139493,0.0,0.0,0.0,0.0,0.0
Sdha,0.2615722360139493,1.0,1.0,0.0,0.0,0.0,0.0,0.0
Ccdc127,0.009501095540355024,0.029867793297539916,0.08856750257537103,-26.915339567064947,0.0,0.0,0.0,0.0
Zfp72,1.0,1.0,1.0,0.0,0.0,0.0,0.0,0.0
Ftl1-ps1,1.0,1.0,1.0,0.0,0.0,0.0,0.0,0.0
Gm47428,1.0,1.0,1.0,0.0,0.0,0.0,0.0,0.0
E430024I08Rik,1.0,1.0,1.0,0.0,0.0,0.0,0.0,0.0
Zfp825,1.0,1.0,1.0,0.0,0.0,0.0,0.0,0.0
Gm47469,1.0,1.0,1.0,0.0,0.0,0.0,0.0,0.0
Gm46430,1.0,1.0,1.0,0.0,0.0,0.0,0.0,0.0
Erap1,0.2615722360139493,1.0,1.0,0.0,0.0,0.0,0.0,0.0
Cast,1.0,1.0,1.0,0.0,0.0,0.0,0.0,0.0
Pcsk1,1.0,1.0,1.0,0.0,0.0,0.0,0.0,0.0
Ell2,0.020131777407319206,0.18134476462649837,0.6784313725490196,-0.2925751737398126,-0.16103986594127728,-0.02906721554574037,0.6534847984223745,0.5877341836198313
Gm48302,1.0,1.0,1.0,0.0,0.0,0.0,0.0,0.0
Glrx,0.004072644078700591,0.05007633845978234,0.33824576848992105,-28.34481464120253,-28.166083825552324,-27.911017942777875,0.3011869200037085,0.0
Rhobtb3,1.0,1.0,1.0,0.0,0.0,0.0,0.0,0.0
Rfesd,1.0,1.0,1.0,0.0,0.0,0.0,0.0,0.0
Arsk,1.0,1.0,1.0,0.0,0.0,0.0,0.0,0.0
Ttc37,1.0,1.0,1.0,0.0,0.0,0.0,0.0,0.0
Mctp1,1.0,1.0,1.0,0.0,0.0,0.0,0.0,0.0
Slf1,1.0,1.0,1.0,0.0,0.0,0.0,0.0,0.0
2210408I21Rik,1.0,1.0,1.0,0.0,0.0,0.0,0.0,0.0
Fam172a,1.0,1.0,1.0,0.0,0.0,0.0,0.0,0.0
Pou5f2,1.0,1.0,1.0,0.0,0.0,0.0,0.0,0.0
Gm38604,1.0,1.0,1.0,0.0,0.0,0.0,0.0,0.0
Nr2f1,1.0,1.0,1.0,0.0,0.0,0.0,0.0,0.0
A830082K12Rik,1.0,1.0,1.0,0.0,0.0,0.0,0.0,0.0
Arrdc3,0.2615722360139493,1.0,1.0,0.0,0.0,0.0,0.0,0.0
1700023H06Rik,1.0,1.0,1.0,0.0,0.0,0.0,0.0,0.0
Adgrv1,1.0,1.0,1.0,0.0,0.0,0.0,0.0,0.0
Lysmd3,0.2615722360139493,1.0,1.0,0.0,0.0,0.0,0.0,0.0
Polr3g,1.0,1.0,1.0,0.0,0.0,0.0,0.0,0.0
Mblac2,1.0,1.0,1.0,0.0,0.0,0.0,0.0,0.0
Gm17259,1.0,1.0,1.0,0.0,0.0,0.0,0.0,0.0
Cetn3,0.08856750257537103,0.2615722360139493,1.0,0.0,0.0,0.0,0.0,0.0
2310067P03Rik,1.0,1.0,1.0,0.0,0.0,0.0,0.0,0.0
Mef2c,0.0015241724220052392,0.020131777407319206,0.11526553941414623,0.08427638567735696,0.19398733844594673,0.2775137464792857,1.226494016478465,1.4038725872883675
Tmem161b,1.0,1.0,1.0,0.0,0.0,0.0,0.0,0.0
Ccnh,0.2615722360139493,1.0,1.0,0.0,0.0,0.0,0.0,0.0
Rasa1,1.0,1.0,1.0,0.0,0.0,0.0,0.0,0.0
Cox7c,0.18134476462649837,0.6238787012780821,1.0,-0.04041499150826736,0.03527129235432937,0.1100123679038796,1.2847688323052702,1.3179061006611137
Edil3,1.0,1.0,1.0,0.0,0.0,0.0,0.0,0.0
Hapln1,1.0,1.0,1.0,0.0,0.0,0.0,0.0,0.0
Vcan,1.0,1.0,1.0,0.0,0.0,0.0,0.0,0.0
Gm4117,1.0,1.0,1.0,0.0,0.0,0.0,0.0,0.0
Xrcc4,1.0,1.0,1.0,0.0,0.0,0.0,0.0,0.0
Tmem167,0.04734460585853775,0.42686353893784235,0.9699293482575216,-0.2619054275928116,-0.09539798913818744,0.07133344887218011,0.746306464607803,0.696072287628959
Rps23,0.08249583234103358,0.34314519329999205,0.910105580693816,-0.05503214368246338,-0.031456145655133355,-0.0032380533605969753,2.5694631309978764,2.514877691217057
Atg10,1.0,1.0,1.0,0.0,0.0,0.0,0.0,0.0
Ssbp2,1.0,1.0,1.0,0.0,0.0,0.0,0.0,0.0
4833422C13Rik,1.0,1.0,1.0,0.0,0.0,0.0,0.0,0.0
Zcchc9,0.2615722360139493,1.0,1.0,0.0,0.0,0.0,0.0,0.0
Rasgrf2,1.0,1.0,1.0,0.0,0.0,0.0,0.0,0.0
Msh3,1.0,1.0,1.0,0.0,0.0,0.0,0.0,0.0
Dhfr,1.0,1.0,1.0,0.0,0.0,0.0,0.0,0.0
Fam151b,1.0,1.0,1.0,0.0,0.0,0.0,0.0,0.0
Zfyve16,1.0,1.0,1.0,0.0,0.0,0.0,0.0,0.0
Serinc5,1.0,1.0,1.0,0.0,0.0,0.0,0.0,0.0
Thbs4,1.0,1.0,1.0,0.0,0.0,0.0,0.0,0.0
Mtx3,1.0,1.0,1.0,0.0,0.0,0.0,0.0,0.0
Cmya5,1.0,1.0,1.0,0.0,0.0,0.0,0.0,0.0
Tent2,1.0,1.0,1.0,0.0,0.0,0.0,0.0,0.0
Homer1,1.0,1.0,1.0,0.0,0.0,0.0,0.0,0.0
Jmy,1.0,1.0,1.0,0.0,0.0,0.0,0.0,0.0
Arsb,1.0,1.0,1.0,0.0,0.0,0.0,0.0,0.0
Lhfpl2,1.0,1.0,1.0,0.0,0.0,0.0,0.0,0.0
Scamp1,1.0,1.0,1.0,0.0,0.0,0.0,0.0,0.0
Gm9776,1.0,1.0,1.0,0.0,0.0,0.0,0.0,0.0
Ap3b1,1.0,1.0,1.0,0.0,0.0,0.0,0.0,0.0
Tbca,0.010836137721840637,0.28918494203631556,0.9677395679735021,-28.228338690290787,-27.97557596558274,-0.3079650188950015,0.27135409118500475,0.0
Wdr41,1.0,1.0,1.0,0.0,0.0,0.0,0.0,0.0
Gm48420,1.0,1.0,1.0,0.0,0.0,0.0,0.0,0.0
Pde8b,1.0,1.0,1.0,0.0,0.0,0.0,0.0,0.0
Zbed3,1.0,1.0,1.0,0.0,0.0,0.0,0.0,0.0
Aggf1,1.0,1.0,1.0,0.0,0.0,0.0,0.0,0.0
F2rl1,1.0,1.0,1.0,0.0,0.0,0.0,0.0,0.0
F2r,1.0,1.0,1.0,0.0,0.0,0.0,0.0,0.0
Iqgap2,1.0,1.0,1.0,0.0,0.0,0.0,0.0,0.0
F2rl2,1.0,1.0,1.0,0.0,0.0,0.0,0.0,0.0
Sv2c,1.0,1.0,1.0,0.0,0.0,0.0,0.0,0.0
Gm20075,1.0,1.0,1.0,0.0,0.0,0.0,0.0,0.0
Poc5,1.0,1.0,1.0,0.0,0.0,0.0,0.0,0.0
Polk,1.0,1.0,1.0,0.0,0.0,0.0,0.0,0.0
Col4a3bp,0.2615722360139493,1.0,1.0,0.0,0.0,0.0,0.0,0.0
Hmgcr,0.029867793297539916,0.08856750257537103,1.0,0.0,0.0,0.0,0.0,0.0
Gcnt4,1.0,1.0,1.0,0.0,0.0,0.0,0.0,0.0
Gm6169,1.0,1.0,1.0,0.0,0.0,0.0,0.0,0.0
Nsa2,0.3827272366436454,0.7920774787647853,1.0,-0.1633332103964786,-0.03782962958602887,0.09047638363106925,0.6498951576914382,0.6324760452222262
Gfm2,1.0,1.0,1.0,0.0,0.0,0.0,0.0,0.0
Hexb,0.2615722360139493,0.2615722360139493,1.0,0.0,0.0,0.0,0.0,0.0
Enc1,1.0,1.0,1.0,0.0,0.0,0.0,0.0,0.0
Gm5086,1.0,1.0,1.0,0.0,0.0,0.0,0.0,0.0
Gm10260,1.0,1.0,1.0,0.0,0.0,0.0,0.0,0.0
Arhgef28,1.0,1.0,1.0,0.0,0.0,0.0,0.0,0.0
Utp15,1.0,1.0,1.0,0.0,0.0,0.0,0.0,0.0
Ankra2,0.2615722360139493,0.2615722360139493,1.0,0.0,0.0,0.0,0.0,0.0
Btf3,0.00030165912518853697,0.012399777724855125,0.13493688973565135,0.08110159582848013,0.15728927934112868,0.23113019865101977,1.0421121857220679,1.1639530497268937
Gm9828,1.0,1.0,1.0,0.0,0.0,0.0,0.0,0.0
Gm10320,1.0,1.0,1.0,0.0,0.0,0.0,0.0,0.0
Tmem171,1.0,1.0,1.0,0.0,0.0,0.0,0.0,0.0
Fcho2,1.0,1.0,1.0,0.0,0.0,0.0,0.0,0.0
D130062J10Rik,1.0,1.0,1.0,0.0,0.0,0.0,0.0,0.0
Tnpo1,1.0,1.0,1.0,0.0,0.0,0.0,0.0,0.0
Zfp366,1.0,1.0,1.0,0.0,0.0,0.0,0.0,0.0
Ptcd2,1.0,1.0,1.0,0.0,0.0,0.0,0.0,0.0
Mrps27,1.0,1.0,1.0,0.0,0.0,0.0,0.0,0.0
Map1b,1.0,1.0,1.0,0.0,0.0,0.0,0.0,0.0
Mccc2,1.0,1.0,1.0,0.0,0.0,0.0,0.0,0.0
Bdp1,0.08856750257537103,0.2615722360139493,1.0,0.0,0.0,0.0,0.0,0.0
Serf1,1.0,1.0,1.0,0.0,0.0,0.0,0.0,0.0
Smn1,1.0,1.0,1.0,0.0,0.0,0.0,0.0,0.0
Naip2,1.0,1.0,1.0,0.0,0.0,0.0,0.0,0.0
Naip5,1.0,1.0,1.0,0.0,0.0,0.0,0.0,0.0
Naip6,1.0,1.0,1.0,0.0,0.0,0.0,0.0,0.0
Naip1,1.0,1.0,1.0,0.0,0.0,0.0,0.0,0.0
Gtf2h2,1.0,1.0,1.0,0.0,0.0,0.0,0.0,0.0
Ocln,1.0,1.0,1.0,0.0,0.0,0.0,0.0,0.0
Marveld2,1.0,1.0,1.0,0.0,0.0,0.0,0.0,0.0
Rad17,1.0,1.0,1.0,0.0,0.0,0.0,0.0,0.0
Ak6,1.0,1.0,1.0,0.0,0.0,0.0,0.0,0.0
Ccdc125,1.0,1.0,1.0,0.0,0.0,0.0,0.0,0.0
Cdk7,1.0,1.0,1.0,0.0,0.0,0.0,0.0,0.0
Mrps36,0.08856750257537103,0.08856750257537103,0.2615722360139493,0.0,0.0,0.0,0.0,0.0
Cenph,1.0,1.0,1.0,0.0,0.0,0.0,0.0,0.0
Ccnb1,1.0,1.0,1.0,0.0,0.0,0.0,0.0,0.0
Slc30a5,0.2615722360139493,1.0,1.0,0.0,0.0,0.0,0.0,0.0
Pik3r1,1.0,1.0,1.0,0.0,0.0,0.0,0.0,0.0
Cd180,1.0,1.0,1.0,0.0,0.0,0.0,0.0,0.0
Mast4,0.0015241724220052392,0.02524410573946178,0.18134476462649837,0.26060953061074876,0.46752866683226046,0.6420651606327121,0.40952247052472635,0.5659909288971342
Srek1,1.0,1.0,1.0,0.0,0.0,0.0,0.0,0.0
Erbin,0.2615722360139493,1.0,1.0,0.0,0.0,0.0,0.0,0.0
Nln,1.0,1.0,1.0,0.0,0.0,0.0,0.0,0.0
Sgtb,1.0,1.0,1.0,0.0,0.0,0.0,0.0,0.0
Trappc13,1.0,1.0,1.0,0.0,0.0,0.0,0.0,0.0
Shld3,1.0,1.0,1.0,0.0,0.0,0.0,0.0,0.0
Trim23,1.0,1.0,1.0,0.0,0.0,0.0,0.0,0.0
Ppwd1,1.0,1.0,1.0,0.0,0.0,0.0,0.0,0.0
Cenpk,1.0,1.0,1.0,0.0,0.0,0.0,0.0,0.0
Adamts6,1.0,1.0,1.0,0.0,0.0,0.0,0.0,0.0
Cwc27,1.0,1.0,1.0,0.0,0.0,0.0,0.0,0.0
Srek1ip1,1.0,1.0,1.0,0.0,0.0,0.0,0.0,0.0
Rgs7bp,1.0,1.0,1.0,0.0,0.0,0.0,0.0,0.0
Rnf180,1.0,1.0,1.0,0.0,0.0,0.0,0.0,0.0
Ipo11,1.0,1.0,1.0,0.0,0.0,0.0,0.0,0.0
Dimt1,1.0,1.0,1.0,0.0,0.0,0.0,0.0,0.0
Kif2a,1.0,1.0,1.0,0.0,0.0,0.0,0.0,0.0
Zswim6,1.0,1.0,1.0,0.0,0.0,0.0,0.0,0.0
Ndufaf2,0.2615722360139493,1.0,1.0,0.0,0.0,0.0,0.0,0.0
Smim15,1.0,1.0,1.0,0.0,0.0,0.0,0.0,0.0
Ercc8,1.0,1.0,1.0,0.0,0.0,0.0,0.0,0.0
Elovl7,1.0,1.0,1.0,0.0,0.0,0.0,0.0,0.0
Depdc1b,1.0,1.0,1.0,0.0,0.0,0.0,0.0,0.0
Pde4d,1.0,1.0,1.0,0.0,0.0,0.0,0.0,0.0
Gapt,1.0,1.0,1.0,0.0,0.0,0.0,0.0,0.0
Plk2,1.0,1.0,1.0,0.0,0.0,0.0,0.0,0.0
Gpbp1,0.0030690378069328957,0.11313937058977978,0.6802135423364514,-28.28162095843118,-28.130527340487657,-26.818749646606285,0.29391840448380313,0.0
Mier3,1.0,1.0,1.0,0.0,0.0,0.0,0.0,0.0
Map3k1,0.11818010791958651,0.6185519578391343,1.0,-27.77185822932373,0.0,27.27248288621078,0.0,0.0
Gm15327,1.0,1.0,1.0,0.0,0.0,0.0,0.0,0.0
Gm15326,1.0,1.0,1.0,0.0,0.0,0.0,0.0,0.0
Ankrd55,1.0,1.0,1.0,0.0,0.0,0.0,0.0,0.0
Il6st,1.0,1.0,1.0,0.0,0.0,0.0,0.0,0.0
Il31ra,1.0,1.0,1.0,0.0,0.0,0.0,0.0,0.0
Slc38a9,1.0,1.0,1.0,0.0,0.0,0.0,0.0,0.0
Plpp1,1.0,1.0,1.0,0.0,0.0,0.0,0.0,0.0
Mtrex,1.0,1.0,1.0,0.0,0.0,0.0,0.0,0.0
Dhx29,1.0,1.0,1.0,0.0,0.0,0.0,0.0,0.0
Ccno,1.0,1.0,1.0,0.0,0.0,0.0,0.0,0.0
Gpx8,1.0,1.0,1.0,0.0,0.0,0.0,0.0,0.0
Gzma,1.0,1.0,1.0,0.0,0.0,0.0,0.0,0.0
Gzmk,1.0,1.0,1.0,0.0,0.0,0.0,0.0,0.0
Esm1,1.0,1.0,1.0,0.0,0.0,0.0,0.0,0.0
BC067074,1.0,1.0,1.0,0.0,0.0,0.0,0.0,0.0
Snx18,1.0,1.0,1.0,0.0,0.0,0.0,0.0,0.0
Arl15,1.0,1.0,1.0,0.0,0.0,0.0,0.0,0.0
Ndufs4,0.04878748483231175,0.33466568802182495,0.9691122863264725,-2.1844952195255516,-0.14762287840398094,0.09024610114366366,0.392848380091642,0.35730022532365674
Fst,1.0,1.0,1.0,0.0,0.0,0.0,0.0,0.0
Mocs2,1.0,1.0,1.0,0.0,0.0,0.0,0.0,0.0
Itga2,1.0,1.0,1.0,0.0,0.0,0.0,0.0,0.0
Itga1,1.0,1.0,1.0,0.0,0.0,0.0,0.0,0.0
Pelo,1.0,1.0,1.0,0.0,0.0,0.0,0.0,0.0
Gm10734,1.0,1.0,1.0,0.0,0.0,0.0,0.0,0.0
Isl1,1.0,1.0,1.0,0.0,0.0,0.0,0.0,0.0
Parp8,1.0,1.0,1.0,0.0,0.0,0.0,0.0,0.0
Emb,1.0,1.0,1.0,0.0,0.0,0.0,0.0,0.0
Mrps30,1.0,1.0,1.0,0.0,0.0,0.0,0.0,0.0
B430218F22Rik,1.0,1.0,1.0,0.0,0.0,0.0,0.0,0.0
Fgf10,1.0,1.0,1.0,0.0,0.0,0.0,0.0,0.0
Nnt,1.0,1.0,1.0,0.0,0.0,0.0,0.0,0.0
Paip1,0.2615722360139493,0.2615722360139493,1.0,0.0,0.0,0.0,0.0,0.0
4833420G17Rik,0.08856750257537103,0.2615722360139493,1.0,0.0,0.0,0.0,0.0,0.0
3110070M22Rik,1.0,1.0,1.0,0.0,0.0,0.0,0.0,0.0
Tmem267,1.0,1.0,1.0,0.0,0.0,0.0,0.0,0.0
Ccl28,1.0,1.0,1.0,0.0,0.0,0.0,0.0,0.0
Hmgcs1,1.0,1.0,1.0,0.0,0.0,0.0,0.0,0.0
Nim1k,1.0,1.0,1.0,0.0,0.0,0.0,0.0,0.0
Zfp131,0.2615722360139493,1.0,1.0,0.0,0.0,0.0,0.0,0.0
Gm21188,1.0,1.0,1.0,0.0,0.0,0.0,0.0,0.0
Gm21762,1.0,1.0,1.0,0.0,0.0,0.0,0.0,0.0
BC147527,1.0,1.0,1.0,0.0,0.0,0.0,0.0,0.0
Gm3411,1.0,1.0,1.0,0.0,0.0,0.0,0.0,0.0
Gm3636,1.0,1.0,1.0,0.0,0.0,0.0,0.0,0.0
Gm3667,1.0,1.0,1.0,0.0,0.0,0.0,0.0,0.0
Gm3739,1.0,1.0,1.0,0.0,0.0,0.0,0.0,0.0
Flnb,1.0,1.0,1.0,0.0,0.0,0.0,0.0,0.0
Dnase1l3,1.0,1.0,1.0,0.0,0.0,0.0,0.0,0.0
Abhd6,1.0,1.0,1.0,0.0,0.0,0.0,0.0,0.0
Rpp14,1.0,1.0,1.0,0.0,0.0,0.0,0.0,0.0
Pxk,1.0,1.0,1.0,0.0,0.0,0.0,0.0,0.0
Pdhb,0.2615722360139493,1.0,1.0,0.0,0.0,0.0,0.0,0.0
Kctd6,1.0,1.0,1.0,0.0,0.0,0.0,0.0,0.0
Oit1,1.0,1.0,1.0,0.0,0.0,0.0,0.0,0.0
Fhit,1.0,1.0,1.0,0.0,0.0,0.0,0.0,0.0
Ptprg,1.0,1.0,1.0,0.0,0.0,0.0,0.0,0.0
3830406C13Rik,0.2615722360139493,1.0,1.0,0.0,0.0,0.0,0.0,0.0
D030051J21Rik,1.0,1.0,1.0,0.0,0.0,0.0,0.0,0.0
Thoc7,0.029867793297539916,0.2615722360139493,1.0,0.0,0.0,0.0,0.0,0.0
Atxn7,1.0,1.0,1.0,0.0,0.0,0.0,0.0,0.0
Psmd6,0.007737120862323551,0.0978412151825437,0.7035921884209926,-28.04346626747634,-25.95446315202338,0.0,0.0650237367126845,0.0
Il3ra,0.2615722360139493,1.0,1.0,0.0,0.0,0.0,0.0,0.0
Slc4a7,1.0,1.0,1.0,0.0,0.0,0.0,0.0,0.0
Lrrc3b,1.0,1.0,1.0,0.0,0.0,0.0,0.0,0.0
Oxsm,1.0,1.0,1.0,0.0,0.0,0.0,0.0,0.0
Gm47794,1.0,1.0,1.0,0.0,0.0,0.0,0.0,0.0
Ngly1,0.2615722360139493,1.0,1.0,0.0,0.0,0.0,0.0,0.0
5430414B19Rik,1.0,1.0,1.0,0.0,0.0,0.0,0.0,0.0
Gm47798,1.0,1.0,1.0,0.0,0.0,0.0,0.0,0.0
Top2b,0.08856750257537103,1.0,1.0,0.0,0.0,0.0,0.0,0.0
Rarb,1.0,1.0,1.0,0.0,0.0,0.0,0.0,0.0
Thrb,1.0,1.0,1.0,0.0,0.0,0.0,0.0,0.0
Nr1d2,1.0,1.0,1.0,0.0,0.0,0.0,0.0,0.0
Rpl15,0.03142017940779551,0.1568627450980392,0.5208065412399778,0.01690136726899799,0.06561901987921276,0.13003359125515798,2.0247206101076074,2.1174774385561275
Nkiras1,1.0,1.0,1.0,0.0,0.0,0.0,0.0,0.0
Ube2e1,0.47495853988950676,1.0,1.0,0.0,0.0,0.0,0.0,0.0
Ube2e2,1.0,1.0,1.0,0.0,0.0,0.0,0.0,0.0
Gm2237,1.0,1.0,1.0,0.0,0.0,0.0,0.0,0.0
Nid2,1.0,1.0,1.0,0.0,0.0,0.0,0.0,0.0
Rtraf,0.09788044772564897,0.5713582599031516,1.0,-0.14113724509885667,-0.04163577886451275,0.09698986431707302,0.673084874833522,0.6517696120208452
Gm48283,1.0,1.0,1.0,0.0,0.0,0.0,0.0,0.0
Gng2,0.08856750257537103,0.7563611602870911,0.9595657057843286,0.0,0.0,0.0,0.0,0.0
Saysd1,1.0,1.0,1.0,0.0,0.0,0.0,0.0,0.0
Kcnk5,1.0,1.0,1.0,0.0,0.0,0.0,0.0,0.0
Nudt13,0.2615722360139493,0.2615722360139493,1.0,0.0,0.0,0.0,0.0,0.0
Ecd,1.0,1.0,1.0,0.0,0.0,0.0,0.0,0.0
Fam149b,1.0,1.0,1.0,0.0,0.0,0.0,0.0,0.0
Gm30054,1.0,1.0,1.0,0.0,0.0,0.0,0.0,0.0
Dnajc9,0.2615722360139493,1.0,1.0,0.0,0.0,0.0,0.0,0.0
Mrps16,0.0001720247930818143,0.009501095540355024,0.1522261171976065,-28.068153366437024,-27.42325779617392,0.0,0.17997958509967038,0.0
Anxa7,0.266717246715916,0.47495853988950676,0.8822739356449067,0.0,0.0,0.0,0.0,0.0
Mss51,1.0,1.0,1.0,0.0,0.0,0.0,0.0,0.0
Ppp3cb,0.08856750257537103,0.2615722360139493,1.0,0.0,0.0,0.0,0.0,0.0
1810062O18Rik,1.0,1.0,1.0,0.0,0.0,0.0,0.0,0.0
Usp54,1.0,1.0,1.0,0.0,0.0,0.0,0.0,0.0
2810402E24Rik,1.0,1.0,1.0,0.0,0.0,0.0,0.0,0.0
Sec24c,0.2615722360139493,1.0,1.0,0.0,0.0,0.0,0.0,0.0
6230400D17Rik,1.0,1.0,1.0,0.0,0.0,0.0,0.0,0.0
Fut11,1.0,1.0,1.0,0.0,0.0,0.0,0.0,0.0
Chchd1,0.1996030161831719,0.6689706667452711,1.0,-28.228395717968812,-0.14379703734205457,0.31910061040452303,0.30688632912054603,0.26827521532027
Zswim8,1.0,1.0,1.0,0.0,0.0,0.0,0.0,0.0
Ndst2,1.0,1.0,1.0,0.0,0.0,0.0,0.0,0.0
Camk2g,1.0,1.0,1.0,0.0,0.0,0.0,0.0,0.0
Plau,1.0,1.0,1.0,0.0,0.0,0.0,0.0,0.0
Vcl,1.0,1.0,1.0,0.0,0.0,0.0,0.0,0.0
Ap3m1,1.0,1.0,1.0,0.0,0.0,0.0,0.0,0.0
Adk,0.0046591558569937025,0.12734576319606353,0.7826235030086005,-28.38045716502404,-28.259131193344484,-0.21376718573517206,0.3260404429051971,0.0
Kat6b,1.0,1.0,1.0,0.0,0.0,0.0,0.0,0.0
Samd8,1.0,1.0,1.0,0.0,0.0,0.0,0.0,0.0
Vdac2,0.00298483765976026,0.09788044772564897,0.5713582599031516,-0.37315621649140823,-0.2244357500128653,-0.08218290483696711,0.5834192233627042,0.49684860773761036
Comtd1,1.0,1.0,1.0,0.0,0.0,0.0,0.0,0.0
Zfp503,1.0,1.0,1.0,0.0,0.0,0.0,0.0,0.0
Lrmda,1.0,1.0,1.0,0.0,0.0,0.0,0.0,0.0
Gm47601,1.0,1.0,1.0,0.0,0.0,0.0,0.0,0.0
Kcnma1,1.0,1.0,1.0,0.0,0.0,0.0,0.0,0.0
Dlg5,1.0,1.0,1.0,0.0,0.0,0.0,0.0,0.0
Polr3a,1.0,1.0,1.0,0.0,0.0,0.0,0.0,0.0
Rps24,0.00030165912518853697,0.00298483765976026,0.02524410573946178,-0.10322807403040515,-0.07688098216556587,-0.04932761206204809,3.660637354839995,3.469780133331375
Gm26660,1.0,1.0,1.0,0.0,0.0,0.0,0.0,0.0
Zmiz1,1.0,1.0,1.0,0.0,0.0,0.0,0.0,0.0
Gm47920,1.0,1.0,1.0,0.0,0.0,0.0,0.0,0.0
Ppif,0.2615722360139493,1.0,1.0,0.0,0.0,0.0,0.0,0.0
Zcchc24,1.0,1.0,1.0,0.0,0.0,0.0,0.0,0.0
Anxa11,1.0,1.0,1.0,0.0,0.0,0.0,0.0,0.0
Anxa11os,1.0,1.0,1.0,0.0,0.0,0.0,0.0,0.0
Tmem254a,1.0,1.0,1.0,0.0,0.0,0.0,0.0,0.0
Plac9b,1.0,1.0,1.0,0.0,0.0,0.0,0.0,0.0
Slmap,1.0,1.0,1.0,0.0,0.0,0.0,0.0,0.0
Dennd6a,1.0,1.0,1.0,0.0,0.0,0.0,0.0,0.0
Arf4,0.04734460585853775,0.3837421608319441,0.9699293482575216,-0.009945805414160194,0.07963769936784029,0.17123691745561376,0.9305186491374489,0.9852287303714362
Pde12,1.0,1.0,1.0,0.0,0.0,0.0,0.0,0.0
9930004E17Rik,1.0,1.0,1.0,0.0,0.0,0.0,0.0,0.0
Dnah12,1.0,1.0,1.0,0.0,0.0,0.0,0.0,0.0
Appl1,0.2615722360139493,1.0,1.0,0.0,0.0,0.0,0.0,0.0
Il17rd,1.0,1.0,1.0,0.0,0.0,0.0,0.0,0.0
Arhgef3,1.0,1.0,1.0,0.0,0.0,0.0,0.0,0.0
Tasor,1.0,1.0,1.0,0.0,0.0,0.0,0.0,0.0
Ccdc66,1.0,1.0,1.0,0.0,0.0,0.0,0.0,0.0
Wnt5a,1.0,1.0,1.0,0.0,0.0,0.0,0.0,0.0
Selenok,3.175359212510915e-05,0.00047630388187663733,0.005493371437643883,0.13137324367234807,0.17485258299547377,0.21652683886264798,1.8304455756157925,2.0640538405663387
Actr8,1.0,1.0,1.0,0.0,0.0,0.0,0.0,0.0
Il17rb,1.0,1.0,1.0,0.0,0.0,0.0,0.0,0.0
Chdh,1.0,1.0,1.0,0.0,0.0,0.0,0.0,0.0
Cacna1d,1.0,1.0,1.0,0.0,0.0,0.0,0.0,0.0
Dcp1a,1.0,1.0,1.0,0.0,0.0,0.0,0.0,0.0
Tkt,0.0007335473709934008,0.022438890030895015,0.13525118892898313,-28.113961715634222,-27.895728178789593,0.0,0.24971862270617626,0.0
Prkcd,0.029867793297539916,0.08856750257537103,1.0,0.0,0.0,0.0,0.0,0.0
Gm7644,1.0,1.0,1.0,0.0,0.0,0.0,0.0,0.0
Rft1,1.0,1.0,1.0,0.0,0.0,0.0,0.0,0.0
Sfmbt1,1.0,1.0,1.0,0.0,0.0,0.0,0.0,0.0
Stimate,1.0,1.0,1.0,0.0,0.0,0.0,0.0,0.0
Mustn1,1.0,1.0,1.0,0.0,0.0,0.0,0.0,0.0
Itih3,1.0,1.0,1.0,0.0,0.0,0.0,0.0,0.0
Nek4,1.0,1.0,1.0,0.0,0.0,0.0,0.0,0.0
Spcs1,0.00019052155275065493,0.0073033261887751055,0.08288044772564862,-0.14672843485231635,-0.09429591608543536,-0.04950319970130972,1.6258991492989088,1.5238632073611325
Glt8d1,0.2615722360139493,1.0,1.0,0.0,0.0,0.0,0.0,0.0
Gnl3,0.0015023043030521364,0.05007633845978234,0.43376996345488356,-28.381963306976015,-28.224236562541662,-2.1640627143267173,0.313957724839835,0.0
Pbrm1,0.00023910093896114013,0.004667322155326527,0.05796136076902287,-28.402067773206056,-28.255706157745866,-28.152389128705376,0.32049045582089125,0.0
Smim4,0.002778685068188869,0.009501095540355024,0.08856750257537103,-27.94613088153507,-25.631349867673162,0.0,0.05197627255979875,0.0
Nt5dc2,1.0,1.0,1.0,0.0,0.0,0.0,0.0,0.0
Stab1,1.0,1.0,1.0,0.0,0.0,0.0,0.0,0.0
Nisch,0.2615722360139493,1.0,1.0,0.0,0.0,0.0,0.0,0.0
Tnnc1,1.0,1.0,1.0,0.0,0.0,0.0,0.0,0.0
Sema3g,1.0,1.0,1.0,0.0,0.0,0.0,0.0,0.0
Phf7,1.0,1.0,1.0,0.0,0.0,0.0,0.0,0.0
Bap1,1.0,1.0,1.0,0.0,0.0,0.0,0.0,0.0
Capn7,0.2615722360139493,1.0,1.0,0.0,0.0,0.0,0.0,0.0
Sh3bp5,1.0,1.0,1.0,0.0,0.0,0.0,0.0,0.0
Mettl6,1.0,1.0,1.0,0.0,0.0,0.0,0.0,0.0
Eaf1,1.0,1.0,1.0,0.0,0.0,0.0,0.0,0.0
Colq,1.0,1.0,1.0,0.0,0.0,0.0,0.0,0.0
Hacl1,1.0,1.0,1.0,0.0,0.0,0.0,0.0,0.0
Btd,1.0,1.0,1.0,0.0,0.0,0.0,0.0,0.0
Ankrd28,1.0,1.0,1.0,0.0,0.0,0.0,0.0,0.0
Galnt15,1.0,1.0,1.0,0.0,0.0,0.0,0.0,0.0
Dph3,0.0021592442645074223,0.11526553941414623,0.8506311026434865,0.009924537770999844,0.20702095546659233,0.39842471675957664,0.41691804720157155,0.4799075251332746
Oxnad1,1.0,1.0,1.0,0.0,0.0,0.0,0.0,0.0
Ncoa4,1.0,1.0,1.0,0.0,0.0,0.0,0.0,0.0
Timm23,0.20233711482991645,0.6712057066317096,1.0,-0.1645195620871916,0.051188171016687184,0.215039676294307,0.3992389237384251,0.4179334394310901
Parg,1.0,1.0,1.0,0.0,0.0,0.0,0.0,0.0
Gm48914,1.0,1.0,1.0,0.0,0.0,0.0,0.0,0.0
Ercc6,1.0,1.0,1.0,0.0,0.0,0.0,0.0,0.0
Tmem273,1.0,1.0,1.0,0.0,0.0,0.0,0.0,0.0
Vstm4,1.0,1.0,1.0,0.0,0.0,0.0,0.0,0.0
Wdfy4,1.0,1.0,1.0,0.0,0.0,0.0,0.0,0.0
Arhgap22,1.0,1.0,1.0,0.0,0.0,0.0,0.0,0.0
Mapk8,1.0,1.0,1.0,0.0,0.0,0.0,0.0,0.0
Frmpd2,1.0,1.0,1.0,0.0,0.0,0.0,0.0,0.0
Gdf10,1.0,1.0,1.0,0.0,0.0,0.0,0.0,0.0
Anxa8,1.0,1.0,1.0,0.0,0.0,0.0,0.0,0.0
Syt15,1.0,1.0,1.0,0.0,0.0,0.0,0.0,0.0
Gm49201,1.0,1.0,1.0,0.0,0.0,0.0,0.0,0.0
Shld2,1.0,1.0,1.0,0.0,0.0,0.0,0.0,0.0
Glud1,0.029867793297539916,0.08856750257537103,1.0,0.0,0.0,0.0,0.0,0.0
Sncg,1.0,1.0,1.0,0.0,0.0,0.0,0.0,0.0
Mmrn2,1.0,1.0,1.0,0.0,0.0,0.0,0.0,0.0
Bmpr1a,1.0,1.0,1.0,0.0,0.0,0.0,0.0,0.0
Ldb3,1.0,1.0,1.0,0.0,0.0,0.0,0.0,0.0
5830448L01Rik,1.0,1.0,1.0,0.0,0.0,0.0,0.0,0.0
Wapl,0.028688810319848834,0.19910482099334748,0.569475165090806,-28.04463344625554,-26.922115666399357,0.0,0.1271640522726315,0.0
Gm49032,1.0,1.0,1.0,0.0,0.0,0.0,0.0,0.0
Ccser2,1.0,1.0,1.0,0.0,0.0,0.0,0.0,0.0
2610528A11Rik,1.0,1.0,1.0,0.0,0.0,0.0,0.0,0.0
Ghitm,0.08249583234103358,0.5369408750268727,1.0,-0.04064881247156949,0.1353403277452208,0.29143535237450524,0.41443636963785324,0.45843574395241465
Sh2d4b,1.0,1.0,1.0,0.0,0.0,0.0,0.0,0.0
Tspan14,1.0,1.0,1.0,0.0,0.0,0.0,0.0,0.0
Prxl2a,1.0,1.0,1.0,0.0,0.0,0.0,0.0,0.0
Gm7324,1.0,1.0,1.0,0.0,0.0,0.0,0.0,0.0
Gm8113,1.0,1.0,1.0,0.0,0.0,0.0,0.0,0.0
Gm49087,1.0,1.0,1.0,0.0,0.0,0.0,0.0,0.0
Ear2,1.0,1.0,1.0,0.0,0.0,0.0,0.0,0.0
AC160336.1,1.0,1.0,1.0,0.0,0.0,0.0,0.0,0.0
Gm17173,1.0,1.0,1.0,0.0,0.0,0.0,0.0,0.0
Ptger2,1.0,1.0,1.0,0.0,0.0,0.0,0.0,0.0
Txndc16,1.0,1.0,1.0,0.0,0.0,0.0,0.0,0.0
Gpr137c,1.0,1.0,1.0,0.0,0.0,0.0,0.0,0.0
Ero1l,0.2615722360139493,0.47495853988950676,1.0,0.0,0.0,0.0,0.0,0.0
Psmc6,0.002778685068188869,0.029867793297539916,0.2615722360139493,-28.02377946070062,0.0,0.0,0.0,0.0
Styx,1.0,1.0,1.0,0.0,0.0,0.0,0.0,0.0
Gnpnat1,1.0,1.0,1.0,0.0,0.0,0.0,0.0,0.0
Fermt2,1.0,1.0,1.0,0.0,0.0,0.0,0.0,0.0
Gm49123,1.0,1.0,1.0,0.0,0.0,0.0,0.0,0.0
Ddhd1,1.0,1.0,1.0,0.0,0.0,0.0,0.0,0.0
Bmp4,1.0,1.0,1.0,0.0,0.0,0.0,0.0,0.0
Gm15222,1.0,1.0,1.0,0.0,0.0,0.0,0.0,0.0
Cdkn3,1.0,1.0,1.0,0.0,0.0,0.0,0.0,0.0
Cnih1,1.0,1.0,1.0,0.0,0.0,0.0,0.0,0.0
Gm48933,1.0,1.0,1.0,0.0,0.0,0.0,0.0,0.0
Gmfb,1.0,1.0,1.0,0.0,0.0,0.0,0.0,0.0
Gm10101,1.0,1.0,1.0,0.0,0.0,0.0,0.0,0.0
Cgrrf1,1.0,1.0,1.0,0.0,0.0,0.0,0.0,0.0
Samd4,1.0,1.0,1.0,0.0,0.0,0.0,0.0,0.0
2810457G06Rik,1.0,1.0,1.0,0.0,0.0,0.0,0.0,0.0
Gch1,1.0,1.0,1.0,0.0,0.0,0.0,0.0,0.0
Wdhd1,1.0,1.0,1.0,0.0,0.0,0.0,0.0,0.0
Socs4,1.0,1.0,1.0,0.0,0.0,0.0,0.0,0.0
Mapk1ip1l,1.0,1.0,1.0,0.0,0.0,0.0,0.0,0.0
Lgals3,1.0,1.0,1.0,0.0,0.0,0.0,0.0,0.0
Dlgap5,1.0,1.0,1.0,0.0,0.0,0.0,0.0,0.0
Fbxo34,1.0,1.0,1.0,0.0,0.0,0.0,0.0,0.0
Atg14,1.0,1.0,1.0,0.0,0.0,0.0,0.0,0.0
Ktn1,0.002778685068188869,0.029867793297539916,0.18729840417110022,-27.5727328998421,0.0,0.0,0.0,0.0
Peli2,1.0,1.0,1.0,0.0,0.0,0.0,0.0,0.0
Tmem260,1.0,1.0,1.0,0.0,0.0,0.0,0.0,0.0
Exoc5,1.0,1.0,1.0,0.0,0.0,0.0,0.0,0.0
Ap5m1,1.0,1.0,1.0,0.0,0.0,0.0,0.0,0.0
Naa30,1.0,1.0,1.0,0.0,0.0,0.0,0.0,0.0
Armh4,1.0,1.0,1.0,0.0,0.0,0.0,0.0,0.0
Tlr11,1.0,1.0,1.0,0.0,0.0,0.0,0.0,0.0
Ttc5,0.2615722360139493,1.0,1.0,0.0,0.0,0.0,0.0,0.0
Ccnb1ip1,1.0,1.0,1.0,0.0,0.0,0.0,0.0,0.0
Parp2,1.0,1.0,1.0,0.0,0.0,0.0,0.0,0.0
Tep1,1.0,1.0,1.0,0.0,0.0,0.0,0.0,0.0
Gm26782,1.0,1.0,1.0,0.0,0.0,0.0,0.0,0.0
Klhl33,1.0,1.0,1.0,0.0,0.0,0.0,0.0,0.0
Osgep,1.0,1.0,1.0,0.0,0.0,0.0,0.0,0.0
Apex1,1.0,1.0,1.0,0.0,0.0,0.0,0.0,0.0
Pip4p1,0.2615722360139493,1.0,1.0,0.0,0.0,0.0,0.0,0.0
Pnp,1.0,1.0,1.0,0.0,0.0,0.0,0.0,0.0
Rnase4,1.0,1.0,1.0,0.0,0.0,0.0,0.0,0.0
Ang,1.0,1.0,1.0,0.0,0.0,0.0,0.0,0.0
Rnase6,0.0027934308629988885,0.0573667370717314,0.42561603689824545,-28.47759797992678,-28.31702529717466,-2.0144731590395653,0.33493453134884077,0.0
Rnase2a,1.0,1.0,1.0,0.0,0.0,0.0,0.0,0.0
Ang4,1.0,1.0,1.0,0.0,0.0,0.0,0.0,0.0
Mettl17,1.0,1.0,1.0,0.0,0.0,0.0,0.0,0.0
Ndrg2,1.0,1.0,1.0,0.0,0.0,0.0,0.0,0.0
Arhgef40,1.0,1.0,1.0,0.0,0.0,0.0,0.0,0.0
Zfp219,1.0,1.0,1.0,0.0,0.0,0.0,0.0,0.0
Tmem253,1.0,1.0,1.0,0.0,0.0,0.0,0.0,0.0
Hnrnpc,0.00139813990539153,0.03568503802892456,0.3694217772928499,-28.500788069447495,-28.33010676425142,-1.7357962620234426,0.3388932827539233,0.0
Rpgrip1,1.0,1.0,1.0,0.0,0.0,0.0,0.0,0.0
Supt16,1.0,1.0,1.0,0.0,0.0,0.0,0.0,0.0
Chd8,0.2615722360139493,1.0,1.0,0.0,0.0,0.0,0.0,0.0
Rab2b,1.0,1.0,1.0,0.0,0.0,0.0,0.0,0.0
Tox4,0.08856750257537103,0.2615722360139493,1.0,0.0,0.0,0.0,0.0,0.0
Mettl3,1.0,1.0,1.0,0.0,0.0,0.0,0.0,0.0
Sall2,1.0,1.0,1.0,0.0,0.0,0.0,0.0,0.0
Trav14d-3-dv8,1.0,1.0,1.0,0.0,0.0,0.0,0.0,0.0
Trav16n,1.0,1.0,1.0,0.0,0.0,0.0,0.0,0.0
Trav7-3,1.0,1.0,1.0,0.0,0.0,0.0,0.0,0.0
Trav3-3,1.0,1.0,1.0,0.0,0.0,0.0,0.0,0.0
Trav5-4,1.0,1.0,1.0,0.0,0.0,0.0,0.0,0.0
Trdv4,1.0,1.0,1.0,0.0,0.0,0.0,0.0,0.0
Trdc,1.0,1.0,1.0,0.0,0.0,0.0,0.0,0.0
Trac,1.0,1.0,1.0,0.0,0.0,0.0,0.0,0.0
Dad1,0.007258077319996828,0.04734460585853775,0.23797729618163055,0.05313704911627102,0.11457012844021017,0.18967970423738642,1.355027287135055,1.4622588198901485
Abhd4,1.0,1.0,1.0,0.0,0.0,0.0,0.0,0.0
Gm43305,1.0,1.0,1.0,0.0,0.0,0.0,0.0,0.0
Oxa1l,1.0,1.0,1.0,0.0,0.0,0.0,0.0,0.0
Slc7a7,1.0,1.0,1.0,0.0,0.0,0.0,0.0,0.0
Mrpl52,0.04058778853393252,0.2968939270753236,0.8469967641740412,-0.30493927394522174,-0.09671357410639225,0.07414605748254688,0.44901094518813023,0.42046580195787475
Mmp14,1.0,1.0,1.0,0.0,0.0,0.0,0.0,0.0
Gm10366,1.0,1.0,1.0,0.0,0.0,0.0,0.0,0.0
Lrp10,0.009501095540355024,0.029867793297539916,0.2615722360139493,-27.00888449107394,0.0,0.0,0.0,0.0
Rem2,1.0,1.0,1.0,0.0,0.0,0.0,0.0,0.0
Prmt5,1.0,1.0,1.0,0.0,0.0,0.0,0.0,0.0
Haus4,1.0,1.0,1.0,0.0,0.0,0.0,0.0,0.0
4931414P19Rik,1.0,1.0,1.0,0.0,0.0,0.0,0.0,0.0
Psmb5,0.18134476462649837,0.6784313725490196,1.0,-0.13208817716152738,0.004476440842445207,0.1320094020580102,0.5580637786497925,0.5601052700121179
Cdh24,1.0,1.0,1.0,0.0,0.0,0.0,0.0,0.0
Acin1,0.08856750257537103,0.47495853988950676,1.0,0.0,0.0,0.0,0.0,0.0
1700123O20Rik,0.2615722360139493,1.0,1.0,0.0,0.0,0.0,0.0,0.0
Cebpe,1.0,1.0,1.0,0.0,0.0,0.0,0.0,0.0
Slc7a8,1.0,1.0,1.0,0.0,0.0,0.0,0.0,0.0
Homez,1.0,1.0,1.0,0.0,0.0,0.0,0.0,0.0
Ppp1r3e,1.0,1.0,1.0,0.0,0.0,0.0,0.0,0.0
Bcl2l2,1.0,1.0,1.0,0.0,0.0,0.0,0.0,0.0
Pabpn1,0.0001720247930818143,0.00757216567920716,0.09397999383644512,-28.21825407330727,-28.075534015514954,-26.922115666399357,0.28286414335673815,0.0
Slc22a17,1.0,1.0,1.0,0.0,0.0,0.0,0.0,0.0
Efs,1.0,1.0,1.0,0.0,0.0,0.0,0.0,0.0
Ngdn,0.2615722360139493,1.0,1.0,0.0,0.0,0.0,0.0,0.0
Zfhx2,1.0,1.0,1.0,0.0,0.0,0.0,0.0,0.0
Thtpa,1.0,1.0,1.0,0.0,0.0,0.0,0.0,0.0
Ap1g2,1.0,1.0,1.0,0.0,0.0,0.0,0.0,0.0
Jph4,1.0,1.0,1.0,0.0,0.0,0.0,0.0,0.0
Dhrs4,0.2615722360139493,1.0,1.0,0.0,0.0,0.0,0.0,0.0
Pck2,0.028688810319848834,0.2740127914304309,0.9242203280316527,-28.105582857378614,-26.081671182547517,0.0,0.07101749622793725,0.0
A730061H03Rik,1.0,1.0,1.0,0.0,0.0,0.0,0.0,0.0
Dcaf11,1.0,1.0,1.0,0.0,0.0,0.0,0.0,0.0
Psme1,0.03852544256569026,0.23797729618163055,0.7920774787647853,-0.24581847624309094,-0.14523630606155788,-0.005998007576116262,0.6726733610924506,0.6074759519167032
Emc9,1.0,1.0,1.0,0.0,0.0,0.0,0.0,0.0
Psme2,1.5876796062554575e-05,0.00019052155275065493,0.009561942543096754,-0.6414837047253694,-0.5001914164962514,-0.352727109988584,0.6877157128941702,0.48358249563695965
Rnf31,1.0,1.0,1.0,0.0,0.0,0.0,0.0,0.0
Irf9,0.47495853988950676,1.0,1.0,0.0,0.0,0.0,0.0,0.0
Ipo4,1.0,1.0,1.0,0.0,0.0,0.0,0.0,0.0
Tm9sf1,0.2615722360139493,1.0,1.0,0.0,0.0,0.0,0.0,0.0
Gm49747,1.0,1.0,1.0,0.0,0.0,0.0,0.0,0.0
Mdp1,0.009501095540355024,0.08856750257537103,0.2615722360139493,-26.723635295752953,0.0,0.0,0.0,0.0
Nedd8,0.00047630388187663733,0.012399777724855125,0.12298826700333601,0.1989538696702733,0.39872879054854227,0.595356439543939,0.3708695857394937,0.4910123488875321
Gmpr2,1.0,1.0,1.0,0.0,0.0,0.0,0.0,0.0
Tinf2,1.0,1.0,1.0,0.0,0.0,0.0,0.0,0.0
Tgm1,1.0,1.0,1.0,0.0,0.0,0.0,0.0,0.0
Rabggta,0.2615722360139493,1.0,1.0,0.0,0.0,0.0,0.0,0.0
Dhrs1,0.08856750257537103,0.2615722360139493,1.0,0.0,0.0,0.0,0.0,0.0
Nop9,1.0,1.0,1.0,0.0,0.0,0.0,0.0,0.0
Cideb,1.0,1.0,1.0,0.0,0.0,0.0,0.0,0.0
Ltb4r1,1.0,1.0,1.0,0.0,0.0,0.0,0.0,0.0
Adcy4,1.0,1.0,1.0,0.0,0.0,0.0,0.0,0.0
Ripk3,1.0,1.0,1.0,0.0,0.0,0.0,0.0,0.0
Nfatc4,1.0,1.0,1.0,0.0,0.0,0.0,0.0,0.0
Nynrin,1.0,1.0,1.0,0.0,0.0,0.0,0.0,0.0
Khnyn,1.0,1.0,1.0,0.0,0.0,0.0,0.0,0.0
Sdr39u1,1.0,1.0,1.0,0.0,0.0,0.0,0.0,0.0
Cma1,1.0,1.0,1.0,0.0,0.0,0.0,0.0,0.0
Mcpt1,1.0,1.0,1.0,0.0,0.0,0.0,0.0,0.0
Mcpt2,1.0,1.0,1.0,0.0,0.0,0.0,0.0,0.0
Gzmc,1.0,1.0,1.0,0.0,0.0,0.0,0.0,0.0
Gzmb,1.0,1.0,1.0,0.0,0.0,0.0,0.0,0.0
Atp12a,1.0,1.0,1.0,0.0,0.0,0.0,0.0,0.0
Rnf17,1.0,1.0,1.0,0.0,0.0,0.0,0.0,0.0
Cenpj,1.0,1.0,1.0,0.0,0.0,0.0,0.0,0.0
Parp4,1.0,1.0,1.0,0.0,0.0,0.0,0.0,0.0
Mphosph8,0.266717246715916,1.0,1.0,0.0,0.0,0.0,0.0,0.0
Gm16973,1.0,1.0,1.0,0.0,0.0,0.0,0.0,0.0
Pspc1,1.0,1.0,1.0,0.0,0.0,0.0,0.0,0.0
Zmym5,1.0,1.0,1.0,0.0,0.0,0.0,0.0,0.0
2410022M11Rik,1.0,1.0,1.0,0.0,0.0,0.0,0.0,0.0
Zmym2,1.0,1.0,1.0,0.0,0.0,0.0,0.0,0.0
Gjb2,1.0,1.0,1.0,0.0,0.0,0.0,0.0,0.0
Cryl1,1.0,1.0,1.0,0.0,0.0,0.0,0.0,0.0
Ift88,1.0,1.0,1.0,0.0,0.0,0.0,0.0,0.0
Il17d,1.0,1.0,1.0,0.0,0.0,0.0,0.0,0.0
Eef1akmt1,1.0,1.0,1.0,0.0,0.0,0.0,0.0,0.0
Xpo4,1.0,1.0,1.0,0.0,0.0,0.0,0.0,0.0
Lats2,1.0,1.0,1.0,0.0,0.0,0.0,0.0,0.0
Sap18,3.5291394948257277e-05,0.0007335473709934008,0.020974586881423982,-28.371267790978237,-28.246366324063636,-28.09623759692167,0.3184223408771497,0.0
Ska3,1.0,1.0,1.0,0.0,0.0,0.0,0.0,0.0
Mrpl57,0.00019052155275065493,0.012399777724855125,0.13493688973565135,-0.21029121800739858,-0.14840188055139863,-0.08578610014502805,1.2195360091914864,1.1025023702635237
Zdhhc20,0.2615722360139493,1.0,1.0,0.0,0.0,0.0,0.0,0.0
Micu2,0.2615722360139493,1.0,1.0,0.0,0.0,0.0,0.0,0.0
3110083C13Rik,1.0,1.0,1.0,0.0,0.0,0.0,0.0,0.0
Fgf9,1.0,1.0,1.0,0.0,0.0,0.0,0.0,0.0
Rcbtb1,1.0,1.0,1.0,0.0,0.0,0.0,0.0,0.0
Phf11a,1.0,1.0,1.0,0.0,0.0,0.0,0.0,0.0
Phf11b,1.0,1.0,1.0,0.0,0.0,0.0,0.0,0.0
Phf11d,1.0,1.0,1.0,0.0,0.0,0.0,0.0,0.0
Phf11c,1.0,1.0,1.0,0.0,0.0,0.0,0.0,0.0
Setdb2,1.0,1.0,1.0,0.0,0.0,0.0,0.0,0.0
Cab39l,1.0,1.0,1.0,0.0,0.0,0.0,0.0,0.0
Cdadc1,1.0,1.0,1.0,0.0,0.0,0.0,0.0,0.0
Shisa2,1.0,1.0,1.0,0.0,0.0,0.0,0.0,0.0
Atp8a2,1.0,1.0,1.0,0.0,0.0,0.0,0.0,0.0
Gm49336,1.0,1.0,1.0,0.0,0.0,0.0,0.0,0.0
Mtmr6,1.0,1.0,1.0,0.0,0.0,0.0,0.0,0.0
Amer2,1.0,1.0,1.0,0.0,0.0,0.0,0.0,0.0
Spata13,1.0,1.0,1.0,0.0,0.0,0.0,0.0,0.0
Mipep,1.0,1.0,1.0,0.0,0.0,0.0,0.0,0.0
Sacs,1.0,1.0,1.0,0.0,0.0,0.0,0.0,0.0
Arl11,1.0,1.0,1.0,0.0,0.0,0.0,0.0,0.0
Ebpl,0.08856750257537103,0.2615722360139493,1.0,0.0,0.0,0.0,0.0,0.0
Kpna3,1.0,1.0,1.0,0.0,0.0,0.0,0.0,0.0
Spryd7,1.0,1.0,1.0,0.0,0.0,0.0,0.0,0.0
Trim13,1.0,1.0,1.0,0.0,0.0,0.0,0.0,0.0
Dleu2,0.9815393059003498,1.0,1.0,0.0,0.0,0.0,0.0,0.0
Gm27010,1.0,1.0,1.0,0.0,0.0,0.0,0.0,0.0
Gm26916,1.0,1.0,1.0,0.0,0.0,0.0,0.0,0.0
Gm27017,1.0,1.0,1.0,0.0,0.0,0.0,0.0,0.0
Rnaseh2b,1.0,1.0,1.0,0.0,0.0,0.0,0.0,0.0
Fam124a,1.0,1.0,1.0,0.0,0.0,0.0,0.0,0.0
Ints6,1.0,1.0,1.0,0.0,0.0,0.0,0.0,0.0
Wdfy2,1.0,1.0,1.0,0.0,0.0,0.0,0.0,0.0
Ctsb,0.009557831229657855,0.18134476462649837,0.910105580693816,-0.23190246339013484,-0.09920480821207885,0.04845228378780813,0.5962743203507685,0.5556783029502521
Fdft1,1.0,1.0,1.0,0.0,0.0,0.0,0.0,0.0
Neil2,1.0,1.0,1.0,0.0,0.0,0.0,0.0,0.0
Blk,1.0,1.0,1.0,0.0,0.0,0.0,0.0,0.0
Fam167a,1.0,1.0,1.0,0.0,0.0,0.0,0.0,0.0
Mtmr9,1.0,1.0,1.0,0.0,0.0,0.0,0.0,0.0
Xkr6,1.0,1.0,1.0,0.0,0.0,0.0,0.0,0.0
Pinx1,1.0,1.0,1.0,0.0,0.0,0.0,0.0,0.0
Sox7,1.0,1.0,1.0,0.0,0.0,0.0,0.0,0.0
Msra,1.0,1.0,1.0,0.0,0.0,0.0,0.0,0.0
Kif13b,0.2615722360139493,1.0,1.0,0.0,0.0,0.0,0.0,0.0
Hmbox1,1.0,1.0,1.0,0.0,0.0,0.0,0.0,0.0
Ints9,1.0,1.0,1.0,0.0,0.0,0.0,0.0,0.0
Extl3,1.0,1.0,1.0,0.0,0.0,0.0,0.0,0.0
Fzd3,1.0,1.0,1.0,0.0,0.0,0.0,0.0,0.0
Zfp395,1.0,1.0,1.0,0.0,0.0,0.0,0.0,0.0
Elp3,1.0,1.0,1.0,0.0,0.0,0.0,0.0,0.0
Nuggc,1.0,1.0,1.0,0.0,0.0,0.0,0.0,0.0
Scara5,1.0,1.0,1.0,0.0,0.0,0.0,0.0,0.0
Pbk,1.0,1.0,1.0,0.0,0.0,0.0,0.0,0.0
Esco2,1.0,1.0,1.0,0.0,0.0,0.0,0.0,0.0
Ccdc25,1.0,1.0,1.0,0.0,0.0,0.0,0.0,0.0
Scara3,1.0,1.0,1.0,0.0,0.0,0.0,0.0,0.0
Clu,1.0,1.0,1.0,0.0,0.0,0.0,0.0,0.0
Ephx2,1.0,1.0,1.0,0.0,0.0,0.0,0.0,0.0
Ptk2b,0.029867793297539916,0.3134423070356326,0.8822739356449067,-26.2302771736733,0.0,0.0,0.0,0.0
1700001G11Rik,1.0,1.0,1.0,0.0,0.0,0.0,0.0,0.0
Trim35,1.0,1.0,1.0,0.0,0.0,0.0,0.0,0.0
Stmn4,1.0,1.0,1.0,0.0,0.0,0.0,0.0,0.0
Dpysl2,1.0,1.0,1.0,0.0,0.0,0.0,0.0,0.0
Gm5464,1.0,1.0,1.0,0.0,0.0,0.0,0.0,0.0
Bnip3l,0.16771804190995093,0.7513591117305192,1.0,-28.06146113533383,0.0,0.0,0.0,0.0
Ppp2r2a,0.08856750257537103,0.47495853988950676,1.0,0.0,0.0,0.0,0.0,0.0
Ebf2,1.0,1.0,1.0,0.0,0.0,0.0,0.0,0.0
Cdca2,1.0,1.0,1.0,0.0,0.0,0.0,0.0,0.0
Kctd9,1.0,1.0,1.0,0.0,0.0,0.0,0.0,0.0
Dock5,1.0,1.0,1.0,0.0,0.0,0.0,0.0,0.0
Adamdec1,1.0,1.0,1.0,0.0,0.0,0.0,0.0,0.0
Stc1,1.0,1.0,1.0,0.0,0.0,0.0,0.0,0.0
Slc25a37,1.0,1.0,1.0,0.0,0.0,0.0,0.0,0.0
Loxl2,1.0,1.0,1.0,0.0,0.0,0.0,0.0,0.0
R3hcc1,1.0,1.0,1.0,0.0,0.0,0.0,0.0,0.0
Chmp7,1.0,1.0,1.0,0.0,0.0,0.0,0.0,0.0
Tnfrsf10b,1.0,1.0,1.0,0.0,0.0,0.0,0.0,0.0
Rhobtb2,1.0,1.0,1.0,0.0,0.0,0.0,0.0,0.0
Egr3,1.0,1.0,1.0,0.0,0.0,0.0,0.0,0.0
Bin3,1.0,1.0,1.0,0.0,0.0,0.0,0.0,0.0
Ccar2,1.0,1.0,1.0,0.0,0.0,0.0,0.0,0.0
9930012K11Rik,1.0,1.0,1.0,0.0,0.0,0.0,0.0,0.0
Pdlim2,1.0,1.0,1.0,0.0,0.0,0.0,0.0,0.0
Sorbs3,1.0,1.0,1.0,0.0,0.0,0.0,0.0,0.0
Ppp3cc,0.009501095540355024,0.08856750257537103,1.0,-25.977362926191834,0.0,0.0,0.0,0.0
Slc39a14,1.0,1.0,1.0,0.0,0.0,0.0,0.0,0.0
Piwil2,1.0,1.0,1.0,0.0,0.0,0.0,0.0,0.0
Polr3d,1.0,1.0,1.0,0.0,0.0,0.0,0.0,0.0
Bmp1,1.0,1.0,1.0,0.0,0.0,0.0,0.0,0.0
Reep4,1.0,1.0,1.0,0.0,0.0,0.0,0.0,0.0
Hr,1.0,1.0,1.0,0.0,0.0,0.0,0.0,0.0
Nudt18,0.2615722360139493,1.0,1.0,0.0,0.0,0.0,0.0,0.0
Fam160b2,1.0,1.0,1.0,0.0,0.0,0.0,0.0,0.0
Dmtn,1.0,1.0,1.0,0.0,0.0,0.0,0.0,0.0
Xpo7,1.0,1.0,1.0,0.0,0.0,0.0,0.0,0.0
Dok2,1.0,1.0,1.0,0.0,0.0,0.0,0.0,0.0
Gfra2,1.0,1.0,1.0,0.0,0.0,0.0,0.0,0.0
Fndc3a,0.00047630388187663733,0.03142017940779551,0.5208065412399778,0.034055308413532735,0.15406721764025488,0.29778526415187256,0.6566325708855341,0.7305154156790852
Cysltr2,1.0,1.0,1.0,0.0,0.0,0.0,0.0,0.0
Rcbtb2,0.009501095540355024,0.08856750257537103,1.0,-25.631349867673162,0.0,0.0,0.0,0.0
Rb1,0.2615722360139493,0.2615722360139493,1.0,0.0,0.0,0.0,0.0,0.0
Lpar6,1.0,1.0,1.0,0.0,0.0,0.0,0.0,0.0
Itm2b,0.005493371437643883,0.05737874097007224,0.3053901722632373,0.02237021383512575,0.06332019136622806,0.10470667998476924,1.8276124369291948,1.9088806019935602
Med4,1.0,1.0,1.0,0.0,0.0,0.0,0.0,0.0
Nudt15,1.0,1.0,1.0,0.0,0.0,0.0,0.0,0.0
Sucla2,1.0,1.0,1.0,0.0,0.0,0.0,0.0,0.0
Htr2a,1.0,1.0,1.0,0.0,0.0,0.0,0.0,0.0
Esd,0.009501095540355024,0.12233417091613663,0.7670968684102772,-26.160698423753193,0.0,0.0,0.0,0.0
Lrch1,1.0,1.0,1.0,0.0,0.0,0.0,0.0,0.0
Gm10847,1.0,1.0,1.0,0.0,0.0,0.0,0.0,0.0
Rubcnl,1.0,1.0,1.0,0.0,0.0,0.0,0.0,0.0
Lrrc63,1.0,1.0,1.0,0.0,0.0,0.0,0.0,0.0
Lcp1,0.2615722360139493,0.47495853988950676,1.0,0.0,0.0,0.0,0.0,0.0
Zc3h13,0.08856750257537103,1.0,1.0,0.0,0.0,0.0,0.0,0.0
Cog3,1.0,1.0,1.0,0.0,0.0,0.0,0.0,0.0
Slc25a30,1.0,1.0,1.0,0.0,0.0,0.0,0.0,0.0
Gm4285,1.0,1.0,1.0,0.0,0.0,0.0,0.0,0.0
Tpt1,0.0073033261887751055,0.11526553941414623,0.42686353893784235,-0.076238821353373,-0.04641412500481781,-0.01527586184048359,3.458014561600125,3.348743852600895
Gtf2f2,0.2615722360139493,1.0,1.0,0.0,0.0,0.0,0.0,0.0
Kctd4,1.0,1.0,1.0,0.0,0.0,0.0,0.0,0.0
Gpalpp1,1.0,1.0,1.0,0.0,0.0,0.0,0.0,0.0
Nufip1,1.0,1.0,1.0,0.0,0.0,0.0,0.0,0.0
Tsc22d1,1.0,1.0,1.0,0.0,0.0,0.0,0.0,0.0
Serp2,1.0,1.0,1.0,0.0,0.0,0.0,0.0,0.0
Lacc1,1.0,1.0,1.0,0.0,0.0,0.0,0.0,0.0
Ccdc122,1.0,1.0,1.0,0.0,0.0,0.0,0.0,0.0
Enox1,1.0,1.0,1.0,0.0,0.0,0.0,0.0,0.0
Dnajc15,0.0017888776467873766,0.009501095540355024,0.1853939469443623,-28.09739296397459,-27.17271018940236,0.0,0.1512868317672429,0.0
Epsti1,1.0,1.0,1.0,0.0,0.0,0.0,0.0,0.0
Tnfsf11,1.0,1.0,1.0,0.0,0.0,0.0,0.0,0.0
Akap11,1.0,1.0,1.0,0.0,0.0,0.0,0.0,0.0
Dgkh,1.0,1.0,1.0,0.0,0.0,0.0,0.0,0.0
Vwa8,1.0,1.0,1.0,0.0,0.0,0.0,0.0,0.0
Rgcc,0.06347883701390773,0.12803324454997875,0.4398035473385238,0.0,0.0,27.73795209700825,0.0,0.0
Naa16,1.0,1.0,1.0,0.0,0.0,0.0,0.0,0.0
Mtrf1,1.0,1.0,1.0,0.0,0.0,0.0,0.0,0.0
Kbtbd7,1.0,1.0,1.0,0.0,0.0,0.0,0.0,0.0
Wbp4,0.2615722360139493,1.0,1.0,0.0,0.0,0.0,0.0,0.0
Elf1,0.00298483765976026,0.020131777407319206,0.06909581646423751,0.37457915025759925,0.6040425176867323,0.788402981225117,0.37982355141568047,0.574179235251197
Sugt1,0.2615722360139493,1.0,1.0,0.0,0.0,0.0,0.0,0.0
Pcdh17,1.0,1.0,1.0,0.0,0.0,0.0,0.0,0.0
Diaph3,1.0,1.0,1.0,0.0,0.0,0.0,0.0,0.0
Tdrd3,1.0,1.0,1.0,0.0,0.0,0.0,0.0,0.0
Gm48942,1.0,1.0,1.0,0.0,0.0,0.0,0.0,0.0
Pcdh9,1.0,1.0,1.0,0.0,0.0,0.0,0.0,0.0
Dach1,1.0,1.0,1.0,0.0,0.0,0.0,0.0,0.0
Rpl36a-ps1,1.0,1.0,1.0,0.0,0.0,0.0,0.0,0.0
Mzt1,1.0,1.0,1.0,0.0,0.0,0.0,0.0,0.0
Bora,1.0,1.0,1.0,0.0,0.0,0.0,0.0,0.0
Dis3,1.0,1.0,1.0,0.0,0.0,0.0,0.0,0.0
Pibf1,1.0,1.0,1.0,0.0,0.0,0.0,0.0,0.0
Klf5,1.0,1.0,1.0,0.0,0.0,0.0,0.0,0.0
Klf12,1.0,1.0,1.0,0.0,0.0,0.0,0.0,0.0
Tbc1d4,1.0,1.0,1.0,0.0,0.0,0.0,0.0,0.0
Commd6,0.2615722360139493,1.0,1.0,0.0,0.0,0.0,0.0,0.0
Uchl3,3.5291394948257277e-05,0.0007335473709934008,0.009501095540355024,-28.268520721707212,-28.124764125326873,-27.080992042433046,0.29268309923125463,0.0
Gm9922,1.0,1.0,1.0,0.0,0.0,0.0,0.0,0.0
Lmo7,1.0,1.0,1.0,0.0,0.0,0.0,0.0,0.0
Gm34589,1.0,1.0,1.0,0.0,0.0,0.0,0.0,0.0
Kctd12,0.14031129417559499,0.6502687105748859,1.0,-28.056657931722256,0.0,28.14941439442183,0.13864269741143875,0.16318820916160715
4933432I03Rik,1.0,1.0,1.0,0.0,0.0,0.0,0.0,0.0
Acod1,1.0,1.0,1.0,0.0,0.0,0.0,0.0,0.0
Cln5,1.0,1.0,1.0,0.0,0.0,0.0,0.0,0.0
Fbxl3,1.0,1.0,1.0,0.0,0.0,0.0,0.0,0.0
Mycbp2,0.0007335473709934008,0.002778685068188869,0.029254565586406815,-28.138712200220095,-27.9166484434022,-26.919093887844117,0.25336613014112397,0.0
Gm34907,1.0,1.0,1.0,0.0,0.0,0.0,0.0,0.0
Slain1,1.0,1.0,1.0,0.0,0.0,0.0,0.0,0.0
Ednrb,1.0,1.0,1.0,0.0,0.0,0.0,0.0,0.0
Rnf219,1.0,1.0,1.0,0.0,0.0,0.0,0.0,0.0
Rbm26,0.029867793297539916,0.08856750257537103,0.26231978295569264,0.0,0.0,0.0,0.0,0.0
Gm17066,1.0,1.0,1.0,0.0,0.0,0.0,0.0,0.0
Ndfip2,0.08856750257537103,0.2615722360139493,1.0,0.0,0.0,0.0,0.0,0.0
Gm10076,0.03142017940779551,0.09788044772564897,0.2702706993728666,-0.37211937498600556,-0.24113360178657423,-0.14215766681596842,1.1286526415970901,0.9564778017745923
Spry2,1.0,1.0,1.0,0.0,0.0,0.0,0.0,0.0
Gm36107,1.0,1.0,1.0,0.0,0.0,0.0,0.0,0.0
Slitrk6,1.0,1.0,1.0,0.0,0.0,0.0,0.0,0.0
Tpm3-rs7,1.0,1.0,1.0,0.0,0.0,0.0,0.0,0.0
Mir17hg,1.0,1.0,1.0,0.0,0.0,0.0,0.0,0.0
Gpc6,1.0,1.0,1.0,0.0,0.0,0.0,0.0,0.0
Tgds,1.0,1.0,1.0,0.0,0.0,0.0,0.0,0.0
Gpr180,1.0,1.0,1.0,0.0,0.0,0.0,0.0,0.0
Gm4675,1.0,1.0,1.0,0.0,0.0,0.0,0.0,0.0
Abcc4,1.0,1.0,1.0,0.0,0.0,0.0,0.0,0.0
Cldn10,1.0,1.0,1.0,0.0,0.0,0.0,0.0,0.0
Dzip1,1.0,1.0,1.0,0.0,0.0,0.0,0.0,0.0
Gm49179,1.0,1.0,1.0,0.0,0.0,0.0,0.0,0.0
Dnajc3,0.02524410573946178,0.13493688973565135,0.4726680955783123,0.04229093236012365,0.09892052395494713,0.16923570239020277,1.3841822429918325,1.482464370134575
Uggt2,1.0,1.0,1.0,0.0,0.0,0.0,0.0,0.0
Mbnl2,0.003903156328317833,0.05161263766000387,0.2978424776621277,-28.380672235068843,-28.170367499929103,-27.16571544655707,0.302082526511506,0.0
Rap2a,1.0,1.0,1.0,0.0,0.0,0.0,0.0,0.0
Ipo5,1.0,1.0,1.0,0.0,0.0,0.0,0.0,0.0
Farp1,1.0,1.0,1.0,0.0,0.0,0.0,0.0,0.0
B930095G15Rik,1.0,1.0,1.0,0.0,0.0,0.0,0.0,0.0
Stk24,0.009501095540355024,0.08856750257537103,0.8822739356449067,-26.6209720516865,0.0,0.0,0.0,0.0
Dock9,1.0,1.0,1.0,0.0,0.0,0.0,0.0,0.0
1810041H14Rik,1.0,1.0,1.0,0.0,0.0,0.0,0.0,0.0
Ubac2,0.2615722360139493,0.2615722360139493,1.0,0.0,0.0,0.0,0.0,0.0
Gpr18,1.0,1.0,1.0,0.0,0.0,0.0,0.0,0.0
Gpr183,0.2615722360139493,1.0,1.0,0.0,0.0,0.0,0.0,0.0
A330035P11Rik,1.0,1.0,1.0,0.0,0.0,0.0,0.0,0.0
Tm9sf2,0.1996030161831719,0.7264717268578031,1.0,-0.5048632166644158,0.10192369631457437,0.3306857821736415,0.361187378777695,0.392164502707099
Clybl,1.0,1.0,1.0,0.0,0.0,0.0,0.0,0.0
Pcca,1.0,1.0,1.0,0.0,0.0,0.0,0.0,0.0
Ggact,0.2615722360139493,1.0,1.0,0.0,0.0,0.0,0.0,0.0
Tmtc4,1.0,1.0,1.0,0.0,0.0,0.0,0.0,0.0
Selenop,1.0,1.0,1.0,0.0,0.0,0.0,0.0,0.0
Ccdc152,1.0,1.0,1.0,0.0,0.0,0.0,0.0,0.0
Ghr,1.0,1.0,1.0,0.0,0.0,0.0,0.0,0.0
Fbxo4,0.9815393059003498,1.0,1.0,0.0,0.0,0.0,0.0,0.0
AW549877,1.0,1.0,1.0,0.0,0.0,0.0,0.0,0.0
BC037032,1.0,1.0,1.0,0.0,0.0,0.0,0.0,0.0
Oxct1,0.0017191380645145984,0.020209865119152133,0.10795134433596801,-28.3406628894865,-28.22890637762777,-28.09309996856391,0.31459196136382617,0.0
Plcxd3,1.0,1.0,1.0,0.0,0.0,0.0,0.0,0.0
C6,1.0,1.0,1.0,0.0,0.0,0.0,0.0,0.0
Card6,1.0,1.0,1.0,0.0,0.0,0.0,0.0,0.0
Rpl37,0.012399777724855125,0.06909581646423751,0.42686353893784235,-0.11065136092351065,-0.07641765031497716,-0.030940426458142024,2.470357616147865,2.3428539419723626
Prkaa1,1.0,1.0,1.0,0.0,0.0,0.0,0.0,0.0
Ttc33,1.0,1.0,1.0,0.0,0.0,0.0,0.0,0.0
Ptger4,1.0,1.0,1.0,0.0,0.0,0.0,0.0,0.0
Dab2,1.0,1.0,1.0,0.0,0.0,0.0,0.0,0.0
Fyb,1.0,1.0,1.0,0.0,0.0,0.0,0.0,0.0
Gm2245,1.0,1.0,1.0,0.0,0.0,0.0,0.0,0.0
Rictor,0.2615722360139493,1.0,1.0,0.0,0.0,0.0,0.0,0.0
Osmr,1.0,1.0,1.0,0.0,0.0,0.0,0.0,0.0
Lifr,1.0,1.0,1.0,0.0,0.0,0.0,0.0,0.0
Egflam,1.0,1.0,1.0,0.0,0.0,0.0,0.0,0.0
Gm49207,1.0,1.0,1.0,0.0,0.0,0.0,0.0,0.0
Gdnf,1.0,1.0,1.0,0.0,0.0,0.0,0.0,0.0
Wdr70,1.0,1.0,1.0,0.0,0.0,0.0,0.0,0.0
Nup155,1.0,1.0,1.0,0.0,0.0,0.0,0.0,0.0
Cplane1,1.0,1.0,1.0,0.0,0.0,0.0,0.0,0.0
Nipbl,0.08856750257537103,0.47495853988950676,1.0,0.0,0.0,0.0,0.0,0.0
Gm31282,1.0,1.0,1.0,0.0,0.0,0.0,0.0,0.0
Gm49249,1.0,1.0,1.0,0.0,0.0,0.0,0.0,0.0
Slc1a3,1.0,1.0,1.0,0.0,0.0,0.0,0.0,0.0
Ranbp3l,1.0,1.0,1.0,0.0,0.0,0.0,0.0,0.0
Nadk2,1.0,1.0,1.0,0.0,0.0,0.0,0.0,0.0
Skp2,1.0,1.0,1.0,0.0,0.0,0.0,0.0,0.0
Lmbrd2,1.0,1.0,1.0,0.0,0.0,0.0,0.0,0.0
Capsl,1.0,1.0,1.0,0.0,0.0,0.0,0.0,0.0
Il7r,1.0,1.0,1.0,0.0,0.0,0.0,0.0,0.0
Spef2,1.0,1.0,1.0,0.0,0.0,0.0,0.0,0.0
Prlr,1.0,1.0,1.0,0.0,0.0,0.0,0.0,0.0
Dnajc21,3.5291394948257277e-05,0.0008503839505192074,0.03304257403267832,-28.344658645057585,-28.23442047198398,-28.08566525538764,0.31579662278335696,0.0
Brix1,1.0,1.0,1.0,0.0,0.0,0.0,0.0,0.0
Rad1,1.0,1.0,1.0,0.0,0.0,0.0,0.0,0.0
Rai14,1.0,1.0,1.0,0.0,0.0,0.0,0.0,0.0
Gm19276,1.0,1.0,1.0,0.0,0.0,0.0,0.0,0.0
C1qtnf3,1.0,1.0,1.0,0.0,0.0,0.0,0.0,0.0
Amacr,1.0,1.0,1.0,0.0,0.0,0.0,0.0,0.0
Adamts12,1.0,1.0,1.0,0.0,0.0,0.0,0.0,0.0
Tars,0.2615722360139493,1.0,1.0,0.0,0.0,0.0,0.0,0.0
Sub1,1.5876796062554575e-05,0.00019052155275065493,0.0021592442645074223,0.2559502736358501,0.3027368733806499,0.35557532356969856,1.3726010456817286,1.6929165756614664
Zfr,0.2615722360139493,1.0,1.0,0.0,0.0,0.0,0.0,0.0
Mtmr12,1.0,1.0,1.0,0.0,0.0,0.0,0.0,0.0
Golph3,0.0007335473709934008,0.009501095540355024,0.1853939469443623,-28.048514585888626,-26.89965110246518,0.0,0.12519928574886124,0.0
Pdzd2,1.0,1.0,1.0,0.0,0.0,0.0,0.0,0.0
6030458C11Rik,1.0,1.0,1.0,0.0,0.0,0.0,0.0,0.0
Drosha,1.0,1.0,1.0,0.0,0.0,0.0,0.0,0.0
Cdh10,1.0,1.0,1.0,0.0,0.0,0.0,0.0,0.0
4930445E18Rik,1.0,1.0,1.0,0.0,0.0,0.0,0.0,0.0
Basp1,1.5876796062554575e-05,0.0003269429143729924,0.0009977713832043241,1.149997195095642,1.462620229212838,1.8378810347503898,0.38112485416499875,1.0534622380529888
Gm5468,1.0,1.0,1.0,0.0,0.0,0.0,0.0,0.0
Myo10,1.0,1.0,1.0,0.0,0.0,0.0,0.0,0.0
Retreg1,1.0,1.0,1.0,0.0,0.0,0.0,0.0,0.0
Zfp622,0.2615722360139493,1.0,1.0,0.0,0.0,0.0,0.0,0.0
Fbxl7,1.0,1.0,1.0,0.0,0.0,0.0,0.0,0.0
Ank,1.0,1.0,1.0,0.0,0.0,0.0,0.0,0.0
Otulin,0.029867793297539916,0.2615722360139493,1.0,0.0,0.0,0.0,0.0,0.0
Otulinl,1.0,1.0,1.0,0.0,0.0,0.0,0.0,0.0
Trio,1.0,1.0,1.0,0.0,0.0,0.0,0.0,0.0
Ctnnd2,1.0,1.0,1.0,0.0,0.0,0.0,0.0,0.0
Dap,0.06940152689211129,0.41718564419939363,0.9691122863264725,0.01925731980029625,0.2116859133137824,0.4040476101009849,0.3436162624132245,0.3972169251975321
Ankrd33b,1.0,1.0,1.0,0.0,0.0,0.0,0.0,0.0
Ropn1l,1.0,1.0,1.0,0.0,0.0,0.0,0.0,0.0
March6,1.0,1.0,1.0,0.0,0.0,0.0,0.0,0.0
Cmbl,1.0,1.0,1.0,0.0,0.0,0.0,0.0,0.0
Cct5,0.1476535160719077,0.5622453293122838,1.0,-0.48897391698422105,-0.025172734726001324,0.20032075033419658,0.392217213330882,0.38694685633579695
Atpsckmt,1.0,1.0,1.0,0.0,0.0,0.0,0.0,0.0
Snhg18,1.0,1.0,1.0,0.0,0.0,0.0,0.0,0.0
Sema5a,1.0,1.0,1.0,0.0,0.0,0.0,0.0,0.0
Gm32618,1.0,1.0,1.0,0.0,0.0,0.0,0.0,0.0
Sdc2,1.0,1.0,1.0,0.0,0.0,0.0,0.0,0.0
Cpq,1.0,1.0,1.0,0.0,0.0,0.0,0.0,0.0
Tspyl5,1.0,1.0,1.0,0.0,0.0,0.0,0.0,0.0
Gm41290,1.0,1.0,1.0,0.0,0.0,0.0,0.0,0.0
Mtdh,0.00010994681273319051,0.00409621338413908,0.098315075017861,0.10901777450942104,0.19345023962101535,0.28314443267638845,1.1506137079976075,1.3169951060404577
Laptm4b,1.0,1.0,1.0,0.0,0.0,0.0,0.0,0.0
Matn2,1.0,1.0,1.0,0.0,0.0,0.0,0.0,0.0
Rpl30,0.020131777407319206,0.2702706993728666,0.9699293482575216,-0.01764519111503816,0.027133976761624816,0.07153301042565972,2.1886157568750146,2.228157716401274
Rida,0.2615722360139493,0.2615722360139493,0.2615722360139493,0.0,0.0,0.0,0.0,0.0
Pop1,1.0,1.0,1.0,0.0,0.0,0.0,0.0,0.0
Nipal2,1.0,1.0,1.0,0.0,0.0,0.0,0.0,0.0
Stk3,1.0,1.0,1.0,0.0,0.0,0.0,0.0,0.0
Osr2,1.0,1.0,1.0,0.0,0.0,0.0,0.0,0.0
Gm48960,1.0,1.0,1.0,0.0,0.0,0.0,0.0,0.0
Vps13b,1.0,1.0,1.0,0.0,0.0,0.0,0.0,0.0
Cox6c,0.11526553941414623,0.5208065412399778,0.9699293482575216,-0.03955082263021654,0.021089100771533288,0.07609725653414624,1.2511511598704175,1.27058074484883
Polr2k,0.1853939469443623,0.7753707093270263,1.0,-27.27848716086479,0.0,0.0,0.0,0.0
Spag1,1.0,1.0,1.0,0.0,0.0,0.0,0.0,0.0
Rnf19a,1.0,1.0,1.0,0.0,0.0,0.0,0.0,0.0
Ankrd46,1.0,1.0,1.0,0.0,0.0,0.0,0.0,0.0
Pabpc1,0.23797729618163055,0.6238787012780821,1.0,-0.04500227758438052,0.07619697582943352,0.17590420827871484,0.7915063582704669,0.8358258962619433
Ywhaz,1.5876796062554575e-05,0.00019052155275065493,0.0021592442645074223,0.3209030155478451,0.4228360091282617,0.603416708324223,0.6627424742971859,0.8871605725548491
Zfp706,0.03142017940779551,0.32426768278161466,0.9699293482575216,-0.020614225021513628,0.05450043870793147,0.13097684463513207,1.0895577860224899,1.130533279477995
Gm16136,1.0,1.0,1.0,0.0,0.0,0.0,0.0,0.0
Grhl2,1.0,1.0,1.0,0.0,0.0,0.0,0.0,0.0
Ncald,0.2615722360139493,1.0,1.0,0.0,0.0,0.0,0.0,0.0
Rrm2b,1.0,1.0,1.0,0.0,0.0,0.0,0.0,0.0
Gm49085,1.0,1.0,1.0,0.0,0.0,0.0,0.0,0.0
Ubr5,0.2615722360139493,1.0,1.0,0.0,0.0,0.0,0.0,0.0
Gm35167,1.0,1.0,1.0,0.0,0.0,0.0,0.0,0.0
Klf10,1.0,1.0,1.0,0.0,0.0,0.0,0.0,0.0
Azin1,0.002149590943638595,0.07279445897043592,0.5208065412399778,0.18381153927187036,0.36637696226105965,0.5921660755432366,0.3717124691628835,0.4791540251575288
Gm49077,1.0,1.0,1.0,0.0,0.0,0.0,0.0,0.0
Atp6v1c1,1.0,1.0,1.0,0.0,0.0,0.0,0.0,0.0
Fzd6,1.0,1.0,1.0,0.0,0.0,0.0,0.0,0.0
Slc25a32,1.0,1.0,1.0,0.0,0.0,0.0,0.0,0.0
Dcaf13,0.2615722360139493,1.0,1.0,0.0,0.0,0.0,0.0,0.0
Rims2,1.0,1.0,1.0,0.0,0.0,0.0,0.0,0.0
Dcstamp,1.0,1.0,1.0,0.0,0.0,0.0,0.0,0.0
Dpys,1.0,1.0,1.0,0.0,0.0,0.0,0.0,0.0
Lrp12,1.0,1.0,1.0,0.0,0.0,0.0,0.0,0.0
Zfpm2,1.0,1.0,1.0,0.0,0.0,0.0,0.0,0.0
Oxr1,0.029867793297539916,0.2615722360139493,1.0,0.0,0.0,0.0,0.0,0.0
Angpt1,1.0,1.0,1.0,0.0,0.0,0.0,0.0,0.0
Gm17473,1.0,1.0,1.0,0.0,0.0,0.0,0.0,0.0
Rspo2,1.0,1.0,1.0,0.0,0.0,0.0,0.0,0.0
Eif3e,0.015860919266492024,0.28385523927666345,0.9699293482575216,0.0020641348588818433,0.1637163045134825,0.289124257937814,0.4237183646340905,0.47378295693175765
Emc2,0.2615722360139493,1.0,1.0,0.0,0.0,0.0,0.0,0.0
Nudcd1,1.0,1.0,1.0,0.0,0.0,0.0,0.0,0.0
Eny2,0.18134476462649837,0.7344923394458999,1.0,-0.19250766818376447,-0.05931206219922318,0.1146531586389572,0.516915582355892,0.494225513777541
Ebag9,1.0,1.0,1.0,0.0,0.0,0.0,0.0,0.0
Trps1,1.0,1.0,1.0,0.0,0.0,0.0,0.0,0.0
Eif3h,0.015860919266492024,0.3053901722632373,0.9699293482575216,-0.22190724197244469,-0.08991879117108567,0.0519156714227301,0.5886989417541992,0.5535550051361089
Utp23,1.0,1.0,1.0,0.0,0.0,0.0,0.0,0.0
Rad21,0.2615722360139493,1.0,1.0,0.0,0.0,0.0,0.0,0.0
Aard,1.0,1.0,1.0,0.0,0.0,0.0,0.0,0.0
Med30,0.002778685068188869,0.029867793297539916,0.2615722360139493,-27.483506845604104,0.0,0.0,0.0,0.0
Gm34794,1.0,1.0,1.0,0.0,0.0,0.0,0.0,0.0
Ext1,1.0,1.0,1.0,0.0,0.0,0.0,0.0,0.0
Samd12,1.0,1.0,1.0,0.0,0.0,0.0,0.0,0.0
Tnfrsf11b,1.0,1.0,1.0,0.0,0.0,0.0,0.0,0.0
Colec10,1.0,1.0,1.0,0.0,0.0,0.0,0.0,0.0
Mal2,1.0,1.0,1.0,0.0,0.0,0.0,0.0,0.0
Ccn3,1.0,1.0,1.0,0.0,0.0,0.0,0.0,0.0
Enpp2,1.0,1.0,1.0,0.0,0.0,0.0,0.0,0.0
Taf2,1.0,1.0,1.0,0.0,0.0,0.0,0.0,0.0
Dscc1,1.0,1.0,1.0,0.0,0.0,0.0,0.0,0.0
Gm9920,1.0,1.0,1.0,0.0,0.0,0.0,0.0,0.0
Deptor,1.0,1.0,1.0,0.0,0.0,0.0,0.0,0.0
Col14a1,1.0,1.0,1.0,0.0,0.0,0.0,0.0,0.0
Gm49257,1.0,1.0,1.0,0.0,0.0,0.0,0.0,0.0
Mrpl13,0.003153408272980092,0.024663758772940858,0.17122507448100455,-28.570474656623002,-28.467133278113966,-1.2378353671367466,0.37329878761526775,0.0
Mtbp,1.0,1.0,1.0,0.0,0.0,0.0,0.0,0.0
Sntb1,1.0,1.0,1.0,0.0,0.0,0.0,0.0,0.0
Gm49212,1.0,1.0,1.0,0.0,0.0,0.0,0.0,0.0
Has2,1.0,1.0,1.0,0.0,0.0,0.0,0.0,0.0
Has2os,1.0,1.0,1.0,0.0,0.0,0.0,0.0,0.0
Zhx2,1.0,1.0,1.0,0.0,0.0,0.0,0.0,0.0
Derl1,0.18073271413828693,0.6238787012780821,1.0,-0.03082120608534053,0.05605803922859473,0.1466883846058082,0.8873149276128112,0.924381667204455
Tbc1d31,1.0,1.0,1.0,0.0,0.0,0.0,0.0,0.0
Fam83a,1.0,1.0,1.0,0.0,0.0,0.0,0.0,0.0
9130401M01Rik,1.0,1.0,1.0,0.0,0.0,0.0,0.0,0.0
Gm29394,1.0,1.0,1.0,0.0,0.0,0.0,0.0,0.0
Zhx1,1.0,1.0,1.0,0.0,0.0,0.0,0.0,0.0
Atad2,1.0,1.0,1.0,0.0,0.0,0.0,0.0,0.0
Wdyhv1,1.0,1.0,1.0,0.0,0.0,0.0,0.0,0.0
Fbxo32,1.0,1.0,1.0,0.0,0.0,0.0,0.0,0.0
Anxa13,1.0,1.0,1.0,0.0,0.0,0.0,0.0,0.0
Fam91a1,1.0,1.0,1.0,0.0,0.0,0.0,0.0,0.0
Gm20712,1.0,1.0,1.0,0.0,0.0,0.0,0.0,0.0
Tmem65,1.0,1.0,1.0,0.0,0.0,0.0,0.0,0.0
Trmt12,1.0,1.0,1.0,0.0,0.0,0.0,0.0,0.0
Rnf139,1.0,1.0,1.0,0.0,0.0,0.0,0.0,0.0
Tatdn1,1.0,1.0,1.0,0.0,0.0,0.0,0.0,0.0
Ndufb9,0.009557831229657855,0.1065729935698976,0.6238787012780821,0.014806924616726854,0.08389624126992959,0.14054895279796123,1.0229390191461252,1.0855882305651512
Mtss1,1.0,1.0,1.0,0.0,0.0,0.0,0.0,0.0
Sqle,1.0,1.0,1.0,0.0,0.0,0.0,0.0,0.0
Washc5,1.0,1.0,1.0,0.0,0.0,0.0,0.0,0.0
Nsmce2,0.2615722360139493,0.2615722360139493,1.0,0.0,0.0,0.0,0.0,0.0
Trib1,0.012128869270031368,0.09703824532536225,0.6133484776563917,-0.48269813153953883,-0.3010012834519745,-0.08296207432905048,0.564016658355406,0.45927204949309114
Gm19510,1.0,1.0,1.0,0.0,0.0,0.0,0.0,0.0
Gm2682,1.0,1.0,1.0,0.0,0.0,0.0,0.0,0.0
Lratd2,1.0,1.0,1.0,0.0,0.0,0.0,0.0,0.0
9930014A18Rik,1.0,1.0,1.0,0.0,0.0,0.0,0.0,0.0
Myc,0.2615722360139493,1.0,1.0,0.0,0.0,0.0,0.0,0.0
Pvt1,1.0,1.0,1.0,0.0,0.0,0.0,0.0,0.0
Gsdmc2,1.0,1.0,1.0,0.0,0.0,0.0,0.0,0.0
Gsdmc3,1.0,1.0,1.0,0.0,0.0,0.0,0.0,0.0
Gsdmc4,1.0,1.0,1.0,0.0,0.0,0.0,0.0,0.0
Fam49b,0.08856750257537103,0.2615722360139493,1.0,0.0,0.0,0.0,0.0,0.0
Asap1,1.0,1.0,1.0,0.0,0.0,0.0,0.0,0.0
Efr3a,1.0,1.0,1.0,0.0,0.0,0.0,0.0,0.0
Tmem71,1.0,1.0,1.0,0.0,0.0,0.0,0.0,0.0
Phf20l1,0.002778685068188869,0.009501095540355024,0.08856750257537103,-27.605586580478548,-25.959150080067083,0.0,0.06523532485283474,0.0
Tg,0.2615722360139493,1.0,1.0,0.0,0.0,0.0,0.0,0.0
Sla,0.2615722360139493,1.0,1.0,0.0,0.0,0.0,0.0,0.0
Ccn4,1.0,1.0,1.0,0.0,0.0,0.0,0.0,0.0
Ndrg1,1.0,1.0,1.0,0.0,0.0,0.0,0.0,0.0
St3gal1,1.0,1.0,1.0,0.0,0.0,0.0,0.0,0.0
Zfat,1.0,1.0,1.0,0.0,0.0,0.0,0.0,0.0
Gm26621,1.0,1.0,1.0,0.0,0.0,0.0,0.0,0.0
Khdrbs3,1.0,1.0,1.0,0.0,0.0,0.0,0.0,0.0
Col22a1,1.0,1.0,1.0,0.0,0.0,0.0,0.0,0.0
Trappc9,1.0,1.0,1.0,0.0,0.0,0.0,0.0,0.0
Peg13,1.0,1.0,1.0,0.0,0.0,0.0,0.0,0.0
Chrac1,0.08856750257537103,0.08856750257537103,1.0,0.0,0.0,0.0,0.0,0.0
Ago2,0.028858074365590916,0.1853939469443623,0.8822739356449067,-25.848495952927735,0.0,0.0,0.0,0.0
Ptk2,1.0,1.0,1.0,0.0,0.0,0.0,0.0,0.0
Gm49066,1.0,1.0,1.0,0.0,0.0,0.0,0.0,0.0
Dennd3,1.0,1.0,1.0,0.0,0.0,0.0,0.0,0.0
Slc45a4,1.0,1.0,1.0,0.0,0.0,0.0,0.0,0.0
Gpr20,1.0,1.0,1.0,0.0,0.0,0.0,0.0,0.0
Ptp4a3,0.2615722360139493,0.2615722360139493,1.0,0.0,0.0,0.0,0.0,0.0
Arc,1.0,1.0,1.0,0.0,0.0,0.0,0.0,0.0
Jrk,1.0,1.0,1.0,0.0,0.0,0.0,0.0,0.0
Them6,1.0,1.0,1.0,0.0,0.0,0.0,0.0,0.0
Lynx1,1.0,1.0,1.0,0.0,0.0,0.0,0.0,0.0
Ly6d,0.03142017940779551,0.2082876875446535,0.5208065412399778,0.31320449909644826,0.4912703443705805,0.7009634441704975,1.1336441824623926,1.598551579117835
Ly6k,1.0,1.0,1.0,0.0,0.0,0.0,0.0,0.0
Ly6m,1.0,1.0,1.0,0.0,0.0,0.0,0.0,0.0
Gm39556,1.0,1.0,1.0,0.0,0.0,0.0,0.0,0.0
Ly6e,1.5876796062554575e-05,0.00030165912518853697,0.005493371437643883,0.11710524078304825,0.18773768849118933,0.24344896294493207,1.5138805944541152,1.725851129103455
Ly6i,1.0,1.0,1.0,0.0,0.0,0.0,0.0,0.0
Ly6a,1.5876796062554575e-05,6.35071842502183e-05,0.0015241724220052392,-0.7588842193710591,-0.6025586137967338,-0.47574001090780715,2.3435481491754198,1.5402997953340374
Ly6c1,1.0,1.0,1.0,0.0,0.0,0.0,0.0,0.0
Ly6c2,0.004703288898049222,0.01843949500819983,0.09590630340158048,-1.1401290266203061,-0.7122981725645696,-0.4249069725524929,0.892911574774742,0.5446053688338208
Ly6g,1.0,1.0,1.0,0.0,0.0,0.0,0.0,0.0
Ly6h,1.0,1.0,1.0,0.0,0.0,0.0,0.0,0.0
Gpihbp1,1.0,1.0,1.0,0.0,0.0,0.0,0.0,0.0
Zfp41,1.0,1.0,1.0,0.0,0.0,0.0,0.0,0.0
Gm46519,1.0,1.0,1.0,0.0,0.0,0.0,0.0,0.0
Top1mt,1.0,1.0,1.0,0.0,0.0,0.0,0.0,0.0
Mafa,1.0,1.0,1.0,0.0,0.0,0.0,0.0,0.0
Zc3h3,1.0,1.0,1.0,0.0,0.0,0.0,0.0,0.0
Gsdmd,1.0,1.0,1.0,0.0,0.0,0.0,0.0,0.0
Naprt,1.0,1.0,1.0,0.0,0.0,0.0,0.0,0.0
Eef1d,0.18134476462649837,0.7344923394458999,1.0,-0.1181328819283951,-0.014692097298766483,0.08704588966179452,0.79073413807246,0.7838055562713542
Tigd5,1.0,1.0,1.0,0.0,0.0,0.0,0.0,0.0
Pycrl,1.0,1.0,1.0,0.0,0.0,0.0,0.0,0.0
Tsta3,1.0,1.0,1.0,0.0,0.0,0.0,0.0,0.0
Zfp623,1.0,1.0,1.0,0.0,0.0,0.0,0.0,0.0
Zfp707,1.0,1.0,1.0,0.0,0.0,0.0,0.0,0.0
Ccdc166,1.0,1.0,1.0,0.0,0.0,0.0,0.0,0.0
Fam83h,1.0,1.0,1.0,0.0,0.0,0.0,0.0,0.0
Scrib,1.0,1.0,1.0,0.0,0.0,0.0,0.0,0.0
Puf60,0.2615722360139493,1.0,1.0,0.0,0.0,0.0,0.0,0.0
Nrbp2,1.0,1.0,1.0,0.0,0.0,0.0,0.0,0.0
Eppk1,1.0,1.0,1.0,0.0,0.0,0.0,0.0,0.0
Plec,1.0,1.0,1.0,0.0,0.0,0.0,0.0,0.0
Parp10,1.0,1.0,1.0,0.0,0.0,0.0,0.0,0.0
Grina,0.029867793297539916,0.08856750257537103,0.7670968684102772,0.0,0.0,0.0,0.0,0.0
Mirt2,1.0,1.0,1.0,0.0,0.0,0.0,0.0,0.0
Smpd5,1.0,1.0,1.0,0.0,0.0,0.0,0.0,0.0
Oplah,1.0,1.0,1.0,0.0,0.0,0.0,0.0,0.0
Exosc4,1.0,1.0,1.0,0.0,0.0,0.0,0.0,0.0
Gpaa1,1.0,1.0,1.0,0.0,0.0,0.0,0.0,0.0
Cyc1,0.0006222595543671056,0.020209865119152133,0.1634828565514361,-28.31312596128568,-28.120970835638563,-27.824520707249505,0.2919145399248505,0.0
Sharpin,1.0,1.0,1.0,0.0,0.0,0.0,0.0,0.0
Maf1,1.0,1.0,1.0,0.0,0.0,0.0,0.0,0.0
Gm35339,1.0,1.0,1.0,0.0,0.0,0.0,0.0,0.0
Hgh1,1.0,1.0,1.0,0.0,0.0,0.0,0.0,0.0
Mroh1,1.0,1.0,1.0,0.0,0.0,0.0,0.0,0.0
Bop1,1.0,1.0,1.0,0.0,0.0,0.0,0.0,0.0
Hsf1,1.0,1.0,1.0,0.0,0.0,0.0,0.0,0.0
Dgat1,1.0,1.0,1.0,0.0,0.0,0.0,0.0,0.0
Scrt1,1.0,1.0,1.0,0.0,0.0,0.0,0.0,0.0
Fbxl6,1.0,1.0,1.0,0.0,0.0,0.0,0.0,0.0
Slc52a2,1.0,1.0,1.0,0.0,0.0,0.0,0.0,0.0
Adck5,1.0,1.0,1.0,0.0,0.0,0.0,0.0,0.0
Cpsf1,1.0,1.0,1.0,0.0,0.0,0.0,0.0,0.0
Slc39a4,1.0,1.0,1.0,0.0,0.0,0.0,0.0,0.0
Vps28,0.015050925640298017,0.10609514164164581,0.5543742897628018,-28.42279226834724,-28.2766845300937,-0.39929915612916916,0.3326182673000777,0.0
Tonsl,1.0,1.0,1.0,0.0,0.0,0.0,0.0,0.0
Cyhr1,0.08856750257537103,1.0,1.0,0.0,0.0,0.0,0.0,0.0
Kifc2,1.0,1.0,1.0,0.0,0.0,0.0,0.0,0.0
Ppp1r16a,1.0,1.0,1.0,0.0,0.0,0.0,0.0,0.0
Gpt,1.0,1.0,1.0,0.0,0.0,0.0,0.0,0.0
Mfsd3,1.0,1.0,1.0,0.0,0.0,0.0,0.0,0.0
Recql4,1.0,1.0,1.0,0.0,0.0,0.0,0.0,0.0
Lrrc14,1.0,1.0,1.0,0.0,0.0,0.0,0.0,0.0
C030006K11Rik,1.0,1.0,1.0,0.0,0.0,0.0,0.0,0.0
Arhgap39,1.0,1.0,1.0,0.0,0.0,0.0,0.0,0.0
Zfp251,1.0,1.0,1.0,0.0,0.0,0.0,0.0,0.0
Zfp7,1.0,1.0,1.0,0.0,0.0,0.0,0.0,0.0
Commd5,1.0,1.0,1.0,0.0,0.0,0.0,0.0,0.0
Rpl8,0.08249583234103358,0.4726680955783123,0.9699293482575216,-0.024558494791876054,0.02142918138849019,0.06255823561852962,2.3745476637251546,2.411288526698984
Zfp647,1.0,1.0,1.0,0.0,0.0,0.0,0.0,0.0
1110038F14Rik,1.0,1.0,1.0,0.0,0.0,0.0,0.0,0.0
Apol6,1.0,1.0,1.0,0.0,0.0,0.0,0.0,0.0
Rbfox2,1.0,1.0,1.0,0.0,0.0,0.0,0.0,0.0
Apol9a,1.0,1.0,1.0,0.0,0.0,0.0,0.0,0.0
Apol7b,1.0,1.0,1.0,0.0,0.0,0.0,0.0,0.0
Apol7c,1.0,1.0,1.0,0.0,0.0,0.0,0.0,0.0
Apol10b,1.0,1.0,1.0,0.0,0.0,0.0,0.0,0.0
Apol7e,1.0,1.0,1.0,0.0,0.0,0.0,0.0,0.0
Myh9,0.2615722360139493,1.0,1.0,0.0,0.0,0.0,0.0,0.0
Txn2,0.08856750257537103,1.0,1.0,0.0,0.0,0.0,0.0,0.0
Foxred2,1.0,1.0,1.0,0.0,0.0,0.0,0.0,0.0
Eif3d,0.009501095540355024,0.08856750257537103,0.8822739356449067,-25.95446315202338,0.0,0.0,0.0,0.0
Gm17638,1.0,1.0,1.0,0.0,0.0,0.0,0.0,0.0
Ift27,0.08856750257537103,0.2615722360139493,1.0,0.0,0.0,0.0,0.0,0.0
Ncf4,0.08856750257537103,0.2615722360139493,1.0,0.0,0.0,0.0,0.0,0.0
Csf2rb2,1.0,1.0,1.0,0.0,0.0,0.0,0.0,0.0
Csf2rb,1.0,1.0,1.0,0.0,0.0,0.0,0.0,0.0
Tst,1.0,1.0,1.0,0.0,0.0,0.0,0.0,0.0
Mpst,1.0,1.0,1.0,0.0,0.0,0.0,0.0,0.0
Kctd17,1.0,1.0,1.0,0.0,0.0,0.0,0.0,0.0
Il2rb,1.0,1.0,1.0,0.0,0.0,0.0,0.0,0.0
C1qtnf6,1.0,1.0,1.0,0.0,0.0,0.0,0.0,0.0
Rac2,0.00016866790529766529,0.005135131892805325,0.11089492108541128,-28.56170689886031,-28.377622190648918,-1.2171229872590286,0.35024392162854623,0.0
Gm36738,1.0,1.0,1.0,0.0,0.0,0.0,0.0,0.0
Cyth4,1.0,1.0,1.0,0.0,0.0,0.0,0.0,0.0
Mfng,1.0,1.0,1.0,0.0,0.0,0.0,0.0,0.0
Card10,1.0,1.0,1.0,0.0,0.0,0.0,0.0,0.0
Cdc42ep1,1.0,1.0,1.0,0.0,0.0,0.0,0.0,0.0
Gga1,1.0,1.0,1.0,0.0,0.0,0.0,0.0,0.0
Sh3bp1,1.0,1.0,1.0,0.0,0.0,0.0,0.0,0.0
Pdxp,1.0,1.0,1.0,0.0,0.0,0.0,0.0,0.0
Lgals1,0.00019052155275065493,0.009557831229657855,0.08288044772564862,0.1311177056090275,0.31040728900522013,0.48217392624923333,0.763118646310964,0.9443701434667813
Nol12,1.0,1.0,1.0,0.0,0.0,0.0,0.0,0.0
Triobp,1.0,1.0,1.0,0.0,0.0,0.0,0.0,0.0
H1f0,0.009501095540355024,0.08856750257537103,0.7670968684102772,-27.073689349264804,0.0,0.0,0.0,0.0
Gcat,1.0,1.0,1.0,0.0,0.0,0.0,0.0,0.0
Ankrd54,1.0,1.0,1.0,0.0,0.0,0.0,0.0,0.0
Eif3l,0.009501095540355024,0.029867793297539916,0.2615722360139493,-26.91436781069537,0.0,0.0,0.0,0.0
Micall1,1.0,1.0,1.0,0.0,0.0,0.0,0.0,0.0
1700088E04Rik,1.0,1.0,1.0,0.0,0.0,0.0,0.0,0.0
Polr2f,0.014708987135765385,0.18799380078444472,0.667218577659961,0.17814525846397178,0.36250409699419817,0.608946222326198,0.3101616036031224,0.39754317813079476
Pick1,1.0,1.0,1.0,0.0,0.0,0.0,0.0,0.0
Baiap2l2,1.0,1.0,1.0,0.0,0.0,0.0,0.0,0.0
Pla2g6,1.0,1.0,1.0,0.0,0.0,0.0,0.0,0.0
Maff,1.0,1.0,1.0,0.0,0.0,0.0,0.0,0.0
Tmem184b,0.2615722360139493,1.0,1.0,0.0,0.0,0.0,0.0,0.0
Csnk1e,0.2615722360139493,1.0,1.0,0.0,0.0,0.0,0.0,0.0
Gm16059,1.0,1.0,1.0,0.0,0.0,0.0,0.0,0.0
Kdelr3,1.0,1.0,1.0,0.0,0.0,0.0,0.0,0.0
Ddx17,0.009501095540355024,0.029867793297539916,0.2615722360139493,-27.07566007100012,0.0,0.0,0.0,0.0
Dmc1,1.0,1.0,1.0,0.0,0.0,0.0,0.0,0.0
Fam227a,1.0,1.0,1.0,0.0,0.0,0.0,0.0,0.0
Cby1,1.0,1.0,1.0,0.0,0.0,0.0,0.0,0.0
Tomm22,0.029867793297539916,0.08856750257537103,0.3519631185845171,0.0,0.0,0.0,0.0,0.0
Josd1,1.0,1.0,1.0,0.0,0.0,0.0,0.0,0.0
Gtpbp1,1.0,1.0,1.0,0.0,0.0,0.0,0.0,0.0
Sun2,1.0,1.0,1.0,0.0,0.0,0.0,0.0,0.0
Dnal4,1.0,1.0,1.0,0.0,0.0,0.0,0.0,0.0
Nptxr,1.0,1.0,1.0,0.0,0.0,0.0,0.0,0.0
Cbx6,1.0,1.0,1.0,0.0,0.0,0.0,0.0,0.0
AC113595.1,1.0,1.0,1.0,0.0,0.0,0.0,0.0,0.0
Apobec3,0.2615722360139493,1.0,1.0,0.0,0.0,0.0,0.0,0.0
Cbx7,1.0,1.0,1.0,0.0,0.0,0.0,0.0,0.0
Pdgfb,1.0,1.0,1.0,0.0,0.0,0.0,0.0,0.0
Rpl3,0.03852544256569026,0.23797729618163055,0.7920774787647853,-0.008410248695651159,0.03194111015111921,0.07380166456003169,1.9811911338272,2.0261236953516337
Syngr1,1.0,1.0,1.0,0.0,0.0,0.0,0.0,0.0
Tab1,1.0,1.0,1.0,0.0,0.0,0.0,0.0,0.0
Mgat3,1.0,1.0,1.0,0.0,0.0,0.0,0.0,0.0
Mief1,1.0,1.0,1.0,0.0,0.0,0.0,0.0,0.0
Atf4,3.175359212510915e-05,0.00030165912518853697,0.00298483765976026,0.4490140013135342,0.5989903160647232,0.7346551674547592,0.709386533366406,1.0804721949429026
Rps19bp1,0.08856750257537103,1.0,1.0,0.0,0.0,0.0,0.0,0.0
Grap2,1.0,1.0,1.0,0.0,0.0,0.0,0.0,0.0
Fam83f,1.0,1.0,1.0,0.0,0.0,0.0,0.0,0.0
Tnrc6b,3.175359212510915e-05,0.009557831229657855,0.21739868117188874,0.2510272799691088,0.5044051729344492,0.7189770248076913,0.3805146153471852,0.5399899028623693
Adsl,1.0,1.0,1.0,0.0,0.0,0.0,0.0,0.0
Sgsm3,1.0,1.0,1.0,0.0,0.0,0.0,0.0,0.0
Mrtfa,1.0,1.0,1.0,0.0,0.0,0.0,0.0,0.0
Slc25a17,1.0,1.0,1.0,0.0,0.0,0.0,0.0,0.0
St13,0.0007335473709934008,0.009501095540355024,0.06379158305241432,-28.02080589964869,-27.009590333090237,0.0,0.135112913087217,0.0
Xpnpep3,1.0,1.0,1.0,0.0,0.0,0.0,0.0,0.0
Rbx1,0.0073033261887751055,0.13493688973565135,0.7344923394458999,0.007793951475411423,0.11106867868412726,0.20561941618673987,0.7316138249683057,0.7899943752099337
Ep300,1.0,1.0,1.0,0.0,0.0,0.0,0.0,0.0
L3mbtl2,1.0,1.0,1.0,0.0,0.0,0.0,0.0,0.0
Chadl,1.0,1.0,1.0,0.0,0.0,0.0,0.0,0.0
Rangap1,1.0,1.0,1.0,0.0,0.0,0.0,0.0,0.0
Zc3h7b,1.0,1.0,1.0,0.0,0.0,0.0,0.0,0.0
Tef,1.0,1.0,1.0,0.0,0.0,0.0,0.0,0.0
Tob2,1.0,1.0,1.0,0.0,0.0,0.0,0.0,0.0
Phf5a,0.002778685068188869,0.06067621353514402,0.4469684694114323,-28.123775917575745,-26.744004492944445,0.0,0.11239514519432775,0.0
Aco2,0.029867793297539916,0.2615722360139493,0.8822739356449067,0.0,0.0,0.0,0.0,0.0
Polr3h,1.0,1.0,1.0,0.0,0.0,0.0,0.0,0.0
Pmm1,1.0,1.0,1.0,0.0,0.0,0.0,0.0,0.0
Xrcc6,1.0,1.0,1.0,0.0,0.0,0.0,0.0,0.0
Desi1,3.5291394948257277e-05,3.5291394948257277e-05,0.0007335473709934008,-28.35894763962988,-28.234012805635675,-28.131793712169987,0.31570739238347334,0.0
Snu13,0.005493371437643883,0.08249583234103358,0.4881274747251039,0.07305774114335677,0.25394635290432843,0.4056961126265144,0.40481947057587514,0.48325337944241686
Ccdc134,0.2615722360139493,1.0,1.0,0.0,0.0,0.0,0.0,0.0
Srebf2,0.08856750257537103,0.2615722360139493,1.0,0.0,0.0,0.0,0.0,0.0
Shisa8,1.0,1.0,1.0,0.0,0.0,0.0,0.0,0.0
Tnfrsf13c,1.0,1.0,1.0,0.0,0.0,0.0,0.0,0.0
Cenpm,1.0,1.0,1.0,0.0,0.0,0.0,0.0,0.0
Sept3,1.0,1.0,1.0,0.0,0.0,0.0,0.0,0.0
Naga,1.0,1.0,1.0,0.0,0.0,0.0,0.0,0.0
Pheta2,1.0,1.0,1.0,0.0,0.0,0.0,0.0,0.0
Smdt1,0.00047630388187663733,0.020131777407319206,0.20902992776057724,0.1314246441246471,0.3631636579582853,0.5835466032100602,0.4423901058002041,0.5710126993363005
Ndufa6,0.06909581646423751,0.42686353893784235,0.9699293482575216,-0.012210218734057431,0.12476089941030985,0.24369169976099309,0.5807633436035164,0.6335038432296507
Cyp2d22,1.0,1.0,1.0,0.0,0.0,0.0,0.0,0.0
Tcf20,1.0,1.0,1.0,0.0,0.0,0.0,0.0,0.0
Gm20324,1.0,1.0,1.0,0.0,0.0,0.0,0.0,0.0
Nfam1,1.0,1.0,1.0,0.0,0.0,0.0,0.0,0.0
Serhl,1.0,1.0,1.0,0.0,0.0,0.0,0.0,0.0
Rrp7a,1.0,1.0,1.0,0.0,0.0,0.0,0.0,0.0
Poldip3,0.2615722360139493,0.2615722360139493,1.0,0.0,0.0,0.0,0.0,0.0
Cyb5r3,0.2615722360139493,1.0,1.0,0.0,0.0,0.0,0.0,0.0
Gm49463,1.0,1.0,1.0,0.0,0.0,0.0,0.0,0.0
A4galt,1.0,1.0,1.0,0.0,0.0,0.0,0.0,0.0
Arfgap3,0.1853939469443623,0.8604196312767312,0.8822739356449067,0.0,0.0,0.0,0.0,0.0
1700001L05Rik,1.0,1.0,1.0,0.0,0.0,0.0,0.0,0.0
Pacsin2,1.0,1.0,1.0,0.0,0.0,0.0,0.0,0.0
Ttll1,1.0,1.0,1.0,0.0,0.0,0.0,0.0,0.0
Bik,1.0,1.0,1.0,0.0,0.0,0.0,0.0,0.0
Mcat,1.0,1.0,1.0,0.0,0.0,0.0,0.0,0.0
Tspo,0.0021592442645074223,0.04734460585853775,0.23797729618163055,0.059960209435326914,0.15021983188039045,0.24131600743471227,0.8127144352030438,0.9015625180708084
Ttll12,1.0,1.0,1.0,0.0,0.0,0.0,0.0,0.0
Scube1,1.0,1.0,1.0,0.0,0.0,0.0,0.0,0.0
Samm50,3.5291394948257277e-05,0.0012730863420067167,0.01663334113528102,-28.30912875854452,-28.211321127177285,-28.085791603809028,0.3107805816668305,0.0
Parvb,1.0,1.0,1.0,0.0,0.0,0.0,0.0,0.0
Parvg,1.0,1.0,1.0,0.0,0.0,0.0,0.0,0.0
Rtl6,1.0,1.0,1.0,0.0,0.0,0.0,0.0,0.0
Prr5,3.5291394948257277e-05,6.0342433300663835e-05,0.0012730863420067167,-28.6338119661265,-28.42456304257537,-28.26703488603533,0.3602849228876741,0.0
Arhgap8,1.0,1.0,1.0,0.0,0.0,0.0,0.0,0.0
Phf21b,1.0,1.0,1.0,0.0,0.0,0.0,0.0,0.0
Gm29666,1.0,1.0,1.0,0.0,0.0,0.0,0.0,0.0
Nup50,0.08856750257537103,1.0,1.0,0.0,0.0,0.0,0.0,0.0
5031439G07Rik,1.0,1.0,1.0,0.0,0.0,0.0,0.0,0.0
Fam118a,1.0,1.0,1.0,0.0,0.0,0.0,0.0,0.0
Fbln1,1.0,1.0,1.0,0.0,0.0,0.0,0.0,0.0
Atxn10,1.0,1.0,1.0,0.0,0.0,0.0,0.0,0.0
Gm49539,1.0,1.0,1.0,0.0,0.0,0.0,0.0,0.0
Ppara,1.0,1.0,1.0,0.0,0.0,0.0,0.0,0.0
Cdpf1,1.0,1.0,1.0,0.0,0.0,0.0,0.0,0.0
Ttc38,1.0,1.0,1.0,0.0,0.0,0.0,0.0,0.0
Gtse1,1.0,1.0,1.0,0.0,0.0,0.0,0.0,0.0
Trmu,1.0,1.0,1.0,0.0,0.0,0.0,0.0,0.0
Celsr1,1.0,1.0,1.0,0.0,0.0,0.0,0.0,0.0
Gramd4,1.0,1.0,1.0,0.0,0.0,0.0,0.0,0.0
Cerk,0.2615722360139493,1.0,1.0,0.0,0.0,0.0,0.0,0.0
Tbc1d22a,1.0,1.0,1.0,0.0,0.0,0.0,0.0,0.0
A930001M01Rik,1.0,1.0,1.0,0.0,0.0,0.0,0.0,0.0
Tafa5,1.0,1.0,1.0,0.0,0.0,0.0,0.0,0.0
Brd1,1.0,1.0,1.0,0.0,0.0,0.0,0.0,0.0
Zbed4,1.0,1.0,1.0,0.0,0.0,0.0,0.0,0.0
Alg12,1.0,1.0,1.0,0.0,0.0,0.0,0.0,0.0
Creld2,0.0015241724220052392,0.02268794157339049,0.18134476462649837,-0.2991915435672857,-0.1995158113398932,-0.07566746173726137,1.10865179408967,0.9626243434840087
Pim3,1.0,1.0,1.0,0.0,0.0,0.0,0.0,0.0
1810021B22Rik,1.0,1.0,1.0,0.0,0.0,0.0,0.0,0.0
Trabd,0.2082876875446535,0.7344923394458999,1.0,-0.1422220956572896,0.05321079573419457,0.2830522524614027,0.45699857117251663,0.47264155954943926
Selenoo,1.0,1.0,1.0,0.0,0.0,0.0,0.0,0.0
Tubgcp6,1.0,1.0,1.0,0.0,0.0,0.0,0.0,0.0
Hdac10,1.0,1.0,1.0,0.0,0.0,0.0,0.0,0.0
Mapk12,1.0,1.0,1.0,0.0,0.0,0.0,0.0,0.0
Mapk11,1.0,1.0,1.0,0.0,0.0,0.0,0.0,0.0
Plxnb2,1.0,1.0,1.0,0.0,0.0,0.0,0.0,0.0
Dennd6b,1.0,1.0,1.0,0.0,0.0,0.0,0.0,0.0
Ppp6r2,1.0,1.0,1.0,0.0,0.0,0.0,0.0,0.0
Sbf1,1.0,1.0,1.0,0.0,0.0,0.0,0.0,0.0
Lmf2,1.0,1.0,1.0,0.0,0.0,0.0,0.0,0.0
Ncaph2,1.0,1.0,1.0,0.0,0.0,0.0,0.0,0.0
Sco2,1.0,1.0,1.0,0.0,0.0,0.0,0.0,0.0
Cpt1b,1.0,1.0,1.0,0.0,0.0,0.0,0.0,0.0
Chkb,1.0,1.0,1.0,0.0,0.0,0.0,0.0,0.0
C730034F03Rik,1.0,1.0,1.0,0.0,0.0,0.0,0.0,0.0
Arsa,1.0,1.0,1.0,0.0,0.0,0.0,0.0,0.0
C230037L18Rik,1.0,1.0,1.0,0.0,0.0,0.0,0.0,0.0
Shank3,1.0,1.0,1.0,0.0,0.0,0.0,0.0,0.0
Rabl2,1.0,1.0,1.0,0.0,0.0,0.0,0.0,0.0
Alg10b,1.0,1.0,1.0,0.0,0.0,0.0,0.0,0.0
Cpne8,1.0,1.0,1.0,0.0,0.0,0.0,0.0,0.0
Kif21a,1.0,1.0,1.0,0.0,0.0,0.0,0.0,0.0
Abcd2,1.0,1.0,1.0,0.0,0.0,0.0,0.0,0.0
Slc2a13,1.0,1.0,1.0,0.0,0.0,0.0,0.0,0.0
Lrrk2,1.0,1.0,1.0,0.0,0.0,0.0,0.0,0.0
Cntn1,1.0,1.0,1.0,0.0,0.0,0.0,0.0,0.0
Gxylt1,1.0,1.0,1.0,0.0,0.0,0.0,0.0,0.0
Yaf2,1.0,1.0,1.0,0.0,0.0,0.0,0.0,0.0
Zcrb1,0.048763845218706754,0.4629209642261225,0.969182212422568,-0.03309771156878493,0.17770301933332772,0.36521855397433217,0.36637650991922777,0.4138883110029283
Pphln1,1.0,1.0,1.0,0.0,0.0,0.0,0.0,0.0
Prickle1,1.0,1.0,1.0,0.0,0.0,0.0,0.0,0.0
Pus7l,1.0,1.0,1.0,0.0,0.0,0.0,0.0,0.0
Irak4,1.0,1.0,1.0,0.0,0.0,0.0,0.0,0.0
Twf1,0.08856750257537103,1.0,1.0,0.0,0.0,0.0,0.0,0.0
A130051J06Rik,1.0,1.0,1.0,0.0,0.0,0.0,0.0,0.0
Ano6,1.0,1.0,1.0,0.0,0.0,0.0,0.0,0.0
Gm17546,1.0,1.0,1.0,0.0,0.0,0.0,0.0,0.0
2610037D02Rik,1.0,1.0,1.0,0.0,0.0,0.0,0.0,0.0
Arid2,1.0,1.0,1.0,0.0,0.0,0.0,0.0,0.0
Scaf11,0.08342948348379713,0.6324656723597698,1.0,-28.258550872784163,-28.112665417669593,0.1862322192618767,0.306132533042812,0.0
Slc38a1,0.029867793297539916,0.2615722360139493,1.0,0.0,0.0,0.0,0.0,0.0
Slc38a2,1.5876796062554575e-05,3.175359212510915e-05,0.00030165912518853697,0.7289884693260192,0.9230968908953453,1.1459097705670107,0.49436524385818903,0.9391479952413251
Gm32885,1.0,1.0,1.0,0.0,0.0,0.0,0.0,0.0
Amigo2,1.0,1.0,1.0,0.0,0.0,0.0,0.0,0.0
Pced1b,1.0,1.0,1.0,0.0,0.0,0.0,0.0,0.0
Rpap3,1.0,1.0,1.0,0.0,0.0,0.0,0.0,0.0
Endou,1.0,1.0,1.0,0.0,0.0,0.0,0.0,0.0
Rapgef3,1.0,1.0,1.0,0.0,0.0,0.0,0.0,0.0
Slc48a1,0.009501095540355024,0.029867793297539916,0.2615722360139493,-26.848075565588143,0.0,0.0,0.0,0.0
Hdac7,1.0,1.0,1.0,0.0,0.0,0.0,0.0,0.0
Vdr,1.0,1.0,1.0,0.0,0.0,0.0,0.0,0.0
Tmem106c,1.0,1.0,1.0,0.0,0.0,0.0,0.0,0.0
Senp1,1.0,1.0,1.0,0.0,0.0,0.0,0.0,0.0
Pfkm,1.0,1.0,1.0,0.0,0.0,0.0,0.0,0.0
Asb8,1.0,1.0,1.0,0.0,0.0,0.0,0.0,0.0
Ccdc184,1.0,1.0,1.0,0.0,0.0,0.0,0.0,0.0
Kansl2,1.0,1.0,1.0,0.0,0.0,0.0,0.0,0.0
Ccnt1,1.0,1.0,1.0,0.0,0.0,0.0,0.0,0.0
9330020H09Rik,1.0,1.0,1.0,0.0,0.0,0.0,0.0,0.0
Adcy6,1.0,1.0,1.0,0.0,0.0,0.0,0.0,0.0
Cacnb3,1.0,1.0,1.0,0.0,0.0,0.0,0.0,0.0
Ddx23,1.0,1.0,1.0,0.0,0.0,0.0,0.0,0.0
Rnd1,1.0,1.0,1.0,0.0,0.0,0.0,0.0,0.0
Fkbp11,0.00409621338413908,0.06909581646423751,0.42686353893784235,-0.4279288066848824,-0.26890617174957676,-0.09586934013360253,0.8212922123906687,0.6807163751989964
Arf3,1.0,1.0,1.0,0.0,0.0,0.0,0.0,0.0
Wnt10b,1.0,1.0,1.0,0.0,0.0,0.0,0.0,0.0
B130046B21Rik,1.0,1.0,1.0,0.0,0.0,0.0,0.0,0.0
Prkag1,1.0,1.0,1.0,0.0,0.0,0.0,0.0,0.0
Kmt2d,1.0,1.0,1.0,0.0,0.0,0.0,0.0,0.0
5730414N17Rik,1.0,1.0,1.0,0.0,0.0,0.0,0.0,0.0
Rhebl1,1.0,1.0,1.0,0.0,0.0,0.0,0.0,0.0
Lmbr1l,1.0,1.0,1.0,0.0,0.0,0.0,0.0,0.0
Tuba1b,0.2615722360139493,1.0,1.0,0.0,0.0,0.0,0.0,0.0
Tuba1a,0.04801397289426615,0.24358719210948698,0.8004139687045185,0.0,0.0,27.864284445898807,0.0,0.0
4930578M01Rik,1.0,1.0,1.0,0.0,0.0,0.0,0.0,0.0
Tuba1c,0.2615722360139493,1.0,1.0,0.0,0.0,0.0,0.0,0.0
Troap,1.0,1.0,1.0,0.0,0.0,0.0,0.0,0.0
Dnajc22,1.0,1.0,1.0,0.0,0.0,0.0,0.0,0.0
Spats2,1.0,1.0,1.0,0.0,0.0,0.0,0.0,0.0
Mcrs1,0.2615722360139493,1.0,1.0,0.0,0.0,0.0,0.0,0.0
1700120C14Rik,1.0,1.0,1.0,0.0,0.0,0.0,0.0,0.0
Prpf40b,1.0,1.0,1.0,0.0,0.0,0.0,0.0,0.0
Fmnl3,1.0,1.0,1.0,0.0,0.0,0.0,0.0,0.0
Tmbim6,0.09749583234103361,0.6784313725490196,1.0,-0.09260870825200317,0.017039279127903064,0.13741116369992115,0.6560467114832214,0.6624202983529038
Nckap5l,1.0,1.0,1.0,0.0,0.0,0.0,0.0,0.0
Bcdin3d,1.0,1.0,1.0,0.0,0.0,0.0,0.0,0.0
Racgap1,1.0,1.0,1.0,0.0,0.0,0.0,0.0,0.0
Smarcd1,1.0,1.0,1.0,0.0,0.0,0.0,0.0,0.0
Gpd1,1.0,1.0,1.0,0.0,0.0,0.0,0.0,0.0
Cox14,0.029867793297539916,0.2615722360139493,1.0,-25.788998594762532,0.0,0.0,0.0,0.0
Cers5,1.0,1.0,1.0,0.0,0.0,0.0,0.0,0.0
Lima1,1.0,1.0,1.0,0.0,0.0,0.0,0.0,0.0
Larp4,0.1403889715411655,0.5098433838583576,0.9251039624754688,-26.91436781069537,0.0,0.0,0.0,0.0
2310068J16Rik,1.0,1.0,1.0,0.0,0.0,0.0,0.0,0.0
Dip2b,1.0,1.0,1.0,0.0,0.0,0.0,0.0,0.0
Atf1,0.2615722360139493,1.0,1.0,0.0,0.0,0.0,0.0,0.0
Mettl7a1,1.0,1.0,1.0,0.0,0.0,0.0,0.0,0.0
Slc11a2,1.0,1.0,1.0,0.0,0.0,0.0,0.0,0.0
5330439K02Rik,1.0,1.0,1.0,0.0,0.0,0.0,0.0,0.0
Letmd1,1.0,1.0,1.0,0.0,0.0,0.0,0.0,0.0
Csrnp2,1.0,1.0,1.0,0.0,0.0,0.0,0.0,0.0
Tfcp2,1.0,1.0,1.0,0.0,0.0,0.0,0.0,0.0
Pou6f1,1.0,1.0,1.0,0.0,0.0,0.0,0.0,0.0
Gm27209,1.0,1.0,1.0,0.0,0.0,0.0,0.0,0.0
Gm49492,1.0,1.0,1.0,0.0,0.0,0.0,0.0,0.0
C330013E15Rik,1.0,1.0,1.0,0.0,0.0,0.0,0.0,0.0
Dazap2,0.08856750257537103,0.29147411368370935,0.8822739356449067,0.0,0.0,0.0,0.0,0.0
Smagp,1.0,1.0,1.0,0.0,0.0,0.0,0.0,0.0
Bin2,1.0,1.0,1.0,0.0,0.0,0.0,0.0,0.0
Cela1,1.0,1.0,1.0,0.0,0.0,0.0,0.0,0.0
Galnt6,1.0,1.0,1.0,0.0,0.0,0.0,0.0,0.0
I730030J21Rik,1.0,1.0,1.0,0.0,0.0,0.0,0.0,0.0
Slc4a8,1.0,1.0,1.0,0.0,0.0,0.0,0.0,0.0
Fignl2,1.0,1.0,1.0,0.0,0.0,0.0,0.0,0.0
Acvrl1,1.0,1.0,1.0,0.0,0.0,0.0,0.0,0.0
Acvr1b,1.0,1.0,1.0,0.0,0.0,0.0,0.0,0.0
A330009N23Rik,1.0,1.0,1.0,0.0,0.0,0.0,0.0,0.0
Grasp,0.029867793297539916,0.3519631185845171,0.8822739356449067,-26.087832082042922,0.0,0.0,0.0,0.0
Nr4a1,1.0,1.0,1.0,0.0,0.0,0.0,0.0,0.0
Atg101,0.2615722360139493,1.0,1.0,0.0,0.0,0.0,0.0,0.0
Smim41,1.0,1.0,1.0,0.0,0.0,0.0,0.0,0.0
Gm35853,1.0,1.0,1.0,0.0,0.0,0.0,0.0,0.0
Krt80,1.0,1.0,1.0,0.0,0.0,0.0,0.0,0.0
Krt7,1.0,1.0,1.0,0.0,0.0,0.0,0.0,0.0
Krt83,1.0,1.0,1.0,0.0,0.0,0.0,0.0,0.0
Krt8,1.0,1.0,1.0,0.0,0.0,0.0,0.0,0.0
Krt18,1.0,1.0,1.0,0.0,0.0,0.0,0.0,0.0
Eif4b,0.029867793297539916,0.08856750257537103,0.8822739356449067,0.0,0.0,0.0,0.0,0.0
Tns2,1.0,1.0,1.0,0.0,0.0,0.0,0.0,0.0
Spryd3,1.0,1.0,1.0,0.0,0.0,0.0,0.0,0.0
Igfbp6,1.0,1.0,1.0,0.0,0.0,0.0,0.0,0.0
Soat2,1.0,1.0,1.0,0.0,0.0,0.0,0.0,0.0
Csad,1.0,1.0,1.0,0.0,0.0,0.0,0.0,0.0
Zfp740,1.0,1.0,1.0,0.0,0.0,0.0,0.0,0.0
Itgb7,0.266717246715916,0.47495853988950676,1.0,0.0,0.0,0.0,0.0,0.0
Rarg,1.0,1.0,1.0,0.0,0.0,0.0,0.0,0.0
Mfsd5,1.0,1.0,1.0,0.0,0.0,0.0,0.0,0.0
Gm49479,1.0,1.0,1.0,0.0,0.0,0.0,0.0,0.0
Espl1,1.0,1.0,1.0,0.0,0.0,0.0,0.0,0.0
Pfdn5,0.1568627450980392,0.6784313725490196,1.0,-0.052035255226473585,0.01075436616866195,0.07119559909924597,1.372664379038245,1.38128265131528
Myg1,1.0,1.0,1.0,0.0,0.0,0.0,0.0,0.0
Aaas,1.0,1.0,1.0,0.0,0.0,0.0,0.0,0.0
Sp1,1.0,1.0,1.0,0.0,0.0,0.0,0.0,0.0
Amhr2,1.0,1.0,1.0,0.0,0.0,0.0,0.0,0.0
Prr13,0.21626681002829287,0.7039203384624914,1.0,-27.824672186893476,0.0,27.159845582849766,0.0,0.0
Pcbp2,0.020131777407319206,0.3053901722632373,0.9699293482575216,-0.03275928448410993,0.08484227362508792,0.23372837855621517,0.6094335620771518,0.6487246239351134
Map3k12,1.0,1.0,1.0,0.0,0.0,0.0,0.0,0.0
Tarbp2,1.0,1.0,1.0,0.0,0.0,0.0,0.0,0.0
Npff,1.0,1.0,1.0,0.0,0.0,0.0,0.0,0.0
Atf7,1.0,1.0,1.0,0.0,0.0,0.0,0.0,0.0
Atp5g2,0.009557831229657855,0.23797729618163055,0.7920774787647853,0.003336022273732486,0.07945277452206659,0.1460832847405647,1.0407038899847787,1.1009272775978813
Calcoco1,1.0,1.0,1.0,0.0,0.0,0.0,0.0,0.0
Smug1,1.0,1.0,1.0,0.0,0.0,0.0,0.0,0.0
Cbx5,1.0,1.0,1.0,0.0,0.0,0.0,0.0,0.0
Hnrnpa1,0.03142017940779551,0.2082876875446535,0.5713582599031516,0.09038444186024755,0.23927537297482068,0.38548022483055394,0.47717524834041813,0.5626352560104659
Nfe2,1.0,1.0,1.0,0.0,0.0,0.0,0.0,0.0
Copz1,0.08856750257537103,0.2615722360139493,1.0,0.0,0.0,0.0,0.0,0.0
Gpr84,1.0,1.0,1.0,0.0,0.0,0.0,0.0,0.0
Zfp385a,1.0,1.0,1.0,0.0,0.0,0.0,0.0,0.0
Itga5,1.0,1.0,1.0,0.0,0.0,0.0,0.0,0.0
Nckap1l,1.0,1.0,1.0,0.0,0.0,0.0,0.0,0.0
Pde1b,1.0,1.0,1.0,0.0,0.0,0.0,0.0,0.0
Ppp1r1a,1.0,1.0,1.0,0.0,0.0,0.0,0.0,0.0
Glycam1,1.0,1.0,1.0,0.0,0.0,0.0,0.0,0.0
Mefv,1.0,1.0,1.0,0.0,0.0,0.0,0.0,0.0
Zfp263,1.0,1.0,1.0,0.0,0.0,0.0,0.0,0.0
Gm41409,1.0,1.0,1.0,0.0,0.0,0.0,0.0,0.0
Zfp174,1.0,1.0,1.0,0.0,0.0,0.0,0.0,0.0
Zfp597,1.0,1.0,1.0,0.0,0.0,0.0,0.0,0.0
Naa60,1.0,1.0,1.0,0.0,0.0,0.0,0.0,0.0
1700037C18Rik,1.0,1.0,1.0,0.0,0.0,0.0,0.0,0.0
Cluap1,1.0,1.0,1.0,0.0,0.0,0.0,0.0,0.0
Nlrc3,1.0,1.0,1.0,0.0,0.0,0.0,0.0,0.0
Slx4,1.0,1.0,1.0,0.0,0.0,0.0,0.0,0.0
Trap1,1.0,1.0,1.0,0.0,0.0,0.0,0.0,0.0
Crebbp,0.47495853988950676,1.0,1.0,0.0,0.0,0.0,0.0,0.0
Adcy9,1.0,1.0,1.0,0.0,0.0,0.0,0.0,0.0
Srl,1.0,1.0,1.0,0.0,0.0,0.0,0.0,0.0
Tfap4,1.0,1.0,1.0,0.0,0.0,0.0,0.0,0.0
Glis2,1.0,1.0,1.0,0.0,0.0,0.0,0.0,0.0
Pam16,0.0017191380645145984,0.020209865119152133,0.1916725572253502,-28.288187671278358,-28.192878000026475,-27.721180336664027,0.3068329247928606,0.0
Coro7,1.0,1.0,1.0,0.0,0.0,0.0,0.0,0.0
Vasn,1.0,1.0,1.0,0.0,0.0,0.0,0.0,0.0
Dnaja3,1.0,1.0,1.0,0.0,0.0,0.0,0.0,0.0
Nmral1,1.0,1.0,1.0,0.0,0.0,0.0,0.0,0.0
Hmox2,1.0,1.0,1.0,0.0,0.0,0.0,0.0,0.0
Cdip1,1.0,1.0,1.0,0.0,0.0,0.0,0.0,0.0
Ubald1,0.2615722360139493,0.2615722360139493,1.0,0.0,0.0,0.0,0.0,0.0
Mgrn1,1.0,1.0,1.0,0.0,0.0,0.0,0.0,0.0
Gm16861,1.0,1.0,1.0,0.0,0.0,0.0,0.0,0.0
Nudt16l1,1.0,1.0,1.0,0.0,0.0,0.0,0.0,0.0
Anks3,1.0,1.0,1.0,0.0,0.0,0.0,0.0,0.0
Smim22,1.0,1.0,1.0,0.0,0.0,0.0,0.0,0.0
Rogdi,1.0,1.0,1.0,0.0,0.0,0.0,0.0,0.0
Glyr1,0.2615722360139493,1.0,1.0,0.0,0.0,0.0,0.0,0.0
Ubn1,0.1853939469443623,0.7670968684102772,0.8822739356449067,0.0,0.0,0.0,0.0,0.0
Ppl,1.0,1.0,1.0,0.0,0.0,0.0,0.0,0.0
Nagpa,1.0,1.0,1.0,0.0,0.0,0.0,0.0,0.0
AU021092,1.0,1.0,1.0,0.0,0.0,0.0,0.0,0.0
Alg1,1.0,1.0,1.0,0.0,0.0,0.0,0.0,0.0
Eef2kmt,1.0,1.0,1.0,0.0,0.0,0.0,0.0,0.0
Mettl22,1.0,1.0,1.0,0.0,0.0,0.0,0.0,0.0
Abat,1.0,1.0,1.0,0.0,0.0,0.0,0.0,0.0
Tmem186,1.0,1.0,1.0,0.0,0.0,0.0,0.0,0.0
Pmm2,1.0,1.0,1.0,0.0,0.0,0.0,0.0,0.0
Carhsp1,0.2615722360139493,1.0,1.0,0.0,0.0,0.0,0.0,0.0
Usp7,1.0,1.0,1.0,0.0,0.0,0.0,0.0,0.0
1810013L24Rik,1.0,1.0,1.0,0.0,0.0,0.0,0.0,0.0
Rpl39l,1.0,1.0,1.0,0.0,0.0,0.0,0.0,0.0
Emp2,1.0,1.0,1.0,0.0,0.0,0.0,0.0,0.0
Nubp1,0.009501095540355024,0.029867793297539916,0.2615722360139493,-26.723635295752953,0.0,0.0,0.0,0.0
Tvp23a,1.0,1.0,1.0,0.0,0.0,0.0,0.0,0.0
Ciita,1.0,1.0,1.0,0.0,0.0,0.0,0.0,0.0
Dexi,1.0,1.0,1.0,0.0,0.0,0.0,0.0,0.0
Clec16a,1.0,1.0,1.0,0.0,0.0,0.0,0.0,0.0
Socs1,0.2615722360139493,1.0,1.0,0.0,0.0,0.0,0.0,0.0
Tnp2,1.0,1.0,1.0,0.0,0.0,0.0,0.0,0.0
Rmi2,1.0,1.0,1.0,0.0,0.0,0.0,0.0,0.0
Gm21859,1.0,1.0,1.0,0.0,0.0,0.0,0.0,0.0
Litaf,1.0,1.0,1.0,0.0,0.0,0.0,0.0,0.0
Snn,1.0,1.0,1.0,0.0,0.0,0.0,0.0,0.0
Txndc11,0.00409621338413908,0.11526553941414623,0.6252425180598543,-0.32424563031733156,-0.1671717354547318,-0.020286031682876866,0.6489264629487502,0.5773679965793014
Zc3h7a,0.009501095540355024,0.08856750257537103,0.7670968684102772,-26.258234608597462,0.0,0.0,0.0,0.0
Rsl1d1,0.007737120862323551,0.04801397289426615,0.3519631185845171,-28.008353782239645,0.0,0.0,0.0,0.0
2610020C07Rik,1.0,1.0,1.0,0.0,0.0,0.0,0.0,0.0
Gspt1,0.009391779715395442,0.0995964768261884,0.5364055308436533,-28.30693634508887,-28.194837333281402,-27.95508802607035,0.30724990605685,0.0
Tnfrsf17,0.0021592442645074223,0.038707628800508063,0.3053901722632373,0.11248924215237008,0.3445984450835149,0.6347486065317521,0.5153974146404428,0.6526028667659767
Snx29,1.0,1.0,1.0,0.0,0.0,0.0,0.0,0.0
Cpped1,1.0,1.0,1.0,0.0,0.0,0.0,0.0,0.0
Gm9961,1.0,1.0,1.0,0.0,0.0,0.0,0.0,0.0
Ercc4,1.0,1.0,1.0,0.0,0.0,0.0,0.0,0.0
Mrtfb,1.0,1.0,1.0,0.0,0.0,0.0,0.0,0.0
Parn,1.0,1.0,1.0,0.0,0.0,0.0,0.0,0.0
Bfar,1.0,1.0,1.0,0.0,0.0,0.0,0.0,0.0
3110001I22Rik,1.0,1.0,1.0,0.0,0.0,0.0,0.0,0.0
Pla2g10,1.0,1.0,1.0,0.0,0.0,0.0,0.0,0.0
Rrn3,1.0,1.0,1.0,0.0,0.0,0.0,0.0,0.0
Ntan1,1.0,1.0,1.0,0.0,0.0,0.0,0.0,0.0
Pdxdc1,0.2615722360139493,1.0,1.0,0.0,0.0,0.0,0.0,0.0
Mpv17l,1.0,1.0,1.0,0.0,0.0,0.0,0.0,0.0
Bmerb1,1.0,1.0,1.0,0.0,0.0,0.0,0.0,0.0
Marf1,1.0,1.0,1.0,0.0,0.0,0.0,0.0,0.0
Nde1,1.0,1.0,1.0,0.0,0.0,0.0,0.0,0.0
Myh11,1.0,1.0,1.0,0.0,0.0,0.0,0.0,0.0
Fopnl,1.0,1.0,1.0,0.0,0.0,0.0,0.0,0.0
Abcc1,1.0,1.0,1.0,0.0,0.0,0.0,0.0,0.0
Snai2,1.0,1.0,1.0,0.0,0.0,0.0,0.0,0.0
Ube2v2,0.2615722360139493,0.2615722360139493,1.0,0.0,0.0,0.0,0.0,0.0
Mcm4,1.0,1.0,1.0,0.0,0.0,0.0,0.0,0.0
Prkdc,1.0,1.0,1.0,0.0,0.0,0.0,0.0,0.0
Mzt2,1.0,1.0,1.0,0.0,0.0,0.0,0.0,0.0
Cebpd,1.0,1.0,1.0,0.0,0.0,0.0,0.0,0.0
Spidr,1.0,1.0,1.0,0.0,0.0,0.0,0.0,0.0
Pkp2,1.0,1.0,1.0,0.0,0.0,0.0,0.0,0.0
Yars2,1.0,1.0,1.0,0.0,0.0,0.0,0.0,0.0
Dnm1l,1.0,1.0,1.0,0.0,0.0,0.0,0.0,0.0
Fgd4,1.0,1.0,1.0,0.0,0.0,0.0,0.0,0.0
Vpreb1,1.0,1.0,1.0,0.0,0.0,0.0,0.0,0.0
Top3b,1.0,1.0,1.0,0.0,0.0,0.0,0.0,0.0
Ppm1f,1.0,1.0,1.0,0.0,0.0,0.0,0.0,0.0
Mapk1,0.2615722360139493,1.0,1.0,0.0,0.0,0.0,0.0,0.0
1700056N10Rik,1.0,1.0,1.0,0.0,0.0,0.0,0.0,0.0
Ypel1,1.0,1.0,1.0,0.0,0.0,0.0,0.0,0.0
Ppil2,1.0,1.0,1.0,0.0,0.0,0.0,0.0,0.0
2610318N02Rik,1.0,1.0,1.0,0.0,0.0,0.0,0.0,0.0
Sdf2l1,0.1568627450980392,0.6238787012780821,1.0,-0.030044412564467736,0.07552946806810304,0.1671822573445951,1.223164118892445,1.2886058824164999
Ydjc,1.0,1.0,1.0,0.0,0.0,0.0,0.0,0.0
Ube2l3,0.23797729618163055,0.7920774787647853,1.0,-0.1585688398689881,-0.0002077087797267578,0.1543998323827258,0.5214623706859838,0.5196345275068697
Hic2,1.0,1.0,1.0,0.0,0.0,0.0,0.0,0.0
Tmem191c,1.0,1.0,1.0,0.0,0.0,0.0,0.0,0.0
Pi4ka,1.0,1.0,1.0,0.0,0.0,0.0,0.0,0.0
Snap29,1.0,1.0,1.0,0.0,0.0,0.0,0.0,0.0
Crkl,1.0,1.0,1.0,0.0,0.0,0.0,0.0,0.0
Lztr1,1.0,1.0,1.0,0.0,0.0,0.0,0.0,0.0
Thap7,1.0,1.0,1.0,0.0,0.0,0.0,0.0,0.0
Gm49785,1.0,1.0,1.0,0.0,0.0,0.0,0.0,0.0
P2rx6,1.0,1.0,1.0,0.0,0.0,0.0,0.0,0.0
Slc7a4,1.0,1.0,1.0,0.0,0.0,0.0,0.0,0.0
Smpd4,1.0,1.0,1.0,0.0,0.0,0.0,0.0,0.0
Ccdc74a,1.0,1.0,1.0,0.0,0.0,0.0,0.0,0.0
Med15,1.0,1.0,1.0,0.0,0.0,0.0,0.0,0.0
Klhl22,1.0,1.0,1.0,0.0,0.0,0.0,0.0,0.0
Scarf2,1.0,1.0,1.0,0.0,0.0,0.0,0.0,0.0
Car15,1.0,1.0,1.0,0.0,0.0,0.0,0.0,0.0
Dgcr2,1.0,1.0,1.0,0.0,0.0,0.0,0.0,0.0
Ess2,1.0,1.0,1.0,0.0,0.0,0.0,0.0,0.0
Slc25a1,1.0,1.0,1.0,0.0,0.0,0.0,0.0,0.0
Dgcr6,0.08856750257537103,0.2615722360139493,1.0,0.0,0.0,0.0,0.0,0.0
Prodh,1.0,1.0,1.0,0.0,0.0,0.0,0.0,0.0
Rtn4r,1.0,1.0,1.0,0.0,0.0,0.0,0.0,0.0
Zdhhc8,1.0,1.0,1.0,0.0,0.0,0.0,0.0,0.0
Ranbp1,0.14474739940813305,0.5841649506088025,1.0,-1.2153476720169527,-0.08258645091108643,0.15311426086493013,0.3701438659892915,0.3506273360524381
Trmt2a,1.0,1.0,1.0,0.0,0.0,0.0,0.0,0.0
Dgcr8,1.0,1.0,1.0,0.0,0.0,0.0,0.0,0.0
Tango2,1.0,1.0,1.0,0.0,0.0,0.0,0.0,0.0
Arvcf,1.0,1.0,1.0,0.0,0.0,0.0,0.0,0.0
Comt,1.0,1.0,1.0,0.0,0.0,0.0,0.0,0.0
Gm15764,1.0,1.0,1.0,0.0,0.0,0.0,0.0,0.0
Txnrd2,1.0,1.0,1.0,0.0,0.0,0.0,0.0,0.0
Gnb1l,1.0,1.0,1.0,0.0,0.0,0.0,0.0,0.0
Tbx1,1.0,1.0,1.0,0.0,0.0,0.0,0.0,0.0
Sept5,1.0,1.0,1.0,0.0,0.0,0.0,0.0,0.0
Cldn5,1.0,1.0,1.0,0.0,0.0,0.0,0.0,0.0
Cdc45,1.0,1.0,1.0,0.0,0.0,0.0,0.0,0.0
Ufd1,0.2615722360139493,1.0,1.0,0.0,0.0,0.0,0.0,0.0
2510002D24Rik,1.0,1.0,1.0,0.0,0.0,0.0,0.0,0.0
Mrpl40,1.0,1.0,1.0,0.0,0.0,0.0,0.0,0.0
Hira,1.0,1.0,1.0,0.0,0.0,0.0,0.0,0.0
2010309G21Rik,1.0,1.0,1.0,0.0,0.0,0.0,0.0,0.0
Iglc1,0.0002988806858775901,0.012399777724855125,0.23797729618163055,0.1640914879065647,0.34095818899842917,0.5593778588816329,1.74105021610323,2.2000635799681474
Iglc3,3.175359212510915e-05,0.00047630388187663733,0.00409621338413908,0.293579444790754,0.38546369314664475,0.5029556783874287,1.3543621638515337,1.7688822165123712
Iglv1,1.5876796062554575e-05,1.5876796062554575e-05,3.175359212510915e-05,-0.9612281698799482,-0.8564081868200746,-0.7405935852249113,2.7224991260243314,1.5025121857834849
Iglc2,0.08249583234103358,0.42686353893784235,0.9699293482575216,-0.042787280011272154,0.026834610153090344,0.10468100552200829,2.9597329927663227,3.016663168934975
Gm43388,1.0,1.0,1.0,0.0,0.0,0.0,0.0,0.0
Iglv3,0.00024233435263260392,0.000754999222880271,0.006087838681301112,-1.0091657970298777,-0.8066209106030136,-0.6176921373365718,0.9123194715053082,0.5221802717710631
Iglv2,1.0,1.0,1.0,0.0,0.0,0.0,0.0,0.0
Olfr164,1.0,1.0,1.0,0.0,0.0,0.0,0.0,0.0
Olfr166,1.0,1.0,1.0,0.0,0.0,0.0,0.0,0.0
B3gnt5,1.0,1.0,1.0,0.0,0.0,0.0,0.0,0.0
Klhl6,1.0,1.0,1.0,0.0,0.0,0.0,0.0,0.0
Klhl24,0.08856750257537103,0.47495853988950676,1.0,0.0,0.0,0.0,0.0,0.0
Yeats2,1.0,1.0,1.0,0.0,0.0,0.0,0.0,0.0
Parl,0.2615722360139493,1.0,1.0,0.0,0.0,0.0,0.0,0.0
Abcc5,1.0,1.0,1.0,0.0,0.0,0.0,0.0,0.0
Eif2b5,1.0,1.0,1.0,0.0,0.0,0.0,0.0,0.0
Dvl3,1.0,1.0,1.0,0.0,0.0,0.0,0.0,0.0
Ap2m1,0.009501095540355024,0.1853939469443623,0.7566295529901705,-27.03365458242633,0.0,0.0,0.0,0.0
Abcf3,1.0,1.0,1.0,0.0,0.0,0.0,0.0,0.0
Alg3,1.0,1.0,1.0,0.0,0.0,0.0,0.0,0.0
Eef1akmt4,1.0,1.0,1.0,0.0,0.0,0.0,0.0,0.0
Camk2n2,1.0,1.0,1.0,0.0,0.0,0.0,0.0,0.0
Psmd2,0.2615722360139493,1.0,1.0,0.0,0.0,0.0,0.0,0.0
Eif4g1,0.002778685068188869,0.029867793297539916,0.29147411368370935,-27.958875309763812,0.0,0.0,0.0,0.0
Fam131a,1.0,1.0,1.0,0.0,0.0,0.0,0.0,0.0
Clcn2,1.0,1.0,1.0,0.0,0.0,0.0,0.0,0.0
Polr2h,1.0,1.0,1.0,0.0,0.0,0.0,0.0,0.0
Chrd,1.0,1.0,1.0,0.0,0.0,0.0,0.0,0.0
Ephb3,1.0,1.0,1.0,0.0,0.0,0.0,0.0,0.0
Vps8,1.0,1.0,1.0,0.0,0.0,0.0,0.0,0.0
2510009E07Rik,1.0,1.0,1.0,0.0,0.0,0.0,0.0,0.0
Ehhadh,1.0,1.0,1.0,0.0,0.0,0.0,0.0,0.0
1300002E11Rik,0.2572471176779851,0.2615722360139493,1.0,0.0,0.0,0.0,0.0,0.0
Map3k13,1.0,1.0,1.0,0.0,0.0,0.0,0.0,0.0
Tmem41a,1.0,1.0,1.0,0.0,0.0,0.0,0.0,0.0
Liph,1.0,1.0,1.0,0.0,0.0,0.0,0.0,0.0
Senp2,0.08856750257537103,0.2615722360139493,1.0,0.0,0.0,0.0,0.0,0.0
Igf2bp2,1.0,1.0,1.0,0.0,0.0,0.0,0.0,0.0
Tra2b,0.0482665507891328,0.33411952703865366,0.969182212422568,0.11603509048406623,0.33934202564853444,0.5134368175770578,0.3463027076594295,0.4421813238152401
Etv5,1.0,1.0,1.0,0.0,0.0,0.0,0.0,0.0
Dgkg,1.0,1.0,1.0,0.0,0.0,0.0,0.0,0.0
Tbccd1,1.0,1.0,1.0,0.0,0.0,0.0,0.0,0.0
Dnajb11,0.23797729618163055,0.7344923394458999,1.0,-0.06829200956331896,0.04729470272282594,0.15299247806557456,0.8843112021085722,0.914984633284976
Eif4a2,0.18134476462649837,0.6784313725490196,1.0,-0.180557965905007,-0.04421975372503359,0.1798825277727737,0.5069022607143401,0.49017376421787284
Rfc4,1.0,1.0,1.0,0.0,0.0,0.0,0.0,0.0
6330408M09Rik,1.0,1.0,1.0,0.0,0.0,0.0,0.0,0.0
B630019A10Rik,1.0,1.0,1.0,0.0,0.0,0.0,0.0,0.0
BC106179,1.0,1.0,1.0,0.0,0.0,0.0,0.0,0.0
St6gal1,0.012399777724855125,0.1568627450980392,0.7920774787647853,0.0345656921133781,0.22088172273061008,0.3944119230371559,0.3979798383510025,0.4632271941034305
Masp1,1.0,1.0,1.0,0.0,0.0,0.0,0.0,0.0
Gm45338,1.0,1.0,1.0,0.0,0.0,0.0,0.0,0.0
Rtp4,1.0,1.0,1.0,0.0,0.0,0.0,0.0,0.0
Bcl6,1.0,1.0,1.0,0.0,0.0,0.0,0.0,0.0
Gm31814,1.0,1.0,1.0,0.0,0.0,0.0,0.0,0.0
Lpp,1.0,1.0,1.0,0.0,0.0,0.0,0.0,0.0
A230028O05Rik,1.0,1.0,1.0,0.0,0.0,0.0,0.0,0.0
P3h2,1.0,1.0,1.0,0.0,0.0,0.0,0.0,0.0
AU015336,1.0,1.0,1.0,0.0,0.0,0.0,0.0,0.0
Cldn1,1.0,1.0,1.0,0.0,0.0,0.0,0.0,0.0
Il1rap,1.0,1.0,1.0,0.0,0.0,0.0,0.0,0.0
Ccdc50,1.0,1.0,1.0,0.0,0.0,0.0,0.0,0.0
Fgf12,1.0,1.0,1.0,0.0,0.0,0.0,0.0,0.0
Mb21d2,1.0,1.0,1.0,0.0,0.0,0.0,0.0,0.0
Opa1,1.0,1.0,1.0,0.0,0.0,0.0,0.0,0.0
4632428C04Rik,1.0,1.0,1.0,0.0,0.0,0.0,0.0,0.0
Hes1,0.05056225664774713,0.4773812994323464,1.0,-1.5432892564111924,0.3139477783905571,2.34363644460274,0.31598577789432925,0.3912444340765535
Atp13a3,0.029867793297539916,0.2615722360139493,1.0,0.0,0.0,0.0,0.0,0.0
Tmem44,1.0,1.0,1.0,0.0,0.0,0.0,0.0,0.0
Lsg1,1.0,1.0,1.0,0.0,0.0,0.0,0.0,0.0
Fam43a,1.0,1.0,1.0,0.0,0.0,0.0,0.0,0.0
Gm49756,1.0,1.0,1.0,0.0,0.0,0.0,0.0,0.0
Xxylt1,1.0,1.0,1.0,0.0,0.0,0.0,0.0,0.0
Acap2,1.0,1.0,1.0,0.0,0.0,0.0,0.0,0.0
Gm41442,1.0,1.0,1.0,0.0,0.0,0.0,0.0,0.0
Ppp1r2,0.0001720247930818143,0.0030690378069328957,0.0637175394228655,-28.193770378765965,-28.08569455918293,-27.083033369986293,0.2848633057580295,0.0
Gm49767,1.0,1.0,1.0,0.0,0.0,0.0,0.0,0.0
Apod,1.0,1.0,1.0,0.0,0.0,0.0,0.0,0.0
Bdh1,1.0,1.0,1.0,0.0,0.0,0.0,0.0,0.0
Dlg1,1.0,1.0,1.0,0.0,0.0,0.0,0.0,0.0
Pigz,1.0,1.0,1.0,0.0,0.0,0.0,0.0,0.0
0610012G03Rik,0.029867793297539916,0.08856750257537103,1.0,0.0,0.0,0.0,0.0,0.0
Ncbp2,0.2615722360139493,1.0,1.0,0.0,0.0,0.0,0.0,0.0
Senp5,1.0,1.0,1.0,0.0,0.0,0.0,0.0,0.0
Gm49733,1.0,1.0,1.0,0.0,0.0,0.0,0.0,0.0
Pak2,0.07598867855418287,0.5098433838583576,1.0,-27.046583102098285,0.0,0.0,0.0,0.0
Pigx,0.2615722360139493,1.0,1.0,0.0,0.0,0.0,0.0,0.0
Cep19,1.0,1.0,1.0,0.0,0.0,0.0,0.0,0.0
Nrros,1.0,1.0,1.0,0.0,0.0,0.0,0.0,0.0
Fbxo45,1.0,1.0,1.0,0.0,0.0,0.0,0.0,0.0
Wdr53,1.0,1.0,1.0,0.0,0.0,0.0,0.0,0.0
Rnf168,1.0,1.0,1.0,0.0,0.0,0.0,0.0,0.0
Ubxn7,1.0,1.0,1.0,0.0,0.0,0.0,0.0,0.0
Tctex1d2,1.0,1.0,1.0,0.0,0.0,0.0,0.0,0.0
Pcyt1a,1.0,1.0,1.0,0.0,0.0,0.0,0.0,0.0
Slc51a,1.0,1.0,1.0,0.0,0.0,0.0,0.0,0.0
Tfrc,1.0,1.0,1.0,0.0,0.0,0.0,0.0,0.0
Tnk2,1.0,1.0,1.0,0.0,0.0,0.0,0.0,0.0
Muc4,1.0,1.0,1.0,0.0,0.0,0.0,0.0,0.0
Rubcn,1.0,1.0,1.0,0.0,0.0,0.0,0.0,0.0
Fyttd1,0.2615722360139493,1.0,1.0,0.0,0.0,0.0,0.0,0.0
Lrch3,1.0,1.0,1.0,0.0,0.0,0.0,0.0,0.0
Iqcg,1.0,1.0,1.0,0.0,0.0,0.0,0.0,0.0
Rpl35a,0.0015241724220052392,0.038707628800508063,0.2702706993728666,-0.08036429129062057,-0.05665154294115474,-0.030585880339214548,2.7410774160118727,2.63301502402572
Lmln,1.0,1.0,1.0,0.0,0.0,0.0,0.0,0.0
Osbpl11,1.0,1.0,1.0,0.0,0.0,0.0,0.0,0.0
Snx4,1.0,1.0,1.0,0.0,0.0,0.0,0.0,0.0
1700007L15Rik,1.0,1.0,1.0,0.0,0.0,0.0,0.0,0.0
Zfp148,0.2615722360139493,1.0,1.0,0.0,0.0,0.0,0.0,0.0
Slc12a8,1.0,1.0,1.0,0.0,0.0,0.0,0.0,0.0
Heg1,1.0,1.0,1.0,0.0,0.0,0.0,0.0,0.0
Muc13,1.0,1.0,1.0,0.0,0.0,0.0,0.0,0.0
Itgb5,1.0,1.0,1.0,0.0,0.0,0.0,0.0,0.0
Umps,1.0,1.0,1.0,0.0,0.0,0.0,0.0,0.0
Kalrn,1.0,1.0,1.0,0.0,0.0,0.0,0.0,0.0
Ccdc14,1.0,1.0,1.0,0.0,0.0,0.0,0.0,0.0
Mylk,1.0,1.0,1.0,0.0,0.0,0.0,0.0,0.0
Hacd2,1.0,1.0,1.0,0.0,0.0,0.0,0.0,0.0
Adcy5,1.0,1.0,1.0,0.0,0.0,0.0,0.0,0.0
Sec22a,1.0,1.0,1.0,0.0,0.0,0.0,0.0,0.0
Pdia5,1.0,1.0,1.0,0.0,0.0,0.0,0.0,0.0
Slc49a4,0.2615722360139493,1.0,1.0,0.0,0.0,0.0,0.0,0.0
Hspbap1,1.0,1.0,1.0,0.0,0.0,0.0,0.0,0.0
Parp14,1.0,1.0,1.0,0.0,0.0,0.0,0.0,0.0
Dtx3l,1.0,1.0,1.0,0.0,0.0,0.0,0.0,0.0
Parp9,1.0,1.0,1.0,0.0,0.0,0.0,0.0,0.0
Gm15564,1.0,1.0,1.0,0.0,0.0,0.0,0.0,0.0
Kpna1,1.0,1.0,1.0,0.0,0.0,0.0,0.0,0.0
Wdr5b,1.0,1.0,1.0,0.0,0.0,0.0,0.0,0.0
Fam162a,1.0,1.0,1.0,0.0,0.0,0.0,0.0,0.0
Ccdc58,1.0,1.0,1.0,0.0,0.0,0.0,0.0,0.0
Stfa2l1,1.0,1.0,1.0,0.0,0.0,0.0,0.0,0.0
Cstdc4,1.0,1.0,1.0,0.0,0.0,0.0,0.0,0.0
Cd86,1.0,1.0,1.0,0.0,0.0,0.0,0.0,0.0
Ildr1,1.0,1.0,1.0,0.0,0.0,0.0,0.0,0.0
Slc15a2,1.0,1.0,1.0,0.0,0.0,0.0,0.0,0.0
Eaf2,0.05737874097007224,0.3053901722632373,0.7344923394458999,-0.26988533885838,-0.13280236259736228,0.013670200276688648,0.7898388251983022,0.719780889916745
Iqcb1,0.2615722360139493,1.0,1.0,0.0,0.0,0.0,0.0,0.0
2600002D14Rik,1.0,1.0,1.0,0.0,0.0,0.0,0.0,0.0
Golgb1,0.009501095540355024,0.08856750257537103,0.4198490637342591,-27.00888449107394,0.0,0.0,0.0,0.0
Hcls1,1.0,1.0,1.0,0.0,0.0,0.0,0.0,0.0
Polq,1.0,1.0,1.0,0.0,0.0,0.0,0.0,0.0
Gtf2e1,1.0,1.0,1.0,0.0,0.0,0.0,0.0,0.0
Rabl3,1.0,1.0,1.0,0.0,0.0,0.0,0.0,0.0
Ndufb4,0.03142017940779551,0.2082876875446535,0.786954781707833,0.039236178966158004,0.1940538850888648,0.3514191409369406,0.439634580757769,0.503137934105
Fstl1,1.0,1.0,1.0,0.0,0.0,0.0,0.0,0.0
Lrrc58,1.0,1.0,1.0,0.0,0.0,0.0,0.0,0.0
Gsk3b,0.08856750257537103,0.2615722360139493,1.0,0.0,0.0,0.0,0.0,0.0
Nr1i2,1.0,1.0,1.0,0.0,0.0,0.0,0.0,0.0
Cox17,0.06909581646423751,0.3053901722632373,0.8506311026434865,-0.2708409773557006,-0.1264912932511627,-0.0008579777156326314,1.077693660841255,0.9868146225993073
Popdc2,1.0,1.0,1.0,0.0,0.0,0.0,0.0,0.0
Pla1a,1.0,1.0,1.0,0.0,0.0,0.0,0.0,0.0
Adprh,1.0,1.0,1.0,0.0,0.0,0.0,0.0,0.0
D930030I03Rik,1.0,1.0,1.0,0.0,0.0,0.0,0.0,0.0
Cd80,1.0,1.0,1.0,0.0,0.0,0.0,0.0,0.0
Timmdc1,0.2615722360139493,1.0,1.0,0.0,0.0,0.0,0.0,0.0
Poglut1,1.0,1.0,1.0,0.0,0.0,0.0,0.0,0.0
Tmem39a,0.2615722360139493,1.0,1.0,0.0,0.0,0.0,0.0,0.0
Arhgap31,1.0,1.0,1.0,0.0,0.0,0.0,0.0,0.0
B4galt4,1.0,1.0,1.0,0.0,0.0,0.0,0.0,0.0
Lsamp,1.0,1.0,1.0,0.0,0.0,0.0,0.0,0.0
Zbtb20,0.2910312507030045,0.7675494509693419,1.0,-28.177249930374874,-25.788998594762532,26.504677373203254,0.14524271687426976,0.0
Gm19522,1.0,1.0,1.0,0.0,0.0,0.0,0.0,0.0
Tigit,1.0,1.0,1.0,0.0,0.0,0.0,0.0,0.0
Qtrt2,1.0,1.0,1.0,0.0,0.0,0.0,0.0,0.0
Ccdc191,1.0,1.0,1.0,0.0,0.0,0.0,0.0,0.0
Zdhhc23,1.0,1.0,1.0,0.0,0.0,0.0,0.0,0.0
Gramd1c,1.0,1.0,1.0,0.0,0.0,0.0,0.0,0.0
Atp6v1a,1.0,1.0,1.0,0.0,0.0,0.0,0.0,0.0
Naa50,0.029867793297539916,0.2615722360139493,1.0,0.0,0.0,0.0,0.0,0.0
Usf3,1.0,1.0,1.0,0.0,0.0,0.0,0.0,0.0
Sidt1,1.0,1.0,1.0,0.0,0.0,0.0,0.0,0.0
Spice1,1.0,1.0,1.0,0.0,0.0,0.0,0.0,0.0
Boc,1.0,1.0,1.0,0.0,0.0,0.0,0.0,0.0
Nepro,1.0,1.0,1.0,0.0,0.0,0.0,0.0,0.0
Gtpbp8,1.0,1.0,1.0,0.0,0.0,0.0,0.0,0.0
Cd200r1,1.0,1.0,1.0,0.0,0.0,0.0,0.0,0.0
Cd200r4,1.0,1.0,1.0,0.0,0.0,0.0,0.0,0.0
Ccdc80,1.0,1.0,1.0,0.0,0.0,0.0,0.0,0.0
Slc35a5,1.0,1.0,1.0,0.0,0.0,0.0,0.0,0.0
Atg3,0.0001720247930818143,0.002778685068188869,0.029867793297539916,-28.19585364202575,-28.061413349977375,0.0,0.280109048010184,0.0
Btla,0.2615722360139493,1.0,1.0,0.0,0.0,0.0,0.0,0.0
Cd200,0.2615722360139493,1.0,1.0,0.0,0.0,0.0,0.0,0.0
Gm609,1.0,1.0,1.0,0.0,0.0,0.0,0.0,0.0
Gcsam,1.0,1.0,1.0,0.0,0.0,0.0,0.0,0.0
BC016579,1.0,1.0,1.0,0.0,0.0,0.0,0.0,0.0
Abhd10,1.0,1.0,1.0,0.0,0.0,0.0,0.0,0.0
Phldb2,1.0,1.0,1.0,0.0,0.0,0.0,0.0,0.0
Plcxd2,1.0,1.0,1.0,0.0,0.0,0.0,0.0,0.0
Cd96,1.0,1.0,1.0,0.0,0.0,0.0,0.0,0.0
Gm4737,1.0,1.0,1.0,0.0,0.0,0.0,0.0,0.0
Nectin3,1.0,1.0,1.0,0.0,0.0,0.0,0.0,0.0
Gm5485,1.0,1.0,1.0,0.0,0.0,0.0,0.0,0.0
Trat1,1.0,1.0,1.0,0.0,0.0,0.0,0.0,0.0
Retnlb,1.0,1.0,1.0,0.0,0.0,0.0,0.0,0.0
Retnla,1.0,1.0,1.0,0.0,0.0,0.0,0.0,0.0
Retnlg,1.0,1.0,1.0,0.0,0.0,0.0,0.0,0.0
Dzip3,1.0,1.0,1.0,0.0,0.0,0.0,0.0,0.0
Cip2a,1.0,1.0,1.0,0.0,0.0,0.0,0.0,0.0
Ift57,1.0,1.0,1.0,0.0,0.0,0.0,0.0,0.0
Cd47,0.00011113757243788204,0.0010637453361911566,0.009557831229657855,0.1967923428117475,0.30647783741359924,0.4384576136157314,0.8070101276717992,1.0000198316657865
Bbx,1.0,1.0,1.0,0.0,0.0,0.0,0.0,0.0
Dubr,1.0,1.0,1.0,0.0,0.0,0.0,0.0,0.0
Cblb,1.0,1.0,1.0,0.0,0.0,0.0,0.0,0.0
Alcam,0.002778685068188869,0.009501095540355024,0.08856750257537103,-27.580188447833013,-25.869389561399036,0.0,0.06130024643084975,0.0
Nfkbiz,1.0,1.0,1.0,0.0,0.0,0.0,0.0,0.0
Nxpe3,1.0,1.0,1.0,0.0,0.0,0.0,0.0,0.0
Cep97,1.0,1.0,1.0,0.0,0.0,0.0,0.0,0.0
Rpl24,0.12249648324529867,0.6238787012780821,1.0,-0.03104940672624357,-0.005332394226399681,0.017973000541762152,2.3470221320063747,2.3391600304847775
Zbtb11os1,1.0,1.0,1.0,0.0,0.0,0.0,0.0,0.0
Zbtb11,1.0,1.0,1.0,0.0,0.0,0.0,0.0,0.0
Pcnp,0.0007335473709934008,0.009501095540355024,0.08856750257537103,-28.105905043011077,-27.073689349264804,0.0,0.141251342549255,0.0
Trmt10c,1.0,1.0,1.0,0.0,0.0,0.0,0.0,0.0
Senp7,1.0,1.0,1.0,0.0,0.0,0.0,0.0,0.0
Impg2,1.0,1.0,1.0,0.0,0.0,0.0,0.0,0.0
Abi3bp,1.0,1.0,1.0,0.0,0.0,0.0,0.0,0.0
Tfg,0.029867793297539916,0.2615722360139493,0.2615722360139493,0.0,0.0,0.0,0.0,0.0
Adgrg7,1.0,1.0,1.0,0.0,0.0,0.0,0.0,0.0
Tmem45a,1.0,1.0,1.0,0.0,0.0,0.0,0.0,0.0
Tomm70a,0.08856750257537103,0.2615722360139493,1.0,0.0,0.0,0.0,0.0,0.0
Nit2,1.0,1.0,1.0,0.0,0.0,0.0,0.0,0.0
Tbc1d23,1.0,1.0,1.0,0.0,0.0,0.0,0.0,0.0
Cmss1,1.0,1.0,1.0,0.0,0.0,0.0,0.0,0.0
Filip1l,0.008323053619782207,0.11089178132471315,0.6684899027742048,-28.54159705322929,-28.3846427557538,-1.0629961453900916,0.3556960217321779,0.0
Col8a1,1.0,1.0,1.0,0.0,0.0,0.0,0.0,0.0
Dcbld2,1.0,1.0,1.0,0.0,0.0,0.0,0.0,0.0
St3gal6,1.0,1.0,1.0,0.0,0.0,0.0,0.0,0.0
Cpox,1.0,1.0,1.0,0.0,0.0,0.0,0.0,0.0
Gpr15,1.0,1.0,1.0,0.0,0.0,0.0,0.0,0.0
Cldnd1,0.029867793297539916,0.2615722360139493,0.8822739356449067,0.0,0.0,0.0,0.0,0.0
Riox2,1.0,1.0,1.0,0.0,0.0,0.0,0.0,0.0
Crybg3,1.0,1.0,1.0,0.0,0.0,0.0,0.0,0.0
Arl6,1.0,1.0,1.0,0.0,0.0,0.0,0.0,0.0
Nsun3,1.0,1.0,1.0,0.0,0.0,0.0,0.0,0.0
Arl13b,1.0,1.0,1.0,0.0,0.0,0.0,0.0,0.0
Pros1,1.0,1.0,1.0,0.0,0.0,0.0,0.0,0.0
Epha3,1.0,1.0,1.0,0.0,0.0,0.0,0.0,0.0
4930453N24Rik,0.08856750257537103,0.2615722360139493,1.0,0.0,0.0,0.0,0.0,0.0
Zfp654,1.0,1.0,1.0,0.0,0.0,0.0,0.0,0.0
Cggbp1,0.11787716324834174,0.4539317823519836,0.968559887123876,-27.13456878803879,0.23776995083014277,1.3952009341505944,0.2880867637839417,0.339041643219764
Chmp2b,1.0,1.0,1.0,0.0,0.0,0.0,0.0,0.0
Vgll3,1.0,1.0,1.0,0.0,0.0,0.0,0.0,0.0
Gbe1,1.0,1.0,1.0,0.0,0.0,0.0,0.0,0.0
Robo1,1.0,1.0,1.0,0.0,0.0,0.0,0.0,0.0
Robo2,1.0,1.0,1.0,0.0,0.0,0.0,0.0,0.0
Rbm11,1.0,1.0,1.0,0.0,0.0,0.0,0.0,0.0
Hspa13,0.002778685068188869,0.022438890030895015,0.20572560984261223,-28.07517076683377,-26.99802730435444,0.0,0.1340343273327135,0.0
Samsn1,0.08856750257537103,0.2615722360139493,1.0,0.0,0.0,0.0,0.0,0.0
Nrip1,0.2702706993728666,0.7344923394458999,1.0,-0.3110279314170231,-0.07406076255965006,0.18077223360498754,0.47854655051717876,0.4530189444848023
Usp25,1.0,1.0,1.0,0.0,0.0,0.0,0.0,0.0
Mir99ahg,1.0,1.0,1.0,0.0,0.0,0.0,0.0,0.0
Cxadr,1.0,1.0,1.0,0.0,0.0,0.0,0.0,0.0
Btg3,0.00030165912518853697,0.005493371437643883,0.05737874097007224,0.20809327900786617,0.3822106971781818,0.5186065965746711,0.4072128490408153,0.52993609251741
D16Ertd472e,0.002295327683948652,0.022643021023352115,0.20233711482991645,0.11662961941090363,0.3705485139697732,0.5826443631378608,0.40689061294592,0.5233475137989329
Chodl,1.0,1.0,1.0,0.0,0.0,0.0,0.0,0.0
Mir155hg,1.0,1.0,1.0,0.0,0.0,0.0,0.0,0.0
Mrpl39,1.0,1.0,1.0,0.0,0.0,0.0,0.0,0.0
Jam2,1.0,1.0,1.0,0.0,0.0,0.0,0.0,0.0
Atp5j,0.04734460585853775,0.42686353893784235,0.9699293482575216,-0.043669465362038966,0.06328264197030131,0.16086929216372878,0.8569431647697414,0.896029922053482
Gabpa,1.0,1.0,1.0,0.0,0.0,0.0,0.0,0.0
App,1.0,1.0,1.0,0.0,0.0,0.0,0.0,0.0
Gm10791,1.0,1.0,1.0,0.0,0.0,0.0,0.0,0.0
Cyyr1,1.0,1.0,1.0,0.0,0.0,0.0,0.0,0.0
Adamts1,1.0,1.0,1.0,0.0,0.0,0.0,0.0,0.0
Adamts5,1.0,1.0,1.0,0.0,0.0,0.0,0.0,0.0
N6amt1,1.0,1.0,1.0,0.0,0.0,0.0,0.0,0.0
Ltn1,1.0,1.0,1.0,0.0,0.0,0.0,0.0,0.0
Rwdd2b,1.0,1.0,1.0,0.0,0.0,0.0,0.0,0.0
Usp16,0.0007335473709934008,0.002778685068188869,0.07598867855418287,-28.166043008720067,-27.92981165030345,0.0,0.2556884336140769,0.0
Cct8,0.009501095540355024,0.08856750257537103,0.2615722360139493,-26.91436781069537,0.0,0.0,0.0,0.0
B130034C11Rik,1.0,1.0,1.0,0.0,0.0,0.0,0.0,0.0
Bach1,1.0,1.0,1.0,0.0,0.0,0.0,0.0,0.0
Cldn8,1.0,1.0,1.0,0.0,0.0,0.0,0.0,0.0
Tiam1,1.0,1.0,1.0,0.0,0.0,0.0,0.0,0.0
Sod1,0.002778685068188869,0.07598867855418287,0.4469684694114323,-28.029725093568214,0.0,0.0,0.0,0.0
Scaf4,1.0,1.0,1.0,0.0,0.0,0.0,0.0,0.0
Gm49708,1.0,1.0,1.0,0.0,0.0,0.0,0.0,0.0
Hunk,1.0,1.0,1.0,0.0,0.0,0.0,0.0,0.0
Mis18a,1.0,1.0,1.0,0.0,0.0,0.0,0.0,0.0
Urb1,1.0,1.0,1.0,0.0,0.0,0.0,0.0,0.0
Eva1c,1.0,1.0,1.0,0.0,0.0,0.0,0.0,0.0
Cfap298,1.0,1.0,1.0,0.0,0.0,0.0,0.0,0.0
Synj1,1.0,1.0,1.0,0.0,0.0,0.0,0.0,0.0
Paxbp1,1.0,1.0,1.0,0.0,0.0,0.0,0.0,0.0
4932438H23Rik,1.0,1.0,1.0,0.0,0.0,0.0,0.0,0.0
Ifnar2,0.0021592442645074223,0.03142017940779551,0.23797729618163055,0.1454745481717134,0.2695542255854665,0.41504634725359224,0.6037507230458272,0.7319960713376523
Il10rb,0.08856750257537103,0.7670968684102772,0.9505209847403642,0.0,0.0,0.0,0.0,0.0
A930006K02Rik,1.0,1.0,1.0,0.0,0.0,0.0,0.0,0.0
Ifnar1,0.0050666118127268445,0.057322517474446534,0.37521593999826797,0.0,28.295258891832482,28.55810468745851,0.0,0.331748010899152
Ifngr2,1.0,1.0,1.0,0.0,0.0,0.0,0.0,0.0
Tmem50b,1.0,1.0,1.0,0.0,0.0,0.0,0.0,0.0
Gm15964,1.0,1.0,1.0,0.0,0.0,0.0,0.0,0.0
Dnajc28,1.0,1.0,1.0,0.0,0.0,0.0,0.0,0.0
Gart,1.0,1.0,1.0,0.0,0.0,0.0,0.0,0.0
Son,0.020131777407319206,0.11526553941414623,0.42686353893784235,0.06918875587131564,0.2061067097591091,0.30301724608492503,0.7103661096828455,0.8234946305161992
Donson,1.0,1.0,1.0,0.0,0.0,0.0,0.0,0.0
Gm10785,1.0,1.0,1.0,0.0,0.0,0.0,0.0,0.0
Cryzl1,1.0,1.0,1.0,0.0,0.0,0.0,0.0,0.0
Itsn1,1.0,1.0,1.0,0.0,0.0,0.0,0.0,0.0
Atp5o,0.08249583234103358,0.5208065412399778,0.9699293482575216,-0.15341410060392976,-0.04953345976867374,0.04470833500744725,0.7228885406415577,0.6995201153250161
Mrps6,1.0,1.0,1.0,0.0,0.0,0.0,0.0,0.0
Slc5a3,1.0,1.0,1.0,0.0,0.0,0.0,0.0,0.0
Gm16310,1.0,1.0,1.0,0.0,0.0,0.0,0.0,0.0
Smim11,0.029867793297539916,0.2615722360139493,1.0,0.0,0.0,0.0,0.0,0.0
Rcan1,1.0,1.0,1.0,0.0,0.0,0.0,0.0,0.0
Clic6,1.0,1.0,1.0,0.0,0.0,0.0,0.0,0.0
Runx1,1.0,1.0,1.0,0.0,0.0,0.0,0.0,0.0
Setd4,1.0,1.0,1.0,0.0,0.0,0.0,0.0,0.0
Cbr1,1.0,1.0,1.0,0.0,0.0,0.0,0.0,0.0
Cbr3,1.0,1.0,1.0,0.0,0.0,0.0,0.0,0.0
Dop1b,1.0,1.0,1.0,0.0,0.0,0.0,0.0,0.0
Morc3,1.0,1.0,1.0,0.0,0.0,0.0,0.0,0.0
Chaf1b,1.0,1.0,1.0,0.0,0.0,0.0,0.0,0.0
Cldn14,1.0,1.0,1.0,0.0,0.0,0.0,0.0,0.0
Hlcs,1.0,1.0,1.0,0.0,0.0,0.0,0.0,0.0
Ripply3,1.0,1.0,1.0,0.0,0.0,0.0,0.0,0.0
Pigp,0.08856750257537103,1.0,1.0,0.0,0.0,0.0,0.0,0.0
Ttc3,1.0,1.0,1.0,0.0,0.0,0.0,0.0,0.0
Vps26c,1.0,1.0,1.0,0.0,0.0,0.0,0.0,0.0
Dyrk1a,1.0,1.0,1.0,0.0,0.0,0.0,0.0,0.0
Erg,1.0,1.0,1.0,0.0,0.0,0.0,0.0,0.0
Ets2,1.0,1.0,1.0,0.0,0.0,0.0,0.0,0.0
Gm15340,1.0,1.0,1.0,0.0,0.0,0.0,0.0,0.0
Psmg1,1.0,1.0,1.0,0.0,0.0,0.0,0.0,0.0
Brwd1,0.2615722360139493,1.0,1.0,0.0,0.0,0.0,0.0,0.0
Gm15342,1.0,1.0,1.0,0.0,0.0,0.0,0.0,0.0
Hmgn1,0.04342057984045242,0.47285496692829576,1.0,-28.27717338662312,-28.119810741637092,-0.2975680672220563,0.30069028695567673,0.0
Wrb,1.0,1.0,1.0,0.0,0.0,0.0,0.0,0.0
Lca5l,1.0,1.0,1.0,0.0,0.0,0.0,0.0,0.0
Sh3bgr,1.0,1.0,1.0,0.0,0.0,0.0,0.0,0.0
B3galt5,1.0,1.0,1.0,0.0,0.0,0.0,0.0,0.0
Igsf5,1.0,1.0,1.0,0.0,0.0,0.0,0.0,0.0
Dscam,1.0,1.0,1.0,0.0,0.0,0.0,0.0,0.0
Bace2,1.0,1.0,1.0,0.0,0.0,0.0,0.0,0.0
Fam3b,1.0,1.0,1.0,0.0,0.0,0.0,0.0,0.0
Tmprss2,1.0,1.0,1.0,0.0,0.0,0.0,0.0,0.0
Ripk4,1.0,1.0,1.0,0.0,0.0,0.0,0.0,0.0
Prdm15,1.0,1.0,1.0,0.0,0.0,0.0,0.0,0.0
C2cd2,1.0,1.0,1.0,0.0,0.0,0.0,0.0,0.0
Zbtb21,1.0,1.0,1.0,0.0,0.0,0.0,0.0,0.0
B230307C23Rik,1.0,1.0,1.0,0.0,0.0,0.0,0.0,0.0
A630089N07Rik,1.0,1.0,1.0,0.0,0.0,0.0,0.0,0.0
Scaf8,0.2615722360139493,1.0,1.0,0.0,0.0,0.0,0.0,0.0
Gm49797,1.0,1.0,1.0,0.0,0.0,0.0,0.0,0.0
Tiam2,1.0,1.0,1.0,0.0,0.0,0.0,0.0,0.0
Tfb1m,1.0,1.0,1.0,0.0,0.0,0.0,0.0,0.0
1700102H20Rik,1.0,1.0,1.0,0.0,0.0,0.0,0.0,0.0
Arid1b,1.0,1.0,1.0,0.0,0.0,0.0,0.0,0.0
Tmem242,1.0,1.0,1.0,0.0,0.0,0.0,0.0,0.0
Zdhhc14,1.0,1.0,1.0,0.0,0.0,0.0,0.0,0.0
3300005D01Rik,1.0,1.0,1.0,0.0,0.0,0.0,0.0,0.0
Snx9,0.08715662938217593,0.5098433838583576,0.9595657057843286,0.0,0.0,0.0,0.0,0.0
Synj2,1.0,1.0,1.0,0.0,0.0,0.0,0.0,0.0
Serac1,1.0,1.0,1.0,0.0,0.0,0.0,0.0,0.0
Gtf2h5,0.00464551939834557,0.06347883701390773,0.3897805604748862,-28.259470651639823,-28.078504857245868,-26.974054403208523,0.2834472147988705,0.0
Tulp4,1.0,1.0,1.0,0.0,0.0,0.0,0.0,0.0
Tmem181a,1.0,1.0,1.0,0.0,0.0,0.0,0.0,0.0
Dynlt1a,1.0,1.0,1.0,0.0,0.0,0.0,0.0,0.0
Dynlt1b,1.0,1.0,1.0,0.0,0.0,0.0,0.0,0.0
Dynlt1c,1.0,1.0,1.0,0.0,0.0,0.0,0.0,0.0
Dynlt1f,1.0,1.0,1.0,0.0,0.0,0.0,0.0,0.0
Sytl3,1.0,1.0,1.0,0.0,0.0,0.0,0.0,0.0
Ezr,1.5876796062554575e-05,0.00011113757243788204,0.0010637453361911566,0.5665147451457686,0.803529479273213,1.01438541601847,0.35200679735713725,0.6145835839717133
4933426B08Rik,1.0,1.0,1.0,0.0,0.0,0.0,0.0,0.0
Rsph3b,1.0,1.0,1.0,0.0,0.0,0.0,0.0,0.0
Tagap1,1.0,1.0,1.0,0.0,0.0,0.0,0.0,0.0
Rnaset2b,1.0,1.0,1.0,0.0,0.0,0.0,0.0,0.0
Rps6ka2,1.0,1.0,1.0,0.0,0.0,0.0,0.0,0.0
Unc93a2,1.0,1.0,1.0,0.0,0.0,0.0,0.0,0.0
Fndc1,1.0,1.0,1.0,0.0,0.0,0.0,0.0,0.0
E430024P14Rik,1.0,1.0,1.0,0.0,0.0,0.0,0.0,0.0
Tagap,1.0,1.0,1.0,0.0,0.0,0.0,0.0,0.0
Rsph3a,1.0,1.0,1.0,0.0,0.0,0.0,0.0,0.0
Gm1604a,1.0,1.0,1.0,0.0,0.0,0.0,0.0,0.0
Rnaset2a,0.2615722360139493,0.2615722360139493,1.0,0.0,0.0,0.0,0.0,0.0
Fgfr1op,1.0,1.0,1.0,0.0,0.0,0.0,0.0,0.0
Ccr6,1.0,1.0,1.0,0.0,0.0,0.0,0.0,0.0
Mpc1,0.00011113757243788204,0.0021592442645074223,0.038707628800508063,0.3612315466291565,0.5367453561029208,0.693875297438908,0.3544208656635216,0.516032695197969
Sft2d1,1.0,1.0,1.0,0.0,0.0,0.0,0.0,0.0
Prr18,1.0,1.0,1.0,0.0,0.0,0.0,0.0,0.0
Pde10a,1.0,1.0,1.0,0.0,0.0,0.0,0.0,0.0
Qk,1.0,1.0,1.0,0.0,0.0,0.0,0.0,0.0
Prkn,1.0,1.0,1.0,0.0,0.0,0.0,0.0,0.0
Agpat4,0.08856750257537103,0.2615722360139493,1.0,0.0,0.0,0.0,0.0,0.0
Map3k4,1.0,1.0,1.0,0.0,0.0,0.0,0.0,0.0
4732491K20Rik,1.0,1.0,1.0,0.0,0.0,0.0,0.0,0.0
Slc22a1,1.0,1.0,1.0,0.0,0.0,0.0,0.0,0.0
Igf2r,0.9868739634972384,1.0,1.0,0.0,0.0,0.0,0.0,0.0
Airn,1.0,1.0,1.0,0.0,0.0,0.0,0.0,0.0
Mrpl18,0.0001720247930818143,0.0032593368359413715,0.04166221424998349,-28.313413088529074,-28.214732769893182,-28.085907998727013,0.31151638181757074,0.0
Tcp1,0.0004954208174452059,0.026559304207462102,0.3418362516636597,-28.14483109374066,-27.916887568584812,0.0,0.2534081287908653,0.0
Acat2,1.0,1.0,1.0,0.0,0.0,0.0,0.0,0.0
Wtap,0.2615722360139493,1.0,1.0,0.0,0.0,0.0,0.0,0.0
Sod2,0.02524410573946178,0.2702706993728666,0.9078340000264986,0.011433705041103272,0.18514784142026453,0.386857145205441,0.4579633365362255,0.5209321632265868
Gpr31b,1.0,1.0,1.0,0.0,0.0,0.0,0.0,0.0
Gm16046,1.0,1.0,1.0,0.0,0.0,0.0,0.0,0.0
Afdn,1.0,1.0,1.0,0.0,0.0,0.0,0.0,0.0
Dact2,1.0,1.0,1.0,0.0,0.0,0.0,0.0,0.0
Smoc2,1.0,1.0,1.0,0.0,0.0,0.0,0.0,0.0
Thbs2,1.0,1.0,1.0,0.0,0.0,0.0,0.0,0.0
Wdr27,1.0,1.0,1.0,0.0,0.0,0.0,0.0,0.0
1600012H06Rik,0.2615722360139493,1.0,1.0,0.0,0.0,0.0,0.0,0.0
Phf10,1.0,1.0,1.0,0.0,0.0,0.0,0.0,0.0
9030025P20Rik,1.0,1.0,1.0,0.0,0.0,0.0,0.0,0.0
Gm3448,1.0,1.0,1.0,0.0,0.0,0.0,0.0,0.0
Gm3435,1.0,1.0,1.0,0.0,0.0,0.0,0.0,0.0
Ermard,1.0,1.0,1.0,0.0,0.0,0.0,0.0,0.0
Dll1,1.0,1.0,1.0,0.0,0.0,0.0,0.0,0.0
Fam120b,1.0,1.0,1.0,0.0,0.0,0.0,0.0,0.0
Psmb1,0.0010637453361911566,0.038707628800508063,0.2702706993728666,0.05736688706484666,0.14147140355312265,0.2219000417090532,0.8354236305189189,0.9205810223233744
Tbp,1.0,1.0,1.0,0.0,0.0,0.0,0.0,0.0
Pdcd2,0.2615722360139493,1.0,1.0,0.0,0.0,0.0,0.0,0.0
Prdm9,1.0,1.0,1.0,0.0,0.0,0.0,0.0,0.0
Chd1,1.0,1.0,1.0,0.0,0.0,0.0,0.0,0.0
Rgmb,1.0,1.0,1.0,0.0,0.0,0.0,0.0,0.0
BC002059,1.0,1.0,1.0,0.0,0.0,0.0,0.0,0.0
Zfp960,1.0,1.0,1.0,0.0,0.0,0.0,0.0,0.0
Zfp97,1.0,1.0,1.0,0.0,0.0,0.0,0.0,0.0
Gm5165,1.0,1.0,1.0,0.0,0.0,0.0,0.0,0.0
Riok2,1.0,1.0,1.0,0.0,0.0,0.0,0.0,0.0
Lix1,1.0,1.0,1.0,0.0,0.0,0.0,0.0,0.0
Lnpep,0.47495853988950676,1.0,1.0,0.0,0.0,0.0,0.0,0.0
Spaca6,1.0,1.0,1.0,0.0,0.0,0.0,0.0,0.0
Has1,1.0,1.0,1.0,0.0,0.0,0.0,0.0,0.0
Fpr1,1.0,1.0,1.0,0.0,0.0,0.0,0.0,0.0
Fpr2,1.0,1.0,1.0,0.0,0.0,0.0,0.0,0.0
Vmn2r96,1.0,1.0,1.0,0.0,0.0,0.0,0.0,0.0
Ppp2r1a,1.0,1.0,1.0,0.0,0.0,0.0,0.0,0.0
Zfp160,1.0,1.0,1.0,0.0,0.0,0.0,0.0,0.0
Zfp677,1.0,1.0,1.0,0.0,0.0,0.0,0.0,0.0
Zfp54,1.0,1.0,1.0,0.0,0.0,0.0,0.0,0.0
Zfp51,1.0,1.0,1.0,0.0,0.0,0.0,0.0,0.0
Zfp53,1.0,1.0,1.0,0.0,0.0,0.0,0.0,0.0
9330136K24Rik,1.0,1.0,1.0,0.0,0.0,0.0,0.0,0.0
Zfp52,1.0,1.0,1.0,0.0,0.0,0.0,0.0,0.0
Zfp948,1.0,1.0,1.0,0.0,0.0,0.0,0.0,0.0
Zfp983,1.0,1.0,1.0,0.0,0.0,0.0,0.0,0.0
Zfp760,1.0,1.0,1.0,0.0,0.0,0.0,0.0,0.0
Zfp229,1.0,1.0,1.0,0.0,0.0,0.0,0.0,0.0
Zfp820,1.0,1.0,1.0,0.0,0.0,0.0,0.0,0.0
Zfp995,1.0,1.0,1.0,0.0,0.0,0.0,0.0,0.0
Zfp942,1.0,1.0,1.0,0.0,0.0,0.0,0.0,0.0
Zfp943,1.0,1.0,1.0,0.0,0.0,0.0,0.0,0.0
Zfp947,1.0,1.0,1.0,0.0,0.0,0.0,0.0,0.0
Zfp994,1.0,1.0,1.0,0.0,0.0,0.0,0.0,0.0
Gm7072,1.0,1.0,1.0,0.0,0.0,0.0,0.0,0.0
Zfp944,1.0,1.0,1.0,0.0,0.0,0.0,0.0,0.0
Zfp758,1.0,1.0,1.0,0.0,0.0,0.0,0.0,0.0
Zfp946,1.0,1.0,1.0,0.0,0.0,0.0,0.0,0.0
Zfp945,1.0,1.0,1.0,0.0,0.0,0.0,0.0,0.0
Zfp40,1.0,1.0,1.0,0.0,0.0,0.0,0.0,0.0
6330415G19Rik,1.0,1.0,1.0,0.0,0.0,0.0,0.0,0.0
Zfp213,1.0,1.0,1.0,0.0,0.0,0.0,0.0,0.0
Mmp25,1.0,1.0,1.0,0.0,0.0,0.0,0.0,0.0
Bicdl2,1.0,1.0,1.0,0.0,0.0,0.0,0.0,0.0
Thoc6,1.0,1.0,1.0,0.0,0.0,0.0,0.0,0.0
Hcfc1r1,0.2615722360139493,0.2615722360139493,1.0,0.0,0.0,0.0,0.0,0.0
Tnfrsf12a,1.0,1.0,1.0,0.0,0.0,0.0,0.0,0.0
Pkmyt1,1.0,1.0,1.0,0.0,0.0,0.0,0.0,0.0
Paqr4,1.0,1.0,1.0,0.0,0.0,0.0,0.0,0.0
Kremen2,1.0,1.0,1.0,0.0,0.0,0.0,0.0,0.0
9530082P21Rik,1.0,1.0,1.0,0.0,0.0,0.0,0.0,0.0
Flywch1,1.0,1.0,1.0,0.0,0.0,0.0,0.0,0.0
Flywch2,1.0,1.0,1.0,0.0,0.0,0.0,0.0,0.0
Srrm2,0.007258077319996828,0.13493688973565135,0.6784313725490196,-0.24523432970314651,-0.13337895761067625,-0.01044736720399545,0.7967171436138085,0.7260114024913561
Elob,1.5876796062554575e-05,0.00030165912518853697,0.0073033261887751055,0.2356261284163104,0.3442521663227658,0.41279543753342635,0.8894044311120843,1.13016262365354
Prss32,1.0,1.0,1.0,0.0,0.0,0.0,0.0,0.0
Gm15947,1.0,1.0,1.0,0.0,0.0,0.0,0.0,0.0
Prss30,1.0,1.0,1.0,0.0,0.0,0.0,0.0,0.0
Kctd5,1.0,1.0,1.0,0.0,0.0,0.0,0.0,0.0
Pdpk1,1.0,1.0,1.0,0.0,0.0,0.0,0.0,0.0
Gm50071,1.0,1.0,1.0,0.0,0.0,0.0,0.0,0.0
Amdhd2,1.0,1.0,1.0,0.0,0.0,0.0,0.0,0.0
Atp6v0c,0.015860919266492024,0.13493688973565135,0.5208065412399778,-0.15485078206981084,-0.10711373961463486,-0.048871336462831864,1.1038549883793238,1.0239264410689501
Tbc1d24,1.0,1.0,1.0,0.0,0.0,0.0,0.0,0.0
Ntn3,1.0,1.0,1.0,0.0,0.0,0.0,0.0,0.0
Tedc2,1.0,1.0,1.0,0.0,0.0,0.0,0.0,0.0
Ccnf,1.0,1.0,1.0,0.0,0.0,0.0,0.0,0.0
Abca17,1.0,1.0,1.0,0.0,0.0,0.0,0.0,0.0
Abca3,0.08856750257537103,0.2615722360139493,1.0,0.0,0.0,0.0,0.0,0.0
D330041H03Rik,1.0,1.0,1.0,0.0,0.0,0.0,0.0,0.0
Rnps1,0.009501095540355024,0.08856750257537103,0.4198490637342591,-26.10609861416238,0.0,0.0,0.0,0.0
Eci1,0.2615722360139493,1.0,1.0,0.0,0.0,0.0,0.0,0.0
Dnase1l2,1.0,1.0,1.0,0.0,0.0,0.0,0.0,0.0
E4f1,1.0,1.0,1.0,0.0,0.0,0.0,0.0,0.0
Pgp,0.08856750257537103,0.2615722360139493,1.0,0.0,0.0,0.0,0.0,0.0
Mlst8,1.0,1.0,1.0,0.0,0.0,0.0,0.0,0.0
Traf7,1.0,1.0,1.0,0.0,0.0,0.0,0.0,0.0
Rab26,1.0,1.0,1.0,0.0,0.0,0.0,0.0,0.0
Rab26os,1.0,1.0,1.0,0.0,0.0,0.0,0.0,0.0
Pkd1,1.0,1.0,1.0,0.0,0.0,0.0,0.0,0.0
Tsc2,1.0,1.0,1.0,0.0,0.0,0.0,0.0,0.0
Nthl1,1.0,1.0,1.0,0.0,0.0,0.0,0.0,0.0
Slc9a3r2,1.0,1.0,1.0,0.0,0.0,0.0,0.0,0.0
Zfp598,1.0,1.0,1.0,0.0,0.0,0.0,0.0,0.0
Syngr3,1.0,1.0,1.0,0.0,0.0,0.0,0.0,0.0
Gfer,1.0,1.0,1.0,0.0,0.0,0.0,0.0,0.0
Noxo1,1.0,1.0,1.0,0.0,0.0,0.0,0.0,0.0
Tbl3,1.0,1.0,1.0,0.0,0.0,0.0,0.0,0.0
Rps2,1.5876796062554575e-05,0.0015241724220052392,0.02524410573946178,0.15311287355691156,0.22147827582631371,0.3016405787517294,1.6710791187667675,1.9517020662731186
Snhg9,1.0,1.0,1.0,0.0,0.0,0.0,0.0,0.0
Ndufb10,0.00030165912518853697,0.015860919266492024,0.2082876875446535,0.08596571374105323,0.2328319881999496,0.43041525256491214,0.48095342965987886,0.5637547060081608
Rpl3l,1.0,1.0,1.0,0.0,0.0,0.0,0.0,0.0
Msrb1,0.2615722360139493,1.0,1.0,0.0,0.0,0.0,0.0,0.0
Gm50022,1.0,1.0,1.0,0.0,0.0,0.0,0.0,0.0
Meiob,1.0,1.0,1.0,0.0,0.0,0.0,0.0,0.0
Hagh,0.2615722360139493,1.0,1.0,0.0,0.0,0.0,0.0,0.0
Fahd1,1.0,1.0,1.0,0.0,0.0,0.0,0.0,0.0
Nubp2,1.0,1.0,1.0,0.0,0.0,0.0,0.0,0.0
Spsb3,1.0,1.0,1.0,0.0,0.0,0.0,0.0,0.0
Eme2,1.0,1.0,1.0,0.0,0.0,0.0,0.0,0.0
Mapk8ip3,1.0,1.0,1.0,0.0,0.0,0.0,0.0,0.0
Mrps34,0.0003359251183343566,0.002070943532069659,0.016204046925291853,-28.7498810551067,-28.621033396974084,-28.453380280983517,0.41284740424462774,0.0
Nme3,1.0,1.0,1.0,0.0,0.0,0.0,0.0,0.0
Jpt2,1.0,1.0,1.0,0.0,0.0,0.0,0.0,0.0
Cramp1l,1.0,1.0,1.0,0.0,0.0,0.0,0.0,0.0
Ift140,1.0,1.0,1.0,0.0,0.0,0.0,0.0,0.0
Tmem204,1.0,1.0,1.0,0.0,0.0,0.0,0.0,0.0
Telo2,1.0,1.0,1.0,0.0,0.0,0.0,0.0,0.0
Clcn7,1.0,1.0,1.0,0.0,0.0,0.0,0.0,0.0
BC003965,0.2615722360139493,1.0,1.0,0.0,0.0,0.0,0.0,0.0
Unkl,1.0,1.0,1.0,0.0,0.0,0.0,0.0,0.0
Gnptg,0.2615722360139493,1.0,1.0,0.0,0.0,0.0,0.0,0.0
Tsr3,1.0,1.0,1.0,0.0,0.0,0.0,0.0,0.0
Baiap3,1.0,1.0,1.0,0.0,0.0,0.0,0.0,0.0
Ube2i,0.20226876236374786,0.7249560728402249,1.0,-1.7752339868225606,0.02970805946706096,0.2562153157992111,0.35660923456319105,0.36653740968448234
Tpsg1,1.0,1.0,1.0,0.0,0.0,0.0,0.0,0.0
Cacna1h,1.0,1.0,1.0,0.0,0.0,0.0,0.0,0.0
Sox8,1.0,1.0,1.0,0.0,0.0,0.0,0.0,0.0
2810468N07Rik,1.0,1.0,1.0,0.0,0.0,0.0,0.0,0.0
Lmf1,1.0,1.0,1.0,0.0,0.0,0.0,0.0,0.0
Chtf18,1.0,1.0,1.0,0.0,0.0,0.0,0.0,0.0
Rpusd1,1.0,1.0,1.0,0.0,0.0,0.0,0.0,0.0
Ciao3,1.0,1.0,1.0,0.0,0.0,0.0,0.0,0.0
Haghl,1.0,1.0,1.0,0.0,0.0,0.0,0.0,0.0
Fam173a,0.20283448729232112,0.7280611426419807,1.0,-0.16747006153978844,0.008838669923582444,0.1579668604964348,0.43589757505307986,0.4391330858940019
Metrn,1.0,1.0,1.0,0.0,0.0,0.0,0.0,0.0
Wdr24,1.0,1.0,1.0,0.0,0.0,0.0,0.0,0.0
Jmjd8,1.0,1.0,1.0,0.0,0.0,0.0,0.0,0.0
Stub1,0.029867793297539916,0.2615722360139493,1.0,0.0,0.0,0.0,0.0,0.0
Rhot2,1.0,1.0,1.0,0.0,0.0,0.0,0.0,0.0
Wdr90,1.0,1.0,1.0,0.0,0.0,0.0,0.0,0.0
Mcrip2,1.0,1.0,1.0,0.0,0.0,0.0,0.0,0.0
Mettl26,0.002778685068188869,0.029867793297539916,0.08856750257537103,-27.286580948915187,0.0,0.0,0.0,0.0
Rab40c,1.0,1.0,1.0,0.0,0.0,0.0,0.0,0.0
Pigq,1.0,1.0,1.0,0.0,0.0,0.0,0.0,0.0
Capn15,1.0,1.0,1.0,0.0,0.0,0.0,0.0,0.0
1700022N22Rik,1.0,1.0,1.0,0.0,0.0,0.0,0.0,0.0
Rab11fip3,1.0,1.0,1.0,0.0,0.0,0.0,0.0,0.0
Decr2,1.0,1.0,1.0,0.0,0.0,0.0,0.0,0.0
Nme4,1.0,1.0,1.0,0.0,0.0,0.0,0.0,0.0
Tmem8,1.0,1.0,1.0,0.0,0.0,0.0,0.0,0.0
Mrpl28,0.08856750257537103,0.08856750257537103,0.2615722360139493,0.0,0.0,0.0,0.0,0.0
Axin1,1.0,1.0,1.0,0.0,0.0,0.0,0.0,0.0
Rgs11,1.0,1.0,1.0,0.0,0.0,0.0,0.0,0.0
Fam234a,1.0,1.0,1.0,0.0,0.0,0.0,0.0,0.0
Luc7l,0.2615722360139493,1.0,1.0,0.0,0.0,0.0,0.0,0.0
Neurl1b,1.0,1.0,1.0,0.0,0.0,0.0,0.0,0.0
Gm34455,1.0,1.0,1.0,0.0,0.0,0.0,0.0,0.0
Dusp1,0.08856750257537103,1.0,1.0,0.0,0.0,0.0,0.0,0.0
Ergic1,3.5291394948257277e-05,0.00020556286602147722,0.0030690378069328957,-28.501638783621196,-28.376199466804835,-28.2263664752825,0.34840726407969974,0.0
Atp6v0e,1.5876796062554575e-05,0.00047630388187663733,0.02524410573946178,0.16789704406292574,0.2583035833269873,0.3728863672165237,0.5658508442389487,0.6761517060797982
Crebrf,0.029867793297539916,0.2615722360139493,0.8822739356449067,0.0,0.0,0.0,0.0,0.0
Bnip1,1.0,1.0,1.0,0.0,0.0,0.0,0.0,0.0
Kifc5b,1.0,1.0,1.0,0.0,0.0,0.0,0.0,0.0
Phf1,0.2615722360139493,1.0,1.0,0.0,0.0,0.0,0.0,0.0
Cuta,0.2630889109848705,0.7283560871056942,1.0,-0.26931790539919687,-0.061664728934578264,0.14058021973170595,0.46094033006258267,0.44163537504869826
Syngap1,1.0,1.0,1.0,0.0,0.0,0.0,0.0,0.0
Zbtb9,1.0,1.0,1.0,0.0,0.0,0.0,0.0,0.0
Ggnbp1,1.0,1.0,1.0,0.0,0.0,0.0,0.0,0.0
Bak1,1.0,1.0,1.0,0.0,0.0,0.0,0.0,0.0
Itpr3,1.0,1.0,1.0,0.0,0.0,0.0,0.0,0.0
Uqcc2,0.3311849615084903,0.7863512101793072,1.0,-0.1670117220376693,0.08543436468767687,0.2736310322333148,0.39580503155565966,0.41968453776553905
Lemd2,1.0,1.0,1.0,0.0,0.0,0.0,0.0,0.0
Gm26724,1.0,1.0,1.0,0.0,0.0,0.0,0.0,0.0
9630028I04Rik,1.0,1.0,1.0,0.0,0.0,0.0,0.0,0.0
Gm49774,1.0,1.0,1.0,0.0,0.0,0.0,0.0,0.0
Hmga1,1.0,1.0,1.0,0.0,0.0,0.0,0.0,0.0
AI413582,0.2615722360139493,0.2615722360139493,1.0,0.0,0.0,0.0,0.0,0.0
Nudt3,1.0,1.0,1.0,0.0,0.0,0.0,0.0,0.0
Gm49741,1.0,1.0,1.0,0.0,0.0,0.0,0.0,0.0
Rps10,0.11526553941414623,0.6238787012780821,1.0,-0.04894790357263419,-0.007745449038721382,0.014416787763900716,2.6983586672047375,2.6860288980929985
Pacsin1,1.0,1.0,1.0,0.0,0.0,0.0,0.0,0.0
Spdef,1.0,1.0,1.0,0.0,0.0,0.0,0.0,0.0
Ilrun,0.2615722360139493,1.0,1.0,0.0,0.0,0.0,0.0,0.0
Snrpc,0.029867793297539916,0.2615722360139493,1.0,0.0,0.0,0.0,0.0,0.0
Uhrf1bp1,1.0,1.0,1.0,0.0,0.0,0.0,0.0,0.0
Taf11,1.0,1.0,1.0,0.0,0.0,0.0,0.0,0.0
Gm49801,1.0,1.0,1.0,0.0,0.0,0.0,0.0,0.0
Anks1,1.0,1.0,1.0,0.0,0.0,0.0,0.0,0.0
Gm35290,1.0,1.0,1.0,0.0,0.0,0.0,0.0,0.0
Tcp11,1.0,1.0,1.0,0.0,0.0,0.0,0.0,0.0
Scube3,1.0,1.0,1.0,0.0,0.0,0.0,0.0,0.0
C230013L11Rik,1.0,1.0,1.0,0.0,0.0,0.0,0.0,0.0
Zfp523,1.0,1.0,1.0,0.0,0.0,0.0,0.0,0.0
Def6,1.0,1.0,1.0,0.0,0.0,0.0,0.0,0.0
Ppard,1.0,1.0,1.0,0.0,0.0,0.0,0.0,0.0
Fance,1.0,1.0,1.0,0.0,0.0,0.0,0.0,0.0
Rpl10a,0.08249583234103358,0.5208065412399778,0.970681114551083,-0.08673914534753314,-0.04243869182775019,0.015340858727276063,1.909593129647905,1.8529573268362676
Tead3,1.0,1.0,1.0,0.0,0.0,0.0,0.0,0.0
Fkbp5,1.0,1.0,1.0,0.0,0.0,0.0,0.0,0.0
Gm49838,1.0,1.0,1.0,0.0,0.0,0.0,0.0,0.0
Gm22146,1.0,1.0,1.0,0.0,0.0,0.0,0.0,0.0
Gm20109,1.0,1.0,1.0,0.0,0.0,0.0,0.0,0.0
E230001N04Rik,1.0,1.0,1.0,0.0,0.0,0.0,0.0,0.0
Srpk1,0.2615722360139493,1.0,1.0,0.0,0.0,0.0,0.0,0.0
Mapk14,1.0,1.0,1.0,0.0,0.0,0.0,0.0,0.0
Gm4356,1.0,1.0,1.0,0.0,0.0,0.0,0.0,0.0
Mapk13,1.0,1.0,1.0,0.0,0.0,0.0,0.0,0.0
Gm49864,1.0,1.0,1.0,0.0,0.0,0.0,0.0,0.0
Brpf3,1.0,1.0,1.0,0.0,0.0,0.0,0.0,0.0
Pnpla1,1.0,1.0,1.0,0.0,0.0,0.0,0.0,0.0
4930539E08Rik,1.0,1.0,1.0,0.0,0.0,0.0,0.0,0.0
Kctd20,1.0,1.0,1.0,0.0,0.0,0.0,0.0,0.0
Stk38,0.2615722360139493,1.0,1.0,0.0,0.0,0.0,0.0,0.0
Gm16196,1.0,1.0,1.0,0.0,0.0,0.0,0.0,0.0
Srsf3,0.009557831229657855,0.2082876875446535,0.910105580693816,-0.025997972796592637,0.14528240612215523,0.30624636363928115,0.5797989916195794,0.6413724745210171
Trp53cor1,1.0,1.0,1.0,0.0,0.0,0.0,0.0,0.0
Cdkn1a,1.0,1.0,1.0,0.0,0.0,0.0,0.0,0.0
Rab44,1.0,1.0,1.0,0.0,0.0,0.0,0.0,0.0
Ppil1,1.0,1.0,1.0,0.0,0.0,0.0,0.0,0.0
BC004004,0.0007335473709934008,0.010222453583624358,0.1853939469443623,-28.113327158351822,-27.11060371058396,0.0,0.14491256429955263,0.0
Pi16,1.0,1.0,1.0,0.0,0.0,0.0,0.0,0.0
Mtch1,0.08856750257537103,0.2615722360139493,1.0,0.0,0.0,0.0,0.0,0.0
Fgd2,1.0,1.0,1.0,0.0,0.0,0.0,0.0,0.0
Gm36486,1.0,1.0,1.0,0.0,0.0,0.0,0.0,0.0
Gm26885,1.0,1.0,1.0,0.0,0.0,0.0,0.0,0.0
Pim1,0.00409621338413908,0.11526553941414623,0.5713582599031516,-0.22066848483704385,-0.13843413252156458,-0.03906264327880935,1.72738546343491,1.5682979103586039
Gm17657,1.0,1.0,1.0,0.0,0.0,0.0,0.0,0.0
Tbc1d22b,1.0,1.0,1.0,0.0,0.0,0.0,0.0,0.0
Rnf8,1.0,1.0,1.0,0.0,0.0,0.0,0.0,0.0
Cmtr1,1.0,1.0,1.0,0.0,0.0,0.0,0.0,0.0
Ccdc167,0.08856750257537103,0.2615722360139493,1.0,0.0,0.0,0.0,0.0,0.0
1810014P07Rik,1.0,1.0,1.0,0.0,0.0,0.0,0.0,0.0
Mdga1,1.0,1.0,1.0,0.0,0.0,0.0,0.0,0.0
Zfand3,1.0,1.0,1.0,0.0,0.0,0.0,0.0,0.0
Btbd9,1.0,1.0,1.0,0.0,0.0,0.0,0.0,0.0
Gm50250,1.0,1.0,1.0,0.0,0.0,0.0,0.0,0.0
Gm50240,1.0,1.0,1.0,0.0,0.0,0.0,0.0,0.0
Glo1,0.009501095540355024,0.029867793297539916,0.2615722360139493,-26.972080891173672,0.0,0.0,0.0,0.0
1700097N02Rik,1.0,1.0,1.0,0.0,0.0,0.0,0.0,0.0
Dnah8,1.0,1.0,1.0,0.0,0.0,0.0,0.0,0.0
Gm10503,1.0,1.0,1.0,0.0,0.0,0.0,0.0,0.0
Abcg1,1.0,1.0,1.0,0.0,0.0,0.0,0.0,0.0
Tff3,1.0,1.0,1.0,0.0,0.0,0.0,0.0,0.0
Tff1,1.0,1.0,1.0,0.0,0.0,0.0,0.0,0.0
Ubash3a,1.0,1.0,1.0,0.0,0.0,0.0,0.0,0.0
Rsph1,1.0,1.0,1.0,0.0,0.0,0.0,0.0,0.0
Slc37a1,1.0,1.0,1.0,0.0,0.0,0.0,0.0,0.0
Pde9a,1.0,1.0,1.0,0.0,0.0,0.0,0.0,0.0
Gm50138,1.0,1.0,1.0,0.0,0.0,0.0,0.0,0.0
Wdr4,1.0,1.0,1.0,0.0,0.0,0.0,0.0,0.0
Gm50103,1.0,1.0,1.0,0.0,0.0,0.0,0.0,0.0
Ndufv3,0.1568627450980392,0.6784313725490196,1.0,-0.12461452106058953,-0.04003824360842942,0.05204739548478802,0.7157436291363455,0.6961494091399273
Gm50105,1.0,1.0,1.0,0.0,0.0,0.0,0.0,0.0
AC166172.1,1.0,1.0,1.0,0.0,0.0,0.0,0.0,0.0
Pknox1,1.0,1.0,1.0,0.0,0.0,0.0,0.0,0.0
Gm50107,1.0,1.0,1.0,0.0,0.0,0.0,0.0,0.0
Cbs,1.0,1.0,1.0,0.0,0.0,0.0,0.0,0.0
U2af1,0.0029316408379423814,0.05285739919747268,0.3311849615084903,0.29933909877499354,0.5104116042424891,0.7827994485315001,0.3059739585899345,0.434959759688534
Sik1,0.02108127183315332,0.24087212175615258,0.9384510737248942,-28.531618447962547,-1.2388964875857758,0.1349589355360935,0.3592296577261165,0.15682823188574302
Hsf2bp,1.0,1.0,1.0,0.0,0.0,0.0,0.0,0.0
Rrp1b,1.0,1.0,1.0,0.0,0.0,0.0,0.0,0.0
Gm17276,1.0,1.0,1.0,0.0,0.0,0.0,0.0,0.0
Notch3,1.0,1.0,1.0,0.0,0.0,0.0,0.0,0.0
Brd4,0.08856750257537103,0.2615722360139493,1.0,0.0,0.0,0.0,0.0,0.0
Gm26549,1.0,1.0,1.0,0.0,0.0,0.0,0.0,0.0
Akap8,1.0,1.0,1.0,0.0,0.0,0.0,0.0,0.0
Akap8l,1.0,1.0,1.0,0.0,0.0,0.0,0.0,0.0
Wiz,1.0,1.0,1.0,0.0,0.0,0.0,0.0,0.0
Rasal3,1.0,1.0,1.0,0.0,0.0,0.0,0.0,0.0
A530088E08Rik,1.0,1.0,1.0,0.0,0.0,0.0,0.0,0.0
Pglyrp2,1.0,1.0,1.0,0.0,0.0,0.0,0.0,0.0
Cyp4f17,1.0,1.0,1.0,0.0,0.0,0.0,0.0,0.0
Cyp4f16,1.0,1.0,1.0,0.0,0.0,0.0,0.0,0.0
Cyp4f40,1.0,1.0,1.0,0.0,0.0,0.0,0.0,0.0
Zfp871,1.0,1.0,1.0,0.0,0.0,0.0,0.0,0.0
Zfp811,1.0,1.0,1.0,0.0,0.0,0.0,0.0,0.0
Zfp799,1.0,1.0,1.0,0.0,0.0,0.0,0.0,0.0
Zfp870,1.0,1.0,1.0,0.0,0.0,0.0,0.0,0.0
Cyp4f13,1.0,1.0,1.0,0.0,0.0,0.0,0.0,0.0
Zfp472,1.0,1.0,1.0,0.0,0.0,0.0,0.0,0.0
Zfp952,1.0,1.0,1.0,0.0,0.0,0.0,0.0,0.0
Zfp763,1.0,1.0,1.0,0.0,0.0,0.0,0.0,0.0
Zfp563,1.0,1.0,1.0,0.0,0.0,0.0,0.0,0.0
Zfp955a,1.0,1.0,1.0,0.0,0.0,0.0,0.0,0.0
Zfp955b,1.0,1.0,1.0,0.0,0.0,0.0,0.0,0.0
Zfp81,1.0,1.0,1.0,0.0,0.0,0.0,0.0,0.0
Zfp101,1.0,1.0,1.0,0.0,0.0,0.0,0.0,0.0
Adamts10,1.0,1.0,1.0,0.0,0.0,0.0,0.0,0.0
Myo1f,1.0,1.0,1.0,0.0,0.0,0.0,0.0,0.0
Zfp414,1.0,1.0,1.0,0.0,0.0,0.0,0.0,0.0
Pram1,1.0,1.0,1.0,0.0,0.0,0.0,0.0,0.0
Hnrnpm,0.2615722360139493,1.0,1.0,0.0,0.0,0.0,0.0,0.0
March2,1.0,1.0,1.0,0.0,0.0,0.0,0.0,0.0
Rab11b,0.08856750257537103,0.2615722360139493,0.2615722360139493,0.0,0.0,0.0,0.0,0.0
Gm17251,1.0,1.0,1.0,0.0,0.0,0.0,0.0,0.0
Angptl4,1.0,1.0,1.0,0.0,0.0,0.0,0.0,0.0
Kank3,1.0,1.0,1.0,0.0,0.0,0.0,0.0,0.0
Rps28,0.03142017940779551,0.2082876875446535,0.5208065412399778,-0.0826053963092272,-0.04004950544173663,-0.010591795854905819,2.5916418015079827,2.5223093005083403
Ndufa7,0.09788044772564897,0.5713582599031516,1.0,-0.06890379502012026,0.03946202361186463,0.16679601315983775,0.6569995478358699,0.6759750207652125
Cd320,1.0,1.0,1.0,0.0,0.0,0.0,0.0,0.0
Kifc1,1.0,1.0,1.0,0.0,0.0,0.0,0.0,0.0
Smim40,1.0,1.0,1.0,0.0,0.0,0.0,0.0,0.0
BC051226,1.0,1.0,1.0,0.0,0.0,0.0,0.0,0.0
Daxx,1.0,1.0,1.0,0.0,0.0,0.0,0.0,0.0
Tapbp,1.5876796062554575e-05,0.00024233435263260392,0.0013600451325973938,-0.7248045306407324,-0.5447796494822895,-0.38400834572058123,0.6227924224704344,0.427050855707629
Zbtb22,1.0,1.0,1.0,0.0,0.0,0.0,0.0,0.0
Gm19412,1.0,1.0,1.0,0.0,0.0,0.0,0.0,0.0
Rgl2,1.0,1.0,1.0,0.0,0.0,0.0,0.0,0.0
Pfdn6,0.0007335473709934008,0.04071783557837171,0.38386061691619233,-28.224846355143384,-28.109432450835968,-27.166639647355602,0.2895891775871065,0.0
Wdr46,1.0,1.0,1.0,0.0,0.0,0.0,0.0,0.0
B3galt4,1.0,1.0,1.0,0.0,0.0,0.0,0.0,0.0
Rps18,0.06909581646423751,0.5208065412399778,0.9699293482575216,-0.0679594493092219,-0.030116537388554358,0.025523738765090138,2.4348333031706075,2.3838627661854987
Vps52,1.0,1.0,1.0,0.0,0.0,0.0,0.0,0.0
AA388235,1.0,1.0,1.0,0.0,0.0,0.0,0.0,0.0
H2-K1,6.35071842502183e-05,0.00298483765976026,0.020131777407319206,-0.24063667045786435,-0.19395305969481813,-0.1370150287669808,2.4675785917456396,2.1548620959232974
Ring1,1.0,1.0,1.0,0.0,0.0,0.0,0.0,0.0
H2-Ke6,0.029867793297539916,0.2615722360139493,1.0,0.0,0.0,0.0,0.0,0.0
Slc39a7,0.00757385161588581,0.12734576319606353,0.7855571560139146,-28.51245388652834,-2.248339767385777,-0.032754290388349934,0.35069791413568074,0.075168038327787
Rxrb,1.0,1.0,1.0,0.0,0.0,0.0,0.0,0.0
Col11a2,1.0,1.0,1.0,0.0,0.0,0.0,0.0,0.0
H2-Oa,1.0,1.0,1.0,0.0,0.0,0.0,0.0,0.0
Brd2,0.04014545346596476,0.2968939270753236,0.9071797966467664,-0.009545868554944513,0.2786240866177383,0.5355240389652924,0.32773560929363055,0.399363288466678
H2-DMa,0.2615722360139493,1.0,1.0,0.0,0.0,0.0,0.0,0.0
Gm50335,1.0,1.0,1.0,0.0,0.0,0.0,0.0,0.0
H2-DMb2,1.0,1.0,1.0,0.0,0.0,0.0,0.0,0.0
H2-DMb1,0.2615722360139493,1.0,1.0,0.0,0.0,0.0,0.0,0.0
Psmb9,3.175359212510915e-05,0.0007144558228149559,0.012128869270031368,-0.6395841849487719,-0.4825996712807775,-0.3235891158648105,0.6812903264388174,0.48817719048971714
Tap1,3.5291394948257277e-05,0.0001720247930818143,0.0007335473709934008,-28.48240166402871,-28.31946819130765,-28.159356807723324,0.33497273525718296,0.0
Psmb8,0.00047630388187663733,0.0073033261887751055,0.11526553941414623,-0.2847292123777454,-0.1975103760571596,-0.09921214278803807,1.3136788199530876,1.1477882476411676
Tap2,3.5291394948257277e-05,0.0007335473709934008,0.025251540687853385,-28.380025723335844,-28.218492861921753,-27.904063245286853,0.3123293392888252,0.0
H2-Ob,1.0,1.0,1.0,0.0,0.0,0.0,0.0,0.0
H2-Ab1,0.00047630388187663733,0.0073033261887751055,0.08249583234103358,-0.3923770300881665,-0.3007187712703656,-0.19471837210992513,1.0728297103444575,0.868934031424789
H2-Aa,0.0003359251183343566,0.001504975185043434,0.008568016688252352,-28.78069559114557,-28.547732597201364,-28.40227844895155,0.39239531984385223,0.0
Gm20513,1.0,1.0,1.0,0.0,0.0,0.0,0.0,0.0
H2-Eb1,0.00047630388187663733,0.015860919266492024,0.18134476462649837,-0.42353485893347365,-0.24380804274955462,-0.08142691363373272,0.6689213476463964,0.5684279421117937
H2-Eb2,1.0,1.0,1.0,0.0,0.0,0.0,0.0,0.0
Btnl2,1.0,1.0,1.0,0.0,0.0,0.0,0.0,0.0
BC051142,1.0,1.0,1.0,0.0,0.0,0.0,0.0,0.0
Btnl4,1.0,1.0,1.0,0.0,0.0,0.0,0.0,0.0
Notch4,1.0,1.0,1.0,0.0,0.0,0.0,0.0,0.0
Gpsm3,1.0,1.0,1.0,0.0,0.0,0.0,0.0,0.0
Pbx2,1.0,1.0,1.0,0.0,0.0,0.0,0.0,0.0
Rnf5,0.2615722360139493,1.0,1.0,0.0,0.0,0.0,0.0,0.0
Agpat1,1.0,1.0,1.0,0.0,0.0,0.0,0.0,0.0
Egfl8,1.0,1.0,1.0,0.0,0.0,0.0,0.0,0.0
Ppt2,1.0,1.0,1.0,0.0,0.0,0.0,0.0,0.0
Prrt1,1.0,1.0,1.0,0.0,0.0,0.0,0.0,0.0
Fkbpl,1.0,1.0,1.0,0.0,0.0,0.0,0.0,0.0
Atf6b,0.2615722360139493,1.0,1.0,0.0,0.0,0.0,0.0,0.0
Tnxb,1.0,1.0,1.0,0.0,0.0,0.0,0.0,0.0
C4b,1.0,1.0,1.0,0.0,0.0,0.0,0.0,0.0
C4a,1.0,1.0,1.0,0.0,0.0,0.0,0.0,0.0
Stk19,1.0,1.0,1.0,0.0,0.0,0.0,0.0,0.0
Dxo,1.0,1.0,1.0,0.0,0.0,0.0,0.0,0.0
Skiv2l,1.0,1.0,1.0,0.0,0.0,0.0,0.0,0.0
Nelfe,0.2615722360139493,0.2615722360139493,1.0,0.0,0.0,0.0,0.0,0.0
Cfb,1.0,1.0,1.0,0.0,0.0,0.0,0.0,0.0
C2,1.0,1.0,1.0,0.0,0.0,0.0,0.0,0.0
Zbtb12,1.0,1.0,1.0,0.0,0.0,0.0,0.0,0.0
Ehmt2,1.0,1.0,1.0,0.0,0.0,0.0,0.0,0.0
Slc44a4,1.0,1.0,1.0,0.0,0.0,0.0,0.0,0.0
Neu1,0.2615722360139493,1.0,1.0,0.0,0.0,0.0,0.0,0.0
1110038B12Rik,0.2615722360139493,1.0,1.0,0.0,0.0,0.0,0.0,0.0
Hspa1b,1.0,1.0,1.0,0.0,0.0,0.0,0.0,0.0
Hspa1a,1.0,1.0,1.0,0.0,0.0,0.0,0.0,0.0
Hspa1l,1.0,1.0,1.0,0.0,0.0,0.0,0.0,0.0
Lsm2,0.2615722360139493,1.0,1.0,0.0,0.0,0.0,0.0,0.0
Vars,3.5291394948257277e-05,0.0012730863420067167,0.03210948160665313,-28.380474559814168,-28.243654210123573,-28.099032288277076,0.317824303241603,0.0
Clic1,0.00019052155275065493,0.009557831229657855,0.13493688973565135,0.1489533105578273,0.3958780174774006,0.5930058153802159,0.4100106210216409,0.5413703409564061
Ddah2,1.0,1.0,1.0,0.0,0.0,0.0,0.0,0.0
Ly6g6d,1.0,1.0,1.0,0.0,0.0,0.0,0.0,0.0
Ly6g6e,1.0,1.0,1.0,0.0,0.0,0.0,0.0,0.0
Abhd16a,1.0,1.0,1.0,0.0,0.0,0.0,0.0,0.0
Ly6g5b,1.0,1.0,1.0,0.0,0.0,0.0,0.0,0.0
Csnk2b,0.007737120862323551,0.07598867855418287,0.4198490637342591,-27.642373884004442,0.0,0.0,0.0,0.0
Gpank1,1.0,1.0,1.0,0.0,0.0,0.0,0.0,0.0
Gm20522,1.0,1.0,1.0,0.0,0.0,0.0,0.0,0.0
D17H6S53E,1.0,1.0,1.0,0.0,0.0,0.0,0.0,0.0
Bag6,1.0,1.0,1.0,0.0,0.0,0.0,0.0,0.0
Prrc2a,1.0,1.0,1.0,0.0,0.0,0.0,0.0,0.0
Gm17705,1.0,1.0,1.0,0.0,0.0,0.0,0.0,0.0
Aif1,1.0,1.0,1.0,0.0,0.0,0.0,0.0,0.0
Lst1,1.0,1.0,1.0,0.0,0.0,0.0,0.0,0.0
Ltb,1.0,1.0,1.0,0.0,0.0,0.0,0.0,0.0
Tnf,1.0,1.0,1.0,0.0,0.0,0.0,0.0,0.0
Lta,1.0,1.0,1.0,0.0,0.0,0.0,0.0,0.0
Nfkbil1,1.0,1.0,1.0,0.0,0.0,0.0,0.0,0.0
Gm16181,1.0,1.0,1.0,0.0,0.0,0.0,0.0,0.0
Atp6v1g2,1.0,1.0,1.0,0.0,0.0,0.0,0.0,0.0
Ddx39b,0.2615722360139493,1.0,1.0,0.0,0.0,0.0,0.0,0.0
H2-D1,0.11526553941414623,0.3837421608319441,0.8506311026434865,-0.1215019174244871,-0.061862434058245874,-0.004750690176556875,2.0181801082617277,1.9346791779663026
H2-Q2,1.0,1.0,1.0,0.0,0.0,0.0,0.0,0.0
Gm11131,1.0,1.0,1.0,0.0,0.0,0.0,0.0,0.0
H2-Q4,0.2572471176779851,1.0,1.0,0.0,0.0,0.0,0.0,0.0
H2-Q6,3.5291394948257277e-05,0.00035657175513219313,0.004667322155326527,-28.76428151439999,-28.519604529380967,-28.36277417933099,0.38481892911257776,0.0
H2-Q7,1.5876796062554575e-05,0.00019052155275065493,0.0015241724220052392,-0.7479623765430435,-0.6360713176564259,-0.4866602621368955,1.4252635472304225,0.909572679852791
H2-Q10,1.0,1.0,1.0,0.0,0.0,0.0,0.0,0.0
Pou5f1,1.0,1.0,1.0,0.0,0.0,0.0,0.0,0.0
Tcf19,1.0,1.0,1.0,0.0,0.0,0.0,0.0,0.0
Cchcr1,1.0,1.0,1.0,0.0,0.0,0.0,0.0,0.0
Vars2,1.0,1.0,1.0,0.0,0.0,0.0,0.0,0.0
Gtf2h4,1.0,1.0,1.0,0.0,0.0,0.0,0.0,0.0
Ddr1,1.0,1.0,1.0,0.0,0.0,0.0,0.0,0.0
Ier3,1.0,1.0,1.0,0.0,0.0,0.0,0.0,0.0
Flot1,1.0,1.0,1.0,0.0,0.0,0.0,0.0,0.0
Tubb5,0.06067621353514402,0.5562426453526219,0.9661391068025894,-26.744004492944445,0.0,0.0,0.0,0.0
Mdc1,1.0,1.0,1.0,0.0,0.0,0.0,0.0,0.0
Ppp1r18os,1.0,1.0,1.0,0.0,0.0,0.0,0.0,0.0
Nrm,1.0,1.0,1.0,0.0,0.0,0.0,0.0,0.0
Ppp1r18,1.0,1.0,1.0,0.0,0.0,0.0,0.0,0.0
Dhx16,1.0,1.0,1.0,0.0,0.0,0.0,0.0,0.0
2310061I04Rik,1.0,1.0,1.0,0.0,0.0,0.0,0.0,0.0
Atat1,0.002778685068188869,0.029867793297539916,0.1853939469443623,-27.945343405200266,-26.113041104228998,0.0,0.0725786096501465,0.0
Mrps18b,0.2572471176779851,0.2615722360139493,1.0,0.0,0.0,0.0,0.0,0.0
Ppp1r10,0.2615722360139493,1.0,1.0,0.0,0.0,0.0,0.0,0.0
Abcf1,0.002305097855908232,0.029254565586406815,0.3519631185845171,-28.212586344529583,-27.466432787653225,0.0,0.185447140291961,0.0
Prr3,1.0,1.0,1.0,0.0,0.0,0.0,0.0,0.0
Gnl1,0.2615722360139493,1.0,1.0,0.0,0.0,0.0,0.0,0.0
A930015D03Rik,1.0,1.0,1.0,0.0,0.0,0.0,0.0,0.0
H2-T24,1.0,1.0,1.0,0.0,0.0,0.0,0.0,0.0
H2-T23,1.5876796062554575e-05,0.00019052155275065493,0.03142017940779551,-0.3775140016634987,-0.31152692200434506,-0.23653926508311968,1.09469049166619,0.8815866608786043
H2-T22,3.5291394948257277e-05,3.5291394948257277e-05,0.00017120035741584227,-28.83387728941861,-28.622969063763808,-28.44946054211171,0.4134016980196386,0.0
Gm19684,1.0,1.0,1.0,0.0,0.0,0.0,0.0,0.0
Gm8909,1.0,1.0,1.0,0.0,0.0,0.0,0.0,0.0
Gm20478,1.0,1.0,1.0,0.0,0.0,0.0,0.0,0.0
H2-T3,1.0,1.0,1.0,0.0,0.0,0.0,0.0,0.0
Rpp21,0.029867793297539916,0.3519631185845171,0.8822739356449067,0.0,0.0,0.0,0.0,0.0
Trim39,1.0,1.0,1.0,0.0,0.0,0.0,0.0,0.0
Trim26,1.0,1.0,1.0,0.0,0.0,0.0,0.0,0.0
Trim15,1.0,1.0,1.0,0.0,0.0,0.0,0.0,0.0
Trim40,1.0,1.0,1.0,0.0,0.0,0.0,0.0,0.0
Trim31,1.0,1.0,1.0,0.0,0.0,0.0,0.0,0.0
Rnf39,1.0,1.0,1.0,0.0,0.0,0.0,0.0,0.0
Ppp1r11,0.026701123669380204,0.12425239792934435,0.4862343457308571,-28.60205739610502,-0.712886063632505,-0.10000083429367816,0.4024821049264915,0.24535684227855975
Znrd1,0.029867793297539916,0.2615722360139493,0.8822739356449067,0.0,0.0,0.0,0.0,0.0
Znrd1as,1.0,1.0,1.0,0.0,0.0,0.0,0.0,0.0
Zfp57,1.0,1.0,1.0,0.0,0.0,0.0,0.0,0.0
Gabbr1,0.2615722360139493,1.0,1.0,0.0,0.0,0.0,0.0,0.0
Ubd,1.0,1.0,1.0,0.0,0.0,0.0,0.0,0.0
Gm20429,1.0,1.0,1.0,0.0,0.0,0.0,0.0,0.0
H2-M3,0.029867793297539916,0.08856750257537103,1.0,0.0,0.0,0.0,0.0,0.0
H2-M2,1.0,1.0,1.0,0.0,0.0,0.0,0.0,0.0
Olfr110,1.0,1.0,1.0,0.0,0.0,0.0,0.0,0.0
Gm26917,0.009501095540355024,0.029867793297539916,0.29147411368370935,-26.91436781069537,0.0,0.0,0.0,0.0
Gm42418,1.5876796062554575e-05,1.5876796062554575e-05,1.5876796062554575e-05,0.17242542304868202,0.20020660631713716,0.24295219653825864,2.7120695983989025,3.1151548821071335
AY036118,0.00409621338413908,0.04734460585853775,0.2702706993728666,0.027959672861468603,0.12893369769193053,0.20965691748105578,1.3261520682329588,1.4544325345075761
Crisp3,1.0,1.0,1.0,0.0,0.0,0.0,0.0,0.0
Crisp1,1.0,1.0,1.0,0.0,0.0,0.0,0.0,0.0
9130008F23Rik,1.0,1.0,1.0,0.0,0.0,0.0,0.0,0.0
Cenpq,1.0,1.0,1.0,0.0,0.0,0.0,0.0,0.0
Mmut,1.0,1.0,1.0,0.0,0.0,0.0,0.0,0.0
Cd2ap,0.08856750257537103,0.2615722360139493,1.0,0.0,0.0,0.0,0.0,0.0
Tnfrsf21,1.0,1.0,1.0,0.0,0.0,0.0,0.0,0.0
Adgrf1,1.0,1.0,1.0,0.0,0.0,0.0,0.0,0.0
Adgrf5,1.0,1.0,1.0,0.0,0.0,0.0,0.0,0.0
Ankrd66,1.0,1.0,1.0,0.0,0.0,0.0,0.0,0.0
Pla2g7,1.0,1.0,1.0,0.0,0.0,0.0,0.0,0.0
Slc25a27,1.0,1.0,1.0,0.0,0.0,0.0,0.0,0.0
Cyp39a1,1.0,1.0,1.0,0.0,0.0,0.0,0.0,0.0
Rcan2,1.0,1.0,1.0,0.0,0.0,0.0,0.0,0.0
Enpp5,1.0,1.0,1.0,0.0,0.0,0.0,0.0,0.0
Enpp4,1.0,1.0,1.0,0.0,0.0,0.0,0.0,0.0
Clic5,1.0,1.0,1.0,0.0,0.0,0.0,0.0,0.0
Runx2,1.0,1.0,1.0,0.0,0.0,0.0,0.0,0.0
Runx2os1,1.0,1.0,1.0,0.0,0.0,0.0,0.0,0.0
Supt3,1.0,1.0,1.0,0.0,0.0,0.0,0.0,0.0
Cdc5l,0.2615722360139493,1.0,1.0,0.0,0.0,0.0,0.0,0.0
B230354K17Rik,1.0,1.0,1.0,0.0,0.0,0.0,0.0,0.0
Aars2,1.0,1.0,1.0,0.0,0.0,0.0,0.0,0.0
Nfkbie,0.2615722360139493,1.0,1.0,0.0,0.0,0.0,0.0,0.0
Slc35b2,0.2615722360139493,1.0,1.0,0.0,0.0,0.0,0.0,0.0
Hsp90ab1,0.00011113757243788204,0.00409621338413908,0.03142017940779551,0.08823875049248178,0.1409350449857696,0.20594599054663332,1.46899669150237,1.6185412896174411
Slc29a1,1.0,1.0,1.0,0.0,0.0,0.0,0.0,0.0
Tmem63b,1.0,1.0,1.0,0.0,0.0,0.0,0.0,0.0
Mrpl14,0.0007335473709934008,0.002778685068188869,0.029867793297539916,-28.13804748703957,-27.959709861079382,0.0,0.26104262381411714,0.0
Vegfa,1.0,1.0,1.0,0.0,0.0,0.0,0.0,0.0
Mrps18a,0.029867793297539916,0.029867793297539916,0.2615722360139493,0.0,0.0,0.0,0.0,0.0
Rsph9,1.0,1.0,1.0,0.0,0.0,0.0,0.0,0.0
Mad2l1bp,1.0,1.0,1.0,0.0,0.0,0.0,0.0,0.0
Gtpbp2,0.08856750257537103,0.2615722360139493,1.0,0.0,0.0,0.0,0.0,0.0
Polh,1.0,1.0,1.0,0.0,0.0,0.0,0.0,0.0
Xpo5,1.0,1.0,1.0,0.0,0.0,0.0,0.0,0.0
Polr1c,1.0,1.0,1.0,0.0,0.0,0.0,0.0,0.0
Yipf3,0.0001720247930818143,0.002778685068188869,0.05161263766000387,-28.217141060847666,-28.092832406610633,-27.164140591902385,0.2862761823019115,0.0
Lrrc73,1.0,1.0,1.0,0.0,0.0,0.0,0.0,0.0
Tjap1,1.0,1.0,1.0,0.0,0.0,0.0,0.0,0.0
Abcc10,1.0,1.0,1.0,0.0,0.0,0.0,0.0,0.0
Zfp318,1.0,1.0,1.0,0.0,0.0,0.0,0.0,0.0
Ttbk1,1.0,1.0,1.0,0.0,0.0,0.0,0.0,0.0
Dnph1,1.0,1.0,1.0,0.0,0.0,0.0,0.0,0.0
Cul9,1.0,1.0,1.0,0.0,0.0,0.0,0.0,0.0
Srf,1.0,1.0,1.0,0.0,0.0,0.0,0.0,0.0
Ptk7,1.0,1.0,1.0,0.0,0.0,0.0,0.0,0.0
Klc4,1.0,1.0,1.0,0.0,0.0,0.0,0.0,0.0
Mrpl2,1.0,1.0,1.0,0.0,0.0,0.0,0.0,0.0
Cul7,1.0,1.0,1.0,0.0,0.0,0.0,0.0,0.0
Rrp36,1.0,1.0,1.0,0.0,0.0,0.0,0.0,0.0
Klhdc3,1.0,1.0,1.0,0.0,0.0,0.0,0.0,0.0
Mea1,1.0,1.0,1.0,0.0,0.0,0.0,0.0,0.0
Ppp2r5d,1.0,1.0,1.0,0.0,0.0,0.0,0.0,0.0
Pex6,1.0,1.0,1.0,0.0,0.0,0.0,0.0,0.0
Cnpy3,1.0,1.0,1.0,0.0,0.0,0.0,0.0,0.0
Ptcra,1.0,1.0,1.0,0.0,0.0,0.0,0.0,0.0
2310039H08Rik,1.0,1.0,1.0,0.0,0.0,0.0,0.0,0.0
Rpl7l1,1.0,1.0,1.0,0.0,0.0,0.0,0.0,0.0
Bicral,1.0,1.0,1.0,0.0,0.0,0.0,0.0,0.0
Tbcc,1.0,1.0,1.0,0.0,0.0,0.0,0.0,0.0
Ubr2,0.2615722360139493,1.0,1.0,0.0,0.0,0.0,0.0,0.0
Trerf1,1.0,1.0,1.0,0.0,0.0,0.0,0.0,0.0
Mrps10,0.2572471176779851,0.2615722360139493,1.0,0.0,0.0,0.0,0.0,0.0
Guca1a,1.0,1.0,1.0,0.0,0.0,0.0,0.0,0.0
AI661453,1.0,1.0,1.0,0.0,0.0,0.0,0.0,0.0
Taf8,1.0,1.0,1.0,0.0,0.0,0.0,0.0,0.0
Ccnd3,0.08856750257537103,0.2615722360139493,1.0,0.0,0.0,0.0,0.0,0.0
Bysl,1.0,1.0,1.0,0.0,0.0,0.0,0.0,0.0
Med20,1.0,1.0,1.0,0.0,0.0,0.0,0.0,0.0
Usp49,1.0,1.0,1.0,0.0,0.0,0.0,0.0,0.0
Tomm6,0.09788044772564897,0.5713582599031516,1.0,-0.04346331626506444,0.062273032586749696,0.17134310840909694,0.5329794984727054,0.5567026550760775
Frs3,1.0,1.0,1.0,0.0,0.0,0.0,0.0,0.0
Tfeb,1.0,1.0,1.0,0.0,0.0,0.0,0.0,0.0
Mdfi,1.0,1.0,1.0,0.0,0.0,0.0,0.0,0.0
Foxp4,1.0,1.0,1.0,0.0,0.0,0.0,0.0,0.0
9830107B12Rik,1.0,1.0,1.0,0.0,0.0,0.0,0.0,0.0
A530064D06Rik,1.0,1.0,1.0,0.0,0.0,0.0,0.0,0.0
Trem1,1.0,1.0,1.0,0.0,0.0,0.0,0.0,0.0
Trem3,1.0,1.0,1.0,0.0,0.0,0.0,0.0,0.0
Treml4,1.0,1.0,1.0,0.0,0.0,0.0,0.0,0.0
Treml2,1.0,1.0,1.0,0.0,0.0,0.0,0.0,0.0
B430306N03Rik,1.0,1.0,1.0,0.0,0.0,0.0,0.0,0.0
Trem2,1.0,1.0,1.0,0.0,0.0,0.0,0.0,0.0
Nfya,1.0,1.0,1.0,0.0,0.0,0.0,0.0,0.0
Oard1,1.0,1.0,1.0,0.0,0.0,0.0,0.0,0.0
Mocs1,1.0,1.0,1.0,0.0,0.0,0.0,0.0,0.0
Daam2,1.0,1.0,1.0,0.0,0.0,0.0,0.0,0.0
Rftn1,0.2615722360139493,1.0,1.0,0.0,0.0,0.0,0.0,0.0
Gm49901,1.0,1.0,1.0,0.0,0.0,0.0,0.0,0.0
Plcl2,1.0,1.0,1.0,0.0,0.0,0.0,0.0,0.0
Tbc1d5,1.0,1.0,1.0,0.0,0.0,0.0,0.0,0.0
Satb1,1.0,1.0,1.0,0.0,0.0,0.0,0.0,0.0
Gm19585,1.0,1.0,1.0,0.0,0.0,0.0,0.0,0.0
Efhb,1.0,1.0,1.0,0.0,0.0,0.0,0.0,0.0
Rab5a,0.04788084984207795,0.38386061691619233,0.9677512981486178,-28.14255170633131,-27.9926015653763,-0.863971618004097,0.27029140472597424,0.0
Gm49915,1.0,1.0,1.0,0.0,0.0,0.0,0.0,0.0
Kat2b,1.0,1.0,1.0,0.0,0.0,0.0,0.0,0.0
Sgo1,1.0,1.0,1.0,0.0,0.0,0.0,0.0,0.0
Pot1b,1.0,1.0,1.0,0.0,0.0,0.0,0.0,0.0
Adgre4,1.0,1.0,1.0,0.0,0.0,0.0,0.0,0.0
Zfp119a,1.0,1.0,1.0,0.0,0.0,0.0,0.0,0.0
Zfp959,1.0,1.0,1.0,0.0,0.0,0.0,0.0,0.0
Zfp119b,1.0,1.0,1.0,0.0,0.0,0.0,0.0,0.0
Ebi3,1.0,1.0,1.0,0.0,0.0,0.0,0.0,0.0
Yju2,1.0,1.0,1.0,0.0,0.0,0.0,0.0,0.0
Stap2,1.0,1.0,1.0,0.0,0.0,0.0,0.0,0.0
Mpnd,1.0,1.0,1.0,0.0,0.0,0.0,0.0,0.0
Sh3gl1,0.2615722360139493,1.0,1.0,0.0,0.0,0.0,0.0,0.0
Chaf1a,1.0,1.0,1.0,0.0,0.0,0.0,0.0,0.0
Ubxn6,0.08856750257537103,0.2615722360139493,1.0,0.0,0.0,0.0,0.0,0.0
Hdgfl2,1.0,1.0,1.0,0.0,0.0,0.0,0.0,0.0
Lrg1,1.0,1.0,1.0,0.0,0.0,0.0,0.0,0.0
Sema6b,1.0,1.0,1.0,0.0,0.0,0.0,0.0,0.0
Tnfaip8l1,1.0,1.0,1.0,0.0,0.0,0.0,0.0,0.0
Mydgf,0.030614867725782365,0.18134476462649837,0.6421748224203866,0.19106897531025324,0.35984591461439164,0.5187105610441807,0.3636517210160163,0.4689470143587141
Dpp9,1.0,1.0,1.0,0.0,0.0,0.0,0.0,0.0
Fem1a,1.0,1.0,1.0,0.0,0.0,0.0,0.0,0.0
Ticam1,1.0,1.0,1.0,0.0,0.0,0.0,0.0,0.0
Plin3,1.0,1.0,1.0,0.0,0.0,0.0,0.0,0.0
Uhrf1,1.0,1.0,1.0,0.0,0.0,0.0,0.0,0.0
Kdm4b,1.0,1.0,1.0,0.0,0.0,0.0,0.0,0.0
Ptprs,1.0,1.0,1.0,0.0,0.0,0.0,0.0,0.0
Gm20219,1.0,1.0,1.0,0.0,0.0,0.0,0.0,0.0
Safb2,0.2615722360139493,1.0,1.0,0.0,0.0,0.0,0.0,0.0
Safb,0.2615722360139493,1.0,1.0,0.0,0.0,0.0,0.0,0.0
Micos13,0.08249503319105177,0.5622453293122838,1.0,-0.0657255024862862,0.11236737153627663,0.2649880745945549,0.3770498290080029,0.41092206016267135
Rpl36,0.03142017940779551,0.32426768278161466,0.9699293482575216,-0.01945117244953664,0.013241631000440384,0.050574726759410486,2.1088509529713724,2.127366223778945
Lonp1,1.0,1.0,1.0,0.0,0.0,0.0,0.0,0.0
Ranbp3,1.0,1.0,1.0,0.0,0.0,0.0,0.0,0.0
Vmac,1.0,1.0,1.0,0.0,0.0,0.0,0.0,0.0
Ndufa11,0.02524410573946178,0.3053901722632373,0.910105580693816,-0.0197328614902476,0.13082713039141602,0.2993743140012216,0.5900570736127096,0.647419951360281
Nrtn,1.0,1.0,1.0,0.0,0.0,0.0,0.0,0.0
Dus3l,1.0,1.0,1.0,0.0,0.0,0.0,0.0,0.0
Rfx2,1.0,1.0,1.0,0.0,0.0,0.0,0.0,0.0
1700061G19Rik,1.0,1.0,1.0,0.0,0.0,0.0,0.0,0.0
Mllt1,1.0,1.0,1.0,0.0,0.0,0.0,0.0,0.0
Clpp,0.009501095540355024,0.029867793297539916,0.2615722360139493,-27.032602768542667,0.0,0.0,0.0,0.0
Alkbh7,1.0,1.0,1.0,0.0,0.0,0.0,0.0,0.0
Gtf2f1,1.0,1.0,1.0,0.0,0.0,0.0,0.0,0.0
Gm17949,1.0,1.0,1.0,0.0,0.0,0.0,0.0,0.0
Khsrp,1.0,1.0,1.0,0.0,0.0,0.0,0.0,0.0
Slc25a23,1.0,1.0,1.0,0.0,0.0,0.0,0.0,0.0
Crb3,1.0,1.0,1.0,0.0,0.0,0.0,0.0,0.0
Dennd1c,1.0,1.0,1.0,0.0,0.0,0.0,0.0,0.0
Tubb4a,1.0,1.0,1.0,0.0,0.0,0.0,0.0,0.0
Gm11110,1.0,1.0,1.0,0.0,0.0,0.0,0.0,0.0
Tnfsf9,1.0,1.0,1.0,0.0,0.0,0.0,0.0,0.0
Tnfsf14,1.0,1.0,1.0,0.0,0.0,0.0,0.0,0.0
C3,1.0,1.0,1.0,0.0,0.0,0.0,0.0,0.0
Gpr108,1.0,1.0,1.0,0.0,0.0,0.0,0.0,0.0
Trip10,1.0,1.0,1.0,0.0,0.0,0.0,0.0,0.0
Vav1,1.0,1.0,1.0,0.0,0.0,0.0,0.0,0.0
Adgre1,1.0,1.0,1.0,0.0,0.0,0.0,0.0,0.0
Efna5,1.0,1.0,1.0,0.0,0.0,0.0,0.0,0.0
Fbxl17,1.0,1.0,1.0,0.0,0.0,0.0,0.0,0.0
Fer,1.0,1.0,1.0,0.0,0.0,0.0,0.0,0.0
Pja2,1.0,1.0,1.0,0.0,0.0,0.0,0.0,0.0
Man2a1,0.12803324454997875,0.47560303748792676,0.9638969075506822,-26.146891944835062,0.0,27.117222907466694,0.0,0.0
Vapa,0.0010637453361911566,0.038707628800508063,0.3837421608319441,0.03644512350579183,0.2524354550586537,0.4752190795766279,0.4347676222933877,0.5193757106712177
Rab31,1.0,1.0,1.0,0.0,0.0,0.0,0.0,0.0
Ppp4r1,1.0,1.0,1.0,0.0,0.0,0.0,0.0,0.0
Ralbp1,0.0073033261887751055,0.08246386634176106,0.41771186615637224,0.16282353292007784,0.32085286873979646,0.5121052438391086,0.36775022215651426,0.45922217994829584
Gm49870,1.0,1.0,1.0,0.0,0.0,0.0,0.0,0.0
Twsg1,1.0,1.0,1.0,0.0,0.0,0.0,0.0,0.0
Ankrd12,0.03939210869626452,0.17122507448100455,0.5622563678050629,-28.697132294663277,-0.3747849522274693,-0.023697765201475728,0.4364751734308975,0.3422103311652955
Ndufv2,0.0001720247930818143,0.0017888776467873766,0.029254565586406815,-28.191822981240083,-28.0385438389025,-26.91531527315571,0.2757037851996695,0.0
Washc1,1.0,1.0,1.0,0.0,0.0,0.0,0.0,0.0
Ddx11,1.0,1.0,1.0,0.0,0.0,0.0,0.0,0.0
Mtcl1,1.0,1.0,1.0,0.0,0.0,0.0,0.0,0.0
Rab12,1.0,1.0,1.0,0.0,0.0,0.0,0.0,0.0
Themis3,1.0,1.0,1.0,0.0,0.0,0.0,0.0,0.0
Ptprm,1.0,1.0,1.0,0.0,0.0,0.0,0.0,0.0
Lama1,1.0,1.0,1.0,0.0,0.0,0.0,0.0,0.0
Arhgap28,1.0,1.0,1.0,0.0,0.0,0.0,0.0,0.0
Epb41l3,1.0,1.0,1.0,0.0,0.0,0.0,0.0,0.0
Zbtb14,1.0,1.0,1.0,0.0,0.0,0.0,0.0,0.0
A930029G22Rik,1.0,1.0,1.0,0.0,0.0,0.0,0.0,0.0
C030034I22Rik,1.0,1.0,1.0,0.0,0.0,0.0,0.0,0.0
Dlgap1,1.0,1.0,1.0,0.0,0.0,0.0,0.0,0.0
Gm20703,1.0,1.0,1.0,0.0,0.0,0.0,0.0,0.0
Tgif1,0.2615722360139493,1.0,1.0,0.0,0.0,0.0,0.0,0.0
Gm26510,1.0,1.0,1.0,0.0,0.0,0.0,0.0,0.0
Gm41611,1.0,1.0,1.0,0.0,0.0,0.0,0.0,0.0
Myl12b,0.23797729618163055,0.7344923394458999,1.0,-0.13802774328192952,-0.00969136249057569,0.1202542820027589,0.7516948425493342,0.7466783890177938
Myl12a,0.2702706993728666,0.7748049451658654,1.0,-0.1747923433118157,0.048970807895267816,0.20802396190733255,0.610248318664928,0.633469233176607
Myom1,1.0,1.0,1.0,0.0,0.0,0.0,0.0,0.0
1600022D10Rik,1.0,1.0,1.0,0.0,0.0,0.0,0.0,0.0
Lpin2,0.08856750257537103,0.2615722360139493,1.0,0.0,0.0,0.0,0.0,0.0
Emilin2,1.0,1.0,1.0,0.0,0.0,0.0,0.0,0.0
Smchd1,0.00298483765976026,0.04734460585853775,0.34314519329999205,0.05939047542291,0.19737262867677005,0.3398581717395818,0.6051715520641855,0.6943195277047204
Gm4707,1.0,1.0,1.0,0.0,0.0,0.0,0.0,0.0
Ndc80,1.0,1.0,1.0,0.0,0.0,0.0,0.0,0.0
Spdya,1.0,1.0,1.0,0.0,0.0,0.0,0.0,0.0
Trmt61b,1.0,1.0,1.0,0.0,0.0,0.0,0.0,0.0
Wdr43,0.2615722360139493,0.2615722360139493,1.0,0.0,0.0,0.0,0.0,0.0
Clip4,1.0,1.0,1.0,0.0,0.0,0.0,0.0,0.0
Ypel5,1.0,1.0,1.0,0.0,0.0,0.0,0.0,0.0
Lbh,0.08856750257537103,0.2615722360139493,1.0,0.0,0.0,0.0,0.0,0.0
Lclat1,1.0,1.0,1.0,0.0,0.0,0.0,0.0,0.0
Capn13,1.0,1.0,1.0,0.0,0.0,0.0,0.0,0.0
Ehd3,1.0,1.0,1.0,0.0,0.0,0.0,0.0,0.0
Xdh,1.0,1.0,1.0,0.0,0.0,0.0,0.0,0.0
Memo1,1.0,1.0,1.0,0.0,0.0,0.0,0.0,0.0
Dpy30,0.08856750257537103,0.2615722360139493,1.0,0.0,0.0,0.0,0.0,0.0
Spast,1.0,1.0,1.0,0.0,0.0,0.0,0.0,0.0
Slc30a6,1.0,1.0,1.0,0.0,0.0,0.0,0.0,0.0
Nlrc4,1.0,1.0,1.0,0.0,0.0,0.0,0.0,0.0
Yipf4,0.029867793297539916,0.0978412151825437,0.8822739356449067,0.0,0.0,0.0,0.0,0.0
Birc6,0.08856750257537103,1.0,1.0,0.0,0.0,0.0,0.0,0.0
Gm26749,1.0,1.0,1.0,0.0,0.0,0.0,0.0,0.0
Ttc27,1.0,1.0,1.0,0.0,0.0,0.0,0.0,0.0
Ltbp1,1.0,1.0,1.0,0.0,0.0,0.0,0.0,0.0
Rasgrp3,0.08856750257537103,0.2615722360139493,1.0,0.0,0.0,0.0,0.0,0.0
Fam98a,1.0,1.0,1.0,0.0,0.0,0.0,0.0,0.0
Gm32282,1.0,1.0,1.0,0.0,0.0,0.0,0.0,0.0
Crim1,1.0,1.0,1.0,0.0,0.0,0.0,0.0,0.0
Fez2,1.0,1.0,1.0,0.0,0.0,0.0,0.0,0.0
Vit,1.0,1.0,1.0,0.0,0.0,0.0,0.0,0.0
Strn,1.0,1.0,1.0,0.0,0.0,0.0,0.0,0.0
Heatr5b,1.0,1.0,1.0,0.0,0.0,0.0,0.0,0.0
Gpatch11,1.0,1.0,1.0,0.0,0.0,0.0,0.0,0.0
Eif2ak2,1.0,1.0,1.0,0.0,0.0,0.0,0.0,0.0
Cebpzos,1.0,1.0,1.0,0.0,0.0,0.0,0.0,0.0
Cebpz,0.028688810319848834,0.2978424776621277,0.9595657057843286,-28.01882965346703,-25.85052951274452,0.0,0.06050409648548575,0.0
Ndufaf7,1.0,1.0,1.0,0.0,0.0,0.0,0.0,0.0
Prkd3,1.0,1.0,1.0,0.0,0.0,0.0,0.0,0.0
Qpct,1.0,1.0,1.0,0.0,0.0,0.0,0.0,0.0
Cdc42ep3,1.0,1.0,1.0,0.0,0.0,0.0,0.0,0.0
Rmdn2,1.0,1.0,1.0,0.0,0.0,0.0,0.0,0.0
Cyp1b1,1.0,1.0,1.0,0.0,0.0,0.0,0.0,0.0
Atl2,1.0,1.0,1.0,0.0,0.0,0.0,0.0,0.0
Hnrnpll,1.0,1.0,1.0,0.0,0.0,0.0,0.0,0.0
Galm,1.0,1.0,1.0,0.0,0.0,0.0,0.0,0.0
Srsf7,6.35071842502183e-05,0.0073033261887751055,0.11526553941414623,0.2084194495706426,0.36589048948911396,0.5740474156707769,0.5251579559065528,0.6770221131129406
Gemin6,1.0,1.0,1.0,0.0,0.0,0.0,0.0,0.0
Dhx57,1.0,1.0,1.0,0.0,0.0,0.0,0.0,0.0
Morn2,1.0,1.0,1.0,0.0,0.0,0.0,0.0,0.0
Arhgef33,1.0,1.0,1.0,0.0,0.0,0.0,0.0,0.0
Sos1,1.0,1.0,1.0,0.0,0.0,0.0,0.0,0.0
Map4k3,1.0,1.0,1.0,0.0,0.0,0.0,0.0,0.0
Thumpd2,1.0,1.0,1.0,0.0,0.0,0.0,0.0,0.0
Slc8a1,1.0,1.0,1.0,0.0,0.0,0.0,0.0,0.0
Pkdcc,1.0,1.0,1.0,0.0,0.0,0.0,0.0,0.0
Eml4,1.0,1.0,1.0,0.0,0.0,0.0,0.0,0.0
Cox7a2l,0.005493371437643883,0.18134476462649837,0.910105580693816,-0.3238782575746458,-0.16707861163099197,0.009206709374234541,0.5592551087632005,0.49935264499294946
Kcng3,1.0,1.0,1.0,0.0,0.0,0.0,0.0,0.0
Mta3,1.0,1.0,1.0,0.0,0.0,0.0,0.0,0.0
Haao,1.0,1.0,1.0,0.0,0.0,0.0,0.0,0.0
C430042M11Rik,1.0,1.0,1.0,0.0,0.0,0.0,0.0,0.0
1810073O08Rik,1.0,1.0,1.0,0.0,0.0,0.0,0.0,0.0
8430430B14Rik,1.0,1.0,1.0,0.0,0.0,0.0,0.0,0.0
Gm19696,1.0,1.0,1.0,0.0,0.0,0.0,0.0,0.0
Zfp36l2,3.175359212510915e-05,0.00047630388187663733,0.005493371437643883,0.5646213479579214,0.7058272821932565,0.8809107093137916,0.3906546536663472,0.6359586367758439
Thada,1.0,1.0,1.0,0.0,0.0,0.0,0.0,0.0
Plekhh2,1.0,1.0,1.0,0.0,0.0,0.0,0.0,0.0
Dync2li1,1.0,1.0,1.0,0.0,0.0,0.0,0.0,0.0
Lrpprc,1.0,1.0,1.0,0.0,0.0,0.0,0.0,0.0
1110020A21Rik,1.0,1.0,1.0,0.0,0.0,0.0,0.0,0.0
Ppm1b,1.0,1.0,1.0,0.0,0.0,0.0,0.0,0.0
Prepl,1.0,1.0,1.0,0.0,0.0,0.0,0.0,0.0
Camkmt,1.0,1.0,1.0,0.0,0.0,0.0,0.0,0.0
Srbd1,1.0,1.0,1.0,0.0,0.0,0.0,0.0,0.0
Prkce,1.0,1.0,1.0,0.0,0.0,0.0,0.0,0.0
Epas1,1.0,1.0,1.0,0.0,0.0,0.0,0.0,0.0
Rhoq,1.0,1.0,1.0,0.0,0.0,0.0,0.0,0.0
Gm50012,1.0,1.0,1.0,0.0,0.0,0.0,0.0,0.0
Pigf,1.0,1.0,1.0,0.0,0.0,0.0,0.0,0.0
Cript,0.11472751266057678,0.6133484776563917,1.0,-28.302528780970423,-0.9345980705207381,0.2040901723672269,0.3193386680699271,0.16633792463318314
Socs5,1.0,1.0,1.0,0.0,0.0,0.0,0.0,0.0
Mcfd2,0.2615722360139493,1.0,1.0,0.0,0.0,0.0,0.0,0.0
4833418N02Rik,1.0,1.0,1.0,0.0,0.0,0.0,0.0,0.0
Ttc7,1.0,1.0,1.0,0.0,0.0,0.0,0.0,0.0
Calm2,1.5876796062554575e-05,0.00019052155275065493,0.0015241724220052392,0.44871176481958347,0.6189747312178746,0.8722492214386653,0.4248878153992098,0.6530997386988445
Gm30984,1.0,1.0,1.0,0.0,0.0,0.0,0.0,0.0
Epcam,0.00019052155275065493,0.005493371437643883,0.05737874097007224,0.2806956343839542,0.4608720827660669,0.6411051674843646,0.5750195488036302,0.7957170001130512
Msh2,1.0,1.0,1.0,0.0,0.0,0.0,0.0,0.0
Msh6,1.0,1.0,1.0,0.0,0.0,0.0,0.0,0.0
Fbxo11,0.2615722360139493,1.0,1.0,0.0,0.0,0.0,0.0,0.0
Foxn2,1.0,1.0,1.0,0.0,0.0,0.0,0.0,0.0
Ppp1r21,1.0,1.0,1.0,0.0,0.0,0.0,0.0,0.0
Ston1,1.0,1.0,1.0,0.0,0.0,0.0,0.0,0.0
Gtf2a1l,1.0,1.0,1.0,0.0,0.0,0.0,0.0,0.0
Gm10184,1.0,1.0,1.0,0.0,0.0,0.0,0.0,0.0
Nrxn1,1.0,1.0,1.0,0.0,0.0,0.0,0.0,0.0
Mettl4,1.0,1.0,1.0,0.0,0.0,0.0,0.0,0.0
Gm1976,1.0,1.0,1.0,0.0,0.0,0.0,0.0,0.0
Gm20939,1.0,1.0,1.0,0.0,0.0,0.0,0.0,0.0
Crem,0.15044404455994537,0.4860255962779837,1.0,-26.922115666399357,0.0,27.392313116331227,0.0,0.0
Gm6225,1.0,1.0,1.0,0.0,0.0,0.0,0.0,0.0
Cul2,1.0,1.0,1.0,0.0,0.0,0.0,0.0,0.0
Bambi,1.0,1.0,1.0,0.0,0.0,0.0,0.0,0.0
Map3k8,1.0,1.0,1.0,0.0,0.0,0.0,0.0,0.0
4833419F23Rik,1.0,1.0,1.0,0.0,0.0,0.0,0.0,0.0
Mtpap,1.0,1.0,1.0,0.0,0.0,0.0,0.0,0.0
Jcad,1.0,1.0,1.0,0.0,0.0,0.0,0.0,0.0
Svil,1.0,1.0,1.0,0.0,0.0,0.0,0.0,0.0
Gm26682,1.0,1.0,1.0,0.0,0.0,0.0,0.0,0.0
Zfp438,1.0,1.0,1.0,0.0,0.0,0.0,0.0,0.0
Gm10125,1.0,1.0,1.0,0.0,0.0,0.0,0.0,0.0
Zeb1,1.0,1.0,1.0,0.0,0.0,0.0,0.0,0.0
Arhgap12,1.0,1.0,1.0,0.0,0.0,0.0,0.0,0.0
Kif5b,0.04734460585853775,0.42686353893784235,0.9699293482575216,-0.01493504495130075,0.11722358145370154,0.2689346884801889,0.5097131718897505,0.5507695672989086
Epc1,1.0,1.0,1.0,0.0,0.0,0.0,0.0,0.0
Gm28529,1.0,1.0,1.0,0.0,0.0,0.0,0.0,0.0
Rab18,0.029867793297539916,0.08856750257537103,1.0,0.0,0.0,0.0,0.0,0.0
Mkx,1.0,1.0,1.0,0.0,0.0,0.0,0.0,0.0
Mpp7,1.0,1.0,1.0,0.0,0.0,0.0,0.0,0.0
Gm9993,1.0,1.0,1.0,0.0,0.0,0.0,0.0,0.0
Wac,0.009501095540355024,0.08856750257537103,0.5098433838583576,-27.464411351588673,0.0,0.0,0.0,0.0
Fzd8,1.0,1.0,1.0,0.0,0.0,0.0,0.0,0.0
Ccny,1.0,1.0,1.0,0.0,0.0,0.0,0.0,0.0
Colec12,1.0,1.0,1.0,0.0,0.0,0.0,0.0,0.0
Thoc1,1.0,1.0,1.0,0.0,0.0,0.0,0.0,0.0
Usp14,0.2615722360139493,0.2615722360139493,1.0,0.0,0.0,0.0,0.0,0.0
Rock1,6.35071842502183e-05,0.005460966501008685,0.06984587129065374,0.36171391945850073,0.5538270961884914,0.7953301288472822,0.301368432498691,0.44395148265078527
Greb1l,1.0,1.0,1.0,0.0,0.0,0.0,0.0,0.0
Esco1,0.08856750257537103,0.2615722360139493,1.0,0.0,0.0,0.0,0.0,0.0
Snrpd1,0.002778685068188869,0.07598867855418287,0.6185519578391343,-28.195371079377285,-28.03922902726676,-26.852952511682386,0.27583475805804847,0.0
Abhd3,1.0,1.0,1.0,0.0,0.0,0.0,0.0,0.0
Mib1,0.2615722360139493,1.0,1.0,0.0,0.0,0.0,0.0,0.0
Gata6,1.0,1.0,1.0,0.0,0.0,0.0,0.0,0.0
Rbbp8,1.0,1.0,1.0,0.0,0.0,0.0,0.0,0.0
Gm50069,1.0,1.0,1.0,0.0,0.0,0.0,0.0,0.0
Gm6277,1.0,1.0,1.0,0.0,0.0,0.0,0.0,0.0
Cables1,1.0,1.0,1.0,0.0,0.0,0.0,0.0,0.0
Tmem241,1.0,1.0,1.0,0.0,0.0,0.0,0.0,0.0
Riok3,0.03914899424398587,0.3646530466961222,0.9682175527817731,-28.321253859146733,-28.079247965161258,-0.027517118405818143,0.3127719452678106,0.0
Rmc1,1.0,1.0,1.0,0.0,0.0,0.0,0.0,0.0
Npc1,1.0,1.0,1.0,0.0,0.0,0.0,0.0,0.0
Ankrd29,1.0,1.0,1.0,0.0,0.0,0.0,0.0,0.0
Lama3,1.0,1.0,1.0,0.0,0.0,0.0,0.0,0.0
Ttc39c,1.0,1.0,1.0,0.0,0.0,0.0,0.0,0.0
Cabyr,1.0,1.0,1.0,0.0,0.0,0.0,0.0,0.0
Osbpl1a,1.0,1.0,1.0,0.0,0.0,0.0,0.0,0.0
Impact,0.2615722360139493,0.2615722360139493,1.0,0.0,0.0,0.0,0.0,0.0
Zfp521,1.0,1.0,1.0,0.0,0.0,0.0,0.0,0.0
Ss18,1.0,1.0,1.0,0.0,0.0,0.0,0.0,0.0
Psma8,1.0,1.0,1.0,0.0,0.0,0.0,0.0,0.0
Taf4b,1.0,1.0,1.0,0.0,0.0,0.0,0.0,0.0
Kctd1,1.0,1.0,1.0,0.0,0.0,0.0,0.0,0.0
Aqp4,1.0,1.0,1.0,0.0,0.0,0.0,0.0,0.0
Cdh2,1.0,1.0,1.0,0.0,0.0,0.0,0.0,0.0
Dsc2,1.0,1.0,1.0,0.0,0.0,0.0,0.0,0.0
Dsg2,1.0,1.0,1.0,0.0,0.0,0.0,0.0,0.0
Ttr,1.0,1.0,1.0,0.0,0.0,0.0,0.0,0.0
B4galt6,1.0,1.0,1.0,0.0,0.0,0.0,0.0,0.0
Trappc8,1.0,1.0,1.0,0.0,0.0,0.0,0.0,0.0
Rnf125,0.47495853988950676,1.0,1.0,0.0,0.0,0.0,0.0,0.0
Rnf138,0.2615722360139493,1.0,1.0,0.0,0.0,0.0,0.0,0.0
Mep1b,1.0,1.0,1.0,0.0,0.0,0.0,0.0,0.0
Garem1,1.0,1.0,1.0,0.0,0.0,0.0,0.0,0.0
Klhl14,1.0,1.0,1.0,0.0,0.0,0.0,0.0,0.0
4930426D05Rik,1.0,1.0,1.0,0.0,0.0,0.0,0.0,0.0
Gm15972,1.0,1.0,1.0,0.0,0.0,0.0,0.0,0.0
Mapre2,0.009501095540355024,0.08856750257537103,0.29147411368370935,-25.848495952927735,0.0,0.0,0.0,0.0
Zfp397,1.0,1.0,1.0,0.0,0.0,0.0,0.0,0.0
Zfp35,1.0,1.0,1.0,0.0,0.0,0.0,0.0,0.0
Zfp24,1.0,1.0,1.0,0.0,0.0,0.0,0.0,0.0
Ino80c,1.0,1.0,1.0,0.0,0.0,0.0,0.0,0.0
Galnt1,1.0,1.0,1.0,0.0,0.0,0.0,0.0,0.0
Gm38410,1.0,1.0,1.0,0.0,0.0,0.0,0.0,0.0
2700062C07Rik,1.0,1.0,1.0,0.0,0.0,0.0,0.0,0.0
Rprd1a,1.0,1.0,1.0,0.0,0.0,0.0,0.0,0.0
Slc39a6,1.0,1.0,1.0,0.0,0.0,0.0,0.0,0.0
Elp2,1.0,1.0,1.0,0.0,0.0,0.0,0.0,0.0
Mocos,1.0,1.0,1.0,0.0,0.0,0.0,0.0,0.0
Fhod3,1.0,1.0,1.0,0.0,0.0,0.0,0.0,0.0
Tpgs2,1.0,1.0,1.0,0.0,0.0,0.0,0.0,0.0
AW554918,1.0,1.0,1.0,0.0,0.0,0.0,0.0,0.0
Celf4,1.0,1.0,1.0,0.0,0.0,0.0,0.0,0.0
Gm49980,0.009501095540355024,0.029867793297539916,0.08856750257537103,-27.22492797981325,0.0,0.0,0.0,0.0
Pik3c3,1.0,1.0,1.0,0.0,0.0,0.0,0.0,0.0
Slc25a46,1.0,1.0,1.0,0.0,0.0,0.0,0.0,0.0
Sap130,1.0,1.0,1.0,0.0,0.0,0.0,0.0,0.0
Ammecr1l,1.0,1.0,1.0,0.0,0.0,0.0,0.0,0.0
Gm26533,1.0,1.0,1.0,0.0,0.0,0.0,0.0,0.0
Polr2d,0.2615722360139493,1.0,1.0,0.0,0.0,0.0,0.0,0.0
Wdr33,0.01019788899722191,0.208805445391392,0.9343013217793716,-28.195044789195677,-28.029166269154032,-25.25140527811848,0.274200230810964,0.0
Sft2d3,1.0,1.0,1.0,0.0,0.0,0.0,0.0,0.0
Lims2,1.0,1.0,1.0,0.0,0.0,0.0,0.0,0.0
Myo7b,1.0,1.0,1.0,0.0,0.0,0.0,0.0,0.0
Iws1,1.0,1.0,1.0,0.0,0.0,0.0,0.0,0.0
Map3k2,1.0,1.0,1.0,0.0,0.0,0.0,0.0,0.0
Ercc3,1.0,1.0,1.0,0.0,0.0,0.0,0.0,0.0
Bin1,1.0,1.0,1.0,0.0,0.0,0.0,0.0,0.0
Gypc,1.0,1.0,1.0,0.0,0.0,0.0,0.0,0.0
Tslp,1.0,1.0,1.0,0.0,0.0,0.0,0.0,0.0
Wdr36,1.0,1.0,1.0,0.0,0.0,0.0,0.0,0.0
Camk4,1.0,1.0,1.0,0.0,0.0,0.0,0.0,0.0
Stard4,1.0,1.0,1.0,0.0,0.0,0.0,0.0,0.0
Nrep,1.0,1.0,1.0,0.0,0.0,0.0,0.0,0.0
Epb41l4aos,1.0,1.0,1.0,0.0,0.0,0.0,0.0,0.0
Epb41l4a,1.0,1.0,1.0,0.0,0.0,0.0,0.0,0.0
Apc,1.0,1.0,1.0,0.0,0.0,0.0,0.0,0.0
Srp19,0.038707628800508063,0.34314519329999205,0.9116011748829073,-0.04054162289413132,0.08020351336533266,0.2358065690368363,0.6653619348917266,0.7018535900424097
Reep5,1.5876796062554575e-05,0.0007144558228149559,0.005493371437643883,0.12652330853594793,0.1959437228846246,0.2718442337464168,1.14737556274695,1.313420922475865
Pkd2l2,0.2615722360139493,1.0,1.0,0.0,0.0,0.0,0.0,0.0
Fam13b,1.0,1.0,1.0,0.0,0.0,0.0,0.0,0.0
Brd8,0.47495853988950676,1.0,1.0,0.0,0.0,0.0,0.0,0.0
Kif20a,1.0,1.0,1.0,0.0,0.0,0.0,0.0,0.0
Cdc23,1.0,1.0,1.0,0.0,0.0,0.0,0.0,0.0
Gfra3,1.0,1.0,1.0,0.0,0.0,0.0,0.0,0.0
Cdc25c,1.0,1.0,1.0,0.0,0.0,0.0,0.0,0.0
Gm3550,1.0,1.0,1.0,0.0,0.0,0.0,0.0,0.0
Fam53c,1.0,1.0,1.0,0.0,0.0,0.0,0.0,0.0
Kdm3b,1.0,1.0,1.0,0.0,0.0,0.0,0.0,0.0
Egr1,1.0,1.0,1.0,0.0,0.0,0.0,0.0,0.0
Etf1,0.005752758060424595,0.05344441925307227,0.333168038190998,-28.537726651991658,-28.397059340705606,-0.9982236411226606,0.3578136037305345,0.0
Hspa9,0.2615722360139493,0.2615722360139493,1.0,0.0,0.0,0.0,0.0,0.0
Ctnna1,1.0,1.0,1.0,0.0,0.0,0.0,0.0,0.0
Lrrtm2,1.0,1.0,1.0,0.0,0.0,0.0,0.0,0.0
Sil1,0.029867793297539916,0.2615722360139493,1.0,0.0,0.0,0.0,0.0,0.0
Snhg4,1.0,1.0,1.0,0.0,0.0,0.0,0.0,0.0
Matr3,0.029254565586406815,0.1853939469443623,0.6993022710519221,-26.799184383299774,0.0,0.0,0.0,0.0
Paip2,0.00011113757243788204,0.0073033261887751055,0.09788044772564897,0.2779610826715225,0.4276440787416269,0.5808850950753263,0.37674596545570677,0.5068781988059159
Slc23a1,1.0,1.0,1.0,0.0,0.0,0.0,0.0,0.0
Mzb1,0.05737874097007224,0.42686353893784235,0.9699293482575216,-0.0698622123605402,-0.034044216899849954,0.00850861519088719,3.0741473283785874,3.0063884571154875
Prob1,1.0,1.0,1.0,0.0,0.0,0.0,0.0,0.0
Spata24,1.0,1.0,1.0,0.0,0.0,0.0,0.0,0.0
Dnajc18,1.0,1.0,1.0,0.0,0.0,0.0,0.0,0.0
1700066B19Rik,1.0,1.0,1.0,0.0,0.0,0.0,0.0,0.0
Ecscr,1.0,1.0,1.0,0.0,0.0,0.0,0.0,0.0
Tmem173,1.0,1.0,1.0,0.0,0.0,0.0,0.0,0.0
Ube2d2a,0.020209865119152133,0.2216595552360846,0.8367994060411506,-28.270519410553394,-28.07599166769897,-1.8960798492146271,0.28569074211917245,0.0
Cxxc5,1.0,1.0,1.0,0.0,0.0,0.0,0.0,0.0
Psd2,1.0,1.0,1.0,0.0,0.0,0.0,0.0,0.0
Nrg2,1.0,1.0,1.0,0.0,0.0,0.0,0.0,0.0
Pura,1.0,1.0,1.0,0.0,0.0,0.0,0.0,0.0
Igip,1.0,1.0,1.0,0.0,0.0,0.0,0.0,0.0
Cystm1,1.0,1.0,1.0,0.0,0.0,0.0,0.0,0.0
Pfdn1,0.2615722360139493,1.0,1.0,0.0,0.0,0.0,0.0,0.0
Hbegf,1.0,1.0,1.0,0.0,0.0,0.0,0.0,0.0
Ankhd1,0.2615722360139493,1.0,1.0,0.0,0.0,0.0,0.0,0.0
Eif4ebp3,1.0,1.0,1.0,0.0,0.0,0.0,0.0,0.0
Sra1,0.0017624943898925287,0.022438890030895015,0.1853939469443623,-28.187709104906855,-27.196957087389016,0.0,0.15385083982350123,0.0
Apbb3,1.0,1.0,1.0,0.0,0.0,0.0,0.0,0.0
Slc35a4,1.0,1.0,1.0,0.0,0.0,0.0,0.0,0.0
Cd14,0.2615722360139493,1.0,1.0,0.0,0.0,0.0,0.0,0.0
Tmco6,1.0,1.0,1.0,0.0,0.0,0.0,0.0,0.0
Ndufa2,0.13493688973565135,0.6238787012780821,1.0,-0.03673832448824775,0.029642312894016053,0.09714939491353915,1.0013783320156058,1.0210259503098373
Ik,0.08856750257537103,0.7670968684102772,1.0,0.0,0.0,0.0,0.0,0.0
Wdr55,1.0,1.0,1.0,0.0,0.0,0.0,0.0,0.0
Dnd1,1.0,1.0,1.0,0.0,0.0,0.0,0.0,0.0
Hars,1.0,1.0,1.0,0.0,0.0,0.0,0.0,0.0
Hars2,1.0,1.0,1.0,0.0,0.0,0.0,0.0,0.0
Zmat2,0.002778685068188869,0.03765027643980603,0.3519631185845171,-27.860384555067995,-25.788998594762532,0.0,0.05797785285008475,0.0
Gm10544,1.0,1.0,1.0,0.0,0.0,0.0,0.0,0.0
Pcdhb3,1.0,1.0,1.0,0.0,0.0,0.0,0.0,0.0
Pcdhb5,1.0,1.0,1.0,0.0,0.0,0.0,0.0,0.0
Pcdhb7,1.0,1.0,1.0,0.0,0.0,0.0,0.0,0.0
Pcdhb9,1.0,1.0,1.0,0.0,0.0,0.0,0.0,0.0
Pcdhb10,1.0,1.0,1.0,0.0,0.0,0.0,0.0,0.0
Pcdhb11,1.0,1.0,1.0,0.0,0.0,0.0,0.0,0.0
Pcdhb12,1.0,1.0,1.0,0.0,0.0,0.0,0.0,0.0
Pcdhb14,1.0,1.0,1.0,0.0,0.0,0.0,0.0,0.0
Pcdhb16,1.0,1.0,1.0,0.0,0.0,0.0,0.0,0.0
Pcdhb17,1.0,1.0,1.0,0.0,0.0,0.0,0.0,0.0
Pcdhb19,1.0,1.0,1.0,0.0,0.0,0.0,0.0,0.0
Pcdhb20,1.0,1.0,1.0,0.0,0.0,0.0,0.0,0.0
Pcdhb21,1.0,1.0,1.0,0.0,0.0,0.0,0.0,0.0
Pcdhb22,1.0,1.0,1.0,0.0,0.0,0.0,0.0,0.0
Taf7,1.0,1.0,1.0,0.0,0.0,0.0,0.0,0.0
3222401L13Rik,1.0,1.0,1.0,0.0,0.0,0.0,0.0,0.0
Pcdhga1,1.0,1.0,1.0,0.0,0.0,0.0,0.0,0.0
Pcdhga4,1.0,1.0,1.0,0.0,0.0,0.0,0.0,0.0
Pcdhgb2,1.0,1.0,1.0,0.0,0.0,0.0,0.0,0.0
Pcdhga5,1.0,1.0,1.0,0.0,0.0,0.0,0.0,0.0
Pcdhga6,1.0,1.0,1.0,0.0,0.0,0.0,0.0,0.0
Pcdhgb5,1.0,1.0,1.0,0.0,0.0,0.0,0.0,0.0
Pcdhga9,1.0,1.0,1.0,0.0,0.0,0.0,0.0,0.0
Pcdhgb6,1.0,1.0,1.0,0.0,0.0,0.0,0.0,0.0
Pcdhga10,1.0,1.0,1.0,0.0,0.0,0.0,0.0,0.0
Pcdhga11,1.0,1.0,1.0,0.0,0.0,0.0,0.0,0.0
Pcdhga12,1.0,1.0,1.0,0.0,0.0,0.0,0.0,0.0
Pcdhgc3,1.0,1.0,1.0,0.0,0.0,0.0,0.0,0.0
Pcdhgc4,1.0,1.0,1.0,0.0,0.0,0.0,0.0,0.0
Pcdhgc5,1.0,1.0,1.0,0.0,0.0,0.0,0.0,0.0
Gm29994,1.0,1.0,1.0,0.0,0.0,0.0,0.0,0.0
Diaph1,1.0,1.0,1.0,0.0,0.0,0.0,0.0,0.0
Hdac3,1.0,1.0,1.0,0.0,0.0,0.0,0.0,0.0
Rell2,1.0,1.0,1.0,0.0,0.0,0.0,0.0,0.0
Fchsd1,1.0,1.0,1.0,0.0,0.0,0.0,0.0,0.0
Arap3,1.0,1.0,1.0,0.0,0.0,0.0,0.0,0.0
Pcdh1,1.0,1.0,1.0,0.0,0.0,0.0,0.0,0.0
1700086O06Rik,1.0,1.0,1.0,0.0,0.0,0.0,0.0,0.0
Dele1,1.0,1.0,1.0,0.0,0.0,0.0,0.0,0.0
Pcdh12,1.0,1.0,1.0,0.0,0.0,0.0,0.0,0.0
Rnf14,1.0,1.0,1.0,0.0,0.0,0.0,0.0,0.0
Gnpda1,1.0,1.0,1.0,0.0,0.0,0.0,0.0,0.0
Ndfip1,0.0015241724220052392,0.015860919266492024,0.18996569521410012,0.06223853638875183,0.13044480681315912,0.203778782248265,1.0267256192313008,1.1241285383761637
Spry4,1.0,1.0,1.0,0.0,0.0,0.0,0.0,0.0
Fgf1,1.0,1.0,1.0,0.0,0.0,0.0,0.0,0.0
Arhgap26,1.0,1.0,1.0,0.0,0.0,0.0,0.0,0.0
Nr3c1,0.2615722360139493,0.7563611602870911,1.0,0.0,0.0,0.0,0.0,0.0
Yipf5,0.0017888776467873766,0.028688810319848834,0.20021688027124995,-28.20026709201258,-27.18603154608142,0.0,0.15269012674361826,0.0
Prelid2,1.0,1.0,1.0,0.0,0.0,0.0,0.0,0.0
Lars,0.026381263473532136,0.31197481303875285,0.9682087749781295,-28.224660663294245,-27.97929561191522,-0.5859120732866684,0.2696550280134991,0.0
Gm4013,1.0,1.0,1.0,0.0,0.0,0.0,0.0,0.0
Rbm27,0.2615722360139493,1.0,1.0,0.0,0.0,0.0,0.0,0.0
Tcerg1,1.0,1.0,1.0,0.0,0.0,0.0,0.0,0.0
Ppp2r2b,1.0,1.0,1.0,0.0,0.0,0.0,0.0,0.0
Dpysl3,1.0,1.0,1.0,0.0,0.0,0.0,0.0,0.0
Eif3j2,0.2615722360139493,0.2615722360139493,1.0,0.0,0.0,0.0,0.0,0.0
Spink1,1.0,1.0,1.0,0.0,0.0,0.0,0.0,0.0
Dcp2,1.0,1.0,1.0,0.0,0.0,0.0,0.0,0.0
Mcc,1.0,1.0,1.0,0.0,0.0,0.0,0.0,0.0
Ythdc2,1.0,1.0,1.0,0.0,0.0,0.0,0.0,0.0
Trim36,1.0,1.0,1.0,0.0,0.0,0.0,0.0,0.0
Pggt1b,1.0,1.0,1.0,0.0,0.0,0.0,0.0,0.0
Ccdc112,1.0,1.0,1.0,0.0,0.0,0.0,0.0,0.0
Fem1c,0.47495853988950676,1.0,1.0,0.0,0.0,0.0,0.0,0.0
Ticam2,1.0,1.0,1.0,0.0,0.0,0.0,0.0,0.0
Tmed7,0.08856750257537103,0.2615722360139493,0.2615722360139493,0.0,0.0,0.0,0.0,0.0
Eif1a,0.061043230334080115,0.12734576319606353,0.43428913020985993,0.32144429886112236,0.5270416063216848,1.6425020043227245,0.29648455651097927,0.4262857727480819
Cdo1,1.0,1.0,1.0,0.0,0.0,0.0,0.0,0.0
Atg12,1.0,1.0,1.0,0.0,0.0,0.0,0.0,0.0
Ap3s1,0.0001720247930818143,0.0030690378069328957,0.07598867855418287,-28.178189664840875,-27.7313631883696,0.0,0.22282921914964177,0.0
Lvrn,1.0,1.0,1.0,0.0,0.0,0.0,0.0,0.0
Commd10,1.0,1.0,1.0,0.0,0.0,0.0,0.0,0.0
Hspe1-rs1,1.0,1.0,1.0,0.0,0.0,0.0,0.0,0.0
Sema6a,1.0,1.0,1.0,0.0,0.0,0.0,0.0,0.0
Eno1b,1.0,1.0,1.0,0.0,0.0,0.0,0.0,0.0
Dtwd2,1.0,1.0,1.0,0.0,0.0,0.0,0.0,0.0
Gm16283,1.0,1.0,1.0,0.0,0.0,0.0,0.0,0.0
Dmxl1,0.029867793297539916,0.2615722360139493,1.0,0.0,0.0,0.0,0.0,0.0
Tnfaip8,0.08856750257537103,0.2615722360139493,1.0,0.0,0.0,0.0,0.0,0.0
Hsd17b4,1.0,1.0,1.0,0.0,0.0,0.0,0.0,0.0
Prr16,1.0,1.0,1.0,0.0,0.0,0.0,0.0,0.0
Srfbp1,1.0,1.0,1.0,0.0,0.0,0.0,0.0,0.0
Lox,1.0,1.0,1.0,0.0,0.0,0.0,0.0,0.0
Sncaip,1.0,1.0,1.0,0.0,0.0,0.0,0.0,0.0
Snx2,0.2615722360139493,1.0,1.0,0.0,0.0,0.0,0.0,0.0
Snx24,1.0,1.0,1.0,0.0,0.0,0.0,0.0,0.0
Ppic,1.0,1.0,1.0,0.0,0.0,0.0,0.0,0.0
Prdm6,1.0,1.0,1.0,0.0,0.0,0.0,0.0,0.0
Cep120,0.2615722360139493,1.0,1.0,0.0,0.0,0.0,0.0,0.0
Csnk1g3,0.029867793297539916,0.4416039908528433,0.9595657057843286,-26.972080891173672,0.0,0.0,0.0,0.0
Zfp608,1.0,1.0,1.0,0.0,0.0,0.0,0.0,0.0
Gm4221,1.0,1.0,1.0,0.0,0.0,0.0,0.0,0.0
Gramd3,0.25302958982021384,0.7227912249010906,1.0,-28.424289818514016,-0.6025818276456791,0.4585858052083571,0.3379446866059374,0.212339784911716
Aldh7a1,1.0,1.0,1.0,0.0,0.0,0.0,0.0,0.0
Phax,1.0,1.0,1.0,0.0,0.0,0.0,0.0,0.0
Lmnb1,0.2615722360139493,1.0,1.0,0.0,0.0,0.0,0.0,0.0
March3,1.0,1.0,1.0,0.0,0.0,0.0,0.0,0.0
C330018D20Rik,1.0,1.0,1.0,0.0,0.0,0.0,0.0,0.0
Prrc1,0.029867793297539916,0.34368680948603647,0.9242203280316527,-26.759659386034855,0.0,0.0,0.0,0.0
Slc12a2,1.0,1.0,1.0,0.0,0.0,0.0,0.0,0.0
Fbn2,1.0,1.0,1.0,0.0,0.0,0.0,0.0,0.0
Slc27a6,1.0,1.0,1.0,0.0,0.0,0.0,0.0,0.0
Isoc1,0.2615722360139493,1.0,1.0,0.0,0.0,0.0,0.0,0.0
Adamts19,1.0,1.0,1.0,0.0,0.0,0.0,0.0,0.0
Chsy3,1.0,1.0,1.0,0.0,0.0,0.0,0.0,0.0
Gm4951,1.0,1.0,1.0,0.0,0.0,0.0,0.0,0.0
Gm4841,1.0,1.0,1.0,0.0,0.0,0.0,0.0,0.0
F830016B08Rik,1.0,1.0,1.0,0.0,0.0,0.0,0.0,0.0
Iigp1,0.2615722360139493,1.0,1.0,0.0,0.0,0.0,0.0,0.0
Smim3,0.08856750257537103,0.2615722360139493,1.0,0.0,0.0,0.0,0.0,0.0
Dctn4,1.0,1.0,1.0,0.0,0.0,0.0,0.0,0.0
Rbm22,1.0,1.0,1.0,0.0,0.0,0.0,0.0,0.0
Synpo,1.0,1.0,1.0,0.0,0.0,0.0,0.0,0.0
Ndst1,1.0,1.0,1.0,0.0,0.0,0.0,0.0,0.0
Rps14,0.00047630388187663733,0.04734460585853775,0.3053901722632373,-0.07789586831891739,-0.04491133172689598,-0.018292729454522455,2.7213478787393472,2.6382099566460764
Cd74,0.1568627450980392,0.42686353893784235,0.8506311026434865,0.0035620858362518104,0.04391027902953187,0.0786802230037425,2.59395626200156,2.672360489258729
Tcof1,1.0,1.0,1.0,0.0,0.0,0.0,0.0,0.0
Arsi,1.0,1.0,1.0,0.0,0.0,0.0,0.0,0.0
Camk2a,1.0,1.0,1.0,0.0,0.0,0.0,0.0,0.0
Cdx1,1.0,1.0,1.0,0.0,0.0,0.0,0.0,0.0
Pdgfrb,1.0,1.0,1.0,0.0,0.0,0.0,0.0,0.0
Csf1r,1.0,1.0,1.0,0.0,0.0,0.0,0.0,0.0
Hmgxb3,1.0,1.0,1.0,0.0,0.0,0.0,0.0,0.0
Slc26a2,1.0,1.0,1.0,0.0,0.0,0.0,0.0,0.0
Pde6a,1.0,1.0,1.0,0.0,0.0,0.0,0.0,0.0
Ppargc1b,1.0,1.0,1.0,0.0,0.0,0.0,0.0,0.0
Lncbate10,1.0,1.0,1.0,0.0,0.0,0.0,0.0,0.0
Arhgef37,1.0,1.0,1.0,0.0,0.0,0.0,0.0,0.0
Csnk1a1,0.04012661984672225,0.33411952703865366,0.9689946775534558,0.07423349566813096,0.3613020116258495,0.5740274064043818,0.3286624024494631,0.42163898860163773
Bvht,1.0,1.0,1.0,0.0,0.0,0.0,0.0,0.0
Carmn,1.0,1.0,1.0,0.0,0.0,0.0,0.0,0.0
Pcyox1l,1.0,1.0,1.0,0.0,0.0,0.0,0.0,0.0
Grpel2,0.08856750257537103,0.2615722360139493,1.0,0.0,0.0,0.0,0.0,0.0
1500015A07Rik,1.0,1.0,1.0,0.0,0.0,0.0,0.0,0.0
Afap1l1,1.0,1.0,1.0,0.0,0.0,0.0,0.0,0.0
Ablim3,1.0,1.0,1.0,0.0,0.0,0.0,0.0,0.0
Adrb2,0.2615722360139493,0.7670968684102772,1.0,0.0,0.0,0.0,0.0,0.0
Gm9949,1.0,1.0,1.0,0.0,0.0,0.0,0.0,0.0
Fbxo38,1.0,1.0,1.0,0.0,0.0,0.0,0.0,0.0
Spink10,1.0,1.0,1.0,0.0,0.0,0.0,0.0,0.0
Apcdd1,1.0,1.0,1.0,0.0,0.0,0.0,0.0,0.0
Napg,0.2615722360139493,1.0,1.0,0.0,0.0,0.0,0.0,0.0
Piezo2,1.0,1.0,1.0,0.0,0.0,0.0,0.0,0.0
Txnl1,0.00019052155275065493,0.0073033261887751055,0.2082876875446535,0.06599214963717044,0.19768800992614746,0.37921062429548963,0.5378770035801141,0.6175932168595026
Wdr7,1.0,1.0,1.0,0.0,0.0,0.0,0.0,0.0
Onecut2,1.0,1.0,1.0,0.0,0.0,0.0,0.0,0.0
Fech,1.0,1.0,1.0,0.0,0.0,0.0,0.0,0.0
Nars,0.00019052155275065493,0.00409621338413908,0.04734460585853775,0.3651256401619815,0.513917223988028,0.6703562953728763,0.5023473073259148,0.7155945468020803
Atp8b1,1.0,1.0,1.0,0.0,0.0,0.0,0.0,0.0
A330084C13Rik,1.0,1.0,1.0,0.0,0.0,0.0,0.0,0.0
Nedd4l,1.0,1.0,1.0,0.0,0.0,0.0,0.0,0.0
Alpk2,1.0,1.0,1.0,0.0,0.0,0.0,0.0,0.0
F730048M01Rik,1.0,1.0,1.0,0.0,0.0,0.0,0.0,0.0
Gm50228,1.0,1.0,1.0,0.0,0.0,0.0,0.0,0.0
Malt1,1.0,1.0,1.0,0.0,0.0,0.0,0.0,0.0
Zfp532,1.0,1.0,1.0,0.0,0.0,0.0,0.0,0.0
Sec11c,0.04734460585853775,0.34314519329999205,0.9699293482575216,-0.041681159698945695,-0.010374887857907588,0.019197666631772362,2.7347529575769,2.713613699401705
Lman1,0.0010637453361911566,0.038707628800508063,0.3053901722632373,-0.21982336014962325,-0.14073395029500102,-0.05904778232569848,1.245167860236955,1.1297759180560025
Ccbe1,1.0,1.0,1.0,0.0,0.0,0.0,0.0,0.0
Pmaip1,0.002778685068188869,0.029867793297539916,0.08856750257537103,-27.39910212920722,0.0,0.0,0.0,0.0
Gm9926,1.0,1.0,1.0,0.0,0.0,0.0,0.0,0.0
Gnal,1.0,1.0,1.0,0.0,0.0,0.0,0.0,0.0
Gm50169,1.0,1.0,1.0,0.0,0.0,0.0,0.0,0.0
Chmp1b,1.0,1.0,1.0,0.0,0.0,0.0,0.0,0.0
Mppe1,1.0,1.0,1.0,0.0,0.0,0.0,0.0,0.0
Impa2,1.0,1.0,1.0,0.0,0.0,0.0,0.0,0.0
Tubb6,1.0,1.0,1.0,0.0,0.0,0.0,0.0,0.0
Afg3l2,1.0,1.0,1.0,0.0,0.0,0.0,0.0,0.0
Spire1,1.0,1.0,1.0,0.0,0.0,0.0,0.0,0.0
Cep76,1.0,1.0,1.0,0.0,0.0,0.0,0.0,0.0
Psmg2,1.0,1.0,1.0,0.0,0.0,0.0,0.0,0.0
Ptpn2,1.0,1.0,1.0,0.0,0.0,0.0,0.0,0.0
Gm26910,1.0,1.0,1.0,0.0,0.0,0.0,0.0,0.0
Seh1l,1.0,1.0,1.0,0.0,0.0,0.0,0.0,0.0
Cep192,1.0,1.0,1.0,0.0,0.0,0.0,0.0,0.0
Ldlrad4,1.0,1.0,1.0,0.0,0.0,0.0,0.0,0.0
Gm41764,1.0,1.0,1.0,0.0,0.0,0.0,0.0,0.0
Fam210a,1.0,1.0,1.0,0.0,0.0,0.0,0.0,0.0
Rnmt,1.0,1.0,1.0,0.0,0.0,0.0,0.0,0.0
Tcf4,0.02524410573946178,0.3053901722632373,0.9699293482575216,-0.19226693689799737,-0.07087162738575624,0.03134651521348024,0.9729221205489147,0.9276737117862487
Ccdc68,1.0,1.0,1.0,0.0,0.0,0.0,0.0,0.0
Rab27b,1.0,1.0,1.0,0.0,0.0,0.0,0.0,0.0
4930503L19Rik,1.0,1.0,1.0,0.0,0.0,0.0,0.0,0.0
Stard6,1.0,1.0,1.0,0.0,0.0,0.0,0.0,0.0
Poli,1.0,1.0,1.0,0.0,0.0,0.0,0.0,0.0
Mbd2,0.31174565498064216,0.7770968489780832,1.0,-28.156673841372243,-1.7186148983926397,0.7688368685299695,0.266145051497632,0.078545683851124
Mex3c,1.0,1.0,1.0,0.0,0.0,0.0,0.0,0.0
Smad4,0.2615722360139493,0.8822739356449067,0.8822739356449067,0.0,0.0,0.0,0.0,0.0
Elac1,1.0,1.0,1.0,0.0,0.0,0.0,0.0,0.0
Me2,0.2615722360139493,1.0,1.0,0.0,0.0,0.0,0.0,0.0
Ska1,1.0,1.0,1.0,0.0,0.0,0.0,0.0,0.0
Cxxc1,0.2615722360139493,1.0,1.0,0.0,0.0,0.0,0.0,0.0
Mbd1,1.0,1.0,1.0,0.0,0.0,0.0,0.0,0.0
Cfap53,1.0,1.0,1.0,0.0,0.0,0.0,0.0,0.0
Myo5b,1.0,1.0,1.0,0.0,0.0,0.0,0.0,0.0
Acaa2,1.0,1.0,1.0,0.0,0.0,0.0,0.0,0.0
Lipg,1.0,1.0,1.0,0.0,0.0,0.0,0.0,0.0
Rpl17,0.009557831229657855,0.18134476462649837,0.7344923394458999,-0.07329293654305073,-0.04139086135176065,-0.0073868749851841355,2.7107103038835074,2.635626930624205
BC031181,0.15333709008662408,0.6708558092938122,1.0,-0.5295955536796401,0.09750638289020805,0.2689298403557542,0.3607913637318695,0.3899885648599217
Dym,1.0,1.0,1.0,0.0,0.0,0.0,0.0,0.0
Smad7,0.266717246715916,0.47495853988950676,1.0,0.0,0.0,0.0,0.0,0.0
Ctif,1.0,1.0,1.0,0.0,0.0,0.0,0.0,0.0
Zbtb7c,1.0,1.0,1.0,0.0,0.0,0.0,0.0,0.0
Smad2,1.0,1.0,1.0,0.0,0.0,0.0,0.0,0.0
Ier3ip1,0.18073271413828693,0.6784313725490196,1.0,-0.15299169896422388,-0.030242689041100737,0.08170342762014209,0.6049080860306681,0.592961791281998
Hdhd2,1.0,1.0,1.0,0.0,0.0,0.0,0.0,0.0
Pias2,1.0,1.0,1.0,0.0,0.0,0.0,0.0,0.0
Rnf165,1.0,1.0,1.0,0.0,0.0,0.0,0.0,0.0
8030462N17Rik,1.0,1.0,1.0,0.0,0.0,0.0,0.0,0.0
Haus1,1.0,1.0,1.0,0.0,0.0,0.0,0.0,0.0
Atp5a1,0.09788044772564897,0.5713582599031516,1.0,-0.11940671182407561,-0.02540226826451524,0.05795678162817952,0.693825954307796,0.683359243069401
Pstpip2,1.0,1.0,1.0,0.0,0.0,0.0,0.0,0.0
F830208F22Rik,1.0,1.0,1.0,0.0,0.0,0.0,0.0,0.0
Epg5,1.0,1.0,1.0,0.0,0.0,0.0,0.0,0.0
Slc14a1,1.0,1.0,1.0,0.0,0.0,0.0,0.0,0.0
Gm6133,1.0,1.0,1.0,0.0,0.0,0.0,0.0,0.0
Setbp1,1.0,1.0,1.0,0.0,0.0,0.0,0.0,0.0
Pard6g,1.0,1.0,1.0,0.0,0.0,0.0,0.0,0.0
Adnp2,1.0,1.0,1.0,0.0,0.0,0.0,0.0,0.0
Rbfa,1.0,1.0,1.0,0.0,0.0,0.0,0.0,0.0
Gm16286,0.08856750257537103,0.2615722360139493,0.8822739356449067,0.0,0.0,0.0,0.0,0.0
Txnl4a,6.0342433300663835e-05,0.0007884764832411563,0.016219471859568787,-28.573884177031164,-28.46828511400554,-28.36711666440563,0.3714117526409895,0.0
Hsbp1l1,1.0,1.0,1.0,0.0,0.0,0.0,0.0,0.0
Pqlc1,1.0,1.0,1.0,0.0,0.0,0.0,0.0,0.0
Kcng2,1.0,1.0,1.0,0.0,0.0,0.0,0.0,0.0
Ctdp1,1.0,1.0,1.0,0.0,0.0,0.0,0.0,0.0
Nfatc1,1.0,1.0,1.0,0.0,0.0,0.0,0.0,0.0
Atp9b,1.0,1.0,1.0,0.0,0.0,0.0,0.0,0.0
B020010K11Rik,1.0,1.0,1.0,0.0,0.0,0.0,0.0,0.0
Mbp,1.0,1.0,1.0,0.0,0.0,0.0,0.0,0.0
Zfp236,1.0,1.0,1.0,0.0,0.0,0.0,0.0,0.0
Zfp516,1.0,1.0,1.0,0.0,0.0,0.0,0.0,0.0
Gm31621,1.0,1.0,1.0,0.0,0.0,0.0,0.0,0.0
Tshz1,1.0,1.0,1.0,0.0,0.0,0.0,0.0,0.0
Zadh2,1.0,1.0,1.0,0.0,0.0,0.0,0.0,0.0
Zfp407,1.0,1.0,1.0,0.0,0.0,0.0,0.0,0.0
Cndp1,1.0,1.0,1.0,0.0,0.0,0.0,0.0,0.0
Cndp2,1.0,1.0,1.0,0.0,0.0,0.0,0.0,0.0
Dipk1c,1.0,1.0,1.0,0.0,0.0,0.0,0.0,0.0
Cyb5a,0.012399777724855125,0.18134476462649837,0.8469967641740412,0.03550912212459374,0.20566354397906478,0.37179148160057157,0.40204845352145524,0.4630808240720925
Timm21,1.0,1.0,1.0,0.0,0.0,0.0,0.0,0.0
Gm50386,1.0,1.0,1.0,0.0,0.0,0.0,0.0,0.0
Socs6,1.0,1.0,1.0,0.0,0.0,0.0,0.0,0.0
Rttn,1.0,1.0,1.0,0.0,0.0,0.0,0.0,0.0
Cd226,1.0,1.0,1.0,0.0,0.0,0.0,0.0,0.0
Tmx3,0.08856750257537103,1.0,1.0,0.0,0.0,0.0,0.0,0.0
Gm45871,1.0,1.0,1.0,0.0,0.0,0.0,0.0,0.0
Ighmbp2,1.0,1.0,1.0,0.0,0.0,0.0,0.0,0.0
Mrpl21,0.009501095540355024,0.08856750257537103,0.7670968684102772,-26.07024714649844,0.0,0.0,0.0,0.0
Cpt1a,1.0,1.0,1.0,0.0,0.0,0.0,0.0,0.0
Gal,1.0,1.0,1.0,0.0,0.0,0.0,0.0,0.0
Ppp6r3,1.0,1.0,1.0,0.0,0.0,0.0,0.0,0.0
Lrp5,1.0,1.0,1.0,0.0,0.0,0.0,0.0,0.0
1810055G02Rik,1.0,1.0,1.0,0.0,0.0,0.0,0.0,0.0
Kmt5b,1.0,1.0,1.0,0.0,0.0,0.0,0.0,0.0
Chka,1.0,1.0,1.0,0.0,0.0,0.0,0.0,0.0
Tcirg1,1.0,1.0,1.0,0.0,0.0,0.0,0.0,0.0
Ndufs8,0.000754999222880271,0.006087838681301112,0.06967327276098416,-0.724739943695494,-0.27028744031864144,-0.1295611353993674,0.492529697644331,0.4091658817053676
Aldh3b1,1.0,1.0,1.0,0.0,0.0,0.0,0.0,0.0
Unc93b1,0.006734144223430692,0.11472751266057678,0.5236826292868997,-28.45896874515762,-28.306633605864384,-2.346673777264084,0.3330120069191456,0.0
Acy3,1.0,1.0,1.0,0.0,0.0,0.0,0.0,0.0
4833408A19Rik,1.0,1.0,1.0,0.0,0.0,0.0,0.0,0.0
Nudt8,1.0,1.0,1.0,0.0,0.0,0.0,0.0,0.0
Doc2g,1.0,1.0,1.0,0.0,0.0,0.0,0.0,0.0
Ndufv1,0.029867793297539916,0.2615722360139493,1.0,0.0,0.0,0.0,0.0,0.0
Gstp1,1.0,1.0,1.0,0.0,0.0,0.0,0.0,0.0
Gstp2,1.0,1.0,1.0,0.0,0.0,0.0,0.0,0.0
Gstp3,1.0,1.0,1.0,0.0,0.0,0.0,0.0,0.0
Cdk2ap2,0.0073033261887751055,0.18134476462649837,0.9077302642387601,-0.009568227898850756,0.26926427601632,0.4744926798160009,0.40103110100171874,0.4819235878229045
Pitpnm1,1.0,1.0,1.0,0.0,0.0,0.0,0.0,0.0
Aip,1.0,1.0,1.0,0.0,0.0,0.0,0.0,0.0
Tmem134,1.5876796062554575e-05,0.0007144558228149559,0.020131777407319206,-0.40425788565107507,-0.27511186387932873,-0.16559906503969163,0.8046571764160441,0.6627742674167241
Cabp4,1.0,1.0,1.0,0.0,0.0,0.0,0.0,0.0
Coro1b,1.0,1.0,1.0,0.0,0.0,0.0,0.0,0.0
Ptprcap,0.00093978216827538,0.008271682130170575,0.04640273711785409,-28.911284840635005,-28.715648693427124,-1.9355598677228034,0.44231788074100953,0.0
Rps6kb2,1.0,1.0,1.0,0.0,0.0,0.0,0.0,0.0
Carns1,1.0,1.0,1.0,0.0,0.0,0.0,0.0,0.0
Tbc1d10c,1.0,1.0,1.0,0.0,0.0,0.0,0.0,0.0
Ppp1ca,0.06909581646423751,0.5208065412399778,1.0,-0.22315794042640555,-0.09107897821866255,0.046056825682063804,0.5418761457912182,0.5070973906819238
Rad9a,1.0,1.0,1.0,0.0,0.0,0.0,0.0,0.0
Clcf1,1.0,1.0,1.0,0.0,0.0,0.0,0.0,0.0
Pold4,0.08856750257537103,0.2615722360139493,1.0,0.0,0.0,0.0,0.0,0.0
Ssh3,1.0,1.0,1.0,0.0,0.0,0.0,0.0,0.0
Ankrd13d,1.0,1.0,1.0,0.0,0.0,0.0,0.0,0.0
Grk2,0.08856750257537103,0.2615722360139493,1.0,0.0,0.0,0.0,0.0,0.0
Kdm2a,0.2615722360139493,1.0,1.0,0.0,0.0,0.0,0.0,0.0
Rhod,1.0,1.0,1.0,0.0,0.0,0.0,0.0,0.0
Pcx,1.0,1.0,1.0,0.0,0.0,0.0,0.0,0.0
Lrfn4,1.0,1.0,1.0,0.0,0.0,0.0,0.0,0.0
Rce1,1.0,1.0,1.0,0.0,0.0,0.0,0.0,0.0
Sptbn2,1.0,1.0,1.0,0.0,0.0,0.0,0.0,0.0
Rbm4b,1.0,1.0,1.0,0.0,0.0,0.0,0.0,0.0
Rbm4,1.0,1.0,1.0,0.0,0.0,0.0,0.0,0.0
Rbm14,1.0,1.0,1.0,0.0,0.0,0.0,0.0,0.0
Ccs,1.0,1.0,1.0,0.0,0.0,0.0,0.0,0.0
Ctsf,1.0,1.0,1.0,0.0,0.0,0.0,0.0,0.0
Zdhhc24,1.0,1.0,1.0,0.0,0.0,0.0,0.0,0.0
Bbs1,1.0,1.0,1.0,0.0,0.0,0.0,0.0,0.0
Dpp3,0.2615722360139493,1.0,1.0,0.0,0.0,0.0,0.0,0.0
Peli3,1.0,1.0,1.0,0.0,0.0,0.0,0.0,0.0
Mrpl11,0.2615722360139493,1.0,1.0,0.0,0.0,0.0,0.0,0.0
Slc29a2,1.0,1.0,1.0,0.0,0.0,0.0,0.0,0.0
B4gat1,1.0,1.0,1.0,0.0,0.0,0.0,0.0,0.0
Brms1,1.0,1.0,1.0,0.0,0.0,0.0,0.0,0.0
Rin1,1.0,1.0,1.0,0.0,0.0,0.0,0.0,0.0
Cd248,1.0,1.0,1.0,0.0,0.0,0.0,0.0,0.0
Tmem151a,1.0,1.0,1.0,0.0,0.0,0.0,0.0,0.0
Yif1a,0.08856750257537103,0.2615722360139493,1.0,0.0,0.0,0.0,0.0,0.0
Cnih2,1.0,1.0,1.0,0.0,0.0,0.0,0.0,0.0
Rab1b,1.0,1.0,1.0,0.0,0.0,0.0,0.0,0.0
Klc2,1.0,1.0,1.0,0.0,0.0,0.0,0.0,0.0
Pacs1,1.0,1.0,1.0,0.0,0.0,0.0,0.0,0.0
Sf3b2,0.0001720247930818143,0.016089428281262762,0.2227959761712598,-28.263340990072553,-28.13257348830003,-27.0636336172161,0.294271683436323,0.0
Gm50203,1.0,1.0,1.0,0.0,0.0,0.0,0.0,0.0
Cst6,1.0,1.0,1.0,0.0,0.0,0.0,0.0,0.0
Banf1,0.08856750257537103,1.0,1.0,0.0,0.0,0.0,0.0,0.0
Eif1ad,0.2615722360139493,1.0,1.0,0.0,0.0,0.0,0.0,0.0
Sart1,1.0,1.0,1.0,0.0,0.0,0.0,0.0,0.0
D330050I16Rik,1.0,1.0,1.0,0.0,0.0,0.0,0.0,0.0
4930481A15Rik,1.0,1.0,1.0,0.0,0.0,0.0,0.0,0.0
Drap1,0.010835838069660248,0.1568627450980392,0.7274683619586189,0.16832511971151204,0.34866496084579146,0.49179152596345205,0.32437622037257385,0.41348386127007725
AI837181,1.0,1.0,1.0,0.0,0.0,0.0,0.0,0.0
Fosl1,1.0,1.0,1.0,0.0,0.0,0.0,0.0,0.0
Ccdc85b,0.2615722360139493,1.0,1.0,0.0,0.0,0.0,0.0,0.0
Fibp,0.08856750257537103,0.2615722360139493,1.0,0.0,0.0,0.0,0.0,0.0
Ctsw,1.0,1.0,1.0,0.0,0.0,0.0,0.0,0.0
Efemp2,1.0,1.0,1.0,0.0,0.0,0.0,0.0,0.0
Mus81,1.0,1.0,1.0,0.0,0.0,0.0,0.0,0.0
Cfl1,0.0021592442645074223,0.02524410573946178,0.11526553941414623,0.1254046352135308,0.23480240078011394,0.3457875780334591,0.6673181387651714,0.7838732683867584
Snx32,1.0,1.0,1.0,0.0,0.0,0.0,0.0,0.0
Ovol1,1.0,1.0,1.0,0.0,0.0,0.0,0.0,0.0
Ap5b1,1.0,1.0,1.0,0.0,0.0,0.0,0.0,0.0
Rnaseh2c,0.010378754644767901,0.11237931221043936,0.7264717268578031,-28.5372770448535,-0.5215961935877963,0.04863351870365992,0.3782348079288825,0.2578125792878764
Kat5,1.0,1.0,1.0,0.0,0.0,0.0,0.0,0.0
Rela,1.0,1.0,1.0,0.0,0.0,0.0,0.0,0.0
Sipa1,1.0,1.0,1.0,0.0,0.0,0.0,0.0,0.0
Pcnx3,1.0,1.0,1.0,0.0,0.0,0.0,0.0,0.0
Map3k11,1.0,1.0,1.0,0.0,0.0,0.0,0.0,0.0
Kcnk7,1.0,1.0,1.0,0.0,0.0,0.0,0.0,0.0
Ehbp1l1,1.0,1.0,1.0,0.0,0.0,0.0,0.0,0.0
Fam89b,1.0,1.0,1.0,0.0,0.0,0.0,0.0,0.0
Znrd2,0.2615722360139493,1.0,1.0,0.0,0.0,0.0,0.0,0.0
Ltbp3,1.0,1.0,1.0,0.0,0.0,0.0,0.0,0.0
Scyl1,0.2615722360139493,1.0,1.0,0.0,0.0,0.0,0.0,0.0
Malat1,0.20761411447169964,0.5713582599031516,0.9699293482575216,-0.006420534267871637,0.01764007655784751,0.037276544986408866,5.140060515931692,5.201317765300322
Neat1,0.00019052155275065493,0.00298483765976026,0.05737874097007224,-0.6402894276117818,-0.4667318707061714,-0.32235694340683857,0.7617754201493543,0.5503326698642905
Frmd8os,1.0,1.0,1.0,0.0,0.0,0.0,0.0,0.0
Frmd8,1.0,1.0,1.0,0.0,0.0,0.0,0.0,0.0
Slc25a45,1.0,1.0,1.0,0.0,0.0,0.0,0.0,0.0
Dpf2,1.0,1.0,1.0,0.0,0.0,0.0,0.0,0.0
Gm42067,1.0,1.0,1.0,0.0,0.0,0.0,0.0,0.0
Cdc42ep2,1.0,1.0,1.0,0.0,0.0,0.0,0.0,0.0
Pola2,1.0,1.0,1.0,0.0,0.0,0.0,0.0,0.0
Capn1,1.0,1.0,1.0,0.0,0.0,0.0,0.0,0.0
Syvn1,0.002778685068188869,0.028688810319848834,0.3519631185845171,-28.01313116555975,-26.723635295752953,0.0,0.1108194048024755,0.0
Mrpl49,1.0,1.0,1.0,0.0,0.0,0.0,0.0,0.0
Fau,0.012328729062475197,0.11526553941414623,0.5208065412399778,0.007426285212741055,0.028389503979288876,0.050077754727469774,2.722968431331749,2.7764526693201237
Znhit2,1.0,1.0,1.0,0.0,0.0,0.0,0.0,0.0
Tm7sf2,1.0,1.0,1.0,0.0,0.0,0.0,0.0,0.0
Vps51,1.0,1.0,1.0,0.0,0.0,0.0,0.0,0.0
Zfpl1,1.0,1.0,1.0,0.0,0.0,0.0,0.0,0.0
Cdca5,1.0,1.0,1.0,0.0,0.0,0.0,0.0,0.0
Sac3d1,1.0,1.0,1.0,0.0,0.0,0.0,0.0,0.0
Snx15,1.0,1.0,1.0,0.0,0.0,0.0,0.0,0.0
Arl2,1.0,1.0,1.0,0.0,0.0,0.0,0.0,0.0
Batf2,1.0,1.0,1.0,0.0,0.0,0.0,0.0,0.0
Ppp2r5b,1.0,1.0,1.0,0.0,0.0,0.0,0.0,0.0
Atg2a,1.0,1.0,1.0,0.0,0.0,0.0,0.0,0.0
Gm14963,1.0,1.0,1.0,0.0,0.0,0.0,0.0,0.0
Ehd1,0.029867793297539916,0.08856750257537103,1.0,0.0,0.0,0.0,0.0,0.0
Cdc42bpg,1.0,1.0,1.0,0.0,0.0,0.0,0.0,0.0
Men1,0.2615722360139493,1.0,1.0,0.0,0.0,0.0,0.0,0.0
Map4k2,1.0,1.0,1.0,0.0,0.0,0.0,0.0,0.0
Gm14966,1.0,1.0,1.0,0.0,0.0,0.0,0.0,0.0
Sf1,0.08856750257537103,0.08856750257537103,0.2615722360139493,0.0,0.0,0.0,0.0,0.0
Pygm,1.0,1.0,1.0,0.0,0.0,0.0,0.0,0.0
Rasgrp2,0.47495853988950676,1.0,1.0,0.0,0.0,0.0,0.0,0.0
Nrxn2,1.0,1.0,1.0,0.0,0.0,0.0,0.0,0.0
Gm14964,1.0,1.0,1.0,0.0,0.0,0.0,0.0,0.0
CAAA01066123.1,1.0,1.0,1.0,0.0,0.0,0.0,0.0,0.0
Rps6ka4,1.0,1.0,1.0,0.0,0.0,0.0,0.0,0.0
Ccdc88b,1.0,1.0,1.0,0.0,0.0,0.0,0.0,0.0
Prdx5,0.00017120035741584227,0.0017191380645145984,0.016445175357558166,-28.46632773551108,-28.35988211041066,-28.194645993943862,0.344488864053073,0.0
Trmt112,0.029867793297539916,0.029867793297539916,0.3519631185845171,0.0,0.0,0.0,0.0,0.0
Esrra,1.0,1.0,1.0,0.0,0.0,0.0,0.0,0.0
Gpr137,1.0,1.0,1.0,0.0,0.0,0.0,0.0,0.0
Bad,1.0,1.0,1.0,0.0,0.0,0.0,0.0,0.0
Plcb3,1.0,1.0,1.0,0.0,0.0,0.0,0.0,0.0
Ppp1r14b,0.11299195493928746,0.5355561233584674,1.0,0.03740152169042369,0.22729564269131292,0.39182817048683716,0.39558898693211964,0.46330576484081426
Fkbp2,0.03852544256569026,0.1568627450980392,0.42686353893784235,-0.08369616596130287,-0.04198537827928189,-0.0017528693799737647,1.8776653025258039,1.824923387785345
Vegfb,0.9815393059003498,1.0,1.0,0.0,0.0,0.0,0.0,0.0
Dnajc4,1.0,1.0,1.0,0.0,0.0,0.0,0.0,0.0
Nudt22,1.0,1.0,1.0,0.0,0.0,0.0,0.0,0.0
Trpt1,1.0,1.0,1.0,0.0,0.0,0.0,0.0,0.0
Fermt3,0.2615722360139493,0.2615722360139493,1.0,0.0,0.0,0.0,0.0,0.0
Stip1,1.0,1.0,1.0,0.0,0.0,0.0,0.0,0.0
Macrod1,1.0,1.0,1.0,0.0,0.0,0.0,0.0,0.0
AC109619.1,1.0,1.0,1.0,0.0,0.0,0.0,0.0,0.0
Otub1,1.0,1.0,1.0,0.0,0.0,0.0,0.0,0.0
Cox8a,0.2702706993728666,0.7344923394458999,1.0,-0.048548404774864745,0.00808234710292605,0.05987226485605989,1.3643595660665224,1.3722702161737588
Naa40,1.0,1.0,1.0,0.0,0.0,0.0,0.0,0.0
Rcor2,1.0,1.0,1.0,0.0,0.0,0.0,0.0,0.0
Mark2,1.0,1.0,1.0,0.0,0.0,0.0,0.0,0.0
Gm17227,1.0,1.0,1.0,0.0,0.0,0.0,0.0,0.0
Spindoc,1.0,1.0,1.0,0.0,0.0,0.0,0.0,0.0
Gm50232,1.0,1.0,1.0,0.0,0.0,0.0,0.0,0.0
1700105P06Rik,1.0,1.0,1.0,0.0,0.0,0.0,0.0,0.0
2700081O15Rik,1.0,1.0,1.0,0.0,0.0,0.0,0.0,0.0
Rtn3,0.028688810319848834,0.4198490637342591,0.9595657057843286,-27.616850691826972,0.0,0.0,0.0,0.0
Atl3,1.0,1.0,1.0,0.0,0.0,0.0,0.0,0.0
Plaat3,3.5291394948257277e-05,0.0004954208174452059,0.007737120862323551,-28.366222464141227,-28.25330358056835,-28.08547724543511,0.3199571745432535,0.0
Lgals12,1.0,1.0,1.0,0.0,0.0,0.0,0.0,0.0
Slc3a2,0.00030165912518853697,0.009557831229657855,0.11526553941414623,0.09713281366543969,0.20691384748340585,0.30921225058873336,1.0007985793438308,1.1567339014358748
Snhg1,0.009501095540355024,0.08856750257537103,0.2615722360139493,-26.759659386034855,0.0,0.0,0.0,0.0
Wdr74,0.2615722360139493,1.0,1.0,0.0,0.0,0.0,0.0,0.0
Stx5a,0.002778685068188869,0.029254565586406815,0.15137566002461356,-27.92166532155227,-26.848075565588143,0.0,0.120802540451295,0.0
Nxf1,1.0,1.0,1.0,0.0,0.0,0.0,0.0,0.0
Tmem223,0.013623050709775321,0.15413299553817028,0.782666647975894,-28.47250590983637,-28.254714522827996,-0.08609162476392547,0.3452144895448425,0.0
Tmem179b,0.2615722360139493,1.0,1.0,0.0,0.0,0.0,0.0,0.0
Taf6l,1.0,1.0,1.0,0.0,0.0,0.0,0.0,0.0
Polr2g,0.002778685068188869,0.029867793297539916,0.0978412151825437,-27.597495796617377,0.0,0.0,0.0,0.0
Ttc9c,1.0,1.0,1.0,0.0,0.0,0.0,0.0,0.0
Hnrnpul2,0.2615722360139493,1.0,1.0,0.0,0.0,0.0,0.0,0.0
Gng3,1.0,1.0,1.0,0.0,0.0,0.0,0.0,0.0
Bscl2,0.08856750257537103,1.0,1.0,0.0,0.0,0.0,0.0,0.0
Lrrn4cl,1.0,1.0,1.0,0.0,0.0,0.0,0.0,0.0
Ubxn1,0.06117467691385191,0.5098433838583576,0.9638969075506822,-28.086511644550676,-26.203505792120836,0.0,0.07727539423267625,0.0
Uqcc3,0.009501095540355024,0.08856750257537103,0.2615722360139493,-26.984748371945145,0.0,0.0,0.0,0.0
Lbhd1,1.0,1.0,1.0,0.0,0.0,0.0,0.0,0.0
1810009A15Rik,1.0,1.0,1.0,0.0,0.0,0.0,0.0,0.0
Ints5,1.0,1.0,1.0,0.0,0.0,0.0,0.0,0.0
Ganab,0.009501095540355024,0.029867793297539916,0.2615722360139493,-27.07360632383367,0.0,0.0,0.0,0.0
B3gat3,0.08856750257537103,0.2615722360139493,1.0,0.0,0.0,0.0,0.0,0.0
Rom1,1.0,1.0,1.0,0.0,0.0,0.0,0.0,0.0
Eml3,1.0,1.0,1.0,0.0,0.0,0.0,0.0,0.0
Gm10353,1.0,1.0,1.0,0.0,0.0,0.0,0.0,0.0
Mta2,0.2615722360139493,1.0,1.0,0.0,0.0,0.0,0.0,0.0
Tut1,1.0,1.0,1.0,0.0,0.0,0.0,0.0,0.0
Eef1g,0.00298483765976026,0.05737874097007224,0.5208065412399778,-0.2576104415633105,-0.1768022328924442,-0.07795673104509772,0.9471953479861539,0.8363672671192309
Ahnak,0.00060911051914791,0.0010239315893302394,0.004011430556544232,2.0033146466549385,28.935622265578633,29.05630395136876,0.0,0.5167208686697496
Asrgl1,1.0,1.0,1.0,0.0,0.0,0.0,0.0,0.0
Incenp,1.0,1.0,1.0,0.0,0.0,0.0,0.0,0.0
Gm50340,1.0,1.0,1.0,0.0,0.0,0.0,0.0,0.0
Fth1,0.038707628800508063,0.34314519329999205,0.9699293482575216,-0.03419244005363237,-0.007682228771070214,0.017467484565201797,1.900164137393135,1.8902319490780863
Best1,1.0,1.0,1.0,0.0,0.0,0.0,0.0,0.0
Rab3il1,1.0,1.0,1.0,0.0,0.0,0.0,0.0,0.0
Fads3,1.0,1.0,1.0,0.0,0.0,0.0,0.0,0.0
Fads2,0.2615722360139493,1.0,1.0,0.0,0.0,0.0,0.0,0.0
Fads1,1.0,1.0,1.0,0.0,0.0,0.0,0.0,0.0
Fen1,0.2615722360139493,1.0,1.0,0.0,0.0,0.0,0.0,0.0
Tmem258,0.09788044772564897,0.4726680955783123,0.9699293482575216,-0.03631585473435258,0.04317765533621602,0.12805792183507902,1.1014511790376713,1.1361152824621787
Dagla,1.0,1.0,1.0,0.0,0.0,0.0,0.0,0.0
Syt7,1.0,1.0,1.0,0.0,0.0,0.0,0.0,0.0
Sdhaf2,1.0,1.0,1.0,0.0,0.0,0.0,0.0,0.0
Cpsf7,1.0,1.0,1.0,0.0,0.0,0.0,0.0,0.0
Tmem216,1.0,1.0,1.0,0.0,0.0,0.0,0.0,0.0
Tmem138,1.0,1.0,1.0,0.0,0.0,0.0,0.0,0.0
Cyb561a3,1.0,1.0,1.0,0.0,0.0,0.0,0.0,0.0
Tkfc,1.0,1.0,1.0,0.0,0.0,0.0,0.0,0.0
Ddb1,0.2615722360139493,1.0,1.0,0.0,0.0,0.0,0.0,0.0
Vps37c,1.0,1.0,1.0,0.0,0.0,0.0,0.0,0.0
Cd5,1.0,1.0,1.0,0.0,0.0,0.0,0.0,0.0
A430093F15Rik,1.0,1.0,1.0,0.0,0.0,0.0,0.0,0.0
Cd6,1.0,1.0,1.0,0.0,0.0,0.0,0.0,0.0
Slc15a3,1.0,1.0,1.0,0.0,0.0,0.0,0.0,0.0
Gm10802,1.0,1.0,1.0,0.0,0.0,0.0,0.0,0.0
Tmem132a,1.0,1.0,1.0,0.0,0.0,0.0,0.0,0.0
Tmem109,1.0,1.0,1.0,0.0,0.0,0.0,0.0,0.0
Prpf19,1.0,1.0,1.0,0.0,0.0,0.0,0.0,0.0
Ccdc86,1.0,1.0,1.0,0.0,0.0,0.0,0.0,0.0
AW112010,6.0342433300663835e-05,0.00033168419378085557,0.0008503839505192074,-28.882957417708713,-28.75346121490057,-28.61594262213333,0.452537219263764,0.0
Ms4a8a,1.0,1.0,1.0,0.0,0.0,0.0,0.0,0.0
Ms4a12,1.0,1.0,1.0,0.0,0.0,0.0,0.0,0.0
Ms4a1,1.0,1.0,1.0,0.0,0.0,0.0,0.0,0.0
Ms4a14,1.0,1.0,1.0,0.0,0.0,0.0,0.0,0.0
Ms4a7,1.0,1.0,1.0,0.0,0.0,0.0,0.0,0.0
Gm28935,1.0,1.0,1.0,0.0,0.0,0.0,0.0,0.0
Ms4a4a,1.0,1.0,1.0,0.0,0.0,0.0,0.0,0.0
Ms4a4c,1.0,1.0,1.0,0.0,0.0,0.0,0.0,0.0
Ms4a4b,1.0,1.0,1.0,0.0,0.0,0.0,0.0,0.0
Ms4a6c,1.0,1.0,1.0,0.0,0.0,0.0,0.0,0.0
BE692007,1.0,1.0,1.0,0.0,0.0,0.0,0.0,0.0
Gm8369,1.0,1.0,1.0,0.0,0.0,0.0,0.0,0.0
Ms4a6b,1.0,1.0,1.0,0.0,0.0,0.0,0.0,0.0
Ms4a4d,1.0,1.0,1.0,0.0,0.0,0.0,0.0,0.0
Ms4a6d,1.0,1.0,1.0,0.0,0.0,0.0,0.0,0.0
Oosp2,1.0,1.0,1.0,0.0,0.0,0.0,0.0,0.0
Oosp1,0.00023290808489320942,0.00084204393762856,0.006734144223430692,-28.674627912737208,-28.499800795828513,-28.330507486724784,0.37957265173245336,0.0
Mrpl16,0.2615722360139493,0.2615722360139493,1.0,0.0,0.0,0.0,0.0,0.0
Stx3,1.0,1.0,1.0,0.0,0.0,0.0,0.0,0.0
Patl1,1.0,1.0,1.0,0.0,0.0,0.0,0.0,0.0
Osbp,0.2615722360139493,1.0,1.0,0.0,0.0,0.0,0.0,0.0
Mpeg1,1.0,1.0,1.0,0.0,0.0,0.0,0.0,0.0
Dtx4,1.0,1.0,1.0,0.0,0.0,0.0,0.0,0.0
A330040F15Rik,1.0,1.0,1.0,0.0,0.0,0.0,0.0,0.0
Fam111a,1.0,1.0,1.0,0.0,0.0,0.0,0.0,0.0
Cntf,1.0,1.0,1.0,0.0,0.0,0.0,0.0,0.0
Zfp91,0.08986264572023094,0.48162844767902335,1.0,-28.48327483422658,-0.5068186821570058,0.1570909086863303,0.35984602556741724,0.256511933836465
Lpxn,1.0,1.0,1.0,0.0,0.0,0.0,0.0,0.0
Tle4,0.2615722360139493,0.824685402027592,1.0,0.0,0.0,0.0,0.0,0.0
Psat1,1.0,1.0,1.0,0.0,0.0,0.0,0.0,0.0
Cep78,1.0,1.0,1.0,0.0,0.0,0.0,0.0,0.0
Gnaq,1.0,1.0,1.0,0.0,0.0,0.0,0.0,0.0
Gna14,1.0,1.0,1.0,0.0,0.0,0.0,0.0,0.0
Vps13a,1.0,1.0,1.0,0.0,0.0,0.0,0.0,0.0
Prune2,1.0,1.0,1.0,0.0,0.0,0.0,0.0,0.0
Gcnt1,1.0,1.0,1.0,0.0,0.0,0.0,0.0,0.0
Rfk,1.0,1.0,1.0,0.0,0.0,0.0,0.0,0.0
Pcsk5,1.0,1.0,1.0,0.0,0.0,0.0,0.0,0.0
Ostf1,0.0011293135916274008,0.03207262248339877,0.4540885314211517,-28.521442518452734,-28.35328510847993,-0.5672266069211988,0.34689607442175685,0.0
Nmrk1,1.0,1.0,1.0,0.0,0.0,0.0,0.0,0.0
Carnmt1,1.0,1.0,1.0,0.0,0.0,0.0,0.0,0.0
D030056L22Rik,1.0,1.0,1.0,0.0,0.0,0.0,0.0,0.0
Trpm6,1.0,1.0,1.0,0.0,0.0,0.0,0.0,0.0
Rorb,1.0,1.0,1.0,0.0,0.0,0.0,0.0,0.0
Anxa1,1.0,1.0,1.0,0.0,0.0,0.0,0.0,0.0
Aldh1a1,1.0,1.0,1.0,0.0,0.0,0.0,0.0,0.0
Zfand5,0.09788044772564897,0.5624660991678666,0.9699293482575216,8.846942401566944e-05,0.1754300572534514,0.3211714011221986,0.41383946151907547,0.4691679075919905
Gm50255,1.0,1.0,1.0,0.0,0.0,0.0,0.0,0.0
Gda,1.0,1.0,1.0,0.0,0.0,0.0,0.0,0.0
1110059E24Rik,0.08856750257537103,0.2615722360139493,1.0,0.0,0.0,0.0,0.0,0.0
Abhd17b,0.2615722360139493,1.0,1.0,0.0,0.0,0.0,0.0,0.0
Cemip2,1.0,1.0,1.0,0.0,0.0,0.0,0.0,0.0
Trpm3,1.0,1.0,1.0,0.0,0.0,0.0,0.0,0.0
2410080I02Rik,1.0,1.0,1.0,0.0,0.0,0.0,0.0,0.0
Klf9,1.0,1.0,1.0,0.0,0.0,0.0,0.0,0.0
Smc5,1.0,1.0,1.0,0.0,0.0,0.0,0.0,0.0
Mamdc2,1.0,1.0,1.0,0.0,0.0,0.0,0.0,0.0
Ptar1,1.0,1.0,1.0,0.0,0.0,0.0,0.0,0.0
Apba1,1.0,1.0,1.0,0.0,0.0,0.0,0.0,0.0
Fam189a2,1.0,1.0,1.0,0.0,0.0,0.0,0.0,0.0
Tjp2,1.0,1.0,1.0,0.0,0.0,0.0,0.0,0.0
Fxn,1.0,1.0,1.0,0.0,0.0,0.0,0.0,0.0
Pip5k1b,1.0,1.0,1.0,0.0,0.0,0.0,0.0,0.0
Fam122a,1.0,1.0,1.0,0.0,0.0,0.0,0.0,0.0
Tmem252,1.0,1.0,1.0,0.0,0.0,0.0,0.0,0.0
Pgm5,1.0,1.0,1.0,0.0,0.0,0.0,0.0,0.0
Gm10053,1.0,1.0,1.0,0.0,0.0,0.0,0.0,0.0
Cbwd1,1.0,1.0,1.0,0.0,0.0,0.0,0.0,0.0
Dock8,1.0,1.0,1.0,0.0,0.0,0.0,0.0,0.0
Kank1,1.0,1.0,1.0,0.0,0.0,0.0,0.0,0.0
2610016A17Rik,1.0,1.0,1.0,0.0,0.0,0.0,0.0,0.0
Dmrt2,1.0,1.0,1.0,0.0,0.0,0.0,0.0,0.0
Smarca2,0.08856750257537103,1.0,1.0,0.0,0.0,0.0,0.0,0.0
Vldlr,1.0,1.0,1.0,0.0,0.0,0.0,0.0,0.0
Pum3,1.0,1.0,1.0,0.0,0.0,0.0,0.0,0.0
Rfx3,1.0,1.0,1.0,0.0,0.0,0.0,0.0,0.0
Glis3,1.0,1.0,1.0,0.0,0.0,0.0,0.0,0.0
Slc1a1,1.0,1.0,1.0,0.0,0.0,0.0,0.0,0.0
4430402I18Rik,1.0,1.0,1.0,0.0,0.0,0.0,0.0,0.0
Plpp6,1.0,1.0,1.0,0.0,0.0,0.0,0.0,0.0
Cdc37l1,0.2572471176779851,1.0,1.0,0.0,0.0,0.0,0.0,0.0
Ak3,1.0,1.0,1.0,0.0,0.0,0.0,0.0,0.0
1700018L02Rik,1.0,1.0,1.0,0.0,0.0,0.0,0.0,0.0
Gm9895,1.0,1.0,1.0,0.0,0.0,0.0,0.0,0.0
Rcl1,1.0,1.0,1.0,0.0,0.0,0.0,0.0,0.0
Jak2,0.08856750257537103,0.4198490637342591,0.8822739356449067,0.0,0.0,0.0,0.0,0.0
Insl6,0.0007335473709934008,0.009501095540355024,0.08856750257537103,-28.122393842116914,-26.972080891173672,0.0,0.131645309663811,0.0
Plgrkt,0.029867793297539916,0.08856750257537103,1.0,0.0,0.0,0.0,0.0,0.0
Cd274,6.35071842502183e-05,0.00030165912518853697,0.005493371437643883,-0.8931917184876759,-0.7585632509453384,-0.6088020131916335,1.081931461238375,0.6373137848639967
Gm36043,0.2615722360139493,1.0,1.0,0.0,0.0,0.0,0.0,0.0
Pdcd1lg2,1.0,1.0,1.0,0.0,0.0,0.0,0.0,0.0
A930007I19Rik,1.0,1.0,1.0,0.0,0.0,0.0,0.0,0.0
Ric1,0.2615722360139493,1.0,1.0,0.0,0.0,0.0,0.0,0.0
Ermp1,1.0,1.0,1.0,0.0,0.0,0.0,0.0,0.0
9930021J03Rik,1.0,1.0,1.0,0.0,0.0,0.0,0.0,0.0
Ranbp6,1.0,1.0,1.0,0.0,0.0,0.0,0.0,0.0
Il33,1.0,1.0,1.0,0.0,0.0,0.0,0.0,0.0
Uhrf2,0.17709689381256932,0.7513591117305192,1.0,-27.949496924977,-25.848495952927735,27.244922127893062,0.064510797909746,0.0
Gldc,1.0,1.0,1.0,0.0,0.0,0.0,0.0,0.0
Prkg1,1.0,1.0,1.0,0.0,0.0,0.0,0.0,0.0
Cstf2t,1.0,1.0,1.0,0.0,0.0,0.0,0.0,0.0
A1cf,1.0,1.0,1.0,0.0,0.0,0.0,0.0,0.0
9130016M20Rik,1.0,1.0,1.0,0.0,0.0,0.0,0.0,0.0
Asah2,1.0,1.0,1.0,0.0,0.0,0.0,0.0,0.0
Sgms1,1.0,1.0,1.0,0.0,0.0,0.0,0.0,0.0
2700046G09Rik,1.0,1.0,1.0,0.0,0.0,0.0,0.0,0.0
Rpl9-ps6,0.2615722360139493,1.0,1.0,0.0,0.0,0.0,0.0,0.0
Minpp1,1.0,1.0,1.0,0.0,0.0,0.0,0.0,0.0
Papss2,1.0,1.0,1.0,0.0,0.0,0.0,0.0,0.0
Atad1,0.2615722360139493,1.0,1.0,0.0,0.0,0.0,0.0,0.0
Pten,0.0008503839505192074,0.01663334113528102,0.20134378912366713,-28.438312496726294,-28.317296231450015,-28.167958304602458,0.334470596744088,0.0
Gm29946,1.0,1.0,1.0,0.0,0.0,0.0,0.0,0.0
Lipo3,1.0,1.0,1.0,0.0,0.0,0.0,0.0,0.0
Ankrd22,1.0,1.0,1.0,0.0,0.0,0.0,0.0,0.0
Stambpl1,1.0,1.0,1.0,0.0,0.0,0.0,0.0,0.0
Acta2,1.0,1.0,1.0,0.0,0.0,0.0,0.0,0.0
Fas,0.08856750257537103,0.2615722360139493,1.0,0.0,0.0,0.0,0.0,0.0
Ch25h,1.0,1.0,1.0,0.0,0.0,0.0,0.0,0.0
Gm26902,1.0,1.0,1.0,0.0,0.0,0.0,0.0,0.0
Lipa,1.0,1.0,1.0,0.0,0.0,0.0,0.0,0.0
Ifit2,1.0,1.0,1.0,0.0,0.0,0.0,0.0,0.0
Ifit3,1.0,1.0,1.0,0.0,0.0,0.0,0.0,0.0
Ifit1bl1,1.0,1.0,1.0,0.0,0.0,0.0,0.0,0.0
Ifit3b,1.0,1.0,1.0,0.0,0.0,0.0,0.0,0.0
Ifit1,1.0,1.0,1.0,0.0,0.0,0.0,0.0,0.0
Slc16a12,1.0,1.0,1.0,0.0,0.0,0.0,0.0,0.0
Pank1,1.0,1.0,1.0,0.0,0.0,0.0,0.0,0.0
Kif20b,1.0,1.0,1.0,0.0,0.0,0.0,0.0,0.0
Htr7,1.0,1.0,1.0,0.0,0.0,0.0,0.0,0.0
Rpp30,1.0,1.0,1.0,0.0,0.0,0.0,0.0,0.0
Pcgf5,0.2615722360139493,1.0,1.0,0.0,0.0,0.0,0.0,0.0
Hectd2,1.0,1.0,1.0,0.0,0.0,0.0,0.0,0.0
Hectd2os,1.0,1.0,1.0,0.0,0.0,0.0,0.0,0.0
Ppp1r3c,1.0,1.0,1.0,0.0,0.0,0.0,0.0,0.0
Tnks2,0.2615722360139493,1.0,1.0,0.0,0.0,0.0,0.0,0.0
Fgfbp3,1.0,1.0,1.0,0.0,0.0,0.0,0.0,0.0
Btaf1,0.08856750257537103,1.0,1.0,0.0,0.0,0.0,0.0,0.0
Cpeb3,1.0,1.0,1.0,0.0,0.0,0.0,0.0,0.0
March5,3.5291394948257277e-05,0.0007335473709934008,0.028688810319848834,-28.35257002529957,-28.25403125154154,-28.002116814629655,0.320118596235787,0.0
Ide,0.2615722360139493,1.0,1.0,0.0,0.0,0.0,0.0,0.0
Kif11,1.0,1.0,1.0,0.0,0.0,0.0,0.0,0.0
Hhex,1.0,1.0,1.0,0.0,0.0,0.0,0.0,0.0
Exoc6,1.0,1.0,1.0,0.0,0.0,0.0,0.0,0.0
Myof,1.0,1.0,1.0,0.0,0.0,0.0,0.0,0.0
Cep55,1.0,1.0,1.0,0.0,0.0,0.0,0.0,0.0
Ffar4,1.0,1.0,1.0,0.0,0.0,0.0,0.0,0.0
Rbp4,1.0,1.0,1.0,0.0,0.0,0.0,0.0,0.0
Fra10ac1,1.0,1.0,1.0,0.0,0.0,0.0,0.0,0.0
Slc35g1,1.0,1.0,1.0,0.0,0.0,0.0,0.0,0.0
Plce1,1.0,1.0,1.0,0.0,0.0,0.0,0.0,0.0
Noc3l,1.0,1.0,1.0,0.0,0.0,0.0,0.0,0.0
Tbc1d12,1.0,1.0,1.0,0.0,0.0,0.0,0.0,0.0
Hells,1.0,1.0,1.0,0.0,0.0,0.0,0.0,0.0
Pdlim1,1.0,1.0,1.0,0.0,0.0,0.0,0.0,0.0
Sorbs1,1.0,1.0,1.0,0.0,0.0,0.0,0.0,0.0
A930028N01Rik,1.0,1.0,1.0,0.0,0.0,0.0,0.0,0.0
Aldh18a1,1.0,1.0,1.0,0.0,0.0,0.0,0.0,0.0
Tctn3,1.0,1.0,1.0,0.0,0.0,0.0,0.0,0.0
Entpd1,0.0007335473709934008,0.007737120862323551,0.1916725572253502,-28.17532927801776,-27.691663588604975,0.0,0.21678116477086962,0.0
Ccnj,1.0,1.0,1.0,0.0,0.0,0.0,0.0,0.0
Zfp518a,1.0,1.0,1.0,0.0,0.0,0.0,0.0,0.0
Blnk,0.005493371437643883,0.08246386634176106,0.42719766972553497,0.2116521851314568,0.4221934627517866,0.594579273835153,0.35807572631806833,0.4806225187883475
Dntt,1.0,1.0,1.0,0.0,0.0,0.0,0.0,0.0
Tm9sf3,0.05737874097007224,0.3053901722632373,0.8506311026434865,-0.008325407250511396,0.14021570979362075,0.2894279409494018,0.48738001918656304,0.5359500786232118
Pik3ap1,1.0,1.0,1.0,0.0,0.0,0.0,0.0,0.0
Lcor,1.0,1.0,1.0,0.0,0.0,0.0,0.0,0.0
Arhgap19,1.0,1.0,1.0,0.0,0.0,0.0,0.0,0.0
Frat1,1.0,1.0,1.0,0.0,0.0,0.0,0.0,0.0
Frat2,1.0,1.0,1.0,0.0,0.0,0.0,0.0,0.0
Rrp12,1.0,1.0,1.0,0.0,0.0,0.0,0.0,0.0
Pgam1,0.009501095540355024,0.08856750257537103,0.2615722360139493,-26.986823704922575,0.0,0.0,0.0,0.0
Exosc1,0.2615722360139493,1.0,1.0,0.0,0.0,0.0,0.0,0.0
Zdhhc16,1.0,1.0,1.0,0.0,0.0,0.0,0.0,0.0
Mms19,1.0,1.0,1.0,0.0,0.0,0.0,0.0,0.0
Ubtd1,1.0,1.0,1.0,0.0,0.0,0.0,0.0,0.0
Hoga1,1.0,1.0,1.0,0.0,0.0,0.0,0.0,0.0
Pi4k2a,1.0,1.0,1.0,0.0,0.0,0.0,0.0,0.0
Avpi1,1.0,1.0,1.0,0.0,0.0,0.0,0.0,0.0
Marveld1,1.0,1.0,1.0,0.0,0.0,0.0,0.0,0.0
Zfyve27,1.0,1.0,1.0,0.0,0.0,0.0,0.0,0.0
R3hcc1l,1.0,1.0,1.0,0.0,0.0,0.0,0.0,0.0
Loxl4,1.0,1.0,1.0,0.0,0.0,0.0,0.0,0.0
Pyroxd2,1.0,1.0,1.0,0.0,0.0,0.0,0.0,0.0
Hps1,1.0,1.0,1.0,0.0,0.0,0.0,0.0,0.0
Cnnm1,1.0,1.0,1.0,0.0,0.0,0.0,0.0,0.0
Got1,0.029867793297539916,0.1853939469443623,0.8822739356449067,0.0,0.0,0.0,0.0,0.0
Gm20467,1.0,1.0,1.0,0.0,0.0,0.0,0.0,0.0
Nkx2-3,1.0,1.0,1.0,0.0,0.0,0.0,0.0,0.0
Slc25a28,1.0,1.0,1.0,0.0,0.0,0.0,0.0,0.0
BC037704,1.0,1.0,1.0,0.0,0.0,0.0,0.0,0.0
Entpd7,0.2615722360139493,1.0,1.0,0.0,0.0,0.0,0.0,0.0
Cox15,1.0,1.0,1.0,0.0,0.0,0.0,0.0,0.0
Cutc,1.0,1.0,1.0,0.0,0.0,0.0,0.0,0.0
Dnmbp,1.0,1.0,1.0,0.0,0.0,0.0,0.0,0.0
Erlin1,1.0,1.0,1.0,0.0,0.0,0.0,0.0,0.0
Chuk,0.2615722360139493,1.0,1.0,0.0,0.0,0.0,0.0,0.0
Cwf19l1,1.0,1.0,1.0,0.0,0.0,0.0,0.0,0.0
Bloc1s2,1.0,1.0,1.0,0.0,0.0,0.0,0.0,0.0
Scd3,1.0,1.0,1.0,0.0,0.0,0.0,0.0,0.0
Scd2,1.0,1.0,1.0,0.0,0.0,0.0,0.0,0.0
Scd4,1.0,1.0,1.0,0.0,0.0,0.0,0.0,0.0
Scd1,1.0,1.0,1.0,0.0,0.0,0.0,0.0,0.0
Ndufb8,0.038707628800508063,0.34314519329999205,0.9699293482575216,-0.1826477610791307,-0.0726194581036886,0.03301648961276,0.7228429982030977,0.6849209374621312
Hif1an,1.0,1.0,1.0,0.0,0.0,0.0,0.0,0.0
Slf2,1.0,1.0,1.0,0.0,0.0,0.0,0.0,0.0
Sema4g,1.0,1.0,1.0,0.0,0.0,0.0,0.0,0.0
Mrpl43,0.004652775512687546,0.10224781652999361,0.6902252496425048,-28.274437008912265,-28.199535004666018,-1.1735730939293612,0.3087332446425365,0.0
Twnk,1.0,1.0,1.0,0.0,0.0,0.0,0.0,0.0
Lzts2,1.0,1.0,1.0,0.0,0.0,0.0,0.0,0.0
Sfxn3,1.0,1.0,1.0,0.0,0.0,0.0,0.0,0.0
Gm35867,1.0,1.0,1.0,0.0,0.0,0.0,0.0,0.0
Kazald1,1.0,1.0,1.0,0.0,0.0,0.0,0.0,0.0
Btrc,1.0,1.0,1.0,0.0,0.0,0.0,0.0,0.0
Poll,1.0,1.0,1.0,0.0,0.0,0.0,0.0,0.0
Gm17018,1.0,1.0,1.0,0.0,0.0,0.0,0.0,0.0
Fbxw4,1.0,1.0,1.0,0.0,0.0,0.0,0.0,0.0
Npm3,0.2615722360139493,1.0,1.0,0.0,0.0,0.0,0.0,0.0
Gm15491,1.0,1.0,1.0,0.0,0.0,0.0,0.0,0.0
Oga,1.0,1.0,1.0,0.0,0.0,0.0,0.0,0.0
Kcnip2,1.0,1.0,1.0,0.0,0.0,0.0,0.0,0.0
Armh3,1.0,1.0,1.0,0.0,0.0,0.0,0.0,0.0
Gm50196,1.0,1.0,1.0,0.0,0.0,0.0,0.0,0.0
Hps6,1.0,1.0,1.0,0.0,0.0,0.0,0.0,0.0
Ldb1,1.0,1.0,1.0,0.0,0.0,0.0,0.0,0.0
Pprc1,1.0,1.0,1.0,0.0,0.0,0.0,0.0,0.0
Nolc1,1.0,1.0,1.0,0.0,0.0,0.0,0.0,0.0
Gbf1,0.2615722360139493,1.0,1.0,0.0,0.0,0.0,0.0,0.0
4833438C02Rik,1.0,1.0,1.0,0.0,0.0,0.0,0.0,0.0
Nfkb2,0.2615722360139493,0.8822739356449067,1.0,0.0,0.0,0.0,0.0,0.0
Psd,1.0,1.0,1.0,0.0,0.0,0.0,0.0,0.0
Fbxl15,1.0,1.0,1.0,0.0,0.0,0.0,0.0,0.0
Cuedc2,1.0,1.0,1.0,0.0,0.0,0.0,0.0,0.0
Mfsd13a,1.0,1.0,1.0,0.0,0.0,0.0,0.0,0.0
2310034G01Rik,1.0,1.0,1.0,0.0,0.0,0.0,0.0,0.0
Actr1a,1.0,1.0,1.0,0.0,0.0,0.0,0.0,0.0
Sufu,1.0,1.0,1.0,0.0,0.0,0.0,0.0,0.0
Trim8,1.0,1.0,1.0,0.0,0.0,0.0,0.0,0.0
Arl3,0.2615722360139493,1.0,1.0,0.0,0.0,0.0,0.0,0.0
Sfxn2,1.0,1.0,1.0,0.0,0.0,0.0,0.0,0.0
Wbp1l,1.0,1.0,1.0,0.0,0.0,0.0,0.0,0.0
Borcs7,1.0,1.0,1.0,0.0,0.0,0.0,0.0,0.0
As3mt,1.0,1.0,1.0,0.0,0.0,0.0,0.0,0.0
Cnnm2,1.0,1.0,1.0,0.0,0.0,0.0,0.0,0.0
Gm50431,1.0,1.0,1.0,0.0,0.0,0.0,0.0,0.0
Nt5c2,0.2615722360139493,1.0,1.0,0.0,0.0,0.0,0.0,0.0
Pcgf6,1.0,1.0,1.0,0.0,0.0,0.0,0.0,0.0
Taf5,1.0,1.0,1.0,0.0,0.0,0.0,0.0,0.0
Atp5md,0.18073271413828693,0.5713582599031516,0.9699293482575216,-0.017036931710653028,0.10600905604578714,0.25880723612707646,0.5755987251534163,0.6176163372472665
Pdcd11,1.0,1.0,1.0,0.0,0.0,0.0,0.0,0.0
Calhm2,1.0,1.0,1.0,0.0,0.0,0.0,0.0,0.0
Neurl1a,1.0,1.0,1.0,0.0,0.0,0.0,0.0,0.0
Gm50339,1.0,1.0,1.0,0.0,0.0,0.0,0.0,0.0
Sh3pxd2a,1.0,1.0,1.0,0.0,0.0,0.0,0.0,0.0
Stn1,1.0,1.0,1.0,0.0,0.0,0.0,0.0,0.0
Gm19557,1.0,1.0,1.0,0.0,0.0,0.0,0.0,0.0
Slk,1.0,1.0,1.0,0.0,0.0,0.0,0.0,0.0
Sfr1,0.00019052155275065493,0.012399777724855125,0.23797729618163055,0.18490011333622894,0.47111999599396814,0.6794255442612582,0.4314887833505045,0.5986510461873916
Cfap43,1.0,1.0,1.0,0.0,0.0,0.0,0.0,0.0
Gsto1,1.0,1.0,1.0,0.0,0.0,0.0,0.0,0.0
Gsto2,1.0,1.0,1.0,0.0,0.0,0.0,0.0,0.0
Itprip,1.0,1.0,1.0,0.0,0.0,0.0,0.0,0.0
Xpnpep1,1.0,1.0,1.0,0.0,0.0,0.0,0.0,0.0
Add3,1.0,1.0,1.0,0.0,0.0,0.0,0.0,0.0
Mxi1,0.2615722360139493,0.7563611602870911,1.0,0.0,0.0,0.0,0.0,0.0
Gm30541,1.0,1.0,1.0,0.0,0.0,0.0,0.0,0.0
Smndc1,0.029867793297539916,0.08856750257537103,0.48226199810251935,0.0,0.0,0.0,0.0,0.0
8030456M14Rik,1.0,1.0,1.0,0.0,0.0,0.0,0.0,0.0
Mirt1,1.0,1.0,1.0,0.0,0.0,0.0,0.0,0.0
4833407H14Rik,1.0,1.0,1.0,0.0,0.0,0.0,0.0,0.0
Gm50394,1.0,1.0,1.0,0.0,0.0,0.0,0.0,0.0
Dusp5,0.3837421608319441,0.7920774787647853,1.0,-0.34399952128793104,-0.11387737000740278,0.13767477218815177,0.7771205621505572,0.7195283228909359
Nutf2-ps1,1.0,1.0,1.0,0.0,0.0,0.0,0.0,0.0
Smc3,0.029867793297539916,0.3519631185845171,0.8833225954545745,-26.133776506756387,0.0,0.0,0.0,0.0
Pdcd4,0.1996030161831719,0.7227912249010906,1.0,-28.248785820480116,-0.7764973792656416,0.47744776649109466,0.296393294542473,0.1742146434282105
Bbip1,0.029867793297539916,0.08856750257537103,1.0,0.0,0.0,0.0,0.0,0.0
Shoc2,0.9815393059003498,1.0,1.0,0.0,0.0,0.0,0.0,0.0
Gm50186,1.0,1.0,1.0,0.0,0.0,0.0,0.0,0.0
Gpam,1.0,1.0,1.0,0.0,0.0,0.0,0.0,0.0
Acsl5,0.2615722360139493,0.2615722360139493,1.0,0.0,0.0,0.0,0.0,0.0
Zdhhc6,1.0,1.0,1.0,0.0,0.0,0.0,0.0,0.0
Vti1a,0.2615722360139493,1.0,1.0,0.0,0.0,0.0,0.0,0.0
Tcf7l2,1.0,1.0,1.0,0.0,0.0,0.0,0.0,0.0
Ppnr,1.0,1.0,1.0,0.0,0.0,0.0,0.0,0.0
Casp7,1.0,1.0,1.0,0.0,0.0,0.0,0.0,0.0
Dclre1a,1.0,1.0,1.0,0.0,0.0,0.0,0.0,0.0
Nhlrc2,1.0,1.0,1.0,0.0,0.0,0.0,0.0,0.0
Adrb1,1.0,1.0,1.0,0.0,0.0,0.0,0.0,0.0
Ccdc186,0.47495853988950676,1.0,1.0,0.0,0.0,0.0,0.0,0.0
Afap1l2,1.0,1.0,1.0,0.0,0.0,0.0,0.0,0.0
Ablim1,0.47495853988950676,1.0,1.0,0.0,0.0,0.0,0.0,0.0
B230217O12Rik,1.0,1.0,1.0,0.0,0.0,0.0,0.0,0.0
Fam160b1,1.0,1.0,1.0,0.0,0.0,0.0,0.0,0.0
Trub1,1.0,1.0,1.0,0.0,0.0,0.0,0.0,0.0
Atrnl1,1.0,1.0,1.0,0.0,0.0,0.0,0.0,0.0
Hspa12a,1.0,1.0,1.0,0.0,0.0,0.0,0.0,0.0
Shtn1,1.0,1.0,1.0,0.0,0.0,0.0,0.0,0.0
Slc18a2,1.0,1.0,1.0,0.0,0.0,0.0,0.0,0.0
Pdzd8,1.0,1.0,1.0,0.0,0.0,0.0,0.0,0.0
Rab11fip2,1.0,1.0,1.0,0.0,0.0,0.0,0.0,0.0
E330013P04Rik,1.0,1.0,1.0,0.0,0.0,0.0,0.0,0.0
Fam204a,0.029867793297539916,0.2615722360139493,1.0,0.0,0.0,0.0,0.0,0.0
Cacul1,1.0,1.0,1.0,0.0,0.0,0.0,0.0,0.0
Nanos1,1.0,1.0,1.0,0.0,0.0,0.0,0.0,0.0
Eif3a,0.00409621338413908,0.04734460585853775,0.23797729618163055,0.10538638889911563,0.23198479912812237,0.34037964688963335,0.7057876387775814,0.8282399295460408
Fam45a,0.2615722360139493,1.0,1.0,0.0,0.0,0.0,0.0,0.0
Sfxn4,1.0,1.0,1.0,0.0,0.0,0.0,0.0,0.0
Prdx3,0.2615722360139493,1.0,1.0,0.0,0.0,0.0,0.0,0.0
Grk5,1.0,1.0,1.0,0.0,0.0,0.0,0.0,0.0
Zfp950,1.0,1.0,1.0,0.0,0.0,0.0,0.0,0.0
Csf2ra,1.0,1.0,1.0,0.0,0.0,0.0,0.0,0.0
Shroom4,1.0,1.0,1.0,0.0,0.0,0.0,0.0,0.0
Clcn5,1.0,1.0,1.0,0.0,0.0,0.0,0.0,0.0
Usp27x,1.0,1.0,1.0,0.0,0.0,0.0,0.0,0.0
2010204K13Rik,1.0,1.0,1.0,0.0,0.0,0.0,0.0,0.0
Ppp1r3f,1.0,1.0,1.0,0.0,0.0,0.0,0.0,0.0
Flicr,1.0,1.0,1.0,0.0,0.0,0.0,0.0,0.0
Foxp3,1.0,1.0,1.0,0.0,0.0,0.0,0.0,0.0
Ccdc22,1.0,1.0,1.0,0.0,0.0,0.0,0.0,0.0
Cacna1f,1.0,1.0,1.0,0.0,0.0,0.0,0.0,0.0
Syp,1.0,1.0,1.0,0.0,0.0,0.0,0.0,0.0
Gm14703,1.0,1.0,1.0,0.0,0.0,0.0,0.0,0.0
Prickle3,1.0,1.0,1.0,0.0,0.0,0.0,0.0,0.0
Plp2,0.12803324454997875,0.5098433838583576,0.9595657057843286,0.0,0.0,0.0,0.0,0.0
Gpkow,1.0,1.0,1.0,0.0,0.0,0.0,0.0,0.0
Wdr45,1.0,1.0,1.0,0.0,0.0,0.0,0.0,0.0
Praf2,0.08856750257537103,0.2615722360139493,1.0,0.0,0.0,0.0,0.0,0.0
Ccdc120,1.0,1.0,1.0,0.0,0.0,0.0,0.0,0.0
Tfe3,1.0,1.0,1.0,0.0,0.0,0.0,0.0,0.0
Gripap1,1.0,1.0,1.0,0.0,0.0,0.0,0.0,0.0
Kcnd1,1.0,1.0,1.0,0.0,0.0,0.0,0.0,0.0
Otud5,0.2615722360139493,1.0,1.0,0.0,0.0,0.0,0.0,0.0
Pim2,1.0,1.0,1.0,0.0,0.0,0.0,0.0,0.0
Slc35a2,1.0,1.0,1.0,0.0,0.0,0.0,0.0,0.0
Pqbp1,0.08856750257537103,1.0,1.0,0.0,0.0,0.0,0.0,0.0
Timm17b,0.012013513675325474,0.23197059260089548,0.9364982771966827,-28.300659955575675,-28.167387027761762,-0.32973147422416815,0.3075245148179635,0.0
Hdac6,1.0,1.0,1.0,0.0,0.0,0.0,0.0,0.0
Suv39h1,1.0,1.0,1.0,0.0,0.0,0.0,0.0,0.0
Was,1.0,1.0,1.0,0.0,0.0,0.0,0.0,0.0
Wdr13,1.0,1.0,1.0,0.0,0.0,0.0,0.0,0.0
Rbm3,0.09788044772564897,0.18134476462649837,0.2702706993728666,0.28140971098480155,0.3465834076068873,0.4481727110053369,1.035532720037268,1.3196454644505549
Rbm3os,1.0,1.0,1.0,0.0,0.0,0.0,0.0,0.0
Tbc1d25,1.0,1.0,1.0,0.0,0.0,0.0,0.0,0.0
Ebp,0.009501095540355024,0.029867793297539916,0.1853939469443623,-27.083033369986293,-26.6209720516865,0.0,0.103207461701014,0.0
Porcn,1.0,1.0,1.0,0.0,0.0,0.0,0.0,0.0
Ftsj1,1.0,1.0,1.0,0.0,0.0,0.0,0.0,0.0
B630019K06Rik,1.0,1.0,1.0,0.0,0.0,0.0,0.0,0.0
Xk,1.0,1.0,1.0,0.0,0.0,0.0,0.0,0.0
Cybb,0.09749583234103361,0.6238787012780821,1.0,-0.1964918489590007,-0.06300412248389053,0.07804739902117067,0.5124154954755342,0.4909873574033359
Dynlt3,0.08856750257537103,0.47495853988950676,1.0,0.0,0.0,0.0,0.0,0.0
Srpx,1.0,1.0,1.0,0.0,0.0,0.0,0.0,0.0
Rpgr,1.0,1.0,1.0,0.0,0.0,0.0,0.0,0.0
Tspan7,1.0,1.0,1.0,0.0,0.0,0.0,0.0,0.0
Mid1ip1,1.0,1.0,1.0,0.0,0.0,0.0,0.0,0.0
Bcor,1.0,1.0,1.0,0.0,0.0,0.0,0.0,0.0
Atp6ap2,0.1736964858864386,0.7264717268578031,1.0,-0.00047830033486732975,0.25389128303953845,0.4444033026731091,0.3348688132167193,0.4019671443939475
1810030O07Rik,1.0,1.0,1.0,0.0,0.0,0.0,0.0,0.0
Med14,1.0,1.0,1.0,0.0,0.0,0.0,0.0,0.0
Gm14634,1.0,1.0,1.0,0.0,0.0,0.0,0.0,0.0
5730405O15Rik,1.0,1.0,1.0,0.0,0.0,0.0,0.0,0.0
Usp9x,0.08856750257537103,0.47495853988950676,1.0,0.0,0.0,0.0,0.0,0.0
Ddx3x,0.0007335473709934008,0.009501095540355024,0.2049892224528732,-28.133674393306105,-27.49962761316629,0.0,0.18976691421228026,0.0
Cask,1.0,1.0,1.0,0.0,0.0,0.0,0.0,0.0
Gpr34,1.0,1.0,1.0,0.0,0.0,0.0,0.0,0.0
Gpr82,1.0,1.0,1.0,0.0,0.0,0.0,0.0,0.0
Maoa,1.0,1.0,1.0,0.0,0.0,0.0,0.0,0.0
Maob,1.0,1.0,1.0,0.0,0.0,0.0,0.0,0.0
Fundc1,1.0,1.0,1.0,0.0,0.0,0.0,0.0,0.0
Kdm6a,0.2615722360139493,1.0,1.0,0.0,0.0,0.0,0.0,0.0
Gm14636,1.0,1.0,1.0,0.0,0.0,0.0,0.0,0.0
Chst7,1.0,1.0,1.0,0.0,0.0,0.0,0.0,0.0
Slc9a7,1.0,1.0,1.0,0.0,0.0,0.0,0.0,0.0
Rp2,1.0,1.0,1.0,0.0,0.0,0.0,0.0,0.0
Jade3,1.0,1.0,1.0,0.0,0.0,0.0,0.0,0.0
Ndufb11,0.0073033261887751055,0.13493688973565135,0.6238787012780821,0.03179762254948675,0.11662298834228127,0.18886912788791346,0.9102408626952205,0.9872102207878383
Rbm10,1.0,1.0,1.0,0.0,0.0,0.0,0.0,0.0
Uba1,0.2615722360139493,0.2615722360139493,1.0,0.0,0.0,0.0,0.0,0.0
Cdk16,1.0,1.0,1.0,0.0,0.0,0.0,0.0,0.0
Usp11,1.0,1.0,1.0,0.0,0.0,0.0,0.0,0.0
Araf,0.08856750257537103,0.2615722360139493,1.0,0.0,0.0,0.0,0.0,0.0
Syn1,1.0,1.0,1.0,0.0,0.0,0.0,0.0,0.0
Timp1,1.0,1.0,1.0,0.0,0.0,0.0,0.0,0.0
Cfp,1.0,1.0,1.0,0.0,0.0,0.0,0.0,0.0
Elk1,1.0,1.0,1.0,0.0,0.0,0.0,0.0,0.0
Uxt,1.0,1.0,1.0,0.0,0.0,0.0,0.0,0.0
A230072C01Rik,1.0,1.0,1.0,0.0,0.0,0.0,0.0,0.0
Zfp182,1.0,1.0,1.0,0.0,0.0,0.0,0.0,0.0
Zfp300,1.0,1.0,1.0,0.0,0.0,0.0,0.0,0.0
Slc6a14,1.0,1.0,1.0,0.0,0.0,0.0,0.0,0.0
Klhl13,1.0,1.0,1.0,0.0,0.0,0.0,0.0,0.0
Wdr44,1.0,1.0,1.0,0.0,0.0,0.0,0.0,0.0
Dock11,1.0,1.0,1.0,0.0,0.0,0.0,0.0,0.0
Il13ra1,1.0,1.0,1.0,0.0,0.0,0.0,0.0,0.0
Lonrf3,1.0,1.0,1.0,0.0,0.0,0.0,0.0,0.0
Pgrmc1,0.2615722360139493,0.7563611602870911,1.0,0.0,0.0,0.0,0.0,0.0
Akap17b,1.0,1.0,1.0,0.0,0.0,0.0,0.0,0.0
Slc25a43,1.0,1.0,1.0,0.0,0.0,0.0,0.0,0.0
Slc25a5,0.18134476462649837,0.7344923394458999,1.0,-0.10662703356235095,-0.009313637353298224,0.098044474194988,0.7224717207913216,0.7184883727719904
C330007P06Rik,0.2615722360139493,1.0,1.0,0.0,0.0,0.0,0.0,0.0
Ube2a,0.05161263766000387,0.3354105003875558,0.9242203280316527,-27.912270427968945,0.0,0.0,0.0,0.0
Nkrf,1.0,1.0,1.0,0.0,0.0,0.0,0.0,0.0
Sept6,0.2615722360139493,1.0,1.0,0.0,0.0,0.0,0.0,0.0
Rpl39,0.0073033261887751055,0.1568627450980392,0.8521179645947434,-0.07510359034480496,-0.03389224981419864,0.006646086943420254,2.587318498704015,2.526963237106404
Upf3b,0.009501095540355024,0.08856750257537103,1.0,-25.631349867673162,0.0,0.0,0.0,0.0
Nkap,1.0,1.0,1.0,0.0,0.0,0.0,0.0,0.0
Ndufa1,0.00409621338413908,0.05737874097007224,0.42686353893784235,-0.15143058333190632,-0.0884500701256726,-0.015338128108488835,1.6606505790013073,1.5625546757665152
Rnf113a1,1.0,1.0,1.0,0.0,0.0,0.0,0.0,0.0
Rhox8,1.0,1.0,1.0,0.0,0.0,0.0,0.0,0.0
Zbtb33,1.0,1.0,1.0,0.0,0.0,0.0,0.0,0.0
Tmem255a,1.0,1.0,1.0,0.0,0.0,0.0,0.0,0.0
Lamp2,0.00020409154273458706,0.0007205978134571227,0.005973373171628854,-3.178096076674844,-0.5823079527081128,-0.36237743847373505,0.5583137630940381,0.37462844651432237
Cul4b,1.0,1.0,1.0,0.0,0.0,0.0,0.0,0.0
Mcts1,0.2615722360139493,1.0,1.0,0.0,0.0,0.0,0.0,0.0
C1galt1c1,1.0,1.0,1.0,0.0,0.0,0.0,0.0,0.0
Gria3,1.0,1.0,1.0,0.0,0.0,0.0,0.0,0.0
Thoc2,0.2615722360139493,0.2615722360139493,1.0,0.0,0.0,0.0,0.0,0.0
Xiap,1.0,1.0,1.0,0.0,0.0,0.0,0.0,0.0
Stag2,1.0,1.0,1.0,0.0,0.0,0.0,0.0,0.0
Sh2d1a,1.0,1.0,1.0,0.0,0.0,0.0,0.0,0.0
Smarca1,1.0,1.0,1.0,0.0,0.0,0.0,0.0,0.0
Ocrl,1.0,1.0,1.0,0.0,0.0,0.0,0.0,0.0
Xpnpep2,1.0,1.0,1.0,0.0,0.0,0.0,0.0,0.0
Sash3,1.0,1.0,1.0,0.0,0.0,0.0,0.0,0.0
Zdhhc9,1.0,1.0,1.0,0.0,0.0,0.0,0.0,0.0
Utp14a,1.0,1.0,1.0,0.0,0.0,0.0,0.0,0.0
Bcorl1,1.0,1.0,1.0,0.0,0.0,0.0,0.0,0.0
Elf4,1.0,1.0,1.0,0.0,0.0,0.0,0.0,0.0
Aifm1,1.0,1.0,1.0,0.0,0.0,0.0,0.0,0.0
Zfp280c,1.0,1.0,1.0,0.0,0.0,0.0,0.0,0.0
Slc25a14,1.0,1.0,1.0,0.0,0.0,0.0,0.0,0.0
Rbmx2,1.0,1.0,1.0,0.0,0.0,0.0,0.0,0.0
Enox2,1.0,1.0,1.0,0.0,0.0,0.0,0.0,0.0
Firre,1.0,1.0,1.0,0.0,0.0,0.0,0.0,0.0
Stk26,1.0,1.0,1.0,0.0,0.0,0.0,0.0,0.0
Rap2c,1.0,1.0,1.0,0.0,0.0,0.0,0.0,0.0
Mbnl3,1.0,1.0,1.0,0.0,0.0,0.0,0.0,0.0
Gpc4,1.0,1.0,1.0,0.0,0.0,0.0,0.0,0.0
Gpc3,1.0,1.0,1.0,0.0,0.0,0.0,0.0,0.0
Phf6,1.0,1.0,1.0,0.0,0.0,0.0,0.0,0.0
Hprt,0.0007335473709934008,0.002778685068188869,0.03765027643980603,-28.212828078995695,-27.9867631419743,0.0,0.26598379959122,0.0
C430049B03Rik,1.0,1.0,1.0,0.0,0.0,0.0,0.0,0.0
Fam122b,1.0,1.0,1.0,0.0,0.0,0.0,0.0,0.0
Mospd1,1.0,1.0,1.0,0.0,0.0,0.0,0.0,0.0
Rtl8a,1.0,1.0,1.0,0.0,0.0,0.0,0.0,0.0
Rtl8b,1.0,1.0,1.0,0.0,0.0,0.0,0.0,0.0
Xlr,1.0,1.0,1.0,0.0,0.0,0.0,0.0,0.0
3830403N18Rik,1.0,1.0,1.0,0.0,0.0,0.0,0.0,0.0
Zfp449,1.0,1.0,1.0,0.0,0.0,0.0,0.0,0.0
Ints6l,1.0,1.0,1.0,0.0,0.0,0.0,0.0,0.0
Mmgt1,1.0,1.0,1.0,0.0,0.0,0.0,0.0,0.0
Slc9a6,1.0,1.0,1.0,0.0,0.0,0.0,0.0,0.0
Fhl1,1.0,1.0,1.0,0.0,0.0,0.0,0.0,0.0
Map7d3,1.0,1.0,1.0,0.0,0.0,0.0,0.0,0.0
Htatsf1,1.0,1.0,1.0,0.0,0.0,0.0,0.0,0.0
Gm14718,1.0,1.0,1.0,0.0,0.0,0.0,0.0,0.0
Cd40lg,1.0,1.0,1.0,0.0,0.0,0.0,0.0,0.0
Arhgef6,0.2615722360139493,1.0,1.0,0.0,0.0,0.0,0.0,0.0
Rbmx,1.0,1.0,1.0,0.0,0.0,0.0,0.0,0.0
F9,1.0,1.0,1.0,0.0,0.0,0.0,0.0,0.0
Atp11c,1.0,1.0,1.0,0.0,0.0,0.0,0.0,0.0
Cdr1os,1.0,1.0,1.0,0.0,0.0,0.0,0.0,0.0
Fmr1,1.0,1.0,1.0,0.0,0.0,0.0,0.0,0.0
Aff2,1.0,1.0,1.0,0.0,0.0,0.0,0.0,0.0
Ids,1.0,1.0,1.0,0.0,0.0,0.0,0.0,0.0
1110012L19Rik,1.0,1.0,1.0,0.0,0.0,0.0,0.0,0.0
Tmem185a,1.0,1.0,1.0,0.0,0.0,0.0,0.0,0.0
Mamld1,1.0,1.0,1.0,0.0,0.0,0.0,0.0,0.0
Mtm1,1.0,1.0,1.0,0.0,0.0,0.0,0.0,0.0
Mtmr1,1.0,1.0,1.0,0.0,0.0,0.0,0.0,0.0
Cd99l2,1.0,1.0,1.0,0.0,0.0,0.0,0.0,0.0
Hmgb3,1.0,1.0,1.0,0.0,0.0,0.0,0.0,0.0
Vma21,0.0001720247930818143,0.0012730863420067167,0.028688810319848834,-28.200262901001775,-28.078368919419734,-26.986823704922575,0.2834205082656085,0.0
Prrg3,1.0,1.0,1.0,0.0,0.0,0.0,0.0,0.0
Gabra3,1.0,1.0,1.0,0.0,0.0,0.0,0.0,0.0
Cetn2,1.0,1.0,1.0,0.0,0.0,0.0,0.0,0.0
Nsdhl,1.0,1.0,1.0,0.0,0.0,0.0,0.0,0.0
Xlr4a,1.0,1.0,1.0,0.0,0.0,0.0,0.0,0.0
Xlr3b,1.0,1.0,1.0,0.0,0.0,0.0,0.0,0.0
Xlr4b,1.0,1.0,1.0,0.0,0.0,0.0,0.0,0.0
F8a,1.0,1.0,1.0,0.0,0.0,0.0,0.0,0.0
Xlr4c,1.0,1.0,1.0,0.0,0.0,0.0,0.0,0.0
Zfp275,1.0,1.0,1.0,0.0,0.0,0.0,0.0,0.0
Haus7,1.0,1.0,1.0,0.0,0.0,0.0,0.0,0.0
Bgn,1.0,1.0,1.0,0.0,0.0,0.0,0.0,0.0
Dusp9,1.0,1.0,1.0,0.0,0.0,0.0,0.0,0.0
Pnck,1.0,1.0,1.0,0.0,0.0,0.0,0.0,0.0
Slc6a8,1.0,1.0,1.0,0.0,0.0,0.0,0.0,0.0
Bcap31,0.0060320815807618,0.13943209600504602,0.7803158281175686,-28.305648531750943,-28.213861682944103,-1.0231463808760253,0.312100851250094,0.0
Abcd1,1.0,1.0,1.0,0.0,0.0,0.0,0.0,0.0
Srpk3,1.0,1.0,1.0,0.0,0.0,0.0,0.0,0.0
Idh3g,0.029867793297539916,0.2615722360139493,1.0,0.0,0.0,0.0,0.0,0.0
Ssr4,0.23797729618163055,0.7344923394458999,1.0,-0.045572099928173675,6.230617659730209e-05,0.037987514279974946,2.936346471943705,2.9381877774185976
Pdzd4,1.0,1.0,1.0,0.0,0.0,0.0,0.0,0.0
L1cam,1.0,1.0,1.0,0.0,0.0,0.0,0.0,0.0
Arhgap4,1.0,1.0,1.0,0.0,0.0,0.0,0.0,0.0
Naa10,0.2615722360139493,1.0,1.0,0.0,0.0,0.0,0.0,0.0
Renbp,1.0,1.0,1.0,0.0,0.0,0.0,0.0,0.0
Hcfc1,1.0,1.0,1.0,0.0,0.0,0.0,0.0,0.0
Irak1,0.002778685068188869,0.029867793297539916,0.29147411368370935,-27.542677469122143,0.0,0.0,0.0,0.0
Mecp2,1.0,1.0,1.0,0.0,0.0,0.0,0.0,0.0
Flna,1.0,1.0,1.0,0.0,0.0,0.0,0.0,0.0
Emd,1.0,1.0,1.0,0.0,0.0,0.0,0.0,0.0
Rpl10,0.06909581646423751,0.3053901722632373,0.910105580693816,-0.08171753929634311,-0.04493197452616336,-0.0020541931287750698,2.5831356369679277,2.5041666380168475
Dnase1l1,1.0,1.0,1.0,0.0,0.0,0.0,0.0,0.0
Taz,0.08856750257537103,0.2615722360139493,1.0,0.0,0.0,0.0,0.0,0.0
Atp6ap1,0.08856750257537103,0.2615722360139493,1.0,0.0,0.0,0.0,0.0,0.0
Gdi1,1.0,1.0,1.0,0.0,0.0,0.0,0.0,0.0
Fam50a,1.0,1.0,1.0,0.0,0.0,0.0,0.0,0.0
Plxna3,1.0,1.0,1.0,0.0,0.0,0.0,0.0,0.0
Lage3,0.029867793297539916,0.08856750257537103,1.0,0.0,0.0,0.0,0.0,0.0
Ubl4a,0.009501095540355024,0.08856750257537103,0.2615722360139493,-26.059238914419133,0.0,0.0,0.0,0.0
Slc10a3,1.0,1.0,1.0,0.0,0.0,0.0,0.0,0.0
Fam3a,1.0,1.0,1.0,0.0,0.0,0.0,0.0,0.0
Ikbkg,1.0,1.0,1.0,0.0,0.0,0.0,0.0,0.0
G6pdx,1.0,1.0,1.0,0.0,0.0,0.0,0.0,0.0
Gab3,1.0,1.0,1.0,0.0,0.0,0.0,0.0,0.0
Dkc1,1.0,1.0,1.0,0.0,0.0,0.0,0.0,0.0
Mpp1,1.0,1.0,1.0,0.0,0.0,0.0,0.0,0.0
F8,1.0,1.0,1.0,0.0,0.0,0.0,0.0,0.0
Fundc2,0.0001720247930818143,0.0024238779803224205,0.009501095540355024,-28.16716124335991,-28.0561449922639,-26.723635295752953,0.2790880259400025,0.0
Cmc4,1.0,1.0,1.0,0.0,0.0,0.0,0.0,0.0
Mtcp1,1.0,1.0,1.0,0.0,0.0,0.0,0.0,0.0
Brcc3,0.2615722360139493,0.2615722360139493,1.0,0.0,0.0,0.0,0.0,0.0
Vbp1,0.029867793297539916,0.2615722360139493,1.0,0.0,0.0,0.0,0.0,0.0
Rab39b,1.0,1.0,1.0,0.0,0.0,0.0,0.0,0.0
4933407K13Rik,1.0,1.0,1.0,0.0,0.0,0.0,0.0,0.0
Pls3,1.0,1.0,1.0,0.0,0.0,0.0,0.0,0.0
Tbl1x,1.0,1.0,1.0,0.0,0.0,0.0,0.0,0.0
Prkx,1.0,1.0,1.0,0.0,0.0,0.0,0.0,0.0
Prrg1,1.0,1.0,1.0,0.0,0.0,0.0,0.0,0.0
Tmem47,1.0,1.0,1.0,0.0,0.0,0.0,0.0,0.0
Dmd,1.0,1.0,1.0,0.0,0.0,0.0,0.0,0.0
Tab3,1.0,1.0,1.0,0.0,0.0,0.0,0.0,0.0
Gk,1.0,1.0,1.0,0.0,0.0,0.0,0.0,0.0
5430427O19Rik,1.0,1.0,1.0,0.0,0.0,0.0,0.0,0.0
Pola1,1.0,1.0,1.0,0.0,0.0,0.0,0.0,0.0
Pcyt1b,1.0,1.0,1.0,0.0,0.0,0.0,0.0,0.0
Pdk3,0.2615722360139493,1.0,1.0,0.0,0.0,0.0,0.0,0.0
Zfx,0.9815393059003498,1.0,1.0,0.0,0.0,0.0,0.0,0.0
Eif2s3x,0.08856750257537103,0.2615722360139493,1.0,0.0,0.0,0.0,0.0,0.0
Klhl15,1.0,1.0,1.0,0.0,0.0,0.0,0.0,0.0
Apoo,1.0,1.0,1.0,0.0,0.0,0.0,0.0,0.0
Maged1,1.0,1.0,1.0,0.0,0.0,0.0,0.0,0.0
Gspt2,1.0,1.0,1.0,0.0,0.0,0.0,0.0,0.0
Zxdb,1.0,1.0,1.0,0.0,0.0,0.0,0.0,0.0
Spin4,1.0,1.0,1.0,0.0,0.0,0.0,0.0,0.0
Arhgef9,1.0,1.0,1.0,0.0,0.0,0.0,0.0,0.0
Amer1,1.0,1.0,1.0,0.0,0.0,0.0,0.0,0.0
Zc4h2,1.0,1.0,1.0,0.0,0.0,0.0,0.0,0.0
Zc3h12b,1.0,1.0,1.0,0.0,0.0,0.0,0.0,0.0
Las1l,0.08856750257537103,0.2615722360139493,1.0,0.0,0.0,0.0,0.0,0.0
Msn,0.029867793297539916,0.2615722360139493,1.0,0.0,0.0,0.0,0.0,0.0
F630028O10Rik,1.0,1.0,1.0,0.0,0.0,0.0,0.0,0.0
Heph,1.0,1.0,1.0,0.0,0.0,0.0,0.0,0.0
Eda2r,1.0,1.0,1.0,0.0,0.0,0.0,0.0,0.0
Ar,1.0,1.0,1.0,0.0,0.0,0.0,0.0,0.0
Ophn1,1.0,1.0,1.0,0.0,0.0,0.0,0.0,0.0
Yipf6,0.001707986771451902,0.022438890030895015,0.13525118892898313,-28.306227565122608,-28.16391801467008,-27.154293666743676,0.30073509798000064,0.0
Stard8,1.0,1.0,1.0,0.0,0.0,0.0,0.0,0.0
Efnb1,1.0,1.0,1.0,0.0,0.0,0.0,0.0,0.0
Pja1,1.0,1.0,1.0,0.0,0.0,0.0,0.0,0.0
Eda,1.0,1.0,1.0,0.0,0.0,0.0,0.0,0.0
Igbp1,0.2615722360139493,1.0,1.0,0.0,0.0,0.0,0.0,0.0
Pdzd11,1.0,1.0,1.0,0.0,0.0,0.0,0.0,0.0
Kif4,1.0,1.0,1.0,0.0,0.0,0.0,0.0,0.0
Dlg3,1.0,1.0,1.0,0.0,0.0,0.0,0.0,0.0
Slc7a3,1.0,1.0,1.0,0.0,0.0,0.0,0.0,0.0
Snx12,1.0,1.0,1.0,0.0,0.0,0.0,0.0,0.0
Foxo4,1.0,1.0,1.0,0.0,0.0,0.0,0.0,0.0
Il2rg,0.0024238779803224205,0.06347883701390773,0.6185519578391343,-28.1380305304873,-27.111439212724946,0.0,0.144996134922967,0.0
Med12,1.0,1.0,1.0,0.0,0.0,0.0,0.0,0.0
Nlgn3,1.0,1.0,1.0,0.0,0.0,0.0,0.0,0.0
Gjb1,1.0,1.0,1.0,0.0,0.0,0.0,0.0,0.0
Zmym3,1.0,1.0,1.0,0.0,0.0,0.0,0.0,0.0
Nono,0.029867793297539916,0.08856750257537103,1.0,0.0,0.0,0.0,0.0,0.0
Taf1,1.0,1.0,1.0,0.0,0.0,0.0,0.0,0.0
Ogt,0.00017200418219016502,0.003428883212669114,0.05741095666901627,-28.316881061344862,-28.20531808870618,-28.07594422079851,0.30949012495683187,0.0
Cxcr3,1.0,1.0,1.0,0.0,0.0,0.0,0.0,0.0
Nhsl2,1.0,1.0,1.0,0.0,0.0,0.0,0.0,0.0
Rtl5,1.0,1.0,1.0,0.0,0.0,0.0,0.0,0.0
Pin4,0.029867793297539916,0.08856750257537103,0.2615722360139493,0.0,0.0,0.0,0.0,0.0
Ercc6l,1.0,1.0,1.0,0.0,0.0,0.0,0.0,0.0
Rps4x,0.038707628800508063,0.2702706993728666,0.8506311026434865,-0.07463629912806917,-0.026531376778948956,0.01408209839372712,2.651642537255685,2.599919984606446
Hdac8,1.0,1.0,1.0,0.0,0.0,0.0,0.0,0.0
Phka1,1.0,1.0,1.0,0.0,0.0,0.0,0.0,0.0
Nap1l2,1.0,1.0,1.0,0.0,0.0,0.0,0.0,0.0
Chic1,1.0,1.0,1.0,0.0,0.0,0.0,0.0,0.0
Tsix,0.029240421704742867,0.1853939469443623,0.4198490637342591,-26.166547333499548,0.0,0.0,0.0,0.0
Xist,0.03142017940779551,0.3053901722632373,0.9699293482575216,-0.12522989935582096,-0.06572587150759246,0.01784328805753408,1.6220016171370326,1.5458369291472462
Jpx,1.0,1.0,1.0,0.0,0.0,0.0,0.0,0.0
Ftx,1.0,1.0,1.0,0.0,0.0,0.0,0.0,0.0
Slc16a2,1.0,1.0,1.0,0.0,0.0,0.0,0.0,0.0
Rlim,0.2615722360139493,1.0,1.0,0.0,0.0,0.0,0.0,0.0
Abcb7,1.0,1.0,1.0,0.0,0.0,0.0,0.0,0.0
Uprt,1.0,1.0,1.0,0.0,0.0,0.0,0.0,0.0
Zdhhc15,1.0,1.0,1.0,0.0,0.0,0.0,0.0,0.0
5530601H04Rik,1.0,1.0,1.0,0.0,0.0,0.0,0.0,0.0
Pbdc1,0.029254565586406815,0.12233417091613663,0.4198490637342591,-26.723635295752953,0.0,0.0,0.0,0.0
Magee1,1.0,1.0,1.0,0.0,0.0,0.0,0.0,0.0
Fgf16,1.0,1.0,1.0,0.0,0.0,0.0,0.0,0.0
Atrx,0.00650756175020769,0.12575132416580206,0.6118299115514096,-28.549138058740485,-28.43752374666084,-1.0588257880863525,0.36515871619277374,0.0
Magt1,0.06909581646423751,0.2702706993728666,0.8469967641740412,0.0585739676253804,0.24824222020922942,0.4726416866002531,0.4616390851382689,0.5460292872949886
Cox7b,0.00409621338413908,0.08249583234103358,0.5713582599031516,-0.2563261701466258,-0.15994015694856248,-0.05058018197265111,0.9182540671240791,0.8231641426112317
Atp7a,1.0,1.0,1.0,0.0,0.0,0.0,0.0,0.0
Tlr13,1.0,1.0,1.0,0.0,0.0,0.0,0.0,0.0
Pgk1,0.0007335473709934008,0.007737120862323551,0.13525118892898313,-28.13951749529394,-28.06590256989582,-27.018881661156033,0.2809820180749203,0.0
Taf9b,1.0,1.0,1.0,0.0,0.0,0.0,0.0,0.0
Cysltr1,1.0,1.0,1.0,0.0,0.0,0.0,0.0,0.0
Gm5127,1.0,1.0,1.0,0.0,0.0,0.0,0.0,0.0
Lpar4,1.0,1.0,1.0,0.0,0.0,0.0,0.0,0.0
P2ry10,0.08856750257537103,0.3519631185845171,1.0,0.0,0.0,0.0,0.0,0.0
P2ry10b,1.0,1.0,1.0,0.0,0.0,0.0,0.0,0.0
Gpr174,1.0,1.0,1.0,0.0,0.0,0.0,0.0,0.0
Itm2a,1.0,1.0,1.0,0.0,0.0,0.0,0.0,0.0
2610002M06Rik,1.0,1.0,1.0,0.0,0.0,0.0,0.0,0.0
Brwd3,1.0,1.0,1.0,0.0,0.0,0.0,0.0,0.0
2810403D21Rik,1.0,1.0,1.0,0.0,0.0,0.0,0.0,0.0
Hmgn5,0.029867793297539916,0.08856750257537103,0.2615722360139493,0.0,0.0,0.0,0.0,0.0
Sh3bgrl,0.0001720247930818143,0.0030690378069328957,0.07598867855418287,-28.18776979794573,-27.990024678272082,-26.113041104228998,0.266585795953743,0.0
Gm6377,1.0,1.0,1.0,0.0,0.0,0.0,0.0,0.0
Rps6ka6,1.0,1.0,1.0,0.0,0.0,0.0,0.0,0.0
Hdx,1.0,1.0,1.0,0.0,0.0,0.0,0.0,0.0
Apool,1.0,1.0,1.0,0.0,0.0,0.0,0.0,0.0
Pof1b,1.0,1.0,1.0,0.0,0.0,0.0,0.0,0.0
Chm,1.0,1.0,1.0,0.0,0.0,0.0,0.0,0.0
Klhl4,1.0,1.0,1.0,0.0,0.0,0.0,0.0,0.0
Nap1l3,1.0,1.0,1.0,0.0,0.0,0.0,0.0,0.0
Cldn34c1,1.0,1.0,1.0,0.0,0.0,0.0,0.0,0.0
Diaph2,1.0,1.0,1.0,0.0,0.0,0.0,0.0,0.0
Pcdh19,1.0,1.0,1.0,0.0,0.0,0.0,0.0,0.0
Tspan6,1.0,1.0,1.0,0.0,0.0,0.0,0.0,0.0
Srpx2,1.0,1.0,1.0,0.0,0.0,0.0,0.0,0.0
Sytl4,1.0,1.0,1.0,0.0,0.0,0.0,0.0,0.0
Cstf2,1.0,1.0,1.0,0.0,0.0,0.0,0.0,0.0
Nox1,1.0,1.0,1.0,0.0,0.0,0.0,0.0,0.0
Xkrx,1.0,1.0,1.0,0.0,0.0,0.0,0.0,0.0
Trmt2b,1.0,1.0,1.0,0.0,0.0,0.0,0.0,0.0
Tmem35a,1.0,1.0,1.0,0.0,0.0,0.0,0.0,0.0
Cenpi,1.0,1.0,1.0,0.0,0.0,0.0,0.0,0.0
Drp2,1.0,1.0,1.0,0.0,0.0,0.0,0.0,0.0
Timm8a1,1.0,1.0,1.0,0.0,0.0,0.0,0.0,0.0
Btk,0.9815393059003498,1.0,1.0,0.0,0.0,0.0,0.0,0.0
Rpl36a,0.007258077319996828,0.1568627450980392,0.8506311026434865,-0.1038754043617252,-0.05158833343228157,0.0008783172595517918,1.7894785193809537,1.726405636382
Gla,0.2615722360139493,1.0,1.0,0.0,0.0,0.0,0.0,0.0
Hnrnph2,0.2615722360139493,1.0,1.0,0.0,0.0,0.0,0.0,0.0
Armcx4,1.0,1.0,1.0,0.0,0.0,0.0,0.0,0.0
Armcx1,1.0,1.0,1.0,0.0,0.0,0.0,0.0,0.0
Armcx6,1.0,1.0,1.0,0.0,0.0,0.0,0.0,0.0
Armcx3,0.029867793297539916,0.08856750257537103,0.2615722360139493,0.0,0.0,0.0,0.0,0.0
Armcx2,1.0,1.0,1.0,0.0,0.0,0.0,0.0,0.0
Zmat1,1.0,1.0,1.0,0.0,0.0,0.0,0.0,0.0
Tceal6,1.0,1.0,1.0,0.0,0.0,0.0,0.0,0.0
Nxf7,1.0,1.0,1.0,0.0,0.0,0.0,0.0,0.0
Armcx5,1.0,1.0,1.0,0.0,0.0,0.0,0.0,0.0
Gprasp1,1.0,1.0,1.0,0.0,0.0,0.0,0.0,0.0
Bhlhb9,1.0,1.0,1.0,0.0,0.0,0.0,0.0,0.0
Gprasp2,1.0,1.0,1.0,0.0,0.0,0.0,0.0,0.0
Arxes2,1.0,1.0,1.0,0.0,0.0,0.0,0.0,0.0
Arxes1,1.0,1.0,1.0,0.0,0.0,0.0,0.0,0.0
Bex2,1.0,1.0,1.0,0.0,0.0,0.0,0.0,0.0
Tceal8,1.0,1.0,1.0,0.0,0.0,0.0,0.0,0.0
Tceal5,1.0,1.0,1.0,0.0,0.0,0.0,0.0,0.0
Bex1,1.0,1.0,1.0,0.0,0.0,0.0,0.0,0.0
Tceal9,0.012399777724855125,0.18134476462649837,0.7920774787647853,0.008414704280830214,0.15940119933571417,0.3324752743141803,0.5277493430078766,0.5887109623209149
Bex3,0.009501095540355024,0.029867793297539916,0.2615722360139493,-27.08162991401641,0.0,0.0,0.0,0.0
Tceal3,1.0,1.0,1.0,0.0,0.0,0.0,0.0,0.0
Tceal1,1.0,1.0,1.0,0.0,0.0,0.0,0.0,0.0
Morf4l2,0.05863408356086844,0.4629209642261225,0.969182212422568,-0.07447968471483482,0.1442948891647385,0.3012067799921662,0.346464768229281,0.3834607531940699
BC065397,1.0,1.0,1.0,0.0,0.0,0.0,0.0,0.0
Plp1,1.0,1.0,1.0,0.0,0.0,0.0,0.0,0.0
Tmsb15b2,1.0,1.0,1.0,0.0,0.0,0.0,0.0,0.0
Tmsb15b1,1.0,1.0,1.0,0.0,0.0,0.0,0.0,0.0
Slc25a53,1.0,1.0,1.0,0.0,0.0,0.0,0.0,0.0
Zcchc18,1.0,1.0,1.0,0.0,0.0,0.0,0.0,0.0
Fam199x,1.0,1.0,1.0,0.0,0.0,0.0,0.0,0.0
Radx,1.0,1.0,1.0,0.0,0.0,0.0,0.0,0.0
Rnf128,1.0,1.0,1.0,0.0,0.0,0.0,0.0,0.0
Tbc1d8b,1.0,1.0,1.0,0.0,0.0,0.0,0.0,0.0
Gm15013,1.0,1.0,1.0,0.0,0.0,0.0,0.0,0.0
Cldn2,1.0,1.0,1.0,0.0,0.0,0.0,0.0,0.0
Morc4,1.0,1.0,1.0,0.0,0.0,0.0,0.0,0.0
Rbm41,1.0,1.0,1.0,0.0,0.0,0.0,0.0,0.0
Prps1,1.0,1.0,1.0,0.0,0.0,0.0,0.0,0.0
Tsc22d3,0.02524410573946178,0.18134476462649837,0.6784313725490196,0.055778239116204345,0.25854634808187166,0.5166763911100348,0.5336182162945302,0.6372776417268542
Mid2,1.0,1.0,1.0,0.0,0.0,0.0,0.0,0.0
Vsig1,1.0,1.0,1.0,0.0,0.0,0.0,0.0,0.0
Psmd10,1.0,1.0,1.0,0.0,0.0,0.0,0.0,0.0
Atg4a,1.0,1.0,1.0,0.0,0.0,0.0,0.0,0.0
Col4a6,1.0,1.0,1.0,0.0,0.0,0.0,0.0,0.0
Col4a5,1.0,1.0,1.0,0.0,0.0,0.0,0.0,0.0
Nxt2,1.0,1.0,1.0,0.0,0.0,0.0,0.0,0.0
Acsl4,1.0,1.0,1.0,0.0,0.0,0.0,0.0,0.0
Tmem164,1.0,1.0,1.0,0.0,0.0,0.0,0.0,0.0
Ammecr1,1.0,1.0,1.0,0.0,0.0,0.0,0.0,0.0
Chrdl1,1.0,1.0,1.0,0.0,0.0,0.0,0.0,0.0
Alg13,1.0,1.0,1.0,0.0,0.0,0.0,0.0,0.0
Amot,1.0,1.0,1.0,0.0,0.0,0.0,0.0,0.0
Il13ra2,1.0,1.0,1.0,0.0,0.0,0.0,0.0,0.0
Lrch2,1.0,1.0,1.0,0.0,0.0,0.0,0.0,0.0
Tmem29,1.0,1.0,1.0,0.0,0.0,0.0,0.0,0.0
Apex2,1.0,1.0,1.0,0.0,0.0,0.0,0.0,0.0
Pfkfb1,1.0,1.0,1.0,0.0,0.0,0.0,0.0,0.0
Tro,1.0,1.0,1.0,0.0,0.0,0.0,0.0,0.0
Maged2,1.0,1.0,1.0,0.0,0.0,0.0,0.0,0.0
Gnl3l,0.2615722360139493,1.0,1.0,0.0,0.0,0.0,0.0,0.0
Fgd1,1.0,1.0,1.0,0.0,0.0,0.0,0.0,0.0
Tsr2,1.0,1.0,1.0,0.0,0.0,0.0,0.0,0.0
Wnk3,1.0,1.0,1.0,0.0,0.0,0.0,0.0,0.0
A230072E10Rik,1.0,1.0,1.0,0.0,0.0,0.0,0.0,0.0
Fam120c,1.0,1.0,1.0,0.0,0.0,0.0,0.0,0.0
Phf8,1.0,1.0,1.0,0.0,0.0,0.0,0.0,0.0
Huwe1,0.009501095540355024,0.029867793297539916,0.29147411368370935,-27.006955749086302,0.0,0.0,0.0,0.0
Hsd17b10,0.009501095540355024,0.08856750257537103,0.28003293011358377,-25.85052951274452,0.0,0.0,0.0,0.0
Ribc1,1.0,1.0,1.0,0.0,0.0,0.0,0.0,0.0
Smc1a,0.2615722360139493,1.0,1.0,0.0,0.0,0.0,0.0,0.0
Iqsec2,1.0,1.0,1.0,0.0,0.0,0.0,0.0,0.0
Kdm5c,1.0,1.0,1.0,0.0,0.0,0.0,0.0,0.0
Kantr,1.0,1.0,1.0,0.0,0.0,0.0,0.0,0.0
Tspyl2,0.2615722360139493,1.0,1.0,0.0,0.0,0.0,0.0,0.0
Gpr173,1.0,1.0,1.0,0.0,0.0,0.0,0.0,0.0
3010001F23Rik,1.0,1.0,1.0,0.0,0.0,0.0,0.0,0.0
Shroom2,1.0,1.0,1.0,0.0,0.0,0.0,0.0,0.0
Mageh1,1.0,1.0,1.0,0.0,0.0,0.0,0.0,0.0
Rragb,1.0,1.0,1.0,0.0,0.0,0.0,0.0,0.0
Klf8,1.0,1.0,1.0,0.0,0.0,0.0,0.0,0.0
Ubqln2,1.0,1.0,1.0,0.0,0.0,0.0,0.0,0.0
Kctd12b,1.0,1.0,1.0,0.0,0.0,0.0,0.0,0.0
Nbdy,1.0,1.0,1.0,0.0,0.0,0.0,0.0,0.0
Spin2c,1.0,1.0,1.0,0.0,0.0,0.0,0.0,0.0
Sat1,0.08856750257537103,0.7670968684102772,1.0,0.0,0.0,0.0,0.0,0.0
Acot9,1.0,1.0,1.0,0.0,0.0,0.0,0.0,0.0
Prdx4,0.0021592442645074223,0.020131777407319206,0.11526553941414623,-0.22397067175120777,-0.15064253231417757,-0.07926139902406511,1.5329452032089674,1.379434483445794
Sms,1.0,1.0,1.0,0.0,0.0,0.0,0.0,0.0
Mbtps2,1.0,1.0,1.0,0.0,0.0,0.0,0.0,0.0
Smpx,1.0,1.0,1.0,0.0,0.0,0.0,0.0,0.0
Rps6ka3,1.0,1.0,1.0,0.0,0.0,0.0,0.0,0.0
Eif1ax,0.1519040882997985,0.6150966618402355,1.0,-1.9878500865636308,0.15442625875260713,0.41704499926429506,0.3190831113198678,0.3579486623893823
Bclaf3,1.0,1.0,1.0,0.0,0.0,0.0,0.0,0.0
Sh3kbp1,1.0,1.0,1.0,0.0,0.0,0.0,0.0,0.0
Map3k15,1.0,1.0,1.0,0.0,0.0,0.0,0.0,0.0
Pdha1,1.0,1.0,1.0,0.0,0.0,0.0,0.0,0.0
Adgrg2,1.0,1.0,1.0,0.0,0.0,0.0,0.0,0.0
Phka2,1.0,1.0,1.0,0.0,0.0,0.0,0.0,0.0
Cdkl5,1.0,1.0,1.0,0.0,0.0,0.0,0.0,0.0
Scml2,1.0,1.0,1.0,0.0,0.0,0.0,0.0,0.0
Rai2,1.0,1.0,1.0,0.0,0.0,0.0,0.0,0.0
Nhs,1.0,1.0,1.0,0.0,0.0,0.0,0.0,0.0
Reps2,1.0,1.0,1.0,0.0,0.0,0.0,0.0,0.0
Rbbp7,0.08856750257537103,1.0,1.0,0.0,0.0,0.0,0.0,0.0
Txlng,1.0,1.0,1.0,0.0,0.0,0.0,0.0,0.0
Syap1,1.0,1.0,1.0,0.0,0.0,0.0,0.0,0.0
Ctps2,1.0,1.0,1.0,0.0,0.0,0.0,0.0,0.0
S100g,1.0,1.0,1.0,0.0,0.0,0.0,0.0,0.0
Ap1s2,1.0,1.0,1.0,0.0,0.0,0.0,0.0,0.0
Zrsr2,0.2615722360139493,1.0,1.0,0.0,0.0,0.0,0.0,0.0
Car5b,1.0,1.0,1.0,0.0,0.0,0.0,0.0,0.0
Siah1b,1.0,1.0,1.0,0.0,0.0,0.0,0.0,0.0
Bmx,1.0,1.0,1.0,0.0,0.0,0.0,0.0,0.0
Pir,1.0,1.0,1.0,0.0,0.0,0.0,0.0,0.0
Vegfd,1.0,1.0,1.0,0.0,0.0,0.0,0.0,0.0
Piga,1.0,1.0,1.0,0.0,0.0,0.0,0.0,0.0
Mospd2,1.0,1.0,1.0,0.0,0.0,0.0,0.0,0.0
Fancb,1.0,1.0,1.0,0.0,0.0,0.0,0.0,0.0
Gemin8,1.0,1.0,1.0,0.0,0.0,0.0,0.0,0.0
Gpm6b,1.0,1.0,1.0,0.0,0.0,0.0,0.0,0.0
Ofd1,1.0,1.0,1.0,0.0,0.0,0.0,0.0,0.0
Trappc2,1.0,1.0,1.0,0.0,0.0,0.0,0.0,0.0
Rab9,1.0,1.0,1.0,0.0,0.0,0.0,0.0,0.0
Tceanc,1.0,1.0,1.0,0.0,0.0,0.0,0.0,0.0
Gm8817,1.0,1.0,1.0,0.0,0.0,0.0,0.0,0.0
Gm15232,1.0,1.0,1.0,0.0,0.0,0.0,0.0,0.0
Gm15228,1.0,1.0,1.0,0.0,0.0,0.0,0.0,0.0
Tmsb4x,1.5876796062554575e-05,0.00019052155275065493,0.00298483765976026,0.17393137867593902,0.2567191632877879,0.3319795573495064,1.80885438506971,2.162492931506881
Tlr8,1.0,1.0,1.0,0.0,0.0,0.0,0.0,0.0
Tlr7,1.0,1.0,1.0,0.0,0.0,0.0,0.0,0.0
Prps2,1.0,1.0,1.0,0.0,0.0,0.0,0.0,0.0
Frmpd4,1.0,1.0,1.0,0.0,0.0,0.0,0.0,0.0
Msl3,1.0,1.0,1.0,0.0,0.0,0.0,0.0,0.0
Arhgap6,1.0,1.0,1.0,0.0,0.0,0.0,0.0,0.0
Gm15261,1.0,1.0,1.0,0.0,0.0,0.0,0.0,0.0
Hccs,1.0,1.0,1.0,0.0,0.0,0.0,0.0,0.0
Mid1,1.0,1.0,1.0,0.0,0.0,0.0,0.0,0.0
G530011O06Rik,1.0,1.0,1.0,0.0,0.0,0.0,0.0,0.0
Gm15726,1.0,1.0,1.0,0.0,0.0,0.0,0.0,0.0
Gm15247,1.0,1.0,1.0,0.0,0.0,0.0,0.0,0.0
Gm21887,1.0,1.0,1.0,0.0,0.0,0.0,0.0,0.0
Gm21860,1.0,1.0,1.0,0.0,0.0,0.0,0.0,0.0
Gm47283,0.0007335473709934008,0.009501095540355024,0.07630314915471229,-28.173325885452744,-27.08978098816566,0.0,0.1428356614782765,0.0
mt-Nd1,1.5876796062554575e-05,0.00047630388187663733,0.015860919266492024,0.06509320723033711,0.10286590922878602,0.14160003194645934,2.036255551389985,2.18396245160787
mt-Nd2,1.5876796062554575e-05,6.35071842502183e-05,0.0007144558228149559,0.19864499236607544,0.24832419525998672,0.313102215425078,1.7564196766401001,2.0859231094883226
mt-Co1,0.00030165912518853697,0.012399777724855125,0.1568627450980392,0.027468526362778425,0.047269913758976184,0.06933881764879155,3.296991762436015,3.4059197620350137
mt-Co2,1.5876796062554575e-05,1.5876796062554575e-05,0.00030165912518853697,0.09599462697462892,0.12338994965794717,0.15563969304912045,3.276188305152515,3.56961510449602
mt-Atp8,0.00019052155275065493,0.0021592442645074223,0.020131777407319206,0.3271565537219838,0.514006657533858,0.7029285568754837,0.4024047574011562,0.5730532021440757
mt-Atp6,1.5876796062554575e-05,1.5876796062554575e-05,1.5876796062554575e-05,0.1088272846710556,0.13581721585825865,0.16772592317370372,3.3820501663162874,3.714864603049155
mt-Co3,1.5876796062554575e-05,1.5876796062554575e-05,1.5876796062554575e-05,0.11771409341128207,0.14340585796847205,0.17032316459546376,3.194660248256206,3.5272222304693015
mt-Nd3,1.5876796062554575e-05,0.00030165912518853697,0.02524410573946178,0.2232941296199098,0.39956823559959054,0.5775227210479796,0.8613587044326437,1.1390308725387763
mt-Nd4l,1.5876796062554575e-05,0.00011113757243788204,0.0010637453361911566,0.3394495773807252,0.48241324222219145,0.6160753153727697,0.8767998947303159,1.2239140091284162
mt-Nd4,1.5876796062554575e-05,6.35071842502183e-05,0.0010637453361911566,0.1511237302295528,0.18761514372610244,0.2280455182392753,2.1614045961494326,2.4624329645914727
mt-Nd5,1.5876796062554575e-05,6.35071842502183e-05,0.0007144558228149559,0.17515225908367255,0.252384380656942,0.3486208703889842,0.9920869918391639,1.1800941849040751
mt-Nd6,0.08856750257537103,1.0,1.0,0.0,0.0,0.0,0.0,0.0
mt-Cytb,1.5876796062554575e-05,0.00011113757243788204,0.009557831229657855,0.0968655884168131,0.12826033438661766,0.15662396392056982,2.6135442139008953,2.8585355326511026
AC125149.3,1.0,1.0,1.0,0.0,0.0,0.0,0.0,0.0
AC125149.2,1.0,1.0,1.0,0.0,0.0,0.0,0.0,0.0
AC133103.1,1.0,1.0,1.0,0.0,0.0,0.0,0.0,0.0
AC168977.1,1.0,1.0,1.0,0.0,0.0,0.0,0.0,0.0
CAAA01118383.1,0.41663968998299555,0.8523211367181747,0.9595657057843286,0.0,0.0,0.0,0.0,0.0
Csprs,1.0,1.0,1.0,0.0,0.0,0.0,0.0,0.0
Vamp7,0.08856750257537103,0.2615722360139493,1.0,0.0,0.0,0.0,0.0,0.0
Tmlhe,1.0,1.0,1.0,0.0,0.0,0.0,0.0,0.0
CAAA01147332.1,1.0,1.0,1.0,0.0,0.0,0.0,0.0,0.0
AC149090.1,0.0007335473709934008,0.002778685068188869,0.029867793297539916,-28.14696152825719,-27.48514742410939,0.0,0.18786843067762773,0.0
Adhfe1,1.0,1.0,1.0,0.0,0.0,0.0,0.0,0.0
Vxn,1.0,1.0,1.0,0.0,0.0,0.0,0.0,0.0
1700034P13Rik,1.0,1.0,1.0,0.0,0.0,0.0,0.0,0.0
Cpa6,1.0,1.0,1.0,0.0,0.0,0.0,0.0,0.0
Gm28154,1.0,1.0,1.0,0.0,0.0,0.0,0.0,0.0
Gm26788,1.0,1.0,1.0,0.0,0.0,0.0,0.0,0.0
Gm28151,1.0,1.0,1.0,0.0,0.0,0.0,0.0,0.0
Gm973,1.0,1.0,1.0,0.0,0.0,0.0,0.0,0.0
Apol7d,1.0,1.0,1.0,0.0,0.0,0.0,0.0,0.0
Tmem198,1.0,1.0,1.0,0.0,0.0,0.0,0.0,0.0
Mogat1,1.0,1.0,1.0,0.0,0.0,0.0,0.0,0.0
Col4a4,1.0,1.0,1.0,0.0,0.0,0.0,0.0,0.0
Gm16025,1.0,1.0,1.0,0.0,0.0,0.0,0.0,0.0
2810459M11Rik,1.0,1.0,1.0,0.0,0.0,0.0,0.0,0.0
Gm19582,1.0,1.0,1.0,0.0,0.0,0.0,0.0,0.0
Dnajb3,1.0,1.0,1.0,0.0,0.0,0.0,0.0,0.0
Rbm44,1.0,1.0,1.0,0.0,0.0,0.0,0.0,0.0
Otos,1.0,1.0,1.0,0.0,0.0,0.0,0.0,0.0
5033417F24Rik,1.0,1.0,1.0,0.0,0.0,0.0,0.0,0.0
Gm28536,1.0,1.0,1.0,0.0,0.0,0.0,0.0,0.0
Gm7967,1.0,1.0,1.0,0.0,0.0,0.0,0.0,0.0
Gpr39,1.0,1.0,1.0,0.0,0.0,0.0,0.0,0.0
Lmod1,1.0,1.0,1.0,0.0,0.0,0.0,0.0,0.0
A430106G13Rik,1.0,1.0,1.0,0.0,0.0,0.0,0.0,0.0
Gm28556,1.0,1.0,1.0,0.0,0.0,0.0,0.0,0.0
4930596I21Rik,1.0,1.0,1.0,0.0,0.0,0.0,0.0,0.0
Rgs13,1.0,1.0,1.0,0.0,0.0,0.0,0.0,0.0
Nmnat2,1.0,1.0,1.0,0.0,0.0,0.0,0.0,0.0
4930439D14Rik,1.0,1.0,1.0,0.0,0.0,0.0,0.0,0.0
Tnfsf18,1.0,1.0,1.0,0.0,0.0,0.0,0.0,0.0
Gm16548,1.0,1.0,1.0,0.0,0.0,0.0,0.0,0.0
Gm37864,1.0,1.0,1.0,0.0,0.0,0.0,0.0,0.0
Gm37469,1.0,1.0,1.0,0.0,0.0,0.0,0.0,0.0
Fam78b,1.0,1.0,1.0,0.0,0.0,0.0,0.0,0.0
Rxrg,1.0,1.0,1.0,0.0,0.0,0.0,0.0,0.0
Lmx1a,1.0,1.0,1.0,0.0,0.0,0.0,0.0,0.0
3110045C21Rik,1.0,1.0,1.0,0.0,0.0,0.0,0.0,0.0
Gm37748,1.0,1.0,1.0,0.0,0.0,0.0,0.0,0.0
Gm26620,1.0,1.0,1.0,0.0,0.0,0.0,0.0,0.0
Fcrlb,1.0,1.0,1.0,0.0,0.0,0.0,0.0,0.0
A630035G10Rik,1.0,1.0,1.0,0.0,0.0,0.0,0.0,0.0
Fcer1a,1.0,1.0,1.0,0.0,0.0,0.0,0.0,0.0
Mptx2,1.0,1.0,1.0,0.0,0.0,0.0,0.0,0.0
Rgs7,1.0,1.0,1.0,0.0,0.0,0.0,0.0,0.0
Catspere2,1.0,1.0,1.0,0.0,0.0,0.0,0.0,0.0
Gm37768,1.0,1.0,1.0,0.0,0.0,0.0,0.0,0.0
Gm5533,1.0,1.0,1.0,0.0,0.0,0.0,0.0,0.0
Gm34342,1.0,1.0,1.0,0.0,0.0,0.0,0.0,0.0
Dhtkd1,1.0,1.0,1.0,0.0,0.0,0.0,0.0,0.0
Pax8,1.0,1.0,1.0,0.0,0.0,0.0,0.0,0.0
Rnf208,1.0,1.0,1.0,0.0,0.0,0.0,0.0,0.0
Grin1,1.0,1.0,1.0,0.0,0.0,0.0,0.0,0.0
Abo,1.0,1.0,1.0,0.0,0.0,0.0,0.0,0.0
Adamtsl2,1.0,1.0,1.0,0.0,0.0,0.0,0.0,0.0
2810430I11Rik,1.0,1.0,1.0,0.0,0.0,0.0,0.0,0.0
Ak8,1.0,1.0,1.0,0.0,0.0,0.0,0.0,0.0
Ttc16,1.0,1.0,1.0,0.0,0.0,0.0,0.0,0.0
Gm13523,1.0,1.0,1.0,0.0,0.0,0.0,0.0,0.0
Gm13431,1.0,1.0,1.0,0.0,0.0,0.0,0.0,0.0
Lhx2,1.0,1.0,1.0,0.0,0.0,0.0,0.0,0.0
Lypd6b,1.0,1.0,1.0,0.0,0.0,0.0,0.0,0.0
Galnt13,1.0,1.0,1.0,0.0,0.0,0.0,0.0,0.0
Gcg,1.0,1.0,1.0,0.0,0.0,0.0,0.0,0.0
Scn3a,1.0,1.0,1.0,0.0,0.0,0.0,0.0,0.0
Mettl5os,1.0,1.0,1.0,0.0,0.0,0.0,0.0,0.0
Hoxd9,1.0,1.0,1.0,0.0,0.0,0.0,0.0,0.0
Ttc30a1,1.0,1.0,1.0,0.0,0.0,0.0,0.0,0.0
Pjvk,1.0,1.0,1.0,0.0,0.0,0.0,0.0,0.0
Prg3,1.0,1.0,1.0,0.0,0.0,0.0,0.0,0.0
Olfr1259,1.0,1.0,1.0,0.0,0.0,0.0,0.0,0.0
Gm13919,1.0,1.0,1.0,0.0,0.0,0.0,0.0,0.0
Wt1,1.0,1.0,1.0,0.0,0.0,0.0,0.0,0.0
Pak6,1.0,1.0,1.0,0.0,0.0,0.0,0.0,0.0
Gm14091,1.0,1.0,1.0,0.0,0.0,0.0,0.0,0.0
Jmjd7,1.0,1.0,1.0,0.0,0.0,0.0,0.0,0.0
Spata5l1,1.0,1.0,1.0,0.0,0.0,0.0,0.0,0.0
Banf2os,1.0,1.0,1.0,0.0,0.0,0.0,0.0,0.0
Defb45,1.0,1.0,1.0,0.0,0.0,0.0,0.0,0.0
Ccm2l,1.0,1.0,1.0,0.0,0.0,0.0,0.0,0.0
Gm14221,1.0,1.0,1.0,0.0,0.0,0.0,0.0,0.0
Wfdc12,1.0,1.0,1.0,0.0,0.0,0.0,0.0,0.0
Bcas1,1.0,1.0,1.0,0.0,0.0,0.0,0.0,0.0
Pck1,1.0,1.0,1.0,0.0,0.0,0.0,0.0,0.0
Edn3,1.0,1.0,1.0,0.0,0.0,0.0,0.0,0.0
Zfp967,1.0,1.0,1.0,0.0,0.0,0.0,0.0,0.0
Gm14327,1.0,1.0,1.0,0.0,0.0,0.0,0.0,0.0
Nkain4,1.0,1.0,1.0,0.0,0.0,0.0,0.0,0.0
Uckl1os,1.0,1.0,1.0,0.0,0.0,0.0,0.0,0.0
Gm38335,1.0,1.0,1.0,0.0,0.0,0.0,0.0,0.0
Gm9833,1.0,1.0,1.0,0.0,0.0,0.0,0.0,0.0
Cpa3,1.0,1.0,1.0,0.0,0.0,0.0,0.0,0.0
Cpb1,1.0,1.0,1.0,0.0,0.0,0.0,0.0,0.0
Actrt3,1.0,1.0,1.0,0.0,0.0,0.0,0.0,0.0
Mme,1.0,1.0,1.0,0.0,0.0,0.0,0.0,0.0
Ntrk1,1.0,1.0,1.0,0.0,0.0,0.0,0.0,0.0
AW047730,1.0,1.0,1.0,0.0,0.0,0.0,0.0,0.0
Chrnb2,1.0,1.0,1.0,0.0,0.0,0.0,0.0,0.0
Gm38411,1.0,1.0,1.0,0.0,0.0,0.0,0.0,0.0
Itga10,1.0,1.0,1.0,0.0,0.0,0.0,0.0,0.0
Ankrd35,1.0,1.0,1.0,0.0,0.0,0.0,0.0,0.0
Gm5544,1.0,1.0,1.0,0.0,0.0,0.0,0.0,0.0
Adam30,1.0,1.0,1.0,0.0,0.0,0.0,0.0,0.0
Gm42868,1.0,1.0,1.0,0.0,0.0,0.0,0.0,0.0
Gm42938,1.0,1.0,1.0,0.0,0.0,0.0,0.0,0.0
Casq2,1.0,1.0,1.0,0.0,0.0,0.0,0.0,0.0
Gm42700,1.0,1.0,1.0,0.0,0.0,0.0,0.0,0.0
Gstm7,1.0,1.0,1.0,0.0,0.0,0.0,0.0,0.0
Gnat2,1.0,1.0,1.0,0.0,0.0,0.0,0.0,0.0
Gm43221,1.0,1.0,1.0,0.0,0.0,0.0,0.0,0.0
Gm42893,1.0,1.0,1.0,0.0,0.0,0.0,0.0,0.0
Plppr4,1.0,1.0,1.0,0.0,0.0,0.0,0.0,0.0
Gm43568,1.0,1.0,1.0,0.0,0.0,0.0,0.0,0.0
4930447N08Rik,1.0,1.0,1.0,0.0,0.0,0.0,0.0,0.0
Gm43653,1.0,1.0,1.0,0.0,0.0,0.0,0.0,0.0
Ptgfr,1.0,1.0,1.0,0.0,0.0,0.0,0.0,0.0
Msh4,1.0,1.0,1.0,0.0,0.0,0.0,0.0,0.0
A530072M11Rik,1.0,1.0,1.0,0.0,0.0,0.0,0.0,0.0
Nkain3,1.0,1.0,1.0,0.0,0.0,0.0,0.0,0.0
Spaca1,1.0,1.0,1.0,0.0,0.0,0.0,0.0,0.0
Gm20878,1.0,1.0,1.0,0.0,0.0,0.0,0.0,0.0
1700022I11Rik,1.0,1.0,1.0,0.0,0.0,0.0,0.0,0.0
Anks6,1.0,1.0,1.0,0.0,0.0,0.0,0.0,0.0
AI427809,1.0,1.0,1.0,0.0,0.0,0.0,0.0,0.0
Rnf183,1.0,1.0,1.0,0.0,0.0,0.0,0.0,0.0
Orm1,1.0,1.0,1.0,0.0,0.0,0.0,0.0,0.0
Frem1,1.0,1.0,1.0,0.0,0.0,0.0,0.0,0.0
Fyb2,1.0,1.0,1.0,0.0,0.0,0.0,0.0,0.0
Ttc22,1.0,1.0,1.0,0.0,0.0,0.0,0.0,0.0
Slc5a9,1.0,1.0,1.0,0.0,0.0,0.0,0.0,0.0
Zswim5,1.0,1.0,1.0,0.0,0.0,0.0,0.0,0.0
Rimkla,1.0,1.0,1.0,0.0,0.0,0.0,0.0,0.0
Rims3,1.0,1.0,1.0,0.0,0.0,0.0,0.0,0.0
Col8a2,1.0,1.0,1.0,0.0,0.0,0.0,0.0,0.0
Gm12976,1.0,1.0,1.0,0.0,0.0,0.0,0.0,0.0
Ifnlr1,1.0,1.0,1.0,0.0,0.0,0.0,0.0,0.0
Sh2d5,1.0,1.0,1.0,0.0,0.0,0.0,0.0,0.0
Gm13056,1.0,1.0,1.0,0.0,0.0,0.0,0.0,0.0
Slc25a34,1.0,1.0,1.0,0.0,0.0,0.0,0.0,0.0
Gm29367,1.0,1.0,1.0,0.0,0.0,0.0,0.0,0.0
Tmem51os1,1.0,1.0,1.0,0.0,0.0,0.0,0.0,0.0
Zfp993,1.0,1.0,1.0,0.0,0.0,0.0,0.0,0.0
Rnf207,1.0,1.0,1.0,0.0,0.0,0.0,0.0,0.0
Hes5,1.0,1.0,1.0,0.0,0.0,0.0,0.0,0.0
Tmem52,1.0,1.0,1.0,0.0,0.0,0.0,0.0,0.0
Perm1,1.0,1.0,1.0,0.0,0.0,0.0,0.0,0.0
Gm17590,1.0,1.0,1.0,0.0,0.0,0.0,0.0,0.0
Lrrd1,1.0,1.0,1.0,0.0,0.0,0.0,0.0,0.0
Gm43577,1.0,1.0,1.0,0.0,0.0,0.0,0.0,0.0
Gm10484,1.0,1.0,1.0,0.0,0.0,0.0,0.0,0.0
Adgrf3,1.0,1.0,1.0,0.0,0.0,0.0,0.0,0.0
Kcnk3,1.0,1.0,1.0,0.0,0.0,0.0,0.0,0.0
Dpysl5,1.0,1.0,1.0,0.0,0.0,0.0,0.0,0.0
Gm9903,1.0,1.0,1.0,0.0,0.0,0.0,0.0,0.0
Poln,1.0,1.0,1.0,0.0,0.0,0.0,0.0,0.0
Gm16014,1.0,1.0,1.0,0.0,0.0,0.0,0.0,0.0
Gm45495,1.0,1.0,1.0,0.0,0.0,0.0,0.0,0.0
Dthd1,1.0,1.0,1.0,0.0,0.0,0.0,0.0,0.0
Nsun7,1.0,1.0,1.0,0.0,0.0,0.0,0.0,0.0
Gm17207,1.0,1.0,1.0,0.0,0.0,0.0,0.0,0.0
Gm19590,1.0,1.0,1.0,0.0,0.0,0.0,0.0,0.0
Nmu,1.0,1.0,1.0,0.0,0.0,0.0,0.0,0.0
Enam,1.0,1.0,1.0,0.0,0.0,0.0,0.0,0.0
Afp,1.0,1.0,1.0,0.0,0.0,0.0,0.0,0.0
A930041C12Rik,1.0,1.0,1.0,0.0,0.0,0.0,0.0,0.0
Crybb1,1.0,1.0,1.0,0.0,0.0,0.0,0.0,0.0
Dao,1.0,1.0,1.0,0.0,0.0,0.0,0.0,0.0
Cabp1,1.0,1.0,1.0,0.0,0.0,0.0,0.0,0.0
BC051077,1.0,1.0,1.0,0.0,0.0,0.0,0.0,0.0
Ksr2,1.0,1.0,1.0,0.0,0.0,0.0,0.0,0.0
Nos1,1.0,1.0,1.0,0.0,0.0,0.0,0.0,0.0
5830487J09Rik,1.0,1.0,1.0,0.0,0.0,0.0,0.0,0.0
Fzd10os,1.0,1.0,1.0,0.0,0.0,0.0,0.0,0.0
Fzd9,1.0,1.0,1.0,0.0,0.0,0.0,0.0,0.0
Gm10874,1.0,1.0,1.0,0.0,0.0,0.0,0.0,0.0
2210417A02Rik,1.0,1.0,1.0,0.0,0.0,0.0,0.0,0.0
2310047D07Rik,1.0,1.0,1.0,0.0,0.0,0.0,0.0,0.0
Wdr95,1.0,1.0,1.0,0.0,0.0,0.0,0.0,0.0
Wnt16,1.0,1.0,1.0,0.0,0.0,0.0,0.0,0.0
Ptprz1,1.0,1.0,1.0,0.0,0.0,0.0,0.0,0.0
Chrm2,1.0,1.0,1.0,0.0,0.0,0.0,0.0,0.0
Trbv1,1.0,1.0,1.0,0.0,0.0,0.0,0.0,0.0
Trbv12-2,1.0,1.0,1.0,0.0,0.0,0.0,0.0,0.0
Trbv19,1.0,1.0,1.0,0.0,0.0,0.0,0.0,0.0
Trbv20,1.0,1.0,1.0,0.0,0.0,0.0,0.0,0.0
Tmem139,1.0,1.0,1.0,0.0,0.0,0.0,0.0,0.0
Gm44731,1.0,1.0,1.0,0.0,0.0,0.0,0.0,0.0
5430402O13Rik,1.0,1.0,1.0,0.0,0.0,0.0,0.0,0.0
4921507P07Rik,1.0,1.0,1.0,0.0,0.0,0.0,0.0,0.0
Igkv17-127,1.0,1.0,1.0,0.0,0.0,0.0,0.0,0.0
Igkv11-125,1.0,1.0,1.0,0.0,0.0,0.0,0.0,0.0
Igkv9-120,1.0,1.0,1.0,0.0,0.0,0.0,0.0,0.0
Igkv4-92,1.0,1.0,1.0,0.0,0.0,0.0,0.0,0.0
Igkv4-79,1.0,1.0,1.0,0.0,0.0,0.0,0.0,0.0
Igkv4-71,1.0,1.0,1.0,0.0,0.0,0.0,0.0,0.0
Igkv4-57,1.0,1.0,1.0,0.0,0.0,0.0,0.0,0.0
Igkv4-55,1.0,1.0,1.0,0.0,0.0,0.0,0.0,0.0
Igkv4-50,1.0,1.0,1.0,0.0,0.0,0.0,0.0,0.0
Igkv8-27,1.0,1.0,1.0,0.0,0.0,0.0,0.0,0.0
Reep1,1.0,1.0,1.0,0.0,0.0,0.0,0.0,0.0
Gm17034,1.0,1.0,1.0,0.0,0.0,0.0,0.0,0.0
Fbxo41,1.0,1.0,1.0,0.0,0.0,0.0,0.0,0.0
D6Ertd527e,1.0,1.0,1.0,0.0,0.0,0.0,0.0,0.0
Gm1965,1.0,1.0,1.0,0.0,0.0,0.0,0.0,0.0
4930512J16Rik,1.0,1.0,1.0,0.0,0.0,0.0,0.0,0.0
Klf15,1.0,1.0,1.0,0.0,0.0,0.0,0.0,0.0
A730049H05Rik,1.0,1.0,1.0,0.0,0.0,0.0,0.0,0.0
Grm7,1.0,1.0,1.0,0.0,0.0,0.0,0.0,0.0
Gm44053,1.0,1.0,1.0,0.0,0.0,0.0,0.0,0.0
9530062K07Rik,1.0,1.0,1.0,0.0,0.0,0.0,0.0,0.0
Olfr212,1.0,1.0,1.0,0.0,0.0,0.0,0.0,0.0
Aicda,1.0,1.0,1.0,0.0,0.0,0.0,0.0,0.0
Clec4b2,1.0,1.0,1.0,0.0,0.0,0.0,0.0,0.0
Gm44096,1.0,1.0,1.0,0.0,0.0,0.0,0.0,0.0
C1s2,1.0,1.0,1.0,0.0,0.0,0.0,0.0,0.0
Lrrc23,1.0,1.0,1.0,0.0,0.0,0.0,0.0,0.0
Fgf23,1.0,1.0,1.0,0.0,0.0,0.0,0.0,0.0
Gm10069,1.0,1.0,1.0,0.0,0.0,0.0,0.0,0.0
Klra5,1.0,1.0,1.0,0.0,0.0,0.0,0.0,0.0
Smco3,1.0,1.0,1.0,0.0,0.0,0.0,0.0,0.0
Gm30524,1.0,1.0,1.0,0.0,0.0,0.0,0.0,0.0
Gm20400,1.0,1.0,1.0,0.0,0.0,0.0,0.0,0.0
2010013B24Rik,1.0,1.0,1.0,0.0,0.0,0.0,0.0,0.0
Nlrp12,1.0,1.0,1.0,0.0,0.0,0.0,0.0,0.0
Gm15927,1.0,1.0,1.0,0.0,0.0,0.0,0.0,0.0
Gm45148,1.0,1.0,1.0,0.0,0.0,0.0,0.0,0.0
Gm45069,1.0,1.0,1.0,0.0,0.0,0.0,0.0,0.0
1810019N24Rik,1.0,1.0,1.0,0.0,0.0,0.0,0.0,0.0
Hif3a,1.0,1.0,1.0,0.0,0.0,0.0,0.0,0.0
Nova2,1.0,1.0,1.0,0.0,0.0,0.0,0.0,0.0
Ceacam19,1.0,1.0,1.0,0.0,0.0,0.0,0.0,0.0
Gm36159,1.0,1.0,1.0,0.0,0.0,0.0,0.0,0.0
4732471J01Rik,1.0,1.0,1.0,0.0,0.0,0.0,0.0,0.0
Zfp607b,1.0,1.0,1.0,0.0,0.0,0.0,0.0,0.0
Catsperg1,1.0,1.0,1.0,0.0,0.0,0.0,0.0,0.0
Atp4a,1.0,1.0,1.0,0.0,0.0,0.0,0.0,0.0
Ffar1,1.0,1.0,1.0,0.0,0.0,0.0,0.0,0.0
G630030J09Rik,1.0,1.0,1.0,0.0,0.0,0.0,0.0,0.0
Vstm2b,1.0,1.0,1.0,0.0,0.0,0.0,0.0,0.0
Vmn2r57,1.0,1.0,1.0,0.0,0.0,0.0,0.0,0.0
1700028J19Rik,1.0,1.0,1.0,0.0,0.0,0.0,0.0,0.0
Gm45669,1.0,1.0,1.0,0.0,0.0,0.0,0.0,0.0
Ntf5,1.0,1.0,1.0,0.0,0.0,0.0,0.0,0.0
Ntn5,1.0,1.0,1.0,0.0,0.0,0.0,0.0,0.0
Gm45309,1.0,1.0,1.0,0.0,0.0,0.0,0.0,0.0
Gm14377,1.0,1.0,1.0,0.0,0.0,0.0,0.0,0.0
Chrna7,1.0,1.0,1.0,0.0,0.0,0.0,0.0,0.0
Pgpep1l,1.0,1.0,1.0,0.0,0.0,0.0,0.0,0.0
Gm26981,1.0,1.0,1.0,0.0,0.0,0.0,0.0,0.0
Gm26862,1.0,1.0,1.0,0.0,0.0,0.0,0.0,0.0
Gm10603,1.0,1.0,1.0,0.0,0.0,0.0,0.0,0.0
Phox2a,1.0,1.0,1.0,0.0,0.0,0.0,0.0,0.0
Hbb-bt,1.0,1.0,1.0,0.0,0.0,0.0,0.0,0.0
Cyb5r2,1.0,1.0,1.0,0.0,0.0,0.0,0.0,0.0
Nlrp10,1.0,1.0,1.0,0.0,0.0,0.0,0.0,0.0
Tub,1.0,1.0,1.0,0.0,0.0,0.0,0.0,0.0
Pdzd9,1.0,1.0,1.0,0.0,0.0,0.0,0.0,0.0
Zg16,1.0,1.0,1.0,0.0,0.0,0.0,0.0,0.0
Gm45184,1.0,1.0,1.0,0.0,0.0,0.0,0.0,0.0
Gm45397,1.0,1.0,1.0,0.0,0.0,0.0,0.0,0.0
Dpysl4,1.0,1.0,1.0,0.0,0.0,0.0,0.0,0.0
Mrgprg,1.0,1.0,1.0,0.0,0.0,0.0,0.0,0.0
Clec4g,1.0,1.0,1.0,0.0,0.0,0.0,0.0,0.0
Gm44956,1.0,1.0,1.0,0.0,0.0,0.0,0.0,0.0
Thsd1,1.0,1.0,1.0,0.0,0.0,0.0,0.0,0.0
Htra4,1.0,1.0,1.0,0.0,0.0,0.0,0.0,0.0
Gm17484,1.0,1.0,1.0,0.0,0.0,0.0,0.0,0.0
Gm45572,1.0,1.0,1.0,0.0,0.0,0.0,0.0,0.0
Gm15634,1.0,1.0,1.0,0.0,0.0,0.0,0.0,0.0
AW046200,1.0,1.0,1.0,0.0,0.0,0.0,0.0,0.0
Cilp2,1.0,1.0,1.0,0.0,0.0,0.0,0.0,0.0
Iqcn,1.0,1.0,1.0,0.0,0.0,0.0,0.0,0.0
Gm35572,1.0,1.0,1.0,0.0,0.0,0.0,0.0,0.0
Olfr373,1.0,1.0,1.0,0.0,0.0,0.0,0.0,0.0
Calr3,1.0,1.0,1.0,0.0,0.0,0.0,0.0,0.0
F2rl3,1.0,1.0,1.0,0.0,0.0,0.0,0.0,0.0
Gm31105,1.0,1.0,1.0,0.0,0.0,0.0,0.0,0.0
Gm9725,1.0,1.0,1.0,0.0,0.0,0.0,0.0,0.0
Ucp1,1.0,1.0,1.0,0.0,0.0,0.0,0.0,0.0
Rln3,1.0,1.0,1.0,0.0,0.0,0.0,0.0,0.0
Gm26887,1.0,1.0,1.0,0.0,0.0,0.0,0.0,0.0
Best2,1.0,1.0,1.0,0.0,0.0,0.0,0.0,0.0
2010110E17Rik,1.0,1.0,1.0,0.0,0.0,0.0,0.0,0.0
9430002A10Rik,1.0,1.0,1.0,0.0,0.0,0.0,0.0,0.0
Nkd1,1.0,1.0,1.0,0.0,0.0,0.0,0.0,0.0
Gm45472,1.0,1.0,1.0,0.0,0.0,0.0,0.0,0.0
Gm15890,1.0,1.0,1.0,0.0,0.0,0.0,0.0,0.0
Terb1,1.0,1.0,1.0,0.0,0.0,0.0,0.0,0.0
Lrrc29,1.0,1.0,1.0,0.0,0.0,0.0,0.0,0.0
Plekhg4,1.0,1.0,1.0,0.0,0.0,0.0,0.0,0.0
Agrp,1.0,1.0,1.0,0.0,0.0,0.0,0.0,0.0
Gm50241,1.0,1.0,1.0,0.0,0.0,0.0,0.0,0.0
Pdf,1.0,1.0,1.0,0.0,0.0,0.0,0.0,0.0
Gm10612,1.0,1.0,1.0,0.0,0.0,0.0,0.0,0.0
Gm4316,1.0,1.0,1.0,0.0,0.0,0.0,0.0,0.0
Spire2,1.0,1.0,1.0,0.0,0.0,0.0,0.0,0.0
2810455O05Rik,1.0,1.0,1.0,0.0,0.0,0.0,0.0,0.0
1810008B01Rik,1.0,1.0,1.0,0.0,0.0,0.0,0.0,0.0
Trpc6,1.0,1.0,1.0,0.0,0.0,0.0,0.0,0.0
Pgr,1.0,1.0,1.0,0.0,0.0,0.0,0.0,0.0
Zglp1,1.0,1.0,1.0,0.0,0.0,0.0,0.0,0.0
4930517E14Rik,1.0,1.0,1.0,0.0,0.0,0.0,0.0,0.0
Scn3b,1.0,1.0,1.0,0.0,0.0,0.0,0.0,0.0
Tmem136,1.0,1.0,1.0,0.0,0.0,0.0,0.0,0.0
Colca2,1.0,1.0,1.0,0.0,0.0,0.0,0.0,0.0
Lingo1,1.0,1.0,1.0,0.0,0.0,0.0,0.0,0.0
Gm10658,1.0,1.0,1.0,0.0,0.0,0.0,0.0,0.0
Stra6,1.0,1.0,1.0,0.0,0.0,0.0,0.0,0.0
Gramd2,1.0,1.0,1.0,0.0,0.0,0.0,0.0,0.0
Iqch,1.0,1.0,1.0,0.0,0.0,0.0,0.0,0.0
4930579C12Rik,1.0,1.0,1.0,0.0,0.0,0.0,0.0,0.0
Hyal3,1.0,1.0,1.0,0.0,0.0,0.0,0.0,0.0
Gnat1,1.0,1.0,1.0,0.0,0.0,0.0,0.0,0.0
Gm37401,1.0,1.0,1.0,0.0,0.0,0.0,0.0,0.0
Platr11,1.0,1.0,1.0,0.0,0.0,0.0,0.0,0.0
Cck,1.0,1.0,1.0,0.0,0.0,0.0,0.0,0.0
Gm47140,1.0,1.0,1.0,0.0,0.0,0.0,0.0,0.0
Slc6a20b,1.0,1.0,1.0,0.0,0.0,0.0,0.0,0.0
Raet1e,1.0,1.0,1.0,0.0,0.0,0.0,0.0,0.0
Raet1d,1.0,1.0,1.0,0.0,0.0,0.0,0.0,0.0
Gm9767,1.0,1.0,1.0,0.0,0.0,0.0,0.0,0.0
9330159F19Rik,1.0,1.0,1.0,0.0,0.0,0.0,0.0,0.0
A930033M14Rik,1.0,1.0,1.0,0.0,0.0,0.0,0.0,0.0
Armc2,1.0,1.0,1.0,0.0,0.0,0.0,0.0,0.0
Gm40634,1.0,1.0,1.0,0.0,0.0,0.0,0.0,0.0
Gm40638,1.0,1.0,1.0,0.0,0.0,0.0,0.0,0.0
Slc35f1,1.0,1.0,1.0,0.0,0.0,0.0,0.0,0.0
Pln,1.0,1.0,1.0,0.0,0.0,0.0,0.0,0.0
Sh3rf3,1.0,1.0,1.0,0.0,0.0,0.0,0.0,0.0
4930507D05Rik,1.0,1.0,1.0,0.0,0.0,0.0,0.0,0.0
Pbld2,1.0,1.0,1.0,0.0,0.0,0.0,0.0,0.0
Lrrtm3,1.0,1.0,1.0,0.0,0.0,0.0,0.0,0.0
Zfp365,1.0,1.0,1.0,0.0,0.0,0.0,0.0,0.0
Gm48025,1.0,1.0,1.0,0.0,0.0,0.0,0.0,0.0
Gm867,1.0,1.0,1.0,0.0,0.0,0.0,0.0,0.0
Apc2,1.0,1.0,1.0,0.0,0.0,0.0,0.0,0.0
Pcsk4,1.0,1.0,1.0,0.0,0.0,0.0,0.0,0.0
Atcay,1.0,1.0,1.0,0.0,0.0,0.0,0.0,0.0
Zfp781,1.0,1.0,1.0,0.0,0.0,0.0,0.0,0.0
Gm15990,1.0,1.0,1.0,0.0,0.0,0.0,0.0,0.0
1700113H08Rik,1.0,1.0,1.0,0.0,0.0,0.0,0.0,0.0
Gm47599,1.0,1.0,1.0,0.0,0.0,0.0,0.0,0.0
Gm48427,1.0,1.0,1.0,0.0,0.0,0.0,0.0,0.0
Gm48089,1.0,1.0,1.0,0.0,0.0,0.0,0.0,0.0
Gm32552,1.0,1.0,1.0,0.0,0.0,0.0,0.0,0.0
Gm40773,1.0,1.0,1.0,0.0,0.0,0.0,0.0,0.0
1700006J14Rik,1.0,1.0,1.0,0.0,0.0,0.0,0.0,0.0
Gm15910,1.0,1.0,1.0,0.0,0.0,0.0,0.0,0.0
Gm40787,1.0,1.0,1.0,0.0,0.0,0.0,0.0,0.0
A130077B15Rik,1.0,1.0,1.0,0.0,0.0,0.0,0.0,0.0
Gm4189,1.0,1.0,1.0,0.0,0.0,0.0,0.0,0.0
Hormad2,1.0,1.0,1.0,0.0,0.0,0.0,0.0,0.0
Abca13,1.0,1.0,1.0,0.0,0.0,0.0,0.0,0.0
Gm11998,1.0,1.0,1.0,0.0,0.0,0.0,0.0,0.0
Gm12059,1.0,1.0,1.0,0.0,0.0,0.0,0.0,0.0
Gm12089,1.0,1.0,1.0,0.0,0.0,0.0,0.0,0.0
Adra1b,1.0,1.0,1.0,0.0,0.0,0.0,0.0,0.0
Timd2,1.0,1.0,1.0,0.0,0.0,0.0,0.0,0.0
Btnl9,1.0,1.0,1.0,0.0,0.0,0.0,0.0,0.0
Gdf9,1.0,1.0,1.0,0.0,0.0,0.0,0.0,0.0
Shroom1,1.0,1.0,1.0,0.0,0.0,0.0,0.0,0.0
1810065E05Rik,1.0,1.0,1.0,0.0,0.0,0.0,0.0,0.0
4930412M03Rik,1.0,1.0,1.0,0.0,0.0,0.0,0.0,0.0
Gm26964,1.0,1.0,1.0,0.0,0.0,0.0,0.0,0.0
Gm12279,1.0,1.0,1.0,0.0,0.0,0.0,0.0,0.0
Tmem238l,1.0,1.0,1.0,0.0,0.0,0.0,0.0,0.0
Myh13,1.0,1.0,1.0,0.0,0.0,0.0,0.0,0.0
Arhgef15,1.0,1.0,1.0,0.0,0.0,0.0,0.0,0.0
Aloxe3,1.0,1.0,1.0,0.0,0.0,0.0,0.0,0.0
Slc2a4,1.0,1.0,1.0,0.0,0.0,0.0,0.0,0.0
6330403K07Rik,1.0,1.0,1.0,0.0,0.0,0.0,0.0,0.0
Wscd1,1.0,1.0,1.0,0.0,0.0,0.0,0.0,0.0
Trpv3,1.0,1.0,1.0,0.0,0.0,0.0,0.0,0.0
Slc13a2,1.0,1.0,1.0,0.0,0.0,0.0,0.0,0.0
Gm11205,1.0,1.0,1.0,0.0,0.0,0.0,0.0,0.0
9130204K15Rik,1.0,1.0,1.0,0.0,0.0,0.0,0.0,0.0
Unc45b,1.0,1.0,1.0,0.0,0.0,0.0,0.0,0.0
2610027K06Rik,1.0,1.0,1.0,0.0,0.0,0.0,0.0,0.0
Ppm1e,1.0,1.0,1.0,0.0,0.0,0.0,0.0,0.0
1110028F11Rik,1.0,1.0,1.0,0.0,0.0,0.0,0.0,0.0
Ccdc182,1.0,1.0,1.0,0.0,0.0,0.0,0.0,0.0
Dgkeos,1.0,1.0,1.0,0.0,0.0,0.0,0.0,0.0
Gm525,1.0,1.0,1.0,0.0,0.0,0.0,0.0,0.0
Eme1,1.0,1.0,1.0,0.0,0.0,0.0,0.0,0.0
Ngfr,1.0,1.0,1.0,0.0,0.0,0.0,0.0,0.0
Hoxb8,1.0,1.0,1.0,0.0,0.0,0.0,0.0,0.0
Hoxb2,1.0,1.0,1.0,0.0,0.0,0.0,0.0,0.0
Sp6,1.0,1.0,1.0,0.0,0.0,0.0,0.0,0.0
Krt13,1.0,1.0,1.0,0.0,0.0,0.0,0.0,0.0
Pyy,1.0,1.0,1.0,0.0,0.0,0.0,0.0,0.0
Sstr2,1.0,1.0,1.0,0.0,0.0,0.0,0.0,0.0
Dnaic2,1.0,1.0,1.0,0.0,0.0,0.0,0.0,0.0
Fads6,1.0,1.0,1.0,0.0,0.0,0.0,0.0,0.0
6030468B19Rik,1.0,1.0,1.0,0.0,0.0,0.0,0.0,0.0
Cep295nl,1.0,1.0,1.0,0.0,0.0,0.0,0.0,0.0
Nptx1,1.0,1.0,1.0,0.0,0.0,0.0,0.0,0.0
Gm11769,1.0,1.0,1.0,0.0,0.0,0.0,0.0,0.0
Tspan10,1.0,1.0,1.0,0.0,0.0,0.0,0.0,0.0
Npb,1.0,1.0,1.0,0.0,0.0,0.0,0.0,0.0
Ccdc57,1.0,1.0,1.0,0.0,0.0,0.0,0.0,0.0
Dnmt3aos,1.0,1.0,1.0,0.0,0.0,0.0,0.0,0.0
Fam228b,1.0,1.0,1.0,0.0,0.0,0.0,0.0,0.0
Srp54b,1.0,1.0,1.0,0.0,0.0,0.0,0.0,0.0
Lrrc9,1.0,1.0,1.0,0.0,0.0,0.0,0.0,0.0
Gm48653,1.0,1.0,1.0,0.0,0.0,0.0,0.0,0.0
Gm10451,1.0,1.0,1.0,0.0,0.0,0.0,0.0,0.0
AI463170,1.0,1.0,1.0,0.0,0.0,0.0,0.0,0.0
Gm47941,1.0,1.0,1.0,0.0,0.0,0.0,0.0,0.0
Ttc9,1.0,1.0,1.0,0.0,0.0,0.0,0.0,0.0
Gm49654,1.0,1.0,1.0,0.0,0.0,0.0,0.0,0.0
Gm26571,1.0,1.0,1.0,0.0,0.0,0.0,0.0,0.0
Acot4,1.0,1.0,1.0,0.0,0.0,0.0,0.0,0.0
Gm26512,1.0,1.0,1.0,0.0,0.0,0.0,0.0,0.0
Gm10433,1.0,1.0,1.0,0.0,0.0,0.0,0.0,0.0
Serpina1b,1.0,1.0,1.0,0.0,0.0,0.0,0.0,0.0
AU015791,1.0,1.0,1.0,0.0,0.0,0.0,0.0,0.0
Ighv5-2,1.0,1.0,1.0,0.0,0.0,0.0,0.0,0.0
Ighv5-15,1.0,1.0,1.0,0.0,0.0,0.0,0.0,0.0
Ighv7-2,1.0,1.0,1.0,0.0,0.0,0.0,0.0,0.0
Ighv14-1,1.0,1.0,1.0,0.0,0.0,0.0,0.0,0.0
Ighv7-3,1.0,1.0,1.0,0.0,0.0,0.0,0.0,0.0
Ighv1-2,1.0,1.0,1.0,0.0,0.0,0.0,0.0,0.0
Ighv1-5,1.0,1.0,1.0,0.0,0.0,0.0,0.0,0.0
Ighv1-15,1.0,1.0,1.0,0.0,0.0,0.0,0.0,0.0
Ighv1-30,1.0,1.0,1.0,0.0,0.0,0.0,0.0,0.0
Ighv1-52,1.0,1.0,1.0,0.0,0.0,0.0,0.0,0.0
Ighv1-62,1.0,1.0,1.0,0.0,0.0,0.0,0.0,0.0
Gm37511,1.0,1.0,1.0,0.0,0.0,0.0,0.0,0.0
Ighv1-80,1.0,1.0,1.0,0.0,0.0,0.0,0.0,0.0
Ighv1-81,1.0,1.0,1.0,0.0,0.0,0.0,0.0,0.0
Ighv1-83,1.0,1.0,1.0,0.0,0.0,0.0,0.0,0.0
Gm48079,1.0,1.0,1.0,0.0,0.0,0.0,0.0,0.0
Ptprn2,1.0,1.0,1.0,0.0,0.0,0.0,0.0,0.0
Gm30239,1.0,1.0,1.0,0.0,0.0,0.0,0.0,0.0
Tcrg-V1,1.0,1.0,1.0,0.0,0.0,0.0,0.0,0.0
AK157302,1.0,1.0,1.0,0.0,0.0,0.0,0.0,0.0
Hist1h2bk,1.0,1.0,1.0,0.0,0.0,0.0,0.0,0.0
D930007J09Rik,1.0,1.0,1.0,0.0,0.0,0.0,0.0,0.0
Tfap2a,1.0,1.0,1.0,0.0,0.0,0.0,0.0,0.0
Gm10790,1.0,1.0,1.0,0.0,0.0,0.0,0.0,0.0
Gm48623,1.0,1.0,1.0,0.0,0.0,0.0,0.0,0.0
Fbxl21,1.0,1.0,1.0,0.0,0.0,0.0,0.0,0.0
Spock1,1.0,1.0,1.0,0.0,0.0,0.0,0.0,0.0
Gm16133,1.0,1.0,1.0,0.0,0.0,0.0,0.0,0.0
Gm47418,1.0,1.0,1.0,0.0,0.0,0.0,0.0,0.0
Nkd2,1.0,1.0,1.0,0.0,0.0,0.0,0.0,0.0
Gpr150,1.0,1.0,1.0,0.0,0.0,0.0,0.0,0.0
Gm47551,1.0,1.0,1.0,0.0,0.0,0.0,0.0,0.0
Taf9,1.0,1.0,1.0,0.0,0.0,0.0,0.0,0.0
Shisal2b,1.0,1.0,1.0,0.0,0.0,0.0,0.0,0.0
Gm15323,1.0,1.0,1.0,0.0,0.0,0.0,0.0,0.0
Ddx4,1.0,1.0,1.0,0.0,0.0,0.0,0.0,0.0
Gm16263,1.0,1.0,1.0,0.0,0.0,0.0,0.0,0.0
Gm36161,1.0,1.0,1.0,0.0,0.0,0.0,0.0,0.0
Gm48857,1.0,1.0,1.0,0.0,0.0,0.0,0.0,0.0
Gm21738,1.0,1.0,1.0,0.0,0.0,0.0,0.0,0.0
Gm30108,1.0,1.0,1.0,0.0,0.0,0.0,0.0,0.0
Dusp13,1.0,1.0,1.0,0.0,0.0,0.0,0.0,0.0
A430057M04Rik,1.0,1.0,1.0,0.0,0.0,0.0,0.0,0.0
3425401B19Rik,1.0,1.0,1.0,0.0,0.0,0.0,0.0,0.0
Gm49101,1.0,1.0,1.0,0.0,0.0,0.0,0.0,0.0
Gm15601,1.0,1.0,1.0,0.0,0.0,0.0,0.0,0.0
Trav13-1,1.0,1.0,1.0,0.0,0.0,0.0,0.0,0.0
Trav21-dv12,1.0,1.0,1.0,0.0,0.0,0.0,0.0,0.0
Ajuba,1.0,1.0,1.0,0.0,0.0,0.0,0.0,0.0
Mcpt4,1.0,1.0,1.0,0.0,0.0,0.0,0.0,0.0
Mcpt8,1.0,1.0,1.0,0.0,0.0,0.0,0.0,0.0
C1qtnf9,1.0,1.0,1.0,0.0,0.0,0.0,0.0,0.0
Serpine3,1.0,1.0,1.0,0.0,0.0,0.0,0.0,0.0
Gnrh1,1.0,1.0,1.0,0.0,0.0,0.0,0.0,0.0
9330188P03Rik,1.0,1.0,1.0,0.0,0.0,0.0,0.0,0.0
4930594M22Rik,1.0,1.0,1.0,0.0,0.0,0.0,0.0,0.0
C7,1.0,1.0,1.0,0.0,0.0,0.0,0.0,0.0
4930556M19Rik,1.0,1.0,1.0,0.0,0.0,0.0,0.0,0.0
Npr3,1.0,1.0,1.0,0.0,0.0,0.0,0.0,0.0
Cdh6,1.0,1.0,1.0,0.0,0.0,0.0,0.0,0.0
Gm49312,1.0,1.0,1.0,0.0,0.0,0.0,0.0,0.0
AU022793,1.0,1.0,1.0,0.0,0.0,0.0,0.0,0.0
Sybu,1.0,1.0,1.0,0.0,0.0,0.0,0.0,0.0
Gm36677,1.0,1.0,1.0,0.0,0.0,0.0,0.0,0.0
Kcnq3,1.0,1.0,1.0,0.0,0.0,0.0,0.0,0.0
Psca,1.0,1.0,1.0,0.0,0.0,0.0,0.0,0.0
Slurp1,1.0,1.0,1.0,0.0,0.0,0.0,0.0,0.0
Scx,1.0,1.0,1.0,0.0,0.0,0.0,0.0,0.0
Apol7a,1.0,1.0,1.0,0.0,0.0,0.0,0.0,0.0
Apol9b,1.0,1.0,1.0,0.0,0.0,0.0,0.0,0.0
Cacna1i,1.0,1.0,1.0,0.0,0.0,0.0,0.0,0.0
A430088P11Rik,1.0,1.0,1.0,0.0,0.0,0.0,0.0,0.0
Gm49512,1.0,1.0,1.0,0.0,0.0,0.0,0.0,0.0
Csdc2,1.0,1.0,1.0,0.0,0.0,0.0,0.0,0.0
Cyp2d10,1.0,1.0,1.0,0.0,0.0,0.0,0.0,0.0
Cyp2d34,1.0,1.0,1.0,0.0,0.0,0.0,0.0,0.0
Gm29019,1.0,1.0,1.0,0.0,0.0,0.0,0.0,0.0
Sult4a1,1.0,1.0,1.0,0.0,0.0,0.0,0.0,0.0
Lncppara,1.0,1.0,1.0,0.0,0.0,0.0,0.0,0.0
Tmem117,1.0,1.0,1.0,0.0,0.0,0.0,0.0,0.0
Gm26513,1.0,1.0,1.0,0.0,0.0,0.0,0.0,0.0
4930415O20Rik,1.0,1.0,1.0,0.0,0.0,0.0,0.0,0.0
Prph,1.0,1.0,1.0,0.0,0.0,0.0,0.0,0.0
Gm49494,1.0,1.0,1.0,0.0,0.0,0.0,0.0,0.0
1110013H19Rik,1.0,1.0,1.0,0.0,0.0,0.0,0.0,0.0
Gm15879,1.0,1.0,1.0,0.0,0.0,0.0,0.0,0.0
Gm41414,1.0,1.0,1.0,0.0,0.0,0.0,0.0,0.0
Prm1,1.0,1.0,1.0,0.0,0.0,0.0,0.0,0.0
Shisa9,1.0,1.0,1.0,0.0,0.0,0.0,0.0,0.0
Rtl10,1.0,1.0,1.0,0.0,0.0,0.0,0.0,0.0
Iglc4,1.0,1.0,1.0,0.0,0.0,0.0,0.0,0.0
Ece2,1.0,1.0,1.0,0.0,0.0,0.0,0.0,0.0
Thpo,1.0,1.0,1.0,0.0,0.0,0.0,0.0,0.0
Gm15651,1.0,1.0,1.0,0.0,0.0,0.0,0.0,0.0
Gm26569,1.0,1.0,1.0,0.0,0.0,0.0,0.0,0.0
Bex6,1.0,1.0,1.0,0.0,0.0,0.0,0.0,0.0
Gm34680,1.0,1.0,1.0,0.0,0.0,0.0,0.0,0.0
Cstdc5,1.0,1.0,1.0,0.0,0.0,0.0,0.0,0.0
Maats1,1.0,1.0,1.0,0.0,0.0,0.0,0.0,0.0
Cd200r3,1.0,1.0,1.0,0.0,0.0,0.0,0.0,0.0
Gm15638,1.0,1.0,1.0,0.0,0.0,0.0,0.0,0.0
Map3k7cl,1.0,1.0,1.0,0.0,0.0,0.0,0.0,0.0
Gm49625,1.0,1.0,1.0,0.0,0.0,0.0,0.0,0.0
Gm49719,1.0,1.0,1.0,0.0,0.0,0.0,0.0,0.0
Pacrg,1.0,1.0,1.0,0.0,0.0,0.0,0.0,0.0
Unc93a,1.0,1.0,1.0,0.0,0.0,0.0,0.0,0.0
2700054A10Rik,1.0,1.0,1.0,0.0,0.0,0.0,0.0,0.0
Gm6712,1.0,1.0,1.0,0.0,0.0,0.0,0.0,0.0
Vmn2r90,1.0,1.0,1.0,0.0,0.0,0.0,0.0,0.0
Vmn2r97,1.0,1.0,1.0,0.0,0.0,0.0,0.0,0.0
Zfp13,1.0,1.0,1.0,0.0,0.0,0.0,0.0,0.0
Prss27,1.0,1.0,1.0,0.0,0.0,0.0,0.0,0.0
Npw,1.0,1.0,1.0,0.0,0.0,0.0,0.0,0.0
Tpsb2,1.0,1.0,1.0,0.0,0.0,0.0,0.0,0.0
Tekt4,1.0,1.0,1.0,0.0,0.0,0.0,0.0,0.0
Rhbdl1,1.0,1.0,1.0,0.0,0.0,0.0,0.0,0.0
Arhgdig,1.0,1.0,1.0,0.0,0.0,0.0,0.0,0.0
C130040N14Rik,1.0,1.0,1.0,0.0,0.0,0.0,0.0,0.0
Gm15420,1.0,1.0,1.0,0.0,0.0,0.0,0.0,0.0
Gm49874,1.0,1.0,1.0,0.0,0.0,0.0,0.0,0.0
Clps,1.0,1.0,1.0,0.0,0.0,0.0,0.0,0.0
1700063J08Rik,1.0,1.0,1.0,0.0,0.0,0.0,0.0,0.0
Btnl1,1.0,1.0,1.0,0.0,0.0,0.0,0.0,0.0
Btnl6,1.0,1.0,1.0,0.0,0.0,0.0,0.0,0.0
Sapcd1,1.0,1.0,1.0,0.0,0.0,0.0,0.0,0.0
Msh5,1.0,1.0,1.0,0.0,0.0,0.0,0.0,0.0
Ly6g6c,1.0,1.0,1.0,0.0,0.0,0.0,0.0,0.0
Gm16279,1.0,1.0,1.0,0.0,0.0,0.0,0.0,0.0
Gm11127,1.0,1.0,1.0,0.0,0.0,0.0,0.0,0.0
Mep1a,1.0,1.0,1.0,0.0,0.0,0.0,0.0,0.0
Prr22,1.0,1.0,1.0,0.0,0.0,0.0,0.0,0.0
Cd70,1.0,1.0,1.0,0.0,0.0,0.0,0.0,0.0
Nudt12,1.0,1.0,1.0,0.0,0.0,0.0,0.0,0.0
E330032C10Rik,1.0,1.0,1.0,0.0,0.0,0.0,0.0,0.0
Cdkl4,1.0,1.0,1.0,0.0,0.0,0.0,0.0,0.0
Six2,1.0,1.0,1.0,0.0,0.0,0.0,0.0,0.0
Gm2629,1.0,1.0,1.0,0.0,0.0,0.0,0.0,0.0
B930094E09Rik,1.0,1.0,1.0,0.0,0.0,0.0,0.0,0.0
Nme5,1.0,1.0,1.0,0.0,0.0,0.0,0.0,0.0
Pcdhb4,1.0,1.0,1.0,0.0,0.0,0.0,0.0,0.0
Pcdhb6,1.0,1.0,1.0,0.0,0.0,0.0,0.0,0.0
Pcdhb8,1.0,1.0,1.0,0.0,0.0,0.0,0.0,0.0
Pcdhb13,1.0,1.0,1.0,0.0,0.0,0.0,0.0,0.0
Pcdhb15,1.0,1.0,1.0,0.0,0.0,0.0,0.0,0.0
Pcdhgb4,1.0,1.0,1.0,0.0,0.0,0.0,0.0,0.0
Sh3rf2,1.0,1.0,1.0,0.0,0.0,0.0,0.0,0.0
Gm41717,1.0,1.0,1.0,0.0,0.0,0.0,0.0,0.0
Gm49975,1.0,1.0,1.0,0.0,0.0,0.0,0.0,0.0
C030005K06Rik,1.0,1.0,1.0,0.0,0.0,0.0,0.0,0.0
Ccdc192,1.0,1.0,1.0,0.0,0.0,0.0,0.0,0.0
AC132307.1,1.0,1.0,1.0,0.0,0.0,0.0,0.0,0.0
4930445N18Rik,1.0,1.0,1.0,0.0,0.0,0.0,0.0,0.0
Gm16146,1.0,1.0,1.0,0.0,0.0,0.0,0.0,0.0
Tesmin,1.0,1.0,1.0,0.0,0.0,0.0,0.0,0.0
Gm36608,1.0,1.0,1.0,0.0,0.0,0.0,0.0,0.0
Gm17552,1.0,1.0,1.0,0.0,0.0,0.0,0.0,0.0
Syt12,1.0,1.0,1.0,0.0,0.0,0.0,0.0,0.0
Actn3,1.0,1.0,1.0,0.0,0.0,0.0,0.0,0.0
Gm28347,1.0,1.0,1.0,0.0,0.0,0.0,0.0,0.0
Glyat,1.0,1.0,1.0,0.0,0.0,0.0,0.0,0.0
4930554I06Rik,1.0,1.0,1.0,0.0,0.0,0.0,0.0,0.0
I830134H01Rik,1.0,1.0,1.0,0.0,0.0,0.0,0.0,0.0
Cyp2c68,1.0,1.0,1.0,0.0,0.0,0.0,0.0,0.0
Morn4,1.0,1.0,1.0,0.0,0.0,0.0,0.0,0.0
Cpn1,1.0,1.0,1.0,0.0,0.0,0.0,0.0,0.0
Col17a1,1.0,1.0,1.0,0.0,0.0,0.0,0.0,0.0
1700001K23Rik,1.0,1.0,1.0,0.0,0.0,0.0,0.0,0.0
Adra2a,1.0,1.0,1.0,0.0,0.0,0.0,0.0,0.0
Habp2,1.0,1.0,1.0,0.0,0.0,0.0,0.0,0.0
Gfra1,1.0,1.0,1.0,0.0,0.0,0.0,0.0,0.0
Magix,1.0,1.0,1.0,0.0,0.0,0.0,0.0,0.0
Glod5,1.0,1.0,1.0,0.0,0.0,0.0,0.0,0.0
Otc,1.0,1.0,1.0,0.0,0.0,0.0,0.0,0.0
Rhox5,1.0,1.0,1.0,0.0,0.0,0.0,0.0,0.0
Fgf13,1.0,1.0,1.0,0.0,0.0,0.0,0.0,0.0
Zfp711,1.0,1.0,1.0,0.0,0.0,0.0,0.0,0.0
Pabpc5,1.0,1.0,1.0,0.0,0.0,0.0,0.0,0.0
Nup62cl,1.0,1.0,1.0,0.0,0.0,0.0,0.0,0.0
Kcne1l,1.0,1.0,1.0,0.0,0.0,0.0,0.0,0.0
AC168977.2,1.0,1.0,1.0,0.0,0.0,0.0,0.0,0.0
Gm29112,1.0,1.0,1.0,0.0,0.0,0.0,0.0,0.0
Slc23a3,1.0,1.0,1.0,0.0,0.0,0.0,0.0,0.0
Gm29336,1.0,1.0,1.0,0.0,0.0,0.0,0.0,0.0
Thsd7b,1.0,1.0,1.0,0.0,0.0,0.0,0.0,0.0
C230024C17Rik,1.0,1.0,1.0,0.0,0.0,0.0,0.0,0.0
Gm5532,1.0,1.0,1.0,0.0,0.0,0.0,0.0,0.0
Skida1,1.0,1.0,1.0,0.0,0.0,0.0,0.0,0.0
Wdr38,1.0,1.0,1.0,0.0,0.0,0.0,0.0,0.0
Gm13778,1.0,1.0,1.0,0.0,0.0,0.0,0.0,0.0
Snph,1.0,1.0,1.0,0.0,0.0,0.0,0.0,0.0
Hsd3b3,1.0,1.0,1.0,0.0,0.0,0.0,0.0,0.0
Hao2,1.0,1.0,1.0,0.0,0.0,0.0,0.0,0.0
Gm43062,1.0,1.0,1.0,0.0,0.0,0.0,0.0,0.0
Kcna2,1.0,1.0,1.0,0.0,0.0,0.0,0.0,0.0
Lrrc19,1.0,1.0,1.0,0.0,0.0,0.0,0.0,0.0
Rap1gapos,1.0,1.0,1.0,0.0,0.0,0.0,0.0,0.0
Gnat3,1.0,1.0,1.0,0.0,0.0,0.0,0.0,0.0
Ccdc96,1.0,1.0,1.0,0.0,0.0,0.0,0.0,0.0
Gm7854,1.0,1.0,1.0,0.0,0.0,0.0,0.0,0.0
Trbv24,1.0,1.0,1.0,0.0,0.0,0.0,0.0,0.0
Gm44265,1.0,1.0,1.0,0.0,0.0,0.0,0.0,0.0
Gm44170,1.0,1.0,1.0,0.0,0.0,0.0,0.0,0.0
Grip2,1.0,1.0,1.0,0.0,0.0,0.0,0.0,0.0
Zfp114,1.0,1.0,1.0,0.0,0.0,0.0,0.0,0.0
Zfp93,1.0,1.0,1.0,0.0,0.0,0.0,0.0,0.0
Tescl,1.0,1.0,1.0,0.0,0.0,0.0,0.0,0.0
Mia,1.0,1.0,1.0,0.0,0.0,0.0,0.0,0.0
Plekhb1,1.0,1.0,1.0,0.0,0.0,0.0,0.0,0.0
Cend1,1.0,1.0,1.0,0.0,0.0,0.0,0.0,0.0
Gm45733,1.0,1.0,1.0,0.0,0.0,0.0,0.0,0.0
Gm36033,1.0,1.0,1.0,0.0,0.0,0.0,0.0,0.0
4930509E16Rik,1.0,1.0,1.0,0.0,0.0,0.0,0.0,0.0
Ddx43,1.0,1.0,1.0,0.0,0.0,0.0,0.0,0.0
Mei4,1.0,1.0,1.0,0.0,0.0,0.0,0.0,0.0
Lsmem2,1.0,1.0,1.0,0.0,0.0,0.0,0.0,0.0
Rtp3,1.0,1.0,1.0,0.0,0.0,0.0,0.0,0.0
Gm20655,1.0,1.0,1.0,0.0,0.0,0.0,0.0,0.0
Tpd52l1,1.0,1.0,1.0,0.0,0.0,0.0,0.0,0.0
Gm33782,1.0,1.0,1.0,0.0,0.0,0.0,0.0,0.0
Slc39a5,1.0,1.0,1.0,0.0,0.0,0.0,0.0,0.0
Gm11521,1.0,1.0,1.0,0.0,0.0,0.0,0.0,0.0
Hoxb5,1.0,1.0,1.0,0.0,0.0,0.0,0.0,0.0
Krt36,1.0,1.0,1.0,0.0,0.0,0.0,0.0,0.0
Zfp750,1.0,1.0,1.0,0.0,0.0,0.0,0.0,0.0
Nkx2-9,1.0,1.0,1.0,0.0,0.0,0.0,0.0,0.0
Papln,1.0,1.0,1.0,0.0,0.0,0.0,0.0,0.0
Gm266,1.0,1.0,1.0,0.0,0.0,0.0,0.0,0.0
Ighe,1.0,1.0,1.0,0.0,0.0,0.0,0.0,0.0
Ighv1-7,1.0,1.0,1.0,0.0,0.0,0.0,0.0,0.0
3830408C21Rik,1.0,1.0,1.0,0.0,0.0,0.0,0.0,0.0
1700039M10Rik,1.0,1.0,1.0,0.0,0.0,0.0,0.0,0.0
Kcnrg,1.0,1.0,1.0,0.0,0.0,0.0,0.0,0.0
Sox21,1.0,1.0,1.0,0.0,0.0,0.0,0.0,0.0
A930003A15Rik,1.0,1.0,1.0,0.0,0.0,0.0,0.0,0.0
Fetub,1.0,1.0,1.0,0.0,0.0,0.0,0.0,0.0
Stx19,1.0,1.0,1.0,0.0,0.0,0.0,0.0,0.0
Gm50254,1.0,1.0,1.0,0.0,0.0,0.0,0.0,0.0
Tmem151b,1.0,1.0,1.0,0.0,0.0,0.0,0.0,0.0
E230025N22Rik,1.0,1.0,1.0,0.0,0.0,0.0,0.0,0.0
Gm10143,1.0,1.0,1.0,0.0,0.0,0.0,0.0,0.0
Hpse2,1.0,1.0,1.0,0.0,0.0,0.0,0.0,0.0
Cyp2c23,1.0,1.0,1.0,0.0,0.0,0.0,0.0,0.0
Gm15063,1.0,1.0,1.0,0.0,0.0,0.0,0.0,0.0
Gm30414,1.0,1.0,1.0,0.0,0.0,0.0,0.0,0.0
Prdm14,1.0,1.0,1.0,0.0,0.0,0.0,0.0,0.0
Khdc1a,1.0,1.0,1.0,0.0,0.0,0.0,0.0,0.0
1700066B17Rik,1.0,1.0,1.0,0.0,0.0,0.0,0.0,0.0
Mettl21c,1.0,1.0,1.0,0.0,0.0,0.0,0.0,0.0
Gm11579,1.0,1.0,1.0,0.0,0.0,0.0,0.0,0.0
Myl1,1.0,1.0,1.0,0.0,0.0,0.0,0.0,0.0
Cps1,1.0,1.0,1.0,0.0,0.0,0.0,0.0,0.0
Cxcr1,1.0,1.0,1.0,0.0,0.0,0.0,0.0,0.0
Htr2b,1.0,1.0,1.0,0.0,0.0,0.0,0.0,0.0
Gm29101,1.0,1.0,1.0,0.0,0.0,0.0,0.0,0.0
Gal3st2,1.0,1.0,1.0,0.0,0.0,0.0,0.0,0.0
Gal3st2b,1.0,1.0,1.0,0.0,0.0,0.0,0.0,0.0
Marco,1.0,1.0,1.0,0.0,0.0,0.0,0.0,0.0
Platr1,1.0,1.0,1.0,0.0,0.0,0.0,0.0,0.0
Tnni1,1.0,1.0,1.0,0.0,0.0,0.0,0.0,0.0
Atp6v1g3,1.0,1.0,1.0,0.0,0.0,0.0,0.0,0.0
2810414N06Rik,1.0,1.0,1.0,0.0,0.0,0.0,0.0,0.0
Axdnd1,1.0,1.0,1.0,0.0,0.0,0.0,0.0,0.0
Gpr52,1.0,1.0,1.0,0.0,0.0,0.0,0.0,0.0
Sele,1.0,1.0,1.0,0.0,0.0,0.0,0.0,0.0
Kcnj9,1.0,1.0,1.0,0.0,0.0,0.0,0.0,0.0
Kif26b,1.0,1.0,1.0,0.0,0.0,0.0,0.0,0.0
A430110L20Rik,1.0,1.0,1.0,0.0,0.0,0.0,0.0,0.0
Capn8,1.0,1.0,1.0,0.0,0.0,0.0,0.0,0.0
Rd3,1.0,1.0,1.0,0.0,0.0,0.0,0.0,0.0
Gm32250,1.0,1.0,1.0,0.0,0.0,0.0,0.0,0.0
4930551O13Rik,1.0,1.0,1.0,0.0,0.0,0.0,0.0,0.0
4930426L09Rik,1.0,1.0,1.0,0.0,0.0,0.0,0.0,0.0
Gad2,1.0,1.0,1.0,0.0,0.0,0.0,0.0,0.0
Fut7,1.0,1.0,1.0,0.0,0.0,0.0,0.0,0.0
Gbgt1,1.0,1.0,1.0,0.0,0.0,0.0,0.0,0.0
Dapl1,1.0,1.0,1.0,0.0,0.0,0.0,0.0,0.0
Scn2a,1.0,1.0,1.0,0.0,0.0,0.0,0.0,0.0
Gm13713,1.0,1.0,1.0,0.0,0.0,0.0,0.0,0.0
Olfr1307,1.0,1.0,1.0,0.0,0.0,0.0,0.0,0.0
Serinc4,1.0,1.0,1.0,0.0,0.0,0.0,0.0,0.0
AI847159,1.0,1.0,1.0,0.0,0.0,0.0,0.0,0.0
Tgm3,1.0,1.0,1.0,0.0,0.0,0.0,0.0,0.0
1700026D11Rik,1.0,1.0,1.0,0.0,0.0,0.0,0.0,0.0
9030622O22Rik,1.0,1.0,1.0,0.0,0.0,0.0,0.0,0.0
Foxa2,1.0,1.0,1.0,0.0,0.0,0.0,0.0,0.0
Gm16316,1.0,1.0,1.0,0.0,0.0,0.0,0.0,0.0
Gm11457,1.0,1.0,1.0,0.0,0.0,0.0,0.0,0.0
Gm11476,1.0,1.0,1.0,0.0,0.0,0.0,0.0,0.0
Gm9873,1.0,1.0,1.0,0.0,0.0,0.0,0.0,0.0
Gm14419,1.0,1.0,1.0,0.0,0.0,0.0,0.0,0.0
Gm14410,1.0,1.0,1.0,0.0,0.0,0.0,0.0,0.0
Fabp12,1.0,1.0,1.0,0.0,0.0,0.0,0.0,0.0
Slc10a5,1.0,1.0,1.0,0.0,0.0,0.0,0.0,0.0
1700064H15Rik,1.0,1.0,1.0,0.0,0.0,0.0,0.0,0.0
Trpc3,1.0,1.0,1.0,0.0,0.0,0.0,0.0,0.0
Slc25a31,1.0,1.0,1.0,0.0,0.0,0.0,0.0,0.0
Aadac,1.0,1.0,1.0,0.0,0.0,0.0,0.0,0.0
Gm37035,1.0,1.0,1.0,0.0,0.0,0.0,0.0,0.0
Gm43714,1.0,1.0,1.0,0.0,0.0,0.0,0.0,0.0
Gm17146,1.0,1.0,1.0,0.0,0.0,0.0,0.0,0.0
Gm35439,1.0,1.0,1.0,0.0,0.0,0.0,0.0,0.0
Sprr2a1,1.0,1.0,1.0,0.0,0.0,0.0,0.0,0.0
Sprr2a2,1.0,1.0,1.0,0.0,0.0,0.0,0.0,0.0
Sprr2k,1.0,1.0,1.0,0.0,0.0,0.0,0.0,0.0
Gm4858,1.0,1.0,1.0,0.0,0.0,0.0,0.0,0.0
AC121792.1,1.0,1.0,1.0,0.0,0.0,0.0,0.0,0.0
Gm12474,1.0,1.0,1.0,0.0,0.0,0.0,0.0,0.0
Gm42939,1.0,1.0,1.0,0.0,0.0,0.0,0.0,0.0
Ampd1,1.0,1.0,1.0,0.0,0.0,0.0,0.0,0.0
Gm43063,1.0,1.0,1.0,0.0,0.0,0.0,0.0,0.0
Ovgp1,1.0,1.0,1.0,0.0,0.0,0.0,0.0,0.0
Chil5,1.0,1.0,1.0,0.0,0.0,0.0,0.0,0.0
Amy1,1.0,1.0,1.0,0.0,0.0,0.0,0.0,0.0
4933405D12Rik,1.0,1.0,1.0,0.0,0.0,0.0,0.0,0.0
Dkk2,1.0,1.0,1.0,0.0,0.0,0.0,0.0,0.0
Slc9b1,1.0,1.0,1.0,0.0,0.0,0.0,0.0,0.0
Unc5c,1.0,1.0,1.0,0.0,0.0,0.0,0.0,0.0
Gm36888,1.0,1.0,1.0,0.0,0.0,0.0,0.0,0.0
A830012C17Rik,1.0,1.0,1.0,0.0,0.0,0.0,0.0,0.0
Gm11831,1.0,1.0,1.0,0.0,0.0,0.0,0.0,0.0
Kif24,1.0,1.0,1.0,0.0,0.0,0.0,0.0,0.0
Gm21541,1.0,1.0,1.0,0.0,0.0,0.0,0.0,0.0
Gm3892,1.0,1.0,1.0,0.0,0.0,0.0,0.0,0.0
Gm568,1.0,1.0,1.0,0.0,0.0,0.0,0.0,0.0
Acnat1,1.0,1.0,1.0,0.0,0.0,0.0,0.0,0.0
Smc2os,1.0,1.0,1.0,0.0,0.0,0.0,0.0,0.0
Gm11240,1.0,1.0,1.0,0.0,0.0,0.0,0.0,0.0
Dmrta1,1.0,1.0,1.0,0.0,0.0,0.0,0.0,0.0
Elavl2,1.0,1.0,1.0,0.0,0.0,0.0,0.0,0.0
Dnajc6,1.0,1.0,1.0,0.0,0.0,0.0,0.0,0.0
Gm12996,1.0,1.0,1.0,0.0,0.0,0.0,0.0,0.0
Bmp8a,1.0,1.0,1.0,0.0,0.0,0.0,0.0,0.0
Gm28874,1.0,1.0,1.0,0.0,0.0,0.0,0.0,0.0
Gm13067,1.0,1.0,1.0,0.0,0.0,0.0,0.0,0.0
Megf6,1.0,1.0,1.0,0.0,0.0,0.0,0.0,0.0
Gm1043,1.0,1.0,1.0,0.0,0.0,0.0,0.0,0.0
Cytl1,1.0,1.0,1.0,0.0,0.0,0.0,0.0,0.0
Gm40304,1.0,1.0,1.0,0.0,0.0,0.0,0.0,0.0
Gm43042,1.0,1.0,1.0,0.0,0.0,0.0,0.0,0.0
Gabrb1,1.0,1.0,1.0,0.0,0.0,0.0,0.0,0.0
Epgn,1.0,1.0,1.0,0.0,0.0,0.0,0.0,0.0
Mapk10,1.0,1.0,1.0,0.0,0.0,0.0,0.0,0.0
Gm10419,1.0,1.0,1.0,0.0,0.0,0.0,0.0,0.0
Galnt9,1.0,1.0,1.0,0.0,0.0,0.0,0.0,0.0
Gm15559,1.0,1.0,1.0,0.0,0.0,0.0,0.0,0.0
Miat,1.0,1.0,1.0,0.0,0.0,0.0,0.0,0.0
Hnf1a,1.0,1.0,1.0,0.0,0.0,0.0,0.0,0.0
Gm38102,1.0,1.0,1.0,0.0,0.0,0.0,0.0,0.0
Ache,1.0,1.0,1.0,0.0,0.0,0.0,0.0,0.0
Cyp3a13,1.0,1.0,1.0,0.0,0.0,0.0,0.0,0.0
Papolb,1.0,1.0,1.0,0.0,0.0,0.0,0.0,0.0
Slc29a4,1.0,1.0,1.0,0.0,0.0,0.0,0.0,0.0
Fam220a,1.0,1.0,1.0,0.0,0.0,0.0,0.0,0.0
Cpa2,1.0,1.0,1.0,0.0,0.0,0.0,0.0,0.0
Gm10244,1.0,1.0,1.0,0.0,0.0,0.0,0.0,0.0
Wee2,1.0,1.0,1.0,0.0,0.0,0.0,0.0,0.0
Trbv3,1.0,1.0,1.0,0.0,0.0,0.0,0.0,0.0
Trbv15,1.0,1.0,1.0,0.0,0.0,0.0,0.0,0.0
Trbv16,1.0,1.0,1.0,0.0,0.0,0.0,0.0,0.0
Prss2,1.0,1.0,1.0,0.0,0.0,0.0,0.0,0.0
Wipf3,1.0,1.0,1.0,0.0,0.0,0.0,0.0,0.0
Atoh1,1.0,1.0,1.0,0.0,0.0,0.0,0.0,0.0
Igkv4-80,1.0,1.0,1.0,0.0,0.0,0.0,0.0,0.0
Igkv5-39,1.0,1.0,1.0,0.0,0.0,0.0,0.0,0.0
Igkv3-11,1.0,1.0,1.0,0.0,0.0,0.0,0.0,0.0
Wdr54,1.0,1.0,1.0,0.0,0.0,0.0,0.0,0.0
Gm15624,1.0,1.0,1.0,0.0,0.0,0.0,0.0,0.0
1700124L16Rik,1.0,1.0,1.0,0.0,0.0,0.0,0.0,0.0
Gm32592,1.0,1.0,1.0,0.0,0.0,0.0,0.0,0.0
Prok2,1.0,1.0,1.0,0.0,0.0,0.0,0.0,0.0
Gm44200,1.0,1.0,1.0,0.0,0.0,0.0,0.0,0.0
Cacna2d4,1.0,1.0,1.0,0.0,0.0,0.0,0.0,0.0
B4galnt3,1.0,1.0,1.0,0.0,0.0,0.0,0.0,0.0
C1rb,1.0,1.0,1.0,0.0,0.0,0.0,0.0,0.0
Clec12b,1.0,1.0,1.0,0.0,0.0,0.0,0.0,0.0
Gm156,1.0,1.0,1.0,0.0,0.0,0.0,0.0,0.0
Gm6288,1.0,1.0,1.0,0.0,0.0,0.0,0.0,0.0
Gm15929,1.0,1.0,1.0,0.0,0.0,0.0,0.0,0.0
D030047H15Rik,1.0,1.0,1.0,0.0,0.0,0.0,0.0,0.0
Shisa7,1.0,1.0,1.0,0.0,0.0,0.0,0.0,0.0
Rasl2-9,1.0,1.0,1.0,0.0,0.0,0.0,0.0,0.0
Psg16,1.0,1.0,1.0,0.0,0.0,0.0,0.0,0.0
A930016O22Rik,1.0,1.0,1.0,0.0,0.0,0.0,0.0,0.0
Gm44658,1.0,1.0,1.0,0.0,0.0,0.0,0.0,0.0
Zfp109,1.0,1.0,1.0,0.0,0.0,0.0,0.0,0.0
Zfp108,1.0,1.0,1.0,0.0,0.0,0.0,0.0,0.0
Ovol3,1.0,1.0,1.0,0.0,0.0,0.0,0.0,0.0
Krtdap,1.0,1.0,1.0,0.0,0.0,0.0,0.0,0.0
Gm10640,1.0,1.0,1.0,0.0,0.0,0.0,0.0,0.0
Gm12764,1.0,1.0,1.0,0.0,0.0,0.0,0.0,0.0
Gm2511,1.0,1.0,1.0,0.0,0.0,0.0,0.0,0.0
Klk1b9,1.0,1.0,1.0,0.0,0.0,0.0,0.0,0.0
Hrc,1.0,1.0,1.0,0.0,0.0,0.0,0.0,0.0
Izumo1,1.0,1.0,1.0,0.0,0.0,0.0,0.0,0.0
Mrgpra2a,1.0,1.0,1.0,0.0,0.0,0.0,0.0,0.0
Slc17a6,1.0,1.0,1.0,0.0,0.0,0.0,0.0,0.0
Gm34121,1.0,1.0,1.0,0.0,0.0,0.0,0.0,0.0
Apba2,1.0,1.0,1.0,0.0,0.0,0.0,0.0,0.0
Gm44689,1.0,1.0,1.0,0.0,0.0,0.0,0.0,0.0
Ttll13,1.0,1.0,1.0,0.0,0.0,0.0,0.0,0.0
Klhl35,1.0,1.0,1.0,0.0,0.0,0.0,0.0,0.0
Ric3,1.0,1.0,1.0,0.0,0.0,0.0,0.0,0.0
Rassf10,1.0,1.0,1.0,0.0,0.0,0.0,0.0,0.0
1700003G18Rik,1.0,1.0,1.0,0.0,0.0,0.0,0.0,0.0
Tmc7,1.0,1.0,1.0,0.0,0.0,0.0,0.0,0.0
Aqp8,1.0,1.0,1.0,0.0,0.0,0.0,0.0,0.0
Cox8b,1.0,1.0,1.0,0.0,0.0,0.0,0.0,0.0
Csmd1,1.0,1.0,1.0,0.0,0.0,0.0,0.0,0.0
Xkr5,1.0,1.0,1.0,0.0,0.0,0.0,0.0,0.0
Defa24,1.0,1.0,1.0,0.0,0.0,0.0,0.0,0.0
Zmat4,1.0,1.0,1.0,0.0,0.0,0.0,0.0,0.0
Mboat4,1.0,1.0,1.0,0.0,0.0,0.0,0.0,0.0
Scrg1,1.0,1.0,1.0,0.0,0.0,0.0,0.0,0.0
Gm45359,1.0,1.0,1.0,0.0,0.0,0.0,0.0,0.0
Tll1,1.0,1.0,1.0,0.0,0.0,0.0,0.0,0.0
Comp,1.0,1.0,1.0,0.0,0.0,0.0,0.0,0.0
Pde4c,1.0,1.0,1.0,0.0,0.0,0.0,0.0,0.0
Gm26586,1.0,1.0,1.0,0.0,0.0,0.0,0.0,0.0
Gm16091,1.0,1.0,1.0,0.0,0.0,0.0,0.0,0.0
Cib3,1.0,1.0,1.0,0.0,0.0,0.0,0.0,0.0
Clgn,1.0,1.0,1.0,0.0,0.0,0.0,0.0,0.0
4930432K21Rik,1.0,1.0,1.0,0.0,0.0,0.0,0.0,0.0
Crnde,1.0,1.0,1.0,0.0,0.0,0.0,0.0,0.0
Capns2,1.0,1.0,1.0,0.0,0.0,0.0,0.0,0.0
Gm31805,1.0,1.0,1.0,0.0,0.0,0.0,0.0,0.0
Ces2a,1.0,1.0,1.0,0.0,0.0,0.0,0.0,0.0
Ces2f,1.0,1.0,1.0,0.0,0.0,0.0,0.0,0.0
4930578M07Rik,1.0,1.0,1.0,0.0,0.0,0.0,0.0,0.0
Has3,1.0,1.0,1.0,0.0,0.0,0.0,0.0,0.0
Fa2h,1.0,1.0,1.0,0.0,0.0,0.0,0.0,0.0
Kcng4,1.0,1.0,1.0,0.0,0.0,0.0,0.0,0.0
A330074K22Rik,1.0,1.0,1.0,0.0,0.0,0.0,0.0,0.0
Foxc2,1.0,1.0,1.0,0.0,0.0,0.0,0.0,0.0
Map3k21,1.0,1.0,1.0,0.0,0.0,0.0,0.0,0.0
Mmp27,1.0,1.0,1.0,0.0,0.0,0.0,0.0,0.0
Gpr83,1.0,1.0,1.0,0.0,0.0,0.0,0.0,0.0
Kcnj5,1.0,1.0,1.0,0.0,0.0,0.0,0.0,0.0
Gm27162,1.0,1.0,1.0,0.0,0.0,0.0,0.0,0.0
Abcg4,1.0,1.0,1.0,0.0,0.0,0.0,0.0,0.0
Dscaml1,1.0,1.0,1.0,0.0,0.0,0.0,0.0,0.0
C2cd4a,1.0,1.0,1.0,0.0,0.0,0.0,0.0,0.0
Gm10642,1.0,1.0,1.0,0.0,0.0,0.0,0.0,0.0
Khdc3,1.0,1.0,1.0,0.0,0.0,0.0,0.0,0.0
Tbx18,1.0,1.0,1.0,0.0,0.0,0.0,0.0,0.0
Rbp2,1.0,1.0,1.0,0.0,0.0,0.0,0.0,0.0
Gpr62,1.0,1.0,1.0,0.0,0.0,0.0,0.0,0.0
Dock3,1.0,1.0,1.0,0.0,0.0,0.0,0.0,0.0
Gm37850,1.0,1.0,1.0,0.0,0.0,0.0,0.0,0.0
Gm38134,1.0,1.0,1.0,0.0,0.0,0.0,0.0,0.0
Ccdc36,1.0,1.0,1.0,0.0,0.0,0.0,0.0,0.0
Celsr3,1.0,1.0,1.0,0.0,0.0,0.0,0.0,0.0
Ngp,1.0,1.0,1.0,0.0,0.0,0.0,0.0,0.0
Gm31410,1.0,1.0,1.0,0.0,0.0,0.0,0.0,0.0
Gm47112,1.0,1.0,1.0,0.0,0.0,0.0,0.0,0.0
Mfsd4b5,1.0,1.0,1.0,0.0,0.0,0.0,0.0,0.0
Ppil6,1.0,1.0,1.0,0.0,0.0,0.0,0.0,0.0
Gm47398,1.0,1.0,1.0,0.0,0.0,0.0,0.0,0.0
Fam184a,1.0,1.0,1.0,0.0,0.0,0.0,0.0,0.0
Gm26947,1.0,1.0,1.0,0.0,0.0,0.0,0.0,0.0
Gm31763,1.0,1.0,1.0,0.0,0.0,0.0,0.0,0.0
Ggt1,1.0,1.0,1.0,0.0,0.0,0.0,0.0,0.0
Madcam1,1.0,1.0,1.0,0.0,0.0,0.0,0.0,0.0
Fgf22,1.0,1.0,1.0,0.0,0.0,0.0,0.0,0.0
Reep6,1.0,1.0,1.0,0.0,0.0,0.0,0.0,0.0
Gm29093,1.0,1.0,1.0,0.0,0.0,0.0,0.0,0.0
Gm16104,1.0,1.0,1.0,0.0,0.0,0.0,0.0,0.0
Ppfia2,1.0,1.0,1.0,0.0,0.0,0.0,0.0,0.0
D630029K05Rik,1.0,1.0,1.0,0.0,0.0,0.0,0.0,0.0
Gpr182,1.0,1.0,1.0,0.0,0.0,0.0,0.0,0.0
Rdh16,1.0,1.0,1.0,0.0,0.0,0.0,0.0,0.0
Gm31793,1.0,1.0,1.0,0.0,0.0,0.0,0.0,0.0
Myl7,1.0,1.0,1.0,0.0,0.0,0.0,0.0,0.0
Nacad,1.0,1.0,1.0,0.0,0.0,0.0,0.0,0.0
Vstm2a,1.0,1.0,1.0,0.0,0.0,0.0,0.0,0.0
Kcnip1,1.0,1.0,1.0,0.0,0.0,0.0,0.0,0.0
Gm12148,1.0,1.0,1.0,0.0,0.0,0.0,0.0,0.0
4933415A04Rik,1.0,1.0,1.0,0.0,0.0,0.0,0.0,0.0
Gm12169,1.0,1.0,1.0,0.0,0.0,0.0,0.0,0.0
Gm12195,1.0,1.0,1.0,0.0,0.0,0.0,0.0,0.0
Grm6,1.0,1.0,1.0,0.0,0.0,0.0,0.0,0.0
Fstl4,1.0,1.0,1.0,0.0,0.0,0.0,0.0,0.0
Slc36a3,1.0,1.0,1.0,0.0,0.0,0.0,0.0,0.0
Cfap52,1.0,1.0,1.0,0.0,0.0,0.0,0.0,0.0
Efnb3,1.0,1.0,1.0,0.0,0.0,0.0,0.0,0.0
Ybx2,1.0,1.0,1.0,0.0,0.0,0.0,0.0,0.0
4732414G09Rik,1.0,1.0,1.0,0.0,0.0,0.0,0.0,0.0
Gemin4,1.0,1.0,1.0,0.0,0.0,0.0,0.0,0.0
Vtn,1.0,1.0,1.0,0.0,0.0,0.0,0.0,0.0
Tbx4,1.0,1.0,1.0,0.0,0.0,0.0,0.0,0.0
Gm11532,1.0,1.0,1.0,0.0,0.0,0.0,0.0,0.0
Krt28,1.0,1.0,1.0,0.0,0.0,0.0,0.0,0.0
Krtap3-1,1.0,1.0,1.0,0.0,0.0,0.0,0.0,0.0
Nags,1.0,1.0,1.0,0.0,0.0,0.0,0.0,0.0
Arhgap27os1,1.0,1.0,1.0,0.0,0.0,0.0,0.0,0.0
Gm11716,1.0,1.0,1.0,0.0,0.0,0.0,0.0,0.0
Evpl,1.0,1.0,1.0,0.0,0.0,0.0,0.0,0.0
Ccdc40,1.0,1.0,1.0,0.0,0.0,0.0,0.0,0.0
2810410L24Rik,1.0,1.0,1.0,0.0,0.0,0.0,0.0,0.0
Fam228a,1.0,1.0,1.0,0.0,0.0,0.0,0.0,0.0
Apob,1.0,1.0,1.0,0.0,0.0,0.0,0.0,0.0
5033421B08Rik,1.0,1.0,1.0,0.0,0.0,0.0,0.0,0.0
5730507C01Rik,1.0,1.0,1.0,0.0,0.0,0.0,0.0,0.0
Gm4425,1.0,1.0,1.0,0.0,0.0,0.0,0.0,0.0
Gm48809,1.0,1.0,1.0,0.0,0.0,0.0,0.0,0.0
Npas3,1.0,1.0,1.0,0.0,0.0,0.0,0.0,0.0
Cdkl1,1.0,1.0,1.0,0.0,0.0,0.0,0.0,0.0
Gm10457,1.0,1.0,1.0,0.0,0.0,0.0,0.0,0.0
Six4,1.0,1.0,1.0,0.0,0.0,0.0,0.0,0.0
Gm34552,1.0,1.0,1.0,0.0,0.0,0.0,0.0,0.0
Gm48780,1.0,1.0,1.0,0.0,0.0,0.0,0.0,0.0
Gm36660,1.0,1.0,1.0,0.0,0.0,0.0,0.0,0.0
4930423D22Rik,1.0,1.0,1.0,0.0,0.0,0.0,0.0,0.0
Tshr,1.0,1.0,1.0,0.0,0.0,0.0,0.0,0.0
Gm26839,1.0,1.0,1.0,0.0,0.0,0.0,0.0,0.0
4930477G07Rik,1.0,1.0,1.0,0.0,0.0,0.0,0.0,0.0
Gm10432,1.0,1.0,1.0,0.0,0.0,0.0,0.0,0.0
Gm2800,1.0,1.0,1.0,0.0,0.0,0.0,0.0,0.0
Ighv15-2,1.0,1.0,1.0,0.0,0.0,0.0,0.0,0.0
Ighv1-38,1.0,1.0,1.0,0.0,0.0,0.0,0.0,0.0
Ighv1-43,1.0,1.0,1.0,0.0,0.0,0.0,0.0,0.0
Ighv1-61,1.0,1.0,1.0,0.0,0.0,0.0,0.0,0.0
Ighv1-62-1,1.0,1.0,1.0,0.0,0.0,0.0,0.0,0.0
Ighv1-75,1.0,1.0,1.0,0.0,0.0,0.0,0.0,0.0
Ighv1-82,1.0,1.0,1.0,0.0,0.0,0.0,0.0,0.0
Gm11027,1.0,1.0,1.0,0.0,0.0,0.0,0.0,0.0
4930470G03Rik,1.0,1.0,1.0,0.0,0.0,0.0,0.0,0.0
Hist1h3b,1.0,1.0,1.0,0.0,0.0,0.0,0.0,0.0
Gm29675,1.0,1.0,1.0,0.0,0.0,0.0,0.0,0.0
Gm48708,1.0,1.0,1.0,0.0,0.0,0.0,0.0,0.0
Gm28760,1.0,1.0,1.0,0.0,0.0,0.0,0.0,0.0
Gm34788,1.0,1.0,1.0,0.0,0.0,0.0,0.0,0.0
Gm48116,1.0,1.0,1.0,0.0,0.0,0.0,0.0,0.0
Gm47424,1.0,1.0,1.0,0.0,0.0,0.0,0.0,0.0
Gm48899,1.0,1.0,1.0,0.0,0.0,0.0,0.0,0.0
Gm49223,1.0,1.0,1.0,0.0,0.0,0.0,0.0,0.0
Ankdd1b,1.0,1.0,1.0,0.0,0.0,0.0,0.0,0.0
Gm48837,1.0,1.0,1.0,0.0,0.0,0.0,0.0,0.0
A430090L17Rik,1.0,1.0,1.0,0.0,0.0,0.0,0.0,0.0
Gm17509,1.0,1.0,1.0,0.0,0.0,0.0,0.0,0.0
D830030K20Rik,1.0,1.0,1.0,0.0,0.0,0.0,0.0,0.0
2610042L04Rik,1.0,1.0,1.0,0.0,0.0,0.0,0.0,0.0
Gm8281,1.0,1.0,1.0,0.0,0.0,0.0,0.0,0.0
Gm3468,1.0,1.0,1.0,0.0,0.0,0.0,0.0,0.0
Zmiz1os1,1.0,1.0,1.0,0.0,0.0,0.0,0.0,0.0
Arf4os,1.0,1.0,1.0,0.0,0.0,0.0,0.0,0.0
4930431P03Rik,1.0,1.0,1.0,0.0,0.0,0.0,0.0,0.0
A530076I17Rik,1.0,1.0,1.0,0.0,0.0,0.0,0.0,0.0
Gm35166,1.0,1.0,1.0,0.0,0.0,0.0,0.0,0.0
Pnp2,1.0,1.0,1.0,0.0,0.0,0.0,0.0,0.0
Trav3-1,1.0,1.0,1.0,0.0,0.0,0.0,0.0,0.0
Trav10d,1.0,1.0,1.0,0.0,0.0,0.0,0.0,0.0
Trav8d-2,1.0,1.0,1.0,0.0,0.0,0.0,0.0,0.0
Trav16d-dv11,1.0,1.0,1.0,0.0,0.0,0.0,0.0,0.0
Trav8n-2,1.0,1.0,1.0,0.0,0.0,0.0,0.0,0.0
Trav7-4,1.0,1.0,1.0,0.0,0.0,0.0,0.0,0.0
Rec8,1.0,1.0,1.0,0.0,0.0,0.0,0.0,0.0
Tnfrsf19,1.0,1.0,1.0,0.0,0.0,0.0,0.0,0.0
Lgi3,1.0,1.0,1.0,0.0,0.0,0.0,0.0,0.0
Gm49164,1.0,1.0,1.0,0.0,0.0,0.0,0.0,0.0
Olfm4,1.0,1.0,1.0,0.0,0.0,0.0,0.0,0.0
Pcdh20,1.0,1.0,1.0,0.0,0.0,0.0,0.0,0.0
Pou4f1,1.0,1.0,1.0,0.0,0.0,0.0,0.0,0.0
Slc15a1,1.0,1.0,1.0,0.0,0.0,0.0,0.0,0.0
Itgbl1,1.0,1.0,1.0,0.0,0.0,0.0,0.0,0.0
C9,1.0,1.0,1.0,0.0,0.0,0.0,0.0,0.0
Gm34590,1.0,1.0,1.0,0.0,0.0,0.0,0.0,0.0
Gm26766,1.0,1.0,1.0,0.0,0.0,0.0,0.0,0.0
Gm35019,1.0,1.0,1.0,0.0,0.0,0.0,0.0,0.0
Pkhd1l1,1.0,1.0,1.0,0.0,0.0,0.0,0.0,0.0
4930544F09Rik,1.0,1.0,1.0,0.0,0.0,0.0,0.0,0.0
Gm38563,1.0,1.0,1.0,0.0,0.0,0.0,0.0,0.0
Gm6569,1.0,1.0,1.0,0.0,0.0,0.0,0.0,0.0
Gm28068,1.0,1.0,1.0,0.0,0.0,0.0,0.0,0.0
Ly6g2,1.0,1.0,1.0,0.0,0.0,0.0,0.0,0.0
Apol10a,1.0,1.0,1.0,0.0,0.0,0.0,0.0,0.0
Apol8,1.0,1.0,1.0,0.0,0.0,0.0,0.0,0.0
Gm49694,1.0,1.0,1.0,0.0,0.0,0.0,0.0,0.0
Lgals2,1.0,1.0,1.0,0.0,0.0,0.0,0.0,0.0
Gm10863,1.0,1.0,1.0,0.0,0.0,0.0,0.0,0.0
Gm16576,1.0,1.0,1.0,0.0,0.0,0.0,0.0,0.0
Gm17025,1.0,1.0,1.0,0.0,0.0,0.0,0.0,0.0
Gm20621,1.0,1.0,1.0,0.0,0.0,0.0,0.0,0.0
Gm41386,1.0,1.0,1.0,0.0,0.0,0.0,0.0,0.0
Gm17058,1.0,1.0,1.0,0.0,0.0,0.0,0.0,0.0
Gm17057,1.0,1.0,1.0,0.0,0.0,0.0,0.0,0.0
Krt87,1.0,1.0,1.0,0.0,0.0,0.0,0.0,0.0
Gm15859,1.0,1.0,1.0,0.0,0.0,0.0,0.0,0.0
Pla2g10os,1.0,1.0,1.0,0.0,0.0,0.0,0.0,0.0
Serpind1,1.0,1.0,1.0,0.0,0.0,0.0,0.0,0.0
Muc20,1.0,1.0,1.0,0.0,0.0,0.0,0.0,0.0
Stfa2,1.0,1.0,1.0,0.0,0.0,0.0,0.0,0.0
Cd200r2,1.0,1.0,1.0,0.0,0.0,0.0,0.0,0.0
Morc1,1.0,1.0,1.0,0.0,0.0,0.0,0.0,0.0
Gm15839,1.0,1.0,1.0,0.0,0.0,0.0,0.0,0.0
4930478L05Rik,1.0,1.0,1.0,0.0,0.0,0.0,0.0,0.0
2310079G19Rik,1.0,1.0,1.0,0.0,0.0,0.0,0.0,0.0
4930404I05Rik,1.0,1.0,1.0,0.0,0.0,0.0,0.0,0.0
Gm5678,1.0,1.0,1.0,0.0,0.0,0.0,0.0,0.0
T2,1.0,1.0,1.0,0.0,0.0,0.0,0.0,0.0
1700010I14Rik,1.0,1.0,1.0,0.0,0.0,0.0,0.0,0.0
Acat3,1.0,1.0,1.0,0.0,0.0,0.0,0.0,0.0
Tcp10b,1.0,1.0,1.0,0.0,0.0,0.0,0.0,0.0
Tcte2,1.0,1.0,1.0,0.0,0.0,0.0,0.0,0.0
Prss41,1.0,1.0,1.0,0.0,0.0,0.0,0.0,0.0
Fbxl16,1.0,1.0,1.0,0.0,0.0,0.0,0.0,0.0
Ip6k3,1.0,1.0,1.0,0.0,0.0,0.0,0.0,0.0
Gm50068,1.0,1.0,1.0,0.0,0.0,0.0,0.0,0.0
Gm9902,1.0,1.0,1.0,0.0,0.0,0.0,0.0,0.0
Cryaa,1.0,1.0,1.0,0.0,0.0,0.0,0.0,0.0
Ephx3,1.0,1.0,1.0,0.0,0.0,0.0,0.0,0.0
Ager,1.0,1.0,1.0,0.0,0.0,0.0,0.0,0.0
Gm6034,1.0,1.0,1.0,0.0,0.0,0.0,0.0,0.0
1600014C23Rik,1.0,1.0,1.0,0.0,0.0,0.0,0.0,0.0
F630040K05Rik,1.0,1.0,1.0,0.0,0.0,0.0,0.0,0.0
Apobec2,1.0,1.0,1.0,0.0,0.0,0.0,0.0,0.0
Unc5cl,1.0,1.0,1.0,0.0,0.0,0.0,0.0,0.0
Pp2d1,1.0,1.0,1.0,0.0,0.0,0.0,0.0,0.0
Sult1c2,1.0,1.0,1.0,0.0,0.0,0.0,0.0,0.0
Vmn2r120,1.0,1.0,1.0,0.0,0.0,0.0,0.0,0.0
Gm49967,1.0,1.0,1.0,0.0,0.0,0.0,0.0,0.0
Abcg5,1.0,1.0,1.0,0.0,0.0,0.0,0.0,0.0
Gm50023,1.0,1.0,1.0,0.0,0.0,0.0,0.0,0.0
1010001N08Rik,1.0,1.0,1.0,0.0,0.0,0.0,0.0,0.0
Gm15956,1.0,1.0,1.0,0.0,0.0,0.0,0.0,0.0
Reep2,1.0,1.0,1.0,0.0,0.0,0.0,0.0,0.0
Gm50149,1.0,1.0,1.0,0.0,0.0,0.0,0.0,0.0
Pcdhga7,1.0,1.0,1.0,0.0,0.0,0.0,0.0,0.0
Pcdhgb7,1.0,1.0,1.0,0.0,0.0,0.0,0.0,0.0
2010320O07Rik,1.0,1.0,1.0,0.0,0.0,0.0,0.0,0.0
Gm5820,1.0,1.0,1.0,0.0,0.0,0.0,0.0,0.0
Gm15337,1.0,1.0,1.0,0.0,0.0,0.0,0.0,0.0
Jakmip2,1.0,1.0,1.0,0.0,0.0,0.0,0.0,0.0
Gm41760,1.0,1.0,1.0,0.0,0.0,0.0,0.0,0.0
Gm20544,1.0,1.0,1.0,0.0,0.0,0.0,0.0,0.0
Rbfaos,1.0,1.0,1.0,0.0,0.0,0.0,0.0,0.0
Aldh3b2,1.0,1.0,1.0,0.0,0.0,0.0,0.0,0.0
2010003K11Rik,1.0,1.0,1.0,0.0,0.0,0.0,0.0,0.0
Gpha2,1.0,1.0,1.0,0.0,0.0,0.0,0.0,0.0
Zbtb3,1.0,1.0,1.0,0.0,0.0,0.0,0.0,0.0
Gm50322,1.0,1.0,1.0,0.0,0.0,0.0,0.0,0.0
Gm36913,1.0,1.0,1.0,0.0,0.0,0.0,0.0,0.0
Gm30042,1.0,1.0,1.0,0.0,0.0,0.0,0.0,0.0
Ms4a10,1.0,1.0,1.0,0.0,0.0,0.0,0.0,0.0
Gm5244,1.0,1.0,1.0,0.0,0.0,0.0,0.0,0.0
Mlana,1.0,1.0,1.0,0.0,0.0,0.0,0.0,0.0
Ifit1bl2,1.0,1.0,1.0,0.0,0.0,0.0,0.0,0.0
Slit1,1.0,1.0,1.0,0.0,0.0,0.0,0.0,0.0
Gm16244,1.0,1.0,1.0,0.0,0.0,0.0,0.0,0.0
4930505N22Rik,1.0,1.0,1.0,0.0,0.0,0.0,0.0,0.0
Plekhs1,1.0,1.0,1.0,0.0,0.0,0.0,0.0,0.0
Smim10l2a,1.0,1.0,1.0,0.0,0.0,0.0,0.0,0.0
Xlr3a,1.0,1.0,1.0,0.0,0.0,0.0,0.0,0.0
Trex2,1.0,1.0,1.0,0.0,0.0,0.0,0.0,0.0
Gm614,1.0,1.0,1.0,0.0,0.0,0.0,0.0,0.0
Pwwp3b,1.0,1.0,1.0,0.0,0.0,0.0,0.0,0.0
Capn6,1.0,1.0,1.0,0.0,0.0,0.0,0.0,0.0
Cnksr2,1.0,1.0,1.0,0.0,0.0,0.0,0.0,0.0
Ppef1,1.0,1.0,1.0,0.0,0.0,0.0,0.0,0.0
AC132444.1,1.0,1.0,1.0,0.0,0.0,0.0,0.0,0.0
D930019O06Rik,1.0,1.0,1.0,0.0,0.0,0.0,0.0,0.0
Flacc1,1.0,1.0,1.0,0.0,0.0,0.0,0.0,0.0
6030407O03Rik,1.0,1.0,1.0,0.0,0.0,0.0,0.0,0.0
Gpbar1,1.0,1.0,1.0,0.0,0.0,0.0,0.0,0.0
Gm10552,1.0,1.0,1.0,0.0,0.0,0.0,0.0,0.0
Panct2,1.0,1.0,1.0,0.0,0.0,0.0,0.0,0.0
A530053M12Rik,1.0,1.0,1.0,0.0,0.0,0.0,0.0,0.0
D630008O14Rik,1.0,1.0,1.0,0.0,0.0,0.0,0.0,0.0
Dpp10,1.0,1.0,1.0,0.0,0.0,0.0,0.0,0.0
Shcbp1l,1.0,1.0,1.0,0.0,0.0,0.0,0.0,0.0
Casq1,1.0,1.0,1.0,0.0,0.0,0.0,0.0,0.0
Atp1a4,1.0,1.0,1.0,0.0,0.0,0.0,0.0,0.0
Gm10516,1.0,1.0,1.0,0.0,0.0,0.0,0.0,0.0
Cdnf,1.0,1.0,1.0,0.0,0.0,0.0,0.0,0.0
Gm38287,1.0,1.0,1.0,0.0,0.0,0.0,0.0,0.0
Mamdc4,1.0,1.0,1.0,0.0,0.0,0.0,0.0,0.0
Sp5,1.0,1.0,1.0,0.0,0.0,0.0,0.0,0.0
Gm13657,1.0,1.0,1.0,0.0,0.0,0.0,0.0,0.0
Cd59b,1.0,1.0,1.0,0.0,0.0,0.0,0.0,0.0
Gm14123,1.0,1.0,1.0,0.0,0.0,0.0,0.0,0.0
Zfp966,1.0,1.0,1.0,0.0,0.0,0.0,0.0,0.0
B230312C02Rik,1.0,1.0,1.0,0.0,0.0,0.0,0.0,0.0
2700069I18Rik,1.0,1.0,1.0,0.0,0.0,0.0,0.0,0.0
Gm26850,1.0,1.0,1.0,0.0,0.0,0.0,0.0,0.0
Glrb,1.0,1.0,1.0,0.0,0.0,0.0,0.0,0.0
Lrat,1.0,1.0,1.0,0.0,0.0,0.0,0.0,0.0
Gm37240,1.0,1.0,1.0,0.0,0.0,0.0,0.0,0.0
Bnipl,1.0,1.0,1.0,0.0,0.0,0.0,0.0,0.0
Vtcn1,1.0,1.0,1.0,0.0,0.0,0.0,0.0,0.0
Uox,1.0,1.0,1.0,0.0,0.0,0.0,0.0,0.0
Astn2,1.0,1.0,1.0,0.0,0.0,0.0,0.0,0.0
Gm830,1.0,1.0,1.0,0.0,0.0,0.0,0.0,0.0
9530080O11Rik,1.0,1.0,1.0,0.0,0.0,0.0,0.0,0.0
Cyp4x1,1.0,1.0,1.0,0.0,0.0,0.0,0.0,0.0
Hpdl,1.0,1.0,1.0,0.0,0.0,0.0,0.0,0.0
Tctex1d4,1.0,1.0,1.0,0.0,0.0,0.0,0.0,0.0
Hpcal4,1.0,1.0,1.0,0.0,0.0,0.0,0.0,0.0
Gjb4,1.0,1.0,1.0,0.0,0.0,0.0,0.0,0.0
Dcdc2b,1.0,1.0,1.0,0.0,0.0,0.0,0.0,0.0
Il22ra1,1.0,1.0,1.0,0.0,0.0,0.0,0.0,0.0
Hes2,1.0,1.0,1.0,0.0,0.0,0.0,0.0,0.0
Ttll10,1.0,1.0,1.0,0.0,0.0,0.0,0.0,0.0
4632411P08Rik,1.0,1.0,1.0,0.0,0.0,0.0,0.0,0.0
Gm7879,1.0,1.0,1.0,0.0,0.0,0.0,0.0,0.0
Fam184b,1.0,1.0,1.0,0.0,0.0,0.0,0.0,0.0
Kcnip4,1.0,1.0,1.0,0.0,0.0,0.0,0.0,0.0
Slc34a2,1.0,1.0,1.0,0.0,0.0,0.0,0.0,0.0
Cckar,1.0,1.0,1.0,0.0,0.0,0.0,0.0,0.0
Corin,1.0,1.0,1.0,0.0,0.0,0.0,0.0,0.0
Prkg2,1.0,1.0,1.0,0.0,0.0,0.0,0.0,0.0
Wscd2,1.0,1.0,1.0,0.0,0.0,0.0,0.0,0.0
Gm13832,1.0,1.0,1.0,0.0,0.0,0.0,0.0,0.0
Myl10,1.0,1.0,1.0,0.0,0.0,0.0,0.0,0.0
Gm40348,1.0,1.0,1.0,0.0,0.0,0.0,0.0,0.0
Zan,1.0,1.0,1.0,0.0,0.0,0.0,0.0,0.0
Rbakdn,1.0,1.0,1.0,0.0,0.0,0.0,0.0,0.0
Trbv5,1.0,1.0,1.0,0.0,0.0,0.0,0.0,0.0
Gm5111,1.0,1.0,1.0,0.0,0.0,0.0,0.0,0.0
Igkv17-121,1.0,1.0,1.0,0.0,0.0,0.0,0.0,0.0
Igkv2-112,1.0,1.0,1.0,0.0,0.0,0.0,0.0,0.0
Igkv14-100,1.0,1.0,1.0,0.0,0.0,0.0,0.0,0.0
Igkv4-58,1.0,1.0,1.0,0.0,0.0,0.0,0.0,0.0
Igkv4-51,1.0,1.0,1.0,0.0,0.0,0.0,0.0,0.0
Gm20594,1.0,1.0,1.0,0.0,0.0,0.0,0.0,0.0
B230319C09Rik,1.0,1.0,1.0,0.0,0.0,0.0,0.0,0.0
Gm44091,1.0,1.0,1.0,0.0,0.0,0.0,0.0,0.0
Tmem40,1.0,1.0,1.0,0.0,0.0,0.0,0.0,0.0
Lpar5,1.0,1.0,1.0,0.0,0.0,0.0,0.0,0.0
Gm17089,1.0,1.0,1.0,0.0,0.0,0.0,0.0,0.0
Lmo3,1.0,1.0,1.0,0.0,0.0,0.0,0.0,0.0
Slco1c1,1.0,1.0,1.0,0.0,0.0,0.0,0.0,0.0
D830036C21Rik,1.0,1.0,1.0,0.0,0.0,0.0,0.0,0.0
Scgb2b7,1.0,1.0,1.0,0.0,0.0,0.0,0.0,0.0
Gm45486,1.0,1.0,1.0,0.0,0.0,0.0,0.0,0.0
Dbx1,1.0,1.0,1.0,0.0,0.0,0.0,0.0,0.0
Gm45235,1.0,1.0,1.0,0.0,0.0,0.0,0.0,0.0
Fam189a1,1.0,1.0,1.0,0.0,0.0,0.0,0.0,0.0
Folr1,1.0,1.0,1.0,0.0,0.0,0.0,0.0,0.0
Scnn1b,1.0,1.0,1.0,0.0,0.0,0.0,0.0,0.0
Gm45847,1.0,1.0,1.0,0.0,0.0,0.0,0.0,0.0
4931415C17Rik,1.0,1.0,1.0,0.0,0.0,0.0,0.0,0.0
Defa30,1.0,1.0,1.0,0.0,0.0,0.0,0.0,0.0
Gm10644,1.0,1.0,1.0,0.0,0.0,0.0,0.0,0.0
Gm39214,1.0,1.0,1.0,0.0,0.0,0.0,0.0,0.0
4831440D22Rik,1.0,1.0,1.0,0.0,0.0,0.0,0.0,0.0
Irx3,1.0,1.0,1.0,0.0,0.0,0.0,0.0,0.0
Gm39228,1.0,1.0,1.0,0.0,0.0,0.0,0.0,0.0
Tmed6,1.0,1.0,1.0,0.0,0.0,0.0,0.0,0.0
Gm17344,1.0,1.0,1.0,0.0,0.0,0.0,0.0,0.0
Fat3,1.0,1.0,1.0,0.0,0.0,0.0,0.0,0.0
Gm47772,1.0,1.0,1.0,0.0,0.0,0.0,0.0,0.0
Gm29642,1.0,1.0,1.0,0.0,0.0,0.0,0.0,0.0
Pate2,1.0,1.0,1.0,0.0,0.0,0.0,0.0,0.0
E230034D01Rik,1.0,1.0,1.0,0.0,0.0,0.0,0.0,0.0
BC049987,1.0,1.0,1.0,0.0,0.0,0.0,0.0,0.0
Gm39326,1.0,1.0,1.0,0.0,0.0,0.0,0.0,0.0
Gm32742,1.0,1.0,1.0,0.0,0.0,0.0,0.0,0.0
Peak1os,1.0,1.0,1.0,0.0,0.0,0.0,0.0,0.0
Scarletltr,1.0,1.0,1.0,0.0,0.0,0.0,0.0,0.0
Gm10634,1.0,1.0,1.0,0.0,0.0,0.0,0.0,0.0
C430002N11Rik,1.0,1.0,1.0,0.0,0.0,0.0,0.0,0.0
1700039M15Rik,1.0,1.0,1.0,0.0,0.0,0.0,0.0,0.0
Camp,1.0,1.0,1.0,0.0,0.0,0.0,0.0,0.0
Lrrc2,1.0,1.0,1.0,0.0,0.0,0.0,0.0,0.0
Gm2415,1.0,1.0,1.0,0.0,0.0,0.0,0.0,0.0
Ccdc13,1.0,1.0,1.0,0.0,0.0,0.0,0.0,0.0
Cyp8b1,1.0,1.0,1.0,0.0,0.0,0.0,0.0,0.0
Gm17200,1.0,1.0,1.0,0.0,0.0,0.0,0.0,0.0
Clvs2,1.0,1.0,1.0,0.0,0.0,0.0,0.0,0.0
Ddo,1.0,1.0,1.0,0.0,0.0,0.0,0.0,0.0
Gm47257,1.0,1.0,1.0,0.0,0.0,0.0,0.0,0.0
Mrln,1.0,1.0,1.0,0.0,0.0,0.0,0.0,0.0
S100b,1.0,1.0,1.0,0.0,0.0,0.0,0.0,0.0
4921516A02Rik,1.0,1.0,1.0,0.0,0.0,0.0,0.0,0.0
Hcn2,1.0,1.0,1.0,0.0,0.0,0.0,0.0,0.0
Creb3l3,1.0,1.0,1.0,0.0,0.0,0.0,0.0,0.0
Gm47708,1.0,1.0,1.0,0.0,0.0,0.0,0.0,0.0
Gm48505,1.0,1.0,1.0,0.0,0.0,0.0,0.0,0.0
Gm47956,1.0,1.0,1.0,0.0,0.0,0.0,0.0,0.0
Vmn2r84,1.0,1.0,1.0,0.0,0.0,0.0,0.0,0.0
Gm11963,1.0,1.0,1.0,0.0,0.0,0.0,0.0,0.0
BC053393,1.0,1.0,1.0,0.0,0.0,0.0,0.0,0.0
Zfp354b,1.0,1.0,1.0,0.0,0.0,0.0,0.0,0.0
D930048N14Rik,1.0,1.0,1.0,0.0,0.0,0.0,0.0,0.0
Gm12204,1.0,1.0,1.0,0.0,0.0,0.0,0.0,0.0
Hand1,1.0,1.0,1.0,0.0,0.0,0.0,0.0,0.0
Gm12301,1.0,1.0,1.0,0.0,0.0,0.0,0.0,0.0
Tnfsf13os,1.0,1.0,1.0,0.0,0.0,0.0,0.0,0.0
Efcab5,1.0,1.0,1.0,0.0,0.0,0.0,0.0,0.0
Gm10392,1.0,1.0,1.0,0.0,0.0,0.0,0.0,0.0
1700020L24Rik,1.0,1.0,1.0,0.0,0.0,0.0,0.0,0.0
Hoxb5os,1.0,1.0,1.0,0.0,0.0,0.0,0.0,0.0
Srcin1,1.0,1.0,1.0,0.0,0.0,0.0,0.0,0.0
Tcap,1.0,1.0,1.0,0.0,0.0,0.0,0.0,0.0
Krt15,1.0,1.0,1.0,0.0,0.0,0.0,0.0,0.0
Higd1b,1.0,1.0,1.0,0.0,0.0,0.0,0.0,0.0
Ccdc103,1.0,1.0,1.0,0.0,0.0,0.0,0.0,0.0
Gm11639,1.0,1.0,1.0,0.0,0.0,0.0,0.0,0.0
Galr2,1.0,1.0,1.0,0.0,0.0,0.0,0.0,0.0
St6galnac2.1,1.0,1.0,1.0,0.0,0.0,0.0,0.0,0.0
Gm11725,1.0,1.0,1.0,0.0,0.0,0.0,0.0,0.0
Gm26520,1.0,1.0,1.0,0.0,0.0,0.0,0.0,0.0
Gm48898,1.0,1.0,1.0,0.0,0.0,0.0,0.0,0.0
Lratd1,1.0,1.0,1.0,0.0,0.0,0.0,0.0,0.0
Gm36287,1.0,1.0,1.0,0.0,0.0,0.0,0.0,0.0
Arl4aos,1.0,1.0,1.0,0.0,0.0,0.0,0.0,0.0
1700081N11Rik,1.0,1.0,1.0,0.0,0.0,0.0,0.0,0.0
Ttc6,1.0,1.0,1.0,0.0,0.0,0.0,0.0,0.0
9430078K24Rik,1.0,1.0,1.0,0.0,0.0,0.0,0.0,0.0
Slc10a1,1.0,1.0,1.0,0.0,0.0,0.0,0.0,0.0
Gm32296,1.0,1.0,1.0,0.0,0.0,0.0,0.0,0.0
Gm48008,1.0,1.0,1.0,0.0,0.0,0.0,0.0,0.0
Ism2,1.0,1.0,1.0,0.0,0.0,0.0,0.0,0.0
Gm8378,1.0,1.0,1.0,0.0,0.0,0.0,0.0,0.0
Gm47415,1.0,1.0,1.0,0.0,0.0,0.0,0.0,0.0
Serpina9,1.0,1.0,1.0,0.0,0.0,0.0,0.0,0.0
A230087F16Rik,1.0,1.0,1.0,0.0,0.0,0.0,0.0,0.0
9230104M06Rik,1.0,1.0,1.0,0.0,0.0,0.0,0.0,0.0
Chrm3,1.0,1.0,1.0,0.0,0.0,0.0,0.0,0.0
Pou6f2,1.0,1.0,1.0,0.0,0.0,0.0,0.0,0.0
Hist1h4m,1.0,1.0,1.0,0.0,0.0,0.0,0.0,0.0
Hist1h4f,1.0,1.0,1.0,0.0,0.0,0.0,0.0,0.0
Serpinb9b,1.0,1.0,1.0,0.0,0.0,0.0,0.0,0.0
4930447K03Rik,1.0,1.0,1.0,0.0,0.0,0.0,0.0,0.0
A830009L08Rik,1.0,1.0,1.0,0.0,0.0,0.0,0.0,0.0
Gm48876,1.0,1.0,1.0,0.0,0.0,0.0,0.0,0.0
Gm11100,1.0,1.0,1.0,0.0,0.0,0.0,0.0,0.0
Gm46447,1.0,1.0,1.0,0.0,0.0,0.0,0.0,0.0
Gm34934,1.0,1.0,1.0,0.0,0.0,0.0,0.0,0.0
Slc39a2,1.0,1.0,1.0,0.0,0.0,0.0,0.0,0.0
Gm49086,1.0,1.0,1.0,0.0,0.0,0.0,0.0,0.0
Trav4-4-dv10,1.0,1.0,1.0,0.0,0.0,0.0,0.0,0.0
Trav17,1.0,1.0,1.0,0.0,0.0,0.0,0.0,0.0
4930579G18Rik,1.0,1.0,1.0,0.0,0.0,0.0,0.0,0.0
Carmil3,1.0,1.0,1.0,0.0,0.0,0.0,0.0,0.0
Tssk4,1.0,1.0,1.0,0.0,0.0,0.0,0.0,0.0
Abra,1.0,1.0,1.0,0.0,0.0,0.0,0.0,0.0
Csmd3,1.0,1.0,1.0,0.0,0.0,0.0,0.0,0.0
Kcnh3,1.0,1.0,1.0,0.0,0.0,0.0,0.0,0.0
Gp5,1.0,1.0,1.0,0.0,0.0,0.0,0.0,0.0
Zdhhc19,1.0,1.0,1.0,0.0,0.0,0.0,0.0,0.0
Gm15657,1.0,1.0,1.0,0.0,0.0,0.0,0.0,0.0
Gm15829,1.0,1.0,1.0,0.0,0.0,0.0,0.0,0.0
Gm49662,1.0,1.0,1.0,0.0,0.0,0.0,0.0,0.0
Tagln3,1.0,1.0,1.0,0.0,0.0,0.0,0.0,0.0
Pcp4,1.0,1.0,1.0,0.0,0.0,0.0,0.0,0.0
4930506C21Rik,1.0,1.0,1.0,0.0,0.0,0.0,0.0,0.0
Prss22,1.0,1.0,1.0,0.0,0.0,0.0,0.0,0.0
Gm50013,1.0,1.0,1.0,0.0,0.0,0.0,0.0,0.0
Gm49886,1.0,1.0,1.0,0.0,0.0,0.0,0.0,0.0
Cpne5,1.0,1.0,1.0,0.0,0.0,0.0,0.0,0.0
Glp1r,1.0,1.0,1.0,0.0,0.0,0.0,0.0,0.0
Tmprss3,1.0,1.0,1.0,0.0,0.0,0.0,0.0,0.0
Gm50218,1.0,1.0,1.0,0.0,0.0,0.0,0.0,0.0
Cyp4f39,1.0,1.0,1.0,0.0,0.0,0.0,0.0,0.0
Gm10501,1.0,1.0,1.0,0.0,0.0,0.0,0.0,0.0
H2-Q1,1.0,1.0,1.0,0.0,0.0,0.0,0.0,0.0
Psors1c2,1.0,1.0,1.0,0.0,0.0,0.0,0.0,0.0
Runx2os2,1.0,1.0,1.0,0.0,0.0,0.0,0.0,0.0
Acer1,1.0,1.0,1.0,0.0,0.0,0.0,0.0,0.0
Abcg8,1.0,1.0,1.0,0.0,0.0,0.0,0.0,0.0
4933408B17Rik,1.0,1.0,1.0,0.0,0.0,0.0,0.0,0.0
Spink5,1.0,1.0,1.0,0.0,0.0,0.0,0.0,0.0
Ctxn3,1.0,1.0,1.0,0.0,0.0,0.0,0.0,0.0
Slc6a7,1.0,1.0,1.0,0.0,0.0,0.0,0.0,0.0
Gm46620,1.0,1.0,1.0,0.0,0.0,0.0,0.0,0.0
Gm30082,1.0,1.0,1.0,0.0,0.0,0.0,0.0,0.0
A930001C03Rik,1.0,1.0,1.0,0.0,0.0,0.0,0.0,0.0
Gm50341,1.0,1.0,1.0,0.0,0.0,0.0,0.0,0.0
Gm50210,1.0,1.0,1.0,0.0,0.0,0.0,0.0,0.0
Abcc2,1.0,1.0,1.0,0.0,0.0,0.0,0.0,0.0
6720468P15Rik,1.0,1.0,1.0,0.0,0.0,0.0,0.0,0.0
Gm26652,1.0,1.0,1.0,0.0,0.0,0.0,0.0,0.0
Rtl8c,1.0,1.0,1.0,0.0,0.0,0.0,0.0,0.0
Zfp185,1.0,1.0,1.0,0.0,0.0,0.0,0.0,0.0
Plxnb3,1.0,1.0,1.0,0.0,0.0,0.0,0.0,0.0
Xkr9,1.0,1.0,1.0,0.0,0.0,0.0,0.0,0.0
Ugt1a6b,1.0,1.0,1.0,0.0,0.0,0.0,0.0,0.0
Mroh3,1.0,1.0,1.0,0.0,0.0,0.0,0.0,0.0
F13b,1.0,1.0,1.0,0.0,0.0,0.0,0.0,0.0
Gm13185,1.0,1.0,1.0,0.0,0.0,0.0,0.0,0.0
9330198N18Rik,1.0,1.0,1.0,0.0,0.0,0.0,0.0,0.0
Lor,1.0,1.0,1.0,0.0,0.0,0.0,0.0,0.0
Ddit4l,1.0,1.0,1.0,0.0,0.0,0.0,0.0,0.0
Slc44a5,1.0,1.0,1.0,0.0,0.0,0.0,0.0,0.0
Gm26638,1.0,1.0,1.0,0.0,0.0,0.0,0.0,0.0
Igkv4-61,1.0,1.0,1.0,0.0,0.0,0.0,0.0,0.0
1700058P15Rik,1.0,1.0,1.0,0.0,0.0,0.0,0.0,0.0
Gm32633,1.0,1.0,1.0,0.0,0.0,0.0,0.0,0.0
Sez6l2,1.0,1.0,1.0,0.0,0.0,0.0,0.0,0.0
Prss53,1.0,1.0,1.0,0.0,0.0,0.0,0.0,0.0
D830024N08Rik,1.0,1.0,1.0,0.0,0.0,0.0,0.0,0.0
Gm10721,1.0,1.0,1.0,0.0,0.0,0.0,0.0,0.0
Gm45494,1.0,1.0,1.0,0.0,0.0,0.0,0.0,0.0
Gm49380,1.0,1.0,1.0,0.0,0.0,0.0,0.0,0.0
Tex12,1.0,1.0,1.0,0.0,0.0,0.0,0.0,0.0
Gm3776,1.0,1.0,1.0,0.0,0.0,0.0,0.0,0.0
Heatr9,1.0,1.0,1.0,0.0,0.0,0.0,0.0,0.0
Gm34868,1.0,1.0,1.0,0.0,0.0,0.0,0.0,0.0
Gm36423,1.0,1.0,1.0,0.0,0.0,0.0,0.0,0.0
Eci3,1.0,1.0,1.0,0.0,0.0,0.0,0.0,0.0
Gm34939,1.0,1.0,1.0,0.0,0.0,0.0,0.0,0.0
Gm15537,1.0,1.0,1.0,0.0,0.0,0.0,0.0,0.0
4930509G22Rik,1.0,1.0,1.0,0.0,0.0,0.0,0.0,0.0
Tmprss7,1.0,1.0,1.0,0.0,0.0,0.0,0.0,0.0
Gm50336,1.0,1.0,1.0,0.0,0.0,0.0,0.0,0.0
Gm15821,1.0,1.0,1.0,0.0,0.0,0.0,0.0,0.0
Gm49970,1.0,1.0,1.0,0.0,0.0,0.0,0.0,0.0
Htr4,1.0,1.0,1.0,0.0,0.0,0.0,0.0,0.0
Lancl3,1.0,1.0,1.0,0.0,0.0,0.0,0.0,0.0
Nxf2,1.0,1.0,1.0,0.0,0.0,0.0,0.0,0.0
AC132444.6,1.0,1.0,1.0,0.0,0.0,0.0,0.0,0.0
Crispld1,1.0,1.0,1.0,0.0,0.0,0.0,0.0,0.0
Aox3,1.0,1.0,1.0,0.0,0.0,0.0,0.0,0.0
Aox4,1.0,1.0,1.0,0.0,0.0,0.0,0.0,0.0
Gpr1,1.0,1.0,1.0,0.0,0.0,0.0,0.0,0.0
Cryba2,1.0,1.0,1.0,0.0,0.0,0.0,0.0,0.0
Inha,1.0,1.0,1.0,0.0,0.0,0.0,0.0,0.0
Col4a3,1.0,1.0,1.0,0.0,0.0,0.0,0.0,0.0
Gm16341,1.0,1.0,1.0,0.0,0.0,0.0,0.0,0.0
Ugt1a5,1.0,1.0,1.0,0.0,0.0,0.0,0.0,0.0
D130058E05Rik,1.0,1.0,1.0,0.0,0.0,0.0,0.0,0.0
Gal3st2c,1.0,1.0,1.0,0.0,0.0,0.0,0.0,0.0
Cdh19,1.0,1.0,1.0,0.0,0.0,0.0,0.0,0.0
Gm27184,1.0,1.0,1.0,0.0,0.0,0.0,0.0,0.0
Cd55b,1.0,1.0,1.0,0.0,0.0,0.0,0.0,0.0
Optc,1.0,1.0,1.0,0.0,0.0,0.0,0.0,0.0
Gpr37l1,1.0,1.0,1.0,0.0,0.0,0.0,0.0,0.0
Gm29290,1.0,1.0,1.0,0.0,0.0,0.0,0.0,0.0
Pappa2,1.0,1.0,1.0,0.0,0.0,0.0,0.0,0.0
4930558K02Rik,1.0,1.0,1.0,0.0,0.0,0.0,0.0,0.0
Gm16701.1,1.0,1.0,1.0,0.0,0.0,0.0,0.0,0.0
Gm15852,1.0,1.0,1.0,0.0,0.0,0.0,0.0,0.0
4930500M09Rik,1.0,1.0,1.0,0.0,0.0,0.0,0.0,0.0
Klhdc9,1.0,1.0,1.0,0.0,0.0,0.0,0.0,0.0
Stum,1.0,1.0,1.0,0.0,0.0,0.0,0.0,0.0
A430027H14Rik,1.0,1.0,1.0,0.0,0.0,0.0,0.0,0.0
Gm13199,1.0,1.0,1.0,0.0,0.0,0.0,0.0,0.0
Cacna1b,1.0,1.0,1.0,0.0,0.0,0.0,0.0,0.0
Cel,1.0,1.0,1.0,0.0,0.0,0.0,0.0,0.0
Lamc3,1.0,1.0,1.0,0.0,0.0,0.0,0.0,0.0
9030204H09Rik,1.0,1.0,1.0,0.0,0.0,0.0,0.0,0.0
Olfml2a,1.0,1.0,1.0,0.0,0.0,0.0,0.0,0.0
Gad1,1.0,1.0,1.0,0.0,0.0,0.0,0.0,0.0
Gm26558,1.0,1.0,1.0,0.0,0.0,0.0,0.0,0.0
Hoxd12,1.0,1.0,1.0,0.0,0.0,0.0,0.0,0.0
Agbl2,1.0,1.0,1.0,0.0,0.0,0.0,0.0,0.0
Gm9913,1.0,1.0,1.0,0.0,0.0,0.0,0.0,0.0
Gpat2,1.0,1.0,1.0,0.0,0.0,0.0,0.0,0.0
Gfra4,1.0,1.0,1.0,0.0,0.0,0.0,0.0,0.0
Hao1,1.0,1.0,1.0,0.0,0.0,0.0,0.0,0.0
Tmem74b,1.0,1.0,1.0,0.0,0.0,0.0,0.0,0.0
Efcab8,1.0,1.0,1.0,0.0,0.0,0.0,0.0,0.0
Fam83c,1.0,1.0,1.0,0.0,0.0,0.0,0.0,0.0
Adig,1.0,1.0,1.0,0.0,0.0,0.0,0.0,0.0
Ptprt,1.0,1.0,1.0,0.0,0.0,0.0,0.0,0.0
R3hdml,1.0,1.0,1.0,0.0,0.0,0.0,0.0,0.0
Rbpjl,1.0,1.0,1.0,0.0,0.0,0.0,0.0,0.0
Wfdc3,1.0,1.0,1.0,0.0,0.0,0.0,0.0,0.0
1110018N20Rik,1.0,1.0,1.0,0.0,0.0,0.0,0.0,0.0
Dok5,1.0,1.0,1.0,0.0,0.0,0.0,0.0,0.0
Gm14443,1.0,1.0,1.0,0.0,0.0,0.0,0.0,0.0
Agtr1b,1.0,1.0,1.0,0.0,0.0,0.0,0.0,0.0
Egfem1,1.0,1.0,1.0,0.0,0.0,0.0,0.0,0.0
Frem2,1.0,1.0,1.0,0.0,0.0,0.0,0.0,0.0
AI849053,1.0,1.0,1.0,0.0,0.0,0.0,0.0,0.0
Bglap,1.0,1.0,1.0,0.0,0.0,0.0,0.0,0.0
Gm42743,1.0,1.0,1.0,0.0,0.0,0.0,0.0,0.0
Gm43465,1.0,1.0,1.0,0.0,0.0,0.0,0.0,0.0
Pifo,1.0,1.0,1.0,0.0,0.0,0.0,0.0,0.0
Gm12524,1.0,1.0,1.0,0.0,0.0,0.0,0.0,0.0
Ntng1,1.0,1.0,1.0,0.0,0.0,0.0,0.0,0.0
Gm35065,1.0,1.0,1.0,0.0,0.0,0.0,0.0,0.0
Ndst4,1.0,1.0,1.0,0.0,0.0,0.0,0.0,0.0
Pitx2,1.0,1.0,1.0,0.0,0.0,0.0,0.0,0.0
Ak5,1.0,1.0,1.0,0.0,0.0,0.0,0.0,0.0
Lrrc7,1.0,1.0,1.0,0.0,0.0,0.0,0.0,0.0
Gm11816,1.0,1.0,1.0,0.0,0.0,0.0,0.0,0.0
Necab1,1.0,1.0,1.0,0.0,0.0,0.0,0.0,0.0
Ttpa,1.0,1.0,1.0,0.0,0.0,0.0,0.0,0.0
Gpr63,1.0,1.0,1.0,0.0,0.0,0.0,0.0,0.0
2310081O03Rik,1.0,1.0,1.0,0.0,0.0,0.0,0.0,0.0
Gm12580,1.0,1.0,1.0,0.0,0.0,0.0,0.0,0.0
Gm12703,1.0,1.0,1.0,0.0,0.0,0.0,0.0,0.0
Maneal,1.0,1.0,1.0,0.0,0.0,0.0,0.0,0.0
Grik3,1.0,1.0,1.0,0.0,0.0,0.0,0.0,0.0
2610028E06Rik,1.0,1.0,1.0,0.0,0.0,0.0,0.0,0.0
Tmem200b,1.0,1.0,1.0,0.0,0.0,0.0,0.0,0.0
Tent5b,1.0,1.0,1.0,0.0,0.0,0.0,0.0,0.0
Kif17,1.0,1.0,1.0,0.0,0.0,0.0,0.0,0.0
Hspb7,1.0,1.0,1.0,0.0,0.0,0.0,0.0,0.0
Zfp985,1.0,1.0,1.0,0.0,0.0,0.0,0.0,0.0
Chd5,1.0,1.0,1.0,0.0,0.0,0.0,0.0,0.0
4933402N22Rik,1.0,1.0,1.0,0.0,0.0,0.0,0.0,0.0
Gm29254,1.0,1.0,1.0,0.0,0.0,0.0,0.0,0.0
Kcnh2,1.0,1.0,1.0,0.0,0.0,0.0,0.0,0.0
Kctd8,1.0,1.0,1.0,0.0,0.0,0.0,0.0,0.0
Cplx1,1.0,1.0,1.0,0.0,0.0,0.0,0.0,0.0
C130026L21Rik,1.0,1.0,1.0,0.0,0.0,0.0,0.0,0.0
4930562A09Rik,1.0,1.0,1.0,0.0,0.0,0.0,0.0,0.0
9530046B11Rik,1.0,1.0,1.0,0.0,0.0,0.0,0.0,0.0
Tbx3os1,1.0,1.0,1.0,0.0,0.0,0.0,0.0,0.0
Gm43050,1.0,1.0,1.0,0.0,0.0,0.0,0.0,0.0
Rflna,1.0,1.0,1.0,0.0,0.0,0.0,0.0,0.0
Tmem132c,1.0,1.0,1.0,0.0,0.0,0.0,0.0,0.0
Vgf,1.0,1.0,1.0,0.0,0.0,0.0,0.0,0.0
Gm8066,1.0,1.0,1.0,0.0,0.0,0.0,0.0,0.0
Nptx2,1.0,1.0,1.0,0.0,0.0,0.0,0.0,0.0
Opn1sw,1.0,1.0,1.0,0.0,0.0,0.0,0.0,0.0
Atp6v0a4,1.0,1.0,1.0,0.0,0.0,0.0,0.0,0.0
Fam131b,1.0,1.0,1.0,0.0,0.0,0.0,0.0,0.0
Gm44226,1.0,1.0,1.0,0.0,0.0,0.0,0.0,0.0
C530044C16Rik,1.0,1.0,1.0,0.0,0.0,0.0,0.0,0.0
Hoxa2,1.0,1.0,1.0,0.0,0.0,0.0,0.0,0.0
Hoxaas2,1.0,1.0,1.0,0.0,0.0,0.0,0.0,0.0
Hottip,1.0,1.0,1.0,0.0,0.0,0.0,0.0,0.0
Gm16499,1.0,1.0,1.0,0.0,0.0,0.0,0.0,0.0
4930597O21Rik,1.0,1.0,1.0,0.0,0.0,0.0,0.0,0.0
Igkv1-122,1.0,1.0,1.0,0.0,0.0,0.0,0.0,0.0
Igkv12-38,1.0,1.0,1.0,0.0,0.0,0.0,0.0,0.0
Gm19265,1.0,1.0,1.0,0.0,0.0,0.0,0.0,0.0
Cfap100,1.0,1.0,1.0,0.0,0.0,0.0,0.0,0.0
Cntn6,1.0,1.0,1.0,0.0,0.0,0.0,0.0,0.0
4930540M05Rik,1.0,1.0,1.0,0.0,0.0,0.0,0.0,0.0
Tuba8,1.0,1.0,1.0,0.0,0.0,0.0,0.0,0.0
A230083G16Rik,1.0,1.0,1.0,0.0,0.0,0.0,0.0,0.0
Kcna1,1.0,1.0,1.0,0.0,0.0,0.0,0.0,0.0
Kcna6,1.0,1.0,1.0,0.0,0.0,0.0,0.0,0.0
Gm43126,1.0,1.0,1.0,0.0,0.0,0.0,0.0,0.0
Gm44190,1.0,1.0,1.0,0.0,0.0,0.0,0.0,0.0
Clec2e,1.0,1.0,1.0,0.0,0.0,0.0,0.0,0.0
Mansc4,1.0,1.0,1.0,0.0,0.0,0.0,0.0,0.0
Gm3854,1.0,1.0,1.0,0.0,0.0,0.0,0.0,0.0
Mzf1,1.0,1.0,1.0,0.0,0.0,0.0,0.0,0.0
Slc8a2,1.0,1.0,1.0,0.0,0.0,0.0,0.0,0.0
Gm44702,1.0,1.0,1.0,0.0,0.0,0.0,0.0,0.0
Gm38393,1.0,1.0,1.0,0.0,0.0,0.0,0.0,0.0
A330076H08Rik,1.0,1.0,1.0,0.0,0.0,0.0,0.0,0.0
Gm44949,1.0,1.0,1.0,0.0,0.0,0.0,0.0,0.0
Ccdc81,1.0,1.0,1.0,0.0,0.0,0.0,0.0,0.0
Gm45159,1.0,1.0,1.0,0.0,0.0,0.0,0.0,0.0
Olfr558,1.0,1.0,1.0,0.0,0.0,0.0,0.0,0.0
Jakmip3,1.0,1.0,1.0,0.0,0.0,0.0,0.0,0.0
Sprn,1.0,1.0,1.0,0.0,0.0,0.0,0.0,0.0
Shank2,1.0,1.0,1.0,0.0,0.0,0.0,0.0,0.0
Gm39121,1.0,1.0,1.0,0.0,0.0,0.0,0.0,0.0
Gm31045,1.0,1.0,1.0,0.0,0.0,0.0,0.0,0.0
Kcnu1,1.0,1.0,1.0,0.0,0.0,0.0,0.0,0.0
Apela,1.0,1.0,1.0,0.0,0.0,0.0,0.0,0.0
Slc18a1,1.0,1.0,1.0,0.0,0.0,0.0,0.0,0.0
Iqcm,1.0,1.0,1.0,0.0,0.0,0.0,0.0,0.0
Gm16183,1.0,1.0,1.0,0.0,0.0,0.0,0.0,0.0
Rtbdn,1.0,1.0,1.0,0.0,0.0,0.0,0.0,0.0
Tepp,1.0,1.0,1.0,0.0,0.0,0.0,0.0,0.0
Gm20163,1.0,1.0,1.0,0.0,0.0,0.0,0.0,0.0
Tat,1.0,1.0,1.0,0.0,0.0,0.0,0.0,0.0
Gm45890,1.0,1.0,1.0,0.0,0.0,0.0,0.0,0.0
Capn9,1.0,1.0,1.0,0.0,0.0,0.0,0.0,0.0
Gm10717,1.0,1.0,1.0,0.0,0.0,0.0,0.0,0.0
Olfm2,1.0,1.0,1.0,0.0,0.0,0.0,0.0,0.0
Elavl3,1.0,1.0,1.0,0.0,0.0,0.0,0.0,0.0
Cnn1,1.0,1.0,1.0,0.0,0.0,0.0,0.0,0.0
6530413G14Rik,1.0,1.0,1.0,0.0,0.0,0.0,0.0,0.0
Olfr889,1.0,1.0,1.0,0.0,0.0,0.0,0.0,0.0
Olfr921,1.0,1.0,1.0,0.0,0.0,0.0,0.0,0.0
Gm48293,1.0,1.0,1.0,0.0,0.0,0.0,0.0,0.0
Gm30015,1.0,1.0,1.0,0.0,0.0,0.0,0.0,0.0
Pdzd3,1.0,1.0,1.0,0.0,0.0,0.0,0.0,0.0
Tmprss13,1.0,1.0,1.0,0.0,0.0,0.0,0.0,0.0
Nrg4,1.0,1.0,1.0,0.0,0.0,0.0,0.0,0.0
Hcn4,1.0,1.0,1.0,0.0,0.0,0.0,0.0,0.0
9230112J17Rik,1.0,1.0,1.0,0.0,0.0,0.0,0.0,0.0
Pif1,1.0,1.0,1.0,0.0,0.0,0.0,0.0,0.0
Gm27253,1.0,1.0,1.0,0.0,0.0,0.0,0.0,0.0
Unc13c,1.0,1.0,1.0,0.0,0.0,0.0,0.0,0.0
Gm37637,1.0,1.0,1.0,0.0,0.0,0.0,0.0,0.0
Gm37963,1.0,1.0,1.0,0.0,0.0,0.0,0.0,0.0
Tmie,1.0,1.0,1.0,0.0,0.0,0.0,0.0,0.0
Dclk3,1.0,1.0,1.0,0.0,0.0,0.0,0.0,0.0
Zcwpw2,1.0,1.0,1.0,0.0,0.0,0.0,0.0,0.0
Klhl40,1.0,1.0,1.0,0.0,0.0,0.0,0.0,0.0
A730085K08Rik,1.0,1.0,1.0,0.0,0.0,0.0,0.0,0.0
Gm48545,1.0,1.0,1.0,0.0,0.0,0.0,0.0,0.0
Hey2,1.0,1.0,1.0,0.0,0.0,0.0,0.0,0.0
Grik2,1.0,1.0,1.0,0.0,0.0,0.0,0.0,0.0
Atoh7,1.0,1.0,1.0,0.0,0.0,0.0,0.0,0.0
Ctnna3,1.0,1.0,1.0,0.0,0.0,0.0,0.0,0.0
Phyhipl,1.0,1.0,1.0,0.0,0.0,0.0,0.0,0.0
Olfr57,1.0,1.0,1.0,0.0,0.0,0.0,0.0,0.0
Scamp4,1.0,1.0,1.0,0.0,0.0,0.0,0.0,0.0
Gm33843,1.0,1.0,1.0,0.0,0.0,0.0,0.0,0.0
Epyc,1.0,1.0,1.0,0.0,0.0,0.0,0.0,0.0
B530045E10Rik,1.0,1.0,1.0,0.0,0.0,0.0,0.0,0.0
Gm47101,1.0,1.0,1.0,0.0,0.0,0.0,0.0,0.0
Slc6a15,1.0,1.0,1.0,0.0,0.0,0.0,0.0,0.0
Gm28592,1.0,1.0,1.0,0.0,0.0,0.0,0.0,0.0
Trhde,1.0,1.0,1.0,0.0,0.0,0.0,0.0,0.0
Grip1,1.0,1.0,1.0,0.0,0.0,0.0,0.0,0.0
Gm47093,1.0,1.0,1.0,0.0,0.0,0.0,0.0,0.0
Pla2g3,1.0,1.0,1.0,0.0,0.0,0.0,0.0,0.0
Osbp2,1.0,1.0,1.0,0.0,0.0,0.0,0.0,0.0
4921536K21Rik,1.0,1.0,1.0,0.0,0.0,0.0,0.0,0.0
Adcy1,1.0,1.0,1.0,0.0,0.0,0.0,0.0,0.0
Gm12002,1.0,1.0,1.0,0.0,0.0,0.0,0.0,0.0
Ccdc85a,1.0,1.0,1.0,0.0,0.0,0.0,0.0,0.0
4931440F15Rik,1.0,1.0,1.0,0.0,0.0,0.0,0.0,0.0
Gm29237,1.0,1.0,1.0,0.0,0.0,0.0,0.0,0.0
Gm8098,1.0,1.0,1.0,0.0,0.0,0.0,0.0,0.0
Gm12158,1.0,1.0,1.0,0.0,0.0,0.0,0.0,0.0
Zfp454,1.0,1.0,1.0,0.0,0.0,0.0,0.0,0.0
Gm12207,1.0,1.0,1.0,0.0,0.0,0.0,0.0,0.0
Gm12248,1.0,1.0,1.0,0.0,0.0,0.0,0.0,0.0
1810063I02Rik,1.0,1.0,1.0,0.0,0.0,0.0,0.0,0.0
Aldh3a1,1.0,1.0,1.0,0.0,0.0,0.0,0.0,0.0
Tvp23bos,1.0,1.0,1.0,0.0,0.0,0.0,0.0,0.0
9130213A22Rik,1.0,1.0,1.0,0.0,0.0,0.0,0.0,0.0
Trarg1,1.0,1.0,1.0,0.0,0.0,0.0,0.0,0.0
Foxn1,1.0,1.0,1.0,0.0,0.0,0.0,0.0,0.0
Rasl10b,1.0,1.0,1.0,0.0,0.0,0.0,0.0,0.0
Mmp28,1.0,1.0,1.0,0.0,0.0,0.0,0.0,0.0
Nxph3,1.0,1.0,1.0,0.0,0.0,0.0,0.0,0.0
2410004I01Rik,1.0,1.0,1.0,0.0,0.0,0.0,0.0,0.0
Gh,1.0,1.0,1.0,0.0,0.0,0.0,0.0,0.0
Gm11738,1.0,1.0,1.0,0.0,0.0,0.0,0.0,0.0
Rad51ap2,1.0,1.0,1.0,0.0,0.0,0.0,0.0,0.0
Sox11,1.0,1.0,1.0,0.0,0.0,0.0,0.0,0.0
Sostdc1,1.0,1.0,1.0,0.0,0.0,0.0,0.0,0.0
D630036H23Rik,1.0,1.0,1.0,0.0,0.0,0.0,0.0,0.0
Slc25a21,1.0,1.0,1.0,0.0,0.0,0.0,0.0,0.0
Gm47752,1.0,1.0,1.0,0.0,0.0,0.0,0.0,0.0
Dpf3,1.0,1.0,1.0,0.0,0.0,0.0,0.0,0.0
Gm47447,1.0,1.0,1.0,0.0,0.0,0.0,0.0,0.0
Gm47796,1.0,1.0,1.0,0.0,0.0,0.0,0.0,0.0
Dio3,1.0,1.0,1.0,0.0,0.0,0.0,0.0,0.0
Ighv6-7,1.0,1.0,1.0,0.0,0.0,0.0,0.0,0.0
Ighv1-28,1.0,1.0,1.0,0.0,0.0,0.0,0.0,0.0
1700016G22Rik,1.0,1.0,1.0,0.0,0.0,0.0,0.0,0.0
Gm26645,1.0,1.0,1.0,0.0,0.0,0.0,0.0,0.0
4933412O06Rik,1.0,1.0,1.0,0.0,0.0,0.0,0.0,0.0
Gm11309,1.0,1.0,1.0,0.0,0.0,0.0,0.0,0.0
Nrsn1,1.0,1.0,1.0,0.0,0.0,0.0,0.0,0.0
Gm40909,1.0,1.0,1.0,0.0,0.0,0.0,0.0,0.0
A730081D07Rik,1.0,1.0,1.0,0.0,0.0,0.0,0.0,0.0
Diras2,1.0,1.0,1.0,0.0,0.0,0.0,0.0,0.0
Ntrk2,1.0,1.0,1.0,0.0,0.0,0.0,0.0,0.0
1700001L19Rik,1.0,1.0,1.0,0.0,0.0,0.0,0.0,0.0
Fam81b,1.0,1.0,1.0,0.0,0.0,0.0,0.0,0.0
S100z,1.0,1.0,1.0,0.0,0.0,0.0,0.0,0.0
Foxd1,1.0,1.0,1.0,0.0,0.0,0.0,0.0,0.0
Gm3164,1.0,1.0,1.0,0.0,0.0,0.0,0.0,0.0
Gm3488,1.0,1.0,1.0,0.0,0.0,0.0,0.0,0.0
Gm8237,1.0,1.0,1.0,0.0,0.0,0.0,0.0,0.0
Gm10406,1.0,1.0,1.0,0.0,0.0,0.0,0.0,0.0
Gm3558,1.0,1.0,1.0,0.0,0.0,0.0,0.0,0.0
Fam107a,1.0,1.0,1.0,0.0,0.0,0.0,0.0,0.0
Plac9a,1.0,1.0,1.0,0.0,0.0,0.0,0.0,0.0
Gm9780,1.0,1.0,1.0,0.0,0.0,0.0,0.0,0.0
4933413J09Rik,1.0,1.0,1.0,0.0,0.0,0.0,0.0,0.0
Cacna2d3,1.0,1.0,1.0,0.0,0.0,0.0,0.0,0.0
Dnah1,1.0,1.0,1.0,0.0,0.0,0.0,0.0,0.0
Gm47547,1.0,1.0,1.0,0.0,0.0,0.0,0.0,0.0
Gm15218,1.0,1.0,1.0,0.0,0.0,0.0,0.0,0.0
Rubie,1.0,1.0,1.0,0.0,0.0,0.0,0.0,0.0
Vmn2r89,1.0,1.0,1.0,0.0,0.0,0.0,0.0,0.0
Adra1a,1.0,1.0,1.0,0.0,0.0,0.0,0.0,0.0
Nefm,1.0,1.0,1.0,0.0,0.0,0.0,0.0,0.0
Adam28,1.0,1.0,1.0,0.0,0.0,0.0,0.0,0.0
Gm49417,1.0,1.0,1.0,0.0,0.0,0.0,0.0,0.0
1700108F19Rik,1.0,1.0,1.0,0.0,0.0,0.0,0.0,0.0
Scel,1.0,1.0,1.0,0.0,0.0,0.0,0.0,0.0
Cthrc1,1.0,1.0,1.0,0.0,0.0,0.0,0.0,0.0
Gm26684,1.0,1.0,1.0,0.0,0.0,0.0,0.0,0.0
Gm16006,1.0,1.0,1.0,0.0,0.0,0.0,0.0,0.0
Gm2895,1.0,1.0,1.0,0.0,0.0,0.0,0.0,0.0
Sox10,1.0,1.0,1.0,0.0,0.0,0.0,0.0,0.0
Mchr1,1.0,1.0,1.0,0.0,0.0,0.0,0.0,0.0
Pdzrn4,1.0,1.0,1.0,0.0,0.0,0.0,0.0,0.0
Adamts20,1.0,1.0,1.0,0.0,0.0,0.0,0.0,0.0
Slc38a4,1.0,1.0,1.0,0.0,0.0,0.0,0.0,0.0
Dhh,1.0,1.0,1.0,0.0,0.0,0.0,0.0,0.0
Mettl7a3,1.0,1.0,1.0,0.0,0.0,0.0,0.0,0.0
Gm5475,1.0,1.0,1.0,0.0,0.0,0.0,0.0,0.0
Krt6b,1.0,1.0,1.0,0.0,0.0,0.0,0.0,0.0
Hoxc10,1.0,1.0,1.0,0.0,0.0,0.0,0.0,0.0
Hoxc6,1.0,1.0,1.0,0.0,0.0,0.0,0.0,0.0
Atf7ip2,1.0,1.0,1.0,0.0,0.0,0.0,0.0,0.0
Lamp3,1.0,1.0,1.0,0.0,0.0,0.0,0.0,0.0
Gm536,1.0,1.0,1.0,0.0,0.0,0.0,0.0,0.0
Tm4sf19,1.0,1.0,1.0,0.0,0.0,0.0,0.0,0.0
Igsf11,1.0,1.0,1.0,0.0,0.0,0.0,0.0,0.0
Gap43,1.0,1.0,1.0,0.0,0.0,0.0,0.0,0.0
Gm29686,1.0,1.0,1.0,0.0,0.0,0.0,0.0,0.0
Cadm2,1.0,1.0,1.0,0.0,0.0,0.0,0.0,0.0
Ncam2,1.0,1.0,1.0,0.0,0.0,0.0,0.0,0.0
Ttll2,1.0,1.0,1.0,0.0,0.0,0.0,0.0,0.0
Wfikkn1,1.0,1.0,1.0,0.0,0.0,0.0,0.0,0.0
Gm50295,1.0,1.0,1.0,0.0,0.0,0.0,0.0,0.0
Tulp1,1.0,1.0,1.0,0.0,0.0,0.0,0.0,0.0
Gm36199,1.0,1.0,1.0,0.0,0.0,0.0,0.0,0.0
BC051537,1.0,1.0,1.0,0.0,0.0,0.0,0.0,0.0
Gm20463,1.0,1.0,1.0,0.0,0.0,0.0,0.0,0.0
Mpig6b,1.0,1.0,1.0,0.0,0.0,0.0,0.0,0.0
2410017I17Rik,1.0,1.0,1.0,0.0,0.0,0.0,0.0,0.0
Gnmt,1.0,1.0,1.0,0.0,0.0,0.0,0.0,0.0
Gm35551,1.0,1.0,1.0,0.0,0.0,0.0,0.0,0.0
Kcnk12,1.0,1.0,1.0,0.0,0.0,0.0,0.0,0.0
A830052D11Rik,1.0,1.0,1.0,0.0,0.0,0.0,0.0,0.0
2010110K18Rik,1.0,1.0,1.0,0.0,0.0,0.0,0.0,0.0
Slc4a9,1.0,1.0,1.0,0.0,0.0,0.0,0.0,0.0
Pcdhb2,1.0,1.0,1.0,0.0,0.0,0.0,0.0,0.0
Pcdhb18,1.0,1.0,1.0,0.0,0.0,0.0,0.0,0.0
Pcdhga3,1.0,1.0,1.0,0.0,0.0,0.0,0.0,0.0
Pcdhgb1,1.0,1.0,1.0,0.0,0.0,0.0,0.0,0.0
Pcdhga8,1.0,1.0,1.0,0.0,0.0,0.0,0.0,0.0
Gm26672,1.0,1.0,1.0,0.0,0.0,0.0,0.0,0.0
BC037039,1.0,1.0,1.0,0.0,0.0,0.0,0.0,0.0
A930012L18Rik,1.0,1.0,1.0,0.0,0.0,0.0,0.0,0.0
Gm3734,1.0,1.0,1.0,0.0,0.0,0.0,0.0,0.0
Minar2,1.0,1.0,1.0,0.0,0.0,0.0,0.0,0.0
Oacyl,1.0,1.0,1.0,0.0,0.0,0.0,0.0,0.0
Mapk4,1.0,1.0,1.0,0.0,0.0,0.0,0.0,0.0
Gm50209,1.0,1.0,1.0,0.0,0.0,0.0,0.0,0.0
Neto1,1.0,1.0,1.0,0.0,0.0,0.0,0.0,0.0
Dok6,1.0,1.0,1.0,0.0,0.0,0.0,0.0,0.0
Gm46658,1.0,1.0,1.0,0.0,0.0,0.0,0.0,0.0
Gm42064,1.0,1.0,1.0,0.0,0.0,0.0,0.0,0.0
Flrt1,1.0,1.0,1.0,0.0,0.0,0.0,0.0,0.0
Gm9750,1.0,1.0,1.0,0.0,0.0,0.0,0.0,0.0
Gm50321,1.0,1.0,1.0,0.0,0.0,0.0,0.0,0.0
Lrrc10b,1.0,1.0,1.0,0.0,0.0,0.0,0.0,0.0
A830019P07Rik,1.0,1.0,1.0,0.0,0.0,0.0,0.0,0.0
Crtac1,1.0,1.0,1.0,0.0,0.0,0.0,0.0,0.0
Gm50217,1.0,1.0,1.0,0.0,0.0,0.0,0.0,0.0
Elovl3,1.0,1.0,1.0,0.0,0.0,0.0,0.0,0.0
Gm16726,1.0,1.0,1.0,0.0,0.0,0.0,0.0,0.0
Rbm20,1.0,1.0,1.0,0.0,0.0,0.0,0.0,0.0
Gm31356,1.0,1.0,1.0,0.0,0.0,0.0,0.0,0.0
Nrap,1.0,1.0,1.0,0.0,0.0,0.0,0.0,0.0
Gm17197,1.0,1.0,1.0,0.0,0.0,0.0,0.0,0.0
Nudt11,1.0,1.0,1.0,0.0,0.0,0.0,0.0,0.0
Dipk2b,1.0,1.0,1.0,0.0,0.0,0.0,0.0,0.0
Rgn,1.0,1.0,1.0,0.0,0.0,0.0,0.0,0.0
Igsf1,1.0,1.0,1.0,0.0,0.0,0.0,0.0,0.0
Hs6st2,1.0,1.0,1.0,0.0,0.0,0.0,0.0,0.0
Ccdc160,1.0,1.0,1.0,0.0,0.0,0.0,0.0,0.0
Gm14698,1.0,1.0,1.0,0.0,0.0,0.0,0.0,0.0
Gabre,1.0,1.0,1.0,0.0,0.0,0.0,0.0,0.0
Il1rapl1,1.0,1.0,1.0,0.0,0.0,0.0,0.0,0.0
Cited1,1.0,1.0,1.0,0.0,0.0,0.0,0.0,0.0
Rtl3,1.0,1.0,1.0,0.0,0.0,0.0,0.0,0.0
Pcdh11x,1.0,1.0,1.0,0.0,0.0,0.0,0.0,0.0
Pak3,1.0,1.0,1.0,0.0,0.0,0.0,0.0,0.0
Pard3bos1,1.0,1.0,1.0,0.0,0.0,0.0,0.0,0.0
Gm28404,1.0,1.0,1.0,0.0,0.0,0.0,0.0,0.0
Gm37294,1.0,1.0,1.0,0.0,0.0,0.0,0.0,0.0
Fmo4,1.0,1.0,1.0,0.0,0.0,0.0,0.0,0.0
Gm10522,1.0,1.0,1.0,0.0,0.0,0.0,0.0,0.0
Esrrg,1.0,1.0,1.0,0.0,0.0,0.0,0.0,0.0
Lhx6,1.0,1.0,1.0,0.0,0.0,0.0,0.0,0.0
Gm13522,1.0,1.0,1.0,0.0,0.0,0.0,0.0,0.0
Gm33594,1.0,1.0,1.0,0.0,0.0,0.0,0.0,0.0
Chn1os3,1.0,1.0,1.0,0.0,0.0,0.0,0.0,0.0
Gm10801,1.0,1.0,1.0,0.0,0.0,0.0,0.0,0.0
Platr14,1.0,1.0,1.0,0.0,0.0,0.0,0.0,0.0
Kcna4,1.0,1.0,1.0,0.0,0.0,0.0,0.0,0.0
Fsip1,1.0,1.0,1.0,0.0,0.0,0.0,0.0,0.0
9830144P21Rik,1.0,1.0,1.0,0.0,0.0,0.0,0.0,0.0
Gm826,1.0,1.0,1.0,0.0,0.0,0.0,0.0,0.0
1700112D23Rik,1.0,1.0,1.0,0.0,0.0,0.0,0.0,0.0
9330121J05Rik,1.0,1.0,1.0,0.0,0.0,0.0,0.0,0.0
Bglap3,1.0,1.0,1.0,0.0,0.0,0.0,0.0,0.0
Gm42463,1.0,1.0,1.0,0.0,0.0,0.0,0.0,0.0
Gm15265,1.0,1.0,1.0,0.0,0.0,0.0,0.0,0.0
Aknad1,1.0,1.0,1.0,0.0,0.0,0.0,0.0,0.0
Lef1os1,1.0,1.0,1.0,0.0,0.0,0.0,0.0,0.0
A830019L24Rik,1.0,1.0,1.0,0.0,0.0,0.0,0.0,0.0
Samd13,1.0,1.0,1.0,0.0,0.0,0.0,0.0,0.0
B230334C09Rik,1.0,1.0,1.0,0.0,0.0,0.0,0.0,0.0
Klhl32,1.0,1.0,1.0,0.0,0.0,0.0,0.0,0.0
Gm13307,1.0,1.0,1.0,0.0,0.0,0.0,0.0,0.0
Baat,1.0,1.0,1.0,0.0,0.0,0.0,0.0,0.0
Gm12796,1.0,1.0,1.0,0.0,0.0,0.0,0.0,0.0
Mroh7,1.0,1.0,1.0,0.0,0.0,0.0,0.0,0.0
Calr4,1.0,1.0,1.0,0.0,0.0,0.0,0.0,0.0
Gm12963,1.0,1.0,1.0,0.0,0.0,0.0,0.0,0.0
4930548H24Rik,1.0,1.0,1.0,0.0,0.0,0.0,0.0,0.0
D5Ertd615e,1.0,1.0,1.0,0.0,0.0,0.0,0.0,0.0
Gm19610,1.0,1.0,1.0,0.0,0.0,0.0,0.0,0.0
Gm43136,1.0,1.0,1.0,0.0,0.0,0.0,0.0,0.0
Cux2,1.0,1.0,1.0,0.0,0.0,0.0,0.0,0.0
Upk3bl,1.0,1.0,1.0,0.0,0.0,0.0,0.0,0.0
Ankrd61,1.0,1.0,1.0,0.0,0.0,0.0,0.0,0.0
8430423G03Rik,1.0,1.0,1.0,0.0,0.0,0.0,0.0,0.0
Tex26,1.0,1.0,1.0,0.0,0.0,0.0,0.0,0.0
1700095J07Rik,1.0,1.0,1.0,0.0,0.0,0.0,0.0,0.0
Mkln1os,1.0,1.0,1.0,0.0,0.0,0.0,0.0,0.0
2010310C07Rik,1.0,1.0,1.0,0.0,0.0,0.0,0.0,0.0
Zfp786,1.0,1.0,1.0,0.0,0.0,0.0,0.0,0.0
Lbx2,1.0,1.0,1.0,0.0,0.0,0.0,0.0,0.0
Slc4a5,1.0,1.0,1.0,0.0,0.0,0.0,0.0,0.0
1810020O05Rik,1.0,1.0,1.0,0.0,0.0,0.0,0.0,0.0
Gm16567,1.0,1.0,1.0,0.0,0.0,0.0,0.0,0.0
Plekhg6,1.0,1.0,1.0,0.0,0.0,0.0,0.0,0.0
Gm26935,1.0,1.0,1.0,0.0,0.0,0.0,0.0,0.0
Hamp,1.0,1.0,1.0,0.0,0.0,0.0,0.0,0.0
4931406B18Rik,1.0,1.0,1.0,0.0,0.0,0.0,0.0,0.0
6530437J22Rik,1.0,1.0,1.0,0.0,0.0,0.0,0.0,0.0
Gm45442,1.0,1.0,1.0,0.0,0.0,0.0,0.0,0.0
Ccdc89,1.0,1.0,1.0,0.0,0.0,0.0,0.0,0.0
2310014F06Rik,1.0,1.0,1.0,0.0,0.0,0.0,0.0,0.0
Gm45151,1.0,1.0,1.0,0.0,0.0,0.0,0.0,0.0
Crym,1.0,1.0,1.0,0.0,0.0,0.0,0.0,0.0
1700123J17Rik,1.0,1.0,1.0,0.0,0.0,0.0,0.0,0.0
Plpp4,1.0,1.0,1.0,0.0,0.0,0.0,0.0,0.0
Olfr530,1.0,1.0,1.0,0.0,0.0,0.0,0.0,0.0
Defb50,1.0,1.0,1.0,0.0,0.0,0.0,0.0,0.0
Galntl6,1.0,1.0,1.0,0.0,0.0,0.0,0.0,0.0
Gm45345,1.0,1.0,1.0,0.0,0.0,0.0,0.0,0.0
Tmem59l,1.0,1.0,1.0,0.0,0.0,0.0,0.0,0.0
4933431K23Rik,1.0,1.0,1.0,0.0,0.0,0.0,0.0,0.0
Lrrc36,1.0,1.0,1.0,0.0,0.0,0.0,0.0,0.0
Adamts18,1.0,1.0,1.0,0.0,0.0,0.0,0.0,0.0
Bco1,1.0,1.0,1.0,0.0,0.0,0.0,0.0,0.0
Gm10614,1.0,1.0,1.0,0.0,0.0,0.0,0.0,0.0
Cdh15,1.0,1.0,1.0,0.0,0.0,0.0,0.0,0.0
Gm39318,1.0,1.0,1.0,0.0,0.0,0.0,0.0,0.0
Gm30934,1.0,1.0,1.0,0.0,0.0,0.0,0.0,0.0
Cyp11a1,1.0,1.0,1.0,0.0,0.0,0.0,0.0,0.0
A330041J22Rik,1.0,1.0,1.0,0.0,0.0,0.0,0.0,0.0
A4gnt,1.0,1.0,1.0,0.0,0.0,0.0,0.0,0.0
Zmynd10,1.0,1.0,1.0,0.0,0.0,0.0,0.0,0.0
Gm2449,1.0,1.0,1.0,0.0,0.0,0.0,0.0,0.0
A530083I20Rik,1.0,1.0,1.0,0.0,0.0,0.0,0.0,0.0
Gm47162,1.0,1.0,1.0,0.0,0.0,0.0,0.0,0.0
Gm26674,1.0,1.0,1.0,0.0,0.0,0.0,0.0,0.0
Gm47389,1.0,1.0,1.0,0.0,0.0,0.0,0.0,0.0
Gm10322,1.0,1.0,1.0,0.0,0.0,0.0,0.0,0.0
4933428P19Rik,1.0,1.0,1.0,0.0,0.0,0.0,0.0,0.0
Sycp3,1.0,1.0,1.0,0.0,0.0,0.0,0.0,0.0
Cfap54,1.0,1.0,1.0,0.0,0.0,0.0,0.0,0.0
Tafa2,1.0,1.0,1.0,0.0,0.0,0.0,0.0,0.0
8430419K02Rik,1.0,1.0,1.0,0.0,0.0,0.0,0.0,0.0
Gm16141,1.0,1.0,1.0,0.0,0.0,0.0,0.0,0.0
1700030C12Rik,1.0,1.0,1.0,0.0,0.0,0.0,0.0,0.0
Trim17,1.0,1.0,1.0,0.0,0.0,0.0,0.0,0.0
Pitpnm3,1.0,1.0,1.0,0.0,0.0,0.0,0.0,0.0
Doc2b,1.0,1.0,1.0,0.0,0.0,0.0,0.0,0.0
B230206L02Rik,1.0,1.0,1.0,0.0,0.0,0.0,0.0,0.0
Gm11535,1.0,1.0,1.0,0.0,0.0,0.0,0.0,0.0
Zfp385c,1.0,1.0,1.0,0.0,0.0,0.0,0.0,0.0
Fscn2,1.0,1.0,1.0,0.0,0.0,0.0,0.0,0.0
Pfn4,1.0,1.0,1.0,0.0,0.0,0.0,0.0,0.0
Gm29737,1.0,1.0,1.0,0.0,0.0,0.0,0.0,0.0
Gm47096,1.0,1.0,1.0,0.0,0.0,0.0,0.0,0.0
4930447C04Rik,1.0,1.0,1.0,0.0,0.0,0.0,0.0,0.0
Gm47525,1.0,1.0,1.0,0.0,0.0,0.0,0.0,0.0
Vash1,1.0,1.0,1.0,0.0,0.0,0.0,0.0,0.0
Prima1,1.0,1.0,1.0,0.0,0.0,0.0,0.0,0.0
Gm15523,1.0,1.0,1.0,0.0,0.0,0.0,0.0,0.0
Ighv14-4,1.0,1.0,1.0,0.0,0.0,0.0,0.0,0.0
Ighv1-70,1.0,1.0,1.0,0.0,0.0,0.0,0.0,0.0
Akr1c18,1.0,1.0,1.0,0.0,0.0,0.0,0.0,0.0
Zkscan4,1.0,1.0,1.0,0.0,0.0,0.0,0.0,0.0
Vmn1r202,1.0,1.0,1.0,0.0,0.0,0.0,0.0,0.0
1700018A04Rik,1.0,1.0,1.0,0.0,0.0,0.0,0.0,0.0
Gm47400,1.0,1.0,1.0,0.0,0.0,0.0,0.0,0.0
Gm48295,1.0,1.0,1.0,0.0,0.0,0.0,0.0,0.0
Gm47467,1.0,1.0,1.0,0.0,0.0,0.0,0.0,0.0
5430425K12Rik,1.0,1.0,1.0,0.0,0.0,0.0,0.0,0.0
AI197445,1.0,1.0,1.0,0.0,0.0,0.0,0.0,0.0
Gm3248,1.0,1.0,1.0,0.0,0.0,0.0,0.0,0.0
Gm10248,1.0,1.0,1.0,0.0,0.0,0.0,0.0,0.0
4930425P05Rik,1.0,1.0,1.0,0.0,0.0,0.0,0.0,0.0
Gm49180,1.0,1.0,1.0,0.0,0.0,0.0,0.0,0.0
Dleu7,1.0,1.0,1.0,0.0,0.0,0.0,0.0,0.0
Phyhip,1.0,1.0,1.0,0.0,0.0,0.0,0.0,0.0
Gm10384,1.0,1.0,1.0,0.0,0.0,0.0,0.0,0.0
Tmem74,1.0,1.0,1.0,0.0,0.0,0.0,0.0,0.0
Iqank1,1.0,1.0,1.0,0.0,0.0,0.0,0.0,0.0
Gm31462,1.0,1.0,1.0,0.0,0.0,0.0,0.0,0.0
8430426J06Rik,1.0,1.0,1.0,0.0,0.0,0.0,0.0,0.0
Pkdrej,1.0,1.0,1.0,0.0,0.0,0.0,0.0,0.0
Zfp641,1.0,1.0,1.0,0.0,0.0,0.0,0.0,0.0
Gm4544,1.0,1.0,1.0,0.0,0.0,0.0,0.0,0.0
Hoxc9,1.0,1.0,1.0,0.0,0.0,0.0,0.0,0.0
Cstdc6,1.0,1.0,1.0,0.0,0.0,0.0,0.0,0.0
4930565N06Rik,1.0,1.0,1.0,0.0,0.0,0.0,0.0,0.0
Gm36028,1.0,1.0,1.0,0.0,0.0,0.0,0.0,0.0
Tmem30c,1.0,1.0,1.0,0.0,0.0,0.0,0.0,0.0
Kcnj15,1.0,1.0,1.0,0.0,0.0,0.0,0.0,0.0
BC023719,1.0,1.0,1.0,0.0,0.0,0.0,0.0,0.0
Trim10,1.0,1.0,1.0,0.0,0.0,0.0,0.0,0.0
1700071M16Rik,1.0,1.0,1.0,0.0,0.0,0.0,0.0,0.0
Prickle4,1.0,1.0,1.0,0.0,0.0,0.0,0.0,0.0
Fsd1,1.0,1.0,1.0,0.0,0.0,0.0,0.0,0.0
5031415H12Rik,1.0,1.0,1.0,0.0,0.0,0.0,0.0,0.0
Dtna,1.0,1.0,1.0,0.0,0.0,0.0,0.0,0.0
Gm41750,1.0,1.0,1.0,0.0,0.0,0.0,0.0,0.0
Gm26676,1.0,1.0,1.0,0.0,0.0,0.0,0.0,0.0
Zp1,1.0,1.0,1.0,0.0,0.0,0.0,0.0,0.0
Gm50194,1.0,1.0,1.0,0.0,0.0,0.0,0.0,0.0
Gm34922,1.0,1.0,1.0,0.0,0.0,0.0,0.0,0.0
H2al1m,1.0,1.0,1.0,0.0,0.0,0.0,0.0,0.0
Zcchc12,1.0,1.0,1.0,0.0,0.0,0.0,0.0,0.0
Arhgap36,1.0,1.0,1.0,0.0,0.0,0.0,0.0,0.0
Dach2,1.0,1.0,1.0,0.0,0.0,0.0,0.0,0.0
Tcp11x2,1.0,1.0,1.0,0.0,0.0,0.0,0.0,0.0
Usp51,1.0,1.0,1.0,0.0,0.0,0.0,0.0,0.0
Asb11,1.0,1.0,1.0,0.0,0.0,0.0,0.0,0.0
Kcnh7,1.0,1.0,1.0,0.0,0.0,0.0,0.0,0.0
Slc12a5,1.0,1.0,1.0,0.0,0.0,0.0,0.0,0.0
Srsf12,1.0,1.0,1.0,0.0,0.0,0.0,0.0,0.0
Kank4,1.0,1.0,1.0,0.0,0.0,0.0,0.0,0.0
Cd164l2,1.0,1.0,1.0,0.0,0.0,0.0,0.0,0.0
Igkv6-14,1.0,1.0,1.0,0.0,0.0,0.0,0.0,0.0
4732496C06Rik,1.0,1.0,1.0,0.0,0.0,0.0,0.0,0.0
Gm11767,1.0,1.0,1.0,0.0,0.0,0.0,0.0,0.0
Ighv1-21-1,1.0,1.0,1.0,0.0,0.0,0.0,0.0,0.0
Gm26873,1.0,1.0,1.0,0.0,0.0,0.0,0.0,0.0
Dgkk,1.0,1.0,1.0,0.0,0.0,0.0,0.0,0.0
9530051G07Rik,1.0,1.0,1.0,0.0,0.0,0.0,0.0,0.0
AC132444.5,1.0,1.0,1.0,0.0,0.0,0.0,0.0,0.0
Spry3,1.0,1.0,1.0,0.0,0.0,0.0,0.0,0.0
Gm29325,1.0,1.0,1.0,0.0,0.0,0.0,0.0,0.0
Gm31812,1.0,1.0,1.0,0.0,0.0,0.0,0.0,0.0
Boll,1.0,1.0,1.0,0.0,0.0,0.0,0.0,0.0
2310016D23Rik,1.0,1.0,1.0,0.0,0.0,0.0,0.0,0.0
Mab21l4,1.0,1.0,1.0,0.0,0.0,0.0,0.0,0.0
F730311O21Rik,1.0,1.0,1.0,0.0,0.0,0.0,0.0,0.0
Cntn2,1.0,1.0,1.0,0.0,0.0,0.0,0.0,0.0
Gm28513,1.0,1.0,1.0,0.0,0.0,0.0,0.0,0.0
A830008E24Rik,1.0,1.0,1.0,0.0,0.0,0.0,0.0,0.0
Gm32200,1.0,1.0,1.0,0.0,0.0,0.0,0.0,0.0
Gm36988,1.0,1.0,1.0,0.0,0.0,0.0,0.0,0.0
Myo3a,1.0,1.0,1.0,0.0,0.0,0.0,0.0,0.0
Lrp1b,1.0,1.0,1.0,0.0,0.0,0.0,0.0,0.0
Gm13479,1.0,1.0,1.0,0.0,0.0,0.0,0.0,0.0
Gm13571,1.0,1.0,1.0,0.0,0.0,0.0,0.0,0.0
Gm13814,1.0,1.0,1.0,0.0,0.0,0.0,0.0,0.0
Gm14097,1.0,1.0,1.0,0.0,0.0,0.0,0.0,0.0
Fer1l4,1.0,1.0,1.0,0.0,0.0,0.0,0.0,0.0
Sgk2,1.0,1.0,1.0,0.0,0.0,0.0,0.0,0.0
Pmepa1os,1.0,1.0,1.0,0.0,0.0,0.0,0.0,0.0
Zfp972,1.0,1.0,1.0,0.0,0.0,0.0,0.0,0.0
Sucnr1,1.0,1.0,1.0,0.0,0.0,0.0,0.0,0.0
Dcst1,1.0,1.0,1.0,0.0,0.0,0.0,0.0,0.0
Gm36070,1.0,1.0,1.0,0.0,0.0,0.0,0.0,0.0
4930406D18Rik,1.0,1.0,1.0,0.0,0.0,0.0,0.0,0.0
Gm43585,1.0,1.0,1.0,0.0,0.0,0.0,0.0,0.0
1700010K24Rik,1.0,1.0,1.0,0.0,0.0,0.0,0.0,0.0
Gm12522,1.0,1.0,1.0,0.0,0.0,0.0,0.0,0.0
Cxxc4,1.0,1.0,1.0,0.0,0.0,0.0,0.0,0.0
Gm40155,1.0,1.0,1.0,0.0,0.0,0.0,0.0,0.0
Clca4a,1.0,1.0,1.0,0.0,0.0,0.0,0.0,0.0
Clca2,1.0,1.0,1.0,0.0,0.0,0.0,0.0,0.0
Gm11827,1.0,1.0,1.0,0.0,0.0,0.0,0.0,0.0
Gm12408,1.0,1.0,1.0,0.0,0.0,0.0,0.0,0.0
Gm11232,1.0,1.0,1.0,0.0,0.0,0.0,0.0,0.0
Elavl4,1.0,1.0,1.0,0.0,0.0,0.0,0.0,0.0
Dlgap3,1.0,1.0,1.0,0.0,0.0,0.0,0.0,0.0
Prdm16os,1.0,1.0,1.0,0.0,0.0,0.0,0.0,0.0
1500035N22Rik,1.0,1.0,1.0,0.0,0.0,0.0,0.0,0.0
Gm42851,1.0,1.0,1.0,0.0,0.0,0.0,0.0,0.0
4931431C16Rik,1.0,1.0,1.0,0.0,0.0,0.0,0.0,0.0
Cnga1,1.0,1.0,1.0,0.0,0.0,0.0,0.0,0.0
Sez6l,1.0,1.0,1.0,0.0,0.0,0.0,0.0,0.0
Rimbp2,1.0,1.0,1.0,0.0,0.0,0.0,0.0,0.0
Gm43598,1.0,1.0,1.0,0.0,0.0,0.0,0.0,0.0
D830026I12Rik,1.0,1.0,1.0,0.0,0.0,0.0,0.0,0.0
Vmn1r4,1.0,1.0,1.0,0.0,0.0,0.0,0.0,0.0
Igkv14-126,1.0,1.0,1.0,0.0,0.0,0.0,0.0,0.0
Igkv13-84,1.0,1.0,1.0,0.0,0.0,0.0,0.0,0.0
Igkv4-63,1.0,1.0,1.0,0.0,0.0,0.0,0.0,0.0
Igkv5-45,1.0,1.0,1.0,0.0,0.0,0.0,0.0,0.0
Igkv3-10,1.0,1.0,1.0,0.0,0.0,0.0,0.0,0.0
Igkv3-7,1.0,1.0,1.0,0.0,0.0,0.0,0.0,0.0
Chst13,1.0,1.0,1.0,0.0,0.0,0.0,0.0,0.0
Clec4a4,1.0,1.0,1.0,0.0,0.0,0.0,0.0,0.0
Spx,1.0,1.0,1.0,0.0,0.0,0.0,0.0,0.0
Gm16251,1.0,1.0,1.0,0.0,0.0,0.0,0.0,0.0
Ceacam18,1.0,1.0,1.0,0.0,0.0,0.0,0.0,0.0
Sec1,1.0,1.0,1.0,0.0,0.0,0.0,0.0,0.0
Fam57b,1.0,1.0,1.0,0.0,0.0,0.0,0.0,0.0
Trim72,1.0,1.0,1.0,0.0,0.0,0.0,0.0,0.0
Defb1,1.0,1.0,1.0,0.0,0.0,0.0,0.0,0.0
Gm26714,1.0,1.0,1.0,0.0,0.0,0.0,0.0,0.0
5430421F17Rik,1.0,1.0,1.0,0.0,0.0,0.0,0.0,0.0
Gm16192,1.0,1.0,1.0,0.0,0.0,0.0,0.0,0.0
Mt4,1.0,1.0,1.0,0.0,0.0,0.0,0.0,0.0
C78859,1.0,1.0,1.0,0.0,0.0,0.0,0.0,0.0
Dnaaf1,1.0,1.0,1.0,0.0,0.0,0.0,0.0,0.0
Rpp25,1.0,1.0,1.0,0.0,0.0,0.0,0.0,0.0
Ephb1,1.0,1.0,1.0,0.0,0.0,0.0,0.0,0.0
4930500F10Rik,1.0,1.0,1.0,0.0,0.0,0.0,0.0,0.0
Stac,1.0,1.0,1.0,0.0,0.0,0.0,0.0,0.0
D330037F02Rik,1.0,1.0,1.0,0.0,0.0,0.0,0.0,0.0
Scn5a,1.0,1.0,1.0,0.0,0.0,0.0,0.0,0.0
Ccr1l1,1.0,1.0,1.0,0.0,0.0,0.0,0.0,0.0
Gm47926,1.0,1.0,1.0,0.0,0.0,0.0,0.0,0.0
Gm3055,1.0,1.0,1.0,0.0,0.0,0.0,0.0,0.0
Gm12043,1.0,1.0,1.0,0.0,0.0,0.0,0.0,0.0
Clhc1,1.0,1.0,1.0,0.0,0.0,0.0,0.0,0.0
Efcab9,1.0,1.0,1.0,0.0,0.0,0.0,0.0,0.0
Gm12320,1.0,1.0,1.0,0.0,0.0,0.0,0.0,0.0
Tmem132e,1.0,1.0,1.0,0.0,0.0,0.0,0.0,0.0
Gm11940,1.0,1.0,1.0,0.0,0.0,0.0,0.0,0.0
Krt14,1.0,1.0,1.0,0.0,0.0,0.0,0.0,0.0
Atp6v1c2,1.0,1.0,1.0,0.0,0.0,0.0,0.0,0.0
Slc26a3,1.0,1.0,1.0,0.0,0.0,0.0,0.0,0.0
Pax9,1.0,1.0,1.0,0.0,0.0,0.0,0.0,0.0
Plekhd1,1.0,1.0,1.0,0.0,0.0,0.0,0.0,0.0
Gm19331,1.0,1.0,1.0,0.0,0.0,0.0,0.0,0.0
Ighv1-72,1.0,1.0,1.0,0.0,0.0,0.0,0.0,0.0
Gm48161,1.0,1.0,1.0,0.0,0.0,0.0,0.0,0.0
Gm49144,1.0,1.0,1.0,0.0,0.0,0.0,0.0,0.0
Gm4035,1.0,1.0,1.0,0.0,0.0,0.0,0.0,0.0
4930525G20Rik,1.0,1.0,1.0,0.0,0.0,0.0,0.0,0.0
Gm9465,1.0,1.0,1.0,0.0,0.0,0.0,0.0,0.0
Synpo2l,1.0,1.0,1.0,0.0,0.0,0.0,0.0,0.0
Cmtm5,1.0,1.0,1.0,0.0,0.0,0.0,0.0,0.0
Gm49768,1.0,1.0,1.0,0.0,0.0,0.0,0.0,0.0
Gm49216,1.0,1.0,1.0,0.0,0.0,0.0,0.0,0.0
Gml,1.0,1.0,1.0,0.0,0.0,0.0,0.0,0.0
Scn8a,1.0,1.0,1.0,0.0,0.0,0.0,0.0,0.0
Gm26822,1.0,1.0,1.0,0.0,0.0,0.0,0.0,0.0
Gm49521,1.0,1.0,1.0,0.0,0.0,0.0,0.0,0.0
Ccdc116,1.0,1.0,1.0,0.0,0.0,0.0,0.0,0.0
Vwa5b2,1.0,1.0,1.0,0.0,0.0,0.0,0.0,0.0
Csta1,1.0,1.0,1.0,0.0,0.0,0.0,0.0,0.0
Gm49579,1.0,1.0,1.0,0.0,0.0,0.0,0.0,0.0
Gm15965,1.0,1.0,1.0,0.0,0.0,0.0,0.0,0.0
Pnldc1,1.0,1.0,1.0,0.0,0.0,0.0,0.0,0.0
Cyp4f14,1.0,1.0,1.0,0.0,0.0,0.0,0.0,0.0
Gm20442,1.0,1.0,1.0,0.0,0.0,0.0,0.0,0.0
H2-M5,1.0,1.0,1.0,0.0,0.0,0.0,0.0,0.0
Srd5a2,1.0,1.0,1.0,0.0,0.0,0.0,0.0,0.0
Gm31084,1.0,1.0,1.0,0.0,0.0,0.0,0.0,0.0
Slc3a1,1.0,1.0,1.0,0.0,0.0,0.0,0.0,0.0
Sh3tc2,1.0,1.0,1.0,0.0,0.0,0.0,0.0,0.0
Grp,1.0,1.0,1.0,0.0,0.0,0.0,0.0,0.0
Mc5r,1.0,1.0,1.0,0.0,0.0,0.0,0.0,0.0
2900057B20Rik,1.0,1.0,1.0,0.0,0.0,0.0,0.0,0.0
Tigd3,1.0,1.0,1.0,0.0,0.0,0.0,0.0,0.0
Olfr1459,1.0,1.0,1.0,0.0,0.0,0.0,0.0,0.0
Aldh1a7,1.0,1.0,1.0,0.0,0.0,0.0,0.0,0.0
Sorcs1,1.0,1.0,1.0,0.0,0.0,0.0,0.0,0.0
Gucy2g,1.0,1.0,1.0,0.0,0.0,0.0,0.0,0.0
Apln,1.0,1.0,1.0,0.0,0.0,0.0,0.0,0.0
Cfap47,1.0,1.0,1.0,0.0,0.0,0.0,0.0,0.0
2010106E10Rik,1.0,1.0,1.0,0.0,0.0,0.0,0.0,0.0
Gm15298,1.0,1.0,1.0,0.0,0.0,0.0,0.0,0.0
Gm28323,1.0,1.0,1.0,0.0,0.0,0.0,0.0,0.0
Chrnd,1.0,1.0,1.0,0.0,0.0,0.0,0.0,0.0
Gm28913,1.0,1.0,1.0,0.0,0.0,0.0,0.0,0.0
4930562F07Rik,1.0,1.0,1.0,0.0,0.0,0.0,0.0,0.0
C1ql3,1.0,1.0,1.0,0.0,0.0,0.0,0.0,0.0
Gm13561,1.0,1.0,1.0,0.0,0.0,0.0,0.0,0.0
Strc,1.0,1.0,1.0,0.0,0.0,0.0,0.0,0.0
Lrrn4,1.0,1.0,1.0,0.0,0.0,0.0,0.0,0.0
Platr27,1.0,1.0,1.0,0.0,0.0,0.0,0.0,0.0
Gm11454,1.0,1.0,1.0,0.0,0.0,0.0,0.0,0.0
Cdh4,1.0,1.0,1.0,0.0,0.0,0.0,0.0,0.0
Gm30074,1.0,1.0,1.0,0.0,0.0,0.0,0.0,0.0
Dchs2,1.0,1.0,1.0,0.0,0.0,0.0,0.0,0.0
Tigd4,1.0,1.0,1.0,0.0,0.0,0.0,0.0,0.0
Gja5,1.0,1.0,1.0,0.0,0.0,0.0,0.0,0.0
Mcoln3,1.0,1.0,1.0,0.0,0.0,0.0,0.0,0.0
Gm31881,1.0,1.0,1.0,0.0,0.0,0.0,0.0,0.0
Erich3,1.0,1.0,1.0,0.0,0.0,0.0,0.0,0.0
4930592C13Rik,1.0,1.0,1.0,0.0,0.0,0.0,0.0,0.0
Fsbp,1.0,1.0,1.0,0.0,0.0,0.0,0.0,0.0
Atp8b5,1.0,1.0,1.0,0.0,0.0,0.0,0.0,0.0
Hemgn,1.0,1.0,1.0,0.0,0.0,0.0,0.0,0.0
Gm12915,1.0,1.0,1.0,0.0,0.0,0.0,0.0,0.0
Gm12999,1.0,1.0,1.0,0.0,0.0,0.0,0.0,0.0
Stpg1,1.0,1.0,1.0,0.0,0.0,0.0,0.0,0.0
Srarp,1.0,1.0,1.0,0.0,0.0,0.0,0.0,0.0
Fbxl13,1.0,1.0,1.0,0.0,0.0,0.0,0.0,0.0
Wbscr25,1.0,1.0,1.0,0.0,0.0,0.0,0.0,0.0
Gm14540,1.0,1.0,1.0,0.0,0.0,0.0,0.0,0.0
Trbv29,1.0,1.0,1.0,0.0,0.0,0.0,0.0,0.0
Clcn1,1.0,1.0,1.0,0.0,0.0,0.0,0.0,0.0
Igkv1-133,1.0,1.0,1.0,0.0,0.0,0.0,0.0,0.0
Igkv4-57-1,1.0,1.0,1.0,0.0,0.0,0.0,0.0,0.0
Gm38832,1.0,1.0,1.0,0.0,0.0,0.0,0.0,0.0
Dnah6,1.0,1.0,1.0,0.0,0.0,0.0,0.0,0.0
Vmn2r23,1.0,1.0,1.0,0.0,0.0,0.0,0.0,0.0
Gnb3,1.0,1.0,1.0,0.0,0.0,0.0,0.0,0.0
Gm15448,1.0,1.0,1.0,0.0,0.0,0.0,0.0,0.0
Ap3b2,1.0,1.0,1.0,0.0,0.0,0.0,0.0,0.0
Trim34b,1.0,1.0,1.0,0.0,0.0,0.0,0.0,0.0
Otoa,1.0,1.0,1.0,0.0,0.0,0.0,0.0,0.0
Gm15489,1.0,1.0,1.0,0.0,0.0,0.0,0.0,0.0
Gm4265,1.0,1.0,1.0,0.0,0.0,0.0,0.0,0.0
Olfr46,1.0,1.0,1.0,0.0,0.0,0.0,0.0,0.0
Prr36,1.0,1.0,1.0,0.0,0.0,0.0,0.0,0.0
Gm27011,1.0,1.0,1.0,0.0,0.0,0.0,0.0,0.0
Deup1,1.0,1.0,1.0,0.0,0.0,0.0,0.0,0.0
Gm17322,1.0,1.0,1.0,0.0,0.0,0.0,0.0,0.0
Fam81a,1.0,1.0,1.0,0.0,0.0,0.0,0.0,0.0
D430036J16Rik,1.0,1.0,1.0,0.0,0.0,0.0,0.0,0.0
Vnn1,1.0,1.0,1.0,0.0,0.0,0.0,0.0,0.0
Cdk19os,1.0,1.0,1.0,0.0,0.0,0.0,0.0,0.0
Ano4,1.0,1.0,1.0,0.0,0.0,0.0,0.0,0.0
Spata48,1.0,1.0,1.0,0.0,0.0,0.0,0.0,0.0
Rasgef1c,1.0,1.0,1.0,0.0,0.0,0.0,0.0,0.0
Tekt3,1.0,1.0,1.0,0.0,0.0,0.0,0.0,0.0
Nlrp1a,1.0,1.0,1.0,0.0,0.0,0.0,0.0,0.0
4930502E09Rik,1.0,1.0,1.0,0.0,0.0,0.0,0.0,0.0
Gm48617,1.0,1.0,1.0,0.0,0.0,0.0,0.0,0.0
Pgbd1,1.0,1.0,1.0,0.0,0.0,0.0,0.0,0.0
A530084C06Rik,1.0,1.0,1.0,0.0,0.0,0.0,0.0,0.0
Fam50b,1.0,1.0,1.0,0.0,0.0,0.0,0.0,0.0
Fam217a,1.0,1.0,1.0,0.0,0.0,0.0,0.0,0.0
Kif27,1.0,1.0,1.0,0.0,0.0,0.0,0.0,0.0
D13Ertd608e,1.0,1.0,1.0,0.0,0.0,0.0,0.0,0.0
Nek10,1.0,1.0,1.0,0.0,0.0,0.0,0.0,0.0
Rnase1,1.0,1.0,1.0,0.0,0.0,0.0,0.0,0.0
Trav5-1,1.0,1.0,1.0,0.0,0.0,0.0,0.0,0.0
Gm17233,1.0,1.0,1.0,0.0,0.0,0.0,0.0,0.0
Adcy8,1.0,1.0,1.0,0.0,0.0,0.0,0.0,0.0
Mapk15,1.0,1.0,1.0,0.0,0.0,0.0,0.0,0.0
Gm10856,1.0,1.0,1.0,0.0,0.0,0.0,0.0,0.0
Cyp2d26,1.0,1.0,1.0,0.0,0.0,0.0,0.0,0.0
Rapgef3os2,1.0,1.0,1.0,0.0,0.0,0.0,0.0,0.0
Upk1b,1.0,1.0,1.0,0.0,0.0,0.0,0.0,0.0
4930534H18Rik,1.0,1.0,1.0,0.0,0.0,0.0,0.0,0.0
Slc25a2,1.0,1.0,1.0,0.0,0.0,0.0,0.0,0.0
Myoz3,1.0,1.0,1.0,0.0,0.0,0.0,0.0,0.0
Rax,1.0,1.0,1.0,0.0,0.0,0.0,0.0,0.0
AC142100.1,1.0,1.0,1.0,0.0,0.0,0.0,0.0,0.0
Gm10814,1.0,1.0,1.0,0.0,0.0,0.0,0.0,0.0
Gm14379,1.0,1.0,1.0,0.0,0.0,0.0,0.0,0.0
Gm6787,1.0,1.0,1.0,0.0,0.0,0.0,0.0,0.0
Olfr1322,1.0,1.0,1.0,0.0,0.0,0.0,0.0,0.0
Tex11,1.0,1.0,1.0,0.0,0.0,0.0,0.0,0.0
Bex4,1.0,1.0,1.0,0.0,0.0,0.0,0.0,0.0
Gm43140,1.0,1.0,1.0,0.0,0.0,0.0,0.0,0.0
Odaph,1.0,1.0,1.0,0.0,0.0,0.0,0.0,0.0
Dnah10,1.0,1.0,1.0,0.0,0.0,0.0,0.0,0.0
Gm36266,1.0,1.0,1.0,0.0,0.0,0.0,0.0,0.0
Tacr1,1.0,1.0,1.0,0.0,0.0,0.0,0.0,0.0
Gm34908,1.0,1.0,1.0,0.0,0.0,0.0,0.0,0.0
2010001K21Rik,1.0,1.0,1.0,0.0,0.0,0.0,0.0,0.0
Gm9968,1.0,1.0,1.0,0.0,0.0,0.0,0.0,0.0
Tktl1,1.0,1.0,1.0,0.0,0.0,0.0,0.0,0.0
Ecrg4,1.0,1.0,1.0,0.0,0.0,0.0,0.0,0.0
Cntnap5a,1.0,1.0,1.0,0.0,0.0,0.0,0.0,0.0
Slc26a9,1.0,1.0,1.0,0.0,0.0,0.0,0.0,0.0
2810442N19Rik,1.0,1.0,1.0,0.0,0.0,0.0,0.0,0.0
Fmn2,1.0,1.0,1.0,0.0,0.0,0.0,0.0,0.0
2900042K21Rik,1.0,1.0,1.0,0.0,0.0,0.0,0.0,0.0
Syt14,1.0,1.0,1.0,0.0,0.0,0.0,0.0,0.0
Camk1g,1.0,1.0,1.0,0.0,0.0,0.0,0.0,0.0
Fibcd1,1.0,1.0,1.0,0.0,0.0,0.0,0.0,0.0
Gm13572,1.0,1.0,1.0,0.0,0.0,0.0,0.0,0.0
Gm14396,1.0,1.0,1.0,0.0,0.0,0.0,0.0,0.0
Olfr1034,1.0,1.0,1.0,0.0,0.0,0.0,0.0,0.0
Pla2g4e,1.0,1.0,1.0,0.0,0.0,0.0,0.0,0.0
Mageb3,1.0,1.0,1.0,0.0,0.0,0.0,0.0,0.0
Terb2,1.0,1.0,1.0,0.0,0.0,0.0,0.0,0.0
Astl,1.0,1.0,1.0,0.0,0.0,0.0,0.0,0.0
Adra2b,1.0,1.0,1.0,0.0,0.0,0.0,0.0,0.0
Prnd,1.0,1.0,1.0,0.0,0.0,0.0,0.0,0.0
Pcsk2,1.0,1.0,1.0,0.0,0.0,0.0,0.0,0.0
Insm1,1.0,1.0,1.0,0.0,0.0,0.0,0.0,0.0
Bpifa6,1.0,1.0,1.0,0.0,0.0,0.0,0.0,0.0
Spata25,1.0,1.0,1.0,0.0,0.0,0.0,0.0,0.0
Pex5l,1.0,1.0,1.0,0.0,0.0,0.0,0.0,0.0
Ankub1,1.0,1.0,1.0,0.0,0.0,0.0,0.0,0.0
Sptssb,1.0,1.0,1.0,0.0,0.0,0.0,0.0,0.0
Npy2r,1.0,1.0,1.0,0.0,0.0,0.0,0.0,0.0
Gm12737,1.0,1.0,1.0,0.0,0.0,0.0,0.0,0.0
Olfr1328,1.0,1.0,1.0,0.0,0.0,0.0,0.0,0.0
Gm13054,1.0,1.0,1.0,0.0,0.0,0.0,0.0,0.0
Ube4bos1,1.0,1.0,1.0,0.0,0.0,0.0,0.0,0.0
1700028K03Rik,1.0,1.0,1.0,0.0,0.0,0.0,0.0,0.0
Gm43118,1.0,1.0,1.0,0.0,0.0,0.0,0.0,0.0
Myl2,1.0,1.0,1.0,0.0,0.0,0.0,0.0,0.0
Gm16001,1.0,1.0,1.0,0.0,0.0,0.0,0.0,0.0
Gm15408,1.0,1.0,1.0,0.0,0.0,0.0,0.0,0.0
Sspo,1.0,1.0,1.0,0.0,0.0,0.0,0.0,0.0
1700040L08Rik,1.0,1.0,1.0,0.0,0.0,0.0,0.0,0.0
Cpne9,1.0,1.0,1.0,0.0,0.0,0.0,0.0,0.0
Etv2,1.0,1.0,1.0,0.0,0.0,0.0,0.0,0.0
Tdrd12,1.0,1.0,1.0,0.0,0.0,0.0,0.0,0.0
Ldhc,1.0,1.0,1.0,0.0,0.0,0.0,0.0,0.0
Gm45474,1.0,1.0,1.0,0.0,0.0,0.0,0.0,0.0
E030018B13Rik,1.0,1.0,1.0,0.0,0.0,0.0,0.0,0.0
Gm45081,1.0,1.0,1.0,0.0,0.0,0.0,0.0,0.0
Gm30075,1.0,1.0,1.0,0.0,0.0,0.0,0.0,0.0
Gm21269,1.0,1.0,1.0,0.0,0.0,0.0,0.0,0.0
Gm26944,1.0,1.0,1.0,0.0,0.0,0.0,0.0,0.0
Gm15413,1.0,1.0,1.0,0.0,0.0,0.0,0.0,0.0
Chrdl2,1.0,1.0,1.0,0.0,0.0,0.0,0.0,0.0
Gm34225,1.0,1.0,1.0,0.0,0.0,0.0,0.0,0.0
Fank1,1.0,1.0,1.0,0.0,0.0,0.0,0.0,0.0
Gm26793,1.0,1.0,1.0,0.0,0.0,0.0,0.0,0.0
Gm31172,1.0,1.0,1.0,0.0,0.0,0.0,0.0,0.0
Gm45406,1.0,1.0,1.0,0.0,0.0,0.0,0.0,0.0
Nrn1l,1.0,1.0,1.0,0.0,0.0,0.0,0.0,0.0
Gm36198,1.0,1.0,1.0,0.0,0.0,0.0,0.0,0.0
Bsx,1.0,1.0,1.0,0.0,0.0,0.0,0.0,0.0
Iyd,1.0,1.0,1.0,0.0,0.0,0.0,0.0,0.0
Mfsd4b1,1.0,1.0,1.0,0.0,0.0,0.0,0.0,0.0
Gm35028,1.0,1.0,1.0,0.0,0.0,0.0,0.0,0.0
Slc17a8,1.0,1.0,1.0,0.0,0.0,0.0,0.0,0.0
Gm34921,1.0,1.0,1.0,0.0,0.0,0.0,0.0,0.0
Gm16229,1.0,1.0,1.0,0.0,0.0,0.0,0.0,0.0
Gm26876,1.0,1.0,1.0,0.0,0.0,0.0,0.0,0.0
Gm12052,1.0,1.0,1.0,0.0,0.0,0.0,0.0,0.0
Fndc9,1.0,1.0,1.0,0.0,0.0,0.0,0.0,0.0
A430108G06Rik,1.0,1.0,1.0,0.0,0.0,0.0,0.0,0.0
2900045O20Rik,1.0,1.0,1.0,0.0,0.0,0.0,0.0,0.0
2410018L13Rik,1.0,1.0,1.0,0.0,0.0,0.0,0.0,0.0
Atxn7l1os1,1.0,1.0,1.0,0.0,0.0,0.0,0.0,0.0
Gm48242,1.0,1.0,1.0,0.0,0.0,0.0,0.0,0.0
Gm31513,1.0,1.0,1.0,0.0,0.0,0.0,0.0,0.0
Serpina11,1.0,1.0,1.0,0.0,0.0,0.0,0.0,0.0
Gm40578,1.0,1.0,1.0,0.0,0.0,0.0,0.0,0.0
5033403F01Rik,1.0,1.0,1.0,0.0,0.0,0.0,0.0,0.0
Gm32939,1.0,1.0,1.0,0.0,0.0,0.0,0.0,0.0
Gm46440,1.0,1.0,1.0,0.0,0.0,0.0,0.0,0.0
Gm30411,1.0,1.0,1.0,0.0,0.0,0.0,0.0,0.0
Gm3512,1.0,1.0,1.0,0.0,0.0,0.0,0.0,0.0
Gm16741,1.0,1.0,1.0,0.0,0.0,0.0,0.0,0.0
Lrrc18,1.0,1.0,1.0,0.0,0.0,0.0,0.0,0.0
Defb30,1.0,1.0,1.0,0.0,0.0,0.0,0.0,0.0
Defb42,1.0,1.0,1.0,0.0,0.0,0.0,0.0,0.0
Kbtbd6,1.0,1.0,1.0,0.0,0.0,0.0,0.0,0.0
1810049J17Rik,1.0,1.0,1.0,0.0,0.0,0.0,0.0,0.0
Cdh18,1.0,1.0,1.0,0.0,0.0,0.0,0.0,0.0
Gm49544,1.0,1.0,1.0,0.0,0.0,0.0,0.0,0.0
Shisal1,1.0,1.0,1.0,0.0,0.0,0.0,0.0,0.0
Nell2,1.0,1.0,1.0,0.0,0.0,0.0,0.0,0.0
Faim2,1.0,1.0,1.0,0.0,0.0,0.0,0.0,0.0
Krt2,1.0,1.0,1.0,0.0,0.0,0.0,0.0,0.0
Efcab1,1.0,1.0,1.0,0.0,0.0,0.0,0.0,0.0
Spats1,1.0,1.0,1.0,0.0,0.0,0.0,0.0,0.0
4930511M06Rik,1.0,1.0,1.0,0.0,0.0,0.0,0.0,0.0
Gm29966,1.0,1.0,1.0,0.0,0.0,0.0,0.0,0.0
C130060C02Rik,1.0,1.0,1.0,0.0,0.0,0.0,0.0,0.0
Dmrtc1a,1.0,1.0,1.0,0.0,0.0,0.0,0.0,0.0
A730046J19Rik,1.0,1.0,1.0,0.0,0.0,0.0,0.0,0.0
Grpr,1.0,1.0,1.0,0.0,0.0,0.0,0.0,0.0
Kcnb2,1.0,1.0,1.0,0.0,0.0,0.0,0.0,0.0
Il19,1.0,1.0,1.0,0.0,0.0,0.0,0.0,0.0
Ren1,1.0,1.0,1.0,0.0,0.0,0.0,0.0,0.0
Gm29291,1.0,1.0,1.0,0.0,0.0,0.0,0.0,0.0
Astn1,1.0,1.0,1.0,0.0,0.0,0.0,0.0,0.0
Gm26879,1.0,1.0,1.0,0.0,0.0,0.0,0.0,0.0
Csrnp3,1.0,1.0,1.0,0.0,0.0,0.0,0.0,0.0
Gdap1l1,1.0,1.0,1.0,0.0,0.0,0.0,0.0,0.0
Gm2447,1.0,1.0,1.0,0.0,0.0,0.0,0.0,0.0
Gm44037,1.0,1.0,1.0,0.0,0.0,0.0,0.0,0.0
Ldlrad1,1.0,1.0,1.0,0.0,0.0,0.0,0.0,0.0
Gm13032,1.0,1.0,1.0,0.0,0.0,0.0,0.0,0.0
Masp2,1.0,1.0,1.0,0.0,0.0,0.0,0.0,0.0
Ajap1,1.0,1.0,1.0,0.0,0.0,0.0,0.0,0.0
Gm8890,1.0,1.0,1.0,0.0,0.0,0.0,0.0,0.0
Tcf23,1.0,1.0,1.0,0.0,0.0,0.0,0.0,0.0
Gm42555,1.0,1.0,1.0,0.0,0.0,0.0,0.0,0.0
Gm10401,1.0,1.0,1.0,0.0,0.0,0.0,0.0,0.0
Rnft2,1.0,1.0,1.0,0.0,0.0,0.0,0.0,0.0
B3gnt4,1.0,1.0,1.0,0.0,0.0,0.0,0.0,0.0
Gm34086,1.0,1.0,1.0,0.0,0.0,0.0,0.0,0.0
Gm29264,1.0,1.0,1.0,0.0,0.0,0.0,0.0,0.0
Aass,1.0,1.0,1.0,0.0,0.0,0.0,0.0,0.0
1700025N23Rik,1.0,1.0,1.0,0.0,0.0,0.0,0.0,0.0
Tas2r143,1.0,1.0,1.0,0.0,0.0,0.0,0.0,0.0
Gm45510,1.0,1.0,1.0,0.0,0.0,0.0,0.0,0.0
Luzp2,1.0,1.0,1.0,0.0,0.0,0.0,0.0,0.0
A230057D06Rik,1.0,1.0,1.0,0.0,0.0,0.0,0.0,0.0
B3gnt6,1.0,1.0,1.0,0.0,0.0,0.0,0.0,0.0
Lrp2bp,1.0,1.0,1.0,0.0,0.0,0.0,0.0,0.0
Slc6a2,1.0,1.0,1.0,0.0,0.0,0.0,0.0,0.0
Dynlrb2,1.0,1.0,1.0,0.0,0.0,0.0,0.0,0.0
Cyp1a1,1.0,1.0,1.0,0.0,0.0,0.0,0.0,0.0
Megf11,1.0,1.0,1.0,0.0,0.0,0.0,0.0,0.0
Arpp21,1.0,1.0,1.0,0.0,0.0,0.0,0.0,0.0
Gadl1,1.0,1.0,1.0,0.0,0.0,0.0,0.0,0.0
Lyzl4,1.0,1.0,1.0,0.0,0.0,0.0,0.0,0.0
Adgb,1.0,1.0,1.0,0.0,0.0,0.0,0.0,0.0
Il20ra,1.0,1.0,1.0,0.0,0.0,0.0,0.0,0.0
9030612E09Rik,1.0,1.0,1.0,0.0,0.0,0.0,0.0,0.0
Plk5,1.0,1.0,1.0,0.0,0.0,0.0,0.0,0.0
Gm49335,1.0,1.0,1.0,0.0,0.0,0.0,0.0,0.0
Igf2bp1,1.0,1.0,1.0,0.0,0.0,0.0,0.0,0.0
Gfap,1.0,1.0,1.0,0.0,0.0,0.0,0.0,0.0
Notum,1.0,1.0,1.0,0.0,0.0,0.0,0.0,0.0
Gm48584,1.0,1.0,1.0,0.0,0.0,0.0,0.0,0.0
Gm47713,1.0,1.0,1.0,0.0,0.0,0.0,0.0,0.0
Prox2os,1.0,1.0,1.0,0.0,0.0,0.0,0.0,0.0
Lbhd2,1.0,1.0,1.0,0.0,0.0,0.0,0.0,0.0
Ighv1-25,1.0,1.0,1.0,0.0,0.0,0.0,0.0,0.0
Ryr2,1.0,1.0,1.0,0.0,0.0,0.0,0.0,0.0
Gm47127,1.0,1.0,1.0,0.0,0.0,0.0,0.0,0.0
Gm34466,1.0,1.0,1.0,0.0,0.0,0.0,0.0,0.0
1700099I09Rik,1.0,1.0,1.0,0.0,0.0,0.0,0.0,0.0
Trav14n-3,1.0,1.0,1.0,0.0,0.0,0.0,0.0,0.0
Gzmf,1.0,1.0,1.0,0.0,0.0,0.0,0.0,0.0
Pebp4,1.0,1.0,1.0,0.0,0.0,0.0,0.0,0.0
Gm15938,1.0,1.0,1.0,0.0,0.0,0.0,0.0,0.0
Tmprss6,1.0,1.0,1.0,0.0,0.0,0.0,0.0,0.0
Hoxc11,1.0,1.0,1.0,0.0,0.0,0.0,0.0,0.0
Kng2,1.0,1.0,1.0,0.0,0.0,0.0,0.0,0.0
Gm32312,1.0,1.0,1.0,0.0,0.0,0.0,0.0,0.0
Fbxo40,1.0,1.0,1.0,0.0,0.0,0.0,0.0,0.0
Dppa2,1.0,1.0,1.0,0.0,0.0,0.0,0.0,0.0
Htr1f,1.0,1.0,1.0,0.0,0.0,0.0,0.0,0.0
Txndc2,1.0,1.0,1.0,0.0,0.0,0.0,0.0,0.0
L3mbtl4,1.0,1.0,1.0,0.0,0.0,0.0,0.0,0.0
Scgb1a1,1.0,1.0,1.0,0.0,0.0,0.0,0.0,0.0
Gm16299,1.0,1.0,1.0,0.0,0.0,0.0,0.0,0.0
Nudt10,1.0,1.0,1.0,0.0,0.0,0.0,0.0,0.0
Slc38a5,1.0,1.0,1.0,0.0,0.0,0.0,0.0,0.0
Tnmd,1.0,1.0,1.0,0.0,0.0,0.0,0.0,0.0
Nrk,1.0,1.0,1.0,0.0,0.0,0.0,0.0,0.0
4933424G06Rik,1.0,1.0,1.0,0.0,0.0,0.0,0.0,0.0
1700072G22Rik,1.0,1.0,1.0,0.0,0.0,0.0,0.0,0.0
Gm29453,1.0,1.0,1.0,0.0,0.0,0.0,0.0,0.0
Gm28940,1.0,1.0,1.0,0.0,0.0,0.0,0.0,0.0
Sphkap,1.0,1.0,1.0,0.0,0.0,0.0,0.0,0.0
Gm17017,1.0,1.0,1.0,0.0,0.0,0.0,0.0,0.0
Fmod,1.0,1.0,1.0,0.0,0.0,0.0,0.0,0.0
Platr23,1.0,1.0,1.0,0.0,0.0,0.0,0.0,0.0
Gm13179,1.0,1.0,1.0,0.0,0.0,0.0,0.0,0.0
Itih2,1.0,1.0,1.0,0.0,0.0,0.0,0.0,0.0
Slc38a11,1.0,1.0,1.0,0.0,0.0,0.0,0.0,0.0
2600014E21Rik,1.0,1.0,1.0,0.0,0.0,0.0,0.0,0.0
Gm13816,1.0,1.0,1.0,0.0,0.0,0.0,0.0,0.0
G630016G05Rik,1.0,1.0,1.0,0.0,0.0,0.0,0.0,0.0
Pla2g4d,1.0,1.0,1.0,0.0,0.0,0.0,0.0,0.0
Dnmt3bos,1.0,1.0,1.0,0.0,0.0,0.0,0.0,0.0
Wfdc13,1.0,1.0,1.0,0.0,0.0,0.0,0.0,0.0
Tnnc2,1.0,1.0,1.0,0.0,0.0,0.0,0.0,0.0
Gm14321,1.0,1.0,1.0,0.0,0.0,0.0,0.0,0.0
Phactr3,1.0,1.0,1.0,0.0,0.0,0.0,0.0,0.0
Gm5148,1.0,1.0,1.0,0.0,0.0,0.0,0.0,0.0
Gm1647,1.0,1.0,1.0,0.0,0.0,0.0,0.0,0.0
Gm15886,1.0,1.0,1.0,0.0,0.0,0.0,0.0,0.0
Slc6a17,1.0,1.0,1.0,0.0,0.0,0.0,0.0,0.0
Lrrc39,1.0,1.0,1.0,0.0,0.0,0.0,0.0,0.0
Ifnb1,1.0,1.0,1.0,0.0,0.0,0.0,0.0,0.0
Ccdc24,1.0,1.0,1.0,0.0,0.0,0.0,0.0,0.0
Gm12863,1.0,1.0,1.0,0.0,0.0,0.0,0.0,0.0
Bmp8b,1.0,1.0,1.0,0.0,0.0,0.0,0.0,0.0
Gm10570,1.0,1.0,1.0,0.0,0.0,0.0,0.0,0.0
6330411D24Rik,1.0,1.0,1.0,0.0,0.0,0.0,0.0,0.0
Gm13648,1.0,1.0,1.0,0.0,0.0,0.0,0.0,0.0
Gm8906,1.0,1.0,1.0,0.0,0.0,0.0,0.0,0.0
1700003C15Rik,1.0,1.0,1.0,0.0,0.0,0.0,0.0,0.0
Nkx3-2,1.0,1.0,1.0,0.0,0.0,0.0,0.0,0.0
Gm15866,1.0,1.0,1.0,0.0,0.0,0.0,0.0,0.0
Ppbp,1.0,1.0,1.0,0.0,0.0,0.0,0.0,0.0
Fras1,1.0,1.0,1.0,0.0,0.0,0.0,0.0,0.0
Gm13861,1.0,1.0,1.0,0.0,0.0,0.0,0.0,0.0
Igkv9-123,1.0,1.0,1.0,0.0,0.0,0.0,0.0,0.0
Cntn3,1.0,1.0,1.0,0.0,0.0,0.0,0.0,0.0
D030044L04Rik,1.0,1.0,1.0,0.0,0.0,0.0,0.0,0.0
Gm38901,1.0,1.0,1.0,0.0,0.0,0.0,0.0,0.0
Gm38944,1.0,1.0,1.0,0.0,0.0,0.0,0.0,0.0
Zim1,1.0,1.0,1.0,0.0,0.0,0.0,0.0,0.0
Cyp2f2,1.0,1.0,1.0,0.0,0.0,0.0,0.0,0.0
Gm15567,1.0,1.0,1.0,0.0,0.0,0.0,0.0,0.0
Ggn,1.0,1.0,1.0,0.0,0.0,0.0,0.0,0.0
Gm26554,1.0,1.0,1.0,0.0,0.0,0.0,0.0,0.0
Chst8,1.0,1.0,1.0,0.0,0.0,0.0,0.0,0.0
Gm15396,1.0,1.0,1.0,0.0,0.0,0.0,0.0,0.0
Gm21057,1.0,1.0,1.0,0.0,0.0,0.0,0.0,0.0
Gm45188,1.0,1.0,1.0,0.0,0.0,0.0,0.0,0.0
Art5,1.0,1.0,1.0,0.0,0.0,0.0,0.0,0.0
Olfr639,1.0,1.0,1.0,0.0,0.0,0.0,0.0,0.0
Hpx,1.0,1.0,1.0,0.0,0.0,0.0,0.0,0.0
Gm44850,1.0,1.0,1.0,0.0,0.0,0.0,0.0,0.0
Adgra1,1.0,1.0,1.0,0.0,0.0,0.0,0.0,0.0
Gm2044,1.0,1.0,1.0,0.0,0.0,0.0,0.0,0.0
Caly,1.0,1.0,1.0,0.0,0.0,0.0,0.0,0.0
Chrna6,1.0,1.0,1.0,0.0,0.0,0.0,0.0,0.0
Fgl1,1.0,1.0,1.0,0.0,0.0,0.0,0.0,0.0
Ces1e,1.0,1.0,1.0,0.0,0.0,0.0,0.0,0.0
Olfr905,1.0,1.0,1.0,0.0,0.0,0.0,0.0,0.0
Gm16214,1.0,1.0,1.0,0.0,0.0,0.0,0.0,0.0
Tmem25,1.0,1.0,1.0,0.0,0.0,0.0,0.0,0.0
Gm47957,1.0,1.0,1.0,0.0,0.0,0.0,0.0,0.0
Gm17231,1.0,1.0,1.0,0.0,0.0,0.0,0.0,0.0
Rasl12,1.0,1.0,1.0,0.0,0.0,0.0,0.0,0.0
Gm27232,1.0,1.0,1.0,0.0,0.0,0.0,0.0,0.0
Gm17324,1.0,1.0,1.0,0.0,0.0,0.0,0.0,0.0
Prss35,1.0,1.0,1.0,0.0,0.0,0.0,0.0,0.0
A930006L05Rik,1.0,1.0,1.0,0.0,0.0,0.0,0.0,0.0
Acaa1b,1.0,1.0,1.0,0.0,0.0,0.0,0.0,0.0
Gm16153,1.0,1.0,1.0,0.0,0.0,0.0,0.0,0.0
Ect2l,1.0,1.0,1.0,0.0,0.0,0.0,0.0,0.0
Platr6,1.0,1.0,1.0,0.0,0.0,0.0,0.0,0.0
Gstt4,1.0,1.0,1.0,0.0,0.0,0.0,0.0,0.0
Gm17134,1.0,1.0,1.0,0.0,0.0,0.0,0.0,0.0
4933411E08Rik,1.0,1.0,1.0,0.0,0.0,0.0,0.0,0.0
Gpr75,1.0,1.0,1.0,0.0,0.0,0.0,0.0,0.0
Tekt1,1.0,1.0,1.0,0.0,0.0,0.0,0.0,0.0
Cryba1,1.0,1.0,1.0,0.0,0.0,0.0,0.0,0.0
Rab11fip4os1,1.0,1.0,1.0,0.0,0.0,0.0,0.0,0.0
Krt16,1.0,1.0,1.0,0.0,0.0,0.0,0.0,0.0
Cd300ld2,1.0,1.0,1.0,0.0,0.0,0.0,0.0,0.0
Ict1os,1.0,1.0,1.0,0.0,0.0,0.0,0.0,0.0
Sap30bpos,1.0,1.0,1.0,0.0,0.0,0.0,0.0,0.0
Gm48678,1.0,1.0,1.0,0.0,0.0,0.0,0.0,0.0
Alkal2,1.0,1.0,1.0,0.0,0.0,0.0,0.0,0.0
Gm29542,1.0,1.0,1.0,0.0,0.0,0.0,0.0,0.0
Dgkb,1.0,1.0,1.0,0.0,0.0,0.0,0.0,0.0
Mdga2,1.0,1.0,1.0,0.0,0.0,0.0,0.0,0.0
Six1,1.0,1.0,1.0,0.0,0.0,0.0,0.0,0.0
Rd3l,1.0,1.0,1.0,0.0,0.0,0.0,0.0,0.0
Ighv3-5,1.0,1.0,1.0,0.0,0.0,0.0,0.0,0.0
Ppp1r3g,1.0,1.0,1.0,0.0,0.0,0.0,0.0,0.0
Gm47061,1.0,1.0,1.0,0.0,0.0,0.0,0.0,0.0
1700029N11Rik,1.0,1.0,1.0,0.0,0.0,0.0,0.0,0.0
4921525O09Rik,1.0,1.0,1.0,0.0,0.0,0.0,0.0,0.0
Fam169a,1.0,1.0,1.0,0.0,0.0,0.0,0.0,0.0
2810403G07Rik,1.0,1.0,1.0,0.0,0.0,0.0,0.0,0.0
Gm5796,1.0,1.0,1.0,0.0,0.0,0.0,0.0,0.0
Gm48949,1.0,1.0,1.0,0.0,0.0,0.0,0.0,0.0
Olfr729,1.0,1.0,1.0,0.0,0.0,0.0,0.0,0.0
Trav8d-1,1.0,1.0,1.0,0.0,0.0,0.0,0.0,0.0
Slitrk5,1.0,1.0,1.0,0.0,0.0,0.0,0.0,0.0
Gm15632,1.0,1.0,1.0,0.0,0.0,0.0,0.0,0.0
Fer1l6,1.0,1.0,1.0,0.0,0.0,0.0,0.0,0.0
Gm20732,1.0,1.0,1.0,0.0,0.0,0.0,0.0,0.0
Gm3924,1.0,1.0,1.0,0.0,0.0,0.0,0.0,0.0
Gm16537,1.0,1.0,1.0,0.0,0.0,0.0,0.0,0.0
Gm15743,1.0,1.0,1.0,0.0,0.0,0.0,0.0,0.0
Csta2,1.0,1.0,1.0,0.0,0.0,0.0,0.0,0.0
Gm32624,1.0,1.0,1.0,0.0,0.0,0.0,0.0,0.0
2310043M15Rik,1.0,1.0,1.0,0.0,0.0,0.0,0.0,0.0
C030010L15Rik,1.0,1.0,1.0,0.0,0.0,0.0,0.0,0.0
Vmn2r108,1.0,1.0,1.0,0.0,0.0,0.0,0.0,0.0
Caskin1,1.0,1.0,1.0,0.0,0.0,0.0,0.0,0.0
Igfals,1.0,1.0,1.0,0.0,0.0,0.0,0.0,0.0
Kcnh8,1.0,1.0,1.0,0.0,0.0,0.0,0.0,0.0
4930405O22Rik,1.0,1.0,1.0,0.0,0.0,0.0,0.0,0.0
Gm17133,1.0,1.0,1.0,0.0,0.0,0.0,0.0,0.0
4933433H22Rik,1.0,1.0,1.0,0.0,0.0,0.0,0.0,0.0
Asxl3,1.0,1.0,1.0,0.0,0.0,0.0,0.0,0.0
Rit2,1.0,1.0,1.0,0.0,0.0,0.0,0.0,0.0
Syt4,1.0,1.0,1.0,0.0,0.0,0.0,0.0,0.0
Stk32a,1.0,1.0,1.0,0.0,0.0,0.0,0.0,0.0
Megf10,1.0,1.0,1.0,0.0,0.0,0.0,0.0,0.0
Cidea,1.0,1.0,1.0,0.0,0.0,0.0,0.0,0.0
Olfr1423,1.0,1.0,1.0,0.0,0.0,0.0,0.0,0.0
Olfr1444,1.0,1.0,1.0,0.0,0.0,0.0,0.0,0.0
F530104D19Rik,1.0,1.0,1.0,0.0,0.0,0.0,0.0,0.0
4930484I04Rik,1.0,1.0,1.0,0.0,0.0,0.0,0.0,0.0
Pcsk1n,1.0,1.0,1.0,0.0,0.0,0.0,0.0,0.0
Rab33a,1.0,1.0,1.0,0.0,0.0,0.0,0.0,0.0
Zfp92,1.0,1.0,1.0,0.0,0.0,0.0,0.0,0.0
Avpr2,1.0,1.0,1.0,0.0,0.0,0.0,0.0,0.0
Gja6,1.0,1.0,1.0,0.0,0.0,0.0,0.0,0.0
Khdrbs2,1.0,1.0,1.0,0.0,0.0,0.0,0.0,0.0
Gm5099,1.0,1.0,1.0,0.0,0.0,0.0,0.0,0.0
4930558J18Rik,1.0,1.0,1.0,0.0,0.0,0.0,0.0,0.0
Cdk15,1.0,1.0,1.0,0.0,0.0,0.0,0.0,0.0
A030005L19Rik,1.0,1.0,1.0,0.0,0.0,0.0,0.0,0.0
Map3k19,1.0,1.0,1.0,0.0,0.0,0.0,0.0,0.0
Gm16083,1.0,1.0,1.0,0.0,0.0,0.0,0.0,0.0
Gm19461,1.0,1.0,1.0,0.0,0.0,0.0,0.0,0.0
Gm15851,1.0,1.0,1.0,0.0,0.0,0.0,0.0,0.0
Gm37083,1.0,1.0,1.0,0.0,0.0,0.0,0.0,0.0
Gm9929,1.0,1.0,1.0,0.0,0.0,0.0,0.0,0.0
Slc39a12,1.0,1.0,1.0,0.0,0.0,0.0,0.0,0.0
Il1f6,1.0,1.0,1.0,0.0,0.0,0.0,0.0,0.0
Gm13411,1.0,1.0,1.0,0.0,0.0,0.0,0.0,0.0
Gm13563,1.0,1.0,1.0,0.0,0.0,0.0,0.0,0.0
Gm13448,1.0,1.0,1.0,0.0,0.0,0.0,0.0,0.0
3110099E03Rik,1.0,1.0,1.0,0.0,0.0,0.0,0.0,0.0
Gm14322,1.0,1.0,1.0,0.0,0.0,0.0,0.0,0.0
Gm16337,1.0,1.0,1.0,0.0,0.0,0.0,0.0,0.0
B430305J03Rik,1.0,1.0,1.0,0.0,0.0,0.0,0.0,0.0
Tspan2os,1.0,1.0,1.0,0.0,0.0,0.0,0.0,0.0
Atg4a-ps,1.0,1.0,1.0,0.0,0.0,0.0,0.0,0.0
Col25a1,1.0,1.0,1.0,0.0,0.0,0.0,0.0,0.0
Gm13274,1.0,1.0,1.0,0.0,0.0,0.0,0.0,0.0
Gm10300,1.0,1.0,1.0,0.0,0.0,0.0,0.0,0.0
Tas1r3,1.0,1.0,1.0,0.0,0.0,0.0,0.0,0.0
A230098N10Rik,1.0,1.0,1.0,0.0,0.0,0.0,0.0,0.0
Grifin,1.0,1.0,1.0,0.0,0.0,0.0,0.0,0.0
Gm26597,1.0,1.0,1.0,0.0,0.0,0.0,0.0,0.0
Gm42531,1.0,1.0,1.0,0.0,0.0,0.0,0.0,0.0
Gm43807,1.0,1.0,1.0,0.0,0.0,0.0,0.0,0.0
Gm26636,1.0,1.0,1.0,0.0,0.0,0.0,0.0,0.0
Cxcl17,1.0,1.0,1.0,0.0,0.0,0.0,0.0,0.0
2200002J24Rik,1.0,1.0,1.0,0.0,0.0,0.0,0.0,0.0
Mkrn3,1.0,1.0,1.0,0.0,0.0,0.0,0.0,0.0
Stk33,1.0,1.0,1.0,0.0,0.0,0.0,0.0,0.0
Far1os,1.0,1.0,1.0,0.0,0.0,0.0,0.0,0.0
4930448A20Rik,1.0,1.0,1.0,0.0,0.0,0.0,0.0,0.0
Gm16350,1.0,1.0,1.0,0.0,0.0,0.0,0.0,0.0
Gm19744,1.0,1.0,1.0,0.0,0.0,0.0,0.0,0.0
Gm15356,1.0,1.0,1.0,0.0,0.0,0.0,0.0,0.0
Gm30329,1.0,1.0,1.0,0.0,0.0,0.0,0.0,0.0
5033426E14Rik,1.0,1.0,1.0,0.0,0.0,0.0,0.0,0.0
Pkd1l3,1.0,1.0,1.0,0.0,0.0,0.0,0.0,0.0
Gm27030,1.0,1.0,1.0,0.0,0.0,0.0,0.0,0.0
Gm45833,1.0,1.0,1.0,0.0,0.0,0.0,0.0,0.0
Pgbd5,1.0,1.0,1.0,0.0,0.0,0.0,0.0,0.0
Igdcc3,1.0,1.0,1.0,0.0,0.0,0.0,0.0,0.0
Gm36278,1.0,1.0,1.0,0.0,0.0,0.0,0.0,0.0
Iqcf1,1.0,1.0,1.0,0.0,0.0,0.0,0.0,0.0
1700027J07Rik,1.0,1.0,1.0,0.0,0.0,0.0,0.0,0.0
Nipal4,1.0,1.0,1.0,0.0,0.0,0.0,0.0,0.0
A630014C17Rik,1.0,1.0,1.0,0.0,0.0,0.0,0.0,0.0
2610507I01Rik,1.0,1.0,1.0,0.0,0.0,0.0,0.0,0.0
B430319H21Rik,1.0,1.0,1.0,0.0,0.0,0.0,0.0,0.0
Lrrc46,1.0,1.0,1.0,0.0,0.0,0.0,0.0,0.0
Scn4a,1.0,1.0,1.0,0.0,0.0,0.0,0.0,0.0
Gm10479,1.0,1.0,1.0,0.0,0.0,0.0,0.0,0.0
Ccdc175,1.0,1.0,1.0,0.0,0.0,0.0,0.0,0.0
Gm17191,1.0,1.0,1.0,0.0,0.0,0.0,0.0,0.0
Ighv8-2,1.0,1.0,1.0,0.0,0.0,0.0,0.0,0.0
Gm6556,1.0,1.0,1.0,0.0,0.0,0.0,0.0,0.0
Serpinb1c,1.0,1.0,1.0,0.0,0.0,0.0,0.0,0.0
Gm31392,1.0,1.0,1.0,0.0,0.0,0.0,0.0,0.0
Gm49024,1.0,1.0,1.0,0.0,0.0,0.0,0.0,0.0
A930038B10Rik,1.0,1.0,1.0,0.0,0.0,0.0,0.0,0.0
Gm26590,1.0,1.0,1.0,0.0,0.0,0.0,0.0,0.0
Trav19,1.0,1.0,1.0,0.0,0.0,0.0,0.0,0.0
Gm4632,1.0,1.0,1.0,0.0,0.0,0.0,0.0,0.0
Gm41396,1.0,1.0,1.0,0.0,0.0,0.0,0.0,0.0
Krt1,1.0,1.0,1.0,0.0,0.0,0.0,0.0,0.0
Krt77,1.0,1.0,1.0,0.0,0.0,0.0,0.0,0.0
Krt4,1.0,1.0,1.0,0.0,0.0,0.0,0.0,0.0
Hoxc4,1.0,1.0,1.0,0.0,0.0,0.0,0.0,0.0
Lrrc74b,1.0,1.0,1.0,0.0,0.0,0.0,0.0,0.0
Gp1bb,1.0,1.0,1.0,0.0,0.0,0.0,0.0,0.0
Atp13a4,1.0,1.0,1.0,0.0,0.0,0.0,0.0,0.0
Csta3,1.0,1.0,1.0,0.0,0.0,0.0,0.0,0.0
Stfa3,1.0,1.0,1.0,0.0,0.0,0.0,0.0,0.0
Gm10505,1.0,1.0,1.0,0.0,0.0,0.0,0.0,0.0
Gm41556,1.0,1.0,1.0,0.0,0.0,0.0,0.0,0.0
Tbc1d22bos,1.0,1.0,1.0,0.0,0.0,0.0,0.0,0.0
Shd,1.0,1.0,1.0,0.0,0.0,0.0,0.0,0.0
Plin4,1.0,1.0,1.0,0.0,0.0,0.0,0.0,0.0
Togaram2,1.0,1.0,1.0,0.0,0.0,0.0,0.0,0.0
Spink13,1.0,1.0,1.0,0.0,0.0,0.0,0.0,0.0
4930549G23Rik,1.0,1.0,1.0,0.0,0.0,0.0,0.0,0.0
Majin,1.0,1.0,1.0,0.0,0.0,0.0,0.0,0.0
Catsperz,1.0,1.0,1.0,0.0,0.0,0.0,0.0,0.0
1700092M07Rik,1.0,1.0,1.0,0.0,0.0,0.0,0.0,0.0
Gm29863,1.0,1.0,1.0,0.0,0.0,0.0,0.0,0.0
Tll2,1.0,1.0,1.0,0.0,0.0,0.0,0.0,0.0
Sfrp5,1.0,1.0,1.0,0.0,0.0,0.0,0.0,0.0
Nexmif,1.0,1.0,1.0,0.0,0.0,0.0,0.0,0.0
Phex,1.0,1.0,1.0,0.0,0.0,0.0,0.0,0.0
Aox2,1.0,1.0,1.0,0.0,0.0,0.0,0.0,0.0
Gm29114,1.0,1.0,1.0,0.0,0.0,0.0,0.0,0.0
Scg2,1.0,1.0,1.0,0.0,0.0,0.0,0.0,0.0
Cfap157,1.0,1.0,1.0,0.0,0.0,0.0,0.0,0.0
Gm14027,1.0,1.0,1.0,0.0,0.0,0.0,0.0,0.0
Kcng1,1.0,1.0,1.0,0.0,0.0,0.0,0.0,0.0
Kcnmb2,1.0,1.0,1.0,0.0,0.0,0.0,0.0,0.0
4921511C10Rik,1.0,1.0,1.0,0.0,0.0,0.0,0.0,0.0
Gm10710,1.0,1.0,1.0,0.0,0.0,0.0,0.0,0.0
Oaz3,1.0,1.0,1.0,0.0,0.0,0.0,0.0,0.0
Col11a1,1.0,1.0,1.0,0.0,0.0,0.0,0.0,0.0
Gm35986,1.0,1.0,1.0,0.0,0.0,0.0,0.0,0.0
AI115009,1.0,1.0,1.0,0.0,0.0,0.0,0.0,0.0
Foxd3,1.0,1.0,1.0,0.0,0.0,0.0,0.0,0.0
Gm12898,1.0,1.0,1.0,0.0,0.0,0.0,0.0,0.0
Fam229a,1.0,1.0,1.0,0.0,0.0,0.0,0.0,0.0
Myom3,1.0,1.0,1.0,0.0,0.0,0.0,0.0,0.0
Hfm1,1.0,1.0,1.0,0.0,0.0,0.0,0.0,0.0
Trbv14,1.0,1.0,1.0,0.0,0.0,0.0,0.0,0.0
Igkv4-90,1.0,1.0,1.0,0.0,0.0,0.0,0.0,0.0
Vmn1r43,1.0,1.0,1.0,0.0,0.0,0.0,0.0,0.0
Gm44040,1.0,1.0,1.0,0.0,0.0,0.0,0.0,0.0
Zfp977,1.0,1.0,1.0,0.0,0.0,0.0,0.0,0.0
Gm16157,1.0,1.0,1.0,0.0,0.0,0.0,0.0,0.0
Rsf1os2,1.0,1.0,1.0,0.0,0.0,0.0,0.0,0.0
Gm44672,1.0,1.0,1.0,0.0,0.0,0.0,0.0,0.0
Proz,1.0,1.0,1.0,0.0,0.0,0.0,0.0,0.0
Adrb3,1.0,1.0,1.0,0.0,0.0,0.0,0.0,0.0
Trhr2,1.0,1.0,1.0,0.0,0.0,0.0,0.0,0.0
Ttc36,1.0,1.0,1.0,0.0,0.0,0.0,0.0,0.0
Celf6,1.0,1.0,1.0,0.0,0.0,0.0,0.0,0.0
Gm47270,1.0,1.0,1.0,0.0,0.0,0.0,0.0,0.0
Gsta2,1.0,1.0,1.0,0.0,0.0,0.0,0.0,0.0
Clstn2,1.0,1.0,1.0,0.0,0.0,0.0,0.0,0.0
Ucn2,1.0,1.0,1.0,0.0,0.0,0.0,0.0,0.0
Gm47815,1.0,1.0,1.0,0.0,0.0,0.0,0.0,0.0
Gm32235,1.0,1.0,1.0,0.0,0.0,0.0,0.0,0.0
Gm11946,1.0,1.0,1.0,0.0,0.0,0.0,0.0,0.0
Hsf5,1.0,1.0,1.0,0.0,0.0,0.0,0.0,0.0
Myadml2os,1.0,1.0,1.0,0.0,0.0,0.0,0.0,0.0
Gm47376,1.0,1.0,1.0,0.0,0.0,0.0,0.0,0.0
Gm35558.1,1.0,1.0,1.0,0.0,0.0,0.0,0.0,0.0
Ighv1-23,1.0,1.0,1.0,0.0,0.0,0.0,0.0,0.0
Elovl2,1.0,1.0,1.0,0.0,0.0,0.0,0.0,0.0
A230107N01Rik,1.0,1.0,1.0,0.0,0.0,0.0,0.0,0.0
Gm47210,1.0,1.0,1.0,0.0,0.0,0.0,0.0,0.0
Trav13-2,1.0,1.0,1.0,0.0,0.0,0.0,0.0,0.0
Gm26760,1.0,1.0,1.0,0.0,0.0,0.0,0.0,0.0
Krt79,1.0,1.0,1.0,0.0,0.0,0.0,0.0,0.0
Olfr172,1.0,1.0,1.0,0.0,0.0,0.0,0.0,0.0
Gm50143,1.0,1.0,1.0,0.0,0.0,0.0,0.0,0.0
Mc4r,1.0,1.0,1.0,0.0,0.0,0.0,0.0,0.0
Gm19261,1.0,1.0,1.0,0.0,0.0,0.0,0.0,0.0
Gm50276,1.0,1.0,1.0,0.0,0.0,0.0,0.0,0.0
Gm50130,1.0,1.0,1.0,0.0,0.0,0.0,0.0,0.0
4933413C19Rik,1.0,1.0,1.0,0.0,0.0,0.0,0.0,0.0
Cyp2c55,1.0,1.0,1.0,0.0,0.0,0.0,0.0,0.0
Cyp2c65,1.0,1.0,1.0,0.0,0.0,0.0,0.0,0.0
Slitrk2,1.0,1.0,1.0,0.0,0.0,0.0,0.0,0.0
Gm28836,1.0,1.0,1.0,0.0,0.0,0.0,0.0,0.0
Gm29155,1.0,1.0,1.0,0.0,0.0,0.0,0.0,0.0
Dnah7a,1.0,1.0,1.0,0.0,0.0,0.0,0.0,0.0
Rufy4,1.0,1.0,1.0,0.0,0.0,0.0,0.0,0.0
Ugt1a8,1.0,1.0,1.0,0.0,0.0,0.0,0.0,0.0
Gm29100,1.0,1.0,1.0,0.0,0.0,0.0,0.0,0.0
Slco4c1,1.0,1.0,1.0,0.0,0.0,0.0,0.0,0.0
Cdh20,1.0,1.0,1.0,0.0,0.0,0.0,0.0,0.0
Gm29455,1.0,1.0,1.0,0.0,0.0,0.0,0.0,0.0
Gm13380,1.0,1.0,1.0,0.0,0.0,0.0,0.0,0.0
Nr6a1os,1.0,1.0,1.0,0.0,0.0,0.0,0.0,0.0
Gm13783,1.0,1.0,1.0,0.0,0.0,0.0,0.0,0.0
Lrrc4c,1.0,1.0,1.0,0.0,0.0,0.0,0.0,0.0
Chgb,1.0,1.0,1.0,0.0,0.0,0.0,0.0,0.0
Gm5535,1.0,1.0,1.0,0.0,0.0,0.0,0.0,0.0
Cdh22,1.0,1.0,1.0,0.0,0.0,0.0,0.0,0.0
Gm17096,1.0,1.0,1.0,0.0,0.0,0.0,0.0,0.0
Gm14455,1.0,1.0,1.0,0.0,0.0,0.0,0.0,0.0
Gm14341,1.0,1.0,1.0,0.0,0.0,0.0,0.0,0.0
Erich6,1.0,1.0,1.0,0.0,0.0,0.0,0.0,0.0
Gm37696,1.0,1.0,1.0,0.0,0.0,0.0,0.0,0.0
Gm15535,1.0,1.0,1.0,0.0,0.0,0.0,0.0,0.0
Gm43846,1.0,1.0,1.0,0.0,0.0,0.0,0.0,0.0
Gm43847,1.0,1.0,1.0,0.0,0.0,0.0,0.0,0.0
Asb17,1.0,1.0,1.0,0.0,0.0,0.0,0.0,0.0
Clvs1,1.0,1.0,1.0,0.0,0.0,0.0,0.0,0.0
Gabrr2,1.0,1.0,1.0,0.0,0.0,0.0,0.0,0.0
Aqp7,1.0,1.0,1.0,0.0,0.0,0.0,0.0,0.0
Eqtn,1.0,1.0,1.0,0.0,0.0,0.0,0.0,0.0
Foxo6,1.0,1.0,1.0,0.0,0.0,0.0,0.0,0.0
Tekt2,1.0,1.0,1.0,0.0,0.0,0.0,0.0,0.0
Car6,1.0,1.0,1.0,0.0,0.0,0.0,0.0,0.0
Gm42846,1.0,1.0,1.0,0.0,0.0,0.0,0.0,0.0
Myo18b,1.0,1.0,1.0,0.0,0.0,0.0,0.0,0.0
Gm2479,1.0,1.0,1.0,0.0,0.0,0.0,0.0,0.0
BC030343,1.0,1.0,1.0,0.0,0.0,0.0,0.0,0.0
Gm43332,1.0,1.0,1.0,0.0,0.0,0.0,0.0,0.0
Slc13a1,1.0,1.0,1.0,0.0,0.0,0.0,0.0,0.0
Gm16499.1,1.0,1.0,1.0,0.0,0.0,0.0,0.0,0.0
Snca,1.0,1.0,1.0,0.0,0.0,0.0,0.0,0.0
Igkv12-98,1.0,1.0,1.0,0.0,0.0,0.0,0.0,0.0
Ctnna2,1.0,1.0,1.0,0.0,0.0,0.0,0.0,0.0
Lrrtm4,1.0,1.0,1.0,0.0,0.0,0.0,0.0,0.0
Gm43964,1.0,1.0,1.0,0.0,0.0,0.0,0.0,0.0
Gm20692,1.0,1.0,1.0,0.0,0.0,0.0,0.0,0.0
Gm43915,1.0,1.0,1.0,0.0,0.0,0.0,0.0,0.0
Vmn2r26,1.0,1.0,1.0,0.0,0.0,0.0,0.0,0.0
Gm17088,1.0,1.0,1.0,0.0,0.0,0.0,0.0,0.0
Gm17216,1.0,1.0,1.0,0.0,0.0,0.0,0.0,0.0
4933430L12Rik,1.0,1.0,1.0,0.0,0.0,0.0,0.0,0.0
Gm26707,1.0,1.0,1.0,0.0,0.0,0.0,0.0,0.0
Syngr4,1.0,1.0,1.0,0.0,0.0,0.0,0.0,0.0
Gm44946,1.0,1.0,1.0,0.0,0.0,0.0,0.0,0.0
Gm44739,1.0,1.0,1.0,0.0,0.0,0.0,0.0,0.0
Gm9885,1.0,1.0,1.0,0.0,0.0,0.0,0.0,0.0
Olfr624,1.0,1.0,1.0,0.0,0.0,0.0,0.0,0.0
Hbb-bh1,1.0,1.0,1.0,0.0,0.0,0.0,0.0,0.0
4930458B22Rik,1.0,1.0,1.0,0.0,0.0,0.0,0.0,0.0
Sox6os,1.0,1.0,1.0,0.0,0.0,0.0,0.0,0.0
Gm15579,1.0,1.0,1.0,0.0,0.0,0.0,0.0,0.0
Myom2,1.0,1.0,1.0,0.0,0.0,0.0,0.0,0.0
Slc5a5,1.0,1.0,1.0,0.0,0.0,0.0,0.0,0.0
Ntm,1.0,1.0,1.0,0.0,0.0,0.0,0.0,0.0
Gm28119,1.0,1.0,1.0,0.0,0.0,0.0,0.0,0.0
Gm27241,1.0,1.0,1.0,0.0,0.0,0.0,0.0,0.0
6430571L13Rik,1.0,1.0,1.0,0.0,0.0,0.0,0.0,0.0
Gm7628,1.0,1.0,1.0,0.0,0.0,0.0,0.0,0.0
Gm47043,1.0,1.0,1.0,0.0,0.0,0.0,0.0,0.0
Gm10097,1.0,1.0,1.0,0.0,0.0,0.0,0.0,0.0
Oprm1,1.0,1.0,1.0,0.0,0.0,0.0,0.0,0.0
Gm17196,1.0,1.0,1.0,0.0,0.0,0.0,0.0,0.0
Tbata,1.0,1.0,1.0,0.0,0.0,0.0,0.0,0.0
Aire,1.0,1.0,1.0,0.0,0.0,0.0,0.0,0.0
Gm16105,1.0,1.0,1.0,0.0,0.0,0.0,0.0,0.0
Anks1b,1.0,1.0,1.0,0.0,0.0,0.0,0.0,0.0
Gm48689,1.0,1.0,1.0,0.0,0.0,0.0,0.0,0.0
4930459C07Rik,1.0,1.0,1.0,0.0,0.0,0.0,0.0,0.0
Gm48772,1.0,1.0,1.0,0.0,0.0,0.0,0.0,0.0
Olfr222,1.0,1.0,1.0,0.0,0.0,0.0,0.0,0.0
Aipl1,1.0,1.0,1.0,0.0,0.0,0.0,0.0,0.0
Trpv1,1.0,1.0,1.0,0.0,0.0,0.0,0.0,0.0
Krt25,1.0,1.0,1.0,0.0,0.0,0.0,0.0,0.0
Gm39397,1.0,1.0,1.0,0.0,0.0,0.0,0.0,0.0
Gm47997,1.0,1.0,1.0,0.0,0.0,0.0,0.0,0.0
Coch,1.0,1.0,1.0,0.0,0.0,0.0,0.0,0.0
Cyp46a1,1.0,1.0,1.0,0.0,0.0,0.0,0.0,0.0
Ighv1-19-1,1.0,1.0,1.0,0.0,0.0,0.0,0.0,0.0
Ighv1-36,1.0,1.0,1.0,0.0,0.0,0.0,0.0,0.0
Gm20658,1.0,1.0,1.0,0.0,0.0,0.0,0.0,0.0
A530046M15Rik,1.0,1.0,1.0,0.0,0.0,0.0,0.0,0.0
Hist1h1t,1.0,1.0,1.0,0.0,0.0,0.0,0.0,0.0
Drd1,1.0,1.0,1.0,0.0,0.0,0.0,0.0,0.0
Gm30655,1.0,1.0,1.0,0.0,0.0,0.0,0.0,0.0
Lrrc14b,1.0,1.0,1.0,0.0,0.0,0.0,0.0,0.0
Ckmt2,1.0,1.0,1.0,0.0,0.0,0.0,0.0,0.0
Gm32089,1.0,1.0,1.0,0.0,0.0,0.0,0.0,0.0
Gm48342,1.0,1.0,1.0,0.0,0.0,0.0,0.0,0.0
Gm41077,1.0,1.0,1.0,0.0,0.0,0.0,0.0,0.0
Gm48163,1.0,1.0,1.0,0.0,0.0,0.0,0.0,0.0
Myoz1,1.0,1.0,1.0,0.0,0.0,0.0,0.0,0.0
Itih1,1.0,1.0,1.0,0.0,0.0,0.0,0.0,0.0
Gm32913,1.0,1.0,1.0,0.0,0.0,0.0,0.0,0.0
Gm28221,1.0,1.0,1.0,0.0,0.0,0.0,0.0,0.0
Gm49422,1.0,1.0,1.0,0.0,0.0,0.0,0.0,0.0
Gml2,1.0,1.0,1.0,0.0,0.0,0.0,0.0,0.0
Gm16575,1.0,1.0,1.0,0.0,0.0,0.0,0.0,0.0
Mei1,1.0,1.0,1.0,0.0,0.0,0.0,0.0,0.0
Upk3a,1.0,1.0,1.0,0.0,0.0,0.0,0.0,0.0
Lalba,1.0,1.0,1.0,0.0,0.0,0.0,0.0,0.0
2310015D24Rik,1.0,1.0,1.0,0.0,0.0,0.0,0.0,0.0
Gm30505,1.0,1.0,1.0,0.0,0.0,0.0,0.0,0.0
Gm32679,1.0,1.0,1.0,0.0,0.0,0.0,0.0,0.0
Gm46565,1.0,1.0,1.0,0.0,0.0,0.0,0.0,0.0
Gm46560,1.0,1.0,1.0,0.0,0.0,0.0,0.0,0.0
Gm21833,1.0,1.0,1.0,0.0,0.0,0.0,0.0,0.0
4931406G06Rik,1.0,1.0,1.0,0.0,0.0,0.0,0.0,0.0
Gm3417,1.0,1.0,1.0,0.0,0.0,0.0,0.0,0.0
Ccdc78,1.0,1.0,1.0,0.0,0.0,0.0,0.0,0.0
Gm50275,1.0,1.0,1.0,0.0,0.0,0.0,0.0,0.0
Slc26a8,1.0,1.0,1.0,0.0,0.0,0.0,0.0,0.0
Olfr99,1.0,1.0,1.0,0.0,0.0,0.0,0.0,0.0
Tmem200c,1.0,1.0,1.0,0.0,0.0,0.0,0.0,0.0
Gm31645,1.0,1.0,1.0,0.0,0.0,0.0,0.0,0.0
Gm15336,1.0,1.0,1.0,0.0,0.0,0.0,0.0,0.0
Gm50115,1.0,1.0,1.0,0.0,0.0,0.0,0.0,0.0
Prelid3a,1.0,1.0,1.0,0.0,0.0,0.0,0.0,0.0
Npas4,1.0,1.0,1.0,0.0,0.0,0.0,0.0,0.0
Gm10817,1.0,1.0,1.0,0.0,0.0,0.0,0.0,0.0
Gm47242,1.0,1.0,1.0,0.0,0.0,0.0,0.0,0.0
Lgi1,1.0,1.0,1.0,0.0,0.0,0.0,0.0,0.0
Gm16541,1.0,1.0,1.0,0.0,0.0,0.0,0.0,0.0
Gm28578,1.0,1.0,1.0,0.0,0.0,0.0,0.0,0.0
Gm17203,1.0,1.0,1.0,0.0,0.0,0.0,0.0,0.0
Agtr2,1.0,1.0,1.0,0.0,0.0,0.0,0.0,0.0
Itgb1bp2,1.0,1.0,1.0,0.0,0.0,0.0,0.0,0.0
Map7d2,1.0,1.0,1.0,0.0,0.0,0.0,0.0,0.0
Egfl6,1.0,1.0,1.0,0.0,0.0,0.0,0.0,0.0
Oxt,1.0,1.0,1.0,0.0,0.0,0.0,0.0,0.0
Gm14393,1.0,1.0,1.0,0.0,0.0,0.0,0.0,0.0
Bglap2,1.0,1.0,1.0,0.0,0.0,0.0,0.0,0.0
Ankrd34a,1.0,1.0,1.0,0.0,0.0,0.0,0.0,0.0
Gm12666,1.0,1.0,1.0,0.0,0.0,0.0,0.0,0.0
Zmynd12,1.0,1.0,1.0,0.0,0.0,0.0,0.0,0.0
Nxph1,1.0,1.0,1.0,0.0,0.0,0.0,0.0,0.0
Vmn2r27,1.0,1.0,1.0,0.0,0.0,0.0,0.0,0.0
Usp29,1.0,1.0,1.0,0.0,0.0,0.0,0.0,0.0
Hipk4,1.0,1.0,1.0,0.0,0.0,0.0,0.0,0.0
A230056P14Rik,1.0,1.0,1.0,0.0,0.0,0.0,0.0,0.0
Gm29773,1.0,1.0,1.0,0.0,0.0,0.0,0.0,0.0
Ccdc151,1.0,1.0,1.0,0.0,0.0,0.0,0.0,0.0
Olfr912,1.0,1.0,1.0,0.0,0.0,0.0,0.0,0.0
Nmrk2,1.0,1.0,1.0,0.0,0.0,0.0,0.0,0.0
Gm12198,1.0,1.0,1.0,0.0,0.0,0.0,0.0,0.0
Zfp879,1.0,1.0,1.0,0.0,0.0,0.0,0.0,0.0
C78197,1.0,1.0,1.0,0.0,0.0,0.0,0.0,0.0
Sarm1,1.0,1.0,1.0,0.0,0.0,0.0,0.0,0.0
Gm48662,1.0,1.0,1.0,0.0,0.0,0.0,0.0,0.0
Gm31946,1.0,1.0,1.0,0.0,0.0,0.0,0.0,0.0
Gm26619,1.0,1.0,1.0,0.0,0.0,0.0,0.0,0.0
Gm2974,1.0,1.0,1.0,0.0,0.0,0.0,0.0,0.0
Plaat1,1.0,1.0,1.0,0.0,0.0,0.0,0.0,0.0
1600002D24Rik,1.0,1.0,1.0,0.0,0.0,0.0,0.0,0.0
Ms4a2,1.0,1.0,1.0,0.0,0.0,0.0,0.0,0.0
Rims1,1.0,1.0,1.0,0.0,0.0,0.0,0.0,0.0
Gm37634,1.0,1.0,1.0,0.0,0.0,0.0,0.0,0.0
Malrd1,1.0,1.0,1.0,0.0,0.0,0.0,0.0,0.0
Gm13547,1.0,1.0,1.0,0.0,0.0,0.0,0.0,0.0
Stmn3,1.0,1.0,1.0,0.0,0.0,0.0,0.0,0.0
Tdo2,1.0,1.0,1.0,0.0,0.0,0.0,0.0,0.0
Efna3,1.0,1.0,1.0,0.0,0.0,0.0,0.0,0.0
Gm12974,1.0,1.0,1.0,0.0,0.0,0.0,0.0,0.0
Gm3364,1.0,1.0,1.0,0.0,0.0,0.0,0.0,0.0
Lrrc8dos,1.0,1.0,1.0,0.0,0.0,0.0,0.0,0.0
Prrt3,1.0,1.0,1.0,0.0,0.0,0.0,0.0,0.0
Gabrg3,1.0,1.0,1.0,0.0,0.0,0.0,0.0,0.0
Olfr78,1.0,1.0,1.0,0.0,0.0,0.0,0.0,0.0
Gm16553,1.0,1.0,1.0,0.0,0.0,0.0,0.0,0.0
Dusp26,1.0,1.0,1.0,0.0,0.0,0.0,0.0,0.0
Gm45602,1.0,1.0,1.0,0.0,0.0,0.0,0.0,0.0
Ctrb1,1.0,1.0,1.0,0.0,0.0,0.0,0.0,0.0
Nr2e3,1.0,1.0,1.0,0.0,0.0,0.0,0.0,0.0
Gm35533,1.0,1.0,1.0,0.0,0.0,0.0,0.0,0.0
Otogl,1.0,1.0,1.0,0.0,0.0,0.0,0.0,0.0
Olfr1393,1.0,1.0,1.0,0.0,0.0,0.0,0.0,0.0
Gm12264,1.0,1.0,1.0,0.0,0.0,0.0,0.0,0.0
Serpinf2,1.0,1.0,1.0,0.0,0.0,0.0,0.0,0.0
Kcnk10,1.0,1.0,1.0,0.0,0.0,0.0,0.0,0.0
Unc79,1.0,1.0,1.0,0.0,0.0,0.0,0.0,0.0
Npy4r,1.0,1.0,1.0,0.0,0.0,0.0,0.0,0.0
Fitm1,1.0,1.0,1.0,0.0,0.0,0.0,0.0,0.0
Gm35248,1.0,1.0,1.0,0.0,0.0,0.0,0.0,0.0
Gm15558,1.0,1.0,1.0,0.0,0.0,0.0,0.0,0.0
Ccdc154,1.0,1.0,1.0,0.0,0.0,0.0,0.0,0.0
Alas2,1.0,1.0,1.0,0.0,0.0,0.0,0.0,0.0
Akr1cl,1.0,1.0,1.0,0.0,0.0,0.0,0.0,0.0
D630023F18Rik,1.0,1.0,1.0,0.0,0.0,0.0,0.0,0.0
Igfbp2,1.0,1.0,1.0,0.0,0.0,0.0,0.0,0.0
Klhl30,1.0,1.0,1.0,0.0,0.0,0.0,0.0,0.0
Mybph,1.0,1.0,1.0,0.0,0.0,0.0,0.0,0.0
Mpz,1.0,1.0,1.0,0.0,0.0,0.0,0.0,0.0
Gm37986,1.0,1.0,1.0,0.0,0.0,0.0,0.0,0.0
Kcnh1,1.0,1.0,1.0,0.0,0.0,0.0,0.0,0.0
Hc,1.0,1.0,1.0,0.0,0.0,0.0,0.0,0.0
Bpifb2,1.0,1.0,1.0,0.0,0.0,0.0,0.0,0.0
Gm11455,1.0,1.0,1.0,0.0,0.0,0.0,0.0,0.0
Wfdc10,1.0,1.0,1.0,0.0,0.0,0.0,0.0,0.0
Ntsr1,1.0,1.0,1.0,0.0,0.0,0.0,0.0,0.0
Mecomos,1.0,1.0,1.0,0.0,0.0,0.0,0.0,0.0
Cldn11,1.0,1.0,1.0,0.0,0.0,0.0,0.0,0.0
Kcnd3os,1.0,1.0,1.0,0.0,0.0,0.0,0.0,0.0
Gm12676,1.0,1.0,1.0,0.0,0.0,0.0,0.0,0.0
Igsf21,1.0,1.0,1.0,0.0,0.0,0.0,0.0,0.0
Cplane2,1.0,1.0,1.0,0.0,0.0,0.0,0.0,0.0
Tbx5,1.0,1.0,1.0,0.0,0.0,0.0,0.0,0.0
Gm16120,1.0,1.0,1.0,0.0,0.0,0.0,0.0,0.0
Gm5,1.0,1.0,1.0,0.0,0.0,0.0,0.0,0.0
Prrt4,1.0,1.0,1.0,0.0,0.0,0.0,0.0,0.0
Igkv4-69,1.0,1.0,1.0,0.0,0.0,0.0,0.0,0.0
Gm15402,1.0,1.0,1.0,0.0,0.0,0.0,0.0,0.0
Gm26911,1.0,1.0,1.0,0.0,0.0,0.0,0.0,0.0
Gm44317,1.0,1.0,1.0,0.0,0.0,0.0,0.0,0.0
Iqsec3,1.0,1.0,1.0,0.0,0.0,0.0,0.0,0.0
Gm10010,1.0,1.0,1.0,0.0,0.0,0.0,0.0,0.0
Vmn1r55,1.0,1.0,1.0,0.0,0.0,0.0,0.0,0.0
Prr19,1.0,1.0,1.0,0.0,0.0,0.0,0.0,0.0
Gm15541,1.0,1.0,1.0,0.0,0.0,0.0,0.0,0.0
Klk14,1.0,1.0,1.0,0.0,0.0,0.0,0.0,0.0
Gm45437,1.0,1.0,1.0,0.0,0.0,0.0,0.0,0.0
Gm27252,1.0,1.0,1.0,0.0,0.0,0.0,0.0,0.0
Platr32,1.0,1.0,1.0,0.0,0.0,0.0,0.0,0.0
Gm15816,1.0,1.0,1.0,0.0,0.0,0.0,0.0,0.0
Adam32,1.0,1.0,1.0,0.0,0.0,0.0,0.0,0.0
Gm45371,1.0,1.0,1.0,0.0,0.0,0.0,0.0,0.0
Klf1,1.0,1.0,1.0,0.0,0.0,0.0,0.0,0.0
Mylk3,1.0,1.0,1.0,0.0,0.0,0.0,0.0,0.0
Ubap1l,1.0,1.0,1.0,0.0,0.0,0.0,0.0,0.0
Gm28379,1.0,1.0,1.0,0.0,0.0,0.0,0.0,0.0
Hcrtr2,1.0,1.0,1.0,0.0,0.0,0.0,0.0,0.0
1300017J02Rik,1.0,1.0,1.0,0.0,0.0,0.0,0.0,0.0
Gm40604,1.0,1.0,1.0,0.0,0.0,0.0,0.0,0.0
Nodal,1.0,1.0,1.0,0.0,0.0,0.0,0.0,0.0
Gm30400,1.0,1.0,1.0,0.0,0.0,0.0,0.0,0.0
Phxr2,1.0,1.0,1.0,0.0,0.0,0.0,0.0,0.0
Gm34983,1.0,1.0,1.0,0.0,0.0,0.0,0.0,0.0
Gm29585,1.0,1.0,1.0,0.0,0.0,0.0,0.0,0.0
Slc47a1,1.0,1.0,1.0,0.0,0.0,0.0,0.0,0.0
Cdrt4,1.0,1.0,1.0,0.0,0.0,0.0,0.0,0.0
Gm11444,1.0,1.0,1.0,0.0,0.0,0.0,0.0,0.0
Gm49769,1.0,1.0,1.0,0.0,0.0,0.0,0.0,0.0
Sstr1,1.0,1.0,1.0,0.0,0.0,0.0,0.0,0.0
Trim9,1.0,1.0,1.0,0.0,0.0,0.0,0.0,0.0
Rnf182,1.0,1.0,1.0,0.0,0.0,0.0,0.0,0.0
Spata31d1a,1.0,1.0,1.0,0.0,0.0,0.0,0.0,0.0
CT009536.1,1.0,1.0,1.0,0.0,0.0,0.0,0.0,0.0
A630023A22Rik,1.0,1.0,1.0,0.0,0.0,0.0,0.0,0.0
Gprin2,1.0,1.0,1.0,0.0,0.0,0.0,0.0,0.0
Rnase10,1.0,1.0,1.0,0.0,0.0,0.0,0.0,0.0
Stxbp5l,1.0,1.0,1.0,0.0,0.0,0.0,0.0,0.0
4930452A19Rik,1.0,1.0,1.0,0.0,0.0,0.0,0.0,0.0
Olfr90,1.0,1.0,1.0,0.0,0.0,0.0,0.0,0.0
Pcdhga2,1.0,1.0,1.0,0.0,0.0,0.0,0.0,0.0
Gm41724,1.0,1.0,1.0,0.0,0.0,0.0,0.0,0.0
Gpr152,1.0,1.0,1.0,0.0,0.0,0.0,0.0,0.0
Dcaf12l1,1.0,1.0,1.0,0.0,0.0,0.0,0.0,0.0
Gm14764,1.0,1.0,1.0,0.0,0.0,0.0,0.0,0.0
Ptchd1,1.0,1.0,1.0,0.0,0.0,0.0,0.0,0.0
Brinp2,1.0,1.0,1.0,0.0,0.0,0.0,0.0,0.0
Gm10848,1.0,1.0,1.0,0.0,0.0,0.0,0.0,0.0
Abca4,1.0,1.0,1.0,0.0,0.0,0.0,0.0,0.0
Cnr1,1.0,1.0,1.0,0.0,0.0,0.0,0.0,0.0
Msmp,1.0,1.0,1.0,0.0,0.0,0.0,0.0,0.0
Frmd3,1.0,1.0,1.0,0.0,0.0,0.0,0.0,0.0
Gm43703,1.0,1.0,1.0,0.0,0.0,0.0,0.0,0.0
Npy,1.0,1.0,1.0,0.0,0.0,0.0,0.0,0.0
Vwa3a,1.0,1.0,1.0,0.0,0.0,0.0,0.0,0.0
Smim18,1.0,1.0,1.0,0.0,0.0,0.0,0.0,0.0
Gm45353,1.0,1.0,1.0,0.0,0.0,0.0,0.0,0.0
D030034A15Rik,1.0,1.0,1.0,0.0,0.0,0.0,0.0,0.0
Olfr1396,1.0,1.0,1.0,0.0,0.0,0.0,0.0,0.0
Pirt,1.0,1.0,1.0,0.0,0.0,0.0,0.0,0.0
Gm39566,1.0,1.0,1.0,0.0,0.0,0.0,0.0,0.0
Gm5084,1.0,1.0,1.0,0.0,0.0,0.0,0.0,0.0
Gm16132,1.0,1.0,1.0,0.0,0.0,0.0,0.0,0.0
4930527F14Rik,1.0,1.0,1.0,0.0,0.0,0.0,0.0,0.0
2310043O21Rik,1.0,1.0,1.0,0.0,0.0,0.0,0.0,0.0
Gm17597,1.0,1.0,1.0,0.0,0.0,0.0,0.0,0.0
Odf3b,1.0,1.0,1.0,0.0,0.0,0.0,0.0,0.0
Gm17103,1.0,1.0,1.0,0.0,0.0,0.0,0.0,0.0
Gm5493,1.0,1.0,1.0,0.0,0.0,0.0,0.0,0.0
Kcnn2,1.0,1.0,1.0,0.0,0.0,0.0,0.0,0.0
Gm648,1.0,1.0,1.0,0.0,0.0,0.0,0.0,0.0
6330409D20Rik,1.0,1.0,1.0,0.0,0.0,0.0,0.0,0.0
Zkscan16,1.0,1.0,1.0,0.0,0.0,0.0,0.0,0.0
Gm11266,1.0,1.0,1.0,0.0,0.0,0.0,0.0,0.0
Gm32051,1.0,1.0,1.0,0.0,0.0,0.0,0.0,0.0
Gjc3,1.0,1.0,1.0,0.0,0.0,0.0,0.0,0.0
Trbv12-1,1.0,1.0,1.0,0.0,0.0,0.0,0.0,0.0
Gm20512,1.0,1.0,1.0,0.0,0.0,0.0,0.0,0.0
Nkx6-2,1.0,1.0,1.0,0.0,0.0,0.0,0.0,0.0
S1pr5,1.0,1.0,1.0,0.0,0.0,0.0,0.0,0.0
Pou2f3,1.0,1.0,1.0,0.0,0.0,0.0,0.0,0.0
Gm17041,1.0,1.0,1.0,0.0,0.0,0.0,0.0,0.0
B230110C06Rik,1.0,1.0,1.0,0.0,0.0,0.0,0.0,0.0
Tmem217,1.0,1.0,1.0,0.0,0.0,0.0,0.0,0.0
Ppp1r26,1.0,1.0,1.0,0.0,0.0,0.0,0.0,0.0
Shisal2a,1.0,1.0,1.0,0.0,0.0,0.0,0.0,0.0
Gm26716,1.0,1.0,1.0,0.0,0.0,0.0,0.0,0.0
Vmn1r181,1.0,1.0,1.0,0.0,0.0,0.0,0.0,0.0
Lypd3,1.0,1.0,1.0,0.0,0.0,0.0,0.0,0.0
Gm45441,1.0,1.0,1.0,0.0,0.0,0.0,0.0,0.0
Olfr552,1.0,1.0,1.0,0.0,0.0,0.0,0.0,0.0
Gm38250,1.0,1.0,1.0,0.0,0.0,0.0,0.0,0.0
Car5a,1.0,1.0,1.0,0.0,0.0,0.0,0.0,0.0
Gm47237,1.0,1.0,1.0,0.0,0.0,0.0,0.0,0.0
Gm29054,1.0,1.0,1.0,0.0,0.0,0.0,0.0,0.0
Gm48007,1.0,1.0,1.0,0.0,0.0,0.0,0.0,0.0
Gm15271,1.0,1.0,1.0,0.0,0.0,0.0,0.0,0.0
Npffr1,1.0,1.0,1.0,0.0,0.0,0.0,0.0,0.0
Gm12167,1.0,1.0,1.0,0.0,0.0,0.0,0.0,0.0
Dnah2os,1.0,1.0,1.0,0.0,0.0,0.0,0.0,0.0
Gast,1.0,1.0,1.0,0.0,0.0,0.0,0.0,0.0
Gm11730,1.0,1.0,1.0,0.0,0.0,0.0,0.0,0.0
Gm30198,1.0,1.0,1.0,0.0,0.0,0.0,0.0,0.0
Vmn1r210,1.0,1.0,1.0,0.0,0.0,0.0,0.0,0.0
Irx2,1.0,1.0,1.0,0.0,0.0,0.0,0.0,0.0
6430562O15Rik,1.0,1.0,1.0,0.0,0.0,0.0,0.0,0.0
Gm26559,1.0,1.0,1.0,0.0,0.0,0.0,0.0,0.0
Trav7d-3,1.0,1.0,1.0,0.0,0.0,0.0,0.0,0.0
G930009F23Rik,1.0,1.0,1.0,0.0,0.0,0.0,0.0,0.0
Acr,1.0,1.0,1.0,0.0,0.0,0.0,0.0,0.0
Sst,1.0,1.0,1.0,0.0,0.0,0.0,0.0,0.0
E130310I04Rik,1.0,1.0,1.0,0.0,0.0,0.0,0.0,0.0
Gm49735,1.0,1.0,1.0,0.0,0.0,0.0,0.0,0.0
Gm26575,1.0,1.0,1.0,0.0,0.0,0.0,0.0,0.0
9630014M24Rik,1.0,1.0,1.0,0.0,0.0,0.0,0.0,0.0
Gm29156,1.0,1.0,1.0,0.0,0.0,0.0,0.0,0.0
Tex35,1.0,1.0,1.0,0.0,0.0,0.0,0.0,0.0
1700016C15Rik,1.0,1.0,1.0,0.0,0.0,0.0,0.0,0.0
AI182371,1.0,1.0,1.0,0.0,0.0,0.0,0.0,0.0
C2cd4d,1.0,1.0,1.0,0.0,0.0,0.0,0.0,0.0
Gm12709,1.0,1.0,1.0,0.0,0.0,0.0,0.0,0.0
Gm15751,1.0,1.0,1.0,0.0,0.0,0.0,0.0,0.0
Slc7a10,1.0,1.0,1.0,0.0,0.0,0.0,0.0,0.0
Olfr524,1.0,1.0,1.0,0.0,0.0,0.0,0.0,0.0
Ooep,1.0,1.0,1.0,0.0,0.0,0.0,0.0,0.0
Gm34106,1.0,1.0,1.0,0.0,0.0,0.0,0.0,0.0
Aldh8a1,1.0,1.0,1.0,0.0,0.0,0.0,0.0,0.0
Rprml,1.0,1.0,1.0,0.0,0.0,0.0,0.0,0.0
C130046K22Rik,1.0,1.0,1.0,0.0,0.0,0.0,0.0,0.0
Idi2,1.0,1.0,1.0,0.0,0.0,0.0,0.0,0.0
Ogdhl,1.0,1.0,1.0,0.0,0.0,0.0,0.0,0.0
9030404E10Rik,1.0,1.0,1.0,0.0,0.0,0.0,0.0,0.0
Cdsn,1.0,1.0,1.0,0.0,0.0,0.0,0.0,0.0
4930568A12Rik,1.0,1.0,1.0,0.0,0.0,0.0,0.0,0.0
Serpinb7,1.0,1.0,1.0,0.0,0.0,0.0,0.0,0.0
Snap25,1.0,1.0,1.0,0.0,0.0,0.0,0.0,0.0
Fam205a1,1.0,1.0,1.0,0.0,0.0,0.0,0.0,0.0
Olfr156,1.0,1.0,1.0,0.0,0.0,0.0,0.0,0.0
Gm40264,1.0,1.0,1.0,0.0,0.0,0.0,0.0,0.0
Igkv9-129,1.0,1.0,1.0,0.0,0.0,0.0,0.0,0.0
Vmn2r79,1.0,1.0,1.0,0.0,0.0,0.0,0.0,0.0
Rsf1os1,1.0,1.0,1.0,0.0,0.0,0.0,0.0,0.0
Gm32816,1.0,1.0,1.0,0.0,0.0,0.0,0.0,0.0
1700021A07Rik,1.0,1.0,1.0,0.0,0.0,0.0,0.0,0.0
Gm47392,1.0,1.0,1.0,0.0,0.0,0.0,0.0,0.0
Fhl4,1.0,1.0,1.0,0.0,0.0,0.0,0.0,0.0
Gm43951,1.0,1.0,1.0,0.0,0.0,0.0,0.0,0.0
Colec11,1.0,1.0,1.0,0.0,0.0,0.0,0.0,0.0
Ighv1-47,1.0,1.0,1.0,0.0,0.0,0.0,0.0,0.0
Ighv1-86,1.0,1.0,1.0,0.0,0.0,0.0,0.0,0.0
Sept12,1.0,1.0,1.0,0.0,0.0,0.0,0.0,0.0
Gm16712,1.0,1.0,1.0,0.0,0.0,0.0,0.0,0.0
Cyp26a1,1.0,1.0,1.0,0.0,0.0,0.0,0.0,0.0
Cdr1,1.0,1.0,1.0,0.0,0.0,0.0,0.0,0.0
Magee2,1.0,1.0,1.0,0.0,0.0,0.0,0.0,0.0
Fam166b,1.0,1.0,1.0,0.0,0.0,0.0,0.0,0.0
4930513D17Rik,1.0,1.0,1.0,0.0,0.0,0.0,0.0,0.0
Crhr2,1.0,1.0,1.0,0.0,0.0,0.0,0.0,0.0
A430010J10Rik,1.0,1.0,1.0,0.0,0.0,0.0,0.0,0.0
Tmem72,1.0,1.0,1.0,0.0,0.0,0.0,0.0,0.0
Gm15416,1.0,1.0,1.0,0.0,0.0,0.0,0.0,0.0
Olfr1392,1.0,1.0,1.0,0.0,0.0,0.0,0.0,0.0
Omg,1.0,1.0,1.0,0.0,0.0,0.0,0.0,0.0
Ighv1-71,1.0,1.0,1.0,0.0,0.0,0.0,0.0,0.0
Calm4,1.0,1.0,1.0,0.0,0.0,0.0,0.0,0.0
Gm32834,1.0,1.0,1.0,0.0,0.0,0.0,0.0,0.0
Nefl,1.0,1.0,1.0,0.0,0.0,0.0,0.0,0.0
Erich5,1.0,1.0,1.0,0.0,0.0,0.0,0.0,0.0
Casr,1.0,1.0,1.0,0.0,0.0,0.0,0.0,0.0
1700020D05Rik,1.0,1.0,1.0,0.0,0.0,0.0,0.0,0.0
Gm10518,1.0,1.0,1.0,0.0,0.0,0.0,0.0,0.0
Gfi1b,1.0,1.0,1.0,0.0,0.0,0.0,0.0,0.0
Actc1,1.0,1.0,1.0,0.0,0.0,0.0,0.0,0.0
Gm26594,1.0,1.0,1.0,0.0,0.0,0.0,0.0,0.0
Slc9b2,1.0,1.0,1.0,0.0,0.0,0.0,0.0,0.0
Pm20d2,1.0,1.0,1.0,0.0,0.0,0.0,0.0,0.0
Aldoart1,1.0,1.0,1.0,0.0,0.0,0.0,0.0,0.0
Gkn3,1.0,1.0,1.0,0.0,0.0,0.0,0.0,0.0
4933432K03Rik,1.0,1.0,1.0,0.0,0.0,0.0,0.0,0.0
Gm10688,1.0,1.0,1.0,0.0,0.0,0.0,0.0,0.0
Gm38150,1.0,1.0,1.0,0.0,0.0,0.0,0.0,0.0
Hecw1,1.0,1.0,1.0,0.0,0.0,0.0,0.0,0.0
Gm4211,1.0,1.0,1.0,0.0,0.0,0.0,0.0,0.0
Gm48684,1.0,1.0,1.0,0.0,0.0,0.0,0.0,0.0
Gm15918,1.0,1.0,1.0,0.0,0.0,0.0,0.0,0.0
Gm33906,1.0,1.0,1.0,0.0,0.0,0.0,0.0,0.0
Gm36899,1.0,1.0,1.0,0.0,0.0,0.0,0.0,0.0
Gm49441,1.0,1.0,1.0,0.0,0.0,0.0,0.0,0.0
Myh15,1.0,1.0,1.0,0.0,0.0,0.0,0.0,0.0
E330011O21Rik,1.0,1.0,1.0,0.0,0.0,0.0,0.0,0.0
Tomm6os,1.0,1.0,1.0,0.0,0.0,0.0,0.0,0.0
Pkhd1,1.0,1.0,1.0,0.0,0.0,0.0,0.0,0.0
Gm26686,1.0,1.0,1.0,0.0,0.0,0.0,0.0,0.0
Ttll11,1.0,1.0,1.0,0.0,0.0,0.0,0.0,0.0
Gm14019,1.0,1.0,1.0,0.0,0.0,0.0,0.0,0.0
Gm11464,1.0,1.0,1.0,0.0,0.0,0.0,0.0,0.0
1700034I23Rik,1.0,1.0,1.0,0.0,0.0,0.0,0.0,0.0
Gm37584,1.0,1.0,1.0,0.0,0.0,0.0,0.0,0.0
Slc16a4,1.0,1.0,1.0,0.0,0.0,0.0,0.0,0.0
4930553M12Rik,1.0,1.0,1.0,0.0,0.0,0.0,0.0,0.0
Gm27200,1.0,1.0,1.0,0.0,0.0,0.0,0.0,0.0
Gm42435,1.0,1.0,1.0,0.0,0.0,0.0,0.0,0.0
Gm32554,1.0,1.0,1.0,0.0,0.0,0.0,0.0,0.0
Gm43086,1.0,1.0,1.0,0.0,0.0,0.0,0.0,0.0
Trbv31,1.0,1.0,1.0,0.0,0.0,0.0,0.0,0.0
2310016G11Rik,1.0,1.0,1.0,0.0,0.0,0.0,0.0,0.0
Gm44899,1.0,1.0,1.0,0.0,0.0,0.0,0.0,0.0
Olfr533,1.0,1.0,1.0,0.0,0.0,0.0,0.0,0.0
Gm31659,1.0,1.0,1.0,0.0,0.0,0.0,0.0,0.0
Gm30373,1.0,1.0,1.0,0.0,0.0,0.0,0.0,0.0
1700016K19Rik,1.0,1.0,1.0,0.0,0.0,0.0,0.0,0.0
Gm6566,1.0,1.0,1.0,0.0,0.0,0.0,0.0,0.0
Serpina10,1.0,1.0,1.0,0.0,0.0,0.0,0.0,0.0
Sncb,1.0,1.0,1.0,0.0,0.0,0.0,0.0,0.0
Gm3453,1.0,1.0,1.0,0.0,0.0,0.0,0.0,0.0
Trav10n,1.0,1.0,1.0,0.0,0.0,0.0,0.0,0.0
Trav10,1.0,1.0,1.0,0.0,0.0,0.0,0.0,0.0
Trav4-3,1.0,1.0,1.0,0.0,0.0,0.0,0.0,0.0
Gm49504,1.0,1.0,1.0,0.0,0.0,0.0,0.0,0.0
Gm27042,1.0,1.0,1.0,0.0,0.0,0.0,0.0,0.0
Pdzd7,1.0,1.0,1.0,0.0,0.0,0.0,0.0,0.0
CR974586.4,1.0,1.0,1.0,0.0,0.0,0.0,0.0,0.0
Chrng,1.0,1.0,1.0,0.0,0.0,0.0,0.0,0.0
A230005M16Rik,1.0,1.0,1.0,0.0,0.0,0.0,0.0,0.0
Gm42836,1.0,1.0,1.0,0.0,0.0,0.0,0.0,0.0
Calb1,1.0,1.0,1.0,0.0,0.0,0.0,0.0,0.0
Insl5,1.0,1.0,1.0,0.0,0.0,0.0,0.0,0.0
C8a,1.0,1.0,1.0,0.0,0.0,0.0,0.0,0.0
Gm12860,1.0,1.0,1.0,0.0,0.0,0.0,0.0,0.0
Vmn1r13,1.0,1.0,1.0,0.0,0.0,0.0,0.0,0.0
Saa2,1.0,1.0,1.0,0.0,0.0,0.0,0.0,0.0
Gm47248,1.0,1.0,1.0,0.0,0.0,0.0,0.0,0.0
Olfr531,1.0,1.0,1.0,0.0,0.0,0.0,0.0,0.0
H60c,1.0,1.0,1.0,0.0,0.0,0.0,0.0,0.0
Gm32105,1.0,1.0,1.0,0.0,0.0,0.0,0.0,0.0
Gm15200,1.0,1.0,1.0,0.0,0.0,0.0,0.0,0.0
D830039M14Rik,1.0,1.0,1.0,0.0,0.0,0.0,0.0,0.0
4930422I22Rik,1.0,1.0,1.0,0.0,0.0,0.0,0.0,0.0
Gm17201,1.0,1.0,1.0,0.0,0.0,0.0,0.0,0.0
Gm4755,1.0,1.0,1.0,0.0,0.0,0.0,0.0,0.0
Ighj3,1.0,1.0,1.0,0.0,0.0,0.0,0.0,0.0
Phf2os1,1.0,1.0,1.0,0.0,0.0,0.0,0.0,0.0
Trav6-7-dv9,1.0,1.0,1.0,0.0,0.0,0.0,0.0,0.0
Siah3,1.0,1.0,1.0,0.0,0.0,0.0,0.0,0.0
4930517O19Rik,1.0,1.0,1.0,0.0,0.0,0.0,0.0,0.0
Lypd2,1.0,1.0,1.0,0.0,0.0,0.0,0.0,0.0
Cyp2d9,1.0,1.0,1.0,0.0,0.0,0.0,0.0,0.0
Stfa1,1.0,1.0,1.0,0.0,0.0,0.0,0.0,0.0
Ankrd45,1.0,1.0,1.0,0.0,0.0,0.0,0.0,0.0
Gm37214,1.0,1.0,1.0,0.0,0.0,0.0,0.0,0.0
Gm14120,1.0,1.0,1.0,0.0,0.0,0.0,0.0,0.0
Gm14401,1.0,1.0,1.0,0.0,0.0,0.0,0.0,0.0
Gm14409,1.0,1.0,1.0,0.0,0.0,0.0,0.0,0.0
Gm14412,1.0,1.0,1.0,0.0,0.0,0.0,0.0,0.0
Gm40117,1.0,1.0,1.0,0.0,0.0,0.0,0.0,0.0
Wdr63,1.0,1.0,1.0,0.0,0.0,0.0,0.0,0.0
Gabra2,1.0,1.0,1.0,0.0,0.0,0.0,0.0,0.0
Tex52,1.0,1.0,1.0,0.0,0.0,0.0,0.0,0.0
Hs3st4,1.0,1.0,1.0,0.0,0.0,0.0,0.0,0.0
Gm45670,1.0,1.0,1.0,0.0,0.0,0.0,0.0,0.0
Gm10649,1.0,1.0,1.0,0.0,0.0,0.0,0.0,0.0
Gm16208,1.0,1.0,1.0,0.0,0.0,0.0,0.0,0.0
Gm10706,1.0,1.0,1.0,0.0,0.0,0.0,0.0,0.0
Gm36908,1.0,1.0,1.0,0.0,0.0,0.0,0.0,0.0
F420014N23Rik,1.0,1.0,1.0,0.0,0.0,0.0,0.0,0.0
Ngb,1.0,1.0,1.0,0.0,0.0,0.0,0.0,0.0
9330111N05Rik,1.0,1.0,1.0,0.0,0.0,0.0,0.0,0.0
Aqp5,1.0,1.0,1.0,0.0,0.0,0.0,0.0,0.0
Kif6,1.0,1.0,1.0,0.0,0.0,0.0,0.0,0.0
Gm49932,1.0,1.0,1.0,0.0,0.0,0.0,0.0,0.0
Gm41609,1.0,1.0,1.0,0.0,0.0,0.0,0.0,0.0
Tmem178,1.0,1.0,1.0,0.0,0.0,0.0,0.0,0.0
Gm35229,1.0,1.0,1.0,0.0,0.0,0.0,0.0,0.0
Kcnk4,1.0,1.0,1.0,0.0,0.0,0.0,0.0,0.0
Gm50323,1.0,1.0,1.0,0.0,0.0,0.0,0.0,0.0
Rnf138rt1,1.0,1.0,1.0,0.0,0.0,0.0,0.0,0.0
Gm28411,1.0,1.0,1.0,0.0,0.0,0.0,0.0,0.0
Gm2453,1.0,1.0,1.0,0.0,0.0,0.0,0.0,0.0
Nr1i3,1.0,1.0,1.0,0.0,0.0,0.0,0.0,0.0
Gm16897,1.0,1.0,1.0,0.0,0.0,0.0,0.0,0.0
Cdh26,1.0,1.0,1.0,0.0,0.0,0.0,0.0,0.0
Sox2ot,1.0,1.0,1.0,0.0,0.0,0.0,0.0,0.0
Mab21l1,1.0,1.0,1.0,0.0,0.0,0.0,0.0,0.0
Gm36211,1.0,1.0,1.0,0.0,0.0,0.0,0.0,0.0
1110002E22Rik,1.0,1.0,1.0,0.0,0.0,0.0,0.0,0.0
1110017D15Rik,1.0,1.0,1.0,0.0,0.0,0.0,0.0,0.0
Gm12688,1.0,1.0,1.0,0.0,0.0,0.0,0.0,0.0
Tmem61,1.0,1.0,1.0,0.0,0.0,0.0,0.0,0.0
Dpp6,1.0,1.0,1.0,0.0,0.0,0.0,0.0,0.0
Phox2b,1.0,1.0,1.0,0.0,0.0,0.0,0.0,0.0
Gm15478,1.0,1.0,1.0,0.0,0.0,0.0,0.0,0.0
Hnf1aos1,1.0,1.0,1.0,0.0,0.0,0.0,0.0,0.0
Gm16064,1.0,1.0,1.0,0.0,0.0,0.0,0.0,0.0
Kl,1.0,1.0,1.0,0.0,0.0,0.0,0.0,0.0
Tas2r135,1.0,1.0,1.0,0.0,0.0,0.0,0.0,0.0
A830011K09Rik,1.0,1.0,1.0,0.0,0.0,0.0,0.0,0.0
Tmem145,1.0,1.0,1.0,0.0,0.0,0.0,0.0,0.0
Vmn2r59,1.0,1.0,1.0,0.0,0.0,0.0,0.0,0.0
Gm19935,1.0,1.0,1.0,0.0,0.0,0.0,0.0,0.0
Gm34973,1.0,1.0,1.0,0.0,0.0,0.0,0.0,0.0
Odf3l1,1.0,1.0,1.0,0.0,0.0,0.0,0.0,0.0
Snap91,1.0,1.0,1.0,0.0,0.0,0.0,0.0,0.0
Gm40652,1.0,1.0,1.0,0.0,0.0,0.0,0.0,0.0
Gm5426,1.0,1.0,1.0,0.0,0.0,0.0,0.0,0.0
1700001P01Rik,1.0,1.0,1.0,0.0,0.0,0.0,0.0,0.0
4930474H06Rik,1.0,1.0,1.0,0.0,0.0,0.0,0.0,0.0
Rtl1,1.0,1.0,1.0,0.0,0.0,0.0,0.0,0.0
4921507G05Rik,1.0,1.0,1.0,0.0,0.0,0.0,0.0,0.0
Gm26583,1.0,1.0,1.0,0.0,0.0,0.0,0.0,0.0
Fgf17,1.0,1.0,1.0,0.0,0.0,0.0,0.0,0.0
Npm2,1.0,1.0,1.0,0.0,0.0,0.0,0.0,0.0
Gm15941,1.0,1.0,1.0,0.0,0.0,0.0,0.0,0.0
Gm15722,1.0,1.0,1.0,0.0,0.0,0.0,0.0,0.0
Rbfox1,1.0,1.0,1.0,0.0,0.0,0.0,0.0,0.0
Gm9573,1.0,1.0,1.0,0.0,0.0,0.0,0.0,0.0
Naaladl1,1.0,1.0,1.0,0.0,0.0,0.0,0.0,0.0
Gm4952,1.0,1.0,1.0,0.0,0.0,0.0,0.0,0.0
Gm34636,1.0,1.0,1.0,0.0,0.0,0.0,0.0,0.0
A730036I17Rik,1.0,1.0,1.0,0.0,0.0,0.0,0.0,0.0
L3mbtl1,1.0,1.0,1.0,0.0,0.0,0.0,0.0,0.0
9530052C20Rik,1.0,1.0,1.0,0.0,0.0,0.0,0.0,0.0
Ubxn10,1.0,1.0,1.0,0.0,0.0,0.0,0.0,0.0
A430073D23Rik,1.0,1.0,1.0,0.0,0.0,0.0,0.0,0.0
4930573C15Rik,1.0,1.0,1.0,0.0,0.0,0.0,0.0,0.0
Gm43916,1.0,1.0,1.0,0.0,0.0,0.0,0.0,0.0
9330102E08Rik,1.0,1.0,1.0,0.0,0.0,0.0,0.0,0.0
Vmn2r63,1.0,1.0,1.0,0.0,0.0,0.0,0.0,0.0
Gm15718,1.0,1.0,1.0,0.0,0.0,0.0,0.0,0.0
Ccdc194,1.0,1.0,1.0,0.0,0.0,0.0,0.0,0.0
Gm32352,1.0,1.0,1.0,0.0,0.0,0.0,0.0,0.0
Fam92b,1.0,1.0,1.0,0.0,0.0,0.0,0.0,0.0
Gm26787,1.0,1.0,1.0,0.0,0.0,0.0,0.0,0.0
Apoa1,1.0,1.0,1.0,0.0,0.0,0.0,0.0,0.0
Gm16143,1.0,1.0,1.0,0.0,0.0,0.0,0.0,0.0
4930533K18Rik,1.0,1.0,1.0,0.0,0.0,0.0,0.0,0.0
Npc1l1,1.0,1.0,1.0,0.0,0.0,0.0,0.0,0.0
Alox8,1.0,1.0,1.0,0.0,0.0,0.0,0.0,0.0
Esr2,1.0,1.0,1.0,0.0,0.0,0.0,0.0,0.0
Dcdc2a,1.0,1.0,1.0,0.0,0.0,0.0,0.0,0.0
Gm2822,1.0,1.0,1.0,0.0,0.0,0.0,0.0,0.0
Itih4,1.0,1.0,1.0,0.0,0.0,0.0,0.0,0.0
Gm31342,1.0,1.0,1.0,0.0,0.0,0.0,0.0,0.0
Gm36037,1.0,1.0,1.0,0.0,0.0,0.0,0.0,0.0
Myrf,1.0,1.0,1.0,0.0,0.0,0.0,0.0,0.0
Vsig4,1.0,1.0,1.0,0.0,0.0,0.0,0.0,0.0
Pld5,1.0,1.0,1.0,0.0,0.0,0.0,0.0,0.0
Gm13499,1.0,1.0,1.0,0.0,0.0,0.0,0.0,0.0
Ambp,1.0,1.0,1.0,0.0,0.0,0.0,0.0,0.0
Nkain1,1.0,1.0,1.0,0.0,0.0,0.0,0.0,0.0
Slc13a4,1.0,1.0,1.0,0.0,0.0,0.0,0.0,0.0
Erich4,1.0,1.0,1.0,0.0,0.0,0.0,0.0,0.0
D7Ertd128e,1.0,1.0,1.0,0.0,0.0,0.0,0.0,0.0
Hamp2,1.0,1.0,1.0,0.0,0.0,0.0,0.0,0.0
Abca14,1.0,1.0,1.0,0.0,0.0,0.0,0.0,0.0
Gm45449,1.0,1.0,1.0,0.0,0.0,0.0,0.0,0.0
Ces1a,1.0,1.0,1.0,0.0,0.0,0.0,0.0,0.0
Ces2b,1.0,1.0,1.0,0.0,0.0,0.0,0.0,0.0
5033426O07Rik,1.0,1.0,1.0,0.0,0.0,0.0,0.0,0.0
Gm48614,1.0,1.0,1.0,0.0,0.0,0.0,0.0,0.0
Gm15199,1.0,1.0,1.0,0.0,0.0,0.0,0.0,0.0
Alox12e,1.0,1.0,1.0,0.0,0.0,0.0,0.0,0.0
Ighj1,1.0,1.0,1.0,0.0,0.0,0.0,0.0,0.0
Gm48770,1.0,1.0,1.0,0.0,0.0,0.0,0.0,0.0
Cbln3,1.0,1.0,1.0,0.0,0.0,0.0,0.0,0.0
Smc1b,1.0,1.0,1.0,0.0,0.0,0.0,0.0,0.0
Ace2,1.0,1.0,1.0,0.0,0.0,0.0,0.0,0.0
Ugt1a2,1.0,1.0,1.0,0.0,0.0,0.0,0.0,0.0
Chit1,1.0,1.0,1.0,0.0,0.0,0.0,0.0,0.0
Gm20743,1.0,1.0,1.0,0.0,0.0,0.0,0.0,0.0
Zfp345,1.0,1.0,1.0,0.0,0.0,0.0,0.0,0.0
Gm14320,1.0,1.0,1.0,0.0,0.0,0.0,0.0,0.0
A330015K06Rik,1.0,1.0,1.0,0.0,0.0,0.0,0.0,0.0
Tas1r2,1.0,1.0,1.0,0.0,0.0,0.0,0.0,0.0
Slc30a3,1.0,1.0,1.0,0.0,0.0,0.0,0.0,0.0
Evx1,1.0,1.0,1.0,0.0,0.0,0.0,0.0,0.0
Igkv10-95,1.0,1.0,1.0,0.0,0.0,0.0,0.0,0.0
Igkv12-89,1.0,1.0,1.0,0.0,0.0,0.0,0.0,0.0
Igkv4-54,1.0,1.0,1.0,0.0,0.0,0.0,0.0,0.0
Nlrp9b,1.0,1.0,1.0,0.0,0.0,0.0,0.0,0.0
Gm44997,1.0,1.0,1.0,0.0,0.0,0.0,0.0,0.0
Mybpc2,1.0,1.0,1.0,0.0,0.0,0.0,0.0,0.0
Slc6a5,1.0,1.0,1.0,0.0,0.0,0.0,0.0,0.0
Asphd1,1.0,1.0,1.0,0.0,0.0,0.0,0.0,0.0
Gm45889,1.0,1.0,1.0,0.0,0.0,0.0,0.0,0.0
Gm26576,1.0,1.0,1.0,0.0,0.0,0.0,0.0,0.0
Tspear,1.0,1.0,1.0,0.0,0.0,0.0,0.0,0.0
Gm12735,1.0,1.0,1.0,0.0,0.0,0.0,0.0,0.0
Gm12319,1.0,1.0,1.0,0.0,0.0,0.0,0.0,0.0
Ighv3-7,1.0,1.0,1.0,0.0,0.0,0.0,0.0,0.0
Ltb4r2,1.0,1.0,1.0,0.0,0.0,0.0,0.0,0.0
Dct,1.0,1.0,1.0,0.0,0.0,0.0,0.0,0.0
Gm45924,1.0,1.0,1.0,0.0,0.0,0.0,0.0,0.0
Baalc,1.0,1.0,1.0,0.0,0.0,0.0,0.0,0.0
Gm26562,1.0,1.0,1.0,0.0,0.0,0.0,0.0,0.0
Lrrc15,1.0,1.0,1.0,0.0,0.0,0.0,0.0,0.0
Ly6g6f,1.0,1.0,1.0,0.0,0.0,0.0,0.0,0.0
Gm35550,1.0,1.0,1.0,0.0,0.0,0.0,0.0,0.0
Gm4107,1.0,1.0,1.0,0.0,0.0,0.0,0.0,0.0
9030625G05Rik,1.0,1.0,1.0,0.0,0.0,0.0,0.0,0.0
Lipk,1.0,1.0,1.0,0.0,0.0,0.0,0.0,0.0
Prr9,1.0,1.0,1.0,0.0,0.0,0.0,0.0,0.0
Gm43109,1.0,1.0,1.0,0.0,0.0,0.0,0.0,0.0
4921514A10Rik,1.0,1.0,1.0,0.0,0.0,0.0,0.0,0.0
Asb10,1.0,1.0,1.0,0.0,0.0,0.0,0.0,0.0
Arl9,1.0,1.0,1.0,0.0,0.0,0.0,0.0,0.0
BC028471,1.0,1.0,1.0,0.0,0.0,0.0,0.0,0.0
Gm15594,1.0,1.0,1.0,0.0,0.0,0.0,0.0,0.0
Igkv4-86,1.0,1.0,1.0,0.0,0.0,0.0,0.0,0.0
Gm33926,1.0,1.0,1.0,0.0,0.0,0.0,0.0,0.0
Mesp2,1.0,1.0,1.0,0.0,0.0,0.0,0.0,0.0
Gm45016,1.0,1.0,1.0,0.0,0.0,0.0,0.0,0.0
Gm39090,1.0,1.0,1.0,0.0,0.0,0.0,0.0,0.0
Gm15895,1.0,1.0,1.0,0.0,0.0,0.0,0.0,0.0
Lncbate3,1.0,1.0,1.0,0.0,0.0,0.0,0.0,0.0
Gm11496,1.0,1.0,1.0,0.0,0.0,0.0,0.0,0.0
Mak,1.0,1.0,1.0,0.0,0.0,0.0,0.0,0.0
4921509O07Rik,1.0,1.0,1.0,0.0,0.0,0.0,0.0,0.0
Gm15629,1.0,1.0,1.0,0.0,0.0,0.0,0.0,0.0
5430440P10Rik,1.0,1.0,1.0,0.0,0.0,0.0,0.0,0.0
Cyp2d12,1.0,1.0,1.0,0.0,0.0,0.0,0.0,0.0
Smbd1,1.0,1.0,1.0,0.0,0.0,0.0,0.0,0.0
2010106G04Rik,1.0,1.0,1.0,0.0,0.0,0.0,0.0,0.0
Gm35692,1.0,1.0,1.0,0.0,0.0,0.0,0.0,0.0
Gm7102,1.0,1.0,1.0,0.0,0.0,0.0,0.0,0.0
Gm39526,1.0,1.0,1.0,0.0,0.0,0.0,0.0,0.0
Spta1,1.0,1.0,1.0,0.0,0.0,0.0,0.0,0.0
Bpifb1,1.0,1.0,1.0,0.0,0.0,0.0,0.0,0.0
Gm16093,1.0,1.0,1.0,0.0,0.0,0.0,0.0,0.0
Gm42567,1.0,1.0,1.0,0.0,0.0,0.0,0.0,0.0
Caln1,1.0,1.0,1.0,0.0,0.0,0.0,0.0,0.0
Gm45738,1.0,1.0,1.0,0.0,0.0,0.0,0.0,0.0
9530036M11Rik,1.0,1.0,1.0,0.0,0.0,0.0,0.0,0.0
Gm31108,1.0,1.0,1.0,0.0,0.0,0.0,0.0,0.0
Fsd2,1.0,1.0,1.0,0.0,0.0,0.0,0.0,0.0
Gm44763,1.0,1.0,1.0,0.0,0.0,0.0,0.0,0.0
Gm44647,1.0,1.0,1.0,0.0,0.0,0.0,0.0,0.0
Tspan32os,1.0,1.0,1.0,0.0,0.0,0.0,0.0,0.0
Gm27166,1.0,1.0,1.0,0.0,0.0,0.0,0.0,0.0
Nek11,1.0,1.0,1.0,0.0,0.0,0.0,0.0,0.0
1700028I16Rik,1.0,1.0,1.0,0.0,0.0,0.0,0.0,0.0
4930471E19Rik,1.0,1.0,1.0,0.0,0.0,0.0,0.0,0.0
Apon,1.0,1.0,1.0,0.0,0.0,0.0,0.0,0.0
Gm11527,1.0,1.0,1.0,0.0,0.0,0.0,0.0,0.0
Gm11697,1.0,1.0,1.0,0.0,0.0,0.0,0.0,0.0
Dtnbos,1.0,1.0,1.0,0.0,0.0,0.0,0.0,0.0
7530414M10Rik,1.0,1.0,1.0,0.0,0.0,0.0,0.0,0.0
Gm41541,1.0,1.0,1.0,0.0,0.0,0.0,0.0,0.0
Gm31019,1.0,1.0,1.0,0.0,0.0,0.0,0.0,0.0
9130209A04Rik,1.0,1.0,1.0,0.0,0.0,0.0,0.0,0.0
Gm37552,1.0,1.0,1.0,0.0,0.0,0.0,0.0,0.0
Gm13564,1.0,1.0,1.0,0.0,0.0,0.0,0.0,0.0
Gm14139,1.0,1.0,1.0,0.0,0.0,0.0,0.0,0.0
Gm15444,1.0,1.0,1.0,0.0,0.0,0.0,0.0,0.0
Gm26725,1.0,1.0,1.0,0.0,0.0,0.0,0.0,0.0
Gm42596,1.0,1.0,1.0,0.0,0.0,0.0,0.0,0.0
Gm43480,1.0,1.0,1.0,0.0,0.0,0.0,0.0,0.0
Gm44081,1.0,1.0,1.0,0.0,0.0,0.0,0.0,0.0
Ghrl,1.0,1.0,1.0,0.0,0.0,0.0,0.0,0.0
Klk1b3,1.0,1.0,1.0,0.0,0.0,0.0,0.0,0.0
Gm16568,1.0,1.0,1.0,0.0,0.0,0.0,0.0,0.0
Gm47903,1.0,1.0,1.0,0.0,0.0,0.0,0.0,0.0
A230060F14Rik,1.0,1.0,1.0,0.0,0.0,0.0,0.0,0.0
Sowaha,1.0,1.0,1.0,0.0,0.0,0.0,0.0,0.0
Gm15893,1.0,1.0,1.0,0.0,0.0,0.0,0.0,0.0
Elobl,1.0,1.0,1.0,0.0,0.0,0.0,0.0,0.0
Asb16,1.0,1.0,1.0,0.0,0.0,0.0,0.0,0.0
Ighv7-4,1.0,1.0,1.0,0.0,0.0,0.0,0.0,0.0
1700087I21Rik,1.0,1.0,1.0,0.0,0.0,0.0,0.0,0.0
Timm8a2,1.0,1.0,1.0,0.0,0.0,0.0,0.0,0.0
Gm26704,1.0,1.0,1.0,0.0,0.0,0.0,0.0,0.0
Gm15943,1.0,1.0,1.0,0.0,0.0,0.0,0.0,0.0
Gm3227,1.0,1.0,1.0,0.0,0.0,0.0,0.0,0.0
C330008A17Rik,1.0,1.0,1.0,0.0,0.0,0.0,0.0,0.0
Pnliprp2,1.0,1.0,1.0,0.0,0.0,0.0,0.0,0.0
Gm17171,1.0,1.0,1.0,0.0,0.0,0.0,0.0,0.0
Plb1,1.0,1.0,1.0,0.0,0.0,0.0,0.0,0.0
Gm27240,1.0,1.0,1.0,0.0,0.0,0.0,0.0,0.0
Ighv1-13,1.0,1.0,1.0,0.0,0.0,0.0,0.0,0.0
Spata17,1.0,1.0,1.0,0.0,0.0,0.0,0.0,0.0
Pax6,1.0,1.0,1.0,0.0,0.0,0.0,0.0,0.0
Myh7b,1.0,1.0,1.0,0.0,0.0,0.0,0.0,0.0
Eef1a2,1.0,1.0,1.0,0.0,0.0,0.0,0.0,0.0
4930580E04Rik,1.0,1.0,1.0,0.0,0.0,0.0,0.0,0.0
Chrna9,1.0,1.0,1.0,0.0,0.0,0.0,0.0,0.0
Vmn1r14,1.0,1.0,1.0,0.0,0.0,0.0,0.0,0.0
Igkv2-116,1.0,1.0,1.0,0.0,0.0,0.0,0.0,0.0
Fabp1,1.0,1.0,1.0,0.0,0.0,0.0,0.0,0.0
Atp7b,1.0,1.0,1.0,0.0,0.0,0.0,0.0,0.0
Gm26978,1.0,1.0,1.0,0.0,0.0,0.0,0.0,0.0
Gm6213,1.0,1.0,1.0,0.0,0.0,0.0,0.0,0.0
4930579O11Rik,1.0,1.0,1.0,0.0,0.0,0.0,0.0,0.0
Gm15775,1.0,1.0,1.0,0.0,0.0,0.0,0.0,0.0
Ccdc7a,1.0,1.0,1.0,0.0,0.0,0.0,0.0,0.0
Ccdc7b,1.0,1.0,1.0,0.0,0.0,0.0,0.0,0.0
Gm11168,1.0,1.0,1.0,0.0,0.0,0.0,0.0,0.0
1810046K07Rik,1.0,1.0,1.0,0.0,0.0,0.0,0.0,0.0
Paqr9,1.0,1.0,1.0,0.0,0.0,0.0,0.0,0.0
Gm48022,1.0,1.0,1.0,0.0,0.0,0.0,0.0,0.0
Gm12238,1.0,1.0,1.0,0.0,0.0,0.0,0.0,0.0
Gm47373,1.0,1.0,1.0,0.0,0.0,0.0,0.0,0.0
Gm29362,1.0,1.0,1.0,0.0,0.0,0.0,0.0,0.0
Hist1h3h,1.0,1.0,1.0,0.0,0.0,0.0,0.0,0.0
Gm50070,1.0,1.0,1.0,0.0,0.0,0.0,0.0,0.0
Sowahd,1.0,1.0,1.0,0.0,0.0,0.0,0.0,0.0
Gm364,1.0,1.0,1.0,0.0,0.0,0.0,0.0,0.0
Gm37756,1.0,1.0,1.0,0.0,0.0,0.0,0.0,0.0
Gm13481,1.0,1.0,1.0,0.0,0.0,0.0,0.0,0.0
Gm10804,1.0,1.0,1.0,0.0,0.0,0.0,0.0,0.0
Gm14275,1.0,1.0,1.0,0.0,0.0,0.0,0.0,0.0
Gm20652,1.0,1.0,1.0,0.0,0.0,0.0,0.0,0.0
Pdzk1,1.0,1.0,1.0,0.0,0.0,0.0,0.0,0.0
Rnf212,1.0,1.0,1.0,0.0,0.0,0.0,0.0,0.0
Gm42903,1.0,1.0,1.0,0.0,0.0,0.0,0.0,0.0
Gm43409,1.0,1.0,1.0,0.0,0.0,0.0,0.0,0.0
Fzd10,1.0,1.0,1.0,0.0,0.0,0.0,0.0,0.0
9430041J12Rik,1.0,1.0,1.0,0.0,0.0,0.0,0.0,0.0
Slc7a9,1.0,1.0,1.0,0.0,0.0,0.0,0.0,0.0
9530052E02Rik,1.0,1.0,1.0,0.0,0.0,0.0,0.0,0.0
Dlgap2,1.0,1.0,1.0,0.0,0.0,0.0,0.0,0.0
Npy5r,1.0,1.0,1.0,0.0,0.0,0.0,0.0,0.0
Tdgf1,1.0,1.0,1.0,0.0,0.0,0.0,0.0,0.0
Gm26602,1.0,1.0,1.0,0.0,0.0,0.0,0.0,0.0
D930020B18Rik,1.0,1.0,1.0,0.0,0.0,0.0,0.0,0.0
Lhx1,1.0,1.0,1.0,0.0,0.0,0.0,0.0,0.0
9530020I12Rik,1.0,1.0,1.0,0.0,0.0,0.0,0.0,0.0
2210039B01Rik,1.0,1.0,1.0,0.0,0.0,0.0,0.0,0.0
Gm21750,1.0,1.0,1.0,0.0,0.0,0.0,0.0,0.0
Vwa7,1.0,1.0,1.0,0.0,0.0,0.0,0.0,0.0
Gm31499,1.0,1.0,1.0,0.0,0.0,0.0,0.0,0.0
Gm38804,1.0,1.0,1.0,0.0,0.0,0.0,0.0,0.0
Qrich2,1.0,1.0,1.0,0.0,0.0,0.0,0.0,0.0
Gm45022,1.0,1.0,1.0,0.0,0.0,0.0,0.0,0.0
Gm31728,1.0,1.0,1.0,0.0,0.0,0.0,0.0,0.0
Gm13568,1.0,1.0,1.0,0.0,0.0,0.0,0.0,0.0
Olfr1160,1.0,1.0,1.0,0.0,0.0,0.0,0.0,0.0
Hsd3b2,1.0,1.0,1.0,0.0,0.0,0.0,0.0,0.0
Gm26779,1.0,1.0,1.0,0.0,0.0,0.0,0.0,0.0
Gm44734,1.0,1.0,1.0,0.0,0.0,0.0,0.0,0.0
Irx5,1.0,1.0,1.0,0.0,0.0,0.0,0.0,0.0
Gm10719,1.0,1.0,1.0,0.0,0.0,0.0,0.0,0.0
Slc35d3,1.0,1.0,1.0,0.0,0.0,0.0,0.0,0.0
Gm16364,1.0,1.0,1.0,0.0,0.0,0.0,0.0,0.0
Myh3,1.0,1.0,1.0,0.0,0.0,0.0,0.0,0.0
Gm6416,1.0,1.0,1.0,0.0,0.0,0.0,0.0,0.0
Trav12-3,1.0,1.0,1.0,0.0,0.0,0.0,0.0,0.0
Spag6l,1.0,1.0,1.0,0.0,0.0,0.0,0.0,0.0
Adipoq,1.0,1.0,1.0,0.0,0.0,0.0,0.0,0.0
Pou1f1,1.0,1.0,1.0,0.0,0.0,0.0,0.0,0.0
Gm29417,1.0,1.0,1.0,0.0,0.0,0.0,0.0,0.0
Sec31b,1.0,1.0,1.0,0.0,0.0,0.0,0.0,0.0
G530012D18Rik,1.0,1.0,1.0,0.0,0.0,0.0,0.0,0.0
Gm28626,1.0,1.0,1.0,0.0,0.0,0.0,0.0,0.0
Nr1h5,1.0,1.0,1.0,0.0,0.0,0.0,0.0,0.0
Gm44264,1.0,1.0,1.0,0.0,0.0,0.0,0.0,0.0
Agbl1,1.0,1.0,1.0,0.0,0.0,0.0,0.0,0.0
D630011A20Rik,1.0,1.0,1.0,0.0,0.0,0.0,0.0,0.0
Gm15354,1.0,1.0,1.0,0.0,0.0,0.0,0.0,0.0
Gm39383,1.0,1.0,1.0,0.0,0.0,0.0,0.0,0.0
Gabrp,1.0,1.0,1.0,0.0,0.0,0.0,0.0,0.0
Adam6b,1.0,1.0,1.0,0.0,0.0,0.0,0.0,0.0
Gm3252,1.0,1.0,1.0,0.0,0.0,0.0,0.0,0.0
Gm16618,1.0,1.0,1.0,0.0,0.0,0.0,0.0,0.0
Capn11,1.0,1.0,1.0,0.0,0.0,0.0,0.0,0.0
Gm50399,1.0,1.0,1.0,0.0,0.0,0.0,0.0,0.0
Gm50350,1.0,1.0,1.0,0.0,0.0,0.0,0.0,0.0
1700016L21Rik,1.0,1.0,1.0,0.0,0.0,0.0,0.0,0.0
Car3,1.0,1.0,1.0,0.0,0.0,0.0,0.0,0.0
Gm32914,1.0,1.0,1.0,0.0,0.0,0.0,0.0,0.0
Olfr525,1.0,1.0,1.0,0.0,0.0,0.0,0.0,0.0
Uts2b,1.0,1.0,1.0,0.0,0.0,0.0,0.0,0.0
Gm49691,1.0,1.0,1.0,0.0,0.0,0.0,0.0,0.0
Gm33280,1.0,1.0,1.0,0.0,0.0,0.0,0.0,0.0
Gm28277,1.0,1.0,1.0,0.0,0.0,0.0,0.0,0.0
D930015M05Rik,1.0,1.0,1.0,0.0,0.0,0.0,0.0,0.0
Gm43464,1.0,1.0,1.0,0.0,0.0,0.0,0.0,0.0
Gm11802,1.0,1.0,1.0,0.0,0.0,0.0,0.0,0.0
Gm12953,1.0,1.0,1.0,0.0,0.0,0.0,0.0,0.0
9330182L06Rik,1.0,1.0,1.0,0.0,0.0,0.0,0.0,0.0
Gm44036,1.0,1.0,1.0,0.0,0.0,0.0,0.0,0.0
Gm20531,1.0,1.0,1.0,0.0,0.0,0.0,0.0,0.0
Acp4,1.0,1.0,1.0,0.0,0.0,0.0,0.0,0.0
Grm5,1.0,1.0,1.0,0.0,0.0,0.0,0.0,0.0
Hs3st2,1.0,1.0,1.0,0.0,0.0,0.0,0.0,0.0
Gm40437,1.0,1.0,1.0,0.0,0.0,0.0,0.0,0.0
Tex22,1.0,1.0,1.0,0.0,0.0,0.0,0.0,0.0
1700026N04Rik,1.0,1.0,1.0,0.0,0.0,0.0,0.0,0.0
Gm49165,1.0,1.0,1.0,0.0,0.0,0.0,0.0,0.0
Mroh5,1.0,1.0,1.0,0.0,0.0,0.0,0.0,0.0
Rnf151,1.0,1.0,1.0,0.0,0.0,0.0,0.0,0.0
Nphs2,1.0,1.0,1.0,0.0,0.0,0.0,0.0,0.0
Gm13008,1.0,1.0,1.0,0.0,0.0,0.0,0.0,0.0
Gm16725,1.0,1.0,1.0,0.0,0.0,0.0,0.0,0.0
Gm34655,1.0,1.0,1.0,0.0,0.0,0.0,0.0,0.0
Hesx1,1.0,1.0,1.0,0.0,0.0,0.0,0.0,0.0
Gm2093,1.0,1.0,1.0,0.0,0.0,0.0,0.0,0.0
Dnase1,1.0,1.0,1.0,0.0,0.0,0.0,0.0,0.0
Catsperd,1.0,1.0,1.0,0.0,0.0,0.0,0.0,0.0
Gm29480,1.0,1.0,1.0,0.0,0.0,0.0,0.0,0.0
Stpg3,1.0,1.0,1.0,0.0,0.0,0.0,0.0,0.0
Haglr,1.0,1.0,1.0,0.0,0.0,0.0,0.0,0.0
Gm12462,1.0,1.0,1.0,0.0,0.0,0.0,0.0,0.0
Gm12678,1.0,1.0,1.0,0.0,0.0,0.0,0.0,0.0
Gm17029,1.0,1.0,1.0,0.0,0.0,0.0,0.0,0.0
Slc25a18,1.0,1.0,1.0,0.0,0.0,0.0,0.0,0.0
Gm44649,1.0,1.0,1.0,0.0,0.0,0.0,0.0,0.0
Gm31749,1.0,1.0,1.0,0.0,0.0,0.0,0.0,0.0
Gm10778,1.0,1.0,1.0,0.0,0.0,0.0,0.0,0.0
D630024D03Rik,1.0,1.0,1.0,0.0,0.0,0.0,0.0,0.0
Gm12171,1.0,1.0,1.0,0.0,0.0,0.0,0.0,0.0
Gm20659,1.0,1.0,1.0,0.0,0.0,0.0,0.0,0.0
Trav6-3,1.0,1.0,1.0,0.0,0.0,0.0,0.0,0.0
Trav6-5,1.0,1.0,1.0,0.0,0.0,0.0,0.0,0.0
Gm48696,1.0,1.0,1.0,0.0,0.0,0.0,0.0,0.0
5730419F03Rik,1.0,1.0,1.0,0.0,0.0,0.0,0.0,0.0
Gm9989,1.0,1.0,1.0,0.0,0.0,0.0,0.0,0.0
Celf3,1.0,1.0,1.0,0.0,0.0,0.0,0.0,0.0
Gm30382,1.0,1.0,1.0,0.0,0.0,0.0,0.0,0.0
Gm42849,1.0,1.0,1.0,0.0,0.0,0.0,0.0,0.0
Gm16599,1.0,1.0,1.0,0.0,0.0,0.0,0.0,0.0
Hmx2,1.0,1.0,1.0,0.0,0.0,0.0,0.0,0.0
Nek5,1.0,1.0,1.0,0.0,0.0,0.0,0.0,0.0
Gm48646,1.0,1.0,1.0,0.0,0.0,0.0,0.0,0.0
Gm48719,1.0,1.0,1.0,0.0,0.0,0.0,0.0,0.0
Gm48754,1.0,1.0,1.0,0.0,0.0,0.0,0.0,0.0
Trav7d-4,1.0,1.0,1.0,0.0,0.0,0.0,0.0,0.0
Pxt1,1.0,1.0,1.0,0.0,0.0,0.0,0.0,0.0
Cyp2c69,1.0,1.0,1.0,0.0,0.0,0.0,0.0,0.0
Tdrd1,1.0,1.0,1.0,0.0,0.0,0.0,0.0,0.0
Gm16150,1.0,1.0,1.0,0.0,0.0,0.0,0.0,0.0
Gm16092,1.0,1.0,1.0,0.0,0.0,0.0,0.0,0.0
Gm28382,1.0,1.0,1.0,0.0,0.0,0.0,0.0,0.0
Dnah14,1.0,1.0,1.0,0.0,0.0,0.0,0.0,0.0
A230108P19Rik,1.0,1.0,1.0,0.0,0.0,0.0,0.0,0.0
Olfr259,1.0,1.0,1.0,0.0,0.0,0.0,0.0,0.0
Gm9821,1.0,1.0,1.0,0.0,0.0,0.0,0.0,0.0
Gm14233,1.0,1.0,1.0,0.0,0.0,0.0,0.0,0.0
BC046401,1.0,1.0,1.0,0.0,0.0,0.0,0.0,0.0
Gm12534,1.0,1.0,1.0,0.0,0.0,0.0,0.0,0.0
Sycp1,1.0,1.0,1.0,0.0,0.0,0.0,0.0,0.0
A930002I21Rik,1.0,1.0,1.0,0.0,0.0,0.0,0.0,0.0
Platr9,1.0,1.0,1.0,0.0,0.0,0.0,0.0,0.0
Gm49891,1.0,1.0,1.0,0.0,0.0,0.0,0.0,0.0
Catsper4,1.0,1.0,1.0,0.0,0.0,0.0,0.0,0.0
Slc30a2,1.0,1.0,1.0,0.0,0.0,0.0,0.0,0.0
Gm8953,1.0,1.0,1.0,0.0,0.0,0.0,0.0,0.0
Gm4961,1.0,1.0,1.0,0.0,0.0,0.0,0.0,0.0
Gm6583,1.0,1.0,1.0,0.0,0.0,0.0,0.0,0.0
CAAA01077340.1,1.0,1.0,1.0,0.0,0.0,0.0,0.0,0.0
2310069B03Rik,1.0,1.0,1.0,0.0,0.0,0.0,0.0,0.0
Tmem121b,1.0,1.0,1.0,0.0,0.0,0.0,0.0,0.0
Platr31,1.0,1.0,1.0,0.0,0.0,0.0,0.0,0.0
Gm45155,1.0,1.0,1.0,0.0,0.0,0.0,0.0,0.0
Prr33,1.0,1.0,1.0,0.0,0.0,0.0,0.0,0.0
Trpm5,1.0,1.0,1.0,0.0,0.0,0.0,0.0,0.0
Arhgap20os,1.0,1.0,1.0,0.0,0.0,0.0,0.0,0.0
1700094J05Rik,1.0,1.0,1.0,0.0,0.0,0.0,0.0,0.0
4933408J17Rik,1.0,1.0,1.0,0.0,0.0,0.0,0.0,0.0
Myl6b,1.0,1.0,1.0,0.0,0.0,0.0,0.0,0.0
4930403D09Rik,1.0,1.0,1.0,0.0,0.0,0.0,0.0,0.0
Gm12146,1.0,1.0,1.0,0.0,0.0,0.0,0.0,0.0
Ppp1r36,1.0,1.0,1.0,0.0,0.0,0.0,0.0,0.0
Plekhd1os,1.0,1.0,1.0,0.0,0.0,0.0,0.0,0.0
Gm17193,1.0,1.0,1.0,0.0,0.0,0.0,0.0,0.0
Ighv13-2,1.0,1.0,1.0,0.0,0.0,0.0,0.0,0.0
Gm17039,1.0,1.0,1.0,0.0,0.0,0.0,0.0,0.0
Gm28988,1.0,1.0,1.0,0.0,0.0,0.0,0.0,0.0
Gm7480,1.0,1.0,1.0,0.0,0.0,0.0,0.0,0.0
Gm33524,1.0,1.0,1.0,0.0,0.0,0.0,0.0,0.0
Acot10,1.0,1.0,1.0,0.0,0.0,0.0,0.0,0.0
9330154K18Rik,1.0,1.0,1.0,0.0,0.0,0.0,0.0,0.0
Dnajb7,1.0,1.0,1.0,0.0,0.0,0.0,0.0,0.0
Gm15983,1.0,1.0,1.0,0.0,0.0,0.0,0.0,0.0
Gm16892,1.0,1.0,1.0,0.0,0.0,0.0,0.0,0.0
Krtap13-1,1.0,1.0,1.0,0.0,0.0,0.0,0.0,0.0
Ldhal6b,1.0,1.0,1.0,0.0,0.0,0.0,0.0,0.0
Gm50017,1.0,1.0,1.0,0.0,0.0,0.0,0.0,0.0
Gm41804,1.0,1.0,1.0,0.0,0.0,0.0,0.0,0.0
Gm20616,1.0,1.0,1.0,0.0,0.0,0.0,0.0,0.0
Gm43401,1.0,1.0,1.0,0.0,0.0,0.0,0.0,0.0
Gm7580,1.0,1.0,1.0,0.0,0.0,0.0,0.0,0.0
Gm45805,1.0,1.0,1.0,0.0,0.0,0.0,0.0,0.0
Popdc3,1.0,1.0,1.0,0.0,0.0,0.0,0.0,0.0
Gm29684,1.0,1.0,1.0,0.0,0.0,0.0,0.0,0.0
Ccdc92b,1.0,1.0,1.0,0.0,0.0,0.0,0.0,0.0
Gm26877,1.0,1.0,1.0,0.0,0.0,0.0,0.0,0.0
4930452B06Rik,1.0,1.0,1.0,0.0,0.0,0.0,0.0,0.0
Trav1,1.0,1.0,1.0,0.0,0.0,0.0,0.0,0.0
Dazl,1.0,1.0,1.0,0.0,0.0,0.0,0.0,0.0
Slc19a3,1.0,1.0,1.0,0.0,0.0,0.0,0.0,0.0
Gm33994,1.0,1.0,1.0,0.0,0.0,0.0,0.0,0.0
Lrrc71,1.0,1.0,1.0,0.0,0.0,0.0,0.0,0.0
Azgp1,1.0,1.0,1.0,0.0,0.0,0.0,0.0,0.0
Gm44867,1.0,1.0,1.0,0.0,0.0,0.0,0.0,0.0
Gm15774,1.0,1.0,1.0,0.0,0.0,0.0,0.0,0.0
F930017D23Rik,1.0,1.0,1.0,0.0,0.0,0.0,0.0,0.0
Pla2g12b,1.0,1.0,1.0,0.0,0.0,0.0,0.0,0.0
Gm47918,1.0,1.0,1.0,0.0,0.0,0.0,0.0,0.0
Gm49476,1.0,1.0,1.0,0.0,0.0,0.0,0.0,0.0
Krt84,1.0,1.0,1.0,0.0,0.0,0.0,0.0,0.0
Gm50222,1.0,1.0,1.0,0.0,0.0,0.0,0.0,0.0
Gm37982,1.0,1.0,1.0,0.0,0.0,0.0,0.0,0.0
Kcns1,1.0,1.0,1.0,0.0,0.0,0.0,0.0,0.0
Wfdc11,1.0,1.0,1.0,0.0,0.0,0.0,0.0,0.0
Gm14453,1.0,1.0,1.0,0.0,0.0,0.0,0.0,0.0
Matn1,1.0,1.0,1.0,0.0,0.0,0.0,0.0,0.0
Gm13842,1.0,1.0,1.0,0.0,0.0,0.0,0.0,0.0
Gm43604,1.0,1.0,1.0,0.0,0.0,0.0,0.0,0.0
Gm15409,1.0,1.0,1.0,0.0,0.0,0.0,0.0,0.0
Dync1i1,1.0,1.0,1.0,0.0,0.0,0.0,0.0,0.0
Klk1b4,1.0,1.0,1.0,0.0,0.0,0.0,0.0,0.0
Gm44832,1.0,1.0,1.0,0.0,0.0,0.0,0.0,0.0
Gm45552,1.0,1.0,1.0,0.0,0.0,0.0,0.0,0.0
Abcc8,1.0,1.0,1.0,0.0,0.0,0.0,0.0,0.0
Sorbs2os,1.0,1.0,1.0,0.0,0.0,0.0,0.0,0.0
Gm16302,1.0,1.0,1.0,0.0,0.0,0.0,0.0,0.0
Mlip,1.0,1.0,1.0,0.0,0.0,0.0,0.0,0.0
Gm12227,1.0,1.0,1.0,0.0,0.0,0.0,0.0,0.0
Gm47375,1.0,1.0,1.0,0.0,0.0,0.0,0.0,0.0
Gm35326,1.0,1.0,1.0,0.0,0.0,0.0,0.0,0.0
Tubal3,1.0,1.0,1.0,0.0,0.0,0.0,0.0,0.0
Gm47806,1.0,1.0,1.0,0.0,0.0,0.0,0.0,0.0
Gm47003,1.0,1.0,1.0,0.0,0.0,0.0,0.0,0.0
2610204G07Rik,1.0,1.0,1.0,0.0,0.0,0.0,0.0,0.0
Trav14-2,1.0,1.0,1.0,0.0,0.0,0.0,0.0,0.0
Trav9-4,1.0,1.0,1.0,0.0,0.0,0.0,0.0,0.0
Slain1os,1.0,1.0,1.0,0.0,0.0,0.0,0.0,0.0
Gm50087,1.0,1.0,1.0,0.0,0.0,0.0,0.0,0.0
Atp6v1e2,1.0,1.0,1.0,0.0,0.0,0.0,0.0,0.0
Sall3,1.0,1.0,1.0,0.0,0.0,0.0,0.0,0.0
Awat2,1.0,1.0,1.0,0.0,0.0,0.0,0.0,0.0
Gm14471,1.0,1.0,1.0,0.0,0.0,0.0,0.0,0.0
A930001A20Rik,1.0,1.0,1.0,0.0,0.0,0.0,0.0,0.0
2610316D01Rik,1.0,1.0,1.0,0.0,0.0,0.0,0.0,0.0
Gm6525,1.0,1.0,1.0,0.0,0.0,0.0,0.0,0.0
Gm12493,1.0,1.0,1.0,0.0,0.0,0.0,0.0,0.0
Ifnz,1.0,1.0,1.0,0.0,0.0,0.0,0.0,0.0
Gm27022,1.0,1.0,1.0,0.0,0.0,0.0,0.0,0.0
Gm42450,1.0,1.0,1.0,0.0,0.0,0.0,0.0,0.0
Prrt2,1.0,1.0,1.0,0.0,0.0,0.0,0.0,0.0
Gm33858,1.0,1.0,1.0,0.0,0.0,0.0,0.0,0.0
1700120B22Rik,1.0,1.0,1.0,0.0,0.0,0.0,0.0,0.0
Trav14-1,1.0,1.0,1.0,0.0,0.0,0.0,0.0,0.0
Slc16a8,1.0,1.0,1.0,0.0,0.0,0.0,0.0,0.0
Gm49802,1.0,1.0,1.0,0.0,0.0,0.0,0.0,0.0
Six3,1.0,1.0,1.0,0.0,0.0,0.0,0.0,0.0
4933424G05Rik,1.0,1.0,1.0,0.0,0.0,0.0,0.0,0.0
Gm28100,1.0,1.0,1.0,0.0,0.0,0.0,0.0,0.0
Zfp819,1.0,1.0,1.0,0.0,0.0,0.0,0.0,0.0
Scn11a,1.0,1.0,1.0,0.0,0.0,0.0,0.0,0.0
Gm11690,1.0,1.0,1.0,0.0,0.0,0.0,0.0,0.0
Gm47167,1.0,1.0,1.0,0.0,0.0,0.0,0.0,0.0
Slc25a48,1.0,1.0,1.0,0.0,0.0,0.0,0.0,0.0
Gm49519,1.0,1.0,1.0,0.0,0.0,0.0,0.0,0.0
Gm20667,1.0,1.0,1.0,0.0,0.0,0.0,0.0,0.0
Stkld1,1.0,1.0,1.0,0.0,0.0,0.0,0.0,0.0
Platr29,1.0,1.0,1.0,0.0,0.0,0.0,0.0,0.0
Gm42901,1.0,1.0,1.0,0.0,0.0,0.0,0.0,0.0
Lingo2,1.0,1.0,1.0,0.0,0.0,0.0,0.0,0.0
Angptl3,1.0,1.0,1.0,0.0,0.0,0.0,0.0,0.0
Gm12862,1.0,1.0,1.0,0.0,0.0,0.0,0.0,0.0
Cort,1.0,1.0,1.0,0.0,0.0,0.0,0.0,0.0
Slc2a5,1.0,1.0,1.0,0.0,0.0,0.0,0.0,0.0
Trbv4,1.0,1.0,1.0,0.0,0.0,0.0,0.0,0.0
Gm44941,1.0,1.0,1.0,0.0,0.0,0.0,0.0,0.0
Gm44206,1.0,1.0,1.0,0.0,0.0,0.0,0.0,0.0
Gm43913,1.0,1.0,1.0,0.0,0.0,0.0,0.0,0.0
Gipr,1.0,1.0,1.0,0.0,0.0,0.0,0.0,0.0
Dll3,1.0,1.0,1.0,0.0,0.0,0.0,0.0,0.0
Klk10,1.0,1.0,1.0,0.0,0.0,0.0,0.0,0.0
Gm45411,1.0,1.0,1.0,0.0,0.0,0.0,0.0,0.0
Gm47680,1.0,1.0,1.0,0.0,0.0,0.0,0.0,0.0
Gm6980,1.0,1.0,1.0,0.0,0.0,0.0,0.0,0.0
Oit3,1.0,1.0,1.0,0.0,0.0,0.0,0.0,0.0
Gm11944,1.0,1.0,1.0,0.0,0.0,0.0,0.0,0.0
4931413K12Rik,1.0,1.0,1.0,0.0,0.0,0.0,0.0,0.0
Gm11583,1.0,1.0,1.0,0.0,0.0,0.0,0.0,0.0
A830035A12Rik,1.0,1.0,1.0,0.0,0.0,0.0,0.0,0.0
Gm11655,1.0,1.0,1.0,0.0,0.0,0.0,0.0,0.0
Gm11683,1.0,1.0,1.0,0.0,0.0,0.0,0.0,0.0
Gm48228,1.0,1.0,1.0,0.0,0.0,0.0,0.0,0.0
4933433G19Rik,1.0,1.0,1.0,0.0,0.0,0.0,0.0,0.0
Olig2,1.0,1.0,1.0,0.0,0.0,0.0,0.0,0.0
Vmn2r95,1.0,1.0,1.0,0.0,0.0,0.0,0.0,0.0
Gm26781,1.0,1.0,1.0,0.0,0.0,0.0,0.0,0.0
Olfr1238,1.0,1.0,1.0,0.0,0.0,0.0,0.0,0.0
Platr16,1.0,1.0,1.0,0.0,0.0,0.0,0.0,0.0
Vmn1r81,1.0,1.0,1.0,0.0,0.0,0.0,0.0,0.0
Ascl4,1.0,1.0,1.0,0.0,0.0,0.0,0.0,0.0
Gm40770,1.0,1.0,1.0,0.0,0.0,0.0,0.0,0.0
Fat2,1.0,1.0,1.0,0.0,0.0,0.0,0.0,0.0
Il9,1.0,1.0,1.0,0.0,0.0,0.0,0.0,0.0
Dlk2,1.0,1.0,1.0,0.0,0.0,0.0,0.0,0.0
Gm49871,1.0,1.0,1.0,0.0,0.0,0.0,0.0,0.0
Amelx,1.0,1.0,1.0,0.0,0.0,0.0,0.0,0.0
Lct,1.0,1.0,1.0,0.0,0.0,0.0,0.0,0.0
Gm15674,1.0,1.0,1.0,0.0,0.0,0.0,0.0,0.0
Tsga13,1.0,1.0,1.0,0.0,0.0,0.0,0.0,0.0
Alpk3,1.0,1.0,1.0,0.0,0.0,0.0,0.0,0.0
Hm629797,1.0,1.0,1.0,0.0,0.0,0.0,0.0,0.0
Olfr145,1.0,1.0,1.0,0.0,0.0,0.0,0.0,0.0
Gm33016,1.0,1.0,1.0,0.0,0.0,0.0,0.0,0.0
Gm16278,1.0,1.0,1.0,0.0,0.0,0.0,0.0,0.0
Gm38033,1.0,1.0,1.0,0.0,0.0,0.0,0.0,0.0
Gm13977,1.0,1.0,1.0,0.0,0.0,0.0,0.0,0.0
Cd5l,1.0,1.0,1.0,0.0,0.0,0.0,0.0,0.0
Gm16069,1.0,1.0,1.0,0.0,0.0,0.0,0.0,0.0
Zfp987,1.0,1.0,1.0,0.0,0.0,0.0,0.0,0.0
Gm15477,1.0,1.0,1.0,0.0,0.0,0.0,0.0,0.0
Gm9754,1.0,1.0,1.0,0.0,0.0,0.0,0.0,0.0
Gm42529,1.0,1.0,1.0,0.0,0.0,0.0,0.0,0.0
Sox5os3,1.0,1.0,1.0,0.0,0.0,0.0,0.0,0.0
Vmn1r183,1.0,1.0,1.0,0.0,0.0,0.0,0.0,0.0
Pinlyp,1.0,1.0,1.0,0.0,0.0,0.0,0.0,0.0
Gm45479,1.0,1.0,1.0,0.0,0.0,0.0,0.0,0.0
Gm36120,1.0,1.0,1.0,0.0,0.0,0.0,0.0,0.0
Klhl10,1.0,1.0,1.0,0.0,0.0,0.0,0.0,0.0
Gm28651,1.0,1.0,1.0,0.0,0.0,0.0,0.0,0.0
Gm32126,1.0,1.0,1.0,0.0,0.0,0.0,0.0,0.0
Gm50375,1.0,1.0,1.0,0.0,0.0,0.0,0.0,0.0
Gm16224,1.0,1.0,1.0,0.0,0.0,0.0,0.0,0.0
Ncan,1.0,1.0,1.0,0.0,0.0,0.0,0.0,0.0
1700110K17Rik,1.0,1.0,1.0,0.0,0.0,0.0,0.0,0.0
1810059C17Rik,1.0,1.0,1.0,0.0,0.0,0.0,0.0,0.0
AU019990,1.0,1.0,1.0,0.0,0.0,0.0,0.0,0.0
Col9a2,1.0,1.0,1.0,0.0,0.0,0.0,0.0,0.0
Gm43057,1.0,1.0,1.0,0.0,0.0,0.0,0.0,0.0
Kcna7,1.0,1.0,1.0,0.0,0.0,0.0,0.0,0.0
2810030D12Rik,1.0,1.0,1.0,0.0,0.0,0.0,0.0,0.0
Gm48610,1.0,1.0,1.0,0.0,0.0,0.0,0.0,0.0
Gm31887,1.0,1.0,1.0,0.0,0.0,0.0,0.0,0.0
Rslcan18,1.0,1.0,1.0,0.0,0.0,0.0,0.0,0.0
Trav6n-6,1.0,1.0,1.0,0.0,0.0,0.0,0.0,0.0
Gm47735,1.0,1.0,1.0,0.0,0.0,0.0,0.0,0.0
Cysrt1,1.0,1.0,1.0,0.0,0.0,0.0,0.0,0.0
BC048644,1.0,1.0,1.0,0.0,0.0,0.0,0.0,0.0
Kcnh6,1.0,1.0,1.0,0.0,0.0,0.0,0.0,0.0
Gm47460,1.0,1.0,1.0,0.0,0.0,0.0,0.0,0.0
Gm12867,1.0,1.0,1.0,0.0,0.0,0.0,0.0,0.0
Slc6a12,1.0,1.0,1.0,0.0,0.0,0.0,0.0,0.0
Hsd17b1,1.0,1.0,1.0,0.0,0.0,0.0,0.0,0.0
Olfr107,1.0,1.0,1.0,0.0,0.0,0.0,0.0,0.0
Gm10550,1.0,1.0,1.0,0.0,0.0,0.0,0.0,0.0
Clic3,1.0,1.0,1.0,0.0,0.0,0.0,0.0,0.0
Syt6,1.0,1.0,1.0,0.0,0.0,0.0,0.0,0.0
Gm42721,1.0,1.0,1.0,0.0,0.0,0.0,0.0,0.0
4933430I17Rik,1.0,1.0,1.0,0.0,0.0,0.0,0.0,0.0
Igkv1-35,1.0,1.0,1.0,0.0,0.0,0.0,0.0,0.0
Igkv8-26,1.0,1.0,1.0,0.0,0.0,0.0,0.0,0.0
Gm44724,1.0,1.0,1.0,0.0,0.0,0.0,0.0,0.0
Olfr695,1.0,1.0,1.0,0.0,0.0,0.0,0.0,0.0
Cks1brt,1.0,1.0,1.0,0.0,0.0,0.0,0.0,0.0
Gm12316,1.0,1.0,1.0,0.0,0.0,0.0,0.0,0.0
Gm12349,1.0,1.0,1.0,0.0,0.0,0.0,0.0,0.0
Gm11715,1.0,1.0,1.0,0.0,0.0,0.0,0.0,0.0
4930595D18Rik,1.0,1.0,1.0,0.0,0.0,0.0,0.0,0.0
OR5BS1P,1.0,1.0,1.0,0.0,0.0,0.0,0.0,0.0
Gm49887,1.0,1.0,1.0,0.0,0.0,0.0,0.0,0.0
Gm41664,1.0,1.0,1.0,0.0,0.0,0.0,0.0,0.0
Gm50362,1.0,1.0,1.0,0.0,0.0,0.0,0.0,0.0
Tmc1,1.0,1.0,1.0,0.0,0.0,0.0,0.0,0.0
Syt2,1.0,1.0,1.0,0.0,0.0,0.0,0.0,0.0
2210411M09Rik,1.0,1.0,1.0,0.0,0.0,0.0,0.0,0.0
Gm16121,1.0,1.0,1.0,0.0,0.0,0.0,0.0,0.0
Vmn2r76,1.0,1.0,1.0,0.0,0.0,0.0,0.0,0.0
Olfr165,1.0,1.0,1.0,0.0,0.0,0.0,0.0,0.0
Gm50221,1.0,1.0,1.0,0.0,0.0,0.0,0.0,0.0
Gm50277,1.0,1.0,1.0,0.0,0.0,0.0,0.0,0.0
Npbwr1,1.0,1.0,1.0,0.0,0.0,0.0,0.0,0.0
Gm31305,1.0,1.0,1.0,0.0,0.0,0.0,0.0,0.0
4930503B20Rik,1.0,1.0,1.0,0.0,0.0,0.0,0.0,0.0
Tmem130,1.0,1.0,1.0,0.0,0.0,0.0,0.0,0.0
Atp2b2,1.0,1.0,1.0,0.0,0.0,0.0,0.0,0.0
Dppa3,1.0,1.0,1.0,0.0,0.0,0.0,0.0,0.0
Olfr527,1.0,1.0,1.0,0.0,0.0,0.0,0.0,0.0
Ighv1-11,1.0,1.0,1.0,0.0,0.0,0.0,0.0,0.0
4930592I03Rik,1.0,1.0,1.0,0.0,0.0,0.0,0.0,0.0
Adamts13,1.0,1.0,1.0,0.0,0.0,0.0,0.0,0.0
Gm12728,1.0,1.0,1.0,0.0,0.0,0.0,0.0,0.0
9630001P10Rik,1.0,1.0,1.0,0.0,0.0,0.0,0.0,0.0
Ceacam15,1.0,1.0,1.0,0.0,0.0,0.0,0.0,0.0
Nkpd1,1.0,1.0,1.0,0.0,0.0,0.0,0.0,0.0
Gm6567,1.0,1.0,1.0,0.0,0.0,0.0,0.0,0.0
Olfr633,1.0,1.0,1.0,0.0,0.0,0.0,0.0,0.0
D030055H07Rik,1.0,1.0,1.0,0.0,0.0,0.0,0.0,0.0
Gm16239,1.0,1.0,1.0,0.0,0.0,0.0,0.0,0.0
Gm14206,1.0,1.0,1.0,0.0,0.0,0.0,0.0,0.0
Gm30881,1.0,1.0,1.0,0.0,0.0,0.0,0.0,0.0
Chrm1,1.0,1.0,1.0,0.0,0.0,0.0,0.0,0.0
Slc30a10,1.0,1.0,1.0,0.0,0.0,0.0,0.0,0.0
Gm44199,1.0,1.0,1.0,0.0,0.0,0.0,0.0,0.0
Gm44773,1.0,1.0,1.0,0.0,0.0,0.0,0.0,0.0
Dlec1,1.0,1.0,1.0,0.0,0.0,0.0,0.0,0.0
Gm48606,1.0,1.0,1.0,0.0,0.0,0.0,0.0,0.0
Tpsab1,1.0,1.0,1.0,0.0,0.0,0.0,0.0,0.0
4933417E11Rik,1.0,1.0,1.0,0.0,0.0,0.0,0.0,0.0
Ugt1a1,1.0,1.0,1.0,0.0,0.0,0.0,0.0,0.0
Gm31925,1.0,1.0,1.0,0.0,0.0,0.0,0.0,0.0
Ctcflos,1.0,1.0,1.0,0.0,0.0,0.0,0.0,0.0
4933421A08Rik,1.0,1.0,1.0,0.0,0.0,0.0,0.0,0.0
Vmn2r17,1.0,1.0,1.0,0.0,0.0,0.0,0.0,0.0
Igkv4-73,1.0,1.0,1.0,0.0,0.0,0.0,0.0,0.0
Igkv7-33,1.0,1.0,1.0,0.0,0.0,0.0,0.0,0.0
Prss23os,1.0,1.0,1.0,0.0,0.0,0.0,0.0,0.0
Tcerg1l,1.0,1.0,1.0,0.0,0.0,0.0,0.0,0.0
Gm12160,1.0,1.0,1.0,0.0,0.0,0.0,0.0,0.0
Gm36945,1.0,1.0,1.0,0.0,0.0,0.0,0.0,0.0
Gm14308,1.0,1.0,1.0,0.0,0.0,0.0,0.0,0.0
1700029M20Rik,1.0,1.0,1.0,0.0,0.0,0.0,0.0,0.0
Gm47077,1.0,1.0,1.0,0.0,0.0,0.0,0.0,0.0
Gm17098,1.0,1.0,1.0,0.0,0.0,0.0,0.0,0.0
Fbxw13,1.0,1.0,1.0,0.0,0.0,0.0,0.0,0.0
Krt17,1.0,1.0,1.0,0.0,0.0,0.0,0.0,0.0
Tcam1,1.0,1.0,1.0,0.0,0.0,0.0,0.0,0.0
Trav4-2,1.0,1.0,1.0,0.0,0.0,0.0,0.0,0.0
Zfhx2os,1.0,1.0,1.0,0.0,0.0,0.0,0.0,0.0
Gm6961,1.0,1.0,1.0,0.0,0.0,0.0,0.0,0.0
Gm9918,1.0,1.0,1.0,0.0,0.0,0.0,0.0,0.0
Bpifb4,1.0,1.0,1.0,0.0,0.0,0.0,0.0,0.0
Bcan,1.0,1.0,1.0,0.0,0.0,0.0,0.0,0.0
Gm15856,1.0,1.0,1.0,0.0,0.0,0.0,0.0,0.0
Cyp2e1,1.0,1.0,1.0,0.0,0.0,0.0,0.0,0.0
Ak9,1.0,1.0,1.0,0.0,0.0,0.0,0.0,0.0
Evi2b,1.0,1.0,1.0,0.0,0.0,0.0,0.0,0.0
1700109G14Rik,1.0,1.0,1.0,0.0,0.0,0.0,0.0,0.0
4930483J18Rik,1.0,1.0,1.0,0.0,0.0,0.0,0.0,0.0
1500009C09Rik,1.0,1.0,1.0,0.0,0.0,0.0,0.0,0.0
4833422M21Rik,1.0,1.0,1.0,0.0,0.0,0.0,0.0,0.0
Crip3,1.0,1.0,1.0,0.0,0.0,0.0,0.0,0.0
Cyp2c67,1.0,1.0,1.0,0.0,0.0,0.0,0.0,0.0
Zfp804a,1.0,1.0,1.0,0.0,0.0,0.0,0.0,0.0
Wt1os,1.0,1.0,1.0,0.0,0.0,0.0,0.0,0.0
Gm17416,1.0,1.0,1.0,0.0,0.0,0.0,0.0,0.0
C230034O21Rik,1.0,1.0,1.0,0.0,0.0,0.0,0.0,0.0
Zfp990,1.0,1.0,1.0,0.0,0.0,0.0,0.0,0.0
Gm43000,1.0,1.0,1.0,0.0,0.0,0.0,0.0,0.0
Stk32b,1.0,1.0,1.0,0.0,0.0,0.0,0.0,0.0
Gm33474,1.0,1.0,1.0,0.0,0.0,0.0,0.0,0.0
Cpvl,1.0,1.0,1.0,0.0,0.0,0.0,0.0,0.0
Gm44366,1.0,1.0,1.0,0.0,0.0,0.0,0.0,0.0
Gabrb3,1.0,1.0,1.0,0.0,0.0,0.0,0.0,0.0
Gm20684,1.0,1.0,1.0,0.0,0.0,0.0,0.0,0.0
Fgf15,1.0,1.0,1.0,0.0,0.0,0.0,0.0,0.0
Gm31898,1.0,1.0,1.0,0.0,0.0,0.0,0.0,0.0
Edar,1.0,1.0,1.0,0.0,0.0,0.0,0.0,0.0
Gm29685,1.0,1.0,1.0,0.0,0.0,0.0,0.0,0.0
Gria1,1.0,1.0,1.0,0.0,0.0,0.0,0.0,0.0
Dlx3,1.0,1.0,1.0,0.0,0.0,0.0,0.0,0.0
Gm46355,1.0,1.0,1.0,0.0,0.0,0.0,0.0,0.0
9630015K15Rik,1.0,1.0,1.0,0.0,0.0,0.0,0.0,0.0
Adgrb1,1.0,1.0,1.0,0.0,0.0,0.0,0.0,0.0
Gm49745,1.0,1.0,1.0,0.0,0.0,0.0,0.0,0.0
Eras,1.0,1.0,1.0,0.0,0.0,0.0,0.0,0.0
Prkag3,1.0,1.0,1.0,0.0,0.0,0.0,0.0,0.0
Gm4793,1.0,1.0,1.0,0.0,0.0,0.0,0.0,0.0
Gm13583,1.0,1.0,1.0,0.0,0.0,0.0,0.0,0.0
Dcst2,1.0,1.0,1.0,0.0,0.0,0.0,0.0,0.0
Gm15551,1.0,1.0,1.0,0.0,0.0,0.0,0.0,0.0
Klhdc7a,1.0,1.0,1.0,0.0,0.0,0.0,0.0,0.0
Grm3,1.0,1.0,1.0,0.0,0.0,0.0,0.0,0.0
Adra2c,1.0,1.0,1.0,0.0,0.0,0.0,0.0,0.0
4933425D22Rik,1.0,1.0,1.0,0.0,0.0,0.0,0.0,0.0
Olfr671,1.0,1.0,1.0,0.0,0.0,0.0,0.0,0.0
Mfsd13b,1.0,1.0,1.0,0.0,0.0,0.0,0.0,0.0
Gm17120,1.0,1.0,1.0,0.0,0.0,0.0,0.0,0.0
Hkdc1,1.0,1.0,1.0,0.0,0.0,0.0,0.0,0.0
Gm30624,1.0,1.0,1.0,0.0,0.0,0.0,0.0,0.0
Gm17746,1.0,1.0,1.0,0.0,0.0,0.0,0.0,0.0
Fam25c,1.0,1.0,1.0,0.0,0.0,0.0,0.0,0.0
Ctsg,1.0,1.0,1.0,0.0,0.0,0.0,0.0,0.0
4930592A05Rik,1.0,1.0,1.0,0.0,0.0,0.0,0.0,0.0
Gm21917,1.0,1.0,1.0,0.0,0.0,0.0,0.0,0.0
Gm32817,1.0,1.0,1.0,0.0,0.0,0.0,0.0,0.0
Gm10226,1.0,1.0,1.0,0.0,0.0,0.0,0.0,0.0
Gjd4,1.0,1.0,1.0,0.0,0.0,0.0,0.0,0.0
Gm10532,1.0,1.0,1.0,0.0,0.0,0.0,0.0,0.0
Gm14812,1.0,1.0,1.0,0.0,0.0,0.0,0.0,0.0
Gdpd2,1.0,1.0,1.0,0.0,0.0,0.0,0.0,0.0
Rpe65,1.0,1.0,1.0,0.0,0.0,0.0,0.0,0.0
Gm44700,1.0,1.0,1.0,0.0,0.0,0.0,0.0,0.0
Gm38304,1.0,1.0,1.0,0.0,0.0,0.0,0.0,0.0
A930018P22Rik,1.0,1.0,1.0,0.0,0.0,0.0,0.0,0.0
Kcnd2,1.0,1.0,1.0,0.0,0.0,0.0,0.0,0.0
Lrguk,1.0,1.0,1.0,0.0,0.0,0.0,0.0,0.0
Gm44696,1.0,1.0,1.0,0.0,0.0,0.0,0.0,0.0
Oxtr,1.0,1.0,1.0,0.0,0.0,0.0,0.0,0.0
Pabpn1l,1.0,1.0,1.0,0.0,0.0,0.0,0.0,0.0
Gm7607,1.0,1.0,1.0,0.0,0.0,0.0,0.0,0.0
Ankrd2,1.0,1.0,1.0,0.0,0.0,0.0,0.0,0.0
Gm1141,1.0,1.0,1.0,0.0,0.0,0.0,0.0,0.0
1110002O04Rik,1.0,1.0,1.0,0.0,0.0,0.0,0.0,0.0
Gm26831,1.0,1.0,1.0,0.0,0.0,0.0,0.0,0.0
F730016J06Rik,1.0,1.0,1.0,0.0,0.0,0.0,0.0,0.0
2310001K24Rik,1.0,1.0,1.0,0.0,0.0,0.0,0.0,0.0
Gm15998,1.0,1.0,1.0,0.0,0.0,0.0,0.0,0.0
Vmn2r29,1.0,1.0,1.0,0.0,0.0,0.0,0.0,0.0
Rgs9bp,1.0,1.0,1.0,0.0,0.0,0.0,0.0,0.0
Gm17102,1.0,1.0,1.0,0.0,0.0,0.0,0.0,0.0
Gm33027,1.0,1.0,1.0,0.0,0.0,0.0,0.0,0.0
E030025P04Rik,1.0,1.0,1.0,0.0,0.0,0.0,0.0,0.0
D130043K22Rik,1.0,1.0,1.0,0.0,0.0,0.0,0.0,0.0
Serpinb6c,1.0,1.0,1.0,0.0,0.0,0.0,0.0,0.0
Gm49064,1.0,1.0,1.0,0.0,0.0,0.0,0.0,0.0
Kcnj4,1.0,1.0,1.0,0.0,0.0,0.0,0.0,0.0
Gm6938,1.0,1.0,1.0,0.0,0.0,0.0,0.0,0.0
Crygc,1.0,1.0,1.0,0.0,0.0,0.0,0.0,0.0
Gm28723,1.0,1.0,1.0,0.0,0.0,0.0,0.0,0.0
Gm43244,1.0,1.0,1.0,0.0,0.0,0.0,0.0,0.0
0610025J13Rik,1.0,1.0,1.0,0.0,0.0,0.0,0.0,0.0
Ttc34,1.0,1.0,1.0,0.0,0.0,0.0,0.0,0.0
Gm15627,1.0,1.0,1.0,0.0,0.0,0.0,0.0,0.0
Nat8f6,1.0,1.0,1.0,0.0,0.0,0.0,0.0,0.0
Gm36210,1.0,1.0,1.0,0.0,0.0,0.0,0.0,0.0
Gm9801,1.0,1.0,1.0,0.0,0.0,0.0,0.0,0.0
Gm44633,1.0,1.0,1.0,0.0,0.0,0.0,0.0,0.0
Trim66,1.0,1.0,1.0,0.0,0.0,0.0,0.0,0.0
Sox1,1.0,1.0,1.0,0.0,0.0,0.0,0.0,0.0
Necab2,1.0,1.0,1.0,0.0,0.0,0.0,0.0,0.0
4933400C23Rik,1.0,1.0,1.0,0.0,0.0,0.0,0.0,0.0
Gm47972,1.0,1.0,1.0,0.0,0.0,0.0,0.0,0.0
Rcvrn,1.0,1.0,1.0,0.0,0.0,0.0,0.0,0.0
Ppp1r27,1.0,1.0,1.0,0.0,0.0,0.0,0.0,0.0
Trgj4,1.0,1.0,1.0,0.0,0.0,0.0,0.0,0.0
Hoxc8,1.0,1.0,1.0,0.0,0.0,0.0,0.0,0.0
Gm10549,1.0,1.0,1.0,0.0,0.0,0.0,0.0,0.0
2010308F09Rik,1.0,1.0,1.0,0.0,0.0,0.0,0.0,0.0
Cdx4,1.0,1.0,1.0,0.0,0.0,0.0,0.0,0.0
Sctr,1.0,1.0,1.0,0.0,0.0,0.0,0.0,0.0
Gm29346,1.0,1.0,1.0,0.0,0.0,0.0,0.0,0.0
Lgr6,1.0,1.0,1.0,0.0,0.0,0.0,0.0,0.0
Alkbh3os1,1.0,1.0,1.0,0.0,0.0,0.0,0.0,0.0
C230012O17Rik,1.0,1.0,1.0,0.0,0.0,0.0,0.0,0.0
Gm42745,1.0,1.0,1.0,0.0,0.0,0.0,0.0,0.0
4930458D05Rik,1.0,1.0,1.0,0.0,0.0,0.0,0.0,0.0
Ocm,1.0,1.0,1.0,0.0,0.0,0.0,0.0,0.0
Gpr37,1.0,1.0,1.0,0.0,0.0,0.0,0.0,0.0
Rncr4,1.0,1.0,1.0,0.0,0.0,0.0,0.0,0.0
Akr1b7,1.0,1.0,1.0,0.0,0.0,0.0,0.0,0.0
Evx1os,1.0,1.0,1.0,0.0,0.0,0.0,0.0,0.0
Lrtm2,1.0,1.0,1.0,0.0,0.0,0.0,0.0,0.0
Gm15704,1.0,1.0,1.0,0.0,0.0,0.0,0.0,0.0
Scgb1b3,1.0,1.0,1.0,0.0,0.0,0.0,0.0,0.0
Klk9,1.0,1.0,1.0,0.0,0.0,0.0,0.0,0.0
Scnn1g,1.0,1.0,1.0,0.0,0.0,0.0,0.0,0.0
Fam155a,1.0,1.0,1.0,0.0,0.0,0.0,0.0,0.0
Minar1,1.0,1.0,1.0,0.0,0.0,0.0,0.0,0.0
Gm49427,1.0,1.0,1.0,0.0,0.0,0.0,0.0,0.0
Gm47128,1.0,1.0,1.0,0.0,0.0,0.0,0.0,0.0
Nkain2,1.0,1.0,1.0,0.0,0.0,0.0,0.0,0.0
Sox30,1.0,1.0,1.0,0.0,0.0,0.0,0.0,0.0
Ccdc42,1.0,1.0,1.0,0.0,0.0,0.0,0.0,0.0
Gpr179,1.0,1.0,1.0,0.0,0.0,0.0,0.0,0.0
Gm20644,1.0,1.0,1.0,0.0,0.0,0.0,0.0,0.0
Cacng1,1.0,1.0,1.0,0.0,0.0,0.0,0.0,0.0
4930512B01Rik,1.0,1.0,1.0,0.0,0.0,0.0,0.0,0.0
Gm8075,1.0,1.0,1.0,0.0,0.0,0.0,0.0,0.0
Gsc,1.0,1.0,1.0,0.0,0.0,0.0,0.0,0.0
Gm46401,1.0,1.0,1.0,0.0,0.0,0.0,0.0,0.0
A330076C08Rik,1.0,1.0,1.0,0.0,0.0,0.0,0.0,0.0
Gm29676,1.0,1.0,1.0,0.0,0.0,0.0,0.0,0.0
4930544M13Rik,1.0,1.0,1.0,0.0,0.0,0.0,0.0,0.0
Cdhr1,1.0,1.0,1.0,0.0,0.0,0.0,0.0,0.0
4930431P22Rik,1.0,1.0,1.0,0.0,0.0,0.0,0.0,0.0
Gm16835,1.0,1.0,1.0,0.0,0.0,0.0,0.0,0.0
Gm10389,1.0,1.0,1.0,0.0,0.0,0.0,0.0,0.0
Rgs22,1.0,1.0,1.0,0.0,0.0,0.0,0.0,0.0
Gm17753,1.0,1.0,1.0,0.0,0.0,0.0,0.0,0.0
Cyp2ab1,1.0,1.0,1.0,0.0,0.0,0.0,0.0,0.0
Gng13,1.0,1.0,1.0,0.0,0.0,0.0,0.0,0.0
Gm49999,1.0,1.0,1.0,0.0,0.0,0.0,0.0,0.0
Gm47471,1.0,1.0,1.0,0.0,0.0,0.0,0.0,0.0
Gm50288,1.0,1.0,1.0,0.0,0.0,0.0,0.0,0.0
Katnal2,1.0,1.0,1.0,0.0,0.0,0.0,0.0,0.0
Gm50334,1.0,1.0,1.0,0.0,0.0,0.0,0.0,0.0
Emx2,1.0,1.0,1.0,0.0,0.0,0.0,0.0,0.0
9530026F06Rik,1.0,1.0,1.0,0.0,0.0,0.0,0.0,0.0
Cdk5r2,1.0,1.0,1.0,0.0,0.0,0.0,0.0,0.0
Prss56,1.0,1.0,1.0,0.0,0.0,0.0,0.0,0.0
Neu2,1.0,1.0,1.0,0.0,0.0,0.0,0.0,0.0
2210011K15Rik,1.0,1.0,1.0,0.0,0.0,0.0,0.0,0.0
Gm38155,1.0,1.0,1.0,0.0,0.0,0.0,0.0,0.0
Rtn4rl2,1.0,1.0,1.0,0.0,0.0,0.0,0.0,0.0
Sall4,1.0,1.0,1.0,0.0,0.0,0.0,0.0,0.0
Spag17,1.0,1.0,1.0,0.0,0.0,0.0,0.0,0.0
Dab1,1.0,1.0,1.0,0.0,0.0,0.0,0.0,0.0
Pla2g2c,1.0,1.0,1.0,0.0,0.0,0.0,0.0,0.0
Drc1,1.0,1.0,1.0,0.0,0.0,0.0,0.0,0.0
Otop1,1.0,1.0,1.0,0.0,0.0,0.0,0.0,0.0
Gm43698,1.0,1.0,1.0,0.0,0.0,0.0,0.0,0.0
Gm42575,1.0,1.0,1.0,0.0,0.0,0.0,0.0,0.0
Afm,1.0,1.0,1.0,0.0,0.0,0.0,0.0,0.0
Gm19619,1.0,1.0,1.0,0.0,0.0,0.0,0.0,0.0
Gm26703,1.0,1.0,1.0,0.0,0.0,0.0,0.0,0.0
Gm3294,1.0,1.0,1.0,0.0,0.0,0.0,0.0,0.0
Gm44386,1.0,1.0,1.0,0.0,0.0,0.0,0.0,0.0
Trh,1.0,1.0,1.0,0.0,0.0,0.0,0.0,0.0
Slco1a4,1.0,1.0,1.0,0.0,0.0,0.0,0.0,0.0
Crxos,1.0,1.0,1.0,0.0,0.0,0.0,0.0,0.0
Gm10648,1.0,1.0,1.0,0.0,0.0,0.0,0.0,0.0
C86187,1.0,1.0,1.0,0.0,0.0,0.0,0.0,0.0
Gm44892,1.0,1.0,1.0,0.0,0.0,0.0,0.0,0.0
Gm44785,1.0,1.0,1.0,0.0,0.0,0.0,0.0,0.0
Cers1,1.0,1.0,1.0,0.0,0.0,0.0,0.0,0.0
2310003N18Rik,1.0,1.0,1.0,0.0,0.0,0.0,0.0,0.0
Ankdd1a,1.0,1.0,1.0,0.0,0.0,0.0,0.0,0.0
Gm29521,1.0,1.0,1.0,0.0,0.0,0.0,0.0,0.0
Slfn14,1.0,1.0,1.0,0.0,0.0,0.0,0.0,0.0
Gm12576,1.0,1.0,1.0,0.0,0.0,0.0,0.0,0.0
Gm40477,1.0,1.0,1.0,0.0,0.0,0.0,0.0,0.0
Nrxn3,1.0,1.0,1.0,0.0,0.0,0.0,0.0,0.0
Gm47675,1.0,1.0,1.0,0.0,0.0,0.0,0.0,0.0
1700014D04Rik,1.0,1.0,1.0,0.0,0.0,0.0,0.0,0.0
Crhbp,1.0,1.0,1.0,0.0,0.0,0.0,0.0,0.0
Gm41253,1.0,1.0,1.0,0.0,0.0,0.0,0.0,0.0
Mettl7a2,1.0,1.0,1.0,0.0,0.0,0.0,0.0,0.0
Krt6a,1.0,1.0,1.0,0.0,0.0,0.0,0.0,0.0
Gm36026,1.0,1.0,1.0,0.0,0.0,0.0,0.0,0.0
Ifitm7,1.0,1.0,1.0,0.0,0.0,0.0,0.0,0.0
Gm15458,1.0,1.0,1.0,0.0,0.0,0.0,0.0,0.0
Gm20481,1.0,1.0,1.0,0.0,0.0,0.0,0.0,0.0
Dsg3,1.0,1.0,1.0,0.0,0.0,0.0,0.0,0.0
Gm50397,1.0,1.0,1.0,0.0,0.0,0.0,0.0,0.0
Kcnv2,1.0,1.0,1.0,0.0,0.0,0.0,0.0,0.0
Eno4,1.0,1.0,1.0,0.0,0.0,0.0,0.0,0.0
Gm28694,1.0,1.0,1.0,0.0,0.0,0.0,0.0,0.0
A230020J21Rik,1.0,1.0,1.0,0.0,0.0,0.0,0.0,0.0
1700007K13Rik,1.0,1.0,1.0,0.0,0.0,0.0,0.0,0.0
Disp2,1.0,1.0,1.0,0.0,0.0,0.0,0.0,0.0
Gm14002,1.0,1.0,1.0,0.0,0.0,0.0,0.0,0.0
Nkx2-2,1.0,1.0,1.0,0.0,0.0,0.0,0.0,0.0
Vstm2l,1.0,1.0,1.0,0.0,0.0,0.0,0.0,0.0
E130218I03Rik,1.0,1.0,1.0,0.0,0.0,0.0,0.0,0.0
Klb,1.0,1.0,1.0,0.0,0.0,0.0,0.0,0.0
Tbx3os2,1.0,1.0,1.0,0.0,0.0,0.0,0.0,0.0
Plut,1.0,1.0,1.0,0.0,0.0,0.0,0.0,0.0
Igkv4-77,1.0,1.0,1.0,0.0,0.0,0.0,0.0,0.0
Gm26811,1.0,1.0,1.0,0.0,0.0,0.0,0.0,0.0
5031434C07Rik,1.0,1.0,1.0,0.0,0.0,0.0,0.0,0.0
Gm26705,1.0,1.0,1.0,0.0,0.0,0.0,0.0,0.0
Gm15677,1.0,1.0,1.0,0.0,0.0,0.0,0.0,0.0
Olfr922,1.0,1.0,1.0,0.0,0.0,0.0,0.0,0.0
1700063D05Rik,1.0,1.0,1.0,0.0,0.0,0.0,0.0,0.0
Tacr2,1.0,1.0,1.0,0.0,0.0,0.0,0.0,0.0
Gm12295,1.0,1.0,1.0,0.0,0.0,0.0,0.0,0.0
Slc26a4,1.0,1.0,1.0,0.0,0.0,0.0,0.0,0.0
Chga,1.0,1.0,1.0,0.0,0.0,0.0,0.0,0.0
Ighv5-16,1.0,1.0,1.0,0.0,0.0,0.0,0.0,0.0
Gm2670,1.0,1.0,1.0,0.0,0.0,0.0,0.0,0.0
Trav15-1-dv6-1,1.0,1.0,1.0,0.0,0.0,0.0,0.0,0.0
Mapk8ip2,1.0,1.0,1.0,0.0,0.0,0.0,0.0,0.0
Gm5767,1.0,1.0,1.0,0.0,0.0,0.0,0.0,0.0
Gm26626,1.0,1.0,1.0,0.0,0.0,0.0,0.0,0.0
Gm30961,1.0,1.0,1.0,0.0,0.0,0.0,0.0,0.0
St8sia5,1.0,1.0,1.0,0.0,0.0,0.0,0.0,0.0
Galr1,1.0,1.0,1.0,0.0,0.0,0.0,0.0,0.0
Rln1,1.0,1.0,1.0,0.0,0.0,0.0,0.0,0.0
E030044B06Rik,1.0,1.0,1.0,0.0,0.0,0.0,0.0,0.0
Atp1b4,1.0,1.0,1.0,0.0,0.0,0.0,0.0,0.0
Fcnb,1.0,1.0,1.0,0.0,0.0,0.0,0.0,0.0
Gm12606,1.0,1.0,1.0,0.0,0.0,0.0,0.0,0.0
Gm15701,1.0,1.0,1.0,0.0,0.0,0.0,0.0,0.0
Gm42556,1.0,1.0,1.0,0.0,0.0,0.0,0.0,0.0
Gm44174,1.0,1.0,1.0,0.0,0.0,0.0,0.0,0.0
Cacng8,1.0,1.0,1.0,0.0,0.0,0.0,0.0,0.0
Gp6,1.0,1.0,1.0,0.0,0.0,0.0,0.0,0.0
Gm27167,1.0,1.0,1.0,0.0,0.0,0.0,0.0,0.0
Hephl1,1.0,1.0,1.0,0.0,0.0,0.0,0.0,0.0
Gcm1,1.0,1.0,1.0,0.0,0.0,0.0,0.0,0.0
Gm34425,1.0,1.0,1.0,0.0,0.0,0.0,0.0,0.0
Elane,1.0,1.0,1.0,0.0,0.0,0.0,0.0,0.0
Olfr9,1.0,1.0,1.0,0.0,0.0,0.0,0.0,0.0
1700011B04Rik,1.0,1.0,1.0,0.0,0.0,0.0,0.0,0.0
Gm20379,1.0,1.0,1.0,0.0,0.0,0.0,0.0,0.0
Nrl,1.0,1.0,1.0,0.0,0.0,0.0,0.0,0.0
Tdh,1.0,1.0,1.0,0.0,0.0,0.0,0.0,0.0
Gm34643,1.0,1.0,1.0,0.0,0.0,0.0,0.0,0.0
4933427E11Rik,1.0,1.0,1.0,0.0,0.0,0.0,0.0,0.0
Gm49226,1.0,1.0,1.0,0.0,0.0,0.0,0.0,0.0
E430002N23Rik,1.0,1.0,1.0,0.0,0.0,0.0,0.0,0.0
Ms4a3,1.0,1.0,1.0,0.0,0.0,0.0,0.0,0.0
4930440I19Rik,1.0,1.0,1.0,0.0,0.0,0.0,0.0,0.0
Zfp981,1.0,1.0,1.0,0.0,0.0,0.0,0.0,0.0
Defb33,1.0,1.0,1.0,0.0,0.0,0.0,0.0,0.0
Olfr15,1.0,1.0,1.0,0.0,0.0,0.0,0.0,0.0
G730013B05Rik,1.0,1.0,1.0,0.0,0.0,0.0,0.0,0.0
Ppp1r42,1.0,1.0,1.0,0.0,0.0,0.0,0.0,0.0
Abca12,1.0,1.0,1.0,0.0,0.0,0.0,0.0,0.0
Gm29539,1.0,1.0,1.0,0.0,0.0,0.0,0.0,0.0
Gm16587,1.0,1.0,1.0,0.0,0.0,0.0,0.0,0.0
Gm16213,1.0,1.0,1.0,0.0,0.0,0.0,0.0,0.0
Lin28a,1.0,1.0,1.0,0.0,0.0,0.0,0.0,0.0
Gm44756,1.0,1.0,1.0,0.0,0.0,0.0,0.0,0.0
Ucp3,1.0,1.0,1.0,0.0,0.0,0.0,0.0,0.0
Isx,1.0,1.0,1.0,0.0,0.0,0.0,0.0,0.0
BC050972,1.0,1.0,1.0,0.0,0.0,0.0,0.0,0.0
Gm10277,1.0,1.0,1.0,0.0,0.0,0.0,0.0,0.0
AU040972,1.0,1.0,1.0,0.0,0.0,0.0,0.0,0.0
2410003L11Rik,1.0,1.0,1.0,0.0,0.0,0.0,0.0,0.0
Trav6d-5,1.0,1.0,1.0,0.0,0.0,0.0,0.0,0.0
Snx31,1.0,1.0,1.0,0.0,0.0,0.0,0.0,0.0
Gm7125,1.0,1.0,1.0,0.0,0.0,0.0,0.0,0.0
Smco1,1.0,1.0,1.0,0.0,0.0,0.0,0.0,0.0
Hgd,1.0,1.0,1.0,0.0,0.0,0.0,0.0,0.0
Slc22a20,1.0,1.0,1.0,0.0,0.0,0.0,0.0,0.0
Gm37336,1.0,1.0,1.0,0.0,0.0,0.0,0.0,0.0
Mroh8,1.0,1.0,1.0,0.0,0.0,0.0,0.0,0.0
Gm27206,1.0,1.0,1.0,0.0,0.0,0.0,0.0,0.0
Gm12708,1.0,1.0,1.0,0.0,0.0,0.0,0.0,0.0
Klrc3,1.0,1.0,1.0,0.0,0.0,0.0,0.0,0.0
Prap1,1.0,1.0,1.0,0.0,0.0,0.0,0.0,0.0
Defb37,1.0,1.0,1.0,0.0,0.0,0.0,0.0,0.0
Gm32335,1.0,1.0,1.0,0.0,0.0,0.0,0.0,0.0
E230014E18Rik,1.0,1.0,1.0,0.0,0.0,0.0,0.0,0.0
Platr7,1.0,1.0,1.0,0.0,0.0,0.0,0.0,0.0
4930469K13Rik,1.0,1.0,1.0,0.0,0.0,0.0,0.0,0.0
Wdr20rt,1.0,1.0,1.0,0.0,0.0,0.0,0.0,0.0
Gm47545,1.0,1.0,1.0,0.0,0.0,0.0,0.0,0.0
Serpina12,1.0,1.0,1.0,0.0,0.0,0.0,0.0,0.0
Gm4814,1.0,1.0,1.0,0.0,0.0,0.0,0.0,0.0
4930405A10Rik,1.0,1.0,1.0,0.0,0.0,0.0,0.0,0.0
Trav6-1,1.0,1.0,1.0,0.0,0.0,0.0,0.0,0.0
Trdv1,1.0,1.0,1.0,0.0,0.0,0.0,0.0,0.0
Itgb2l,1.0,1.0,1.0,0.0,0.0,0.0,0.0,0.0
Galnt14,1.0,1.0,1.0,0.0,0.0,0.0,0.0,0.0
Gm50237,1.0,1.0,1.0,0.0,0.0,0.0,0.0,0.0
Gm28321,1.0,1.0,1.0,0.0,0.0,0.0,0.0,0.0
Gm17555,1.0,1.0,1.0,0.0,0.0,0.0,0.0,0.0
Pdyn,1.0,1.0,1.0,0.0,0.0,0.0,0.0,0.0
Tmod4,1.0,1.0,1.0,0.0,0.0,0.0,0.0,0.0
A2m,1.0,1.0,1.0,0.0,0.0,0.0,0.0,0.0
Mogat2,1.0,1.0,1.0,0.0,0.0,0.0,0.0,0.0
Adam18,1.0,1.0,1.0,0.0,0.0,0.0,0.0,0.0
Olfr839-ps1,1.0,1.0,1.0,0.0,0.0,0.0,0.0,0.0
4930447F24Rik,1.0,1.0,1.0,0.0,0.0,0.0,0.0,0.0
Gm46348,1.0,1.0,1.0,0.0,0.0,0.0,0.0,0.0
Trav2,1.0,1.0,1.0,0.0,0.0,0.0,0.0,0.0
Tmem45a2,1.0,1.0,1.0,0.0,0.0,0.0,0.0,0.0
Gm49753,1.0,1.0,1.0,0.0,0.0,0.0,0.0,0.0
9830166K06Rik,1.0,1.0,1.0,0.0,0.0,0.0,0.0,0.0
Serpinb12,1.0,1.0,1.0,0.0,0.0,0.0,0.0,0.0
F2,1.0,1.0,1.0,0.0,0.0,0.0,0.0,0.0
Gm14496,1.0,1.0,1.0,0.0,0.0,0.0,0.0,0.0
Orm2,1.0,1.0,1.0,0.0,0.0,0.0,0.0,0.0
Gm13063,1.0,1.0,1.0,0.0,0.0,0.0,0.0,0.0
Mmel1,1.0,1.0,1.0,0.0,0.0,0.0,0.0,0.0
Gm47252,1.0,1.0,1.0,0.0,0.0,0.0,0.0,0.0
Gm15736,1.0,1.0,1.0,0.0,0.0,0.0,0.0,0.0
Lhx5,1.0,1.0,1.0,0.0,0.0,0.0,0.0,0.0
5830405F06Rik,1.0,1.0,1.0,0.0,0.0,0.0,0.0,0.0
Gm4598,1.0,1.0,1.0,0.0,0.0,0.0,0.0,0.0
Gm31897,1.0,1.0,1.0,0.0,0.0,0.0,0.0,0.0
4931431B13Rik,1.0,1.0,1.0,0.0,0.0,0.0,0.0,0.0
Robo3,1.0,1.0,1.0,0.0,0.0,0.0,0.0,0.0
Prss46,1.0,1.0,1.0,0.0,0.0,0.0,0.0,0.0
Gm10030,1.0,1.0,1.0,0.0,0.0,0.0,0.0,0.0
Rdh1,1.0,1.0,1.0,0.0,0.0,0.0,0.0,0.0
Gm40932,1.0,1.0,1.0,0.0,0.0,0.0,0.0,0.0
Slc6a19,1.0,1.0,1.0,0.0,0.0,0.0,0.0,0.0
Trav6d-4,1.0,1.0,1.0,0.0,0.0,0.0,0.0,0.0
Trav12-2,1.0,1.0,1.0,0.0,0.0,0.0,0.0,0.0
Trav3-4,1.0,1.0,1.0,0.0,0.0,0.0,0.0,0.0
Gm35909,1.0,1.0,1.0,0.0,0.0,0.0,0.0,0.0
9430069I07Rik,1.0,1.0,1.0,0.0,0.0,0.0,0.0,0.0
Gm20717,1.0,1.0,1.0,0.0,0.0,0.0,0.0,0.0
Gm15729,1.0,1.0,1.0,0.0,0.0,0.0,0.0,0.0
Gm49794,1.0,1.0,1.0,0.0,0.0,0.0,0.0,0.0
4833427F10Rik,1.0,1.0,1.0,0.0,0.0,0.0,0.0,0.0
0610012D04Rik,1.0,1.0,1.0,0.0,0.0,0.0,0.0,0.0
Slc16a14,1.0,1.0,1.0,0.0,0.0,0.0,0.0,0.0
Alpi,1.0,1.0,1.0,0.0,0.0,0.0,0.0,0.0
Gm29561,1.0,1.0,1.0,0.0,0.0,0.0,0.0,0.0
Gm36551,1.0,1.0,1.0,0.0,0.0,0.0,0.0,0.0
Vmn1r86,1.0,1.0,1.0,0.0,0.0,0.0,0.0,0.0
Klk1b8,1.0,1.0,1.0,0.0,0.0,0.0,0.0,0.0
Susd5,1.0,1.0,1.0,0.0,0.0,0.0,0.0,0.0
Gm11722,1.0,1.0,1.0,0.0,0.0,0.0,0.0,0.0
F730035M05Rik,1.0,1.0,1.0,0.0,0.0,0.0,0.0,0.0
5430427M07Rik,1.0,1.0,1.0,0.0,0.0,0.0,0.0,0.0
Tcrg-V7,1.0,1.0,1.0,0.0,0.0,0.0,0.0,0.0
Gtsf1,1.0,1.0,1.0,0.0,0.0,0.0,0.0,0.0
Aqp12,1.0,1.0,1.0,0.0,0.0,0.0,0.0,0.0
Rgsl1,1.0,1.0,1.0,0.0,0.0,0.0,0.0,0.0
Gm13856,1.0,1.0,1.0,0.0,0.0,0.0,0.0,0.0
Gm36328,1.0,1.0,1.0,0.0,0.0,0.0,0.0,0.0
Brsk2,1.0,1.0,1.0,0.0,0.0,0.0,0.0,0.0
4932416K20Rik,1.0,1.0,1.0,0.0,0.0,0.0,0.0,0.0
Gm16235,1.0,1.0,1.0,0.0,0.0,0.0,0.0,0.0
Gm12031,1.0,1.0,1.0,0.0,0.0,0.0,0.0,0.0
Gm43647,1.0,1.0,1.0,0.0,0.0,0.0,0.0,0.0
Gm49668,1.0,1.0,1.0,0.0,0.0,0.0,0.0,0.0
4933401L05Rik,1.0,1.0,1.0,0.0,0.0,0.0,0.0,0.0
Gm47950,1.0,1.0,1.0,0.0,0.0,0.0,0.0,0.0
Gm11999,1.0,1.0,1.0,0.0,0.0,0.0,0.0,0.0
Shox2,1.0,1.0,1.0,0.0,0.0,0.0,0.0,0.0
Trav9-1,1.0,1.0,1.0,0.0,0.0,0.0,0.0,0.0
Trav7-5,1.0,1.0,1.0,0.0,0.0,0.0,0.0,0.0
Trav16,1.0,1.0,1.0,0.0,0.0,0.0,0.0,0.0
Zfp683,1.0,1.0,1.0,0.0,0.0,0.0,0.0,0.0
Igkv18-36,1.0,1.0,1.0,0.0,0.0,0.0,0.0,0.0
Gm45267,1.0,1.0,1.0,0.0,0.0,0.0,0.0,0.0
Gm39460,1.0,1.0,1.0,0.0,0.0,0.0,0.0,0.0
1700020N01Rik,1.0,1.0,1.0,0.0,0.0,0.0,0.0,0.0
Gm48383,1.0,1.0,1.0,0.0,0.0,0.0,0.0,0.0
Gm30790,1.0,1.0,1.0,0.0,0.0,0.0,0.0,0.0
Henmt1,1.0,1.0,1.0,0.0,0.0,0.0,0.0,0.0
Gm7457,1.0,1.0,1.0,0.0,0.0,0.0,0.0,0.0
4933440M02Rik,1.0,1.0,1.0,0.0,0.0,0.0,0.0,0.0
Gm5741,1.0,1.0,1.0,0.0,0.0,0.0,0.0,0.0
4930463O16Rik,1.0,1.0,1.0,0.0,0.0,0.0,0.0,0.0
Gm3942,1.0,1.0,1.0,0.0,0.0,0.0,0.0,0.0
Rpl9-ps1,1.0,1.0,1.0,0.0,0.0,0.0,0.0,0.0
Gm40915,1.0,1.0,1.0,0.0,0.0,0.0,0.0,0.0
Gm48824,1.0,1.0,1.0,0.0,0.0,0.0,0.0,0.0
Enthd1,1.0,1.0,1.0,0.0,0.0,0.0,0.0,0.0
Fpr3,1.0,1.0,1.0,0.0,0.0,0.0,0.0,0.0
Prss34,1.0,1.0,1.0,0.0,0.0,0.0,0.0,0.0
Treml1,1.0,1.0,1.0,0.0,0.0,0.0,0.0,0.0
Gm20540,1.0,1.0,1.0,0.0,0.0,0.0,0.0,0.0
Gm29083,1.0,1.0,1.0,0.0,0.0,0.0,0.0,0.0
Gm13398,1.0,1.0,1.0,0.0,0.0,0.0,0.0,0.0
Gm33051,1.0,1.0,1.0,0.0,0.0,0.0,0.0,0.0
4731419I09Rik,1.0,1.0,1.0,0.0,0.0,0.0,0.0,0.0
Gm29434,1.0,1.0,1.0,0.0,0.0,0.0,0.0,0.0
Clcnka,1.0,1.0,1.0,0.0,0.0,0.0,0.0,0.0
Gm10135,1.0,1.0,1.0,0.0,0.0,0.0,0.0,0.0
Gm43579,1.0,1.0,1.0,0.0,0.0,0.0,0.0,0.0
Sult6b2,1.0,1.0,1.0,0.0,0.0,0.0,0.0,0.0
Insl3,1.0,1.0,1.0,0.0,0.0,0.0,0.0,0.0
Dpep3,1.0,1.0,1.0,0.0,0.0,0.0,0.0,0.0
Gm48127,1.0,1.0,1.0,0.0,0.0,0.0,0.0,0.0
Wdr72,1.0,1.0,1.0,0.0,0.0,0.0,0.0,0.0
Gm26577,1.0,1.0,1.0,0.0,0.0,0.0,0.0,0.0
Phospho1,1.0,1.0,1.0,0.0,0.0,0.0,0.0,0.0
A930014D07Rik,1.0,1.0,1.0,0.0,0.0,0.0,0.0,0.0
Krt81,1.0,1.0,1.0,0.0,0.0,0.0,0.0,0.0
Gm20443,1.0,1.0,1.0,0.0,0.0,0.0,0.0,0.0
Ms4a18,1.0,1.0,1.0,0.0,0.0,0.0,0.0,0.0
Gata1,1.0,1.0,1.0,0.0,0.0,0.0,0.0,0.0
Gm43674,1.0,1.0,1.0,0.0,0.0,0.0,0.0,0.0
Gm8439,1.0,1.0,1.0,0.0,0.0,0.0,0.0,0.0
Zfp534,1.0,1.0,1.0,0.0,0.0,0.0,0.0,0.0
Gm26761,1.0,1.0,1.0,0.0,0.0,0.0,0.0,0.0
4930519G04Rik,1.0,1.0,1.0,0.0,0.0,0.0,0.0,0.0
Gm45014,1.0,1.0,1.0,0.0,0.0,0.0,0.0,0.0
Gm17023,1.0,1.0,1.0,0.0,0.0,0.0,0.0,0.0
4933416M07Rik,1.0,1.0,1.0,0.0,0.0,0.0,0.0,0.0
Gm46189,1.0,1.0,1.0,0.0,0.0,0.0,0.0,0.0
Fam183b,1.0,1.0,1.0,0.0,0.0,0.0,0.0,0.0
Gm44787,1.0,1.0,1.0,0.0,0.0,0.0,0.0,0.0
Gm47705,1.0,1.0,1.0,0.0,0.0,0.0,0.0,0.0
Gm48444,1.0,1.0,1.0,0.0,0.0,0.0,0.0,0.0
Gm46411,1.0,1.0,1.0,0.0,0.0,0.0,0.0,0.0
Zic5,1.0,1.0,1.0,0.0,0.0,0.0,0.0,0.0
Cfap44,1.0,1.0,1.0,0.0,0.0,0.0,0.0,0.0
Akain1,1.0,1.0,1.0,0.0,0.0,0.0,0.0,0.0
Aldh3b3,1.0,1.0,1.0,0.0,0.0,0.0,0.0,0.0
1700054A03Rik,1.0,1.0,1.0,0.0,0.0,0.0,0.0,0.0
Gm1720,1.0,1.0,1.0,0.0,0.0,0.0,0.0,0.0
Mir205hg,1.0,1.0,1.0,0.0,0.0,0.0,0.0,0.0
4930534D22Rik,1.0,1.0,1.0,0.0,0.0,0.0,0.0,0.0
Gm26748,1.0,1.0,1.0,0.0,0.0,0.0,0.0,0.0
Vmn2r53,1.0,1.0,1.0,0.0,0.0,0.0,0.0,0.0
Gm44617,1.0,1.0,1.0,0.0,0.0,0.0,0.0,0.0
Csrp3,1.0,1.0,1.0,0.0,0.0,0.0,0.0,0.0
Smim38,1.0,1.0,1.0,0.0,0.0,0.0,0.0,0.0
Gm6329,1.0,1.0,1.0,0.0,0.0,0.0,0.0,0.0
A230103J11Rik,1.0,1.0,1.0,0.0,0.0,0.0,0.0,0.0
Pcnx2,1.0,1.0,1.0,0.0,0.0,0.0,0.0,0.0
Vip,1.0,1.0,1.0,0.0,0.0,0.0,0.0,0.0
Hist1h2ah,1.0,1.0,1.0,0.0,0.0,0.0,0.0,0.0
Acox2,1.0,1.0,1.0,0.0,0.0,0.0,0.0,0.0
Rnase2b,1.0,1.0,1.0,0.0,0.0,0.0,0.0,0.0
Trav6-2,1.0,1.0,1.0,0.0,0.0,0.0,0.0,0.0
Adm2,1.0,1.0,1.0,0.0,0.0,0.0,0.0,0.0
Gm49959,1.0,1.0,1.0,0.0,0.0,0.0,0.0,0.0
Gm50315,1.0,1.0,1.0,0.0,0.0,0.0,0.0,0.0
Gm15872,1.0,1.0,1.0,0.0,0.0,0.0,0.0,0.0
Gm43189,1.0,1.0,1.0,0.0,0.0,0.0,0.0,0.0
Gm12498,1.0,1.0,1.0,0.0,0.0,0.0,0.0,0.0
Cfap57,1.0,1.0,1.0,0.0,0.0,0.0,0.0,0.0
Zfp980,1.0,1.0,1.0,0.0,0.0,0.0,0.0,0.0
Gm31363,1.0,1.0,1.0,0.0,0.0,0.0,0.0,0.0
Ugt2b36,1.0,1.0,1.0,0.0,0.0,0.0,0.0,0.0
Reg3a,1.0,1.0,1.0,0.0,0.0,0.0,0.0,0.0
Slc10a2,1.0,1.0,1.0,0.0,0.0,0.0,0.0,0.0
4930534H03Rik,1.0,1.0,1.0,0.0,0.0,0.0,0.0,0.0
Gm21885,1.0,1.0,1.0,0.0,0.0,0.0,0.0,0.0
Gm11574,1.0,1.0,1.0,0.0,0.0,0.0,0.0,0.0
Krt12,1.0,1.0,1.0,0.0,0.0,0.0,0.0,0.0
Gm47695,1.0,1.0,1.0,0.0,0.0,0.0,0.0,0.0
Slc9a3,1.0,1.0,1.0,0.0,0.0,0.0,0.0,0.0
4930452G13Rik,1.0,1.0,1.0,0.0,0.0,0.0,0.0,0.0
Krt86,1.0,1.0,1.0,0.0,0.0,0.0,0.0,0.0
1700041M19Rik,1.0,1.0,1.0,0.0,0.0,0.0,0.0,0.0
Gm14102,1.0,1.0,1.0,0.0,0.0,0.0,0.0,0.0
Gm37468,1.0,1.0,1.0,0.0,0.0,0.0,0.0,0.0
Orm3,1.0,1.0,1.0,0.0,0.0,0.0,0.0,0.0
9130410C08Rik,1.0,1.0,1.0,0.0,0.0,0.0,0.0,0.0
Dgki,1.0,1.0,1.0,0.0,0.0,0.0,0.0,0.0
Cidec,1.0,1.0,1.0,0.0,0.0,0.0,0.0,0.0
4933406J09Rik,1.0,1.0,1.0,0.0,0.0,0.0,0.0,0.0
Gm47231,1.0,1.0,1.0,0.0,0.0,0.0,0.0,0.0
Gm48061,1.0,1.0,1.0,0.0,0.0,0.0,0.0,0.0
Gm11672,1.0,1.0,1.0,0.0,0.0,0.0,0.0,0.0
Ighv2-1,1.0,1.0,1.0,0.0,0.0,0.0,0.0,0.0
Gm40910,1.0,1.0,1.0,0.0,0.0,0.0,0.0,0.0
Gm10732,1.0,1.0,1.0,0.0,0.0,0.0,0.0,0.0
ccdc198,1.0,1.0,1.0,0.0,0.0,0.0,0.0,0.0
Trav6-4,1.0,1.0,1.0,0.0,0.0,0.0,0.0,0.0
Gm49584,1.0,1.0,1.0,0.0,0.0,0.0,0.0,0.0
Hs3st6,1.0,1.0,1.0,0.0,0.0,0.0,0.0,0.0
Plin5,1.0,1.0,1.0,0.0,0.0,0.0,0.0,0.0
Golga7b,1.0,1.0,1.0,0.0,0.0,0.0,0.0,0.0
Il1rapl2,1.0,1.0,1.0,0.0,0.0,0.0,0.0,0.0
Gm38025,1.0,1.0,1.0,0.0,0.0,0.0,0.0,0.0
Ugt8a,1.0,1.0,1.0,0.0,0.0,0.0,0.0,0.0
Itprid1,1.0,1.0,1.0,0.0,0.0,0.0,0.0,0.0
B230206H07Rik,1.0,1.0,1.0,0.0,0.0,0.0,0.0,0.0
Gm33148,1.0,1.0,1.0,0.0,0.0,0.0,0.0,0.0
Gm15418,1.0,1.0,1.0,0.0,0.0,0.0,0.0,0.0
Hspb9,1.0,1.0,1.0,0.0,0.0,0.0,0.0,0.0
Prps1l1,1.0,1.0,1.0,0.0,0.0,0.0,0.0,0.0
Gm10845,1.0,1.0,1.0,0.0,0.0,0.0,0.0,0.0
Gm50211,1.0,1.0,1.0,0.0,0.0,0.0,0.0,0.0
H2al1k,1.0,1.0,1.0,0.0,0.0,0.0,0.0,0.0
Trav7-1,1.0,1.0,1.0,0.0,0.0,0.0,0.0,0.0
4930533I22Rik,1.0,1.0,1.0,0.0,0.0,0.0,0.0,0.0
Gm14230,1.0,1.0,1.0,0.0,0.0,0.0,0.0,0.0
Slc38a8,1.0,1.0,1.0,0.0,0.0,0.0,0.0,0.0
Gm14820,1.0,1.0,1.0,0.0,0.0,0.0,0.0,0.0
4930444A19Rik,1.0,1.0,1.0,0.0,0.0,0.0,0.0,0.0
Gm37362,1.0,1.0,1.0,0.0,0.0,0.0,0.0,0.0
Gm20750,1.0,1.0,1.0,0.0,0.0,0.0,0.0,0.0
Trbv23,1.0,1.0,1.0,0.0,0.0,0.0,0.0,0.0
Gm32184,1.0,1.0,1.0,0.0,0.0,0.0,0.0,0.0
A630019I02Rik,1.0,1.0,1.0,0.0,0.0,0.0,0.0,0.0
Trav9d-1,1.0,1.0,1.0,0.0,0.0,0.0,0.0,0.0
Trdv2-2,1.0,1.0,1.0,0.0,0.0,0.0,0.0,0.0
Cc2d2b,1.0,1.0,1.0,0.0,0.0,0.0,0.0,0.0
Gm10390,1.0,1.0,1.0,0.0,0.0,0.0,0.0,0.0
Klk13,1.0,1.0,1.0,0.0,0.0,0.0,0.0,0.0
Klk1b26,1.0,1.0,1.0,0.0,0.0,0.0,0.0,0.0
Traj49,1.0,1.0,1.0,0.0,0.0,0.0,0.0,0.0
Tal2,1.0,1.0,1.0,0.0,0.0,0.0,0.0,0.0
Oprd1,1.0,1.0,1.0,0.0,0.0,0.0,0.0,0.0
B430212C06Rik,1.0,1.0,1.0,0.0,0.0,0.0,0.0,0.0
Gm50152,1.0,1.0,1.0,0.0,0.0,0.0,0.0,0.0
Olfr635,1.0,1.0,1.0,0.0,0.0,0.0,0.0,0.0
Gm46409,1.0,1.0,1.0,0.0,0.0,0.0,0.0,0.0
Fam135b,1.0,1.0,1.0,0.0,0.0,0.0,0.0,0.0
Gm17167,1.0,1.0,1.0,0.0,0.0,0.0,0.0,0.0
Gm20005,1.0,1.0,1.0,0.0,0.0,0.0,0.0,0.0
Sox1ot,1.0,1.0,1.0,0.0,0.0,0.0,0.0,0.0
Triml2,1.0,1.0,1.0,0.0,0.0,0.0,0.0,0.0
Atxn7l1os2,1.0,1.0,1.0,0.0,0.0,0.0,0.0,0.0
Trav13n-4,1.0,1.0,1.0,0.0,0.0,0.0,0.0,0.0
1700027F09Rik,1.0,1.0,1.0,0.0,0.0,0.0,0.0,0.0
Vmn1r53,1.0,1.0,1.0,0.0,0.0,0.0,0.0,0.0
2310002F09Rik,1.0,1.0,1.0,0.0,0.0,0.0,0.0,0.0
Gm34069,1.0,1.0,1.0,0.0,0.0,0.0,0.0,0.0
Gm34113,1.0,1.0,1.0,0.0,0.0,0.0,0.0,0.0
Ighv12-1,1.0,1.0,1.0,0.0,0.0,0.0,0.0,0.0
Ighv12-2,1.0,1.0,1.0,0.0,0.0,0.0,0.0,0.0
Mrap,1.0,1.0,1.0,0.0,0.0,0.0,0.0,0.0
Gm13293,1.0,1.0,1.0,0.0,0.0,0.0,0.0,0.0
Chrm4,1.0,1.0,1.0,0.0,0.0,0.0,0.0,0.0
Gm29707,1.0,1.0,1.0,0.0,0.0,0.0,0.0,0.0
Trbv26,1.0,1.0,1.0,0.0,0.0,0.0,0.0,0.0
Igkv6-29,1.0,1.0,1.0,0.0,0.0,0.0,0.0,0.0
Nat8f5,1.0,1.0,1.0,0.0,0.0,0.0,0.0,0.0
Tsks,1.0,1.0,1.0,0.0,0.0,0.0,0.0,0.0
Abcc6,1.0,1.0,1.0,0.0,0.0,0.0,0.0,0.0
Gm20457,1.0,1.0,1.0,0.0,0.0,0.0,0.0,0.0
Gm44674,1.0,1.0,1.0,0.0,0.0,0.0,0.0,0.0
Gm12843,1.0,1.0,1.0,0.0,0.0,0.0,0.0,0.0
Cacng6,1.0,1.0,1.0,0.0,0.0,0.0,0.0,0.0
Gm10639,1.0,1.0,1.0,0.0,0.0,0.0,0.0,0.0
Calcoco2,1.0,1.0,1.0,0.0,0.0,0.0,0.0,0.0
3110006O06Rik,1.0,1.0,1.0,0.0,0.0,0.0,0.0,0.0
Gm21411,1.0,1.0,1.0,0.0,0.0,0.0,0.0,0.0
Gm35611,1.0,1.0,1.0,0.0,0.0,0.0,0.0,0.0
Klk1b16,1.0,1.0,1.0,0.0,0.0,0.0,0.0,0.0
Igfn1,1.0,1.0,1.0,0.0,0.0,0.0,0.0,0.0
BC001981,1.0,1.0,1.0,0.0,0.0,0.0,0.0,0.0
Gm2897,1.0,1.0,1.0,0.0,0.0,0.0,0.0,0.0
Tmem262,1.0,1.0,1.0,0.0,0.0,0.0,0.0,0.0
Gm17130,1.0,1.0,1.0,0.0,0.0,0.0,0.0,0.0
Gm33332,1.0,1.0,1.0,0.0,0.0,0.0,0.0,0.0
Trav12-1,1.0,1.0,1.0,0.0,0.0,0.0,0.0,0.0
Gm16534,1.0,1.0,1.0,0.0,0.0,0.0,0.0,0.0
Gm14199,1.0,1.0,1.0,0.0,0.0,0.0,0.0,0.0
Gm10636,1.0,1.0,1.0,0.0,0.0,0.0,0.0,0.0
Gm45145,1.0,1.0,1.0,0.0,0.0,0.0,0.0,0.0
Gm28967,1.0,1.0,1.0,0.0,0.0,0.0,0.0,0.0
Gm48832,1.0,1.0,1.0,0.0,0.0,0.0,0.0,0.0
Gm29123,1.0,1.0,1.0,0.0,0.0,0.0,0.0,0.0
Gm40614,1.0,1.0,1.0,0.0,0.0,0.0,0.0,0.0
Trim58,1.0,1.0,1.0,0.0,0.0,0.0,0.0,0.0
Aanat,1.0,1.0,1.0,0.0,0.0,0.0,0.0,0.0
Apol11b,1.0,1.0,1.0,0.0,0.0,0.0,0.0,0.0
Gm13073,1.0,1.0,1.0,0.0,0.0,0.0,0.0,0.0
Rnf223,1.0,1.0,1.0,0.0,0.0,0.0,0.0,0.0
Gm17733,1.0,1.0,1.0,0.0,0.0,0.0,0.0,0.0
Gm11529,1.0,1.0,1.0,0.0,0.0,0.0,0.0,0.0
Trdv5,1.0,1.0,1.0,0.0,0.0,0.0,0.0,0.0
Gm48860,1.0,1.0,1.0,0.0,0.0,0.0,0.0,0.0
Proc,1.0,1.0,1.0,0.0,0.0,0.0,0.0,0.0
Platr15,1.0,1.0,1.0,0.0,0.0,0.0,0.0,0.0
9130019P16Rik,1.0,1.0,1.0,0.0,0.0,0.0,0.0,0.0
1700011L03Rik,1.0,1.0,1.0,0.0,0.0,0.0,0.0,0.0
Myh7,1.0,1.0,1.0,0.0,0.0,0.0,0.0,0.0
4930444P10Rik,1.0,1.0,1.0,0.0,0.0,0.0,0.0,0.0
Gm16217,1.0,1.0,1.0,0.0,0.0,0.0,0.0,0.0
F630206G17Rik,1.0,1.0,1.0,0.0,0.0,0.0,0.0,0.0
Abhd16b,1.0,1.0,1.0,0.0,0.0,0.0,0.0,0.0
4930583K01Rik,1.0,1.0,1.0,0.0,0.0,0.0,0.0,0.0
Gm20735,1.0,1.0,1.0,0.0,0.0,0.0,0.0,0.0
Trav15-2-dv6-2,1.0,1.0,1.0,0.0,0.0,0.0,0.0,0.0
Slc22a2,1.0,1.0,1.0,0.0,0.0,0.0,0.0,0.0
Gm7030,1.0,1.0,1.0,0.0,0.0,0.0,0.0,0.0
Mylk2,1.0,1.0,1.0,0.0,0.0,0.0,0.0,0.0
Wdr49,1.0,1.0,1.0,0.0,0.0,0.0,0.0,0.0
Gm11209,1.0,1.0,1.0,0.0,0.0,0.0,0.0,0.0
Gm19656,1.0,1.0,1.0,0.0,0.0,0.0,0.0,0.0
Gm12088,1.0,1.0,1.0,0.0,0.0,0.0,0.0,0.0
4921517D16Rik,1.0,1.0,1.0,0.0,0.0,0.0,0.0,0.0
AC154200.1,1.0,1.0,1.0,0.0,0.0,0.0,0.0,0.0
Gm36602,1.0,1.0,1.0,0.0,0.0,0.0,0.0,0.0
Arhgap15os,1.0,1.0,1.0,0.0,0.0,0.0,0.0,0.0
Gm42982,1.0,1.0,1.0,0.0,0.0,0.0,0.0,0.0
Gm3830,1.0,1.0,1.0,0.0,0.0,0.0,0.0,0.0
3200001D21Rik,1.0,1.0,1.0,0.0,0.0,0.0,0.0,0.0
Gm30091,1.0,1.0,1.0,0.0,0.0,0.0,0.0,0.0
1810012K08Rik,1.0,1.0,1.0,0.0,0.0,0.0,0.0,0.0
Gm48362,1.0,1.0,1.0,0.0,0.0,0.0,0.0,0.0
4921523L03Rik,1.0,1.0,1.0,0.0,0.0,0.0,0.0,0.0
Gm16549,1.0,1.0,1.0,0.0,0.0,0.0,0.0,0.0
Gm19719,1.0,1.0,1.0,0.0,0.0,0.0,0.0,0.0
Gm47565,1.0,1.0,1.0,0.0,0.0,0.0,0.0,0.0
Gm34397,1.0,1.0,1.0,0.0,0.0,0.0,0.0,0.0
Gm36172,1.0,1.0,1.0,0.0,0.0,0.0,0.0,0.0
Gm35279,1.0,1.0,1.0,0.0,0.0,0.0,0.0,0.0
Gm13285,1.0,1.0,1.0,0.0,0.0,0.0,0.0,0.0
Gm13833,1.0,1.0,1.0,0.0,0.0,0.0,0.0,0.0
Ccn6,1.0,1.0,1.0,0.0,0.0,0.0,0.0,0.0
Tprg,1.0,1.0,1.0,0.0,0.0,0.0,0.0,0.0
C030013G03Rik,1.0,1.0,1.0,0.0,0.0,0.0,0.0,0.0
Mybphl,1.0,1.0,1.0,0.0,0.0,0.0,0.0,0.0
Saxo1,1.0,1.0,1.0,0.0,0.0,0.0,0.0,0.0
Rsph10b,1.0,1.0,1.0,0.0,0.0,0.0,0.0,0.0
Mst1,1.0,1.0,1.0,0.0,0.0,0.0,0.0,0.0
Gm46367,1.0,1.0,1.0,0.0,0.0,0.0,0.0,0.0
A630072L19Rik,1.0,1.0,1.0,0.0,0.0,0.0,0.0,0.0
Trav9-2,1.0,1.0,1.0,0.0,0.0,0.0,0.0,0.0
Lrp8os2,1.0,1.0,1.0,0.0,0.0,0.0,0.0,0.0
Zfp988,1.0,1.0,1.0,0.0,0.0,0.0,0.0,0.0
Kcnj14,1.0,1.0,1.0,0.0,0.0,0.0,0.0,0.0
Gm15511,1.0,1.0,1.0,0.0,0.0,0.0,0.0,0.0
Igf1os,1.0,1.0,1.0,0.0,0.0,0.0,0.0,0.0
Gm28370,1.0,1.0,1.0,0.0,0.0,0.0,0.0,0.0
Heatr4,1.0,1.0,1.0,0.0,0.0,0.0,0.0,0.0
Olfr173,1.0,1.0,1.0,0.0,0.0,0.0,0.0,0.0
Tdrd5,1.0,1.0,1.0,0.0,0.0,0.0,0.0,0.0
Gm32486,1.0,1.0,1.0,0.0,0.0,0.0,0.0,0.0
Ppp1r32,1.0,1.0,1.0,0.0,0.0,0.0,0.0,0.0
Olfr323,1.0,1.0,1.0,0.0,0.0,0.0,0.0,0.0
Gm50278,1.0,1.0,1.0,0.0,0.0,0.0,0.0,0.0
Gm11335,1.0,1.0,1.0,0.0,0.0,0.0,0.0,0.0
Gm16578,1.0,1.0,1.0,0.0,0.0,0.0,0.0,0.0
Tex33,1.0,1.0,1.0,0.0,0.0,0.0,0.0,0.0
Gm15556,1.0,1.0,1.0,0.0,0.0,0.0,0.0,0.0
Gm43400,1.0,1.0,1.0,0.0,0.0,0.0,0.0,0.0
Chaer1,1.0,1.0,1.0,0.0,0.0,0.0,0.0,0.0
Pclo,1.0,1.0,1.0,0.0,0.0,0.0,0.0,0.0
Ighv1-29,1.0,1.0,1.0,0.0,0.0,0.0,0.0,0.0
Gm49763,1.0,1.0,1.0,0.0,0.0,0.0,0.0,0.0
Gm17140,1.0,1.0,1.0,0.0,0.0,0.0,0.0,0.0
1700020N18Rik,1.0,1.0,1.0,0.0,0.0,0.0,0.0,0.0
Gm28901,1.0,1.0,1.0,0.0,0.0,0.0,0.0,0.0
1810006J02Rik,1.0,1.0,1.0,0.0,0.0,0.0,0.0,0.0
Gm15831,1.0,1.0,1.0,0.0,0.0,0.0,0.0,0.0
Muc6,1.0,1.0,1.0,0.0,0.0,0.0,0.0,0.0
Gm48081,1.0,1.0,1.0,0.0,0.0,0.0,0.0,0.0
Gm12592,1.0,1.0,1.0,0.0,0.0,0.0,0.0,0.0
Sgca,1.0,1.0,1.0,0.0,0.0,0.0,0.0,0.0
Ighv1-17-1,1.0,1.0,1.0,0.0,0.0,0.0,0.0,0.0
Gm49894,1.0,1.0,1.0,0.0,0.0,0.0,0.0,0.0
Gm35037,1.0,1.0,1.0,0.0,0.0,0.0,0.0,0.0
Vmn1r88,1.0,1.0,1.0,0.0,0.0,0.0,0.0,0.0
AC171003.1,1.0,1.0,1.0,0.0,0.0,0.0,0.0,0.0
Rab3c,1.0,1.0,1.0,0.0,0.0,0.0,0.0,0.0
Gm34678,1.0,1.0,1.0,0.0,0.0,0.0,0.0,0.0
A330032B11Rik,1.0,1.0,1.0,0.0,0.0,0.0,0.0,0.0
Gm14798,1.0,1.0,1.0,0.0,0.0,0.0,0.0,0.0
Lrrc34,1.0,1.0,1.0,0.0,0.0,0.0,0.0,0.0
Gm27008,1.0,1.0,1.0,0.0,0.0,0.0,0.0,0.0
2210010C04Rik,1.0,1.0,1.0,0.0,0.0,0.0,0.0,0.0
Gm44257,1.0,1.0,1.0,0.0,0.0,0.0,0.0,0.0
Gm33460,1.0,1.0,1.0,0.0,0.0,0.0,0.0,0.0
Gm11368,1.0,1.0,1.0,0.0,0.0,0.0,0.0,0.0
Gm17139,1.0,1.0,1.0,0.0,0.0,0.0,0.0,0.0
Olfr338,1.0,1.0,1.0,0.0,0.0,0.0,0.0,0.0
Pde6b,1.0,1.0,1.0,0.0,0.0,0.0,0.0,0.0
Vmn1r12,1.0,1.0,1.0,0.0,0.0,0.0,0.0,0.0
Gm21284,1.0,1.0,1.0,0.0,0.0,0.0,0.0,0.0
Trav4d-2,1.0,1.0,1.0,0.0,0.0,0.0,0.0,0.0
Gm47938,1.0,1.0,1.0,0.0,0.0,0.0,0.0,0.0
Gm39059,1.0,1.0,1.0,0.0,0.0,0.0,0.0,0.0
Gm6410,1.0,1.0,1.0,0.0,0.0,0.0,0.0,0.0
4732487G21Rik,1.0,1.0,1.0,0.0,0.0,0.0,0.0,0.0
Gm17160,1.0,1.0,1.0,0.0,0.0,0.0,0.0,0.0
Rpl10l,1.0,1.0,1.0,0.0,0.0,0.0,0.0,0.0
Chrna2,1.0,1.0,1.0,0.0,0.0,0.0,0.0,0.0
Gm34093,1.0,1.0,1.0,0.0,0.0,0.0,0.0,0.0
Gm50063,1.0,1.0,1.0,0.0,0.0,0.0,0.0,0.0
Gm2694,1.0,1.0,1.0,0.0,0.0,0.0,0.0,0.0
Tgm4,1.0,1.0,1.0,0.0,0.0,0.0,0.0,0.0
Gm14040,1.0,1.0,1.0,0.0,0.0,0.0,0.0,0.0
Gm32950,1.0,1.0,1.0,0.0,0.0,0.0,0.0,0.0
Gm21962,1.0,1.0,1.0,0.0,0.0,0.0,0.0,0.0
Dnah11,1.0,1.0,1.0,0.0,0.0,0.0,0.0,0.0
Gm26952,1.0,1.0,1.0,0.0,0.0,0.0,0.0,0.0
Sp9,1.0,1.0,1.0,0.0,0.0,0.0,0.0,0.0
Btbd18,1.0,1.0,1.0,0.0,0.0,0.0,0.0,0.0
Gm48284,1.0,1.0,1.0,0.0,0.0,0.0,0.0,0.0
Apom,1.0,1.0,1.0,0.0,0.0,0.0,0.0,0.0
Lactbl1,1.0,1.0,1.0,0.0,0.0,0.0,0.0,0.0
Tomt,1.0,1.0,1.0,0.0,0.0,0.0,0.0,0.0
Olfr374,1.0,1.0,1.0,0.0,0.0,0.0,0.0,0.0
Ccdc150,1.0,1.0,1.0,0.0,0.0,0.0,0.0,0.0
Gm30906,1.0,1.0,1.0,0.0,0.0,0.0,0.0,0.0
B230359F08Rik,1.0,1.0,1.0,0.0,0.0,0.0,0.0,0.0
Gm48683,1.0,1.0,1.0,0.0,0.0,0.0,0.0,0.0
Kis2,1.0,1.0,1.0,0.0,0.0,0.0,0.0,0.0
Epha8,1.0,1.0,1.0,0.0,0.0,0.0,0.0,0.0
Gm47486,1.0,1.0,1.0,0.0,0.0,0.0,0.0,0.0
Gm46516,1.0,1.0,1.0,0.0,0.0,0.0,0.0,0.0
Platr10,1.0,1.0,1.0,0.0,0.0,0.0,0.0,0.0
Rxfp1,1.0,1.0,1.0,0.0,0.0,0.0,0.0,0.0
Lmntd1,1.0,1.0,1.0,0.0,0.0,0.0,0.0,0.0
Gm26646,1.0,1.0,1.0,0.0,0.0,0.0,0.0,0.0
AU023762,1.0,1.0,1.0,0.0,0.0,0.0,0.0,0.0
Gm49431,1.0,1.0,1.0,0.0,0.0,0.0,0.0,0.0
1700119H24Rik,1.0,1.0,1.0,0.0,0.0,0.0,0.0,0.0
8030474K03Rik,1.0,1.0,1.0,0.0,0.0,0.0,0.0,0.0
Arl13a,1.0,1.0,1.0,0.0,0.0,0.0,0.0,0.0
Anxa10,1.0,1.0,1.0,0.0,0.0,0.0,0.0,0.0
Gm40617,1.0,1.0,1.0,0.0,0.0,0.0,0.0,0.0
Catsper3,1.0,1.0,1.0,0.0,0.0,0.0,0.0,0.0
Asb14,1.0,1.0,1.0,0.0,0.0,0.0,0.0,0.0
Etnppl,1.0,1.0,1.0,0.0,0.0,0.0,0.0,0.0
2310039L15Rik,1.0,1.0,1.0,0.0,0.0,0.0,0.0,0.0
Gm47076,1.0,1.0,1.0,0.0,0.0,0.0,0.0,0.0
Gm31219,1.0,1.0,1.0,0.0,0.0,0.0,0.0,0.0
Wbp2nl,1.0,1.0,1.0,0.0,0.0,0.0,0.0,0.0
2300002M23Rik,1.0,1.0,1.0,0.0,0.0,0.0,0.0,0.0
Gm16172,1.0,1.0,1.0,0.0,0.0,0.0,0.0,0.0
1700011D18Rik,1.0,1.0,1.0,0.0,0.0,0.0,0.0,0.0
Gm47770,1.0,1.0,1.0,0.0,0.0,0.0,0.0,0.0
Olfr775,1.0,1.0,1.0,0.0,0.0,0.0,0.0,0.0
Gm49698,1.0,1.0,1.0,0.0,0.0,0.0,0.0,0.0
Trav13d-4,1.0,1.0,1.0,0.0,0.0,0.0,0.0,0.0
Gm13807,1.0,1.0,1.0,0.0,0.0,0.0,0.0,0.0
Skint8,1.0,1.0,1.0,0.0,0.0,0.0,0.0,0.0
Gm45615,1.0,1.0,1.0,0.0,0.0,0.0,0.0,0.0
2010103J01Rik,1.0,1.0,1.0,0.0,0.0,0.0,0.0,0.0
Igkv3-12-1,1.0,1.0,1.0,0.0,0.0,0.0,0.0,0.0
Gm17077,1.0,1.0,1.0,0.0,0.0,0.0,0.0,0.0
1700016D06Rik,1.0,1.0,1.0,0.0,0.0,0.0,0.0,0.0
Gm48084,1.0,1.0,1.0,0.0,0.0,0.0,0.0,0.0
1700093K21Rik,1.0,1.0,1.0,0.0,0.0,0.0,0.0,0.0
Asgr1,1.0,1.0,1.0,0.0,0.0,0.0,0.0,0.0
Gm11592,1.0,1.0,1.0,0.0,0.0,0.0,0.0,0.0
A330102I10Rik,1.0,1.0,1.0,0.0,0.0,0.0,0.0,0.0
Gm34756,1.0,1.0,1.0,0.0,0.0,0.0,0.0,0.0
Gm50136,1.0,1.0,1.0,0.0,0.0,0.0,0.0,0.0
Gm28730,1.0,1.0,1.0,0.0,0.0,0.0,0.0,0.0
Sox2,1.0,1.0,1.0,0.0,0.0,0.0,0.0,0.0
Gm20383,1.0,1.0,1.0,0.0,0.0,0.0,0.0,0.0
Kcna5,1.0,1.0,1.0,0.0,0.0,0.0,0.0,0.0
Gm44837,1.0,1.0,1.0,0.0,0.0,0.0,0.0,0.0
B230311B06Rik,1.0,1.0,1.0,0.0,0.0,0.0,0.0,0.0
4930488L21Rik,1.0,1.0,1.0,0.0,0.0,0.0,0.0,0.0
Hepacam,1.0,1.0,1.0,0.0,0.0,0.0,0.0,0.0
Sec14l4,1.0,1.0,1.0,0.0,0.0,0.0,0.0,0.0
Gm46332,1.0,1.0,1.0,0.0,0.0,0.0,0.0,0.0
Gm36236,1.0,1.0,1.0,0.0,0.0,0.0,0.0,0.0
Serpina3k,1.0,1.0,1.0,0.0,0.0,0.0,0.0,0.0
Cdh9,1.0,1.0,1.0,0.0,0.0,0.0,0.0,0.0
Gm49490,1.0,1.0,1.0,0.0,0.0,0.0,0.0,0.0
St6gal2,1.0,1.0,1.0,0.0,0.0,0.0,0.0,0.0
Ndp,1.0,1.0,1.0,0.0,0.0,0.0,0.0,0.0
Frmd7,1.0,1.0,1.0,0.0,0.0,0.0,0.0,0.0
Vmn2r1,1.0,1.0,1.0,0.0,0.0,0.0,0.0,0.0
1700003E16Rik,1.0,1.0,1.0,0.0,0.0,0.0,0.0,0.0
Lmod3,1.0,1.0,1.0,0.0,0.0,0.0,0.0,0.0
Gm6871,1.0,1.0,1.0,0.0,0.0,0.0,0.0,0.0
Gm16156,1.0,1.0,1.0,0.0,0.0,0.0,0.0,0.0
Crabp1,1.0,1.0,1.0,0.0,0.0,0.0,0.0,0.0
4930579H20Rik,1.0,1.0,1.0,0.0,0.0,0.0,0.0,0.0
Shbg,1.0,1.0,1.0,0.0,0.0,0.0,0.0,0.0
1700061E18Rik,1.0,1.0,1.0,0.0,0.0,0.0,0.0,0.0
Wnt1,1.0,1.0,1.0,0.0,0.0,0.0,0.0,0.0
1500015L24Rik,1.0,1.0,1.0,0.0,0.0,0.0,0.0,0.0
Gm36569,1.0,1.0,1.0,0.0,0.0,0.0,0.0,0.0
Gm30978,1.0,1.0,1.0,0.0,0.0,0.0,0.0,0.0
Ddi1,1.0,1.0,1.0,0.0,0.0,0.0,0.0,0.0
Gm16268,1.0,1.0,1.0,0.0,0.0,0.0,0.0,0.0
Atp6ap1l,1.0,1.0,1.0,0.0,0.0,0.0,0.0,0.0
Slmapos2,1.0,1.0,1.0,0.0,0.0,0.0,0.0,0.0
Opn4,1.0,1.0,1.0,0.0,0.0,0.0,0.0,0.0
Olfr287,1.0,1.0,1.0,0.0,0.0,0.0,0.0,0.0
Gm4524,1.0,1.0,1.0,0.0,0.0,0.0,0.0,0.0
Gabrq,1.0,1.0,1.0,0.0,0.0,0.0,0.0,0.0
Gm13381,1.0,1.0,1.0,0.0,0.0,0.0,0.0,0.0
Iqub,1.0,1.0,1.0,0.0,0.0,0.0,0.0,0.0
Gm15494,1.0,1.0,1.0,0.0,0.0,0.0,0.0,0.0
Cdh16,1.0,1.0,1.0,0.0,0.0,0.0,0.0,0.0
Krtap17-1,1.0,1.0,1.0,0.0,0.0,0.0,0.0,0.0
Gm41639,1.0,1.0,1.0,0.0,0.0,0.0,0.0,0.0
Gm13187,1.0,1.0,1.0,0.0,0.0,0.0,0.0,0.0
Trim43b,1.0,1.0,1.0,0.0,0.0,0.0,0.0,0.0
Adgrb3,1.0,1.0,1.0,0.0,0.0,0.0,0.0,0.0
Clcnkb,1.0,1.0,1.0,0.0,0.0,0.0,0.0,0.0
Rergl,1.0,1.0,1.0,0.0,0.0,0.0,0.0,0.0
Nmbr,1.0,1.0,1.0,0.0,0.0,0.0,0.0,0.0
Gm11747,1.0,1.0,1.0,0.0,0.0,0.0,0.0,0.0
Gm19277,1.0,1.0,1.0,0.0,0.0,0.0,0.0,0.0
Pcdha9,1.0,1.0,1.0,0.0,0.0,0.0,0.0,0.0
Gm9747,1.0,1.0,1.0,0.0,0.0,0.0,0.0,0.0
Padi3,1.0,1.0,1.0,0.0,0.0,0.0,0.0,0.0
4930467D21Rik,1.0,1.0,1.0,0.0,0.0,0.0,0.0,0.0
Vmn1r201,1.0,1.0,1.0,0.0,0.0,0.0,0.0,0.0
Olfr286,1.0,1.0,1.0,0.0,0.0,0.0,0.0,0.0
Pou3f3,1.0,1.0,1.0,0.0,0.0,0.0,0.0,0.0
Gm26813,1.0,1.0,1.0,0.0,0.0,0.0,0.0,0.0
Gm12681,1.0,1.0,1.0,0.0,0.0,0.0,0.0,0.0
Gm34730,1.0,1.0,1.0,0.0,0.0,0.0,0.0,0.0
1700067K01Rik,1.0,1.0,1.0,0.0,0.0,0.0,0.0,0.0
1700066J03Rik,1.0,1.0,1.0,0.0,0.0,0.0,0.0,0.0
AV205837,1.0,1.0,1.0,0.0,0.0,0.0,0.0,0.0
Gm7598,1.0,1.0,1.0,0.0,0.0,0.0,0.0,0.0
