gene,pval_lower,pval_median,pval_upper,log2fc_lower,log2fc_median,log2fc_upper,median_Salmonella_infNonTLSwk3_median,median_IL10_KOnonTLS_median,FDR_BH
Rb1cc1,0.0027786850681888,0.009501095540355,0.088567502575371,-29.13010314064928,-27.21161600280458,0.0,0.15542205414445,0.0,0.03457282492641769
Rpl7,0.0015241724220052,0.038707628800508,0.1574747955862501,-0.1072061575485436,-0.0675973554582778,-0.0407932118556915,3.328600392920915,3.177875661256637,0.09531911196476889
Ptpn18,0.047128681432087,0.5208065412399778,1.0,-0.1596359681841342,-0.043525781316475,0.0835793988671069,1.57681526359297,1.5244468085608651,0.6279581262797819
Cox5b,0.0473446058585377,0.5713582599031516,1.0,-0.2212291715953937,-0.0683118262380363,0.280297373858101,1.36020498097977,1.2964694601133335,0.6525101790889528
Eif5b,0.0035729616071004,0.0674459761625369,0.5681936364839564,-30.1483000205136,-29.521114877525164,0.0,0.772213622353382,0.0,0.14233361647673992
Rpl31,0.004096213384139,0.0073033261887751,0.0690958164642375,-0.2036722728595464,-0.1438148945601061,-0.1006149358420316,2.481819300541315,2.2483356341717915,0.03457282492641769
Map4k4,0.0007335473709934,0.0027786850681888,0.009501095540355,-30.05282867106021,-29.38457327156228,-26.991435734820445,0.7008707956776838,0.0,0.021435570526027885
Il18r1,0.1763147943584485,0.4629209642261225,0.969182212422568,-0.0199798983798588,0.1644519877743324,0.8887178174078387,1.2878244285665923,1.4471776184517875,0.5935831897960201
Nabp1,0.0574109566690162,0.3522675423008745,0.9663386604820364,-30.127398091587366,-28.80248547713975,0.9973917362951188,0.6630547587711599,0.0,0.4919901234045174
Stat4,0.0824958323410335,0.6238787012780821,1.0,-0.1801603172489447,0.032362134585794,0.1899028065773252,1.52944597201449,1.558512179258375,0.6728278147877748
Stat1,0.0001720247930818,0.0027786850681888,0.0298677932975399,-30.22018563772207,-29.561655329469765,0.0,0.7924027670867262,0.0,0.021435570526027885
Gls,0.007538614981782,0.1318811298530948,0.7575324115669454,0.0280593201860315,0.3175133405438363,1.4934949683397765,0.9948606454162524,1.2350533501449288,0.2411638029318023
Stk17b,0.0001111375724378,0.015860919266492,0.2702706993728666,-0.2888656830642624,-0.1612530219292938,-0.067805162275,2.06796938698922,1.848643930731184,0.04934508216241955
Sf3b1,3.175359212510915e-05,0.0054933714376438,0.1349368897356513,-0.2860559959710878,-0.1806927501999505,-0.1051304162811151,1.6434132071831,1.4501894213777475,0.031946067745067024
Hspe1,0.0824958323410335,0.6238787012780821,1.0,-0.1860915173426114,0.0214587901043531,0.429637958685589,1.1749094320146376,1.1945592039111377,0.6728278147877748
Bzw1,0.1214136242215987,0.5355561233584674,1.0,-0.0707246865777406,0.1756872897968928,2.165032094067737,0.9802263262478768,1.1029693299948686,0.6402638825241573
Clk1,0.0001905215527506,0.0201317774073192,0.428008652853853,-0.3846324794721169,-0.220344817298052,-0.0419981097480391,1.515629757944295,1.2996400277715612,0.05945003124544353
Sumo1,0.0813963916853684,0.5624660991678666,1.0,-0.0608136087154201,0.1239261556276323,1.19613262264612,1.0764365968955425,1.1787017892994165,0.6525101790889528
Cd28,0.0824958323410335,0.6238787012780821,1.0,-0.1693575932592892,-0.0213999517983306,0.1859327443633355,1.56433841325555,1.5386164377876477,0.6728278147877748
Ctla4,0.0021592442645074,0.015860919266492,0.0978804477256489,0.1759676577862185,0.3117388671907909,0.5542819297640735,1.628902162770445,2.026330405748184,0.04934508216241955
Icos,0.0978804477256489,0.6784313725490196,1.0,-0.0796900720972533,0.0010307934362635,0.115839219337513,2.258028915145794,2.259632304977785,0.7064657267865824
Eef1b2,0.004096213384139,0.0473446058585377,0.5208065412399778,-0.1188441489204403,-0.0766486701600377,-0.0198511558615413,2.8184387600210425,2.6713828672936875,0.10979301235906289
Rpl37a,0.0978804477256489,0.3837421608319441,0.6784313725490196,-0.075348175392166,-0.0500439562928689,-0.0306926505808449,4.069576045064035,3.931164675920048,0.5125602006871903
Arpc2,0.0004763038818766,0.0690958164642375,0.910105580693816,0.0056221041132817,0.0831837306606915,0.1592965393332676,2.1643428876543,2.293071875939344,0.14233361647673992
Ncl,0.0690958164642375,0.4726680955783123,1.0,-0.0654049632379924,0.0428454950703876,0.1616271484094606,1.990294909050468,2.049222223668893,0.5935831897960201
Ptma,0.0824958323410335,0.6238787012780821,1.0,-0.041581804918304,-0.0033612281518336,0.0425099215625229,2.925041830714066,2.91625409837088,0.6728278147877748
Lrrfip1,0.0007335473709934,0.009501095540355,0.2615722360139493,-29.53926552733756,-27.33904736523248,0.0,0.1697748311675747,0.0,0.03457282492641769
Actr3,0.0573787409700722,0.5208065412399778,1.0,-0.2291288723473489,-0.0714445348902005,0.2188939632258533,1.284333004025425,1.2219904429763049,0.6279581262797819
Ubxn4,0.0035729616071004,0.0385392543410508,0.2542440808894587,-30.060218798265502,-29.605065861187303,-28.13973870278708,0.819312219412665,0.0,0.09531911196476889
Nucks1,0.0006787345155035,0.0027786850681888,0.037650276439806,-30.07725435119744,-29.600411875309987,-27.21161600280458,0.8139764835450576,0.0,0.021435570526027885
Snrpe,0.038707628800508,0.5208065412399778,1.0,-0.127710283995492,0.0406721846150573,0.1900941608515003,1.3724047859370798,1.4126578686590487,0.6279581262797819
Btg2,0.0824958323410335,0.5208065412399778,1.0,-0.2248932191610268,0.0905446610091165,0.2253898651854633,1.3415218382043363,1.438180124342194,0.6279581262797819
Ptprc,3.135667222354531e-05,0.0054933714376438,0.0824958323410335,-0.3619134015812897,-0.2859839672185056,-0.2085402998842297,2.753313503604468,2.2589642042363085,0.031946067745067024
Rgs2,0.0001808387981124,0.001641642300541,0.0200474885286189,2.784081110891661,30.26826636799848,30.346136888006978,0.0,1.2955885216126963,0.021435570526027885
Rgs1,1.5876796062554575e-05,0.0013600451325973,0.0061455131856455,0.5855409010621996,0.9081585264530564,2.036553741775673,1.2079901770443238,2.2587811395523447,0.01977296385083767
Tpr,0.0314201794077955,0.5208065412399778,1.0,-0.1437558143970453,-0.0390787515331246,0.0848551365423996,1.5557334593963374,1.512851005873335,0.6279581262797819
Arpc5,0.0004763038818766,0.015860919266492,0.2379772961816305,0.1144845823049782,0.2511082238475915,0.4456485514378501,1.1968576000374886,1.4236251010059986,0.04934508216241955
4930523C07Rik,0.1736347006013027,0.7227912249010906,1.0,-0.2549939050680584,0.2361104098421189,2.711968394610349,0.8940765114219523,1.057343498815119,0.7413567538332447
Gas5,0.0385848971333692,0.3837421608319441,0.9699293482575216,-0.0679240765749331,0.1198793921955434,0.3368865290722888,1.4849007949324649,1.6107440698392317,0.5125602006871903
Prdx6,0.0201317774073192,0.2379772961816305,0.5208065412399778,0.090875196952768,0.2076796607117035,0.3806648469177914,1.4280932216044375,1.6521046424471098,0.37559673468332494
Prrc2c,0.1349368897356513,0.6784313725490196,1.0,-0.0854403410160711,0.0126902104425644,0.1063938385427477,1.82901275008273,1.8456227938862864,0.7064657267865824
Pfdn2,0.0027786850681888,0.0480139728942661,0.4469684694114323,-29.354344810584543,-27.21161600280458,0.0,0.15542205414445,0.0,0.10999564699413689
Tagln2,0.0065360274816589,0.0554174053687391,0.3284001495503572,0.2526960490168353,1.3176015765168332,30.178579185032543,0.47998220896847,1.1808887021262562,0.12506136853363212
Hnrnpu,0.0573787409700722,0.4268635389378423,0.9699293482575216,-0.1850389570925699,-0.0846474384052421,0.0627799273029412,1.3480277370454825,1.2737617120160412,0.5573555016183226
H3f3a,0.0123997777248551,0.2082876875446535,0.910105580693816,-0.0113534039819379,0.0430514434893019,0.1095007746311535,2.43871125519228,2.510414942904444,0.33863546620163015
Srp9,0.1305711896387218,0.6238787012780821,1.0,-0.1766132515213191,0.0487910018784177,1.0438436396975788,1.099427464796275,1.1416497946579311,0.6728278147877748
Fam107b,0.0690958164642375,0.5208065412399778,1.0,-0.0763553263315688,0.0915487992986785,0.5234957546718713,1.2193815450259475,1.3002646692868338,0.6279581262797819
Celf2,0.004096213384139,0.3053901722632373,1.0,-0.0920172298853521,0.1891513411583068,0.4345416317692687,1.2700742492668962,1.448406284909675,0.4465666735609427
Atp5c1,0.0106046072675885,0.2067087714229171,0.9663185553224448,-30.132065084843425,-29.10340062805616,0.5492608240144214,0.7355460151409094,0.0,0.33863546620163015
Vim,0.0010637453361911,0.0095578312296578,0.0587576710527228,0.5551856999851242,1.123707689210384,3.274953778152674,0.8502795165856986,1.8789828156712387,0.03457282492641769
Edf1,0.131859258425962,0.6708558092938122,1.0,-0.0858630064844772,0.1739520668533885,1.152927195687366,1.017838876382784,1.1526802031660883,0.7064657267865824
Rpl7a,0.0095578312296578,0.3053901722632373,0.9699293482575216,-0.0877814424516294,-0.0317626005477987,0.0194801200595066,2.556765110326005,2.5000569613338337,0.4465666735609427
Set,0.0003168535922656,0.0076132271540257,0.1712868597661403,-1.7890439211583888,-0.3121320082254972,-0.1568348208298262,1.2252635101244,1.0009632189120778,0.03457282492641769
Rpl12,1.5876796062554575e-05,0.004096213384139,0.0573787409700722,-0.1476526708812046,-0.1161582471997992,-0.0797485702040229,4.0129652368060444,3.7011076370233615,0.026467840328282765
Hspa5,0.0824958323410335,0.5208065412399778,0.9699293482575216,-0.0533140545695614,0.0930919198887087,0.2234479593819724,1.813013955039916,1.9317088919295229,0.6279581262797819
Traf1,0.0001529566816353,0.00089067411736,0.0078624865039991,-30.60282540164844,-30.358104098270942,-0.7397717714715817,1.4655470233766477,0.0,0.013741829239268573
Rab14,0.0007335473709934,0.009501095540355,0.1513756600246135,-30.030857473103865,-28.07599166436632,0.0,0.2829538760151675,0.0,0.03457282492641769
Rpl35,0.1813447646264983,0.3837421608319441,0.8506311026434865,-0.1590536926692267,-0.088374042320653,-0.0076498194919403,2.649322341764914,2.493179111239409,0.5125602006871903
Arhgap15,0.0007335473709934,0.009501095540355,0.088567502575371,-29.808084949526183,-27.58945480490416,0.0,0.2019544644126012,0.0,0.03457282492641769
Cytip,1.5876796062554575e-05,0.0005953798523457,0.0095578312296578,0.195815157708821,0.3076082345875546,0.4259224540359425,1.88161390571512,2.3290680797609413,0.012055691575456749
March7,0.0015404776337769,0.0275691781462388,0.3096022139451539,-30.18824743188138,-29.755663161113304,-0.9836812535644388,0.9807760039428912,0.0,0.07743582771868468
Ppig,0.0040854564497672,0.082022527544501,0.6502687105748859,-30.166614923799354,-29.675508019549586,0.0,0.9413273855435677,0.0,0.16283772650083897
Ssb,0.0181755328890937,0.343145193299992,0.9699293482575216,-0.0647699983851391,0.1259741905353265,1.0961332560244057,1.1340680718122076,1.23157158950772,0.4821891563843754
Atp5g3,0.0676827211059201,0.262549586881392,0.910105580693816,0.0279046716220452,0.53899827305324,30.12302261620492,0.8113895791392726,1.1790082245320177,0.4075718432902102
Hnrnpa3,0.0001905215527506,0.038707628800508,0.4268635389378423,-0.3243386637540891,-0.1975364358879877,-0.0634024934667155,1.6451670788157025,1.4350300168427077,0.09531911196476889
Zc3h15,0.0017191380645145,0.0312774598307818,0.2978424776621277,-30.114221910014685,-29.85439071972044,-27.33904736523248,0.970659944887582,0.0,0.08247797094546319
Cd82,0.0907079882603187,0.571377961054083,1.0,-29.6782398074116,-27.954727403016523,0.7608076676944846,0.2601425944616925,0.0,0.6525101790889528
Cd44,0.0003005389112932,0.0047032888980492,0.0588875147222805,0.3210716954700016,2.0087717289743967,30.32586887236116,0.3251968853120247,1.310198315150025,0.029144970548567177
Eif3m,0.0036188793458098,0.060587266201943,0.395707125195179,-30.1928424352065,-29.762650985158476,-0.2564556074363334,1.1136244645038371,0.0,0.13162061278353135
Nop10,0.0267011236693802,0.2099336787959307,0.7544711696412055,-29.991151046627994,-0.3474433620570422,0.2447803100668611,1.1066220571104974,0.8760015571511277,0.34057910122258284
Srp14,0.1323180178891167,0.6238787012780821,1.0,-0.0910897914353715,0.0367546454160527,0.2457155680956514,1.1921021823834923,1.2181854284434688,0.6728278147877748
Rtf1,0.0027786850681888,0.009501095540355,0.0298677932975399,-29.745405159146728,-27.91865307685045,0.0,0.253718428610035,0.0,0.03457282492641769
Pdia3,0.0821176473869336,0.5355561233584674,1.0,-0.0671235696253902,0.2377428427834673,2.45988108007954,1.029032377829762,1.2046931499249875,0.6402638825241573
Serf2,0.0252441057394617,0.2379772961816305,0.9116011748829072,-0.1110174582378081,-0.0421068453076141,0.0075560382676267,2.3463446129517784,2.2762344958114484,0.37559673468332494
B2m,0.0690958164642375,0.5713582599031516,1.0,-0.0374539077068282,-0.0164907640241859,0.0188888694468577,3.50281716933373,3.4621268858457173,0.6525101790889528
Snrpb,0.0391489942439858,0.2162671016591169,0.6611810692780998,-29.995766786753407,-29.108447296403185,0.3691359721603373,0.7349867486502899,0.0,0.34935454883395806
Rrbp1,0.0027786850681888,0.0027786850681888,0.0298677932975399,-29.715599598215626,-28.605098407517147,0.0,0.4083124746013072,0.0,0.021435570526027885
Fkbp1a,0.0001217557504524,0.0024238779803224,0.0252559917062016,-30.14839222451161,-29.93484210858964,-28.65234808894558,1.0263261386397762,0.0,0.021435570526027885
Chmp4b,0.0003560555892122,0.0060568372158396,0.0815766989182437,-30.100278254728504,-29.9106816938364,-28.91074071323608,1.0092816566527,0.0,0.03383880383637773
Eif2s2,0.2630754278822835,0.6712057066317096,1.0,-0.1172231434586998,0.0691177953097013,0.3078352906407715,1.30480572135757,1.36696835921869,0.7064657267865824
Rbm39,0.2702706993728666,0.7344923394458999,1.0,-0.0448053483366156,0.0066537802401586,0.0850152261269885,2.319175916984641,2.3294219921425103,0.7413567538332447
Scand1,0.0007335473709934,0.0024238779803224,0.0102224535836243,-30.247494438232533,-29.997706528281324,-28.29630911716871,1.0720362863730446,0.0,0.021435570526027885
Top1,0.0690958164642375,0.3837421608319441,0.9699293482575216,-0.0503274211171169,0.1042461257568682,0.2810438800689644,1.29321620399119,1.390556175683724,0.5125602006871903
Stk4,0.0690958164642375,0.6158964889935725,1.0,-0.1912294217123104,0.0429179989309607,0.204233932117275,1.3231254225846625,1.368053925213415,0.6728278147877748
Ptpn1,0.0007335473709934,0.0027786850681888,0.0133949167537699,-30.051424278446863,-29.19116499128057,-26.991435734820445,0.6129376092365095,0.0,0.021435570526027885
Gnas,0.0690958164642375,0.6511550369135508,1.0,-0.0894679906067633,0.0157959081722086,0.1859293653916132,1.6507091847603976,1.6699146406932937,0.6982598693711268
Atp5e,0.0978804477256489,0.6238787012780821,1.0,-0.048256212177121,0.0151575132170047,0.0904323930568671,2.069417461672028,2.09095062516535,0.6728278147877748
Psma7,0.2028344872923211,0.7238736488706577,1.0,-0.1628823753914736,0.1732604237577328,1.0876099495217892,0.953400880576193,1.0817228117282776,0.7413567538332447
Rps21,0.0095578312296578,0.1568627450980392,0.6238787012780821,-0.0703010497792223,-0.0395292163509012,-0.0058227731054546,3.836248228487488,3.7298432408572735,0.27136895948310674
Rpl22l1,1.5876796062554575e-05,0.004096213384139,0.2379772961816305,-0.1896955509327086,-0.130434535576095,-0.0585888561519925,2.6127356434176323,2.387262890377701,0.026467840328282765
Sec62,0.0013600451325973,0.0335975653949324,0.2632684556945702,0.0663164484889065,0.2344431046517497,1.239202739350975,1.10814957090805,1.306283690831015,0.08668859876644675
Ttc14,0.0007335473709934,0.009501095540355,0.088567502575371,-29.976760463216007,-28.21784860737207,0.0,0.3121898956289875,0.0,0.03457282492641769
Serp1,0.0007335473709934,0.009501095540355,0.088567502575371,-29.794415588270763,-28.11172996011758,0.0,0.2900507190911175,0.0,0.03457282492641769
Mbnl1,0.1813447646264983,0.6784313725490196,1.0,-0.0709416397759675,0.0152358932937648,0.1079463023948463,2.0834365553970158,2.1083075635320085,0.7064657267865824
Ccnl1,0.0995964768261884,0.5830482147869495,1.0,-29.80868306900553,-1.0423218463873818,27.63614927891493,0.1952726017235207,0.0,0.6638320035827316
Pdcd10,0.1892776833726568,0.6646080249871684,1.0,-28.99181693695722,1.7559069643450886,29.80341949497624,0.0,0.4360029697991917,0.7056793074301957
Rps3a1,1.5876796062554575e-05,0.0001905215527506,0.004096213384139,0.0805434125214581,0.1163139034895139,0.1409988536012489,3.432655120096745,3.720505185207821,0.0102862137538188
Sh2d2a,0.0079084084763313,0.1165400811894109,0.7607078002704829,-30.14097177396138,-28.807285600046853,0.0,0.4697394753085097,0.0,0.21700566842166163
Krtcap2,0.0958748348780117,0.5890143815020004,1.0,-0.176278007499618,0.0421711191842952,0.7650337491143755,1.1435918927283275,1.174718990346125,0.6686109195428113
Tpm3,0.0003016591251885,0.0252441057394617,0.4268635389378423,0.0416526504106772,0.221194901248699,0.4373454997009192,1.43357021435844,1.668746512628764,0.07201714693974734
Rps27,0.0072580773199968,0.11016361708747,0.4726680955783123,-0.0921596932490934,-0.0598229948380985,-0.0222982855056937,4.20497733505178,4.039793316413198,0.21245840438297786
S100a13,0.0002040915427345,0.001641642300541,0.0233963394939514,0.6601902865705932,30.1634872335683,30.25894402777999,0.0,1.2421162773055112,0.021435570526027885
S100a4,0.0005414641473833,0.0027631497736189,0.011838928302451,2.657871566986318,31.093288089728944,31.161208451052527,0.0,2.29662521627965,0.021435570526027885
S100a6,0.0004331260422813,0.0025682227805947,0.0134770872451182,30.39858567974175,30.531057497489115,30.627894233841456,0.0,1.5529256288083126,0.021435570526027885
S100a11,0.0007144558228149,0.015860919266492,0.1349368897356513,0.0957532973630204,0.2277849777943379,0.3300895051156502,1.825691545496668,2.13899018996458,0.04934508216241955
S100a10,0.0001111375724378,0.0029848376597602,0.0690958164642375,0.3183646676864695,0.4323893041933824,0.5987921191892897,1.82295608269972,2.455068234892272,0.02149083115027344
Psmd4,0.0001720247930818,0.0027786850681888,0.0298677932975399,-29.98683361349867,-29.3995826376511,0.0,0.7082005069813511,0.0,0.021435570526027885
Ctss,0.0007335473709934,0.0027786850681888,0.0298677932975399,-29.8915341177921,-28.52029320195381,0.0,0.3850026668379462,0.0,0.021435570526027885
Mcl1,6.35071842502183e-05,0.0054933714376438,0.0573787409700722,-0.5069921574683901,-0.3562498333777886,-0.1802829766760498,1.683595464280365,1.3113187177099823,0.031946067745067024
Anp32e,0.0007335473709934,0.009501095540355,0.088567502575371,-29.611968935018098,-27.91865307685045,0.0,0.253718428610035,0.0,0.03457282492641769
Cd2,0.0073033261887751,0.1813447646264983,0.7344923394458999,-0.2861867802832317,-0.165231735616849,-0.0182228049560503,1.53222331746943,1.3667419774076677,0.30601929030721586
Csde1,0.0036648247585952,0.0694015268921112,0.587778851213495,-0.5534040358281107,-0.2916637199948365,-0.0358381931157143,1.2258951102806277,1.006154242443464,0.14257487589792409
Ptpn22,0.0824958323410335,0.6238787012780821,1.0,-0.0994672381119507,0.0369881910563154,0.2447620832692072,1.5492173463753025,1.587582710966997,0.6728278147877748
Capza1,0.0007335473709934,0.009501095540355,0.1223341709161366,-29.76331693545277,-28.629316823333824,0.0,0.4152246408693865,0.0,0.03457282492641769
Rap1a,0.0201317774073192,0.1813447646264983,0.8506311026434865,-0.209163315112087,-0.1069813863452011,0.0132392361576212,1.3234286645044602,1.227866819657344,0.30601929030721586
Atp5f1,0.0095014686036357,0.3346656880218249,0.9699293482575216,-0.1815047496836839,-0.0646771396555242,0.0809021814805743,1.2731070390593688,1.2188288631746675,0.476473182946327
Cd53,0.0690958164642375,0.3837421608319441,0.9699293482575216,-0.0265825145594932,0.1178097297691927,0.2994449056064853,1.6468841310025977,1.7774191659627774,0.5125602006871903
Prpf38b,0.0007335473709934,0.009501095540355,0.088567502575371,-29.7696327316027,-28.48131924121879,0.0,0.37474116839444,0.0,0.03457282492641769
1810037I17Rik,0.0233375436162024,0.2484670041644341,0.8402965816060594,0.0,29.78613370706344,29.98850341050098,0.0,0.9524969565285492,0.3881013536122152
Rpl34,0.0073033261887751,0.0473446058585377,0.3053901722632373,-0.0622191287841019,-0.0325687074802181,-0.012172117854369,3.875319784743053,3.78813270075851,0.10979301235906289
Ube2d3,0.0123997777248551,0.2379772961816305,0.8506311026434865,-0.2647762572407637,-0.1134444357227005,-0.0062905801171804,1.8201041851540125,1.6773981128437736,0.37559673468332494
Nfkb1,0.0814252386094282,0.5087557841299859,0.9691122863264724,-0.0382923268413305,0.9850511467530162,1.3661928847117073,0.565690245566875,1.1283211821894412,0.6279581262797819
H2afz,0.0029848376597602,0.038707628800508,0.2082876875446535,0.0506669024776756,0.1477457841979105,0.2524244666575932,2.445853592383306,2.707631541095441,0.09531911196476889
Selenof,0.0006834348667358,0.0130722697176655,0.2437091874108605,-30.11788156331445,-29.95103131189129,-27.91865307685045,1.0379079190007672,0.0,0.04431675294419335
Sh3glb1,0.0038003384534461,0.0821176473869336,0.5713582599031516,0.0481334521313062,0.1855221369880072,0.8392207480838877,1.11858161043521,1.27930585933437,0.16283772650083897
Gng5,0.0095578312296578,0.1349368897356513,0.8506311026434865,0.0049114746611703,0.1156002274262706,0.1807002416615748,1.7581271927181574,1.9060383143280972,0.2411638029318023
Fubp1,0.0027786850681888,0.009501095540355,0.1223341709161366,-29.340909670133204,-28.457164789576776,0.0,0.368519261378435,0.0,0.03457282492641769
Srsf11,0.0247131318485893,0.511323918706056,1.0,-0.1148894755324031,0.284435763550861,3.058977966285797,0.9281845587966115,1.1357576675912189,0.6279581262797819
Rps20,0.0002988806858775,0.0123997777248551,0.1568627450980392,-0.1028417218327439,-0.0788479736762521,-0.0500315134215645,3.996498326534714,3.7852294531768047,0.04261014527268389
Rab2a,0.0002040915427345,0.0004256089954081,0.0115206170324675,1.3345237605655773,30.174955737328887,30.219725579235316,0.0,1.2196409386582614,0.012055691575456749
Pnisr,0.0007335473709934,0.009501095540355,0.0298677932975399,-29.96606790136498,-28.209380895614142,0.0,0.3103631015978687,0.0,0.03457282492641769
Pnrc1,0.0029848376597602,0.1349368897356513,0.9699293482575216,-0.0209967135895149,0.1061595755921394,0.2287799337778168,2.048069394066445,2.20472057741442,0.2411638029318023
Zfp292,0.0027786850681888,0.009501095540355,0.088567502575371,-29.79713141718756,-27.47773763667151,0.0,0.1869059983244302,0.0,0.03457282492641769
Dnaja1,0.0003016591251885,0.0095578312296578,0.1152655394141462,0.0773744863901879,0.231934930973206,0.3641535721078763,1.4952736650652425,1.760488704949953,0.03457282492641769
Tln1,0.0006834348667358,0.0133949167537699,0.1611477849906488,-30.184310341944823,-29.995697754302224,-28.90775966270888,1.0707722538418527,0.0,0.04441472397302652
Clta,0.0017508746697616,0.0821176473869336,0.5884208870531396,0.1004021013354423,0.8737385891071022,30.14526336275368,0.6481984861154688,1.183956890821055,0.16283772650083897
Anp32b,0.0001219656051887,0.0022878731639293,0.043464895897244,-30.35290729149999,-30.223952895599396,-29.677627029835683,1.2541626638887484,0.0,0.021435570526027885
Sec61b,0.0824958323410335,0.6238787012780821,1.0,-0.0493781813892796,0.0431286119274293,0.1512189169907082,1.5138006781977429,1.5611202667569024,0.6728278147877748
Txn1,0.0003016591251885,0.015860919266492,0.1568627450980392,0.1121046644334915,0.2644012622932533,0.3794285498926485,1.41769516315189,1.7039877534008665,0.04934508216241955
Ptbp3,0.0181755328890937,0.1214136242215987,0.511323918706056,0.2576235559775241,1.2255178960106448,30.23345314901767,0.54425251368369,1.2568959244290814,0.22387487783299662
Atp6v1g1,8.600635107884218e-05,0.0006834348667358,0.0127264932339823,-30.248924211259794,-30.145787206562577,-29.8160876676017,1.1879172578027348,0.0,0.012055691575456749
Tnfsf8,0.0054933714376438,0.1813447646264983,0.8520611750780606,-0.444730297654243,-0.1990662020577989,0.0392881829973939,2.056636098027268,1.7896840543545725,0.30601929030721586
Ttc39b,0.0007335473709934,0.0102224535836243,0.2615722360139493,-29.598094100567,-26.991435734820445,0.0,0.1334233310206662,0.0,0.0359449995777673
Rps6,0.004096213384139,0.015860919266492,0.2702706993728666,-0.1125455491752978,-0.0814786043943333,-0.0426448151879777,3.220510016744143,3.045059708181551,0.04934508216241955
Jak1,0.015860919266492,0.4268635389378423,0.970681114551083,-0.1678459503455435,-0.034174880394858,0.0812573331312049,1.3473998602892,1.3183555497099788,0.5573555016183226
Mier1,0.0021592442645074,0.038707628800508,0.1568627450980392,0.2501234598451997,0.4289785667475497,1.0255733440324784,1.2190425209994724,1.645384727721665,0.09531911196476889
Scp2,0.0007335473709934,0.0032593368359413,0.0265593042074621,-30.077050444489675,-29.692884395391136,-28.662055571198938,0.8678583778949255,0.0,0.023028585495061895
Tut4,0.0157743907279511,0.4726680955783123,0.9699293482575216,-0.1034213257370524,0.0585160922834439,0.2038035372051653,1.4289875055390464,1.490815586542694,0.5935831897960201
Uqcrh,0.0690958164642375,0.6238787012780821,1.0,-0.0521670523289885,0.0102230474690908,0.1091974501997531,2.1819431939475225,2.1954380393359285,0.6728278147877748
Prdx1,0.153325484784698,0.6708558092938122,1.0,-0.160564776359456,-0.0311171891577472,0.1733762673380654,1.23193430753016,1.207782449918536,0.7064657267865824
Rps8,0.0002988806858775,0.0123997777248551,0.0978804477256489,-0.1004743692605346,-0.0715399388299506,-0.0458178192830735,4.03407238258887,3.839830583276536,0.04261014527268389
Ybx1,0.0010637453361911,0.0473446058585377,0.3848201952845906,0.0261617901706335,0.1035527632025498,0.2632598708295157,1.97874441775548,2.1234464965314386,0.10979301235906289
Smap2,0.0763383804326096,0.4097444093849431,0.968559887123876,-28.00448501811978,26.94203105622185,30.00103746887297,0.0,0.821227417315648,0.5434504798158193
Macf1,0.0027786850681888,0.009501095540355,0.0298677932975399,-29.453464384192927,-27.577332312352667,0.0,0.2002646169342937,0.0,0.03457282492641769
Sfpq,0.0002212093388344,0.0022206758115434,0.0492637198017398,0.2223505382607873,0.6701143579276729,2.5823125921663554,0.8807178928120888,1.4041898896805427,0.021435570526027885
Lck,0.0001762973367313,0.0018792173730716,0.023425362726633,-30.382411117569077,-30.22793366818831,-1.5612122564948856,1.259269687117785,0.0,0.021435570526027885
Tmem234,0.0007335473709934,0.009501095540355,0.088567502575371,-29.837931163001848,-27.952469627052476,0.0,0.2599046326311862,0.0,0.03457282492641769
Khdrbs1,0.0285559671018071,0.4078373860045269,0.9697698106146188,-1.4187000882322545,-0.0528147962677762,2.281859532584631,1.0100842072793874,0.982715518136321,0.5418718169058389
Ptp4a2,0.015860919266492,0.2702706993728666,0.7920774787647853,-0.1684848238086478,-0.0901990107240692,-0.0213553297877484,1.8569707405681135,1.74460017945034,0.41029045928893
Laptm5,0.1152655394141462,0.4726680955783123,1.0,-0.040083578801332,0.0576411694025735,0.1746462609792028,1.8775256036226189,1.9569285170260875,0.5935831897960201
Dnajc8,0.0603905849952965,0.4576151974673742,1.0,-29.90361750145252,-0.4065067975674626,1.567323218561757,0.8434058088861868,0.5975684047989888,0.5923922761735188
Wasf2,0.0263812634735321,0.2740127914304309,0.8960753233659321,-29.80155664813128,-27.58945480490416,0.0,0.2019544644126012,0.0,0.41513761587456066
Zdhhc18,0.0001720247930818,0.0007335473709934,0.009501095540355,-30.07493927209777,-29.65335141184056,-26.991435734820445,0.8444005647360486,0.0,0.012055691575456749
Cd52,0.0073033261887751,0.0573787409700722,0.5713582599031516,0.0202114179201,0.103700231795956,0.1816086785013493,2.7679561748480204,2.978537825575785,0.12653843510721938
Sh3bgrl3,0.0001111375724378,0.0029848376597602,0.0473446058585377,0.1489807729550893,0.2615071046979331,0.3863343091825711,1.8697799073160912,2.2391615587943288,0.02149083115027344
Tmem50a,0.0574109566690162,0.4253936498902555,1.0,-29.84076877695141,-1.2394706003764084,28.688615943618466,0.4856221891298937,0.1985710284692122,0.5573555016183226
Rsrp1,0.0054933714376438,0.0690958164642375,0.4738715567198528,0.0860442443543581,0.2452262903346999,0.4583522975546469,1.2458083974503849,1.4730287181845465,0.14233361647673992
Syf2,0.0966106962928626,0.6238787012780821,1.0,-0.1534626541203965,0.044282341689948,0.626264195225615,1.0705618665522725,1.1030162323232986,0.6728278147877748
Srrm1,0.0022206758115434,0.0596106748814057,0.5598677791524032,-0.3994549710275918,-0.2163756940661599,-0.0020145254343799,1.2858636514285,1.1096969986940164,0.12987224844479167
Rpl11,0.0688028895768834,0.5208065412399778,1.0,-0.0458626238236001,-0.0140710530702939,0.0189359118969859,3.636732045851352,3.600270776371394,0.6279581262797819
Cdc42,0.0015241724220052,0.0314201794077955,0.2702706993728666,0.08170812517803,0.1772126103357106,0.2508460802817353,1.7742057463766976,2.008454813764065,0.08247797094546319
Micos10,0.2013437891236671,0.7729485515890469,1.0,-27.92030119640488,1.4626309284908008,29.93812545117233,0.1952726017235207,0.8937522241221101,0.7739723245050588
Capzb,0.0001762973367313,0.0046531078421473,0.0980199619453154,-30.178324154159984,-30.009924377395823,-28.851135034088795,1.0811537374024098,0.0,0.029144970548567177
Kif1b,0.0001720247930818,0.009501095540355,0.088567502575371,-29.93432918615853,-28.599950254028837,0.0,0.406858037470296,0.0,0.03457282492641769
Park7,0.0032593368359413,0.0634788370139077,0.6359865148953089,-30.074926930566804,-29.178088769625237,0.0,0.6074521279287788,0.0,0.1370318674971566
Rpl22,0.0021592442645074,0.0473446058585377,0.3837421608319441,-0.0919889829177708,-0.0578418888400259,-0.0199915350094708,3.2138203796621347,3.0900278588703385,0.10979301235906289
Gnb1,0.0130636253055734,0.1892992055774022,0.8919857920257779,-29.844771586675947,-28.83422827750373,0.0,0.5254615022463185,0.0,0.3176472301717347
Sdf4,0.056833321083365,0.4364817611675816,1.0,-1.8834611998069628,-0.1231356718851715,1.1486823433871618,1.047784739942487,0.9617729116314412,0.5689313990391236
Tnfrsf4,0.04199715538986,0.1403112941755949,0.4539317823519836,-1.652797972088468,-0.3795531200703345,0.2288004569028101,1.4015099563699749,1.0884871473455289,0.2491409917491106
Tnfrsf18,0.0007335473709934,0.009501095540355,0.1223341709161366,-29.94452826858524,-28.682350749395248,0.0,0.430772450448434,0.0,0.03457282492641769
Krit1,0.0001720247930818,0.0027786850681888,0.0298677932975399,-29.804909468202432,-28.811200577365643,0.0,0.4710159175464278,0.0,0.021435570526027885
Sri,0.0252441057394617,0.4171856441993936,0.9699293482575216,-0.2075466877273984,-0.0958798867802478,0.2311105429262624,1.2983000259032051,1.21394950424719,0.551385222053744
Rsbn1l,0.0007335473709934,0.0133949167537699,0.1892992055774022,-30.065736278972285,-29.196524684430635,0.0,0.6152189419186695,0.0,0.04441472397302652
Kmt2e,0.122681892061482,0.615497508592667,1.0,-0.2092492715085212,-0.0458673987101015,0.1897473881065399,1.28182795211934,1.2419854291023738,0.6728278147877748
Tomm7,0.0015241724220052,0.1152655394141462,0.9116011748829072,0.0018015767811006,0.1681020517301872,0.3205282960586098,1.348025639265145,1.5094238910656623,0.21569492028983794
Dnajb6,0.038707628800508,0.1568627450980392,0.4726680955783123,0.0364646306224581,0.1588208572580287,0.2820385799756028,1.4245746646051174,1.5934843659447164,0.27136895948310674
Ost4,0.007750865708345,0.2799063505905702,0.9699293482575216,-0.0774574858556825,0.3281938281401511,2.056160542325007,0.9505430536839132,1.19263235409457,0.4215322730009383
Mrpl33,0.130969741000356,0.6133484776563917,1.0,-0.1569621384785331,-0.0229936480796067,0.4787555364417643,1.159167977376385,1.1437580064838813,0.6728278147877748
Fosl2,0.0003005389112932,0.0021316305676536,0.0163961964073948,1.134986765978767,30.226128719467354,30.313452949474385,0.0,1.2856643818244935,0.021435570526027885
Rbpj,0.0031445185030225,0.0391489942439858,0.3117797808127037,29.002071806120217,30.040197435870148,30.154778681772747,0.0,1.106757251532085,0.09609298587160152
Arap2,0.1996030161831719,0.7264717268578031,1.0,-0.2419781097528273,0.0607403274900013,1.437286788180404,1.077757039082848,1.1313772996997735,0.7413567538332447
Rpl9,0.0123997777248551,0.1349368897356513,0.6238787012780821,-0.0599013132984903,-0.0339368135875341,-0.0066034164929048,3.710427706704825,3.624412742732225,0.2411638029318023
Rhoh,0.0001720247930818,0.0027786850681888,0.0298677932975399,-30.0851291123213,-29.56074836627992,0.0,0.7919029339042725,0.0,0.021435570526027885
Ythdc1,0.0276468756034883,0.3311849615084903,0.9699526571120032,-1.4660731401907847,-0.1740975267791136,1.087871307525022,1.0696002535867075,0.955317071747303,0.47457608861991096
Jchain,0.2911284248433565,0.7464787519407254,1.0,-30.051654190984213,-29.196445822107872,0.1395373788957176,0.705584093235208,0.0,0.7524505819562513
G3bp2,0.0027786850681888,0.009501095540355,0.0480139728942661,-29.63746830492698,-28.08254286717392,0.0,0.2842416764923225,0.0,0.03457282492641769
Hnrnpd,6.034243330066384e-05,0.001733213021381,0.0164403505940268,-30.31593065836844,-30.156929684762872,-29.892104249386552,1.1971275124047025,0.0,0.021435570526027885
Hnrnpdl,0.0007335473709934,0.016633341135281,0.2216595552360846,-30.21119429554769,-29.739048729570317,-27.71261374200037,0.8960790552201636,0.0,0.051325738360295664
Rpl5,0.0010637453361911,0.0021592442645074,0.0253985075811699,-0.1804531269502514,-0.138708623921557,-0.0912158022083754,3.15794992245441,2.868799979867779,0.021435570526027885
Atp5k,0.0027786850681888,0.0298677932975399,0.3519631185845171,-29.534667149802942,-27.21161600280458,0.0,0.15542205414445,0.0,0.08181178164108756
Selplg,0.0007335473709934,0.009501095540355,0.0677212896513439,-29.99112235637624,-29.37530127204082,-27.37630983286665,0.6963808405723275,0.0,0.03457282492641769
Dynll1,0.0001905215527506,0.0029848376597602,0.015049240840804,0.3588273357785955,0.6003286742943252,2.401302718632616,1.004819171089598,1.51539222545491,0.02149083115027344
Rplp0,0.0054584424863062,0.0473446058585377,0.3053901722632373,-0.1031799412048217,-0.0646829538880068,-0.0247070359212305,3.5909265610471723,3.43233144664578,0.10979301235906289
Rpl6,0.0001111375724378,0.004096213384139,0.038707628800508,-0.1578597838347135,-0.1301476314241262,-0.1040413420682487,3.4780352812166524,3.177719526369001,0.026467840328282765
Ppp1cc,1.5876796062554575e-05,0.0010374103461443,0.0061455131856455,0.4002223486545405,0.6203920122680298,1.2357751436419482,1.0890716371713405,1.6763309148021976,0.015378082778139035
Arpc3,1.5876796062554575e-05,0.0007144558228149,0.0252441057394617,0.3496776345571509,0.4471388617923357,0.4946017674407279,1.722080116321489,2.3534245318134976,0.012055691575456749
Orai1,0.0147089871357653,0.2025921776311496,0.7877456292909598,0.0974428330723226,1.0641224022174107,30.095745719782684,0.536413308168105,1.1254351709826902,0.3362993722957924
Rsrc2,0.0069063949580851,0.0814252386094282,0.5622453293122838,-0.332555066769966,-0.1914245711058145,-0.0569824975655364,1.3177854442876276,1.1535825752839677,0.16283772650083897
Vps37b,1.5876796062554575e-05,0.0004763038818766,0.0123997777248551,0.1984300892458168,0.3795572017596284,0.5959640971274776,1.472475634876535,1.91922547252475,0.012055691575456749
Tmed2,0.0185042722165465,0.3148704013577933,0.9699293482575216,-0.2692916969532276,-0.112357807759037,0.143361419284544,1.2134038847291724,1.12111971736854,0.4577731219740226
Ubc,0.0060874038647452,0.0289247734264819,0.1569155794666105,2.3954960543503026,29.989655358593986,30.08492667366287,0.0,1.0683497858929654,0.08039385555301587
Ran,0.0200211886137688,0.3244455432516746,0.9689946775534558,0.0496555186172703,2.3882345025805383,30.03271253323742,0.1869059983244302,1.0501381444123037,0.4672015822824114
Chchd2,1.5876796062554575e-05,0.0073033261887751,0.2379772961816305,0.1127749292698035,0.204796437547031,0.3139305876878352,1.8782537163385224,2.162894673407515,0.03457282492641769
Fis1,0.0007335473709934,0.0133949167537699,0.1131393705897797,-30.0562254196415,-29.47751202936735,-28.553060966311364,0.7475070926955887,0.0,0.04441472397302652
Actb,0.0001905215527506,0.0007144558228149,0.0054933714376438,-0.2153136945682905,-0.1722412090827358,-0.1283421947227502,3.633258500196231,3.2241703849982226,0.012055691575456749
Rac1,0.0013526376376872,0.0490556423358853,0.4726680955783123,0.0592897241070372,0.1869077750741766,0.6495180484914987,1.1961746547671137,1.3642034174608777,0.11204249427773198
Arpc1b,1.5876796062554575e-05,0.0021592442645074,0.0978804477256489,-0.4105293658415741,-0.3089197365584132,-0.2067130547708959,1.7625779471760223,1.4233903434778623,0.021435570526027885
Atp5j2,0.0015156574444871,0.0824958323410335,0.6784313725490196,0.0223679778026877,0.1620892473995263,0.2716708749532814,1.315959045050215,1.470767509923986,0.16283772650083897
Rpl21,1.5876796062554575e-05,0.004096213384139,0.0690958164642375,-0.0932556882128104,-0.070699664334236,-0.0465852528251616,3.4571038378712498,3.29262154864389,0.026467840328282765
Polr1d,0.0312657775660871,0.4726680955783123,1.0,-0.1851338848345226,-0.0641055782075863,0.1066816464820295,1.5483525709080226,1.4812652762502925,0.5935831897960201
Hmgb1,0.0314201794077955,0.5208065412399778,1.0,-0.1191334568588085,-0.0214510446963154,0.1234927958785878,1.69316035356302,1.668704777422525,0.6279581262797819
Sem1,0.1152655394141462,0.5713582599031516,0.9699293482575216,-0.0470396958170598,0.0451427719456039,0.1682628992698556,1.6471858059606437,1.7022297070757575,0.6525101790889528
Ndufa4,0.0201317774073192,0.3837421608319441,0.9699293482575216,-0.0497996729724393,0.0862185363760954,0.2125842180588976,1.513583730722985,1.6068690443970812,0.5125602006871903
Capza2,0.0118309705207014,0.1295450020706858,0.6250355501327808,0.0508172283260175,0.6449244413627769,2.167360972846663,0.7096665616236177,1.1120150036567562,0.23770879020737493
Arf5,0.1568627450980392,0.5713582599031516,0.9699293482575216,-0.2170703324638397,-0.071499356177144,0.0708022143443697,1.2975916235009175,1.230526087802185,0.6525101790889528
Atp6v1f,0.0690958164642375,0.3837421608319441,1.0,0.0073321044615117,0.148405908431485,0.592135796061233,1.1876932069145951,1.3164402949109435,0.5125602006871903
Zc3hav1,0.0043194691495863,0.0461764833085104,0.2569822084576774,0.8399542737254316,30.073650541889684,30.14343817214161,0.0,1.1474341198970577,0.10979301235906289
Luc7l2,0.0021433674684448,0.1152655394141462,0.910105580693816,-0.3869999619521416,-0.2288722317454739,-0.0064452510629385,1.5280001100552574,1.2973437436777662,0.21569492028983794
Trbc1,0.0267011236693802,0.2408721217561525,0.8475487164124399,-0.9537402459632676,-0.2725457527125082,0.2160080587950561,1.416605550362245,1.1839456305470517,0.3785848732799403
Trbc2,0.0004763038818766,0.0095578312296578,0.1349368897356513,-0.2754210538625239,-0.1874759287938268,-0.1029659921884166,2.49683769302655,2.190263115664324,0.03457282492641769
Gimap4,0.0005684668718268,0.0035547256400419,0.0218317488739345,-1.720773633391909,-0.6003633311467738,-0.3444400286231923,1.5027083853422951,0.9985479877320292,0.0248830794802933
Gimap6,1.5876796062554575e-05,6.35071842502183e-05,0.0252441057394617,-0.5239492066778932,-0.3915018250464243,-0.3019789258638766,1.7818300839149774,1.361341763047325,0.008001905215527506
Gimap7,0.0027786850681888,0.009501095540355,0.1682645730299276,-29.68006875623173,-27.769625223747685,0.0,0.2288179860358327,0.0,0.03457282492641769
Gimap1,0.0010630869614399,0.0405991304587522,0.5622453293122838,-0.9029061310387664,-0.3065714820751544,-0.0625315892874546,1.2445260779263476,1.0066894880241255,0.09924366908981055
Gimap5,0.0007335473709934,0.0027786850681888,0.088567502575371,-29.849600760681017,-28.674441137062264,0.0,0.4284171917862373,0.0,0.021435570526027885
Gimap3,0.0004763038818766,0.0473446058585377,0.522070334206556,-0.3433306502896218,-0.2153865183350083,-0.071156999032259,1.6044917471556324,1.3835178206871774,0.10979301235906289
Tmem176b,0.0939799938364451,0.2162554364261565,0.4469684694114323,0.0,27.457445217213284,28.99651400750163,0.0,0.1842954496199562,0.34935454883395806
Tmem176a,0.1170097644977258,0.2763716609523705,0.6319793444436901,29.20923469296244,29.494586647260924,30.23645684531821,0.0,0.7564289785487646,0.41703987161675066
Tra2a,0.0354926182673776,0.3225593316295753,0.9663185553224448,-29.72835473454677,-28.38043136219528,0.0,0.3573765185570512,0.0,0.46626167248940525
Hnrnpa2b1,0.0123997777248551,0.4726680955783123,0.970681114551083,-0.150332606605373,-0.0352190605682476,0.0685013811596585,1.8367262711747765,1.789334366490795,0.5935831897960201
Tax1bp1,0.0690958164642375,0.5713582599031516,1.0,-0.0934700894930263,0.0556712303086644,0.2104748393465306,1.5315259582964176,1.58928292543182,0.6525101790889528
Serbp1,6.35071842502183e-05,0.0054933714376438,0.0824958323410335,-0.2789098103233481,-0.1866304543214141,-0.105450161656871,2.082553396972224,1.8294997628649765,0.031946067745067024
Igkc,0.1349368897356513,0.343145193299992,0.7920774787647853,-0.0445664850334198,0.0306964178916485,0.1120760560036472,2.2821990241017724,2.333617423874016,0.4821891563843754
Tgoln1,0.0007335473709934,0.0133949167537699,0.1513756600246135,-29.90166069290184,-28.88788208656742,0.0,0.4967284678180486,0.0,0.04441472397302652
Tmsb10,0.0824958323410335,0.343145193299992,0.8506311026434865,-0.0783155908831813,-0.0390795065889308,0.0067583854240878,3.35141081650355,3.2617513289318123,0.4821891563843754
Dusp11,0.1271753040904368,0.6564077338807045,1.0,-29.3942126945294,0.3646102880310491,29.65037578083167,0.4406244269344652,0.6655652886853365,0.6999213636302012
Snrpg,0.1568627450980392,0.7344923394458999,1.0,-0.0825985304235324,0.008106068832394,0.0994422038004328,2.0010431475606048,2.01315679688994,0.7413567538332447
Pcbp1,0.0133949167537699,0.2216595552360846,0.9313314772282482,-29.82321809684857,-27.37630983286665,0.0,0.1742169586143537,0.0,0.3573019696342856
Mxd1,0.0007335473709934,0.009501095540355,0.088567502575371,-29.980999990094062,-28.46095836563863,0.0,0.3694895603378745,0.0,0.03457282492641769
Cnbp,0.0054933714376438,0.1152655394141462,0.7920774787647853,0.0097321877570109,0.1034865076168342,0.2331351467592623,1.6534884738156874,1.773869918749125,0.21569492028983794
Bhlhe40,0.0010374103461443,0.0121288692700313,0.0970382453253622,0.2347973153883953,0.4380318597155816,1.156866326899188,1.2690306565347098,1.719308003133729,0.042451042445109555
Vgll4,0.082022527544501,0.6083787677123833,1.0,-0.9200652857581232,1.1687754039898397,29.93445580847001,0.4233609406894782,0.9653547709398632,0.6728278147877748
Rpl32,0.0010637453361911,0.0029848376597602,0.0252441057394617,-0.1171707086309122,-0.0895108323275326,-0.0610070472137249,4.063286502272271,3.820091402316745,0.02149083115027344
Hnrnpf,0.0312657775660871,0.5713582599031516,1.0,-0.0559668336350292,0.0379336821815503,0.2688553147049688,1.6375194055798277,1.6821302624952312,0.6525101790889528
Wnk1,0.0824958323410335,0.5713582599031516,0.9699293482575216,-0.2009058683694252,-0.0945524325940918,-0.0007579928726996,1.60374967597212,1.50323239729565,0.6525101790889528
Emg1,0.0027786850681888,0.0298677932975399,0.088567502575371,-29.550107878008184,-27.21161600280458,0.0,0.15542205414445,0.0,0.08181178164108756
Grcc10,0.0007335473709934,0.0027786850681888,0.0298677932975399,-30.050512944924066,-29.359594911015574,0.0,0.6888405869607277,0.0,0.021435570526027885
Tpi1,0.0007335473709934,0.0102224535836243,0.2914741136837093,-29.86870710706719,-28.081873965864705,0.0,0.2841099192219975,0.0,0.0359449995777673
Cd4,0.1676204264167612,0.6646080249871684,1.0,-3.789805804883543,0.2309840892881182,29.85706735146588,0.6933618474015885,0.925673500668302,0.7056793074301957
Chd4,0.0007335473709934,0.0102224535836243,0.1165400811894109,-29.8437450873962,-29.146460993446134,0.0,0.594236091753515,0.0,0.0359449995777673
Gapdh,3.175359212510915e-05,0.0054933714376438,0.0690958164642375,0.0874889614236728,0.2046814362902584,0.2965016207361217,2.02862290734493,2.3329324062321226,0.031946067745067024
Clec2d,0.00315340827298,0.0497467437510409,0.3897805604748862,-30.203233539592983,-29.924592351583684,-27.73569182870138,1.0190623141642516,0.0,0.11327872974634615
Cd69,0.0027786850681888,0.009501095540355,0.088567502575371,-29.48561747458321,-27.57538365648718,0.0,0.199994301049283,0.0,0.03457282492641769
Cdkn1b,0.0054933714376438,0.1152655394141462,0.8506311026434865,0.0007342356833763,0.140280147474354,0.3040287814085118,1.2212899435725777,1.346140758896854,0.21569492028983794
H2afj,0.0054933714376438,0.2082876875446535,0.9699293482575216,-0.295040097530278,-0.137773009491173,0.0896983062357784,1.341060371400975,1.212599130549019,0.33863546620163015
Arhgdib,0.0001111375724378,0.004096213384139,0.0978804477256489,-0.3318792124066703,-0.2562316622084027,-0.1644230000031,1.7765327603490224,1.4887911147879849,0.026467840328282765
Aebp2,1.5876796062554575e-05,0.004096213384139,0.098315075017861,0.1726901761023853,0.3246883305211852,0.5295411151552367,1.3733841613299251,1.719447825812045,0.026467840328282765
Kras,0.0201317774073192,0.3053901722632373,0.9692348066076554,-0.3071348003455745,-0.1471903994187082,0.0041852330444436,1.396640690528075,1.25713028902291,0.4465666735609427
Ndufa3,0.0007335473709934,0.009501095540355,0.088567502575371,-29.488630756112453,-27.37630983286665,0.0,0.1742169586143537,0.0,0.03457282492641769
Rps9,0.0073033261887751,0.0690958164642375,0.1568627450980392,-0.0883241211287639,-0.0635096828963752,-0.0438738013506687,3.821666163291425,3.655920984054916,0.14233361647673992
Rpl28,0.004096213384139,0.0690958164642375,0.3053901722632373,-0.1453268711573641,-0.0911587101909031,-0.0428923100821544,3.407250192377305,3.197255594335901,0.14233361647673992
Ube2s,0.0815766989182437,0.3470518969822671,0.9306075226498878,-29.956506676729337,-28.771801654950355,0.0,0.4584586351066763,0.0,0.48677408927382926
Rps5,0.0015241724220052,0.0978804477256489,0.6784313725490196,-0.0534438582404359,-0.0265988949584309,0.0015714738051252,3.682787837126495,3.6163942447547246,0.189252221177981
Selenow,0.0054933714376438,0.2702706993728666,0.9699293482575216,-0.2493871219483082,-0.1085903443262165,0.0508114769249228,1.4389006836439775,1.3393291695595575,0.41029045928893
Nop53,0.0007335473709934,0.0027786850681888,0.0334929226448249,-30.034160631129964,-29.63667756284302,-27.37630983286665,0.8346971251561053,0.0,0.021435570526027885
Tmem160,0.0007335473709934,0.009501095540355,0.088567502575371,-29.772278827656613,-28.31392434404029,0.0,0.33368794795496,0.0,0.03457282492641769
Snrpd2,0.0041647687668991,0.0407127802339601,0.3311849615084903,-0.3913487794654984,-0.249432585486836,-0.0856152217632091,1.3442223431651026,1.1311606658184374,0.09924366908981055
Vasp,0.0001720247930818,0.0027786850681888,0.0298677932975399,-30.04302721258638,-29.420689845961103,0.0,0.7186379307364487,0.0,0.021435570526027885
Rps19,0.004096213384139,0.015860919266492,0.2702706993728666,-0.126935478275359,-0.096116756834628,-0.062808546154377,3.74562235572637,3.50237014751701,0.04934508216241955
Rabac1,0.0802713616470359,0.2596551285404619,0.7868293039829021,0.0659124492661612,0.5479001045945174,30.20150987083667,0.8397072889675324,1.2308215084448824,0.4047407776836891
Rps16,0.0029848376597602,0.038707628800508,0.3053901722632373,-0.076530788200426,-0.0494601683682602,-0.0253950717755,4.100772164741275,3.9601358700693847,0.09531911196476889
Gmfg,0.0095014686036357,0.1152655394141462,0.4738715567198528,-0.2549159900424986,-0.1424496399510075,-0.0493078805712375,1.90825576602987,1.7266372853211511,0.21569492028983794
Eif3k,0.004096213384139,0.0573787409700722,0.39643375524039,-0.3605910617222327,-0.2300161253551008,-0.0809062843032703,1.5520874440774826,1.3210529948919727,0.12653843510721938
Hcst,0.0573787409700722,0.5713582599031516,1.0,-0.0704020474801167,0.054283883310928,0.2144401544482996,1.6397515677852474,1.6948735724142223,0.6525101790889528
Psenen,0.0007335473709934,0.0027786850681888,0.0298677932975399,-29.846547052528365,-28.79038160624421,0.0,0.4642676777054713,0.0,0.021435570526027885
Cox6b1,0.0978804477256489,0.6238787012780821,1.0,-0.1547310169193094,-0.0031282247416543,0.1345426803687071,1.3683351324678374,1.3695253740942186,0.6728278147877748
Fxyd5,0.0978804477256489,0.6238787012780821,1.0,-0.0651466728498763,0.0454796447155438,0.1510747976543228,1.98566026777587,2.048980423336744,0.6728278147877748
Rps11,0.0029848376597602,0.0314201794077955,0.3837421608319441,-0.0596582919068842,-0.0366683458427662,-0.0115151434274916,3.78615987857683,3.692505008069175,0.08247797094546319
Rpl13a,0.004096213384139,0.038707628800508,0.1568627450980392,-0.101702015307915,-0.0759173660735788,-0.0409957866416228,3.6638057693744495,3.4752233108635737,0.09531911196476889
Cd37,0.0027786850681888,0.009501095540355,0.088567502575371,-29.399061072578053,-27.47773763667151,0.0,0.1869059983244302,0.0,0.03457282492641769
Snrnp70,0.0001712003574158,0.0060874038647452,0.1131393705897797,-30.17978848976161,-29.92357166903947,-28.08254286717392,1.018339639681739,0.0,0.03383880383637773
Ftl1,0.0003016591251885,0.0690958164642375,0.6798328967214403,-0.3344971933120608,-0.2780190184601534,-0.1186062085687585,2.2876212570597447,1.88309979907019,0.14233361647673992
Rpl18,0.0004763038818766,0.0201317774073192,0.2387846312614107,-0.0883422461571016,-0.0490792167126042,-0.0234015984014718,3.61582915385081,3.49728747048594,0.05945003124544353
Emp3,0.0263812634735321,0.2344447180424608,0.8934491718436413,-29.25713981575762,-27.21161600280458,0.0,0.15542205414445,0.0,0.37550891279682286
Ldha,0.0073033261887751,0.0824958323410335,0.5629036537954418,0.037045040354038,0.2356118136619102,0.5533516940082087,1.51451888155811,1.7805094620366448,0.16283772650083897
Klf13,0.1145581084524615,0.5875644551385617,1.0,-29.74819728602654,-26.991435734820445,28.510350477956045,0.2234987965566907,0.0,0.6679680121575228
Chd2,0.0824950331910517,0.6158964889935725,1.0,-0.1300046754086725,0.0757152988712746,0.9687876391192062,1.30475131499818,1.3802593291841974,0.6728278147877748
1810026B05Rik,0.0067208252921106,0.1108917813247131,0.6083787677123833,-30.170704585851126,-1.152633069051444,-0.0289534840917861,1.111041579277285,0.4937068533817551,0.21331854117425725
Akap13,0.0473446058585377,0.5208065412399778,1.0,-0.1008971062183098,-0.0386798869985341,0.0408060853173689,2.2720644313368163,2.212906544568954,0.6279581262797819
Furin,0.0059733731716288,0.0278317489826975,0.1349368897356513,0.4575563386473982,1.5256263851214902,30.617077444282383,0.5686500563721236,1.631826906189515,0.0776413366454587
Iqgap1,0.0021592442645074,0.0573787409700722,0.3053901722632373,0.0919456511310564,0.3386906148265621,0.6387743396114043,1.098712459216016,1.3918419515714149,0.12653843510721938
Rps17,0.2082876875446535,0.5208065412399778,0.910105580693816,-0.1470229364173991,-0.0790664599322966,-0.0119391664464345,2.47296699212916,2.337938390368671,0.6279581262797819
Picalm,0.0018433730778179,0.0265593042074621,0.3166210020773561,-30.1396935637062,-29.658733274810302,-27.33904736523248,0.8475570168592741,0.0,0.07520162539640954
Rps3,0.0003016591251885,0.0201317774073192,0.2702706993728666,-0.0618371308449994,-0.0392470998326555,-0.0158948946481864,3.513564653061997,3.4201474273471337,0.05945003124544353
Spcs2,0.0759523744216989,0.3094222450186874,0.938276068097927,0.1042751751814208,0.6026783888976782,2.5136055376556103,0.81739375791677,1.2367718481469652,0.45158922245970595
Ucp2,0.0010637453361911,0.0314201794077955,0.4726680955783123,-0.3422943409142288,-0.2126001353854852,-0.102468751005714,1.50908841067684,1.3018526189550876,0.08247797094546319
Taf10,0.0018783561986589,0.0574109566690162,0.6191456533483608,-30.199103633654524,-29.654464844080348,0.0,0.8746189097900275,0.0,0.12653843510721938
Eif3f,0.004096213384139,0.2379772961816305,0.9699293482575216,-0.1915388248444004,-0.0852778055913366,0.0277421732518468,1.7800413172387175,1.6745623879898677,0.37559673468332494
Rpl27a,0.0007144558228149,0.0314201794077955,0.2082876875446535,-0.0569191979980278,-0.0373336496792943,-0.0189413585555297,4.057230400775286,3.9537912539440376,0.08247797094546319
Eif4g2,0.0573787409700722,0.5713582599031516,1.0,-0.1549814216550143,-0.0033869705130482,0.1557969177581421,1.4233778705997548,1.415580458817285,0.6525101790889528
Rps13,0.0004763038818766,0.0095578312296578,0.0690958164642375,0.024532284935415,0.0458093080702973,0.0648342176525509,3.6551886159927847,3.774469177947215,0.03457282492641769
Rps15a,0.1568627450980392,0.7344923394458999,1.0,-0.0153569982194819,0.0071143457040272,0.03401346680675,4.05733582705396,4.079991223177425,0.7413567538332447
Arl6ip1,0.027304566629281,0.0884270503925346,0.3341331810632329,0.2000438319800687,0.741038373342479,2.69789792502124,0.7411851279040612,1.23350778616188,0.1736385716798861
Rbbp6,0.0007335473709934,0.009501095540355,0.088567502575371,-29.597532816609004,-28.08254286717392,0.0,0.2842416764923225,0.0,0.03457282492641769
Lat,0.0010637453361911,0.0473446058585377,0.3749921507267583,-0.3685046962935865,-0.2434802928366097,-0.109969591969598,1.5493274900814726,1.3115653768507474,0.10979301235906289
Eif3c,0.0027786850681888,0.0298677932975399,0.2914741136837093,-29.767944057728872,-28.057980203231907,0.0,0.27944327171261,0.0,0.08181178164108756
Bola2,0.0027786850681888,0.009501095540355,0.088567502575371,-29.447479123681845,-27.21161600280458,0.0,0.15542205414445,0.0,0.03457282492641769
Coro1a,0.0002988806858775,0.0314201794077955,0.6238787012780821,-0.3548078488417352,-0.1994847038453583,-0.0243680354927863,1.665136468760355,1.45110050097169,0.08247797094546319
Gdpd3,0.1060951416416458,0.2939626650378599,0.8757377346256979,-0.7320327147160541,-0.3070380931026694,0.42324766247353,1.4191848341385738,1.1536109877251275,0.44007084112598427
Aldoa,0.1647559752760604,0.6238787012780821,1.0,-0.0912594297848194,0.051452294904952,0.3896967884165733,1.3108923659307423,1.3543665375694314,0.6728278147877748
Sept1,0.015860919266492,0.3792549761626181,0.970681114551083,-0.24091996464737,-0.07996206560409,0.0531805445464303,1.3731097423151726,1.29499506089053,0.5125602006871903
Itgal,0.0099489729011692,0.1170097644977258,0.7513591117305192,-30.039799149577902,-29.15308572742661,0.0,0.62480654728606,0.0,0.2173449188213285
Fus,0.0314201794077955,0.1568627450980392,0.6784313725490196,-0.2910157970158262,-0.1309218305530212,-0.0452594767400802,1.33918191871756,1.2252999278126824,0.27136895948310674
Rplp2,0.0073033261887751,0.0690958164642375,0.4738715567198528,-0.0734712006103163,-0.0460067649244207,-0.0129097008648174,3.662623545028538,3.5471563832012567,0.14233361647673992
Lsp1,0.0946475624588327,0.5103655506712139,1.0,-0.1014216188662664,0.196547141513186,1.221851139194868,1.063124639568377,1.209164303718575,0.6279581262797819
Arglu1,0.0001720247930818,0.0027786850681888,0.009501095540355,-29.992042314138907,-29.31369814893293,-27.21161600280458,0.6672716228158175,0.0,0.021435570526027885
Nsd3,0.0440591665839547,0.2948806693330833,0.9071797966467664,-0.424402568062157,-0.1339993646172063,0.1193398144533003,1.1576361205234602,1.056440083609615,0.4405726996359901
Leprotl1,0.0687713300173633,0.3527230778905403,0.968559887123876,-1.169174571539755,-0.2017701295683996,0.7994610920755029,1.1082765081251298,0.9824480068779736,0.4919901234045174
Saraf,0.0690958164642375,0.5208065412399778,0.9699293482575216,-0.0464133309486264,0.0969699864300804,0.268836558918279,1.3252529308383538,1.4160921872350738,0.6279581262797819
Hmgb2,0.0473446058585377,0.3837421608319441,0.9699293482575216,-0.0264097456297926,0.055152518275646,0.1690330044906406,2.21860799089018,2.3011442197358414,0.5125602006871903
Ndufa13,0.0073033261887751,0.0824958323410335,0.5726712709375237,0.0465689629345143,0.1981736936317458,0.7134049356366275,1.1917876102470075,1.368778731038004,0.16283772650083897
Uba52,0.0201622108475004,0.3341195270386536,0.9692348066076554,-0.3113889541717074,-0.1381730550736346,0.2335322884249442,1.2327927322441874,1.12393489026022,0.476473182946327
Jund,3.175359212510915e-05,0.0004763038818766,0.004096213384139,-0.5361255938964593,-0.4663510188530497,-0.3855031602621369,2.458212622698668,1.77858200373681,0.012055691575456749
Rpl18a,0.0001905215527506,0.015860919266492,0.2379772961816305,-0.0871747875510847,-0.0580482090917191,-0.0203572263996778,3.887421890622264,3.73533479974262,0.04934508216241955
Tpm4,0.0016394508686532,0.0586340835608684,0.6146958150878039,0.0799159315985614,0.7516323302723558,30.196298327812222,0.733700637578505,1.228712577000615,0.12811377795380494
Klf2,0.0007335473709934,0.009501095540355,0.088567502575371,-30.16485623480428,-28.16021722886801,0.0,0.299964644140935,0.0,0.03457282492641769
Smarca5,0.2279406909115635,0.7280611426419807,1.0,-0.1107326185675291,0.0842974573159866,0.5879020631914265,1.078134423060125,1.15022934036256,0.7413567538332447
Ndufb7,0.0027786850681888,0.0784585157148273,0.5681936364839564,-29.471985096536425,-28.008167237390005,0.0,0.269959403849225,0.0,0.15944795129142322
D8Ertd738e,0.0690958164642375,0.5208065412399778,1.0,-0.200774049531758,-0.0548605721000969,0.1033167957437382,1.4355415793532125,1.3790989429497773,0.6279581262797819
Calr,0.038707628800508,0.3543584984365135,1.0,-0.2000366798613764,-0.0902888223017135,0.062906603359511,1.27448487745293,1.1971600046046025,0.4933610033480741
Junb,0.0029848376597602,0.0201317774073192,0.1152655394141462,0.2204522501971476,0.3639381752848254,0.5048337839526292,2.003923008204957,2.56487998950041,0.05945003124544353
Trir,0.1271753040904368,0.6043785767664298,1.0,-29.626058687209955,0.2835684606409221,29.679972642464133,0.4845062934266163,0.6597437646640322,0.6728278147877748
Gabarapl2,0.0461324763980995,0.4489037745438458,1.0,-29.940033504217485,-0.9223547322833316,27.62461775369505,0.8562740626660683,0.4261649090336741,0.5841157548281367
Maf,0.0001111375724378,0.0015241724220052,0.038707628800508,0.2523927896695626,0.497717146065697,0.743032993957008,1.3816117858927026,1.9559275735427712,0.021435570526027885
Cotl1,0.0024238779803224,0.037650276439806,0.3895331374286428,-29.928163084862984,-28.207754325281613,0.0,0.31001318204676,0.0,0.09531911196476889
Cox4i1,0.0073033261887751,0.4268635389378423,0.9699293482575216,-0.1070415176319027,-0.0278779830199315,0.0770435957593284,2.1126356802124957,2.075012763832288,0.5573555016183226
Map1lc3b,6.35071842502183e-05,0.0054933714376438,0.1820183376994516,0.1569106985049664,0.304230481453674,0.5242962894400132,1.356381856328165,1.668183945679974,0.031946067745067024
Cyba,0.1813447646264983,0.6784313725490196,1.0,-0.2078308780106154,0.0341297426273298,0.2015751297927624,1.3441418146733126,1.3785261557048112,0.7064657267865824
Aprt,0.0007335473709934,0.009501095540355,0.1223341709161366,-29.976737539340075,-27.59019313825921,0.0,0.2020578458449295,0.0,0.03457282492641769
Ankrd11,0.0002988806858775,0.0473446058585377,0.6784313725490196,-0.277604580282053,-0.1817406442865209,-0.0546822923219075,1.689154436932505,1.4866110716906125,0.10979301235906289
Rpl13,0.2379772961816305,0.7344923394458999,1.0,-0.0284413418657022,-0.0039261429933078,0.021978066929756,4.18151893214718,4.165221591051878,0.7413567538332447
Tcf25,0.0390367621725221,0.3645242864117604,0.9671227617061148,-30.075257556224376,-28.553060966311364,27.78428682926774,0.5292615003215475,0.0,0.5056520376647539
Irf2bp2,0.0001720247930818,0.0007335473709934,0.009501095540355,-30.366940799037614,-30.088905214073908,-28.84450631353618,1.1419918532464453,0.0,0.012055691575456749
Tomm20,0.0073033261887751,0.2082876875446535,0.7920774787647853,-0.2059060576668629,-0.0905575651103681,0.0007134239582687,1.70425770487201,1.6019315812216424,0.33863546620163015
Tmem123,0.0162040469252918,0.141176505580472,0.6713863482796423,0.1010854967343411,0.2918533677761464,30.196499461346864,1.0477418602418038,1.2829265986069338,0.24995184594575376
Birc2,3.529139494825728e-05,0.0001720247930818,0.0077371208623235,-30.3058551350088,-30.127895418950686,-29.313125274260432,1.1732761078711975,0.0,0.0102862137538188
Sesn3,0.0003565717551321,0.0043495700900777,0.0416622142499834,-30.20583765863947,-29.89397629266126,-28.582807396396404,0.9976622817644868,0.0,0.02786673718727747
Cwc15,0.0286810385278848,0.2748445680378338,0.9663386604820364,-29.99270105400073,-29.223857952123023,0.1737754389002112,0.7249160449481775,0.0,0.4155649868732047
Taf1d,0.0027786850681888,0.009501095540355,0.088567502575371,-29.33505218407278,-27.37630983286665,0.0,0.1742169586143537,0.0,0.03457282492641769
Ubl5,6.35071842502183e-05,0.0123997777248551,0.271148686195125,0.0875510608942922,0.1636560577918834,0.2915140710619425,1.8440684046530325,2.0702513420573725,0.04261014527268389
Sept7,0.2153107493499366,0.7249560728402249,1.0,-0.1594918796784791,0.5134673583163549,28.909409529688023,0.7302076041461184,1.0420851821155412,0.7413567538332447
Ets1,3.175359212510915e-05,0.0054933714376438,0.1568627450980392,0.0755920412898856,0.1870266736692833,0.292178844794054,2.32871570798678,2.652237423364835,0.031946067745067024
Hspa8,0.038707628800508,0.4726680955783123,1.0,-0.0903829427675035,-0.0359240948718248,0.0341726791303141,2.30204154219371,2.2438505367089188,0.5935831897960201
Thy1,0.1633234733386273,0.53624849919267,0.9699865729012168,-0.3185086424808596,-0.0995732137490461,0.1351208069757315,1.299141421440675,1.2112182883904312,0.6402638825241573
Rps25,0.0690958164642375,0.1813447646264983,0.522070334206556,-0.1126249256304266,-0.0741986661359081,-0.0227036442315965,3.1210479867119925,2.961405441896755,0.30601929030721586
Ddx6,0.0041634117795697,0.085410464849813,0.6083787677123833,-30.175935215995967,-0.6796893685559957,0.065585041942117,1.1114835092904087,0.6870577408414646,0.16815185267306937
Kmt2a,0.002419263668759,0.0313842213899098,0.2912962761638257,-30.186385313609996,-29.97481779890137,-2.190959577186101,1.0555559138552346,0.0,0.08247797094546319
Atp5l,0.0690958164642375,0.6238787012780821,1.0,-0.1044521447457651,0.0151278017128688,0.1286862399237808,1.91937451761772,1.9356985234724728,0.6728278147877748
Cd3g,0.0978804477256489,0.7344923394458999,1.0,-0.0548699293198413,0.0323525797898217,0.1692463667539771,2.09551687425585,2.1383926586134976,0.7413567538332447
Cd3d,1.5876796062554575e-05,0.0007144558228149,0.0473446058585377,-0.2456696253451816,-0.1866371307797789,-0.108744879286351,2.200967734911155,1.9357989520842076,0.012055691575456749
Cd3e,0.0978804477256489,0.6238787012780821,1.0,-0.1283116240536503,-0.0052936761612841,0.077955329684233,1.7597722932608049,1.7547871453092123,0.6728278147877748
Cox5a,0.0314201794077955,0.2028472404323827,0.5208065412399778,0.0985268619322503,0.2008704387225839,0.3929002793217612,1.22121879579801,1.4069721344218775,0.3362993722957924
Pkm,0.1146347591378783,0.5830482147869495,1.0,-29.7553409774432,-0.468160118949276,28.93746820031693,0.5941231012687576,0.48018119968027,0.6638320035827316
Rplp1,0.0007144558228149,0.0252441057394617,0.0978804477256489,-0.0996165273051185,-0.0782065016886224,-0.0574197327699147,4.351331078078445,4.122484739582884,0.07201714693974734
Rpl4,1.5876796062554575e-05,0.0001905215527506,0.0095578312296578,-0.1559765133951985,-0.1240473169572555,-0.0743180857989703,2.67880234387304,2.457376695853513,0.0102862137538188
Dennd4a,0.0246637587729408,0.3119748130387528,0.9691122863264724,-0.068507263925853,1.8090884595401175,30.107481786776987,0.299964644140935,1.1057499435382565,0.45443729991772086
Ppib,0.0054584424863062,0.1813447646264983,0.910105580693816,-0.1853536379699878,-0.0866586506665062,0.015649169804448,1.633430431347095,1.5367334414520288,0.30601929030721586
Rab8b,0.0001111375724378,0.0004386095771341,0.0076818062802948,0.625459605447863,1.7036518988466094,30.586529039054632,0.496064606974567,1.5960099950340476,0.012055691575456749
Rora,0.0201317774073192,0.1152655394141462,0.6238787012780821,0.0657137624702359,0.1501603242903731,0.2817797199433155,1.9304659972014304,2.14003031913719,0.21569492028983794
Arpp19,0.0610432303340801,0.3244455432516746,0.9682087749781296,-29.97270493653089,-0.5082193532339353,0.9971463782992346,0.945786446826826,0.629361267638901,0.4672015822824114
Eef1a1,3.175359212510915e-05,0.0095578312296578,0.2379772961816305,-0.0558783239438005,-0.0390329923685234,-0.0171425879809968,4.201515507136715,4.088771044896838,0.03457282492641769
Cox7a2,0.031330468647168,0.3958881626528012,0.9699293482575216,-0.0553792588405067,0.0780720053475746,0.4764776312405495,1.21899022017951,1.2817187535794825,0.5269215686012636
Senp6,0.0001720247930818,0.0027786850681888,0.0483305289102878,-29.91172694972921,-28.928684917796964,0.0,0.5109776380832712,0.0,0.021435570526027885
Bcl2a1b,0.015860919266492,0.2702706993728666,0.910105580693816,-0.0712871570127613,0.1221805304360417,0.270817335282921,1.4025128179103374,1.5292485346173723,0.41029045928893
Morf4l1,0.0021592442645074,0.2082876875446535,0.9699293482575216,-0.0286141782444807,0.0690495071739501,0.2076497283288499,1.62601072739877,1.7074956480249512,0.33863546620163015
Atp1b3,0.0007335473709934,0.009501095540355,0.1223341709161366,-30.05612633391812,-29.32560079133313,0.0,0.67280294987646,0.0,0.03457282492641769
Rpl29,0.0078303699178155,0.1163023379544592,0.549957305307333,-30.17263004696104,-0.5677396576318612,0.1969485313487812,1.135409842750615,0.7519941848938023,0.21700566842166163
Gnai2,0.0054933714376438,0.0690958164642375,0.5208065412399778,0.0454780991293697,0.1677347291560843,0.2786494796383679,1.458265031636905,1.634118187883695,0.14233361647673992
Rhoa,0.015860919266492,0.4726680955783123,0.9699293482575216,-0.0275525291344685,0.078333156349817,0.2209353628458886,1.4807438378821476,1.5676327014673663,0.5935831897960201
Shisa5,0.0001905215527506,0.0123997777248551,0.0978804477256489,-0.41311275235239,-0.3337422846862595,-0.2409162656939797,2.121899527260288,1.6837952779844525,0.04261014527268389
Tma7,0.1152655394141462,0.5713582599031516,1.0,-0.0974084276421335,-0.0176283984350026,0.0686193608009356,1.724353294411615,1.7019278235790287,0.6525101790889528
Rps27rt,0.0364452946909755,0.1610992900509824,0.6902252496425048,-30.167580772378848,-29.521766451694663,-0.0115074325113788,0.9379129795398644,0.0,0.27806178830717504
Rpsa,0.004096213384139,0.0573787409700722,0.1349368897356513,-0.1099123657997725,-0.0799367792937872,-0.0450509079248786,3.938814419264903,3.726633082946933,0.12653843510721938
Rpl14,0.0252441057394617,0.2082876875446535,0.910105580693816,-0.0731361656789029,-0.0377319900264571,0.0118536926582314,2.8394525517351776,2.76555014751388,0.33863546620163015
Nktr,0.0002040915427345,0.0031156560380675,0.0557705493380186,-30.364789214008827,-1.485193991200889,-0.3999956972214124,1.3063362306572512,0.463922262063219,0.022221094007349344
Cxcr6,0.0055091537897213,0.0506205147565935,0.2408721217561525,30.560881295209228,30.643681981096726,30.730862347225127,0.0,1.6775190227958665,0.11492224971767173
Abracl,0.0963061038899358,0.615497508592667,1.0,-0.1690479823971771,0.0524544921548608,0.799858023739206,1.1137166037202055,1.155765291875,0.6728278147877748
Tnfaip3,6.271334444709062e-05,0.0073033261887751,0.3053901722632373,0.0461691672722607,0.1623908511500609,0.356744444905822,1.776193383028864,1.9838455140023588,0.03457282492641769
Ifngr1,1.5876796062554575e-05,0.0003016591251885,0.004096213384139,0.2129788890093372,0.3195685614538371,0.4615887868132379,2.16701102370344,2.706837957234721,0.01200285782328979
Bclaf1,0.0001720247930818,0.0060568372158396,0.0553942414206647,-30.13787478531684,-30.00255349333643,-29.067563508980363,1.075643971659565,0.0,0.03383880383637773
Rps12,0.0314201794077955,0.1813447646264983,0.7344923394458999,-0.0561151323677576,-0.0258332332090145,-0.0009761991903972,3.83309679683714,3.763874641756844,0.30601929030721586
Rwdd1,0.007578779259748,0.1933680647293799,0.9071797966467664,0.1977930314026084,1.889314214710576,30.100278606276,0.2842416764923225,1.114869746152486,0.3234209224234761
Fyn,0.0008503839505192,0.0079084084763313,0.0527200179360818,-30.31963031430664,-30.15562675752806,-29.697978667929064,1.1960469252967083,0.0,0.03457282492641769
Cd164,0.0005684668718268,0.0076818062802948,0.0814425488288658,0.3751695938231315,2.322067081829068,30.509738887041625,0.2842416764923225,1.4655264479367889,0.03457282492641769
Srgn,0.004096213384139,0.015860919266492,0.2702706993728666,0.0544242952345595,0.1004979632501587,0.1730184471335839,3.2175646255053127,3.450839196132906,0.04934508216241955
Jmjd1c,0.0007335473709934,0.009501095540355,0.088567502575371,-29.55787684808148,-27.59019313825921,0.0,0.2020578458449295,0.0,0.03457282492641769
Mif,0.0473446058585377,0.262549586881392,0.910105580693816,0.0055528426322416,0.1915090980774739,0.3353303059499705,1.42823881329886,1.624477195053575,0.4075718432902102
Cnn2,0.0007335473709934,0.009501095540355,0.0298677932975399,-29.603590870094475,-28.057980203231907,0.0,0.27944327171261,0.0,0.03457282492641769
Arhgap45,0.0001720247930818,0.0027786850681888,0.0107135870764718,-30.00249428968126,-29.391046565562625,-26.531325602735084,0.7040226305022106,0.0,0.021435570526027885
Gpx4,0.0007866366885749,0.058064679805812,0.5208065412399778,0.0683214846823224,0.3170001521860267,1.4948293809374074,1.094223570890025,1.3702786325755,0.12760726143370313
Atp5d,0.0473446058585377,0.5713582599031516,1.0,-0.19784572803631,-0.0237026714413377,0.1394249520264167,1.4108248650428226,1.3885784752616688,0.6525101790889528
Rps15,0.0314201794077955,0.038707628800508,0.0694308168611571,-0.1742479887020614,-0.1311145513996925,-0.1061204453214085,3.1758225544959124,2.9012881111492934,0.09531911196476889
Oaz1,0.1568627450980392,0.6238787012780821,1.0,-0.0411932414278933,0.0094944375992728,0.0856121682874964,2.59010613622068,2.6070997206471818,0.6728278147877748
Eef2,0.0054933714376438,0.1813447646264983,0.9699293482575216,-0.1745570453762943,-0.0870693586700327,0.0181386564156641,2.1244705603803675,1.999093758010105,0.30601929030721586
Tle5,0.0073033261887751,0.1349368897356513,0.7920774787647853,-0.2720043397488325,-0.149895822740435,0.0038914989716864,1.4938430731207,1.3428498095651311,0.2411638029318023
Hsp90b1,0.0007869050746109,0.0473446058585377,0.5208065412399778,0.0506049636487223,0.1811836584135836,0.3537582097875344,1.2949957683918325,1.467309155348551,0.10979301235906289
Slc25a3,0.0054933714376438,0.1568627450980392,0.8506311026434865,-0.0003939330574127,0.1074079521201938,0.198178538049906,1.69619885173592,1.827728451601804,0.27136895948310674
Snrpf,0.0583492399385958,0.3527230778905403,0.9691140344788748,-0.0233396799311683,0.1436714289828053,0.6055217838487815,1.1736401671555174,1.2916572456334598,0.4919901234045174
Btg1,0.0001905215527506,0.004096213384139,0.1354850361197105,-0.2212784899280911,-0.1472515917754624,-0.0700927051684913,3.204025589940305,2.89162447159931,0.026467840328282765
Atp2b1,0.0001111375724378,0.0095578312296578,0.2702706993728666,0.166420486736281,0.3133439922681247,0.4680360427998188,1.35605628056478,1.6782782603879187,0.03457282492641769
Ppp1r12a,0.0040836058024366,0.0687656265374276,0.4735993736897232,-30.09169394778379,-1.1309807026036316,-0.0784580794096063,1.0739002745091135,0.4762460421947149,0.14233361647673992
Nap1l1,0.0095578312296578,0.0824958323410335,0.7274831814757029,-0.4305948647232578,-0.2812642469513934,-0.0810691655879228,1.3613156132753326,1.1213054173562802,0.16283772650083897
Cct2,0.0027786850681888,0.0636219384808227,0.6841213195627427,-30.03495645630788,-28.21784860737207,0.0,0.3121898956289875,0.0,0.1370318674971566
Lyz2,0.0007335473709934,0.009501095540355,0.0298677932975399,-30.070371430797383,-28.8766214032249,0.0,0.4928664031280713,0.0,0.03457282492641769
Rap1b,0.0252441057394617,0.133627453812384,0.4726680955783123,0.0436053038109642,0.172424041148163,0.3544874161711484,1.3490944075875977,1.522512915886945,0.2411638029318023
Llph,0.0007335473709934,0.0101021124665821,0.1131393705897797,-30.172606568157995,-29.921773353315228,-28.74284082987361,1.0170710726889671,0.0,0.0359449995777673
Naca,0.0123287290624751,0.1813447646264983,0.910105580693816,-0.0997668916871082,-0.0620690394005013,-0.0034464872628732,2.6552217640085725,2.5422917998157275,0.30601929030721586
Ptges3,0.137857131703232,0.6564077338807045,1.0,-29.34709990876936,0.0901657623071676,29.630386219297925,0.2950076816160262,0.4131569810142011,0.6999213636302012
Atp5b,0.0252441057394617,0.3053901722632373,0.9699293482575216,-0.0312779959088082,0.1373216152532734,0.3858501962033609,1.1868647640404548,1.3035151684347563,0.4465666735609427
Myl6,0.0095578312296578,0.2379772961816305,0.910105580693816,-0.0152634835295037,0.0585735574043807,0.1466849200894984,2.2470498278057964,2.344887955496951,0.37559673468332494
Rpl41,0.343145193299992,0.7344923394458999,1.0,-0.0469693006497075,-0.0042133777169725,0.0391255573855947,3.720518739885868,3.712013472262276,0.7413567538332447
Rps26,0.038707628800508,0.4726680955783123,0.9699293482575216,-0.0829288338107677,-0.0293686929297902,0.0294070031478688,3.438706614858325,3.369674604731318,0.5935831897960201
Uqcr10,0.1048821635849152,0.64330403310901,1.0,-0.1284500186792182,0.0374689362904986,0.2405173221236081,1.160854490581945,1.192234634799341,0.6908208082818346
Ppia,0.0001905215527506,0.0252441057394617,0.4726680955783123,0.005375531988827,0.0524780061557454,0.1080821750670424,3.14942747746757,3.2647940302189973,0.07201714693974734
Ramp3,0.0009971025540068,0.0047032888980492,0.0061455131856455,0.8735185376846031,2.3659092186379223,31.03899682954221,0.42140077732616,2.1800061572139917,0.029144970548567177
Sec61g,0.3053901722632373,0.7344923394458999,1.0,-0.1854902613518515,0.0129688700537162,0.257874318092448,1.7465616446479624,1.7604407944712526,0.7413567538332447
Actr2,0.0405877885339325,0.531643923280555,1.0,-0.3543028847164431,-0.0036861009356318,1.5342656848069611,1.0378460912864789,1.028506998289184,0.6389869729731313
Peli1,0.0689678582813591,0.5713582599031516,1.0,-0.1303902265832655,0.0057684726652406,0.169181426766785,1.3063749675581726,1.3122924722324487,0.6525101790889528
Rel,3.529139494825728e-05,0.0007335473709934,0.009501095540355,-30.377631867806347,-30.144278612216446,-29.19563599688504,1.18667572819041,0.0,0.012055691575456749
Rps27a,0.0054933714376438,0.0573787409700722,0.1813447646264983,-0.0830659343736467,-0.0600179824481968,-0.0379281290555621,3.9841152881798023,3.821690952487335,0.12653843510721938
Npm1,0.0029848376597602,0.1813447646264983,0.9699293482575216,-0.024828224312012,0.0585812515452662,0.1227154173578221,2.33722765469296,2.436112554964996,0.30601929030721586
Dock2,0.0046531078421473,0.0553942414206647,0.3898350125154107,-30.046808010285563,-29.430692051424884,-26.691902087045605,0.7236386397117915,0.0,0.12506136853363212
Clint1,0.0314201794077955,0.3789851040647087,0.9699293482575216,-0.0520372289596341,0.1356503296792645,0.3811236279904054,1.3574549089939798,1.49198319555304,0.5125602006871903
Itk,0.2999422553714393,0.7264717268578031,1.0,-1.066534900754327,0.2234227280209713,2.30276957114268,0.7994556957551235,0.998146480765661,0.7413567538332447
Rack1,0.0123287290624751,0.0690958164642375,0.343145193299992,-0.0910198328539208,-0.0605906243160385,-0.0335549802142248,3.346312809912355,3.20792544126639,0.14233361647673992
Sqstm1,0.0057606676070176,0.0480139728942661,0.4198490637342591,-29.68360538232636,-28.153953357244117,0.0,0.298665085401283,0.0,0.10999564699413689
Hnrnpab,0.0315432613391559,0.2282245285150198,0.7826235030086005,0.2558296885331334,1.2536241750824657,30.01899957351008,0.4395319733664475,1.0586096381957224,0.36632217315786614
Ube2b,0.0015241724220052,0.0473446058585377,0.4738715567198528,0.0186695031059154,0.2550756709425348,0.4717243517487481,1.42580367169371,1.7049685774289038,0.10979301235906289
Ppp2ca,0.0022988170023958,0.1531049840481027,0.9078340000264986,-0.0434235456137956,0.1922722138209177,1.2915346479868863,1.13980269638916,1.2982945264742876,0.26980738447637675
Tcf7,0.0001720247930818,0.0007335473709934,0.009501095540355,-30.525482577730127,-30.285322840971293,-29.589786244787906,1.30855084781709,0.0,0.012055691575456749
Uqcrq,0.0676059082962593,0.5598677791524032,1.0,-0.2850226421469989,-0.0011267539608098,0.8703589812678355,1.0706824060603926,1.0755948233647676,0.6525101790889528
Rapgef6,0.0001720247930818,0.0007335473709934,0.009501095540355,-30.18637496967465,-29.840758551439784,-28.553060966311364,0.9615312797070396,0.0,0.012055691575456749
Cdc42se2,0.0027786850681888,0.009501095540355,0.088567502575371,-29.31369592159957,-27.33904736523248,0.0,0.1697748311675747,0.0,0.03457282492641769
Hint1,0.0021592442645074,0.1349368897356513,0.9116011748829072,-0.0414447759178141,0.1072593088831792,0.2369114297724708,1.46050543721014,1.578092457414836,0.2411638029318023
Atox1,0.0007335473709934,0.009501095540355,0.088567502575371,-29.93434146192481,-27.77160812728836,0.0,0.2291326997735322,0.0,0.03457282492641769
Arf1,0.0583249774643827,0.5208065412399778,1.0,-0.1039698843168292,0.0723354963658344,0.6182637746769255,1.19524833717693,1.2568526928878965,0.6279581262797819
Ncor1,0.0095578312296578,0.3053901722632373,0.9699293482575216,-0.056891288735955,0.0739059380399676,0.1938217873766774,1.42801805333839,1.4986162474542124,0.4465666735609427
Ubb,0.0004763038818766,0.038707628800508,0.4268635389378423,0.0450084726905899,0.0871292657389066,0.1482341773194349,2.83453991412977,3.0065405698667464,0.09531911196476889
2410006H16Rik,0.0583492399385958,0.4858088749251383,1.0,-0.1375823046170718,-0.032289323131821,0.1796733427026969,1.2351922998238614,1.207875784878255,0.6090738133389794
Rpl26,0.004096213384139,0.0252441057394617,0.0978804477256489,-0.0777458351463936,-0.0506992355351381,-0.0339388017512609,3.64374233014725,3.51888156641005,0.07201714693974734
Kdm6b,0.0006834348667358,0.0130722697176655,0.1170097644977258,-30.294754347772173,-29.876747585549147,-28.76501928730578,0.9858190260985702,0.0,0.04431675294419335
Eif4a1,0.0201317774073192,0.3837421608319441,0.9699293482575216,-0.0285732393302555,0.0926962703129833,0.24169533927147,1.375958897436585,1.466222454555925,0.5125602006871903
Eif5a,0.1152655394141462,0.6238787012780821,1.0,-0.1585212859342427,0.0286834849765157,0.1861399526469124,1.320983533894315,1.3456544081713735,0.6728278147877748
Gabarap,0.0473446058585377,0.5369408750268727,1.0,-0.2058951671986039,-0.0272016032324015,0.266721767601412,1.1843916165847124,1.1564855044825275,0.6402638825241573
Rnasek,0.0313842213899098,0.2484670041644341,0.7675494509693419,-30.09097675590014,-29.53922054619217,-0.9563904594466596,0.8454693536818333,0.0,0.3881013536122152
Pfn1,1.5876796062554575e-05,0.0004763038818766,0.0123997777248551,-0.3100550779085433,-0.2553362399003589,-0.1810874033359041,2.729871733494625,2.2916194040861573,0.012055691575456749
Pafah1b1,0.0824958323410335,0.5541495674650121,1.0,-0.1037272361777037,0.0490655450852593,0.1935514904134693,1.2774964723775577,1.3204271459290324,0.6525101790889528
Ywhae,0.0057852199149455,0.2408516040602033,0.968559887123876,-0.0323155742129022,1.055443867532364,29.997534222808778,0.5011666937374932,1.04421645846366,0.3785848732799403
Ssh2,0.0003359251183343,0.0056349106983694,0.1063109509171188,-30.321009273759906,-30.137372506634023,-2.492833731906648,1.1822997204622925,0.0,0.03251902662570433
Rpl23a,0.0015241724220052,0.0095578312296578,0.0978804477256489,-0.1318636013584894,-0.1020457607376275,-0.0674662649224449,3.051826718894602,2.84170090216019,0.03457282492641769
Crlf3,0.0057852199149455,0.0761203448711755,0.5087557841299859,-30.1197869641168,-0.4591278038149907,-0.0634094238822149,1.173349118914175,0.8561522169777671,0.1551131555865463
Slfn2,0.1879938007844447,0.5622453293122838,1.0,-0.0350490396206539,0.1875321346353416,0.7583999692342258,1.2387132093176674,1.4214378460207424,0.6525101790889528
Vmp1,0.0001720247930818,0.0007335473709934,0.009501095540355,-30.110218220356625,-29.8404035627652,-28.057980203231907,0.9612947150037412,0.0,0.012055691575456749
Supt4a,0.004096213384139,0.1152655394141462,0.6784313725490196,-0.3754596487669782,-0.2374682491816622,-0.0742868588935375,1.4403698520602477,1.2190339559640488,0.21569492028983794
Nme2,0.0073033261887751,0.0978804477256489,0.6238787012780821,0.0270864029900629,0.0893639017080614,0.1686712461375441,1.8819884395064117,2.00545807597181,0.189252221177981
Nme1,0.0027786850681888,0.009501095540355,0.088567502575371,-29.47363674999631,-27.77160812728836,0.0,0.2291326997735322,0.0,0.03457282492641769
Atp5g1,0.141176505580472,0.6689706667452711,1.0,-0.2611015104962703,0.0908345289492262,2.0666353098547767,0.9983177289999188,1.0627996884323665,0.7064657267865824
Skap1,0.0076818062802948,0.0915373064256837,0.5087557841299859,-0.4673559126177783,-0.3045786217591968,0.0263346498852218,1.3672849870910575,1.109639490437759,0.17928032035703853
Rpl23,0.0054933714376438,0.0252441057394617,0.0690958164642375,-0.0772308315730935,-0.0623328692693259,-0.0448982195479825,4.272199231929893,4.090962710407272,0.07201714693974734
Rpl19,0.004096213384139,0.0690958164642375,0.343145193299992,-0.064061550738273,-0.045139471385692,-0.0216344662182414,4.062520911722778,3.937914717587653,0.14233361647673992
Eif1,1.5876796062554575e-05,0.0007144558228149,0.0389235532269586,0.0353773099032233,0.0772662753866803,0.1115825754961294,3.19984769246142,3.3750285213482125,0.012055691575456749
Stat3,0.0365306772221386,0.4514177784479147,1.0,-0.1862157126105237,0.6164710138177354,29.95279743679103,0.6648946945334657,1.045005564767865,0.58637773282925
Rpl27,0.0003016591251885,0.0573787409700722,0.7344923394458999,-0.0610542362163709,-0.037680567468886,-0.0015359951371914,3.562900020209825,3.47249563201871,0.12653843510721938
Limd2,3.529139494825728e-05,0.0001720247930818,0.0007335473709934,-30.39474098778517,-30.29062269654749,-30.07864529991068,1.3133667543717975,0.0,0.0102862137538188
Ddx5,0.0824958323410335,0.5713582599031516,1.0,-0.0501583777864454,-0.0151986704144833,0.0265262589604037,2.9722077458543303,2.937994986866124,0.6525101790889528
Gna13,1.5876796062554575e-05,0.0002462939704825,0.0201317774073192,0.1972825572833505,0.3632697222691152,0.5162562287380921,1.442458115355075,1.8575009020039048,0.010952837746162942
Prkar1a,0.0010637453361911,0.0201317774073192,0.2709362800654274,0.2227293885923282,0.3828259386925433,0.6037201423816116,1.2161360189663175,1.5837582817183162,0.05945003124544353
Rpl38,0.2379772961816305,0.5713582599031516,1.0,-0.085824272184084,-0.0450583317099157,-0.009196852887024,3.5385117066566827,3.4306878476506,0.6525101790889528
Atp5h,0.1563145987139795,0.6784313725490196,1.0,-0.0944821474449336,0.035235403347673,0.1567223513481761,1.8914348354722148,1.9342589501268528,0.7064657267865824
Jpt1,0.0572936832006929,0.3645242864117604,0.9663386604820364,-27.59019313825921,28.878749721981684,29.984632904748203,0.0,0.666055989833106,0.5056520376647539
Sumo2,0.0002988806858775,0.015860919266492,0.2702706993728666,-0.2774334681254841,-0.1993143405053561,-0.0919999322657278,1.845591937036444,1.603952544266957,0.04934508216241955
Grb2,0.0024237626225333,0.0320726224833987,0.3314499666551759,-30.045203159528217,-29.759378858138746,-27.57728359595603,0.9087944960535858,0.0,0.08389931694619175
H3f3b,0.0252441057394617,0.1894959005389581,0.8506311026434865,-0.0027035856581058,0.0348739030641167,0.0746051190474674,3.0607537742715225,3.133323455607046,0.3176472301717347
Ubald2,0.0123997777248551,0.2082876875446535,0.910105580693816,-0.2673243547637228,-0.1281432265130592,-0.0111269175149199,1.7461031549624724,1.6092824848970535,0.33863546620163015
Srsf2,0.0553942414206647,0.3418362516636597,0.9663185553224448,-27.713190694167896,27.167782628113965,29.78427974001955,0.0,0.3884406645356912,0.4821891563843754
Actg1,1.5876796062554575e-05,0.0001111375724378,0.0095578312296578,0.0966142223363482,0.1751816968523409,0.279067499176434,2.6914862881786825,3.0411367940465266,0.0093355560847752
Sf3b6,0.259298187118729,0.7280611426419807,1.0,-0.1036794882692659,0.1258762360334649,0.972484415661004,1.0346296896343312,1.1214981373819213,0.7413567538332447
Trib2,0.0001720247930818,0.0007335473709934,0.0027786850681888,-30.38425057678851,-30.0966523507177,-29.22466293777844,1.148140736754785,0.0,0.012055691575456749
Id2,0.0003320731849167,0.0201317774073192,0.2702706993728666,0.2473178740711905,0.5024394431357596,1.4057173331544133,1.2625502036548375,1.781953062444495,0.05945003124544353
Rps7,0.0015241724220052,0.0314201794077955,0.2379772961816305,-0.1039865163852156,-0.0793503568293028,-0.0502230444354584,3.976978728023695,3.763611653484461,0.08247797094546319
Ifrd1,0.1123793122104393,0.5095606674005999,0.969182212422568,-0.325439021165173,-0.1025473863851507,0.4187899587677299,1.36770873115632,1.2693976979980277,0.6279581262797819
Nfkbia,0.0002040915427345,0.0027631497736189,0.0444602138024841,-1.893425954429702,-1.5786115388818245,-0.6347326982773552,1.678941852413545,0.5536814220926475,0.021435570526027885
Fkbp3,0.0007335473709934,0.009501095540355,0.0978412151825437,-29.932507522302803,-28.56538869085894,0.0,0.397227066136122,0.0,0.03457282492641769
Rps29,0.3053901722632373,0.5713582599031516,0.910105580693816,-0.0770393645297131,-0.0417561247458931,-0.0208490383376761,4.162992530991193,4.044818920937055,0.6525101790889528
Rpl36al,0.2379772961816305,0.7344923394458999,1.0,-0.0289161371611052,0.0314261799615353,0.0793732600309348,2.3351918844855097,2.3885973390549275,0.7413567538332447
Psma3,0.1123793122104393,0.6238787012780821,1.0,-0.1382991445581775,0.0720155312747193,0.4444833395655208,1.07447439863213,1.1265842143781435,0.6728278147877748
Hif1a,1.5876796062554575e-05,6.35071842502183e-05,0.004096213384139,-0.3240898273981994,-0.2412394668869545,-0.1595788954121261,2.553650090321826,2.157129354836221,0.008001905215527506
Zfp36l1,1.5876796062554575e-05,0.0276556527566731,0.2968939270753236,-0.5894782481706686,-0.4095758920007694,-0.1984356774292263,1.679777694045935,1.27179140753939,0.07743582771868468
Srsf5,0.004096213384139,0.0473446058585377,0.3837421608319441,-0.2572372304517659,-0.1678599830356849,-0.0710098889270081,1.6792072119302026,1.4973416515920626,0.10979301235906289
Rbm25,0.0054933714376438,0.0473446058585377,0.296907573377952,-0.4258200817573289,-0.293351888467398,-0.1238388543936993,1.55111246193249,1.2632269245974923,0.10979301235906289
Npc2,0.0690958164642375,0.5713582599031516,1.0,-0.1124867818442217,0.0353820632851128,0.3341709847551869,1.1680899365943174,1.1948911701746274,0.6525101790889528
Tmed10,0.0256131025643269,0.2911284248433565,0.9671227617061148,-30.006118312407388,-29.37077384093657,0.0,0.7603124705965627,0.0,0.43756081348226145
Batf,0.0001720247930818,0.0007335473709934,0.0007335473709934,-30.325845251249504,-30.11317110389139,-29.881984723607573,1.1613624137766476,0.0,0.012055691575456749
Snw1,0.0027786850681888,0.009501095540355,0.088567502575371,-29.51780253681209,-26.991435734820445,0.0,0.1334233310206662,0.0,0.03457282492641769
Calm1,1.5876796062554575e-05,0.0004763038818766,0.0029848376597602,0.1764436867531138,0.2445821503506796,0.3277604336169755,2.1689342891134373,2.5694518240181377,0.012055691575456749
Ndufb1-ps,0.1349368897356513,0.64330403310901,1.0,-0.1998603762952258,0.0094435241521099,0.4315548519495114,1.27939476900672,1.2907671589245235,0.6908208082818346
Ddx24,0.0689678582813591,0.4602017451187122,1.0,-0.3124818124281244,-0.1274039406325008,0.408426528948168,1.2002103461630176,1.0833307329047637,0.5935831897960201
Ifi27l2a,0.0001529566816353,0.0018792173730716,0.0284504266710261,-30.889126832257148,-30.594124070369578,-1.6575668923614553,1.6696240685195276,0.0,0.021435570526027885
Bcl11b,0.0027786850681888,0.0027786850681888,0.0298677932975399,-29.805982037933035,-28.65769832846912,0.0,0.4234740501117837,0.0,0.021435570526027885
Hsp90aa1,0.1152655394141462,0.3837421608319441,0.9116011748829072,-0.0778391455839221,0.0138907461344969,0.1403812805794714,1.804580814963225,1.82062238838223,0.5125602006871903
Eif5,0.0007144558228149,0.0314201794077955,0.4268635389378423,0.0320373908006224,0.1485113558744245,0.2968604574896082,1.4561259308247725,1.6203870994744811,0.08247797094546319
Atp5mpl,0.0694015268921112,0.4725273871030239,0.969182212422568,-0.2760490673708809,-0.0898831286782639,0.1374258509009602,1.2574006199443135,1.1861398683372877,0.5935831897960201
Gpr132,0.0065360274816589,0.1480467339740305,0.7287213933169607,0.2660301803529997,1.8902033929984463,30.06353216942609,0.2900507190911175,1.06969488570505,0.26150310954291367
Crip1,6.35071842502183e-05,0.0007869050746109,0.0038003384534461,0.9677408677953416,1.5521121253232064,4.0158418797116,0.9388476913197872,2.7581674444931674,0.012393754925121675
Igha,0.0001111375724378,0.0029848376597602,0.0201317774073192,0.2220191759631519,0.3451089627775724,0.4860792495892045,1.426739871778915,1.813351647001116,0.02149083115027344
Gdi2,0.0073033261887751,0.1568627450980392,0.910105580693816,-0.2552208195608875,-0.1251730043943797,-0.0017965586855559,1.3813776576918677,1.268651066562595,0.27136895948310674
Klf6,0.0150463959875996,0.3747677914932922,0.9692169978474025,-0.1018771858117849,0.2173193790149427,30.152297562263296,1.0482363336229763,1.2101085781895538,0.5125602006871903
Arid4b,0.0001720247930818,0.0007335473709934,0.0102224535836243,-30.239097154166597,-29.98876793138571,-28.6455142235424,1.0654146884735232,0.0,0.012055691575456749
Psma2,0.0386692179445453,0.2939626650378599,0.90773026423876,-0.2694606434919599,-0.1174180852566134,0.0601315285835187,1.1678143776396075,1.0796297387309912,0.44007084112598427
BC005537,0.1507259379459612,0.6819728033664025,1.0,-29.10388527686434,0.8247509276019147,29.6706597183162,0.1697748311675747,0.3873638533616345,0.7091766703507569
Nol7,0.0001720041821901,0.0046531078421473,0.1403889715411655,-30.121805307474258,-29.78045338349591,-27.577332312352667,0.9221673729067518,0.0,0.029144970548567177
Jarid2,0.0027786850681888,0.0199234639295672,0.2615722360139493,-29.40023031394694,-27.33904736523248,0.0,0.1697748311675747,0.0,0.05945003124544353
Dek,0.1770139003397818,0.6837320643963538,1.0,-28.872222444151276,0.7951466035647005,29.75061234329216,0.0,0.327436557506928,0.7100294514885213
Prelid1,0.1269942382546464,0.5264792305547628,1.0,-27.21161600280458,27.647056571668703,29.852009363621697,0.0,0.260617283862132,0.6337870992028672
Ddx46,0.0027786850681888,0.009501095540355,0.088567502575371,-29.77039126757315,-27.77160812728836,0.0,0.2291326997735322,0.0,0.03457282492641769
H2afy,0.0335975653949324,0.2028472404323827,0.7868234305012446,-0.4010727509879302,-0.1843916310929628,0.261846547164613,1.23203189480226,1.0900289752280663,0.3362993722957924
Hnrnpk,0.038707628800508,0.3053901722632373,0.8506311026434865,-0.3197339030778827,-0.1925418645638977,-0.0476099663499535,1.56628816333193,1.3713614260944325,0.4465666735609427
Uqcrb,0.1892992055774022,0.7035921884209926,1.0,-28.887328182200257,0.0,29.70733918979352,0.0,0.188075227937533,0.7286516362277676
Cox7c,0.0015241724220052,0.0978804477256489,0.8521179645947434,-0.009027126276383,0.1059059442261342,0.2082312292632442,1.8406059391310552,1.9802988340928152,0.189252221177981
Tmem167,0.0027786850681888,0.009501095540355,0.088567502575371,-29.69647778527656,-27.72212218807716,0.0,0.221406476276877,0.0,0.03457282492641769
Rps23,0.0123997777248551,0.1568627450980392,0.5208065412399778,-0.059497755413769,-0.0363399831064863,-0.0158846163520533,4.09934883879085,3.9988804128328352,0.27136895948310674
Tbca,0.0534444192530722,0.4130102927919887,0.9682175527817732,0.1088739074954,2.3489362088430443,30.024518011645934,0.2002646169342937,1.0306030343479222,0.5468227344146119
Nsa2,0.1813447646264983,0.7283560871056942,1.0,-0.1211852147763891,-0.0086083893152304,0.072901092201111,1.7521953436981237,1.7396278363128164,0.7413567538332447
Btf3,0.1346305147937971,0.6238787012780821,1.0,-0.055672100058617,0.0058258953103054,0.0528982077414383,2.222359106412,2.2248859127574923,0.6728278147877748
Gpbp1,0.0167076850903374,0.3341195270386536,0.969182212422568,-0.2448904234811986,-0.1068100944255502,0.0900397298854086,1.2509167495252052,1.1613542390340474,0.476473182946327
Emb,0.0004763038818766,0.0021592442645074,0.0095578312296578,0.1683900382894067,0.2855308233350596,0.4123213827122143,2.431636185027465,2.968449424432804,0.021435570526027885
Top2b,0.0027786850681888,0.0636219384808227,0.6194547807579892,-29.980722471808864,-27.87049976085025,0.0,0.2453897512581712,0.0,0.1370318674971566
Rpl15,0.1148309121219338,0.6784313725490196,1.0,-0.0362228794184994,-0.0087990351022077,0.0285536131476975,3.133323071887455,3.110852306261706,0.7064657267865824
Rtraf,0.0027786850681888,0.0480139728942661,0.569475165090806,-29.44168285981455,-27.57538365648718,0.0,0.199994301049283,0.0,0.10999564699413689
Rps24,0.004096213384139,0.0201317774073192,0.1152655394141462,-0.0532321916874033,-0.0334593531049728,-0.0192787229444078,4.618925681436009,4.514730734713691,0.05945003124544353
Arf4,0.031330468647168,0.2379772961816305,0.9115833661226544,-0.0093061175791761,0.1227022240751865,0.2466345300827368,1.295707047091595,1.4128393661215213,0.37559673468332494
Selenok,0.004096213384139,0.0690958164642375,0.522070334206556,0.0501021375510405,0.1831175064422736,0.3259873987739748,1.4466641049760365,1.6476946083527324,0.14233361647673992
Timm23,0.0119286629906202,0.1182029444806938,0.7939062690319232,-30.03427909068007,-29.34506253383493,0.0,0.6819366733810712,0.0,0.2190231030083444
Wapl,0.0027786850681888,0.009501095540355,0.088567502575371,-29.392837520614943,-27.54091430848962,0.0,0.1952726017235207,0.0,0.03457282492641769
Ghitm,0.0027786850681888,0.0292545655864068,0.088567502575371,-29.83386071916484,-27.577332312352667,0.0,0.2002646169342937,0.0,0.0810126431623573
Hnrnpc,0.0610432303340801,0.4586652843794102,1.0,-29.9637946762849,-0.3781204857465047,28.92174170836284,0.752630265411891,0.4650530679889666,0.592736675198007
Trac,3.175359212510915e-05,0.0007144558228149,0.0123997777248551,-0.4050781297592325,-0.3226063087717504,-0.2050745751430038,1.964625948272285,1.5704730730347412,0.012055691575456749
Dad1,0.0300697993080905,0.2023371148299164,0.587778851213495,0.0702142261710565,0.2280826976567754,1.4947820773673957,1.127731942812515,1.3102674370189125,0.3362993722957924
Mrpl52,3.529139494825728e-05,0.0006834348667358,0.009501095540355,-30.18388370355289,-30.00043112463938,-28.99110103387942,1.074062740254,0.0,0.012055691575456749
Pabpn1,0.0001720247930818,0.0027786850681888,0.0298677932975399,-29.9799288484668,-29.260685695761403,0.0,0.6431971145366447,0.0,0.021435570526027885
Psme1,6.35071842502183e-05,0.0029848376597602,0.0583492399385958,-0.5297011372613454,-0.3389224353894716,-0.1961983481448305,1.42635705816089,1.1314288778724664,0.02149083115027344
Psme2,0.0001720247930818,0.0027786850681888,0.0298677932975399,-30.02973169371755,-29.055816058517227,0.0,0.5580621605677762,0.0,0.021435570526027885
Nedd8,0.0883516357539666,0.5543742897628018,1.0,-0.5798825513336228,0.1991099482298836,2.567605462179119,0.8566713262463075,0.9936745411612838,0.6525101790889528
Itm2b,0.1349368897356513,0.6238787012780821,1.0,-0.0761512738491827,0.0173061563613426,0.1470598179052843,2.24670391026779,2.2727375418499918,0.6728278147877748
Lcp1,0.0067178249354394,0.1214136242215987,0.7855571560139146,-0.4277225005433102,-0.2153853827391524,0.1387315497224237,1.3262016497950435,1.14700418010903,0.22387487783299662
Tpt1,0.0040684289910296,0.0824958323410335,0.4268635389378423,-0.0451249166556281,-0.029368747546601,-0.0096066899156296,4.8897899803632505,4.791729691286883,0.16283772650083897
Elf1,0.0964823177964112,0.6330267618492343,1.0,-0.1863555444683352,0.034377567506214,0.2638731603003967,1.1533501498298044,1.1920456432395437,0.6817211281453293
Tbc1d4,0.0007335473709934,0.009501095540355,0.2615722360139493,-29.952867964389892,-28.296810935478337,0.0,0.3297530885091425,0.0,0.03457282492641769
Mycbp2,0.0017191380645145,0.0265593042074621,0.243853614328986,-30.03334595981916,-29.11836376272542,0.0,0.5827750046232805,0.0,0.07520162539640954
Gm10076,0.4160846667545634,0.8145487507042003,1.0,-0.1702126540960866,0.105678800206382,0.6239951658848197,1.085396981300365,1.1531039153604126,0.8145487507042003
Rpl37,0.0252441057394617,0.3053901722632373,0.9699293482575216,-0.0625389906122383,-0.0312138722372382,0.0019789550556338,3.5920357194731927,3.514105855280715,0.4465666735609427
Fyb,1.5876796062554575e-05,0.0007144558228149,0.0475954592363258,-0.3048979918215502,-0.2221878054567867,-0.1414787595866879,2.04784319115915,1.7536661492560377,0.012055691575456749
Nipbl,0.0007335473709934,0.0174080378282394,0.2049892224528732,-29.823407530754803,-28.320101816082925,0.0,0.3351198288882425,0.0,0.05349787235019913
Il7r,0.0132051666645675,0.038707628800508,0.2978549927602662,0.3278192776458201,0.8264108699648017,3.102624517824774,1.002180684488635,1.7636290506509087,0.09531911196476889
Sub1,0.004096213384139,0.0073033261887751,0.0201317774073192,0.1788581124644666,0.2317662964157623,0.2965413200254932,2.201632568421105,2.5871549020371525,0.03457282492641769
Cct5,0.0007335473709934,0.0027786850681888,0.0490278111362928,-29.805334497398555,-28.72892295918248,0.0,0.4449052728335677,0.0,0.021435570526027885
Rpl30,0.0473446058585377,0.2702706993728666,0.8506311026434865,-0.0496836142848082,-0.0300517770466866,-0.0024242071796326,3.977395266927035,3.896123810393665,0.41029045928893
Cox6c,0.0201317774073192,0.343145193299992,0.9699293482575216,-0.006678740676399,0.0946187692085275,0.2334403472543907,1.83525854240074,1.96091583836402,0.4821891563843754
Rnf19a,0.0007335473709934,0.0102224535836243,0.1230602081438479,-29.844956053757898,-28.784649812476676,0.0,0.4624268123193447,0.0,0.0359449995777673
Pabpc1,0.2379772961816305,0.7344923394458999,1.0,-0.0508775784894205,0.0102849146722732,0.093020406025866,2.226868693877777,2.2467494464940825,0.7413567538332447
Ywhaz,6.35071842502183e-05,0.015860919266492,0.2379772961816305,0.1021288256859454,0.1865324920419463,0.2957877743617114,1.6204162679798748,1.8498230252019976,0.04934508216241955
Eif3e,6.35071842502183e-05,0.0252441057394617,0.4738715567198528,-0.246151047485533,-0.1478813482914757,-0.0447884042367249,1.617009894307345,1.4578560675170011,0.07201714693974734
Eif3h,0.0314201794077955,0.5208065412399778,0.970681114551083,-0.1501160304787975,-0.0307411605719077,0.1307074134260696,1.6895460342961774,1.6596937706152448,0.6279581262797819
Ndufb9,0.0007335473709934,0.016633341135281,0.1892992055774022,-30.04683742977913,-29.02524776648765,0.0,0.5463490704318352,0.0,0.051325738360295664
Phf20l1,0.0001720247930818,0.0027786850681888,0.0298677932975399,-29.97485077813512,-29.204112828250945,0.0,0.6184635645672738,0.0,0.021435570526027885
Sla,0.1059989585138545,0.6671736522987992,1.0,-0.2165142769410962,0.4928350781323519,29.938244499974505,0.7113014819099875,1.0183128915946202,0.7064657267865824
Ly6e,0.0573787409700722,0.5208065412399778,1.0,-0.2113115688597278,-0.0267525639936295,0.1833637692840917,1.6247796388515765,1.5975693766380177,0.6279581262797819
Ly6a,0.0003743686170781,0.0051351318928053,0.0420663191845752,-3.230997058938325,-1.4168646667906093,-0.4621689466536006,1.5691741429483326,0.57878171969598,0.03156227407285209
Eef1d,0.0201317774073192,0.3744979193953827,0.9699293482575216,-0.038437107017988,0.0836012931779707,0.3133411712028956,1.2162466160592498,1.2907210007271488,0.5125602006871903
Dgat1,0.0002990837973267,0.0057852199149455,0.0814252386094282,0.9102425657675968,3.17883548030203,30.441980317482408,0.15542205414445,1.4259338356068776,0.03313353224014241
Rpl8,0.0252441057394617,0.3053901722632373,0.9699293482575216,-0.0639879491139963,-0.0283547896412229,0.0068917242328372,3.4434860594250725,3.378712638295825,0.4465666735609427
Myh9,0.0007761696331711,0.0325325182293942,0.3140894263219681,-0.3669635729260266,-0.2367878730879175,-0.106518504511269,1.3560087032909975,1.1516352779833865,0.0848089095911104
Il2rb,0.0218317488739345,0.0966610330578377,0.3341195270386536,0.1837095810375043,1.3443866814860064,30.36304550582504,0.53348816929598,1.358386204408775,0.18882620411298529
Rac2,1.5876796062554575e-05,1.5876796062554575e-05,0.004096213384139,-0.4365516913938303,-0.3468483908592312,-0.27128924208448,1.92447267989869,1.51159281041004,0.006001428911645629
Lgals1,0.0001111375724378,0.0017731114297543,0.0121288692700313,0.5789278681427594,0.9393641137792004,2.7994278539610224,1.0724944864886106,2.0554172994520776,0.021435570526027885
Rpl3,0.0004763038818766,0.1152655394141462,0.5208065412399778,-0.0862192974473084,-0.0481819220000413,-0.0136942143950292,3.21465841330765,3.11071504795751,0.21569492028983794
Tnrc6b,0.0007335473709934,0.0102224535836243,0.0978412151825437,-30.070221582709472,-28.99088103981206,0.0,0.53348816929598,0.0,0.0359449995777673
Rbx1,0.1768036740169494,0.6995681542011702,1.0,-0.148909278735221,0.0483415636627031,0.5855873413858851,1.1504033116277077,1.191329216614645,0.7254780858382506
Snu13,0.1241011615931281,0.549957305307333,1.0,-29.69491034120997,0.0,29.729351517368222,0.4868706424653652,0.391510340442015,0.6525101790889528
Smdt1,0.0300884818856484,0.4539317823519836,1.0,-28.228013308961224,0.0924812150592998,29.862597510501875,0.82972576589878,0.9375341924187016,0.5886319510430525
Ndufa6,0.0003016591251885,0.038707628800508,0.3840458108774652,-0.3226859231160673,-0.1791893777029809,-0.0525521899917225,1.3669498982378625,1.20845566936587,0.09531911196476889
Tspo,0.0689678582813591,0.6238787012780821,1.0,-0.1754845879560436,-0.0525726916490216,0.0776634480462768,1.4397785931252924,1.3900282830266513,0.6728278147877748
Tmbim6,0.0251529813517874,0.2978424776621277,1.0,-29.825102456725133,-28.10572220925601,0.5996952372703018,0.3353777954332675,0.0,0.44412014420624957
Pfdn5,0.0688028895768834,0.4268635389378423,0.9699293482575216,-0.1048960663382189,-0.0411370564659736,0.0479214128144001,2.1758861529437565,2.113228586777245,0.5573555016183226
Prr13,0.0061440713230369,0.1813447646264983,0.9699293482575216,-0.0282591503842448,0.1717849023020581,1.226227858169872,1.1220660447848123,1.2646230632724351,0.30601929030721586
Pcbp2,0.0004719377629594,0.038707628800508,0.343145193299992,-0.3345082103483165,-0.1967874174618102,-0.0476829914070948,1.440348646535365,1.2566714002710224,0.09531911196476889
Atp5g2,0.1568627450980392,0.5713582599031516,0.9699293482575216,-0.1235063919034197,-0.0494041821345475,0.0937725996382964,1.66526789870068,1.6112024575092465,0.6525101790889528
Hnrnpa1,0.0978804477256489,0.6784313725490196,1.0,-0.1559483106459966,0.0124138323039844,0.1483997630817621,1.477509375579545,1.4873756949673873,0.7064657267865824
Ube2l3,0.0027786850681888,0.009501095540355,0.0978412151825437,-29.46721791577505,-27.58945480490416,0.0,0.2019544644126012,0.0,0.03457282492641769
Tra2b,0.038707628800508,0.3837421608319441,0.9699293482575216,-0.3305499374349456,-0.1203949474685729,0.1077150464797033,1.353607617548385,1.2426572102843023,0.5125602006871903
Eif4a2,0.0024238779803224,0.0217292143776675,0.2435871921094869,-29.98915861887427,-29.536394736359377,0.0,0.778647294369753,0.0,0.06367165143223501
Pak2,0.068945372960517,0.6158964889935725,1.0,-0.1065705884384506,0.0707594068596138,0.4766857443813186,1.1713484836711,1.2255561307493912,0.6728278147877748
Rpl35a,0.1349368897356513,0.4726680955783123,0.910105580693816,-0.0462368211942114,-0.0264420304532051,-0.0040118258108653,3.767682759430137,3.6991179920770376,0.5935831897960201
Cox17,0.0347673711076855,0.3284001495503572,0.968559887123876,-1.8208458041366988,-0.2204665452068808,0.9706115877077652,1.1388332730453574,0.9970304556509106,0.4719971731180038
Cd47,0.0123997777248551,0.2082876875446535,0.910105580693816,0.0112125220197403,0.1957675585882559,0.4989484502866108,1.2590559452243075,1.441940344023225,0.33863546620163015
Cblb,0.005256183774376,0.0451932221121192,0.3887814248471591,-30.12487164909072,-29.691518757845724,-27.735114876533856,0.8702359117433296,0.0,0.10950665357936576
Nfkbiz,0.0007335473709934,0.009501095540355,0.088567502575371,-29.881786398855827,-27.91865307685045,0.0,0.253718428610035,0.0,0.03457282492641769
Rpl24,0.0054933714376438,0.1349368897356513,0.428008652853853,-0.0897274525330368,-0.0609802543892399,-0.034142404550916,3.452987202733695,3.31176326335018,0.2411638029318023
Nrip1,0.0057852199149455,0.0335975653949324,0.1763147943584485,0.269516231857541,1.4956204700853997,30.35860897810831,0.4839323416515863,1.35627647022318,0.08668859876644675
D16Ertd472e,0.0010370714805383,0.0073033261887751,0.0586340835608684,0.562196902676483,0.8250335182168196,1.6604327959084235,1.0752196993704883,1.881746406230285,0.03457282492641769
Atp5j,0.0121264440332673,0.2630889109848705,0.9699293482575216,-0.056083019081759,0.2337617761797314,1.4279879584129858,1.1144382900472625,1.30722946235668,0.40757216537820107
Son,0.0010637453361911,0.1152655394141462,0.910105580693816,-0.2029579024232929,-0.0839692448535438,0.011564545658436,1.8384081991681225,1.7372666434657336,0.21569492028983794
Ezr,0.144747399408133,0.6695616611056714,1.0,-2.389380322028241,-0.1071661642775448,1.4040092833077598,0.9563677455027424,0.8937408928538559,0.7064657267865824
Psmb1,0.0314201794077955,0.4726680955783123,1.0,-0.1882755366842477,-0.044796953274119,0.101473766949446,1.4728790645731524,1.4285863285946525,0.5935831897960201
Srrm2,0.0003016591251885,0.0314201794077955,0.6238787012780821,-0.2003630753573052,-0.1256941110993539,-0.0245068411507232,1.8606888389022,1.70366655915137,0.08247797094546319
Elob,0.0473446058585377,0.3837421608319441,0.9699293482575216,-0.0382550427111179,0.0785400572925084,0.2271037505502845,1.57201004879022,1.6596794577786025,0.5125602006871903
Atp6v0c,0.1050616947607938,0.5622453293122838,1.0,-0.0516684900340868,0.1214389156485469,0.6362320186098488,1.088686350163675,1.1867945625048213,0.6525101790889528
Rps2,1.5876796062554575e-05,0.004096213384139,0.0690958164642375,0.0818041681846928,0.1679970763570845,0.2380583951677254,2.6262964429617157,2.9514243051452187,0.026467840328282765
Ndufb10,0.0007335473709934,0.009501095540355,0.088567502575371,-29.576422075210345,-28.081873965864705,0.0,0.2841099192219975,0.0,0.03457282492641769
Ube2i,0.1135927562887813,0.6238787012780821,1.0,-0.1655981326046627,-0.0450079516154927,0.2616850229431006,1.19832474514297,1.159948078155839,0.6728278147877748
Atp6v0e,0.0408264300091681,0.343145193299992,0.9699293482575216,-0.0397265831767517,0.2042369911165734,0.7794439158274744,1.0290762073593145,1.1856026411376623,0.4821891563843754
Rps10,0.0095578312296578,0.1568627450980392,0.5713582599031516,-0.0613144457631844,-0.0349052399503351,-0.0128144868619649,3.92207316119826,3.82555586937534,0.27136895948310674
Rpl10a,0.015860919266492,0.0978804477256489,0.4268635389378423,-0.1287018708700993,-0.0847781426651985,-0.0414484286860901,3.176672047403242,2.9907472948191423,0.189252221177981
Srsf3,0.0690958164642375,0.5208065412399778,1.0,-0.1148946618070221,0.0869433249085025,0.241768556234681,1.4388637198104637,1.5287438335067676,0.6279581262797819
Pim1,0.015860919266492,0.2702706993728666,0.9699293482575216,-0.2670255983917241,-0.1492948894361849,0.0729285099296281,1.731073294993665,1.5595738396152,0.41029045928893
Hnrnpm,0.0027786850681888,0.009501095540355,0.0298677932975399,-29.5500050565686,-27.47773763667151,0.0,0.1869059983244302,0.0,0.03457282492641769
Rps28,0.038707628800508,0.2082876875446535,0.5726712709375237,-0.1264291579630111,-0.0954988514138964,-0.0531363295538678,3.7657074508021777,3.5215695397110185,0.33863546620163015
Ndufa7,0.0006834348667358,0.0127264932339823,0.1772193691804515,-30.173288995631157,-29.877883017625063,-28.48131924121879,0.9867354429764614,0.0,0.04353497232982181
Rps18,0.0690958164642375,0.2702706993728666,0.910105580693816,-0.0508030746144108,-0.0229401696827803,0.0043925160749384,3.740500925152295,3.6831258889392338,0.41029045928893
H2-K1,0.1349368897356513,0.3837421608319441,0.7920774787647853,0.0008882926192419,0.0347685679686082,0.0803362434565492,3.2647098407595,3.347931917531934,0.5125602006871903
Psmb8,0.0004763038818766,0.038707628800508,0.3848201952845906,-0.3686690447292061,-0.2305424114795525,-0.0736292139692935,1.5531684950152949,1.323006162284201,0.09531911196476889
H2-Eb1,0.0007335473709934,0.009501095540355,0.088567502575371,-29.70942122251433,-27.77160812728836,0.0,0.2291326997735322,0.0,0.03457282492641769
Gpsm3,0.0007335473709934,0.009501095540355,0.0298677932975399,-29.967078608503616,-28.66477593264537,0.0,0.4255566424016203,0.0,0.03457282492641769
Clic1,0.0054771874764696,0.2379772961816305,0.9699293482575216,-0.0522874496363873,0.1339545014643045,0.2934325590231248,1.3345467327074,1.4658434793820123,0.37559673468332494
Ltb,0.0028677490529391,0.0583492399385958,0.6146958150878039,-0.5337791208463258,-0.3118567399153484,0.0520748831744434,1.4854239216236826,1.203156641911881,0.12786094316979255
H2-D1,0.0252441057394617,0.1349368897356513,0.4268635389378423,0.0368156472917724,0.077604760951334,0.1055481423089484,2.9705741598600026,3.1360256568331275,0.2411638029318023
H2-Q6,0.0001720247930818,0.0024238779803224,0.0265593042074621,-30.195261542531096,-30.046808010285563,-29.311890768428132,1.1091505136445,0.0,0.021435570526027885
H2-Q7,1.5876796062554575e-05,0.0001111375724378,0.0021592442645074,-0.2702858261051852,-0.2142858956650979,-0.1614398277158074,2.576265145216968,2.222425077094857,0.0093355560847752
H2-T23,8.600635107884218e-05,0.0009361006688602,0.0134710525997763,-30.260155387350224,-29.99518800420518,-29.187588909220946,1.070166437416206,0.0,0.014153842113166224
Gm42418,1.5876796062554575e-05,0.0001111375724378,0.0011395570373897,0.1100796165235529,0.1582272930373981,0.2014942684589765,3.267073804314528,3.647093786991749,0.0093355560847752
AY036118,0.038707628800508,0.2702706993728666,0.910105580693816,0.0097368494638383,0.077333436264952,0.2052955514452931,2.0373133012828517,2.1576824764573,0.41029045928893
Hsp90ab1,0.1568627450980392,0.6238787012780821,1.0,-0.04712534456744,0.0275480167836596,0.1011160308756181,2.588591619080625,2.645215069185929,0.6728278147877748
Tomm6,0.0629598554059982,0.5369408750268727,1.0,-0.273887467587814,0.0005828467379644,0.969197223266708,1.1016226625010528,1.1061478668879787,0.6402638825241573
Satb1,1.5876796062554575e-05,1.5876796062554575e-05,0.0004763038818766,-0.6845652185959683,-0.5191041853845852,-0.3656309562090962,1.987733823041425,1.398099586914265,0.006001428911645629
Rab5a,0.0027786850681888,0.009501095540355,0.088567502575371,-29.640778124028007,-27.58945480490416,0.0,0.2019544644126012,0.0,0.03457282492641769
Rpl36,0.0690958164642375,0.3837421608319441,1.0,-0.1339392287309893,-0.0914829019136707,-0.0220466961739121,3.580246780038052,3.3552186299790296,0.5125602006871903
Ankrd12,0.107951344335968,0.6208781961903972,1.0,-29.720391081358617,-27.21161600280458,28.47136415640745,0.212726630484646,0.0,0.6728278147877748
Tgif1,0.0001720247930818,0.0027786850681888,0.088567502575371,-29.857078327118376,-28.73076202097945,0.0,0.4454727732355675,0.0,0.021435570526027885
Myl12b,0.1152655394141462,0.6238787012780821,1.0,-0.1077923882904806,-0.0336107926899809,0.0741311447059766,2.0148085544784085,1.969538921259335,0.6728278147877748
Myl12a,0.0978804477256489,0.6238787012780821,1.0,-0.0739622787121535,0.0568501058350537,0.194600732720048,1.478887533327185,1.5293725891664076,0.6728278147877748
Smchd1,0.0677220065521783,0.511323918706056,1.0,-0.3246002836489112,-0.0925793015351317,0.1590818541225688,1.1527189083809848,1.0801538778117812,0.6279581262797819
Srsf7,0.0001905215527506,0.015860919266492,0.3053901722632373,0.1510175921804492,0.2861912363761279,0.4202887329217906,1.3183464870270751,1.606442437267389,0.04934508216241955
Cox7a2l,0.0040684289910296,0.0690958164642375,0.4726680955783123,-0.2865664895663996,-0.2096781404969914,-0.1243888341932259,1.6543749593127923,1.4341565923378226,0.14233361647673992
Zfp36l2,0.0010701382541962,0.0202098651191521,0.2099336787959307,-30.515728479740478,-30.242300204505764,-1.453440231768476,1.3098611127344113,0.0,0.05945003124544353
Calm2,0.0690958164642375,0.4726680955783123,1.0,-0.0519611657371091,0.0489506097663944,0.195644262574064,1.673673711702635,1.7289827885194424,0.5935831897960201
Crem,0.0002219962051443,0.0002345546750104,0.0010238557219044,0.5544853823791067,1.8556309155690656,30.722383037000533,0.490677735919112,1.7626893209372625,0.010952837746162942
Zeb1,0.2028344872923211,0.7575324115669454,1.0,-0.1714870730480677,-0.0256804963711908,0.405045974678006,1.2312288302955174,1.2015949283377336,0.7605504689835467
Kif5b,0.0527200179360818,0.3752159399982679,0.967739567973502,-29.9821387065324,-27.73569182870138,1.9507350275772213,0.6860376017393552,0.0,0.5125602006871903
Wac,0.0040811106100138,0.0815766989182437,0.663270284205586,-29.978098973724222,-29.052806506469757,0.0,0.5654814271066488,0.0,0.16283772650083897
Rock1,0.0473446058585377,0.5626868690234494,1.0,-0.2041000141501016,-0.0434045494671086,0.234989759701708,1.263842006660345,1.2289965452726102,0.6525101790889528
Rnf125,0.0283034384537636,0.395707125195179,0.9682087749781296,0.2991410227780908,29.701056834247204,29.94351798018627,0.0,0.9328896742713342,0.5269215686012636
Reep5,0.0115206170324675,0.0814252386094282,0.3686394745518044,1.7038512699595805,30.06458443339692,30.13977225173667,0.0,1.133519806664885,0.16283772650083897
Matr3,0.0007335473709934,0.009501095540355,0.088567502575371,-29.443458386457504,-26.991435734820445,0.0,0.1334233310206662,0.0,0.03457282492641769
Paip2,0.0095578312296578,0.4268635389378423,1.0,-0.0768233462488616,0.1442942077831778,0.4207425587941727,1.2983698817288252,1.4362034637332526,0.5573555016183226
Ube2d2a,0.0012730863420067,0.0333863238295691,0.3355711441694582,-29.9699579643732,-29.048569442445284,0.0,0.5552527683673201,0.0,0.08668859876644675
Ndufa2,0.1567746037227538,0.7283560871056942,1.0,-0.1705853684619991,-0.0188341366276236,0.1740162082267231,1.2409424395706523,1.2238524766755088,0.7413567538332447
Diaph1,0.1146347591378783,0.6646080249871684,1.0,-0.2351763519851244,0.8359992577816819,29.978448594820023,0.579220093127625,1.0283863754429463,0.7056793074301957
Ndfip1,1.5876796062554575e-05,0.0003016591251885,0.0095578312296578,0.1666295543453561,0.2726255890135581,0.4659269115168863,1.6810163920599426,2.030821194251597,0.01200285782328979
Nr3c1,0.0001529566816353,0.0002040915427345,0.0033676041190591,30.44652683410073,30.50222159634871,30.551412776335454,0.0,1.52084650449251,0.0102862137538188
Tnfaip8,0.0573225174744465,0.3225593316295753,0.905874626961447,-30.04892481492688,-1.3008855016134708,1.206902103022378,0.677957169568721,0.274905317233821,0.46626167248940525
Gramd3,3.529139494825728e-05,3.529139494825728e-05,0.0001720247930818,-30.58310012420971,-30.40656095614068,-30.183777980467617,1.4232687454288977,0.0,0.006670073645220627
Lmnb1,0.0233936089818559,0.1884383173875887,0.8437706440141102,0.0889831600371147,29.68435445097104,29.95731822487592,0.0,0.9070852550767962,0.3172814430846705
Rps14,0.0690958164642375,0.1349368897356513,0.343145193299992,-0.0493074036584343,-0.0315272514301065,-0.0160110555498485,3.992725526726809,3.907929419233949,0.2411638029318023
Cd74,0.0001720247930818,0.0027786850681888,0.0298677932975399,-29.967963726321337,-29.416805453563438,0.0,0.7167098812185665,0.0,0.021435570526027885
Csnk1a1,0.038707628800508,0.4726680955783123,1.0,-0.0846744830083069,0.0605518247193666,0.1954409248809741,1.244982745522145,1.2975168902824863,0.5935831897960201
Malt1,0.0027786850681888,0.0133949167537699,0.0959961730355479,-30.10410391370887,-29.55733396223664,-27.72212218807716,0.790030965527385,0.0,0.04441472397302652
Sec11c,0.1970191735253248,0.7264717268578031,1.0,-0.1642536420693033,0.130421424929094,1.437417340382197,1.0228691201367863,1.1219653044744635,0.7413567538332447
Mbd2,0.0048460129906725,0.069716785684335,0.4634263265270245,0.0777178619016768,0.3345308676324489,2.1294720941742717,1.1608717588612,1.46884940883412,0.14283439018254
Rpl17,0.0007144558228149,0.0029848376597602,0.0095578312296578,-0.0967144589806909,-0.07651071521982,-0.0572990014323571,4.0309683569418,3.821289446628365,0.02149083115027344
Smad7,0.0130722697176655,0.1403889715411655,0.7830550988171314,-30.001832451126155,-28.32797439737717,0.0,0.3369535286235825,0.0,0.2491409917491106
Ier3ip1,0.009501095540355,0.0480139728942661,0.3519631185845171,-28.58632969395753,-27.37630983286665,0.0,0.1742169586143537,0.0,0.10999564699413689
Atp5a1,0.0176920780777627,0.3053901722632373,0.9699293482575216,-0.318052595903675,-0.10557057636164,0.1894320348194031,1.1438614139248375,1.0628230385609223,0.4465666735609427
Cdk2ap2,0.0115206170324675,0.2255493715247968,0.9376790528685108,-2.551881811603302,-0.3073361264340557,0.8336076833213432,1.1040067604825174,0.9059513149258658,0.3627985635590348
Tmem134,0.0007335473709934,0.009501095540355,0.088567502575371,-29.69345032774614,-27.769625223747685,0.0,0.2288179860358327,0.0,0.03457282492641769
Ptprcap,3.529139494825728e-05,3.529139494825728e-05,0.0007335473709934,-30.294789348068456,-30.126684299979303,-29.700652988332106,1.17229157500927,0.0,0.006670073645220627
Ppp1ca,0.0085277918186478,0.0728974338943783,0.4425265297263172,-30.23749700854499,-1.335276131272881,-0.182390044282546,1.17215905720832,0.4517158390344522,0.14894718925445946
Cfl1,0.0095578312296578,0.3053901722632373,0.9699293482575216,-0.1356447018208043,-0.0528360229891464,0.0514881498183605,2.18555944860318,2.107372063668606,0.4465666735609427
Malat1,0.0573787409700722,0.4726680955783123,0.9699293482575216,-0.0094890479047562,0.0150276525568655,0.0383047798272447,5.546917564339505,5.603764105693597,0.5935831897960201
Fau,0.0073033261887751,0.0690958164642375,0.3837421608319441,-0.0584363513107756,-0.0379624150673283,-0.0192326071174048,4.452705643125061,4.336173231728615,0.14233361647673992
Trmt112,0.0027786850681888,0.009501095540355,0.088567502575371,-29.80868306900553,-28.08254286717392,0.0,0.2842416764923225,0.0,0.03457282492641769
Cox8a,0.0978804477256489,0.6784313725490196,1.0,-0.0560219365290579,0.0008585648264364,0.0783946550457574,2.07716257002048,2.077573655216555,0.7064657267865824
Slc3a2,0.1491328671438686,0.6533382222277953,1.0,-28.94062435105613,1.041787995450405,29.8537014578036,0.359443072107405,0.8319923934906286,0.6986190891148701
Ubxn1,0.0007335473709934,0.0027786850681888,0.0298677932975399,-29.90259714442666,-29.096060467256805,0.0,0.5738384220356286,0.0,0.021435570526027885
Eef1g,0.0072580773199968,0.3389054406609085,0.9699293482575216,-0.2796237833587558,-0.1150083267438226,0.0466902279329331,1.3913734292355129,1.2810371629272337,0.4816024683076068
Ahnak,0.0002219962051443,0.0004386095771341,0.0060878386813011,0.5735130857024584,1.838371220128912,30.54695855839174,0.432367753172832,1.5437886968605463,0.012055691575456749
Fth1,0.1152655394141462,0.4726680955783123,0.9699293482575216,-0.0193054819948582,0.0215120215329197,0.0803157430268264,3.442164780772237,3.489327401010144,0.5935831897960201
Tmem258,0.1387749168664838,0.6533382222277953,1.0,-29.40429043959771,-0.7522587093227591,29.051705077206567,0.2505380056201375,0.0,0.6986190891148701
Cd5,0.0160277688419755,0.1387749168664838,0.6840177624377881,-30.11629701260184,-29.21039017911184,0.0,0.6211636035880299,0.0,0.2474382951675985
Cd6,0.2748445680378338,0.7498482066597265,1.0,-29.49551070337459,0.2239775130253019,2.413764717270916,0.7705714082726476,0.9413831511072004,0.7548405382619884
AW112010,0.0573787409700722,0.3837421608319441,0.9699293482575216,-0.2147569655816059,-0.1145450775755368,0.0590128958403091,2.210286093485965,2.035607506593485,0.5125602006871903
Ms4a4b,0.0005935583603352,0.015049240840804,0.2315792029737146,-0.5723472642414634,-0.3712372974922132,-0.1013883344823255,1.5370378066465475,1.1870856619999937,0.04934508216241955
Gm8369,0.0001720247930818,0.0024238779803224,0.0292545655864068,-30.220476848374396,-30.07199717669697,-28.83840569396208,1.1286865171257676,0.0,0.021435570526027885
Ms4a6b,3.529139494825728e-05,0.0007335473709934,0.0077371208623235,-30.320209465348157,-30.111866155523742,-29.46385243717981,1.1603132054510126,0.0,0.012055691575456749
Zfp91,0.0007335473709934,0.0027786850681888,0.0298677932975399,-29.93235955269349,-28.81404191749976,0.0,0.4719444818970145,0.0,0.021435570526027885
Ostf1,6.35071842502183e-05,0.0007869050746109,0.004096213384139,0.4965880639760255,0.7183007195267959,0.9861997887139796,1.5610358116653074,2.570958679611484,0.012393754925121675
Uhrf2,0.009867514626194,0.1242523979293443,0.9048540570954512,0.535159692005428,29.77701117809737,30.009118867987617,0.0,0.9970756996232656,0.22855185604521727
Tm9sf3,0.0077371208623235,0.1131393705897797,0.7035921884209926,-29.71997778813926,-28.081873965864705,0.0,0.2841099192219975,0.0,0.21569492028983794
Got1,0.0003005389112932,0.007318906196645,0.0444162068920732,2.6923992728187645,30.288398289438945,30.34082263579636,0.0,1.3140826199070312,0.03457282492641769
Ndufb8,0.0007335473709934,0.009501095540355,0.1223341709161366,-29.738763147250197,-28.081873965864705,0.0,0.2841099192219975,0.0,0.03457282492641769
Atp5md,0.0054933714376438,0.0314201794077955,0.2082876875446535,0.1238109915173731,0.2534380648336403,0.4257052643802943,1.3026076921336749,1.550815682865405,0.08247797094546319
Sfr1,0.2097189315541241,0.7675494509693419,1.0,-28.980441660970715,0.0,29.675816317628325,0.0,0.193871370089073,0.7695853911575895
Dusp5,0.0385392543410508,0.3314499666551759,0.8397467778155911,0.0,28.98726026961545,30.013756863668505,0.0,0.5549960474597987,0.47457608861991096
Pdcd4,0.0720442553706852,0.5598677791524032,1.0,-0.0130780221413811,0.5002801127982245,2.636655727722841,0.8024469728671799,1.135834362178375,0.6525101790889528
Ablim1,0.0001720247930818,0.0007335473709934,0.0077371208623235,-30.314374306379875,-30.142311783292254,-29.593273375478272,1.1850590331584194,0.0,0.012055691575456749
Eif3a,0.0571278875922839,0.5208065412399778,1.0,-0.2141412785028615,-0.0593523068166882,0.1911967068060481,1.3487085002184924,1.290117870088535,0.6279581262797819
Rbm3,0.038707628800508,0.2702706993728666,0.910105580693816,0.0234057806927372,0.0697714132495178,0.1145140407011643,2.0591669949441123,2.1628017450415946,0.41029045928893
Ndufb11,0.0824552108678903,0.5713582599031516,1.0,-0.2349025127500731,0.0189666567510514,0.7179566958515206,1.070619038505535,1.0861361094319224,0.6525101790889528
Slc25a5,0.0022988170023958,0.0408264300091681,0.3837421608319441,-0.343288060776876,-0.2206475863036405,-0.052963561867414,1.35553944608971,1.1571552284433635,0.09924366908981055
Rpl39,0.0976712470975271,0.3156924803428724,0.9116011748829072,-0.0653208721564242,-0.0363428645455283,0.0034637417609536,4.038780770169352,3.9368523439319434,0.4580873611117304
Ndufa1,0.0003164457252413,0.0276556527566731,0.5713582599031516,0.0835188749261628,0.8985052708483248,30.15267655834478,0.6326720974121445,1.1784341233838949,0.07743582771868468
Sh2d1a,0.0007335473709934,0.009501095540355,0.2615722360139493,-29.612468060563007,-27.72212218807716,0.0,0.221406476276877,0.0,0.03457282492641769
Ssr4,0.2013144812161835,0.7575324115669454,1.0,-0.1194523371890946,0.0206275981697546,0.208032856612885,1.2128345229995623,1.23002665028817,0.7605504689835467
Rpl10,0.0007144558228149,0.0573787409700722,0.6798328967214403,-0.0902683632491109,-0.0478722957294265,-0.0065402344098885,3.1505589403737115,3.048740727410604,0.12653843510721938
Msn,0.015860919266492,0.2702706993728666,0.970681114551083,-0.2405279041682883,-0.1216340297778185,0.0388091157978626,1.6499600799091825,1.5185403038869936,0.41029045928893
Il2rg,0.015860919266492,0.4268635389378423,1.0,-0.2403267753344891,-0.0741365412686983,0.292374833416024,1.2840143268907749,1.21465593087403,0.5573555016183226
Ogt,0.0002440153010029,0.0060568372158396,0.0820570770913848,-30.23147573064995,-29.983346627799698,-28.916227074313205,1.0614205744673426,0.0,0.03383880383637773
Rps4x,0.0073033261887751,0.1152655394141462,0.7344923394458999,-0.073561748548976,-0.0440660026957245,-0.002525342534842,3.830944245414305,3.715700096517226,0.21569492028983794
Xist,1.5876796062554575e-05,0.004096213384139,0.0824958323410335,-0.2804467422053063,-0.217452271844291,-0.1388168227388942,2.555114375165865,2.194847888490417,0.026467840328282765
Atrx,0.0007335473709934,0.0202098651191521,0.2763716609523705,-30.28137002538082,-29.50320468493182,0.0,0.7609385347646143,0.0,0.05945003124544353
Cox7b,0.015860919266492,0.5118010169025737,1.0,-0.1812181519472921,0.0414272141325805,0.2979276611182105,1.326240863410475,1.3648378080097363,0.6279581262797819
Pgk1,0.0333738157127165,0.2484670041644341,0.8991953164370099,-30.07075435664511,-28.99003582728801,0.0,0.5885462294477862,0.0,0.3881013536122152
P2ry10,0.0007866366885749,0.0185720504973171,0.2315792029737146,0.1695899251379963,0.5107250166219786,1.5827477302741204,0.930510678726726,1.3394378641207023,0.05684400880960213
Rpl36a,0.0690958164642375,0.3837421608319441,0.910105580693816,-0.0630800874104026,-0.0224140834757592,0.0086741151356202,2.704139087352845,2.6638434578753047,0.5125602006871903
Sh3kbp1,0.0007335473709934,0.009501095540355,0.0298677932975399,-29.975521478389695,-28.637771040355435,0.0,0.4176650075129887,0.0,0.03457282492641769
Tmsb4x,0.0201317774073192,0.1349368897356513,0.3063340477891553,0.04898333050316,0.0952235044500175,0.1336717645210651,4.703960509253186,5.027783711444535,0.2411638029318023
mt-Nd1,0.015860919266492,0.1568627450980392,0.6784313725490196,0.0225005842406456,0.0726911184928672,0.125956812252772,2.678655936787345,2.8157010787760464,0.27136895948310674
mt-Nd2,3.175359212510915e-05,0.0001905215527506,0.0029848376597602,0.1282311835475311,0.1857467058722941,0.2434556362195835,2.5413403885743717,2.8867305322113537,0.0102862137538188
mt-Co1,0.004096213384139,0.0690958164642375,0.4726680955783123,-0.0493497989293229,-0.0325821537138858,-0.0088605407950021,4.1308130861295576,4.038578089058421,0.14233361647673992
mt-Co2,0.0095578312296578,0.0690958164642375,0.5208065412399778,0.0078117315917857,0.0309800485392686,0.0565575993383566,4.07401397340626,4.163755533849845,0.14233361647673992
mt-Atp6,0.0010637453361911,0.0473446058585377,0.4268635389378423,0.0212374625869982,0.0494310107663781,0.0847893596303885,4.2809804157719,4.429033361093561,0.10979301235906289
mt-Co3,0.0029848376597602,0.0252441057394617,0.2379772961816305,0.0329779441321547,0.0548383462612059,0.0751704459712261,3.92787417045084,4.078717554078992,0.07201714693974734
mt-Nd3,0.0002462939704825,0.015455080053648,0.2379772961816305,0.0995199777432872,0.2929704578851871,0.8645556503840323,1.115414876044602,1.3701201020708975,0.04934508216241955
mt-Nd4l,0.0009971025540068,0.0149923437767168,0.0691034592249343,0.4030937696477092,1.1808688901526456,30.3426758123708,0.5985871182526905,1.3710464670751552,0.04934508216241955
mt-Nd4,0.0001905215527506,0.0073033261887751,0.1349368897356513,0.0508814444117944,0.0934657637239307,0.1284235709600242,2.70996470979134,2.889845227000161,0.03457282492641769
mt-Nd5,0.0007144558228149,0.0314201794077955,0.5208065412399778,0.0481370670274688,0.2118170535483291,0.3468850678355216,1.4822257804433814,1.715950196642834,0.08247797094546319
mt-Cytb,0.0252441057394617,0.2702706993728666,0.9699293482575216,-0.0068795542287673,0.0240987951863164,0.0566772932768806,3.1816815414855,3.23713053875352,0.41029045928893
