gene,pval_lower,pval_median,pval_upper,log2fc_lower,log2fc_median,log2fc_upper,median_Salmonella_infNonTLSwk3_median,median_Salmonella_infNonTLSwk6_median,FDR_BH
Rb1cc1,0.0127769927806435,0.0764479298304189,0.4881429337396992,-29.144528346410183,-27.21161600280458,0.0,0.15542205414445,0.0,0.7807185978859797
Rpl7,0.2786324786324786,0.7209013209013208,1.0,-0.0536995555280585,-0.0063411262489486,0.0345344587429257,3.331759830943665,3.3263470557713024,0.7807185978859797
Ptpn18,0.1048951048951048,0.5053613053613053,1.0,-0.0839576861167817,0.0666034885153991,0.2202301566307835,1.5654239927883475,1.642687840286385,0.7807185978859797
Cox5b,0.0399796029462569,0.3169975086812533,0.95799832386793,-2.6968389374678847,-0.5455600144952537,0.0552639151423922,1.35736673168913,0.9256697741276548,0.7807185978859797
Eif5b,0.0158728572562095,0.2516139128667293,0.955270926520046,-30.130593151563005,-28.8431075809404,27.74287756812968,0.7097191032568795,0.0,0.7807185978859797
Rpl31,0.1948717948717948,0.6453768453768453,1.0,-0.0888544460843253,-0.0113751823213683,0.0486422216468904,2.486358324162582,2.4699054647275425,0.7807185978859797
Map4k4,0.0310325195001449,0.3651514359784691,0.958555419076078,-30.029163509753385,-2.903555828654587,0.9056028947796048,0.7026592348038363,0.1144168140364575,0.7807185978859797
Il18r1,0.2628736030405287,0.7463178799324552,1.0,-1.262809715813472,-0.124392928389174,0.6046081550963026,1.293219283728555,1.1809525317391518,0.7968443372480516
Nabp1,0.0494631804817343,0.3050045206475589,0.955270926520046,-30.142010015503985,-29.039883896229547,0.1274571038120143,0.6699320736652485,0.0,0.7807185978859797
Stat4,0.0498834498834498,0.5053613053613053,1.0,-0.3530967360041536,-0.0740730826958778,0.1443854562531552,1.522325802517765,1.4469961197960275,0.7807185978859797
Stat1,0.0214681709862187,0.1651999264393238,0.6856723475351414,-30.22233216706529,-29.51639401926501,0.0,0.7950637282357815,0.0,0.7807185978859797
Gls,0.1025458809789091,0.6339972307873878,1.0,-1.7029138440480844,0.0431669716143665,1.2454696429417536,0.9900489795278912,0.992765107538472,0.7807185978859797
Nab1,0.0127769927806435,0.0933375471780228,0.5655630979387989,1.184549761905007,29.456346798356723,30.16912141351719,0.0,0.7387099887855797,0.7807185978859797
Stk17b,0.0829836829836829,0.4418026418026417,1.0,-0.237228534033129,-0.0873453260233275,0.0538662389703911,2.07015417735965,1.9486697486861824,0.7807185978859797
Sf3b1,0.1303807303807303,0.6453768453768453,1.0,-0.0788754330320084,0.0463292430287298,0.1765082856582545,1.6478239526496852,1.7013152691828937,0.7807185978859797
Hspe1,0.0133028361855967,0.1559493936014953,0.8744661318050502,-30.03127380985405,-0.5198122333861324,0.0835404771593013,1.1774949861177255,0.819431947964125,0.7807185978859797
Bzw1,0.311062831417752,0.7840226582999281,1.0,-29.96558855218082,-0.5803396103914521,1.3135624157801329,0.9793722420309487,0.58415197957979,0.8005610871836035
Clk1,0.0379176379176379,0.3282051282051281,0.959129759129759,0.0150944562942374,0.2356009686761241,0.4511705010651395,1.50616089584525,1.7630460332486626,0.7807185978859797
Sumo1,0.169000047821659,0.7090730856847203,1.0,-1.077045829298919,0.0752079894808202,1.2576073221087345,1.0764365968955425,1.1227772914994425,0.7807185978859797
Cd28,0.0829836829836829,0.4418026418026417,1.0,-0.0622943267533533,0.1238040253205252,0.3364658153553582,1.5575239788931776,1.70282592294307,0.7807185978859797
Ctla4,0.1303807303807303,0.7209013209013208,1.0,-0.3499330926299555,-0.1034034729294789,0.1711611130582162,1.63008890950428,1.5083547845458425,0.7807185978859797
Icos,0.1605283605283605,0.7209013209013208,1.0,-0.1745485082231898,-0.0366702283695365,0.1193215103815943,2.25339974073416,2.197138707741305,0.7807185978859797
Eef1b2,0.1048951048951048,0.5053613053613053,1.0,-0.0921574363637366,-0.0292339155705317,0.0392529601549638,2.8142904546817578,2.75739427919675,0.7807185978859797
Rpl37a,0.5053613053613053,0.8784770784770783,1.0,-0.0224667118243108,0.0057564793309744,0.0362127220113686,4.069042234837937,4.082842516200649,0.8784770784770783
Arpc2,0.1948717948717948,0.7209013209013208,1.0,-0.0984327446341106,-0.0031267664787878,0.0990964649059874,2.16429583040506,2.1553459859933586,0.7807185978859797
Ncl,0.1303807303807303,0.6453768453768453,1.0,-0.1325988052152964,0.0258711148298941,0.1669798405118981,1.98700156264641,2.0245068557033763,0.7807185978859797
Ptma,0.0649572649572649,0.5053613053613053,0.959129759129759,-0.0962691357554291,-0.0415064995864798,0.0156906339215835,2.9261492674146723,2.83935074400879,0.7807185978859797
Lrrfip1,0.0127769927806435,0.2516139128667293,1.0,-29.514657276492738,-27.21161600280458,0.0,0.15542205414445,0.0,0.7807185978859797
Actr3,0.0619790574036473,0.4945189922275712,1.0,-1.028785085834323,-0.1244109447903613,0.2015050427599592,1.2840961773509698,1.2084677983528611,0.7807185978859797
Ubxn4,0.0092177973470549,0.0924391357016531,0.476087344441214,-30.051184443425328,-29.52514103640232,-1.138019559534648,0.8122491946112824,0.0,0.7807185978859797
Nucks1,0.169000047821659,0.6978946698210747,1.0,-2.135522525910053,0.1234926118573518,2.4241255840642677,0.775981026977517,0.8252263929134025,0.7807185978859797
Snrpe,0.1048951048951048,0.6453768453768453,1.0,-0.1806607797324359,0.0128932154807586,0.2111525994366315,1.37675279127473,1.380757210661335,0.7807185978859797
Btg2,0.0498834498834498,0.2786324786324786,0.8784770784770783,-0.0326848174818648,0.2714788030613065,0.4227854045157801,1.3375980194338386,1.6352683662420686,0.7807185978859797
Ptprc,0.1605283605283605,0.5737373737373737,1.0,-0.0283757030179049,0.0654489358344831,0.1601463163494085,2.7555845326385224,2.8863489945388823,0.7807185978859797
Rgs1,0.0325306307291984,0.2496751994882275,0.957810850422856,-30.37822289292792,-1.798418960842489,0.2665531122478378,1.192110326567268,0.3056758861438375,0.7807185978859797
Tpr,0.1048951048951048,0.6453768453768453,1.0,-0.2863589737803846,-0.0380213262405806,0.1781346574574537,1.551999961651155,1.4981115854396705,0.7807185978859797
Arpc5,0.1048951048951048,0.6453768453768453,1.0,-0.2722027657453988,0.0232249488186367,0.2747552543405457,1.1952699825496151,1.2226621603643988,0.7807185978859797
4930523C07Rik,0.0820772977283139,0.5531274454486008,1.0,-30.160084998787493,-1.3904701013003278,1.7051495710671545,0.8823338324517974,0.3071206809607775,0.7807185978859797
Gas5,0.2343064835240773,0.7209013209013208,1.0,-0.2262298460701958,0.015918418194632,0.2856107271538836,1.48810001517097,1.5120424680969826,0.7807185978859797
Prdx6,0.1303807303807303,0.5053613053613053,0.959129759129759,-0.0132637617156934,0.1421439933699806,0.3272883785359223,1.4245436589767126,1.5589513426450976,0.7807185978859797
Prrc2c,0.1948717948717948,0.7209013209013208,1.0,-0.1703958087126948,0.0133873666378703,0.1641760117837089,1.8212811787675172,1.842533544557495,0.7807185978859797
Pfdn2,0.2496751994882275,0.7723374412927804,1.0,-29.3223405695856,0.0,28.85631535726448,0.15542205414445,0.0,0.8005610871836035
Slamf6,0.1419908466507321,0.5068648382325069,1.0,-28.008167237390005,0.0,29.03794970698847,0.0,0.1616135131783212,0.7807185978859797
Tagln2,0.0287082281575455,0.3694929212098171,1.0,-29.87000697386537,-28.528394224659724,0.5135541086423265,0.4604072113959863,0.0,0.7807185978859797
Hnrnpu,0.188510304358411,0.6587604079106861,1.0,-0.2271604957930443,-0.0019245456819623,0.1950257083760159,1.3491823420042688,1.3527634528728163,0.7807185978859797
Itpkb,0.0561297453735418,0.3654215579150202,1.0,0.0,27.480451891384813,29.62593255748989,0.0,0.18725797015218,0.7807185978859797
H3f3a,0.1048951048951048,0.6453768453768453,1.0,-0.1032719746185183,-0.0217624760648482,0.0557972002247965,2.43858466942347,2.3983430630533675,0.7807185978859797
Srp9,0.0399290996811333,0.3648813140419181,1.0,-30.11615442739328,-0.8348528552099748,0.3318268667653529,1.108668274312435,0.6189112583102875,0.7807185978859797
Fam107b,0.2687359373937462,0.7517368206683361,1.0,-0.5362540211234653,-0.0283013920039019,0.3658860709981735,1.204454119483525,1.18938803393516,0.7978586270547463
Celf2,0.0281274281274281,0.5053613053613053,1.0,-0.0942637620678206,0.1955095816469217,0.4823780598145561,1.2729426788288114,1.4705720339896813,0.7807185978859797
Atp5c1,0.0752002988766929,0.6217687412649331,1.0,-30.065693659542973,-1.06495676971671,29.217885114148235,0.61980380760026,0.269654865701985,0.7807185978859797
Vim,0.2202347585707377,0.7090730856847203,1.0,-1.363889562495311,0.2918226148850538,29.298358715600585,0.8519967565314792,1.07368553074809,0.7807185978859797
Edf1,0.0035383895982645,0.0550394824230302,0.476087344441214,-30.14631167138212,-29.805630822778223,-0.7781411935030028,1.010590369232093,0.0,0.7807185978859797
Rpl7a,0.0046620046620046,0.1303807303807303,0.6453768453768453,-0.174410626612038,-0.098892137441252,0.0035182124834925,2.559245054046375,2.379753320575475,0.7807185978859797
Set,0.0649572649572649,0.5737373737373737,1.0,-0.4833657996783998,0.0028864817689639,0.1698858258219162,1.2252635101244,1.2451103828006551,0.7807185978859797
Rpl12,0.0206682206682206,0.2344988344988344,0.8784770784770783,0.0056537077749308,0.0393283091921083,0.0806542571812123,4.012261804766689,4.12306303771728,0.7807185978859797
Hspa5,0.0829836829836829,0.5737373737373737,1.0,-0.2420687403019442,-0.0636497547964,0.1028322470146708,1.8109184808960623,1.73335181572602,0.7807185978859797
Traf1,0.0104118104118104,0.1605283605283605,0.7984459984459983,-0.7127216223588138,-0.2289551623358711,0.0383026869276589,1.465126734971805,1.2578689491348336,0.7807185978859797
Rab14,0.1388637976716842,0.6217687412649331,1.0,-29.96142494214654,-0.958394480914579,29.20874497015088,0.4234740501117837,0.0,0.7807185978859797
Rpl35,0.4418026418026417,0.7984459984459983,1.0,-0.0882995718677181,-0.0087624901422293,0.080187382153566,2.646557202783238,2.6381523948524777,0.8005610871836035
Arhgap15,0.0820772977283139,0.5498255885806054,1.0,-29.502076723024995,-27.47773763667151,28.194230427901022,0.2019544644126012,0.0,0.7807185978859797
Cytip,0.194013209013209,0.7209013209013208,1.0,-0.1350651869395411,0.0120762871035271,0.1540717400890579,1.881559418966225,1.8998225030095572,0.7807185978859797
March7,0.0035383895982645,0.0310325195001449,0.312686223816409,-30.189935128463315,-29.85753497051558,-1.5340968861043216,1.0093220032611914,0.0,0.7807185978859797
Ppig,0.1452908980243374,0.6662276454096188,1.0,-27.925081748502627,-0.2370361134360769,28.63338370974289,0.92669768539496,0.7630901171090625,0.7807185978859797
Ssb,0.1686509059388473,0.6978946698210747,1.0,-1.6257771129034213,-0.1944466166749284,0.6847857300574702,1.1446455890343477,0.98889399938041,0.7807185978859797
Atp5g3,0.2073914000366514,0.7463178799324552,1.0,-2.012376317895375,0.0159283665148845,29.66009291558507,0.82042864004252,0.7918095462592649,0.7968443372480516
Hnrnpa3,0.1303807303807303,0.6453768453768453,1.0,-0.193293620134988,-0.0483028332523405,0.1063636803072836,1.6473071797421526,1.5977423740461776,0.7807185978859797
Zc3h15,0.0035113107016013,0.0702701306056764,0.5244497218060842,-30.10371404885523,-29.784290353935827,-0.7347915260142323,0.9615312797070396,0.0,0.7807185978859797
Cd82,0.1826273205277613,0.7011912626598479,1.0,-29.28469299495136,0.2623337293224702,29.34166992269085,0.269271259642235,0.3478918607545125,0.7807185978859797
Cd44,0.2715886742433745,0.7791362111653477,1.0,-29.87911842632476,-1.3038707900907966,28.905906026671797,0.3251968853120247,0.0,0.8005610871836035
Eif3m,0.289818055067093,0.7898534698691263,1.0,-2.459769404626442,-0.1811764786018246,0.5783573696032104,1.112918617430862,0.9946192347280988,0.8005610871836035
Nop10,0.0522595003179697,0.2808875253195705,0.7011912626598479,-30.17087074206962,-29.96750811669389,-1.547528733409225,1.1089262098209,0.0,0.7807185978859797
Srp14,0.11250638569044,0.5967990595834041,1.0,-1.804994458333236,-0.3729378092400988,0.2045922791384553,1.1853906136402323,0.8971313473095075,0.7807185978859797
Rtf1,0.0402162497314596,0.2715886742433745,0.9538571530616036,-29.710795463957524,-27.37630983286665,27.66962492594848,0.2586423606186625,0.0,0.7807185978859797
Pdia3,0.3056410254213622,0.7840226582999281,1.0,-1.1304856348684744,0.0538740154174101,2.161660159161056,0.9850210780518096,1.099127531851315,0.8005610871836035
Serf2,0.0147630147630147,0.1303807303807303,0.4418026418026417,-0.2459292954134233,-0.1432585108007422,-0.0733503746420795,2.3463755394730947,2.1248601205708537,0.7807185978859797
B2m,0.0829836829836829,0.5053613053613053,1.0,-0.0597850054827888,-0.0257870990929351,0.0168790093932587,3.502392258592929,3.435279616353315,0.7807185978859797
Snrpb,0.0561971119187938,0.2172187573017174,0.5374806305482035,-30.029325301559048,-29.436160527917213,-1.4768670488013276,0.7450904136731138,0.0,0.7807185978859797
Rrbp1,0.0127769927806435,0.091125993228696,0.4328024837451926,-29.69038462180411,-28.605098407517147,0.0,0.4083124746013072,0.0,0.7807185978859797
Fkbp1a,0.0309783644973281,0.2355589199240795,0.9538571530616036,-30.145397474342094,-29.826903435901485,-0.4429545513741961,1.0282246347573871,0.0,0.7807185978859797
Chmp4b,0.0310325195001449,0.3593635170698864,1.0,-30.04030147698604,-1.3516898482088742,0.2875416787432981,1.0150279806595104,0.3575947406425652,0.7807185978859797
Eif2s2,0.0828964098822239,0.4935627897033893,1.0,-0.7573060251976045,-0.0706685496083054,0.2322904202645668,1.2999016720858412,1.24808703616566,0.7807185978859797
Rbm39,0.0498834498834498,0.4418026418026417,0.959129759129759,-0.0326321115836596,0.040522863071146,0.131872081974684,2.313415642329385,2.379412513943301,0.7807185978859797
Scand1,0.0548784312548176,0.3648813140419181,0.957810850422856,-30.035018813725,-1.0644459115626344,0.7087250423255681,1.0677844808247523,0.4648344549741462,0.7807185978859797
Top1,0.0829836829836829,0.5684870004402581,1.0,-0.0952064284351905,0.1217989839256744,0.3323078355613368,1.2907326338816727,1.4127393576611027,0.7807185978859797
Serinc3,0.0847449524226575,0.3854182323682291,1.0,-0.0780373418772028,27.55353961337334,28.91298980271071,0.0,0.2830607002264725,0.7807185978859797
Stk4,0.1048951048951048,0.6453768453768453,1.0,-0.2276473285030977,0.0872298803498176,0.32110198119148,1.3178804521882324,1.4067304987831777,0.7807185978859797
Sys1,0.1651999264393238,0.7723374412927804,1.0,-28.083675950649187,1.558075954103497,29.35312313425389,0.0,0.2717862950043275,0.8005610871836035
Ptpn1,0.0496329132677271,0.4186613785292437,1.0,-29.95307337389221,-2.670577617438667,1.203265066095398,0.6129376092365095,0.1616135131783212,0.7807185978859797
Gnas,0.2344988344988344,0.7209013209013208,1.0,-0.2290843627183489,-0.0404490431918095,0.1518586386952896,1.64761695069791,1.6029405675596171,0.7807185978859797
Atp5e,0.1605283605283605,0.6453768453768453,1.0,-0.1362366154844602,-0.045439613149229,0.0606781913385108,2.066889883890365,1.9997349006800225,0.7807185978859797
Psma7,0.2974507468492199,0.7886676855699262,1.0,-2.1327786568185694,-0.2777095250993886,1.0264484719974858,0.967425310446788,0.8039072264022451,0.8005610871836035
Rps21,0.1605283605283605,0.5053613053613053,0.959129759129759,0.0110070180779572,0.0567352041423578,0.1057272963273976,3.826472835254703,3.980448094908815,0.7807185978859797
Rpl22l1,0.0498834498834498,0.5053613053613053,1.0,-0.0584116350632103,0.0332951832016464,0.1168163403941525,2.612639982205575,2.6744782592979224,0.7807185978859797
Sec62,0.0704615426471519,0.3694929212098171,0.956284952863831,-30.20322956625212,-1.5885239193433014,0.3114202940925152,1.0975178952286448,0.3804698568307835,0.7807185978859797
Ttc14,0.0819053727570234,0.574872695668895,1.0,-29.91834251242748,-0.8195634157141594,29.07567094164454,0.3911813074444518,0.269654865701985,0.7807185978859797
4932438A13Rik,0.2073914000366514,0.7430135555886839,1.0,-28.136678422440248,1.891899280394096,29.40403466294088,0.0,0.2219308937576587,0.7968443372480516
Serp1,0.0495434179315451,0.451913458279073,1.0,-29.62677759412377,-27.21161600280458,27.480451891384813,0.2900507190911175,0.0,0.7807185978859797
Mbnl1,0.1303807303807303,0.5053613053613053,1.0,-0.0107877789773941,0.0871558120152165,0.1960983931304913,2.0807362852411098,2.21813800528302,0.7807185978859797
Ccnl1,0.1832329769288219,0.6945980769823016,1.0,-29.46265850601681,0.7002640296681382,29.342227906564265,0.1952726017235207,0.354740726417435,0.7807185978859797
Pdcd10,0.1480106940237816,0.6549402754623503,1.0,-28.491766795317204,27.267972600894403,29.842669231417013,0.0,0.4449354807265759,0.7807185978859797
Rps3a1,0.1948717948717948,0.7209013209013208,1.0,-0.0335974925300769,0.0119367848768794,0.0543388707659939,3.43536595952492,3.4651405590912323,0.7807185978859797
Sh2d2a,0.0128396555983051,0.1651999264393238,0.8092796797798605,-30.13883698072266,-28.421188060642944,0.0,0.4454727732355675,0.0,0.7807185978859797
Krtcap2,0.0069768551490836,0.1454638334839635,0.8739169654469724,-30.17349256944238,-1.0214019890086878,-0.0404944478000126,1.1459619393965814,0.5772897671589763,0.7807185978859797
Tpm3,0.0649572649572649,0.4681608170151065,1.0,-0.0948603139597167,0.0991170548953151,0.3394621402710395,1.43370389193827,1.5304551318450512,0.7807185978859797
Rps27,0.1303807303807303,0.3282051282051281,0.7209013209013208,0.0288144641239788,0.0682465225693218,0.1121982140725363,4.209120274449978,4.413457313679547,0.7807185978859797
S100a11,0.0379176379176379,0.3282051282051281,0.959129759129759,-0.3295685634751815,-0.1685972174398478,-0.0287616872740896,1.8268062273993864,1.6327859127530913,0.7807185978859797
S100a10,0.2786324786324786,0.7209013209013208,1.0,-0.2511197272621798,-0.054660782568939,0.1608386979903687,1.8175170469515172,1.7329845056085629,0.7807185978859797
Psmd4,0.0072315213257339,0.1419908466507321,0.8621866944007625,-29.956965544954564,-29.32463601829992,0.0,0.7040226305022106,0.0,0.7807185978859797
Ctss,0.0127769927806435,0.180008443727484,0.8621866944007625,-29.856029563148567,-28.489332961262257,0.0,0.376828530421327,0.0,0.7807185978859797
Mcl1,0.0379176379176379,0.2786324786324786,0.959129759129759,-0.4212525804966938,-0.2100064778888746,0.0212460995837964,1.6884164023289787,1.44565837052689,0.7807185978859797
Anp32e,0.116692200339178,0.6136987693023748,1.0,-29.5515319948988,-27.37630983286665,28.284683522504825,0.253718428610035,0.0,0.7807185978859797
Cd2,0.194013209013209,0.7209013209013208,1.0,-0.1878041596790557,-0.016434387295234,0.1524540116158842,1.53159666100016,1.5204851893641824,0.7807185978859797
Csde1,0.1275273133578452,0.7123816042098661,1.0,-0.4583540569497076,-0.019669066743212,0.2654393645107492,1.2245983596871313,1.2084986623980662,0.7807185978859797
Ptpn22,0.2263157778954907,0.7209013209013208,1.0,-0.2045054469935078,-0.0139320735886469,0.2182957060065709,1.54542702042979,1.5212829682261049,0.7807185978859797
Capza1,0.0045693045692244,0.0933375471780228,0.7495587827451977,-29.75209884558187,-28.641587673369514,0.0,0.4187713982802115,0.0,0.7807185978859797
Rap1a,0.0829836829836829,0.4305578876446536,1.0,-1.0193673547851867,-0.2103225701042886,0.0635905767731729,1.3252094555984677,1.1445501397992224,0.7807185978859797
Atp5f1,0.0038499238704509,0.0822168388123539,0.6721953261121765,-30.25383125017584,-0.7564924175551897,-0.0479560925843847,1.2703792349605,0.7550750943652398,0.7807185978859797
Cd53,0.1948717948717948,0.7209013209013208,1.0,-0.1841931868109362,-0.0239418340614303,0.1980213257073551,1.6449181950225171,1.6023119484635877,0.7807185978859797
Prpf38b,0.091125993228696,0.5897443622083883,1.0,-29.696832515489422,-27.33904736523248,28.260731359545098,0.3347558281949425,0.0,0.7807185978859797
Rpl34,0.0379176379176379,0.2476478461028965,0.959129759129759,-0.0531677590426476,-0.0215915036401881,0.0049219268175107,3.8737569285488727,3.818952581601628,0.7807185978859797
Ube2d3,0.1948717948717948,0.7209013209013208,1.0,-0.1654211251148323,0.0115257535582944,0.1742079505094367,1.812242800102305,1.8349153887036835,0.7807185978859797
Nfkb1,0.0561971119187938,0.3050045206475589,0.8693781812977219,-30.113806711026367,-28.96002300778755,-0.1523027613180579,0.565690245566875,0.0,0.7807185978859797
H2afz,0.1605283605283605,0.6453768453768453,1.0,-0.0876221840130971,0.0192280075726415,0.1292200679936379,2.4516280327522173,2.478617787106024,0.7807185978859797
Selenof,0.0177874885442211,0.2687359373937462,1.0,-30.022758027348093,-1.3491512620088422,0.4983871631682408,1.0374321474551174,0.3748961558549974,0.7807185978859797
Sh3glb1,0.182423401990066,0.7123816042098661,1.0,-0.9771359649239404,-0.0229946278873201,0.6376766857683759,1.1206451174405876,1.107231299153426,0.7807185978859797
Gng5,0.0206682206682206,0.3822843822843822,0.959129759129759,-0.19706075238651,-0.068489538496641,0.0425079801022973,1.7573594388178737,1.6841756062629925,0.7807185978859797
Fubp1,0.0728488583209919,0.3050045206475589,0.9538571530616036,-29.35014859514762,-28.00448501811978,27.02673196696348,0.368519261378435,0.0,0.7807185978859797
Srsf11,0.05847998388463,0.4994620475323473,1.0,-0.8559455532104673,0.2216914562443963,3.1264119645325743,0.8947934508282437,1.1553840251427925,0.7807185978859797
Rps20,0.2344988344988344,0.7209013209013208,1.0,-0.0218032150480511,0.0105203201705064,0.0452610264169361,3.996569974572976,4.028917387517895,0.7807185978859797
Gm11808,0.0324742023051655,0.4323095522662977,1.0,-27.739312223725364,27.74287756812968,29.500987358666052,0.0,0.3335611522544165,0.7807185978859797
Rab2a,0.042540179680975,0.3694929212098171,1.0,-27.33904736523248,28.40218973321216,30.03284583654988,0.0,0.5729941456038188,0.7807185978859797
Pnisr,0.1651999264393238,0.6945980769823016,1.0,-29.826945163703684,-1.1422627576596895,29.180185706317367,0.3936331325671575,0.1144168140364575,0.7807185978859797
Pnrc1,0.001087801087801,0.0281274281274281,0.3822843822843822,0.0498373912754053,0.1929610398619292,0.3383221066408418,2.04671775944305,2.3370601670228788,0.7807185978859797
Zfp292,0.0933375471780228,0.6549402754623503,1.0,-29.531409476737338,0.0,29.04799805812016,0.1869059983244302,0.0,0.7807185978859797
Dnaja1,0.0829836829836829,0.5737373737373737,1.0,-0.0741410075916887,0.1119815572552237,0.2695413504375147,1.49165520617667,1.6190816136390689,0.7807185978859797
Tln1,0.2237103149867649,0.7111541697294341,1.0,-1.2467071112449055,-0.0646253737144898,0.9459428343396256,1.0673047120680907,0.8670221336318,0.7807185978859797
Clta,0.0984722781285988,0.5961490715101023,1.0,-29.855478061007688,-1.4473830680121464,27.93728610072552,0.6337849142895255,0.2570165632750025,0.7807185978859797
Anp32b,0.0133028361855967,0.2257768083327037,0.95799832386793,-30.257125225070943,-0.7044024317067343,0.0311142995889323,1.25754689592672,0.7687527066667075,0.7807185978859797
Sec61b,0.009862424592123,0.0829836829836829,0.4418026418026417,-0.6527587085200398,-0.1807917306147923,-0.0558688654209188,1.5149121686002651,1.3368963678254726,0.7807185978859797
Txn1,0.1605283605283605,0.7209013209013208,1.0,-0.2108012149332892,0.0037929323693778,0.1742263545820583,1.4163717280203398,1.4278751879013023,0.7807185978859797
Ptbp3,0.2042192702898491,0.7058654396235203,1.0,-1.0667916556508776,0.7137729099179497,29.92252995086999,0.54425251368369,0.9076883354862416,0.7807185978859797
Atp6v1g1,0.0065616501031227,0.1025458809789091,0.6339972307873878,-30.18150387046479,-1.165470390298422,-0.1553031956602389,1.1879172578027348,0.5073282142681512,0.7807185978859797
Tnfsf8,0.0069930069930069,0.1605283605283605,0.7984459984459983,-0.6405448373682586,-0.292499997778873,0.0311101102759384,2.0395760278792774,1.66684234071535,0.7807185978859797
Ttc39b,0.024027671425442,0.2251143150648852,0.7495587827451977,-29.643648273416662,-26.991435734820445,0.0,0.1334233310206662,0.0,0.7807185978859797
Rps6,0.2344988344988344,0.7984459984459983,1.0,-0.0635882987170028,-0.0082128540222016,0.0344783718458369,3.2235893276256977,3.2053440195034,0.8005610871836035
Jak1,0.1048951048951048,0.6453768453768453,1.0,-0.1595589115647073,0.0623430934000455,0.2641615154756772,1.3473998602892,1.413378353921015,0.7807185978859797
Mier1,0.1266856129229834,0.5967990595834041,1.0,-1.4377549674339198,-0.2424885078835942,0.5419555443276034,1.2190425209994724,1.023201169494685,0.7807185978859797
Scp2,0.0158728572562095,0.1038262693385791,0.4323095522662977,-30.051535144584395,-29.659079590538344,-1.431557520675494,0.8661579827721038,0.0,0.7807185978859797
Tut4,0.1605283605283605,0.7209013209013208,1.0,-0.1972370974047651,0.0050353602723473,0.1880917534265749,1.4286331356289874,1.438562004171554,0.7807185978859797
Uqcrh,0.0147630147630147,0.1605283605283605,0.7984459984459983,-0.2129427065780729,-0.1083634255159643,0.0006865949003355,2.1788638229072976,2.024618357048962,0.7807185978859797
Prdx1,0.0376442906310159,0.2687359373937462,0.9141283452014198,-2.337507924380445,-0.55487158216366,0.0584653372066114,1.247268035680955,0.8449601475718049,0.7807185978859797
Rps8,0.0825330225330225,0.5053613053613053,1.0,-0.0104011818758509,0.0205221900915558,0.0502359738493701,4.02883869033109,4.08832432589402,0.7807185978859797
Ybx1,0.0379176379176379,0.4418026418026417,1.0,-0.2358206669580713,-0.0986053472697043,0.0733246107523238,1.97874441775548,1.8405989031844512,0.7807185978859797
Macf1,0.0535024501087161,0.5068648382325069,1.0,-29.46673004769907,-0.0450575223494671,28.284683522504825,0.2002646169342937,0.0,0.7807185978859797
Sfpq,0.0785934912071024,0.5465237317126098,1.0,-30.13935520214493,-2.852970498291797,0.8386419065724592,0.8930124318332442,0.0,0.7807185978859797
Lck,0.1303807303807303,0.6453768453768453,1.0,-0.4831937814074369,-0.0067601203295832,0.1699469425129945,1.264332294750745,1.2701652309280476,0.7807185978859797
Tmem234,0.1782588513308433,0.6854434826775221,1.0,-29.70558469367284,0.0,29.165565119545057,0.2505380056201375,0.2717862950043275,0.7807185978859797
Khdrbs1,0.0164620142375873,0.2496751994882275,0.955270926520046,-30.17771797476661,-28.795419519109448,0.2482566857509902,1.0081908547822422,0.0,0.7807185978859797
Ptp4a2,0.0069930069930069,0.1048951048951048,0.4418026418026417,-0.2948348692030275,-0.1752551484292787,-0.0658235177948092,1.858090914951663,1.6427846581233525,0.7807185978859797
Laptm5,0.0645804195804195,0.3822843822843822,0.959129759129759,-0.2247451607069256,-0.1052242130098854,0.0307158428434975,1.87706182811633,1.7458177601301523,0.7807185978859797
Dnajc8,0.0240155822001197,0.160848252520881,0.6854434826775221,-30.11740145248996,-29.66125679527632,-1.3606475223568084,0.872544207610436,0.0,0.7807185978859797
Wasf2,0.0045693045692244,0.0402162497314596,0.3654215579150202,-29.8349712115754,-27.58945480490416,0.0,0.2019544644126012,0.0,0.7807185978859797
Zdhhc18,0.1038262693385791,0.5465237317126098,1.0,-29.97874221568556,-1.2017013066613158,0.9657500725915708,0.8534775802754926,0.388279668258126,0.7807185978859797
Cd52,0.0029526029526029,0.1303807303807303,0.5737373737373737,-0.2559624338265587,-0.1528654818491495,-0.05471452797179,2.769585858298595,2.4937689648509727,0.7807185978859797
Sh3bgrl3,0.0134408033545495,0.1048951048951048,0.5737373737373737,-0.3582515611126424,-0.2056818295715148,-0.0767936287051987,1.867406210153215,1.616787383339274,0.7807185978859797
Tmem50a,0.1119097370670114,0.476087344441214,1.0,-29.91058863039663,-2.102710903248566,28.00653883078701,0.5052874782155965,0.0,0.7807185978859797
Rsrp1,0.0649572649572649,0.516835012298345,1.0,-0.1556056275943922,0.1433130184051256,0.4182305173746605,1.2458083974503849,1.380207450366465,0.7807185978859797
Syf2,0.0262942089944858,0.3553825438264356,1.0,-29.989149436427844,-0.862753586199121,0.1512487905668523,1.070949188458494,0.596647640630105,0.7807185978859797
Srrm1,0.0281274281274281,0.3822843822843822,0.959129759129759,-1.0350631964925563,-0.2040520479642245,0.0982010067006325,1.2815848046536376,1.1065357512272551,0.7807185978859797
Rpl11,0.1303807303807303,0.5053613053613053,1.0,-0.0160527360743434,0.027931370966204,0.0660586983247507,3.63195614083637,3.7081212649910738,0.7807185978859797
Cdc42,0.0829836829836829,0.6453768453768453,1.0,-0.1359472583978869,0.0041949078941944,0.1310472410467945,1.7790423447666477,1.7861085560315135,0.7807185978859797
Hp1bp3,0.0847449524226575,0.6293010994055783,1.0,-28.792177408081127,0.0,29.3676771518786,0.0,0.2219308937576587,0.7807185978859797
Micos10,0.1175904202396153,0.4323095522662977,0.955270926520046,-29.846547052528365,-27.37630983286665,0.3258959296071306,0.1952726017235207,0.0,0.7807185978859797
Capzb,0.0621104744239398,0.4239989896164244,1.0,-30.16036971931497,-1.2177435444721096,0.3743257367185547,1.07840990471703,0.4003601212180905,0.7807185978859797
Kif1b,0.1832329769288219,0.7268978142369638,1.0,-29.888664624259977,-27.37630983286665,28.299448422461246,0.4160386980979625,0.0,0.7860880648248307
Park7,0.1311003359891045,0.5465237317126098,1.0,-29.933476080223045,-1.8424076473806688,28.126881849068702,0.620720338942703,0.0,0.7807185978859797
Rpl22,0.0206682206682206,0.2786324786324786,0.959129759129759,-0.0742307611281623,-0.0339849298654975,0.0112511225529753,3.2134052601650147,3.1381489426919904,0.7807185978859797
Gnb1,0.024027671425442,0.2976405854092169,0.955270926520046,-29.790256181166992,-28.463103840623837,0.7949228279824381,0.5150231450098557,0.0,0.7807185978859797
Sdf4,0.0082188515216813,0.0946411198588863,0.6552224597110318,-30.1459449193508,-29.789127113031583,-0.5483039417110145,1.0480489944303617,0.0,0.7807185978859797
Tnfrsf4,0.0752002988766929,0.2355589199240795,0.6217687412649331,-30.214395211355765,-1.2033681973992394,-0.2216415806994884,1.40368914397161,0.5933950310821875,0.7807185978859797
Tnfrsf18,0.0485338272976736,0.451913458279073,1.0,-29.917440725167666,-1.8864761322728576,28.85172841453713,0.368519261378435,0.0,0.7807185978859797
Krit1,0.0184843176072391,0.3252709799742125,1.0,-29.82284554563253,-28.711392879147898,0.0,0.4710159175464278,0.0,0.7807185978859797
Sri,0.0404213463806162,0.4935627897033893,1.0,-2.2135890402065392,-0.211856696165343,0.1525774592161351,1.30086429297792,1.1272656884654375,0.7807185978859797
Rsbn1l,0.2147580662912051,0.6536395693173636,1.0,-29.946133231663165,-1.6025848563703446,28.45217966330851,0.605414772331895,0.136727855960656,0.7807185978859797
Kmt2e,0.187959068257727,0.7209013209013208,1.0,-0.1197343972606311,0.08183521683597,0.3252405424120729,1.2840143268907749,1.36185216218739,0.7807185978859797
Tomm7,0.1948717948717948,0.7209013209013208,1.0,-0.1911502012862912,0.0165855087395488,0.2167546523664099,1.3490838412782251,1.36373191355504,0.7807185978859797
Dnajb6,0.1948717948717948,0.6453768453768453,1.0,-0.0839273671312979,0.1042263248867712,0.2566281060261597,1.4209197351164575,1.5288533489894625,0.7807185978859797
Ost4,0.0652558332244787,0.3648813140419181,0.95799832386793,0.0347039762352331,0.4443679575916834,1.8344876986600185,0.95258823460093,1.3176427630865126,0.7807185978859797
Mrpl33,0.0892626890842453,0.5465237317126098,1.0,-30.19796638226501,-1.915016986928336,0.0043462194833401,1.152600898745885,0.2830607002264725,0.7807185978859797
Arap2,0.2257768083327037,0.7111541697294341,1.0,-1.0551309761372805,0.0960223247404517,1.5200169856624532,1.0836516356135548,1.1579822937557576,0.7807185978859797
Rpl9,0.1948717948717948,0.6453768453768453,1.0,-0.016626295854779,0.0134098302405167,0.0428946033075161,3.7100562046216,3.7425286773790303,0.7807185978859797
Rhoh,0.1388637976716842,0.6275008061114353,1.0,-30.00681223378135,-0.8882868472583292,28.088396554102964,0.7838536174069111,0.367248067780205,0.7807185978859797
Ythdc1,0.1123161036705566,0.6362542681663956,1.0,-0.9765736587578066,0.0542592597349005,1.1276954155028822,1.0509493885520975,1.0834623115370152,0.7807185978859797
Jchain,0.0309783644973281,0.3694929212098171,1.0,-30.01441991170808,-28.153953357244117,1.5861280687519628,0.6920542874784341,0.0,0.7807185978859797
G3bp2,0.3050045206475589,0.7723374412927804,1.0,-29.360554239292227,-0.0049005196898619,29.21590444933093,0.2842416764923225,0.2246147706866075,0.8005610871836035
Hnrnpd,0.0485284880562916,0.4239989896164244,1.0,-2.085103512325002,-0.4439997698238099,0.1338714227226329,1.1993879336977689,0.8676808363346349,0.7807185978859797
Hnrnpdl,0.1025458809789091,0.6314395816467896,1.0,-0.7664943316431605,0.2537476118227532,1.9881930824660488,0.9069079719014924,1.12844903227008,0.7807185978859797
Rpl5,0.1303807303807303,0.7209013209013208,1.0,-0.0308262289275457,0.0155281139066275,0.0634013963285995,3.1566280165320286,3.1934715856919897,0.7807185978859797
Atp5k,0.1705610877239446,0.6854434826775221,1.0,-29.42443779207245,-0.6601049325519872,27.732560365470643,0.15542205414445,0.0,0.7807185978859797
Selplg,0.0428436018280163,0.1970345369219474,0.6854434826775221,-29.990296357955025,-29.329630420807664,-1.8254906516467175,0.6754311756381399,0.0,0.7807185978859797
Dynll1,0.032493177948472,0.3593635170698864,0.958555419076078,-30.093620713057994,-1.3819080169240776,0.6896877089569687,1.003119263304018,0.354229222514518,0.7807185978859797
Cox6a1,0.1104651304114385,0.6549402754623503,1.0,-28.34641009192434,0.0,28.63338370974289,0.0,0.136727855960656,0.7807185978859797
Rplp0,0.2786324786324786,0.7984459984459983,1.0,-0.0610356266439652,-0.0137646320388343,0.026877816109318,3.58816852722445,3.55394593846995,0.8005610871836035
Rpl6,0.0379176379176379,0.3282051282051281,0.959129759129759,-0.0874832642948558,-0.049561220888043,-0.0095469777685457,3.4759200200810576,3.3626771686200847,0.7807185978859797
Ppp1cc,0.2038372247326777,0.7090730856847203,1.0,-1.923618831256681,-0.3501899878364777,0.4573742565575076,1.090088515935375,0.8543578984536375,0.7807185978859797
Arpc3,0.1043473193473193,0.5737373737373737,1.0,-0.077177889238065,0.0997699340309824,0.2260977686641161,1.7229955233073877,1.8569838238753025,0.7807185978859797
Orai1,0.2171619622484127,0.7090730856847203,1.0,-29.661102488041745,0.1215716980690677,29.886629350583927,0.533175713224945,0.6351820536242735,0.7807185978859797
Rsrc2,0.02880201662765,0.1221757823939265,0.4239989896164244,-30.30338777212849,-1.6364676791912665,-0.3542316957497493,1.3184301094021065,0.4093653704992512,0.7807185978859797
Vps37b,0.0104118104118104,0.1266856129229834,0.6453768453768453,0.0395137122121955,0.2747943683492328,0.5321771871714521,1.46566750817933,1.7805232146122574,0.7807185978859797
Tmed2,0.0235358787657099,0.2257768083327037,0.95799832386793,-2.234597018207944,-0.2800606240679307,0.0740130511295092,1.21583819333654,1.016886492232155,0.7807185978859797
Ran,0.1479470225102861,0.6945980769823016,1.0,-29.606219515894196,0.0,29.56433773944143,0.221406476276877,0.25155181229747,0.7807185978859797
Chchd2,0.0103263403263403,0.1605283605283605,0.7984459984459983,-0.3246874285144633,-0.1472118341234067,0.0210975285704376,1.8791821929561912,1.6869489990331898,0.7807185978859797
Fis1,0.0379594723413105,0.3252709799742125,0.9141283452014198,-30.049522278460884,-2.1665148285559326,0.2169569055854374,0.76075970205608,0.1874344767415925,0.7807185978859797
Actb,0.0206682206682206,0.1948717948717948,0.7984459984459983,-0.1380512448273487,-0.0740312983314684,-0.0027270536007705,3.6365745314975175,3.4543522059570053,0.7807185978859797
Rac1,0.0903003237575779,0.5606272147226752,1.0,-1.7304040400415814,-0.1714680183640399,0.3418083692955341,1.2028059869733043,1.06885139706772,0.7807185978859797
Arpc1b,0.0018648018648018,0.0829836829836829,0.5737373737373737,-0.3897275618298246,-0.2267527000718607,-0.0736115548611663,1.760883285758143,1.5072110405822774,0.7807185978859797
Atp5j2,0.1550343725091923,0.7123816042098661,1.0,-0.1843431872248101,0.0372701319064477,0.2076889845275655,1.3098582039475326,1.34824888035399,0.7807185978859797
Rpl21,0.0829836829836829,0.5737373737373737,1.0,-0.0213374192696414,0.0182267280513912,0.0599782291737871,3.45686657035519,3.50071513683468,0.7807185978859797
Polr1d,0.0206682206682206,0.2786324786324786,0.959129759129759,-0.3417924225037569,-0.159444630399384,0.0776867547096297,1.54945907994598,1.3813875503957251,0.7807185978859797
Hmgb1,0.1048951048951048,0.6453768453768453,1.0,-0.107005856078429,0.008795481668726,0.1680869812242443,1.693368573165225,1.69478977755252,0.7807185978859797
N4bp2l2,0.0298406889515168,0.2619562016970459,0.955270926520046,-0.1782127324629042,28.91607987303479,29.861723689348707,0.0,0.5698227545121712,0.7807185978859797
Sem1,0.0379176379176379,0.2786324786324786,0.959129759129759,-0.3074730657977535,-0.1427137756907407,0.0378005367049826,1.6502466314508712,1.49386781724396,0.7807185978859797
Ndufa4,0.3282051282051281,0.7984459984459983,1.0,-0.2300336397910932,-0.0585920052853382,0.1096385430567605,1.512268343014144,1.4549006812442775,0.8005610871836035
Capza2,0.1501208222419232,0.7058654396235203,1.0,-29.522651718287985,-0.3468643191336172,2.0061690850754923,0.7132100685675827,0.5958199222158888,0.7807185978859797
Arf5,0.0821262551222226,0.4361802647236477,1.0,-1.1903904537928534,-0.1101313990730802,0.1110833560872427,1.3029393935660123,1.2057420144926,0.7807185978859797
Atp6v1f,0.2257768083327037,0.7123816042098661,1.0,-0.1090312361397189,0.1225076712323705,0.5388549847809757,1.1809174826473587,1.28719268338957,0.7807185978859797
Zc3hav1,0.1038262693385791,0.6549402754623503,1.0,-28.585741866509903,27.54614023538595,29.704008984727647,0.0,0.367248067780205,0.7807185978859797
Luc7l2,0.1948717948717948,0.7209013209013208,1.0,-0.1759295477860848,-0.0033783720508074,0.2610996337471382,1.5232002938082436,1.5171365258222198,0.7807185978859797
Trbc1,0.2344988344988344,0.7209013209013208,1.0,-0.256289457342426,0.2565834666751475,0.7601532352109831,1.407420193472305,1.69690234070303,0.7807185978859797
Trbc2,0.1605283605283605,0.7209013209013208,1.0,-0.074523788422531,0.0257239258753686,0.1145739227769575,2.503469015412935,2.5503301288284552,0.7807185978859797
Gimap4,0.0649572649572649,0.3822843822843822,0.959129759129759,-0.3473194979976395,-0.1055023105287966,0.1028973866011859,1.4998972939793471,1.399459062296895,0.7807185978859797
Gimap6,0.0379176379176379,0.3822843822843822,0.959129759129759,-0.0467643140688631,0.0932589442837824,0.2081227381912192,1.78035776981207,1.900706738292,0.7807185978859797
Gimap7,0.1119097370670114,0.6549402754623503,1.0,-29.634867970592698,-0.1055025966819798,29.435323851012864,0.253718428610035,0.0,0.7807185978859797
Gimap1,0.0235358787657099,0.3769809145987279,1.0,-1.066942503162279,-0.2350576245243467,0.0701283955427644,1.2441315876823924,1.05841625991247,0.7807185978859797
Gimap5,0.0402162497314596,0.312686223816409,0.9538571530616036,-29.844956053757898,-28.631050746325204,0.0,0.415723984360263,0.0,0.7807185978859797
Gimap3,0.0829836829836829,0.5737373737373737,1.0,-0.1171386351133932,0.0717446899796123,0.263313401056311,1.600222382533265,1.68132202187865,0.7807185978859797
Tra2a,0.1220693218353719,0.4883708485316103,1.0,-0.7943766526390261,1.2208277420115563,29.961321554586764,0.3566808294920049,0.8556569542251975,0.7807185978859797
Hnrnpa2b1,0.0379176379176379,0.5053613053613053,1.0,-0.2063775388783147,-0.0521860697374304,0.0974556508496448,1.84047789202408,1.77227727474469,0.7807185978859797
Tax1bp1,0.3282051282051281,0.7984459984459983,1.0,-0.1422321701313743,0.0200717062782775,0.2046006696885051,1.5315259582964176,1.5538223380213174,0.8005610871836035
Serbp1,0.0206682206682206,0.1948717948717948,0.7984459984459983,-0.228926324417475,-0.0930669765732959,0.016452621556604,2.086049155445464,1.9621184412800423,0.7807185978859797
Igkc,0.0649572649572649,0.3282051282051281,0.8784770784770783,-0.0260780912663606,0.092958700055517,0.208731195210719,2.279843231925708,2.435222934821005,0.7807185978859797
Tgoln1,0.1605273135584536,0.6854434826775221,1.0,-29.821683169159616,-1.835608631804185,27.992828072251417,0.4993953108584757,0.1874344767415925,0.7807185978859797
Tmsb10,0.3282051282051281,0.7984459984459983,1.0,-0.0611335772096929,-0.0095122872353744,0.0441551757298948,3.3507903897525075,3.33164636762308,0.8005610871836035
Dusp11,0.1480106940237816,0.6727535536421879,1.0,-29.730306930642644,-1.479094056333984,28.194230427901022,0.4390897788617425,0.18725797015218,0.7807185978859797
Snrpg,0.1948717948717948,0.7209013209013208,1.0,-0.0754588427517281,0.0427021803889394,0.1476207876707422,1.9978927822858124,2.0662701535342465,0.7807185978859797
Pcbp1,0.1647701956289352,0.6536395693173636,1.0,-29.511482051972703,0.1103201953872401,29.64804405275249,0.1742169586143537,0.29355638005119,0.7807185978859797
Mxd1,0.0298406889515168,0.312686223816409,1.0,-29.9809063815262,-27.954727403016523,0.0,0.27944327171261,0.0,0.7807185978859797
Cnbp,0.194013209013209,0.7209013209013208,1.0,-0.1455006056987177,0.0231264643823576,0.1954214362344914,1.6534884738156874,1.6737088603191126,0.7807185978859797
Bhlhe40,0.0404213463806162,0.5632366271431426,1.0,-0.9362890795750494,-0.1603494645189619,0.50468411250563,1.266517994792145,1.1172473411610624,0.7807185978859797
Vgll4,0.1177671694771242,0.6854434826775221,1.0,-29.635889378887267,-0.6131456346474731,28.952606423908893,0.4093158536696613,0.2570165632750025,0.7807185978859797
Rpl32,0.1048951048951048,0.3822843822843822,0.8784770784770783,-0.0619054879866121,-0.0287053693973563,0.0058787800550215,4.064955946599214,3.9849465593444098,0.7807185978859797
Hnrnpf,0.1303807303807303,0.6453768453768453,1.0,-0.2026727061608254,-0.0592362694334437,0.1714771956645177,1.6383253538262574,1.5630696360591765,0.7807185978859797
Wnk1,0.0649572649572649,0.5053613053613053,1.0,-0.2788735274719365,-0.086323210126526,0.0578464791667209,1.604540638414,1.52353871873356,0.7807185978859797
Emg1,0.1651999264393238,0.6945980769823016,1.0,-29.288560569615576,0.0,28.922712564708927,0.15542205414445,0.18725797015218,0.7807185978859797
Grcc10,0.1388637976716842,0.574872695668895,1.0,-30.05040104281464,-29.25948199325845,0.0,0.6673938506409824,0.0,0.7807185978859797
Tpi1,0.0127769927806435,0.0847449524226575,0.6858105987859666,-29.880203970049,-28.081873965864705,0.0,0.2841099192219975,0.0,0.7807185978859797
Cd4,0.0751415128628003,0.5498255885806054,1.0,-29.940391222181077,-0.9511966029744976,28.59362304716137,0.6859503376426328,0.269654865701985,0.7807185978859797
Chd4,0.0933375471780228,0.408746046137122,0.956284952863831,-29.887282225874785,-28.6455142235424,0.5195059710348032,0.5952066097908275,0.0,0.7807185978859797
Gapdh,0.1303807303807303,0.5737373737373737,1.0,-0.1928463505581978,-0.038644769952571,0.0974204162271783,2.02386011036721,1.9767390405026928,0.7807185978859797
Clec2d,0.169000047821659,0.7011912626598479,1.0,-2.410314849990018,-0.081871831332728,2.2117776822845445,0.9861436526633603,0.9344994165645836,0.7807185978859797
Cd69,0.0727843901281091,0.4825004246179465,1.0,-29.40283391861533,-27.57538365648718,0.0,0.199994301049283,0.0,0.7807185978859797
Cdkn1b,0.0649572649572649,0.5737373737373737,1.0,-0.30948434849406,0.0806665306105347,0.2963336905245119,1.2189186295917551,1.2955910670640425,0.7807185978859797
H2afj,0.1303807303807303,0.6741981971505068,1.0,-0.3713488763970269,-0.0228563523353685,0.2843327378708534,1.341414062319744,1.3166774725633426,0.7807185978859797
Arhgdib,0.001087801087801,0.0498834498834498,0.5053613053613053,-0.284697420631633,-0.1900127458509201,-0.0681826573997721,1.77666727461461,1.5544933200323277,0.7807185978859797
Aebp2,0.1303093949551582,0.6453768453768453,1.0,-0.2595363183690449,0.0056797483642473,0.2536602325572423,1.3746035296007,1.379893353593484,0.7807185978859797
Kras,0.1604138863551888,0.7209013209013208,1.0,-0.1714548823994429,0.0396286306729671,0.2783468520786367,1.392007868469115,1.430789192390895,0.7807185978859797
Ndufa3,0.1119097370670114,0.6025243523612969,1.0,-29.502697114683127,-27.37630983286665,0.0,0.1742169586143537,0.0,0.7807185978859797
Rps9,0.1948717948717948,0.7209013209013208,1.0,-0.0295821187048934,0.003318747827083,0.0294503042748501,3.818769340354352,3.831104947887285,0.7807185978859797
Rpl28,0.1605283605283605,0.5737373737373737,1.0,-0.0860569344335951,-0.0242433171963832,0.0287892882508006,3.4088729623078624,3.351017865707414,0.7807185978859797
Ube2s,0.2172187573017174,0.73646832843217,1.0,-29.79063313899113,-0.8756887114319231,28.12693636224366,0.4584586351066763,0.29311302639556,0.7930391530912557
Rps5,0.0046620046620046,0.0829836829836829,0.7209013209013208,0.0093543294170887,0.0454111718257215,0.0814691243864664,3.6858651570798,3.80165158052986,0.7807185978859797
Selenow,0.1048951048951048,0.6453768453768453,1.0,-0.2332215530290014,-0.0790496323576286,0.123496207239264,1.4583084076572177,1.3644548990008287,0.7807185978859797
Nop53,0.0751415128628003,0.5897737906589078,1.0,-29.734157695563248,-0.7382742778144382,1.2200381387475565,0.8194038927483438,0.4846197167151685,0.7807185978859797
Tmem160,0.0924391357016531,0.5244497218060842,1.0,-29.76577030381104,-27.54091430848962,27.883293333782905,0.328695932744187,0.0,0.7807185978859797
Snrpd2,0.05847998388463,0.397321419035571,1.0,-1.6126830057111092,-0.2290840522539872,0.0631878578063209,1.3474320848426675,1.1608781369679677,0.7807185978859797
Vasp,0.0496329132677271,0.3654215579150202,1.0,-30.005337427050552,-29.3212100496343,0.1534821264981598,0.7075176062493838,0.0,0.7807185978859797
Rps19,0.1948717948717948,0.7209013209013208,1.0,-0.0476105269518805,-0.0097957908732594,0.0408085493255859,3.743674554225625,3.7146029322142415,0.7807185978859797
Rabac1,0.2630105719268568,0.7090730856847203,1.0,-0.8051800633098498,0.3770146457069112,29.900734771256086,0.8369562651657025,1.1128427877847402,0.7807185978859797
Rps16,0.0645804195804195,0.4418026418026417,1.0,-0.0219459427923186,0.0138500816502708,0.0474202266933138,4.09844907460364,4.137632826982485,0.7807185978859797
Gmfg,0.2344988344988344,0.7209013209013208,1.0,-0.1413814831957918,-0.0031367883522391,0.1178344454362964,1.908616359415525,1.9097876155725748,0.7807185978859797
Eif3k,0.0281274281274281,0.1516595971667615,0.4935627897033893,-0.6678361009418096,-0.2299975762234144,-0.0569774492294617,1.5494574888065176,1.3191397692449187,0.7807185978859797
Hcst,0.1948717948717948,0.6453768453768453,1.0,-0.2401022353969886,-0.0771141501932489,0.1350277143736578,1.6404591680549074,1.538877128965145,0.7807185978859797
Psenen,0.0127769927806435,0.1480106940237816,0.6549402754623503,-29.80246324216756,-28.79038160624421,0.0,0.4642676777054713,0.0,0.7807185978859797
Cox6b1,0.0100266559492814,0.2306518150036921,0.959129759129759,-0.7106405378288115,-0.1618742001612349,0.0300056525974479,1.3726905863946688,1.235238127366335,0.7807185978859797
Fxyd5,0.0379176379176379,0.3282051282051281,0.959129759129759,-0.2415495802862911,-0.1025493913556134,0.0174229108423052,1.98566026777587,1.851923293527725,0.7807185978859797
Rps11,0.2344988344988344,0.7209013209013208,1.0,-0.0338145808418375,-0.002921734521528,0.0266498673255216,3.7846233807403,3.7765531072362126,0.7807185978859797
Rpl13a,0.2786324786324786,0.7209013209013208,1.0,-0.0367663318110007,-0.0081528754946997,0.0317137299093127,3.664792102248155,3.639993372498832,0.7807185978859797
Cd37,0.091125993228696,0.2251143150648852,0.5897443622083883,-29.40234798357728,-27.47773763667151,0.0,0.1869059983244302,0.0,0.7807185978859797
Snrnp70,0.0485974356945255,0.491634177169701,1.0,-29.955270128231,-0.800252703559869,1.008589087923211,1.0206360598794402,0.5717617736230453,0.7807185978859797
Ftl1,0.0829836829836829,0.6453768453768453,1.0,-0.1497413299117979,-0.0623546063134741,0.1108474360724646,2.292365194762377,2.18228070369232,0.7807185978859797
Rpl18,0.1605283605283605,0.7209013209013208,1.0,-0.0340651644094063,0.005017193617788,0.0335447581142486,3.61699858017892,3.6275789604172224,0.7807185978859797
Emp3,0.0127769927806435,0.0764479298304189,0.5897443622083883,-29.25713981575762,-27.21161600280458,0.0,0.15542205414445,0.0,0.7807185978859797
Ldha,0.1025458809789091,0.4935627897033893,1.0,-0.4769417112480434,-0.1964710867490134,0.1998454290423501,1.500235705099105,1.3139280972229612,0.7807185978859797
Klf13,0.0287082281575455,0.2073914000366514,0.8729594252880423,-0.2172830578326996,2.116637824470164,30.166103369471347,0.221406476276877,0.913239575477195,0.7807185978859797
Chd2,0.0073620625226393,0.0829836829836829,0.4305578876446536,0.0780284328362611,0.3276107079837655,1.3173208190388197,1.3025198131473574,1.6405027165413226,0.7807185978859797
1810026B05Rik,0.103288917902554,0.6691858079270729,1.0,-0.5472212991354196,0.0444130141687023,0.5623719887110814,1.11842781523876,1.151250431739638,0.7807185978859797
Akap13,0.0281274281274281,0.2344988344988344,0.7984459984459983,-0.2291234879387514,-0.1192919460876496,-0.0087374763656146,2.271229540691057,2.092006753934625,0.7807185978859797
Furin,0.1501208222419232,0.6314395816467896,1.0,-29.952857135810632,-0.5973688671479459,28.37406368944005,0.5680642089610772,0.269654865701985,0.7807185978859797
Iqgap1,0.1947234362000748,0.7123816042098661,1.0,-0.4972970671811034,0.0654378657070427,0.4790935573209011,1.1029634260774897,1.158458543331745,0.7807185978859797
Rps17,0.2786324786324786,0.7209013209013208,1.0,-0.1270546434688617,-0.0003590153601445,0.0969071140547722,2.471698950777785,2.47299394839535,0.7807185978859797
Picalm,0.0136354773848262,0.1826944712149479,0.8663732920582183,-30.13083082641934,-29.625590086608916,-0.3799924732047715,0.8555301352203837,0.0,0.7807185978859797
Rps3,0.1303807303807303,0.6453768453768453,1.0,-0.0353341798494668,-0.0028710218636518,0.0288022628444746,3.513564653061997,3.5076799785338046,0.7807185978859797
Spcs2,0.1825692954120889,0.7058654396235203,1.0,-1.641700284994555,0.1658371422374005,2.2911900371060634,0.7857879098247396,0.8616872114669375,0.7807185978859797
Ucp2,0.0498834498834498,0.4418026418026417,1.0,-0.3071297159534886,-0.0884806549574162,0.0961552355531473,1.50443940159613,1.42690362810301,0.7807185978859797
Taf10,0.0844297166939761,0.5897737906589078,1.0,-29.803825202205605,-0.6126676806897179,28.774058040156728,0.904249273800275,0.5423238004700774,0.7807185978859797
Eif3f,0.0646297588406126,0.5737373737373737,1.0,-0.2119556401851726,-0.0802538882406741,0.0738857211765744,1.7809920097146674,1.6773084117193662,0.7807185978859797
Rpl27a,0.3282051282051281,0.7984459984459983,1.0,-0.0201809599588404,0.0068959618312701,0.0331451883813655,4.056537393876647,4.07733652155124,0.8005610871836035
Eif4g2,0.031199774449795,0.2268047955085498,0.792746526993248,-1.4284090382517678,-0.3229120655210039,-0.0435129549591157,1.4258066687705049,1.1504746471058476,0.7807185978859797
Rps13,0.0379176379176379,0.3822843822843822,0.959129759129759,-0.0409922727192444,-0.0119090371845132,0.0161719204850987,3.653558209524535,3.627877505010424,0.7807185978859797
Rps15a,0.1948717948717948,0.6453768453768453,1.0,-0.0315458532291731,-0.0065159407164994,0.0239858904862518,4.059332149863535,4.040928231826262,0.7807185978859797
Arl6ip1,0.0098773749314597,0.1480106940237816,0.7463178799324552,-29.967006560043405,-29.237960721210577,0.0,0.7298556310197448,0.0,0.7807185978859797
Rbbp6,0.1447541897224064,0.6854434826775221,1.0,-29.385037270012543,-0.8123537755358282,28.51812109230404,0.2842416764923225,0.1144168140364575,0.7807185978859797
Lat,0.0073620625226393,0.1033079701313654,0.4945189922275712,-0.8266031257494867,-0.2594253010742126,-0.0486778131134521,1.5561723532131548,1.2973010233053974,0.7807185978859797
Eif3c,0.1447541897224064,0.6727535536421879,1.0,-29.49734373095103,-0.176533645865882,28.77710712041526,0.28449358864185,0.0,0.7807185978859797
Bola2,0.0127769927806435,0.1104651304114385,0.8099488327887812,-29.437114341030835,-27.21161600280458,0.0,0.15542205414445,0.0,0.7807185978859797
Coro1a,0.0498834498834498,0.5053613053613053,1.0,-0.2260775973390527,-0.0326034260504993,0.1552719659071949,1.6596235859410575,1.6275992048110812,0.7807185978859797
Gdpd3,0.2073914000366514,0.5967990595834041,1.0,-1.4299376957466887,-0.1831733295315135,0.5807669323254088,1.3958413086313577,1.274214919775225,0.7807185978859797
Aldoa,0.1024440409076513,0.5623719669710694,1.0,-0.9261647189464602,-0.1082309705979236,0.1945552493276592,1.31416874702289,1.22896513475074,0.7807185978859797
Sept1,0.0498834498834498,0.5737373737373737,1.0,-0.1401794031356202,0.0852307194538069,0.2677066962640877,1.3731097423151726,1.45996425608883,0.7807185978859797
Itgal,0.1057722078507525,0.574872695668895,1.0,-29.973807599787023,-1.6595583566634304,28.00653883078701,0.6258962652427384,0.2246147706866075,0.7807185978859797
Fus,0.0518570202911714,0.3716774469130736,0.959129759129759,-0.8400873700656424,-0.1558505817018482,0.0979993665435192,1.33918191871756,1.2133380919486825,0.7807185978859797
Rplp2,0.0147630147630147,0.1948717948717948,0.7984459984459983,0.0033306597171409,0.0350336598101178,0.0724676047228131,3.662623545028538,3.7533878158490177,0.7807185978859797
Lsp1,0.1550343725091923,0.7090730856847203,1.0,-2.0996701979150187,-0.0806346809848259,1.1061674387464682,1.040115284984925,1.016886492232155,0.7807185978859797
Arglu1,0.042540179680975,0.2243131265111537,0.6536395693173636,-30.00159809392723,-29.305709414128717,-26.991435734820445,0.6665850313433113,0.0,0.7807185978859797
Nsd3,0.0720770195258305,0.4935627897033893,1.0,-1.3026330478236958,-0.172188270270681,0.2111805324346734,1.1576361205234602,1.01583392035068,0.7807185978859797
Leprotl1,0.0099847227493918,0.1179173600517424,0.7011912626598479,-30.194933381220217,-29.86472410453435,-0.7604463331315567,1.1302745293622325,0.0,0.7807185978859797
Saraf,0.2929004919272089,0.7984459984459983,1.0,-0.2590745468068668,-0.0296411316140139,0.1803356310976427,1.335105782820005,1.29555889596156,0.8005610871836035
Hmgb2,0.1303807303807303,0.6453768453768453,1.0,-0.1781506583160093,-0.0342722993859403,0.0960670641000819,2.223150065802997,2.1691141941784062,0.7807185978859797
Ndufa13,0.0229215547738114,0.2676695026221232,0.957810850422856,-30.224493753579026,-0.7098225764691579,0.2937674683531671,1.1880853141280423,0.7276160428545104,0.7807185978859797
Uba52,0.2072440909861849,0.7525377274994569,1.0,-0.4664970074743808,0.0333949977593465,0.4209843643671241,1.2301665024622277,1.2665520498930012,0.7978586270547463
Jund,0.1605283605283605,0.7209013209013208,1.0,-0.1285612818263457,-0.0127576794122686,0.1028469718399873,2.457563830395528,2.4383247658522498,0.7807185978859797
Rpl18a,0.2344988344988344,0.7209013209013208,1.0,-0.0426638321184073,-0.0090744589853759,0.0317881886072744,3.88385295540625,3.858678811750974,0.7807185978859797
Tpm4,0.0376442906310159,0.2575318164737318,0.8739030607634299,-0.0646679159428161,0.7602775475340714,30.2362571433205,0.733700637578505,1.258020920825193,0.7807185978859797
Klf2,0.116692200339178,0.6854434826775221,1.0,-29.817907378920047,0.0,29.71369406983465,0.299964644140935,0.3071206809607775,0.7807185978859797
Smarca5,0.1123161036705566,0.6362542681663956,1.0,-1.062754588371406,-0.0151056632078807,0.6080558446268199,1.089576134928904,1.083048290559005,0.7807185978859797
Inpp4b,0.0324742023051655,0.2696996243908753,0.9451041408760484,-29.132996119889373,-1.2694906945839313,0.0,0.1697748311675747,0.0,0.7807185978859797
Ndufb7,0.0402162497314596,0.2251143150648852,0.7001281270153146,-29.502320452453738,-27.954727403016523,0.0,0.2601425944616925,0.0,0.7807185978859797
D8Ertd738e,0.0308276094320916,0.187959068257727,0.6453768453768453,-0.645332850467173,-0.194030274077309,-0.0096525573031802,1.427289426592945,1.2536959391376752,0.7807185978859797
Calr,0.0404213463806162,0.2630105719268568,0.8739169654469724,-2.547694365940937,-0.830632238622061,-0.0577906925247161,1.27448487745293,0.727102804553537,0.7807185978859797
Junb,0.1303807303807303,0.7209013209013208,1.0,-0.1332744542257714,0.0652458699044589,0.2218789384126923,2.000006569578085,2.102913560630288,0.7807185978859797
Trir,0.0324742023051655,0.3514015705829848,1.0,-29.956595685868884,-28.63013677187861,27.02673196696348,0.52367783245926,0.0,0.7807185978859797
Gabarapl2,0.0522595003179697,0.5465237317126098,1.0,-29.93960674211544,-1.053148545147799,1.41524581648418,0.8562740626660683,0.354740726417435,0.7807185978859797
Maf,0.0104118104118104,0.2344988344988344,0.959129759129759,-0.0301924564025452,0.2941290458265839,0.5606138863934809,1.3730583446695377,1.695281544603835,0.7807185978859797
Cotl1,0.070456757346115,0.5465237317126098,1.0,-29.795065506740027,-27.769625223747685,28.260731359545098,0.31001318204676,0.0,0.7807185978859797
Cox4i1,0.1048951048951048,0.5737373737373737,1.0,-0.1833891971420823,-0.0557879743258541,0.0632803283389728,2.1126356802124957,2.03029709048367,0.7807185978859797
Map1lc3b,0.0649572649572649,0.5053613053613053,1.0,-0.1074565808547542,0.1058537109551662,0.3426080867924112,1.3303293047782,1.4446405470889263,0.7807185978859797
Cyba,0.0229215547738114,0.1550343725091923,0.6362542681663956,-2.6379879266305304,-0.5886159999902711,-0.0278851479590457,1.3441450015198924,0.8728025059725151,0.7807185978859797
Aprt,0.0550394824230302,0.4065528520980866,1.0,-29.9854031092202,-27.59019313825921,0.0,0.2288179860358327,0.0,0.7807185978859797
Ankrd11,0.0498834498834498,0.5053613053613053,1.0,-0.1037558155460132,0.0460113133389311,0.2048625452857819,1.68112188807476,1.7442332248188,0.7807185978859797
Rpl13,0.1948717948717948,0.7209013209013208,1.0,-0.0173339398360574,0.0097334909698101,0.0399363643172622,4.17459365790081,4.202235566890665,0.7807185978859797
Tcf25,0.214946955169527,0.7011912626598479,1.0,-29.606485654398224,0.100948199196818,29.729603517629418,0.5345348832676575,0.7038153926250802,0.7807185978859797
Irf2bp2,0.0288623671067265,0.2630105719268568,0.957492737513927,-30.294071051033814,-1.2572803055106871,0.4104127069041205,1.126912483923505,0.435581492023652,0.7807185978859797
Tomm20,0.0649572649572649,0.4418026418026417,0.959129759129759,-0.2093010432214348,-0.0722035361635025,0.0600442366254796,1.7055642275864848,1.6239671262936723,0.7807185978859797
Tmem123,0.0218079537725937,0.4109392401761573,1.0,-30.04881783437452,-1.1799104912031375,27.725535276616384,1.0477418602418038,0.412141796176652,0.7807185978859797
Birc2,0.0036682922906106,0.0542709662658731,0.4242067536826711,-30.297638622290584,-30.041812239729047,-0.7554682356667544,1.1733542664778425,0.0,0.7807185978859797
Sesn3,0.0235032740972903,0.2202347585707377,0.9141283452014198,-30.08882206981096,-2.0277605471606157,0.1362727542964152,0.9932937836461528,0.2219308937576587,0.7807185978859797
Cwc15,0.1221757823939265,0.6662276454096188,1.0,-29.868597018218345,-0.6191114115954204,2.515910324260461,0.7249160449481775,0.456912835854165,0.7807185978859797
Taf1d,0.138640298421087,0.6727535536421879,1.0,-29.13441041661456,0.0,28.962535052315257,0.1742169586143537,0.0,0.7807185978859797
Ubl5,0.0379176379176379,0.5053613053613053,1.0,-0.2605791859914372,-0.1414317743074342,-0.0125860473503409,1.8446845203296125,1.67711967180486,0.7807185978859797
Sept7,0.042540179680975,0.3883232289789247,1.0,-30.02466012588908,-1.242172640833381,1.713191194011886,0.7497501035502159,0.269654865701985,0.7807185978859797
Ets1,0.0046620046620046,0.1048951048951048,0.7984459984459983,0.0189379961475913,0.1515658575005717,0.2650082315360879,2.3297214058891957,2.589188759834188,0.7807185978859797
Hspa8,0.0147630147630147,0.1948717948717948,0.7984459984459983,-0.1885700216563408,-0.1191408283086466,-0.0281602037089211,2.3017205659853524,2.111679755531555,0.7807185978859797
Thy1,0.0096538748156927,0.0984722781285988,0.4625817375789917,-30.33371808436442,-1.221311174254792,-0.1634361401224429,1.3008530790256625,0.5527155659284575,0.7807185978859797
Rps25,0.0829836829836829,0.4418026418026417,0.959129759129759,-0.0144423119310414,0.0337128342089155,0.0922185714056879,3.1195799399850923,3.1952698349592703,0.7807185978859797
Ddx6,0.0640434571260127,0.5531274454486008,1.0,-2.1768543172775536,-0.2952860700170228,0.6154284821793529,1.1161326638548583,0.8482865599209299,0.7807185978859797
Kmt2a,0.0184000650737719,0.2575318164737318,0.955270926520046,-30.12304591375794,-1.4091967171033437,0.0337084559127902,1.0555559138552346,0.372262769471805,0.7807185978859797
Atp5l,0.1303807303807303,0.6453768453768453,1.0,-0.1583607983920778,0.0021431541064564,0.1572976960012417,1.9194474070332572,1.915114139470257,0.7807185978859797
Cd3g,0.0379176379176379,0.2786324786324786,0.8784770784770783,-0.2360419954589722,-0.1179670965173403,0.0135721632999458,2.079043710488994,1.91194063547234,0.7807185978859797
Cd3d,0.0147630147630147,0.2786324786324786,0.959129759129759,-0.2845837400875535,-0.1265336254577441,0.0133554050768732,2.201548874504144,2.01574923435623,0.7807185978859797
Cd3e,0.2344988344988344,0.7209013209013208,1.0,-0.0697801735493299,0.0593823666492151,0.1647554913314579,1.7576371173943188,1.8342195103715329,0.7807185978859797
Cox5a,0.1048951048951048,0.7117678869696501,1.0,-0.6003939902258679,-0.0555070392272272,0.2021769523678754,1.2242670023020574,1.176574088829835,0.7807185978859797
Pkm,0.024027671425442,0.2516139128667293,0.9538571530616036,-30.032623037651,-28.98701161313401,0.7337893847344408,0.614214682110575,0.0,0.7807185978859797
Rplp1,0.0281274281274281,0.2786324786324786,0.8784770784770783,-0.0086438024792467,0.0225737595935842,0.0478198801579443,4.34530283713294,4.417855174252155,0.7807185978859797
Rpl4,0.1048951048951048,0.6453768453768453,1.0,-0.0577545789927921,-0.0067175460870213,0.0494596670304331,2.678629091825022,2.665319908724265,0.7807185978859797
Dennd4a,0.0342963977407813,0.476087344441214,1.0,-1.3745988215059348,1.316062916187996,30.175301184447743,0.2841099192219975,0.9394209878160624,0.7807185978859797
Ppib,0.0379176379176379,0.336206233495071,0.959129759129759,-0.2538047538732552,-0.1183180162593992,0.0249913540200183,1.632294853925935,1.5042039045185125,0.7807185978859797
Rab8b,0.0892626890842453,0.4883708485316103,1.0,-1.238596781389679,0.8102311615244808,30.06265590357051,0.4736704677559007,0.871797644206945,0.7807185978859797
Rora,0.1948717948717948,0.7209013209013208,1.0,-0.2174307909176888,-0.0503560428919774,0.1280847919455485,1.928789513431568,1.8572374046288325,0.7807185978859797
Arpp19,0.1221757823939265,0.6314395816467896,1.0,-0.7732780596968682,0.2968504936943177,1.5728335678243253,0.940657526325131,1.1792806777346851,0.7807185978859797
Eef1a1,0.0206682206682206,0.2786324786324786,0.959129759129759,-0.0068224735715457,0.0171761477907399,0.0421144790572466,4.201515507136715,4.246619161369554,0.7807185978859797
Cox7a2,0.022808981210559,0.3169975086812533,0.95799832386793,-30.198708115136174,-0.9338147137390376,-0.0295657937073504,1.2112379673865,0.6229213628347903,0.7807185978859797
Senp6,0.042540179680975,0.3252709799742125,1.0,-29.88002133831019,-28.826131434177015,0.533591990274647,0.5487145313548449,0.0,0.7807185978859797
Bcl2a1b,0.0652774393287843,0.5632366271431426,1.0,-0.5700252961406289,-0.0824207706630412,0.1684484263096628,1.400046461943175,1.333573820949965,0.7807185978859797
Morf4l1,0.0104118104118104,0.2344988344988344,0.959129759129759,-0.0751437323067229,0.092556487598986,0.2642378802132643,1.6368208156774735,1.7319463643332424,0.7807185978859797
Atp1b3,0.1687992265503963,0.6978946698210747,1.0,-29.92908081547321,-0.5772170222085242,29.20194212797497,0.6525544596805852,0.4388097824496499,0.7807185978859797
Cdv3,0.0072315213257339,0.0847449524226575,0.5014928567395094,0.732300210138126,29.39533255246627,30.03389879197387,0.0,0.7410027145882447,0.7807185978859797
Rpl29,0.2202347585707377,0.7509359138372155,1.0,-1.1507377484004413,0.0642211830825555,1.0822482167731138,1.12908311833387,1.1959334124720873,0.7978586270547463
Gnai2,0.1303807303807303,0.6453768453768453,1.0,-0.1553746240845882,0.0162593937263683,0.2012375299487016,1.4559002424936875,1.4730765309066025,0.7807185978859797
Rhoa,0.1048951048951048,0.5737373737373737,1.0,-0.2193518295901664,-0.0343006141637777,0.1349549807333307,1.47996248507571,1.4510595191777076,0.7807185978859797
Shisa5,0.0498834498834498,0.2786324786324786,0.8784770784770783,-0.2330772891247329,-0.1226608150826793,-0.0225198356670007,2.121330223734896,1.9504956819376773,0.7807185978859797
Tma7,0.0498834498834498,0.3822843822843822,0.959129759129759,-0.2681387756320778,-0.1100994372463621,0.0408137302694258,1.723039043582955,1.5965245046461924,0.7807185978859797
Rps27rt,0.1826944712149479,0.7463178799324552,1.0,-0.5427489433813497,0.2063460120328038,1.117481421340745,0.9319164869169236,1.1508752565912923,0.7968443372480516
Rpsa,0.1948717948717948,0.7209013209013208,1.0,-0.0443961159879885,-0.0069018549098589,0.0315407293155968,3.9346193487335888,3.9182177748967097,0.7807185978859797
Rpl14,0.0206682206682206,0.2344988344988344,0.8804933954933936,0.0083643571559584,0.0534827673699607,0.1032079844192212,2.835822062826308,2.945114456255128,0.7807185978859797
Nktr,0.0300874088369119,0.3282051282051281,1.0,-1.9977114350265224,-0.373694495094631,0.0457358647877681,1.3039907040984238,1.029091479387895,0.7807185978859797
Abracl,0.0459137587277669,0.4589281861225893,1.0,-30.117755650858115,-0.6645057044405551,0.3841537044881525,1.1127725678364149,0.6929508217789346,0.7807185978859797
Tnfaip3,0.1297435897435897,0.6453768453768453,1.0,-0.1863812889488072,-0.0005133188784632,0.2305292610191018,1.76183430268032,1.7649870219492598,0.7807185978859797
Ifngr1,0.1048951048951048,0.5053613053613053,1.0,-0.1102260153055107,0.0452460101943359,0.227312213696168,2.1646398578352475,2.21107481888433,0.7807185978859797
Bclaf1,0.0502654335446051,0.4935627897033893,1.0,-29.998477143038247,-0.6410831325549982,0.53271269278404,1.07689716119512,0.6614740508385122,0.7807185978859797
Rps12,0.3282051282051281,0.7984459984459983,1.0,-0.0355117236689176,0.0028648776755919,0.0367883848932527,3.83309679683714,3.844918678598643,0.8005610871836035
Rwdd1,0.0287082281575455,0.3654215579150202,1.0,-29.81432697853217,-27.59019313825921,27.480451891384813,0.2842416764923225,0.0,0.7807185978859797
Fyn,0.3403874122643896,0.7913911161280311,1.0,-1.6425440897339338,-0.3812096679882876,0.2970036071375965,1.1930337559430424,0.8989886532362326,0.8005610871836035
Cd164,0.2073914000366514,0.7058654396235203,1.0,-2.748751255141878,0.7348780881230884,29.71419404572631,0.359443072107405,0.60214277850496,0.7807185978859797
Srgn,0.2786324786324786,0.7984459984459983,1.0,-0.0862578190865139,-0.0197508883897282,0.0540907143274326,3.224111204169939,3.175490984834075,0.8005610871836035
Jmjd1c,0.0298406889515168,0.2715886742433745,1.0,-29.64482667452216,-27.59019313825921,0.0,0.2020578458449295,0.0,0.7807185978859797
Mif,0.1033079701313654,0.5737373737373737,1.0,-0.1221160989836843,0.0903099970876859,0.2787306541949876,1.426549470914575,1.51672039595721,0.7807185978859797
Cnn2,0.0127769927806435,0.180008443727484,0.5897443622083883,-29.6396806172446,-28.057980203231907,0.0,0.27944327171261,0.0,0.7807185978859797
Arhgap45,0.0325242986133383,0.3514015705829848,0.956284952863831,-29.99040420518897,-29.35603904125836,0.0,0.7002351739583019,0.0,0.7807185978859797
Gpx4,0.031008891733564,0.4186613785292437,1.0,-30.11042083818503,-0.6866796730985921,0.6539438585399128,1.1004017921265437,0.6558566808111013,0.7807185978859797
Atp5d,0.0038499238704509,0.0658827641887259,0.6453768453768453,-1.3422288439422267,-0.3920394251760344,-0.0602884285782189,1.420190834908295,1.104442730661825,0.7807185978859797
Cirbp,0.0402162497314596,0.4077747606225913,1.0,-27.34495577251385,26.769723849563427,29.554733673051164,0.0,0.136727855960656,0.7807185978859797
Rps15,0.2344988344988344,0.6453768453768453,1.0,-0.0262803483589265,0.0264074795908719,0.071634217234948,3.177341302413063,3.2413423635637697,0.7807185978859797
Oaz1,0.1048951048951048,0.4418026418026417,0.959129759129759,-0.1527780518543734,-0.0875753907607994,0.0012152124440664,2.590336196562905,2.4317549134007126,0.7807185978859797
Eef2,0.1605283605283605,0.6453768453768453,1.0,-0.1669572211750149,-0.0233240283973862,0.1161633489968585,2.1207632158097125,2.0781380925743163,0.7807185978859797
Tle5,0.1605283605283605,0.6453768453768453,1.0,-0.2451087613271396,-0.0457487790042328,0.1474578210490053,1.4950061798772,1.44993030934836,0.7807185978859797
Hsp90b1,0.0513398264234592,0.3112018520843261,0.957492737513927,-1.290791215905141,-0.2803492952685759,0.0125874178847029,1.2899599008566425,1.082328418353825,0.7807185978859797
Slc25a3,0.0829836829836829,0.6453768453768453,1.0,-0.2619489209738841,-0.1188341429934508,0.039104531606219,1.700287796597705,1.560604238409175,0.7807185978859797
Snrpf,0.0946411198588863,0.5418862439359913,1.0,-1.8589474176149945,-0.4256198235310603,0.2039859482834476,1.166873097611122,0.8707237295541701,0.7807185978859797
Btg1,0.0206682206682206,0.1048951048951048,0.5737373737373737,-0.1951719020774925,-0.1152809524845467,-0.0347587262139395,3.204025589940305,2.956673569709015,0.7807185978859797
Atp2b1,0.0829836829836829,0.6453768453768453,1.0,-0.1786381778031138,0.0161950733651415,0.2194241589616876,1.3544941554629548,1.3650286400301164,0.7807185978859797
Ppp1r12a,0.0288663193874748,0.1776874391005868,0.7840226582999281,-30.10612096499748,-2.270683946901852,-0.2105113807268864,1.0771248818554475,0.2219308937576587,0.7807185978859797
Nap1l1,0.0129063396350218,0.0904879299312675,0.5968601209897106,-2.429764901366784,-0.7336727396848248,-0.1300595607268789,1.35743016266678,0.8354524459817525,0.7807185978859797
Cct2,0.183219514285975,0.73646832843217,1.0,-29.56790683169804,0.1272770187237893,29.66572780047769,0.3369535286235825,0.335850558083815,0.7930391530912557
Lyz2,0.024610569200446,0.2051138764162604,0.8663732920582183,-30.095256819454605,-28.870200573881785,0.0,0.5181284664744059,0.0,0.7807185978859797
Rap1b,0.1948717948717948,0.7209013209013208,1.0,-0.1296908794484546,0.0898886507591801,0.3245207993625057,1.3489338250208425,1.4327533497473175,0.7807185978859797
Llph,0.0550394824230302,0.3883232289789247,0.957492737513927,-30.08505824289752,-1.5493563762544709,0.2258151077884302,1.0065405135018903,0.3071206809607775,0.7807185978859797
Naca,0.1048951048951048,0.5737373737373737,1.0,-0.0824333043728725,-0.0327536878768242,0.032441369075887,2.65518014716827,2.5887805185498403,0.7807185978859797
Ptges3,0.1480106940237816,0.7011912626598479,1.0,-29.6178886344161,-0.3544373921500892,28.92411426164598,0.299964644140935,0.2219308937576587,0.7807185978859797
Atp5b,0.1549884724987525,0.6362542681663956,1.0,-1.150472977054513,-0.0267944956639475,0.3043958024260781,1.184604552080866,1.19584398082858,0.7807185978859797
Myl6,0.0046620046620046,0.1605283605283605,0.8784770784770783,-0.2419514530890979,-0.1157767125754223,0.0093847267848967,2.24604239429456,2.076200084556385,0.7807185978859797
Rpl41,0.2786324786324786,0.7209013209013208,1.0,-0.0471859693805516,-0.0005252062094432,0.0512741835440231,3.720172412813465,3.71793070183139,0.7807185978859797
Rps26,0.2344988344988344,0.7984459984459983,1.0,-0.0696138656753686,-0.0039703557438282,0.0605457277760814,3.44053675430828,3.4284420569281,0.8005610871836035
Uqcr10,0.0072271806584611,0.1541163723003961,0.8293276535635627,-30.19701603007054,-1.3537813723657368,-0.0972954761167835,1.159820890131657,0.4645985135548395,0.7807185978859797
Ppia,0.1048951048951048,0.6453768453768453,1.0,-0.0628515106958911,-0.0082140875762116,0.0514947127973342,3.1486033758699348,3.127669629820633,0.7807185978859797
Ramp3,0.2573354010490942,0.7791362111653477,1.0,-29.961866553271232,-0.1060340424277806,29.64043122340677,0.4288122870851157,0.333154643129385,0.8005610871836035
Sec61g,0.1605283605283605,0.5053613053613053,1.0,-0.3778056859053842,-0.1556233081500162,0.1203098366848855,1.75181680829286,1.569166799143055,0.7807185978859797
Actr2,0.1531983720915998,0.6327184062170887,1.0,-0.4492631097417934,0.1660899745569469,1.4319398486267216,1.038346385510322,1.1625438339286376,0.7807185978859797
Peli1,0.0390701637152505,0.3282051282051281,0.960151515151514,-0.8088898723186924,-0.1254062712174984,0.1051623957253059,1.3063749675581726,1.1997178920719829,0.7807185978859797
Rel,0.1221757823939265,0.4239989896164244,0.956284952863831,-30.194933381220217,-1.0503364538268447,-0.0121124498283969,1.1834397542110526,0.58951353989633,0.7807185978859797
Rps27a,0.2344988344988344,0.7209013209013208,1.0,-0.0364193003519649,-0.0050615259630469,0.0282813716144891,3.985567739218173,3.971744339325675,0.7807185978859797
Npm1,0.1948717948717948,0.7209013209013208,1.0,-0.0730696050996895,0.0264931313570879,0.1141805675686529,2.3426487091536625,2.390458096346241,0.7807185978859797
Dock2,0.1705610877239446,0.7011912626598479,1.0,-29.785664016624693,-0.0905378131321272,2.4775681766003785,0.6912003586018295,0.645965660364145,0.7807185978859797
Clint1,0.1948717948717948,0.7209013209013208,1.0,-0.2304986855307706,0.0426033137542682,0.3125460469499133,1.3506809607510175,1.39302464302897,0.7807185978859797
Itk,0.0984722781285988,0.5606272147226752,1.0,-1.799643722518027,0.295131149513213,2.4739284994938084,0.794653879674653,0.9353867082973676,0.7807185978859797
Rack1,0.0379176379176379,0.2786324786324786,0.959129759129759,-0.0760111733405327,-0.0371476345034165,0.0037857669927108,3.3451472209792,3.2579016117167603,0.7807185978859797
Sqstm1,0.0127769927806435,0.0764479298304189,0.6038347504388221,-29.629932416359537,-28.31275516357282,0.0,0.3334176320699492,0.0,0.7807185978859797
Hnrnpab,0.2241357672809178,0.7463178799324552,1.0,-2.0980956759936684,0.3203157673474542,29.26889411708333,0.4395319733664475,0.4937171887619862,0.7968443372480516
Ube2b,0.0829836829836829,0.5737373737373737,1.0,-0.3685841944970739,-0.1113514480895947,0.1692112147042858,1.4402129436569575,1.33393285164356,0.7807185978859797
Ppp2ca,0.1452908980243374,0.7111541697294341,1.0,-1.1023814505586804,0.0031617130017137,1.081515155609354,1.1405363284377898,1.149548169229495,0.7807185978859797
Tcf7,0.214946955169527,0.5576726074341468,1.0,-1.5677923899755948,-0.5561303611478385,0.3184453978309083,1.3153731738291787,0.8873120623522224,0.7807185978859797
Uqcrq,0.0099816652954601,0.1501208222419232,0.8292484591829462,-30.151610777103727,-2.172286442873161,-0.1711267906449258,1.065229658561487,0.2219308937576587,0.7807185978859797
Rapgef6,0.0235441024125527,0.2172187573017174,0.8715397911734163,-30.121693167528907,-2.3879942309973767,0.0285984515671579,0.9615312797070396,0.1719476390760952,0.7807185978859797
Cdc42se2,0.0127769927806435,0.180008443727484,0.9490942518180976,-29.340909670133204,-27.33904736523248,0.0,0.1697748311675747,0.0,0.7807185978859797
Hint1,0.1043473193473193,0.6095571095571095,1.0,-0.1913691453699224,-0.0189249331774797,0.1485635266866002,1.46050543721014,1.4430794495213024,0.7807185978859797
Atox1,0.0287082281575455,0.2516139128667293,0.9490942518180976,-29.94881881103061,-27.90045423598516,0.0,0.2505380056201375,0.0,0.7807185978859797
Arf1,0.0177903286236667,0.3409871533819059,0.95799832386793,-1.562825319090872,-0.4002273803292482,0.2528897329041422,1.19440862280483,0.9072223918151724,0.7807185978859797
Ncor1,0.0053510343901815,0.1605283605283605,0.8804651096118479,-0.6741302527206243,-0.1534971903916768,0.0540154140930371,1.42601060649087,1.2947986703254035,0.7807185978859797
Ubb,0.2344988344988344,0.7209013209013208,1.0,-0.053411269864433,0.0094499706026739,0.0796884518591192,2.835539636488945,2.850053737006585,0.7807185978859797
2410006H16Rik,0.0904879299312675,0.397321419035571,1.0,-30.136328332739527,-0.4778825849587732,0.0819615547767307,1.2376829493048125,0.88660847996642,0.7807185978859797
Rpl26,0.1948717948717948,0.7209013209013208,1.0,-0.0330006830218501,-0.0052426352365993,0.0174529189954342,3.6439503611240536,3.630834275200384,0.7807185978859797
Kdm6b,0.1859115564387405,0.7111541697294341,1.0,-1.2465162781081127,-0.0097471736197379,1.2819972670971855,0.9858190260985702,0.96074254244426,0.7807185978859797
Eif4a1,0.065285648928054,0.4935627897033893,1.0,-0.6818366664336115,-0.1226917609858927,0.1384749306565912,1.375958897436585,1.2654616063415074,0.7807185978859797
Eif5a,0.0281274281274281,0.3282051282051281,1.0,-0.5934897991962849,-0.13841429638616,0.0618470954466512,1.32139589297475,1.2070332410850977,0.7807185978859797
Gabarap,0.0308276094320916,0.3409871533819059,1.0,-2.20815048702603,-0.4762358482767486,0.2025225316066341,1.1809213925536812,0.8410906842861126,0.7807185978859797
Rnasek,0.0485974356945255,0.5465237317126098,1.0,-29.99876281289957,-0.8777723603321228,1.5928271951325206,0.7822374718936252,0.4093653704992512,0.7807185978859797
Pfn1,0.0029526029526029,0.0649572649572649,0.5053613053613053,-0.2348432701573418,-0.1275668894386322,-0.0286193910835309,2.729871733494625,2.5109383879310423,0.7807185978859797
Pafah1b1,0.0808578101401583,0.3706183398171955,0.95799832386793,-1.9923286645759288,-0.2853170091422174,0.0733512035174578,1.28403388322605,1.0687931858832074,0.7807185978859797
Ywhae,0.0298406889515168,0.2516139128667293,0.9538571530616036,-30.000887085752414,-28.209380895614142,0.0901543318790951,0.4979645372352964,0.0,0.7807185978859797
Ssh2,0.098085063249976,0.5623719669710694,1.0,-1.189820906717287,-0.0778986943738588,0.3938675805104575,1.1822997204622925,1.10172406963596,0.7807185978859797
Rpl23a,0.1948717948717948,0.7209013209013208,1.0,-0.0990579464500612,-0.021544848594243,0.0331114353009698,3.04984453755734,3.002686069588115,0.7807185978859797
Crlf3,0.0903003237575779,0.5992415158356712,1.0,-0.5776850690580103,0.0849549326560644,0.3986533109907355,1.1744259250563076,1.2580856382397323,0.7807185978859797
Slfn2,0.3169975086812533,0.7913911161280311,1.0,-0.5538209389002242,0.0005162023760597,0.5724386180759378,1.2387132093176674,1.2668849016518524,0.8005610871836035
Vmp1,0.0891428476634705,0.5967990595834041,1.0,-29.86403067338379,-0.4078541130719091,1.1191643903562185,0.9605813265523636,0.662843333011935,0.7807185978859797
Supt4a,0.0073620625226393,0.120801029659698,0.6453768453768453,-1.1469342768275526,-0.2673898100100709,-0.0276711751682626,1.440703102621435,1.201496192910785,0.7807185978859797
Nme2,0.1048951048951048,0.5737373737373737,1.0,-0.0632927035033223,0.0688311344734466,0.1985952989411267,1.885460021902928,1.974342667154795,0.7807185978859797
Nme1,0.1447541897224064,0.6136987693023748,1.0,-29.40909155078608,-0.8163590440935249,28.72687620832769,0.2470979196920272,0.0,0.7807185978859797
Atp5g1,0.1782588513308433,0.7123816042098661,1.0,-1.0787823263955485,0.0925417260296518,2.045121260383245,1.0147107710612144,1.0577420833979452,0.7807185978859797
Skap1,0.0808578101401583,0.4295368450634365,1.0,-1.574025075594483,-0.1929754134351876,0.1482290623131876,1.3588918854681,1.1896064779060938,0.7807185978859797
Rpl23,0.2786324786324786,0.7209013209013208,1.0,-0.0260766922703148,-0.0062478314038372,0.014079575200073,4.271867257915625,4.25271798652985,0.7807185978859797
Rpl19,0.1605283605283605,0.6453768453768453,1.0,-0.0335781216896423,-0.010102005409782,0.0159643051111869,4.062916271823572,4.035608661081753,0.7807185978859797
Eif1,0.1048951048951048,0.6453768453768453,1.0,-0.0473589397376107,0.0010064936939836,0.0480131304342441,3.19760779331362,3.2006252307779586,0.7807185978859797
Stat5b,0.0561971119187938,0.3774555767890231,1.0,-26.991435734820445,28.01789747353744,29.57136459368181,0.0,0.2760303272147787,0.7807185978859797
Stat3,0.0035383895982645,0.0428436018280163,0.507304460321846,-30.080163452466326,-29.288605929035583,0.0,0.6590418180076083,0.0,0.7807185978859797
Rpl27,0.0649572649572649,0.5737373737373737,1.0,-0.0495925099655429,-0.0217373250087771,0.0186082268443169,3.56565965585981,3.5118444566690887,0.7807185978859797
Limd2,0.1303807303807303,0.7129894874507409,1.0,-0.1346780610911189,0.0087778327467186,0.2351180494007078,1.3115954591613,1.32523908770417,0.7807185978859797
Ddx5,0.1297435897435897,0.6453768453768453,1.0,-0.0787726231753855,-0.0265863908481073,0.0341484308412629,2.9719758582068825,2.916561500843435,0.7807185978859797
Gna13,0.0825330225330225,0.5737373737373737,1.0,-0.3822781512603276,-0.0981852948079739,0.1268266371669465,1.442458115355075,1.3528876136201724,0.7807185978859797
Prkar1a,0.1718517022196694,0.7123816042098661,1.0,-0.4571221114079754,0.019988779477265,0.2744984759717106,1.211243415546075,1.2318957112211448,0.7807185978859797
Rpl38,0.3822843822843822,0.7984459984459983,1.0,-0.0692146428020453,-0.0131851088285277,0.0576509608474184,3.52996266712237,3.496619643518017,0.8005610871836035
Atp5h,0.0205205905205905,0.1605283605283605,0.7984459984459983,-0.2805432224207677,-0.1208110103746767,0.026463117539768,1.887417832486095,1.7321808595403825,0.7807185978859797
Sumo2,0.0006216006216006,0.0206682206682206,0.1605283605283605,-0.3430176599882886,-0.2475133598007083,-0.1137706789956844,1.8506962935860152,1.545876491445875,0.7807185978859797
Grb2,0.0045693045692244,0.0298406889515168,0.2516139128667293,-30.037345775346456,-29.759378858138746,-27.577332312352667,0.9087944960535858,0.0,0.7807185978859797
H3f3b,0.0379176379176379,0.4418026418026417,1.0,-0.0296054303045757,0.0266590286744511,0.0833236467129042,3.057527988666215,3.111030629376125,0.7807185978859797
Ubald2,0.0281274281274281,0.2786324786324786,0.959129759129759,-0.2621558558139583,-0.1107868049870108,0.0359251796789694,1.7461031549624724,1.624488546434315,0.7807185978859797
Actg1,0.0829836829836829,0.6453768453768453,1.0,-0.164223556717694,-0.0370910153445232,0.0966980809662164,2.707684987217513,2.6209988948432987,0.7807185978859797
Sf3b6,0.1454638334839635,0.4186613785292437,0.9588655791622837,-30.052547667096476,-1.1113655263076958,0.3343060892669355,1.0239073292738357,0.4937171887619862,0.7807185978859797
Trib2,0.013634346997052,0.0933375471780228,0.6136987693023748,-30.280721667737964,-2.934434512985765,-0.5061755375135305,1.14768513021789,0.1616135131783212,0.7807185978859797
Odc1,0.0561971119187938,0.5244497218060842,1.0,-28.55229603551316,27.725535276616384,29.50828148956496,0.0,0.2581173488938325,0.7807185978859797
Id2,0.0069768551490836,0.1501208222419232,0.9141283452014198,-30.387393447144785,-2.034387660600104,-0.0347088840222164,1.2436812279759228,0.2853973205104925,0.7807185978859797
Rps7,0.1303807303807303,0.7209013209013208,1.0,-0.0459251502743252,-0.0130992819728141,0.0176793524776181,3.974748315909432,3.941673674096366,0.7807185978859797
Ifrd1,0.0925975751425982,0.3648813140419181,0.957810850422856,-2.6273680082631925,-0.7710468337724277,-0.0309371751623835,1.3599147862082677,0.8048694185098062,0.7807185978859797
Nfkbia,0.0104118104118104,0.1411893573533081,0.7131872832870052,-0.8588404388381384,-0.3263131017842735,0.0082361201824614,1.68944970277935,1.3595235709986548,0.7807185978859797
Fkbp3,0.1311003359891045,0.6294701938791125,1.0,-29.88047457118454,-27.72212218807716,28.19836925482385,0.397227066136122,0.0,0.7807185978859797
Rps29,0.2786324786324786,0.5053613053613053,0.8784770784770783,0.0143721483612526,0.048832894825809,0.0762095199813089,4.162684832533383,4.305472847926776,0.7807185978859797
Rpl36al,0.0645804195804195,0.4418026418026417,1.0,-0.1218564324630691,-0.0254594188111507,0.0481019994812936,2.33638197375836,2.3001186327437675,0.7807185978859797
Psma3,0.0051799876773061,0.0667792049996952,0.483357294887874,-30.168561569470207,-29.529630235733443,-0.5618416679042261,1.0746619202930798,0.0,0.7807185978859797
Hif1a,0.0018648018648018,0.0281274281274281,0.2344988344988344,-0.3042268764040078,-0.1861926409812295,-0.079234590542472,2.546600208205515,2.25127028782958,0.7807185978859797
Zfp36l1,0.0498834498834498,0.5283087192353848,1.0,-0.5248036220898376,-0.1583849914226967,0.1391193700102904,1.679777694045935,1.5174090811139949,0.7807185978859797
Srsf5,0.0147630147630147,0.1605283605283605,0.7131872832870052,-0.3080103652804311,-0.1344474162294493,-0.0027414387082681,1.6796293817071648,1.5311004267004862,0.7807185978859797
Rbm25,0.1604138863551888,0.5053613053613053,1.0,-0.3157406272405741,-0.1484187652819265,0.0251687181914008,1.55111246193249,1.3988043100141,0.7807185978859797
Npc2,0.1605283605283605,0.7111541697294341,1.0,-0.2609408521490533,0.0713289708954316,0.3432476273919843,1.1673436218664377,1.2247739624487624,0.7807185978859797
Tmed10,0.0176626498741168,0.3056410254213622,1.0,-29.98631074492677,-2.5175274298197903,1.0484496861607056,0.742925662088895,0.136727855960656,0.7807185978859797
Batf,0.0235441024125527,0.0892626890842453,0.3593635170698864,-30.29543992764659,-30.048057077059863,-1.2075332796760887,1.1615976506758,0.0,0.7807185978859797
Snw1,0.0176722763867224,0.180008443727484,0.8368039874347503,-29.685076774378285,-26.991435734820445,0.0,0.1334233310206662,0.0,0.7807185978859797
Calm1,0.1303807303807303,0.5737373737373737,1.0,-0.0533781635462661,0.0504844160156643,0.1572208536451239,2.1689342891134373,2.2425058489987872,0.7807185978859797
Ndufb1-ps,0.1025458809789091,0.4305578876446536,1.0,-0.4373142009445803,-0.119491118368124,0.3401527597669462,1.2790614712921649,1.1797811304994674,0.7807185978859797
Ddx24,0.3147493126166935,0.7913911161280311,1.0,-0.715489104200621,0.0116296594443963,0.4546494030762846,1.20260261768988,1.1968889256821251,0.8005610871836035
Ifi27l2a,0.0026826421593227,0.0300874088369119,0.1859940458034531,-30.78962773246782,-1.5993313812273626,-0.3962392754551008,1.66073634336637,0.523024197751045,0.7807185978859797
Bcl11b,0.0535024501087161,0.2715886742433745,0.9538571530616036,-29.801956684553875,-28.686751317608405,0.0,0.4320884164219493,0.0,0.7807185978859797
Hsp90aa1,0.1948717948717948,0.7209013209013208,1.0,-0.1758522535847952,-0.0608537535316725,0.0936414613317705,1.804580814963225,1.72529667513204,0.7807185978859797
Eif5,0.0147630147630147,0.1303807303807303,0.6453768453768453,-0.0076207400624581,0.1424773593419497,0.3303633115554257,1.4572052575506174,1.6047729441321277,0.7807185978859797
Atp5mpl,0.0376442906310159,0.2257768083327037,0.8694313115227459,-30.257131591603155,-1.0738796786133076,0.0138357041515757,1.26726740399543,0.6055054237858,0.7807185978859797
Gpr132,0.0158728572562095,0.1826944712149479,0.7898534698691263,0.1606686911907626,2.0307625114417824,30.285665087754705,0.2841099192219975,1.1812821620969174,0.7807185978859797
Crip1,0.2202347585707377,0.7111541697294341,1.0,-1.0302118361033497,0.3077583300506749,2.86846007494068,0.926871312997145,1.1718764618869677,0.7807185978859797
Igha,0.0379176379176379,0.1948717948717948,0.6453768453768453,0.0442584684518164,0.239866058205267,0.4224553101213766,1.4199329280946,1.67378259800844,0.7807185978859797
Gdi2,0.0147319011399459,0.1889374480029941,0.8784770784770783,-1.1364600698894236,-0.2355118436351386,0.0236179568322853,1.383590018057185,1.1741742489805973,0.7807185978859797
Klf6,0.0205962733671068,0.3169975086812533,0.959129759129759,-0.1840874394325644,0.2811280479878816,30.16154043097265,1.035094937313205,1.2486417402382148,0.7807185978859797
Arid4b,0.0214681709862187,0.214946955169527,0.955270926520046,-30.192972299767405,-1.558784536779496,0.281293757232958,1.0883007270962908,0.3478918607545125,0.7807185978859797
Psma2,0.0245839075307487,0.2202347585707377,0.91629779799785,-30.152921333206844,-0.9179322625594828,0.0529602827654419,1.16935409026629,0.6070060565883525,0.7807185978859797
BC005537,0.1117076503738006,0.5531274454486008,1.0,-29.018997034187947,1.3184393627977515,29.93744385681654,0.1697748311675747,0.4442745334271825,0.7807185978859797
Prpf4b,0.0847449524226575,0.4328024837451926,1.0,0.0,28.01789747353744,29.719225932807213,0.0,0.2717862950043275,0.7807185978859797
Nol7,0.0219109698020534,0.4186613785292437,1.0,-30.059038510245163,-1.6111761135973512,0.6519415013628902,0.9220943976665272,0.2717862950043275,0.7807185978859797
Jarid2,0.180008443727484,0.6727535536421879,1.0,-29.39151519341005,-27.33904736523248,27.703444128953954,0.1697748311675747,0.0,0.7807185978859797
Dek,0.214164782834668,0.7495587827451977,1.0,-29.243099530916,0.0,29.36791673307631,0.0,0.18725797015218,0.7978586270547463
Ddx46,0.1383475099493835,0.5465237317126098,1.0,-29.769701592779764,-27.21161600280458,28.53407997812569,0.253718428610035,0.0,0.7807185978859797
H2afy,0.007232429342775,0.1053336563729287,0.6750700693638613,-30.30181902139681,-1.3740114619436312,-0.0474209616222484,1.241055340534205,0.4497622611508775,0.7807185978859797
Hnrnpk,0.0658596267079394,0.3822843822843822,0.959129759129759,-0.3912241489830724,-0.2119276201223716,-0.0457030677128644,1.56628816333193,1.3392844780778277,0.7807185978859797
Cox7c,0.0046620046620046,0.1605283605283605,0.8784770784770783,-0.3064635489671411,-0.1599994409578543,0.011554588791956,1.841815628753028,1.643173574056085,0.7807185978859797
Tmem167,0.0402162497314596,0.1816207103281529,0.7495587827451977,-29.75504342048107,-27.72212218807716,0.0,0.221406476276877,0.0,0.7807185978859797
Rps23,0.2344988344988344,0.7209013209013208,1.0,-0.0141708886364977,0.0106052259730096,0.03194440565742,4.10064133202012,4.132440211801313,0.7807185978859797
Tbca,0.0402162497314596,0.2696996243908753,0.9490942518180976,-29.523880085174724,-27.577332312352667,0.0,0.2002646169342937,0.0,0.7807185978859797
Nsa2,0.0518570202911714,0.4418026418026417,1.0,-0.0642269471829985,0.0642019238796781,0.1665840791968078,1.746543932590815,1.8316009483786373,0.7807185978859797
Btf3,0.0029526029526029,0.1048951048951048,0.7209013209013208,-0.1907469063606146,-0.0888987282004374,-0.0104188133998945,2.22231613853638,2.0894766989100324,0.7807185978859797
Gpbp1,0.0198840216798765,0.2444968573844136,0.9575006903366504,-2.7668217865539804,-0.6010001856189864,0.0457568192960812,1.2485592076923124,0.81378059687228,0.7807185978859797
Emb,0.2344988344988344,0.7209013209013208,1.0,-0.2699703960186461,-0.0766438503823231,0.108500609788203,2.4220324997479104,2.30784267917134,0.7807185978859797
Top2b,0.0176722763867224,0.2715886742433745,1.0,-29.96679318048669,-27.577332312352667,0.0,0.221406476276877,0.0,0.7807185978859797
Rpl15,0.1948717948717948,0.7209013209013208,1.0,-0.0457346929056405,0.0048028678013142,0.0580731620637213,3.13410270509865,3.1340148476772915,0.7807185978859797
Rps24,0.001087801087801,0.0498834498834498,0.3822843822843822,0.0134318383836043,0.0329464834193351,0.0516507796877256,4.61832821010698,4.725878935222203,0.7807185978859797
Arf4,0.2786324786324786,0.7922976624962125,1.0,-0.2663891262244768,-0.0267793848033562,0.1712880827123419,1.29681964143519,1.269423008591605,0.8005610871836035
Selenok,0.1948717948717948,0.7209013209013208,1.0,-0.1730516601456816,-0.0026746692926407,0.1732892821396727,1.44930239992683,1.4465465032366225,0.7807185978859797
Timm23,0.0946411198588863,0.5465237317126098,1.0,-29.94868612226561,-1.7807537990651254,27.54614023538595,0.6819366733810712,0.18725797015218,0.7807185978859797
Wapl,0.1831523635987884,0.73646832843217,1.0,-28.90055852107205,0.0,29.294199852319714,0.1952726017235207,0.2132826426766762,0.7930391530912557
Ghitm,0.116692200339178,0.6549402754623503,1.0,-29.634560258845983,0.0,28.084369054770544,0.2002646169342937,0.0,0.7807185978859797
Hnrnpc,0.0704615426471519,0.5176341185833455,1.0,-30.010706906286533,-0.7977433985159119,28.97176964046701,0.7566803497265995,0.335850558083815,0.7807185978859797
Trac,0.0046620046620046,0.1605283605283605,0.8784770784770783,-0.0235400766445634,0.1344754717836763,0.2699167168842287,1.9619803193731475,2.15187218022717,0.7807185978859797
Dad1,0.2900470430093371,0.7898534698691263,1.0,-1.5404457846066644,-0.03098710338451,1.2698722459667606,1.127077293672415,1.08864740758428,0.8005610871836035
Mrpl52,0.002117523477017,0.0305599641685284,0.3056410254213622,-30.18388370355289,-29.976843604243893,-1.7216184226301203,1.074062740254,0.0,0.7807185978859797
Pabpn1,0.0270041265860661,0.2516139128667293,0.9492133243491852,-29.9802461984473,-29.202267786425715,0.0,0.6229799501202558,0.0,0.7807185978859797
Psme1,0.0100266559492814,0.1948717948717948,0.8784770784770783,-0.3847200897970573,-0.1329691640464788,0.038170116318897,1.4232085207466625,1.3065418757475906,0.7807185978859797
Psme2,0.0844690322532518,0.483357294887874,1.0,-30.01736400686725,-28.1035768382228,1.8997663672018728,0.57682777900893,0.0,0.7807185978859797
Nedd8,0.0024552337317397,0.0298406889515168,0.3698910539887771,-30.215242485071983,-29.62229592402324,-1.3214654342507466,0.8659005851005874,0.0,0.7807185978859797
Itm2b,0.0829836829836829,0.5053613053613053,1.0,-0.2141258619504127,-0.0769356741335058,0.0675181882887113,2.2444812888621923,2.1209059910747525,0.7807185978859797
Lcp1,0.0926516686095554,0.5737373737373737,1.0,-0.5401789502308102,-0.1436207633797433,0.2030378730518302,1.3285687998308964,1.2182962941135718,0.7807185978859797
Tpt1,0.1948717948717948,0.7209013209013208,1.0,-0.0231391928856276,-0.006217308210693,0.0144644383509318,4.888571536198047,4.866178519757369,0.7807185978859797
Elf1,0.1546882471302952,0.7111541697294341,1.0,-0.3347229575855155,0.0930822666028023,0.3639948668134393,1.171170384947537,1.2716837536616077,0.7807185978859797
Tbc1d4,0.2243131265111537,0.7723374412927804,1.0,-29.68893915835779,-0.4006465991356242,29.213014177265705,0.3297530885091425,0.2219308937576587,0.8005610871836035
Mycbp2,0.2171619622484127,0.7090730856847203,1.0,-29.72412943859069,-0.7952757751223506,28.7060176902864,0.5827750046232805,0.31115222974782,0.7807185978859797
Gm10076,0.2268047955085498,0.7913911161280311,1.0,-1.209485663573867,0.1670881454686203,0.7609496659934786,1.06661944764226,1.2253117683298125,0.8005610871836035
Rpl37,0.2786324786324786,0.7209013209013208,1.0,-0.0386048499454158,-0.0012097678608857,0.0380934686515461,3.591996929773525,3.585897916584115,0.7807185978859797
Fyb,0.1048951048951048,0.6453768453768453,1.0,-0.1494492672120619,-0.0252376514029876,0.0954232771401848,2.04784319115915,2.0118876711346587,0.7807185978859797
Nipbl,0.214946955169527,0.679098518159855,1.0,-1.3726560362774698,0.9568637700037405,30.091936639389164,0.3574798999893795,0.6700000805843063,0.7807185978859797
Il7r,0.044406322145509,0.2257768083327037,0.8744592481051268,0.1872754269978302,0.7684974418895327,2.6239060428892693,1.002180684488635,1.691949017688535,0.7807185978859797
Sub1,0.0649572649572649,0.5053613053613053,1.0,-0.1879134235116327,-0.0606187606150114,0.0649318401382031,2.2053118132453324,2.122475454260101,0.7807185978859797
Cct5,0.0641787341204117,0.3252709799742125,0.9490942518180976,-29.836552882309963,-28.737143493132816,0.0,0.4474475971031008,0.0,0.7807185978859797
Rpl30,0.0825330225330225,0.5737373737373737,1.0,-0.0214245341826553,0.008877802590433,0.0424759002441463,3.9775863005176415,4.00460553703181,0.7807185978859797
Cox6c,0.1048951048951048,0.6453768453768453,1.0,-0.2268896431950744,-0.0663060128626621,0.0984271080270135,1.8339384048251248,1.7472776210497876,0.7807185978859797
Rnf19a,0.1388637976716842,0.6314395816467896,1.0,-29.64482667452216,0.2435759422916577,29.770747740896613,0.46974263203179,0.551721923022535,0.7807185978859797
Pabpc1,0.1297435897435897,0.7209013209013208,1.0,-0.0837774381465333,0.0189500474064097,0.1279919420659218,2.224571353720315,2.2524745732849825,0.7807185978859797
Ywhaz,0.1948717948717948,0.7209013209013208,1.0,-0.1415267302517967,-0.002082441698089,0.1321829907134468,1.623750580445685,1.6200621348344524,0.7807185978859797
Eif3e,0.0829836829836829,0.5737373737373737,1.0,-0.192180121947125,-0.0637859908012528,0.0755804349109638,1.615611432376525,1.5372018261079048,0.7807185978859797
Eif3h,0.1048951048951048,0.6453768453768453,1.0,-0.1680209128693132,-0.0097666838632889,0.1714697356584666,1.687296057878225,1.683207515292246,0.7807185978859797
Ndufb9,0.0402162497314596,0.3654215579150202,1.0,-30.04888415398309,-28.704523115566303,0.9827975312269904,0.5487145313548449,0.0,0.7807185978859797
Fam49b,0.2516139128667293,0.6945980769823016,1.0,-28.402611542352496,1.6892497716623351,29.0143859822213,0.0,0.25155181229747,0.7807185978859797
Phf20l1,0.2070983085993262,0.7035283511416841,1.0,-29.33807493284928,-0.2765812030836866,28.131979791665103,0.6668882072929002,0.5629930734330962,0.7807185978859797
Sla,0.0984722781285988,0.6314395816467896,1.0,-0.9785977895111684,0.4728512431267814,29.93778339447628,0.714417501927909,1.0524585538504674,0.7807185978859797
Ly6e,0.0649572649572649,0.5053613053613053,1.0,-0.3419802406603045,-0.0999844035326129,0.1082437114756641,1.61572210341377,1.5165874422649548,0.7807185978859797
Ly6a,0.0018876389125651,0.0379176379176379,0.3822843822843822,-1.1845010400887317,-0.4911336706400773,-0.1675646474462842,1.5718719844316826,1.1377320029721465,0.7807185978859797
Eef1d,0.2344988344988344,0.7525377274994569,1.0,-0.2894007981108128,-0.0180590282293017,0.1956569378058167,1.2162466160592498,1.208495635716901,0.7978586270547463
Dgat1,0.116692200339178,0.4328024837451926,0.9490942518180976,-29.4527754062154,-27.21161600280458,0.0,0.15542205414445,0.0,0.7807185978859797
Rpl8,0.0206682206682206,0.2786324786324786,0.959129759129759,-0.0056313261776403,0.0395525867444834,0.0811247359104337,3.4414796286344376,3.5418501184119484,0.7807185978859797
Myh9,0.1411893573533081,0.6741981971505068,1.0,-0.2262262802106268,-0.0475617384136959,0.1190644516120083,1.3582063073085913,1.31563742083209,0.7807185978859797
Il2rb,0.1480106940237816,0.451913458279073,0.9538571530616036,-30.143645111685075,-28.99088103981206,0.0003451644754285,0.53348816929598,0.0,0.7807185978859797
Rac2,0.0046620046620046,0.1048951048951048,0.7209013209013208,-0.2413638046954974,-0.1030281378503336,-0.0085242752207259,1.9264205895713449,1.7947836049003976,0.7807185978859797
Lgals1,0.0069755342962799,0.0641787341204117,0.4323218755532701,-30.343090609991343,-29.879298152747484,-1.1850260359391078,1.0833346781596709,0.0,0.7807185978859797
Rpl3,0.2344988344988344,0.7984459984459983,1.0,-0.0718168516107388,-0.0099774562085469,0.0498712659927985,3.21309369888137,3.1912263392826112,0.8005610871836035
Tnrc6b,0.2147580662912051,0.7463178799324552,1.0,-29.625822935063248,-0.8011704499476728,28.37406368944005,0.4976912977164462,0.18725797015218,0.7968443372480516
Rbx1,0.0090090961446315,0.1179173600517424,0.6220105122744792,-30.24840304700968,-1.576974654331643,-0.0672582349391335,1.1640850034427148,0.4005406128288562,0.7807185978859797
Snu13,0.2202347585707377,0.7011912626598479,1.0,-1.4387892551914587,0.9977314234870388,29.956519508807403,0.4458106073436583,0.7737479714470987,0.7807185978859797
Smdt1,0.1607729763491629,0.672143970444527,1.0,-1.7119207640406655,-0.0175745612324695,29.733093866032213,0.8418316637608925,0.8066280410168662,0.7807185978859797
Ndufa6,0.0009303693835604,0.0206682206682206,0.2786324786324786,-1.3897517231224512,-0.3672792775761251,-0.1009569824682928,1.3682861403978888,1.07052574122928,0.7807185978859797
Tspo,0.0498834498834498,0.5632366271431426,1.0,-0.1404598495359821,0.058257650287976,0.2153197161074671,1.447089490442035,1.508020922251284,0.7807185978859797
Slc38a2,0.2516139128667293,0.6854434826775221,1.0,-27.21161600280458,0.0352962321430335,28.813782638456388,0.0,0.136727855960656,0.7807185978859797
Tmbim6,0.1970345369219474,0.654289922389857,1.0,-29.78101146116004,-28.08254286717392,27.35739407459211,0.3353777954332675,0.0,0.7807185978859797
Pfdn5,0.1048951048951048,0.5053613053613053,1.0,-0.2109557002738098,-0.0949822358678769,0.0378496531149883,2.180447437976888,2.03701134945058,0.7807185978859797
Prr13,0.0065616501031227,0.1221757823939265,0.8292484591829462,-30.191564914727667,-1.5278559088423815,0.0335247593061093,1.1188722009965888,0.3842469395795352,0.7807185978859797
Pcbp2,0.0206682206682206,0.2344988344988344,0.958117093999278,-0.3522839304094937,-0.1265850737873848,0.0499876908781022,1.441283957791876,1.3246148071949626,0.7807185978859797
Atp5g2,0.2786324786324786,0.7984459984459983,1.0,-0.1272090485905479,0.0357507395105195,0.2069765138427059,1.6628614153542,1.69720083822206,0.8005610871836035
Hnrnpa1,0.1948717948717948,0.7209013209013208,1.0,-0.1663783602271216,0.0119658455382823,0.1772211374109392,1.477509375579545,1.489194438351075,0.7807185978859797
Ube2l3,0.0702701306056764,0.312686223816409,0.9490942518180976,-29.43640599464521,-27.58945480490416,0.0,0.2019544644126012,0.0,0.7807185978859797
Tra2b,0.2344988344988344,0.7209013209013208,1.0,-0.2785410396536276,-0.036453903309366,0.2127382650666582,1.343364363295885,1.318750438469505,0.7807185978859797
Eif4a2,0.0728488583209919,0.5465237317126098,1.0,-29.92463637839577,-1.2596055841917406,27.480451891384813,0.7808318124236067,0.269654865701985,0.7807185978859797
Pak2,0.1382498950445215,0.6314395816467896,1.0,-1.2723611903344965,-0.1403454831329066,0.302656483495823,1.168541384179385,1.07590006181294,0.7807185978859797
Rpl35a,0.3282051282051281,0.7984459984459983,1.0,0.0032051958246101,0.0314009949122455,0.0584450008340043,3.766726163753334,3.8518715083574575,0.8005610871836035
Cox17,0.0245839075307487,0.2854672841644538,0.956284952863831,-30.12520174122532,-0.9587416353258856,0.6164677130912387,1.1388332730453574,0.5248719840403825,0.7807185978859797
Cd47,0.0404213463806162,0.4604243322231932,1.0,-1.0201623613047133,-0.0973862152691096,0.2574727533906378,1.2590559452243075,1.1928833961412788,0.7807185978859797
Cblb,0.0819902025652837,0.5244497218060842,1.0,-30.06974353197363,-1.2896908005804535,0.9401759525798324,0.8730936457475088,0.335850558083815,0.7807185978859797
Nfkbiz,0.0045693045692244,0.116692200339178,0.8481082486251795,-29.85440340819737,-28.057980203231907,0.0,0.27944327171261,0.0,0.7807185978859797
Rpl24,0.0649572649572649,0.4418026418026417,0.959129759129759,-0.0803654721602212,-0.0332717455316604,0.009694071381887,3.452734894752613,3.3738540602768072,0.7807185978859797
Nrip1,0.2073914000366514,0.7058654396235203,1.0,-28.8356245106102,0.9173774360369432,30.09841977545353,0.4216710932111708,0.9040448687930628,0.7807185978859797
D16Ertd472e,0.0310325195001449,0.2900470430093371,0.957492737513927,-30.17582193822662,-0.9429228253394306,0.4430432034640361,1.0752196993704883,0.4957899280079475,0.7807185978859797
Atp5j,0.1219942989939887,0.6741981971505068,1.0,-0.8953537042959065,0.0536101500417404,1.2568665086987802,1.1191987328762574,1.14989793741335,0.7807185978859797
Son,0.0281274281274281,0.3822843822843822,0.959129759129759,-0.2437862408231297,-0.0965548827074031,0.065823739303173,1.837117174593497,1.7212020735539348,0.7807185978859797
Ezr,0.0133130027638166,0.2257768083327037,0.8754509755325331,-0.2281880879506076,0.3679688881233278,2.438501247532378,0.9469277628194324,1.24084851598747,0.7807185978859797
Psmb1,0.0281274281274281,0.4418026418026417,0.959129759129759,-0.2971549254408815,-0.1043885564022712,0.0755729827738776,1.4776766783782214,1.368618211100599,0.7807185978859797
Srrm2,0.2344988344988344,0.7209013209013208,1.0,-0.1094636415770499,-0.0143555455007939,0.0993373160643677,1.8595942223137625,1.83786796610244,0.7807185978859797
Elob,0.2786324786324786,0.7984459984459983,1.0,-0.2203913167375444,-0.0524093876749686,0.1076680953554508,1.5761335810994002,1.5167786535127326,0.8005610871836035
Atp6v0c,0.1859940458034531,0.7123816042098661,1.0,-2.197747394362726,-0.1246166683792525,0.5471107687164047,1.0672895802299651,0.9614907652367616,0.7807185978859797
Rps2,0.2786324786324786,0.7984459984459983,1.0,-0.1020516693976922,0.0107775528671904,0.1111614688007286,2.62366865901826,2.6474116908761216,0.8005610871836035
Ndufb10,0.0045693045692244,0.0402162497314596,0.4881429337396992,-29.745181310048007,-28.081873965864705,0.0,0.2841099192219975,0.0,0.7807185978859797
Ube2i,0.0172872158825007,0.1501208222419232,0.7509359138372155,-30.18689095307773,-0.999364466061083,-0.0604179596991599,1.2008173772901851,0.603025418268725,0.7807185978859797
Atp6v0e,0.0984722781285988,0.6355065570939342,1.0,-1.9723667031107357,-0.1483537440722274,0.55598304552045,1.026706406450134,0.8865175270346575,0.7807185978859797
Rps10,0.0281274281274281,0.3282051282051281,0.959129759129759,-0.0093345114314832,0.0238922846955695,0.055255050312438,3.921258376243125,3.9820715642274536,0.7807185978859797
Rpl10a,0.2344988344988344,0.7209013209013208,1.0,-0.0254755321097707,0.0194041701625128,0.0636932393489423,3.17874581329605,3.214115315203265,0.7807185978859797
Srsf3,0.0281274281274281,0.2344988344988344,0.959129759129759,-0.4181618678432567,-0.1316089397624399,0.1258667169461327,1.435530410312785,1.32498417399838,0.7807185978859797
Pim1,0.0649572649572649,0.4418026418026417,0.959129759129759,-0.3642601909855088,-0.1580296529131484,0.0826280477004164,1.731073294993665,1.5538980559739477,0.7807185978859797
Hnrnpm,0.2352777750887563,0.7723374412927804,1.0,-29.13559380506558,0.0,29.237869820895806,0.1869059983244302,0.2246147706866075,0.8005610871836035
Rps28,0.5737373737373737,0.8784770784770783,1.0,-0.0241546040199805,0.0129138080770561,0.0572349413549087,3.76846836388576,3.79413854851916,0.8784770784770783
Ndufa7,0.0904879299312675,0.6217687412649331,1.0,-29.534173123818512,-0.1959170755873494,1.1797179877671269,0.99652819523719,0.8481415463849276,0.7807185978859797
Rps18,0.1948717948717948,0.7209013209013208,1.0,-0.0234982367100649,0.0160174152841859,0.0534391568153078,3.737043549305717,3.778907741963861,0.7807185978859797
H2-K1,0.3282051282051281,0.7984459984459983,1.0,-0.0566015255431037,-0.0138018506198468,0.0321212686210299,3.264776546914235,3.239441781193385,0.8005610871836035
Psmb8,0.0280203732959912,0.2410733403008655,0.8794225964650968,-0.4506437230630945,-0.1138667484964357,0.0824437253967005,1.551830870405161,1.4408225877492276,0.7807185978859797
H2-Ab1,0.0535024501087161,0.2846146298262957,0.9538571530616036,0.0,28.260731359545098,29.70386237757705,0.0,0.32160873607786,0.7807185978859797
H2-Eb1,0.0127769927806435,0.1709035202307974,0.9490942518180976,-29.60626513360167,-27.77160812728836,0.0,0.2291326997735322,0.0,0.7807185978859797
Gpsm3,0.0127769927806435,0.1832329769288219,0.7791362111653477,-30.012155313432,-28.66477593264537,0.0,0.4390460908098097,0.0,0.7807185978859797
Clic1,0.1266856129229834,0.5623719669710694,1.0,-1.139556533545418,-0.2654357680912362,0.1146767398485732,1.34694011256742,1.1074483893530875,0.7807185978859797
Ltb,0.1303807303807303,0.6453768453768453,1.0,-0.2296598346461101,0.0221703973635107,0.3834409121635036,1.4854078638319774,1.504468792508495,0.7807185978859797
H2-D1,0.1605283605283605,0.5053613053613053,0.959129759129759,-0.0195166912188549,0.0277361576406992,0.0680429659558206,2.96820542999943,3.0280815537301,0.7807185978859797
H2-Q4,0.0245959967560709,0.2715886742433745,0.9563891533570436,0.0,28.148002942456085,29.789017309236247,0.0,0.32160873607786,0.7807185978859797
H2-Q6,0.0404794561132101,0.4257387557836288,1.0,-29.996579909676846,-0.549065332961588,0.4810403616630057,1.1093380353054498,0.6886856743158112,0.7807185978859797
H2-Q7,0.0649572649572649,0.4418026418026417,0.959129759129759,-0.1057754188758766,-0.0329005896347449,0.0264295372371585,2.579743528466625,2.5214040084536,0.7807185978859797
H2-T23,0.1033079701313654,0.6355065570939342,1.0,-1.1959772504446904,0.0134765819059769,0.8415587522811018,1.0517063148047634,1.0908577520235525,0.7807185978859797
H2-T22,0.0036662648517151,0.1119097370670114,0.8723144636484318,-0.0001222348239824,29.380072901603125,30.201813442950225,0.0,0.9752677638957434,0.7807185978859797
Gm42418,0.2786324786324786,0.7209013209013208,1.0,-0.0268659193710754,0.0281106515106057,0.0810331505090302,3.2688675683441226,3.338245124779584,0.7807185978859797
AY036118,0.2344988344988344,0.7209013209013208,1.0,-0.1336522679568506,-0.0142585822201508,0.1286750976179123,2.0429032526892072,2.0282034021923776,0.7807185978859797
Hsp90ab1,0.2344988344988344,0.7209013209013208,1.0,-0.078518578017908,0.0117743765584846,0.0963952917595939,2.5893763636582827,2.6134813518679554,0.7807185978859797
Tomm6,0.1219340474763394,0.5576726074341468,1.0,-3.375222129312632,-0.4207957055474093,0.7118211825144108,1.0936268523330177,0.802471779946855,0.7807185978859797
Satb1,0.0498834498834498,0.5053613053613053,1.0,-0.1031028353621583,0.0890403391774955,0.2557792595224798,1.9874457612699372,2.133869344098437,0.7807185978859797
Rab5a,0.0535024501087161,0.4065528520980866,1.0,-29.631948868770664,-27.58945480490416,0.0,0.2019544644126012,0.0,0.7807185978859797
Rpl36,0.2786324786324786,0.7209013209013208,1.0,-0.0588799832989073,-0.0030654459340122,0.0729726918864911,3.571167036970348,3.5565543857448225,0.7807185978859797
Ankrd12,0.0218998998316575,0.2690958710469373,0.957492737513927,-26.991435734820445,1.7137457561734617,30.27592534051022,0.2019544644126012,0.8340403905693187,0.7807185978859797
Tgif1,0.138207716780219,0.6978946698210747,1.0,-29.45738654524946,-0.5049190215074417,28.81457841415977,0.43486532585706,0.2625042909986975,0.7807185978859797
Myl12b,0.0029526029526029,0.0829836829836829,0.4433916083916068,-0.2980180392945817,-0.1709961152272064,-0.0378228383155025,2.022220095921813,1.795038021543096,0.7807185978859797
Myl12a,0.0104118104118104,0.0829836829836829,0.4295368450634365,-0.9426330755135158,-0.2722177389439394,-0.072698958789643,1.4671765631063851,1.22248288533535,0.7807185978859797
Smchd1,0.0513398264234592,0.5623719669710694,1.0,-1.152358591793129,-0.127236365924195,0.2705872657881174,1.1525168417473424,1.05468831480427,0.7807185978859797
Srsf7,0.0379176379176379,0.3282051282051281,0.959129759129759,-0.0355381223668389,0.1598506671091593,0.3411705921336056,1.31869127029138,1.4839611709596974,0.7807185978859797
Cox7a2l,0.2786324786324786,0.7922225271460549,1.0,-0.1257583974441166,-0.0242822245726174,0.0935644955250712,1.6533221273807324,1.62325483595385,0.8005610871836035
Zfp36l2,0.0281274281274281,0.2697960790058185,0.95799832386793,-0.021390168605038,0.2331372135369951,0.81451366351447,1.3074965206906235,1.5354891371714576,0.7807185978859797
Calm2,0.0649572649572649,0.5053613053613053,1.0,-0.2271742648362303,-0.0968000621119091,0.0703676871425897,1.673994748899685,1.5590334056774275,0.7807185978859797
Crem,0.3124941812371877,0.7791362111653477,1.0,-29.967877626478376,-0.3040800921092411,29.051127909760226,0.490677735919112,0.3056758861438375,0.8005610871836035
Zeb1,0.0399796029462569,0.1501208222419232,0.5576726074341468,-30.27030023878041,-1.9122619614455223,-0.2466318780023935,1.2338731196476362,0.32699277492812,0.7807185978859797
Kif5b,0.214946955169527,0.7090730856847203,1.0,-1.8691747336768436,0.1963232823692278,29.23398283679209,0.6562718021339371,0.77685259367188,0.7807185978859797
Wac,0.1454638334839635,0.7011912626598479,1.0,-29.00299881967329,-0.0834320349358445,29.279315073335813,0.5378283478320325,0.5114437871762687,0.7807185978859797
Rock1,0.1048554265260114,0.6453768453768453,1.0,-0.2887585510161121,-0.0180527964666469,0.2379711668096899,1.260495501720464,1.25739439305227,0.7807185978859797
Rnf125,0.0727843901281091,0.6025243523612969,1.0,-28.160426263519906,27.725535276616384,29.724755944049416,0.0,0.3478918607545125,0.7807185978859797
Matr3,0.1480106940237816,0.6854434826775221,1.0,-29.192033561231327,0.0,29.03217982712405,0.1334233310206662,0.0,0.7807185978859797
Paip2,0.0281274281274281,0.3175332377659033,0.959129759129759,-0.9257017136290844,-0.174756316948003,0.1629522234412572,1.2961410850461623,1.1749620023010037,0.7807185978859797
Ube2d2a,0.0641787341204117,0.4946375338526553,1.0,-29.93431554094757,-2.4790247067065034,28.02257510744117,0.5633407566499335,0.0,0.7807185978859797
Ndufa2,0.2257768083327037,0.7209013209013208,1.0,-0.3694103504018823,0.0616581021260293,0.2938990342516904,1.2375457298089176,1.3053884037655452,0.7807185978859797
Diaph1,0.0322773460947971,0.3654215579150202,1.0,-30.06607556378597,-27.90045423598516,27.668191327213407,0.5840745633629325,0.0,0.7807185978859797
Ndfip1,0.0498834498834498,0.5737373737373737,1.0,-0.2824801399250304,-0.0888470404076422,0.1377351348554838,1.6810163920599426,1.57524671711122,0.7807185978859797
Tnfaip8,0.3514015705829848,0.7898534698691263,1.0,-2.7723489718538006,0.1814531000006017,1.8481780521799245,0.677957169568721,0.8475925608256736,0.8005610871836035
Gramd3,0.0072324526252633,0.1889374480029941,0.9580911282267016,-1.2718009603180154,-0.282562006060471,0.0710460328655595,1.42226917189144,1.183938821497205,0.7807185978859797
Rps14,0.1048951048951048,0.5053613053613053,0.960151515151514,-0.015184435270559,0.0102471159784654,0.034460932555111,3.99245900822484,4.019177522330458,0.7807185978859797
Cd74,0.098376499171856,0.6662276454096188,1.0,-29.685764035856906,-0.1777976528301791,29.06184988282773,0.6999111580742041,0.5462235067644675,0.7807185978859797
Csnk1a1,0.023845234869951,0.3180689668505534,0.959129759129759,-1.1270798588962585,-0.1543227518183939,0.1100518275745086,1.25105951341504,1.1231313553288298,0.7807185978859797
Malt1,0.1221757823939265,0.7011912626598479,1.0,-1.4526795998830415,0.1364417183270732,2.376121525212632,0.7927830216608587,0.8910714672496176,0.7807185978859797
Sec11c,0.0218998998316575,0.1776874391005868,0.7011912626598479,-30.17582028351333,-29.429890973011787,-0.7316295129603947,1.0178495362210225,0.0,0.7807185978859797
Mbd2,0.0658678363072091,0.491634177169701,1.0,-2.13218854798397,-0.4000366853654354,0.69739503304054,1.181264638341365,0.8565503477094895,0.7807185978859797
Rpl17,0.0829836829836829,0.3822843822843822,0.959129759129759,-0.0075209856226815,0.0192109902114658,0.0482372299074353,4.0309525233292085,4.079309432915762,0.7807185978859797
Smad7,0.0127769927806435,0.2143384593166685,0.9450018303390728,-30.009405720214687,-28.34641009192434,0.0,0.341286968529565,0.0,0.7807185978859797
Ier3ip1,0.0324742023051655,0.2715886742433745,1.0,-28.589264332484277,-27.37630983286665,0.0,0.1742169586143537,0.0,0.7807185978859797
Atp5a1,0.0177903286236667,0.2268047955085498,0.9575006903366504,-30.044708426836596,-0.8439558822204534,0.1127944773334115,1.1432427468998352,0.61967815575884,0.7807185978859797
Cdk2ap2,0.0065616501031227,0.1311305028696508,0.8693781812977219,-30.232293727284127,-2.521699911734488,0.0963432875940742,1.1014442795881574,0.18725797015218,0.7807185978859797
Tmem134,0.0550010566151723,0.4077747606225913,1.0,-29.694033860523398,-27.769625223747685,0.0,0.2288179860358327,0.0,0.7807185978859797
Ptprcap,0.0037683700721513,0.0621104744239398,0.5630570125632647,-30.25965999512242,-1.9910297162753747,-0.0808428474441447,1.1735613241136775,0.2830607002264725,0.7807185978859797
Ppp1ca,0.0720770195258305,0.5576726074341468,1.0,-1.3195669554175666,-0.2243033600253344,0.827032287497009,1.17215905720832,0.9976089821357788,0.7807185978859797
Cfl1,0.0281274281274281,0.5737373737373737,1.0,-0.2139312622289726,-0.0768537935998658,0.0580492208657473,2.1890548651579462,2.069038713229315,0.7807185978859797
Malat1,0.1605283605283605,0.7209013209013208,1.0,-0.0241139900236087,0.0065318238531176,0.0363541093746291,5.547588892701285,5.576060185862238,0.7807185978859797
Fau,0.1605283605283605,0.6453768453768453,1.0,-0.0431903159067651,-0.0194380523651562,0.0038374407745124,4.449815907667353,4.39330742192236,0.7807185978859797
Trmt112,0.0702701306056764,0.2251143150648852,0.7495587827451977,-29.80868306900553,-28.08254286717392,0.0,0.2842416764923225,0.0,0.7807185978859797
Cox8a,0.0281274281274281,0.2786324786324786,0.959129759129759,-0.2428828252018444,-0.1035201039565993,0.0253583480484218,2.0787215467939046,1.9338386659264772,0.7807185978859797
Slc3a2,0.0892626890842453,0.5531274454486008,1.0,-1.8089128117419973,0.9536667436335556,29.967833347319413,0.359443072107405,0.6656648278380815,0.7807185978859797
Ubxn1,0.1388637976716842,0.6536395693173636,1.0,-29.769707008381907,-1.3051948234767978,27.725535276616384,0.5653120498253893,0.2219308937576587,0.7807185978859797
Eef1g,0.0053510343901815,0.0828964098822239,0.5967990595834041,-1.421372702999728,-0.3336158616720384,-0.0283232450968766,1.3962215260535424,1.13160720273437,0.7807185978859797
Ahnak,0.0892626890842453,0.559149911078411,1.0,-2.955247881632048,0.7664799216406398,29.836718807426244,0.4395319733664475,0.7281863864379775,0.7807185978859797
Fth1,0.2344988344988344,0.7209013209013208,1.0,-0.0698721605498283,-0.0162803449606826,0.0563597211873119,3.442557372727399,3.40240612137956,0.7807185978859797
Tmem258,0.0298406889515168,0.3050045206475589,1.0,-29.616938207589296,-27.72212218807716,27.668191327213407,0.2505380056201375,0.0,0.7807185978859797
Cd5,0.1221757823939265,0.6217687412649331,1.0,-1.6580679711433008,0.4762270842105937,29.79664373681696,0.7046318090691422,0.9722619282110876,0.7807185978859797
Cd6,0.1776874391005868,0.7101136277070772,1.0,-1.036495470130905,0.401552622671077,2.575766312515285,0.7705714082726476,1.0419846599827127,0.7807185978859797
AW112010,0.0069930069930069,0.1303807303807303,0.6453768453768453,-0.4393113399782659,-0.2602581140334334,-0.0184449076893465,2.2088006836098013,1.8248122869715,0.7807185978859797
Ms4a4b,0.1605283605283605,0.5737373737373737,1.0,-0.027505492660445,0.184524072088228,0.4341243780997263,1.5371318628956336,1.74402877769512,0.7807185978859797
Gm8369,0.1705220617263874,0.7111541697294341,1.0,-1.4864354865355756,-0.1214282903973565,1.2743552110784362,1.123362465176045,0.9815293533642434,0.7807185978859797
Ms4a6b,0.1025458809789091,0.5623719669710694,1.0,-0.0580250860154834,0.2746062234058286,0.9466522612951096,1.159765013176946,1.40933558220226,0.7807185978859797
Zfp91,0.1119097370670114,0.6217687412649331,1.0,-29.798802775886077,-1.7769152729202429,27.992427165335062,0.4704900447660032,0.1616135131783212,0.7807185978859797
Ostf1,0.0828964098822239,0.4305578876446536,0.959129759129759,-0.915879907938042,-0.1797044178672792,0.1892226373850802,1.56080107244751,1.404032051439045,0.7807185978859797
Jak2,0.0820772977283139,0.5465237317126098,1.0,-27.90045423598516,27.74287756812968,29.932841186667066,0.0,0.6941133567381872,0.7807185978859797
Tm9sf3,0.214946955169527,0.7723374412927804,1.0,-29.37529608374562,0.0,29.491749241005905,0.2841099192219975,0.2830607002264725,0.8005610871836035
Ndufb8,0.0128412623372195,0.2051138764162604,0.8484602097695688,-29.735821076185545,-28.04875566213756,0.0,0.27944327171261,0.0,0.7807185978859797
Atp5md,0.0513398264234592,0.3706183398171955,1.0,-1.7171808842919871,-0.3337612697475273,0.0979811477835788,1.3041517537975973,1.015844137987565,0.7807185978859797
Sfr1,0.2243131265111537,0.7011912626598479,1.0,-28.841436699363587,0.8493853196292332,29.20197306327676,0.0,0.2830607002264725,0.7807185978859797
Smc3,0.0324742023051655,0.0324742023051655,0.2143384593166685,0.0,27.55353961337334,28.729020911040006,0.0,0.1969889694273552,0.7807185978859797
Pdcd4,0.2575318164737318,0.7898534698691263,1.0,-1.442218446699553,0.1966461489148579,2.48620386166972,0.8012899395187827,0.925836566730025,0.8005610871836035
Ablim1,0.0235441024125527,0.1705610877239446,0.6217687412649331,-30.296601082287683,-29.61689805305521,-0.4849977342449179,1.191320307923412,0.0,0.7807185978859797
Eif3a,0.0485974356945255,0.3409871533819059,0.957492737513927,-1.4492821653895096,-0.4221153387774704,-0.020448435471172,1.3552965544437026,1.018462556091055,0.7807185978859797
Rbm3,0.0281274281274281,0.1303807303807303,0.3822843822843822,0.0715794524734593,0.1334278622022762,0.1960461573168439,2.0625010644006125,2.260782974127097,0.7807185978859797
Ndufb11,0.0503082027202481,0.4295368450634365,1.0,-29.905157950307437,-0.3523087916991437,0.509719569624915,1.0801063002396425,0.8134550881257463,0.7807185978859797
Slc25a5,0.0379176379176379,0.3282051282051281,0.959129759129759,-0.7499449117010568,-0.2051253830832476,0.0222762550188272,1.355963183861235,1.1704824830706,0.7807185978859797
Rpl39,0.2786324786324786,0.7209013209013208,1.0,-0.0143756047477647,0.0233741831163844,0.0653383635543559,4.045570737916959,4.1110111303799926,0.7807185978859797
Ndufa1,0.059093020192159,0.6275008061114353,1.0,-29.445340475695502,0.2325964585057402,29.983337051583728,0.6343538541253293,0.7883741347299212,0.7807185978859797
Sh2d1a,0.0763579530426833,0.6136987693023748,1.0,-29.24116428620885,0.1066939492308384,29.658473216922395,0.221406476276877,0.3303564835006325,0.7807185978859797
Ssr4,0.0904879299312675,0.4295368450634365,1.0,-2.118102426774969,-0.2000492737497552,0.1436463012655285,1.213417865369765,1.0613710484942849,0.7807185978859797
Rpl10,0.0147630147630147,0.2786324786324786,0.959129759129759,-0.0887387621653714,-0.0419379174331309,0.0075645924877853,3.15039241628119,3.05757786289873,0.7807185978859797
Msn,0.0069930069930069,0.0829836829836829,0.50680818840585,-0.5312328327318571,-0.2262371941202295,0.0045099643324586,1.6539513086031188,1.4097835478326477,0.7807185978859797
Il2rg,0.1605283605283605,0.7123816042098661,1.0,-0.2437321068694101,0.006083187336196,0.3724547686369051,1.2815071483125524,1.2815110448028175,0.7807185978859797
Ogt,0.0485974356945255,0.397321419035571,1.0,-29.98647069938009,-0.6144253080426391,0.7938740356982912,1.065313903992103,0.662843333011935,0.7807185978859797
Rps4x,0.0649572649572649,0.3822843822843822,0.959129759129759,-0.0090935696710684,0.0275149907527792,0.0724247594196609,3.830251284159865,3.90038697381244,0.7807185978859797
Xist,0.1048951048951048,0.5737373737373737,1.0,-0.0451467515457048,0.0438309322743126,0.1426000513345356,2.5555551666196075,2.63090027593894,0.7807185978859797
Atrx,0.0522595003179697,0.4323095522662977,1.0,-30.11858515987205,-1.8372864942734453,1.678762623462011,0.7609385347646143,0.2219308937576587,0.7807185978859797
Cox7b,0.0135184698402608,0.2257768083327037,1.0,-1.265902728288672,-0.1743887521728671,0.0902073534452853,1.333727289962105,1.18030395459996,0.7807185978859797
Pgk1,0.0287082281575455,0.2243131265111537,0.8621866944007625,-30.079745176854708,-29.25839023562525,0.0,0.6448529635415454,0.0,0.7807185978859797
P2ry10,0.0513398264234592,0.3706183398171955,0.95799832386793,-0.2120994711443037,0.3555438077016086,1.3094277932467584,0.9576797804492138,1.2427090574955977,0.7807185978859797
Rpl36a,0.0825330225330225,0.3282051282051281,0.6472649572649555,0.0611166660612931,0.1069250276256339,0.1620779405617897,2.7010905633096525,2.911113263484117,0.7807185978859797
Sh3kbp1,0.0590766031498228,0.5244497218060842,1.0,-29.84629172592518,-2.056553719204186,28.088396554102964,0.4176650075129887,0.0,0.7807185978859797
Tmsb4x,0.1605283605283605,0.7209013209013208,1.0,-0.0611169364498954,0.0022050639311704,0.0480641990588787,4.702612915811701,4.72172009933194,0.7807185978859797
Gm47283,0.1419908466507321,0.6293010994055783,1.0,-28.623889447803112,0.6422727701242298,29.472825440667183,0.0,0.28951289341861,0.7807185978859797
mt-Nd1,0.0206682206682206,0.1948717948717948,0.7984459984459983,-0.0002455827873182,0.0667771190933386,0.1343122908110361,2.6793821934854725,2.8041277493903025,0.7807185978859797
mt-Nd2,0.0018648018648018,0.0498834498834498,0.3822843822843822,0.037149529481486,0.1143980017275829,0.1930866809440851,2.54029615044451,2.741322211066535,0.7807185978859797
mt-Co1,0.1303807303807303,0.7209013209013208,1.0,-0.0260092677150454,0.0021439224547868,0.0402524005065852,4.1308769138575805,4.129817546442535,0.7807185978859797
mt-Co2,0.3282051282051281,0.7984459984459983,1.0,-0.0249494570459436,0.0031951621519721,0.0347548412100482,4.074439768730051,4.082886860549809,0.8005610871836035
mt-Atp6,0.0206682206682206,0.1605283605283605,0.7209013209013208,0.0026743797436413,0.0344931547720204,0.075173224847286,4.285558459865412,4.3860389198133305,0.7807185978859797
mt-Co3,0.0069930069930069,0.0829836829836829,0.5053613053613053,0.0140207471259624,0.0442507552710036,0.0700282802922982,3.92787417045084,4.049040961003462,0.7807185978859797
mt-Nd3,0.0518440904444786,0.461920478323797,1.0,-0.1828522153907707,0.1578977668820449,0.7447507738529542,1.117957249897465,1.24121936811089,0.7807185978859797
mt-Nd4l,0.1221757823939265,0.6662276454096188,1.0,-1.6845381465769662,0.5112217450121448,29.567187761688164,0.621045183330297,0.89981185240928,0.7807185978859797
mt-Nd4,0.0649572649572649,0.5053613053613053,1.0,-0.0272643236103118,0.0331051336670185,0.094303869778158,2.711299824247535,2.77647500104669,0.7807185978859797
mt-Nd5,0.0649572649572649,0.4418026418026417,0.959129759129759,-0.0842493488160321,0.1018272339465095,0.2808456810113905,1.48063326935758,1.5942281597371477,0.7807185978859797
mt-Cytb,0.1048951048951048,0.5737373737373737,1.0,-0.0260284082411362,0.0159879006001072,0.055042345498099,3.18411701563111,3.220633731049868,0.7807185978859797
